Div,Date,HomeTeam,AwayTeam,FTHG,FTAG,FTR,HTHG,HTAG,HTR,Referee,HS,AS,HST,AST,HF,AF,HC,AC,HY,AY,HR,AR,B365H,B365D,B365A,BWH,BWD,BWA,LBH,LBD,LBA,Season,HomeValue,AwayValue,VCH,VCD,VCA
SC0,30/07/2005,Dundee United,Aberdeen,1,1,D,1,0,H,D McDonald,4,16,3,7,10,7,7,5,1,0,0,0,2.5,3.2,2.5,2.45,3.1,2.65,2.4,3.25,2.5,2005/6,€9.25m,€6.45m,2.6,3.2,2.4
SC0,30/07/2005,Falkirk,Inverness C,0,2,A,0,0,D,J Underhill,9,8,6,2,11,12,6,1,0,3,0,0,2.37,3.2,2.62,2.4,3.1,2.7,2.38,3.2,2.6,2005/6,€8.08m,€8.05m,2.4,3.2,2.6
SC0,30/07/2005,Hibernian,Dunfermline,1,1,D,0,1,A,C Richmond,12,9,5,6,7,19,6,3,2,3,1,0,1.61,3.4,5.0,1.5,3.5,6.25,1.62,3.5,4.5,2005/6,€17.43m,€8.43m,1.6,3.4,5.0
SC0,30/07/2005,Kilmarnock,Hearts,2,4,A,1,1,D,A Freeland,4,11,2,10,27,19,1,8,5,1,0,0,2.62,3.2,2.37,2.3,3.1,2.8,2.38,3.2,2.6,2005/6,€6.33m,€30.53m,2.5,3.2,2.5
SC0,30/07/2005,Motherwell,Celtic,4,4,D,1,3,A,M McCurry,11,10,6,9,20,19,1,5,2,2,0,0,7.5,4.0,1.44,9.0,5.0,1.25,8.0,4.33,1.3,2005/6,€9.18m,€72.83m,8.0,4.5,1.3
SC0,31/07/2005,Rangers,Livingston,3,0,H,1,0,H,C Thomson,18,6,12,1,14,20,10,3,0,2,0,1,1.14,6.5,21.0,1.08,9.0,13.0,1.1,6.5,17.0,2005/6,€77.98m,€10.08m,1.14,6.0,13.0
SC0,06/08/2005,Aberdeen,Kilmarnock,1,2,A,1,1,D,I Fyfe,8,7,4,3,14,20,9,1,1,1,0,0,1.66,3.6,4.33,1.65,3.5,4.5,1.67,3.4,4.33,2005/6,€6.45m,€6.33m,1.65,3.4,4.5
SC0,06/08/2005,Celtic,Dundee United,2,0,H,1,0,H,Ian Brines,19,4,11,3,14,7,9,3,1,2,0,0,1.22,5.5,9.5,1.25,5.0,9.0,1.29,4.5,8.0,2005/6,€72.83m,€9.25m,1.22,5.5,8.5
SC0,06/08/2005,Inverness C,Rangers,0,1,A,0,0,D,C Murray,14,14,5,6,13,16,7,7,1,4,0,0,8.0,5.5,1.25,10.5,5.5,1.2,10.0,4.5,1.25,2005/6,€8.05m,€77.98m,8.5,5.0,1.25
SC0,06/08/2005,Livingston,Falkirk,0,2,A,0,1,A,E Smith,9,11,3,7,17,12,6,4,3,0,0,0,2.0,3.4,3.25,1.9,3.2,3.65,1.91,3.25,3.4,2005/6,€10.08m,€8.08m,1.9,3.25,3.5
SC0,06/08/2005,Motherwell,Dunfermline,1,0,H,0,0,D,S Conroy,15,7,7,3,13,11,7,0,1,1,0,1,1.8,3.3,4.0,1.7,3.3,4.5,1.8,3.25,3.75,2005/6,€9.18m,€8.43m,1.8,3.25,4.0
SC0,07/08/2005,Hearts,Hibernian,4,0,H,1,0,H,S Dougal,11,4,5,1,21,19,12,2,2,3,0,0,2.2,3.2,3.25,2.2,3.2,2.9,2.2,3.2,2.8,2005/6,€30.53m,€17.43m,2.1,3.1,3.2
SC0,13/08/2005,Celtic,Falkirk,3,1,H,0,1,A,A Freeland,13,5,8,1,9,13,10,0,1,3,0,0,1.11,7.0,13.0,1.12,6.5,15.0,1.12,6.5,12.0,2005/6,€72.83m,€8.08m,1.1,7.5,17.0
SC0,13/08/2005,Dunfermline,Inverness C,0,1,A,0,1,A,C Thompson,9,6,4,3,11,12,11,3,1,3,0,0,2.3,3.2,2.7,2.1,3.25,3.05,2.2,3.25,2.75,2005/6,€8.43m,€8.05m,2.25,3.25,2.75
SC0,13/08/2005,Hibernian,Livingston,3,0,H,2,0,H,K Turner,10,9,7,1,9,16,7,5,0,5,0,0,1.57,3.4,5.5,1.65,3.5,4.5,1.67,3.4,4.33,2005/6,€17.43m,€10.08m,1.65,3.4,4.5
SC0,13/08/2005,Kilmarnock,Motherwell,4,1,H,2,1,H,D McDonald,9,8,6,4,17,14,4,6,0,3,0,0,2.25,3.25,2.75,2.2,3.2,2.9,2.0,3.2,3.2,2005/6,€6.33m,€9.18m,2.1,3.25,3.0
SC0,14/08/2005,Aberdeen,Rangers,3,2,H,2,1,H,J Underhill,3,7,3,2,11,19,4,3,2,4,0,1,7.5,4.33,1.4,7.25,4.5,1.33,7.0,4.0,1.36,2005/6,€6.45m,€77.98m,7.5,4.0,1.35
SC0,14/08/2005,Dundee United,Hearts,0,3,A,0,2,A,C Richmond,13,19,6,11,14,23,8,8,4,3,0,0,3.0,3.4,2.1,2.9,3.2,2.2,2.62,3.4,2.25,2005/6,€9.25m,€30.53m,2.8,3.25,2.2
SC0,20/08/2005,Falkirk,Hibernian,0,2,A,0,1,A,B Winter,18,12,7,7,13,15,9,5,3,2,0,0,3.1,3.25,2.1,2.9,3.2,2.2,2.75,3.25,2.2,2005/6,€8.08m,€17.43m,2.8,3.25,2.2
SC0,20/08/2005,Hearts,Aberdeen,2,0,H,1,0,H,M McCurry,14,5,7,4,16,10,2,3,1,2,0,0,1.66,3.5,4.5,1.75,3.3,4.2,1.73,3.4,4.0,2005/6,€30.53m,€6.45m,1.6,3.4,5.0
SC0,20/08/2005,Inverness C,Kilmarnock,2,2,D,1,0,H,I Brines,11,8,6,4,9,16,6,7,2,0,0,0,2.2,3.2,3.0,2.45,3.2,2.55,2.25,3.4,2.6,2005/6,€8.05m,€6.33m,2.3,3.2,2.7
SC0,20/08/2005,Livingston,Dunfermline,1,1,D,0,1,A,C Murray,7,6,4,3,12,13,7,8,3,2,0,0,2.3,3.25,2.75,2.2,3.2,2.9,2.2,3.25,2.75,2005/6,€10.08m,€8.43m,2.25,3.25,2.75
SC0,20/08/2005,Motherwell,Dundee United,4,5,A,2,1,H,M Ritchie,12,12,10,7,13,9,7,5,2,2,0,0,2.0,3.25,3.4,1.9,3.25,3.6,2.0,3.4,3.0,2005/6,€9.18m,€9.25m,1.9,3.4,3.4
SC0,20/08/2005,Rangers,Celtic,3,1,H,1,0,H,S Dougal,14,6,9,2,20,9,6,3,3,2,0,1,2.2,3.2,3.25,2.25,3.2,2.8,2.1,3.2,3.0,2005/6,€77.98m,€72.83m,2.0,3.25,3.25
SC0,27/08/2005,Aberdeen,Falkirk,3,0,H,3,0,H,S Conroy,11,8,5,2,6,9,6,4,0,2,0,0,1.53,3.5,6.0,1.6,3.6,4.75,1.57,3.5,5.0,2005/6,€6.45m,€8.08m,1.53,3.4,6.0
SC0,27/08/2005,Hearts,Motherwell,2,1,H,1,0,H,C Thomson,13,11,7,4,18,17,7,2,0,1,0,0,1.44,3.75,7.0,1.45,3.7,6.5,1.4,4.0,6.5,2005/6,€30.53m,€9.18m,1.35,4.0,7.5
SC0,27/08/2005,Kilmarnock,Livingston,3,0,H,3,0,H,M McCurry,15,5,7,3,11,12,13,6,1,2,0,0,1.66,3.5,4.5,1.65,3.5,4.5,1.62,3.5,4.5,2005/6,€6.33m,€10.08m,1.6,3.4,5.0
SC0,27/08/2005,Rangers,Hibernian,0,3,A,0,0,D,I Brines,15,6,6,5,13,12,5,3,0,1,0,0,1.2,5.5,11.0,1.12,6.5,15.0,1.2,5.0,11.0,2005/6,€77.98m,€17.43m,1.18,5.5,11.0
SC0,28/08/2005,Dundee United,Inverness C,1,1,D,0,0,D,E Smith,11,12,7,7,11,11,6,12,2,2,0,0,1.9,3.4,3.5,2.3,3.2,2.75,1.91,3.4,3.25,2005/6,€9.25m,€8.05m,2.1,3.25,3.0
SC0,28/08/2005,Dunfermline,Celtic,0,4,A,0,2,A,K Clark,9,11,6,6,17,13,10,0,1,0,0,0,9.5,4.5,1.33,9.0,5.0,1.25,9.0,4.33,1.29,2005/6,€8.43m,€72.83m,9.0,4.5,1.28
SC0,10/09/2005,Celtic,Aberdeen,2,0,H,1,0,H,C Richmond,8,2,4,0,4,11,7,2,0,1,0,0,1.25,5.0,9.5,1.2,5.5,10.5,1.22,5.0,10.0,2005/6,€72.83m,€6.45m,1.25,5.0,8.5
SC0,10/09/2005,Falkirk,Rangers,1,1,D,0,1,A,C MacKay,6,12,2,6,24,20,3,5,2,2,0,0,9.5,5.0,1.25,12.0,5.5,1.18,10.0,5.0,1.22,2005/6,€8.08m,€77.98m,10.0,5.5,1.2
SC0,10/09/2005,Hibernian,Dundee United,2,1,H,1,1,D,K Clark,12,11,5,6,9,16,2,3,1,5,0,0,1.61,3.5,5.0,1.7,3.3,4.5,1.67,3.4,4.33,2005/6,€17.43m,€9.25m,1.6,3.4,5.0
SC0,10/09/2005,Inverness C,Motherwell,1,2,A,1,0,H,I Fife,10,16,5,9,19,14,6,6,2,1,0,0,2.1,3.2,3.2,2.1,3.2,3.1,2.1,3.2,3.0,2005/6,€8.05m,€9.18m,1.9,3.25,3.5
SC0,10/09/2005,Kilmarnock,Dunfermline,3,2,H,2,1,H,B Winter,18,8,9,5,13,14,10,2,0,1,0,0,1.66,3.5,4.5,1.7,3.3,4.5,1.57,3.5,5.0,2005/6,€6.33m,€8.43m,1.6,3.4,5.0
SC0,11/09/2005,Livingston,Hearts,1,4,A,1,3,A,Douglas McDonald,8,6,6,4,26,16,5,5,3,1,0,0,6.0,3.6,1.57,5.5,3.5,1.55,5.0,3.5,1.57,2005/6,€10.08m,€30.53m,6.0,3.6,1.5
SC0,17/09/2005,Dundee United,Livingston,2,0,H,1,0,H,A Freeland,16,7,7,2,14,16,8,5,1,1,0,0,1.66,3.25,5.0,1.7,3.4,4.35,1.67,3.4,4.33,2005/6,€9.25m,€10.08m,1.75,3.25,4.35
SC0,17/09/2005,Dunfermline,Aberdeen,0,2,A,0,2,A,I Brines,9,10,7,5,19,16,6,3,0,1,0,0,2.62,3.25,2.37,2.7,3.15,2.35,2.75,3.2,2.25,2005/6,€8.43m,€6.45m,2.8,3.2,2.25
SC0,17/09/2005,Inverness C,Hearts,0,1,A,0,1,A,M McCurry,3,6,1,4,18,11,5,10,2,1,0,0,6.0,3.5,1.53,5.2,3.55,1.55,5.0,3.5,1.57,2005/6,€8.05m,€30.53m,5.0,3.6,1.55
SC0,17/09/2005,Motherwell,Falkirk,5,0,H,2,0,H,J Underhill,16,8,8,4,6,14,8,5,0,2,0,0,1.66,3.5,4.5,1.75,3.4,4.1,1.73,3.4,4.0,2005/6,€9.18m,€8.08m,1.75,3.25,4.35
SC0,17/09/2005,Rangers,Kilmarnock,3,0,H,1,0,H,C Murray,9,7,5,1,9,16,9,2,0,1,0,0,1.25,4.5,12.0,1.2,5.5,10.5,1.29,4.5,8.0,2005/6,€77.98m,€6.33m,1.2,5.5,10.0
SC0,18/09/2005,Hibernian,Celtic,0,1,A,0,1,A,Craig Thomson,8,8,5,6,16,11,3,3,1,3,0,0,7.0,3.75,1.44,6.75,4.0,1.4,6.0,3.4,1.5,2005/6,€17.43m,€72.83m,6.0,3.6,1.5
SC0,24/09/2005,Aberdeen,Livingston,0,0,D,0,0,D,E Smith,8,4,6,2,5,17,9,1,0,3,0,0,1.4,3.75,8.0,1.45,3.7,6.25,1.33,4.0,8.0,2005/6,€6.45m,€10.08m,1.4,3.75,7.0
SC0,24/09/2005,Celtic,Inverness C,2,1,H,0,0,D,S Conroy,15,6,10,3,5,10,6,3,0,1,0,0,1.16,6.0,13.0,1.15,6.5,11.0,1.14,6.0,12.0,2005/6,€72.83m,€8.05m,1.17,6.5,10.0
SC0,24/09/2005,Dunfermline,Dundee United,2,1,H,0,1,A,Stuart Dougal,9,9,3,4,12,16,7,6,1,2,0,0,2.62,3.25,2.37,2.6,3.2,2.4,2.5,3.25,2.4,2005/6,€8.43m,€9.25m,2.5,3.2,2.5
SC0,24/09/2005,Hearts,Rangers,1,0,H,1,0,H,K Clark,9,11,4,7,16,29,2,2,2,2,0,0,2.8,3.25,2.4,2.9,3.2,2.2,2.8,3.2,2.2,2005/6,€30.53m,€77.98m,2.75,3.25,2.25
SC0,24/09/2005,Kilmarnock,Falkirk,1,1,D,1,1,D,C Richmond,14,10,6,4,14,15,8,6,1,3,0,0,1.57,3.5,5.5,1.5,3.6,6.0,1.5,3.4,6.0,2005/6,€6.33m,€8.08m,1.55,3.4,5.5
SC0,24/09/2005,Motherwell,Hibernian,1,3,A,0,1,A,D McDonald,9,11,6,8,20,10,1,8,4,2,0,0,2.5,3.25,2.5,2.4,3.2,2.6,2.5,3.2,2.5,2005/6,€9.18m,€17.43m,2.5,3.2,2.5
SC0,01/10/2005,Aberdeen,Motherwell,2,2,D,0,0,D,C Thompson,6,7,3,5,8,11,5,6,2,0,1,0,1.8,3.2,4.33,1.9,3.3,3.55,1.73,3.2,4.33,2005/6,€6.45m,€9.18m,1.8,3.25,4.0
SC0,01/10/2005,Dundee United,Kilmarnock,0,0,D,0,0,D,C MacKay,8,14,4,6,13,17,9,14,2,1,0,0,2.37,3.25,2.75,2.35,3.2,2.7,2.6,3.2,2.38,2005/6,€9.25m,€6.33m,2.3,3.25,2.7
SC0,01/10/2005,Livingston,Celtic,0,5,A,0,2,A,M McCurry,6,16,2,13,15,3,9,7,1,0,0,0,10.0,5.5,1.22,10.5,5.5,1.2,11.0,5.0,1.2,2005/6,€10.08m,€72.83m,10.0,5.5,1.2
SC0,01/10/2005,Rangers,Dunfermline,5,1,H,2,0,H,J Underhill,12,3,7,2,9,16,5,1,0,2,0,0,1.16,6.0,13.0,1.18,5.5,12.0,1.14,6.0,12.0,2005/6,€77.98m,€8.43m,1.14,6.5,11.0
SC0,02/10/2005,Falkirk,Hearts,2,2,D,1,0,H,I Brines,8,3,3,1,17,14,2,4,2,1,0,1,7.5,4.33,1.4,6.75,4.0,1.4,8.0,4.0,1.33,2005/6,€8.08m,€30.53m,7.5,4.0,1.35
SC0,02/10/2005,Hibernian,Inverness C,1,2,A,0,0,D,B Winter,12,13,4,9,4,16,11,4,1,2,0,1,1.57,3.6,5.5,1.6,3.5,5.0,1.53,3.5,5.5,2005/6,€17.43m,€8.05m,1.55,3.4,5.5
SC0,15/10/2005,Celtic,Hearts,1,1,D,1,1,D,D McDonald,14,7,7,4,17,19,10,3,2,3,0,0,1.53,3.5,6.0,1.55,3.6,5.3,1.57,3.5,5.0,2005/6,€72.83m,€30.53m,1.6,3.6,4.5
SC0,15/10/2005,Dunfermline,Falkirk,0,1,A,0,1,A,K Clark,16,7,6,4,13,23,16,5,2,2,0,1,2.1,3.2,3.2,2.1,3.2,3.1,2.1,3.2,3.0,2005/6,€8.43m,€8.08m,2.2,3.25,2.8
SC0,15/10/2005,Hibernian,Kilmarnock,4,2,H,0,2,A,A Freeland,14,4,11,3,13,16,7,4,4,3,0,0,1.72,3.4,4.33,1.85,3.45,3.55,1.8,3.25,3.75,2005/6,€17.43m,€6.33m,1.85,3.25,3.75
SC0,15/10/2005,Inverness C,Aberdeen,1,1,D,0,0,D,S Dougal,7,10,5,4,17,12,1,3,3,0,0,0,2.2,3.25,2.8,2.45,3.2,2.55,2.6,3.2,2.38,2005/6,€8.05m,€6.45m,2.35,3.2,2.65
SC0,15/10/2005,Motherwell,Livingston,1,0,H,1,0,H,I Fyfe,8,10,4,3,16,24,7,3,1,3,0,0,1.53,3.5,6.0,1.5,3.6,6.0,1.53,3.75,5.0,2005/6,€9.18m,€10.08m,1.5,3.6,6.0
SC0,16/10/2005,Dundee United,Rangers,0,0,D,0,0,D,C Richmond,11,11,6,6,17,15,3,9,2,1,0,1,7.5,4.33,1.4,8.5,4.5,1.3,8.0,3.75,1.36,2005/6,€9.25m,€77.98m,8.5,4.35,1.3
SC0,22/10/2005,Aberdeen,Hibernian,0,1,A,0,0,D,M McCurry,7,5,3,2,12,16,5,3,2,2,0,0,2.25,3.25,2.8,2.4,3.2,2.6,2.25,3.2,2.75,2005/6,€6.45m,€17.43m,2.25,3.25,2.75
SC0,22/10/2005,Falkirk,Dundee United,1,3,A,1,0,H,E Smith,10,16,5,9,15,13,2,8,3,3,0,0,2.25,3.25,2.8,2.25,3.2,2.8,2.38,3.2,2.6,2005/6,€8.08m,€9.25m,2.2,3.25,2.8
SC0,22/10/2005,Hearts,Dunfermline,2,0,H,2,0,H,C Murray,17,8,8,2,15,17,5,4,0,2,1,0,1.22,5.0,11.0,1.25,5.0,8.75,1.17,5.5,12.0,2005/6,€30.53m,€8.43m,1.2,5.5,10.0
SC0,22/10/2005,Livingston,Inverness C,1,1,D,1,0,H,M Ritchie,10,13,4,5,18,10,8,4,3,1,0,0,2.62,3.25,2.4,2.8,3.2,2.25,2.75,3.25,2.2,2005/6,€10.08m,€8.05m,2.8,3.2,2.25
SC0,22/10/2005,Rangers,Motherwell,2,0,H,1,0,H,S Conroy,12,9,6,3,6,14,6,4,0,0,0,0,1.22,5.0,11.0,1.22,5.5,9.0,1.22,5.0,10.0,2005/6,€77.98m,€9.18m,1.22,5.0,10.0
SC0,23/10/2005,Kilmarnock,Celtic,0,1,A,0,1,A,I Brines,7,9,3,1,18,11,9,4,1,1,0,0,9.5,4.5,1.33,8.5,4.75,1.28,8.0,4.0,1.33,2005/6,€6.33m,€72.83m,10.0,4.0,1.3
SC0,25/10/2005,Aberdeen,Dundee United,2,0,H,2,0,H,C Murray,8,4,4,2,9,11,5,7,1,1,0,0,1.9,3.25,3.5,1.9,3.2,3.65,1.91,3.25,3.4,2005/6,€6.45m,€9.25m,2.0,3.25,3.25
SC0,26/10/2005,Celtic,Motherwell,5,0,H,3,0,H,C Richmond,8,1,6,0,5,12,5,6,0,4,0,0,1.2,5.5,10.0,1.18,5.5,12.0,1.17,5.5,12.0,2005/6,€72.83m,€9.18m,1.2,5.5,10.0
SC0,26/10/2005,Dunfermline,Hibernian,1,2,A,0,0,D,C MacKay,9,14,5,6,13,10,6,9,1,1,1,0,3.5,3.25,1.9,3.65,3.2,1.9,3.5,3.4,1.83,2005/6,€8.43m,€17.43m,3.5,3.25,1.9
SC0,26/10/2005,Hearts,Kilmarnock,1,0,H,1,0,H,S Dougal,9,7,9,7,11,17,11,4,0,0,0,0,1.4,4.0,6.5,1.35,4.4,6.85,1.29,4.5,8.0,2005/6,€30.53m,€6.33m,1.3,4.5,8.0
SC0,26/10/2005,Inverness C,Falkirk,0,3,A,0,1,A,D McDonald,11,11,2,8,14,11,2,5,0,1,0,0,1.8,3.3,4.0,1.8,3.4,3.8,1.73,3.5,3.75,2005/6,€8.05m,€8.08m,1.85,3.4,3.6
SC0,26/10/2005,Livingston,Rangers,2,2,D,0,1,A,C Thomson,6,12,5,7,13,11,3,12,2,2,0,0,10.0,5.5,1.2,13.0,6.0,1.15,11.0,5.0,1.2,2005/6,€10.08m,€77.98m,10.0,5.0,1.22
SC0,29/10/2005,Dunfermline,Motherwell,0,3,A,0,0,D,M McCurry,12,12,5,8,3,12,4,5,0,0,0,0,2.87,3.25,2.25,2.8,3.2,2.25,2.75,3.2,2.25,2005/6,€8.43m,€9.18m,2.7,3.25,2.3
SC0,29/10/2005,Falkirk,Livingston,1,1,D,1,0,H,B Winter,13,6,6,4,12,11,6,3,1,2,0,0,2.0,3.2,3.4,1.85,3.3,3.75,1.8,3.25,3.75,2005/6,€8.08m,€10.08m,1.8,3.25,4.0
SC0,29/10/2005,Hibernian,Hearts,2,0,H,0,0,D,J Underhill,13,6,3,4,16,23,7,5,0,5,0,1,3.2,3.2,2.1,3.1,3.2,2.1,3.0,3.2,2.1,2005/6,€17.43m,€30.53m,3.25,3.25,2.0
SC0,29/10/2005,Kilmarnock,Aberdeen,4,2,H,2,1,H,K Toner,9,10,6,5,21,10,3,6,2,2,0,0,2.3,3.2,2.8,2.1,3.2,3.1,2.1,3.2,3.0,2005/6,€6.33m,€6.45m,2.2,3.25,2.8
SC0,29/10/2005,Rangers,Inverness C,1,1,D,0,1,A,I Brines,18,5,10,2,10,13,18,1,3,4,0,1,1.22,5.0,12.0,1.2,5.5,10.5,1.17,5.5,12.0,2005/6,€77.98m,€8.05m,1.2,6.0,9.0
SC0,30/10/2005,Dundee United,Celtic,2,4,A,2,3,A,A Freeland,4,14,1,9,12,14,7,10,0,1,0,0,8.0,4.0,1.36,8.75,5.0,1.25,8.0,4.0,1.33,2005/6,€9.25m,€72.83m,8.5,4.5,1.28
SC0,05/11/2005,Hearts,Dundee United,3,0,H,2,0,H,C Thomson,19,9,12,3,17,17,11,2,1,1,0,0,1.36,3.75,9.5,1.3,4.95,7.2,1.33,4.0,8.0,2005/6,€30.53m,€9.25m,1.3,4.35,8.5
SC0,05/11/2005,Inverness C,Dunfermline,2,1,H,2,0,H,C Richmond,10,3,7,1,13,13,7,2,2,2,0,0,1.61,3.5,5.0,1.75,3.4,4.1,1.67,3.25,4.5,2005/6,€8.05m,€8.43m,1.73,3.25,4.35
SC0,05/11/2005,Livingston,Hibernian,1,2,A,1,0,H,D McDonald,13,18,4,9,11,11,5,9,3,0,0,0,4.5,3.5,1.66,4.6,3.45,1.65,4.5,3.5,1.62,2005/6,€10.08m,€17.43m,4.5,3.4,1.65
SC0,05/11/2005,Motherwell,Kilmarnock,2,2,D,1,1,D,K Clark,9,8,6,6,15,15,4,8,1,3,0,0,2.1,3.2,3.2,2.15,3.2,3.0,2.25,3.2,2.75,2005/6,€9.18m,€6.33m,2.2,3.25,2.8
SC0,05/11/2005,Rangers,Aberdeen,0,0,D,0,0,D,S Dougal,26,3,9,1,15,9,11,2,1,1,0,0,1.33,4.33,8.0,1.25,5.0,8.75,1.29,4.5,8.0,2005/6,€77.98m,€6.45m,1.33,4.35,7.5
SC0,06/11/2005,Falkirk,Celtic,0,3,A,0,2,A,C Murray,3,12,1,7,16,11,4,4,2,1,0,0,11.0,5.5,1.25,10.5,5.5,1.2,10.0,4.5,1.25,2005/6,€8.08m,€72.83m,8.5,5.0,1.25
SC0,19/11/2005,Celtic,Rangers,3,0,H,1,0,H,D McDonald,3,11,2,4,12,10,3,4,2,2,0,0,1.8,3.3,4.5,1.8,3.3,4.15,1.73,3.2,4.33,2005/6,€72.83m,€77.98m,1.8,3.25,4.0
SC0,19/11/2005,Dundee United,Motherwell,1,1,D,0,0,D,M McCurry,16,12,11,7,16,18,9,5,2,1,1,0,2.3,3.25,2.75,2.2,3.2,2.9,2.25,3.2,2.75,2005/6,€9.25m,€9.18m,2.3,3.2,2.7
SC0,19/11/2005,Dunfermline,Livingston,0,1,A,0,0,D,K Clark,6,8,2,3,11,14,3,6,0,1,0,0,1.9,3.25,3.6,1.9,3.3,3.6,2.1,3.2,3.0,2005/6,€8.43m,€10.08m,2.1,3.25,3.0
SC0,19/11/2005,Hibernian,Falkirk,2,3,A,2,0,H,S Conroy,17,15,9,6,10,14,7,4,1,3,0,0,1.4,4.0,7.0,1.5,3.6,6.0,1.4,3.75,7.0,2005/6,€17.43m,€8.08m,1.45,3.75,6.5
SC0,19/11/2005,Kilmarnock,Inverness C,2,2,D,0,1,A,A Freeland,7,9,6,3,16,10,4,8,0,1,0,0,1.8,3.3,4.0,1.85,3.3,3.75,1.73,3.2,4.33,2005/6,€6.33m,€8.05m,1.9,3.25,3.5
SC0,20/11/2005,Aberdeen,Hearts,1,1,D,1,0,H,C Thomson,7,8,3,5,22,19,2,3,5,1,0,0,4.0,3.25,1.9,3.4,3.3,1.95,3.75,3.25,1.8,2005/6,€6.45m,€30.53m,3.75,3.4,1.8
SC0,26/11/2005,Celtic,Dunfermline,0,1,A,0,1,A,C MacKay,8,3,2,2,10,6,6,4,0,0,0,0,1.1,7.5,17.0,1.1,7.0,17.0,1.1,6.5,17.0,2005/6,€72.83m,€8.43m,1.11,6.5,17.0
SC0,26/11/2005,Falkirk,Aberdeen,1,2,A,0,1,A,J Underhill,7,5,4,2,6,11,3,4,0,3,0,0,2.5,3.25,2.5,2.4,3.2,2.6,2.25,3.2,2.75,2005/6,€8.08m,€6.45m,2.35,3.2,2.65
SC0,26/11/2005,Inverness C,Dundee United,1,1,D,1,1,D,C Murray,11,3,5,1,7,15,4,7,2,1,0,0,2.1,3.2,3.2,2.1,3.2,3.1,2.2,3.25,2.75,2005/6,€8.05m,€9.25m,2.1,3.25,3.0
SC0,26/11/2005,Livingston,Kilmarnock,0,3,A,0,2,A,E Smith,5,9,2,6,11,14,5,6,1,1,0,0,2.62,3.25,2.37,2.85,3.2,2.25,3.0,3.2,2.1,2005/6,€10.08m,€6.33m,2.5,3.2,2.35
SC0,26/11/2005,Motherwell,Hearts,1,1,D,1,0,H,I Brines,5,4,5,1,21,18,4,7,4,4,0,0,4.5,3.25,1.72,3.75,3.3,1.85,3.4,3.25,1.91,2005/6,€9.18m,€30.53m,4.0,3.4,1.73
SC0,27/11/2005,Hibernian,Rangers,2,1,H,2,0,H,S Dougal,10,3,7,1,9,18,2,1,2,2,0,1,3.2,3.25,2.2,3.3,3.25,2.0,2.75,3.2,2.25,2005/6,€17.43m,€77.98m,3.0,3.25,2.1
SC0,03/12/2005,Dundee United,Hibernian,1,0,H,0,0,D,B Winter,11,10,8,3,19,11,7,5,2,2,0,0,3.5,3.3,1.9,3.6,3.3,1.9,3.5,3.4,1.83,2005/6,€9.25m,€17.43m,3.5,3.25,1.9
SC0,03/12/2005,Dunfermline,Kilmarnock,0,1,A,0,1,A,D McDonald,5,7,1,3,13,11,16,4,1,0,0,0,2.8,3.25,2.25,3.1,3.2,2.1,3.2,3.2,2.0,2005/6,€8.43m,€6.33m,2.75,3.25,2.25
SC0,03/12/2005,Hearts,Livingston,2,1,H,2,0,H,A Freeland,16,16,8,6,18,13,12,3,1,4,0,0,1.22,5.0,11.0,1.25,5.0,8.75,1.29,4.5,8.0,2005/6,€30.53m,€10.08m,1.25,5.0,9.0
SC0,03/12/2005,Motherwell,Inverness C,0,2,A,0,0,D,S Conroy,17,9,6,5,5,10,9,3,0,0,0,0,2.2,3.25,2.9,1.95,3.3,3.4,2.0,3.2,3.2,2005/6,€9.18m,€8.05m,2.1,3.0,3.25
SC0,03/12/2005,Rangers,Falkirk,2,2,D,1,0,H,I Fyfe,13,7,6,3,13,18,13,3,4,4,0,0,1.36,4.2,7.5,1.28,4.75,8.5,1.33,4.0,8.0,2005/6,€77.98m,€8.08m,1.3,4.35,8.5
SC0,04/12/2005,Aberdeen,Celtic,1,3,A,0,0,D,C Richmond,4,8,3,6,10,9,0,3,2,1,0,0,7.0,3.75,1.5,7.0,4.4,1.35,7.0,3.75,1.4,2005/6,€6.45m,€72.83m,6.5,3.75,1.45
SC0,10/12/2005,Aberdeen,Dunfermline,0,0,D,0,0,D,I Brines,7,5,1,3,14,12,10,4,1,1,0,0,1.5,3.75,6.0,1.65,3.5,4.5,1.53,3.5,5.5,2005/6,€6.45m,€8.43m,1.5,3.6,6.0
SC0,10/12/2005,Celtic,Hibernian,3,2,H,1,0,H,K Clark,12,7,6,5,10,14,6,4,2,2,0,0,1.4,4.0,7.0,1.3,4.5,8.25,1.29,4.5,8.0,2005/6,€72.83m,€17.43m,1.35,4.0,7.5
SC0,10/12/2005,Falkirk,Motherwell,0,1,A,0,0,D,M Ritchie,9,11,6,4,14,15,11,5,2,4,0,0,2.37,3.25,2.62,2.25,3.2,2.85,2.25,3.2,2.75,2005/6,€8.08m,€9.18m,2.3,3.2,2.7
SC0,10/12/2005,Hearts,Inverness C,0,0,D,0,0,D,C Murray,15,15,3,3,19,21,7,4,1,2,0,0,1.4,4.0,7.0,1.3,4.75,7.75,1.4,3.75,7.0,2005/6,€30.53m,€8.05m,1.35,4.0,7.5
SC0,10/12/2005,Livingston,Dundee United,1,0,H,1,0,H,C Thomson,4,11,1,5,17,11,4,6,3,1,0,0,2.75,3.25,2.3,2.7,3.2,2.35,2.4,3.25,2.5,2005/6,€10.08m,€9.25m,2.65,3.2,2.35
SC0,11/12/2005,Kilmarnock,Rangers,2,3,A,0,2,A,J Underhill,7,12,5,7,14,11,6,8,0,1,0,0,3.6,3.3,2.0,3.6,3.3,1.9,3.2,3.2,2.0,2005/6,€6.33m,€77.98m,3.25,3.25,2.0
SC0,17/12/2005,Falkirk,Kilmarnock,1,2,A,0,0,D,K Clark,13,14,8,9,16,16,6,4,2,1,0,0,2.8,3.25,2.25,2.85,3.2,2.25,2.6,3.2,2.38,2005/6,€8.08m,€6.33m,2.8,3.2,2.25
SC0,17/12/2005,Hibernian,Motherwell,2,1,H,1,1,D,C Richmond,19,5,7,4,16,18,10,2,3,7,0,0,1.61,3.25,5.5,1.7,3.4,4.4,1.62,3.25,5.0,2005/6,€17.43m,€9.18m,1.6,3.4,5.0
SC0,17/12/2005,Livingston,Aberdeen,0,0,D,0,0,D,D McDonald,9,2,5,1,13,16,5,4,1,3,0,0,2.87,3.25,2.2,2.7,3.2,2.35,2.75,3.2,2.25,2005/6,€10.08m,€6.45m,2.7,3.25,2.3
SC0,17/12/2005,Rangers,Hearts,1,0,H,1,0,H,M McCurry,16,4,5,3,14,23,8,2,1,2,0,1,1.8,3.4,4.5,1.8,3.3,4.0,1.73,3.2,4.33,2005/6,€77.98m,€30.53m,1.85,3.25,3.75
SC0,18/12/2005,Inverness C,Celtic,1,1,D,1,1,D,S Dougal,13,11,7,7,7,11,4,5,0,3,0,0,8.5,4.5,1.36,7.75,4.75,1.3,8.0,4.5,1.29,2005/6,€8.05m,€72.83m,8.5,4.35,1.3
SC0,20/12/2005,Dundee United,Dunfermline,2,1,H,2,1,H,S Conroy,15,7,5,5,3,8,8,3,0,2,0,0,1.8,3.3,4.0,1.75,3.3,4.2,1.73,3.2,4.33,2005/6,€9.25m,€8.43m,1.75,3.25,4.35
SC0,26/12/2005,Celtic,Livingston,2,1,H,1,0,H,J Underhill,20,5,7,2,4,18,7,2,0,1,0,0,1.1,7.5,17.0,1.15,6.5,11.0,1.14,6.0,12.0,2005/6,€72.83m,€10.08m,1.12,6.5,13.0
SC0,26/12/2005,Dunfermline,Rangers,3,3,D,2,1,H,C Thomson,4,13,4,5,11,10,8,10,3,2,1,1,9.0,4.33,1.36,7.75,4.75,1.3,9.0,3.75,1.33,2005/6,€8.43m,€77.98m,8.5,4.5,1.28
SC0,26/12/2005,Hearts,Falkirk,5,0,H,3,0,H,S Dougal,15,8,12,5,14,17,11,2,1,5,0,1,1.3,4.5,9.0,1.3,4.75,7.75,1.44,3.6,6.5,2005/6,€30.53m,€8.08m,1.35,4.0,7.5
SC0,26/12/2005,Inverness C,Hibernian,2,0,H,2,0,H,A Freeland,10,3,3,1,19,15,3,6,3,6,0,0,3.2,3.2,2.1,3.0,3.2,2.15,2.6,3.2,2.38,2005/6,€8.05m,€17.43m,2.8,3.25,2.2
SC0,26/12/2005,Kilmarnock,Dundee United,2,1,H,1,0,H,E Smith,10,15,5,8,8,14,7,11,0,2,0,0,1.83,3.3,3.8,1.75,3.4,4.1,1.62,3.5,4.5,2005/6,€6.33m,€9.25m,1.65,3.4,4.5
SC0,26/12/2005,Motherwell,Aberdeen,3,1,H,2,0,H,C Murray,19,9,11,3,10,15,10,1,0,0,0,0,2.3,3.25,2.75,2.25,3.2,2.85,2.25,3.2,2.75,2005/6,€9.18m,€6.45m,2.25,3.25,2.75
SC0,31/12/2005,Aberdeen,Inverness C,0,0,D,0,0,D,M McCurry,11,8,4,2,10,17,7,4,0,1,0,0,2.2,3.2,3.0,2.05,3.25,3.15,2.25,3.2,2.75,2005/6,€6.45m,€8.05m,2.2,3.25,2.8
SC0,31/12/2005,Falkirk,Dunfermline,1,2,A,0,1,A,K Toner,17,8,8,4,10,16,9,2,1,3,0,0,2.1,3.2,3.2,1.95,3.25,3.45,2.0,3.2,3.2,2005/6,€8.08m,€8.43m,2.1,3.25,3.0
SC0,31/12/2005,Livingston,Motherwell,1,2,A,1,1,D,C MacKay,7,12,5,9,16,5,5,14,1,0,0,0,2.5,3.25,2.5,2.7,3.2,2.35,2.6,3.2,2.38,2005/6,€10.08m,€9.18m,2.5,3.2,2.5
SC0,31/12/2005,Rangers,Dundee United,3,0,H,0,0,D,C Richmond,10,6,6,4,13,13,11,4,3,3,0,0,1.3,4.33,9.0,1.2,5.0,13.0,1.22,5.0,10.0,2005/6,€77.98m,€9.25m,1.22,5.5,9.0
SC0,01/01/2006,Hearts,Celtic,2,3,A,2,0,H,I Brines,10,9,4,5,14,20,6,1,4,4,1,0,3.2,3.25,2.2,2.9,3.2,2.2,3.2,3.2,2.0,2005/6,€30.53m,€72.83m,3.0,3.25,2.1
SC0,02/01/2006,Kilmarnock,Hibernian,2,2,D,1,0,H,B Winter,13,12,6,9,15,18,8,14,0,3,0,0,2.5,3.25,2.5,2.55,3.2,2.45,2.25,3.2,2.75,2005/6,€6.33m,€17.43m,2.4,3.2,2.6
SC0,14/01/2006,Celtic,Kilmarnock,4,2,H,2,1,H,C Murray,12,8,10,5,10,11,5,2,1,0,0,0,1.25,5.5,10.0,1.2,5.5,10.5,1.25,4.5,10.0,2005/6,€72.83m,€6.33m,1.22,5.0,10.0
SC0,14/01/2006,Dunfermline,Hearts,1,4,A,0,1,A,C MacKay,7,15,3,7,20,16,3,10,1,2,0,0,5.0,3.75,1.57,5.0,3.5,1.6,5.5,3.5,1.53,2005/6,€8.43m,€30.53m,5.5,3.4,1.55
SC0,14/01/2006,Hibernian,Aberdeen,1,2,A,0,2,A,D McDonald,14,2,6,2,10,12,2,3,1,2,0,1,1.61,3.5,5.0,1.6,3.5,5.0,1.62,3.25,5.0,2005/6,€17.43m,€6.45m,1.6,3.4,5.0
SC0,14/01/2006,Inverness C,Livingston,3,0,H,1,0,H,C Thomson,7,8,3,2,18,10,6,3,1,3,0,0,1.66,3.5,4.5,1.7,3.3,4.5,1.57,3.5,5.0,2005/6,€8.05m,€10.08m,1.65,3.4,4.5
SC0,15/01/2006,Dundee United,Falkirk,2,1,H,1,0,H,M McCurry,15,6,9,3,11,15,7,6,1,1,0,0,1.9,3.25,3.6,2.0,3.2,3.35,1.91,3.25,3.4,2005/6,€9.25m,€8.08m,1.9,3.25,3.5
SC0,15/01/2006,Motherwell,Rangers,0,1,A,0,0,D,K Clark,11,5,6,2,19,13,7,6,2,4,0,0,5.5,3.6,1.61,5.5,3.5,1.55,5.5,3.5,1.53,2005/6,€9.18m,€77.98m,5.5,3.6,1.53
SC0,21/01/2006,Dundee United,Aberdeen,1,1,D,0,0,D,I Brines,9,9,5,4,14,13,5,3,1,0,0,0,2.3,3.25,2.75,2.5,3.2,2.5,2.5,3.2,2.5,2005/6,€9.25m,€6.45m,2.35,3.2,2.65
SC0,21/01/2006,Falkirk,Inverness C,1,4,A,1,3,A,J Underhill,14,13,8,7,9,15,11,4,1,2,0,0,2.87,3.2,2.25,2.85,3.2,2.25,3.0,3.2,2.1,2005/6,€8.08m,€8.05m,2.75,3.25,2.25
SC0,21/01/2006,Hibernian,Dunfermline,3,1,H,1,1,D,S Dougal,16,8,7,5,9,19,3,2,0,2,0,0,1.5,3.75,6.0,1.45,3.75,6.5,1.44,3.75,6.0,2005/6,€17.43m,€8.43m,1.45,3.75,6.0
SC0,21/01/2006,Kilmarnock,Hearts,1,0,H,0,0,D,S Conroy,7,5,1,3,18,14,2,4,2,4,0,0,3.6,3.25,1.9,3.45,3.25,1.95,3.0,3.2,2.1,2005/6,€6.33m,€30.53m,3.5,3.25,1.9
SC0,21/01/2006,Rangers,Livingston,4,1,H,1,0,H,E Smith,23,8,14,4,13,16,8,6,0,3,0,0,1.14,6.5,13.0,1.13,6.5,14.0,1.17,5.5,12.0,2005/6,€77.98m,€10.08m,1.12,6.5,13.0
SC0,22/01/2006,Motherwell,Celtic,1,3,A,1,1,D,C Richmond,10,6,4,4,15,15,3,5,3,0,0,0,7.5,4.33,1.4,7.75,4.75,1.3,7.0,3.75,1.4,2005/6,€9.18m,€72.83m,7.5,3.75,1.4
SC0,28/01/2006,Aberdeen,Kilmarnock,2,2,D,1,1,D,C Thomson,6,4,3,2,8,11,12,4,0,0,0,0,2.37,3.25,2.62,2.25,3.2,2.85,2.38,3.2,2.6,2005/6,€6.45m,€6.33m,2.3,3.25,2.7
SC0,28/01/2006,Celtic,Dundee United,3,3,D,1,1,D,M Ritchie,10,9,7,7,10,11,9,2,0,0,0,0,1.16,6.5,15.0,1.17,5.5,13.0,1.17,5.5,12.0,2005/6,€72.83m,€9.25m,1.14,6.0,13.0
SC0,28/01/2006,Dunfermline,Motherwell,1,1,D,1,0,H,K Clark,10,21,6,10,12,16,1,6,0,1,0,0,3.0,3.2,2.2,2.75,3.2,2.3,2.75,3.2,2.25,2005/6,€8.43m,€9.18m,2.8,3.25,2.2
SC0,28/01/2006,Hearts,Hibernian,4,1,H,3,0,H,M McCurry,8,8,5,5,13,14,5,3,1,1,0,1,2.0,3.2,3.5,1.75,3.4,4.1,1.83,3.2,3.75,2005/6,€30.53m,€17.43m,1.85,3.25,3.75
SC0,28/01/2006,Livingston,Falkirk,0,1,A,0,1,A,C Murray,6,16,2,8,20,25,8,7,6,2,1,0,2.4,3.25,2.62,2.2,3.2,2.9,2.38,3.2,2.6,2005/6,€10.08m,€8.08m,2.2,3.25,2.8
SC0,29/01/2006,Inverness C,Rangers,2,3,A,1,2,A,A Freeland,6,15,4,10,18,13,3,9,5,2,0,0,6.0,3.6,1.57,5.0,3.5,1.6,4.5,3.5,1.62,2005/6,€8.05m,€77.98m,6.0,3.5,1.5
SC0,07/02/2006,Dundee United,Hearts,1,1,D,1,0,H,D McDonald,11,9,4,5,16,18,5,2,4,3,1,1,4.0,3.5,1.72,4.1,3.4,1.75,4.33,3.2,1.73,2005/6,€9.25m,€30.53m,3.75,3.4,1.8
SC0,08/02/2006,Aberdeen,Rangers,2,0,H,2,0,H,J Underhill,3,6,2,1,9,13,2,5,1,2,0,0,4.5,3.6,1.61,5.0,3.5,1.6,5.0,3.5,1.57,2005/6,€6.45m,€77.98m,5.5,3.75,1.5
SC0,08/02/2006,Celtic,Falkirk,2,1,H,2,0,H,I Brines,8,5,3,3,7,18,4,1,1,3,0,0,1.16,5.5,13.0,1.13,6.5,14.0,1.14,6.0,12.0,2005/6,€72.83m,€8.08m,1.15,6.0,11.0
SC0,08/02/2006,Dunfermline,Inverness C,2,2,D,2,0,H,B Winter,6,6,3,3,11,11,5,10,1,3,0,0,2.87,3.2,2.2,2.85,3.15,2.25,2.8,3.2,2.2,2005/6,€8.43m,€8.05m,2.7,3.25,2.3
SC0,08/02/2006,Hibernian,Livingston,7,0,H,2,0,H,C Richmond,22,3,15,0,9,11,8,2,0,2,0,0,1.3,4.33,9.0,1.35,4.5,6.75,1.36,3.75,8.0,2005/6,€17.43m,€10.08m,1.35,4.0,7.5
SC0,08/02/2006,Kilmarnock,Motherwell,2,0,H,1,0,H,S Dougal,6,9,5,2,13,6,6,6,0,2,0,1,2.0,3.25,3.25,1.95,3.3,3.4,1.8,3.2,4.0,2005/6,€6.33m,€9.18m,1.85,3.25,3.75
SC0,11/02/2006,Falkirk,Hibernian,0,0,D,0,0,D,C MacKay,9,12,4,6,15,16,3,10,1,2,0,0,4.2,3.5,1.72,4.1,3.4,1.75,4.0,3.4,1.73,2005/6,€8.08m,€17.43m,4.0,3.3,1.75
SC0,11/02/2006,Hearts,Aberdeen,1,2,A,1,0,H,I Fyfe,7,9,2,5,23,21,1,4,2,3,0,0,1.44,4.0,6.0,1.4,4.0,7.0,1.4,3.75,7.0,2005/6,€30.53m,€6.45m,1.4,3.75,7.5
SC0,11/02/2006,Inverness C,Kilmarnock,3,3,D,1,1,D,K Clark,11,13,8,10,17,10,6,6,2,0,0,0,2.25,3.25,2.8,2.1,3.2,3.1,2.25,3.2,2.75,2005/6,€8.05m,€6.33m,2.25,3.25,2.75
SC0,11/02/2006,Livingston,Dunfermline,0,1,A,0,1,A,C Thomson,4,4,2,2,14,12,9,7,4,3,0,0,2.3,3.25,2.75,2.3,3.25,2.7,2.2,3.25,2.75,2005/6,€10.08m,€8.43m,2.25,3.25,2.75
SC0,11/02/2006,Motherwell,Dundee United,2,0,H,1,0,H,A Freeland,8,7,4,4,15,14,3,4,2,2,0,0,2.1,3.2,3.2,1.85,3.3,3.75,1.91,3.25,3.4,2005/6,€9.18m,€9.25m,2.0,3.25,3.25
SC0,12/02/2006,Rangers,Celtic,0,1,A,0,1,A,M McCurry,9,5,3,1,19,18,8,3,3,1,0,0,2.5,3.25,2.5,2.5,3.2,2.5,2.38,3.2,2.6,2005/6,€77.98m,€72.83m,2.4,3.2,2.6
SC0,18/02/2006,Aberdeen,Falkirk,1,0,H,1,0,H,E Smith,3,7,1,2,13,15,3,11,1,1,0,0,1.61,3.5,5.0,1.6,3.5,5.0,1.57,3.5,5.0,2005/6,€6.45m,€8.08m,1.6,3.4,5.0
SC0,18/02/2006,Dundee United,Inverness C,2,4,A,2,2,D,S Dougal,9,15,4,8,20,20,4,6,2,3,0,0,2.37,3.25,2.62,2.4,3.2,2.6,2.38,3.2,2.6,2005/6,€9.25m,€8.05m,2.3,3.25,2.7
SC0,18/02/2006,Hearts,Motherwell,3,0,H,2,0,H,C Richmond,9,10,7,1,22,19,3,4,2,3,0,0,1.53,3.75,5.5,1.5,3.75,5.75,1.5,3.4,6.0,2005/6,€30.53m,€9.18m,1.5,3.75,5.5
SC0,18/02/2006,Kilmarnock,Livingston,3,1,H,2,1,H,C Murray,14,5,7,2,12,17,5,3,2,1,0,0,1.36,4.0,7.5,1.45,4.0,5.9,1.29,4.5,8.0,2005/6,€6.33m,€10.08m,1.35,3.75,8.5
SC0,18/02/2006,Rangers,Hibernian,2,0,H,1,0,H,I Brines,25,5,9,4,17,24,11,6,0,1,0,0,1.61,3.6,5.5,1.55,3.6,5.4,1.62,3.5,4.5,2005/6,€77.98m,€17.43m,1.55,3.6,5.0
SC0,19/02/2006,Dunfermline,Celtic,1,8,A,1,4,A,D McDonald,13,11,5,9,12,14,4,1,2,0,0,0,9.5,4.5,1.33,8.5,4.5,1.3,8.0,5.0,1.25,2005/6,€8.43m,€72.83m,10.0,5.0,1.22
SC0,25/02/2006,Dunfermline,Dundee United,1,1,D,1,1,D,J Underhill,14,3,7,2,6,12,4,6,0,0,0,0,2.37,3.2,2.62,2.55,3.2,2.45,2.4,3.25,2.5,2005/6,€8.43m,€9.25m,2.6,3.2,2.4
SC0,04/03/2006,Celtic,Aberdeen,3,0,H,0,0,D,M McCurry,14,7,11,5,8,11,6,3,1,1,0,0,1.2,5.5,11.0,1.2,5.0,13.0,1.22,5.0,10.0,2005/6,€72.83m,€6.45m,1.22,5.5,9.0
SC0,04/03/2006,Falkirk,Rangers,1,2,A,0,0,D,C Richmond,8,12,3,3,22,14,5,10,3,2,0,0,6.0,4.0,1.44,7.0,4.0,1.4,8.0,3.75,1.36,2005/6,€8.08m,€77.98m,6.5,4.0,1.4
SC0,04/03/2006,Hibernian,Dundee United,3,1,H,3,0,H,B Winter,14,7,9,2,10,15,8,2,1,3,0,0,1.61,3.5,5.0,1.6,3.5,5.0,1.5,3.4,6.0,2005/6,€17.43m,€9.25m,1.5,3.5,6.0
SC0,04/03/2006,Inverness C,Motherwell,0,1,A,0,0,D,S Conroy,6,4,2,0,12,11,3,5,3,0,0,0,1.9,3.4,3.5,1.95,3.3,3.4,1.8,3.25,3.75,2005/6,€8.05m,€9.18m,1.9,3.25,3.5
SC0,04/03/2006,Kilmarnock,Dunfermline,1,0,H,1,0,H,K Clark,9,6,6,1,17,11,6,10,0,1,0,0,1.5,3.5,6.5,1.5,3.6,6.0,1.44,3.6,6.5,2005/6,€6.33m,€8.43m,1.45,3.75,6.5
SC0,05/03/2006,Livingston,Hearts,2,3,A,0,1,A,J Underhill,9,13,4,7,15,14,3,7,2,0,0,0,8.0,4.2,1.4,7.0,4.0,1.4,8.0,4.0,1.33,2005/6,€10.08m,€30.53m,7.5,4.0,1.35
SC0,11/03/2006,Dundee United,Livingston,3,1,H,0,1,A,C Thomson,12,6,9,4,9,14,6,6,0,2,0,0,1.57,3.6,5.0,1.6,3.5,5.0,1.57,3.5,5.0,2005/6,€9.25m,€10.08m,1.55,3.5,5.0
SC0,11/03/2006,Dunfermline,Aberdeen,1,0,H,0,0,D,I Brines,5,8,2,0,9,13,3,1,1,0,0,0,3.0,3.25,2.1,2.9,3.2,2.2,2.8,3.2,2.2,2005/6,€8.43m,€6.45m,2.8,3.25,2.2
SC0,11/03/2006,Inverness C,Hearts,0,0,D,0,0,D,K Toner,12,6,10,5,10,10,4,4,1,2,0,0,3.75,3.1,1.9,4.1,3.4,1.75,3.4,3.25,1.91,2005/6,€8.05m,€30.53m,4.35,3.25,1.73
SC0,11/03/2006,Motherwell,Falkirk,3,1,H,1,0,H,S Dougal,6,11,5,7,18,18,5,6,2,3,0,0,1.72,3.25,4.33,1.65,3.4,4.75,1.73,3.4,4.0,2005/6,€9.18m,€8.08m,1.6,3.4,5.0
SC0,11/03/2006,Rangers,Kilmarnock,4,0,H,1,0,H,D McDonald,15,3,8,1,13,18,14,1,0,4,0,1,1.36,4.33,6.5,1.4,4.0,7.0,1.4,3.75,7.0,2005/6,€77.98m,€6.33m,1.35,4.0,7.5
SC0,12/03/2006,Hibernian,Celtic,1,2,A,1,1,D,A Freeland,8,10,3,8,12,9,2,4,2,0,1,0,6.5,3.75,1.53,7.0,4.0,1.4,5.5,3.5,1.53,2005/6,€17.43m,€72.83m,5.5,3.75,1.5
SC0,18/03/2006,Aberdeen,Livingston,3,0,H,1,0,H,S Conroy,8,5,5,0,5,12,12,1,1,1,0,0,1.44,3.75,6.5,1.4,4.0,6.9,1.33,4.0,8.0,2005/6,€6.45m,€10.08m,1.4,3.75,7.5
SC0,18/03/2006,Kilmarnock,Falkirk,2,1,H,1,0,H,I Fyfe,14,7,9,5,14,18,4,4,0,1,0,0,1.53,3.75,5.0,1.5,3.75,5.65,1.44,3.6,6.5,2005/6,€6.33m,€8.08m,1.5,3.5,6.0
SC0,18/03/2006,Motherwell,Hibernian,2,2,D,1,0,H,M McCurry,12,7,6,4,13,16,5,1,0,1,0,0,2.7,3.2,2.3,2.7,3.2,2.35,2.5,3.2,2.5,2005/6,€9.18m,€17.43m,2.5,3.2,2.5
SC0,19/03/2006,Hearts,Rangers,1,1,D,1,0,H,C Thomson,6,11,2,4,25,24,4,4,3,2,0,0,1.44,3.75,6.5,1.4,4.0,6.9,1.33,4.0,8.0,2005/6,€30.53m,€77.98m,1.4,3.75,7.5
SC0,22/03/2006,Celtic,Inverness C,2,1,H,1,0,H,C Richmond,12,7,8,3,10,12,4,4,0,2,0,0,1.14,7.0,17.0,1.2,5.0,13.0,1.2,5.0,11.0,2005/6,€72.83m,€8.05m,1.15,6.0,11.0
SC0,25/03/2006,Aberdeen,Motherwell,2,2,D,2,1,H,C Murray,5,5,4,1,12,16,6,5,1,3,0,0,2.1,3.25,3.0,2.0,3.25,3.3,1.91,3.2,3.5,2005/6,€6.45m,€9.18m,2.1,3.25,3.0
SC0,25/03/2006,Dundee United,Kilmarnock,2,2,D,0,2,A,I Brines,11,8,6,4,13,15,7,6,0,0,0,0,2.62,3.2,2.37,2.7,3.2,2.35,2.6,3.2,2.38,2005/6,€9.25m,€6.33m,2.6,3.2,2.4
SC0,25/03/2006,Falkirk,Hearts,1,2,A,1,1,D,A Freeland,6,5,3,3,19,20,10,1,4,4,0,0,6.0,3.6,1.5,6.0,4.0,1.45,6.0,3.4,1.5,2005/6,€8.08m,€30.53m,6.0,3.5,1.5
SC0,25/03/2006,Hibernian,Inverness C,0,2,A,0,0,D,M Ritchie,15,9,6,6,14,17,8,4,1,3,0,0,1.72,3.5,4.0,1.75,3.4,4.1,1.73,3.4,4.0,2005/6,€17.43m,€8.05m,1.7,3.3,4.35
SC0,25/03/2006,Rangers,Dunfermline,1,0,H,0,0,D,B Winter,26,3,16,2,7,10,12,2,0,1,0,0,1.14,6.5,12.0,1.13,6.4,14.0,1.17,5.5,12.0,2005/6,€77.98m,€8.43m,1.17,6.0,11.0
SC0,26/03/2006,Livingston,Celtic,0,2,A,0,0,D,K Clarke,6,13,6,6,15,7,7,4,2,1,0,0,12.0,6.5,1.14,11.0,6.5,1.15,12.0,6.0,1.14,2005/6,€10.08m,€72.83m,11.0,6.0,1.17
SC0,01/04/2006,Dunfermline,Falkirk,1,1,D,0,1,A,S Conroy,6,10,4,4,8,14,5,5,1,1,0,0,2.1,3.25,3.0,2.1,3.2,3.1,1.91,3.25,3.4,2005/6,€8.43m,€8.08m,2.0,3.25,3.25
SC0,01/04/2006,Inverness C,Aberdeen,0,1,A,0,0,D,C MacKay,2,7,0,4,17,10,5,5,2,4,0,0,2.25,3.25,2.75,2.2,3.2,2.9,2.0,3.2,3.2,2005/6,€8.05m,€6.45m,2.25,3.2,2.8
SC0,01/04/2006,Motherwell,Livingston,2,1,H,1,0,H,E Smith,15,6,9,5,6,11,10,4,0,2,0,0,1.4,4.0,7.5,1.45,3.7,6.5,1.4,3.75,7.0,2005/6,€9.18m,€10.08m,1.33,4.35,7.5
SC0,02/04/2006,Dundee United,Rangers,1,4,A,0,2,A,J Underhill,9,20,6,11,17,8,6,7,0,0,0,0,7.5,4.0,1.44,6.5,3.7,1.45,6.5,3.6,1.44,2005/6,€9.25m,€77.98m,7.5,3.75,1.4
SC0,05/04/2006,Celtic,Hearts,1,0,H,1,0,H,D McDonald,7,13,5,5,17,21,2,5,2,3,0,0,1.53,3.8,6.0,1.45,3.7,6.5,1.44,3.75,6.0,2005/6,€72.83m,€30.53m,1.5,3.5,6.0
SC0,05/04/2006,Hibernian,Kilmarnock,2,1,H,0,1,A,C Murray,16,11,7,10,10,23,8,2,0,3,0,0,2.0,3.25,3.25,2.1,3.2,3.1,2.1,3.2,3.0,2005/6,€17.43m,€6.33m,2.1,3.25,3.0
SC0,08/04/2006,Aberdeen,Hibernian,1,0,H,1,0,H,I Brines,6,7,5,3,17,16,8,6,1,2,0,0,2.0,3.25,3.25,2.1,3.2,3.1,2.0,3.4,3.0,2005/6,€6.45m,€17.43m,2.1,3.25,3.0
SC0,08/04/2006,Falkirk,Dundee United,1,0,H,1,0,H,D McDonald,5,11,3,7,7,14,3,8,0,3,0,0,2.62,3.2,2.37,2.5,3.2,2.5,2.6,3.2,2.38,2005/6,€8.08m,€9.25m,2.6,3.2,2.4
SC0,08/04/2006,Hearts,Dunfermline,4,0,H,3,0,H,C Richmond,21,2,10,1,12,10,8,2,0,1,0,1,1.2,5.0,12.0,1.25,4.75,10.0,1.29,4.5,8.0,2005/6,€30.53m,€8.43m,1.25,5.0,8.5
SC0,08/04/2006,Livingston,Inverness C,2,1,H,1,1,D,C Murray,12,15,5,5,15,17,8,9,5,1,0,0,4.33,3.3,1.72,3.5,3.35,1.9,4.5,3.5,1.62,2005/6,€10.08m,€8.05m,4.35,3.5,1.65
SC0,08/04/2006,Rangers,Motherwell,1,0,H,1,0,H,K Clark,12,11,6,7,14,13,5,6,0,2,0,0,1.2,5.0,12.0,1.25,4.75,10.0,1.29,5.0,7.0,2005/6,€77.98m,€9.18m,1.22,5.5,8.5
SC0,09/04/2006,Kilmarnock,Celtic,1,4,A,0,1,A,C Thomson,9,10,3,8,13,16,3,5,1,1,0,0,5.5,3.8,1.57,5.0,3.5,1.6,6.0,3.4,1.5,2005/6,€6.33m,€72.83m,5.0,3.6,1.55
SC0,15/04/2006,Falkirk,Dunfermline,0,0,D,0,0,D,W Collum,9,8,5,2,12,17,7,4,1,2,0,0,2.2,3.25,2.8,2.15,3.2,3.0,2.1,3.2,3.0,2005/6,€8.08m,€8.43m,2.2,3.25,2.8
SC0,15/04/2006,Hearts,Kilmarnock,2,0,H,0,0,D,E Smith,17,4,3,2,12,21,6,3,0,4,0,0,1.36,4.0,7.5,1.35,4.25,7.25,1.4,4.0,6.5,2005/6,€30.53m,€6.33m,1.35,4.0,7.5
SC0,15/04/2006,Livingston,Dundee United,3,1,H,1,1,D,B Winter,10,13,7,7,8,12,4,7,2,2,0,0,2.62,3.2,2.37,2.75,3.2,2.3,2.75,3.2,2.25,2005/6,€10.08m,€9.25m,2.35,3.4,2.5
SC0,15/04/2006,Motherwell,Inverness C,0,1,A,0,1,A,D McDonald,10,10,6,7,13,17,6,4,2,3,1,0,2.1,3.25,3.0,2.0,3.25,3.3,2.1,3.2,3.0,2005/6,€9.18m,€8.05m,1.9,3.25,3.5
SC0,15/04/2006,Rangers,Aberdeen,1,1,D,0,0,D,M McCurry,19,9,11,3,15,20,15,2,1,0,0,0,1.25,5.0,9.0,1.25,5.0,9.0,1.33,4.0,8.0,2005/6,€77.98m,€6.45m,1.25,5.0,8.5
SC0,16/04/2006,Celtic,Hibernian,1,1,D,0,1,A,K Toner,14,6,7,3,8,10,4,1,0,0,0,0,1.28,4.5,9.0,1.3,4.5,8.5,1.25,5.0,8.0,2005/6,€72.83m,€17.43m,1.3,4.35,8.0
SC0,22/04/2006,Aberdeen,Kilmarnock,0,0,D,0,0,D,I Brines,8,5,5,2,10,19,5,5,0,1,0,0,2.0,3.25,3.25,2.0,3.2,3.35,1.91,3.2,3.5,2005/6,€6.45m,€6.33m,2.0,3.25,3.25
SC0,22/04/2006,Dunfermline,Livingston,3,2,H,1,1,D,S Dougal,10,7,4,1,9,16,6,5,1,2,0,0,2.1,3.2,3.0,2.1,3.5,2.85,2.0,3.4,3.0,2005/6,€8.43m,€10.08m,2.1,3.25,3.0
SC0,22/04/2006,Falkirk,Motherwell,1,1,D,1,0,H,M McCurry,8,11,4,6,10,15,2,4,4,3,0,0,2.6,3.2,2.4,2.7,3.2,2.35,2.38,3.5,2.38,2005/6,€8.08m,€9.18m,2.6,3.2,2.4
SC0,22/04/2006,Hibernian,Hearts,2,1,H,1,1,D,C Richmond,8,14,7,4,18,21,1,6,2,1,0,0,3.0,3.25,2.1,2.75,3.2,2.3,3.0,3.2,2.1,2005/6,€17.43m,€30.53m,3.0,3.25,2.1
SC0,22/04/2006,Inverness C,Dundee United,1,0,H,0,0,D,M Tumilty,10,9,5,5,15,23,5,4,1,2,0,0,1.83,3.3,3.75,1.8,3.4,3.8,1.67,3.6,4.0,2005/6,€8.05m,€9.25m,1.85,3.25,3.75
SC0,23/04/2006,Celtic,Rangers,0,0,D,0,0,D,C Thomson,8,6,6,2,22,20,2,6,2,2,0,0,1.9,3.25,3.5,1.9,3.3,3.6,2.0,3.2,3.2,2005/6,€72.83m,€77.98m,2.0,3.25,3.25
SC0,29/04/2006,Aberdeen,Hibernian,4,0,H,2,0,H,B Winter,15,6,11,3,7,10,4,6,1,2,0,0,2.25,3.2,2.8,2.2,3.2,2.9,2.1,3.2,3.0,2005/6,€6.45m,€17.43m,2.2,3.25,2.8
SC0,29/04/2006,Dundee United,Falkirk,0,2,A,0,2,A,C MacKay,4,9,0,2,19,15,7,9,0,2,0,1,2.0,3.25,3.25,1.9,3.25,3.6,2.0,3.4,3.0,2005/6,€9.25m,€8.08m,1.9,3.25,3.5
SC0,29/04/2006,Kilmarnock,Rangers,1,3,A,1,0,H,C Murray,7,12,5,8,20,12,4,10,3,2,0,0,6.0,4.0,1.44,5.9,4.0,1.45,5.0,3.5,1.57,2005/6,€6.33m,€77.98m,6.0,3.75,1.45
SC0,29/04/2006,Livingston,Inverness C,0,1,A,0,0,D,J Underhill,7,6,2,3,18,13,2,2,1,0,0,0,2.87,3.2,2.2,2.75,3.2,2.3,3.0,3.2,2.1,2005/6,€10.08m,€8.05m,2.7,3.25,2.25
SC0,29/04/2006,Motherwell,Dunfermline,2,3,A,1,2,A,C Richmond,16,5,9,4,12,8,13,2,0,2,0,0,1.66,3.4,4.5,1.7,3.4,4.4,1.62,3.5,4.5,2005/6,€9.18m,€8.43m,1.65,3.4,4.35
SC0,30/04/2006,Hearts,Celtic,3,0,H,2,0,H,A Freeland,10,18,7,12,24,16,5,5,2,3,0,0,2.62,3.4,2.5,2.75,3.2,2.3,2.75,3.25,2.2,2005/6,€30.53m,€72.83m,2.3,3.3,2.6
SC0,02/05/2006,Dundee United,Dunfermline,0,1,A,0,0,D,C Thomson,11,6,4,4,11,12,11,6,2,1,0,0,2.2,3.25,2.8,2.1,3.2,3.1,2.2,3.25,2.75,2005/6,€9.25m,€8.43m,2.2,3.25,2.8
SC0,02/05/2006,Hibernian,Rangers,1,2,A,0,1,A,M McCurry,8,9,4,5,14,18,10,5,2,1,0,0,9.0,4.33,1.36,6.9,4.0,1.4,6.5,4.0,1.4,2005/6,€17.43m,€77.98m,8.0,4.5,1.3
SC0,03/05/2006,Celtic,Kilmarnock,2,0,H,0,0,D,S Conroy,8,4,4,2,3,11,7,4,0,0,0,0,1.22,5.0,10.0,1.2,5.0,13.0,1.25,5.0,8.0,2005/6,€72.83m,€6.33m,1.3,4.35,8.0
SC0,03/05/2006,Hearts,Aberdeen,1,0,H,0,0,D,S Dougal,7,3,3,1,16,15,4,3,1,2,0,1,1.4,4.0,6.5,1.4,4.0,6.9,1.33,4.33,7.0,2005/6,€30.53m,€6.45m,1.4,3.75,7.0
SC0,03/05/2006,Inverness C,Falkirk,2,0,H,2,0,H,E Smith,9,8,5,5,13,11,4,3,0,1,0,0,1.72,3.25,4.33,1.75,3.4,4.1,1.62,3.5,4.5,2005/6,€8.05m,€8.08m,1.65,3.4,4.35
SC0,03/05/2006,Livingston,Motherwell,0,1,A,0,0,D,I Brines,13,16,7,5,14,10,7,5,1,0,0,0,3.0,3.25,2.1,3.1,3.2,2.1,2.75,3.2,2.25,2005/6,€10.08m,€9.18m,2.9,3.25,2.2
SC0,06/05/2006,Dunfermline,Inverness C,0,1,A,0,0,D,D McDonald,9,14,2,3,12,12,6,12,0,1,0,0,2.6,3.2,2.4,2.85,3.2,2.25,2.75,3.2,2.25,2005/6,€8.43m,€8.05m,2.7,3.2,2.3
SC0,06/05/2006,Falkirk,Livingston,1,0,H,0,0,D,C Richmond,15,7,9,1,20,21,1,7,1,2,0,0,1.72,3.25,4.33,1.75,3.4,4.1,1.73,3.4,4.0,2005/6,€8.08m,€10.08m,1.65,3.4,4.35
SC0,06/05/2006,Motherwell,Dundee United,1,1,D,0,0,D,S Dougal,10,12,3,5,9,15,6,4,2,1,0,0,1.66,3.5,4.33,1.75,3.4,4.1,1.73,3.4,4.0,2005/6,€9.18m,€9.25m,1.73,3.4,4.0
SC0,07/05/2006,Aberdeen,Celtic,2,2,D,0,1,A,C Murray,5,4,3,3,6,13,8,1,0,0,0,0,5.0,3.6,1.66,5.0,3.5,1.6,5.0,3.5,1.57,2005/6,€6.45m,€72.83m,4.5,3.6,1.6
SC0,07/05/2006,Kilmarnock,Hibernian,3,1,H,0,1,A,A Freeland,9,11,7,8,18,18,8,6,0,6,0,2,2.4,3.2,2.6,2.4,3.35,2.6,2.25,3.2,2.75,2005/6,€6.33m,€17.43m,2.35,3.2,2.5
SC0,07/05/2006,Rangers,Hearts,2,0,H,1,0,H,I Brines,16,16,8,10,16,26,6,5,0,5,0,0,1.72,3.25,4.33,1.65,3.3,5.0,1.67,3.25,4.5,2005/6,€77.98m,€30.53m,1.65,3.4,4.5
SC0,29/07/2006,Celtic,Kilmarnock,4,1,H,2,0,H,I Brines,18,8,9,5,8,15,4,3,1,1,0,0,1.2,5.0,12.0,1.2,5.5,10.5,1.16,5.5,12.0,2006/7,€92.70m,€9.40m,1.22,4.5,12.0
SC0,29/07/2006,Dundee United,Falkirk,1,2,A,1,1,D,C Richmond,10,15,6,5,10,10,9,6,3,3,0,0,1.9,3.25,3.5,2.0,3.25,3.3,1.9,3.2,3.5,2006/7,€8.35m,€12.50m,1.9,3.25,3.5
SC0,29/07/2006,Dunfermline,Hearts,1,2,A,0,1,A,B Winter,9,10,4,5,24,12,9,4,5,3,1,0,6.0,3.5,1.5,5.2,3.65,1.55,5.5,3.5,1.53,2006/7,€8.88m,€29.03m,6.5,3.5,1.5
SC0,29/07/2006,Hibernian,Aberdeen,1,1,D,1,1,D,S Dougal,18,4,9,3,10,16,5,3,0,0,0,0,1.9,3.25,3.5,2.1,3.25,3.05,1.83,3.2,3.75,2006/7,€17.98m,€7.58m,2.0,3.25,3.25
SC0,29/07/2006,Inverness C,St Mirren,1,2,A,0,0,D,A Freeland,7,10,4,4,17,8,4,1,1,1,0,0,1.72,3.25,4.33,1.7,3.5,4.2,1.66,3.4,4.33,2006/7,€7.53m,€6.83m,1.7,3.25,4.5
SC0,30/07/2006,Motherwell,Rangers,1,2,A,0,1,A,J Underhill,3,13,1,5,10,10,2,8,2,1,0,0,6.5,4.0,1.4,6.75,4.5,1.35,8.0,3.75,1.36,2006/7,€11.85m,€67.35m,8.5,3.6,1.4
SC0,05/08/2006,Aberdeen,Inverness C,1,1,D,1,0,H,C Murray,5,7,3,3,13,14,0,6,3,3,0,0,1.72,3.25,4.33,1.75,3.4,4.1,1.66,3.25,4.5,2006/7,€7.58m,€7.53m,1.8,3.25,4.0
SC0,05/08/2006,Falkirk,Dunfermline,1,0,H,1,0,H,C Thomson,12,4,3,1,10,12,3,2,0,0,0,0,2.0,3.25,3.25,1.8,3.35,3.9,1.9,3.25,3.4,2006/7,€12.50m,€8.88m,2.0,3.25,3.25
SC0,05/08/2006,Kilmarnock,Hibernian,2,1,H,0,1,A,M McCurry,5,10,3,6,18,22,3,9,2,2,0,0,2.4,3.2,2.6,2.3,3.25,2.7,2.4,3.25,2.5,2006/7,€9.40m,€17.98m,2.4,3.25,2.6
SC0,05/08/2006,Rangers,Dundee United,2,2,D,0,1,A,D McDonald,27,6,17,5,7,15,11,4,0,2,0,0,1.14,7.0,15.0,1.15,6.5,11.5,1.16,5.5,12.0,2006/7,€67.35m,€8.35m,1.15,5.5,12.0
SC0,05/08/2006,St Mirren,Motherwell,2,0,H,1,0,H,E Smith,7,11,4,5,17,19,4,4,3,1,0,0,2.37,3.2,2.62,2.5,3.15,2.55,2.5,3.2,2.5,2006/7,€6.83m,€11.85m,2.35,3.2,2.65
SC0,06/08/2006,Hearts,Celtic,2,1,H,0,0,D,S Dougal,13,9,6,4,11,19,4,1,1,2,0,0,3.1,3.1,2.3,2.95,3.25,2.15,2.75,3.2,2.25,2006/7,€29.03m,€92.70m,2.8,3.1,2.25
SC0,12/08/2006,Celtic,St Mirren,2,0,H,1,0,H,B Winter,17,5,9,1,14,9,6,1,1,1,0,0,1.2,5.5,17.0,1.15,6.5,11.5,1.14,5.5,15.0,2006/7,€92.70m,€6.83m,1.14,6.5,12.0
SC0,12/08/2006,Hearts,Falkirk,0,0,D,0,0,D,J Underhill,17,9,11,5,13,9,10,7,0,3,0,0,1.3,4.5,8.0,1.25,4.75,10.0,1.28,4.33,9.0,2006/7,€29.03m,€12.50m,1.25,5.0,9.0
SC0,12/08/2006,Inverness C,Hibernian,0,0,D,0,0,D,I Brines,8,10,3,3,21,13,7,7,4,3,0,0,2.3,3.2,2.7,2.6,3.2,2.4,2.4,3.25,2.5,2006/7,€7.53m,€17.98m,2.35,3.25,2.6
SC0,12/08/2006,Kilmarnock,Dundee United,0,0,D,0,0,D,S Dougal,15,8,8,1,11,10,4,3,1,3,0,1,1.72,3.25,4.33,1.75,3.4,4.1,1.61,3.5,4.5,2006/7,€9.40m,€8.35m,1.75,3.25,4.35
SC0,12/08/2006,Motherwell,Aberdeen,0,2,A,0,1,A,S Conroy,11,7,3,4,12,11,6,2,2,1,0,0,2.3,3.2,2.7,2.5,3.15,2.55,2.5,3.2,2.5,2006/7,€11.85m,€7.58m,2.4,3.2,2.6
SC0,13/08/2006,Dunfermline,Rangers,1,1,D,0,0,D,C Richmond,6,14,2,7,11,11,2,5,2,0,0,0,9.0,4.33,1.36,10.0,4.75,1.25,8.0,4.5,1.28,2006/7,€8.88m,€67.35m,9.0,5.0,1.25
SC0,19/08/2006,Dundee United,Dunfermline,0,0,D,0,0,D,M Tumilty,9,5,3,1,10,11,6,4,0,4,0,0,1.8,3.25,4.0,2.0,3.25,3.3,1.91,3.4,3.25,2006/7,€8.35m,€8.88m,1.8,3.25,4.0
SC0,19/08/2006,Falkirk,Kilmarnock,1,2,A,1,1,D,C Murray,17,5,8,4,6,16,11,8,0,1,0,0,2.25,3.25,2.75,2.25,3.2,2.85,2.25,3.4,2.62,2006/7,€12.50m,€9.40m,2.35,3.2,2.65
SC0,19/08/2006,Hibernian,Motherwell,3,1,H,1,0,H,D McDonald,13,5,7,2,14,13,8,2,0,1,0,0,1.66,3.4,4.5,1.7,3.5,4.2,1.53,3.75,5.0,2006/7,€17.98m,€11.85m,1.6,3.4,5.0
SC0,19/08/2006,Rangers,Hearts,2,0,H,0,0,D,K Clark,17,5,10,2,17,19,7,8,1,4,0,1,1.83,3.25,4.5,1.7,3.5,4.2,1.8,3.25,3.75,2006/7,€67.35m,€29.03m,1.75,3.25,4.35
SC0,19/08/2006,St Mirren,Aberdeen,1,1,D,0,1,A,M McCurry,13,6,3,3,6,11,6,3,1,1,0,0,2.6,3.25,2.6,2.7,3.2,2.35,2.6,3.2,2.38,2006/7,€6.83m,€7.58m,2.5,3.2,2.5
SC0,20/08/2006,Inverness C,Celtic,1,1,D,0,1,A,C Thomson,9,10,4,5,15,5,5,6,4,0,0,0,8.0,4.5,1.36,6.75,4.5,1.35,8.0,4.0,1.33,2006/7,€7.53m,€92.70m,8.5,4.35,1.3
SC0,26/08/2006,Aberdeen,Dunfermline,1,0,H,0,0,D,E Smith,9,3,6,2,10,15,7,3,3,4,0,0,1.66,3.5,4.33,1.65,3.5,4.6,1.53,3.5,5.5,2006/7,€7.58m,€8.88m,1.6,3.4,5.0
SC0,26/08/2006,Celtic,Hibernian,2,1,H,0,1,A,C Richmond,12,8,7,3,14,16,5,3,1,2,0,0,1.28,4.5,9.0,1.25,4.75,10.0,1.33,4.0,8.0,2006/7,€92.70m,€17.98m,1.25,5.0,8.5
SC0,26/08/2006,Falkirk,Motherwell,0,1,A,0,0,D,C MacKay,4,10,2,2,17,19,9,5,0,2,1,0,1.9,3.25,3.5,1.95,3.3,3.4,1.9,3.25,3.4,2006/7,€12.50m,€11.85m,1.9,3.25,3.5
SC0,26/08/2006,Hearts,Inverness C,4,1,H,2,1,H,S Conroy,14,15,9,7,12,17,3,11,0,0,0,0,1.4,4.0,6.5,1.4,4.25,6.2,1.36,3.75,8.0,2006/7,€29.03m,€7.53m,1.45,3.6,7.0
SC0,26/08/2006,St Mirren,Dundee United,1,3,A,0,2,A,I Brines,14,13,3,6,9,13,8,3,1,3,0,1,2.2,3.25,2.8,2.2,3.2,2.9,2.2,3.25,2.75,2006/7,€6.83m,€8.35m,2.2,3.25,2.8
SC0,27/08/2006,Kilmarnock,Rangers,2,2,D,0,1,A,A Freeland,6,19,4,11,14,15,5,8,1,0,0,0,6.0,3.8,1.53,5.9,4.0,1.45,5.5,3.5,1.53,2006/7,€9.40m,€67.35m,7.0,3.6,1.45
SC0,09/09/2006,Aberdeen,Celtic,0,1,A,0,0,D,M McCurry,2,8,2,5,10,12,4,4,2,3,0,0,6.0,3.8,1.53,5.9,4.0,1.45,5.5,3.5,1.53,2006/7,€7.58m,€92.70m,6.5,3.75,1.45
SC0,09/09/2006,Dunfermline,Kilmarnock,3,2,H,1,1,D,K Clark,8,6,5,3,18,14,5,5,3,0,0,0,2.8,3.25,2.2,2.8,3.2,2.25,2.75,3.2,2.25,2006/7,€8.88m,€9.40m,2.7,3.25,2.25
SC0,09/09/2006,Hearts,St Mirren,0,1,A,0,0,D,D McDonald,14,9,5,3,11,23,11,2,1,4,0,0,1.22,5.0,10.0,1.3,4.5,8.5,1.33,4.0,8.0,2006/7,€29.03m,€6.83m,1.25,4.5,10.0
SC0,09/09/2006,Motherwell,Inverness C,1,4,A,0,1,A,W Collum,9,7,5,5,15,20,4,6,2,2,0,0,2.3,3.2,2.7,2.2,3.2,2.9,2.2,3.2,2.8,2006/7,€11.85m,€7.53m,2.25,3.25,2.75
SC0,09/09/2006,Rangers,Falkirk,4,0,H,2,0,H,S Dougal,16,9,7,1,9,14,5,3,1,3,0,0,1.2,6.0,13.0,1.2,5.5,10.5,1.2,5.0,11.0,2006/7,€67.35m,€12.50m,1.17,6.0,11.0
SC0,10/09/2006,Dundee United,Hibernian,0,3,A,0,0,D,C Thomson,11,19,3,13,13,14,3,11,2,2,0,0,2.62,3.2,2.6,2.45,3.2,2.55,2.5,3.2,2.5,2006/7,€8.35m,€17.98m,2.6,3.2,2.4
SC0,16/09/2006,Celtic,Dunfermline,1,0,H,1,0,H,E Smith,21,6,11,2,3,14,9,2,0,0,0,0,1.14,6.5,12.0,1.12,6.5,15.0,1.14,6.0,12.0,2006/7,€92.70m,€8.88m,1.12,6.5,13.0
SC0,16/09/2006,Falkirk,Aberdeen,0,2,A,0,0,D,B Winter,10,10,2,3,12,9,6,3,2,0,0,0,2.75,3.25,2.25,2.8,3.2,2.25,2.75,3.2,2.25,2006/7,€12.50m,€7.58m,2.75,3.25,2.25
SC0,16/09/2006,Inverness C,Dundee United,0,0,D,0,0,D,K Clark,14,6,7,3,15,15,4,4,1,1,0,0,2.0,3.25,3.25,2.0,3.2,3.35,2.0,3.2,3.2,2006/7,€7.53m,€8.35m,1.9,3.25,3.5
SC0,16/09/2006,St Mirren,Kilmarnock,0,1,A,0,0,D,C Murray,6,9,3,3,15,15,5,6,2,3,0,0,2.3,3.2,2.7,2.35,3.2,2.7,2.25,3.2,2.75,2006/7,€6.83m,€9.40m,2.35,3.25,2.6
SC0,17/09/2006,Hibernian,Rangers,2,1,H,1,0,H,J Underhill,11,7,7,2,13,21,5,2,3,4,1,1,5.0,3.6,1.66,4.8,3.6,1.6,4.5,3.5,1.62,2006/7,€17.98m,€67.35m,5.0,3.4,1.6
SC0,17/09/2006,Motherwell,Hearts,0,1,A,0,0,D,I Brines,8,8,4,2,13,15,5,2,2,1,0,0,4.5,3.6,1.61,4.6,3.5,1.65,4.0,3.4,1.73,2006/7,€11.85m,€29.03m,4.5,3.4,1.65
SC0,23/09/2006,Celtic,Rangers,2,0,H,1,0,H,D McDonald,10,7,7,2,17,11,8,3,1,2,0,0,1.83,3.3,4.33,1.85,3.25,3.8,1.9,3.25,3.4,2006/7,€92.70m,€67.35m,1.85,3.25,3.75
SC0,23/09/2006,Dundee United,Motherwell,1,1,D,0,0,D,S Conroy,13,6,6,1,7,8,9,2,1,1,0,0,1.9,3.25,3.5,1.9,3.25,3.65,1.9,3.2,3.5,2006/7,€8.35m,€11.85m,1.9,3.2,3.5
SC0,23/09/2006,Dunfermline,St Mirren,2,1,H,0,1,A,C MacKay,11,8,6,3,14,14,2,4,2,1,0,0,2.25,3.25,2.75,2.25,3.2,2.8,2.25,3.2,2.75,2006/7,€8.88m,€6.83m,2.25,3.25,2.75
SC0,23/09/2006,Hibernian,Falkirk,0,1,A,0,1,A,A Freeland,9,10,4,6,21,17,11,3,3,3,1,1,1.53,3.75,5.0,1.5,3.75,5.65,1.5,3.4,6.0,2006/7,€17.98m,€12.50m,1.5,3.5,6.0
SC0,23/09/2006,Kilmarnock,Inverness C,1,1,D,1,1,D,M McCurry,9,10,5,5,8,14,8,11,0,3,0,0,1.83,3.25,3.75,1.8,3.3,4.0,1.8,3.3,3.75,2006/7,€9.40m,€7.53m,1.9,3.25,3.5
SC0,24/09/2006,Aberdeen,Hearts,1,3,A,0,0,D,S Dougal,12,11,5,7,15,16,5,2,2,4,0,1,3.0,3.25,2.3,2.85,3.25,2.2,2.8,3.2,2.2,2006/7,€7.58m,€29.03m,2.8,3.1,2.25
SC0,30/09/2006,Inverness C,Dunfermline,1,0,H,0,0,D,C Murray,13,5,8,3,6,12,4,6,1,2,0,0,1.85,3.25,3.6,1.9,3.25,3.65,1.8,3.2,4.0,2006/7,€7.53m,€8.88m,1.85,3.25,3.75
SC0,30/09/2006,Motherwell,Kilmarnock,5,0,H,3,0,H,C Thomson,14,7,9,1,15,14,10,6,1,3,0,0,2.7,3.25,2.3,2.8,3.2,2.25,2.75,3.2,2.25,2006/7,€11.85m,€9.40m,2.75,3.25,2.25
SC0,30/09/2006,St Mirren,Hibernian,1,0,H,1,0,H,S Dougal,4,10,2,1,17,15,3,6,1,2,0,0,2.75,3.25,2.2,2.9,3.2,2.2,2.75,3.2,2.25,2006/7,€6.83m,€17.98m,3.0,3.25,2.1
SC0,01/10/2006,Falkirk,Celtic,0,1,A,0,0,D,I Brines,15,10,6,2,12,12,6,6,2,1,0,0,9.0,5.0,1.3,8.5,4.5,1.3,8.0,4.5,1.29,2006/7,€12.50m,€92.70m,8.5,4.5,1.28
SC0,01/10/2006,Hearts,Dundee United,4,0,H,2,0,H,E Smith,12,11,5,3,15,14,4,5,0,1,0,0,1.33,4.33,7.5,1.3,4.5,8.5,1.33,4.0,8.0,2006/7,€29.03m,€8.35m,1.33,4.0,8.5
SC0,01/10/2006,Rangers,Aberdeen,1,0,H,0,0,D,C Richmond,18,4,8,2,11,19,4,1,2,2,0,0,1.33,4.33,7.5,1.3,4.5,8.5,1.33,4.0,8.0,2006/7,€67.35m,€7.58m,1.35,4.0,8.0
SC0,14/10/2006,Dundee United,Celtic,1,4,A,1,1,D,M McCurry,10,17,3,10,12,5,1,6,1,0,0,0,9.0,5.0,1.3,9.0,5.0,1.25,8.0,5.0,1.25,2006/7,€8.35m,€92.70m,8.5,5.0,1.25
SC0,14/10/2006,Falkirk,St Mirren,1,1,D,0,0,D,W Collum,12,9,4,2,13,8,4,5,3,0,0,0,2.37,3.2,2.62,2.2,3.2,2.9,2.25,3.2,2.75,2006/7,€12.50m,€6.83m,2.25,3.2,2.8
SC0,14/10/2006,Kilmarnock,Aberdeen,1,0,H,0,0,D,S Conroy,17,8,8,2,8,15,7,7,1,2,0,0,2.3,3.2,2.7,2.3,3.2,2.75,2.2,3.2,2.8,2006/7,€9.40m,€7.58m,2.25,3.25,2.75
SC0,14/10/2006,Motherwell,Dunfermline,2,1,H,0,0,D,D McDonald,13,5,6,1,7,18,7,6,1,3,0,0,1.95,3.25,3.3,2.1,3.2,3.1,2.0,3.2,3.2,2006/7,€11.85m,€8.88m,2.0,3.25,3.25
SC0,14/10/2006,Rangers,Inverness C,0,1,A,0,0,D,I Brines,18,6,6,5,12,9,8,0,2,2,0,0,1.28,5.0,8.0,1.25,5.0,9.0,1.25,4.5,10.0,2006/7,€67.35m,€7.53m,1.22,5.5,9.0
SC0,15/10/2006,Hibernian,Hearts,2,2,D,2,1,H,C Richmond,12,9,5,5,23,24,7,3,5,4,0,1,2.87,3.25,2.37,2.8,3.2,2.25,2.75,3.2,2.25,2006/7,€17.98m,€29.03m,2.6,3.2,2.35
SC0,21/10/2006,Aberdeen,Dundee United,3,1,H,1,0,H,C Thomson,13,2,7,1,14,11,10,4,4,1,0,0,1.7,3.4,4.33,1.7,3.4,4.35,1.66,3.3,4.5,2006/7,€7.58m,€8.35m,1.65,3.4,4.5
SC0,21/10/2006,Celtic,Motherwell,2,1,H,1,0,H,A Freeland,8,9,4,2,10,14,8,4,0,0,0,0,1.14,6.5,12.0,1.15,6.0,13.5,1.14,6.0,12.0,2006/7,€92.70m,€11.85m,1.17,6.0,11.0
SC0,21/10/2006,Hearts,Kilmarnock,0,2,A,0,2,A,K Clark,9,9,5,4,14,15,7,4,4,3,0,0,1.45,3.75,6.0,1.45,4.0,5.9,1.5,3.4,6.0,2006/7,€29.03m,€9.40m,1.4,3.75,7.5
SC0,21/10/2006,Inverness C,Falkirk,3,2,H,0,1,A,S Dougal,12,4,6,2,10,7,5,3,2,2,0,0,1.85,3.25,3.6,1.8,3.4,3.8,1.8,3.2,4.0,2006/7,€7.53m,€12.50m,1.85,3.25,3.75
SC0,22/10/2006,St Mirren,Rangers,2,3,A,1,2,A,C Murray,3,7,3,5,13,11,2,4,1,1,0,0,5.5,3.6,1.57,5.9,4.0,1.45,5.5,3.5,1.53,2006/7,€6.83m,€67.35m,6.5,3.75,1.45
SC0,23/10/2006,Dunfermline,Hibernian,0,4,A,0,1,A,M McCurry,4,16,2,9,10,7,3,6,1,0,0,0,3.6,3.25,2.0,3.1,3.2,2.1,2.75,3.2,2.25,2006/7,€8.88m,€17.98m,2.8,3.25,2.2
SC0,28/10/2006,Falkirk,Dundee United,5,1,H,2,0,H,D McDonald,8,10,4,0,11,16,5,3,0,3,0,1,2.1,3.25,3.0,2.0,3.2,3.35,2.0,3.2,3.2,2006/7,€12.50m,€8.35m,2.0,3.25,3.25
SC0,28/10/2006,Hearts,Dunfermline,1,1,D,1,0,H,B Winter,13,9,7,4,19,17,15,5,2,2,0,0,1.33,4.5,7.0,1.35,4.5,6.8,1.3,4.33,8.0,2006/7,€29.03m,€8.88m,1.3,4.35,8.5
SC0,28/10/2006,Rangers,Motherwell,1,1,D,1,0,H,C Richmond,17,5,13,1,14,16,13,0,0,3,0,0,1.25,5.0,9.0,1.25,5.0,9.0,1.2,5.0,11.0,2006/7,€67.35m,€11.85m,1.22,5.0,10.0
SC0,28/10/2006,St Mirren,Inverness C,1,1,D,0,1,A,M Tumilty,10,8,5,2,12,19,9,2,1,5,0,0,2.4,3.2,2.6,2.4,3.2,2.6,2.37,3.2,2.6,2006/7,€6.83m,€7.53m,2.5,3.25,2.5
SC0,29/10/2006,Kilmarnock,Celtic,1,2,A,0,0,D,J Underhill,6,11,3,5,14,11,2,5,1,2,0,0,7.5,4.0,1.44,6.8,4.5,1.35,7.0,3.75,1.4,2006/7,€9.40m,€92.70m,6.5,3.75,1.45
SC0,30/10/2006,Aberdeen,Hibernian,2,1,H,0,0,D,K Clark,10,6,4,4,20,19,2,2,3,6,0,1,2.6,3.25,2.6,2.25,3.2,2.85,2.1,3.2,3.0,2006/7,€7.58m,€17.98m,2.35,3.25,2.65
SC0,04/11/2006,Celtic,Hearts,2,1,H,0,0,D,C Thomson,12,11,6,3,11,19,3,5,1,2,0,0,1.5,4.0,6.5,1.4,4.0,7.0,1.44,3.75,6.0,2006/7,€92.70m,€29.03m,1.45,3.6,7.0
SC0,04/11/2006,Dunfermline,Falkirk,0,3,A,0,1,A,I Brines,7,10,3,5,15,9,5,4,4,2,0,0,2.3,3.2,2.7,2.25,3.2,2.85,2.25,3.2,2.75,2006/7,€8.88m,€12.50m,2.4,3.25,2.5
SC0,04/11/2006,Hibernian,Kilmarnock,2,2,D,0,0,D,C Richmond,7,2,5,1,17,18,5,5,1,2,0,0,1.85,3.25,3.75,1.9,3.3,3.55,1.91,3.25,3.4,2006/7,€17.98m,€9.40m,1.9,3.25,3.5
SC0,04/11/2006,Motherwell,St Mirren,0,0,D,0,0,D,C McKay,10,12,3,5,13,10,4,7,2,0,0,0,2.0,3.25,3.25,2.05,3.25,3.15,2.0,3.2,3.2,2006/7,€11.85m,€6.83m,2.0,3.25,3.25
SC0,05/11/2006,Dundee United,Rangers,2,1,H,0,0,D,K Clarke,14,10,7,3,13,15,8,4,1,1,0,0,7.5,4.33,1.4,7.5,4.25,1.35,7.0,3.75,1.4,2006/7,€8.35m,€67.35m,7.5,4.0,1.35
SC0,06/11/2006,Inverness C,Aberdeen,1,1,D,0,0,D,D McDonald,9,12,6,4,16,15,7,6,1,2,0,0,2.25,3.25,2.75,2.2,3.2,2.9,2.25,3.2,2.75,2006/7,€7.53m,€7.58m,2.25,3.25,2.75
SC0,11/11/2006,Aberdeen,Motherwell,2,1,H,0,0,D,C Richmond,10,3,3,1,9,8,10,0,0,3,0,0,1.83,3.25,3.75,1.7,3.4,4.35,1.83,3.2,3.75,2006/7,€7.58m,€11.85m,1.8,3.25,4.0
SC0,11/11/2006,Dundee United,Kilmarnock,1,0,H,0,0,D,W Collum,11,7,4,1,18,11,5,7,2,1,0,0,2.8,3.2,2.25,2.7,3.2,2.35,2.5,3.2,2.5,2006/7,€8.35m,€9.40m,2.5,3.2,2.5
SC0,11/11/2006,Hibernian,Inverness C,2,0,H,0,0,D,J Underhill,12,8,7,6,6,16,7,5,0,1,0,1,1.9,3.25,3.5,1.85,3.35,3.7,1.9,3.25,3.4,2006/7,€17.98m,€7.53m,1.9,3.25,3.5
SC0,11/11/2006,Rangers,Dunfermline,2,0,H,0,0,D,S Conroy,16,6,8,2,9,17,13,4,1,2,0,0,1.22,5.0,10.0,1.2,5.5,10.5,1.2,5.0,11.0,2006/7,€67.35m,€8.88m,1.25,5.0,8.5
SC0,12/11/2006,St Mirren,Celtic,1,3,A,0,2,A,S Dougal,7,11,3,4,12,13,4,1,2,0,0,0,10.0,5.0,1.28,7.5,4.75,1.3,8.0,4.5,1.28,2006/7,€6.83m,€92.70m,8.5,4.5,1.28
SC0,13/11/2006,Falkirk,Hearts,1,1,D,0,0,D,M McCurry,11,11,9,5,10,21,3,4,1,2,0,0,3.6,3.25,1.85,3.8,3.4,1.8,3.75,3.2,1.83,2006/7,€12.50m,€29.03m,3.25,3.25,2.0
SC0,18/11/2006,Aberdeen,St Mirren,2,0,H,0,0,D,E Smith,9,3,7,2,9,12,9,4,0,1,0,0,1.8,3.25,4.0,1.7,3.4,4.35,1.72,3.2,4.33,2006/7,€7.58m,€6.83m,1.65,3.4,4.5
SC0,18/11/2006,Celtic,Inverness C,3,0,H,1,0,H,K Clarke,16,6,8,3,4,16,12,8,0,1,0,0,1.16,6.0,11.0,1.2,5.5,10.5,1.16,5.5,12.0,2006/7,€92.70m,€7.53m,1.17,6.0,11.0
SC0,18/11/2006,Dunfermline,Dundee United,2,1,H,0,0,D,A Freeland,9,9,4,2,12,12,4,6,1,0,0,0,2.5,3.2,2.5,2.6,3.2,2.4,2.5,3.2,2.5,2006/7,€8.88m,€8.35m,2.5,3.2,2.5
SC0,18/11/2006,Kilmarnock,Falkirk,2,1,H,0,1,A,C Richmond,3,12,1,5,18,17,6,8,2,5,1,0,1.9,3.25,3.5,1.95,3.25,3.45,1.8,3.3,3.75,2006/7,€9.40m,€12.50m,1.9,3.25,3.5
SC0,18/11/2006,Motherwell,Hibernian,1,6,A,0,4,A,I Brines,12,18,4,10,13,16,8,5,2,1,0,0,2.7,3.2,2.3,2.85,3.2,2.25,2.6,3.2,2.37,2006/7,€11.85m,€17.98m,2.7,3.25,2.3
SC0,19/11/2006,Hearts,Rangers,0,1,A,0,0,D,D McDonald,9,8,2,3,14,12,7,10,2,5,0,0,2.62,3.2,2.6,2.5,3.2,2.5,2.4,3.25,2.5,2006/7,€29.03m,€67.35m,2.5,3.2,2.5
SC0,25/11/2006,Dunfermline,Aberdeen,0,3,A,0,0,D,M Tumilty,12,7,3,6,16,13,3,5,2,0,0,0,3.0,3.25,2.1,3.1,3.2,2.1,3.0,3.2,2.1,2006/7,€8.88m,€7.58m,3.25,3.25,2.0
SC0,25/11/2006,Inverness C,Hearts,0,0,D,0,0,D,I Brines,10,8,2,4,14,15,4,4,2,2,0,0,2.8,3.2,2.25,2.85,3.2,2.25,2.4,3.25,2.5,2006/7,€7.53m,€29.03m,2.6,3.2,2.35
SC0,25/11/2006,Motherwell,Falkirk,4,2,H,1,1,D,C Thomson,9,6,2,3,18,10,2,5,4,5,0,1,2.37,3.2,2.62,2.35,3.2,2.7,2.37,3.2,2.6,2006/7,€11.85m,€12.50m,2.35,3.2,2.6
SC0,26/11/2006,Dundee United,St Mirren,1,0,H,0,0,D,B Winter,8,7,4,4,14,10,6,6,1,1,0,0,2.1,3.25,3.0,2.0,3.25,3.3,2.1,3.2,3.0,2006/7,€8.35m,€6.83m,2.1,3.25,3.0
SC0,26/11/2006,Hibernian,Celtic,2,2,D,1,0,H,M McCurry,12,6,6,6,15,15,7,7,4,3,0,0,5.5,3.8,1.57,5.6,3.75,1.5,6.0,3.75,1.44,2006/7,€17.98m,€92.70m,6.0,3.5,1.5
SC0,26/11/2006,Rangers,Kilmarnock,3,0,H,2,0,H,K Clarke,20,3,13,0,12,13,6,5,0,0,0,0,1.4,4.0,6.5,1.35,4.25,7.5,1.4,3.75,7.0,2006/7,€67.35m,€9.40m,1.28,4.5,8.5
SC0,02/12/2006,Celtic,Aberdeen,1,0,H,0,0,D,D McDonald,14,3,7,3,7,12,7,1,1,1,0,0,1.33,4.75,9.0,1.25,4.9,9.5,1.25,5.0,8.0,2006/7,€92.70m,€7.58m,1.22,5.5,8.5
SC0,02/12/2006,Hibernian,Dundee United,2,1,H,1,1,D,S Conroy,12,6,5,3,15,16,4,3,1,3,0,0,1.5,3.75,5.5,1.55,3.7,5.1,1.5,3.4,6.0,2006/7,€17.98m,€8.35m,1.5,3.4,6.5
SC0,02/12/2006,Inverness C,Motherwell,0,1,A,0,0,D,E Smith,5,5,5,1,13,14,5,2,3,1,1,0,1.9,3.25,3.5,1.9,3.3,3.55,1.9,3.25,3.4,2006/7,€7.53m,€11.85m,1.9,3.25,3.5
SC0,02/12/2006,Kilmarnock,Dunfermline,5,1,H,4,1,H,J Underhill,9,4,4,3,6,17,5,3,0,3,0,1,1.57,3.6,5.0,1.55,3.7,5.1,1.57,3.5,5.0,2006/7,€9.40m,€8.88m,1.5,3.4,6.5
SC0,02/12/2006,St Mirren,Hearts,2,2,D,2,1,H,C Richmond,11,12,6,8,16,15,3,5,3,4,0,1,3.25,3.25,2.0,3.3,3.25,2.0,3.2,3.2,2.0,2006/7,€6.83m,€29.03m,3.25,3.25,2.0
SC0,03/12/2006,Falkirk,Rangers,1,0,H,1,0,H,S Dougal,10,15,4,7,8,12,3,13,1,3,0,0,7.0,3.75,1.5,7.0,4.0,1.4,6.5,4.0,1.4,2006/7,€12.50m,€67.35m,7.5,4.0,1.35
SC0,09/12/2006,Aberdeen,Falkirk,2,1,H,2,0,H,J Underhill,12,13,4,5,11,16,1,5,1,1,0,0,1.61,3.4,5.0,1.65,3.45,4.65,1.62,3.5,4.5,2006/7,€7.58m,€12.50m,1.6,3.4,5.0
SC0,09/12/2006,Dundee United,Inverness C,3,1,H,1,1,D,S Dougal,16,6,11,4,18,20,6,1,3,4,0,0,2.25,3.25,2.75,2.2,3.2,2.9,2.2,3.2,2.8,2006/7,€8.35m,€7.53m,2.25,3.25,2.75
SC0,09/12/2006,Hearts,Motherwell,4,1,H,1,1,D,C MacKay,20,5,9,1,20,18,5,9,2,2,0,0,1.5,3.6,6.5,1.6,3.45,5.15,1.57,3.5,5.0,2006/7,€29.03m,€11.85m,1.65,3.4,4.5
SC0,09/12/2006,Kilmarnock,St Mirren,1,1,D,0,0,D,M McCurry,9,3,5,2,12,11,3,2,0,1,0,0,1.66,3.4,4.5,1.65,3.45,4.65,1.62,3.5,4.5,2006/7,€9.40m,€6.83m,1.55,3.4,5.5
SC0,09/12/2006,Rangers,Hibernian,3,0,H,3,0,H,I Brines,15,14,11,8,22,16,12,3,3,3,0,1,1.72,3.5,4.75,1.55,3.65,5.25,1.53,3.5,5.5,2006/7,€67.35m,€17.98m,1.6,3.4,5.0
SC0,10/12/2006,Dunfermline,Celtic,1,2,A,0,0,D,C Thomson,3,10,1,4,18,3,3,5,1,0,0,0,11.0,6.0,1.22,10.5,5.5,1.2,11.0,5.0,1.2,2006/7,€8.88m,€92.70m,8.5,6.0,1.2
SC0,16/12/2006,Falkirk,Hibernian,2,1,H,2,0,H,C Richmond,13,19,3,9,16,20,1,6,2,4,0,0,2.7,3.2,2.3,2.75,3.2,2.3,2.75,3.2,2.25,2006/7,€12.50m,€17.98m,2.75,3.25,2.25
SC0,16/12/2006,Hearts,Aberdeen,0,1,A,0,0,D,S Dougal,9,5,2,2,16,15,2,6,1,2,0,0,1.83,3.25,3.75,1.9,3.3,3.55,1.9,3.25,3.4,2006/7,€29.03m,€7.58m,1.9,3.25,3.5
SC0,16/12/2006,Inverness C,Kilmarnock,3,4,A,3,2,H,J Underhill,9,7,5,3,11,7,6,2,2,2,0,0,2.37,3.2,2.62,2.3,3.2,2.75,2.37,3.2,2.6,2006/7,€7.53m,€9.40m,2.35,3.2,2.65
SC0,16/12/2006,Motherwell,Dundee United,2,3,A,0,2,A,M McCurry,9,5,5,4,7,16,6,5,1,1,0,1,2.2,3.2,2.87,2.2,3.2,2.9,2.1,3.2,3.0,2006/7,€11.85m,€8.35m,2.2,3.2,2.8
SC0,16/12/2006,St Mirren,Dunfermline,0,0,D,0,0,D,S Finnie,9,10,5,5,14,22,7,7,0,3,0,0,1.8,3.25,4.0,1.8,3.35,3.9,1.9,3.2,3.5,2006/7,€6.83m,€8.88m,1.8,3.25,4.0
SC0,17/12/2006,Rangers,Celtic,1,1,D,0,1,A,K Clarke,21,9,12,6,15,14,9,1,1,2,0,0,2.75,3.2,2.5,2.75,3.2,2.3,2.5,3.2,2.5,2006/7,€67.35m,€92.70m,2.6,3.2,2.4
SC0,23/12/2006,Aberdeen,Rangers,1,2,A,0,2,A,D McDonald,11,12,4,8,15,20,1,5,3,0,0,0,3.0,3.25,2.3,3.15,3.25,2.05,3.0,3.2,2.1,2006/7,€7.58m,€67.35m,2.9,3.2,2.2
SC0,23/12/2006,Celtic,Falkirk,1,0,H,1,0,H,I Brines,10,12,6,6,14,9,2,4,3,4,1,0,1.18,6.0,12.0,1.15,6.5,11.5,1.14,6.0,12.0,2006/7,€92.70m,€12.50m,1.15,6.0,11.0
SC0,23/12/2006,Dundee United,Hearts,0,1,A,0,0,D,C Richmond,12,9,6,4,20,23,8,1,2,4,0,0,2.7,3.25,2.4,2.75,3.2,2.3,2.6,3.2,2.38,2006/7,€8.35m,€29.03m,2.65,3.2,2.35
SC0,23/12/2006,Dunfermline,Inverness C,0,0,D,0,0,D,W Collum,5,3,1,1,13,13,5,7,5,3,1,0,2.7,3.25,2.4,2.5,3.15,2.55,2.38,3.2,2.6,2006/7,€8.88m,€7.53m,2.5,3.2,2.5
SC0,23/12/2006,Hibernian,St Mirren,5,1,H,2,1,H,C Thomson,17,4,11,2,16,10,6,1,0,1,0,0,1.57,3.4,6.0,1.55,3.55,5.45,1.53,3.5,5.5,2006/7,€17.98m,€6.83m,1.55,3.4,5.5
SC0,23/12/2006,Kilmarnock,Motherwell,1,2,A,1,2,A,B Winter,10,7,2,4,17,13,9,2,1,3,1,2,1.61,3.6,5.0,1.6,3.45,5.15,1.62,3.25,5.0,2006/7,€9.40m,€11.85m,1.6,3.4,5.0
SC0,26/12/2006,Aberdeen,Kilmarnock,3,1,H,2,0,H,W Collum,14,2,8,1,9,20,7,3,1,3,0,0,1.8,3.4,3.8,1.85,3.3,3.75,1.8,3.3,3.75,2006/7,€7.58m,€9.40m,1.8,3.25,4.0
SC0,26/12/2006,Celtic,Dundee United,2,2,D,0,1,A,B Winter,9,8,4,2,10,16,10,1,0,3,0,0,1.12,6.5,17.0,1.13,6.5,14.0,1.17,5.5,12.0,2006/7,€92.70m,€8.35m,1.17,6.0,11.0
SC0,26/12/2006,Dunfermline,Motherwell,0,2,A,0,1,A,B Winter,9,8,4,2,10,16,10,1,0,3,0,0,2.5,3.25,2.5,2.3,3.2,2.75,2.5,3.2,2.5,2006/7,€8.88m,€11.85m,2.4,3.2,2.6
SC0,26/12/2006,Hearts,Hibernian,3,2,H,1,0,H,M McCurry,10,10,8,5,18,21,4,4,2,4,0,1,2.1,3.2,3.2,1.9,3.3,3.55,2.1,3.2,3.0,2006/7,€29.03m,€17.98m,2.1,3.1,3.2
SC0,26/12/2006,St Mirren,Falkirk,1,0,H,0,0,D,S Conroy,4,12,2,6,15,11,4,9,1,2,0,0,2.3,3.25,2.75,2.35,3.2,2.7,2.25,3.5,2.5,2006/7,€6.83m,€12.50m,2.35,3.2,2.65
SC0,27/12/2006,Inverness C,Rangers,2,1,H,1,1,D,C Thomson,15,12,8,4,15,9,6,4,2,2,0,0,6.5,3.5,1.5,6.4,3.8,1.45,6.0,3.75,1.44,2006/7,€7.53m,€67.35m,6.5,4.0,1.4
SC0,30/12/2006,Dundee United,Aberdeen,3,1,H,0,0,D,J Underhill,11,6,5,4,14,10,5,4,3,2,0,1,2.62,3.2,2.37,2.8,3.2,2.25,2.75,3.2,2.25,2006/7,€8.35m,€7.58m,2.65,3.2,2.35
SC0,30/12/2006,Falkirk,Inverness C,3,1,H,3,0,H,M Tumilty,14,3,6,2,6,16,3,5,1,3,0,1,2.0,3.25,3.25,1.95,3.25,3.4,2.1,3.2,3.0,2006/7,€12.50m,€7.53m,2.0,3.25,3.25
SC0,30/12/2006,Hibernian,Dunfermline,2,0,H,0,0,D,I Brines,18,3,3,1,7,26,3,1,0,4,0,0,1.33,4.2,8.0,1.37,4.0,7.5,1.4,3.75,7.0,2006/7,€17.98m,€8.88m,1.4,3.75,7.5
SC0,30/12/2006,Kilmarnock,Hearts,0,0,D,0,0,D,D McDonald,12,17,3,6,20,11,4,9,1,1,0,0,2.6,3.2,2.4,2.55,3.2,2.45,2.6,3.2,2.37,2006/7,€9.40m,€29.03m,2.65,3.2,2.35
SC0,30/12/2006,Motherwell,Celtic,1,1,D,0,1,A,C Richmond,10,12,7,5,11,9,4,4,0,1,0,0,9.5,4.5,1.33,8.25,4.5,1.3,8.0,4.0,1.33,2006/7,€11.85m,€92.70m,8.0,4.35,1.3
SC0,30/12/2006,Rangers,St Mirren,1,1,D,1,1,D,E Smith,12,8,6,4,15,11,10,0,1,1,0,0,1.2,5.0,12.0,1.2,5.5,10.5,1.22,5.0,10.0,2006/7,€67.35m,€6.83m,1.2,5.0,12.0
SC0,01/01/2007,Dundee United,Falkirk,1,5,A,1,2,A,D McDonald,12,8,5,8,12,10,6,3,1,1,0,0,2.1,3.25,3.0,2.05,3.2,3.2,1.9,3.25,3.4,2006/7,€8.35m,€12.50m,2.0,3.25,3.25
SC0,01/01/2007,Inverness C,St Mirren,2,1,H,2,0,H,A Freeland,8,5,5,4,13,7,5,5,2,0,0,0,2.0,3.25,3.25,2.0,3.2,3.35,2.1,3.2,3.0,2006/7,€7.53m,€6.83m,2.0,3.25,3.25
SC0,02/01/2007,Celtic,Kilmarnock,2,0,H,1,0,H,S Conroy,17,7,6,1,8,14,7,7,0,1,0,0,1.2,5.5,11.0,1.2,5.0,12.5,1.2,5.0,11.0,2006/7,€92.70m,€9.40m,1.2,5.0,12.0
SC0,02/01/2007,Dunfermline,Hearts,0,1,A,0,1,A,C Thomson,7,12,3,5,11,9,3,13,2,0,0,0,4.0,3.5,1.72,4.35,3.4,1.7,4.5,3.3,1.66,2006/7,€8.88m,€29.03m,4.5,3.4,1.65
SC0,02/01/2007,Hibernian,Aberdeen,0,0,D,0,0,D,B Winter,13,5,5,4,19,18,4,3,2,1,0,0,2.1,3.25,3.0,2.15,3.25,2.95,2.25,3.2,2.75,2006/7,€17.98m,€7.58m,2.1,3.25,3.0
SC0,02/01/2007,Motherwell,Rangers,0,1,A,0,0,D,M McCurry,11,11,8,6,13,10,5,6,0,0,1,1,5.5,3.5,1.53,5.5,3.65,1.53,5.5,3.5,1.53,2006/7,€11.85m,€67.35m,6.5,3.75,1.45
SC0,13/01/2007,Aberdeen,Inverness C,1,1,D,0,0,D,M McCurry,5,10,2,3,14,15,3,5,1,0,0,0,1.72,3.4,4.33,1.65,3.4,4.75,1.66,3.3,4.5,2006/7,€7.58m,€7.53m,1.75,3.25,4.35
SC0,13/01/2007,Falkirk,Dunfermline,1,0,H,0,0,D,E Smith,6,4,5,1,13,14,2,6,0,4,0,0,1.72,3.4,4.33,1.6,3.45,5.15,1.66,3.3,4.5,2006/7,€12.50m,€8.88m,1.6,3.4,5.0
SC0,13/01/2007,Rangers,Dundee United,5,0,H,2,0,H,C MacKay,12,6,7,3,9,17,6,4,1,1,0,0,1.33,4.0,8.5,1.3,4.5,8.5,1.33,4.0,8.0,2006/7,€67.35m,€8.35m,1.35,4.0,7.5
SC0,14/01/2007,Hearts,Celtic,1,2,A,1,0,H,K Clarke,11,11,7,9,10,27,6,3,1,1,0,0,4.0,3.3,1.9,4.0,3.3,1.8,3.5,3.2,1.9,2006/7,€29.03m,€92.70m,3.75,3.25,1.85
SC0,15/01/2007,Kilmarnock,Hibernian,0,2,A,0,0,D,C Richmond,9,12,4,6,19,21,4,5,3,5,1,0,2.7,3.25,2.5,2.4,3.2,2.6,2.37,3.2,2.6,2006/7,€9.40m,€17.98m,2.4,3.2,2.6
SC0,20/01/2007,Celtic,St Mirren,5,1,H,1,0,H,C Thomson,13,4,6,2,4,9,6,0,0,1,0,0,1.12,6.5,15.0,1.13,6.5,14.0,1.14,6.0,12.0,2006/7,€92.70m,€6.83m,1.14,6.0,13.0
SC0,20/01/2007,Hearts,Falkirk,1,0,H,0,0,D,S Conroy,13,10,5,4,10,12,0,5,2,1,0,1,1.61,3.6,4.5,1.6,3.5,5.0,1.53,3.5,5.5,2006/7,€29.03m,€12.50m,1.6,3.4,5.0
SC0,20/01/2007,Kilmarnock,Dundee United,1,0,H,0,0,D,M Tumilty,9,6,4,4,18,20,6,3,0,2,0,0,2.0,3.25,3.25,1.9,3.3,3.55,1.83,3.2,3.75,2006/7,€9.40m,€8.35m,2.0,3.25,3.25
SC0,21/01/2007,Dunfermline,Rangers,0,1,A,0,1,A,J Underhill,6,14,4,9,9,8,7,6,4,3,0,0,8.0,4.5,1.36,7.5,4.25,1.35,7.0,3.75,1.4,2006/7,€8.88m,€67.35m,7.5,4.0,1.35
SC0,21/01/2007,Inverness C,Hibernian,3,0,H,3,0,H,W Collum,12,4,7,1,12,10,3,4,0,3,0,0,2.6,3.2,2.4,2.55,3.2,2.45,2.5,3.2,2.5,2006/7,€7.53m,€17.98m,2.75,3.2,2.25
SC0,27/01/2007,Dundee United,Dunfermline,0,0,D,0,0,D,D McDonald,13,4,5,0,17,17,4,3,2,3,0,0,1.66,3.5,4.33,1.7,3.3,4.5,1.66,3.3,4.5,2006/7,€8.35m,€8.88m,1.65,3.4,4.5
SC0,27/01/2007,Falkirk,Kilmarnock,0,2,A,0,2,A,C Thomson,5,10,3,4,5,13,5,3,0,3,0,0,2.1,3.25,3.1,2.0,3.25,3.3,2.1,3.2,3.0,2006/7,€12.50m,€9.40m,2.1,3.25,3.0
SC0,27/01/2007,Hibernian,Motherwell,2,0,H,0,0,D,M McCurry,10,2,7,1,14,14,4,4,0,0,0,0,1.57,3.6,5.0,1.65,3.4,4.75,1.61,3.5,4.5,2006/7,€17.98m,€11.85m,1.55,3.25,5.5
SC0,27/01/2007,Rangers,Hearts,0,0,D,0,0,D,C Richmond,10,9,5,3,15,18,11,3,1,1,0,0,1.66,3.6,5.0,1.6,3.5,5.0,1.61,3.25,5.0,2006/7,€67.35m,€29.03m,1.6,3.4,5.0
SC0,27/01/2007,St Mirren,Aberdeen,0,2,A,0,2,A,K Clarke,2,8,0,5,10,12,5,5,0,1,0,0,2.75,3.25,2.25,2.85,3.2,2.25,2.6,3.2,2.37,2006/7,€6.83m,€7.58m,2.75,3.2,2.25
SC0,28/01/2007,Inverness C,Celtic,1,2,A,0,1,A,I Brines,11,10,6,4,10,11,5,6,0,2,0,1,6.5,4.33,1.36,7.5,4.25,1.35,7.0,4.0,1.36,2006/7,€7.53m,€92.70m,7.5,4.35,1.33
SC0,10/02/2007,Aberdeen,Dunfermline,3,0,H,1,0,H,B Winter,7,5,3,2,10,7,0,3,0,1,0,0,1.44,3.75,6.5,1.45,4.0,6.0,1.5,3.4,6.0,2006/7,€7.58m,€8.88m,1.4,3.75,7.0
SC0,10/02/2007,Celtic,Hibernian,1,0,H,0,0,D,S Dougal,8,4,3,2,11,13,7,5,1,1,0,1,1.36,4.5,8.0,1.27,5.0,8.25,1.28,4.33,9.0,2006/7,€92.70m,€17.98m,1.28,4.5,8.5
SC0,10/02/2007,Falkirk,Motherwell,1,2,A,0,0,D,C Thomas,12,7,3,3,16,10,5,3,3,2,0,0,2.2,3.2,2.87,2.1,3.2,3.1,2.1,3.2,3.0,2006/7,€12.50m,€11.85m,2.1,3.25,3.0
SC0,10/02/2007,Hearts,Inverness C,1,0,H,0,0,D,E Smith,3,6,1,2,12,10,4,7,1,1,0,0,1.61,3.4,5.0,1.6,3.5,5.0,1.57,3.5,5.0,2006/7,€29.03m,€7.53m,1.6,3.4,5.0
SC0,10/02/2007,St Mirren,Dundee United,0,1,A,0,0,D,M McCurry,7,13,1,6,10,16,3,2,2,1,0,0,2.25,3.25,2.75,2.25,3.2,2.85,2.25,3.2,2.75,2006/7,€6.83m,€8.35m,2.35,3.2,2.65
SC0,11/02/2007,Kilmarnock,Rangers,1,3,A,0,2,A,D McDonald,8,11,4,5,13,16,4,3,3,2,0,0,5.5,3.8,1.57,6.0,3.6,1.5,5.0,3.5,1.57,2006/7,€9.40m,€67.35m,5.5,3.5,1.53
SC0,17/02/2007,Aberdeen,Celtic,1,2,A,0,2,A,C Thomson,13,7,8,5,10,14,9,4,3,1,0,0,4.0,3.5,1.83,4.1,3.4,1.75,4.0,3.4,1.72,2006/7,€7.58m,€92.70m,4.0,3.4,1.75
SC0,17/02/2007,Dunfermline,Kilmarnock,1,1,D,1,1,D,D Sommers,16,6,5,4,13,21,9,5,1,4,0,1,3.3,3.25,2.15,2.9,3.2,2.2,2.8,3.2,2.2,2006/7,€8.88m,€9.40m,2.9,3.25,2.2
SC0,17/02/2007,Hearts,St Mirren,1,1,D,0,1,A,D McDonald,12,3,7,3,24,19,12,3,2,2,0,0,1.44,3.5,7.5,1.4,4.0,7.0,1.36,3.75,8.0,2006/7,€29.03m,€6.83m,1.4,3.75,7.0
SC0,17/02/2007,Motherwell,Inverness C,1,0,H,1,0,H,M Tumilty,10,10,5,6,19,16,11,1,2,1,0,0,2.25,3.2,2.8,2.2,3.2,2.9,2.1,3.2,3.0,2006/7,€11.85m,€7.53m,2.2,3.25,2.8
SC0,18/02/2007,Dundee United,Hibernian,0,0,D,0,0,D,K Clarke,9,6,2,0,18,18,3,6,1,2,0,0,3.0,3.25,2.3,2.7,3.2,2.35,2.75,3.2,2.25,2006/7,€8.35m,€17.98m,2.75,3.2,2.25
SC0,18/02/2007,Rangers,Falkirk,2,1,H,1,0,H,S Dougal,11,8,7,5,11,20,2,2,2,4,0,1,1.25,5.0,13.0,1.25,5.0,9.0,1.25,4.5,10.0,2006/7,€67.35m,€12.50m,1.2,5.5,10.0
SC0,20/02/2007,St Mirren,Motherwell,0,0,D,0,0,D,I Brines,11,4,3,2,15,15,5,2,2,1,0,0,2.25,3.25,2.75,2.45,3.2,2.55,2.6,3.2,2.37,2006/7,€6.83m,€11.85m,2.4,3.2,2.6
SC0,03/03/2007,Celtic,Dunfermline,2,1,H,1,0,H,S Conroy,12,3,6,2,7,22,7,1,1,2,0,0,1.16,6.5,15.0,1.15,6.5,12.0,1.14,6.0,12.0,2006/7,€92.70m,€8.88m,1.14,6.5,12.0
SC0,03/03/2007,Falkirk,Aberdeen,1,2,A,0,1,A,I Brines,17,4,9,2,15,13,6,3,2,3,0,0,2.9,3.25,2.15,2.9,3.15,2.25,2.75,3.2,2.25,2006/7,€12.50m,€7.58m,2.75,3.25,2.25
SC0,03/03/2007,Inverness C,Dundee United,1,0,H,0,0,D,S Finnie,8,11,4,3,11,18,2,7,2,1,1,0,2.1,3.25,3.0,2.2,3.0,3.15,2.0,3.2,3.2,2006/7,€7.53m,€8.35m,2.1,3.25,3.0
SC0,03/03/2007,St Mirren,Kilmarnock,0,2,A,0,0,D,W Collum,6,8,3,5,10,12,7,6,2,3,0,0,2.6,3.2,2.4,2.65,3.2,2.4,2.75,3.2,2.25,2006/7,€6.83m,€9.40m,2.6,3.25,2.35
SC0,04/03/2007,Hibernian,Rangers,0,2,A,0,1,A,C Richmond,10,8,2,5,14,18,6,4,3,3,0,0,3.75,3.2,2.0,3.8,3.25,1.85,3.75,3.2,1.83,2006/7,€17.98m,€67.35m,3.75,3.25,1.85
SC0,05/03/2007,Motherwell,Hearts,0,2,A,0,1,A,S Dougal,9,9,7,4,15,23,10,4,4,4,0,0,3.25,3.2,2.2,3.0,3.2,2.15,3.0,3.2,2.1,2006/7,€11.85m,€29.03m,3.0,3.25,2.1
SC0,10/03/2007,Aberdeen,Hearts,1,0,H,1,0,H,S Conroy,7,4,4,1,8,23,0,2,0,5,0,1,2.3,3.2,2.7,2.3,3.2,2.75,2.37,3.2,2.6,2006/7,€7.58m,€29.03m,2.35,3.2,2.65
SC0,10/03/2007,Dundee United,Motherwell,1,1,D,1,1,D,D McDonald,11,7,7,3,16,15,9,3,3,2,0,1,2.3,3.2,2.7,2.2,3.2,2.9,2.2,3.2,2.8,2006/7,€8.35m,€11.85m,2.25,3.25,2.75
SC0,10/03/2007,Dunfermline,St Mirren,0,0,D,0,0,D,C Richmond,11,6,6,1,23,13,8,3,5,4,0,0,2.37,3.2,2.62,2.35,3.2,2.7,2.2,3.25,2.75,2006/7,€8.88m,€6.83m,2.25,3.25,2.75
SC0,10/03/2007,Hibernian,Falkirk,2,0,H,0,0,D,C Thomson,14,6,6,1,22,10,7,1,1,2,0,1,1.5,3.75,5.5,1.5,3.6,6.0,1.53,3.5,5.5,2006/7,€17.98m,€12.50m,1.55,3.4,5.5
SC0,10/03/2007,Kilmarnock,Inverness C,3,2,H,3,1,H,A Freeland,13,9,6,4,15,16,5,9,2,3,0,0,1.9,3.25,3.5,1.85,3.25,3.8,1.8,3.3,3.75,2006/7,€9.40m,€7.53m,1.9,3.25,3.6
SC0,11/03/2007,Celtic,Rangers,0,1,A,0,0,D,S Dougal,15,4,3,3,14,15,4,4,2,3,0,0,1.9,3.25,4.0,1.83,3.2,4.0,1.83,3.2,3.75,2006/7,€92.70m,€67.35m,1.9,3.2,3.6
SC0,13/03/2007,Motherwell,Aberdeen,0,2,A,0,1,A,D McDonald,5,5,3,4,10,18,9,5,0,2,0,0,3.1,3.25,2.25,2.9,3.2,2.2,2.8,3.2,2.2,2006/7,€11.85m,€7.58m,2.9,3.2,2.2
SC0,17/03/2007,Hearts,Dundee United,0,4,A,0,0,D,C MacKay,12,14,2,9,14,18,9,4,1,1,1,1,1.57,3.6,5.0,1.5,3.5,6.4,1.44,3.6,6.5,2006/7,€29.03m,€8.35m,1.55,3.4,5.5
SC0,17/03/2007,Inverness C,Dunfermline,1,3,A,1,0,H,C MacKay,12,14,2,9,14,18,9,4,1,1,1,1,1.66,3.4,4.5,1.65,3.2,5.25,1.66,3.3,4.5,2006/7,€7.53m,€8.88m,1.6,3.4,5.0
SC0,17/03/2007,Rangers,Aberdeen,3,0,H,3,0,H,M McCurry,11,8,7,3,15,9,4,2,0,2,0,0,1.57,3.6,5.0,1.5,3.5,6.4,1.44,3.75,6.0,2006/7,€67.35m,€7.58m,1.5,3.5,6.0
SC0,18/03/2007,Falkirk,Celtic,1,0,H,1,0,H,J Underhill,10,14,4,5,11,16,1,8,3,4,1,1,8.0,4.5,1.36,7.5,4.75,1.3,8.0,4.5,1.28,2006/7,€12.50m,€92.70m,8.0,4.5,1.3
SC0,31/03/2007,Dundee United,Celtic,1,1,D,0,0,D,I Brines,15,8,9,3,11,15,2,5,1,3,1,0,7.5,4.0,1.44,7.75,3.75,1.4,6.0,3.75,1.44,2006/7,€8.35m,€92.70m,7.5,3.75,1.4
SC0,31/03/2007,Falkirk,St Mirren,2,0,H,2,0,H,D Somers,7,6,4,3,17,14,2,3,1,2,0,0,2.0,3.2,3.4,1.85,3.25,3.8,1.9,3.25,3.4,2006/7,€12.50m,€6.83m,1.9,3.25,3.5
SC0,31/03/2007,Kilmarnock,Aberdeen,1,2,A,0,0,D,B Winter,12,3,7,2,8,13,4,2,2,1,0,0,2.62,3.25,2.37,2.5,3.2,2.5,2.37,3.2,2.6,2006/7,€9.40m,€7.58m,2.65,3.2,2.4
SC0,31/03/2007,Motherwell,Dunfermline,2,0,H,0,0,D,S Finnie,9,8,5,3,19,23,7,3,3,4,0,0,1.83,3.4,3.75,1.9,3.25,3.6,1.83,3.2,3.75,2006/7,€11.85m,€8.88m,1.8,3.25,4.0
SC0,31/03/2007,Rangers,Inverness C,1,1,D,1,0,H,W Collum,20,7,4,3,14,7,15,3,2,1,0,1,1.25,5.0,9.5,1.25,5.0,9.0,1.25,4.5,10.0,2006/7,€67.35m,€7.53m,1.2,5.5,10.0
SC0,01/04/2007,Hibernian,Hearts,0,1,A,0,0,D,K Clarke,15,6,5,3,17,26,4,1,1,5,0,0,2.3,3.25,3.0,2.3,3.2,2.75,2.2,3.2,2.8,2006/7,€17.98m,€29.03m,2.2,3.2,2.9
SC0,03/04/2007,Motherwell,Kilmarnock,0,1,A,0,0,D,K Clarke,13,6,5,5,17,20,8,4,1,1,0,0,2.5,3.25,2.5,2.45,3.2,2.55,2.25,3.2,2.75,2006/7,€11.85m,€9.40m,2.25,3.25,2.75
SC0,04/04/2007,St Mirren,Hibernian,1,1,D,0,1,A,I Brines,8,9,2,5,15,23,7,2,0,4,0,0,3.2,3.2,2.1,3.3,3.25,2.0,3.2,3.2,2.0,2006/7,€6.83m,€17.98m,3.0,3.2,2.1
SC0,07/04/2007,Aberdeen,Dundee United,2,4,A,2,3,A,M Tumilty,8,5,5,4,12,18,5,2,2,3,0,0,1.57,3.6,5.0,1.6,3.4,5.25,1.61,3.5,4.5,2006/7,€7.58m,€8.35m,1.6,3.4,5.0
SC0,07/04/2007,Celtic,Motherwell,1,0,H,0,0,D,E Smith,12,13,2,7,12,11,5,9,1,2,0,0,1.28,5.0,10.0,1.2,5.5,10.5,1.2,5.0,11.0,2006/7,€92.70m,€11.85m,1.25,5.0,8.5
SC0,07/04/2007,Dunfermline,Hibernian,1,0,H,0,0,D,C MacKay,13,5,5,2,7,16,4,8,1,2,0,0,3.2,3.3,1.95,3.1,3.25,2.1,3.0,3.2,2.1,2006/7,€8.88m,€17.98m,3.25,3.25,2.0
SC0,07/04/2007,Hearts,Kilmarnock,1,0,H,0,0,D,M Ritchie,16,9,5,4,15,14,9,6,0,1,1,0,1.66,3.5,4.33,1.75,3.4,4.1,1.66,3.3,4.5,2006/7,€29.03m,€9.40m,1.6,3.4,5.0
SC0,07/04/2007,Inverness C,Falkirk,1,1,D,0,0,D,C Allan,9,5,4,1,11,10,6,5,1,1,0,0,1.9,3.25,3.5,2.2,3.25,2.9,2.0,3.4,3.0,2006/7,€7.53m,€12.50m,2.0,3.0,3.5
SC0,08/04/2007,St Mirren,Rangers,0,1,A,0,1,A,C Richmond,8,5,2,2,12,20,1,2,1,2,0,0,7.5,4.0,1.44,6.5,3.75,1.45,8.0,4.0,1.33,2006/7,€6.83m,€67.35m,7.5,4.0,1.35
SC0,21/04/2007,Aberdeen,Hibernian,2,2,D,1,2,A,S Dougal,12,4,4,3,13,17,7,3,4,4,0,2,1.8,3.3,4.5,1.8,3.4,3.85,1.73,3.4,4.0,2006/7,€7.58m,€17.98m,1.8,3.25,4.0
SC0,21/04/2007,Dunfermline,Dundee United,1,0,H,1,0,H,A Freeland,8,8,4,2,14,23,3,3,0,2,0,0,2.37,3.2,2.62,2.35,3.25,2.65,2.38,3.2,2.6,2006/7,€8.88m,€8.35m,2.25,3.25,2.75
SC0,21/04/2007,Inverness C,Motherwell,2,0,H,2,0,H,C MacKay,9,4,6,3,14,13,3,4,1,1,0,0,2.1,3.25,3.0,2.1,3.25,3.05,2.0,3.2,3.2,2006/7,€7.53m,€11.85m,2.1,3.25,3.0
SC0,21/04/2007,Rangers,Hearts,2,1,H,0,1,A,I Brines,10,9,7,4,10,21,5,2,1,5,0,0,1.57,3.6,5.0,1.6,3.5,5.0,1.5,3.4,6.0,2006/7,€67.35m,€29.03m,1.5,3.5,6.0
SC0,22/04/2007,Kilmarnock,Celtic,1,2,A,0,1,A,C Thomson,11,15,6,7,15,14,4,11,2,2,0,0,7.0,3.75,1.5,6.5,3.75,1.45,6.0,3.75,1.44,2006/7,€9.40m,€92.70m,7.0,3.6,1.45
SC0,23/04/2007,Falkirk,St Mirren,0,2,A,0,1,A,D McDonald,6,9,1,4,17,15,3,11,3,2,1,0,2.0,3.25,3.2,2.1,3.25,3.05,1.83,3.2,3.75,2006/7,€12.50m,€6.83m,2.1,3.25,3.0
SC0,28/04/2007,Aberdeen,Kilmarnock,3,0,H,1,0,H,J Underhill,9,5,6,3,7,8,6,3,0,0,0,0,1.72,3.25,4.33,1.7,3.5,4.25,1.61,3.5,4.5,2006/7,€7.58m,€9.40m,1.75,3.25,4.35
SC0,28/04/2007,Dundee United,Inverness C,1,1,D,1,0,H,S Conroy,13,6,6,3,15,5,6,6,2,1,0,0,1.9,3.25,3.5,2.0,3.2,3.35,2.0,3.2,3.2,2006/7,€8.35m,€7.53m,1.9,3.25,3.5
SC0,28/04/2007,Hibernian,Rangers,3,3,D,2,1,H,C Richmond,9,8,5,4,20,17,7,3,2,2,1,0,4.0,3.25,1.8,4.4,3.4,1.7,4.33,3.4,1.66,2006/7,€17.98m,€67.35m,4.5,3.4,1.65
SC0,28/04/2007,Motherwell,Falkirk,3,3,D,2,0,H,W Collum,9,10,6,4,16,10,4,3,0,0,0,0,2.1,3.25,3.0,2.1,3.25,3.05,2.2,3.25,2.75,2006/7,€11.85m,€12.50m,2.2,3.25,2.8
SC0,29/04/2007,Celtic,Hearts,1,3,A,0,0,D,S Dougal,18,6,8,5,11,19,8,1,3,4,0,0,1.53,3.8,6.0,1.45,3.8,6.4,1.5,3.6,5.5,2006/7,€92.70m,€29.03m,1.55,3.6,5.0
SC0,30/04/2007,St Mirren,Dunfermline,0,1,A,0,0,D,M McCurry,7,13,3,7,18,15,8,3,1,2,0,0,2.2,3.25,3.2,2.2,3.25,2.9,2.25,3.2,2.75,2006/7,€6.83m,€8.88m,2.25,3.25,2.75
SC0,05/05/2007,Dundee United,St Mirren,0,2,A,0,1,A,K Clarke,4,8,0,1,18,7,1,8,4,3,1,0,2.2,3.25,2.8,2.0,3.25,3.3,2.1,3.2,3.0,2006/7,€8.35m,€6.83m,2.0,3.25,3.25
SC0,05/05/2007,Falkirk,Inverness C,1,0,H,0,0,D,S Finnie,9,7,2,2,8,11,3,4,1,0,0,0,2.1,3.25,3.0,2.15,3.25,2.95,2.1,3.2,3.0,2006/7,€12.50m,€7.53m,2.1,3.25,3.0
SC0,05/05/2007,Hibernian,Kilmarnock,0,1,A,0,0,D,D Somers,14,4,10,4,11,16,14,3,0,2,0,0,1.8,3.25,4.0,1.9,3.25,3.65,1.8,3.3,3.75,2006/7,€17.98m,€9.40m,1.8,3.25,4.0
SC0,05/05/2007,Rangers,Celtic,2,0,H,1,0,H,C Thomson,12,7,8,5,12,16,5,4,1,5,0,0,2.37,3.2,2.9,2.3,3.2,2.75,2.25,3.2,2.75,2006/7,€67.35m,€92.70m,2.25,3.2,2.8
SC0,06/05/2007,Hearts,Aberdeen,1,1,D,1,0,H,B Winter,14,14,7,6,17,14,11,7,1,4,0,1,2.0,3.3,3.6,2.1,3.25,3.05,2.0,3.2,3.2,2006/7,€29.03m,€7.58m,2.0,3.25,3.25
SC0,07/05/2007,Dunfermline,Motherwell,4,1,H,2,0,H,D McDonald,10,5,7,3,20,18,7,3,1,1,1,2,1.9,3.4,3.4,1.85,3.4,3.65,1.8,3.5,3.5,2006/7,€8.88m,€11.85m,1.8,3.4,3.75
SC0,12/05/2007,Celtic,Aberdeen,2,1,H,1,1,D,C Richmond,14,11,10,7,7,8,5,8,1,1,0,0,1.61,3.6,4.5,1.6,3.6,4.8,1.61,3.5,4.5,2006/7,€92.70m,€7.58m,1.6,3.6,4.5
SC0,12/05/2007,Falkirk,Dundee United,2,0,H,1,0,H,C Boyle,11,9,9,1,12,18,2,1,1,2,0,1,2.1,3.4,2.87,2.0,3.25,3.3,2.0,3.2,3.2,2006/7,€12.50m,€8.35m,2.0,3.25,3.25
SC0,12/05/2007,Hearts,Hibernian,2,0,H,2,0,H,S Dougal,14,11,9,3,15,12,3,6,3,4,0,0,1.9,3.25,4.0,1.85,3.3,3.75,1.72,3.4,4.0,2006/7,€29.03m,€17.98m,1.8,3.25,4.0
SC0,12/05/2007,Inverness C,Dunfermline,2,1,H,0,1,A,M Ritchie,10,11,6,6,15,14,3,4,1,1,0,0,2.25,3.4,2.62,2.25,3.3,2.75,2.62,3.4,2.25,2006/7,€7.53m,€8.88m,2.4,3.3,2.5
SC0,12/05/2007,Motherwell,St Mirren,2,3,A,1,0,H,M Tumilty,12,6,9,3,17,15,6,6,2,1,0,0,2.3,3.3,2.62,2.25,3.25,2.8,2.37,3.5,2.37,2006/7,€11.85m,€6.83m,2.4,3.0,2.75
SC0,13/05/2007,Rangers,Kilmarnock,0,1,A,0,0,D,I Brines,14,6,8,3,11,21,6,2,2,3,0,0,1.44,4.33,6.5,1.4,4.0,7.0,1.36,4.0,7.0,2006/7,€67.35m,€9.40m,1.28,4.5,8.5
SC0,19/05/2007,Dundee United,Motherwell,0,0,D,0,0,D,A Crawford,12,6,7,0,8,11,12,4,0,0,0,0,1.9,3.25,3.5,1.95,3.3,3.4,1.83,3.2,3.75,2006/7,€8.35m,€11.85m,2.0,3.25,3.25
SC0,19/05/2007,Dunfermline,Falkirk,0,3,A,0,0,D,E Smith,9,10,3,7,14,13,4,4,2,4,0,0,2.5,3.25,2.7,2.5,3.15,2.55,2.38,3.2,2.6,2006/7,€8.88m,€12.50m,2.4,3.2,2.6
SC0,19/05/2007,St Mirren,Inverness C,0,1,A,0,0,D,D McDonald,12,12,5,7,11,14,5,5,2,2,0,0,2.25,3.25,2.75,2.3,3.2,2.75,2.2,3.25,2.75,2006/7,€6.83m,€7.53m,2.2,3.25,2.8
SC0,20/05/2007,Aberdeen,Rangers,2,0,H,2,0,H,C Thomson,5,5,3,1,27,17,2,4,3,4,0,0,2.37,3.4,2.5,2.4,3.2,2.6,2.38,3.2,2.6,2006/7,€7.58m,€67.35m,2.2,3.25,2.75
SC0,20/05/2007,Hibernian,Celtic,2,1,H,0,0,D,I Brines,13,10,6,6,12,11,13,3,1,2,0,0,3.75,3.25,1.83,3.7,3.3,1.85,3.2,3.2,2.0,2006/7,€17.98m,€92.70m,3.25,3.25,2.0
SC0,20/05/2007,Kilmarnock,Hearts,1,0,H,0,0,D,W Collum,7,14,3,5,21,19,4,9,3,4,0,0,4.0,3.25,1.9,3.6,3.25,1.9,3.5,3.2,1.91,2006/7,€9.40m,€29.03m,3.9,3.25,1.8
SC0,04/08/2007,Dundee United,Aberdeen,1,0,H,0,0,D,M Tumilty,8,3,3,2,18,17,8,4,3,3,1,0,2.7,3.2,2.3,2.7,3.2,2.35,2.6,3.2,2.37,2007/8,€11.75m,€14.95m,2.5,3.25,2.4
SC0,04/08/2007,Gretna,Falkirk,0,4,A,0,2,A,C Richmond,10,14,4,9,14,13,7,4,3,1,0,0,2.4,3.2,2.6,2.25,3.25,2.8,2.25,3.2,2.75,2007/8,€9.03m,€8.28m,2.3,3.25,2.65
SC0,04/08/2007,Inverness C,Rangers,0,3,A,0,1,A,K Clark,3,16,3,11,7,8,4,7,1,2,0,0,6.0,3.6,1.57,6.25,3.85,1.45,7.0,3.75,1.4,2007/8,€8.15m,€92.48m,6.5,3.6,1.45
SC0,04/08/2007,St Mirren,Motherwell,0,1,A,0,1,A,E Smith,10,11,7,7,14,20,13,3,5,4,0,0,2.2,3.25,2.87,2.25,3.25,2.8,2.2,3.2,2.8,2007/8,€7.70m,€11.58m,2.25,3.25,2.7
SC0,05/08/2007,Celtic,Kilmarnock,0,0,D,0,0,D,C Thomson,14,5,5,0,11,20,10,0,3,3,0,0,1.25,5.5,10.0,1.2,5.5,10.5,1.22,5.0,10.0,2007/8,€87.28m,€10.20m,1.2,5.0,11.0
SC0,06/08/2007,Hearts,Hibernian,0,1,A,0,1,A,S Dougal,9,10,2,5,21,20,6,3,3,2,0,0,1.95,3.2,3.8,1.9,3.3,3.6,1.9,3.2,3.5,2007/8,€31.70m,€13.55m,1.95,3.2,3.4
SC0,11/08/2007,Falkirk,Celtic,1,4,A,1,1,D,D McDonald,8,19,4,12,12,17,5,7,1,2,1,0,7.5,4.0,1.44,7.0,4.0,1.4,8.0,3.75,1.36,2007/8,€8.28m,€87.28m,7.0,3.75,1.4
SC0,11/08/2007,Hibernian,Gretna,4,2,H,0,1,A,D Somers,12,10,7,9,18,19,9,4,3,3,0,0,1.4,4.0,6.5,1.4,4.0,7.0,1.44,3.6,6.5,2007/8,€13.55m,€9.03m,1.4,3.75,7.0
SC0,11/08/2007,Motherwell,Inverness C,2,1,H,0,0,D,A Freeland,11,8,6,3,14,20,6,5,3,4,0,0,2.0,3.25,3.25,2.0,3.25,3.3,2.0,3.2,3.2,2007/8,€11.58m,€8.15m,2.0,3.25,3.25
SC0,11/08/2007,Rangers,St Mirren,2,0,H,0,0,D,M McCurry,17,6,11,3,16,16,5,1,2,1,0,0,1.16,6.5,15.0,1.2,6.0,9.0,1.16,5.5,12.0,2007/8,€92.48m,€7.70m,1.17,5.5,13.0
SC0,12/08/2007,Aberdeen,Hearts,1,1,D,1,1,D,I Brines,8,5,5,3,10,16,7,2,1,5,0,0,2.3,3.25,3.0,2.4,3.2,2.6,2.37,3.2,2.6,2007/8,€14.95m,€31.70m,2.25,3.2,2.75
SC0,13/08/2007,Kilmarnock,Dundee United,2,1,H,0,0,D,B Winter,9,6,3,3,17,24,6,2,1,1,0,1,2.0,3.2,3.75,1.9,3.3,3.6,1.8,3.25,3.75,2007/8,€10.20m,€11.75m,1.9,3.25,3.5
SC0,18/08/2007,Dundee United,Hibernian,0,0,D,0,0,D,M McCurry,12,11,6,7,14,9,2,5,0,0,0,0,2.7,3.2,2.3,2.65,3.25,2.35,2.38,3.2,2.6,2007/8,€11.75m,€13.55m,2.7,3.25,2.3
SC0,18/08/2007,Hearts,Gretna,1,1,D,0,0,D,D McDonald,7,7,4,4,11,8,6,5,1,4,0,0,1.4,4.0,6.5,1.4,4.0,7.0,1.33,4.0,8.0,2007/8,€31.70m,€9.03m,1.33,4.35,7.5
SC0,18/08/2007,Motherwell,Kilmarnock,1,2,A,1,0,H,S Dougal,15,5,5,3,10,19,12,2,1,3,0,0,2.3,3.2,2.7,2.45,3.25,2.55,2.25,3.2,2.75,2007/8,€11.58m,€10.20m,2.4,3.2,2.6
SC0,18/08/2007,Rangers,Falkirk,7,2,H,2,1,H,E Smith,24,12,17,8,7,6,6,6,1,1,0,0,1.2,5.5,10.0,1.2,5.75,10.0,1.2,5.0,11.0,2007/8,€92.48m,€8.28m,1.2,5.0,12.0
SC0,18/08/2007,St Mirren,Inverness C,2,1,H,1,0,H,W Collum,6,20,3,9,15,14,4,5,1,0,0,0,2.25,3.25,2.75,2.3,3.25,2.7,2.25,3.2,2.75,2007/8,€7.70m,€8.15m,2.3,3.25,2.7
SC0,19/08/2007,Aberdeen,Celtic,1,3,A,1,0,H,C Richmond,9,16,5,3,17,12,4,3,2,3,0,0,4.33,3.4,1.8,4.4,3.4,1.7,4.5,3.3,1.67,2007/8,€14.95m,€87.28m,4.5,3.4,1.65
SC0,25/08/2007,Celtic,Hearts,5,0,H,2,0,H,I Brines,17,8,12,2,14,12,6,5,0,2,0,0,1.36,4.33,9.0,1.3,4.6,8.2,1.4,3.75,7.0,2007/8,€87.28m,€31.70m,1.4,4.0,6.5
SC0,25/08/2007,Falkirk,St Mirren,0,1,A,0,0,D,C MacKay,14,7,5,3,17,10,9,1,1,1,0,0,1.9,3.25,3.5,1.9,3.3,3.6,1.9,3.25,3.4,2007/8,€8.28m,€7.70m,1.9,3.25,3.5
SC0,25/08/2007,Gretna,Motherwell,1,2,A,1,1,D,C Allan,9,8,4,8,17,8,5,7,2,4,1,0,4.0,3.25,1.8,3.6,3.3,1.9,4.0,3.2,1.8,2007/8,€9.03m,€11.58m,3.9,3.3,1.8
SC0,25/08/2007,Hibernian,Aberdeen,3,3,D,1,2,A,B Winter,20,16,14,12,9,16,6,3,0,1,0,0,2.0,3.25,3.25,2.0,3.25,3.0,2.0,3.2,3.2,2007/8,€13.55m,€14.95m,1.9,3.25,3.5
SC0,25/08/2007,Inverness C,Dundee United,0,3,A,0,0,D,J Underhill,11,6,5,4,11,14,3,5,2,1,0,0,2.37,3.2,2.62,2.45,3.25,2.55,2.37,3.2,2.6,2007/8,€8.15m,€11.75m,2.3,3.2,2.75
SC0,25/08/2007,Kilmarnock,Rangers,1,2,A,0,0,D,D McDonald,7,22,5,14,17,8,3,13,1,0,0,0,6.0,3.8,1.53,5.5,3.85,1.5,5.0,3.5,1.57,2007/8,€10.20m,€92.48m,6.5,3.75,1.45
SC0,01/09/2007,Dundee United,Falkirk,2,0,H,0,0,D,I Brines,8,13,5,7,14,10,5,9,1,0,1,0,1.8,3.25,4.0,1.8,3.4,3.8,1.72,3.2,4.33,2007/8,€11.75m,€8.28m,1.8,3.25,4.0
SC0,01/09/2007,Hibernian,Inverness C,1,0,H,1,0,H,E Smith,10,15,4,5,9,13,3,9,1,2,0,0,1.44,4.0,6.0,1.45,3.8,6.3,1.5,3.4,6.0,2007/8,€13.55m,€8.15m,1.45,3.75,6.0
SC0,01/09/2007,Kilmarnock,Aberdeen,0,1,A,0,0,D,S Finnie,11,9,7,4,12,16,5,2,1,0,0,0,2.25,3.2,2.8,2.3,3.25,2.7,2.25,3.2,2.75,2007/8,€10.20m,€14.95m,2.25,3.25,2.75
SC0,01/09/2007,Rangers,Gretna,4,0,H,1,0,H,M Tumilty,8,7,6,4,12,18,6,1,0,3,0,0,1.14,6.5,12.0,1.15,6.0,14.0,1.14,6.0,12.0,2007/8,€92.48m,€9.03m,1.1,7.5,13.0
SC0,02/09/2007,St Mirren,Celtic,1,5,A,0,2,A,K Clark,9,13,4,8,4,7,6,6,1,0,0,0,8.0,5.0,1.33,7.5,4.25,1.35,8.0,3.75,1.36,2007/8,€7.70m,€87.28m,8.5,3.75,1.35
SC0,03/09/2007,Motherwell,Hearts,0,2,A,0,1,A,C Richmond,17,9,7,7,15,20,9,5,1,5,0,0,2.5,3.25,2.7,2.45,3.25,2.55,2.5,3.25,2.4,2007/8,€11.58m,€31.70m,2.5,3.2,2.5
SC0,15/09/2007,Aberdeen,Motherwell,1,2,A,0,2,A,D McDonald,14,9,6,4,17,20,5,6,1,1,0,0,1.72,3.5,4.0,1.8,3.35,3.9,1.8,3.3,3.75,2007/8,€14.95m,€11.58m,1.8,3.3,4.0
SC0,15/09/2007,Celtic,Inverness C,5,0,H,2,0,H,C Thomson,17,14,8,6,10,9,3,4,0,1,0,0,1.12,7.0,12.0,1.12,7.0,15.0,1.12,6.5,13.0,2007/8,€87.28m,€8.15m,1.12,6.0,16.0
SC0,15/09/2007,Falkirk,Hibernian,1,1,D,0,1,A,W Collum,9,7,4,3,17,9,6,5,3,3,2,1,3.1,3.4,2.0,3.3,3.25,2.0,3.5,3.2,1.91,2007/8,€8.28m,€13.55m,3.0,3.3,2.1
SC0,15/09/2007,Gretna,Kilmarnock,1,2,A,0,2,A,I Brines,9,3,2,2,13,9,7,3,4,1,0,0,3.4,3.4,1.9,3.05,3.25,2.1,3.5,3.2,1.91,2007/8,€9.03m,€10.20m,3.25,3.3,2.0
SC0,15/09/2007,Hearts,Rangers,4,2,H,2,0,H,M McCurry,9,9,7,3,18,18,6,2,3,4,0,0,5.0,3.6,1.72,4.6,3.5,1.65,4.0,3.4,1.73,2007/8,€31.70m,€92.48m,4.5,3.4,1.65
SC0,16/09/2007,Dundee United,St Mirren,2,0,H,1,0,H,S Dougal,14,5,5,2,11,16,5,3,2,4,0,1,1.8,3.5,4.5,1.8,3.4,3.8,1.67,3.3,4.5,2007/8,€11.75m,€7.70m,1.84,3.25,3.75
SC0,22/09/2007,Falkirk,Motherwell,1,0,H,0,0,D,K Clark,13,5,3,1,17,12,8,5,1,0,0,0,2.5,3.2,2.5,2.45,3.25,2.55,2.6,3.2,2.37,2007/8,€8.28m,€11.58m,2.5,3.25,2.4
SC0,22/09/2007,Gretna,Dundee United,3,2,H,2,1,H,C Richmond,7,13,5,7,21,14,3,4,2,1,0,0,3.4,3.4,1.9,3.6,3.3,1.9,3.25,3.4,1.9,2007/8,€9.03m,€11.75m,3.75,3.4,1.8
SC0,22/09/2007,Inverness C,Hearts,2,1,H,0,1,A,M Tumilty,16,6,11,3,11,16,7,6,3,0,0,0,3.75,3.4,1.8,3.8,3.4,1.8,4.5,3.3,1.66,2007/8,€8.15m,€31.70m,4.35,3.25,1.75
SC0,22/09/2007,Kilmarnock,St Mirren,0,0,D,0,0,D,E Smith,5,14,4,6,12,12,9,9,2,1,0,0,1.61,3.4,5.0,1.65,3.4,4.75,1.61,3.5,4.5,2007/8,€10.20m,€7.70m,1.65,3.5,4.35
SC0,23/09/2007,Hibernian,Celtic,3,2,H,2,1,H,A Freeland,14,15,8,10,11,12,3,3,2,1,0,0,5.5,3.75,1.61,5.0,3.5,1.6,5.5,3.5,1.53,2007/8,€13.55m,€87.28m,4.5,3.4,1.65
SC0,23/09/2007,Rangers,Aberdeen,3,0,H,0,0,D,I Brines,23,9,15,4,14,16,7,5,1,4,0,0,1.28,4.33,10.0,1.33,4.5,7.5,1.4,3.75,7.0,2007/8,€92.48m,€14.95m,1.3,4.35,8.5
SC0,29/09/2007,Aberdeen,Gretna,2,0,H,2,0,H,W Collum,12,3,5,1,9,14,7,2,1,3,0,0,1.53,3.6,5.5,1.45,3.8,6.3,1.5,3.5,6.0,2007/8,€14.95m,€9.03m,1.53,3.75,5.0
SC0,29/09/2007,Celtic,Dundee United,3,0,H,1,0,H,D McDonald,14,7,7,3,14,6,5,6,1,1,0,0,1.2,6.0,9.0,1.2,5.5,11.0,1.22,5.0,10.0,2007/8,€87.28m,€11.75m,1.2,5.0,12.0
SC0,29/09/2007,Hibernian,Kilmarnock,4,1,H,2,0,H,S Dougal,14,9,10,6,8,13,8,7,0,3,0,1,1.61,3.4,5.0,1.75,3.4,4.1,1.66,3.4,4.33,2007/8,€13.55m,€10.20m,1.7,3.4,4.35
SC0,29/09/2007,Inverness C,Falkirk,4,2,H,3,1,H,D Somers,18,12,11,9,12,21,3,4,0,1,0,0,2.25,3.25,2.75,2.3,3.25,2.7,2.25,3.2,2.75,2007/8,€8.15m,€8.28m,2.1,3.3,3.0
SC0,29/09/2007,Motherwell,Rangers,1,1,D,1,0,H,C Thomson,9,15,2,5,20,14,5,5,4,3,0,0,7.0,4.33,1.44,6.3,3.8,1.45,6.0,3.5,1.5,2007/8,€11.58m,€92.48m,7.5,3.75,1.4
SC0,30/09/2007,St Mirren,Hearts,1,3,A,0,1,A,J Underhill,15,12,7,6,8,20,11,5,2,2,0,0,3.75,3.4,2.0,3.6,3.3,1.9,3.2,3.2,2.0,2007/8,€7.70m,€31.70m,3.6,3.25,1.9
SC0,06/10/2007,Dundee United,Motherwell,1,0,H,0,0,D,S Finnie,11,4,5,1,14,19,2,3,1,3,0,0,2.2,3.3,2.8,2.1,3.25,3.05,2.1,3.2,3.0,2007/8,€11.75m,€11.58m,2.1,3.3,3.0
SC0,06/10/2007,Hearts,Falkirk,4,2,H,2,0,H,S Dougal,12,17,9,8,5,3,4,8,1,3,0,0,1.5,3.5,6.5,1.45,4.0,5.9,1.4,3.75,7.0,2007/8,€31.70m,€8.28m,1.45,4.35,5.5
SC0,06/10/2007,Kilmarnock,Inverness C,2,2,D,1,1,D,I Brines,9,12,5,6,15,14,7,3,1,0,0,0,2.0,3.3,3.2,1.85,3.25,3.8,2.0,3.2,3.2,2007/8,€10.20m,€8.15m,2.0,3.1,3.5
SC0,06/10/2007,Rangers,Hibernian,0,1,A,0,0,D,K Clark,19,11,10,3,15,17,5,1,0,4,0,0,1.36,4.5,6.5,1.4,4.25,6.15,1.44,3.75,6.0,2007/8,€92.48m,€13.55m,1.45,4.35,5.5
SC0,07/10/2007,Aberdeen,St Mirren,4,0,H,1,0,H,S Conroy,11,10,6,5,11,12,5,4,1,3,0,0,1.57,3.25,6.0,1.6,3.5,5.0,1.61,3.5,4.5,2007/8,€14.95m,€7.70m,1.55,3.75,5.0
SC0,07/10/2007,Gretna,Celtic,1,2,A,1,0,H,B Winter,7,13,2,8,16,12,2,4,3,1,0,0,10.0,5.5,1.2,9.0,5.5,1.22,12.0,5.5,1.16,2007/8,€9.03m,€87.28m,12.0,6.0,1.2
SC0,20/10/2007,Falkirk,Kilmarnock,1,1,D,1,1,D,A Freeland,13,9,3,5,10,15,4,3,0,0,0,0,2.37,3.25,2.62,2.35,3.25,2.65,2.37,3.2,2.6,2007/8,€8.28m,€10.20m,2.35,3.25,2.6
SC0,20/10/2007,Hearts,Dundee United,1,3,A,0,2,A,C Thomson,16,9,7,6,12,24,8,3,1,3,1,1,1.7,3.25,5.0,1.65,3.5,4.55,1.61,3.5,4.5,2007/8,€31.70m,€11.75m,1.6,3.4,5.0
SC0,20/10/2007,Motherwell,Hibernian,2,1,H,2,1,H,C Richmond,15,7,7,2,14,14,7,3,1,2,0,1,3.0,3.4,2.1,2.8,3.25,2.25,2.75,3.25,2.2,2007/8,€11.58m,€13.55m,3.1,3.3,2.1
SC0,20/10/2007,Rangers,Celtic,3,0,H,1,0,H,M McCurry,10,12,6,8,16,26,3,4,2,9,0,0,2.4,3.3,2.9,2.45,3.15,2.6,2.37,3.0,2.75,2007/8,€92.48m,€87.28m,2.35,3.2,2.65
SC0,20/10/2007,St Mirren,Gretna,1,0,H,1,0,H,M Tumilty,7,8,1,0,10,17,3,5,0,3,0,1,1.9,3.3,3.6,1.8,3.45,3.75,1.72,3.4,4.0,2007/8,€7.70m,€9.03m,2.0,3.25,3.3
SC0,21/10/2007,Inverness C,Aberdeen,1,2,A,0,1,A,E Smith,10,9,4,4,14,12,4,1,2,1,0,0,2.87,3.3,2.4,2.65,3.25,2.35,2.6,3.2,2.37,2007/8,€8.15m,€14.95m,2.7,3.2,2.35
SC0,27/10/2007,Celtic,Motherwell,3,0,H,1,0,H,S Dougal,14,9,10,5,6,14,10,7,2,1,0,0,1.2,5.5,11.0,1.2,5.5,11.0,1.22,5.0,10.0,2007/8,€87.28m,€11.58m,1.22,5.0,11.0
SC0,27/10/2007,Gretna,Inverness C,0,4,A,0,2,A,M McCurry,10,10,3,5,14,9,4,9,1,1,0,0,3.0,3.3,2.2,2.8,3.25,2.25,2.75,3.2,2.25,2007/8,€9.03m,€8.15m,2.9,3.25,2.2
SC0,27/10/2007,Hibernian,St Mirren,0,1,A,0,1,A,C Boyle,6,9,2,4,14,6,7,2,2,3,1,0,1.44,3.6,7.5,1.45,4.0,5.9,1.4,3.75,7.0,2007/8,€13.55m,€7.70m,1.4,3.6,8.0
SC0,27/10/2007,Kilmarnock,Hearts,3,1,H,0,0,D,W Collum,10,8,4,4,16,14,3,0,4,4,0,1,2.62,3.3,2.37,2.6,3.25,2.4,2.4,3.25,2.5,2007/8,€10.20m,€31.70m,2.6,3.25,2.35
SC0,28/10/2007,Aberdeen,Falkirk,1,1,D,1,0,H,C Allan,5,11,1,6,10,8,6,3,1,1,0,0,1.53,3.5,6.0,1.55,3.55,5.5,1.61,3.5,4.5,2007/8,€14.95m,€8.28m,1.53,3.6,5.5
SC0,28/10/2007,Dundee United,Rangers,2,1,H,1,0,H,D McDonald,6,11,3,6,28,18,7,9,3,4,0,0,5.5,3.75,1.61,5.0,3.5,1.6,4.5,3.5,1.61,2007/8,€11.75m,€92.48m,6.0,3.4,1.53
SC0,03/11/2007,Aberdeen,Dundee United,2,0,H,1,0,H,K Clark,9,9,5,2,18,19,5,5,3,1,0,2,2.25,3.3,2.87,2.2,3.25,2.9,2.2,3.2,2.8,2007/8,€14.95m,€11.75m,2.1,3.2,3.1
SC0,03/11/2007,Falkirk,Gretna,2,0,H,1,0,H,C Thomson,20,5,9,2,6,16,5,2,1,1,0,0,1.72,3.4,4.5,1.7,3.4,4.35,1.67,3.4,4.33,2007/8,€8.28m,€9.03m,1.65,3.5,4.5
SC0,03/11/2007,Kilmarnock,Celtic,1,2,A,0,2,A,D McDonald,7,19,3,10,15,12,5,12,3,3,0,0,6.5,4.0,1.44,5.9,4.0,1.45,5.5,3.5,1.53,2007/8,€10.20m,€87.28m,7.0,3.75,1.45
SC0,03/11/2007,Motherwell,St Mirren,1,1,D,1,1,D,M McCurry,12,6,4,3,13,14,6,8,2,2,0,0,1.72,3.4,4.5,1.7,3.4,4.35,1.83,3.3,3.6,2007/8,€11.58m,€7.70m,1.75,3.25,4.35
SC0,03/11/2007,Rangers,Inverness C,2,0,H,1,0,H,W Collum,17,11,9,5,3,12,6,2,0,2,0,0,1.2,5.5,12.0,1.2,5.5,11.0,1.22,5.0,10.0,2007/8,€92.48m,€8.15m,1.18,5.5,11.0
SC0,04/11/2007,Hibernian,Hearts,1,1,D,1,0,H,C Richmond,15,16,7,6,19,21,8,6,1,2,0,0,2.1,3.3,3.5,2.1,3.25,3.05,2.1,3.2,3.0,2007/8,€13.55m,€31.70m,2.0,3.2,3.3
SC0,10/11/2007,Dundee United,Kilmarnock,2,0,H,1,0,H,D Somers,10,6,7,4,14,20,6,2,1,4,1,0,1.8,3.4,4.0,1.85,3.3,3.75,2.0,3.2,3.2,2007/8,€11.75m,€10.20m,2.0,3.2,3.3
SC0,10/11/2007,Gretna,Hibernian,0,1,A,0,0,D,E Smith,11,16,5,7,12,15,1,12,3,3,0,0,6.0,3.75,1.5,5.8,3.65,1.5,5.0,3.5,1.57,2007/8,€9.03m,€13.55m,5.5,3.4,1.55
SC0,10/11/2007,Inverness C,Motherwell,0,3,A,0,1,A,C Boyle,5,12,0,6,19,6,3,6,2,0,2,0,2.37,3.4,2.62,2.45,3.25,2.55,2.25,3.2,2.75,2007/8,€8.15m,€11.58m,2.1,3.25,3.1
SC0,11/11/2007,Hearts,Aberdeen,4,1,H,2,1,H,I Brines,13,13,5,4,22,16,2,7,1,3,0,0,1.9,3.4,3.6,2.0,3.25,3.3,1.8,3.3,3.75,2007/8,€31.70m,€14.95m,1.84,3.3,3.75
SC0,24/11/2007,Celtic,Aberdeen,3,0,H,2,0,H,M McCurry,16,5,14,1,15,7,5,7,1,0,0,0,1.25,5.0,10.5,1.25,5.25,8.5,1.25,4.5,10.0,2007/8,€87.28m,€14.95m,1.25,5.0,10.0
SC0,24/11/2007,Falkirk,Rangers,1,3,A,0,1,A,C Richmond,6,6,4,4,21,13,6,5,2,2,0,0,7.0,4.33,1.44,6.15,4.25,1.4,7.0,4.0,1.36,2007/8,€8.28m,€92.48m,7.0,4.0,1.4
SC0,24/11/2007,Hibernian,Dundee United,2,2,D,0,0,D,W Collum,11,8,4,5,16,27,4,3,4,5,0,1,1.83,3.3,4.0,1.85,3.33,3.75,1.83,3.2,3.75,2007/8,€13.55m,€11.75m,1.8,3.4,3.75
SC0,24/11/2007,Inverness C,St Mirren,1,0,H,1,0,H,C Allan,10,5,5,1,11,9,3,6,1,3,0,1,2.1,3.3,3.25,2.2,3.25,2.9,2.2,3.25,2.75,2007/8,€8.15m,€7.70m,2.1,3.3,3.0
SC0,24/11/2007,Kilmarnock,Motherwell,0,1,A,0,0,D,S Conroy,6,14,0,1,12,12,3,10,2,1,0,0,2.4,3.3,2.7,2.2,3.25,2.9,2.1,3.2,3.0,2007/8,€10.20m,€11.58m,2.35,3.25,2.65
SC0,25/11/2007,Gretna,Hearts,1,1,D,0,1,A,M Tumilty,11,16,4,6,15,18,4,4,4,5,0,1,6.5,3.8,1.53,5.75,3.7,1.5,6.5,3.6,1.44,2007/8,€9.03m,€31.70m,6.5,3.5,1.5
SC0,01/12/2007,Dundee United,Inverness C,0,1,A,0,1,A,I Brines,11,9,4,5,10,14,6,7,1,0,0,0,1.61,3.5,5.25,1.65,3.4,4.8,1.57,3.5,5.0,2007/8,€11.75m,€8.15m,1.65,3.3,5.0
SC0,01/12/2007,Hearts,Celtic,1,1,D,0,0,D,K Clark,14,10,6,4,21,8,3,5,2,0,0,0,4.75,3.6,1.72,4.25,3.3,1.75,4.5,3.3,1.66,2007/8,€31.70m,€87.28m,4.7,3.5,1.65
SC0,01/12/2007,Motherwell,Gretna,3,0,H,1,0,H,J Underhill,17,8,12,4,8,11,12,3,1,1,0,0,1.44,4.0,6.5,1.45,3.7,6.5,1.5,3.4,6.0,2007/8,€11.58m,€9.03m,1.45,4.0,6.0
SC0,01/12/2007,Rangers,Kilmarnock,2,0,H,1,0,H,A Freeland,18,7,11,6,11,16,9,2,2,2,0,0,1.2,5.5,12.0,1.2,5.5,11.0,1.2,5.0,11.0,2007/8,€92.48m,€10.20m,1.2,5.0,13.0
SC0,01/12/2007,St Mirren,Falkirk,1,5,A,0,3,A,B Winter,5,12,2,8,10,10,3,3,1,2,0,0,2.1,3.25,3.2,2.05,3.25,3.2,2.1,3.2,3.0,2007/8,€7.70m,€8.28m,2.2,3.3,2.9
SC0,02/12/2007,Aberdeen,Hibernian,3,1,H,1,1,D,C Thomson,24,5,12,3,13,18,7,3,2,2,0,0,2.5,3.3,2.8,2.4,3.25,2.6,2.37,3.2,2.6,2007/8,€14.95m,€13.55m,2.25,3.25,2.8
SC0,08/12/2007,Aberdeen,Kilmarnock,2,1,H,0,1,A,W Collum,8,5,3,2,15,14,8,6,1,3,0,0,1.72,3.5,4.5,1.8,3.4,3.8,1.72,3.2,4.33,2007/8,€14.95m,€10.20m,1.75,3.3,4.35
SC0,08/12/2007,Celtic,St Mirren,1,1,D,0,0,D,C Richmond,17,4,10,4,8,10,12,2,1,0,0,0,1.15,6.0,15.0,1.15,6.0,13.0,1.12,6.5,12.0,2007/8,€87.28m,€7.70m,1.14,6.0,17.0
SC0,08/12/2007,Falkirk,Dundee United,3,0,H,2,0,H,M McCurry,15,11,8,3,12,12,3,6,0,0,0,0,2.5,3.4,2.5,2.5,3.25,2.5,2.6,3.2,2.37,2007/8,€8.28m,€11.75m,2.5,3.25,2.5
SC0,08/12/2007,Hearts,Motherwell,1,2,A,1,0,H,C Thomson,9,7,3,1,13,14,2,6,2,2,0,0,1.9,3.4,3.6,1.85,3.3,3.75,1.66,3.4,4.33,2007/8,€31.70m,€11.58m,1.8,3.3,4.0
SC0,08/12/2007,Inverness C,Hibernian,2,0,H,1,0,H,K Clark,10,9,6,5,15,8,3,3,1,0,0,0,2.62,3.4,2.37,2.8,3.25,2.25,2.75,3.25,2.2,2007/8,€8.15m,€13.55m,2.9,3.25,2.25
SC0,11/12/2007,Celtic,Falkirk,4,0,H,2,0,H,D McDonald,12,11,9,8,8,10,6,1,2,1,0,1,1.16,7.0,15.0,1.15,6.0,13.0,1.15,6.0,15.0,2007/8,€87.28m,€8.28m,1.17,5.5,13.0
SC0,15/12/2007,Hibernian,Falkirk,1,1,D,1,0,H,I Brines,11,19,5,12,21,11,4,11,2,3,1,0,1.66,3.4,5.0,1.6,3.4,5.25,1.61,3.5,4.5,2007/8,€13.55m,€8.28m,1.6,3.4,5.0
SC0,15/12/2007,Kilmarnock,Gretna,3,3,D,1,1,D,C Boyle,12,15,4,4,18,16,1,8,4,3,0,0,1.57,3.6,5.5,1.5,3.6,6.0,1.57,3.5,5.0,2007/8,€10.20m,€9.03m,1.5,3.5,6.5
SC0,15/12/2007,Motherwell,Aberdeen,3,0,H,3,0,H,E Smith,9,10,3,1,17,11,4,5,2,0,0,0,2.1,3.4,3.1,2.1,3.25,3.05,2.2,3.25,2.75,2007/8,€11.58m,€14.95m,2.1,3.25,3.1
SC0,15/12/2007,Rangers,Hearts,2,1,H,1,0,H,D McDonald,13,8,6,3,13,19,4,3,2,2,0,0,1.4,4.2,7.0,1.33,4.5,7.25,1.36,4.0,7.0,2007/8,€92.48m,€31.70m,1.33,4.35,7.5
SC0,15/12/2007,St Mirren,Dundee United,0,3,A,0,0,D,C Thomson,5,11,2,6,12,12,4,5,1,1,1,0,2.75,3.4,2.25,2.7,3.25,2.3,2.6,3.2,2.37,2007/8,€7.70m,€11.75m,2.75,3.25,2.3
SC0,16/12/2007,Inverness C,Celtic,3,2,H,1,2,A,A Freeland,10,11,7,6,9,14,4,12,1,1,1,0,7.5,3.8,1.5,7.0,4.0,1.4,7.0,3.75,1.4,2007/8,€8.15m,€87.28m,7.0,4.0,1.4
SC0,22/12/2007,Celtic,Hibernian,1,1,D,0,1,A,M McCurry,17,9,9,5,8,11,5,4,1,1,0,0,1.33,5.0,8.5,1.25,5.0,9.0,1.33,4.0,8.0,2007/8,€87.28m,€13.55m,1.3,4.5,9.0
SC0,22/12/2007,Dundee United,Gretna,1,2,A,1,2,A,C Richmond,15,3,3,2,6,21,7,3,2,3,0,0,1.44,4.0,6.5,1.4,4.0,7.0,1.4,3.75,7.0,2007/8,€11.75m,€9.03m,1.45,3.75,6.5
SC0,22/12/2007,Hearts,Inverness C,2,3,A,0,1,A,W Collum,20,9,10,6,15,6,12,0,2,3,1,0,1.66,3.5,4.75,1.65,3.4,4.8,1.8,3.3,3.75,2007/8,€31.70m,€8.15m,1.75,3.3,4.35
SC0,22/12/2007,Motherwell,Falkirk,0,3,A,0,0,D,D McDonald,15,12,7,8,8,10,5,3,1,2,0,0,1.66,3.5,4.75,1.65,3.4,4.8,1.61,3.5,4.5,2007/8,€11.58m,€8.28m,1.65,3.4,4.5
SC0,22/12/2007,St Mirren,Kilmarnock,0,0,D,0,0,D,M Tumilty,12,5,5,3,10,14,5,5,0,2,0,0,2.37,3.25,2.75,2.35,3.25,2.65,2.25,3.2,2.75,2007/8,€7.70m,€10.20m,2.35,3.25,2.65
SC0,23/12/2007,Aberdeen,Rangers,1,1,D,1,1,D,K Clark,6,13,3,7,15,11,5,4,4,2,0,1,5.0,3.5,1.66,5.4,3.6,1.55,5.0,3.5,1.57,2007/8,€14.95m,€92.48m,4.5,3.4,1.65
SC0,26/12/2007,Dundee United,Celtic,0,2,A,0,0,D,E Smith,9,11,5,2,13,12,3,4,1,0,0,0,5.5,3.75,1.61,5.25,3.6,1.55,4.5,3.5,1.61,2007/8,€11.75m,€87.28m,5.0,3.4,1.6
SC0,26/12/2007,Falkirk,Inverness C,1,0,H,1,0,H,C Thomson,10,8,3,5,15,13,7,3,1,1,0,0,2.25,3.3,2.87,2.25,3.25,2.8,2.37,3.2,2.6,2007/8,€8.28m,€8.15m,2.25,3.2,2.8
SC0,26/12/2007,Gretna,Aberdeen,1,1,D,0,0,D,B Winter,7,13,4,8,10,10,2,10,1,1,0,0,4.2,3.6,1.7,4.8,3.4,1.65,3.5,3.5,1.8,2007/8,€9.03m,€14.95m,5.0,3.3,1.65
SC0,26/12/2007,Hearts,St Mirren,0,1,A,0,1,A,I Brines,8,10,4,5,19,15,9,1,2,3,0,0,1.66,3.6,4.5,1.55,3.6,5.25,1.61,3.6,4.33,2007/8,€31.70m,€7.70m,1.65,3.4,4.5
SC0,26/12/2007,Kilmarnock,Hibernian,2,1,H,1,0,H,M McCurry,10,8,6,2,20,12,1,1,0,3,0,0,2.62,3.3,2.4,2.55,3.25,2.45,2.62,3.4,2.25,2007/8,€10.20m,€13.55m,2.75,3.25,2.3
SC0,26/12/2007,Rangers,Motherwell,3,1,H,1,0,H,S Conroy,11,8,4,7,8,9,3,3,1,3,0,0,1.33,4.33,9.5,1.3,4.75,7.75,1.33,4.0,8.0,2007/8,€92.48m,€11.58m,1.28,5.0,8.5
SC0,29/12/2007,Celtic,Gretna,3,0,H,1,0,H,D Somers,11,7,5,3,13,14,4,2,1,0,0,0,1.12,7.0,15.0,1.1,7.0,17.0,1.14,6.0,12.0,2007/8,€87.28m,€9.03m,1.1,7.0,17.0
SC0,29/12/2007,Falkirk,Hearts,2,1,H,0,1,A,K Clark,13,11,9,3,14,18,6,5,2,3,0,0,2.37,3.25,2.75,2.45,3.25,2.55,2.2,3.25,2.75,2007/8,€8.28m,€31.70m,2.4,3.25,2.65
SC0,29/12/2007,Hibernian,Rangers,1,2,A,0,1,A,C Richmond,8,10,4,7,13,11,2,7,1,1,0,0,5.0,3.5,1.72,5.0,3.5,1.6,5.0,3.25,1.62,2007/8,€13.55m,€92.48m,4.35,3.3,1.75
SC0,29/12/2007,Inverness C,Kilmarnock,3,1,H,1,0,H,C MacKay,16,6,9,3,11,11,12,4,0,0,0,0,1.9,3.3,3.75,1.95,3.15,3.7,2.0,3.2,3.2,2007/8,€8.15m,€10.20m,1.85,3.3,3.75
SC0,29/12/2007,Motherwell,Dundee United,5,3,H,3,1,H,C Allan,15,10,10,4,8,13,5,2,1,1,0,0,1.9,3.25,3.75,1.9,3.3,3.6,2.1,3.2,3.0,2007/8,€11.58m,€11.75m,2.0,3.25,3.4
SC0,29/12/2007,St Mirren,Aberdeen,0,1,A,0,0,D,M McCurry,12,10,1,1,11,12,7,3,1,0,0,0,2.87,3.25,2.25,2.8,3.25,2.25,2.6,3.2,2.38,2007/8,€7.70m,€14.95m,2.9,3.25,2.25
SC0,02/01/2008,Aberdeen,Inverness C,1,0,H,0,0,D,M Tumilty,12,18,5,9,15,12,8,5,1,2,0,0,2.0,3.3,3.6,1.8,3.3,4.0,1.91,3.25,3.4,2007/8,€14.95m,€8.15m,1.9,3.25,3.6
SC0,02/01/2008,Dundee United,Hearts,4,1,H,1,1,D,A Freeland,9,4,9,1,10,9,5,4,2,3,0,3,2.0,3.3,3.4,1.85,3.3,3.8,1.83,3.4,3.5,2007/8,€11.75m,€31.70m,1.9,3.25,3.6
SC0,02/01/2008,Kilmarnock,Falkirk,0,1,A,0,1,A,I Brines,13,10,9,5,13,15,9,2,3,2,1,1,2.37,3.25,2.75,2.2,3.25,2.85,2.25,3.2,2.75,2007/8,€10.20m,€8.28m,2.2,3.25,2.9
SC0,05/01/2008,Falkirk,Aberdeen,0,0,D,0,0,D,E Smith,13,14,6,4,11,14,3,4,1,4,1,0,2.3,3.3,2.8,2.3,3.2,2.75,2.2,3.2,2.8,2007/8,€8.28m,€14.95m,2.25,3.25,2.8
SC0,05/01/2008,Hearts,Kilmarnock,1,1,D,0,1,A,J Underhill,9,10,6,4,6,17,11,3,1,1,1,0,2.05,3.3,3.3,1.9,3.25,3.65,1.9,3.25,3.4,2007/8,€31.70m,€10.20m,2.0,3.25,3.4
SC0,05/01/2008,Inverness C,Gretna,3,0,H,3,0,H,D McDonald,14,10,11,7,9,15,10,2,0,0,0,0,1.5,3.8,6.0,1.5,3.6,6.0,1.5,3.5,6.0,2007/8,€8.15m,€9.03m,1.4,3.75,7.0
SC0,05/01/2008,Rangers,Dundee United,2,0,H,2,0,H,M McCurry,13,2,8,2,11,19,7,1,0,2,0,0,1.25,5.0,10.0,1.3,4.5,8.25,1.25,4.5,10.0,2007/8,€92.48m,€11.75m,1.28,4.5,10.0
SC0,05/01/2008,St Mirren,Hibernian,2,1,H,2,0,H,K Clark,8,6,5,2,6,14,4,8,0,0,0,0,2.8,3.3,2.3,2.85,3.25,2.2,2.75,3.2,2.25,2007/8,€7.70m,€13.55m,2.8,3.25,2.25
SC0,16/01/2008,Gretna,Rangers,1,2,A,0,1,A,I Brines,10,17,5,10,13,10,2,7,0,0,0,0,12.0,5.5,1.25,9.0,5.0,1.25,11.0,5.0,1.2,2007/8,€9.03m,€92.48m,9.0,5.0,1.25
SC0,19/01/2008,Celtic,Kilmarnock,1,0,H,0,0,D,M McCurry,19,2,13,1,4,12,12,2,1,3,0,0,1.18,6.0,12.0,1.18,6.5,9.0,1.2,5.0,11.0,2007/8,€87.28m,€10.20m,1.17,6.0,13.0
SC0,19/01/2008,Dundee United,Aberdeen,3,0,H,0,0,D,C Thomson,13,3,9,2,14,14,10,1,1,3,0,0,2.3,3.3,2.8,2.3,3.25,2.7,2.2,3.25,2.75,2007/8,€11.75m,€14.95m,2.3,3.25,2.75
SC0,19/01/2008,Gretna,Falkirk,2,0,H,1,0,H,C Allan,9,7,4,4,16,5,5,5,1,0,0,0,4.2,3.4,1.8,4.0,3.3,1.8,3.4,3.25,1.91,2007/8,€9.03m,€8.28m,4.35,3.3,1.75
SC0,19/01/2008,Hearts,Hibernian,1,0,H,1,0,H,K Clark,9,10,7,6,16,12,8,7,3,2,0,0,2.4,3.4,2.8,2.45,3.25,2.55,2.25,3.2,2.75,2007/8,€31.70m,€13.55m,2.3,3.25,2.75
SC0,19/01/2008,St Mirren,Motherwell,3,1,H,2,1,H,D McDonald,14,14,12,8,7,15,6,5,3,1,0,0,2.8,3.3,2.3,2.8,3.25,2.25,2.6,3.2,2.38,2007/8,€7.70m,€11.58m,2.65,3.25,2.35
SC0,20/01/2008,Inverness C,Rangers,0,1,A,0,0,D,C Richmond,13,15,5,8,9,12,2,4,0,1,0,0,6.5,4.0,1.5,6.25,3.8,1.45,6.0,3.75,1.44,2007/8,€8.15m,€92.48m,7.0,4.0,1.4
SC0,26/01/2008,Aberdeen,Hearts,0,1,A,0,0,D,W Collum,10,11,4,8,10,14,5,1,1,2,0,0,1.83,3.3,4.0,1.8,3.3,4.0,1.9,3.25,3.4,2007/8,€14.95m,€31.70m,1.9,3.25,3.6
SC0,26/01/2008,Kilmarnock,Dundee United,1,2,A,0,1,A,K Clark,6,8,2,5,11,9,8,12,0,0,0,0,2.5,3.2,2.6,2.5,3.25,2.5,2.4,3.25,2.5,2007/8,€10.20m,€11.75m,2.4,3.25,2.6
SC0,26/01/2008,Rangers,St Mirren,4,0,H,3,0,H,M Tumilty,18,3,9,3,9,6,11,2,1,1,0,1,1.18,5.5,15.0,1.18,6.5,9.0,1.16,5.5,12.0,2007/8,€92.48m,€7.70m,1.18,5.5,13.0
SC0,27/01/2008,Falkirk,Celtic,0,1,A,0,1,A,J Underhill,11,5,7,2,15,17,8,1,2,2,0,0,7.0,4.0,1.5,6.25,3.8,1.45,6.5,3.6,1.44,2007/8,€8.28m,€87.28m,6.5,4.0,1.4
SC0,09/02/2008,Dundee United,Hibernian,1,1,D,1,0,H,E Smith,18,8,8,4,11,16,9,0,0,3,0,0,2.0,3.3,3.8,1.9,3.3,3.6,1.83,3.2,3.75,2007/8,€11.75m,€13.55m,2.05,3.45,3.75
SC0,09/02/2008,Hearts,Gretna,2,0,H,2,0,H,C Richmond,13,6,6,2,14,16,11,5,0,3,0,1,1.44,4.0,6.5,1.45,3.8,6.25,1.44,3.75,6.0,2007/8,€31.70m,€9.03m,1.5,3.75,6.0
SC0,09/02/2008,Motherwell,Kilmarnock,1,0,H,0,0,D,M McCurry,12,4,5,2,13,20,5,5,0,2,0,1,1.72,3.4,4.5,1.7,3.4,4.35,1.72,3.4,4.0,2007/8,€11.58m,€10.20m,1.7,3.4,4.5
SC0,09/02/2008,Rangers,Falkirk,2,0,H,1,0,H,B Winter,15,7,9,2,8,14,8,6,1,0,0,0,1.2,6.0,15.0,1.2,5.75,9.5,1.2,5.0,11.0,2007/8,€92.48m,€8.28m,1.2,5.5,11.0
SC0,09/02/2008,St Mirren,Inverness C,1,1,D,0,1,A,C Murray,14,11,2,8,12,11,4,6,1,1,0,0,2.3,3.25,2.8,2.3,3.25,2.7,2.25,3.2,2.75,2007/8,€7.70m,€8.15m,2.3,3.25,2.75
SC0,10/02/2008,Aberdeen,Celtic,1,5,A,0,3,A,C Thomson,11,15,2,7,17,16,4,9,2,1,0,0,5.5,3.75,1.61,5.15,3.55,1.57,5.0,3.5,1.57,2007/8,€14.95m,€87.28m,6.0,3.9,1.6
SC0,13/02/2008,Hibernian,Gretna,4,2,H,2,0,H,I Brines,10,10,7,4,16,12,4,10,1,1,0,1,1.44,3.75,7.5,1.45,3.8,6.25,1.4,4.0,6.0,2007/8,€13.55m,€9.03m,1.4,3.75,7.5
SC0,16/02/2008,Celtic,Hearts,3,0,H,1,0,H,D McDonald,12,9,7,4,16,11,9,2,0,0,0,0,1.33,4.33,9.0,1.28,4.75,8.5,1.3,4.33,8.0,2007/8,€87.28m,€31.70m,1.3,4.35,8.5
SC0,16/02/2008,Falkirk,St Mirren,4,0,H,1,0,H,S Dougal,11,9,8,2,13,12,4,2,3,2,0,0,2.0,3.3,3.4,1.85,3.3,3.75,1.9,3.25,3.4,2007/8,€8.28m,€7.70m,1.9,3.25,3.5
SC0,16/02/2008,Gretna,Motherwell,1,3,A,0,1,A,A Freeland,9,13,1,3,9,15,6,4,1,1,0,0,6.0,3.8,1.5,6.25,3.55,1.5,6.0,3.75,1.44,2007/8,€9.03m,€11.58m,6.0,3.5,1.5
SC0,16/02/2008,Inverness C,Dundee United,1,1,D,0,0,D,S Finnie,11,6,3,4,19,17,3,2,1,1,0,0,2.25,3.4,2.8,2.35,3.25,2.65,2.25,3.2,2.75,2007/8,€8.15m,€11.75m,2.3,3.25,2.75
SC0,17/02/2008,Hibernian,Aberdeen,3,1,H,0,1,A,C Richmond,11,20,9,13,18,13,4,10,4,1,0,0,2.0,3.3,3.6,2.2,3.25,2.9,2.2,3.2,2.8,2007/8,€13.55m,€14.95m,2.0,3.2,3.25
SC0,17/02/2008,Kilmarnock,Rangers,0,2,A,0,1,A,M McCurry,10,12,3,6,20,10,5,10,2,0,0,0,7.0,3.8,1.44,7.5,4.25,1.35,7.0,4.0,1.36,2007/8,€10.20m,€92.48m,8.0,4.35,1.45
SC0,20/02/2008,Motherwell,Inverness C,3,1,H,3,1,H,J Underhill,10,10,7,4,14,18,11,6,0,2,0,0,1.9,3.4,3.6,1.85,3.3,3.75,1.8,3.3,3.75,2007/8,€11.58m,€8.15m,1.9,3.25,3.6
SC0,23/02/2008,Dundee United,Falkirk,0,0,D,0,0,D,M Tumilty,17,4,7,1,14,8,12,1,1,2,0,0,1.9,3.25,3.75,1.85,3.3,3.75,1.8,3.4,3.6,2007/8,€11.75m,€8.28m,1.9,3.25,3.5
SC0,23/02/2008,Hibernian,Inverness C,2,0,H,2,0,H,K Clark,10,19,6,9,11,7,5,13,1,0,0,0,1.8,3.4,4.0,1.8,3.3,4.0,1.83,3.3,3.6,2007/8,€13.55m,€8.15m,1.85,3.3,3.75
SC0,23/02/2008,Motherwell,Hearts,0,1,A,0,1,A,C Thomson,4,7,2,2,13,16,4,5,2,3,0,0,2.0,3.25,3.5,1.9,3.3,3.6,2.0,3.2,3.2,2007/8,€11.58m,€31.70m,1.9,3.25,3.5
SC0,24/02/2008,Kilmarnock,Aberdeen,3,1,H,2,0,H,D Somers,12,9,6,4,19,12,6,4,2,0,0,0,2.5,3.25,2.6,2.45,3.25,2.55,2.25,3.2,2.75,2007/8,€10.20m,€14.95m,2.6,3.25,2.4
SC0,24/02/2008,Rangers,Gretna,4,2,H,2,0,H,C Murray,15,16,7,8,7,8,6,4,0,0,0,0,1.11,8.0,15.0,1.12,7.0,13.0,1.11,6.5,15.0,2007/8,€92.48m,€9.03m,1.1,7.0,15.0
SC0,24/02/2008,St Mirren,Celtic,0,1,A,0,0,D,E Smith,6,14,2,6,7,6,4,6,2,2,0,0,7.5,5.0,1.36,7.5,4.25,1.35,8.0,4.33,1.3,2007/8,€7.70m,€87.28m,10.0,4.8,1.35
SC0,27/02/2008,Aberdeen,Motherwell,1,1,D,1,0,H,D McDonald,8,8,4,3,14,12,6,5,1,1,0,0,2.3,3.25,2.8,2.15,3.25,2.95,2.4,3.25,2.5,2007/8,€14.95m,€11.58m,2.25,3.25,2.8
SC0,27/02/2008,Celtic,Inverness C,2,1,H,1,0,H,W Collum,16,7,8,2,10,10,10,5,0,2,0,0,1.16,7.0,15.0,1.18,5.5,12.0,1.16,5.5,12.0,2007/8,€87.28m,€8.15m,1.17,5.5,13.0
SC0,27/02/2008,Dundee United,St Mirren,1,1,D,0,0,D,I Brines,11,6,8,4,6,11,9,2,1,2,0,0,1.72,3.4,4.5,1.7,3.4,4.35,1.8,3.3,3.75,2007/8,€11.75m,€7.70m,1.75,3.3,4.35
SC0,27/02/2008,Falkirk,Hibernian,0,2,A,0,1,A,S Conroy,13,11,6,5,10,5,7,4,0,2,0,0,2.4,3.3,2.7,2.3,3.25,2.7,2.25,3.2,2.75,2007/8,€8.28m,€13.55m,2.25,3.25,2.8
SC0,27/02/2008,Gretna,Kilmarnock,4,2,H,3,0,H,J Underhill,10,9,9,5,10,10,4,7,2,1,0,0,3.0,3.25,2.2,2.9,3.25,2.2,2.75,3.25,2.2,2007/8,€9.03m,€10.20m,3.0,3.25,2.1
SC0,27/02/2008,Hearts,Rangers,0,4,A,0,2,A,S Dougal,5,11,1,8,6,9,3,12,2,0,0,0,5.5,3.75,1.61,5.75,3.75,1.5,4.33,3.2,1.72,2007/8,€31.70m,€92.48m,5.5,3.8,1.65
SC0,01/03/2008,Falkirk,Motherwell,0,0,D,0,0,D,C Thomson,15,9,9,3,12,15,4,8,1,2,0,0,2.6,3.25,2.5,2.4,3.25,2.6,2.38,3.2,2.6,2007/8,€8.28m,€11.58m,2.35,3.25,2.6
SC0,01/03/2008,Hibernian,Celtic,0,2,A,0,0,D,I Brines,7,15,2,10,15,7,6,4,3,1,0,0,4.5,3.5,1.8,5.0,3.5,1.6,5.0,3.5,1.57,2007/8,€13.55m,€87.28m,4.8,3.5,1.84
SC0,01/03/2008,Inverness C,Hearts,0,3,A,0,2,A,A Freeland,6,13,2,7,10,11,6,4,1,2,0,0,2.5,3.25,2.6,2.4,3.25,2.6,2.4,3.25,2.5,2007/8,€8.15m,€31.70m,2.35,3.25,2.6
SC0,01/03/2008,Kilmarnock,St Mirren,1,0,H,1,0,H,M Tumilty,5,10,4,4,15,6,4,7,1,1,0,0,2.2,3.25,3.0,2.25,3.25,2.8,2.2,3.25,2.75,2007/8,€10.20m,€7.70m,2.1,3.25,3.0
SC0,01/03/2008,Rangers,Aberdeen,3,1,H,1,1,D,K Clark,23,11,12,5,11,16,9,4,0,1,0,0,1.22,5.5,10.0,1.2,5.5,11.0,1.2,5.0,11.0,2007/8,€92.48m,€14.95m,1.2,5.0,12.0
SC0,06/03/2008,Gretna,Dundee United,0,3,A,0,1,A,B Winter,5,12,2,6,9,7,2,5,1,1,0,0,4.5,3.4,1.72,4.55,3.5,1.65,4.33,3.4,1.66,2007/8,€9.03m,€11.75m,4.5,3.4,1.65
SC0,12/03/2008,Celtic,Dundee United,0,0,D,0,0,D,M McCurry,11,4,3,0,7,22,9,5,1,2,0,0,1.22,5.5,10.0,1.2,5.5,11.0,1.25,4.5,10.0,2007/8,€87.28m,€11.75m,1.2,5.5,11.0
SC0,12/03/2008,Hibernian,Motherwell,1,0,H,0,0,D,W Collum,17,15,10,5,12,14,4,5,2,1,1,0,2.1,3.3,3.2,2.0,3.2,3.35,2.1,3.2,3.0,2007/8,€13.55m,€11.58m,2.0,3.25,3.3
SC0,15/03/2008,Aberdeen,Gretna,3,0,H,1,0,H,D McDonald,11,2,5,0,15,7,4,1,0,1,0,0,1.22,5.25,12.0,1.3,4.5,8.5,1.29,4.33,9.0,2007/8,€14.95m,€9.03m,1.25,5.0,10.0
SC0,15/03/2008,Hibernian,Kilmarnock,2,0,H,1,0,H,C Richmond,6,8,4,1,12,11,5,5,1,1,0,0,1.57,3.6,5.5,1.6,3.5,5.0,1.67,3.3,4.5,2007/8,€13.55m,€10.20m,1.65,3.4,4.5
SC0,15/03/2008,Inverness C,Falkirk,0,1,A,0,0,D,C Murray,10,9,4,3,12,6,3,4,1,1,0,0,2.25,3.3,2.87,2.2,3.25,2.9,2.2,3.25,2.75,2007/8,€8.15m,€8.28m,2.3,3.2,2.7
SC0,15/03/2008,St Mirren,Hearts,1,1,D,0,0,D,W Collum,11,12,3,3,14,16,3,7,3,0,0,0,2.8,3.4,2.25,2.9,3.25,2.2,2.62,3.4,2.25,2007/8,€7.70m,€31.70m,2.9,3.25,2.2
SC0,22/03/2008,Aberdeen,St Mirren,1,1,D,1,1,D,C Allan,8,9,5,3,7,12,4,4,0,1,0,1,1.72,3.5,4.33,1.7,3.3,4.5,1.67,3.3,4.5,2007/8,€14.95m,€7.70m,1.65,3.4,4.5
SC0,22/03/2008,Dundee United,Motherwell,2,0,H,0,0,D,S McDonald,9,7,3,3,11,20,4,10,0,5,0,0,2.2,3.3,3.3,2.15,3.25,2.95,1.91,3.25,3.4,2007/8,€11.75m,€11.58m,2.15,3.4,3.4
SC0,22/03/2008,Hearts,Falkirk,0,0,D,0,0,D,C Richmond,6,10,2,2,14,15,6,4,1,2,0,0,1.83,3.5,3.75,1.85,3.3,3.75,1.73,3.4,4.0,2007/8,€31.70m,€8.28m,1.9,3.25,3.5
SC0,22/03/2008,Kilmarnock,Inverness C,4,1,H,1,1,D,S Finnie,12,3,7,2,12,10,5,3,1,0,0,0,2.1,3.4,3.1,2.05,3.25,3.2,2.0,3.2,3.2,2007/8,€10.20m,€8.15m,2.25,3.25,2.8
SC0,22/03/2008,Rangers,Hibernian,2,1,H,1,0,H,S Conroy,9,8,6,2,13,15,4,3,0,3,0,0,1.33,4.75,9.5,1.28,4.75,8.5,1.29,4.5,8.0,2007/8,€92.48m,€13.55m,1.3,4.5,8.0
SC0,23/03/2008,Gretna,Celtic,0,3,A,0,1,A,C Thomson,3,19,0,11,18,7,4,7,2,1,0,0,23.0,9.0,1.1,16.0,6.5,1.12,15.0,7.5,1.08,2007/8,€9.03m,€87.28m,21.0,7.5,1.08
SC0,29/03/2008,Falkirk,Kilmarnock,0,0,D,0,0,D,W Collum,10,7,7,3,13,11,7,3,1,2,0,0,1.9,3.4,3.6,1.9,3.4,3.45,1.91,3.25,3.4,2007/8,€8.28m,€10.20m,1.8,3.3,4.0
SC0,29/03/2008,Hearts,Dundee United,1,0,H,1,0,H,E Smith,8,8,3,3,17,14,5,5,2,1,0,2,2.2,3.2,3.0,2.2,3.25,2.9,2.1,3.2,3.0,2007/8,€31.70m,€11.75m,2.25,3.25,2.8
SC0,29/03/2008,Inverness C,Aberdeen,3,4,A,2,2,D,D McDonald,9,16,6,8,10,12,5,6,4,5,1,0,2.55,3.3,2.5,2.45,3.25,2.55,2.5,3.2,2.5,2007/8,€8.15m,€14.95m,2.7,3.2,2.35
SC0,29/03/2008,Motherwell,Hibernian,1,0,H,1,0,H,K Clark,14,4,4,1,12,12,7,2,2,0,0,0,2.3,3.25,2.87,2.25,3.25,2.8,2.25,3.2,2.75,2007/8,€11.58m,€13.55m,2.25,3.25,2.8
SC0,29/03/2008,Rangers,Celtic,1,0,H,1,0,H,S Dougal,8,10,6,6,13,13,8,5,3,5,0,0,2.2,3.2,3.1,2.2,3.25,2.9,2.1,3.2,3.0,2007/8,€92.48m,€87.28m,2.25,3.4,3.25
SC0,29/03/2008,St Mirren,Gretna,2,0,H,1,0,H,D Somers,11,9,3,0,9,15,6,0,0,1,0,0,1.29,4.75,9.0,1.22,5.1,10.5,1.29,4.5,8.0,2007/8,€7.70m,€9.03m,1.25,4.5,11.0
SC0,05/04/2008,Celtic,Motherwell,0,1,A,0,1,A,C Murray,13,4,4,1,14,11,10,4,0,2,0,1,1.25,4.5,13.0,1.25,5.0,9.0,1.25,4.5,10.0,2007/8,€87.28m,€11.58m,1.2,5.5,11.0
SC0,05/04/2008,Gretna,Inverness C,1,2,A,0,0,D,M Tumilty,9,14,3,7,10,6,1,7,1,2,0,0,6.0,4.2,1.44,7.0,4.0,1.4,6.0,4.0,1.4,2007/8,€9.03m,€8.15m,6.5,4.0,1.4
SC0,05/04/2008,Hibernian,St Mirren,2,0,H,2,0,H,S Finnie,5,13,4,5,14,12,2,12,3,1,0,0,1.61,3.5,5.25,1.55,3.5,5.5,1.57,3.5,5.0,2007/8,€13.55m,€7.70m,1.55,3.5,5.5
SC0,05/04/2008,Kilmarnock,Hearts,0,0,D,0,0,D,C Thomson,11,7,7,3,13,14,9,6,3,3,1,0,2.7,3.4,2.3,2.65,3.25,2.35,2.75,3.25,2.2,2007/8,€10.20m,€31.70m,2.6,3.25,2.35
SC0,06/04/2008,Dundee United,Rangers,3,3,D,1,1,D,C Richmond,13,8,5,3,11,11,4,5,1,1,0,0,6.0,3.4,1.57,5.5,3.5,1.55,5.0,3.5,1.57,2007/8,€11.75m,€92.48m,5.0,3.5,1.6
SC0,07/04/2008,Aberdeen,Falkirk,2,1,H,1,0,H,M McCurry,9,7,6,4,9,17,4,6,0,1,0,0,1.91,3.4,4.0,1.85,3.3,3.75,1.91,3.2,3.5,2007/8,€14.95m,€8.28m,1.95,3.4,4.35
SC0,13/04/2008,Motherwell,Celtic,1,4,A,1,3,A,A Freeland,7,13,2,6,21,12,4,7,1,1,0,0,4.6,3.6,1.66,4.4,3.4,1.7,4.0,3.4,1.73,2007/8,€11.58m,€87.28m,4.5,3.5,1.65
SC0,16/04/2008,Celtic,Rangers,2,1,H,1,0,H,K Clark,9,5,4,2,13,11,9,3,2,3,0,1,2.3,3.25,2.87,2.2,3.25,2.9,2.25,3.2,2.75,2007/8,€87.28m,€92.48m,2.25,3.2,2.8
SC0,19/04/2008,Celtic,Aberdeen,1,0,H,0,0,D,I Brines,13,3,6,0,12,6,4,4,2,2,0,0,1.28,5.0,9.0,1.3,4.5,8.5,1.29,4.5,8.0,2007/8,€87.28m,€14.95m,1.25,5.0,9.0
SC0,19/04/2008,Falkirk,Gretna,0,0,D,0,0,D,S O'Reilly,15,5,7,3,16,13,8,6,0,2,0,0,1.33,4.5,8.0,1.3,4.5,8.5,1.25,5.0,8.0,2007/8,€8.28m,€9.03m,1.3,4.35,9.0
SC0,19/04/2008,Hearts,St Mirren,3,2,H,2,1,H,M McCurry,11,9,7,6,8,11,4,7,0,0,0,0,1.66,3.4,5.0,1.65,3.5,4.5,1.62,3.5,4.5,2007/8,€31.70m,€7.70m,1.65,3.4,4.5
SC0,19/04/2008,Inverness C,Kilmarnock,3,0,H,1,0,H,A Muir,15,5,7,2,9,16,10,3,0,0,0,0,2.25,3.3,2.87,2.2,3.25,2.85,2.3,3.3,2.6,2007/8,€8.15m,€10.20m,2.2,3.25,2.9
SC0,20/04/2008,Dundee United,Hibernian,1,1,D,0,0,D,E Smith,14,10,8,4,12,12,6,6,1,3,0,0,2.1,3.25,3.2,2.12,3.25,3.0,2.2,3.2,2.8,2007/8,€11.75m,€13.55m,2.1,3.25,3.1
SC0,26/04/2008,Aberdeen,Hibernian,2,1,H,0,0,D,S Dougal,16,8,4,3,12,13,8,6,2,3,0,2,2.3,3.3,2.8,2.3,3.25,2.7,2.38,3.2,2.6,2007/8,€14.95m,€13.55m,2.25,3.25,2.8
SC0,26/04/2008,Hearts,Inverness C,1,0,H,0,0,D,D McDonald,15,10,6,4,14,8,14,8,2,1,0,0,1.72,3.5,4.33,1.75,3.4,4.1,1.62,3.5,4.5,2007/8,€31.70m,€8.15m,1.7,3.5,4.35
SC0,26/04/2008,Kilmarnock,Gretna,1,1,D,0,0,D,E Norris,11,5,5,1,13,12,7,3,0,0,0,0,1.33,4.5,8.0,1.3,4.5,8.25,1.36,4.0,7.0,2007/8,€10.20m,€9.03m,1.3,4.5,8.0
SC0,26/04/2008,Motherwell,Dundee United,2,2,D,1,1,D,K Clark,8,9,4,5,17,16,5,5,2,3,0,0,2.1,3.3,3.2,2.1,3.25,3.05,2.2,3.25,2.75,2007/8,€11.58m,€11.75m,2.1,3.25,3.0
SC0,26/04/2008,St Mirren,Falkirk,1,0,H,0,0,D,S MacDonald,12,8,6,3,13,12,3,1,5,0,0,1,2.3,3.3,2.8,2.3,3.25,2.7,2.38,3.2,2.6,2007/8,€7.70m,€8.28m,2.35,3.25,2.65
SC0,27/04/2008,Celtic,Rangers,3,2,H,2,2,D,C Thomson,6,9,3,6,23,20,8,7,4,2,0,1,2.1,3.25,3.25,2.1,3.25,3.05,1.91,3.2,3.5,2007/8,€87.28m,€92.48m,2.15,3.25,3.7
SC0,03/05/2008,Aberdeen,Dundee United,2,1,H,1,0,H,B Winter,9,7,3,3,17,16,8,2,2,2,0,0,2.37,3.4,2.6,2.3,3.25,2.7,2.2,3.25,2.75,2007/8,€14.95m,€11.75m,2.3,3.25,2.75
SC0,03/05/2008,Inverness C,Gretna,6,1,H,2,1,H,I Brines,15,3,8,1,9,8,4,5,0,0,0,0,1.4,4.33,6.5,1.35,4.25,7.5,1.44,3.6,6.5,2007/8,€8.15m,€9.03m,1.35,4.0,7.5
SC0,03/05/2008,Motherwell,Celtic,1,2,A,0,0,D,S Conroy,11,6,6,4,20,15,13,1,1,1,0,0,6.5,4.5,1.44,6.25,3.8,1.45,6.0,3.75,1.44,2007/8,€11.58m,€87.28m,5.5,3.75,1.5
SC0,03/05/2008,St Mirren,Kilmarnock,1,0,H,0,0,D,C Allan,9,6,7,3,10,16,10,5,0,1,0,0,2.2,3.25,3.0,2.25,3.25,2.8,2.1,3.2,3.0,2007/8,€7.70m,€10.20m,2.1,3.25,3.0
SC0,04/05/2008,Hibernian,Rangers,0,0,D,0,0,D,C Murray,4,11,3,2,11,12,5,9,2,3,0,0,4.5,3.7,1.72,4.65,3.7,1.6,4.5,3.5,1.62,2007/8,€13.55m,€92.48m,5.0,3.5,1.6
SC0,05/05/2008,Falkirk,Hearts,2,1,H,1,0,H,S Dougal,9,9,4,4,14,23,4,2,1,4,0,0,2.6,3.4,2.37,2.6,3.25,2.4,2.75,3.2,2.25,2007/8,€8.28m,€31.70m,2.5,3.2,2.5
SC0,07/05/2008,Rangers,Motherwell,1,0,H,0,0,D,C Richmond,13,2,5,0,6,16,13,2,0,3,0,0,1.28,5.0,8.5,1.25,5.5,7.75,1.2,5.0,11.0,2007/8,€92.48m,€11.58m,1.3,5.5,11.0
SC0,10/05/2008,Falkirk,Inverness C,2,1,H,1,0,H,S Somers,16,8,8,1,13,15,5,5,0,2,0,0,2.1,3.3,3.2,2.1,3.25,3.05,2.0,3.2,3.2,2007/8,€8.28m,€8.15m,2.1,3.2,3.1
SC0,10/05/2008,Hearts,Kilmarnock,0,2,A,0,0,D,M Tumilty,13,11,6,3,15,10,5,1,0,1,0,0,1.66,3.6,4.5,1.65,3.5,4.5,1.62,3.5,4.5,2007/8,€31.70m,€10.20m,1.7,3.5,4.35
SC0,10/05/2008,Motherwell,Aberdeen,2,1,H,0,0,D,C Thomson,11,6,6,3,13,14,11,0,1,1,0,0,2.0,3.3,3.4,2.0,3.25,3.3,2.0,3.2,3.2,2007/8,€11.58m,€14.95m,1.9,3.3,3.5
SC0,10/05/2008,Rangers,Dundee United,3,1,H,2,0,H,M McCurry,9,7,3,4,9,21,2,1,1,3,0,0,1.3,5.5,9.0,1.25,5.5,7.75,1.3,5.0,10.0,2007/8,€92.48m,€11.75m,1.3,5.5,10.0
SC0,10/05/2008,St Mirren,Gretna,0,0,D,0,0,D,W Collum,12,9,8,5,5,11,11,3,1,1,0,0,1.33,5.0,7.0,1.35,4.5,6.8,1.33,4.33,7.0,2007/8,€7.70m,€9.03m,1.35,4.0,7.5
SC0,11/05/2008,Celtic,Hibernian,2,0,H,1,0,H,D McDonald,19,11,9,10,14,17,9,9,2,3,0,2,1.28,5.5,10.0,1.25,5.5,7.75,1.22,5.0,10.0,2007/8,€87.28m,€13.55m,1.25,5.0,9.0
SC0,13/05/2008,Gretna,Hearts,1,0,H,0,0,D,J Underhill,7,7,3,2,7,3,3,4,1,0,0,1,5.25,3.75,1.57,6.25,3.8,1.45,5.5,3.6,1.5,2007/8,€9.03m,€31.70m,6.5,4.0,1.4
SC0,17/05/2008,Inverness C,St Mirren,0,0,D,0,0,D,E Smith,12,8,3,5,5,13,5,3,2,2,1,0,1.9,3.3,3.75,1.9,3.3,3.55,1.91,3.25,3.4,2007/8,€8.15m,€7.70m,1.9,3.2,3.5
SC0,17/05/2008,Kilmarnock,Falkirk,2,1,H,1,1,D,A Freeland,16,6,7,1,9,14,6,4,0,1,0,0,2.37,3.3,2.7,2.35,3.2,2.7,2.25,3.2,2.75,2007/8,€10.20m,€8.28m,2.35,3.1,2.7
SC0,17/05/2008,Motherwell,Rangers,1,1,D,0,1,A,J Underhill,5,9,2,5,15,11,5,8,2,0,0,0,6.5,4.0,1.44,6.3,3.8,1.45,6.5,4.0,1.4,2007/8,€11.58m,€92.48m,6.2,3.9,1.6
SC0,19/05/2008,St Mirren,Rangers,0,3,A,0,2,A,C Thomson,4,13,1,7,13,6,4,7,5,3,0,0,9.5,5.5,1.29,7.75,5.5,1.25,9.0,5.0,1.3,2007/8,€7.70m,€92.48m,10.5,5.75,1.28
SC0,22/05/2008,Aberdeen,Rangers,2,0,H,0,0,D,K Clark,9,9,6,4,12,17,4,10,1,0,0,1,6.5,4.2,1.5,7.0,4.0,1.42,6.0,3.75,1.44,2007/8,€14.95m,€92.48m,6.0,3.6,1.5
SC0,22/05/2008,Dundee United,Celtic,0,1,A,0,0,D,S Dougal,11,11,4,9,15,10,4,8,1,3,0,0,7.5,5.0,1.36,9.0,4.5,1.3,7.0,4.33,1.33,2007/8,€11.75m,€87.28m,8.0,4.0,1.35
SC0,22/05/2008,Hibernian,Motherwell,0,2,A,0,1,A,C Richmond,14,17,3,11,5,12,4,9,2,0,0,0,2.1,3.4,3.0,2.1,3.25,3.05,2.1,3.2,3.0,2007/8,€13.55m,€11.58m,2.1,3.25,3.0
SC0,09/08/2008,Aberdeen,Inverness C,0,2,A,0,1,A,M Tumilty,7,8,2,3,8,12,12,2,2,1,0,0,1.73,3.4,4.2,1.65,3.5,4.5,1.73,3.2,4.33,2008/9,€19.55m,€10.43m,1.65,3.4,4.5
SC0,09/08/2008,Falkirk,Rangers,0,1,A,0,0,D,D McDonald,6,8,2,5,7,12,11,4,0,3,0,0,6.5,4.0,1.5,6.0,3.9,1.45,6.5,3.6,1.44,2008/9,€14.28m,€94.48m,6.5,3.75,1.45
SC0,09/08/2008,Hearts,Motherwell,3,2,H,2,1,H,I Brines,10,6,6,2,14,14,1,3,3,2,0,0,2.0,3.25,3.25,2.0,3.25,3.3,2.1,3.2,3.0,2008/9,€37.53m,€13.63m,2.1,3.25,3.1
SC0,09/08/2008,Kilmarnock,Hibernian,1,0,H,0,0,D,C Murray,11,11,5,1,8,12,10,4,1,2,0,0,2.4,3.2,2.62,2.55,3.25,2.45,2.38,3.2,2.6,2008/9,€11.38m,€23.70m,2.4,3.2,2.6
SC0,10/08/2008,Celtic,St Mirren,1,0,H,0,0,D,E Smith,12,6,4,2,13,13,3,3,1,0,0,1,1.17,6.5,17.0,1.15,6.5,12.0,1.17,5.5,12.0,2008/9,€93.10m,€10.28m,1.14,6.0,15.0
SC0,11/08/2008,Hamilton,Dundee United,3,1,H,2,1,H,S Dougal,13,9,11,5,16,14,6,7,2,4,0,0,3.6,3.25,2.1,2.8,3.25,2.25,2.75,3.25,2.2,2008/9,€11.80m,€15.80m,3.0,3.2,2.2
SC0,16/08/2008,Hibernian,Falkirk,3,2,H,2,1,H,W Collum,16,12,6,6,13,15,0,4,2,1,0,0,2.1,3.3,3.6,1.95,3.25,3.45,2.0,3.2,3.2,2008/9,€23.70m,€14.28m,1.9,3.25,3.6
SC0,16/08/2008,Inverness C,Hamilton,0,1,A,0,1,A,S O'Reilly,6,5,2,2,17,20,4,6,1,2,0,0,1.8,3.5,4.5,1.8,3.4,3.85,1.73,3.4,4.0,2008/9,€10.43m,€11.80m,1.75,3.4,4.0
SC0,16/08/2008,Motherwell,Aberdeen,0,1,A,0,0,D,S Conroy,5,4,3,3,9,13,3,3,0,4,0,0,2.1,3.3,3.5,2.1,3.25,3.05,2.2,3.25,2.75,2008/9,€13.63m,€19.55m,2.2,3.25,2.9
SC0,16/08/2008,Rangers,Hearts,2,0,H,1,0,H,S Dougal,13,7,7,5,12,13,1,4,1,2,0,1,1.44,4.2,7.5,1.4,4.25,6.25,1.4,3.75,7.0,2008/9,€94.48m,€37.53m,1.4,4.0,7.0
SC0,16/08/2008,St Mirren,Kilmarnock,0,0,D,0,0,D,D Somers,9,9,3,5,14,12,4,9,1,2,0,0,2.4,3.3,2.88,2.3,3.25,2.7,2.38,3.2,2.6,2008/9,€10.28m,€11.38m,2.35,3.2,2.65
SC0,17/08/2008,Dundee United,Celtic,1,1,D,0,0,D,C Richmond,9,13,6,8,19,14,5,5,1,1,0,0,5.75,4.0,1.57,5.6,3.75,1.5,5.0,3.5,1.57,2008/9,€15.80m,€93.10m,5.5,3.75,1.5
SC0,23/08/2008,Aberdeen,Rangers,1,1,D,1,1,D,C Thomson,5,11,3,4,24,18,0,3,2,0,0,0,5.0,3.5,1.73,4.5,3.5,1.65,4.5,3.3,1.67,2008/9,€19.55m,€94.48m,5.5,3.5,1.73
SC0,23/08/2008,Celtic,Falkirk,3,0,H,2,0,H,I Brines,16,8,9,5,7,17,5,3,1,2,0,0,1.2,6.5,13.0,1.17,6.25,10.5,1.2,5.0,11.0,2008/9,€93.10m,€14.28m,1.18,6.0,10.0
SC0,23/08/2008,Hearts,St Mirren,2,1,H,1,0,H,C Murray,17,4,11,3,15,13,13,2,2,3,0,1,1.73,3.5,5.0,1.6,3.6,4.8,1.57,3.5,5.0,2008/9,€37.53m,€10.28m,1.6,3.4,5.0
SC0,23/08/2008,Inverness C,Hibernian,1,1,D,1,0,H,E Smith,6,13,5,3,8,5,8,2,3,0,0,0,2.4,3.3,2.88,2.45,3.25,2.55,2.4,3.25,2.5,2008/9,€10.43m,€23.70m,2.35,3.25,2.6
SC0,23/08/2008,Kilmarnock,Hamilton,1,0,H,1,0,H,C Allan,11,5,3,0,11,22,12,4,3,1,0,1,2.1,3.3,3.5,1.9,3.3,3.6,1.83,3.4,3.5,2008/9,€11.38m,€11.80m,2.0,3.25,3.25
SC0,23/08/2008,Motherwell,Dundee United,1,1,D,1,1,D,D McDonald,8,7,4,3,18,15,7,6,2,4,0,0,2.4,3.3,2.88,2.25,3.25,2.8,2.38,3.2,2.6,2008/9,€13.63m,€15.80m,2.3,3.25,2.7
SC0,30/08/2008,Dundee United,Kilmarnock,0,2,A,0,1,A,M Tumilty,5,3,1,3,13,12,13,2,1,3,0,0,1.8,3.5,4.5,1.85,3.35,3.65,1.83,3.3,3.6,2008/9,€15.80m,€11.38m,1.9,3.25,3.5
SC0,30/08/2008,Falkirk,Inverness C,1,2,A,0,0,D,M McCurry,6,17,4,8,12,10,1,9,0,1,0,0,2.1,3.4,3.4,2.1,3.25,3.05,2.2,3.25,2.75,2008/9,€14.28m,€10.43m,2.1,3.25,3.1
SC0,30/08/2008,Hamilton,Hearts,1,2,A,0,1,A,C Thomson,9,13,2,7,8,9,7,3,2,0,0,0,3.0,3.4,2.3,2.9,3.25,2.2,2.75,3.25,2.2,2008/9,€11.80m,€37.53m,2.65,3.25,2.3
SC0,30/08/2008,Hibernian,Motherwell,0,1,A,0,0,D,S Dougal,11,6,3,3,11,13,3,2,0,0,0,0,2.15,3.3,3.4,2.0,3.35,3.2,1.91,3.25,3.4,2008/9,€23.70m,€13.63m,2.0,3.25,3.25
SC0,30/08/2008,St Mirren,Aberdeen,0,1,A,0,1,A,W Collum,12,8,7,7,9,13,6,2,3,2,0,0,2.9,3.3,2.38,2.6,3.25,2.4,2.5,3.25,2.4,2008/9,€10.28m,€19.55m,2.8,3.25,2.25
SC0,31/08/2008,Celtic,Rangers,2,4,A,1,1,D,D McDonald,11,12,6,7,12,18,7,8,2,5,1,1,2.0,3.3,3.8,1.95,3.15,3.6,2.1,3.0,3.2,2008/9,€93.10m,€94.48m,2.0,3.25,3.25
SC0,13/09/2008,Aberdeen,Hamilton,1,2,A,1,1,D,A Muir,7,3,1,2,10,12,2,4,2,3,0,0,1.67,3.6,5.0,1.6,3.6,4.8,1.67,3.75,5.0,2008/9,€19.55m,€11.80m,1.65,3.5,4.35
SC0,13/09/2008,Falkirk,Hearts,2,1,H,1,0,H,S Conroy,7,8,5,6,15,18,3,6,3,1,0,0,2.88,3.3,2.38,2.65,3.25,2.35,3.0,3.25,2.38,2008/9,€14.28m,€37.53m,2.8,3.25,2.2
SC0,13/09/2008,Hibernian,Dundee United,2,1,H,1,1,D,D Somers,7,9,2,5,17,21,1,9,2,2,1,0,2.3,3.25,3.1,2.3,3.25,2.7,2.25,3.3,3.2,2008/9,€23.70m,€15.80m,2.2,3.25,2.9
SC0,13/09/2008,Inverness C,St Mirren,1,2,A,1,0,H,I Brines,10,4,5,2,15,19,3,4,1,1,0,0,2.0,3.3,3.8,1.85,3.35,3.65,1.91,3.5,4.0,2008/9,€10.43m,€10.28m,1.85,3.3,3.75
SC0,13/09/2008,Motherwell,Celtic,2,4,A,0,4,A,C Thomson,13,20,7,13,12,12,4,4,3,3,0,0,4.75,3.6,1.73,4.8,3.6,1.6,6.0,3.25,1.53,2008/9,€13.63m,€93.10m,5.0,3.6,1.65
SC0,13/09/2008,Rangers,Kilmarnock,2,1,H,0,1,A,C Murray,13,6,11,5,17,13,10,2,3,2,1,0,1.25,5.5,12.0,1.25,5.0,9.0,1.25,5.5,12.0,2008/9,€94.48m,€11.38m,1.25,5.0,10.0
SC0,20/09/2008,Aberdeen,Dundee United,0,1,A,0,0,D,C Murray,12,5,4,1,9,19,10,3,1,3,0,0,2.1,3.4,3.4,2.1,3.25,3.1,2.1,3.25,3.6,2008/9,€19.55m,€15.80m,2.1,3.25,3.3
SC0,20/09/2008,Hamilton,Hibernian,0,1,A,0,1,A,D McDonald,14,10,4,4,10,6,12,7,2,2,0,0,2.5,3.4,2.7,2.55,3.25,2.45,2.4,3.3,2.88,2008/9,€11.80m,€23.70m,2.35,3.1,2.75
SC0,20/09/2008,Hearts,Inverness C,1,0,H,1,0,H,W Collum,11,10,4,5,13,8,7,8,3,2,0,0,1.8,3.5,4.5,1.75,3.4,4.1,1.8,3.5,4.5,2008/9,€37.53m,€10.43m,1.8,3.25,4.0
SC0,20/09/2008,St Mirren,Falkirk,1,1,D,0,0,D,E Norris,7,7,4,2,12,19,7,4,1,2,0,0,2.3,3.3,3.1,2.25,3.25,2.8,2.4,3.3,2.88,2008/9,€10.28m,€14.28m,2.25,3.25,2.8
SC0,21/09/2008,Kilmarnock,Celtic,1,3,A,0,1,A,M McCurry,2,9,2,5,14,15,6,5,1,2,0,1,6.0,3.6,1.62,4.8,3.6,1.6,5.5,3.5,1.66,2008/9,€11.38m,€93.10m,5.5,3.6,1.6
SC0,21/09/2008,Rangers,Motherwell,2,1,H,0,0,D,E Smith,17,7,9,3,8,17,1,3,2,2,0,0,1.29,5.5,10.5,1.2,6.0,9.0,1.25,5.5,12.0,2008/9,€94.48m,€13.63m,1.2,5.5,10.5
SC0,27/09/2008,Celtic,Aberdeen,3,2,H,1,0,H,E Smith,13,9,8,4,10,7,7,2,1,0,0,0,1.33,4.5,11.0,1.25,5.0,9.0,1.29,5.0,12.0,2008/9,€93.10m,€19.55m,1.28,4.5,10.0
SC0,27/09/2008,Dundee United,Hearts,3,0,H,1,0,H,D McDonald,13,8,7,5,15,23,3,5,0,3,0,1,2.38,3.4,2.88,2.4,3.25,2.6,2.38,3.4,2.88,2008/9,€15.80m,€37.53m,2.2,3.25,2.8
SC0,27/09/2008,Falkirk,Hamilton,4,1,H,1,0,H,M Tumilty,14,9,9,5,14,16,3,5,0,1,0,0,2.1,3.4,3.4,2.1,3.25,3.1,2.2,3.3,3.3,2008/9,€14.28m,€11.80m,2.1,3.25,3.1
SC0,27/09/2008,Inverness C,Kilmarnock,3,1,H,2,1,H,B Winter,13,4,7,0,19,20,8,0,1,5,0,1,2.4,3.3,2.88,2.4,3.25,2.6,2.5,3.3,2.8,2008/9,€10.43m,€11.38m,2.3,3.25,2.7
SC0,27/09/2008,Motherwell,St Mirren,2,1,H,0,1,A,S Conroy,12,10,5,5,10,10,7,5,1,3,0,1,1.91,3.4,4.0,1.85,3.35,3.7,2.0,3.4,3.75,2008/9,€13.63m,€10.28m,1.8,3.2,4.0
SC0,28/09/2008,Hibernian,Rangers,0,3,A,0,2,A,C Murray,5,11,4,3,12,6,5,9,1,2,0,0,5.0,3.5,1.73,5.3,3.6,1.55,5.5,3.5,1.67,2008/9,€23.70m,€94.48m,5.0,3.4,1.6
SC0,04/10/2008,Aberdeen,Hibernian,1,2,A,1,1,D,M McCurry,12,11,6,4,6,15,5,1,2,1,1,0,2.25,3.4,3.1,2.25,3.25,2.8,2.3,3.2,3.2,2008/9,€19.55m,€23.70m,2.2,3.25,2.9
SC0,04/10/2008,Celtic,Hamilton,4,0,H,2,0,H,S Conroy,21,5,16,3,9,18,9,2,1,1,0,0,1.2,6.0,15.0,1.2,6.0,9.0,1.2,6.5,13.0,2008/9,€93.10m,€11.80m,1.15,6.0,12.0
SC0,04/10/2008,Dundee United,Inverness C,2,1,H,1,0,H,I Brines,14,12,8,5,16,18,10,7,1,2,0,0,1.8,3.6,4.5,1.8,3.4,3.8,1.83,3.5,4.33,2008/9,€15.80m,€10.43m,1.8,3.25,4.0
SC0,04/10/2008,Hearts,Kilmarnock,1,2,A,1,1,D,C Thomson,10,7,3,3,10,18,3,4,1,6,0,0,1.8,3.6,4.33,1.8,3.4,3.8,1.83,3.5,4.33,2008/9,€37.53m,€11.38m,1.8,3.3,4.0
SC0,05/10/2008,Motherwell,Falkirk,3,2,H,2,1,H,S O'Reilly,12,9,6,4,18,14,7,5,0,2,0,0,2.0,3.5,3.6,2.0,3.25,3.3,2.0,3.4,3.75,2008/9,€13.63m,€14.28m,2.0,3.25,3.25
SC0,05/10/2008,St Mirren,Rangers,1,0,H,0,0,D,W Collum,4,24,1,12,16,12,1,14,2,2,0,0,8.5,5.0,1.33,7.0,5.0,1.3,11.0,4.5,1.33,2008/9,€10.28m,€94.48m,8.5,5.0,1.25
SC0,18/10/2008,Falkirk,Aberdeen,0,1,A,0,0,D,W Collum,11,8,3,4,20,10,3,1,4,1,1,0,2.25,3.4,3.1,2.3,3.25,2.7,2.3,3.3,3.1,2008/9,€14.28m,€19.55m,2.25,3.2,2.9
SC0,18/10/2008,Hamilton,St Mirren,1,2,A,1,2,A,D Somers,6,6,1,5,7,15,2,5,2,1,0,0,2.38,3.3,3.0,2.1,3.25,3.05,2.38,3.4,2.9,2008/9,€11.80m,€10.28m,2.1,3.25,3.0
SC0,18/10/2008,Inverness C,Celtic,1,2,A,0,0,D,I Brines,7,8,3,7,12,12,3,6,3,3,0,0,6.5,3.8,1.53,6.25,3.85,1.45,7.0,4.0,1.5,2008/9,€10.43m,€93.10m,6.0,4.0,1.5
SC0,18/10/2008,Kilmarnock,Motherwell,1,0,H,0,0,D,A Muir,7,10,6,6,18,12,3,7,3,2,0,1,2.25,3.4,3.1,2.1,3.25,3.05,2.2,3.3,3.3,2008/9,€11.38m,€13.63m,2.2,3.2,2.8
SC0,19/10/2008,Hibernian,Hearts,1,1,D,1,1,D,C Thomson,10,7,4,2,17,11,4,3,3,2,0,0,2.38,3.25,3.0,2.25,3.25,2.8,2.38,3.25,3.0,2008/9,€23.70m,€37.53m,2.35,3.3,2.8
SC0,25/10/2008,Celtic,Hibernian,4,2,H,2,1,H,C Murray,20,6,12,4,9,9,17,1,2,3,0,0,1.33,5.0,9.0,1.3,5.0,7.25,1.29,4.5,8.0,2008/9,€93.10m,€23.70m,1.35,4.35,7.5
SC0,25/10/2008,Dundee United,St Mirren,2,0,H,0,0,D,B Winter,18,10,10,8,18,10,10,3,1,2,0,0,1.73,3.5,5.0,1.75,3.4,4.1,1.73,3.4,4.0,2008/9,€15.80m,€10.28m,1.73,3.3,4.35
SC0,25/10/2008,Hamilton,Rangers,1,3,A,1,1,D,D McDonald,5,10,2,4,13,9,5,4,0,0,0,0,10.0,4.75,1.33,6.25,4.75,1.35,8.0,4.5,1.29,2008/9,€11.80m,€94.48m,8.5,4.5,1.35
SC0,25/10/2008,Hearts,Aberdeen,1,1,D,1,1,D,S Conroy,12,6,2,3,10,13,8,3,1,1,0,0,2.0,3.4,3.75,1.8,3.4,3.8,1.8,3.3,3.75,2008/9,€37.53m,€19.55m,1.9,3.3,3.6
SC0,25/10/2008,Inverness C,Motherwell,1,2,A,0,0,D,E Norris,11,5,5,2,13,15,5,7,0,1,0,0,2.4,3.4,2.8,2.3,3.25,2.7,2.25,3.2,2.75,2008/9,€10.43m,€13.63m,2.4,3.25,2.6
SC0,25/10/2008,Kilmarnock,Falkirk,1,2,A,0,1,A,M McCurry,10,5,5,2,14,12,4,4,1,1,0,1,2.0,3.4,3.75,1.9,3.15,3.8,1.8,3.25,3.75,2008/9,€11.38m,€14.28m,1.9,3.3,3.6
SC0,01/11/2008,Aberdeen,Kilmarnock,1,0,H,0,0,D,D Somers,14,8,5,4,11,16,5,7,1,4,0,0,2.2,3.4,3.2,2.25,3.25,2.8,2.1,3.2,3.0,2008/9,€19.55m,€11.38m,2.0,3.25,3.25
SC0,01/11/2008,Falkirk,Dundee United,0,0,D,0,0,D,I Brines,10,5,7,3,14,15,5,4,1,1,0,1,2.4,3.3,2.88,2.35,3.25,2.65,2.4,3.25,2.5,2008/9,€14.28m,€15.80m,2.4,3.25,2.6
SC0,01/11/2008,Motherwell,Hamilton,2,0,H,1,0,H,M Tumilty,13,6,8,2,10,17,5,2,3,2,0,0,1.73,3.75,4.5,1.8,3.4,3.8,1.67,3.6,4.0,2008/9,€13.63m,€11.80m,1.7,3.4,4.35
SC0,01/11/2008,Rangers,Inverness C,5,0,H,5,0,H,C Allan,16,8,8,1,12,8,6,5,0,1,0,0,1.22,6.0,13.0,1.17,6.25,10.5,1.17,5.5,12.0,2008/9,€94.48m,€10.43m,1.2,5.5,12.0
SC0,01/11/2008,St Mirren,Hibernian,0,0,D,0,0,D,S Finnie,13,11,7,8,6,15,5,6,1,1,0,0,2.6,3.3,2.62,2.45,3.25,2.55,2.5,3.25,2.4,2008/9,€10.28m,€23.70m,2.6,3.25,2.4
SC0,02/11/2008,Hearts,Celtic,0,2,A,0,2,A,C Thomson,7,7,4,3,14,12,5,1,0,1,1,0,5.5,3.5,1.67,4.8,3.6,1.6,5.0,3.5,1.57,2008/9,€37.53m,€93.10m,5.0,3.6,1.65
SC0,04/11/2008,Rangers,Dundee United,3,3,D,2,2,D,C Thomson,20,8,10,4,8,13,10,1,1,3,0,0,1.29,5.0,11.0,1.25,5.25,8.5,1.22,5.0,10.0,2008/9,€94.48m,€15.80m,1.28,4.5,8.5
SC0,08/11/2008,Celtic,Motherwell,2,0,H,1,0,H,D McDonald,15,9,7,5,11,13,3,6,1,1,0,1,1.29,5.25,11.0,1.22,6.0,8.0,1.29,5.5,10.0,2008/9,€93.10m,€13.63m,1.22,5.5,10.0
SC0,08/11/2008,Dundee United,Aberdeen,2,1,H,2,0,H,W Collum,10,12,5,4,17,12,3,5,3,2,0,0,2.05,3.3,3.6,2.1,3.25,3.05,2.1,3.3,3.5,2008/9,€15.80m,€19.55m,1.85,3.3,3.75
SC0,08/11/2008,Hamilton,Falkirk,1,1,D,1,0,H,C Murray,11,9,2,1,15,11,8,5,3,1,0,0,2.8,3.25,2.5,2.5,3.25,2.5,2.62,3.3,2.6,2008/9,€11.80m,€14.28m,2.8,3.25,2.25
SC0,08/11/2008,Hibernian,Inverness C,1,2,A,0,1,A,C Boyle,8,7,5,3,10,18,4,5,2,2,0,0,1.67,3.6,5.5,1.65,3.5,4.55,1.73,3.5,5.0,2008/9,€23.70m,€10.43m,1.6,3.5,5.0
SC0,08/11/2008,St Mirren,Hearts,0,1,A,0,0,D,M McCurry,11,7,2,3,12,13,2,8,0,0,0,1,2.75,3.25,2.6,2.6,3.25,2.4,2.6,3.4,2.6,2008/9,€10.28m,€37.53m,2.4,3.25,2.6
SC0,09/11/2008,Kilmarnock,Rangers,0,4,A,0,0,D,E Smith,4,12,2,7,12,12,1,6,1,2,0,0,7.5,4.2,1.44,6.25,3.8,1.45,7.0,3.75,1.53,2008/9,€11.38m,€94.48m,7.5,4.2,1.45
SC0,11/11/2008,Aberdeen,St Mirren,2,0,H,0,0,D,B Winter,9,7,6,3,9,8,3,3,2,2,0,0,1.73,3.5,5.0,1.75,3.4,4.1,1.8,3.5,4.5,2008/9,€19.55m,€10.28m,1.7,3.4,4.5
SC0,12/11/2008,Celtic,Kilmarnock,3,0,H,1,0,H,M Tumilty,17,2,11,0,7,19,4,2,0,2,0,0,1.2,6.0,15.0,1.2,6.0,9.0,1.2,5.0,11.0,2008/9,€93.10m,€11.38m,1.2,5.5,11.0
SC0,12/11/2008,Dundee United,Hibernian,2,0,H,0,0,D,E Smith,17,12,8,4,12,11,6,6,1,1,0,0,1.91,3.4,4.0,2.05,3.3,3.1,1.73,3.4,4.0,2008/9,€15.80m,€23.70m,1.85,3.3,3.6
SC0,12/11/2008,Hearts,Hamilton,1,0,H,1,0,H,D McDonald,13,6,8,2,6,12,1,3,1,1,0,0,1.57,4.0,6.5,1.55,3.6,5.4,1.44,3.75,6.0,2008/9,€37.53m,€11.80m,1.5,3.6,6.0
SC0,12/11/2008,Inverness C,Falkirk,1,1,D,0,1,A,C Thomson,8,6,3,2,15,12,10,4,1,2,0,0,2.38,3.2,3.0,2.3,3.25,2.75,2.2,3.25,2.75,2008/9,€10.43m,€14.28m,2.3,3.25,2.75
SC0,12/11/2008,Motherwell,Rangers,0,0,D,0,0,D,S Conroy,8,9,6,7,8,11,5,3,0,1,0,0,6.5,4.0,1.53,5.5,3.8,1.5,5.5,3.6,1.5,2008/9,€13.63m,€94.48m,5.5,3.75,1.5
SC0,15/11/2008,Falkirk,Motherwell,1,0,H,1,0,H,W Collum,12,9,8,4,12,15,6,1,0,0,0,0,2.4,3.5,2.75,2.45,3.25,2.55,2.25,3.2,2.75,2008/9,€14.28m,€13.63m,2.35,3.25,2.6
SC0,15/11/2008,Hibernian,Aberdeen,2,2,D,0,1,A,S O'Reilly,19,6,10,2,17,14,7,3,1,0,0,0,2.3,3.4,3.0,2.25,3.2,2.8,2.1,3.2,3.0,2008/9,€23.70m,€19.55m,2.25,3.25,2.75
SC0,15/11/2008,Inverness C,Hearts,0,1,A,0,1,A,M Tumilty,14,5,5,3,15,16,1,5,0,1,0,0,2.6,3.4,2.6,2.45,3.25,2.55,2.6,3.2,2.38,2008/9,€10.43m,€37.53m,2.65,3.25,2.4
SC0,15/11/2008,Kilmarnock,Dundee United,2,0,H,1,0,H,E Norris,5,5,1,2,14,22,2,2,3,1,0,0,2.9,3.4,2.38,2.5,3.2,2.5,2.5,3.25,2.4,2008/9,€11.38m,€15.80m,2.5,3.25,2.5
SC0,15/11/2008,Rangers,St Mirren,2,1,H,2,0,H,D Somers,19,10,6,4,12,7,5,4,2,1,0,0,1.17,7.0,15.0,1.15,6.5,12.0,1.17,5.5,12.0,2008/9,€94.48m,€10.28m,1.15,6.0,11.0
SC0,16/11/2008,Hamilton,Celtic,1,2,A,1,1,D,S Conroy,6,15,3,10,9,7,4,9,1,1,1,0,11.0,5.25,1.29,8.0,5.5,1.25,10.0,5.0,1.22,2008/9,€11.80m,€93.10m,10.0,5.0,1.25
SC0,22/11/2008,Dundee United,Hamilton,1,1,D,0,1,A,C Allan,10,8,6,4,15,23,5,2,4,3,0,1,1.53,4.0,7.0,1.45,3.8,6.25,1.5,4.0,7.0,2008/9,€15.80m,€11.80m,1.45,4.0,7.0
SC0,22/11/2008,Hearts,Falkirk,2,1,H,1,1,D,E Smith,10,7,3,3,8,18,3,3,1,2,0,0,1.91,3.4,4.0,1.7,3.4,4.4,1.8,3.5,4.5,2008/9,€37.53m,€14.28m,1.85,3.4,4.0
SC0,22/11/2008,Kilmarnock,Inverness C,1,2,A,0,2,A,S Finnie,6,5,3,1,12,13,6,2,4,3,0,0,2.0,3.4,3.75,1.9,3.3,3.6,1.91,3.4,4.0,2008/9,€11.38m,€10.43m,1.9,3.4,3.75
SC0,22/11/2008,Motherwell,Hibernian,1,4,A,1,1,D,C Richmond,6,16,5,10,13,18,5,4,2,3,0,0,2.1,3.3,3.5,2.1,3.25,3.05,2.1,3.3,3.5,2008/9,€13.63m,€23.70m,2.1,3.25,3.4
SC0,22/11/2008,Rangers,Aberdeen,2,0,H,0,0,D,C Thomson,20,9,11,5,13,14,7,6,1,1,0,0,1.33,5.0,9.0,1.3,5.0,7.0,1.33,5.0,9.0,2008/9,€94.48m,€19.55m,1.3,5.0,9.0
SC0,22/11/2008,St Mirren,Celtic,1,3,A,0,0,D,W Collum,2,15,1,8,7,12,9,5,2,1,0,0,10.0,4.75,1.33,7.0,5.0,1.3,11.0,5.0,1.3,2008/9,€10.28m,€93.10m,9.5,5.0,1.3
SC0,29/11/2008,Aberdeen,Motherwell,2,0,H,0,0,D,C Boyle,9,4,3,3,8,20,4,4,2,3,0,1,2.1,3.4,3.4,2.05,3.25,3.15,1.91,3.25,3.4,2008/9,€19.55m,€13.63m,2.0,3.25,3.25
SC0,29/11/2008,Celtic,Inverness C,1,0,H,1,0,H,D Somers,9,5,4,2,12,8,4,4,1,0,0,0,1.2,6.0,13.0,1.17,6.5,10.0,1.17,5.5,12.0,2008/9,€93.10m,€10.43m,1.17,6.0,11.0
SC0,29/11/2008,Falkirk,Hibernian,1,1,D,0,0,D,A Muir,9,10,2,2,11,19,6,9,1,1,0,0,2.38,3.4,2.88,2.4,3.25,2.6,2.38,3.2,2.6,2008/9,€14.28m,€23.70m,2.3,3.2,2.75
SC0,29/11/2008,Hamilton,Kilmarnock,1,0,H,0,0,D,I Brines,4,2,2,0,14,16,1,7,1,3,0,0,2.6,3.3,2.6,2.6,3.25,2.4,2.6,3.25,2.3,2008/9,€11.80m,€11.38m,2.5,3.25,2.5
SC0,29/11/2008,Hearts,Rangers,2,1,H,2,1,H,D McDonald,10,10,7,4,22,22,4,4,1,4,1,0,5.25,3.6,1.67,5.0,3.5,1.6,4.5,3.5,1.62,2008/9,€37.53m,€94.48m,4.5,3.5,1.65
SC0,29/11/2008,St Mirren,Dundee United,0,2,A,0,1,A,C Murray,7,11,0,4,14,20,2,5,1,0,0,0,2.88,3.4,2.38,2.6,3.25,2.4,2.5,3.5,2.25,2008/9,€10.28m,€15.80m,2.7,3.2,2.35
SC0,06/12/2008,Falkirk,St Mirren,1,2,A,0,1,A,D McDonald,11,5,4,4,18,9,5,8,2,1,1,0,1.83,3.5,4.33,1.85,3.35,3.7,1.83,3.5,4.33,2008/9,€14.28m,€10.28m,1.85,3.3,4.0
SC0,06/12/2008,Inverness C,Dundee United,1,3,A,0,0,D,B Winter,7,7,3,5,15,14,5,6,1,2,0,0,2.8,3.4,2.4,2.6,3.25,2.4,2.88,3.4,2.38,2008/9,€10.43m,€15.80m,2.7,3.25,2.4
SC0,06/12/2008,Rangers,Hamilton,7,1,H,2,1,H,C Murray,27,5,14,1,10,17,9,1,1,1,0,1,1.2,6.0,15.0,1.2,6.0,9.0,1.2,6.0,15.0,2008/9,€94.48m,€11.80m,1.18,6.5,12.0
SC0,07/12/2008,Hibernian,Celtic,2,0,H,0,0,D,C Thomson,11,16,8,10,10,12,2,12,1,1,0,0,5.5,4.0,1.57,5.65,3.75,1.5,6.0,3.75,1.57,2008/9,€23.70m,€93.10m,6.0,3.6,1.55
SC0,13/12/2008,Aberdeen,Falkirk,2,1,H,2,0,H,C Allan,6,7,1,1,6,12,5,4,1,2,0,0,1.91,3.3,4.2,1.75,3.4,4.1,1.8,3.5,4.5,2008/9,€19.55m,€14.28m,1.9,3.4,4.0
SC0,13/12/2008,Celtic,Hearts,1,1,D,0,1,A,C Richmond,8,9,2,6,10,15,3,9,0,3,0,0,1.33,5.0,8.5,1.35,4.5,6.8,1.4,4.5,8.0,2008/9,€93.10m,€37.53m,1.33,5.0,9.0
SC0,13/12/2008,Dundee United,Rangers,2,2,D,0,1,A,I Brines,7,10,3,6,9,15,5,4,1,3,0,0,5.0,3.5,1.73,4.6,3.45,1.65,4.5,3.5,1.8,2008/9,€15.80m,€94.48m,4.5,3.5,1.75
SC0,13/12/2008,Hibernian,Hamilton,2,0,H,1,0,H,B Winter,21,10,11,4,13,19,5,7,1,3,0,0,1.53,4.0,6.0,1.5,3.75,5.6,1.57,3.75,6.0,2008/9,€23.70m,€11.80m,1.55,3.75,6.0
SC0,13/12/2008,St Mirren,Inverness C,2,0,H,1,0,H,S Conroy,16,9,8,6,3,11,7,6,0,1,0,0,2.4,3.5,2.75,2.3,3.25,2.7,2.3,3.4,3.0,2008/9,€10.28m,€10.43m,2.3,3.4,2.8
SC0,15/12/2008,Motherwell,Kilmarnock,0,2,A,0,1,A,M Tumilty,13,9,8,7,6,6,4,3,0,1,0,0,2.2,3.3,3.3,2.1,3.25,3.05,2.25,3.3,3.2,2008/9,€13.63m,€11.38m,2.1,3.3,3.3
SC0,20/12/2008,Hamilton,Motherwell,2,0,H,1,0,H,I Brines,8,13,4,6,16,12,1,3,2,3,0,0,2.7,3.4,2.5,2.5,3.25,2.5,2.62,3.3,2.62,2008/9,€11.80m,€13.63m,2.7,3.2,2.4
SC0,20/12/2008,Hearts,Dundee United,0,0,D,0,0,D,W Collum,8,4,7,1,12,11,6,5,2,1,0,0,2.2,3.3,3.3,2.0,3.25,3.3,2.2,3.3,3.3,2008/9,€37.53m,€15.80m,2.1,3.25,3.2
SC0,20/12/2008,Inverness C,Aberdeen,0,3,A,0,1,A,C Murray,17,10,7,7,12,9,10,5,3,1,0,0,2.75,3.4,2.5,2.5,3.25,2.5,2.8,3.3,2.5,2008/9,€10.43m,€19.55m,2.7,3.2,2.4
SC0,20/12/2008,Kilmarnock,St Mirren,0,1,A,0,1,A,S O'Reilly,14,9,6,4,18,12,6,6,3,1,0,0,1.9,3.4,4.0,1.9,3.3,3.6,1.91,3.4,4.0,2008/9,€11.38m,€10.28m,1.9,3.3,3.75
SC0,20/12/2008,Rangers,Hibernian,1,0,H,0,0,D,S Conroy,25,2,11,1,12,9,11,0,0,1,0,0,1.33,5.0,9.0,1.3,5.0,7.0,1.36,4.5,9.0,2008/9,€94.48m,€23.70m,1.33,4.35,8.5
SC0,21/12/2008,Falkirk,Celtic,0,3,A,0,0,D,E Smith,5,16,4,9,10,8,3,6,3,1,0,0,8.0,4.5,1.4,6.8,4.5,1.35,8.5,4.0,1.44,2008/9,€14.28m,€93.10m,7.5,3.75,1.4
SC0,27/12/2008,Aberdeen,Hearts,1,0,H,1,0,H,I Brines,8,2,6,1,15,10,3,6,4,3,0,1,2.3,3.5,2.87,2.35,3.25,2.65,2.25,3.2,2.75,2008/9,€19.55m,€37.53m,2.35,3.25,2.7
SC0,27/12/2008,Dundee United,Falkirk,1,0,H,1,0,H,C Boyle,8,9,1,1,5,18,11,8,0,2,0,1,1.72,3.6,5.0,1.6,3.6,4.75,1.57,3.5,5.0,2008/9,€15.80m,€14.28m,1.62,3.6,5.0
SC0,27/12/2008,Hibernian,Kilmarnock,2,4,A,2,2,D,E Norris,9,7,5,6,18,18,10,4,4,1,0,1,1.8,3.5,4.5,1.8,3.35,3.9,1.73,3.4,4.0,2008/9,€23.70m,€11.38m,1.75,3.3,4.35
SC0,27/12/2008,Motherwell,Inverness C,3,2,H,2,1,H,C Richmond,12,8,5,5,14,7,4,5,0,3,0,0,1.9,3.5,3.8,2.0,3.25,3.3,2.0,3.5,3.0,2008/9,€13.63m,€10.43m,2.0,3.25,3.4
SC0,27/12/2008,Rangers,Celtic,0,1,A,0,0,D,C Thomson,14,6,7,4,18,17,7,2,1,2,0,0,2.3,3.3,3.1,2.35,3.25,2.65,2.25,3.0,2.88,2008/9,€94.48m,€93.10m,2.25,3.2,2.88
SC0,27/12/2008,St Mirren,Hamilton,1,0,H,0,0,D,M Tumilty,11,8,5,1,8,15,11,2,2,1,0,0,1.9,3.4,4.2,1.9,3.3,3.6,1.83,3.3,3.6,2008/9,€10.28m,€11.80m,1.83,3.3,4.0
SC0,03/01/2009,Celtic,Dundee United,2,2,D,1,0,H,S Conroy,9,5,5,3,8,14,3,8,1,1,0,0,1.36,4.5,9.0,1.35,4.25,8.0,1.36,4.5,9.0,2008/9,€93.10m,€15.80m,1.35,4.35,7.0
SC0,03/01/2009,Falkirk,Kilmarnock,1,1,D,1,0,H,I Brines,10,10,4,4,18,18,5,3,4,4,0,0,2.5,3.25,2.87,2.3,3.2,2.8,2.4,3.3,2.88,2008/9,€14.28m,€11.38m,2.35,3.25,2.65
SC0,03/01/2009,Hamilton,Aberdeen,2,0,H,0,0,D,S Finnie,7,13,3,3,16,17,3,9,2,2,1,0,3.5,3.3,2.1,3.3,3.2,2.05,3.2,3.4,2.2,2008/9,€11.80m,€19.55m,3.25,3.25,2.0
SC0,03/01/2009,Hearts,Hibernian,0,0,D,0,0,D,C Murray,18,6,8,1,7,17,6,2,1,3,0,0,2.0,3.4,3.75,1.9,3.25,3.75,2.0,3.4,3.75,2008/9,€37.53m,€23.70m,2.0,3.3,3.6
SC0,03/01/2009,St Mirren,Motherwell,0,0,D,0,0,D,A Muir,7,5,3,4,14,18,3,6,2,1,0,0,2.3,3.25,3.1,2.1,3.2,3.2,2.2,3.3,3.3,2008/9,€10.28m,€13.63m,2.25,3.25,2.9
SC0,04/01/2009,Inverness C,Rangers,0,3,A,0,0,D,D McDonald,11,20,5,13,5,4,4,7,1,0,0,0,9.0,4.5,1.36,8.0,4.25,1.35,8.0,4.5,1.4,2008/9,€10.43m,€94.48m,7.0,4.35,1.35
SC0,07/01/2009,Motherwell,Hearts,1,0,H,1,0,H,D Somers,3,3,1,1,18,16,5,5,1,0,0,0,2.5,3.25,2.62,2.55,3.25,2.45,2.75,3.25,2.2,2008/9,€13.63m,€37.53m,2.5,3.25,2.65
SC0,13/01/2009,Kilmarnock,Aberdeen,1,2,A,1,1,D,E Smith,13,13,7,9,16,8,7,6,4,3,0,0,2.4,3.3,2.9,2.4,3.25,2.6,2.4,3.25,2.5,2008/9,€11.38m,€19.55m,2.25,3.25,2.8
SC0,17/01/2009,Hamilton,Inverness C,1,0,H,1,0,H,B Winter,6,8,1,3,10,18,1,5,1,4,0,0,2.2,3.5,3.1,2.1,3.25,3.05,2.1,3.5,3.3,2008/9,€11.80m,€10.43m,2.2,3.3,3.1
SC0,17/01/2009,Hibernian,St Mirren,2,0,H,1,0,H,I Brines,15,14,6,7,11,9,7,8,2,1,0,0,1.91,3.4,4.0,1.8,3.35,3.9,1.83,3.5,4.33,2008/9,€23.70m,€10.28m,1.85,3.3,4.0
SC0,17/01/2009,Kilmarnock,Hearts,0,2,A,0,0,D,C Richmond,12,6,7,5,11,19,5,6,1,3,0,0,2.6,3.3,2.62,2.45,3.25,2.55,2.62,3.25,2.62,2008/9,€11.38m,€37.53m,2.6,3.25,2.5
SC0,17/01/2009,Rangers,Falkirk,3,1,H,1,1,D,W Collum,22,5,12,1,7,14,12,1,1,3,1,1,1.2,6.0,16.0,1.17,6.5,10.0,1.2,6.0,15.0,2008/9,€94.48m,€14.28m,1.2,6.0,12.0
SC0,18/01/2009,Aberdeen,Celtic,4,2,H,2,1,H,D McDonald,8,14,6,8,10,17,5,9,2,2,0,0,5.5,3.5,1.67,5.0,3.5,1.6,5.5,3.5,1.67,2008/9,€19.55m,€93.10m,5.0,3.6,1.65
SC0,18/01/2009,Dundee United,Motherwell,0,4,A,0,3,A,E Smith,6,7,2,6,10,10,6,3,2,1,0,0,1.67,3.5,5.5,1.7,3.4,4.4,1.67,3.5,5.5,2008/9,€15.80m,€13.63m,1.72,3.5,4.6
SC0,24/01/2009,Aberdeen,Rangers,0,0,D,0,0,D,C Murray,7,12,4,4,9,20,3,6,1,1,0,0,4.2,3.75,1.8,3.9,3.35,1.8,4.33,3.5,1.83,2008/9,€19.55m,€94.48m,4.35,3.4,1.8
SC0,24/01/2009,Celtic,Hibernian,3,1,H,2,1,H,D Somers,13,8,8,4,11,13,9,4,0,2,0,0,1.33,5.0,9.0,1.3,5.0,7.0,1.33,5.0,9.0,2008/9,€93.10m,€23.70m,1.3,4.5,10.0
SC0,24/01/2009,Dundee United,St Mirren,3,2,H,0,1,A,S O'Reilly,13,6,9,1,13,15,9,2,4,2,0,0,1.72,3.5,5.0,1.65,3.5,4.5,1.73,3.5,5.0,2008/9,€15.80m,€10.28m,1.7,3.6,4.8
SC0,24/01/2009,Hearts,Inverness C,3,2,H,1,0,H,S Conroy,8,7,4,2,10,11,10,5,0,4,0,1,1.57,3.8,6.0,1.5,3.7,5.75,1.5,4.2,6.0,2008/9,€37.53m,€10.43m,1.53,3.6,6.5
SC0,24/01/2009,Motherwell,Falkirk,1,1,D,1,0,H,C Allan,11,7,2,5,7,13,3,3,1,3,0,0,1.9,3.3,4.2,1.75,3.4,4.1,1.83,3.5,4.33,2008/9,€13.63m,€14.28m,1.91,3.3,4.0
SC0,25/01/2009,Kilmarnock,Hamilton,0,1,A,0,0,D,C Thomson,6,11,1,5,11,14,3,8,2,3,0,0,1.9,3.2,4.33,1.75,3.4,4.1,1.83,3.5,4.33,2008/9,€11.38m,€11.80m,1.83,3.3,4.35
SC0,31/01/2009,Falkirk,Aberdeen,1,0,H,0,0,D,E Norris,10,8,4,5,21,10,3,4,3,1,0,0,3.0,3.25,2.4,2.85,3.25,2.2,3.25,3.2,2.25,2008/9,€14.28m,€19.55m,2.65,3.25,2.4
SC0,31/01/2009,Hamilton,Hearts,2,0,H,1,0,H,E Smith,4,10,3,4,12,8,6,4,1,1,0,0,3.0,3.25,2.37,2.85,3.25,2.2,3.0,3.2,2.38,2008/9,€11.80m,€37.53m,2.9,3.25,2.25
SC0,31/01/2009,Hibernian,Motherwell,1,1,D,1,0,H,M McCurry,7,12,3,9,14,15,1,6,1,0,0,0,2.1,3.4,3.4,2.0,3.25,3.3,2.1,3.25,3.5,2008/9,€23.70m,€13.63m,2.1,3.25,3.1
SC0,31/01/2009,Rangers,Dundee United,2,0,H,0,0,D,I Brines,12,5,9,2,7,14,4,2,1,1,0,0,1.4,4.5,8.0,1.4,4.0,7.0,1.4,4.33,8.0,2008/9,€94.48m,€15.80m,1.35,4.35,7.0
SC0,31/01/2009,St Mirren,Kilmarnock,1,1,D,0,1,A,W Collum,9,9,4,4,11,15,12,6,1,4,0,0,2.3,3.25,3.1,2.4,3.25,2.6,2.25,3.2,3.25,2008/9,€10.28m,€11.38m,2.35,3.25,2.7
SC0,01/02/2009,Inverness C,Celtic,0,0,D,0,0,D,C Richmond,12,7,4,2,18,14,3,4,2,2,0,0,9.0,4.75,1.33,7.0,5.0,1.3,10.0,4.5,1.33,2008/9,€10.43m,€93.10m,8.5,4.5,1.3
SC0,14/02/2009,Dundee United,Inverness C,1,1,D,0,1,A,C Thomson,8,11,3,4,13,11,11,3,1,2,0,1,1.66,3.6,5.5,1.5,3.75,5.6,1.67,3.75,5.0,2008/9,€15.80m,€10.43m,1.6,3.5,5.0
SC0,14/02/2009,Hearts,Aberdeen,2,1,H,1,1,D,C Richmond,12,10,6,5,16,18,6,3,2,1,0,0,2.3,3.3,3.2,2.2,3.25,2.9,2.25,3.2,3.25,2008/9,€37.53m,€19.55m,2.25,3.3,2.9
SC0,14/02/2009,Kilmarnock,Hibernian,1,1,D,0,1,A,C Boyle,8,14,3,10,20,18,10,4,3,1,0,0,2.5,3.3,2.8,2.4,3.25,2.6,2.5,3.3,2.8,2008/9,€11.38m,€23.70m,2.4,3.25,2.7
SC0,14/02/2009,Motherwell,Hamilton,1,0,H,1,0,H,D McDonald,4,7,2,2,9,14,2,5,1,2,0,0,2.0,3.3,3.8,1.85,3.3,3.75,2.0,3.4,3.75,2008/9,€13.63m,€11.80m,1.85,3.3,4.0
SC0,14/02/2009,St Mirren,Falkirk,2,2,D,1,1,D,M Tumilty,15,11,7,5,13,13,3,2,1,5,0,0,2.2,3.25,3.4,2.25,3.25,2.8,2.25,3.2,3.25,2008/9,€10.28m,€14.28m,2.1,3.3,3.1
SC0,15/02/2009,Celtic,Rangers,0,0,D,0,0,D,C Murray,5,5,2,2,19,15,4,4,3,5,0,0,2.25,3.3,3.2,2.2,3.25,2.85,2.25,3.2,3.25,2008/9,€93.10m,€94.48m,2.2,3.25,3.0
SC0,21/02/2009,Aberdeen,Dundee United,2,2,D,0,1,A,W Collum,14,3,6,2,13,23,6,5,3,2,0,0,2.2,3.4,3.2,2.2,3.25,2.85,2.2,3.2,2.8,2008/9,€19.55m,€15.80m,2.25,3.25,2.8
SC0,21/02/2009,Falkirk,Hamilton,1,2,A,1,1,D,C Murray,4,13,2,5,15,12,5,6,2,0,0,0,2.2,3.4,3.2,2.2,3.25,2.85,2.2,3.2,2.8,2008/9,€14.28m,€11.80m,2.1,3.25,3.1
SC0,21/02/2009,Hearts,St Mirren,1,1,D,0,0,D,D Somers,13,7,5,3,14,16,5,2,2,4,0,0,1.66,3.75,5.25,1.55,3.6,5.25,1.62,3.5,4.5,2008/9,€37.53m,€10.28m,1.65,3.4,4.5
SC0,21/02/2009,Inverness C,Hibernian,2,0,H,1,0,H,A Muir,7,3,2,0,12,16,3,2,1,3,0,0,2.5,3.25,2.75,2.45,3.25,2.55,2.6,3.2,2.38,2008/9,€10.43m,€23.70m,2.4,3.25,2.6
SC0,21/02/2009,Rangers,Kilmarnock,3,1,H,3,1,H,B Winter,14,7,10,3,7,12,8,1,1,2,0,0,1.2,6.5,13.0,1.2,5.5,11.0,1.22,5.0,10.0,2008/9,€94.48m,€11.38m,1.2,5.5,11.0
SC0,22/02/2009,Motherwell,Celtic,1,1,D,0,0,D,I Brines,1,13,1,8,11,12,1,1,2,1,0,0,6.0,4.0,1.53,5.6,3.75,1.5,5.5,3.5,1.53,2008/9,€13.63m,€93.10m,5.0,3.6,1.55
SC0,28/02/2009,Aberdeen,Kilmarnock,0,0,D,0,0,D,D McDonald,7,5,2,3,12,13,7,1,1,2,0,0,1.66,3.6,5.5,1.6,3.6,4.75,1.73,3.5,5.0,2008/9,€19.55m,€11.38m,1.65,3.4,5.0
SC0,28/02/2009,Celtic,St Mirren,7,0,H,2,0,H,C Allan,24,3,11,1,9,9,11,3,1,2,0,1,1.22,6.0,15.0,1.2,5.5,11.0,1.25,5.5,12.0,2008/9,€93.10m,€10.28m,1.2,5.5,11.0
SC0,28/02/2009,Dundee United,Hearts,0,1,A,0,0,D,E Smith,10,5,4,2,12,14,4,1,4,2,0,0,2.2,3.3,3.4,2.2,3.25,2.85,2.2,3.25,3.3,2008/9,€15.80m,€37.53m,2.1,3.25,3.1
SC0,28/02/2009,Hamilton,Rangers,0,1,A,0,1,A,C Thomson,5,23,3,13,15,11,3,14,2,2,0,0,7.5,4.2,1.44,6.5,3.8,1.45,7.0,4.0,1.5,2008/9,€11.80m,€94.48m,7.5,3.75,1.4
SC0,28/02/2009,Hibernian,Falkirk,0,0,D,0,0,D,S Finnie,6,9,2,2,11,11,5,4,3,0,0,0,2.0,3.25,4.0,1.7,3.3,4.5,2.0,3.4,3.75,2008/9,€23.70m,€14.28m,1.9,3.25,3.5
SC0,28/02/2009,Inverness C,Motherwell,1,2,A,1,1,D,M McCurry,11,10,6,5,12,12,7,7,0,1,0,0,2.5,3.25,2.8,2.4,3.25,2.6,2.38,3.4,2.88,2008/9,€10.43m,€13.63m,2.4,3.25,2.65
SC0,03/03/2009,Falkirk,Dundee United,0,1,A,0,1,A,D McDonald,7,9,1,3,14,15,12,3,2,1,0,0,2.75,3.3,2.5,2.6,3.25,2.4,2.75,3.3,2.5,2008/9,€14.28m,€15.80m,2.6,3.2,2.5
SC0,03/03/2009,St Mirren,Aberdeen,1,1,D,0,0,D,C Boyle,10,11,6,3,13,11,3,7,0,1,0,0,3.1,3.3,2.3,2.7,3.25,2.3,2.88,3.4,2.38,2008/9,€10.28m,€19.55m,2.65,3.25,2.4
SC0,04/03/2009,Hamilton,Hibernian,0,1,A,0,0,D,S O'Reilly,9,8,3,1,13,18,5,2,0,4,0,0,2.4,3.2,3.0,2.25,3.25,2.8,2.25,3.2,3.2,2008/9,€11.80m,€23.70m,2.35,3.25,2.7
SC0,04/03/2009,Hearts,Motherwell,2,1,H,0,0,D,B Winter,7,9,5,4,10,7,5,10,1,1,0,0,1.9,3.4,4.0,1.75,3.4,4.1,1.91,3.4,4.0,2008/9,€37.53m,€13.63m,1.85,3.25,4.0
SC0,04/03/2009,Kilmarnock,Celtic,1,2,A,1,1,D,C Thomson,6,19,4,8,9,11,6,8,2,2,0,0,7.5,4.2,1.44,7.0,4.0,1.4,7.0,4.0,1.5,2008/9,€11.38m,€93.10m,7.5,3.6,1.45
SC0,04/03/2009,Rangers,Inverness C,0,1,A,0,0,D,C Murray,9,4,7,0,9,8,13,0,1,1,1,0,1.16,7.0,15.0,1.2,5.5,11.0,1.2,6.0,15.0,2008/9,€94.48m,€10.43m,1.17,6.5,11.0
SC0,14/03/2009,Aberdeen,Hamilton,1,0,H,1,0,H,E Norris,7,5,4,0,10,12,4,5,2,3,0,0,1.67,3.6,5.25,1.65,3.5,4.5,1.67,3.3,4.5,2008/9,€19.55m,€11.80m,1.7,3.4,5.0
SC0,14/03/2009,Hibernian,Hearts,1,0,H,1,0,H,C Richmond,9,10,5,4,18,14,7,4,0,1,1,1,2.6,3.2,2.75,2.5,3.25,2.5,2.5,3.2,2.5,2008/9,€23.70m,€37.53m,2.5,3.2,2.7
SC0,14/03/2009,Inverness C,Kilmarnock,2,1,H,2,1,H,M Tumilty,4,7,2,4,13,15,3,4,0,2,0,0,2.1,3.4,3.4,2.15,3.25,2.95,2.2,3.2,2.8,2008/9,€10.43m,€11.38m,2.1,3.3,3.3
SC0,14/03/2009,Motherwell,Dundee United,2,1,H,1,0,H,I Brines,14,12,4,7,10,13,4,9,2,4,0,0,2.5,3.4,2.75,2.35,3.25,2.65,2.38,3.2,2.6,2008/9,€13.63m,€15.80m,2.4,3.3,2.75
SC0,21/03/2009,Falkirk,Inverness C,4,0,H,1,0,H,C Murray,6,7,5,2,17,17,3,3,0,1,0,1,2.3,3.2,3.1,2.25,3.25,2.8,2.1,3.3,2.88,2008/9,€14.28m,€10.43m,2.35,3.25,2.8
SC0,21/03/2009,Hamilton,St Mirren,0,0,D,0,0,D,S Finnie,8,9,2,3,13,14,6,7,2,1,1,0,2.4,3.25,3.0,2.15,3.25,2.95,2.0,3.2,3.2,2008/9,€11.80m,€10.28m,2.38,3.25,2.88
SC0,21/03/2009,Hibernian,Aberdeen,0,0,D,0,0,D,M McCurry,15,12,7,2,9,7,5,5,2,0,0,1,2.4,3.25,2.9,2.25,3.25,2.8,2.2,3.25,2.75,2008/9,€23.70m,€19.55m,2.4,3.25,2.75
SC0,21/03/2009,Kilmarnock,Motherwell,0,0,D,0,0,D,D McDonald,9,9,4,5,16,13,5,4,3,2,0,0,2.7,3.25,2.6,2.4,3.25,2.6,2.4,3.25,2.5,2008/9,€11.38m,€13.63m,2.6,3.25,2.6
SC0,21/03/2009,Rangers,Hearts,2,2,D,2,0,H,C Thomson,14,6,6,4,9,9,11,1,1,3,0,0,1.4,4.33,8.0,1.4,4.0,7.0,1.4,3.75,7.0,2008/9,€94.48m,€37.53m,1.45,4.0,7.5
SC0,22/03/2009,Dundee United,Celtic,2,2,D,0,1,A,S Conroy,15,13,8,8,9,9,7,6,1,1,0,0,5.5,3.6,1.66,4.75,3.6,1.6,5.0,3.5,1.57,2008/9,€15.80m,€93.10m,5.0,3.4,1.7
SC0,04/04/2009,Celtic,Hamilton,4,0,H,2,0,H,B Winter,19,8,11,3,9,12,5,4,0,1,0,0,1.2,6.0,15.0,1.2,5.5,11.0,1.2,5.0,11.0,2008/9,€93.10m,€11.80m,1.18,6.0,11.0
SC0,04/04/2009,Dundee United,Hibernian,2,2,D,0,2,A,E Smith,15,12,9,7,10,16,12,2,1,2,0,0,2.0,3.3,3.75,2.0,3.25,3.3,2.1,3.2,3.0,2008/9,€15.80m,€23.70m,2.0,3.25,3.4
SC0,04/04/2009,Hearts,Kilmarnock,3,1,H,2,1,H,D Somers,13,7,7,3,8,23,4,4,0,3,0,0,1.66,3.5,5.5,1.6,3.5,5.0,1.57,3.5,5.0,2008/9,€37.53m,€11.38m,1.55,3.5,5.5
SC0,04/04/2009,Inverness C,St Mirren,2,1,H,1,1,D,W Collum,12,5,5,3,10,9,5,1,1,2,0,0,2.1,3.3,3.5,2.1,3.25,3.05,2.1,3.2,3.0,2008/9,€10.43m,€10.28m,2.1,3.2,3.2
SC0,04/04/2009,Motherwell,Aberdeen,1,1,D,1,0,H,C Allan,15,6,5,3,12,15,6,4,0,3,0,1,2.3,3.3,3.1,2.3,3.25,2.7,2.2,3.2,2.8,2008/9,€13.63m,€19.55m,2.1,3.2,3.2
SC0,05/04/2009,Falkirk,Rangers,0,1,A,0,1,A,I Brines,8,5,3,2,11,15,2,1,1,4,0,0,7.5,4.2,1.44,6.25,4.25,1.4,6.0,3.75,1.44,2008/9,€14.28m,€94.48m,7.0,4.35,1.35
SC0,08/04/2009,Celtic,Falkirk,4,0,H,1,0,H,W Collum,16,6,9,4,5,16,10,7,1,2,0,0,1.16,6.5,17.0,1.15,6.0,13.0,1.17,7.0,15.0,2008/9,€93.10m,€14.28m,1.14,6.5,17.0
SC0,08/04/2009,St Mirren,Rangers,1,2,A,0,2,A,E Smith,7,12,4,6,12,13,9,4,2,2,0,0,7.0,4.33,1.44,6.25,4.25,1.4,7.0,4.33,1.44,2008/9,€10.28m,€94.48m,6.5,4.35,1.45
SC0,11/04/2009,Aberdeen,Inverness C,1,0,H,0,0,D,A Muir,15,7,5,2,10,19,9,3,0,1,0,0,1.83,3.5,4.33,1.65,3.45,4.6,1.8,3.5,4.5,2008/9,€19.55m,€10.43m,1.72,3.4,4.5
SC0,11/04/2009,Hamilton,Dundee United,0,1,A,0,1,A,C Murray,6,13,4,8,18,19,7,2,2,2,0,0,2.88,3.4,2.38,2.55,3.25,2.45,2.8,3.3,2.5,2008/9,€11.80m,€15.80m,2.65,3.25,2.4
SC0,11/04/2009,Hearts,Celtic,1,1,D,1,1,D,C Thomson,10,10,3,4,16,13,11,8,0,1,0,0,4.75,3.6,1.73,4.1,3.4,1.75,5.0,3.5,1.73,2008/9,€37.53m,€93.10m,4.5,3.6,1.7
SC0,11/04/2009,Kilmarnock,Falkirk,3,0,H,2,0,H,C Richmond,12,10,6,5,15,18,3,2,1,2,0,0,2.15,3.4,3.3,2.0,3.25,3.3,2.1,3.4,3.4,2008/9,€11.38m,€14.28m,2.0,3.2,3.4
SC0,11/04/2009,Rangers,Motherwell,3,1,H,2,1,H,D Somers,8,7,5,2,15,14,3,4,1,2,0,0,1.33,5.0,9.0,1.3,4.75,7.5,1.33,4.5,11.0,2008/9,€94.48m,€13.63m,1.25,5.0,9.5
SC0,13/04/2009,St Mirren,Hibernian,1,1,D,1,1,D,I Brines,13,10,8,4,4,13,12,2,0,4,0,0,2.62,3.25,2.62,2.55,3.25,2.45,2.8,3.3,2.5,2008/9,€10.28m,€23.70m,2.6,3.2,2.5
SC0,18/04/2009,Celtic,Aberdeen,2,0,H,1,0,H,D McDonald,10,8,7,4,9,14,6,5,1,0,0,0,1.3,5.0,10.0,1.3,4.75,7.5,1.33,4.0,8.0,2008/9,€93.10m,€19.55m,1.3,5.0,8.5
SC0,18/04/2009,Dundee United,Kilmarnock,0,0,D,0,0,D,W Collum,5,10,3,6,14,18,7,3,2,1,1,0,1.73,3.6,4.75,1.7,3.4,4.4,1.62,3.5,4.5,2008/9,€15.80m,€11.38m,1.65,3.5,5.0
SC0,18/04/2009,Falkirk,Hearts,0,0,D,0,0,D,E Smith,3,9,1,3,10,15,2,7,2,2,0,0,3.2,3.4,2.2,2.95,3.25,2.15,3.0,3.2,2.1,2008/9,€14.28m,€37.53m,2.9,3.3,2.25
SC0,18/04/2009,Inverness C,Hamilton,1,1,D,0,1,A,C Boyle,8,4,2,4,18,15,3,0,3,2,0,0,2.1,3.4,3.4,2.15,3.25,2.95,2.0,3.2,3.2,2008/9,€10.43m,€11.80m,2.1,3.3,3.3
SC0,18/04/2009,Motherwell,St Mirren,0,2,A,0,0,D,M McCurry,13,6,7,6,14,10,8,4,0,2,0,0,1.75,3.6,4.5,1.8,3.35,3.9,1.67,3.4,4.33,2008/9,€13.63m,€10.28m,1.85,3.3,4.0
SC0,19/04/2009,Hibernian,Rangers,2,3,A,1,1,D,S Conroy,13,11,7,8,7,9,2,4,2,0,0,0,6.0,3.6,1.62,4.7,3.45,1.65,4.5,3.3,1.67,2008/9,€23.70m,€94.48m,5.0,3.4,1.65
SC0,02/05/2009,Aberdeen,Celtic,1,3,A,1,1,D,D McDonald,7,14,4,9,11,13,5,7,1,1,0,0,6.0,3.6,1.61,4.7,3.45,1.65,4.5,3.5,1.62,2008/9,€19.55m,€93.10m,5.0,3.4,1.6
SC0,02/05/2009,Falkirk,Motherwell,2,1,H,1,0,H,W Collum,10,7,3,3,8,14,3,15,2,4,1,0,2.4,3.3,2.87,2.5,3.2,2.5,2.38,3.2,2.6,2008/9,€14.28m,€13.63m,2.4,3.2,2.6
SC0,02/05/2009,Hamilton,Kilmarnock,2,1,H,1,0,H,M Tumilty,5,7,2,2,9,7,1,15,0,1,0,0,2.3,3.4,3.0,2.3,3.25,2.7,2.25,3.2,2.75,2008/9,€11.80m,€11.38m,2.25,3.2,2.8
SC0,02/05/2009,Hibernian,Dundee United,1,2,A,1,1,D,S O'Reilly,4,13,2,5,13,14,3,9,1,2,1,0,2.4,3.4,2.8,2.3,3.25,2.7,2.25,3.2,2.75,2008/9,€23.70m,€15.80m,2.5,3.2,2.5
SC0,02/05/2009,St Mirren,Inverness C,1,2,A,0,1,A,S Conroy,10,11,5,6,6,14,8,6,0,1,0,0,2.3,3.25,2.87,2.2,3.25,2.9,2.2,3.2,2.8,2008/9,€10.28m,€10.43m,2.25,3.25,2.9
SC0,03/05/2009,Rangers,Hearts,2,0,H,1,0,H,I Brines,13,13,7,7,11,10,3,4,1,2,0,0,1.4,4.33,7.0,1.35,4.5,6.8,1.4,3.75,7.0,2008/9,€94.48m,€37.53m,1.4,4.0,7.5
SC0,07/05/2009,Dundee United,Aberdeen,1,1,D,1,1,D,C Boyle,10,10,3,6,17,9,8,9,2,2,0,1,2.1,3.3,3.5,2.0,3.25,3.3,2.1,3.3,3.5,2008/9,€15.80m,€19.55m,2.0,3.25,3.4
SC0,07/05/2009,Hearts,Hibernian,0,1,A,0,0,D,S Conroy,9,6,3,3,16,14,7,4,0,3,1,0,1.67,3.75,5.0,1.65,3.35,4.8,1.83,3.5,4.5,2008/9,€37.53m,€23.70m,1.75,3.5,4.5
SC0,09/05/2009,Kilmarnock,Falkirk,1,1,D,0,0,D,A Muir,13,2,7,2,14,25,4,4,2,1,0,0,2.0,3.4,3.6,2.1,3.25,3.05,1.91,3.25,3.4,2008/9,€11.38m,€14.28m,2.0,3.25,3.6
SC0,09/05/2009,Rangers,Celtic,1,0,H,1,0,H,C Thomson,11,10,6,5,16,18,3,7,3,3,0,0,2.38,3.3,3.0,2.35,3.1,2.75,2.25,3.0,2.88,2008/9,€94.48m,€93.10m,2.35,3.25,2.8
SC0,09/05/2009,St Mirren,Motherwell,1,3,A,0,2,A,B Winter,6,9,3,4,9,15,6,4,0,1,0,0,2.3,3.3,3.0,2.25,3.25,2.8,2.2,3.25,2.75,2008/9,€10.28m,€13.63m,2.3,3.25,3.0
SC0,10/05/2009,Inverness C,Hamilton,1,1,D,0,0,D,C Richmond,12,7,7,2,16,16,7,5,0,1,0,1,2.2,3.3,3.25,2.1,3.25,3.05,2.0,3.2,3.2,2008/9,€10.43m,€11.80m,2.1,3.25,3.25
SC0,12/05/2009,Aberdeen,Hearts,0,0,D,0,0,D,S Finnie,14,6,6,1,12,15,4,4,2,4,0,1,2.37,3.25,3.0,2.3,3.25,2.7,2.25,3.2,2.75,2008/9,€19.55m,€37.53m,2.3,3.2,2.8
SC0,12/05/2009,Celtic,Dundee United,2,1,H,1,0,H,S Dougal,10,10,5,6,15,14,8,0,2,2,0,0,1.3,5.25,10.0,1.28,4.75,9.0,1.3,4.33,8.0,2008/9,€93.10m,€15.80m,1.25,5.0,10.0
SC0,13/05/2009,Hamilton,Falkirk,0,1,A,0,0,D,M McCurry,7,4,2,1,17,17,10,2,1,2,0,0,2.2,3.3,3.25,2.2,3.25,2.9,2.0,3.2,3.2,2008/9,€11.80m,€14.28m,2.2,3.25,3.0
SC0,13/05/2009,Hibernian,Rangers,1,1,D,1,0,H,E Smith,5,16,3,6,9,9,0,11,2,3,0,0,6.5,3.8,1.53,6.75,3.75,1.45,6.0,3.5,1.5,2008/9,€23.70m,€94.48m,6.5,3.75,1.5
SC0,13/05/2009,Kilmarnock,St Mirren,2,1,H,1,0,H,C Allan,9,8,7,5,14,15,1,6,1,2,0,0,2.1,3.4,3.4,1.9,3.3,3.55,2.1,3.2,3.0,2008/9,€11.38m,€10.28m,2.1,3.2,3.25
SC0,13/05/2009,Motherwell,Inverness C,2,2,D,1,1,D,D McDonald,9,10,2,6,12,17,3,2,0,2,0,0,2.05,3.4,3.5,2.0,3.25,3.3,2.1,3.2,3.0,2008/9,€13.63m,€10.43m,2.0,3.25,3.4
SC0,16/05/2009,Falkirk,St Mirren,0,2,A,0,1,A,C Boyle,7,14,1,8,18,7,2,5,0,0,1,0,2.1,3.4,3.4,2.1,3.25,3.05,2.0,3.2,3.2,2008/9,€14.28m,€10.28m,2.0,3.25,3.4
SC0,16/05/2009,Hamilton,Motherwell,0,3,A,0,1,A,A Muir,14,10,7,6,17,12,6,5,3,2,0,0,2.62,3.2,2.75,2.3,3.25,2.7,2.25,3.2,2.75,2008/9,€11.80m,€13.63m,2.25,3.25,2.8
SC0,16/05/2009,Hearts,Dundee United,3,0,H,2,0,H,B Winter,11,7,7,3,8,13,5,9,0,3,0,0,2.25,3.2,3.25,2.1,3.25,3.1,2.0,3.2,3.2,2008/9,€37.53m,€15.80m,2.1,3.25,3.25
SC0,16/05/2009,Kilmarnock,Inverness C,1,0,H,0,0,D,W Collum,6,11,2,7,13,14,5,4,4,4,0,0,2.25,3.2,3.25,2.1,3.25,3.05,2.2,3.2,2.8,2008/9,€11.38m,€10.43m,2.1,3.25,3.25
SC0,16/05/2009,Rangers,Aberdeen,2,1,H,0,0,D,S Dougal,15,8,7,6,10,3,8,2,2,1,1,1,1.25,5.5,12.0,1.25,5.0,9.0,1.25,4.5,10.0,2008/9,€94.48m,€19.55m,1.25,5.0,9.5
SC0,17/05/2009,Hibernian,Celtic,0,0,D,0,0,D,I Brines,9,12,5,1,13,14,2,13,5,1,0,0,6.5,4.0,1.5,5.0,3.8,1.45,6.0,3.5,1.5,2008/9,€23.70m,€93.10m,6.0,3.75,1.5
SC0,23/05/2009,Inverness C,Falkirk,0,1,A,0,0,D,E Smith,9,6,3,4,12,17,3,4,1,1,1,0,2.2,3.3,3.25,2.2,3.25,2.8,2.2,3.4,3.2,2008/9,€10.43m,€14.28m,2.1,3.4,3.0
SC0,23/05/2009,Motherwell,Kilmarnock,1,2,A,0,1,A,S Nicholls,13,7,5,4,9,9,7,2,1,1,0,0,2.0,3.3,3.75,1.8,3.35,3.9,2.0,3.4,3.75,2008/9,€13.63m,€11.38m,1.9,3.25,3.8
SC0,23/05/2009,St Mirren,Hamilton,0,1,A,0,1,A,C Murray,10,6,2,4,9,16,5,2,1,2,0,0,1.91,3.4,4.0,1.9,3.3,3.55,2.0,3.4,3.75,2008/9,€10.28m,€11.80m,1.9,3.25,3.8
SC0,24/05/2009,Aberdeen,Hibernian,2,1,H,2,1,H,D Somers,11,7,8,4,14,15,12,2,1,3,0,1,1.95,3.4,3.8,1.8,3.35,3.9,1.91,3.5,4.0,2008/9,€19.55m,€23.70m,1.91,3.3,3.7
SC0,24/05/2009,Celtic,Hearts,0,0,D,0,0,D,C Thomson,18,2,9,2,8,14,11,0,0,1,0,0,1.22,6.5,11.0,1.25,5.0,9.0,1.22,6.0,12.0,2008/9,€93.10m,€37.53m,1.25,5.5,10.0
SC0,24/05/2009,Dundee United,Rangers,0,3,A,0,2,A,D McDonald,5,10,4,7,11,14,3,2,3,2,0,0,7.0,4.0,1.5,6.0,4.0,1.45,6.0,4.0,1.53,2008/9,€15.80m,€94.48m,6.0,3.9,1.5
SC0,15/08/2009,Aberdeen,Celtic,1,3,A,0,3,A,C Thomson,3,22,1,13,13,8,4,8,1,0,0,0,5.0,3.75,1.67,5.0,3.5,1.6,5.5,3.5,1.53,2009/10,€20.48m,€109.30m,5.5,3.5,1.6
SC0,15/08/2009,Hibernian,St Mirren,2,1,H,1,1,D,A Muir,21,4,11,1,15,10,7,3,2,2,0,1,1.83,3.4,4.5,1.75,3.4,4.1,1.73,3.4,4.0,2009/10,€23.00m,€10.30m,1.8,3.3,4.0
SC0,15/08/2009,Kilmarnock,Hamilton,3,0,H,1,0,H,C Boyle,9,8,5,3,11,10,4,4,0,1,0,0,1.85,3.4,4.33,1.9,3.3,3.6,1.83,3.3,3.6,2009/10,€11.48m,€13.38m,1.8,3.3,4.0
SC0,15/08/2009,Rangers,Falkirk,4,1,H,2,1,H,M Tumilty,19,12,13,8,7,13,7,5,3,1,0,0,1.2,6.0,15.0,1.2,5.5,11.0,1.2,5.0,11.0,2009/10,€82.48m,€11.60m,1.2,5.5,11.0
SC0,15/08/2009,St Johnstone,Motherwell,2,2,D,1,0,H,D McDonald,14,10,6,6,12,6,3,5,4,4,0,0,2.7,3.2,2.6,2.4,3.25,2.6,2.4,3.25,2.5,2009/10,€11.05m,€12.53m,2.6,3.2,2.5
SC0,17/08/2009,Dundee United,Hearts,2,0,H,1,0,H,S Conroy,8,9,3,5,21,13,4,6,3,4,0,1,2.25,3.3,3.1,2.25,3.25,2.8,2.25,3.2,2.75,2009/10,€18.85m,€26.15m,2.2,3.25,3.0
SC0,22/08/2009,Celtic,St Johnstone,5,2,H,2,1,H,W Collum,16,7,10,4,11,9,6,2,0,1,0,0,1.17,7.0,17.0,1.15,6.0,13.0,1.2,6.0,15.0,2009/10,€109.30m,€11.05m,1.14,6.5,13.0
SC0,22/08/2009,Falkirk,Hibernian,1,3,A,1,1,D,S Conroy,9,10,3,6,10,19,9,4,3,6,0,0,2.6,3.3,2.63,2.5,3.25,2.5,2.8,3.3,2.5,2009/10,€11.60m,€23.00m,2.5,3.2,2.6
SC0,22/08/2009,Hamilton,Aberdeen,0,3,A,0,2,A,B Winter,10,17,4,10,16,9,3,3,2,3,0,0,2.75,3.3,2.5,2.65,3.25,2.35,2.8,3.3,2.5,2009/10,€13.38m,€20.48m,2.6,3.2,2.5
SC0,22/08/2009,Motherwell,Kilmarnock,3,1,H,2,0,H,C Allan,14,12,6,6,8,14,10,0,1,3,0,0,2.1,3.3,3.5,2.0,3.25,3.3,2.25,3.25,3.25,2009/10,€12.53m,€11.48m,2.0,3.25,3.4
SC0,22/08/2009,St Mirren,Dundee United,0,0,D,0,0,D,D McDonald,10,9,5,2,13,12,3,8,1,0,0,0,3.2,3.25,2.25,2.8,3.25,2.25,3.25,3.25,2.25,2009/10,€10.30m,€18.85m,3.0,3.2,2.2
SC0,23/08/2009,Hearts,Rangers,1,2,A,1,0,H,C Thomson,19,8,8,3,16,14,3,4,4,2,0,1,5.25,3.6,1.67,4.7,3.45,1.65,5.5,3.5,1.67,2009/10,€26.15m,€82.48m,5.5,3.4,1.6
SC0,29/08/2009,Aberdeen,Motherwell,0,0,D,0,0,D,C Boyle,3,9,0,1,14,8,8,4,1,0,0,0,2.1,3.3,3.5,2.0,3.25,3.3,1.83,3.2,3.75,2009/10,€20.48m,€12.53m,1.9,3.2,3.6
SC0,29/08/2009,Dundee United,Falkirk,2,1,H,0,0,D,C Thomson,12,7,6,2,15,13,10,3,2,1,0,0,1.67,3.6,5.5,1.6,3.5,5.0,1.57,3.5,5.0,2009/10,€18.85m,€11.60m,1.67,3.4,4.5
SC0,29/08/2009,Kilmarnock,St Mirren,1,2,A,1,0,H,E Norris,8,7,5,6,13,19,8,5,2,1,0,0,2.0,3.25,4.0,1.9,3.3,3.6,1.83,3.4,3.6,2009/10,€11.48m,€10.30m,1.9,3.25,3.6
SC0,29/08/2009,Rangers,Hamilton,4,1,H,2,0,H,S O'Reilly,20,4,12,2,12,14,6,4,0,1,0,0,1.14,7.5,19.0,1.12,6.5,16.0,1.14,6.0,12.0,2009/10,€82.48m,€13.38m,1.12,6.5,15.0
SC0,30/08/2009,Hibernian,Celtic,0,1,A,0,1,A,D McDonald,13,14,5,5,14,16,6,8,3,3,0,1,5.5,3.75,1.62,5.5,3.55,1.55,5.0,3.5,1.57,2009/10,€23.00m,€109.30m,5.5,3.6,1.6
SC0,30/08/2009,St Johnstone,Hearts,2,2,D,1,0,H,M Tumilty,13,10,9,5,16,14,2,9,3,4,0,0,3.1,3.3,2.3,2.9,3.25,2.2,2.8,3.2,2.2,2009/10,€11.05m,€26.15m,2.9,3.2,2.25
SC0,12/09/2009,Celtic,Dundee United,1,1,D,1,1,D,S Conroy,6,6,3,2,10,21,8,6,1,4,0,1,1.25,5.5,13.0,1.18,5.5,12.0,1.25,5.5,12.0,2009/10,€109.30m,€18.85m,1.2,5.5,11.0
SC0,12/09/2009,Motherwell,Rangers,0,0,D,0,0,D,D McDonald,9,14,0,10,7,14,3,7,0,3,0,1,6.0,3.8,1.57,5.6,3.75,1.5,6.0,3.75,1.57,2009/10,€12.53m,€82.48m,6.0,3.5,1.53
SC0,12/09/2009,St Mirren,St Johnstone,1,1,D,1,1,D,S Nicholls,7,17,3,10,8,17,3,5,1,6,0,0,2.0,3.4,3.75,2.0,3.25,3.3,2.0,3.4,3.75,2009/10,€10.30m,€11.05m,1.9,3.3,3.5
SC0,13/09/2009,Hamilton,Hibernian,2,0,H,2,0,H,D Somers,5,6,3,2,14,18,4,3,2,2,0,1,3.75,3.4,2.0,3.3,3.25,2.0,3.75,3.3,2.0,2009/10,€13.38m,€23.00m,3.4,3.25,2.0
SC0,14/09/2009,Falkirk,Aberdeen,0,0,D,0,0,D,A Muir,13,13,10,8,15,21,4,5,2,3,0,0,3.1,3.3,2.3,3.05,3.25,2.1,3.2,3.2,2.3,2009/10,€11.60m,€20.48m,2.9,3.25,2.25
SC0,15/09/2009,Hearts,Kilmarnock,1,0,H,1,0,H,W Collum,17,13,5,6,8,9,5,3,0,1,0,0,1.73,3.5,4.33,1.6,3.5,5.0,1.73,3.4,4.0,2009/10,€26.15m,€11.48m,1.67,3.4,4.5
SC0,19/09/2009,Aberdeen,St Mirren,1,0,H,0,0,D,C Thomson,9,2,4,0,12,17,2,4,0,2,0,1,1.8,3.5,4.5,1.65,3.45,4.7,1.67,3.4,4.33,2009/10,€20.48m,€10.30m,1.73,3.4,4.0
SC0,19/09/2009,Dundee United,Motherwell,0,1,A,0,0,D,D Somers,12,4,7,3,26,16,9,2,3,2,0,0,1.91,3.4,4.0,1.75,3.4,4.1,1.8,3.3,3.75,2009/10,€18.85m,€12.53m,1.91,3.3,3.75
SC0,19/09/2009,Hamilton,Falkirk,0,0,D,0,0,D,W Collum,7,13,5,7,8,8,2,2,1,2,0,0,2.25,3.3,3.2,2.1,3.3,3.0,2.1,3.2,3.0,2009/10,€13.38m,€11.60m,2.25,3.2,3.0
SC0,19/09/2009,Hibernian,St Johnstone,3,0,H,2,0,H,E Norris,7,14,3,4,9,7,0,5,0,2,0,0,1.8,3.5,4.5,1.7,3.5,4.22,1.62,3.5,4.5,2009/10,€23.00m,€11.05m,1.8,3.3,4.33
SC0,19/09/2009,Kilmarnock,Rangers,0,0,D,0,0,D,S Conroy,10,9,6,6,13,12,6,5,5,4,1,1,7.0,4.33,1.44,6.75,4.0,1.4,6.0,3.75,1.44,2009/10,€11.48m,€82.48m,7.5,3.75,1.44
SC0,20/09/2009,Celtic,Hearts,2,1,H,0,1,A,D McDonald,25,8,15,4,8,17,12,2,2,2,0,0,1.33,5.0,8.5,1.3,5.0,7.0,1.29,4.5,8.0,2009/10,€109.30m,€26.15m,1.33,4.5,8.5
SC0,26/09/2009,Falkirk,Kilmarnock,0,0,D,0,0,D,S Finnie,8,5,3,2,14,16,2,5,4,2,0,0,2.4,3.25,2.9,2.35,3.3,2.6,2.38,3.3,2.88,2009/10,€11.60m,€11.48m,2.38,3.2,2.7
SC0,26/09/2009,Hearts,Hamilton,2,1,H,0,0,D,A Muir,11,11,2,7,16,17,6,5,1,4,0,0,1.53,3.8,6.5,1.5,3.6,6.0,1.5,4.0,7.0,2009/10,€26.15m,€13.38m,1.5,3.6,6.0
SC0,26/09/2009,Motherwell,Hibernian,1,3,A,1,1,D,S Conroy,9,9,3,6,6,21,7,4,1,2,0,0,2.2,3.25,3.3,2.2,3.3,2.85,2.2,3.3,3.3,2009/10,€12.53m,€23.00m,2.25,3.2,2.8
SC0,26/09/2009,Rangers,Aberdeen,0,0,D,0,0,D,I Brines,15,7,9,2,8,12,14,6,2,1,0,0,1.33,5.0,9.0,1.3,5.0,7.0,1.33,5.0,9.0,2009/10,€82.48m,€20.48m,1.25,5.0,9.5
SC0,26/09/2009,St Johnstone,Dundee United,2,3,A,1,1,D,D McDonald,8,8,1,3,9,13,8,5,0,1,0,1,3.0,3.25,2.38,2.7,3.3,2.3,3.1,3.3,2.3,2009/10,€11.05m,€18.85m,2.9,3.2,2.25
SC0,26/09/2009,St Mirren,Celtic,0,2,A,0,1,A,C Richmond,4,11,2,5,10,14,4,4,3,2,0,0,8.5,4.75,1.36,7.0,5.0,1.3,9.0,4.5,1.36,2009/10,€10.30m,€109.30m,7.0,4.33,1.36
SC0,03/10/2009,Hamilton,St Johnstone,0,2,A,0,1,A,C Richmond,12,11,4,6,9,14,3,5,1,1,0,0,2.25,3.4,3.1,2.2,3.25,2.9,2.38,3.3,2.9,2009/10,€13.38m,€11.05m,2.25,3.25,2.9
SC0,03/10/2009,Hibernian,Dundee United,1,1,D,1,0,H,M Tumilty,14,11,7,5,8,14,6,5,1,0,0,1,2.3,3.3,3.1,2.1,3.25,3.05,2.38,3.3,2.9,2009/10,€23.00m,€18.85m,2.25,3.25,2.9
SC0,03/10/2009,Kilmarnock,Aberdeen,1,1,D,0,0,D,W Collum,12,7,7,4,10,15,9,4,1,1,0,0,2.6,3.3,2.63,2.5,3.25,2.5,2.6,3.2,2.7,2009/10,€11.48m,€20.48m,2.4,3.25,2.62
SC0,03/10/2009,Motherwell,Falkirk,1,0,H,1,0,H,E Norris,5,10,2,1,8,11,6,2,0,2,0,0,1.73,3.6,5.0,1.7,3.4,4.4,1.8,3.4,4.6,2009/10,€12.53m,€11.60m,1.7,3.4,4.5
SC0,03/10/2009,St Mirren,Hearts,2,1,H,1,1,D,B Winter,4,6,3,2,7,7,4,12,0,0,0,0,3.1,3.3,2.3,2.9,3.25,2.2,3.1,3.3,2.25,2009/10,€10.30m,€26.15m,3.0,3.25,2.2
SC0,04/10/2009,Rangers,Celtic,2,1,H,2,1,H,C Thomson,7,7,4,4,19,16,6,5,2,4,0,0,2.4,3.25,2.9,2.25,3.2,2.9,2.4,3.25,2.9,2009/10,€82.48m,€109.30m,2.38,3.2,2.75
SC0,17/10/2009,Aberdeen,Hearts,1,1,D,1,0,H,D McDonald,6,9,3,3,9,10,7,11,1,0,0,0,2.3,3.3,3.1,2.2,3.25,2.85,2.3,3.0,3.4,2009/10,€20.48m,€26.15m,2.25,3.2,2.9
SC0,17/10/2009,Celtic,Motherwell,0,0,D,0,0,D,C Boyle,21,5,9,4,10,9,14,10,1,1,0,0,1.25,5.5,12.0,1.2,5.5,11.0,1.25,5.5,12.0,2009/10,€109.30m,€12.53m,1.25,5.0,10.0
SC0,17/10/2009,Dundee United,Hamilton,1,1,D,0,0,D,I Brines,11,6,3,1,17,14,7,4,2,2,0,0,1.5,4.2,6.25,1.45,3.8,6.5,1.5,4.0,7.0,2009/10,€18.85m,€13.38m,1.44,3.75,6.5
SC0,17/10/2009,Falkirk,St Mirren,1,3,A,0,0,D,C Allan,10,9,3,7,15,17,4,8,1,1,0,0,2.4,3.3,2.88,2.3,3.25,2.75,2.38,3.4,2.88,2009/10,€11.60m,€10.30m,2.4,3.2,2.62
SC0,17/10/2009,Hibernian,Kilmarnock,1,0,H,0,0,D,C Thompson,15,6,7,1,11,11,9,5,1,1,0,0,1.91,3.4,4.2,1.7,3.4,4.4,1.8,3.5,4.5,2009/10,€23.00m,€11.48m,1.7,3.4,4.33
SC0,17/10/2009,St Johnstone,Rangers,1,2,A,1,1,D,W Collum,11,10,7,6,6,14,4,2,1,1,0,0,7.5,4.2,1.44,6.0,4.0,1.44,7.0,4.0,1.5,2009/10,€11.05m,€82.48m,7.0,4.0,1.44
SC0,24/10/2009,Aberdeen,Dundee United,0,2,A,0,2,A,S Conroy,12,10,2,3,10,11,7,7,3,3,0,0,2.38,3.25,3.0,2.1,3.25,3.05,2.38,3.4,2.88,2009/10,€20.48m,€18.85m,2.4,3.2,2.6
SC0,24/10/2009,Hearts,Falkirk,0,0,D,0,0,D,C Boyle,11,7,5,2,9,15,8,6,1,3,0,0,1.57,3.75,6.0,1.5,3.75,5.75,1.62,3.75,5.5,2009/10,€26.15m,€11.60m,1.5,3.6,6.0
SC0,24/10/2009,Kilmarnock,St Johnstone,2,1,H,0,0,D,A Muir,5,5,2,2,11,14,2,3,1,2,0,0,2.2,3.25,3.25,2.15,3.2,3.0,2.2,3.3,3.3,2009/10,€11.48m,€11.05m,2.2,3.2,3.0
SC0,24/10/2009,Rangers,Hibernian,1,1,D,1,0,H,C Richmond,22,17,11,12,15,16,5,5,3,3,0,0,1.36,4.6,8.5,1.35,4.33,7.5,1.36,4.5,9.0,2009/10,€82.48m,€23.00m,1.3,4.5,8.5
SC0,24/10/2009,St Mirren,Motherwell,3,3,D,1,0,H,S O'Reilly,13,10,7,5,15,5,3,7,1,0,0,0,2.63,3.2,2.75,2.4,3.25,2.6,2.5,3.3,2.8,2009/10,€10.30m,€12.53m,2.4,3.25,2.6
SC0,25/10/2009,Hamilton,Celtic,1,2,A,0,2,A,I Brines,9,10,6,7,17,18,5,3,0,2,0,0,10.0,5.25,1.29,8.5,5.25,1.25,9.0,4.5,1.36,2009/10,€13.38m,€109.30m,8.0,4.33,1.33
SC0,31/10/2009,Celtic,Kilmarnock,3,0,H,2,0,H,W Collum,19,7,16,1,4,10,11,3,1,2,0,0,1.22,5.5,15.0,1.2,5.5,11.0,1.25,5.5,12.0,2009/10,€109.30m,€11.48m,1.2,5.5,11.0
SC0,31/10/2009,Hibernian,Aberdeen,2,0,H,0,0,D,S Nicholls,18,5,6,4,10,13,7,3,2,3,0,2,2.1,3.3,3.5,2.0,3.25,3.3,2.0,3.4,3.75,2009/10,€23.00m,€20.48m,2.0,3.25,3.4
SC0,31/10/2009,Motherwell,Hearts,1,0,H,0,0,D,D Somers,13,8,4,3,15,14,8,4,1,2,0,1,2.4,3.2,3.0,2.25,3.25,2.8,2.38,3.25,3.0,2009/10,€12.53m,€26.15m,2.38,3.25,2.62
SC0,31/10/2009,St Johnstone,Falkirk,3,1,H,1,0,H,D McDonald,15,11,6,6,8,14,7,5,0,1,0,0,2.1,3.3,3.5,1.9,3.3,3.6,2.1,3.4,3.4,2009/10,€11.05m,€11.60m,2.0,3.25,3.4
SC0,31/10/2009,St Mirren,Hamilton,0,2,A,0,2,A,S Finnie,9,5,3,4,18,17,5,4,3,3,1,0,1.91,3.3,4.0,1.8,3.35,3.9,1.83,3.5,4.33,2009/10,€10.30m,€13.38m,1.85,3.25,4.0
SC0,07/11/2009,Aberdeen,St Johnstone,2,1,H,1,0,H,E Norris,9,17,4,9,14,11,7,5,3,0,0,0,2.0,3.3,3.8,1.9,3.3,3.55,1.91,3.4,4.0,2009/10,€20.48m,€11.05m,2.1,3.12,3.25
SC0,07/11/2009,Hamilton,Motherwell,2,2,D,0,0,D,C Thomson,7,13,2,6,19,13,2,7,2,1,1,0,3.1,3.3,2.3,2.75,3.25,2.3,3.1,3.3,2.3,2009/10,€13.38m,€12.53m,2.75,3.25,2.3
SC0,07/11/2009,Hearts,Hibernian,0,0,D,0,0,D,S Conroy,21,10,12,7,10,16,12,2,1,2,0,0,2.5,3.25,2.8,2.5,3.25,2.5,2.5,3.3,2.8,2009/10,€26.15m,€23.00m,2.38,3.25,2.7
SC0,07/11/2009,Kilmarnock,Dundee United,0,2,A,0,1,A,S O'Reilly,13,16,7,9,16,15,3,10,0,1,0,0,3.1,3.3,2.3,2.75,3.25,2.3,2.9,3.3,2.4,2009/10,€11.48m,€18.85m,2.75,3.25,2.3
SC0,07/11/2009,Rangers,St Mirren,2,1,H,1,0,H,I Brines,16,6,9,3,12,14,6,4,2,1,0,0,1.25,5.5,12.0,1.2,5.5,11.0,1.29,5.0,12.0,2009/10,€82.48m,€10.30m,1.25,5.0,11.0
SC0,08/11/2009,Falkirk,Celtic,3,3,D,0,0,D,B Winter,14,10,6,9,10,13,4,12,2,2,0,0,11.0,5.0,1.29,8.5,5.25,1.25,12.0,5.0,1.29,2009/10,€11.60m,€109.30m,8.5,4.5,1.3
SC0,21/11/2009,Falkirk,Hamilton,2,0,H,0,0,D,M Tumilty,9,13,7,8,9,12,2,4,2,0,0,0,2.1,3.3,3.5,2.1,3.25,3.05,2.2,3.3,3.3,2009/10,€11.60m,€13.38m,2.1,3.2,3.4
SC0,21/11/2009,Hearts,St Johnstone,1,2,A,1,0,H,S O'Reilly,7,7,3,4,13,8,3,2,2,1,1,0,1.91,3.75,3.6,1.75,3.4,4.1,1.91,3.5,4.0,2009/10,€26.15m,€11.05m,1.91,3.3,3.8
SC0,21/11/2009,Motherwell,Aberdeen,1,1,D,1,0,H,A Crawford,14,15,5,7,7,7,6,5,2,1,0,1,2.3,3.2,3.2,2.25,3.25,2.8,2.38,3.25,3.0,2009/10,€12.53m,€20.48m,2.25,3.25,3.0
SC0,21/11/2009,Rangers,Kilmarnock,3,0,H,3,0,H,A Muir,13,12,9,8,11,15,5,4,0,2,0,0,1.29,5.25,11.0,1.22,5.25,10.0,1.29,5.0,12.0,2009/10,€82.48m,€11.48m,1.3,5.0,9.0
SC0,21/11/2009,St Mirren,Hibernian,1,1,D,1,1,D,W Collum,14,8,3,4,15,6,5,4,1,1,0,0,3.0,3.25,2.38,3.05,3.25,2.1,3.0,3.4,2.3,2009/10,€10.30m,€23.00m,3.0,3.3,2.25
SC0,22/11/2009,Dundee United,Celtic,2,1,H,0,0,D,D McDonald,10,7,5,5,19,11,5,7,1,1,0,0,4.2,3.6,1.83,4.1,3.4,1.75,4.33,3.5,1.83,2009/10,€18.85m,€109.30m,3.8,3.5,1.85
SC0,28/11/2009,Aberdeen,Rangers,1,0,H,1,0,H,C Thomson,8,19,2,6,18,20,1,5,3,3,1,0,4.5,3.7,1.75,4.7,3.45,1.65,4.33,3.2,1.73,2009/10,€20.48m,€82.48m,4.33,3.3,1.85
SC0,28/11/2009,Celtic,St Mirren,3,1,H,2,1,H,S Conroy,15,6,10,4,7,13,6,4,1,2,0,0,1.25,5.5,12.0,1.23,5.25,9.5,1.22,5.0,10.0,2009/10,€109.30m,€10.30m,1.25,5.0,12.0
SC0,28/11/2009,Hibernian,Falkirk,2,0,H,1,0,H,D Somers,19,12,13,4,24,14,5,5,1,2,0,0,1.57,3.6,6.5,1.53,3.65,5.5,1.5,3.6,5.5,2009/10,€23.00m,€11.60m,1.53,3.6,6.5
SC0,28/11/2009,Kilmarnock,Hearts,1,2,A,0,0,D,S Nicholls,17,10,8,4,16,11,7,2,1,1,0,0,2.7,3.2,2.6,2.65,3.25,2.35,2.38,3.2,2.6,2009/10,€11.48m,€26.15m,2.6,3.2,2.6
SC0,28/11/2009,Motherwell,Dundee United,2,2,D,2,1,H,A Muir,6,13,2,5,13,14,6,1,1,2,0,2,2.6,3.2,2.7,2.35,3.25,2.65,2.5,3.2,2.5,2009/10,€12.53m,€18.85m,2.4,3.25,2.8
SC0,28/11/2009,St Johnstone,Hamilton,1,1,D,1,1,D,W Collum,13,7,7,5,7,10,9,7,0,0,0,0,1.83,3.4,4.5,1.85,3.4,3.6,1.83,3.3,3.6,2009/10,€11.05m,€13.38m,1.75,3.4,4.6
SC0,05/12/2009,Celtic,Aberdeen,3,0,H,1,0,H,M Tumilty,27,3,13,1,7,12,8,1,0,3,0,1,1.36,4.5,9.0,1.3,4.5,8.5,1.4,4.5,8.0,2009/10,€109.30m,€20.48m,1.33,4.5,9.0
SC0,05/12/2009,Dundee United,St Mirren,3,2,H,2,0,H,B Winter,10,8,4,2,9,18,3,4,2,4,1,0,1.67,3.5,5.5,1.55,3.75,5.0,1.62,3.6,6.0,2009/10,€18.85m,€10.30m,1.67,3.3,5.5
SC0,05/12/2009,Falkirk,Rangers,1,3,A,1,2,A,W Collum,12,17,6,10,12,8,7,7,2,2,0,0,7.5,4.5,1.4,6.25,4.25,1.4,7.0,4.33,1.44,2009/10,€11.60m,€82.48m,7.0,4.0,1.44
SC0,05/12/2009,Hibernian,Motherwell,2,0,H,1,0,H,I Brines,12,1,7,1,22,4,9,8,1,3,0,0,1.91,3.4,4.0,1.85,3.4,3.6,1.91,3.4,4.0,2009/10,€23.00m,€12.53m,2.0,3.2,3.75
SC0,05/12/2009,St Johnstone,Kilmarnock,0,1,A,0,1,A,C Murray,16,4,9,1,6,15,7,2,1,1,0,0,2.1,3.4,3.4,2.0,3.25,3.3,2.1,3.3,3.5,2009/10,€11.05m,€11.48m,2.0,3.3,3.6
SC0,06/12/2009,Hamilton,Hearts,2,1,H,2,1,H,D Somers,16,6,5,3,17,24,4,3,0,3,0,2,3.2,3.3,2.25,3.05,3.25,2.1,3.0,3.3,2.3,2009/10,€13.38m,€26.15m,2.9,3.3,2.3
SC0,12/12/2009,Aberdeen,Hamilton,1,2,A,0,1,A,A Muir,8,6,4,3,14,19,10,0,3,3,0,0,1.67,3.6,5.25,1.7,3.4,4.4,1.57,3.5,5.0,2009/10,€20.48m,€13.38m,1.73,3.5,4.75
SC0,12/12/2009,Hearts,Dundee United,0,0,D,0,0,D,E Norris,8,7,1,2,16,14,4,2,3,0,0,0,2.9,3.25,2.4,2.7,3.25,2.3,2.6,3.2,2.38,2009/10,€26.15m,€18.85m,3.0,3.2,2.3
SC0,12/12/2009,Kilmarnock,Hibernian,1,1,D,0,0,D,S Conroy,9,10,7,4,8,15,7,3,0,1,0,0,2.9,3.25,2.4,2.7,3.25,2.3,3.0,3.2,2.1,2009/10,€11.48m,€23.00m,3.0,3.25,2.3
SC0,12/12/2009,Motherwell,Celtic,2,3,A,2,1,H,C Richmond,5,22,3,13,8,10,2,8,1,2,0,0,6.0,4.0,1.53,5.5,3.8,1.5,5.5,3.5,1.53,2009/10,€12.53m,€109.30m,6.5,3.75,1.53
SC0,12/12/2009,Rangers,St Johnstone,3,0,H,2,0,H,D McDonald,17,6,10,4,6,5,7,5,0,0,0,0,1.3,5.0,10.0,1.25,5.0,9.0,1.22,5.0,10.0,2009/10,€82.48m,€11.05m,1.29,4.75,11.0
SC0,12/12/2009,St Mirren,Falkirk,1,1,D,0,0,D,C Thomson,7,8,5,5,7,14,6,6,0,0,0,0,2.1,3.25,3.6,1.9,3.3,3.55,1.8,3.4,3.6,2009/10,€10.30m,€11.60m,2.0,3.2,3.75
SC0,15/12/2009,Dundee United,Rangers,0,3,A,0,1,A,M Tumilty,6,14,4,7,15,17,12,12,1,2,0,0,4.0,3.4,1.91,3.65,3.4,1.85,4.0,3.4,1.91,2009/10,€18.85m,€82.48m,3.75,3.4,1.91
SC0,19/12/2009,Aberdeen,Hibernian,0,2,A,0,1,A,D McDonald,7,3,6,3,11,12,12,4,2,2,1,0,2.6,3.25,2.7,2.45,3.25,2.55,2.5,3.3,2.8,2009/10,€20.48m,€23.00m,2.5,3.2,2.75
SC0,19/12/2009,Kilmarnock,Falkirk,1,2,A,1,1,D,A Crawford,11,13,7,5,11,12,6,6,0,1,0,0,2.0,3.3,3.8,1.85,3.4,3.6,2.0,3.4,3.75,2009/10,€11.48m,€11.60m,2.0,3.2,3.75
SC0,19/12/2009,Rangers,Motherwell,6,1,H,1,0,H,C Thomson,21,7,11,3,5,5,3,4,0,1,0,0,1.25,5.75,11.0,1.22,6.0,8.0,1.25,5.5,13.0,2009/10,€82.48m,€12.53m,1.22,5.5,13.0
SC0,19/12/2009,St Johnstone,St Mirren,1,0,H,1,0,H,M Tumilty,7,7,2,3,8,7,11,4,2,1,0,1,2.25,3.25,3.25,2.1,3.25,3.05,2.25,3.25,3.25,2009/10,€11.05m,€10.30m,2.2,3.25,3.2
SC0,20/12/2009,Hearts,Celtic,2,1,H,1,1,D,W Collum,7,17,3,10,14,8,1,10,5,1,0,1,5.5,3.75,1.62,5.0,3.75,1.55,6.0,3.75,1.57,2009/10,€26.15m,€109.30m,6.0,3.6,1.57
SC0,26/12/2009,Celtic,Hamilton,2,0,H,1,0,H,S O'Reilly,22,4,13,1,11,13,8,5,0,1,0,0,1.2,6.0,15.0,1.2,6.0,9.0,1.2,6.5,13.0,2009/10,€109.30m,€13.38m,1.14,6.5,21.0
SC0,26/12/2009,Dundee United,Kilmarnock,0,0,D,0,0,D,C Thomson,12,6,6,2,8,14,13,3,1,2,0,0,1.62,3.8,5.75,1.5,3.8,5.5,1.62,3.75,5.5,2009/10,€18.85m,€11.48m,1.62,3.6,5.5
SC0,26/12/2009,Falkirk,Hearts,0,1,A,0,1,A,C Murray,12,4,6,2,17,15,6,11,0,1,0,0,3.0,3.25,2.38,2.6,3.25,2.4,2.88,3.3,2.38,2009/10,€11.60m,€26.15m,2.88,3.2,2.38
SC0,26/12/2009,Motherwell,St Johnstone,1,3,A,1,0,H,S Conroy,10,12,6,7,7,11,6,5,0,1,0,0,2.0,3.4,3.7,1.8,3.5,3.7,2.0,3.3,3.75,2009/10,€12.53m,€11.05m,2.0,3.4,3.6
SC0,27/12/2009,Hibernian,Rangers,1,4,A,1,2,A,I Brines,8,9,5,5,7,14,3,8,1,0,0,0,4.33,3.5,1.83,3.85,3.4,1.8,4.33,3.5,1.83,2009/10,€23.00m,€82.48m,4.0,3.5,1.83
SC0,30/12/2009,Hearts,Motherwell,1,0,H,1,0,H,A Crawford,12,13,6,8,12,8,3,8,2,1,0,0,2.0,3.4,3.75,1.95,3.35,3.35,2.0,3.5,3.6,2009/10,€26.15m,€12.53m,2.0,3.2,3.75
SC0,30/12/2009,Rangers,Dundee United,7,1,H,3,0,H,W Collum,13,14,11,7,9,13,7,6,2,1,1,0,1.33,4.75,10.0,1.35,4.5,7.0,1.36,4.5,9.0,2009/10,€82.48m,€18.85m,1.3,4.75,10.0
SC0,02/01/2010,Dundee United,Aberdeen,0,1,A,0,1,A,C Murray,17,9,10,3,10,12,6,5,3,2,0,1,2.0,3.3,3.75,1.85,3.35,3.65,1.91,3.4,4.0,2009/10,€18.85m,€20.48m,2.0,3.2,3.75
SC0,02/01/2010,St Mirren,Kilmarnock,1,0,H,0,0,D,A Muir,6,6,2,2,14,14,8,1,3,3,0,0,2.25,3.3,3.2,2.1,3.3,3.0,2.25,3.3,3.2,2009/10,€10.30m,€11.48m,2.3,3.2,3.0
SC0,03/01/2010,Celtic,Rangers,1,1,D,0,0,D,S Conroy,18,4,9,3,5,21,9,6,0,4,0,0,2.38,3.4,2.88,2.35,3.2,2.75,2.38,3.25,3.0,2009/10,€109.30m,€82.48m,2.5,3.4,2.62
SC0,03/01/2010,Hibernian,Hearts,1,1,D,0,1,A,C Richmond,6,9,3,3,11,13,2,6,2,3,1,1,2.1,3.3,3.5,2.05,3.35,3.75,2.1,3.3,3.5,2009/10,€23.00m,€26.15m,2.0,3.25,3.6
SC0,13/01/2010,Hamilton,Dundee United,0,1,A,0,0,D,I Brines,6,6,4,5,13,13,3,2,0,2,0,0,2.88,3.3,2.4,2.7,3.25,2.3,2.75,3.25,2.2,2009/10,€13.38m,€18.85m,3.0,3.2,2.3
SC0,16/01/2010,Celtic,Falkirk,1,1,D,1,1,D,A Muir,17,7,6,4,7,14,9,7,0,2,0,0,1.18,7.0,13.0,1.15,7.0,10.0,1.17,5.5,12.0,2009/10,€109.30m,€11.60m,1.17,6.5,15.0
SC0,16/01/2010,Dundee United,Hibernian,1,0,H,1,0,H,S Conroy,12,11,6,3,10,11,9,6,0,2,0,0,2.4,3.3,2.88,2.3,3.25,2.7,2.25,3.2,2.75,2009/10,€18.85m,€23.00m,2.38,3.25,2.88
SC0,16/01/2010,Hamilton,Rangers,0,1,A,0,0,D,M Tumilty,10,13,5,6,10,5,5,1,1,0,0,0,8.5,4.6,1.36,7.5,4.5,1.33,7.0,4.33,1.33,2009/10,€13.38m,€82.48m,9.0,4.5,1.33
SC0,16/01/2010,Hearts,St Mirren,1,0,H,1,0,H,S O'Reilly,9,3,4,1,13,14,6,5,2,4,0,0,1.85,3.3,4.5,1.75,3.25,4.25,1.62,3.5,4.5,2009/10,€26.15m,€10.30m,1.83,3.25,4.5
SC0,16/01/2010,Kilmarnock,Motherwell,0,3,A,0,0,D,C Thomson,11,15,5,8,12,8,5,7,2,1,0,0,2.4,3.3,2.88,2.35,3.25,2.65,2.25,3.4,2.62,2009/10,€11.48m,€12.53m,2.38,3.2,2.88
SC0,23/01/2010,Aberdeen,Kilmarnock,1,0,H,0,0,D,I Brines,13,5,7,3,6,7,7,2,0,0,0,0,1.83,3.4,4.5,1.7,3.35,4.4,1.8,3.5,4.5,2009/10,€20.48m,€11.48m,1.83,3.25,4.33
SC0,23/01/2010,Hibernian,Hamilton,5,1,H,3,0,H,B Winter,16,12,10,7,7,10,4,5,1,2,0,0,1.62,3.75,5.5,1.5,3.6,6.0,1.62,3.75,5.5,2009/10,€23.00m,€13.38m,1.57,3.6,6.0
SC0,23/01/2010,Motherwell,St Mirren,2,0,H,0,0,D,D McDonald,14,8,4,3,10,18,5,2,1,2,0,0,2.0,3.2,4.0,1.85,3.2,3.85,1.91,3.4,4.0,2009/10,€12.53m,€10.30m,1.95,3.2,4.0
SC0,23/01/2010,Rangers,Hearts,1,1,D,0,0,D,C Murray,20,8,11,4,8,12,5,2,1,2,0,1,1.33,5.0,9.0,1.3,5.0,7.0,1.36,4.5,9.0,2009/10,€82.48m,€26.15m,1.3,4.75,10.0
SC0,24/01/2010,Falkirk,Dundee United,1,4,A,0,2,A,E Norris,10,14,7,8,13,11,2,9,2,1,0,0,3.1,3.3,2.25,3.0,3.3,2.1,3.3,3.3,2.2,2009/10,€11.60m,€18.85m,3.2,3.2,2.2
SC0,24/01/2010,St Johnstone,Celtic,1,4,A,1,0,H,W Collum,4,29,2,17,14,8,2,11,1,1,1,0,7.0,4.33,1.44,7.0,4.0,1.4,8.0,4.5,1.4,2009/10,€11.05m,€109.30m,7.0,4.5,1.4
SC0,26/01/2010,Hamilton,Kilmarnock,0,0,D,0,0,D,S Finnie,10,7,5,4,12,12,8,4,1,1,0,0,2.3,3.25,3.2,2.2,3.3,2.85,2.2,3.25,2.75,2009/10,€13.38m,€11.48m,2.2,3.2,3.2
SC0,27/01/2010,Celtic,Hibernian,1,2,A,1,1,D,I Brines,16,7,9,4,10,14,16,2,1,2,0,0,1.4,4.5,7.5,1.3,5.0,7.0,1.4,3.75,7.0,2009/10,€109.30m,€23.00m,1.36,4.75,7.5
SC0,27/01/2010,Dundee United,St Johnstone,3,3,D,0,2,A,S O'Reilly,13,9,9,4,14,14,3,4,2,4,0,0,1.67,3.6,5.5,1.55,3.6,5.35,1.62,3.5,4.5,2009/10,€18.85m,€11.05m,1.67,3.4,5.5
SC0,27/01/2010,Falkirk,Motherwell,0,0,D,0,0,D,C Richmond,10,9,5,7,18,11,5,8,4,0,0,1,2.8,3.3,2.5,2.6,3.15,2.45,2.4,3.25,2.5,2009/10,€11.60m,€12.53m,2.75,3.2,2.5
SC0,27/01/2010,Hearts,Aberdeen,0,3,A,0,1,A,M Tumilty,9,12,4,6,9,12,5,2,0,2,0,0,2.0,3.3,3.8,1.85,3.4,3.6,1.91,3.25,3.4,2009/10,€26.15m,€20.48m,1.95,3.25,3.75
SC0,27/01/2010,St Mirren,Rangers,0,2,A,0,1,A,C Thomson,11,20,5,15,11,9,5,5,1,1,0,0,7.5,4.5,1.4,7.0,4.5,1.35,7.0,3.75,1.4,2009/10,€10.30m,€82.48m,7.5,4.33,1.4
SC0,30/01/2010,Aberdeen,Motherwell,0,3,A,0,1,A,S Conroy,16,16,13,11,10,13,13,6,2,1,0,0,2.1,3.3,3.5,2.0,3.3,3.25,2.0,3.4,3.75,2009/10,€20.48m,€12.53m,2.0,3.2,3.75
SC0,30/01/2010,Hamilton,Celtic,0,1,A,0,0,D,C Murray,4,13,1,6,7,9,5,6,0,1,0,0,8.0,4.5,1.4,7.0,4.5,1.35,7.5,4.5,1.4,2009/10,€13.38m,€109.30m,8.5,4.5,1.36
SC0,30/01/2010,Hibernian,St Mirren,2,1,H,1,1,D,W Collum,11,2,7,1,12,7,6,3,0,0,0,0,1.67,3.5,5.5,1.6,3.5,5.0,1.53,3.75,6.5,2009/10,€23.00m,€10.30m,1.57,3.5,6.5
SC0,30/01/2010,Kilmarnock,Dundee United,4,4,D,2,3,A,D McDonald,13,13,8,7,10,11,11,6,0,0,0,0,3.0,3.25,2.38,2.75,3.3,2.25,3.2,3.25,2.25,2009/10,€11.48m,€18.85m,3.0,3.2,2.3
SC0,30/01/2010,Rangers,Falkirk,3,0,H,1,0,H,C Allan,15,8,8,7,8,9,4,4,0,2,0,0,1.17,7.0,15.0,1.15,6.5,12.0,1.17,7.0,15.0,2009/10,€82.48m,€11.60m,1.17,6.5,15.0
SC0,30/01/2010,St Johnstone,Hearts,1,0,H,0,0,D,E Norris,15,4,9,1,11,6,7,3,2,1,0,0,2.5,3.3,2.8,2.6,3.25,2.4,2.6,3.3,2.62,2009/10,€11.05m,€26.15m,2.5,3.0,2.88
SC0,02/02/2010,Aberdeen,Falkirk,0,1,A,0,1,A,S Finnie,8,10,3,6,11,11,8,5,1,4,0,0,1.67,3.5,5.5,1.65,3.5,4.6,1.62,3.5,4.5,2009/10,€20.48m,€11.60m,1.67,3.4,5.5
SC0,02/02/2010,Kilmarnock,Celtic,1,0,H,0,0,D,M Tumilty,2,6,1,2,10,8,3,15,0,2,0,0,8.5,5.0,1.33,7.0,4.5,1.35,8.0,3.75,1.36,2009/10,€11.48m,€109.30m,9.0,4.75,1.33
SC0,06/02/2010,Motherwell,Hamilton,1,0,H,0,0,D,M Tumilty,9,10,6,6,13,16,4,4,1,1,0,0,1.83,3.5,4.33,1.65,3.5,4.6,1.8,3.5,4.5,2009/10,€12.53m,€13.38m,1.83,3.25,4.5
SC0,10/02/2010,Celtic,Hearts,2,0,H,0,0,D,B Winter,12,0,6,0,8,7,5,5,1,4,0,0,1.33,4.75,10.0,1.33,4.5,7.25,1.36,4.5,9.0,2009/10,€109.30m,€26.15m,1.3,4.75,10.0
SC0,10/02/2010,Dundee United,Hamilton,0,2,A,0,2,A,A Muir,8,12,4,4,15,8,5,7,2,3,0,0,1.53,3.75,7.0,1.5,3.75,5.75,1.53,3.75,7.0,2009/10,€18.85m,€13.38m,1.5,3.75,7.0
SC0,10/02/2010,Falkirk,Kilmarnock,0,1,A,0,0,D,W Collum,7,9,1,7,10,12,7,5,0,2,0,0,2.5,3.25,2.8,2.2,3.3,2.85,2.4,3.3,2.88,2009/10,€11.60m,€11.48m,2.38,3.2,2.88
SC0,10/02/2010,Hibernian,Aberdeen,2,2,D,0,2,A,C Thomson,13,9,6,4,13,16,10,0,3,2,0,0,1.83,3.5,4.33,1.8,3.4,3.85,1.8,3.5,4.5,2009/10,€23.00m,€20.48m,1.83,3.25,4.5
SC0,10/02/2010,Motherwell,Rangers,1,1,D,1,0,H,C Murray,10,9,7,6,10,10,4,3,1,2,0,0,7.0,4.0,1.5,5.85,4.0,1.45,7.0,4.0,1.5,2009/10,€12.53m,€82.48m,7.0,3.75,1.5
SC0,10/02/2010,St Mirren,St Johnstone,1,1,D,0,1,A,M Tumilty,13,16,8,5,12,20,4,3,2,2,0,0,2.38,3.25,3.0,2.2,3.3,2.85,2.25,3.25,3.2,2009/10,€10.30m,€11.05m,2.2,3.4,3.0
SC0,13/02/2010,Aberdeen,Celtic,4,4,D,2,2,D,I Brines,8,18,6,15,13,14,4,6,2,2,0,1,6.5,3.8,1.53,5.75,3.95,1.6,6.0,3.75,1.57,2009/10,€20.48m,€109.30m,6.5,3.75,1.53
SC0,13/02/2010,Hamilton,Motherwell,0,0,D,0,0,D,C Richmond,16,6,10,1,16,13,5,3,1,2,0,0,2.9,3.3,2.4,2.55,3.3,2.4,2.62,3.3,2.62,2009/10,€13.38m,€12.53m,2.75,3.4,2.38
SC0,13/02/2010,Hearts,Falkirk,3,2,H,1,1,D,D McDonald,9,5,5,1,10,11,2,3,1,1,0,0,1.85,3.4,4.5,1.75,3.45,4.0,1.73,3.5,5.0,2009/10,€26.15m,€11.60m,1.83,3.25,4.5
SC0,13/02/2010,Kilmarnock,St Johnstone,3,2,H,1,1,D,S Finnie,9,8,4,5,9,11,4,4,0,2,0,0,2.25,3.3,3.2,2.15,3.3,2.95,2.25,3.3,3.2,2009/10,€11.48m,€11.05m,2.3,3.2,3.0
SC0,13/02/2010,St Mirren,Dundee United,1,2,A,0,0,D,E Norris,12,14,4,6,9,17,6,3,0,4,0,0,3.1,3.3,2.25,2.95,3.3,2.15,3.2,3.3,2.25,2009/10,€10.30m,€18.85m,3.0,3.25,2.25
SC0,14/02/2010,Rangers,Hibernian,3,0,H,0,0,D,S Conroy,12,9,6,6,12,12,5,4,3,1,0,0,1.4,4.5,8.0,1.35,4.5,7.0,1.4,4.5,8.0,2009/10,€82.48m,€23.00m,1.36,4.5,8.5
SC0,17/02/2010,St Johnstone,Hibernian,5,1,H,2,0,H,B Winter,14,3,10,2,12,11,11,2,1,0,0,1,3.1,3.3,2.3,2.8,3.25,2.25,3.1,3.3,2.3,2009/10,€11.05m,€23.00m,3.0,3.2,2.3
SC0,20/02/2010,Celtic,Dundee United,1,0,H,1,0,H,C Thomson,15,7,12,2,10,17,14,3,3,2,0,0,1.36,4.75,8.5,1.35,4.5,7.0,1.4,4.33,8.5,2009/10,€109.30m,€18.85m,1.33,4.5,10.0
SC0,20/02/2010,Falkirk,Aberdeen,3,1,H,2,1,H,C Richmond,13,7,9,5,13,17,4,7,0,3,0,0,2.9,3.3,2.4,2.7,3.25,2.3,2.88,3.4,2.38,2009/10,€11.60m,€20.48m,3.0,3.2,2.3
SC0,20/02/2010,Kilmarnock,St Mirren,1,1,D,1,0,H,A Muir,11,9,4,3,18,13,3,8,2,2,0,0,2.1,3.3,3.5,1.85,3.4,3.6,2.0,3.4,3.75,2009/10,€11.48m,€10.30m,2.0,3.2,3.75
SC0,20/02/2010,Motherwell,Hibernian,1,0,H,0,0,D,E Norris,10,4,6,2,11,14,6,2,1,0,0,1,2.5,3.25,2.8,2.45,3.25,2.55,2.5,3.4,2.7,2009/10,€12.53m,€23.00m,2.38,3.2,2.88
SC0,21/02/2010,Hearts,Hamilton,2,0,H,0,0,D,S Conroy,12,6,3,3,10,14,9,9,2,1,0,0,1.75,3.5,4.75,1.7,3.4,4.35,1.73,3.5,5.0,2009/10,€26.15m,€13.38m,1.73,3.4,5.0
SC0,27/02/2010,Aberdeen,Hearts,0,1,A,0,0,D,W Collum,12,7,7,5,15,15,5,0,3,3,0,1,2.2,3.2,3.4,2.0,3.25,3.3,2.25,3.3,3.2,2009/10,€20.48m,€26.15m,2.2,3.0,3.4
SC0,27/02/2010,Dundee United,Falkirk,3,0,H,2,0,H,C Murray,11,8,6,4,10,9,2,9,1,2,0,0,1.67,3.6,5.25,1.5,3.75,5.75,1.57,3.75,6.0,2009/10,€18.85m,€11.60m,1.62,3.6,5.5
SC0,27/02/2010,Hibernian,St Johnstone,1,1,D,1,0,H,A Muir,6,10,6,7,19,16,1,5,4,3,0,0,1.91,3.4,4.0,1.8,3.3,4.0,1.91,3.4,4.0,2009/10,€23.00m,€11.05m,1.91,3.25,4.0
SC0,27/02/2010,Motherwell,Kilmarnock,1,0,H,0,0,D,I Brines,8,5,7,3,14,15,8,3,1,1,0,0,1.91,3.4,4.0,1.85,3.2,3.85,1.83,3.5,4.33,2009/10,€12.53m,€11.48m,2.0,3.2,3.75
SC0,27/02/2010,St Mirren,Hamilton,0,0,D,0,0,D,C Allan,7,11,5,3,15,21,1,6,2,4,0,0,2.1,3.4,3.4,2.1,3.25,3.05,2.2,3.3,3.3,2009/10,€10.30m,€13.38m,2.1,3.2,3.4
SC0,28/02/2010,Rangers,Celtic,1,0,H,0,0,D,D McDonald,14,4,11,2,15,15,10,0,2,2,0,1,2.25,3.4,3.1,2.3,3.3,2.9,2.25,3.3,3.2,2009/10,€82.48m,€109.30m,2.3,3.2,3.0
SC0,06/03/2010,Hamilton,Aberdeen,1,1,D,0,0,D,S Finnie,8,5,1,3,11,11,9,7,4,3,0,0,2.63,3.3,2.63,2.5,3.25,2.5,2.5,3.3,2.8,2009/10,€13.38m,€20.48m,2.62,3.0,2.75
SC0,06/03/2010,Hibernian,Kilmarnock,1,0,H,0,0,D,S O'Reilly,6,3,2,0,14,9,2,2,0,1,0,0,1.83,3.5,4.5,1.7,3.45,4.25,1.8,3.5,4.5,2009/10,€23.00m,€11.48m,1.73,3.4,4.75
SC0,06/03/2010,Rangers,St Mirren,3,1,H,1,1,D,C Richmond,25,12,16,7,10,10,6,3,1,1,0,0,1.2,6.0,15.0,1.17,6.0,11.0,1.2,6.5,13.0,2009/10,€82.48m,€10.30m,1.17,6.5,15.0
SC0,06/03/2010,St Johnstone,Motherwell,1,2,A,1,1,D,C Thomson,16,11,11,9,6,7,7,3,0,1,0,0,2.5,3.3,2.8,2.5,3.25,2.5,2.62,3.3,2.62,2009/10,€11.05m,€12.53m,2.5,3.0,2.88
SC0,07/03/2010,Dundee United,Hearts,1,0,H,0,0,D,M Tumilty,19,6,7,3,8,12,10,4,0,0,0,0,1.91,3.4,4.0,1.7,3.45,4.25,1.83,3.4,4.5,2009/10,€18.85m,€26.15m,1.83,3.25,4.33
SC0,07/03/2010,Falkirk,Celtic,0,2,A,0,1,A,B Winter,11,9,5,8,10,10,9,8,2,0,0,0,8.0,5.0,1.36,8.5,4.5,1.3,9.0,4.5,1.36,2009/10,€11.60m,€109.30m,10.0,4.75,1.3
SC0,09/03/2010,Kilmarnock,Rangers,0,2,A,0,0,D,A Muir,7,12,5,5,8,13,4,7,3,1,0,0,8.0,4.5,1.4,7.5,4.25,1.35,8.0,4.0,1.33,2009/10,€11.48m,€82.48m,9.0,4.5,1.33
SC0,09/03/2010,St Mirren,Motherwell,0,0,D,0,0,D,D McDonald,12,7,8,3,7,10,5,2,0,0,0,0,2.75,3.3,2.5,2.55,3.25,2.45,2.75,3.2,2.25,2009/10,€10.30m,€12.53m,2.88,3.0,2.5
SC0,13/03/2010,Falkirk,St Johnstone,1,2,A,1,1,D,S O'Reilly,11,10,6,6,14,16,8,1,2,1,0,0,2.5,3.2,2.88,2.45,3.25,2.55,2.25,3.2,2.75,2009/10,€11.60m,€11.05m,2.5,3.2,2.75
SC0,13/03/2010,Hamilton,St Mirren,1,0,H,0,0,D,E Norris,8,10,4,4,14,13,8,2,5,5,0,0,2.3,3.2,3.2,2.25,3.25,2.8,2.2,3.25,2.75,2009/10,€13.38m,€10.30m,2.2,3.2,3.2
SC0,13/03/2010,Motherwell,Hearts,3,1,H,2,0,H,S Finnie,10,6,7,2,10,19,6,2,1,3,0,0,2.1,3.4,3.4,1.9,3.3,3.6,2.1,3.2,3.0,2009/10,€12.53m,€26.15m,2.05,3.2,3.5
SC0,16/03/2010,St Johnstone,Aberdeen,1,0,H,1,0,H,C Richmond,17,11,13,7,11,10,4,5,1,1,0,0,2.3,3.3,3.1,2.25,3.25,2.8,2.38,3.25,3.0,2009/10,€11.05m,€20.48m,2.2,3.2,3.2
SC0,20/03/2010,Aberdeen,Dundee United,2,2,D,2,2,D,I Brines,8,16,3,7,12,17,6,4,3,1,0,0,2.75,3.3,2.5,2.5,3.25,2.5,2.88,3.3,2.4,2009/10,€20.48m,€18.85m,2.88,3.2,2.38
SC0,20/03/2010,Celtic,St Johnstone,3,0,H,1,0,H,C Murray,13,5,5,2,4,12,7,1,0,3,0,0,1.25,5.5,12.0,1.17,6.0,11.0,1.22,6.0,13.0,2009/10,€109.30m,€11.05m,1.22,5.5,12.0
SC0,20/03/2010,Hamilton,Falkirk,2,2,D,0,1,A,D McDonald,8,5,6,4,7,14,5,3,2,3,0,0,2.1,3.3,3.5,2.1,3.25,3.05,2.0,3.4,3.75,2009/10,€13.38m,€11.60m,2.0,3.25,3.75
SC0,20/03/2010,Hearts,Hibernian,2,1,H,2,0,H,W Collum,19,14,10,4,12,13,9,3,1,1,0,0,2.5,3.25,2.8,2.45,3.25,2.55,2.4,3.3,2.88,2009/10,€26.15m,€23.00m,2.5,3.2,2.75
SC0,23/03/2010,St Johnstone,Falkirk,1,1,D,1,1,D,E Norris,7,13,2,6,17,15,1,4,2,2,0,0,1.8,3.4,4.0,1.8,3.4,3.85,1.73,3.4,4.0,2009/10,€11.05m,€11.60m,1.83,3.25,4.5
SC0,24/03/2010,Kilmarnock,Hamilton,1,2,A,0,2,A,C Thomson,7,10,4,6,17,16,2,6,3,2,0,0,2.1,3.25,3.2,2.0,3.25,3.3,2.0,3.2,3.2,2009/10,€11.48m,€13.38m,2.1,3.2,3.5
SC0,24/03/2010,St Mirren,Celtic,4,0,H,1,0,H,C Richmond,10,9,7,6,13,10,4,4,0,1,0,0,7.0,5.0,1.33,6.25,5.0,1.33,8.0,4.5,1.29,2009/10,€10.30m,€109.30m,11.0,4.75,1.3
SC0,27/03/2010,Aberdeen,St Mirren,2,1,H,1,0,H,B Winter,14,10,9,7,12,12,5,2,1,1,1,0,1.91,3.4,4.0,1.75,3.45,4.0,1.8,3.3,3.75,2009/10,€20.48m,€10.30m,1.91,3.25,4.0
SC0,27/03/2010,Celtic,Kilmarnock,3,1,H,1,0,H,D McDonald,22,2,13,1,8,13,10,5,1,3,0,0,1.17,7.0,15.0,1.15,7.0,10.0,1.17,5.5,12.0,2009/10,€109.30m,€11.48m,1.18,6.0,15.0
SC0,27/03/2010,Dundee United,Motherwell,3,0,H,2,0,H,W Collum,4,8,3,2,10,10,5,7,0,0,1,0,2.0,3.3,3.8,1.9,3.3,3.6,2.0,3.2,3.2,2009/10,€18.85m,€12.53m,1.95,3.2,4.0
SC0,27/03/2010,Falkirk,Hibernian,1,3,A,1,3,A,M Tumilty,16,13,6,6,10,16,13,5,2,2,0,0,3.0,3.25,2.38,2.85,3.25,2.2,2.75,3.25,2.2,2009/10,€11.60m,€23.00m,2.88,3.2,2.38
SC0,27/03/2010,Hamilton,St Johnstone,1,0,H,1,0,H,C Allan,7,3,2,2,10,11,4,5,1,4,0,0,2.4,3.2,3.0,2.25,3.25,2.8,2.38,3.2,2.6,2009/10,€13.38m,€11.05m,2.38,3.2,2.88
SC0,27/03/2010,Hearts,Rangers,1,4,A,1,2,A,C Murray,10,8,6,7,14,9,6,5,2,1,0,0,6.0,3.75,1.57,5.75,3.75,1.5,5.0,3.5,1.57,2009/10,€26.15m,€82.48m,6.0,3.6,1.57
SC0,30/03/2010,St Johnstone,Rangers,4,1,H,3,1,H,M Tumilty,15,9,9,6,9,12,2,5,2,1,0,0,8.0,4.5,1.4,7.0,4.0,1.4,7.5,4.1,1.38,2009/10,€11.05m,€82.48m,8.5,4.75,1.33
SC0,31/03/2010,Hibernian,Dundee United,2,4,A,1,2,A,S O'Reilly,7,5,2,3,20,10,9,7,2,1,0,0,2.38,3.3,3.0,2.1,3.25,3.1,2.35,3.25,2.75,2009/10,€23.00m,€18.85m,2.38,3.25,2.88
SC0,03/04/2010,Motherwell,Falkirk,0,1,A,0,1,A,C Thomson,12,7,8,4,7,10,6,0,0,0,0,0,1.67,3.75,5.0,1.55,3.6,5.4,1.57,3.75,4.5,2009/10,€12.53m,€11.60m,1.67,3.4,5.5
SC0,03/04/2010,Rangers,Hamilton,1,0,H,1,0,H,S O'Reilly,18,8,7,2,11,15,8,10,0,1,0,0,1.14,7.5,17.0,1.15,7.0,10.0,1.17,5.5,12.0,2009/10,€82.48m,€13.38m,1.14,7.0,17.0
SC0,03/04/2010,St Mirren,Hearts,1,1,D,1,0,H,I Brines,6,5,3,2,12,15,8,9,0,1,0,0,2.75,3.3,2.5,2.6,3.25,2.4,2.5,3.3,2.38,2009/10,€10.30m,€26.15m,2.75,3.2,2.5
SC0,04/04/2010,Hibernian,Celtic,0,1,A,0,0,D,C Richmond,9,10,4,6,24,15,2,8,5,3,0,0,5.0,3.75,1.67,5.0,3.75,1.55,4.5,3.5,1.62,2009/10,€23.00m,€109.30m,5.5,3.6,1.62
SC0,04/04/2010,Kilmarnock,Aberdeen,2,0,H,1,0,H,M Tumilty,13,7,6,2,10,11,4,8,2,4,0,0,2.6,3.3,2.63,2.5,3.25,2.5,2.4,3.25,2.5,2009/10,€11.48m,€20.48m,2.62,3.2,2.62
SC0,05/04/2010,St Johnstone,Dundee United,0,1,A,0,0,D,S Conroy,10,3,4,3,9,10,9,4,2,1,0,0,2.8,3.25,2.5,2.8,3.25,2.25,2.75,3.25,2.2,2009/10,€11.05m,€18.85m,2.88,3.25,2.38
SC0,07/04/2010,Rangers,Aberdeen,3,1,H,1,0,H,W Collum,6,5,3,2,7,4,4,1,0,1,0,0,1.17,7.0,15.0,1.18,6.5,9.0,1.22,6.0,12.0,2009/10,€82.48m,€20.48m,1.18,6.0,15.0
SC0,10/04/2010,Falkirk,St Mirren,2,1,H,1,0,H,D McDonald,10,7,5,4,11,12,10,5,1,2,0,0,2.38,3.25,3.0,2.25,3.25,2.8,2.3,3.25,3.1,2009/10,€11.60m,€10.30m,2.2,3.2,3.2
SC0,10/04/2010,Hamilton,Hibernian,4,1,H,1,1,D,S Conroy,5,7,4,4,13,12,11,10,0,0,0,0,2.8,3.25,2.5,2.5,3.25,2.5,2.8,3.3,2.5,2009/10,€13.38m,€23.00m,2.75,3.2,2.5
SC0,10/04/2010,Hearts,Kilmarnock,1,0,H,1,0,H,E Norris,13,7,5,3,16,12,8,5,2,2,0,0,1.8,3.5,4.5,1.7,3.45,4.3,1.8,3.5,4.5,2009/10,€26.15m,€11.48m,1.83,3.25,4.5
SC0,11/04/2010,Aberdeen,St Johnstone,1,3,A,1,2,A,C Murray,8,5,4,4,13,11,7,2,1,3,0,0,2.38,3.25,3.0,2.1,3.25,3.05,2.3,3.25,3.1,2009/10,€20.48m,€11.05m,2.3,3.2,3.0
SC0,13/04/2010,Celtic,Motherwell,2,1,H,0,0,D,I Brines,15,7,8,5,14,8,7,2,1,2,0,0,1.33,5.0,9.0,1.35,4.75,6.25,1.29,4.5,8.0,2009/10,€109.30m,€12.53m,1.33,4.75,9.0
SC0,14/04/2010,Dundee United,Rangers,0,0,D,0,0,D,B Winter,6,16,2,7,13,14,0,4,0,3,1,0,4.0,3.4,1.91,4.1,3.4,1.75,3.75,3.3,1.8,2009/10,€18.85m,€82.48m,4.0,3.25,1.91
SC0,17/04/2010,Aberdeen,Falkirk,1,0,H,1,0,H,B Winter,7,2,4,1,16,9,4,2,2,2,0,0,2.0,3.4,3.7,2.0,3.25,3.3,2.1,3.3,3.5,2009/10,€20.48m,€11.60m,2.1,3.2,3.5
SC0,17/04/2010,Celtic,Hibernian,3,2,H,1,1,D,S Finnie,20,7,9,4,12,17,5,2,0,3,0,0,1.4,4.33,8.5,1.35,4.5,6.75,1.36,4.5,9.0,2009/10,€109.30m,€23.00m,1.36,4.5,8.5
SC0,17/04/2010,Hamilton,Kilmarnock,3,0,H,0,0,D,D McDonald,12,2,9,2,11,12,13,4,2,3,0,0,2.1,3.4,3.4,1.9,3.35,3.5,2.0,3.4,3.75,2009/10,€13.38m,€11.48m,2.05,3.2,3.5
SC0,17/04/2010,St Johnstone,St Mirren,2,2,D,0,1,A,C Richmond,9,9,3,4,12,11,1,2,1,2,0,0,1.91,3.4,4.0,1.85,3.4,3.6,1.83,3.5,4.33,2009/10,€11.05m,€10.30m,1.91,3.25,4.0
SC0,18/04/2010,Motherwell,Dundee United,2,3,A,1,2,A,C Murray,13,6,5,5,11,12,6,4,1,1,0,0,2.63,3.25,2.63,2.5,3.25,2.5,2.75,3.3,2.5,2009/10,€12.53m,€18.85m,2.62,3.25,2.5
SC0,18/04/2010,Rangers,Hearts,2,0,H,0,0,D,I Brines,12,7,5,3,6,12,8,2,0,5,0,1,1.3,5.0,10.0,1.33,5.75,8.0,1.25,5.5,10.0,2009/10,€82.48m,€26.15m,1.29,4.75,11.0
SC0,24/04/2010,Falkirk,Hamilton,0,1,A,0,1,A,C Murray,9,5,3,2,10,15,8,3,2,2,0,0,2.38,3.25,3.0,2.25,3.25,2.8,2.25,3.25,3.25,2009/10,€11.60m,€13.38m,2.3,3.2,3.0
SC0,24/04/2010,Hearts,Motherwell,0,2,A,0,2,A,B Winter,9,15,5,11,16,10,2,4,0,1,0,0,2.1,3.3,3.5,2.0,3.25,3.3,2.1,3.4,3.4,2009/10,€26.15m,€12.53m,2.1,3.25,3.4
SC0,24/04/2010,St Johnstone,Aberdeen,1,1,D,0,1,A,D McDonald,19,8,10,3,9,19,7,3,0,2,0,0,2.2,3.3,3.25,2.0,3.25,3.3,2.1,3.2,3.0,2009/10,€11.05m,€20.48m,2.1,3.2,3.5
SC0,24/04/2010,St Mirren,Kilmarnock,1,0,H,0,0,D,C Thompson,7,7,3,1,11,17,6,5,3,2,0,0,2.3,3.3,3.1,2.25,3.25,2.8,2.1,3.2,3.0,2009/10,€10.30m,€11.48m,2.2,3.2,3.2
SC0,25/04/2010,Dundee United,Celtic,0,2,A,0,1,A,I Brines,9,14,6,6,21,13,6,6,6,2,1,0,3.6,3.5,2.0,3.5,3.35,1.9,3.4,3.4,2.1,2009/10,€18.85m,€109.30m,3.5,3.4,2.0
SC0,25/04/2010,Hibernian,Rangers,0,1,A,0,1,A,W Collum,11,13,5,5,11,15,6,5,1,2,0,0,5.0,3.75,1.67,4.6,3.5,1.65,5.0,3.75,1.67,2009/10,€23.00m,€82.48m,5.0,3.6,1.67
SC0,01/05/2010,Aberdeen,Hamilton,1,3,A,0,1,A,S McLean,6,18,4,10,21,11,4,9,5,0,2,0,2.0,3.4,3.7,1.95,3.3,3.4,2.2,3.25,3.3,2009/10,€20.48m,€13.38m,2.1,3.2,3.5
SC0,01/05/2010,Celtic,Motherwell,4,0,H,0,0,D,A Muir,12,5,6,3,10,12,8,6,0,1,0,0,1.33,5.0,9.0,1.3,4.75,7.5,1.33,5.0,9.0,2009/10,€109.30m,€12.53m,1.33,4.75,9.0
SC0,01/05/2010,Dundee United,Rangers,1,2,A,0,2,A,S O'Reilly,6,7,1,6,10,11,8,6,2,1,0,0,3.7,3.4,2.0,3.6,3.4,1.85,3.75,3.3,2.0,2009/10,€18.85m,€82.48m,3.6,3.5,1.95
SC0,01/05/2010,Falkirk,St Mirren,1,1,D,1,0,H,W Collum,5,6,2,2,11,8,5,5,2,1,0,1,2.25,3.4,3.1,2.2,3.25,2.9,2.25,3.2,3.25,2009/10,€11.60m,€10.30m,2.2,3.2,3.2
SC0,01/05/2010,Hibernian,Hearts,1,2,A,0,0,D,D McDonald,5,8,4,4,18,15,5,8,2,2,0,0,2.3,3.3,3.1,2.2,3.25,2.9,2.2,3.25,3.3,2009/10,€23.00m,€26.15m,2.2,3.2,3.25
SC0,01/05/2010,Kilmarnock,St Johnstone,1,2,A,1,1,D,I Brines,7,9,3,3,17,13,10,2,3,3,0,0,2.38,3.3,3.0,2.25,3.25,2.8,2.38,3.4,2.88,2009/10,€11.48m,€11.05m,2.38,3.25,2.88
SC0,04/05/2010,Celtic,Rangers,2,1,H,2,1,H,C Murray,8,9,3,3,16,14,10,4,4,4,0,1,2.25,3.3,3.2,2.25,3.25,3.05,2.25,3.3,3.2,2009/10,€109.30m,€82.48m,2.2,3.2,3.2
SC0,05/05/2010,Aberdeen,Kilmarnock,1,2,A,1,0,H,C Allan,10,11,5,7,11,11,5,1,1,0,0,0,2.2,3.3,3.25,1.9,3.3,3.55,2.25,3.3,3.2,2009/10,€20.48m,€11.48m,2.1,3.2,3.4
SC0,05/05/2010,Falkirk,St Johnstone,0,0,D,0,0,D,C Thompson,10,4,5,1,14,17,6,3,0,3,0,0,2.25,3.4,3.1,2.05,3.25,3.2,2.25,3.4,3.1,2009/10,€11.60m,€11.05m,2.2,3.25,3.2
SC0,05/05/2010,Hamilton,St Mirren,0,0,D,0,0,D,I Brines,16,7,5,6,13,18,10,8,2,2,0,0,2.0,3.4,3.7,1.9,3.3,3.55,2.0,3.4,3.75,2009/10,€13.38m,€10.30m,2.0,3.25,3.75
SC0,05/05/2010,Hearts,Dundee United,0,0,D,0,0,D,S Finnie,5,4,1,1,11,7,9,4,2,2,0,0,2.5,3.3,2.75,2.55,3.25,2.45,2.5,3.3,2.8,2009/10,€26.15m,€18.85m,2.5,3.0,2.88
SC0,05/05/2010,Motherwell,Hibernian,6,6,D,2,4,A,W Collum,17,12,12,8,11,19,6,1,0,0,0,0,2.1,3.3,3.5,2.0,3.25,3.3,2.1,3.4,3.4,2009/10,€12.53m,€23.00m,2.0,3.25,3.6
SC0,08/05/2010,Kilmarnock,Falkirk,0,0,D,0,0,D,D McDonald,4,5,2,0,13,12,10,9,3,1,0,0,2.2,3.4,3.2,2.1,3.25,3.05,2.2,3.3,3.3,2009/10,€11.48m,€11.60m,2.3,3.2,3.0
SC0,08/05/2010,St Johnstone,Hamilton,2,3,A,0,2,A,W Collum,13,10,8,6,9,18,13,3,1,1,0,0,2.1,3.4,3.4,2.1,3.25,3.05,2.2,3.3,3.3,2009/10,€11.05m,€13.38m,2.1,3.4,3.25
SC0,08/05/2010,St Mirren,Aberdeen,0,1,A,0,1,A,S O'Reilly,11,7,7,4,7,6,6,5,0,0,0,0,2.3,3.4,3.0,2.35,3.25,2.65,2.2,3.3,3.3,2009/10,€10.30m,€20.48m,2.2,3.2,3.2
SC0,09/05/2010,Dundee United,Hibernian,0,2,A,0,1,A,C Richmond,8,10,4,8,8,15,8,3,1,0,0,0,2.1,3.4,3.5,2.0,3.25,3.3,2.1,3.5,3.3,2009/10,€18.85m,€23.00m,2.05,3.25,3.5
SC0,09/05/2010,Hearts,Celtic,1,2,A,1,1,D,C Thompson,13,6,7,3,25,14,6,1,2,3,0,0,5.25,3.6,1.67,5.35,3.6,1.55,5.0,3.75,1.67,2009/10,€26.15m,€109.30m,5.0,3.6,1.67
SC0,09/05/2010,Rangers,Motherwell,3,3,D,2,0,H,B Winter,20,11,10,5,11,12,3,4,0,1,0,0,1.36,5.0,8.5,1.3,4.75,7.5,1.33,5.0,8.0,2009/10,€82.48m,€12.53m,1.3,4.75,10.0
SC0,14/08/2010,Aberdeen,Hamilton,4,0,H,2,0,H,D McDonald,7,10,3,3,22,12,4,5,1,1,0,0,2.0,3.4,3.75,1.9,3.25,3.6,1.91,3.4,4.0,2010/11,€14.80m,€9.25m,2.0,3.2,3.75
SC0,14/08/2010,Hearts,St Johnstone,1,1,D,1,1,D,S O'Reilly,8,6,1,3,12,12,9,4,2,2,0,1,1.91,3.4,4.0,1.88,3.25,3.7,1.83,3.5,4.33,2010/11,€26.63m,€10.88m,1.91,3.25,4.0
SC0,14/08/2010,Inverness C,Celtic,0,1,A,0,0,D,C Murray,8,22,3,15,11,7,1,12,0,0,0,0,8.0,4.5,1.4,7.0,4.4,1.35,8.0,4.33,1.4,2010/11,€8.33m,€61.30m,7.0,4.6,1.4
SC0,14/08/2010,Rangers,Kilmarnock,2,1,H,1,0,H,W Collum,20,7,12,3,14,8,12,6,0,1,0,0,1.2,6.0,15.0,1.17,6.0,11.0,1.2,6.0,15.0,2010/11,€72.43m,€10.38m,1.2,5.5,15.0
SC0,14/08/2010,St Mirren,Dundee United,1,1,D,0,0,D,B Winter,3,14,2,5,11,15,4,11,2,3,0,0,3.6,3.2,2.1,2.9,3.25,2.2,3.1,3.4,2.2,2010/11,€7.70m,€18.00m,3.4,3.25,2.1
SC0,15/08/2010,Motherwell,Hibernian,2,3,A,1,1,D,C Thomson,15,15,10,10,8,13,5,7,0,2,0,0,2.38,3.25,3.0,2.4,3.25,2.7,2.5,3.3,2.75,2010/11,€10.90m,€25.00m,2.3,3.2,3.0
SC0,21/08/2010,Hamilton,Hearts,0,4,A,0,2,A,S Finnie,2,8,1,4,14,11,7,6,1,2,1,1,2.75,3.3,2.5,2.55,3.25,2.45,2.8,3.5,2.38,2010/11,€9.25m,€26.63m,2.75,3.3,2.4
SC0,21/08/2010,St Johnstone,Aberdeen,0,1,A,0,0,D,S McLean,6,9,2,4,15,14,5,4,2,3,0,0,2.38,3.3,2.9,2.35,3.25,2.65,2.4,3.4,2.8,2010/11,€10.88m,€14.80m,2.4,3.25,2.75
SC0,22/08/2010,Celtic,St Mirren,4,0,H,2,0,H,E Norris,16,1,8,1,7,6,12,0,1,2,0,0,1.2,6.0,15.0,1.17,6.5,10.0,1.17,7.0,15.0,2010/11,€61.30m,€7.70m,1.17,6.5,15.0
SC0,22/08/2010,Dundee United,Inverness C,0,4,A,0,1,A,A Muir,5,9,3,6,7,8,9,4,0,0,0,0,1.67,3.6,5.25,1.55,3.6,5.35,1.57,3.75,6.0,2010/11,€18.00m,€8.33m,1.62,3.6,5.5
SC0,22/08/2010,Hibernian,Rangers,0,3,A,0,0,D,I Brines,11,9,7,7,17,12,4,5,2,2,1,1,4.75,3.6,1.73,4.4,3.4,1.7,5.0,3.5,1.73,2010/11,€25.00m,€72.43m,4.75,3.4,1.75
SC0,22/08/2010,Kilmarnock,Motherwell,0,1,A,0,1,A,M Tumilty,8,3,2,3,7,20,9,2,2,3,0,0,2.63,3.3,2.6,2.45,3.25,2.55,2.5,3.5,2.62,2010/11,€10.38m,€10.90m,2.5,3.3,2.62
SC0,28/08/2010,Aberdeen,Kilmarnock,0,1,A,0,0,D,B Winter,10,19,5,12,6,9,6,6,1,1,0,0,1.95,3.4,3.8,1.8,3.4,3.85,1.83,3.5,4.33,2010/11,€14.80m,€10.38m,1.85,3.3,4.0
SC0,28/08/2010,Inverness C,Hamilton,0,1,A,0,1,A,J McKendrick,2,8,1,4,13,14,6,5,2,1,0,0,1.91,3.4,4.0,1.85,3.35,3.65,1.91,3.4,4.0,2010/11,€8.33m,€9.25m,1.85,3.4,4.0
SC0,28/08/2010,Rangers,St Johnstone,2,1,H,1,1,D,C Murray,15,6,10,3,13,14,1,3,3,2,0,0,1.22,6.0,13.0,1.18,5.5,12.5,1.22,6.0,12.0,2010/11,€72.43m,€10.88m,1.2,5.5,15.0
SC0,29/08/2010,Hearts,Dundee United,1,1,D,1,0,H,C Thomson,14,7,7,5,14,13,8,9,1,2,0,0,2.2,3.4,3.2,2.25,3.25,2.8,2.25,3.3,3.1,2010/11,€26.63m,€18.00m,2.2,3.25,3.12
SC0,29/08/2010,Motherwell,Celtic,0,1,A,0,0,D,D McDonald,5,18,2,6,11,13,3,5,1,2,1,0,6.0,3.8,1.57,6.0,3.6,1.5,6.0,3.75,1.57,2010/11,€10.90m,€61.30m,6.0,3.8,1.53
SC0,29/08/2010,St Mirren,Hibernian,1,0,H,0,0,D,S O'Reilly,4,7,2,1,11,13,0,5,3,1,0,0,3.1,3.3,2.3,2.9,3.25,2.2,3.1,3.4,2.25,2010/11,€7.70m,€25.00m,3.1,3.2,2.25
SC0,11/09/2010,Celtic,Hearts,3,0,H,2,0,H,W Collum,12,6,8,3,10,12,3,4,0,1,0,0,1.33,5.0,9.0,1.35,4.5,7.0,1.33,5.0,9.0,2010/11,€61.30m,€26.63m,1.33,5.0,10.0
SC0,11/09/2010,Dundee United,Aberdeen,3,1,H,3,1,H,M Tumilty,7,4,4,4,8,14,9,10,0,4,0,0,2.1,3.3,3.5,2.1,3.25,3.1,2.0,3.5,3.6,2010/11,€18.00m,€14.80m,2.1,3.4,3.6
SC0,11/09/2010,Hamilton,Rangers,1,2,A,0,1,A,A Muir,6,7,3,6,17,18,4,6,2,2,0,0,8.0,4.5,1.4,6.25,4.25,1.4,9.0,4.5,1.36,2010/11,€9.25m,€72.43m,10.0,4.6,1.36
SC0,11/09/2010,Hibernian,Inverness C,1,1,D,1,0,H,C Allan,9,11,4,2,11,6,5,7,2,1,0,0,1.83,3.5,4.33,1.7,3.45,4.3,1.8,3.5,4.5,2010/11,€25.00m,€8.33m,1.85,3.5,4.2
SC0,11/09/2010,Kilmarnock,St Mirren,2,1,H,1,0,H,S McLean,22,6,8,2,8,11,5,4,1,2,0,1,2.1,3.3,3.5,2.0,3.25,3.3,2.1,3.3,3.5,2010/11,€10.38m,€7.70m,2.2,3.25,3.5
SC0,11/09/2010,St Johnstone,Motherwell,0,2,A,0,2,A,I Brines,6,6,1,2,13,10,7,1,0,0,0,0,2.38,3.25,3.0,2.3,3.25,2.7,2.4,3.3,2.9,2010/11,€10.88m,€10.90m,2.38,3.25,3.1
SC0,18/09/2010,Hibernian,Hamilton,1,1,D,1,1,D,E Norris,8,6,3,3,13,12,5,8,1,1,0,0,1.8,3.5,4.5,1.67,3.5,4.5,1.8,3.5,4.5,2010/11,€25.00m,€9.25m,1.83,3.5,4.4
SC0,18/09/2010,Inverness C,Hearts,1,3,A,1,1,D,I Brines,11,11,8,8,11,9,5,9,2,2,0,0,2.63,3.25,2.63,2.5,3.25,2.55,2.6,3.4,2.6,2010/11,€8.33m,€26.63m,2.5,3.12,2.88
SC0,18/09/2010,Motherwell,Aberdeen,1,1,D,1,0,H,S O'Reilly,9,5,4,2,14,9,2,2,1,0,0,0,2.2,3.3,3.25,2.15,3.25,3.0,2.2,3.4,3.2,2010/11,€10.90m,€14.80m,2.2,3.25,3.4
SC0,18/09/2010,Rangers,Dundee United,4,0,H,1,0,H,D McDonald,17,5,12,2,6,12,4,5,0,2,0,0,1.36,4.5,8.5,1.35,4.5,7.0,1.36,4.5,9.0,2010/11,€72.43m,€18.00m,1.4,4.75,7.5
SC0,18/09/2010,St Johnstone,St Mirren,2,1,H,2,1,H,J McKendrick,9,4,6,1,13,14,2,3,0,2,0,0,2.0,3.4,3.75,2.05,3.25,3.2,2.1,3.4,3.4,2010/11,€10.88m,€7.70m,2.0,3.3,4.0
SC0,19/09/2010,Kilmarnock,Celtic,1,2,A,1,1,D,C Thomson,2,6,1,3,10,10,2,10,3,2,0,0,7.5,4.5,1.4,6.25,4.25,1.4,8.0,4.33,1.4,2010/11,€10.38m,€61.30m,8.0,4.6,1.4
SC0,25/09/2010,Celtic,Hibernian,2,1,H,1,0,H,C Murray,12,4,6,1,11,7,9,0,1,1,0,0,1.3,5.0,10.0,1.3,4.75,7.75,1.3,5.5,9.0,2010/11,€61.30m,€25.00m,1.3,5.0,10.0
SC0,25/09/2010,Dundee United,St Johnstone,1,0,H,0,0,D,B Winter,7,5,3,1,11,9,7,5,3,7,0,0,1.91,3.4,4.0,1.72,3.4,4.25,1.91,3.4,4.0,2010/11,€18.00m,€10.88m,1.95,3.4,3.8
SC0,25/09/2010,Hamilton,Kilmarnock,2,2,D,2,0,H,C Allan,8,6,6,3,12,15,9,4,5,0,0,0,2.3,3.2,3.2,2.3,3.25,2.7,2.3,3.4,3.0,2010/11,€9.25m,€10.38m,2.38,3.12,3.2
SC0,25/09/2010,Hearts,Motherwell,0,2,A,0,0,D,M Tumilty,6,14,1,11,20,10,6,5,2,1,0,0,2.1,3.3,3.5,1.9,3.3,3.6,2.0,3.3,3.75,2010/11,€26.63m,€10.90m,2.1,3.3,3.5
SC0,25/09/2010,St Mirren,Inverness C,1,2,A,0,1,A,S Finnie,8,10,4,3,9,16,8,7,1,2,0,0,2.5,3.2,2.88,2.2,3.25,2.9,2.25,3.4,3.1,2010/11,€7.70m,€8.33m,2.5,3.2,2.88
SC0,26/09/2010,Aberdeen,Rangers,2,3,A,2,1,H,W Collum,6,13,4,8,20,9,4,4,2,1,1,0,5.5,3.8,1.62,5.25,3.8,1.53,6.0,3.75,1.57,2010/11,€14.80m,€72.43m,6.0,4.0,1.57
SC0,02/10/2010,Celtic,Hamilton,3,1,H,1,1,D,S O'Reilly,15,8,7,6,11,10,9,5,1,1,0,0,1.17,7.0,15.0,1.15,6.0,13.0,1.17,7.0,15.0,2010/11,€61.30m,€9.25m,1.18,7.0,15.0
SC0,02/10/2010,Hearts,Rangers,1,2,A,1,0,H,C Thompson,9,20,6,12,20,12,4,9,5,1,0,0,5.0,3.75,1.67,4.8,3.5,1.62,5.5,3.75,1.62,2010/11,€26.63m,€72.43m,5.5,3.8,1.62
SC0,02/10/2010,Inverness C,Aberdeen,2,0,H,1,0,H,C Murray,8,7,3,2,6,14,4,4,1,3,0,0,2.4,3.3,2.88,2.4,3.25,2.6,2.4,3.3,2.88,2010/11,€8.33m,€14.80m,2.5,3.25,2.88
SC0,02/10/2010,Kilmarnock,Dundee United,1,2,A,0,1,A,J McKendrick,20,13,9,11,7,16,7,3,1,3,1,0,2.75,3.3,2.5,2.55,3.25,2.45,2.8,3.3,2.5,2010/11,€10.38m,€18.00m,2.88,3.2,2.5
SC0,02/10/2010,Motherwell,St Mirren,3,1,H,1,0,H,I Brines,12,11,10,4,12,18,6,2,1,4,0,0,1.67,3.75,5.0,1.6,3.4,5.25,1.73,3.5,5.0,2010/11,€10.90m,€7.70m,1.62,3.6,6.0
SC0,02/10/2010,St Johnstone,Hibernian,2,0,H,0,0,D,D McDonald,13,8,5,2,5,9,6,2,0,2,0,0,2.4,3.4,2.8,2.4,3.25,2.6,2.4,3.3,2.88,2010/11,€10.88m,€25.00m,2.4,3.3,2.88
SC0,16/10/2010,Aberdeen,Hearts,0,1,A,0,0,D,M Tumilty,5,14,2,6,13,14,3,7,3,4,0,0,2.5,3.2,2.88,2.25,3.25,2.8,2.38,3.4,2.88,2010/11,€14.80m,€26.63m,2.6,3.25,2.75
SC0,16/10/2010,Hibernian,Kilmarnock,2,1,H,2,1,H,I Brines,5,8,3,3,12,14,4,7,1,1,0,0,2.0,3.4,3.7,1.88,3.35,3.55,2.0,3.4,3.75,2010/11,€25.00m,€10.38m,2.0,3.5,3.75
SC0,16/10/2010,Inverness C,St Johnstone,1,1,D,0,1,A,A Muir,9,8,6,2,14,18,7,6,2,3,0,0,2.25,3.25,3.2,2.1,3.25,3.05,2.2,3.3,3.25,2010/11,€8.33m,€10.88m,2.25,3.3,3.2
SC0,16/10/2010,Rangers,Motherwell,4,1,H,0,1,A,S Finnie,17,11,8,4,4,8,5,3,2,1,0,0,1.36,4.5,9.0,1.3,4.75,7.75,1.3,5.0,10.0,2010/11,€72.43m,€10.90m,1.36,4.75,9.0
SC0,16/10/2010,St Mirren,Hamilton,2,2,D,0,1,A,W Collum,3,5,3,4,16,16,6,8,5,3,0,0,2.4,3.3,2.88,2.3,3.1,2.8,2.3,3.3,3.0,2010/11,€7.70m,€9.25m,2.6,3.25,2.75
SC0,17/10/2010,Dundee United,Celtic,1,2,A,1,1,D,D McDonald,12,25,8,14,12,11,9,11,4,4,0,0,5.0,3.75,1.67,4.6,3.5,1.65,5.0,3.5,1.73,2010/11,€18.00m,€61.30m,4.75,4.0,1.67
SC0,23/10/2010,Aberdeen,Hibernian,4,2,H,2,0,H,C Thomson,6,14,4,8,10,11,4,8,0,2,0,0,2.38,3.2,3.0,2.25,3.25,2.8,2.38,3.3,2.9,2010/11,€14.80m,€25.00m,2.4,3.25,3.1
SC0,23/10/2010,Hamilton,St Johnstone,1,2,A,0,1,A,M Tumilty,4,4,3,2,12,10,4,4,3,3,0,0,2.5,3.25,2.8,2.3,3.25,2.7,2.38,3.4,2.88,2010/11,€9.25m,€10.88m,2.6,3.25,2.88
SC0,23/10/2010,Hearts,St Mirren,3,0,H,2,0,H,C Murray,9,5,5,3,13,14,8,2,0,2,0,0,1.57,3.75,6.0,1.62,3.5,4.75,1.67,3.5,5.5,2010/11,€26.63m,€7.70m,1.62,4.0,6.0
SC0,23/10/2010,Kilmarnock,Inverness C,1,2,A,0,1,A,E Norris,11,8,6,5,14,6,6,9,3,2,0,0,2.3,3.3,3.1,2.3,3.25,2.7,2.38,3.4,2.88,2010/11,€10.38m,€8.33m,2.38,3.4,3.1
SC0,23/10/2010,Motherwell,Dundee United,2,1,H,1,0,H,S McLean,10,1,5,0,7,21,10,3,2,2,0,0,2.4,3.25,2.9,2.3,3.25,2.7,2.4,3.4,2.8,2010/11,€10.90m,€18.00m,2.38,3.4,3.1
SC0,24/10/2010,Celtic,Rangers,1,3,A,1,0,H,W Collum,15,7,7,4,16,15,11,1,3,2,0,0,2.3,3.2,3.1,2.2,3.25,2.9,2.25,3.4,3.1,2010/11,€61.30m,€72.43m,2.25,3.25,3.5
SC0,30/10/2010,Dundee United,Hibernian,1,0,H,0,0,D,S Finnie,8,2,5,0,12,14,3,6,1,1,0,0,2.05,3.3,3.6,2.0,3.25,3.3,2.0,3.5,3.6,2010/11,€18.00m,€25.00m,2.05,3.6,3.6
SC0,30/10/2010,Motherwell,Hamilton,0,1,A,0,1,A,C Thomson,7,10,1,5,14,13,10,2,1,3,0,0,1.8,3.5,4.5,1.65,3.5,4.6,1.73,3.5,5.0,2010/11,€10.90m,€9.25m,1.8,3.6,4.75
SC0,30/10/2010,Rangers,Inverness C,1,1,D,1,0,H,I Brines,20,7,13,2,11,13,14,2,2,2,0,0,1.2,6.0,15.0,1.18,6.0,11.0,1.22,6.0,13.0,2010/11,€72.43m,€8.33m,1.22,6.5,15.0
SC0,30/10/2010,St Johnstone,Celtic,0,3,A,0,2,A,C Murray,6,19,2,8,14,10,1,5,2,1,1,0,8.0,4.5,1.4,6.75,4.5,1.35,8.0,4.5,1.4,2010/11,€10.88m,€61.30m,8.5,4.6,1.4
SC0,30/10/2010,St Mirren,Aberdeen,2,1,H,1,0,H,C Allan,4,3,2,1,13,17,4,5,0,3,0,0,3.1,3.3,2.3,2.7,3.25,2.3,2.88,3.4,2.38,2010/11,€7.70m,€14.80m,3.25,3.4,2.3
SC0,31/10/2010,Hearts,Kilmarnock,0,3,A,0,1,A,S O'Reilly,12,14,5,7,9,6,6,5,3,2,0,0,1.73,3.5,5.0,1.7,3.4,4.4,1.73,3.5,5.0,2010/11,€26.63m,€10.38m,1.73,3.75,5.25
SC0,06/11/2010,Celtic,Aberdeen,9,0,H,4,0,H,A Muir,16,4,8,3,7,11,8,1,1,2,1,1,1.22,6.0,13.0,1.22,5.5,9.0,1.22,6.0,13.0,2010/11,€61.30m,€14.80m,1.22,6.5,15.0
SC0,06/11/2010,Hamilton,Dundee United,0,1,A,0,0,D,C Murray,4,10,1,6,17,7,5,5,2,0,0,0,2.6,3.4,2.6,2.7,3.25,2.3,2.62,3.3,2.5,2010/11,€9.25m,€18.00m,2.75,3.5,2.6
SC0,06/11/2010,Inverness C,Motherwell,1,2,A,0,2,A,M Tumilty,10,11,5,7,9,16,4,7,0,0,0,0,2.75,3.2,2.6,2.45,3.25,2.55,2.5,3.3,2.8,2010/11,€8.33m,€10.90m,2.88,3.3,2.6
SC0,06/11/2010,St Johnstone,Kilmarnock,0,3,A,0,1,A,I Brines,7,9,1,6,13,9,3,3,3,2,0,0,2.1,3.4,3.4,2.05,3.3,3.15,2.1,3.4,3.4,2010/11,€10.88m,€10.38m,2.15,3.6,3.4
SC0,07/11/2010,Hibernian,Hearts,0,2,A,0,1,A,W Collum,6,9,3,4,13,13,4,6,2,2,1,0,2.75,3.3,2.5,2.45,3.25,2.55,2.62,3.3,2.6,2010/11,€25.00m,€26.63m,2.88,3.3,2.6
SC0,07/11/2010,St Mirren,Rangers,1,3,A,0,0,D,C Thomson,10,18,6,12,16,13,3,3,2,2,0,0,10.0,5.0,1.3,7.75,4.75,1.3,12.0,5.0,1.28,2010/11,€7.70m,€72.43m,11.0,5.0,1.33
SC0,09/11/2010,Aberdeen,Inverness C,1,2,A,0,1,A,J McKendrick,12,9,5,2,16,11,6,4,5,0,0,0,2.38,3.25,3.0,2.2,3.3,2.85,2.5,3.3,2.8,2010/11,€14.80m,€8.33m,2.5,3.3,3.0
SC0,10/11/2010,Dundee United,St Mirren,1,2,A,0,1,A,E Norris,5,8,3,3,9,10,5,1,2,3,0,0,1.6,3.8,5.75,1.55,3.5,5.5,1.62,3.75,5.5,2010/11,€18.00m,€7.70m,1.62,4.0,5.5
SC0,10/11/2010,Hearts,Celtic,2,0,H,1,0,H,C Thomson,9,6,5,2,18,17,5,4,2,5,0,1,6.0,3.8,1.57,5.3,3.6,1.55,6.0,3.75,1.57,2010/11,€26.63m,€61.30m,6.5,4.0,1.53
SC0,10/11/2010,Kilmarnock,Hamilton,3,0,H,1,0,H,W Collum,13,7,6,4,9,15,3,2,2,4,0,0,2.1,3.4,3.4,2.0,3.3,3.25,2.1,3.3,3.5,2010/11,€10.38m,€9.25m,2.2,3.4,3.4
SC0,10/11/2010,Motherwell,St Johnstone,4,0,H,3,0,H,C Allan,10,6,8,4,13,12,2,7,0,1,0,0,1.83,3.5,4.33,1.8,3.4,3.8,1.83,3.5,4.33,2010/11,€10.90m,€10.88m,1.91,3.5,4.33
SC0,10/11/2010,Rangers,Hibernian,0,3,A,0,2,A,S O'Reilly,13,7,13,6,11,11,17,4,1,2,0,0,1.22,5.5,15.0,1.16,6.0,12.5,1.22,6.0,13.0,2010/11,€72.43m,€25.00m,1.22,6.0,17.0
SC0,13/11/2010,Dundee United,Kilmarnock,1,1,D,1,1,D,A Muir,6,5,1,1,4,2,9,7,2,3,0,0,2.0,3.5,3.6,2.0,3.3,3.25,1.91,3.4,4.0,2010/11,€18.00m,€10.38m,2.0,3.5,3.8
SC0,13/11/2010,Hamilton,Inverness C,1,3,A,1,0,H,S McLean,2,3,1,3,9,15,3,5,2,2,0,0,2.6,3.25,2.7,2.4,3.25,2.6,2.62,3.3,2.62,2010/11,€9.25m,€8.33m,2.75,3.3,2.62
SC0,13/11/2010,Hibernian,Motherwell,2,1,H,2,1,H,D McDonald,12,5,7,2,11,13,4,5,3,4,0,0,2.63,3.3,2.63,2.45,3.3,2.5,2.62,3.3,2.62,2010/11,€25.00m,€10.90m,2.75,3.4,2.6
SC0,13/11/2010,Rangers,Aberdeen,2,0,H,2,0,H,C Murray,19,4,9,1,9,14,5,2,3,2,0,0,1.17,7.0,15.0,1.15,6.0,13.5,1.17,7.0,15.0,2010/11,€72.43m,€14.80m,1.2,7.0,17.0
SC0,13/11/2010,St Johnstone,Hearts,0,2,A,0,0,D,M Tumilty,8,13,2,7,9,15,2,4,3,2,0,0,3.0,3.25,2.38,2.55,3.2,2.5,3.0,3.25,2.38,2010/11,€10.88m,€26.63m,3.0,3.25,2.5
SC0,14/11/2010,St Mirren,Celtic,0,1,A,0,0,D,I Brines,6,22,2,10,9,12,4,8,2,1,0,0,9.5,5.5,1.29,8.0,5.5,1.25,9.0,5.0,1.33,2010/11,€7.70m,€61.30m,11.0,5.5,1.3
SC0,20/11/2010,Aberdeen,St Johnstone,0,1,A,0,0,D,W Collum,14,10,4,6,15,10,6,6,1,3,1,0,2.3,3.4,3.0,2.2,3.1,3.0,2.2,3.3,3.2,2010/11,€14.80m,€10.88m,2.3,3.5,3.1
SC0,20/11/2010,Celtic,Dundee United,1,1,D,1,0,H,M Tumilty,14,3,7,2,7,9,6,6,1,3,0,0,1.25,5.5,12.0,1.22,5.5,9.0,1.29,5.5,9.5,2010/11,€61.30m,€18.00m,1.29,5.5,12.0
SC0,20/11/2010,Hearts,Hamilton,2,0,H,1,0,H,I Brines,15,6,10,5,18,16,3,6,1,0,0,0,1.57,4.0,5.5,1.5,3.75,5.75,1.53,4.0,6.0,2010/11,€26.63m,€9.25m,1.57,4.0,6.0
SC0,20/11/2010,Inverness C,Hibernian,4,2,H,1,0,H,S Conroy,10,7,5,3,5,3,5,4,1,0,0,1,2.2,3.4,3.2,2.25,3.25,2.8,2.3,3.25,3.1,2010/11,€8.33m,€25.00m,2.3,3.5,3.12
SC0,20/11/2010,Kilmarnock,Rangers,2,3,A,1,1,D,E Norris,13,11,6,3,15,12,7,3,3,1,1,0,7.0,4.33,1.44,7.0,4.0,1.4,7.0,4.33,1.44,2010/11,€10.38m,€72.43m,7.0,4.2,1.53
SC0,20/11/2010,St Mirren,Motherwell,1,1,D,1,0,H,A Muir,8,13,2,3,18,16,5,5,3,4,1,0,3.2,3.4,2.2,3.0,3.2,2.15,3.1,3.3,2.25,2010/11,€7.70m,€10.90m,3.5,3.4,2.1
SC0,27/11/2010,Celtic,Inverness C,2,2,D,1,0,H,A Hamer,11,7,3,4,10,11,5,11,0,1,0,0,1.25,5.5,12.0,1.2,6.0,9.0,1.29,5.5,10.0,2010/11,€61.30m,€8.33m,1.25,5.5,13.0
SC0,27/11/2010,Hamilton,St Mirren,0,0,D,0,0,D,M Levi,5,4,1,1,17,11,13,4,3,1,0,0,2.1,3.3,3.5,2.1,3.3,3.0,2.2,3.5,3.1,2010/11,€9.25m,€7.70m,2.1,3.5,3.6
SC0,27/11/2010,Hibernian,St Johnstone,0,0,D,0,0,D,C Lautiar,5,3,3,1,15,14,3,3,0,0,0,0,2.0,3.4,3.75,1.8,3.4,3.85,1.95,3.5,3.75,2010/11,€25.00m,€10.88m,2.05,3.5,3.75
SC0,27/11/2010,Kilmarnock,Aberdeen,2,0,H,1,0,H,E Hacmon,9,5,6,3,8,13,4,7,1,1,0,0,1.8,3.5,4.5,1.85,3.35,3.7,1.91,3.4,4.0,2010/11,€10.38m,€14.80m,1.85,3.6,4.5
SC0,11/12/2010,Hearts,Aberdeen,5,0,H,2,0,H,M Tumilty,13,4,7,3,11,9,4,5,3,2,0,0,1.53,3.8,6.5,1.5,3.6,6.0,1.53,3.8,6.5,2010/11,€26.63m,€14.80m,1.53,4.0,7.0
SC0,11/12/2010,Inverness C,Rangers,1,1,D,1,0,H,C Murray,8,9,4,3,17,5,2,8,3,3,0,0,6.0,4.0,1.53,5.5,3.8,1.5,6.0,3.75,1.57,2010/11,€8.33m,€72.43m,6.5,4.33,1.53
SC0,11/12/2010,St Mirren,St Johnstone,1,2,A,0,0,D,S Finnie,7,12,4,7,17,12,2,4,1,4,0,0,2.63,3.25,2.63,2.4,3.25,2.6,2.5,3.3,2.75,2010/11,€7.70m,€10.88m,2.75,3.25,2.75
SC0,14/12/2010,Motherwell,Hearts,1,2,A,1,1,D,S O'Reilly,3,9,1,2,12,10,1,0,2,0,1,0,2.63,3.3,2.6,2.5,3.25,2.5,2.6,3.4,2.6,2010/11,€10.90m,€26.63m,2.88,3.5,2.5
SC0,18/12/2010,Hearts,Inverness C,1,1,D,1,1,D,B Winter,12,7,3,5,9,13,8,2,1,2,0,0,1.73,3.75,4.5,1.72,3.45,4.25,1.8,3.5,4.5,2010/11,€26.63m,€8.33m,1.73,3.6,4.75
SC0,18/12/2010,Kilmarnock,Hibernian,2,1,H,2,0,H,C Thomson,7,7,6,5,3,17,8,6,3,2,0,1,2.1,3.4,3.4,2.05,3.3,3.1,2.2,3.4,3.2,2010/11,€10.38m,€25.00m,2.05,3.4,3.6
SC0,21/12/2010,Celtic,Kilmarnock,1,1,D,0,0,D,W Collum,12,2,6,1,11,6,16,4,0,3,0,0,1.25,5.5,12.0,1.18,6.5,9.0,1.22,6.0,13.0,2010/11,€61.30m,€10.38m,1.25,6.0,13.0
SC0,26/12/2010,Celtic,St Johnstone,2,0,H,0,0,D,C Murray,12,3,6,1,12,8,10,0,2,2,0,0,1.2,6.5,13.0,1.16,6.5,11.0,1.22,6.0,12.0,2010/11,€61.30m,€10.88m,1.22,6.5,15.0
SC0,26/12/2010,Hibernian,Aberdeen,1,2,A,1,1,D,S O'Reilly,12,9,7,7,12,12,4,2,0,1,0,0,1.8,3.5,4.5,1.75,3.45,4.0,1.83,3.4,4.33,2010/11,€25.00m,€14.80m,1.83,3.75,4.4
SC0,26/12/2010,Inverness C,St Mirren,1,2,A,1,1,D,C Thomson,9,10,2,7,9,8,7,5,1,2,0,0,1.67,3.75,5.0,1.62,3.55,4.75,1.73,3.5,5.0,2010/11,€8.33m,€7.70m,1.73,4.0,4.75
SC0,26/12/2010,Motherwell,Rangers,1,4,A,0,2,A,I Brines,10,14,4,13,10,9,3,3,1,1,0,0,5.5,3.75,1.62,5.25,3.9,1.5,6.0,3.75,1.57,2010/11,€10.90m,€72.43m,6.0,4.0,1.62
SC0,29/12/2010,Celtic,Motherwell,1,0,H,1,0,H,S Finnie,7,0,2,0,8,10,6,5,3,3,1,0,1.29,5.25,10.0,1.25,5.0,9.0,1.29,5.5,9.0,2010/11,€61.30m,€10.90m,1.29,5.5,11.0
SC0,29/12/2010,Hamilton,Aberdeen,0,1,A,0,0,D,C Thomson,6,5,2,4,10,13,4,2,2,1,0,0,2.5,3.3,2.75,2.3,3.25,2.7,2.4,3.4,2.8,2010/11,€9.25m,€14.80m,2.4,3.25,3.0
SC0,29/12/2010,Hibernian,Dundee United,2,2,D,1,2,A,S O'Reilly,12,6,10,3,12,18,11,3,2,2,0,1,2.5,3.3,2.75,2.35,3.25,2.65,2.6,3.4,2.6,2010/11,€25.00m,€18.00m,2.5,3.25,2.88
SC0,29/12/2010,Inverness C,Kilmarnock,1,3,A,0,1,A,W Collum,8,14,4,8,5,7,8,6,4,1,0,0,2.25,3.25,3.2,2.0,3.25,3.3,2.2,3.4,3.2,2010/11,€8.33m,€10.38m,2.25,3.4,3.25
SC0,29/12/2010,St Mirren,Hearts,0,2,A,0,0,D,C Allan,10,15,5,10,15,17,3,15,1,2,1,0,4.0,3.4,1.91,3.85,3.4,1.8,3.6,3.5,1.91,2010/11,€7.70m,€26.63m,4.33,3.6,1.85
SC0,01/01/2011,Aberdeen,Dundee United,1,1,D,1,0,H,W Collum,6,10,1,5,6,11,5,4,2,3,0,0,2.75,3.3,2.5,2.8,3.2,2.3,2.62,3.25,2.62,2010/11,€14.80m,€18.00m,2.88,3.4,2.5
SC0,01/01/2011,Hamilton,Motherwell,0,0,D,0,0,D,S O'Reilly,14,6,7,2,18,13,4,5,2,1,0,0,3.0,3.4,2.3,3.05,3.25,2.1,2.88,3.4,2.38,2010/11,€9.25m,€10.90m,3.1,3.4,2.38
SC0,01/01/2011,Hearts,Hibernian,1,0,H,0,0,D,C Murray,20,5,9,1,13,17,8,4,1,3,0,0,1.62,4.0,5.0,1.54,3.6,5.4,1.67,3.75,5.0,2010/11,€26.63m,€25.00m,1.62,4.0,5.5
SC0,02/01/2011,Rangers,Celtic,0,2,A,0,0,D,C Thompson,8,10,1,2,15,11,4,8,2,4,0,0,2.0,3.3,3.75,2.0,3.2,3.4,2.1,3.3,3.5,2010/11,€72.43m,€61.30m,2.05,3.4,4.0
SC0,02/01/2011,St Johnstone,Inverness C,1,0,H,0,0,D,G Salmond,14,7,7,6,14,13,5,5,0,0,0,0,2.6,3.25,2.7,2.55,3.05,2.55,2.62,3.3,2.62,2010/11,€10.88m,€8.33m,2.62,3.3,2.75
SC0,03/01/2011,St Mirren,Kilmarnock,0,2,A,0,0,D,B Winter,11,14,2,10,12,10,7,7,2,1,0,0,2.88,3.4,2.38,2.8,3.2,2.25,2.5,3.25,2.4,2010/11,€7.70m,€10.38m,3.2,3.4,2.3
SC0,12/01/2011,Dundee United,Motherwell,2,0,H,0,0,D,I Brines,10,4,8,2,4,6,5,0,1,0,0,0,2.1,3.4,3.4,2.1,3.25,3.05,2.1,3.3,3.5,2010/11,€18.00m,€10.90m,2.2,3.5,3.4
SC0,12/01/2011,Hamilton,Celtic,1,1,D,1,0,H,W Collum,4,13,3,5,12,10,2,6,0,2,2,1,11.0,5.0,1.29,9.0,5.0,1.25,11.0,5.0,1.29,2010/11,€9.25m,€61.30m,11.0,5.25,1.3
SC0,15/01/2011,Aberdeen,St Mirren,2,0,H,0,0,D,C Murray,16,7,9,0,9,11,3,2,2,1,0,0,1.83,3.5,4.33,1.8,3.4,3.85,1.8,3.5,4.5,2010/11,€14.80m,€7.70m,1.83,3.6,4.6
SC0,15/01/2011,Hibernian,Celtic,0,3,A,0,1,A,C Thomson,4,11,1,8,16,8,3,10,3,1,0,0,8.0,4.5,1.4,7.0,4.0,1.4,8.0,4.0,1.44,2010/11,€25.00m,€61.30m,8.0,4.6,1.44
SC0,15/01/2011,Kilmarnock,St Johnstone,1,1,D,1,0,H,S McLean,7,11,4,5,6,14,5,7,1,1,0,0,2.0,3.4,3.75,1.8,3.4,3.85,1.91,3.5,3.8,2010/11,€10.38m,€10.88m,2.0,3.5,3.8
SC0,15/01/2011,Motherwell,Inverness C,0,0,D,0,0,D,E Norris,5,7,2,5,13,11,4,5,1,1,0,0,2.1,3.4,3.4,2.0,3.25,3.3,2.1,3.4,3.4,2010/11,€10.90m,€8.33m,2.2,3.5,3.4
SC0,15/01/2011,Rangers,Hamilton,4,0,H,3,0,H,B Winter,25,3,14,2,6,13,12,1,0,1,0,0,1.15,7.0,17.0,1.15,6.25,12.5,1.17,7.0,15.0,2010/11,€72.43m,€9.25m,1.2,7.0,17.0
SC0,18/01/2011,Kilmarnock,Hearts,1,2,A,1,0,H,S Conroy,4,10,2,4,6,9,4,11,1,2,0,0,2.88,3.3,2.4,2.65,3.25,2.35,2.7,3.4,2.5,2010/11,€10.38m,€26.63m,2.88,3.3,2.5
SC0,18/01/2011,Rangers,Inverness C,1,0,H,1,0,H,C Thomson,17,6,7,5,8,17,4,2,1,2,0,0,1.22,6.0,12.0,1.2,5.85,9.5,1.22,6.0,11.0,2010/11,€72.43m,€8.33m,1.22,6.0,12.0
SC0,22/01/2011,Celtic,Aberdeen,1,0,H,1,0,H,I Brines,9,4,4,0,10,16,7,8,1,1,0,0,1.25,5.75,11.0,1.2,5.8,9.5,1.25,6.0,10.0,2010/11,€61.30m,€14.80m,1.25,6.5,13.0
SC0,22/01/2011,Hearts,Rangers,1,0,H,0,0,D,M Tumilty,4,18,1,11,10,11,2,6,3,2,0,0,3.75,3.4,2.0,3.6,3.4,1.85,4.0,3.5,1.91,2010/11,€26.63m,€72.43m,3.8,3.5,2.0
SC0,22/01/2011,Inverness C,Hamilton,1,1,D,1,1,D,S Finnie,7,6,3,1,14,6,4,0,2,3,0,0,1.91,3.3,4.2,1.85,3.2,3.9,1.8,3.5,4.5,2010/11,€8.33m,€9.25m,1.95,3.4,4.2
SC0,22/01/2011,Kilmarnock,Dundee United,1,1,D,1,0,H,G Salmond,22,8,8,2,14,12,3,5,1,2,1,2,2.25,3.25,3.2,2.35,3.25,2.65,2.38,3.4,2.88,2010/11,€10.38m,€18.00m,2.38,3.3,3.12
SC0,22/01/2011,Motherwell,Hibernian,2,0,H,2,0,H,A Muir,5,9,2,2,17,20,4,2,1,4,0,0,2.0,3.4,3.75,2.0,3.25,3.3,2.0,3.4,3.75,2010/11,€10.90m,€25.00m,2.0,3.5,3.8
SC0,22/01/2011,St Johnstone,St Mirren,0,0,D,0,0,D,W Collum,7,6,4,4,13,15,6,2,0,2,0,0,1.8,3.6,4.33,1.75,3.45,4.0,1.8,3.5,4.5,2010/11,€10.88m,€7.70m,1.8,3.8,4.6
SC0,26/01/2011,Celtic,Hearts,4,0,H,1,0,H,E Norris,9,0,5,0,12,14,3,3,4,3,0,0,1.44,4.33,7.0,1.45,4.0,5.9,1.5,4.0,7.0,2010/11,€61.30m,€26.63m,1.53,4.2,7.0
SC0,26/01/2011,Hibernian,Rangers,0,2,A,0,2,A,S O'Reily,6,3,4,3,15,17,2,3,5,2,0,0,7.0,4.33,1.44,6.0,4.0,1.45,7.0,4.33,1.44,2010/11,€25.00m,€72.43m,7.5,4.5,1.44
SC0,26/01/2011,Inverness C,Aberdeen,0,2,A,0,1,A,S Conroy,8,10,4,5,4,11,8,7,0,1,1,0,2.25,3.25,3.2,2.25,3.25,2.8,2.25,3.4,3.1,2010/11,€8.33m,€14.80m,2.4,3.3,3.12
SC0,26/01/2011,St Johnstone,Motherwell,1,0,H,0,0,D,C Murray,6,9,2,1,6,13,7,3,3,2,0,0,2.5,3.3,2.75,2.35,3.25,2.65,2.5,3.4,2.7,2010/11,€10.88m,€10.90m,2.5,3.4,2.88
SC0,26/01/2011,St Mirren,Dundee United,1,1,D,1,0,H,C Thomson,10,14,5,5,11,12,7,6,2,3,0,0,3.0,3.25,2.38,2.65,3.25,2.35,2.8,3.4,2.4,2010/11,€7.70m,€18.00m,3.2,3.4,2.3
SC0,29/01/2011,Hamilton,Kilmarnock,1,1,D,0,1,A,B Winter,9,16,3,10,10,9,6,8,1,1,0,1,2.7,3.25,2.38,2.75,2.95,2.45,2.88,3.4,2.38,2010/11,€9.25m,€10.38m,2.88,3.25,2.5
SC0,29/01/2011,Hearts,St Johnstone,1,0,H,1,0,H,C Allan,10,6,5,4,15,9,2,2,2,1,0,0,1.62,3.5,5.25,1.55,3.5,5.5,1.62,3.75,5.5,2010/11,€26.63m,€10.88m,1.67,3.6,5.25
SC0,30/01/2011,Dundee United,Hibernian,3,0,H,1,0,H,I Brines,12,11,4,4,8,14,3,8,1,1,0,0,1.73,3.5,4.33,1.65,3.5,4.5,1.8,3.5,4.5,2010/11,€18.00m,€25.00m,1.73,3.6,5.0
SC0,01/02/2011,Aberdeen,Celtic,0,3,A,0,1,A,A Muir,7,14,4,6,18,10,3,8,4,1,1,0,7.5,4.2,1.44,6.35,4.0,1.42,7.0,4.33,1.44,2010/11,€14.80m,€61.30m,8.0,4.5,1.44
SC0,01/02/2011,St Johnstone,Hamilton,2,0,H,1,0,H,E Norris,8,4,6,4,9,7,4,8,1,1,0,0,1.83,3.5,4.33,1.75,3.4,4.1,1.83,3.4,4.33,2010/11,€10.88m,€9.25m,1.91,3.5,4.2
SC0,02/02/2011,Hibernian,St Mirren,2,0,H,0,0,D,M Tumilty,15,5,6,4,15,11,4,2,4,2,0,0,2.05,3.5,3.4,1.9,3.25,3.6,2.0,3.4,3.75,2010/11,€25.00m,€7.70m,2.0,3.75,3.6
SC0,02/02/2011,Motherwell,Kilmarnock,0,1,A,0,0,D,S O'Reilly,16,8,9,3,8,14,6,2,1,3,0,1,2.3,3.3,3.1,2.25,3.2,2.85,2.25,3.4,3.1,2010/11,€10.90m,€10.38m,2.38,3.5,3.0
SC0,02/02/2011,Rangers,Hearts,1,0,H,1,0,H,B Winter,6,4,4,3,8,19,3,1,0,6,0,0,1.5,4.0,7.0,1.45,4.0,5.9,1.53,4.0,6.0,2010/11,€72.43m,€26.63m,1.5,4.5,7.0
SC0,12/02/2011,Hamilton,Hearts,0,2,A,0,1,A,S O'Reilly,3,10,2,6,12,13,3,7,2,1,0,0,4.0,3.4,1.91,3.9,3.35,1.8,4.33,3.5,1.8,2010/11,€9.25m,€26.63m,4.0,3.5,1.95
SC0,12/02/2011,Hibernian,Kilmarnock,2,1,H,0,0,D,S Conroy,6,11,2,4,17,8,2,6,4,2,1,0,2.5,3.3,2.75,2.35,3.2,2.7,2.5,3.4,2.7,2010/11,€25.00m,€10.38m,2.5,3.4,2.88
SC0,12/02/2011,Rangers,Motherwell,6,0,H,3,0,H,A Muir,19,6,12,4,12,13,5,5,1,3,0,0,1.25,5.5,12.0,1.22,5.25,10.0,1.22,6.0,12.0,2010/11,€72.43m,€10.90m,1.29,5.5,12.0
SC0,12/02/2011,St Mirren,Inverness C,3,3,D,2,2,D,B Madden,15,7,8,5,13,11,7,1,2,1,0,0,2.7,3.25,2.6,2.45,3.2,2.6,2.5,3.3,2.75,2010/11,€7.70m,€8.33m,2.75,3.4,2.62
SC0,13/02/2011,Dundee United,Celtic,1,3,A,0,2,A,M Tumilty,7,12,3,5,11,5,4,5,1,3,0,0,5.5,3.75,1.62,5.4,3.6,1.55,5.0,4.0,1.62,2010/11,€18.00m,€61.30m,5.5,4.0,1.62
SC0,15/02/2011,Aberdeen,Motherwell,1,2,A,1,1,D,S McLean,9,15,3,7,9,12,6,5,2,4,1,0,2.2,3.3,3.25,2.2,3.1,3.0,2.3,3.2,3.2,2010/11,€14.80m,€10.90m,2.15,3.4,3.5
SC0,19/02/2011,Aberdeen,Kilmarnock,5,0,H,2,0,H,G Salmond,7,6,5,3,19,9,5,5,2,3,0,0,2.6,3.2,2.7,2.3,3.2,2.75,2.4,3.3,2.88,2010/11,€14.80m,€10.38m,2.6,3.3,2.88
SC0,19/02/2011,Hearts,Dundee United,2,1,H,1,1,D,C Murray,8,6,4,2,16,9,4,3,2,3,1,0,1.8,3.6,4.33,1.7,3.45,4.25,1.8,3.5,4.5,2010/11,€26.63m,€18.00m,1.8,3.75,4.75
SC0,19/02/2011,Inverness C,St Johnstone,2,0,H,1,0,H,W Collum,9,6,4,3,11,10,3,5,0,0,0,0,2.5,3.3,2.8,2.35,3.0,2.85,2.3,3.3,3.1,2010/11,€8.33m,€10.88m,2.6,3.4,2.75
SC0,19/02/2011,Motherwell,Hamilton,1,0,H,1,0,H,C Allan,12,5,6,1,13,17,3,1,1,3,0,0,1.67,3.75,5.0,1.65,3.5,4.6,1.73,3.5,5.0,2010/11,€10.90m,€9.25m,1.8,3.6,5.0
SC0,20/02/2011,Celtic,Rangers,3,0,H,2,0,H,I Brines,8,9,6,2,7,18,6,7,1,5,0,0,2.1,3.4,3.4,2.05,3.25,3.2,2.1,3.4,3.4,2010/11,€61.30m,€72.43m,2.05,3.5,3.75
SC0,20/02/2011,St Mirren,Hibernian,0,1,A,0,0,D,E Norris,6,12,2,5,14,14,2,7,0,2,0,0,2.5,3.3,2.75,2.45,3.2,2.6,2.62,3.3,2.62,2010/11,€7.70m,€25.00m,2.75,3.3,2.62
SC0,22/02/2011,Aberdeen,Hamilton,1,0,H,1,0,H,S Finnie,11,10,2,3,15,15,4,2,2,2,0,0,1.67,3.75,5.0,1.62,3.5,4.75,1.73,3.5,5.0,2010/11,€14.80m,€9.25m,1.67,4.0,5.25
SC0,22/02/2011,St Johnstone,Dundee United,0,0,D,0,0,D,J McKendrick,7,7,0,0,11,9,4,10,2,2,0,0,2.63,3.3,2.63,2.5,3.15,2.55,2.5,3.4,2.7,2010/11,€10.88m,€18.00m,2.75,3.25,2.75
SC0,23/02/2011,Motherwell,St Mirren,0,1,A,0,0,D,S Conroy,9,9,2,6,11,14,3,1,2,2,0,0,1.73,3.5,5.0,1.65,3.5,4.6,1.67,3.75,5.0,2010/11,€10.90m,€7.70m,1.7,3.8,5.25
SC0,26/02/2011,Aberdeen,Hearts,0,0,D,0,0,D,M Tumilty,10,8,6,4,8,13,8,4,0,2,0,0,3.2,3.25,2.25,2.95,3.1,2.25,2.9,3.3,2.38,2010/11,€14.80m,€26.63m,3.4,3.4,2.25
SC0,26/02/2011,Hamilton,Dundee United,1,1,D,1,0,H,A Muir,1,5,0,2,17,9,2,5,2,1,0,0,3.75,3.4,2.0,3.3,3.1,2.05,3.4,3.4,2.1,2010/11,€9.25m,€18.00m,4.0,3.4,2.0
SC0,26/02/2011,Hibernian,Inverness C,2,0,H,0,0,D,C Thomson,17,5,9,4,11,9,4,5,0,0,0,0,2.25,3.3,3.2,2.25,3.1,2.95,2.2,3.3,3.3,2010/11,€25.00m,€8.33m,2.25,3.5,3.3
SC0,26/02/2011,Kilmarnock,St Mirren,2,0,H,2,0,H,C Murray,9,11,6,5,15,14,4,6,2,2,0,0,1.7,3.6,5.0,1.65,3.4,4.75,1.67,3.4,4.33,2010/11,€10.38m,€7.70m,1.73,3.6,5.5
SC0,27/02/2011,Motherwell,Celtic,2,0,H,1,0,H,E Norris,9,13,6,7,22,21,4,5,4,2,0,0,7.0,4.33,1.44,6.0,4.2,1.42,7.0,4.33,1.44,2010/11,€10.90m,€61.30m,8.5,4.6,1.4
SC0,27/02/2011,Rangers,St Johnstone,4,0,H,2,0,H,S McLean,17,6,9,3,11,9,2,2,0,1,0,0,1.22,6.0,12.0,1.18,5.75,11.0,1.22,6.0,12.0,2010/11,€72.43m,€10.88m,1.25,6.0,15.0
SC0,01/03/2011,Hamilton,Hibernian,1,2,A,0,1,A,G Salmond,4,4,3,3,14,12,8,7,1,0,0,0,3.1,3.2,2.3,2.95,3.0,2.3,3.2,3.3,2.25,2010/11,€9.25m,€25.00m,3.4,3.25,2.3
SC0,01/03/2011,Inverness C,Dundee United,0,2,A,0,0,D,S McLean,9,13,2,4,18,11,3,5,2,0,0,0,2.8,3.25,2.5,2.65,3.0,2.5,2.88,3.3,2.4,2010/11,€8.33m,€18.00m,2.88,3.2,2.6
SC0,02/03/2011,St Johnstone,Aberdeen,0,0,D,0,0,D,C Thomson,15,7,7,5,14,14,9,4,2,1,0,0,2.5,3.25,2.8,2.3,3.1,2.8,2.5,3.2,2.88,2010/11,€10.88m,€14.80m,2.62,3.2,2.88
SC0,05/03/2011,Celtic,Hamilton,2,0,H,1,0,H,S O'Reilly,11,4,7,1,15,7,7,2,2,3,0,0,1.14,7.5,17.0,1.14,6.75,12.0,1.17,7.0,15.0,2010/11,€61.30m,€9.25m,1.14,8.0,23.0
SC0,05/03/2011,Hearts,Kilmarnock,0,2,A,0,0,D,S McLean,13,11,6,5,14,9,8,3,3,2,0,1,1.8,3.5,4.5,1.65,3.4,4.75,1.73,3.5,5.0,2010/11,€26.63m,€10.38m,1.83,3.6,4.6
SC0,05/03/2011,Inverness C,Motherwell,3,0,H,1,0,H,I Brines,7,2,6,1,13,8,1,3,0,0,0,0,2.5,3.25,2.8,2.45,3.0,2.7,2.5,3.3,2.75,2010/11,€8.33m,€10.90m,2.75,3.25,2.75
SC0,05/03/2011,St Johnstone,Hibernian,1,1,D,0,0,D,C Allan,10,7,2,5,9,9,7,3,3,2,0,0,2.38,3.2,3.0,2.25,3.0,3.0,2.3,3.4,3.0,2010/11,€10.88m,€25.00m,2.6,3.25,2.88
SC0,06/03/2011,St Mirren,Rangers,0,1,A,0,1,A,W Collum,8,8,2,3,14,13,6,5,1,0,0,0,9.0,5.0,1.33,6.75,4.5,1.35,9.0,5.0,1.33,2010/11,€7.70m,€72.43m,9.0,5.0,1.36
SC0,07/03/2011,Dundee United,Aberdeen,3,1,H,2,0,H,B Winter,10,5,4,5,6,9,6,9,0,2,0,0,2.0,3.3,3.8,1.95,3.1,3.7,2.0,3.4,3.75,2010/11,€18.00m,€14.80m,2.1,3.3,3.75
SC0,10/03/2011,Dundee United,Hamilton,2,1,H,1,1,D,W Collum,8,11,5,3,12,6,8,7,0,1,0,0,1.5,4.0,7.0,1.53,3.5,5.75,1.57,3.75,6.0,2010/11,€18.00m,€9.25m,1.5,4.0,7.0
SC0,13/03/2011,Rangers,Kilmarnock,2,1,H,1,0,H,A Muir,19,5,7,0,12,5,13,11,3,2,0,0,1.29,5.5,9.5,1.25,5.25,8.25,1.29,5.5,9.5,2010/11,€72.43m,€10.38m,1.33,5.5,10.0
SC0,16/03/2011,Dundee United,Hearts,2,0,H,0,0,D,I Brines,5,5,3,1,7,12,8,2,3,2,0,0,2.63,3.25,2.63,2.45,3.1,2.65,2.5,3.4,2.7,2010/11,€18.00m,€26.63m,2.62,3.25,2.75
SC0,19/03/2011,Dundee United,Inverness C,1,0,H,1,0,H,G Salmond,5,4,2,2,8,14,6,6,0,2,0,0,1.73,3.6,4.75,1.7,3.4,4.4,1.73,3.25,4.2,2010/11,€18.00m,€8.33m,1.75,3.5,4.75
SC0,19/03/2011,Hamilton,St Johnstone,0,0,D,0,0,D,B Madden,9,7,3,1,11,13,5,3,2,1,1,0,2.75,3.3,2.5,2.75,2.95,2.45,2.8,3.3,2.5,2010/11,€9.25m,€10.88m,2.88,3.2,2.5
SC0,19/03/2011,Hearts,St Mirren,3,2,H,0,1,A,S Finnie,16,11,7,6,13,13,4,3,0,3,0,0,1.53,3.8,6.5,1.5,3.7,5.75,1.44,3.75,6.0,2010/11,€26.63m,€7.70m,1.5,4.0,7.0
SC0,19/03/2011,Kilmarnock,Motherwell,3,1,H,2,1,H,M Tumilty,18,11,12,5,6,13,8,5,1,4,0,0,2.25,3.25,3.2,2.1,3.1,3.2,2.25,3.25,3.2,2010/11,€10.38m,€10.90m,2.3,3.3,3.12
SC0,02/04/2011,Motherwell,Aberdeen,2,1,H,1,0,H,S McLean,8,6,4,4,7,10,5,8,2,3,0,0,2.25,3.25,3.2,2.1,3.0,3.3,2.25,3.25,3.25,2010/11,€10.90m,€14.80m,2.38,3.2,3.25
SC0,02/04/2011,Rangers,Dundee United,2,3,A,1,1,D,S Conroy,9,8,6,3,9,11,6,2,1,2,0,0,1.36,4.75,8.0,1.3,4.75,7.75,1.36,4.8,8.0,2010/11,€72.43m,€18.00m,1.4,4.75,8.5
SC0,02/04/2011,St Johnstone,Kilmarnock,0,0,D,0,0,D,S Finnie,6,3,1,1,8,7,6,2,1,1,0,0,2.63,3.25,2.63,2.45,3.0,2.7,2.6,3.3,2.62,2010/11,€10.88m,€10.38m,2.75,3.2,2.75
SC0,02/04/2011,St Mirren,Hamilton,3,1,H,0,1,A,W Collum,4,3,3,2,19,17,3,5,2,1,0,1,2.2,3.25,3.25,2.0,3.1,3.5,2.1,3.3,3.5,2010/11,€7.70m,€9.25m,2.2,3.2,3.6
SC0,03/04/2011,Hibernian,Hearts,2,2,D,1,1,D,I Brines,18,7,9,4,12,6,3,6,2,2,0,1,2.9,3.25,2.4,2.7,3.0,2.45,2.7,3.25,2.6,2010/11,€25.00m,€26.63m,3.0,3.2,2.5
SC0,05/04/2011,St Johnstone,Rangers,0,2,A,0,1,A,C Allan,6,10,5,5,6,9,4,3,2,1,0,0,6.5,4.5,1.44,6.5,4.4,1.37,7.5,4.5,1.4,2010/11,€10.88m,€72.43m,7.5,4.5,1.44
SC0,06/04/2011,Celtic,Hibernian,3,1,H,3,0,H,E Norris,14,4,7,1,7,13,4,5,2,4,0,0,1.29,5.25,10.0,1.22,5.5,9.25,1.25,5.5,12.0,2010/11,€61.30m,€25.00m,1.29,5.5,13.0
SC0,06/04/2011,Motherwell,Dundee United,2,1,H,2,0,H,S O'Reilly,5,12,4,8,7,16,2,8,0,0,0,0,2.5,3.25,2.8,2.4,3.0,2.75,2.5,3.3,2.75,2010/11,€10.90m,€18.00m,2.6,3.25,2.88
SC0,06/04/2011,St Mirren,Aberdeen,3,2,H,1,0,H,G Salmond,7,11,6,3,17,13,3,8,2,1,0,0,2.6,3.2,2.75,2.4,3.0,2.75,2.5,3.3,2.75,2010/11,€7.70m,€14.80m,2.62,3.2,2.88
SC0,09/04/2011,Aberdeen,Hibernian,0,1,A,0,1,A,B Madden,13,4,4,2,9,11,8,2,1,2,0,0,2.4,3.3,2.9,2.25,3.1,2.9,2.38,3.25,3.0,2010/11,€14.80m,€25.00m,2.5,3.25,3.0
SC0,09/04/2011,Celtic,St Mirren,1,0,H,0,0,D,C Murray,11,6,2,1,7,9,6,3,0,1,0,0,1.17,7.0,15.0,1.15,6.5,11.5,1.17,7.0,15.0,2010/11,€61.30m,€7.70m,1.17,8.0,19.0
SC0,09/04/2011,Dundee United,St Johnstone,2,0,H,1,0,H,M Tumilty,8,5,2,2,10,9,7,5,3,3,0,1,1.67,3.75,5.0,1.6,3.5,5.0,1.62,3.75,5.5,2010/11,€18.00m,€10.88m,1.73,3.75,5.25
SC0,09/04/2011,Hearts,Motherwell,0,0,D,0,0,D,C Thomson,7,4,2,0,8,5,8,3,2,1,0,0,1.8,3.6,4.5,1.65,3.4,4.75,1.73,3.5,5.0,2010/11,€26.63m,€10.90m,1.83,3.5,4.75
SC0,09/04/2011,Kilmarnock,Inverness C,1,1,D,1,1,D,J McKendrick,6,6,5,2,6,13,7,4,0,1,0,0,2.0,3.3,3.75,1.85,3.25,3.8,1.91,3.6,3.75,2010/11,€10.38m,€8.33m,2.1,3.3,3.8
SC0,10/04/2011,Hamilton,Rangers,0,1,A,0,1,A,A Muir,6,10,1,7,9,10,3,2,1,3,0,0,9.5,5.5,1.29,9.0,5.0,1.25,10.0,5.5,1.29,2010/11,€9.25m,€72.43m,10.0,5.5,1.3
SC0,12/04/2011,St Johnstone,Celtic,0,1,A,0,1,A,I Brines,4,12,2,7,11,17,3,5,2,1,0,0,10.0,5.0,1.3,8.75,4.4,1.3,9.0,5.0,1.33,2010/11,€10.88m,€61.30m,12.0,5.0,1.3
SC0,13/04/2011,Aberdeen,Rangers,0,1,A,0,1,A,C Murray,8,10,3,5,16,9,1,7,1,2,0,0,7.0,4.0,1.5,6.0,4.0,1.44,6.5,4.0,1.5,2010/11,€14.80m,€72.43m,7.5,4.33,1.44
SC0,16/04/2011,Inverness C,Hearts,1,1,D,1,0,H,C Allan,12,8,6,7,12,9,5,8,4,2,1,0,3.3,3.25,2.2,3.0,3.1,2.2,3.1,3.4,2.25,2010/11,€8.33m,€26.63m,3.5,3.4,2.2
SC0,16/04/2011,Rangers,St Mirren,2,1,H,1,1,D,E Norris,10,5,3,3,11,14,4,3,0,2,0,0,1.17,7.0,15.0,1.16,6.25,11.5,1.2,6.0,15.0,2010/11,€72.43m,€7.70m,1.2,7.0,15.0
SC0,17/04/2011,Hibernian,Hamilton,1,2,A,0,2,A,B Winter,24,6,15,1,8,8,16,2,1,1,0,0,1.62,3.6,6.0,1.6,3.5,5.0,1.62,3.75,5.5,2010/11,€25.00m,€9.25m,1.67,3.6,6.0
SC0,19/04/2011,Dundee United,Rangers,0,4,A,0,1,A,W Collum,2,9,1,4,14,11,2,7,1,2,3,0,5.0,3.6,1.7,4.75,3.7,1.6,5.0,3.75,1.67,2010/11,€18.00m,€72.43m,5.0,3.75,1.75
SC0,20/04/2011,Kilmarnock,Celtic,0,4,A,0,3,A,A Muir,4,16,4,9,6,5,1,8,2,2,0,0,8.0,4.5,1.4,6.25,4.4,1.38,7.0,4.33,1.44,2010/11,€10.38m,€61.30m,8.5,4.75,1.4
SC0,23/04/2011,Dundee United,Kilmarnock,4,2,H,2,0,H,B Winter,16,10,6,9,11,7,7,6,3,3,0,0,1.91,3.4,4.0,1.8,3.4,3.8,2.0,3.5,3.6,2010/11,€18.00m,€10.38m,1.95,3.5,4.0
SC0,23/04/2011,Hearts,Motherwell,3,3,D,2,0,H,W Collum,14,10,5,8,14,14,7,11,2,4,0,0,1.83,3.5,4.33,1.7,3.3,4.6,1.83,3.5,4.33,2010/11,€26.63m,€10.90m,1.83,3.5,4.33
SC0,24/04/2011,Hibernian,St Mirren,1,1,D,1,1,D,A Muir,7,3,2,2,14,9,2,6,1,3,0,0,1.83,3.5,4.33,1.78,3.3,4.1,1.83,3.4,4.33,2010/11,€25.00m,€7.70m,1.83,3.5,4.33
SC0,24/04/2011,Rangers,Celtic,0,0,D,0,0,D,C Thomson,13,13,4,9,14,21,8,8,2,3,0,0,2.5,3.3,2.75,2.3,3.2,2.75,2.38,3.3,2.9,2010/11,€72.43m,€61.30m,2.5,3.3,2.75
SC0,25/04/2011,Hamilton,Aberdeen,1,1,D,0,0,D,C Murray,15,15,9,9,12,11,8,6,1,1,0,0,2.75,3.3,2.5,2.6,3.15,2.45,2.6,3.3,2.62,2010/11,€9.25m,€14.80m,2.75,3.3,2.5
SC0,25/04/2011,St Johnstone,Inverness C,0,3,A,0,1,A,B Madden,19,12,11,7,11,17,6,5,2,0,0,0,2.5,3.3,2.75,2.35,3.0,2.85,2.5,3.3,2.75,2010/11,€10.88m,€8.33m,2.5,3.3,2.75
SC0,30/04/2011,Aberdeen,Inverness C,1,0,H,0,0,D,G Salmond,11,10,5,5,21,15,5,6,1,2,0,0,2.25,3.4,3.1,2.2,3.1,3.0,2.25,3.4,3.1,2010/11,€14.80m,€8.33m,2.3,3.4,3.2
SC0,30/04/2011,Hibernian,St Johnstone,1,2,A,1,0,H,C Allan,7,9,3,3,18,12,6,4,2,1,0,0,2.0,3.5,3.6,2.0,3.2,3.4,2.0,3.5,3.6,2010/11,€25.00m,€10.88m,2.0,3.4,4.0
SC0,30/04/2011,Kilmarnock,Hearts,2,2,D,0,0,D,E Norris,14,6,6,2,11,20,4,4,5,3,0,0,2.63,3.3,2.63,2.45,3.1,2.65,2.62,3.3,2.62,2010/11,€10.38m,€26.63m,2.75,3.4,2.62
SC0,30/04/2011,Motherwell,Rangers,0,5,A,0,1,A,M Tumilty,5,13,3,10,8,8,5,2,3,1,0,0,6.5,4.2,1.5,5.0,3.9,1.53,6.5,4.0,1.5,2010/11,€10.90m,€72.43m,6.5,4.4,1.5
SC0,01/05/2011,Celtic,Dundee United,4,1,H,1,0,H,I Brines,22,7,15,3,6,8,10,4,0,1,0,0,1.25,5.5,12.0,1.25,5.25,8.25,1.3,5.0,10.0,2010/11,€61.30m,€18.00m,1.3,5.25,12.0
SC0,02/05/2011,St Mirren,Hamilton,0,1,A,0,0,D,C Thomson,9,19,6,11,15,14,7,2,1,2,1,1,2.0,3.5,3.6,1.91,3.2,3.7,2.1,3.5,3.25,2010/11,€7.70m,€9.25m,2.05,3.4,3.75
SC0,04/05/2011,Inverness C,Celtic,3,2,H,1,1,D,S O'Reilly,9,14,5,6,16,10,5,11,2,2,0,0,10.0,5.25,1.29,7.0,5.0,1.3,9.0,5.0,1.33,2010/11,€8.33m,€61.30m,12.0,5.5,1.29
SC0,07/05/2011,Aberdeen,St Johnstone,0,2,A,0,1,A,J McKendrick,2,7,1,3,8,2,3,6,1,0,0,0,2.2,3.3,3.25,2.15,3.1,3.1,2.1,3.3,3.5,2010/11,€14.80m,€10.88m,2.3,3.3,3.25
SC0,07/05/2011,Dundee United,Motherwell,4,0,H,2,0,H,B Winter,14,1,8,0,6,12,5,5,0,2,0,0,1.85,3.6,4.0,1.85,3.3,3.75,1.91,3.4,4.0,2010/11,€18.00m,€10.90m,2.0,3.5,4.0
SC0,07/05/2011,Hamilton,Hibernian,1,0,H,1,0,H,M Tumilty,13,10,7,2,6,7,6,4,0,2,0,1,2.63,3.25,2.63,2.7,3.0,2.45,2.4,3.4,2.8,2010/11,€9.25m,€25.00m,2.75,3.25,2.75
SC0,07/05/2011,Inverness C,St Mirren,1,0,H,0,0,D,B Madden,8,10,3,4,12,11,5,6,0,1,1,0,2.1,3.3,3.5,1.95,3.2,3.5,2.1,3.3,3.5,2010/11,€8.33m,€7.70m,2.1,3.3,3.5
SC0,07/05/2011,Rangers,Hearts,4,0,H,3,0,H,I Brines,16,6,9,2,14,8,10,0,4,3,0,1,1.3,5.0,10.0,1.3,4.75,7.75,1.33,5.0,9.0,2010/11,€72.43m,€26.63m,1.33,5.25,10.0
SC0,08/05/2011,Kilmarnock,Celtic,0,2,A,0,1,A,W Collum,3,9,1,2,11,17,2,5,2,2,0,0,10.0,5.0,1.3,7.75,4.75,1.3,10.0,5.0,1.3,2010/11,€10.38m,€61.30m,11.0,5.5,1.3
SC0,10/05/2011,Aberdeen,St Mirren,0,1,A,0,0,D,E Norris,4,3,1,2,16,14,1,5,2,1,0,0,2.25,3.25,3.2,2.2,3.1,3.0,2.2,3.4,3.2,2010/11,€14.80m,€7.70m,2.4,3.25,3.2
SC0,10/05/2011,Rangers,Dundee United,2,0,H,2,0,H,C Murray,13,8,7,3,9,11,5,4,0,0,0,0,1.22,6.0,13.0,1.2,5.75,9.75,1.22,6.0,12.0,2010/11,€72.43m,€18.00m,1.22,6.5,15.0
SC0,10/05/2011,St Johnstone,Hamilton,1,0,H,1,0,H,S Conroy,7,6,4,3,4,9,7,2,0,1,0,1,2.1,3.4,3.4,2.1,3.0,3.3,2.0,3.6,3.4,2010/11,€10.88m,€9.25m,2.38,3.25,3.25
SC0,11/05/2011,Hearts,Celtic,0,3,A,0,1,A,C Thomson,4,13,2,9,19,14,3,5,3,2,1,1,7.0,4.33,1.44,5.75,4.1,1.44,6.0,4.0,1.53,2010/11,€26.63m,€61.30m,7.5,4.6,1.44
SC0,11/05/2011,Inverness C,Hibernian,2,0,H,1,0,H,S Finnie,7,11,6,3,9,10,6,8,0,0,0,0,2.1,3.4,3.4,2.1,3.2,3.1,2.1,3.3,3.5,2010/11,€8.33m,€25.00m,2.25,3.4,3.3
SC0,11/05/2011,Motherwell,Kilmarnock,1,1,D,1,0,H,C Allan,7,14,6,12,13,3,3,7,1,1,0,0,2.25,3.4,3.1,2.2,3.2,2.9,2.38,3.4,2.88,2010/11,€10.90m,€10.38m,2.38,3.5,3.0
SC0,14/05/2011,Hamilton,Inverness C,1,2,A,0,1,A,I Brines,6,2,3,2,11,14,6,2,1,1,0,0,2.5,3.3,2.8,2.4,3.1,2.7,2.4,3.3,2.88,2010/11,€9.25m,€8.33m,2.5,3.2,2.88
SC0,14/05/2011,Hibernian,Aberdeen,1,3,A,1,0,H,W Collum,15,11,7,10,11,10,5,7,2,0,0,0,2.38,3.25,3.0,2.2,3.1,3.0,2.25,3.3,3.2,2010/11,€25.00m,€14.80m,2.25,3.2,3.25
SC0,14/05/2011,St Mirren,St Johnstone,0,0,D,0,0,D,C Murray,11,11,4,2,11,18,4,2,0,1,0,0,2.25,3.4,3.1,2.1,3.1,3.2,2.25,3.5,3.0,2010/11,€7.70m,€10.88m,2.38,3.3,3.0
SC0,15/05/2011,Celtic,Motherwell,4,0,H,2,0,H,A Muir,22,6,15,1,7,13,9,3,1,1,0,0,1.17,7.0,15.0,1.15,6.25,12.5,1.17,7.0,15.0,2010/11,€61.30m,€10.90m,1.17,7.0,19.0
SC0,15/05/2011,Dundee United,Hearts,2,1,H,1,1,D,S O'Reilly,10,4,5,4,3,8,10,3,2,3,0,0,2.2,3.3,3.3,2.3,3.0,2.9,2.25,3.3,3.2,2010/11,€18.00m,€26.63m,2.2,3.25,3.4
SC0,15/05/2011,Kilmarnock,Rangers,1,5,A,0,3,A,C Thomson,14,15,10,10,16,14,3,8,2,2,0,0,10.0,6.0,1.25,8.5,5.25,1.25,12.0,5.5,1.25,2010/11,€10.38m,€72.43m,10.5,5.5,1.29
SC0,23/07/2011,Aberdeen,St Johnstone,0,0,D,0,0,D,S Conroy,9,6,4,2,7,13,14,5,1,2,1,0,2.1,3.3,3.5,1.95,3.2,3.5,2.0,3.3,3.6,2011/12,€12.83m,€12.93m,2.1,3.3,3.6
SC0,23/07/2011,Motherwell,Inverness C,3,0,H,2,0,H,S McLean,12,11,7,2,12,12,5,6,3,1,0,0,2.1,3.3,3.5,2.0,3.1,3.5,2.0,3.3,3.5,2011/12,€8.53m,€8.08m,2.1,3.4,3.5
SC0,23/07/2011,Rangers,Hearts,1,1,D,0,1,A,C Murray,7,10,4,8,9,13,4,4,1,1,0,0,1.36,4.6,9.0,1.35,4.4,7.0,1.33,4.5,9.0,2011/12,€59.90m,€19.68m,1.36,4.75,8.5
SC0,24/07/2011,Dundee United,Kilmarnock,1,1,D,0,0,D,A Muir,11,9,4,4,7,8,13,10,1,1,0,0,1.83,3.5,4.33,1.8,3.4,3.8,1.83,3.4,4.0,2011/12,€14.83m,€10.10m,1.85,3.5,4.2
SC0,24/07/2011,Hibernian,Celtic,0,2,A,0,1,A,I Brines,0,6,0,4,15,15,0,6,1,0,0,0,8.5,4.33,1.4,6.25,4.2,1.4,8.0,4.33,1.4,2011/12,€12.90m,€66.18m,8.5,4.75,1.36
SC0,25/07/2011,Dunfermline,St Mirren,0,0,D,0,0,D,S O'Reilly,5,16,1,7,17,18,2,9,3,2,0,0,2.3,3.2,3.2,2.2,3.1,3.0,2.3,3.25,2.88,2011/12,€9.08m,€8.93m,2.3,3.2,3.25
SC0,30/07/2011,Inverness C,Hibernian,0,1,A,0,0,D,S Conroy,10,5,2,4,3,9,8,4,0,1,0,0,2.3,3.25,3.1,2.3,3.2,2.75,2.38,3.25,2.8,2011/12,€8.08m,€12.90m,2.25,3.25,3.25
SC0,30/07/2011,Kilmarnock,Motherwell,0,0,D,0,0,D,G Salmond,10,5,4,3,5,6,7,14,0,0,0,0,2.3,3.2,3.1,2.2,3.25,2.85,2.38,3.3,2.8,2011/12,€10.10m,€8.53m,2.4,3.2,3.0
SC0,30/07/2011,St Johnstone,Rangers,0,2,A,0,1,A,A Muir,10,12,4,10,9,15,2,6,1,1,0,0,6.0,4.0,1.53,5.5,3.8,1.5,7.0,3.8,1.5,2011/12,€12.93m,€59.90m,6.5,4.0,1.53
SC0,30/07/2011,St Mirren,Aberdeen,1,0,H,0,0,D,E Norris,12,7,5,5,10,17,7,1,3,4,0,0,2.63,3.2,2.7,2.5,3.2,2.5,2.6,3.3,2.6,2011/12,€8.93m,€12.83m,2.62,3.2,2.75
SC0,31/07/2011,Hearts,Dundee United,0,1,A,0,1,A,B Winter,8,5,2,2,8,10,9,6,1,1,0,0,2.0,3.3,3.8,1.85,3.35,3.65,1.91,3.4,3.75,2011/12,€19.68m,€14.83m,2.0,3.4,3.75
SC0,06/08/2011,Dundee United,St Mirren,1,1,D,0,1,A,C Allan,26,7,10,4,9,9,9,1,1,3,0,1,1.73,3.5,5.0,1.75,3.4,4.05,1.8,3.5,4.5,2011/12,€14.83m,€8.93m,1.8,3.5,5.0
SC0,06/08/2011,Dunfermline,Inverness C,3,3,D,1,0,H,S Finnie,4,3,3,3,12,12,7,7,2,3,0,0,2.63,3.25,2.63,2.35,3.25,2.65,2.4,3.3,2.88,2011/12,€9.08m,€8.08m,2.75,3.3,2.62
SC0,07/08/2011,Aberdeen,Celtic,0,1,A,0,0,D,C Murray,6,25,3,13,11,9,5,5,2,1,0,0,9.0,5.0,1.33,8.25,4.5,1.3,9.0,4.5,1.36,2011/12,€12.83m,€66.18m,10.0,5.5,1.33
SC0,07/08/2011,Motherwell,Hearts,1,0,H,0,0,D,S O'Reilly,12,9,9,6,12,9,10,7,1,1,1,1,2.6,3.2,2.75,2.4,3.2,2.6,2.5,3.3,2.75,2011/12,€8.53m,€19.68m,2.62,3.3,2.75
SC0,13/08/2011,Celtic,Dundee United,5,1,H,2,1,H,C Thomson,17,6,9,3,10,14,5,7,1,3,0,0,1.25,5.5,12.0,1.25,5.0,9.0,1.29,5.5,10.0,2011/12,€66.18m,€14.83m,1.25,6.0,13.0
SC0,13/08/2011,Hearts,Aberdeen,3,0,H,2,0,H,S Conroy,7,7,6,1,11,18,1,3,1,1,0,0,1.7,3.6,5.0,1.7,3.4,4.4,1.8,3.5,4.5,2011/12,€19.68m,€12.83m,1.73,3.8,4.75
SC0,13/08/2011,Inverness C,Rangers,0,2,A,0,0,D,E Norris,6,8,3,4,11,9,1,5,2,2,1,1,7.5,4.5,1.4,6.75,4.25,1.38,8.0,4.5,1.4,2011/12,€8.08m,€59.90m,8.0,4.6,1.44
SC0,13/08/2011,St Johnstone,Dunfermline,0,1,A,0,1,A,G Salmond,7,5,3,3,12,11,6,3,1,2,0,1,1.91,3.25,4.33,1.85,3.2,3.9,2.0,3.4,3.75,2011/12,€12.93m,€9.08m,1.91,3.4,4.33
SC0,13/08/2011,St Mirren,Motherwell,0,1,A,0,0,D,I Brines,3,6,3,5,7,15,6,5,2,2,0,0,2.6,3.25,2.7,2.55,3.0,2.6,2.62,3.3,2.62,2011/12,€8.93m,€8.53m,2.75,3.4,2.6
SC0,14/08/2011,Kilmarnock,Hibernian,4,1,H,2,1,H,S McLean,15,10,8,4,6,20,3,3,0,3,0,0,2.3,3.3,3.0,2.35,3.2,2.7,2.38,3.3,2.9,2011/12,€10.10m,€12.90m,2.38,3.4,3.0
SC0,20/08/2011,Aberdeen,Inverness C,2,1,H,2,0,H,C Allan,14,11,7,6,12,6,6,6,0,3,0,0,2.38,3.25,3.0,2.4,3.1,2.95,2.38,3.25,3.0,2011/12,€12.83m,€8.08m,2.4,3.3,3.1
SC0,20/08/2011,Dundee United,Dunfermline,0,1,A,0,0,D,S O'Reilly,7,3,4,1,12,14,13,1,1,1,0,0,1.7,3.5,5.25,1.7,3.4,5.0,1.73,3.5,5.0,2011/12,€14.83m,€9.08m,1.73,3.8,5.0
SC0,20/08/2011,Hibernian,St Mirren,1,2,A,1,2,A,A Muir,9,6,1,3,16,9,6,2,1,1,0,0,2.2,3.2,3.4,2.1,3.2,3.4,2.1,3.4,3.4,2011/12,€12.90m,€8.93m,2.2,3.25,3.6
SC0,21/08/2011,Celtic,St Johnstone,0,1,A,0,0,D,B Winter,17,5,7,3,8,6,9,7,0,3,0,0,1.2,6.0,16.0,1.18,6.5,12.5,1.2,6.5,13.0,2011/12,€66.18m,€12.93m,1.2,6.5,15.0
SC0,21/08/2011,Kilmarnock,Hearts,0,0,D,0,0,D,C Murray,6,12,1,8,9,11,2,7,0,4,0,0,2.63,3.3,2.6,2.75,3.2,2.5,2.62,3.3,2.62,2011/12,€10.10m,€19.68m,2.62,3.3,2.62
SC0,21/08/2011,Motherwell,Rangers,0,3,A,0,2,A,C Thomson,5,16,5,9,8,11,10,6,1,2,0,0,5.5,3.6,1.67,5.5,3.6,1.6,6.0,3.6,1.62,2011/12,€8.53m,€59.90m,5.4,3.8,1.7
SC0,27/08/2011,Dunfermline,Motherwell,2,4,A,0,2,A,E Norris,8,6,2,4,12,6,3,3,2,1,0,0,2.8,3.25,2.5,2.85,3.1,2.45,2.75,3.3,2.5,2011/12,€9.08m,€8.53m,2.88,3.3,2.5
SC0,27/08/2011,Inverness C,Kilmarnock,2,1,H,1,1,D,B Madden,11,9,5,4,17,15,4,5,3,2,0,0,2.25,3.4,3.1,2.25,3.2,3.1,2.4,3.3,2.9,2011/12,€8.08m,€10.10m,2.3,3.5,3.12
SC0,27/08/2011,St Johnstone,Dundee United,3,3,D,3,1,H,C Richmond,10,13,7,6,12,13,8,6,2,0,0,0,2.5,3.25,2.8,2.5,3.1,2.8,2.5,3.3,2.75,2011/12,€12.93m,€14.83m,2.6,3.25,2.88
SC0,28/08/2011,Hearts,Hibernian,2,0,H,1,0,H,C Thomson,15,9,7,5,20,15,8,3,1,5,0,0,1.8,3.4,4.75,1.75,3.5,5.25,1.83,3.4,4.33,2011/12,€19.68m,€12.90m,1.8,3.6,5.0
SC0,28/08/2011,Rangers,Aberdeen,2,0,H,1,0,H,I Brines,15,8,7,4,10,7,3,2,2,1,0,0,1.25,6.0,10.0,1.26,5.5,9.5,1.29,5.5,10.0,2011/12,€59.90m,€12.83m,1.29,5.5,12.0
SC0,28/08/2011,St Mirren,Celtic,0,2,A,0,2,A,W Collum,13,13,8,7,12,13,10,6,0,0,0,0,8.5,4.75,1.36,8.5,3.9,1.42,8.0,4.5,1.4,2011/12,€8.93m,€66.18m,9.0,4.6,1.4
SC0,10/09/2011,Celtic,Motherwell,4,0,H,2,0,H,A Muir,16,4,8,1,10,8,6,8,1,2,0,0,1.25,5.5,12.0,1.22,5.5,12.5,1.22,6.0,12.0,2011/12,€66.18m,€8.53m,1.18,6.0,13.0
SC0,10/09/2011,Dundee United,Rangers,0,1,A,0,0,D,C Murray,13,13,5,6,9,7,10,10,2,3,1,0,6.5,3.8,1.53,7.0,4.1,1.44,7.0,4.0,1.5,2011/12,€14.83m,€59.90m,7.5,4.4,1.4
SC0,10/09/2011,Inverness C,Hearts,1,1,D,0,0,D,W Collum,6,5,3,3,15,12,2,6,1,2,0,0,3.1,3.25,2.3,3.1,3.1,2.3,2.9,3.3,2.38,2011/12,€8.08m,€19.68m,3.3,3.4,2.25
SC0,10/09/2011,Kilmarnock,Dunfermline,3,2,H,2,1,H,B Winter,7,6,4,2,1,4,3,5,1,3,0,0,1.83,3.4,4.5,1.8,3.25,4.6,1.91,3.4,4.0,2011/12,€10.10m,€9.08m,1.91,3.5,4.4
SC0,10/09/2011,St Mirren,St Johnstone,0,0,D,0,0,D,S McLean,10,8,4,1,10,17,4,2,3,4,0,0,2.3,3.2,3.1,2.3,3.0,3.2,2.38,3.3,2.9,2011/12,€8.93m,€12.93m,2.3,3.4,3.2
SC0,11/09/2011,Hibernian,Aberdeen,0,0,D,0,0,D,S O'Reilly,12,7,7,4,10,11,6,10,4,1,0,0,2.3,3.2,3.1,2.3,3.1,3.1,2.38,3.25,3.0,2011/12,€12.90m,€12.83m,2.5,3.2,3.1
SC0,17/09/2011,Aberdeen,Kilmarnock,2,2,D,1,2,A,I Brines,12,4,5,3,12,15,8,3,2,3,0,0,2.4,3.3,2.88,2.4,3.1,2.95,2.38,3.3,2.9,2011/12,€12.83m,€10.10m,2.4,3.3,3.12
SC0,17/09/2011,Dundee United,Inverness C,3,1,H,2,1,H,S Conroy,7,8,5,3,10,11,7,8,1,2,0,0,1.73,3.5,5.0,1.75,3.5,4.5,1.83,3.5,4.33,2011/12,€14.83m,€8.08m,1.8,3.6,5.0
SC0,17/09/2011,Dunfermline,Hibernian,2,2,D,0,1,A,C Murray,11,16,5,10,7,9,6,8,0,3,0,0,2.4,3.3,2.88,2.4,3.25,2.8,2.38,3.3,2.9,2011/12,€9.08m,€12.90m,2.5,3.4,2.88
SC0,17/09/2011,Hearts,St Mirren,2,0,H,1,0,H,C Richmond,5,1,0,1,11,10,13,2,1,3,0,0,1.73,3.5,5.0,1.7,3.4,5.0,1.8,3.3,5.0,2011/12,€19.68m,€8.93m,1.8,3.6,5.0
SC0,17/09/2011,Motherwell,St Johnstone,0,3,A,0,1,A,C Allan,6,7,3,6,3,12,5,4,0,2,0,0,1.91,3.4,4.0,1.88,3.25,4.1,1.83,3.4,4.5,2011/12,€8.53m,€12.93m,2.0,3.5,4.0
SC0,18/09/2011,Rangers,Celtic,4,2,H,1,2,A,C Thomson,13,6,6,5,8,19,3,3,0,2,0,1,2.4,3.3,2.88,2.3,3.2,3.0,2.5,3.1,3.0,2011/12,€59.90m,€66.18m,2.5,3.3,3.0
SC0,24/09/2011,Celtic,Inverness C,2,0,H,2,0,H,W Collum,7,4,4,2,7,13,5,9,0,1,0,0,1.17,6.5,17.0,1.16,6.5,15.5,1.2,6.5,13.0,2011/12,€66.18m,€8.08m,1.2,7.0,17.0
SC0,24/09/2011,Dunfermline,Rangers,0,4,A,0,2,A,I Brines,5,17,4,10,9,10,4,11,1,0,0,0,9.0,5.0,1.33,8.75,4.6,1.34,9.0,4.5,1.36,2011/12,€9.08m,€59.90m,9.5,5.0,1.33
SC0,24/09/2011,Hibernian,Dundee United,3,3,D,1,2,A,B Winter,9,7,7,4,8,7,7,4,2,2,0,0,2.9,3.25,2.4,2.8,3.1,2.5,2.62,3.3,2.62,2011/12,€12.90m,€14.83m,3.0,3.3,2.5
SC0,24/09/2011,Motherwell,Aberdeen,1,0,H,0,0,D,A Muir,8,8,5,7,10,18,2,5,1,2,0,0,2.2,3.25,3.3,2.1,3.2,3.4,2.1,3.3,3.6,2011/12,€8.53m,€12.83m,2.2,3.4,3.4
SC0,24/09/2011,St Mirren,Kilmarnock,3,0,H,2,0,H,S Finnie,11,7,5,4,11,8,1,9,2,3,0,0,2.5,3.3,2.75,2.45,3.15,2.8,2.4,3.3,2.88,2011/12,€8.93m,€10.10m,2.4,3.4,3.0
SC0,25/09/2011,St Johnstone,Hearts,2,0,H,1,0,H,S O'Reilly,6,7,3,4,17,10,5,6,3,4,0,0,2.88,3.3,2.4,3.1,3.1,2.3,2.9,3.3,2.4,2011/12,€12.93m,€19.68m,3.2,3.4,2.3
SC0,27/09/2011,Rangers,Kilmarnock,2,0,H,0,0,D,W Collum,23,6,9,2,9,9,13,7,1,3,0,0,1.2,6.0,14.0,1.18,6.25,14.0,1.22,6.0,13.0,2011/12,€59.90m,€10.10m,1.22,6.5,15.0
SC0,28/09/2011,Hibernian,St Johnstone,3,2,H,2,1,H,S Conroy,6,10,2,2,10,4,3,4,1,1,0,0,2.3,3.2,3.2,2.25,3.1,3.2,2.38,3.25,3.0,2011/12,€12.90m,€12.93m,2.38,3.3,3.12
SC0,30/09/2011,Aberdeen,Dunfermline,4,0,H,3,0,H,B Madden,27,6,12,3,13,5,15,4,0,0,0,0,1.8,3.5,4.5,1.8,3.4,4.33,1.91,3.4,4.0,2011/12,€12.83m,€9.08m,1.83,3.6,4.5
SC0,01/10/2011,Dundee United,Motherwell,1,3,A,0,2,A,S McLean,6,4,3,2,8,9,3,4,0,0,0,0,2.2,3.3,3.25,2.15,3.3,3.2,2.2,3.3,3.25,2011/12,€14.83m,€8.53m,2.15,3.5,3.4
SC0,01/10/2011,Inverness C,St Mirren,2,1,H,1,1,D,G Salmond,9,4,5,3,16,12,8,7,1,1,0,0,2.5,3.3,2.75,2.5,3.1,2.8,2.5,3.3,2.75,2011/12,€8.08m,€8.93m,2.4,3.3,2.88
SC0,01/10/2011,Kilmarnock,St Johnstone,1,2,A,1,1,D,I Brines,12,7,7,5,4,5,12,9,1,1,0,0,2.2,3.25,3.3,2.0,3.2,3.75,2.25,3.3,3.2,2011/12,€10.10m,€12.93m,2.15,3.5,3.4
SC0,01/10/2011,Rangers,Hibernian,1,0,H,0,0,D,S O'Reilly,16,10,10,3,7,12,6,3,1,1,0,0,1.2,6.5,13.0,1.2,5.75,13.5,1.2,6.5,13.0,2011/12,€59.90m,€12.90m,1.2,7.0,15.0
SC0,02/10/2011,Hearts,Celtic,2,0,H,0,0,D,C Thomson,7,13,4,7,16,17,3,12,2,1,0,1,5.0,3.8,1.67,5.0,3.6,1.67,5.5,3.6,1.67,2011/12,€19.68m,€66.18m,5.0,3.8,1.73
SC0,15/10/2011,Aberdeen,Dundee United,3,1,H,1,0,H,W Collum,6,7,3,1,16,11,2,7,1,2,0,0,2.38,3.25,3.0,2.35,3.25,2.9,2.5,3.3,2.8,2011/12,€12.83m,€14.83m,2.38,3.5,3.0
SC0,15/10/2011,Dunfermline,Hearts,0,2,A,0,1,A,S O'Reilly,1,7,0,4,10,11,6,2,3,1,0,0,4.2,3.5,1.83,3.9,3.3,1.91,3.75,3.5,1.95,2011/12,€9.08m,€19.68m,4.0,3.8,1.85
SC0,15/10/2011,Hibernian,Motherwell,0,1,A,0,1,A,E Norris,10,10,3,4,9,8,4,7,2,1,0,0,2.5,3.2,2.8,2.45,3.25,2.75,2.5,3.3,2.8,2011/12,€12.90m,€8.53m,2.6,3.4,2.75
SC0,15/10/2011,Kilmarnock,Celtic,3,3,D,3,0,H,S Conroy,11,14,7,8,14,10,3,2,3,3,0,0,8.5,4.75,1.36,8.25,4.4,1.37,9.0,4.5,1.36,2011/12,€10.10m,€66.18m,10.0,5.0,1.36
SC0,15/10/2011,Rangers,St Mirren,1,1,D,0,0,D,C Allan,19,12,13,6,9,8,8,9,0,2,0,0,1.2,6.0,16.0,1.18,6.0,15.0,1.2,6.0,15.0,2011/12,€59.90m,€8.93m,1.2,6.5,17.0
SC0,15/10/2011,St Johnstone,Inverness C,2,0,H,1,0,H,C Thomson,11,4,5,1,11,11,5,6,2,1,0,0,2.0,3.4,3.75,1.91,3.25,4.0,1.91,3.4,4.0,2011/12,€12.93m,€8.08m,2.05,3.4,3.8
SC0,22/10/2011,Dundee United,St Johnstone,0,0,D,0,0,D,A Muir,9,1,4,0,12,8,1,3,2,2,0,0,2.0,3.4,3.75,2.1,3.4,3.25,2.1,3.4,3.4,2011/12,€14.83m,€12.93m,2.05,3.5,3.8
SC0,22/10/2011,Inverness C,Dunfermline,1,1,D,1,0,H,S McLean,10,8,5,2,11,7,6,6,2,0,0,0,1.83,3.5,4.33,1.95,3.4,3.6,1.91,3.4,3.75,2011/12,€8.08m,€9.08m,1.85,3.6,4.33
SC0,22/10/2011,Motherwell,Kilmarnock,0,0,D,0,0,D,C Thomson,9,14,5,7,12,15,12,5,3,1,0,0,1.91,3.4,4.0,1.95,3.3,3.8,1.8,3.6,4.33,2011/12,€8.53m,€10.10m,2.0,3.5,4.0
SC0,22/10/2011,St Mirren,Hibernian,2,3,A,2,3,A,B Madden,16,7,8,5,5,17,6,3,1,1,0,0,2.1,3.4,3.4,2.2,3.1,3.3,2.2,3.3,3.25,2011/12,€8.93m,€12.90m,2.15,3.4,3.6
SC0,23/10/2011,Celtic,Aberdeen,2,1,H,1,0,H,S O'Reilly,15,2,7,1,4,17,7,4,0,5,0,1,1.25,6.0,10.0,1.25,5.25,11.0,1.29,5.5,10.0,2011/12,€66.18m,€12.83m,1.29,6.0,11.0
SC0,23/10/2011,Hearts,Rangers,0,2,A,0,1,A,C Murray,16,7,12,4,12,14,6,3,4,2,0,0,5.0,3.5,1.73,5.0,3.6,1.65,5.0,3.5,1.73,2011/12,€19.68m,€59.90m,5.0,3.75,1.75
SC0,29/10/2011,Aberdeen,Rangers,1,2,A,0,0,D,W Collum,7,9,5,5,16,13,1,2,4,2,1,0,7.0,4.0,1.5,6.5,4.1,1.53,7.5,4.33,1.44,2011/12,€12.83m,€59.90m,7.0,4.33,1.5
SC0,29/10/2011,Celtic,Hibernian,0,0,D,0,0,D,C Murray,8,9,4,4,8,14,0,3,0,1,0,0,1.22,6.0,13.0,1.2,5.75,13.5,1.2,6.5,15.0,2011/12,€66.18m,€12.90m,1.22,6.5,13.0
SC0,29/10/2011,Dunfermline,Dundee United,1,4,A,0,2,A,S O'Reilly,6,15,3,9,7,2,6,8,2,1,1,0,3.3,3.3,2.2,3.0,3.3,2.25,3.0,3.4,2.3,2011/12,€9.08m,€14.83m,3.5,3.3,2.2
SC0,29/10/2011,Hearts,Kilmarnock,0,1,A,0,0,D,A Muir,19,8,6,3,10,14,12,5,4,2,1,0,1.73,3.5,5.0,1.7,3.4,5.0,1.8,3.5,4.5,2011/12,€19.68m,€10.10m,1.7,3.6,5.5
SC0,29/10/2011,Inverness C,Motherwell,2,3,A,1,1,D,C Allan,12,5,7,3,11,10,6,4,1,2,1,0,2.8,3.2,2.5,2.85,3.2,2.4,3.0,3.25,2.38,2011/12,€8.08m,€8.53m,2.88,3.4,2.5
SC0,29/10/2011,St Johnstone,St Mirren,0,1,A,0,0,D,E Norris,9,13,3,4,10,6,6,9,1,1,0,0,2.3,3.2,3.1,2.45,3.0,2.95,2.1,3.3,3.5,2011/12,€12.93m,€8.93m,2.4,3.2,3.2
SC0,05/11/2011,Hibernian,Dunfermline,0,1,A,0,1,A,C Thomson,7,3,4,2,14,11,8,5,1,2,0,0,1.8,3.5,4.5,1.72,3.7,4.4,1.73,3.75,4.5,2011/12,€12.90m,€9.08m,1.75,3.8,4.75
SC0,05/11/2011,Kilmarnock,Inverness C,3,6,A,1,1,D,B Madden,4,13,3,10,12,10,3,6,2,2,0,0,2.1,3.25,3.6,2.05,3.3,3.4,1.91,3.4,4.0,2011/12,€10.10m,€8.08m,2.05,3.5,3.75
SC0,05/11/2011,Rangers,Dundee United,3,1,H,1,0,H,B Winter,8,5,5,2,5,8,3,2,2,1,1,0,1.25,5.5,12.0,1.23,5.5,11.5,1.25,5.5,12.0,2011/12,€59.90m,€14.83m,1.3,5.5,12.0
SC0,05/11/2011,St Mirren,Hearts,0,0,D,0,0,D,S Conroy,12,12,6,5,7,8,13,5,0,0,0,0,2.88,3.3,2.4,3.0,3.0,2.4,2.75,3.3,2.5,2011/12,€8.93m,€19.68m,2.88,3.25,2.6
SC0,06/11/2011,Motherwell,Celtic,1,2,A,1,1,D,C Richmond,4,5,3,4,20,8,11,2,2,1,1,0,6.0,4.0,1.53,6.25,4.1,1.55,5.5,3.75,1.62,2011/12,€8.53m,€66.18m,6.5,4.2,1.53
SC0,19/11/2011,Aberdeen,Motherwell,1,2,A,1,1,D,C Murray,11,3,3,2,9,8,5,3,0,0,0,0,2.5,3.2,2.8,2.5,3.1,2.8,2.5,3.3,2.75,2011/12,€12.83m,€8.53m,2.6,3.3,2.88
SC0,19/11/2011,Dundee United,Hearts,1,0,H,1,0,H,W Collum,4,7,1,3,11,6,4,6,4,2,0,0,2.5,3.25,2.8,2.45,3.1,2.85,2.5,3.3,2.75,2011/12,€14.83m,€19.68m,2.6,3.2,2.88
SC0,19/11/2011,Hibernian,Kilmarnock,1,1,D,0,1,A,S Finnie,7,16,5,10,16,10,0,3,3,1,0,0,2.38,3.4,2.88,2.3,3.25,2.95,2.38,3.4,2.88,2011/12,€12.90m,€10.10m,2.4,3.4,3.0
SC0,19/11/2011,Inverness C,Celtic,0,2,A,0,0,D,S O'Reilly,4,9,3,5,14,9,3,7,3,3,1,0,7.0,4.33,1.44,7.0,4.5,1.4,7.5,4.5,1.4,2011/12,€8.08m,€66.18m,7.5,4.6,1.44
SC0,19/11/2011,Rangers,St Johnstone,0,0,D,0,0,D,E Norris,9,5,7,2,16,6,1,6,2,3,0,0,1.29,5.0,11.0,1.28,5.0,10.0,1.25,5.5,12.0,2011/12,€59.90m,€12.93m,1.3,5.5,11.0
SC0,19/11/2011,St Mirren,Dunfermline,2,1,H,2,0,H,C Allan,16,7,8,3,11,16,8,4,1,1,0,0,1.7,3.6,5.0,1.7,3.5,4.75,1.73,3.5,5.0,2011/12,€8.93m,€9.08m,1.73,3.75,5.0
SC0,23/11/2011,Celtic,Dunfermline,2,1,H,2,0,H,B Madden,16,6,7,2,10,11,2,4,1,0,0,0,1.17,6.5,17.0,1.18,6.25,14.0,1.17,7.0,15.0,2011/12,€66.18m,€9.08m,1.18,7.5,19.0
SC0,26/11/2011,Celtic,St Mirren,5,0,H,2,0,H,S McLean,14,4,10,0,9,7,6,6,2,1,0,0,1.25,5.5,12.0,1.2,5.75,13.5,1.25,5.5,12.0,2011/12,€66.18m,€8.93m,1.29,6.0,13.0
SC0,26/11/2011,Dunfermline,Aberdeen,3,3,D,0,1,A,G Salmond,6,10,5,3,9,15,4,12,3,3,0,0,3.2,3.4,2.2,3.1,3.2,2.25,2.9,3.3,2.38,2011/12,€9.08m,€12.83m,3.3,3.4,2.3
SC0,26/11/2011,Hearts,Inverness C,2,1,H,0,0,D,C Thomson,14,7,12,2,9,10,5,3,2,1,0,0,1.83,3.5,4.33,1.8,3.3,4.5,1.8,3.5,4.5,2011/12,€19.68m,€8.08m,1.95,3.5,4.33
SC0,26/11/2011,Motherwell,Dundee United,0,0,D,0,0,D,I Brines,5,9,4,7,11,6,5,8,1,0,0,0,2.2,3.4,3.2,2.15,3.2,3.3,2.1,3.3,3.5,2011/12,€8.53m,€14.83m,2.25,3.5,3.3
SC0,26/11/2011,St Johnstone,Hibernian,3,1,H,2,1,H,B Madden,10,7,4,2,9,7,4,1,0,1,0,0,2.1,3.4,3.4,2.15,3.2,3.3,2.0,3.4,3.75,2011/12,€12.93m,€12.90m,2.05,3.4,3.8
SC0,27/11/2011,Kilmarnock,Rangers,1,0,H,0,0,D,A Muir,8,10,6,6,15,9,7,4,1,1,0,0,7.0,4.0,1.5,7.5,4.1,1.42,7.0,4.33,1.44,2011/12,€10.10m,€59.90m,7.5,4.4,1.5
SC0,03/12/2011,Hearts,St Johnstone,1,2,A,0,1,A,S O'Reilly,7,4,4,1,12,14,9,5,1,2,0,0,2.0,3.2,4.0,1.95,3.2,3.9,2.0,3.4,3.75,2011/12,€19.68m,€12.93m,2.05,3.4,4.0
SC0,03/12/2011,Kilmarnock,Aberdeen,2,0,H,1,0,H,C Allan,3,3,3,2,8,13,3,7,1,2,0,0,2.2,3.25,3.25,2.25,3.2,3.1,2.1,3.4,3.4,2011/12,€10.10m,€12.83m,2.3,3.4,3.3
SC0,03/12/2011,Rangers,Dunfermline,2,1,H,2,1,H,S Conroy,18,7,7,2,1,6,9,2,1,1,0,0,1.14,7.0,21.0,1.14,6.75,18.0,1.17,7.0,15.0,2011/12,€59.90m,€9.08m,1.17,7.5,21.0
SC0,03/12/2011,St Mirren,Inverness C,1,2,A,1,1,D,E Norris,8,12,4,5,10,6,8,7,0,2,0,0,2.1,3.4,3.4,2.05,3.4,3.35,1.91,3.4,4.0,2011/12,€8.93m,€8.08m,2.15,3.5,3.6
SC0,04/12/2011,Dundee United,Celtic,0,1,A,0,1,A,C Thomson,4,12,1,4,7,8,2,6,2,0,0,0,5.5,3.75,1.62,5.5,4.0,1.55,6.5,3.8,1.53,2011/12,€14.83m,€66.18m,6.0,3.8,1.67
SC0,10/12/2011,Aberdeen,St Mirren,2,2,D,2,1,H,S Finnie,8,8,3,4,15,11,2,3,4,2,1,0,2.1,3.3,3.5,2.15,3.1,3.4,2.25,3.3,3.1,2011/12,€12.83m,€8.93m,2.15,3.4,3.5
SC0,10/12/2011,Celtic,Hearts,1,0,H,0,0,D,C Murray,8,4,5,1,9,14,7,6,0,3,0,0,1.33,5.0,9.0,1.28,5.0,10.0,1.29,5.0,11.0,2011/12,€66.18m,€19.68m,1.33,5.0,10.0
SC0,10/12/2011,Hibernian,Rangers,0,2,A,0,0,D,I Brines,8,4,4,2,13,8,4,4,1,3,0,0,7.5,4.2,1.44,6.75,3.9,1.48,8.0,4.0,1.44,2011/12,€12.90m,€59.90m,8.5,4.5,1.44
SC0,10/12/2011,Inverness C,Dundee United,2,3,A,1,0,H,S McLean,7,4,4,2,17,14,4,10,2,2,1,0,2.75,3.3,2.5,2.75,3.25,2.45,2.62,3.3,2.6,2011/12,€8.08m,€14.83m,2.75,3.5,2.5
SC0,10/12/2011,St Johnstone,Motherwell,0,3,A,0,2,A,A Muir,10,7,1,4,8,13,5,3,1,1,0,0,2.5,3.3,2.8,2.5,3.1,2.8,2.5,3.3,2.75,2011/12,€12.93m,€8.53m,2.6,3.25,2.88
SC0,13/12/2011,St Johnstone,Aberdeen,1,2,A,0,1,A,S McLean,12,7,8,4,5,11,8,4,0,2,0,1,2.25,3.2,3.25,2.25,3.0,3.3,2.1,3.3,3.5,2011/12,€12.93m,€12.83m,2.3,3.25,3.4
SC0,17/12/2011,Aberdeen,Hibernian,1,0,H,0,0,D,C Thomson,3,13,1,9,14,14,2,7,1,3,1,0,2.1,3.25,3.6,2.1,3.1,3.6,2.1,3.4,3.4,2011/12,€12.83m,€12.90m,2.1,3.4,3.6
SC0,17/12/2011,Hearts,Dunfermline,4,0,H,2,0,H,C Richmond,16,8,8,2,6,16,7,6,2,4,0,0,1.57,3.75,6.0,1.55,3.6,6.5,1.62,3.75,5.5,2011/12,€19.68m,€9.08m,1.53,4.0,6.5
SC0,17/12/2011,Kilmarnock,Dundee United,1,1,D,0,0,D,W Collum,9,19,4,7,7,7,1,11,0,0,0,0,2.4,3.3,2.88,2.4,3.2,2.85,2.38,3.3,2.9,2011/12,€10.10m,€14.83m,2.5,3.5,2.75
SC0,17/12/2011,Motherwell,St Mirren,1,1,D,0,0,D,C Murray,11,16,8,10,18,5,11,7,5,2,0,0,1.91,3.4,4.0,1.88,3.2,4.25,1.8,3.5,4.5,2011/12,€8.53m,€8.93m,1.95,3.5,4.0
SC0,17/12/2011,Rangers,Inverness C,2,1,H,0,0,D,B Madden,15,11,8,5,13,16,9,4,3,2,0,0,1.22,6.0,13.0,1.23,5.5,11.5,1.22,6.0,12.0,2011/12,€59.90m,€8.08m,1.25,6.0,15.0
SC0,18/12/2011,St Johnstone,Celtic,0,2,A,0,0,D,E Norris,4,18,3,11,13,6,3,6,3,1,0,0,6.5,4.0,1.5,6.25,3.9,1.5,7.0,4.33,1.44,2011/12,€12.93m,€66.18m,7.5,4.2,1.5
SC0,24/12/2011,Celtic,Kilmarnock,2,1,H,1,0,H,G Salmond,10,5,4,2,12,14,8,2,1,2,0,0,1.25,5.5,12.0,1.25,5.25,11.0,1.25,6.0,10.0,2011/12,€66.18m,€10.10m,1.25,6.0,13.0
SC0,24/12/2011,Dundee United,Hibernian,3,1,H,0,1,A,S O'Reilly,7,4,4,3,5,4,8,6,1,4,0,0,1.83,3.4,4.5,1.8,3.4,4.33,1.8,3.5,4.5,2011/12,€14.83m,€12.90m,1.85,3.6,4.4
SC0,24/12/2011,Dunfermline,St Johnstone,0,3,A,0,1,A,C Thomson,1,10,0,5,8,9,2,6,0,0,0,0,3.3,3.3,2.2,3.4,3.1,2.15,3.4,3.4,2.1,2011/12,€9.08m,€12.93m,3.4,3.4,2.2
SC0,24/12/2011,Hearts,Motherwell,2,0,H,2,0,H,C Allan,18,3,9,1,5,15,6,2,0,2,0,0,2.1,3.3,3.5,2.1,3.2,3.4,2.2,3.3,3.25,2011/12,€19.68m,€8.53m,2.2,3.4,3.4
SC0,24/12/2011,Inverness C,Aberdeen,2,1,H,0,0,D,A Muir,11,5,5,2,11,17,5,4,2,1,0,0,2.4,3.3,2.88,2.45,3.1,2.85,2.38,3.4,2.88,2011/12,€8.08m,€12.83m,2.5,3.25,3.0
SC0,24/12/2011,St Mirren,Rangers,2,1,H,2,1,H,S McLean,9,6,5,1,9,11,4,2,2,4,0,2,7.5,4.2,1.44,6.5,4.2,1.45,7.0,4.33,1.44,2011/12,€8.93m,€59.90m,7.5,4.5,1.44
SC0,28/12/2011,Aberdeen,Hearts,0,0,D,0,0,D,B Winter,6,3,1,2,10,6,2,3,1,0,0,0,2.75,3.3,2.5,2.7,3.25,2.7,2.62,3.3,2.62,2011/12,€12.83m,€19.68m,3.1,3.3,2.5
SC0,28/12/2011,Celtic,Rangers,1,0,H,0,0,D,W Collum,14,6,9,2,11,22,7,4,1,3,0,0,2.0,3.3,3.75,1.91,3.3,3.9,2.0,3.2,4.0,2011/12,€66.18m,€59.90m,2.05,3.4,4.0
SC0,28/12/2011,Hibernian,Inverness C,1,1,D,1,1,D,S McLean,5,8,2,3,11,13,4,5,3,2,0,0,2.38,3.25,3.0,2.3,3.2,3.0,2.37,3.3,2.9,2011/12,€12.90m,€8.08m,2.5,3.3,3.0
SC0,28/12/2011,St Johnstone,Kilmarnock,2,0,H,2,0,H,I Brines,12,13,8,6,14,8,6,11,1,1,0,0,2.3,3.25,3.1,2.4,3.1,2.95,2.37,3.3,2.9,2011/12,€12.93m,€10.10m,2.4,3.3,3.25
SC0,28/12/2011,St Mirren,Dundee United,2,2,D,2,2,D,C Thomson,13,12,7,9,7,12,10,9,0,1,0,0,2.8,3.25,2.5,2.9,3.2,2.55,2.6,3.3,2.5,2011/12,€8.93m,€14.83m,3.0,3.4,2.5
SC0,02/01/2012,Dundee United,Aberdeen,1,2,A,1,0,H,S McLean,12,7,9,4,10,14,10,1,1,0,0,0,2.0,3.4,3.75,2.0,3.4,3.9,2.0,3.4,3.75,2011/12,€14.83m,€12.83m,2.0,3.5,4.0
SC0,02/01/2012,Dunfermline,Celtic,0,3,A,0,2,A,I Brines,3,8,0,3,10,4,1,6,2,1,0,0,12.0,5.5,1.25,11.0,5.25,1.3,10.0,6.0,1.25,2011/12,€9.08m,€66.18m,12.0,5.5,1.29
SC0,02/01/2012,Hibernian,Hearts,1,3,A,0,0,D,C Murray,7,14,2,8,17,7,2,2,4,1,0,0,3.2,3.25,2.25,3.2,3.1,2.25,3.0,3.25,2.37,2011/12,€12.90m,€19.68m,3.5,3.2,2.25
SC0,02/01/2012,Kilmarnock,St Mirren,2,1,H,1,1,D,B Madden,8,10,4,4,10,11,4,4,1,0,0,0,2.1,3.3,3.5,2.15,3.1,3.4,2.1,3.4,3.4,2011/12,€10.10m,€8.93m,2.25,3.3,3.4
SC0,02/01/2012,Rangers,Motherwell,3,0,H,1,0,H,E Norris,14,4,10,2,11,14,11,2,2,1,0,0,1.33,5.0,9.0,1.3,4.6,10.5,1.33,4.5,10.0,2011/12,€59.90m,€8.53m,1.33,5.0,12.0
SC0,14/01/2012,Aberdeen,Kilmarnock,0,0,D,0,0,D,C Murray,7,6,1,3,7,5,9,2,1,1,0,0,2.1,3.3,3.5,2.2,3.2,3.2,2.1,3.4,3.4,2011/12,€12.83m,€10.10m,2.15,3.25,3.5
SC0,14/01/2012,Celtic,Dundee United,2,1,H,2,0,H,B Winter,11,5,8,3,3,14,7,8,0,2,0,0,1.22,6.0,13.0,1.2,5.75,14.0,1.22,6.0,12.0,2011/12,€66.18m,€14.83m,1.22,6.0,13.0
SC0,14/01/2012,Dunfermline,Hibernian,2,3,A,1,1,D,A Muir,10,9,6,8,12,12,5,8,2,5,0,0,2.75,3.3,2.5,2.75,3.25,2.45,2.75,3.3,2.5,2011/12,€9.08m,€12.90m,2.88,3.3,2.5
SC0,14/01/2012,Hearts,St Mirren,5,2,H,2,2,D,S McLean,8,10,5,5,10,14,4,8,1,2,1,0,1.73,3.5,5.0,1.72,3.4,5.0,1.73,3.5,5.0,2011/12,€19.68m,€8.93m,1.7,3.25,4.6
SC0,14/01/2012,Motherwell,Inverness C,0,1,A,0,0,D,B Madden,9,10,2,5,6,11,8,6,0,0,0,0,1.91,3.4,4.0,1.95,3.4,3.7,1.83,3.5,4.2,2011/12,€8.53m,€8.08m,1.91,3.4,4.0
SC0,14/01/2012,St Johnstone,Rangers,1,2,A,0,1,A,C Thomson,6,18,1,11,12,13,1,3,1,3,0,0,6.0,4.0,1.53,6.5,3.8,1.5,6.0,4.0,1.53,2011/12,€12.93m,€59.90m,7.5,4.2,1.44
SC0,21/01/2012,Dundee United,Motherwell,1,1,D,1,0,H,S O'Reilly,11,9,4,6,9,9,2,8,1,1,0,0,2.15,3.3,3.4,2.1,3.3,3.3,2.2,3.3,3.3,2011/12,€14.83m,€8.53m,2.15,3.4,3.6
SC0,21/01/2012,Hibernian,St Johnstone,2,3,A,0,1,A,E Norris,10,9,3,3,11,19,6,4,2,4,0,0,2.75,3.2,2.6,2.65,3.1,2.65,2.8,3.3,2.5,2011/12,€12.90m,€12.93m,2.75,3.4,2.625
SC0,21/01/2012,Inverness C,Hearts,1,0,H,0,0,D,G Salmond,9,8,5,3,8,13,2,2,1,3,0,0,2.9,3.3,2.4,3.1,3.1,2.3,2.75,3.3,2.5,2011/12,€8.08m,€19.68m,3.1,3.3,2.4
SC0,21/01/2012,Kilmarnock,Dunfermline,0,3,A,0,1,A,W Collum,10,8,2,6,10,18,8,2,0,0,0,0,1.57,4.0,5.5,1.62,3.75,5.0,1.57,3.75,6.0,2011/12,€10.10m,€9.08m,1.571,4.2,6.0
SC0,21/01/2012,Rangers,Aberdeen,1,1,D,0,0,D,I Brines,18,7,8,5,6,18,12,4,1,3,0,0,1.33,4.75,10.0,1.3,4.75,10.0,1.3,5.0,10.0,2011/12,€59.90m,€12.83m,1.333,5.0,11.0
SC0,21/01/2012,St Mirren,Celtic,0,2,A,0,0,D,C Allan,15,6,6,4,11,13,6,11,1,2,0,0,8.5,4.75,1.36,9.0,4.4,1.35,8.0,4.5,1.4,2011/12,€8.93m,€66.18m,9.0,4.75,1.4
SC0,24/01/2012,Motherwell,Dunfermline,3,1,H,1,0,H,A Muir,6,9,4,5,14,13,3,6,3,1,1,0,1.6,3.75,5.75,1.53,3.9,5.75,1.53,4.0,6.0,2011/12,€8.53m,€9.08m,1.67,3.8,5.5
SC0,28/01/2012,Aberdeen,Dunfermline,1,0,H,1,0,H,C Thomson,16,3,7,3,8,11,5,6,0,1,0,0,1.57,3.8,6.0,1.62,3.8,5.0,1.57,3.75,6.0,2011/12,€12.83m,€9.08m,1.62,4.0,6.0
SC0,28/01/2012,Inverness C,St Mirren,0,0,D,0,0,D,S Finnie,11,9,2,6,9,14,5,4,3,2,0,0,2.1,3.4,3.4,2.15,3.25,3.25,2.1,3.4,3.4,2011/12,€8.08m,€8.93m,2.15,3.5,3.5
SC0,28/01/2012,Motherwell,St Johnstone,3,2,H,1,1,D,C Murray,11,17,6,12,9,16,3,6,1,4,0,0,2.2,3.3,3.25,2.2,3.1,3.3,2.2,3.2,3.4,2011/12,€8.53m,€12.93m,2.3,3.3,3.25
SC0,28/01/2012,Rangers,Hibernian,4,0,H,1,0,H,C Richmond,19,9,8,5,9,10,2,1,1,2,0,1,1.25,6.0,10.0,1.2,5.5,15.5,1.25,6.0,10.0,2011/12,€59.90m,€12.90m,1.25,6.0,15.0
SC0,07/02/2012,Dunfermline,Kilmarnock,1,1,D,1,1,D,C Murray,6,10,3,6,15,8,4,4,2,0,0,0,3.4,3.4,2.1,3.3,3.3,2.1,3.2,3.4,2.2,2011/12,€9.08m,€10.10m,3.3,3.5,2.2
SC0,08/02/2012,Hearts,Celtic,0,4,A,0,3,A,W Collum,7,12,3,4,9,12,6,10,4,2,0,0,5.0,3.6,1.7,5.25,3.5,1.65,5.0,3.5,1.73,2011/12,€19.68m,€66.18m,5.4,3.75,1.73
SC0,11/02/2012,Celtic,Inverness C,1,0,H,1,0,H,S McLean,6,3,4,0,13,14,4,4,0,4,1,1,1.25,5.5,12.0,1.22,5.5,13.0,1.25,5.5,12.0,2011/12,€66.18m,€8.08m,1.25,5.75,15.0
SC0,11/02/2012,Dunfermline,Rangers,1,4,A,1,2,A,B Winter,6,13,4,7,12,7,3,9,2,1,0,0,11.0,5.0,1.29,11.0,5.25,1.25,9.0,5.0,1.33,2011/12,€9.08m,€59.90m,11.0,5.4,1.3
SC0,11/02/2012,Hibernian,Aberdeen,0,0,D,0,0,D,A Crawford,8,5,3,2,9,15,8,8,1,0,0,0,2.6,3.2,2.75,2.55,3.2,2.65,2.6,3.2,2.7,2011/12,€12.90m,€12.83m,2.6,3.2,2.9
SC0,11/02/2012,Kilmarnock,Hearts,1,1,D,0,0,D,E Norris,5,8,2,3,11,16,3,5,2,2,1,1,2.63,3.25,2.63,2.8,3.1,2.5,2.8,3.25,2.5,2011/12,€10.10m,€19.68m,2.88,3.25,2.62
SC0,11/02/2012,St Johnstone,Dundee United,1,5,A,0,1,A,I Brines,8,11,2,5,11,13,8,6,2,2,0,0,2.63,3.2,2.7,2.6,3.2,2.6,2.5,3.25,2.8,2011/12,€12.93m,€14.83m,2.7,3.25,2.75
SC0,11/02/2012,St Mirren,Motherwell,0,0,D,0,0,D,C Charleston,9,5,2,2,12,15,7,7,2,4,0,0,2.5,3.2,2.88,2.55,3.1,2.75,2.62,3.25,2.62,2011/12,€8.93m,€8.53m,2.6,3.25,2.88
SC0,18/02/2012,Dundee United,St Mirren,0,0,D,0,0,D,B Winter,6,3,2,1,10,11,8,3,1,4,0,0,1.73,3.6,4.75,1.78,3.4,4.5,1.73,3.5,5.0,2011/12,€14.83m,€8.93m,1.8,3.6,4.75
SC0,18/02/2012,Dunfermline,Inverness C,1,1,D,1,0,H,B Madden,8,9,2,3,7,12,5,6,0,0,0,0,3.5,3.3,2.1,3.3,3.3,2.1,3.3,3.25,2.2,2011/12,€9.08m,€8.08m,3.6,3.3,2.15
SC0,18/02/2012,Motherwell,Hearts,3,0,H,2,0,H,A Muir,13,12,8,6,17,12,3,2,3,1,1,0,2.5,3.25,2.8,2.6,2.85,2.9,2.5,3.3,2.75,2011/12,€8.53m,€19.68m,2.62,3.3,2.8
SC0,18/02/2012,Rangers,Kilmarnock,0,1,A,0,1,A,I Brines,12,7,7,1,12,11,10,1,1,2,1,0,1.36,4.75,8.0,1.31,4.75,9.5,1.33,5.0,9.0,2011/12,€59.90m,€10.10m,1.4,4.75,9.0
SC0,19/02/2012,Aberdeen,St Johnstone,0,0,D,0,0,D,G Salmond,12,7,2,3,10,11,3,2,1,3,0,0,2.2,3.25,3.3,2.15,3.1,3.4,2.2,3.3,3.25,2011/12,€12.83m,€12.93m,2.38,3.2,3.25
SC0,19/02/2012,Hibernian,Celtic,0,5,A,0,2,A,C Thomson,9,12,1,9,10,12,4,5,2,1,0,0,9.0,5.0,1.33,9.5,4.75,1.31,9.0,5.0,1.33,2011/12,€12.90m,€66.18m,9.0,4.8,1.36
SC0,21/02/2012,Dundee United,Kilmarnock,4,0,H,0,0,D,C Thomson,24,4,12,3,4,8,4,4,1,3,0,1,1.83,3.5,4.33,1.78,3.4,4.5,1.83,3.4,4.33,2011/12,€14.83m,€10.10m,1.85,3.5,4.75
SC0,22/02/2012,Celtic,Dunfermline,2,0,H,1,0,H,S O'Reilly,27,3,16,3,5,7,16,3,0,1,0,0,1.13,7.5,21.0,1.1,8.0,23.0,1.14,7.5,17.0,2011/12,€66.18m,€9.08m,1.12,9.5,26.0
SC0,22/02/2012,Motherwell,Hibernian,4,3,H,0,1,A,S McLean,15,10,10,6,10,17,10,7,2,4,0,0,1.73,3.5,5.0,1.65,3.6,5.0,1.67,3.6,5.0,2011/12,€8.53m,€12.90m,1.73,3.75,4.8
SC0,25/02/2012,Celtic,Motherwell,1,0,H,0,0,D,A Crawford,12,2,7,1,10,20,9,2,1,4,0,0,1.33,5.0,9.0,1.3,4.75,10.0,1.33,5.0,9.0,2011/12,€66.18m,€8.53m,1.33,5.25,11.0
SC0,25/02/2012,Hearts,Dundee United,0,2,A,0,1,A,C Murray,7,6,5,3,11,9,7,4,2,2,0,0,2.38,3.25,3.0,2.35,3.1,3.0,2.38,3.25,3.0,2011/12,€19.68m,€14.83m,2.5,3.3,3.0
SC0,25/02/2012,Kilmarnock,Hibernian,1,3,A,0,1,A,S O'Reilly,5,7,2,5,6,17,8,1,1,2,0,0,1.91,3.4,4.0,1.87,3.3,4.1,1.91,3.3,4.2,2011/12,€10.10m,€12.90m,2.05,3.4,4.0
SC0,25/02/2012,St Johnstone,Dunfermline,3,1,H,2,0,H,B Colvin,18,4,9,1,4,11,3,3,0,0,0,0,1.62,3.75,5.5,1.65,3.6,5.0,1.67,3.5,5.5,2011/12,€12.93m,€9.08m,1.67,3.9,5.5
SC0,25/02/2012,St Mirren,Aberdeen,1,1,D,0,0,D,S McLean,6,13,4,5,14,18,7,3,5,2,0,0,2.38,3.25,3.0,2.35,3.2,2.9,2.4,3.25,2.9,2011/12,€8.93m,€12.83m,2.4,3.2,3.2
SC0,26/02/2012,Inverness C,Rangers,1,4,A,1,3,A,W Collum,7,15,3,11,14,14,8,8,2,0,0,0,5.5,3.6,1.57,5.0,3.7,1.65,5.0,3.75,1.67,2011/12,€8.08m,€59.90m,5.25,3.75,1.67
SC0,03/03/2012,Aberdeen,Celtic,1,1,D,1,1,D,C Thomson,8,7,3,5,16,8,3,6,1,2,0,0,6.0,4.0,1.55,6.5,3.9,1.5,7.0,4.0,1.5,2011/12,€12.83m,€66.18m,6.5,4.1,1.55
SC0,03/03/2012,Dunfermline,Motherwell,0,2,A,0,0,D,B Winter,7,7,5,4,8,8,10,9,1,2,0,0,5.0,3.5,1.73,4.5,3.4,1.78,4.5,3.5,1.8,2011/12,€9.08m,€8.53m,5.0,3.5,1.83
SC0,03/03/2012,Hibernian,St Mirren,0,0,D,0,0,D,W Collum,12,6,7,3,9,13,7,4,2,3,0,0,2.1,3.4,3.4,2.1,3.2,3.4,2.15,3.3,3.4,2011/12,€12.90m,€8.93m,2.2,3.3,3.5
SC0,03/03/2012,Kilmarnock,St Johnstone,0,0,D,0,0,D,C Charleston,8,9,2,3,13,19,5,3,4,2,1,1,2.75,3.2,2.6,2.6,3.1,2.7,2.5,3.3,2.75,2011/12,€10.10m,€12.93m,2.8,3.3,2.62
SC0,03/03/2012,Rangers,Hearts,1,2,A,1,0,H,C Allan,8,4,5,2,9,11,3,3,4,1,0,0,1.7,3.8,4.75,1.62,3.7,5.25,1.57,3.75,5.0,2011/12,€59.90m,€19.68m,1.7,3.9,5.2
SC0,05/03/2012,Dundee United,Inverness C,3,0,H,1,0,H,A Muir,9,11,5,5,11,17,5,4,1,4,0,0,1.73,3.75,4.5,1.7,3.5,4.75,1.73,3.5,5.0,2011/12,€14.83m,€8.08m,1.7,3.9,5.2
SC0,10/03/2012,Inverness C,Kilmarnock,1,1,D,0,1,A,C Murray,17,3,8,1,10,10,6,9,0,0,0,0,2.2,3.25,3.25,2.1,3.3,3.3,2.2,3.25,3.25,2011/12,€8.08m,€10.10m,2.15,3.4,3.5
SC0,17/03/2012,Dundee United,Rangers,2,1,H,1,0,H,B Winter,8,12,4,8,8,16,3,6,2,4,0,0,2.63,3.4,2.38,2.6,3.45,2.45,2.6,3.4,2.6,2011/12,€14.83m,€59.90m,2.7,3.6,2.6
SC0,17/03/2012,Motherwell,Aberdeen,1,0,H,1,0,H,I Brines,8,11,6,4,7,17,4,4,2,4,0,0,2.15,3.25,3.5,2.15,3.2,3.3,2.1,3.4,3.4,2011/12,€8.53m,€12.83m,2.15,3.4,3.6
SC0,17/03/2012,St Mirren,St Johnstone,0,3,A,0,1,A,B Madden,7,10,4,7,10,8,9,3,3,2,0,0,2.38,3.2,3.0,2.4,3.1,2.95,2.5,3.1,2.88,2011/12,€8.93m,€12.93m,2.63,3.13,2.9
SC0,18/03/2012,Hearts,Hibernian,2,0,H,1,0,H,C Thomson,10,6,7,3,20,20,7,5,2,3,0,0,1.83,3.4,4.5,1.83,3.3,4.33,1.8,3.5,4.5,2011/12,€19.68m,€12.90m,1.87,3.5,4.5
SC0,24/03/2012,Aberdeen,Inverness C,0,1,A,0,1,A,S Finnie,9,9,3,3,11,11,4,0,3,2,0,1,2.1,3.25,3.5,2.1,3.1,3.6,2.0,3.4,3.75,2011/12,€12.83m,€8.08m,2.15,3.3,3.6
SC0,24/03/2012,Dunfermline,St Mirren,1,1,D,0,1,A,A Muir,8,11,5,3,26,12,8,7,5,1,0,0,3.4,3.4,2.1,3.2,3.2,2.2,3.1,3.3,2.3,2011/12,€9.08m,€8.93m,3.5,3.4,2.2
SC0,24/03/2012,Hibernian,Dundee United,0,2,A,0,0,D,G Salmond,4,11,2,6,10,13,4,9,1,0,0,0,3.5,3.25,2.1,3.4,3.25,2.1,3.2,3.4,2.2,2011/12,€12.90m,€14.83m,3.5,3.5,2.15
SC0,24/03/2012,Kilmarnock,Motherwell,2,0,H,0,0,D,C Allan,15,5,9,2,10,11,7,3,2,3,0,0,3.2,3.3,2.25,3.2,3.1,2.25,2.9,3.3,2.4,2011/12,€10.10m,€8.53m,3.3,3.3,2.3
SC0,24/03/2012,St Johnstone,Hearts,2,1,H,1,1,D,S McLean,6,6,5,2,7,10,8,3,2,2,0,0,2.4,3.3,2.9,2.5,3.0,2.9,2.4,3.3,2.9,2011/12,€12.93m,€19.68m,2.5,3.25,3.0
SC0,25/03/2012,Rangers,Celtic,3,2,H,1,0,H,C Murray,17,7,11,3,19,14,6,4,1,0,1,2,3.5,3.5,1.91,3.9,3.3,2.05,3.75,3.4,2.0,2011/12,€59.90m,€66.18m,3.8,3.5,2.0
SC0,28/03/2012,Inverness C,St Johnstone,0,1,A,0,1,A,W Collum,6,6,2,1,12,15,0,5,1,1,0,0,2.6,3.25,2.7,2.75,3.1,2.55,2.62,3.25,2.75,2011/12,€8.08m,€12.93m,2.7,3.25,2.75
SC0,31/03/2012,Dundee United,Dunfermline,3,0,H,0,0,D,J Beaton,9,1,6,0,9,8,6,5,1,3,0,0,1.36,4.75,8.5,1.42,4.2,7.25,1.4,4.5,8.0,2011/12,€14.83m,€9.08m,1.36,4.8,9.5
SC0,31/03/2012,Hearts,Aberdeen,3,0,H,1,0,H,W Collum,6,6,4,0,8,14,3,5,1,2,0,0,2.1,3.3,3.5,2.0,3.2,3.75,2.0,3.4,3.75,2011/12,€19.68m,€12.83m,2.1,3.3,3.8
SC0,31/03/2012,Motherwell,Rangers,1,2,A,1,1,D,I Brines,10,15,7,8,17,16,6,3,2,3,0,0,3.2,3.4,2.2,3.2,3.2,2.2,3.0,3.4,2.3,2011/12,€8.53m,€59.90m,3.3,3.3,2.25
SC0,31/03/2012,St Mirren,Kilmarnock,4,2,H,1,1,D,B Colvin,9,9,8,3,10,9,2,5,0,0,0,0,2.38,3.2,3.0,2.45,3.1,2.85,2.5,3.2,2.88,2011/12,€8.93m,€10.10m,2.5,3.2,3.1
SC0,01/04/2012,Celtic,St Johnstone,2,0,H,0,0,D,G Salmond,14,4,8,0,4,11,4,7,0,3,0,0,1.36,4.5,9.0,1.35,4.4,9.0,1.36,4.5,9.0,2011/12,€66.18m,€12.93m,1.36,4.8,9.5
SC0,01/04/2012,Inverness C,Hibernian,2,3,A,0,0,D,B Madden,7,5,3,5,10,11,11,5,1,2,0,0,2.1,3.4,3.4,2.1,3.2,3.4,2.2,3.3,3.5,2011/12,€8.08m,€12.90m,2.1,3.4,3.7
SC0,07/04/2012,Aberdeen,Dundee United,3,1,H,1,1,D,C Murray,10,4,8,1,19,8,9,4,3,0,0,0,3.2,3.4,2.2,3.3,3.2,2.15,3.2,3.4,2.3,2011/12,€12.83m,€14.83m,3.25,3.25,2.4
SC0,07/04/2012,Dunfermline,Hearts,1,2,A,0,0,D,S Finnie,7,7,4,6,10,9,8,5,1,2,0,0,4.5,3.5,1.8,4.5,3.5,1.75,4.33,3.5,1.83,2011/12,€9.08m,€19.68m,4.5,3.6,1.87
SC0,07/04/2012,Kilmarnock,Celtic,0,6,A,0,4,A,A Muir,4,12,2,9,9,9,2,8,3,1,0,0,7.0,4.0,1.5,6.5,3.9,1.5,6.0,4.0,1.53,2011/12,€10.10m,€66.18m,6.5,4.1,1.57
SC0,07/04/2012,Rangers,St Mirren,3,1,H,2,0,H,W Collum,7,7,4,5,14,13,5,10,3,4,0,1,1.36,4.75,8.0,1.31,4.75,9.5,1.4,4.5,8.0,2011/12,€59.90m,€8.93m,1.4,4.8,8.0
SC0,07/04/2012,St Johnstone,Inverness C,0,0,D,0,0,D,K Clancy,9,6,5,3,14,15,5,5,2,5,0,0,2.0,3.4,3.75,2.0,3.3,3.6,1.83,3.6,4.0,2011/12,€12.93m,€8.08m,2.1,3.4,3.8
SC0,08/04/2012,Hibernian,Motherwell,1,1,D,1,0,H,S O'Reilly,13,10,5,4,13,14,2,7,2,3,0,1,2.88,3.4,2.38,2.95,3.2,2.35,2.9,3.3,2.38,2011/12,€12.90m,€8.53m,3.0,3.4,2.4
SC0,21/04/2012,Hearts,Rangers,0,3,A,0,2,A,C Murray,8,6,4,5,8,15,6,4,1,3,0,0,3.2,3.25,2.25,3.2,3.3,2.3,3.0,3.25,2.38,2011/12,€19.68m,€59.90m,3.5,3.4,2.25
SC0,21/04/2012,Inverness C,Aberdeen,0,2,A,0,0,D,S McLean,11,5,4,1,12,15,3,1,1,3,0,0,2.4,3.3,2.88,2.5,3.1,2.8,2.5,3.2,2.88,2011/12,€8.08m,€12.83m,2.38,3.3,3.12
SC0,21/04/2012,St Johnstone,Dundee United,0,2,A,0,1,A,E Norris,6,13,6,6,16,13,1,9,2,1,1,0,2.88,3.3,2.4,2.75,3.25,2.45,2.8,3.3,2.4,2011/12,€12.93m,€14.83m,3.12,3.4,2.38
SC0,21/04/2012,St Mirren,Dunfermline,4,4,D,2,1,H,I Brines,15,15,6,9,12,11,3,4,1,2,0,0,1.67,3.5,5.5,1.65,3.5,5.25,1.73,3.5,5.0,2011/12,€8.93m,€9.08m,1.7,3.75,5.4
SC0,22/04/2012,Hibernian,Kilmarnock,0,1,A,0,1,A,C Thomson,10,1,3,0,11,11,13,6,3,1,0,0,2.25,3.25,3.2,2.3,3.2,3.0,2.3,3.3,3.25,2011/12,€12.90m,€10.10m,2.25,3.5,3.3
SC0,22/04/2012,Motherwell,Celtic,0,3,A,0,0,D,S O'Reilly,12,18,7,10,11,5,4,4,0,0,0,0,5.5,3.75,1.62,5.0,3.6,1.65,5.0,3.75,1.67,2011/12,€8.53m,€66.18m,5.75,3.8,1.7
SC0,28/04/2012,Dundee United,Hearts,2,2,D,1,1,D,W Collum,9,12,5,5,9,15,3,9,1,4,0,0,1.91,3.4,4.0,2.0,3.25,3.7,2.0,3.3,3.8,2011/12,€14.83m,€19.68m,1.95,3.6,4.0
SC0,28/04/2012,Dunfermline,Aberdeen,3,0,H,0,0,D,C Charleston,5,5,4,3,10,10,2,10,0,1,0,0,3.4,3.2,2.2,3.4,3.4,2.05,3.3,3.3,2.2,2011/12,€9.08m,€12.83m,3.5,3.5,2.15
SC0,28/04/2012,Kilmarnock,Inverness C,4,3,H,1,2,A,G Salmond,11,7,5,4,5,9,4,5,1,2,0,1,2.25,3.25,3.2,2.3,3.1,3.1,2.1,3.3,3.5,2011/12,€10.10m,€8.08m,2.4,3.25,3.12
SC0,28/04/2012,Motherwell,St Johnstone,5,1,H,2,0,H,B Madden,13,10,10,6,13,16,7,2,0,3,0,0,2.1,3.3,3.5,2.1,3.2,3.4,2.0,3.4,3.75,2011/12,€8.53m,€12.93m,2.15,3.4,3.5
SC0,29/04/2012,Celtic,Rangers,3,0,H,2,0,H,C Murray,13,8,8,4,13,9,8,3,1,2,0,0,1.73,3.75,4.5,1.78,3.7,4.6,1.8,3.5,4.5,2011/12,€66.18m,€59.90m,1.83,3.7,4.5
SC0,29/04/2012,St Mirren,Hibernian,1,0,H,0,0,D,S Finnie,8,14,4,7,18,14,8,6,3,3,1,1,2.4,3.3,2.9,2.3,3.2,3.0,2.38,3.25,3.0,2011/12,€8.93m,€12.90m,2.5,3.4,2.9
SC0,01/05/2012,Hearts,Motherwell,0,1,A,0,1,A,B Winter,12,7,3,5,11,15,1,3,0,0,0,0,2.2,3.3,3.25,2.2,3.1,3.3,2.3,3.25,3.1,2011/12,€19.68m,€8.53m,2.2,3.25,3.5
SC0,02/05/2012,Aberdeen,Hibernian,1,2,A,0,2,A,C Murray,10,10,3,5,11,6,4,4,1,0,0,0,2.25,3.4,3.1,2.1,3.2,3.4,2.3,3.4,3.1,2011/12,€12.83m,€12.90m,2.3,3.3,3.25
SC0,02/05/2012,Inverness C,Dunfermline,0,0,D,0,0,D,S O'Reilly,10,5,5,3,16,16,4,4,1,2,0,0,1.8,3.5,4.5,1.75,3.6,4.33,1.83,3.5,4.33,2011/12,€8.08m,€9.08m,1.8,3.75,4.5
SC0,02/05/2012,Kilmarnock,St Mirren,0,2,A,0,2,A,J Beaton,13,8,4,5,8,11,12,7,3,2,0,0,2.25,3.4,3.1,2.1,3.2,3.4,2.2,3.4,3.25,2011/12,€10.10m,€8.93m,2.3,3.3,3.25
SC0,02/05/2012,Rangers,Dundee United,5,0,H,3,0,H,A Muir,16,5,10,3,14,11,4,9,1,0,0,0,1.67,3.8,5.0,1.65,3.8,4.75,1.67,3.6,5.5,2011/12,€59.90m,€14.83m,1.67,4.0,5.5
SC0,03/05/2012,Celtic,St Johnstone,1,0,H,1,0,H,C Allan,11,6,6,1,8,12,5,4,0,1,0,0,1.29,5.0,11.0,1.33,4.5,9.5,1.36,4.5,9.0,2011/12,€66.18m,€12.93m,1.33,5.0,11.0
SC0,05/05/2012,Kilmarnock,Aberdeen,1,1,D,0,1,A,B Colvin,9,15,6,8,7,16,1,7,0,0,0,0,2.3,3.4,3.0,2.2,3.2,3.2,2.2,3.4,3.2,2011/12,€10.10m,€12.83m,2.45,3.3,3.12
SC0,05/05/2012,Rangers,Motherwell,0,0,D,0,0,D,W Collum,16,5,9,2,8,6,5,4,1,1,0,0,1.62,3.75,5.5,1.6,3.8,5.25,1.62,3.75,5.5,2011/12,€59.90m,€8.53m,1.6,4.1,6.25
SC0,05/05/2012,St Mirren,Inverness C,0,1,A,0,0,D,C Murray,7,6,3,3,13,8,9,6,1,0,0,0,2.3,3.4,3.0,2.2,3.2,3.2,2.25,3.4,3.2,2011/12,€8.93m,€8.08m,2.3,3.5,3.2
SC0,06/05/2012,Dundee United,Celtic,1,0,H,1,0,H,I Brines,1,6,1,5,10,6,4,8,1,1,0,0,4.5,3.5,1.8,4.1,3.6,1.8,3.75,3.5,1.73,2011/12,€14.83m,€66.18m,4.4,3.6,1.9
SC0,06/05/2012,Hearts,St Johnstone,2,0,H,1,0,H,S McLean,13,6,5,1,9,13,7,5,1,3,0,0,2.0,3.6,3.5,2.1,3.1,3.5,2.0,3.4,3.0,2011/12,€19.68m,€12.93m,2.0,3.5,4.0
SC0,07/05/2012,Hibernian,Dunfermline,4,0,H,3,0,H,E Norris,9,12,5,8,6,11,2,5,0,3,0,0,1.83,3.5,4.33,1.8,3.5,4.2,1.83,3.4,3.5,2011/12,€12.90m,€9.08m,1.87,3.5,4.8
SC0,12/05/2012,Aberdeen,St Mirren,0,0,D,0,0,D,W Collum,5,3,4,2,10,6,6,5,2,3,0,0,2.0,3.3,3.75,2.15,3.1,3.4,2.1,3.2,3.4,2011/12,€12.83m,€8.93m,2.15,3.3,3.7
SC0,12/05/2012,Dunfermline,Kilmarnock,1,2,A,1,0,H,K Clancy,5,19,4,9,11,9,2,10,1,1,0,0,3.2,3.3,2.25,2.9,3.3,2.3,3.0,3.25,2.38,2011/12,€9.08m,€10.10m,3.1,3.5,2.3
SC0,12/05/2012,Inverness C,Hibernian,2,0,H,0,0,D,J Beaton,8,3,3,3,10,20,5,7,0,2,0,0,2.1,3.4,3.4,2.15,3.3,3.2,2.1,3.4,3.2,2011/12,€8.08m,€12.90m,2.05,3.5,3.7
SC0,13/05/2012,Celtic,Hearts,5,0,H,3,0,H,A Muir,12,3,8,2,15,15,4,2,1,1,0,0,1.33,5.0,9.0,1.31,4.75,9.5,1.36,4.33,9.0,2011/12,€66.18m,€19.68m,1.36,5.0,9.5
SC0,13/05/2012,Motherwell,Dundee United,0,2,A,0,1,A,E Norris,10,16,2,7,8,11,6,4,3,2,0,0,2.5,3.3,2.8,2.55,3.2,2.65,2.5,3.25,2.8,2011/12,€8.53m,€14.83m,2.6,3.4,2.75
SC0,13/05/2012,St Johnstone,Rangers,0,4,A,0,1,A,B Madden,6,17,2,11,12,10,3,10,1,1,0,0,4.2,3.25,1.91,3.8,3.4,1.91,3.75,3.5,1.95,2011/12,€12.93m,€59.90m,4.1,3.7,1.9
SC0,02/08/2013,Partick,Dundee United,0,0,D,0,0,D,C Thomson,10,10,3,6,3,6,10,6,3,1,0,0,2.88,3.3,2.4,2.85,3.1,2.35,2.8,3.3,2.4,2013/14,€6.63m,€10.65m,2.88,3.4,2.45
SC0,03/08/2013,Aberdeen,Kilmarnock,2,1,H,1,0,H,J Beaton,4,3,2,0,9,4,6,1,1,2,0,0,1.85,3.5,4.0,1.91,3.4,3.5,1.95,3.3,4.0,2013/14,€10.93m,€9.60m,1.95,3.4,4.0
SC0,03/08/2013,Celtic,Ross County,2,1,H,1,1,D,W Collum,25,5,9,1,7,16,8,5,0,1,0,0,1.25,5.5,12.0,1.22,5.75,9.25,1.25,6.0,10.0,2013/14,€68.53m,€7.68m,1.25,6.0,12.0
SC0,03/08/2013,Inverness C,St Mirren,3,0,H,0,0,D,K Clancy,6,6,3,2,8,8,1,2,1,3,0,0,1.95,3.4,3.9,1.9,3.3,3.7,1.9,3.5,3.8,2013/14,€5.80m,€9.60m,1.95,3.6,3.75
SC0,04/08/2013,Hibernian,Motherwell,0,1,A,0,0,D,B Madden,8,11,3,4,9,10,5,5,1,2,0,0,3.0,3.25,2.38,3.1,3.25,2.45,2.87,3.3,2.4,2013/14,€9.58m,€7.70m,3.0,3.4,2.3
SC0,04/08/2013,St Johnstone,Hearts,1,0,H,1,0,H,S McLean,11,2,3,0,16,15,7,5,1,1,0,0,2.0,3.3,3.8,2.05,3.1,3.5,1.95,3.4,3.75,2013/14,€10.13m,€5.15m,2.05,3.3,3.9
SC0,10/08/2013,Dundee United,Inverness C,0,1,A,0,1,A,S McLean,4,13,2,2,11,9,0,4,2,3,0,0,2.3,3.25,2.88,2.25,3.2,2.9,2.25,3.25,3.2,2013/14,€10.65m,€5.80m,2.4,3.5,3.0
SC0,10/08/2013,Ross County,Partick,1,3,A,0,1,A,A Muir,13,13,3,10,8,7,6,6,1,0,0,0,2.0,3.3,3.75,1.95,3.2,3.6,2.0,3.4,3.6,2013/14,€7.68m,€6.63m,2.15,3.3,3.6
SC0,11/08/2013,Hearts,Hibernian,1,0,H,0,0,D,C Thomson,9,12,4,3,20,16,5,2,4,4,0,0,2.25,3.4,2.8,2.25,3.2,2.9,2.4,3.3,2.87,2013/14,€5.15m,€9.58m,2.38,3.25,3.2
SC0,11/08/2013,Kilmarnock,St Johnstone,0,0,D,0,0,D,W Collum,8,7,5,2,12,15,4,3,1,0,0,0,3.2,3.25,2.25,3.0,3.2,2.2,2.75,3.25,2.5,2013/14,€9.60m,€10.13m,3.2,3.3,2.38
SC0,11/08/2013,Motherwell,Aberdeen,1,3,A,1,0,H,K Clancy,4,9,2,3,16,15,3,4,5,2,0,0,2.3,3.25,2.88,2.3,3.25,2.8,2.37,3.3,2.9,2013/14,€7.70m,€10.93m,2.45,3.3,2.9
SC0,16/08/2013,Partick,Hearts,1,1,D,0,0,D,B Madden,15,11,5,4,10,10,4,4,1,1,0,0,2.15,3.2,3.5,2.15,3.3,3.0,2.2,3.25,3.25,2013/14,€6.63m,€5.15m,2.25,3.2,3.6
SC0,17/08/2013,Aberdeen,Celtic,0,2,A,0,1,A,C Murray,3,11,2,4,8,9,1,7,2,3,1,0,4.2,3.3,1.91,3.75,3.4,1.85,3.8,3.5,1.95,2013/14,€10.93m,€68.53m,3.9,3.5,2.0
SC0,17/08/2013,Hibernian,Dundee United,1,1,D,0,1,A,C Allan,8,10,4,2,13,11,6,7,3,2,1,1,2.75,3.2,2.55,2.7,3.0,2.5,2.62,3.25,2.62,2013/14,€9.58m,€10.65m,2.8,3.25,2.62
SC0,17/08/2013,Inverness C,Motherwell,2,0,H,2,0,H,I Brines,13,13,4,3,9,9,2,6,2,1,0,0,2.38,3.25,3.0,2.4,3.25,2.65,2.5,3.3,2.8,2013/14,€5.80m,€7.70m,2.6,3.3,2.8
SC0,17/08/2013,St Johnstone,Ross County,4,0,H,2,0,H,B Colvin,17,2,6,0,9,19,5,4,0,4,0,0,1.85,3.5,4.2,1.8,3.4,4.0,1.9,3.25,4.33,2013/14,€10.13m,€7.68m,2.0,3.3,4.2
SC0,17/08/2013,St Mirren,Kilmarnock,1,1,D,0,0,D,J Beaton,12,7,5,3,11,12,4,3,1,0,0,1,2.3,3.3,3.1,2.25,3.2,2.9,2.4,3.3,2.87,2013/14,€9.60m,€9.60m,2.5,3.3,3.0
SC0,24/08/2013,Celtic,Inverness C,2,2,D,1,2,A,C Thomson,21,7,7,3,9,8,11,3,1,1,0,0,1.44,4.33,7.0,1.4,4.1,7.25,1.44,4.5,6.5,2013/14,€68.53m,€5.80m,1.5,4.5,6.5
SC0,24/08/2013,Dundee United,St Johnstone,4,0,H,3,0,H,B Madden,10,4,6,1,12,8,10,6,2,2,0,0,2.63,3.25,2.63,2.4,3.25,2.65,2.6,3.2,2.75,2013/14,€10.65m,€10.13m,2.7,3.25,2.75
SC0,24/08/2013,Hearts,Aberdeen,2,1,H,1,0,H,A Muir,10,11,4,3,13,15,5,6,1,2,1,0,3.25,3.5,2.1,3.1,3.2,2.15,3.1,3.4,2.25,2013/14,€5.15m,€10.93m,3.6,3.25,2.2
SC0,24/08/2013,Kilmarnock,Hibernian,1,2,A,1,0,H,K Clancy,8,4,3,4,7,7,6,3,1,2,0,0,2.3,3.25,3.1,2.3,3.2,2.85,2.4,3.25,2.9,2013/14,€9.60m,€9.58m,2.4,3.3,3.1
SC0,24/08/2013,Motherwell,Partick,1,0,H,1,0,H,E Norris,16,9,5,4,11,7,5,6,3,3,0,0,2.1,3.4,3.4,1.87,3.3,3.8,1.9,3.4,4.0,2013/14,€7.70m,€6.63m,2.15,3.4,3.6
SC0,24/08/2013,Ross County,St Mirren,3,0,H,2,0,H,C Murray,13,12,8,5,18,8,4,6,1,1,0,0,2.5,3.2,2.8,2.45,3.1,2.7,2.4,3.25,2.9,2013/14,€7.68m,€9.60m,2.55,3.25,2.9
SC0,31/08/2013,Aberdeen,St Johnstone,0,0,D,0,0,D,S McLean,17,8,5,3,14,9,12,6,1,2,0,0,2.25,3.25,3.25,2.15,3.3,3.0,2.1,3.3,3.5,2013/14,€10.93m,€10.13m,2.3,3.3,3.3
SC0,31/08/2013,Dundee United,Celtic,0,1,A,0,0,D,C Allan,3,10,2,2,11,12,3,5,1,1,0,0,6.0,4.1,1.53,5.25,3.8,1.55,5.5,3.8,1.61,2013/14,€10.65m,€68.53m,5.75,4.33,1.57
SC0,31/08/2013,Hibernian,Ross County,0,0,D,0,0,D,I Brines,8,11,1,2,9,15,4,0,0,3,0,0,2.38,3.4,2.88,2.2,3.25,2.95,2.3,3.4,3.0,2013/14,€9.58m,€7.68m,2.4,3.4,3.0
SC0,31/08/2013,Inverness C,Hearts,2,0,H,2,0,H,J Beaton,19,3,7,0,13,11,8,1,1,1,0,1,1.75,3.6,4.75,1.78,3.5,4.0,1.83,3.4,4.5,2013/14,€5.80m,€5.15m,1.75,3.8,4.8
SC0,31/08/2013,Motherwell,Kilmarnock,2,1,H,2,1,H,C Charleston,12,11,7,4,13,11,3,7,2,2,1,0,1.91,3.5,4.0,1.91,3.3,3.6,1.83,3.5,4.2,2013/14,€7.70m,€9.60m,1.9,3.6,4.2
SC0,31/08/2013,St Mirren,Partick,1,2,A,0,0,D,W Collum,10,17,3,6,8,8,2,11,0,0,0,0,2.5,3.3,2.8,2.35,3.25,2.7,2.4,3.3,2.87,2013/14,€9.60m,€6.63m,2.6,3.3,2.8
SC0,14/09/2013,Hearts,Celtic,1,3,A,0,1,A,W Collum,6,10,3,4,9,13,2,11,2,3,0,0,8.5,4.75,1.36,7.25,4.4,1.36,8.0,4.5,1.4,2013/14,€5.15m,€68.53m,8.5,4.75,1.4
SC0,14/09/2013,Kilmarnock,Inverness C,1,2,A,0,1,A,S McLean,7,7,4,3,9,14,7,4,1,1,0,0,3.8,3.5,1.95,3.2,3.5,2.0,3.4,3.4,2.1,2013/14,€9.60m,€5.80m,3.7,3.6,2.05
SC0,14/09/2013,Partick,Aberdeen,0,3,A,0,2,A,J Beaton,9,8,4,7,3,10,4,6,1,2,0,0,2.6,3.25,2.7,2.65,3.2,2.45,2.62,3.3,2.6,2013/14,€6.63m,€10.93m,2.75,3.2,2.75
SC0,14/09/2013,St Johnstone,Hibernian,1,2,A,1,1,D,B Madden,4,12,1,4,18,9,1,5,3,3,0,0,1.83,3.5,4.33,1.83,3.4,3.9,1.83,3.5,4.33,2013/14,€10.13m,€9.58m,1.87,3.5,4.5
SC0,14/09/2013,St Mirren,Motherwell,0,1,A,0,1,A,C Thomson,7,8,1,2,7,12,6,3,2,1,0,0,3.4,3.3,2.15,3.4,3.25,2.0,3.4,3.4,2.1,2013/14,€9.60m,€7.70m,3.4,3.4,2.2
SC0,15/09/2013,Ross County,Dundee United,2,4,A,0,3,A,B Colvin,13,14,7,10,9,8,8,9,1,0,0,0,2.5,3.3,2.8,2.3,3.25,2.8,2.4,3.3,2.87,2013/14,€7.68m,€10.65m,2.6,3.3,2.8
SC0,21/09/2013,Aberdeen,Inverness C,1,0,H,0,0,D,C Thomson,10,5,3,4,18,15,8,6,4,3,0,0,2.38,3.5,2.8,2.4,3.25,2.65,2.5,3.3,2.8,2013/14,€10.93m,€5.80m,2.7,3.4,2.7
SC0,21/09/2013,Celtic,St Johnstone,2,1,H,2,0,H,A Muir,6,4,2,2,5,8,5,5,1,3,0,0,1.4,4.75,7.0,1.36,4.33,7.5,1.4,4.5,8.0,2013/14,€68.53m,€10.13m,1.44,4.75,7.5
SC0,21/09/2013,Hibernian,St Mirren,2,0,H,1,0,H,S McLean,12,2,6,0,12,11,5,5,2,0,0,0,2.1,3.4,3.4,1.95,3.3,3.5,2.05,3.3,3.6,2013/14,€9.58m,€9.60m,2.15,3.4,3.6
SC0,21/09/2013,Partick,Kilmarnock,1,1,D,1,0,H,B Madden,10,7,8,3,7,9,6,5,3,4,0,0,2.05,3.4,3.5,2.0,3.3,3.4,2.1,3.25,3.6,2013/14,€6.63m,€9.60m,2.15,3.4,3.6
SC0,21/09/2013,Ross County,Hearts,2,1,H,0,1,A,E Norris,12,8,5,5,14,12,4,2,2,2,0,0,2.05,3.5,3.4,2.0,3.3,3.4,2.1,3.3,3.5,2013/14,€7.68m,€5.15m,2.15,3.5,3.5
SC0,22/09/2013,Dundee United,Motherwell,2,2,D,0,1,A,K Clancy,12,12,4,3,14,17,8,4,2,3,0,0,2.55,3.4,2.63,2.4,3.25,2.65,2.6,3.3,2.62,2013/14,€10.65m,€7.70m,2.62,3.5,2.62
SC0,28/09/2013,Hearts,Dundee United,0,0,D,0,0,D,S McLean,11,12,5,4,5,13,6,5,0,1,0,0,3.1,3.4,2.25,2.9,3.3,2.2,2.87,3.4,2.37,2013/14,€5.15m,€10.65m,3.3,3.5,2.2
SC0,28/09/2013,Inverness C,Hibernian,3,0,H,1,0,H,W Collum,12,7,7,1,10,11,5,7,2,0,0,0,1.83,3.75,4.0,1.83,3.4,3.8,1.8,3.5,4.33,2013/14,€5.80m,€9.58m,1.92,3.7,4.0
SC0,28/09/2013,Kilmarnock,Celtic,2,5,A,2,3,A,J Beaton,8,11,4,5,11,6,2,1,1,2,0,0,8.0,5.25,1.33,6.75,4.75,1.35,8.0,4.5,1.4,2013/14,€9.60m,€68.53m,9.5,5.25,1.33
SC0,28/09/2013,Motherwell,Ross County,3,1,H,0,1,A,B Madden,22,13,8,4,9,18,9,4,0,0,0,0,1.8,3.6,4.33,1.8,3.6,3.7,1.83,3.5,4.33,2013/14,€7.70m,€7.68m,1.8,3.75,4.5
SC0,28/09/2013,St Johnstone,Partick,1,1,D,1,1,D,C Thomson,14,11,8,6,8,6,12,3,1,0,0,0,2.05,3.5,3.4,1.85,3.5,3.7,1.95,3.5,3.75,2013/14,€10.13m,€6.63m,2.05,3.5,3.9
SC0,30/09/2013,St Mirren,Aberdeen,1,1,D,0,0,D,C Murray,5,10,2,3,14,14,1,5,1,1,0,0,3.75,3.4,2.0,3.5,3.3,1.95,3.75,3.25,2.05,2013/14,€9.60m,€10.93m,4.2,3.5,1.95
SC0,05/10/2013,Celtic,Motherwell,2,0,H,1,0,H,I Brines,14,3,5,1,8,7,5,5,1,0,0,0,1.4,4.5,8.0,1.4,4.33,6.5,1.44,4.33,7.0,2013/14,€68.53m,€7.70m,1.36,4.8,9.0
SC0,05/10/2013,Dundee United,Kilmarnock,1,0,H,0,0,D,W Collum,15,10,8,4,13,15,7,4,1,4,0,0,1.75,3.75,4.5,1.78,3.4,4.1,1.8,3.5,4.33,2013/14,€10.65m,€9.60m,1.8,3.9,4.5
SC0,05/10/2013,Hearts,St Mirren,0,2,A,0,1,A,C Thomson,16,17,8,8,15,13,8,1,2,2,0,0,2.2,3.3,3.25,2.1,3.3,3.1,2.2,3.3,3.3,2013/14,€5.15m,€9.60m,2.2,3.4,3.4
SC0,05/10/2013,Ross County,Aberdeen,1,0,H,0,0,D,C Allan,7,8,2,3,12,14,7,14,4,4,0,0,3.3,3.3,2.2,3.0,3.2,2.2,3.2,3.3,2.25,2013/14,€7.68m,€10.93m,3.4,3.4,2.2
SC0,05/10/2013,St Johnstone,Inverness C,4,0,H,2,0,H,S McLean,18,5,11,1,10,11,6,3,1,2,0,0,2.6,3.4,2.6,2.55,3.25,2.5,2.6,3.4,2.6,2013/14,€10.13m,€5.80m,2.7,3.4,2.7
SC0,07/10/2013,Partick,Hibernian,0,1,A,0,0,D,K Clancy,16,6,6,3,14,11,12,2,1,1,0,0,2.3,3.4,3.0,2.35,3.25,2.7,2.4,3.3,2.87,2013/14,€6.63m,€9.58m,2.3,3.4,3.12
SC0,19/10/2013,Aberdeen,Dundee United,1,0,H,0,0,D,B Madden,4,15,3,2,15,18,7,9,4,0,0,0,2.2,3.25,3.25,2.1,3.25,3.2,2.1,3.3,3.5,2013/14,€10.93m,€10.65m,2.15,3.4,3.5
SC0,19/10/2013,Hibernian,Celtic,1,1,D,1,0,H,C Murray,5,17,4,6,14,10,1,10,2,0,0,0,7.5,5.0,1.36,6.5,4.33,1.4,8.0,4.5,1.4,2013/14,€9.58m,€68.53m,9.5,5.0,1.36
SC0,19/10/2013,Kilmarnock,Ross County,2,0,H,1,0,H,S Finnie,11,6,2,2,9,11,5,4,1,2,0,0,2.4,3.4,2.8,2.3,3.2,2.8,2.45,3.4,2.75,2013/14,€9.60m,€7.68m,2.6,3.4,2.75
SC0,19/10/2013,Motherwell,Hearts,2,1,H,0,0,D,B Colvin,21,8,10,5,9,7,8,4,0,0,0,0,1.7,3.5,5.25,1.7,3.6,4.33,1.72,3.5,5.0,2013/14,€7.70m,€5.15m,1.7,3.75,5.4
SC0,19/10/2013,St Mirren,St Johnstone,4,3,H,1,1,D,W Collum,6,12,6,5,10,12,3,7,2,2,0,1,3.5,3.6,2.0,3.4,3.25,2.0,3.4,3.4,2.1,2013/14,€9.60m,€10.13m,3.75,3.5,2.05
SC0,20/10/2013,Inverness C,Partick,1,2,A,0,1,A,E Norris,14,9,4,2,14,15,12,2,2,4,0,0,1.83,3.6,4.2,1.83,3.3,4.0,1.83,3.5,4.33,2013/14,€5.80m,€6.63m,1.91,3.6,4.2
SC0,26/10/2013,Dundee United,St Mirren,4,0,H,2,0,H,I Brines,16,4,5,1,8,8,6,2,0,0,0,0,1.65,3.75,5.25,1.67,3.5,4.6,1.66,3.75,5.0,2013/14,€10.65m,€9.60m,1.667,3.9,5.4
SC0,26/10/2013,Hibernian,Aberdeen,0,2,A,0,0,D,S McLean,4,11,0,6,8,11,6,7,1,1,0,0,3.0,3.4,2.3,2.9,3.2,2.25,2.87,3.3,2.4,2013/14,€9.58m,€10.93m,3.2,3.3,2.375
SC0,26/10/2013,Kilmarnock,Hearts,2,0,H,1,0,H,K Clancy,18,10,10,4,11,12,8,3,3,3,0,0,2.25,3.4,3.1,2.25,3.2,2.95,2.3,3.3,3.1,2013/14,€9.60m,€5.15m,2.25,3.4,3.3
SC0,27/10/2013,Partick,Celtic,1,2,A,0,1,A,W Collum,11,12,6,6,12,8,3,6,1,2,0,0,7.0,5.25,1.36,7.25,4.75,1.33,8.0,4.5,1.4,2013/14,€6.63m,€68.53m,8.5,5.0,1.4
SC0,27/10/2013,St Johnstone,Motherwell,2,0,H,0,0,D,C Murray,12,8,3,1,6,14,12,3,1,2,0,0,2.5,3.3,2.75,2.5,3.2,2.55,2.62,3.3,2.62,2013/14,€10.13m,€7.70m,2.7,3.4,2.7
SC0,02/11/2013,Celtic,Dundee United,1,1,D,0,1,A,A Muir,18,4,5,3,7,5,10,2,0,2,0,0,1.33,4.6,10.0,1.3,5.0,7.75,1.33,5.0,9.0,2013/14,€68.53m,€10.65m,1.36,5.2,9.0
SC0,02/11/2013,Hearts,St Johnstone,0,2,A,0,1,A,B Madden,15,16,2,7,6,11,5,4,0,0,0,0,3.2,3.3,2.1,3.1,3.25,2.15,3.1,3.3,2.25,2013/14,€5.15m,€10.13m,3.4,3.3,2.25
SC0,02/11/2013,Inverness C,Kilmarnock,2,1,H,1,0,H,S McLean,11,9,4,2,14,11,3,3,1,0,0,0,1.7,3.75,4.75,1.72,3.4,4.4,1.8,3.6,4.33,2013/14,€5.80m,€9.60m,1.8,3.8,4.5
SC0,03/11/2013,Motherwell,Hibernian,1,0,H,1,0,H,C Allan,9,12,4,3,11,15,5,6,2,2,1,0,1.8,3.5,4.5,1.75,3.4,4.2,1.83,3.4,4.5,2013/14,€7.70m,€9.58m,1.91,3.5,4.4
SC0,04/11/2013,Aberdeen,Partick,4,0,H,2,0,H,B Colvin,9,10,6,4,12,10,4,6,1,3,0,0,1.83,3.6,4.2,1.83,3.4,3.9,1.72,3.6,4.5,2013/14,€10.93m,€6.63m,1.87,3.5,4.4
SC0,09/11/2013,Aberdeen,Hearts,1,3,A,1,0,H,I Brines,17,10,4,7,17,7,7,3,2,2,1,0,1.5,4.0,7.0,1.55,3.9,5.0,1.55,3.75,6.5,2013/14,€10.93m,€5.15m,1.5,4.2,7.5
SC0,09/11/2013,Hibernian,Inverness C,0,2,A,0,2,A,B Madden,8,9,2,4,22,12,7,0,2,0,0,0,3.1,3.4,2.25,2.75,3.4,2.25,2.8,3.4,2.37,2013/14,€9.58m,€5.80m,3.1,3.4,2.25
SC0,09/11/2013,Motherwell,Dundee United,0,4,A,0,2,A,S McLean,5,18,1,9,9,4,6,3,2,0,0,0,2.4,3.2,3.0,2.2,3.2,3.0,2.3,3.25,3.1,2013/14,€7.70m,€10.65m,2.5,3.4,2.88
SC0,09/11/2013,Partick,St Mirren,0,3,A,0,1,A,J Beaton,17,10,4,5,10,13,14,2,0,2,1,0,1.95,3.5,3.8,2.0,3.3,3.4,2.05,3.3,3.6,2013/14,€6.63m,€9.60m,2.0,3.5,3.9
SC0,09/11/2013,Ross County,Celtic,1,4,A,0,1,A,K Clancy,4,23,2,8,15,10,1,6,4,1,0,0,9.0,5.0,1.33,6.75,4.6,1.36,8.0,4.5,1.4,2013/14,€7.68m,€68.53m,9.0,5.2,1.36
SC0,09/11/2013,St Johnstone,Kilmarnock,3,1,H,2,0,H,W Collum,12,8,8,3,12,19,1,2,0,0,0,2,1.8,3.5,4.5,1.8,3.5,3.9,1.8,3.5,4.33,2013/14,€10.13m,€9.60m,1.8,3.6,4.8
SC0,17/11/2013,St Mirren,Ross County,2,1,H,1,0,H,W Collum,20,3,9,1,15,20,13,4,2,2,0,2,2.2,3.5,3.1,2.25,3.25,2.85,2.37,3.3,2.9,2013/14,€9.60m,€7.68m,2.3,3.5,3.13
SC0,23/11/2013,Celtic,Aberdeen,3,1,H,1,1,D,C Thomson,21,8,11,4,5,1,8,5,1,0,0,0,1.44,4.33,7.0,1.4,4.25,6.75,1.44,4.33,7.0,2013/14,€68.53m,€10.93m,1.45,4.75,7.0
SC0,23/11/2013,Dundee United,Partick,4,1,H,1,0,H,W Collum,15,7,10,4,8,11,4,7,4,3,0,2,1.67,3.8,5.0,1.65,3.6,4.6,1.66,3.75,5.0,2013/14,€10.65m,€6.63m,1.67,4.0,5.2
SC0,23/11/2013,Hearts,Ross County,2,2,D,1,1,D,C Allan,12,10,5,4,8,15,12,5,0,4,0,1,2.15,3.4,3.3,2.1,3.2,3.2,2.2,3.4,3.2,2013/14,€5.15m,€7.68m,2.3,3.4,3.2
SC0,23/11/2013,Inverness C,St Johnstone,1,0,H,1,0,H,J Beaton,9,6,3,0,11,13,3,6,1,3,0,0,2.2,3.3,3.25,2.1,3.2,3.25,2.2,3.4,3.2,2013/14,€5.80m,€10.13m,2.38,3.4,3.1
SC0,23/11/2013,Kilmarnock,Motherwell,0,2,A,0,0,D,S Finnie,14,11,6,3,12,10,5,6,2,2,0,0,3.2,3.4,2.2,3.0,3.2,2.2,3.0,3.4,2.3,2013/14,€9.60m,€7.70m,3.2,3.4,2.3
SC0,23/11/2013,St Mirren,Hibernian,0,0,D,0,0,D,S McLean,9,4,3,2,3,11,6,8,0,2,0,0,2.38,3.3,2.9,2.5,3.2,2.55,2.4,3.3,2.87,2013/14,€9.60m,€9.58m,2.5,3.3,3.0
SC0,06/12/2013,Motherwell,Celtic,0,5,A,0,1,A,S McLean,3,21,0,14,13,8,2,7,2,1,0,0,8.0,4.5,1.4,7.0,4.1,1.4,7.0,4.0,1.5,2013/14,€7.70m,€68.53m,7.5,4.6,1.45
SC0,07/12/2013,Dundee United,Hearts,4,1,H,1,1,D,C Thomson,18,6,8,1,8,16,10,1,2,3,0,0,1.44,4.33,7.0,1.42,4.0,6.75,1.44,4.2,7.5,2013/14,€10.65m,€5.15m,1.45,4.6,7.5
SC0,07/12/2013,Hibernian,Partick,1,1,D,0,0,D,J Beaton,16,5,6,4,11,14,11,2,3,2,0,0,2.1,3.4,3.4,1.95,3.4,3.4,2.0,3.3,3.75,2013/14,€9.58m,€6.63m,2.15,3.4,3.6
SC0,07/12/2013,Ross County,Kilmarnock,1,2,A,1,2,A,B Madden,11,15,4,5,7,9,4,3,0,0,0,0,2.5,3.3,2.75,2.5,3.2,2.6,2.5,3.3,2.75,2013/14,€7.68m,€9.60m,2.6,3.5,2.7
SC0,07/12/2013,St Johnstone,Aberdeen,0,2,A,0,1,A,W Collum,3,10,2,5,6,15,2,7,0,1,1,0,2.55,3.25,2.75,2.55,3.25,2.5,2.62,3.25,2.62,2013/14,€10.13m,€10.93m,2.62,3.25,2.88
SC0,07/12/2013,St Mirren,Inverness C,0,0,D,0,0,D,C Murray,14,8,4,2,9,12,11,6,1,2,0,0,3.5,3.3,2.1,3.25,3.25,2.05,3.4,3.4,2.1,2013/14,€9.60m,€5.80m,3.4,3.4,2.2
SC0,14/12/2013,Aberdeen,St Mirren,2,0,H,1,0,H,C Thomson,12,5,5,2,14,8,6,11,1,0,0,0,1.65,3.75,5.25,1.6,3.7,5.0,1.61,3.75,5.5,2013/14,€10.93m,€9.60m,1.67,3.8,5.75
SC0,14/12/2013,Celtic,Hibernian,1,0,H,1,0,H,B Madden,10,9,6,2,7,12,8,2,2,0,0,0,1.2,6.0,15.0,1.2,5.75,10.5,1.22,6.0,13.0,2013/14,€68.53m,€9.58m,1.25,6.25,13.0
SC0,14/12/2013,Hearts,Inverness C,0,2,A,0,0,D,B Colvin,8,13,1,4,16,19,1,6,1,4,0,0,4.1,3.6,1.85,3.75,3.3,1.87,4.0,3.5,1.9,2013/14,€5.15m,€5.80m,4.4,3.6,1.87
SC0,14/12/2013,Kilmarnock,Dundee United,1,4,A,0,0,D,E Norris,3,11,1,8,6,1,2,3,3,0,1,0,4.33,3.6,1.8,4.1,3.4,1.78,4.33,3.4,1.85,2013/14,€9.60m,€10.65m,4.2,3.6,1.87
SC0,14/12/2013,Ross County,Motherwell,1,2,A,0,2,A,C Allan,14,18,4,5,8,13,4,10,0,4,0,0,2.9,3.3,2.4,2.8,3.2,2.3,2.9,3.3,2.37,2013/14,€7.68m,€7.70m,3.0,3.3,2.5
SC0,21/12/2013,Celtic,Hearts,2,0,H,0,0,D,E Norris,19,1,9,0,4,12,15,3,0,4,0,0,1.11,9.0,21.0,1.12,8.5,11.5,1.12,8.0,21.0,2013/14,€68.53m,€5.15m,1.13,8.5,21.0
SC0,21/12/2013,Dundee United,Ross County,1,0,H,0,0,D,I Brines,11,7,5,1,9,6,21,3,0,1,0,0,1.36,4.75,8.0,1.4,4.5,6.25,1.4,4.6,7.5,2013/14,€10.65m,€7.68m,1.4,5.0,8.0
SC0,21/12/2013,Hibernian,St Johnstone,0,0,D,0,0,D,A Muir,10,2,5,1,15,14,6,1,4,1,0,1,2.75,3.5,2.4,2.55,3.25,2.5,2.7,3.4,2.5,2013/14,€9.58m,€10.13m,2.9,3.3,2.55
SC0,21/12/2013,Inverness C,Aberdeen,3,4,A,0,4,A,S McLean,11,11,7,9,9,8,6,4,2,0,0,0,2.5,3.3,2.75,2.45,3.25,2.6,2.5,3.3,2.75,2013/14,€5.80m,€10.93m,2.62,3.3,2.8
SC0,21/12/2013,Kilmarnock,Partick,2,1,H,1,0,H,C Thomson,10,13,5,8,10,12,5,5,0,2,0,0,2.45,3.4,2.75,2.35,3.2,2.75,2.4,3.4,2.8,2013/14,€9.60m,€6.63m,2.6,3.4,2.75
SC0,21/12/2013,Motherwell,St Mirren,3,0,H,2,0,H,W Collum,14,6,6,1,8,9,10,10,1,2,0,0,1.95,3.5,3.75,2.0,3.5,3.2,1.8,3.6,4.33,2013/14,€7.70m,€9.60m,2.0,3.6,3.75
SC0,26/12/2013,Aberdeen,Motherwell,0,1,A,0,0,D,K Clancy,10,2,3,2,7,14,8,2,2,3,0,0,1.8,3.6,4.33,1.8,3.4,4.0,1.91,3.5,4.0,2013/14,€10.93m,€7.70m,1.91,3.5,4.33
SC0,26/12/2013,Hearts,Kilmarnock,0,4,A,0,2,A,J Beaton,9,13,2,7,17,14,7,3,4,2,0,0,3.1,3.4,2.25,2.9,3.1,2.3,2.88,3.4,2.38,2013/14,€5.15m,€9.60m,3.13,3.3,2.3
SC0,26/12/2013,Partick,Inverness C,0,0,D,0,0,D,W Collum,12,4,4,1,7,12,6,3,1,2,0,0,3.0,3.5,2.25,3.0,3.2,2.2,3.0,3.4,2.25,2013/14,€6.63m,€5.80m,3.3,3.3,2.3
SC0,26/12/2013,Ross County,Hibernian,0,2,A,0,1,A,B Colvin,9,11,1,5,13,11,5,7,3,1,0,0,2.63,3.5,2.5,2.5,3.2,2.6,2.6,3.4,2.6,2013/14,€7.68m,€9.58m,2.88,3.3,2.6
SC0,26/12/2013,St Johnstone,Celtic,0,1,A,0,1,A,C Thomson,3,15,1,5,19,4,5,12,3,1,0,0,6.5,4.75,1.44,6.5,4.33,1.4,7.5,4.5,1.4,2013/14,€10.13m,€68.53m,7.5,4.6,1.45
SC0,26/12/2013,St Mirren,Dundee United,4,1,H,2,1,H,B Madden,11,10,5,7,10,8,6,15,4,1,0,1,4.2,3.8,1.75,4.33,3.2,1.8,4.0,3.5,1.83,2013/14,€9.60m,€10.65m,4.33,3.8,1.83
SC0,29/12/2013,Aberdeen,Ross County,1,0,H,1,0,H,C Murray,12,2,4,0,6,12,10,1,0,1,0,0,1.4,4.33,8.5,1.44,4.2,6.0,1.44,4.2,7.5,2013/14,€10.93m,€7.68m,1.45,4.3,8.0
SC0,29/12/2013,Hibernian,Kilmarnock,3,0,H,1,0,H,W Collum,14,4,7,0,13,10,7,2,1,0,0,0,2.1,3.3,3.5,2.0,3.25,3.4,2.05,3.4,3.5,2013/14,€9.58m,€9.60m,2.2,3.3,3.5
SC0,29/12/2013,Inverness C,Celtic,0,1,A,0,1,A,C Allan,10,12,6,3,16,13,4,3,2,2,0,0,6.5,4.5,1.44,6.25,4.33,1.42,7.0,4.0,1.5,2013/14,€5.80m,€68.53m,8.0,4.5,1.44
SC0,29/12/2013,Partick,Motherwell,1,5,A,1,3,A,S McLean,13,13,7,9,11,12,15,7,2,1,0,0,3.1,3.5,2.2,3.0,3.2,2.2,3.0,3.4,2.3,2013/14,€6.63m,€7.70m,3.3,3.4,2.25
SC0,29/12/2013,St Johnstone,Dundee United,3,0,H,1,0,H,S Finnie,15,5,7,0,15,15,6,6,1,4,0,1,3.0,3.5,2.25,2.75,3.3,2.3,2.88,3.4,2.38,2013/14,€10.13m,€10.65m,3.13,3.5,2.3
SC0,29/12/2013,St Mirren,Hearts,1,1,D,1,0,H,K Clancy,11,13,4,3,9,18,7,6,0,5,0,0,1.65,3.8,5.25,1.65,3.6,4.6,1.73,3.5,5.0,2013/14,€9.60m,€5.15m,1.7,3.8,5.4
SC0,01/01/2014,Celtic,Partick,1,0,H,1,0,H,K Clancy,10,9,5,3,5,9,5,7,1,1,0,0,1.14,7.5,19.0,1.14,7.0,12.5,1.14,7.5,17.0,2013/14,€68.53m,€6.63m,1.15,7.5,20.0
SC0,01/01/2014,Dundee United,Aberdeen,1,2,A,0,0,D,W Collum,4,12,2,6,20,7,6,7,2,2,0,0,2.15,3.4,3.25,2.2,3.25,2.95,2.2,3.4,3.2,2013/14,€10.65m,€10.93m,2.25,3.4,3.3
SC0,01/01/2014,Inverness C,Ross County,1,2,A,0,2,A,A Muir,11,4,5,2,9,14,3,3,1,4,1,0,1.53,3.9,6.5,1.5,4.0,5.5,1.53,3.8,6.5,2013/14,€5.80m,€7.68m,1.57,4.0,6.5
SC0,01/01/2014,Motherwell,St Johnstone,4,0,H,1,0,H,J Beaton,21,11,10,3,9,5,6,7,1,1,0,0,2.2,3.4,3.2,2.1,3.3,3.1,2.05,3.4,3.5,2013/14,€7.70m,€10.13m,2.3,3.4,3.2
SC0,02/01/2014,Hibernian,Hearts,2,1,H,0,0,D,B Madden,23,5,6,3,10,19,10,6,1,4,0,0,1.7,3.6,5.0,1.7,3.4,4.5,1.73,3.5,5.0,2013/14,€9.58m,€5.15m,1.73,3.6,5.25
SC0,02/01/2014,Kilmarnock,St Mirren,2,1,H,1,1,D,B Colvin,9,10,5,5,12,13,2,9,0,1,0,0,2.2,3.3,3.25,2.1,3.2,3.2,2.3,3.3,3.1,2013/14,€9.60m,€9.60m,2.2,3.4,3.4
SC0,04/01/2014,Ross County,St Johnstone,1,0,H,0,0,D,E Norris,10,9,2,3,13,14,5,0,1,1,0,0,3.3,3.3,2.2,3.1,3.1,2.2,3.25,3.3,2.2,2013/14,€7.68m,€10.13m,3.12,3.4,2.38
SC0,05/01/2014,Dundee United,Hibernian,2,2,D,0,1,A,S McLean,11,8,3,4,8,8,8,6,1,1,0,0,1.91,3.4,4.0,1.78,3.6,3.9,1.9,3.5,4.0,2013/14,€10.65m,€9.58m,2.0,3.5,3.9
SC0,05/01/2014,Hearts,Partick,0,2,A,0,2,A,I Brines,11,11,3,5,10,12,6,6,0,0,0,1,3.2,3.3,2.25,3.0,3.2,2.2,2.8,3.4,2.4,2013/14,€5.15m,€6.63m,3.2,3.4,2.3
SC0,05/01/2014,Kilmarnock,Aberdeen,0,1,A,0,0,D,C Charleston,7,10,4,6,14,18,5,4,4,2,0,1,3.75,3.4,2.0,3.7,3.3,1.9,3.75,3.4,2.0,2013/14,€9.60m,€10.93m,3.9,3.5,2.0
SC0,05/01/2014,St Mirren,Celtic,0,4,A,0,0,D,J Beaton,5,17,0,6,7,10,2,12,1,3,0,0,12.0,5.0,1.29,8.0,4.5,1.33,11.0,5.0,1.3,2013/14,€9.60m,€68.53m,11.5,5.4,1.3
SC0,10/01/2014,Aberdeen,Hibernian,1,0,H,0,0,D,C Thomson,11,8,2,3,13,10,12,1,1,2,0,0,1.73,3.6,4.75,1.75,3.5,4.1,1.75,3.5,4.75,2013/14,€10.93m,€9.58m,1.8,3.6,4.8
SC0,11/01/2014,Hearts,Motherwell,0,1,A,0,1,A,W Collum,10,13,5,5,11,16,5,4,0,1,0,0,7.0,4.33,1.44,5.75,4.2,1.45,7.0,4.33,1.44,2013/14,€5.15m,€7.70m,8.0,4.3,1.45
SC0,11/01/2014,Partick,Ross County,3,3,D,2,1,H,B Madden,10,9,4,5,12,14,4,2,3,1,0,1,2.05,3.3,3.6,1.95,3.5,3.3,2.05,3.4,3.5,2013/14,€6.63m,€7.68m,2.1,3.4,3.7
SC0,11/01/2014,St Johnstone,St Mirren,2,0,H,0,0,D,C Murray,19,3,6,0,14,15,9,3,2,2,0,0,1.8,3.5,4.5,1.85,3.4,3.75,1.83,3.5,4.33,2013/14,€10.13m,€9.60m,1.85,3.5,4.75
SC0,12/01/2014,Inverness C,Dundee United,1,1,D,1,1,D,J Beaton,12,7,8,2,12,13,11,9,1,0,0,0,2.5,3.3,2.75,2.3,3.2,2.8,2.4,3.4,2.8,2013/14,€5.80m,€10.65m,2.55,3.4,2.8
SC0,18/01/2014,Aberdeen,Inverness C,0,1,A,0,1,A,I Brines,6,7,2,3,12,12,13,5,1,2,0,0,1.85,3.4,4.33,1.8,3.5,3.9,1.95,3.4,3.8,2013/14,€10.93m,€5.80m,1.9,3.5,4.4
SC0,18/01/2014,Celtic,Motherwell,3,0,H,2,0,H,B Madden,19,10,6,5,9,10,7,5,2,2,1,0,1.3,5.5,8.5,1.3,4.75,8.0,1.33,5.0,9.0,2013/14,€68.53m,€7.70m,1.33,5.4,9.5
SC0,18/01/2014,Hibernian,St Mirren,2,3,A,0,3,A,W Collum,7,2,4,2,16,10,11,4,1,2,0,0,1.75,3.6,4.6,1.75,3.5,4.1,1.83,3.5,4.33,2013/14,€9.58m,€9.60m,1.8,3.6,4.75
SC0,18/01/2014,Partick,Kilmarnock,1,1,D,1,0,H,S McLean,9,8,4,5,10,9,5,3,1,2,1,0,2.38,3.4,2.88,2.35,3.0,2.95,2.25,3.3,3.2,2013/14,€6.63m,€9.60m,2.4,3.4,3.0
SC0,18/01/2014,Ross County,Dundee United,3,0,H,1,0,H,C Charleston,15,11,7,3,13,19,9,5,2,5,0,0,3.4,3.4,2.1,3.25,3.2,2.1,3.6,3.5,2.0,2013/14,€7.68m,€10.65m,3.3,3.5,2.2
SC0,18/01/2014,St Johnstone,Hearts,3,3,D,1,0,H,B Colvin,12,15,5,8,8,11,4,9,1,3,2,1,1.33,5.0,9.0,1.33,4.6,7.75,1.36,4.5,8.0,2013/14,€10.13m,€5.15m,1.36,5.0,10.0
SC0,21/01/2014,Partick,St Johnstone,0,1,A,0,1,A,K Clancy,9,5,2,2,8,9,6,4,2,4,0,0,2.7,3.4,2.5,2.75,3.2,2.35,2.6,3.4,2.6,2013/14,€6.63m,€10.13m,2.9,3.4,2.5
SC0,25/01/2014,Kilmarnock,Inverness C,2,0,H,1,0,H,W Collum,9,8,4,2,14,8,3,2,0,0,0,0,3.1,3.4,2.25,2.85,3.2,2.3,3.1,3.3,2.3,2013/14,€9.60m,€5.80m,3.2,3.4,2.3
SC0,25/01/2014,Motherwell,Aberdeen,2,2,D,0,0,D,S McLean,7,17,3,5,14,10,1,6,3,1,0,0,2.8,3.3,2.5,2.55,3.25,2.5,2.62,3.3,2.6,2013/14,€7.70m,€10.93m,2.88,3.3,2.6
SC0,25/01/2014,Ross County,Hearts,1,2,A,1,1,D,K Clancy,10,16,2,4,6,11,7,7,3,3,0,0,1.57,4.0,5.5,1.5,4.0,5.5,1.57,4.0,5.5,2013/14,€7.68m,€5.15m,1.6,4.0,6.0
SC0,25/01/2014,St Mirren,Partick,0,0,D,0,0,D,J Beaton,9,10,4,2,7,8,6,7,2,1,0,0,2.3,3.3,3.1,2.2,3.2,3.0,2.37,3.4,2.9,2013/14,€9.60m,€6.63m,2.4,3.3,3.12
SC0,26/01/2014,Hibernian,Celtic,0,4,A,0,1,A,C Thomson,11,13,5,7,14,10,7,7,3,0,0,0,7.5,5.0,1.36,7.0,4.75,1.33,9.0,4.5,1.36,2013/14,€9.58m,€68.53m,8.5,4.8,1.4
SC0,29/01/2014,Celtic,Kilmarnock,4,0,H,2,0,H,B Colvin,16,2,7,1,4,9,7,4,1,2,0,0,1.17,7.5,13.0,1.19,6.25,10.5,1.2,6.5,13.0,2013/14,€68.53m,€9.60m,1.17,7.5,21.0
SC0,29/01/2014,Hearts,St Mirren,2,1,H,1,1,D,S McLean,14,12,4,5,12,16,6,11,1,3,0,1,3.0,3.5,2.25,2.9,3.2,2.25,3.0,3.4,2.3,2013/14,€5.15m,€9.60m,3.1,3.4,2.38
SC0,01/02/2014,Kilmarnock,Ross County,2,2,D,0,2,A,C Allan,13,12,4,7,8,7,10,6,1,0,0,1,2.25,3.3,3.2,2.1,3.2,3.2,2.15,3.4,3.3,2013/14,€9.60m,€7.68m,2.4,3.3,3.1
SC0,01/02/2014,Partick,Dundee United,1,1,D,0,1,A,W Collum,12,14,3,7,7,9,8,6,3,1,0,0,3.4,3.4,2.1,3.2,3.25,2.1,3.3,3.4,2.15,2013/14,€6.63m,€10.65m,3.6,3.4,2.1
SC0,02/02/2014,Celtic,St Mirren,1,0,H,1,0,H,A Muir,19,3,4,2,10,6,10,4,0,0,0,0,1.14,8.0,15.0,1.17,6.5,11.0,1.16,7.0,15.0,2013/14,€68.53m,€9.60m,1.17,7.5,19.0
SC0,15/02/2014,Dundee United,Kilmarnock,3,2,H,1,1,D,J Beaton,16,9,7,4,8,13,10,5,1,1,0,0,1.62,3.8,5.5,1.65,3.7,4.5,1.66,3.75,5.0,2013/14,€10.65m,€9.60m,1.7,3.8,5.25
SC0,15/02/2014,Hibernian,Ross County,2,1,H,2,0,H,B Madden,16,12,6,3,13,10,10,5,0,1,0,0,1.91,3.4,4.0,1.85,3.4,3.75,1.95,3.4,3.8,2013/14,€9.58m,€7.68m,1.95,3.4,4.2
SC0,15/02/2014,Inverness C,Hearts,0,0,D,0,0,D,C Thomson,23,12,6,3,15,12,14,3,1,2,0,0,1.4,4.75,7.0,1.4,4.5,6.0,1.4,4.5,8.0,2013/14,€5.80m,€5.15m,1.45,4.6,7.5
SC0,15/02/2014,Motherwell,Partick,4,3,H,1,1,D,S Finnie,14,12,5,5,12,10,7,5,3,2,0,0,1.8,3.8,4.0,1.75,3.5,4.1,1.72,3.5,4.5,2013/14,€7.70m,€6.63m,1.87,3.7,4.3
SC0,15/02/2014,St Mirren,Aberdeen,0,1,A,0,0,D,C Murray,5,9,0,4,11,10,4,11,2,1,0,0,5.0,3.5,1.73,4.5,3.5,1.7,5.0,3.4,1.75,2013/14,€9.60m,€10.93m,5.25,3.5,1.75
SC0,16/02/2014,Celtic,St Johnstone,3,0,H,1,0,H,S McLean,19,3,7,0,6,9,6,2,0,1,0,0,1.22,6.0,12.0,1.22,5.75,9.75,1.25,5.5,12.0,2013/14,€68.53m,€10.13m,1.25,6.0,15.0
SC0,21/02/2014,Dundee United,Motherwell,3,1,H,2,0,H,B Madden,19,8,8,2,13,9,8,5,1,0,0,0,1.8,3.6,4.33,1.85,3.4,3.7,1.9,3.6,3.75,2013/14,€10.65m,€7.70m,1.9,3.7,4.1
SC0,22/02/2014,Hearts,Celtic,0,2,A,0,0,D,K Clancy,3,16,2,6,15,16,4,7,3,2,0,0,15.0,6.5,1.18,13.0,5.75,1.18,15.0,6.0,1.2,2013/14,€5.15m,€68.53m,15.0,6.5,1.22
SC0,22/02/2014,Kilmarnock,Hibernian,1,1,D,1,0,H,C Thomson,4,9,1,2,7,5,0,5,1,2,0,0,2.88,3.3,2.4,2.6,3.25,2.45,2.6,3.3,2.6,2013/14,€9.60m,€9.58m,2.9,3.3,2.55
SC0,22/02/2014,Partick,Aberdeen,3,1,H,0,0,D,A Muir,18,8,9,5,13,7,6,8,4,0,0,0,4.0,3.6,1.85,3.6,3.4,1.9,4.33,3.5,1.83,2013/14,€6.63m,€10.93m,4.2,3.6,1.9
SC0,22/02/2014,Ross County,St Mirren,2,1,H,1,0,H,W Collum,16,8,11,4,11,15,6,7,1,0,0,0,2.1,3.4,3.4,2.05,3.25,3.25,2.2,3.3,3.25,2013/14,€7.68m,€9.60m,2.2,3.4,3.4
SC0,22/02/2014,St Johnstone,Inverness C,0,1,A,0,1,A,E Norris,10,8,6,3,18,14,2,1,3,2,0,0,2.4,3.2,3.0,2.3,3.2,2.8,2.3,3.3,3.0,2013/14,€10.13m,€5.80m,2.45,3.3,3.0
SC0,25/02/2014,Aberdeen,Celtic,2,1,H,2,0,H,C Thomson,8,10,4,5,13,13,3,5,2,2,0,1,5.5,3.75,1.62,5.25,3.75,1.55,5.5,3.75,1.62,2013/14,€10.93m,€68.53m,5.25,3.8,1.7
SC0,25/02/2014,Ross County,Inverness C,0,3,A,0,2,A,C Murray,13,12,5,3,12,11,4,2,0,1,0,0,3.0,3.4,2.3,2.9,3.25,2.25,3.0,3.4,2.3,2013/14,€7.68m,€5.80m,3.0,3.4,2.4
SC0,25/02/2014,St Johnstone,Motherwell,3,0,H,2,0,H,K Clancy,9,4,7,1,17,14,10,2,2,0,0,0,2.3,3.4,3.0,2.2,3.25,2.95,2.4,3.3,2.88,2013/14,€10.13m,€7.70m,2.4,3.3,3.13
SC0,28/02/2014,Hibernian,Dundee United,1,3,A,1,1,D,E Norris,4,15,1,7,18,10,6,11,3,3,1,0,2.88,3.4,2.38,2.9,3.2,2.25,2.9,3.3,2.37,2013/14,€9.58m,€10.65m,2.9,3.3,2.55
SC0,01/03/2014,Aberdeen,St Johnstone,1,0,H,1,0,H,W Collum,8,9,4,4,9,12,6,4,0,2,0,1,1.73,3.75,4.5,1.7,3.7,4.2,1.72,3.5,5.0,2013/14,€10.93m,€10.13m,1.75,3.75,5.0
SC0,01/03/2014,Celtic,Inverness C,5,0,H,2,0,H,B Colvin,24,6,9,2,8,6,5,3,0,0,0,0,1.29,5.5,9.5,1.26,5.25,8.5,1.28,5.5,9.0,2013/14,€68.53m,€5.80m,1.33,5.5,9.5
SC0,01/03/2014,Motherwell,Hearts,4,1,H,2,0,H,J Beaton,21,8,9,1,17,14,6,6,1,3,0,0,1.5,4.2,6.5,1.4,4.33,6.5,1.44,4.33,7.0,2013/14,€7.70m,€5.15m,1.5,4.4,7.0
SC0,01/03/2014,Ross County,Partick,1,1,D,1,1,D,C Thomson,11,11,2,1,11,14,7,7,2,4,0,0,2.3,3.4,3.0,2.25,3.2,2.9,2.25,3.3,3.1,2013/14,€7.68m,€6.63m,2.5,3.4,2.9
SC0,01/03/2014,St Mirren,Kilmarnock,2,0,H,0,0,D,C Allan,11,8,5,2,2,8,7,6,1,1,0,0,2.5,3.4,2.7,2.35,3.2,2.75,2.5,3.3,2.8,2013/14,€9.60m,€9.60m,2.5,3.4,2.9
SC0,08/03/2014,Hibernian,Motherwell,3,3,D,1,2,A,S McLean,13,10,5,6,11,4,8,2,0,0,0,0,2.5,3.3,2.75,2.55,3.3,2.45,2.75,3.3,2.5,2013/14,€9.58m,€7.70m,2.62,3.3,2.8
SC0,08/03/2014,Kilmarnock,Hearts,4,2,H,1,1,D,E Norris,9,10,6,2,17,11,9,2,3,2,0,0,1.8,3.6,4.33,1.65,3.8,4.25,1.75,3.75,4.5,2013/14,€9.60m,€5.15m,1.75,3.75,4.8
SC0,12/03/2014,Dundee United,St Johnstone,0,1,A,0,0,D,C Allan,8,10,4,3,17,17,5,5,2,4,0,0,1.91,3.5,4.0,1.75,3.6,4.0,1.83,3.4,4.33,2013/14,€10.65m,€10.13m,1.92,3.5,4.1
SC0,12/03/2014,Inverness C,Hibernian,0,0,D,0,0,D,S Finnie,4,7,1,3,13,16,3,8,2,2,0,0,2.2,3.3,3.3,2.0,3.3,3.4,2.05,3.4,3.5,2013/14,€5.80m,€9.58m,2.2,3.4,3.3
SC0,14/03/2014,Kilmarnock,Celtic,0,3,A,0,0,D,W Collum,2,14,0,9,8,6,1,6,1,0,0,0,11.0,5.75,1.25,7.5,5.0,1.3,9.0,5.0,1.33,2013/14,€9.60m,€68.53m,9.0,5.25,1.33
SC0,15/03/2014,Dundee United,St Mirren,3,2,H,0,2,A,C Thomson,10,13,6,7,6,9,4,2,1,1,0,0,1.53,4.0,6.0,1.6,3.8,4.75,1.61,3.75,5.0,2013/14,€10.65m,€9.60m,1.62,4.0,5.75
SC0,15/03/2014,Partick,Hibernian,3,1,H,1,0,H,B Colvin,13,10,9,2,9,10,5,12,1,0,0,0,2.5,3.3,2.75,2.5,3.25,2.55,2.5,3.3,2.75,2013/14,€6.63m,€9.58m,2.55,3.3,2.9
SC0,15/03/2014,St Johnstone,Ross County,0,1,A,0,1,A,B Madden,9,9,4,7,15,12,5,3,2,1,0,0,1.73,3.6,4.75,1.75,3.6,4.0,1.8,3.4,4.33,2013/14,€10.13m,€7.68m,1.8,3.6,4.8
SC0,19/03/2014,Motherwell,Inverness C,2,0,H,2,0,H,A Muir,11,13,3,7,9,10,4,4,1,1,0,0,2.0,3.5,3.6,2.0,3.3,3.4,1.95,3.5,3.75,2013/14,€7.70m,€5.80m,2.0,3.5,3.8
SC0,21/03/2014,Hearts,Dundee United,1,2,A,0,1,A,B Madden,8,12,3,4,6,16,3,1,0,0,0,0,5.25,4.0,1.62,4.6,3.7,1.62,5.0,3.8,1.66,2013/14,€5.15m,€10.65m,5.2,4.1,1.67
SC0,22/03/2014,Aberdeen,Kilmarnock,2,1,H,1,1,D,C Thomson,11,3,3,3,7,12,3,3,0,0,0,0,1.5,4.0,7.0,1.5,3.9,5.75,1.5,4.0,7.0,2013/14,€10.93m,€9.60m,1.5,4.3,7.0
SC0,22/03/2014,Celtic,St Mirren,3,0,H,1,0,H,S Finnie,21,12,7,3,8,6,5,4,2,0,0,0,1.18,7.0,13.0,1.15,6.5,13.5,1.16,7.0,15.0,2013/14,€68.53m,€9.60m,1.18,7.0,18.0
SC0,22/03/2014,Inverness C,Partick,1,0,H,0,0,D,K Clancy,9,10,3,4,9,10,1,9,3,1,0,0,2.2,3.3,3.3,1.95,3.4,3.4,2.0,3.5,3.6,2013/14,€5.80m,€6.63m,2.2,3.4,3.4
SC0,22/03/2014,Motherwell,Ross County,2,1,H,0,0,D,I Brines,9,3,6,1,4,5,5,4,2,1,0,0,1.8,3.8,4.0,1.7,3.8,4.0,1.8,3.6,4.2,2013/14,€7.70m,€7.68m,1.9,3.8,4.0
SC0,22/03/2014,St Johnstone,Hibernian,2,0,H,1,0,H,S McLean,15,5,6,0,10,10,9,7,0,3,0,1,2.15,3.25,3.4,2.0,3.3,3.4,2.05,3.4,3.5,2013/14,€10.13m,€9.58m,2.15,3.4,3.5
SC0,25/03/2014,Ross County,Aberdeen,1,1,D,1,0,H,B Colvin,15,17,6,8,9,11,8,10,0,1,0,1,4.5,3.8,1.73,3.6,3.5,1.85,4.33,3.5,1.83,2013/14,€7.68m,€10.93m,4.6,3.8,1.75
SC0,25/03/2014,St Mirren,St Johnstone,0,1,A,0,1,A,A Muir,6,11,2,4,13,6,12,8,2,2,0,0,2.9,3.1,2.5,2.7,3.1,2.45,2.87,3.2,2.5,2013/14,€9.60m,€10.13m,2.9,3.2,2.55
SC0,26/03/2014,Dundee United,Inverness C,2,1,H,0,0,D,E Norris,10,8,5,4,10,8,5,0,1,3,0,0,1.8,3.75,4.2,1.75,3.6,4.0,1.83,3.5,4.33,2013/14,€10.65m,€5.80m,1.9,3.75,3.9
SC0,26/03/2014,Partick,Celtic,1,5,A,0,1,A,S McLean,11,14,4,8,6,6,6,2,0,2,0,0,9.0,5.0,1.33,8.0,5.25,1.28,10.0,5.5,1.3,2013/14,€6.63m,€68.53m,8.5,5.0,1.36
SC0,29/03/2014,Aberdeen,Dundee United,1,1,D,0,1,A,C Murray,18,8,7,4,10,13,2,3,1,1,0,0,2.05,3.4,3.5,2.0,3.3,3.4,2.0,3.4,3.75,2013/14,€10.93m,€10.65m,2.2,3.4,3.4
SC0,29/03/2014,Celtic,Ross County,1,1,D,1,1,D,J Beaton,12,6,5,1,16,9,7,3,1,2,0,0,1.18,6.5,13.0,1.14,7.0,13.0,1.18,7.0,13.0,2013/14,€68.53m,€7.68m,1.2,7.0,15.0
SC0,29/03/2014,Inverness C,St Mirren,2,2,D,2,1,H,W Collum,7,10,4,3,15,15,6,6,0,1,1,0,1.7,3.6,5.0,1.75,3.6,4.0,1.83,3.5,4.33,2013/14,€5.80m,€9.60m,1.8,3.6,4.8
SC0,29/03/2014,Motherwell,Kilmarnock,1,2,A,1,0,H,B Madden,14,13,7,5,11,15,7,6,1,1,0,0,1.8,3.5,4.5,1.7,3.6,4.33,1.72,3.75,4.5,2013/14,€7.70m,€9.60m,1.85,3.75,4.2
SC0,29/03/2014,St Johnstone,Partick,1,1,D,1,0,H,C Thomson,11,14,6,5,15,13,4,11,1,4,0,0,2.05,3.3,3.6,1.9,3.4,3.6,2.0,3.4,3.75,2013/14,€10.13m,€6.63m,2.0,3.5,3.9
SC0,30/03/2014,Hearts,Hibernian,2,0,H,1,0,H,S McLean,11,14,4,1,11,10,2,5,1,1,0,1,3.3,3.6,2.05,3.25,3.3,2.05,3.25,3.25,2.2,2013/14,€5.15m,€9.58m,3.5,3.5,2.15
SC0,01/04/2014,Inverness C,Motherwell,1,2,A,0,1,A,C Thomson,7,6,3,4,12,13,5,3,0,2,0,0,2.5,3.3,2.8,2.5,3.2,2.55,2.5,3.3,2.75,2013/14,€5.80m,€7.70m,2.45,3.3,3.0
SC0,02/04/2014,Hearts,Aberdeen,1,1,D,0,0,D,K Clancy,9,11,3,2,18,16,6,3,2,3,1,0,6.0,4.33,1.5,5.0,4.0,1.55,6.0,4.0,1.53,2013/14,€5.15m,€10.93m,6.25,4.2,1.53
SC0,04/04/2014,Ross County,Inverness C,1,2,A,0,1,A,C Murray,8,18,3,10,12,12,6,7,1,3,0,0,2.5,3.3,2.8,2.4,3.1,2.8,2.5,3.3,2.75,2013/14,€7.68m,€5.80m,2.62,3.3,2.8
SC0,05/04/2014,Dundee United,Celtic,0,2,A,0,2,A,C Thomson,9,9,5,6,14,8,8,7,3,2,0,0,5.5,4.0,1.57,5.5,3.6,1.57,5.0,3.75,1.66,2013/14,€10.65m,€68.53m,5.5,4.1,1.62
SC0,05/04/2014,Kilmarnock,St Johnstone,1,2,A,1,2,A,S McLean,7,11,2,5,12,8,3,7,2,1,0,0,2.7,3.3,2.55,2.6,3.1,2.55,2.5,3.3,2.75,2013/14,€9.60m,€10.13m,2.8,3.3,2.62
SC0,05/04/2014,Partick,Hearts,2,4,A,1,1,D,S Finnie,10,10,5,7,17,13,4,5,1,2,0,0,1.73,3.5,5.0,1.67,3.7,4.33,1.72,3.75,4.5,2013/14,€6.63m,€5.15m,1.75,3.75,5.0
SC0,05/04/2014,St Mirren,Motherwell,3,2,H,1,2,A,E Norris,12,8,6,4,10,12,12,4,1,0,0,0,3.2,3.4,2.2,3.2,3.2,2.1,3.25,3.3,2.2,2013/14,€9.60m,€7.70m,3.12,3.4,2.3
SC0,07/04/2014,Hibernian,Aberdeen,0,2,A,0,1,A,B Madden,4,7,0,2,7,10,4,1,0,0,0,0,3.6,3.5,2.0,3.5,3.3,1.95,3.6,3.3,2.05,2013/14,€9.58m,€10.93m,3.9,3.5,2.0
SC0,18/04/2014,Inverness C,Aberdeen,0,0,D,0,0,D,B Madden,11,11,4,3,13,11,8,3,0,0,0,0,3.0,3.5,2.25,2.75,3.2,2.35,2.9,3.3,2.38,2013/14,€5.80m,€10.93m,3.12,3.4,2.3
SC0,19/04/2014,Hearts,Ross County,2,0,H,0,0,D,W Collum,6,5,4,3,3,3,5,4,1,3,1,0,2.8,3.5,2.38,2.55,3.3,2.45,2.88,3.4,2.38,2013/14,€5.15m,€7.68m,2.88,3.5,2.45
SC0,19/04/2014,Kilmarnock,Partick,1,2,A,0,0,D,B Colvin,11,9,4,3,11,8,7,8,2,2,0,0,2.5,3.4,2.7,2.4,3.3,2.6,2.38,3.4,2.88,2013/14,€9.60m,€6.63m,2.62,3.4,2.75
SC0,19/04/2014,Motherwell,Celtic,3,3,D,2,1,H,C Thomson,10,18,5,8,8,10,6,8,0,1,0,0,5.25,4.2,1.57,5.0,3.6,1.6,5.0,3.75,1.67,2013/14,€7.70m,€68.53m,5.75,4.2,1.6
SC0,19/04/2014,St Johnstone,Dundee United,2,0,H,1,0,H,J Beaton,11,8,5,2,13,14,3,6,1,0,0,0,2.5,3.5,2.63,2.4,3.25,2.65,2.6,3.3,2.63,2013/14,€10.13m,€10.65m,2.6,3.5,2.7
SC0,19/04/2014,St Mirren,Hibernian,2,0,H,2,0,H,K Clancy,7,14,4,4,13,19,2,13,1,3,1,0,2.25,3.5,3.0,2.25,3.25,2.85,2.3,3.4,3.0,2013/14,€9.60m,€9.58m,2.4,3.5,3.0
SC0,25/04/2014,Partick,St Mirren,1,1,D,1,1,D,C Murray,14,8,5,3,12,9,10,4,2,1,0,0,2.05,3.4,3.6,2.1,3.3,3.1,2.1,3.4,3.4,2013/14,€6.63m,€9.60m,2.15,3.4,3.6
SC0,26/04/2014,Aberdeen,St Johnstone,1,1,D,1,1,D,A Muir,12,8,7,2,14,16,7,2,1,3,0,0,1.75,3.5,4.75,1.7,3.5,4.4,1.8,3.5,4.5,2013/14,€10.93m,€10.13m,1.85,3.5,4.75
SC0,26/04/2014,Dundee United,Motherwell,5,1,H,2,0,H,S McLean,13,5,8,1,9,19,7,1,0,3,0,0,1.83,3.5,4.2,1.91,3.4,3.5,1.95,3.6,3.6,2013/14,€10.65m,€7.70m,1.92,3.5,3.9
SC0,26/04/2014,Ross County,Kilmarnock,2,1,H,1,0,H,K Clancy,11,11,9,5,9,17,4,7,3,2,0,0,2.2,3.4,3.2,2.2,3.3,2.9,2.25,3.3,3.1,2013/14,€7.68m,€9.60m,2.2,3.4,3.3
SC0,27/04/2014,Celtic,Inverness C,6,0,H,2,0,H,C Charleston,24,10,10,4,8,10,15,3,0,1,0,0,1.3,5.0,11.0,1.3,5.0,7.75,1.28,5.5,10.0,2013/14,€68.53m,€5.80m,1.33,5.25,10.0
SC0,27/04/2014,Hibernian,Hearts,1,2,A,0,2,A,B Madden,12,7,6,5,20,14,6,4,3,1,0,0,1.8,3.5,4.5,1.8,3.5,3.8,1.8,3.5,4.33,2013/14,€9.58m,€5.15m,1.9,3.5,4.4
SC0,03/05/2014,Celtic,Aberdeen,5,2,H,2,1,H,I Brines,15,9,9,5,9,14,5,5,1,0,0,0,1.4,4.5,8.0,1.4,4.75,5.75,1.44,4.0,7.0,2013/14,€68.53m,€10.93m,1.4,4.5,8.5
SC0,03/05/2014,Hibernian,Partick,1,1,D,0,1,A,A Muir,11,10,4,6,14,12,7,9,1,1,1,0,2.5,3.4,2.7,2.25,3.25,2.9,2.37,3.4,2.75,2013/14,€9.58m,€6.63m,2.55,3.4,2.8
SC0,03/05/2014,Inverness C,Dundee United,1,1,D,1,0,H,B Colvin,7,17,2,5,13,11,4,3,0,0,0,0,3.3,3.4,2.15,3.1,3.3,2.1,3.2,3.4,2.2,2013/14,€5.80m,€10.65m,3.25,3.4,2.25
SC0,03/05/2014,Motherwell,St Johnstone,2,1,H,2,1,H,K Clancy,8,6,5,2,19,16,5,3,1,3,0,0,2.25,3.3,3.2,2.1,3.3,3.1,2.15,3.4,3.3,2013/14,€7.70m,€10.13m,2.4,3.4,3.0
SC0,03/05/2014,St Mirren,Ross County,1,0,H,0,0,D,C Thomson,14,9,7,2,10,11,7,4,0,1,0,0,2.3,3.4,3.0,2.15,3.3,3.0,2.2,3.25,3.1,2013/14,€9.60m,€7.68m,2.4,3.4,3.0
SC0,04/05/2014,Hearts,Kilmarnock,5,0,H,3,0,H,C Murray,11,10,7,2,12,10,3,5,0,1,0,0,2.6,3.25,2.7,2.55,3.2,2.5,2.7,3.3,2.4,2013/14,€5.15m,€9.60m,2.62,3.3,2.7
SC0,06/05/2014,Dundee United,Aberdeen,1,3,A,1,1,D,C Murray,9,10,4,4,12,10,7,2,1,2,0,0,2.45,3.5,2.7,2.35,3.25,2.7,2.4,3.3,2.75,2013/14,€10.65m,€10.93m,2.45,3.5,2.9
SC0,06/05/2014,Ross County,Hibernian,1,0,H,0,0,D,J Beaton,10,18,3,5,12,10,5,3,2,1,0,0,2.63,3.4,2.55,2.45,3.2,2.65,2.5,3.3,2.75,2013/14,€7.68m,€9.58m,2.55,3.4,2.8
SC0,07/05/2014,Hearts,Partick,2,4,A,2,1,H,C Allan,6,15,2,9,8,11,2,4,2,2,0,0,2.63,3.5,2.5,2.5,3.25,2.55,2.62,3.4,2.62,2013/14,€5.15m,€6.63m,2.7,3.5,2.6
SC0,07/05/2014,Kilmarnock,St Mirren,1,0,H,1,0,H,A Muir,14,11,7,4,19,14,12,4,3,1,1,0,2.38,3.4,2.88,2.5,3.2,2.6,2.37,3.3,2.9,2013/14,€9.60m,€9.60m,2.62,3.4,2.75
SC0,07/05/2014,Motherwell,Inverness C,2,1,H,2,0,H,W Collum,7,9,2,3,8,16,4,5,1,1,0,0,2.05,3.4,3.5,2.05,3.3,3.25,2.0,3.4,3.75,2013/14,€7.70m,€5.80m,2.15,3.5,3.25
SC0,07/05/2014,St Johnstone,Celtic,3,3,D,1,0,H,S McLean,12,12,5,7,9,13,5,8,0,1,0,0,6.5,4.5,1.44,6.5,4.33,1.4,7.0,4.33,1.44,2013/14,€10.13m,€68.53m,7.0,4.5,1.5
SC0,10/05/2014,Hibernian,Kilmarnock,0,1,A,0,1,A,C Thomson,13,9,4,5,8,15,8,3,1,1,0,0,2.2,3.4,3.2,2.2,3.2,3.0,2.2,3.3,3.2,2013/14,€9.58m,€9.60m,2.2,3.4,3.4
SC0,10/05/2014,Partick,Ross County,2,3,A,0,1,A,B Madden,11,7,5,4,7,6,7,5,2,2,0,0,2.1,3.5,3.25,2.1,3.3,3.1,2.2,3.3,3.25,2013/14,€6.63m,€7.68m,2.1,3.5,3.5
SC0,10/05/2014,St Mirren,Hearts,1,1,D,1,0,H,S Finnie,11,8,5,5,16,11,8,5,2,2,0,0,2.1,3.6,3.2,2.2,3.3,2.95,2.2,3.5,3.1,2013/14,€9.60m,€5.15m,2.2,3.6,3.3
SC0,11/05/2014,Aberdeen,Motherwell,0,1,A,0,0,D,S McLean,8,4,2,2,9,17,5,1,1,1,0,0,2.05,3.4,3.5,2.0,3.4,3.25,2.1,3.5,3.3,2013/14,€10.93m,€7.70m,2.1,3.5,3.6
SC0,11/05/2014,Celtic,Dundee United,3,1,H,0,0,D,W Collum,12,7,8,2,10,14,4,3,1,1,0,0,1.29,5.5,10.0,1.3,5.25,7.25,1.33,5.0,9.0,2013/14,€68.53m,€10.65m,1.3,5.5,10.5
SC0,11/05/2014,Inverness C,St Johnstone,2,0,H,0,0,D,A Muir,6,3,6,3,7,7,3,5,1,1,0,0,2.38,3.25,3.0,2.3,3.2,2.8,2.37,3.2,3.0,2013/14,€5.80m,€10.13m,2.4,3.3,3.1
SC0,09/08/2014,Dundee,Kilmarnock,1,1,D,1,1,D,S McLean,14,10,7,3,5,13,7,4,0,3,0,0,2.38,3.2,3.0,2.25,3.25,2.85,2.37,3.3,2.9,2014/15,€7.35m,€5.63m,2.3,3.3,3.2
SC0,09/08/2014,Hamilton,Inverness C,0,2,A,0,2,A,D Robertson,8,13,3,8,12,12,2,4,2,1,0,0,3.2,3.2,2.3,3.1,3.2,2.15,3.1,3.25,2.3,2014/15,€5.65m,€6.55m,3.12,3.3,2.4
SC0,09/08/2014,Motherwell,St Mirren,1,0,H,0,0,D,C Murray,9,20,4,11,13,16,1,7,1,1,0,1,1.8,3.6,4.33,1.72,3.6,4.2,1.75,3.6,4.5,2014/15,€8.50m,€6.93m,1.83,3.9,4.2
SC0,10/08/2014,Aberdeen,Dundee United,0,3,A,0,2,A,W Collum,13,12,0,5,13,14,9,3,0,2,0,0,2.2,3.3,3.3,2.2,3.25,2.95,2.2,3.25,3.3,2014/15,€11.13m,€9.90m,2.25,3.3,3.4
SC0,10/08/2014,Ross County,St Johnstone,1,2,A,0,1,A,K Clancy,9,11,5,5,11,18,4,8,2,0,0,0,3.0,3.25,2.38,2.8,3.2,2.3,3.0,3.25,2.37,2014/15,€8.90m,€9.93m,3.0,3.3,2.5
SC0,13/08/2014,Dundee United,Motherwell,1,0,H,0,0,D,K Clancy,10,3,4,0,16,12,10,8,1,2,0,0,1.91,3.6,3.75,2.0,3.25,3.4,2.0,3.4,3.75,2014/15,€9.90m,€8.50m,2.0,3.6,3.9
SC0,13/08/2014,Inverness C,Dundee,0,0,D,0,0,D,S Finnie,13,4,3,2,8,12,4,4,1,2,0,0,2.1,3.3,3.5,2.05,3.2,3.3,1.9,3.4,4.0,2014/15,€6.55m,€7.35m,2.15,3.4,3.6
SC0,13/08/2014,Kilmarnock,Aberdeen,0,2,A,0,1,A,A Crawford,12,8,4,4,8,8,3,5,0,0,0,0,4.0,3.4,1.91,3.4,3.3,2.0,3.6,3.4,2.0,2014/15,€5.63m,€11.13m,4.1,3.6,1.92
SC0,13/08/2014,Partick,Ross County,4,0,H,1,0,H,A Dallas,16,9,8,4,4,4,2,6,2,3,0,0,2.1,3.3,3.5,2.1,3.2,3.2,2.1,3.3,3.5,2014/15,€7.00m,€8.90m,2.1,3.3,3.7
SC0,13/08/2014,St Johnstone,Celtic,0,3,A,0,0,D,J Beaton,6,16,1,8,12,14,3,6,1,1,1,0,6.0,4.33,1.5,6.0,4.25,1.44,6.5,4.2,1.5,2014/15,€9.93m,€75.98m,7.0,4.3,1.5
SC0,13/08/2014,St Mirren,Hamilton,0,2,A,0,1,A,A Muir,9,7,2,4,10,17,6,6,1,4,0,0,2.1,3.4,3.4,1.95,3.4,3.4,2.1,3.4,3.4,2014/15,€6.93m,€5.65m,2.15,3.4,3.6
SC0,16/08/2014,Celtic,Dundee United,6,1,H,3,0,H,C Thomson,29,7,14,3,8,10,10,1,0,3,0,0,1.44,4.5,6.5,1.4,4.5,6.0,1.44,4.5,7.0,2014/15,€75.98m,€9.90m,1.45,4.6,7.0
SC0,16/08/2014,Dundee,Partick,1,1,D,0,1,A,C Charleston,9,9,3,5,12,15,2,1,0,3,0,1,2.45,3.25,2.88,2.25,3.2,2.95,2.3,3.25,3.1,2014/15,€7.35m,€7.00m,2.5,3.25,3.0
SC0,16/08/2014,Hamilton,St Johnstone,1,0,H,1,0,H,B Madden,10,4,7,1,9,12,5,3,2,2,0,0,2.7,3.2,2.6,2.8,3.1,2.4,2.8,3.25,2.5,2014/15,€5.65m,€9.93m,2.88,3.3,2.6
SC0,16/08/2014,Motherwell,Inverness C,0,2,A,0,1,A,S McLean,5,17,0,4,15,11,5,6,2,0,0,0,2.4,3.4,2.8,2.45,3.2,2.65,2.25,3.3,3.2,2014/15,€8.50m,€6.55m,2.4,3.4,3.0
SC0,16/08/2014,Ross County,Kilmarnock,1,2,A,0,1,A,B Colvin,9,13,8,6,20,15,6,7,5,3,0,0,2.25,3.25,3.2,2.3,3.3,2.75,2.37,3.25,3.0,2014/15,€8.90m,€5.63m,2.3,3.25,3.3
SC0,23/08/2014,Dundee United,Ross County,2,1,H,1,0,H,S McLean,18,11,9,3,13,16,8,2,2,2,0,0,1.44,4.2,7.5,1.45,4.33,5.5,1.44,4.5,7.0,2014/15,€9.90m,€8.90m,1.5,4.2,6.5
SC0,23/08/2014,Inverness C,Celtic,1,0,H,0,0,D,B Madden,10,13,2,6,9,9,7,4,0,0,0,0,6.0,4.33,1.5,5.75,4.0,1.48,7.0,4.0,1.5,2014/15,€6.55m,€75.98m,6.25,4.3,1.55
SC0,23/08/2014,Kilmarnock,Motherwell,2,0,H,1,0,H,W Collum,17,7,11,2,14,6,4,7,1,1,0,1,2.5,3.4,2.7,2.4,3.4,2.6,2.7,3.1,2.7,2014/15,€5.63m,€8.50m,2.5,3.4,2.88
SC0,23/08/2014,Partick,Hamilton,1,2,A,0,0,D,K Clancy,8,5,5,4,10,11,7,8,2,3,0,0,2.0,3.4,3.75,2.0,3.3,3.4,2.1,3.4,3.4,2014/15,€7.00m,€5.65m,2.1,3.4,3.7
SC0,23/08/2014,St Johnstone,Aberdeen,1,0,H,0,0,D,C Thomson,9,9,2,1,13,11,5,5,2,2,0,0,2.9,3.25,2.4,2.9,3.2,2.25,3.0,3.2,2.37,2014/15,€9.93m,€11.13m,3.12,3.3,2.4
SC0,23/08/2014,St Mirren,Dundee,0,1,A,0,0,D,J Beaton,18,10,5,5,17,14,12,4,1,2,0,0,2.63,3.2,2.7,2.3,3.2,2.85,2.4,3.25,2.9,2014/15,€6.93m,€7.35m,2.62,3.25,2.88
SC0,30/08/2014,Aberdeen,Partick,2,0,H,0,0,D,B Colvin,16,5,6,1,8,12,12,1,0,3,0,0,1.67,3.75,5.0,1.7,3.7,4.2,1.72,3.75,4.5,2014/15,€11.13m,€7.00m,1.7,3.75,5.4
SC0,30/08/2014,Hamilton,Ross County,4,0,H,0,0,D,W Collum,17,3,11,3,18,10,17,2,3,2,0,1,2.05,3.4,3.5,2.0,3.25,3.4,2.0,3.4,3.6,2014/15,€5.65m,€8.90m,2.1,3.4,3.7
SC0,30/08/2014,Inverness C,Kilmarnock,2,0,H,0,0,D,J Beaton,11,7,4,1,13,12,5,4,2,1,0,0,1.75,3.75,4.5,1.85,3.5,3.7,1.9,3.4,4.0,2014/15,€6.55m,€5.63m,1.83,3.75,4.4
SC0,30/08/2014,Motherwell,St Johnstone,0,1,A,0,0,D,A Muir,8,10,3,6,10,8,3,1,1,1,0,0,2.88,3.3,2.4,2.65,3.25,2.4,2.75,3.3,2.5,2014/15,€8.50m,€9.93m,3.0,3.4,2.45
SC0,30/08/2014,St Mirren,Dundee United,0,3,A,0,0,D,B Madden,13,13,1,7,8,12,12,3,0,1,0,0,3.75,3.4,2.0,3.6,3.4,1.9,3.6,3.4,2.0,2014/15,€6.93m,€9.90m,3.6,3.4,2.1
SC0,31/08/2014,Dundee,Celtic,1,1,D,1,0,H,C Thomson,10,13,3,6,11,7,4,5,1,2,0,0,7.5,4.5,1.4,5.5,4.33,1.45,7.0,4.33,1.44,2014/15,€7.35m,€75.98m,8.0,4.75,1.4
SC0,13/09/2014,Celtic,Aberdeen,2,1,H,1,0,H,B Madden,19,10,4,5,12,7,4,4,1,1,0,0,1.45,4.5,6.5,1.45,4.5,5.25,1.5,4.0,7.0,2014/15,€75.98m,€11.13m,1.5,4.5,7.0
SC0,13/09/2014,Dundee United,Hamilton,2,2,D,2,2,D,J Beaton,9,11,4,5,14,10,5,5,1,1,1,1,1.67,3.75,5.0,1.7,3.5,4.5,1.75,3.6,4.75,2014/15,€9.90m,€5.65m,1.75,3.75,4.75
SC0,13/09/2014,Kilmarnock,St Mirren,2,1,H,0,0,D,A Muir,8,9,5,4,14,12,12,8,3,3,0,0,2.2,3.4,3.2,2.2,3.25,2.95,2.05,3.5,3.4,2014/15,€5.63m,€6.93m,2.3,3.5,3.1
SC0,13/09/2014,Partick,Inverness C,3,1,H,2,1,H,S Finnie,11,11,7,5,10,10,5,4,2,2,0,0,2.8,3.3,2.5,2.85,3.3,2.25,2.9,3.25,2.4,2014/15,€7.00m,€6.55m,2.75,3.5,2.55
SC0,13/09/2014,Ross County,Motherwell,1,2,A,0,0,D,S McLean,20,9,7,7,9,13,6,6,0,2,0,0,2.7,3.6,2.4,2.6,3.3,2.4,2.8,3.4,2.4,2014/15,€8.90m,€8.50m,2.75,3.6,2.5
SC0,13/09/2014,St Johnstone,Dundee,0,1,A,0,1,A,W Collum,6,9,0,3,9,11,2,7,2,0,0,0,2.0,3.6,3.5,1.95,3.3,3.5,2.0,3.4,3.75,2014/15,€9.93m,€7.35m,2.1,3.4,3.75
SC0,19/09/2014,Partick,St Mirren,1,2,A,1,0,H,W Collum,8,12,1,7,16,8,3,5,3,3,0,0,2.1,3.4,3.4,2.05,3.5,3.7,2.05,3.4,3.5,2014/15,€7.00m,€6.93m,2.2,3.4,3.4
SC0,20/09/2014,Aberdeen,Ross County,3,0,H,2,0,H,C Thomson,13,10,10,3,11,13,7,8,2,3,0,0,1.45,4.5,6.5,1.5,4.1,5.25,1.53,4.0,6.0,2014/15,€11.13m,€8.90m,1.5,4.5,7.0
SC0,20/09/2014,Hamilton,Kilmarnock,0,0,D,0,0,D,K Clancy,8,6,5,3,9,12,4,2,3,3,0,0,2.0,3.6,3.5,2.05,3.4,3.1,2.1,3.4,3.4,2014/15,€5.65m,€5.63m,2.05,3.6,3.6
SC0,20/09/2014,Inverness C,St Johnstone,2,1,H,0,0,D,C Murray,14,5,5,1,11,15,4,6,2,1,0,0,2.05,3.5,3.4,2.1,3.25,3.2,2.2,3.3,3.3,2014/15,€6.55m,€9.93m,2.2,3.25,3.6
SC0,21/09/2014,Celtic,Motherwell,1,1,D,0,1,A,B Colvin,27,4,10,1,2,11,8,0,0,1,0,0,1.22,6.0,12.0,1.26,5.0,9.5,1.3,5.5,10.0,2014/15,€75.98m,€8.50m,1.25,6.0,13.0
SC0,21/09/2014,Dundee,Dundee United,1,4,A,0,1,A,S McLean,4,11,2,8,12,18,3,5,1,4,1,0,3.0,3.5,2.25,2.95,3.4,2.15,3.2,3.25,2.3,2014/15,€7.35m,€9.90m,3.1,3.5,2.3
SC0,27/09/2014,Aberdeen,Inverness C,3,2,H,2,1,H,J Beaton,10,9,7,4,16,16,8,2,2,2,0,0,2.1,3.4,3.4,2.1,3.3,3.1,2.15,3.3,3.4,2014/15,€11.13m,€6.55m,2.2,3.4,3.4
SC0,27/09/2014,Dundee United,St Johnstone,2,0,H,1,0,H,B Madden,6,7,3,1,13,14,3,5,2,1,0,0,1.85,3.6,4.0,1.75,3.6,4.0,1.83,3.4,4.0,2014/15,€9.90m,€9.93m,1.9,3.75,4.1
SC0,27/09/2014,Kilmarnock,Partick,3,0,H,1,0,H,A Dallas,11,8,7,4,5,11,4,3,0,3,0,0,2.5,3.4,2.7,2.35,3.2,2.75,2.5,3.3,2.75,2014/15,€5.63m,€7.00m,2.45,3.5,2.88
SC0,27/09/2014,Motherwell,Hamilton,0,4,A,0,2,A,W Collum,9,23,3,9,15,16,9,4,5,1,0,0,2.6,3.4,2.6,2.5,3.3,2.5,2.5,3.3,2.75,2014/15,€8.50m,€5.65m,2.7,3.4,2.7
SC0,27/09/2014,Ross County,Dundee,2,1,H,1,0,H,C Charleston,15,8,5,4,13,17,7,3,1,2,0,0,3.25,3.25,2.2,3.0,3.3,2.15,3.1,3.2,2.3,2014/15,€8.90m,€7.35m,3.3,3.4,2.2
SC0,27/09/2014,St Mirren,Celtic,1,2,A,0,1,A,C Thomson,6,11,2,2,11,12,5,6,2,1,0,0,9.0,5.0,1.33,7.25,4.75,1.33,8.0,4.5,1.36,2014/15,€6.93m,€75.98m,10.5,5.25,1.33
SC0,30/09/2014,Aberdeen,St Mirren,2,2,D,1,0,H,A Crawford,21,10,11,5,16,12,7,5,2,3,0,0,1.53,4.0,6.0,1.6,3.6,5.0,1.6,3.75,6.0,2014/15,€11.13m,€6.93m,1.57,4.0,6.5
SC0,03/10/2014,Kilmarnock,Dundee United,2,0,H,0,0,D,A Crawford,15,11,6,3,14,10,7,2,3,2,0,0,3.6,3.5,2.0,3.1,3.3,2.1,3.4,3.4,2.1,2014/15,€5.63m,€9.90m,3.6,3.5,2.1
SC0,04/10/2014,Dundee,Aberdeen,2,3,A,1,2,A,W Collum,13,6,4,2,14,18,5,7,2,2,0,0,3.2,3.5,2.15,2.9,3.4,2.15,3.0,3.25,2.25,2014/15,€7.35m,€11.13m,3.3,3.5,2.2
SC0,04/10/2014,Partick,Motherwell,3,1,H,1,0,H,B Madden,12,8,6,5,9,11,5,5,3,1,0,0,2.1,3.6,3.25,2.0,3.4,3.25,2.3,3.3,3.1,2014/15,€7.00m,€8.50m,2.2,3.5,3.3
SC0,04/10/2014,St Johnstone,St Mirren,1,2,A,0,1,A,D Robertson,5,7,1,2,11,12,5,3,0,3,0,0,1.83,3.6,4.2,1.75,3.5,4.1,1.9,3.4,4.0,2014/15,€9.93m,€6.93m,1.85,3.6,4.5
SC0,05/10/2014,Celtic,Hamilton,0,1,A,0,0,D,S McLean,16,5,7,2,13,6,11,4,2,1,0,0,1.22,6.0,12.0,1.22,5.0,12.0,1.28,5.5,10.0,2014/15,€75.98m,€5.65m,1.25,6.0,12.0
SC0,05/10/2014,Inverness C,Ross County,1,1,D,0,1,A,C Thomson,19,14,10,6,8,16,8,4,1,2,0,0,1.5,4.0,7.0,1.5,4.1,5.25,1.57,3.75,6.0,2014/15,€6.55m,€8.90m,1.6,4.0,6.0
SC0,17/10/2014,Hamilton,Aberdeen,3,0,H,1,0,H,K Clancy,6,8,3,3,14,13,5,4,5,2,0,0,2.88,3.4,2.38,2.8,3.25,2.3,3.0,3.3,2.4,2014/15,€5.65m,€11.13m,2.9,3.4,2.5
SC0,18/10/2014,Dundee United,Partick,1,0,H,0,0,D,S McLean,10,12,6,4,7,11,4,7,2,3,0,1,1.75,3.75,4.5,1.7,3.7,4.2,1.72,3.75,4.6,2014/15,€9.90m,€7.00m,1.75,3.75,4.6
SC0,18/10/2014,Motherwell,Dundee,1,3,A,0,2,A,B Colvin,12,10,10,7,8,10,10,4,1,2,0,0,2.5,3.4,2.7,2.4,3.25,2.65,2.6,3.3,2.75,2014/15,€8.50m,€7.35m,2.7,3.4,2.7
SC0,18/10/2014,Ross County,Celtic,0,5,A,0,4,A,B Madden,5,12,0,6,13,9,2,10,0,0,0,0,9.5,5.5,1.29,9.0,5.0,1.26,9.0,5.0,1.33,2014/15,€8.90m,€75.98m,11.0,5.75,1.29
SC0,18/10/2014,St Johnstone,Kilmarnock,1,2,A,1,2,A,C Thomson,10,9,4,7,13,15,6,4,3,2,0,0,2.1,3.4,3.4,2.1,3.3,3.1,2.2,3.3,3.2,2014/15,€9.93m,€5.63m,2.2,3.4,3.4
SC0,18/10/2014,St Mirren,Inverness C,0,1,A,0,1,A,W Collum,9,7,2,4,14,16,4,3,4,3,0,2,3.2,3.4,2.2,3.1,3.2,2.15,3.1,3.3,2.25,2014/15,€6.93m,€6.55m,3.5,3.4,2.15
SC0,24/10/2014,Aberdeen,Motherwell,1,0,H,1,0,H,A Crawford,13,4,3,1,4,13,2,6,0,2,0,0,1.36,4.75,8.5,1.42,4.0,7.0,1.44,4.33,6.5,2014/15,€11.13m,€8.50m,1.4,4.75,8.5
SC0,25/10/2014,Dundee,Hamilton,2,0,H,0,0,D,J Beaton,8,10,3,2,14,14,7,2,2,2,0,0,2.7,3.5,2.45,2.45,3.4,2.5,2.75,3.4,2.4,2014/15,€7.35m,€5.65m,2.8,3.5,2.5
SC0,25/10/2014,Inverness C,Dundee United,1,0,H,1,0,H,K Clancy,20,9,5,1,8,17,10,4,0,2,0,0,2.5,3.4,2.7,2.4,3.2,2.7,2.45,3.4,2.75,2014/15,€6.55m,€9.90m,2.5,3.4,2.9
SC0,25/10/2014,Partick,St Johnstone,0,0,D,0,0,D,C Murray,12,9,4,3,11,13,7,4,2,2,0,0,2.6,3.2,2.75,2.55,3.3,2.45,2.5,3.3,2.75,2014/15,€7.00m,€9.93m,2.6,3.4,2.75
SC0,25/10/2014,St Mirren,Ross County,2,2,D,1,1,D,D Robertson,15,7,8,4,11,15,11,6,0,1,0,0,1.91,3.6,3.75,2.0,3.3,3.4,1.95,3.5,3.75,2014/15,€6.93m,€8.90m,1.95,3.6,3.9
SC0,26/10/2014,Celtic,Kilmarnock,2,0,H,1,0,H,W Collum,20,3,10,0,14,8,6,3,1,1,0,1,1.2,6.5,13.0,1.22,5.75,9.5,1.25,6.0,11.0,2014/15,€75.98m,€5.63m,1.22,6.5,13.0
SC0,31/10/2014,St Johnstone,Motherwell,2,1,H,1,1,D,K Clancy,10,11,5,5,5,16,7,5,0,2,0,0,1.83,3.6,4.2,1.78,3.5,3.9,1.9,3.4,4.2,2014/15,€9.93m,€8.50m,1.95,3.6,4.0
SC0,01/11/2014,Celtic,Inverness C,1,0,H,0,0,D,C Thomson,14,10,3,4,11,9,7,8,2,2,0,0,1.3,5.0,10.0,1.3,5.25,7.25,1.33,5.0,8.5,2014/15,€75.98m,€6.55m,1.33,5.4,10.0
SC0,01/11/2014,Dundee United,St Mirren,3,0,H,1,0,H,A Dallas,11,14,6,7,9,11,5,7,1,4,0,0,1.75,3.75,4.5,1.65,3.75,4.4,1.66,3.75,5.0,2014/15,€9.90m,€6.93m,1.83,3.75,4.4
SC0,01/11/2014,Hamilton,Partick,3,3,D,2,1,H,B Colvin,12,7,8,4,12,17,3,6,1,3,0,0,1.83,3.4,4.5,1.85,3.25,3.9,1.83,3.5,4.2,2014/15,€5.65m,€7.00m,1.87,3.6,4.33
SC0,01/11/2014,Kilmarnock,Dundee,1,3,A,0,1,A,G Aitken,10,7,3,5,6,11,7,4,1,2,0,0,2.4,3.2,3.0,2.4,3.1,2.75,2.37,3.25,2.9,2014/15,€5.63m,€7.35m,2.4,3.4,3.0
SC0,03/11/2014,Ross County,Aberdeen,0,1,A,0,0,D,W Collum,8,15,2,4,14,12,2,6,1,1,0,0,5.75,3.75,1.6,5.0,3.5,1.62,4.8,3.6,1.72,2014/15,€8.90m,€11.13m,5.4,3.8,1.67
SC0,07/11/2014,Motherwell,Dundee United,1,0,H,0,0,D,S McLean,6,14,2,2,10,6,2,7,3,2,0,0,3.8,3.6,1.91,3.5,3.4,1.91,3.75,3.6,1.95,2014/15,€8.50m,€9.90m,3.75,3.75,1.95
SC0,08/11/2014,Dundee,St Johnstone,1,1,D,1,0,H,B Madden,15,8,8,5,10,12,10,9,4,1,0,0,2.5,3.25,2.8,2.3,3.3,2.75,2.5,3.3,2.87,2014/15,€7.35m,€9.93m,2.6,3.25,2.88
SC0,08/11/2014,Inverness C,Hamilton,4,2,H,1,1,D,W Collum,14,8,10,5,10,13,7,2,1,2,0,0,2.1,3.4,3.4,2.1,3.3,3.1,2.1,3.3,3.5,2014/15,€6.55m,€5.65m,2.1,3.4,3.7
SC0,08/11/2014,Kilmarnock,Ross County,0,3,A,0,3,A,S Finnie,14,11,5,6,12,12,6,3,6,3,0,0,1.83,3.75,4.0,1.85,3.5,3.7,1.9,3.4,4.0,2014/15,€5.63m,€8.90m,1.85,3.75,4.33
SC0,08/11/2014,St Mirren,Partick,0,1,A,0,0,D,J Beaton,9,8,1,5,12,16,4,3,3,3,0,0,2.4,3.4,2.8,2.3,3.2,2.85,2.37,3.4,2.87,2014/15,€6.93m,€7.00m,2.55,3.4,2.8
SC0,09/11/2014,Aberdeen,Celtic,1,2,A,1,1,D,A Muir,12,9,3,6,15,11,5,5,2,2,0,1,4.2,3.75,1.8,4.2,3.5,1.75,4.33,3.5,1.83,2014/15,€11.13m,€75.98m,4.33,3.75,1.85
SC0,22/11/2014,Celtic,Dundee,2,1,H,1,0,H,K Clancy,14,10,6,4,12,12,5,5,2,1,0,0,1.2,7.0,11.0,1.2,6.0,10.0,1.22,6.5,12.0,2014/15,€75.98m,€7.35m,1.22,7.0,13.0
SC0,22/11/2014,Dundee United,Kilmarnock,3,1,H,2,1,H,J Beaton,12,9,7,5,15,11,6,6,2,3,0,0,1.75,4.0,4.2,1.78,3.4,4.1,1.8,3.75,4.2,2014/15,€9.90m,€5.63m,1.83,3.75,4.4
SC0,22/11/2014,Hamilton,St Mirren,3,0,H,1,0,H,G Aitken,17,6,8,1,10,6,8,4,2,0,0,0,1.91,3.6,3.8,1.95,3.2,3.6,1.95,3.5,3.75,2014/15,€5.65m,€6.93m,1.93,3.6,4.0
SC0,22/11/2014,Inverness C,Motherwell,3,1,H,1,1,D,B Madden,20,4,8,1,11,14,7,1,2,2,0,0,1.62,3.8,5.5,1.62,3.5,5.0,1.67,3.75,5.0,2014/15,€6.55m,€8.50m,1.65,4.0,5.4
SC0,22/11/2014,St Johnstone,Ross County,2,1,H,1,0,H,S McLean,4,13,4,2,12,9,9,9,3,3,0,0,1.8,3.6,4.33,1.65,3.6,4.6,1.75,3.6,4.5,2014/15,€9.93m,€8.90m,1.85,3.75,4.3
SC0,23/11/2014,Partick,Aberdeen,0,1,A,0,1,A,W Collum,6,11,0,7,8,15,3,6,1,1,0,0,3.3,3.8,2.0,3.3,3.2,2.05,3.3,3.5,2.1,2014/15,€7.00m,€11.13m,3.7,3.6,2.05
SC0,03/12/2014,Celtic,Partick,1,0,H,0,0,D,B Colvin,21,6,8,3,4,7,9,2,0,0,0,0,1.18,7.0,13.0,1.18,6.5,10.0,1.2,6.5,13.0,2014/15,€75.98m,€7.00m,1.2,7.0,13.0
SC0,05/12/2014,Ross County,Dundee United,2,3,A,0,1,A,B Madden,9,12,7,6,10,13,8,4,1,1,1,0,4.75,3.6,1.73,4.0,3.6,1.75,4.33,3.6,1.8,2014/15,€8.90m,€9.90m,4.5,3.75,1.8
SC0,06/12/2014,Aberdeen,Hamilton,3,0,H,1,0,H,B Colvin,13,6,6,3,6,13,9,1,1,4,0,1,1.8,3.5,4.5,1.8,3.3,4.1,1.83,3.4,4.5,2014/15,€11.13m,€5.65m,1.83,3.6,4.6
SC0,06/12/2014,Dundee,Inverness C,1,2,A,1,0,H,W Collum,7,11,1,4,13,12,2,8,2,1,0,0,3.0,3.4,2.3,2.85,3.2,2.3,2.9,3.3,2.4,2014/15,€7.35m,€6.55m,3.0,3.3,2.45
SC0,06/12/2014,Motherwell,Celtic,0,1,A,0,1,A,C Murray,7,20,1,6,10,9,1,10,1,1,1,0,9.0,5.5,1.3,7.5,4.5,1.34,9.0,5.0,1.33,2014/15,€8.50m,€75.98m,10.0,5.0,1.33
SC0,06/12/2014,Partick,Kilmarnock,1,1,D,1,1,D,S McLean,6,4,1,2,15,11,5,3,2,1,0,0,2.15,3.4,3.25,2.15,3.2,3.1,2.2,3.4,3.2,2014/15,€7.00m,€5.63m,2.25,3.4,3.3
SC0,06/12/2014,St Mirren,St Johnstone,0,1,A,0,1,A,K Clancy,13,13,9,5,15,10,3,6,4,4,0,0,3.1,3.5,2.2,3.0,3.2,2.2,3.1,3.3,2.25,2014/15,€6.93m,€9.93m,3.2,3.4,2.3
SC0,13/12/2014,Dundee United,Aberdeen,0,2,A,0,2,A,A Crawford,7,11,1,4,8,9,4,7,1,1,0,0,2.75,3.5,2.4,2.6,3.2,2.5,2.6,3.3,2.6,2014/15,€9.90m,€11.13m,2.8,3.3,2.6
SC0,13/12/2014,Hamilton,Dundee,2,1,H,2,0,H,A Muir,9,6,4,4,16,17,4,3,3,3,0,1,2.1,3.5,3.25,2.15,3.3,3.0,2.2,3.3,3.2,2014/15,€5.65m,€7.35m,2.15,3.4,3.5
SC0,13/12/2014,Inverness C,Partick,0,4,A,0,2,A,J Beaton,6,13,4,8,12,6,7,5,0,1,0,0,1.62,3.8,5.5,1.67,3.6,4.4,1.72,3.5,5.0,2014/15,€6.55m,€7.00m,1.73,3.75,5.2
SC0,13/12/2014,Kilmarnock,St Johnstone,0,1,A,0,0,D,D Robertson,12,10,5,4,9,17,4,5,2,1,0,0,2.5,3.5,2.63,2.5,3.2,2.6,2.5,3.25,2.8,2014/15,€5.63m,€9.93m,2.7,3.3,2.75
SC0,13/12/2014,Motherwell,Ross County,2,2,D,0,1,A,W Collum,6,20,3,8,8,13,1,11,0,0,0,0,2.15,3.4,3.3,2.2,3.25,3.0,2.2,3.5,3.1,2014/15,€8.50m,€8.90m,2.3,3.5,3.1
SC0,14/12/2014,Celtic,St Mirren,4,1,H,3,1,H,C Thomson,22,4,13,1,14,8,8,2,0,0,0,0,1.14,7.5,17.0,1.14,6.25,15.0,1.15,7.5,15.0,2014/15,€75.98m,€6.93m,1.14,8.5,22.0
SC0,20/12/2014,Aberdeen,Kilmarnock,1,0,H,0,0,D,A Dallas,18,8,5,3,12,7,3,4,1,2,0,0,1.4,4.5,7.5,1.45,3.9,6.5,1.44,4.2,7.0,2014/15,€11.13m,€5.63m,1.45,4.33,8.0
SC0,20/12/2014,Partick,Dundee,1,1,D,0,0,D,C Thomson,13,8,3,1,15,8,2,4,3,2,0,0,2.25,3.4,3.1,2.25,3.25,2.9,2.3,3.25,3.1,2014/15,€7.00m,€7.35m,2.3,3.4,3.25
SC0,20/12/2014,Ross County,Hamilton,0,1,A,0,1,A,J Beaton,9,10,2,3,11,12,3,5,0,1,0,0,3.1,3.5,2.2,3.0,3.4,2.1,3.2,3.4,2.15,2014/15,€8.90m,€5.65m,3.0,3.7,2.3
SC0,20/12/2014,St Johnstone,Inverness C,1,0,H,0,0,D,B Colvin,9,10,4,4,14,20,8,2,0,3,0,1,3.0,3.4,2.3,2.65,3.25,2.4,2.6,3.3,2.6,2014/15,€9.93m,€6.55m,3.0,3.4,2.45
SC0,20/12/2014,St Mirren,Motherwell,0,1,A,0,0,D,A Muir,10,5,4,2,8,15,9,2,2,3,1,0,2.3,3.5,2.88,2.3,3.25,2.8,2.4,3.3,2.9,2014/15,€6.93m,€8.50m,2.3,3.4,3.2
SC0,21/12/2014,Dundee United,Celtic,2,1,H,1,0,H,S McLean,6,17,6,7,10,9,6,5,1,1,0,0,6.5,4.5,1.44,5.75,4.0,1.48,5.5,4.33,1.53,2014/15,€9.90m,€75.98m,6.25,4.5,1.53
SC0,27/12/2014,Celtic,Ross County,0,0,D,0,0,D,A Crawford,14,3,4,1,10,9,15,1,1,4,0,0,1.14,7.5,19.0,1.15,6.5,13.0,1.14,7.5,17.0,2014/15,€75.98m,€8.90m,1.15,8.5,19.0
SC0,27/12/2014,Dundee,St Mirren,1,3,A,0,1,A,D Robertson,9,10,6,4,8,13,11,5,1,3,1,0,1.91,3.6,3.75,1.87,3.5,3.6,1.91,3.5,4.2,2014/15,€7.35m,€6.93m,1.9,3.4,3.9
SC0,27/12/2014,Kilmarnock,Hamilton,1,0,H,0,0,D,C Thomson,10,15,8,7,11,13,3,7,1,1,0,0,2.7,3.4,2.5,2.65,3.1,2.5,2.6,3.4,2.62,2014/15,€5.63m,€5.65m,2.9,3.5,2.45
SC0,27/12/2014,Motherwell,Partick,1,0,H,1,0,H,B Colvin,2,1,2,0,2,11,4,8,1,2,0,0,3.0,3.4,2.3,2.75,3.3,2.3,2.7,3.4,2.5,2014/15,€8.50m,€7.00m,3.0,3.3,2.45
SC0,27/12/2014,St Johnstone,Dundee United,2,1,H,0,1,A,A Muir,8,12,5,3,10,8,7,0,1,1,0,0,2.8,3.4,2.4,2.9,3.2,2.25,2.88,3.4,2.4,2014/15,€9.93m,€9.90m,3.0,3.3,2.5
SC0,28/12/2014,Inverness C,Aberdeen,0,1,A,0,1,A,C Murray,17,10,6,3,13,10,7,5,1,1,0,0,2.88,3.4,2.38,2.75,3.2,2.35,2.75,3.4,2.5,2014/15,€6.55m,€11.13m,3.0,3.4,2.45
SC0,01/01/2015,Aberdeen,St Johnstone,2,0,H,1,0,H,C Thomson,16,5,7,3,17,9,8,4,0,2,0,0,1.67,4.0,4.75,1.72,3.5,4.25,1.73,3.5,5.0,2014/15,€11.13m,€9.93m,1.73,3.5,5.75
SC0,01/01/2015,Dundee United,Dundee,6,2,H,4,1,H,K Clancy,17,8,10,5,9,13,4,4,1,4,0,0,1.91,3.6,3.8,1.75,3.6,4.0,1.83,3.5,4.33,2014/15,€9.90m,€7.35m,1.91,3.7,4.1
SC0,01/01/2015,Hamilton,Motherwell,5,0,H,2,0,H,A Crawford,20,3,8,0,7,4,5,4,0,0,0,0,1.67,3.6,5.25,1.6,3.6,5.0,1.67,3.7,5.0,2014/15,€5.65m,€8.50m,1.73,3.8,5.0
SC0,01/01/2015,Ross County,Inverness C,1,3,A,0,1,A,S McLean,9,16,1,7,19,15,3,9,5,2,0,0,3.8,3.6,1.91,3.5,3.3,1.95,3.6,3.5,2.0,2014/15,€8.90m,€6.55m,3.8,3.6,2.0
SC0,01/01/2015,St Mirren,Kilmarnock,1,2,A,0,0,D,W Collum,8,9,1,5,17,19,5,3,2,3,1,1,2.38,3.3,2.9,2.45,3.2,2.65,2.5,3.25,2.8,2014/15,€6.93m,€5.63m,2.5,3.3,3.0
SC0,04/01/2015,Dundee,Ross County,1,1,D,0,0,D,C Thomson,17,4,3,2,10,14,6,4,2,2,0,1,1.91,3.6,3.8,1.91,3.4,3.5,1.91,3.4,3.8,2014/15,€7.35m,€8.90m,2.0,3.7,3.7
SC0,04/01/2015,Inverness C,St Mirren,1,0,H,0,0,D,B Madden,16,7,5,2,12,10,6,3,1,1,0,0,1.57,4.0,5.75,1.48,4.1,5.5,1.57,3.8,5.5,2014/15,€6.55m,€6.93m,1.57,4.1,6.25
SC0,04/01/2015,Motherwell,Aberdeen,0,2,A,0,1,A,W Collum,7,14,2,5,9,4,3,7,1,0,1,0,5.75,4.0,1.57,4.75,3.5,1.65,5.0,3.75,1.67,2014/15,€8.50m,€11.13m,6.0,4.0,1.6
SC0,04/01/2015,Partick,Dundee United,2,2,D,2,1,H,J Beaton,11,9,7,3,13,10,6,2,4,3,0,0,3.25,3.25,2.25,2.75,3.25,2.35,2.8,3.4,2.3,2014/15,€7.00m,€9.90m,3.1,3.4,2.38
SC0,04/01/2015,St Johnstone,Hamilton,0,1,A,0,1,A,A Dallas,5,14,2,5,13,14,8,5,2,2,1,0,2.4,3.2,3.0,2.4,3.25,2.65,2.25,3.3,3.0,2014/15,€9.93m,€5.65m,2.55,3.3,2.9
SC0,05/01/2015,Kilmarnock,Celtic,0,2,A,0,1,A,K Clancy,6,19,2,5,8,7,4,9,2,2,0,0,13.0,6.0,1.22,9.75,5.0,1.25,9.0,5.0,1.33,2014/15,€5.63m,€75.98m,12.0,6.0,1.25
SC0,10/01/2015,Dundee,Motherwell,4,1,H,3,1,H,S Finnie,21,3,10,1,4,14,11,6,0,3,0,1,1.8,3.8,4.0,1.8,3.4,4.0,1.83,3.5,4.33,2014/15,€7.35m,€8.50m,1.83,3.75,4.5
SC0,10/01/2015,Kilmarnock,Inverness C,1,2,A,0,0,D,D Robertson,6,7,1,4,9,6,6,7,3,1,0,1,3.75,3.4,2.0,3.3,3.2,2.05,3.75,3.25,2.1,2014/15,€5.63m,€6.55m,3.6,3.4,2.15
SC0,10/01/2015,St Mirren,Aberdeen,0,2,A,0,2,A,S McLean,15,10,4,6,8,8,5,6,1,0,0,0,5.5,4.0,1.57,5.5,3.8,1.53,6.5,4.0,1.53,2014/15,€6.93m,€11.13m,6.25,4.1,1.57
SC0,12/01/2015,Hamilton,Dundee United,2,3,A,0,1,A,B Madden,10,15,5,6,24,11,4,5,2,3,0,0,2.38,3.4,2.9,2.4,3.3,2.8,2.5,3.4,2.75,2014/15,€5.65m,€9.90m,2.4,3.6,3.0
SC0,17/01/2015,Aberdeen,Dundee,3,3,D,1,2,A,A Muir,15,7,7,7,10,6,9,1,0,2,0,0,1.44,4.5,6.5,1.36,4.25,7.5,1.44,4.33,7.0,2014/15,€11.13m,€7.35m,1.45,4.4,8.0
SC0,17/01/2015,Hamilton,Celtic,0,2,A,0,1,A,S McLean,12,16,3,7,11,9,6,6,2,2,0,0,8.0,4.75,1.36,8.0,4.75,1.3,8.5,4.5,1.36,2014/15,€5.65m,€75.98m,8.5,5.0,1.4
SC0,17/01/2015,Ross County,St Mirren,1,2,A,0,1,A,B Colvin,12,10,7,3,5,10,11,2,2,0,0,1,2.3,3.25,3.1,2.3,3.1,2.95,2.3,3.3,3.0,2014/15,€8.90m,€6.93m,2.4,3.4,3.0
SC0,17/01/2015,St Johnstone,Partick,2,0,H,1,0,H,G Aitken,5,4,2,2,9,11,3,4,1,1,0,0,2.25,3.3,3.2,2.05,3.2,3.3,2.2,3.4,3.2,2014/15,€9.93m,€7.00m,2.25,3.3,3.4
SC0,20/01/2015,Inverness C,St Johnstone,2,0,H,2,0,H,K Clancy,14,2,9,0,7,12,2,8,0,4,0,0,1.85,3.5,4.2,1.78,3.5,3.9,1.8,3.4,4.75,2014/15,€6.55m,€9.93m,1.87,3.5,4.6
SC0,21/01/2015,Celtic,Motherwell,4,0,H,2,0,H,B Madden,17,2,7,0,2,4,5,2,0,1,0,0,1.14,8.0,15.0,1.14,7.5,12.0,1.14,7.5,19.0,2014/15,€75.98m,€8.50m,1.17,8.0,17.0
SC0,21/01/2015,Dundee,Kilmarnock,1,0,H,1,0,H,A Dallas,8,5,2,4,7,14,2,4,1,5,0,0,2.0,3.4,3.75,2.0,3.4,3.3,2.1,3.4,3.4,2014/15,€7.35m,€5.63m,2.05,3.5,3.7
SC0,21/01/2015,Partick,Hamilton,5,0,H,2,0,H,C Thomson,12,8,8,1,5,8,9,4,1,2,0,0,2.75,3.3,2.5,2.8,3.4,2.25,2.9,3.3,2.38,2014/15,€7.00m,€5.65m,3.0,3.4,2.45
SC0,21/01/2015,St Mirren,Dundee United,1,1,D,1,1,D,J Beaton,13,11,6,3,11,8,11,8,1,2,0,0,4.0,3.75,1.83,4.33,3.6,1.7,4.5,3.75,1.73,2014/15,€6.93m,€9.90m,4.2,3.75,1.87
SC0,23/01/2015,St Johnstone,Aberdeen,1,1,D,1,0,H,B Madden,15,18,5,5,12,16,2,5,4,3,0,0,4.75,3.75,1.7,4.0,3.6,1.75,5.0,3.5,1.75,2014/15,€9.93m,€11.13m,5.0,3.5,1.8
SC0,24/01/2015,Dundee United,Motherwell,3,1,H,0,0,D,C Thomson,14,6,10,3,9,9,13,0,1,0,0,0,1.36,5.0,7.5,1.4,4.5,6.0,1.44,4.5,7.0,2014/15,€9.90m,€8.50m,1.36,5.4,8.0
SC0,24/01/2015,Hamilton,Inverness C,0,2,A,0,0,D,B Colvin,3,8,2,7,19,5,6,4,1,2,0,0,2.75,3.4,2.45,2.5,3.2,2.6,2.6,3.4,2.6,2014/15,€5.65m,€6.55m,2.8,3.4,2.55
SC0,24/01/2015,Kilmarnock,Partick,2,2,D,1,1,D,W Collum,7,12,2,6,7,15,10,3,0,0,0,0,2.5,3.4,2.7,2.45,3.2,2.65,2.37,3.4,2.87,2014/15,€5.63m,€7.00m,2.7,3.4,2.7
SC0,24/01/2015,Ross County,Celtic,0,1,A,0,0,D,K Clancy,11,15,3,2,5,23,4,4,1,3,0,0,11.0,7.0,1.2,10.5,6.0,1.19,11.0,6.0,1.25,2014/15,€8.90m,€75.98m,15.0,7.0,1.2
SC0,24/01/2015,St Mirren,Dundee,1,2,A,1,0,H,S McLean,8,12,3,7,9,13,8,4,1,2,1,0,2.7,3.4,2.5,2.55,3.2,2.55,2.6,3.3,2.6,2014/15,€6.93m,€7.35m,2.8,3.4,2.55
SC0,30/01/2015,Partick,St Mirren,0,1,A,0,1,A,K Clancy,10,5,5,2,13,8,6,3,2,2,0,0,1.95,3.5,3.8,1.85,3.3,3.9,1.91,3.5,4.0,2014/15,€7.00m,€6.93m,2.0,3.5,4.0
SC0,31/01/2015,Dundee,Hamilton,1,1,D,0,0,D,A Crawford,11,8,3,3,10,17,9,7,2,4,0,1,2.5,3.3,2.75,2.4,3.1,2.75,2.4,3.25,2.9,2014/15,€7.35m,€5.65m,2.55,3.4,2.8
SC0,31/01/2015,Inverness C,Ross County,1,1,D,1,0,H,J Beaton,13,11,5,1,16,12,10,2,3,2,0,0,1.44,4.2,7.5,1.4,4.0,7.25,1.5,4.0,7.0,2014/15,€6.55m,€8.90m,1.5,4.5,7.0
SC0,31/01/2015,Motherwell,St Johnstone,1,1,D,0,1,A,W Collum,3,8,3,3,10,11,2,6,0,0,1,0,3.6,3.5,2.0,3.4,3.25,2.0,4.0,3.2,2.0,2014/15,€8.50m,€9.93m,3.9,3.4,2.05
SC0,07/02/2015,Aberdeen,Ross County,4,0,H,1,0,H,C Thomson,14,3,9,3,12,12,3,2,2,2,0,0,1.33,5.0,9.0,1.35,4.4,7.5,1.36,4.5,9.0,2014/15,€11.13m,€8.90m,1.36,5.0,9.5
SC0,07/02/2015,Hamilton,Kilmarnock,0,0,D,0,0,D,A Muir,16,7,6,4,16,10,1,2,2,2,0,0,1.85,3.6,4.0,1.9,3.3,3.7,1.95,3.4,4.0,2014/15,€5.65m,€5.63m,1.87,3.6,4.4
SC0,11/02/2015,Partick,Celtic,0,3,A,0,2,A,A Crawford,9,12,3,6,9,14,3,5,0,0,0,0,8.5,6.0,1.29,8.5,4.75,1.3,9.0,5.0,1.33,2014/15,€7.00m,€75.98m,10.5,5.75,1.3
SC0,14/02/2015,Dundee,Partick,1,0,H,0,0,D,C Thomson,8,7,2,0,12,17,4,10,1,3,0,0,2.25,3.4,3.1,2.15,3.25,3.1,2.25,3.3,3.2,2014/15,€7.35m,€7.00m,2.38,3.4,3.1
SC0,14/02/2015,Kilmarnock,Dundee United,3,2,H,1,2,A,S Finnie,10,5,6,2,9,14,3,5,3,2,0,0,3.5,3.6,2.0,3.3,3.5,1.95,3.7,3.4,2.0,2014/15,€5.63m,€9.90m,3.6,3.6,2.05
SC0,14/02/2015,Ross County,Motherwell,3,2,H,1,0,H,C Murray,11,7,7,6,13,15,8,7,4,1,0,0,2.0,3.6,3.5,2.0,3.6,3.1,2.1,3.4,3.4,2014/15,€8.90m,€8.50m,2.05,3.6,3.6
SC0,14/02/2015,St Johnstone,Celtic,1,2,A,0,1,A,K Clancy,9,19,7,8,8,17,5,9,2,2,0,0,9.0,5.0,1.33,8.25,4.75,1.3,9.0,4.75,1.36,2014/15,€9.93m,€75.98m,11.0,5.0,1.33
SC0,14/02/2015,St Mirren,Inverness C,1,2,A,0,1,A,B Madden,7,14,3,6,12,17,5,5,0,2,0,0,3.6,3.6,1.95,3.6,3.5,1.87,3.8,3.3,2.0,2014/15,€6.93m,€6.55m,3.8,3.5,2.05
SC0,15/02/2015,Hamilton,Aberdeen,0,3,A,0,2,A,W Collum,9,17,4,10,8,10,5,11,0,0,1,0,4.5,3.7,1.75,3.9,3.5,1.8,4.0,3.5,1.85,2014/15,€5.65m,€11.13m,4.8,3.6,1.8
SC0,21/02/2015,Aberdeen,St Mirren,3,0,H,1,0,H,K Clancy,16,8,4,3,11,8,4,1,0,0,0,0,1.33,5.0,8.5,1.34,4.4,7.75,1.36,4.75,9.0,2014/15,€11.13m,€6.93m,1.33,5.2,10.0
SC0,21/02/2015,Dundee United,St Johnstone,0,2,A,0,2,A,W Collum,8,5,0,4,10,12,11,3,2,0,0,0,1.8,3.8,4.0,1.8,3.4,4.0,1.85,3.5,4.33,2014/15,€9.90m,€9.93m,1.83,3.8,4.4
SC0,21/02/2015,Inverness C,Kilmarnock,3,3,D,2,2,D,S McLean,9,7,5,6,11,20,10,4,1,3,0,0,1.55,4.0,5.75,1.53,3.8,5.5,1.61,3.75,6.0,2014/15,€6.55m,€5.63m,1.57,4.1,6.25
SC0,21/02/2015,Motherwell,Dundee,0,1,A,0,1,A,D Robertson,4,6,1,4,17,12,5,7,1,0,0,0,3.6,3.5,2.0,3.2,3.2,2.1,3.6,3.3,2.05,2014/15,€8.50m,€7.35m,3.6,3.5,2.1
SC0,21/02/2015,Partick,Ross County,1,3,A,0,1,A,S Finnie,13,10,3,6,16,11,3,6,2,3,0,0,2.0,3.5,3.6,1.83,3.4,3.8,1.95,3.5,4.0,2014/15,€7.00m,€8.90m,2.0,3.5,4.0
SC0,22/02/2015,Celtic,Hamilton,4,0,H,0,0,D,B Colvin,22,1,12,0,4,6,13,2,0,2,0,0,1.18,7.0,13.0,1.16,6.25,12.5,1.2,6.5,15.0,2014/15,€75.98m,€5.65m,1.18,7.0,19.0
SC0,24/02/2015,Dundee United,Inverness C,1,1,D,0,1,A,C Murray,8,7,4,3,17,16,2,2,3,4,1,1,2.55,3.3,2.65,2.4,3.3,2.6,2.5,3.4,2.7,2014/15,€9.90m,€6.55m,2.75,3.4,2.62
SC0,28/02/2015,Dundee United,Partick,0,2,A,0,2,A,G Aitken,4,8,1,3,9,12,5,2,1,0,0,0,2.05,3.4,3.6,1.95,3.5,3.3,2.0,3.5,3.6,2014/15,€9.90m,€7.00m,2.1,3.6,3.5
SC0,28/02/2015,Motherwell,Inverness C,2,1,H,0,0,D,A Muir,14,10,4,1,12,11,8,4,1,3,1,0,5.25,4.2,1.57,4.5,3.7,1.65,5.0,3.6,1.7,2014/15,€8.50m,€6.55m,5.25,4.1,1.65
SC0,28/02/2015,Ross County,Dundee,1,0,H,0,0,D,A Dallas,11,5,5,0,14,11,4,1,2,1,0,0,2.5,3.4,2.7,2.35,3.5,2.6,2.6,3.25,2.7,2014/15,€8.90m,€7.35m,2.75,3.5,2.55
SC0,28/02/2015,St Johnstone,Kilmarnock,0,0,D,0,0,D,E Anderson,7,9,5,6,7,15,12,2,4,2,0,0,1.91,3.6,3.75,1.83,3.4,3.8,1.95,3.4,4.0,2014/15,€9.93m,€5.63m,2.0,3.5,4.0
SC0,28/02/2015,St Mirren,Hamilton,1,0,H,0,0,D,A Crawford,11,7,5,1,11,10,10,5,1,2,0,0,2.63,3.5,2.55,2.7,3.4,2.3,2.8,3.25,2.5,2014/15,€6.93m,€5.65m,2.7,3.3,2.7
SC0,01/03/2015,Celtic,Aberdeen,4,0,H,1,0,H,J Beaton,10,10,8,5,14,10,4,8,2,3,0,0,1.57,3.8,6.0,1.6,3.9,5.0,1.57,4.0,5.5,2014/15,€75.98m,€11.13m,1.6,4.1,5.75
SC0,04/03/2015,Celtic,St Johnstone,0,1,A,0,0,D,C Murray,13,6,7,3,10,9,7,7,1,2,0,0,1.18,6.5,15.0,1.2,6.0,10.0,1.22,6.5,13.0,2014/15,€75.98m,€9.93m,1.2,7.0,15.0
SC0,07/03/2015,Motherwell,Kilmarnock,1,1,D,1,1,D,J Beaton,17,7,8,3,13,13,11,3,1,1,0,1,3.0,3.25,2.38,2.95,3.3,2.2,3.0,3.3,2.37,2014/15,€8.50m,€5.63m,3.12,3.4,2.38
SC0,07/03/2015,Ross County,Partick,1,0,H,1,0,H,A Muir,7,15,4,4,5,14,2,5,1,4,0,1,2.7,3.2,2.63,2.6,3.3,2.45,2.7,3.25,2.6,2014/15,€8.90m,€7.00m,2.75,3.3,2.7
SC0,13/03/2015,Aberdeen,Motherwell,2,1,H,0,1,A,A Crawford,14,7,5,4,5,16,7,2,0,3,0,0,1.22,5.75,13.0,1.25,5.25,9.5,1.28,5.0,11.0,2014/15,€11.13m,€8.50m,1.29,5.75,12.0
SC0,14/03/2015,Hamilton,Ross County,2,2,D,2,1,H,C Thomson,9,6,4,3,9,13,3,4,1,3,0,0,2.4,3.4,2.8,2.2,3.2,3.0,2.3,3.3,3.1,2014/15,€5.65m,€8.90m,2.5,3.4,2.9
SC0,14/03/2015,Kilmarnock,St Mirren,1,0,H,0,0,D,S McLean,8,5,4,2,11,11,5,8,1,2,0,0,2.3,3.4,3.0,2.2,3.2,3.0,2.37,3.25,3.0,2014/15,€5.63m,€6.93m,2.45,3.3,3.0
SC0,14/03/2015,Partick,St Johnstone,3,0,H,2,0,H,W Collum,8,2,4,1,8,10,5,5,1,1,0,0,2.38,3.6,2.75,2.25,3.3,2.8,2.45,3.2,2.87,2014/15,€7.00m,€9.93m,2.5,3.25,3.0
SC0,20/03/2015,Motherwell,Hamilton,4,0,H,0,0,D,C Murray,14,10,8,2,10,12,8,3,0,3,0,1,3.1,3.3,2.3,2.85,3.25,2.25,3.0,3.25,2.4,2014/15,€8.50m,€5.65m,3.12,3.5,2.3
SC0,21/03/2015,Celtic,Dundee United,3,0,H,3,0,H,K Clancy,12,9,5,4,10,10,7,5,2,1,0,0,1.18,6.5,15.0,1.2,6.0,9.75,1.22,6.0,12.0,2014/15,€75.98m,€9.90m,1.22,6.5,15.0
SC0,21/03/2015,Dundee,Aberdeen,1,1,D,0,1,A,C Thomson,6,6,2,3,6,12,2,10,2,1,0,0,4.5,3.8,1.73,4.2,3.5,1.75,4.5,3.5,1.8,2014/15,€7.35m,€11.13m,4.5,3.8,1.8
SC0,21/03/2015,Partick,Inverness C,1,0,H,0,0,D,S McLean,7,2,3,1,6,8,9,4,1,0,0,0,3.0,3.4,2.3,2.85,3.25,2.25,3.1,3.3,2.3,2014/15,€7.00m,€6.55m,3.2,3.4,2.3
SC0,21/03/2015,Ross County,Kilmarnock,2,1,H,1,0,H,B Madden,18,16,10,4,17,11,14,5,2,2,0,0,2.15,3.5,3.2,2.05,3.4,3.1,2.25,3.3,3.2,2014/15,€8.90m,€5.63m,2.25,3.4,3.3
SC0,21/03/2015,St Johnstone,St Mirren,2,0,H,1,0,H,J Beaton,13,6,4,2,14,17,3,1,1,1,0,0,2.05,3.8,3.2,1.95,3.5,3.3,2.0,3.3,3.75,2014/15,€9.93m,€6.93m,2.15,3.4,3.6
SC0,03/04/2015,St Mirren,Celtic,0,2,A,0,0,D,A Muir,6,13,3,7,9,10,2,5,2,0,0,0,13.0,7.0,1.18,13.5,6.25,1.2,15.0,6.5,1.2,2014/15,€6.93m,€75.98m,17.0,7.5,1.18
SC0,04/04/2015,Aberdeen,Partick,0,0,D,0,0,D,K Clancy,10,5,6,1,8,12,4,6,1,1,0,0,1.5,4.33,6.0,1.44,4.0,6.5,1.5,4.0,7.0,2014/15,€11.13m,€7.00m,1.55,4.3,6.25
SC0,04/04/2015,Dundee United,Ross County,1,2,A,1,1,D,S McLean,5,4,2,3,11,14,3,4,1,3,0,0,2.1,3.3,3.5,2.1,3.25,3.2,2.05,3.4,3.5,2014/15,€9.90m,€8.90m,2.1,3.7,3.4
SC0,04/04/2015,Hamilton,St Johnstone,1,1,D,1,0,H,G Aitken,9,8,2,3,9,10,1,8,1,2,1,0,2.9,3.25,2.4,2.6,3.1,2.55,2.8,3.1,2.6,2014/15,€5.65m,€9.93m,3.0,3.25,2.5
SC0,04/04/2015,Inverness C,Dundee,1,1,D,0,0,D,W Collum,13,5,6,1,22,12,6,1,2,2,0,0,1.8,3.5,4.5,1.62,3.7,4.75,1.8,3.5,4.5,2014/15,€6.55m,€7.35m,1.83,3.6,4.6
SC0,04/04/2015,Kilmarnock,Motherwell,1,2,A,1,1,D,E Anderson,6,14,4,9,12,11,2,9,3,3,0,0,2.2,3.3,3.3,2.1,3.1,3.3,2.2,3.3,3.4,2014/15,€5.63m,€8.50m,2.3,3.5,3.13
SC0,07/04/2015,Motherwell,St Mirren,5,0,H,3,0,H,C Thomson,14,14,8,5,15,12,8,5,0,2,0,0,2.2,3.25,3.3,2.15,3.25,3.1,2.2,3.25,3.3,2014/15,€8.50m,€6.93m,2.2,3.4,3.4
SC0,07/04/2015,Ross County,St Johnstone,1,0,H,0,0,D,K Clancy,13,6,2,2,12,16,5,5,1,4,0,0,2.5,3.2,2.88,2.55,3.2,2.55,2.62,3.2,2.62,2014/15,€8.90m,€9.93m,2.63,3.4,2.75
SC0,08/04/2015,Aberdeen,Inverness C,1,0,H,0,0,D,C Murray,12,5,3,2,8,12,6,3,2,0,0,0,1.75,3.6,4.75,1.67,3.4,4.75,1.8,3.5,4.6,2014/15,€11.13m,€6.55m,1.8,3.6,4.8
SC0,08/04/2015,Celtic,Partick,2,0,H,1,0,H,W Collum,18,5,7,3,6,8,6,4,0,0,0,1,1.17,7.0,15.0,1.16,6.25,12.5,1.17,7.0,15.0,2014/15,€75.98m,€7.00m,1.18,7.5,17.0
SC0,08/04/2015,Dundee,Dundee United,3,1,H,2,1,H,J Beaton,7,9,7,4,15,18,6,9,3,4,0,0,2.63,3.4,2.55,2.55,3.2,2.55,2.7,3.25,2.6,2014/15,€7.35m,€9.90m,2.7,3.5,2.6
SC0,11/04/2015,Dundee United,Hamilton,1,0,H,0,0,D,A Dallas,8,14,2,8,8,12,1,7,2,3,0,0,1.83,3.75,4.0,1.78,3.4,4.1,1.9,3.4,3.75,2014/15,€9.90m,€5.65m,1.83,3.9,4.2
SC0,11/04/2015,Inverness C,Celtic,1,1,D,1,1,D,C Thomson,4,9,1,5,18,18,3,9,4,3,0,0,6.5,4.5,1.45,5.5,4.1,1.48,6.5,4.2,1.53,2014/15,€6.55m,€75.98m,6.5,4.33,1.53
SC0,11/04/2015,Partick,Motherwell,2,0,H,0,0,D,B Madden,12,3,7,2,12,13,2,2,2,1,0,1,2.05,3.4,3.6,1.9,3.4,3.6,2.05,3.5,3.5,2014/15,€7.00m,€8.50m,2.1,3.5,3.6
SC0,11/04/2015,St Johnstone,Dundee,1,0,H,1,0,H,S McLean,8,7,5,1,13,13,3,2,0,1,0,0,2.15,3.4,3.3,2.1,3.4,3.0,2.2,3.3,3.4,2014/15,€9.93m,€7.35m,2.2,3.4,3.5
SC0,12/04/2015,Kilmarnock,Aberdeen,1,2,A,0,1,A,J Beaton,7,9,3,5,6,6,3,13,1,0,0,0,5.5,3.75,1.62,5.0,3.75,1.57,5.5,3.8,1.62,2014/15,€5.63m,€11.13m,6.0,3.9,1.62
SC0,13/04/2015,St Mirren,Ross County,0,3,A,0,1,A,W Collum,8,17,4,7,10,14,2,9,0,0,1,0,2.8,3.4,2.4,2.8,3.25,2.3,2.9,3.3,2.38,2014/15,€6.93m,€8.90m,3.0,3.4,2.45
SC0,15/04/2015,Celtic,Kilmarnock,4,1,H,0,0,D,A Crawford,18,2,8,2,7,11,5,1,0,0,0,0,1.17,7.0,15.0,1.14,6.25,15.0,1.17,7.0,17.0,2014/15,€75.98m,€5.63m,1.15,8.0,22.0
SC0,18/04/2015,Aberdeen,Dundee United,1,0,H,1,0,H,B Madden,9,5,2,3,9,9,13,2,0,2,1,0,1.57,4.33,5.0,1.57,3.9,4.75,1.62,3.75,5.5,2014/15,€11.13m,€9.90m,1.55,4.33,6.0
SC0,22/04/2015,Dundee,Celtic,1,2,A,0,1,A,C Murray,5,17,2,6,12,5,3,10,2,0,0,0,12.0,5.5,1.25,9.5,5.75,1.22,11.0,5.5,1.25,2014/15,€7.35m,€75.98m,12.0,6.0,1.25
SC0,24/04/2015,Hamilton,Motherwell,2,0,H,1,0,H,J Beaton,13,11,5,3,11,11,6,5,3,0,0,0,2.3,3.4,3.0,2.15,3.3,3.0,2.25,3.4,3.1,2014/15,€5.65m,€8.50m,2.4,3.6,2.9
SC0,25/04/2015,Dundee,St Johnstone,0,2,A,0,0,D,C Thomson,5,3,3,1,12,9,1,2,0,1,1,0,2.75,3.1,2.63,2.4,3.2,2.7,2.7,3.1,2.7,2014/15,€7.35m,€9.93m,2.75,3.25,2.7
SC0,25/04/2015,Inverness C,Aberdeen,1,2,A,0,0,D,A Crawford,6,6,5,4,10,13,6,5,0,1,0,0,2.88,3.6,2.3,2.7,3.4,2.3,3.0,3.3,2.3,2014/15,€6.55m,€11.13m,3.1,3.4,2.38
SC0,25/04/2015,Ross County,Partick,1,2,A,1,1,D,D Robertson,1,12,1,7,9,12,2,6,2,0,0,0,2.4,3.6,2.7,2.3,3.3,2.75,2.5,3.25,2.8,2014/15,€8.90m,€7.00m,2.55,3.4,2.8
SC0,25/04/2015,St Mirren,Kilmarnock,4,1,H,2,0,H,K Clancy,14,13,6,6,6,16,12,6,1,3,0,0,2.8,3.6,2.3,2.7,3.4,2.3,3.0,3.2,2.4,2014/15,€6.93m,€5.63m,3.13,3.3,2.38
SC0,26/04/2015,Dundee United,Celtic,0,3,A,0,0,D,W Collum,5,8,3,5,4,8,3,11,1,1,0,0,9.0,5.0,1.33,7.25,4.6,1.34,7.5,4.8,1.4,2014/15,€9.90m,€75.98m,8.0,5.0,1.4
SC0,01/05/2015,Celtic,Dundee,5,0,H,2,0,H,B Madden,19,6,6,3,9,10,6,2,1,0,0,0,1.13,7.5,23.0,1.14,7.0,12.0,1.14,8.0,21.0,2014/15,€75.98m,€7.35m,1.13,9.0,22.0
SC0,02/05/2015,Dundee United,Aberdeen,1,0,H,1,0,H,J Beaton,8,6,4,1,16,9,6,5,2,2,0,0,4.0,3.75,1.83,3.7,3.4,1.85,3.75,3.5,1.95,2014/15,€9.90m,€11.13m,4.1,3.75,1.9
SC0,02/05/2015,Kilmarnock,Hamilton,2,3,A,1,1,D,S McLean,9,11,4,7,9,8,5,5,2,2,0,0,2.3,3.6,2.75,2.3,3.3,2.75,2.25,3.4,2.9,2014/15,€5.63m,€5.65m,2.45,3.5,2.88
SC0,02/05/2015,Motherwell,Ross County,1,1,D,1,1,D,A Crawford,7,6,5,4,21,12,10,5,4,2,0,0,2.7,3.4,2.5,2.6,3.2,2.5,2.6,3.3,2.62,2014/15,€8.50m,€8.90m,2.8,3.4,2.55
SC0,02/05/2015,Partick,St Mirren,3,0,H,0,0,D,C Thomson,11,4,5,0,8,5,11,0,2,1,0,0,1.57,4.0,5.5,1.65,3.6,4.6,1.7,3.6,5.0,2014/15,€7.00m,€6.93m,1.65,4.0,5.4
SC0,02/05/2015,St Johnstone,Inverness C,1,1,D,0,0,D,A Dallas,5,6,1,3,16,21,5,3,5,3,0,1,2.7,3.6,2.4,2.65,3.1,2.5,2.62,3.25,2.62,2014/15,€9.93m,€6.55m,2.9,3.2,2.63
SC0,05/05/2015,Inverness C,Dundee United,2,1,H,2,1,H,C Murray,9,7,3,2,14,15,4,4,1,2,0,0,1.85,3.5,4.2,1.87,3.2,4.0,1.91,3.5,4.0,2014/15,€6.55m,€9.90m,1.93,3.5,4.2
SC0,08/05/2015,Motherwell,Kilmarnock,3,1,H,2,0,H,W Collum,18,10,9,3,11,12,7,5,1,4,0,0,2.1,3.5,3.3,2.1,3.3,3.1,2.2,3.3,3.4,2014/15,€8.50m,€5.63m,2.1,3.7,3.4
SC0,09/05/2015,Dundee,Inverness C,0,1,A,0,1,A,D Robertson,11,4,6,2,13,20,8,8,1,2,0,0,3.3,3.5,2.1,3.2,3.25,2.1,3.1,3.4,2.25,2014/15,€7.35m,€6.55m,3.5,3.5,2.15
SC0,09/05/2015,Hamilton,Partick,1,1,D,0,0,D,S Finnie,9,6,3,4,14,10,4,4,2,0,0,0,2.8,3.4,2.4,2.7,3.2,2.4,2.62,3.3,2.6,2014/15,€5.65m,€7.00m,2.9,3.4,2.5
SC0,09/05/2015,Ross County,St Mirren,1,2,A,1,1,D,S McLean,18,7,5,2,9,11,6,5,2,1,1,0,1.57,4.33,5.0,1.6,3.7,5.0,1.67,3.75,5.0,2014/15,€8.90m,€6.93m,1.6,4.3,5.5
SC0,09/05/2015,St Johnstone,Dundee United,1,1,D,0,0,D,K Clancy,9,13,3,3,13,9,7,6,3,3,0,0,2.3,3.4,3.0,2.3,3.1,2.9,2.38,3.3,2.9,2014/15,€9.93m,€9.90m,2.3,3.4,3.2
SC0,10/05/2015,Aberdeen,Celtic,0,1,A,0,0,D,C Thomson,8,12,3,7,11,16,5,1,3,1,0,0,4.33,4.0,1.73,4.1,3.5,1.75,4.2,3.6,1.83,2014/15,€11.13m,€75.98m,4.5,4.0,1.75
SC0,15/05/2015,St Johnstone,Celtic,0,0,D,0,0,D,A Crawford,16,12,7,4,9,16,11,7,3,3,0,0,8.0,4.75,1.36,6.0,5.0,1.36,8.0,4.6,1.4,2014/15,€9.93m,€75.98m,8.5,4.8,1.4
SC0,16/05/2015,Dundee,Aberdeen,1,1,D,1,0,H,E Anderson,8,11,2,5,10,15,5,12,1,2,0,0,4.5,4.0,1.7,4.4,3.6,1.67,4.2,3.75,1.8,2014/15,€7.35m,€11.13m,4.75,3.9,1.75
SC0,16/05/2015,Inverness C,Dundee United,3,0,H,0,0,D,C Thomson,15,14,6,4,9,10,5,6,2,2,0,0,1.91,3.6,3.8,1.8,3.5,3.9,2.0,3.5,3.75,2014/15,€6.55m,€9.90m,1.95,3.7,3.9
SC0,16/05/2015,Partick,Kilmarnock,1,4,A,0,2,A,J Beaton,6,9,1,7,3,3,5,3,3,2,0,0,1.8,3.5,4.5,1.78,3.5,4.0,1.91,3.5,4.0,2014/15,€7.00m,€5.63m,1.85,3.75,4.3
SC0,16/05/2015,Ross County,Hamilton,2,1,H,0,1,A,B Madden,7,10,3,4,6,13,9,7,2,2,1,0,1.85,3.8,3.8,1.87,3.6,3.5,2.0,3.5,3.75,2014/15,€8.90m,€5.65m,1.93,3.8,3.9
SC0,16/05/2015,St Mirren,Motherwell,2,1,H,0,0,D,B Colvin,11,12,5,6,7,15,5,5,0,4,0,1,3.75,3.5,1.95,3.4,3.4,1.95,3.75,3.6,1.95,2014/15,€6.93m,€8.50m,3.8,3.75,1.95
SC0,23/05/2015,Hamilton,St Mirren,1,0,H,0,0,D,C Thomson,9,2,7,0,6,2,8,5,2,1,0,0,1.73,3.8,4.5,1.67,3.6,4.5,1.73,3.75,4.5,2014/15,€5.65m,€6.93m,1.75,3.9,4.75
SC0,23/05/2015,Kilmarnock,Ross County,1,2,A,1,0,H,E Anderson,10,16,4,9,11,6,4,7,2,0,0,0,3.0,3.6,2.2,2.75,3.3,2.3,2.8,3.5,2.38,2014/15,€5.63m,€8.90m,3.0,3.6,2.3
SC0,23/05/2015,Motherwell,Partick,0,0,D,0,0,D,S McLean,8,18,4,5,9,7,4,6,0,0,0,0,2.9,3.4,2.38,2.75,3.3,2.3,2.75,3.3,2.5,2014/15,€8.50m,€7.00m,3.0,3.5,2.38
SC0,24/05/2015,Aberdeen,St Johnstone,0,1,A,0,0,D,W Collum,9,6,7,1,12,12,13,4,1,2,0,0,1.91,3.6,3.75,1.87,3.3,3.75,1.91,3.5,4.0,2014/15,€11.13m,€9.93m,1.95,3.6,4.0
SC0,24/05/2015,Celtic,Inverness C,5,0,H,2,0,H,K Clancy,9,3,5,0,12,8,5,0,2,0,0,0,1.25,5.75,11.0,1.26,5.0,9.0,1.29,5.2,10.0,2014/15,€75.98m,€6.55m,1.25,6.0,12.0
SC0,01/08/2015,Celtic,Ross County,2,0,H,2,0,H,W Collum,13,8,7,4,11,5,15,4,2,0,0,0,1.17,7.0,15.0,1.14,6.75,14.0,1.22,6.0,15.0,2015/16,€70.43m,€7.75m,1.17,7.5,19.0
SC0,01/08/2015,Hamilton,Partick,0,0,D,0,0,D,B Colvin,13,4,7,3,12,11,3,1,2,0,0,1,2.63,3.5,2.5,2.5,3.2,2.6,2.7,3.3,2.7,2015/16,€6.68m,€6.10m,2.75,3.4,2.6
SC0,01/08/2015,Inverness C,Motherwell,0,1,A,0,1,A,C Allan,3,13,0,8,6,8,5,6,1,1,0,0,1.67,3.8,5.0,1.67,3.5,4.6,1.8,3.5,5.0,2015/16,€6.08m,€7.18m,1.73,3.8,5.0
SC0,01/08/2015,Kilmarnock,Dundee,0,4,A,0,2,A,B Madden,4,14,1,10,15,10,1,4,1,0,0,0,2.5,3.4,2.7,2.5,3.2,2.6,2.7,3.25,2.75,2015/16,€7.95m,€6.68m,2.63,3.4,2.75
SC0,02/08/2015,Dundee United,Aberdeen,0,1,A,0,0,D,K Clancy,7,8,3,3,13,10,7,11,2,1,0,0,3.6,3.4,2.05,3.6,3.25,1.95,3.75,3.4,2.1,2015/16,€10.28m,€12.33m,3.8,3.6,2.0
SC0,02/08/2015,Hearts,St Johnstone,4,3,H,1,0,H,S McLean,13,12,6,5,13,11,2,3,3,2,0,0,2.1,3.5,3.3,2.0,3.25,3.4,2.2,3.3,3.4,2015/16,€10.38m,€9.38m,2.15,3.4,3.6
SC0,08/08/2015,Dundee,Hearts,1,2,A,1,0,H,C Thomson,6,5,1,2,12,17,6,4,5,4,0,0,2.8,3.25,2.5,2.55,3.2,2.55,2.8,3.3,2.62,2015/16,€6.68m,€10.38m,2.75,3.4,2.6
SC0,08/08/2015,Motherwell,Dundee United,0,2,A,0,0,D,B Madden,8,9,6,7,16,10,7,5,3,1,0,0,2.55,3.25,2.75,2.55,3.1,2.6,2.62,3.4,2.7,2015/16,€7.18m,€10.28m,2.55,3.5,2.75
SC0,08/08/2015,Ross County,Hamilton,2,0,H,2,0,H,A Dallas,6,8,2,2,8,14,5,4,0,3,0,0,2.05,3.4,3.5,2.1,3.2,3.2,2.2,3.3,3.5,2015/16,€7.75m,€6.68m,2.15,3.5,3.5
SC0,08/08/2015,St Johnstone,Inverness C,1,1,D,0,1,A,W Collum,5,9,3,3,9,13,9,5,0,1,0,0,2.4,3.1,3.1,2.4,3.1,2.75,2.5,3.25,3.0,2015/16,€9.38m,€6.08m,2.55,3.2,3.0
SC0,09/08/2015,Aberdeen,Kilmarnock,2,0,H,1,0,H,S McLean,15,2,9,0,8,18,7,3,1,4,0,0,1.33,4.75,10.0,1.36,4.2,7.75,1.36,4.5,9.0,2015/16,€12.33m,€7.95m,1.36,5.0,9.5
SC0,09/08/2015,Partick,Celtic,0,2,A,0,1,A,J Beaton,5,15,1,6,13,10,1,5,2,0,0,0,9.0,5.0,1.33,7.25,4.6,1.34,9.0,4.5,1.4,2015/16,€6.10m,€70.43m,10.0,5.2,1.33
SC0,11/08/2015,Dundee United,Dundee,2,2,D,0,0,D,J Beaton,10,11,6,7,10,11,6,1,0,1,0,0,2.25,3.25,3.25,2.1,3.25,3.2,2.25,3.2,3.3,2015/16,€10.28m,€6.68m,2.2,3.6,3.3
SC0,11/08/2015,St Johnstone,Ross County,1,1,D,0,1,A,A Muir,6,10,2,6,8,17,8,6,2,3,0,0,1.91,3.5,4.0,1.9,3.25,3.75,1.91,3.4,4.0,2015/16,€9.38m,€7.75m,1.91,3.5,4.33
SC0,12/08/2015,Hearts,Motherwell,2,0,H,1,0,H,B Colvin,10,5,5,2,9,16,4,4,0,2,0,0,1.73,3.5,5.0,1.7,3.4,4.5,1.7,3.5,4.8,2015/16,€10.38m,€7.18m,1.7,3.7,5.4
SC0,12/08/2015,Inverness C,Partick,0,0,D,0,0,D,S Finnie,5,7,3,4,14,16,3,2,2,2,0,0,2.0,3.4,3.75,1.95,3.3,3.5,1.91,3.5,3.9,2015/16,€6.08m,€6.10m,1.95,3.6,4.0
SC0,12/08/2015,Kilmarnock,Celtic,2,2,D,1,1,D,C Allan,11,28,5,12,11,12,6,7,0,0,0,0,11.0,5.75,1.25,10.0,5.5,1.22,11.0,5.5,1.29,2015/16,€7.95m,€70.43m,13.0,6.0,1.25
SC0,15/08/2015,Celtic,Inverness C,4,2,H,2,0,H,C Thomson,15,9,8,5,11,11,10,2,4,2,0,0,1.18,6.5,15.0,1.2,5.5,11.5,1.22,6.0,15.0,2015/16,€70.43m,€6.08m,1.18,7.0,19.0
SC0,15/08/2015,Dundee,St Johnstone,2,1,H,2,0,H,K Clancy,13,10,8,3,13,7,4,10,3,1,0,0,2.25,3.4,3.1,2.25,3.2,2.9,2.3,3.25,3.2,2015/16,€6.68m,€9.38m,2.25,3.4,3.3
SC0,15/08/2015,Hamilton,Dundee United,4,0,H,3,0,H,S McLean,14,9,8,5,12,5,6,3,1,1,0,0,2.55,3.4,2.63,2.65,3.2,2.45,2.75,3.25,2.62,2015/16,€6.68m,€10.28m,2.63,3.4,2.75
SC0,15/08/2015,Motherwell,Aberdeen,1,2,A,1,1,D,W Collum,12,12,4,6,11,11,2,5,1,2,0,0,5.25,3.6,1.67,4.2,3.5,1.75,4.75,3.6,1.8,2015/16,€7.18m,€12.33m,5.2,3.75,1.73
SC0,15/08/2015,Partick,Kilmarnock,2,2,D,1,1,D,A Muir,16,13,8,8,7,14,9,3,1,3,1,0,1.7,4.0,4.5,1.75,3.4,4.25,1.83,3.5,4.5,2015/16,€6.10m,€7.95m,1.75,3.8,4.8
SC0,15/08/2015,Ross County,Hearts,1,2,A,1,2,A,B Madden,10,9,6,2,15,17,4,6,2,3,0,0,2.5,3.4,2.7,2.55,3.2,2.55,2.7,3.2,2.7,2015/16,€7.75m,€10.38m,2.7,3.4,2.7
SC0,22/08/2015,Aberdeen,Dundee,2,0,H,0,0,D,B Madden,13,7,5,4,18,17,9,1,1,2,0,1,1.5,4.0,7.0,1.48,3.8,6.25,1.53,4.0,6.5,2015/16,€12.33m,€6.68m,1.5,4.33,7.0
SC0,22/08/2015,Dundee United,Celtic,1,3,A,1,2,A,W Collum,6,15,3,6,10,11,6,8,3,4,0,0,9.5,5.5,1.29,8.75,4.6,1.3,9.0,5.0,1.36,2015/16,€10.28m,€70.43m,10.5,5.5,1.3
SC0,22/08/2015,Hearts,Partick,3,0,H,1,0,H,J Beaton,13,4,5,0,14,11,8,10,1,3,0,0,1.91,3.4,4.0,1.9,3.4,3.6,1.95,3.4,4.2,2015/16,€10.38m,€6.10m,2.0,3.5,4.0
SC0,22/08/2015,Inverness C,Hamilton,0,2,A,0,1,A,E Anderson,10,10,5,4,14,20,6,4,2,3,0,0,2.2,3.4,3.2,2.1,3.2,3.2,2.25,3.3,3.4,2015/16,€6.08m,€6.68m,2.2,3.4,3.4
SC0,22/08/2015,Kilmarnock,Ross County,0,4,A,0,4,A,D Robertson,8,22,2,11,17,7,2,8,2,1,0,0,2.8,3.6,2.3,2.7,3.3,2.35,3.0,3.4,2.45,2015/16,€7.95m,€7.75m,3.0,3.5,2.38
SC0,22/08/2015,St Johnstone,Motherwell,2,1,H,0,1,A,C Thomson,11,11,6,4,7,8,7,6,0,1,0,1,2.05,3.6,3.3,2.05,3.4,3.1,2.15,3.25,3.5,2015/16,€9.38m,€7.18m,2.15,3.5,3.5
SC0,29/08/2015,Celtic,St Johnstone,3,1,H,2,1,H,J Beaton,23,6,8,3,16,9,8,9,0,0,0,0,1.17,7.0,15.0,1.17,6.0,13.0,1.2,6.5,15.0,2015/16,€70.43m,€9.38m,1.17,7.5,20.0
SC0,29/08/2015,Dundee,Inverness C,1,1,D,0,0,D,A Dallas,8,10,4,4,8,16,4,4,1,4,0,1,2.1,3.3,3.5,2.0,3.2,3.5,2.2,3.3,3.4,2015/16,€6.68m,€6.08m,2.15,3.4,3.6
SC0,29/08/2015,Hamilton,Hearts,3,2,H,1,0,H,W Collum,10,6,7,4,16,10,4,2,7,1,0,1,3.2,3.4,2.2,2.95,3.2,2.25,3.1,3.3,2.3,2015/16,€6.68m,€10.38m,3.13,3.5,2.3
SC0,29/08/2015,Motherwell,Kilmarnock,1,0,H,1,0,H,S McLean,12,9,3,4,8,11,5,5,1,0,0,0,1.83,3.75,4.0,1.85,3.5,3.6,1.95,3.6,3.8,2015/16,€7.18m,€7.95m,1.93,3.7,4.0
SC0,29/08/2015,Partick,Aberdeen,0,2,A,0,0,D,S Finnie,8,6,3,4,12,12,4,3,2,1,0,0,5.0,3.8,1.67,4.6,3.4,1.7,5.0,3.5,1.75,2015/16,€6.10m,€12.33m,5.0,3.8,1.73
SC0,29/08/2015,Ross County,Dundee United,2,1,H,2,0,H,C Thomson,14,14,6,7,17,9,3,6,3,2,0,0,2.1,3.5,3.3,2.05,3.3,3.25,2.2,3.3,3.4,2015/16,€7.75m,€10.28m,2.1,3.5,3.6
SC0,11/09/2015,Inverness C,Hearts,2,0,H,0,0,D,S McLean,8,10,5,0,15,14,2,3,2,2,0,1,3.0,3.2,2.4,2.85,3.2,2.4,3.0,3.25,2.45,2015/16,€6.08m,€10.38m,3.13,3.3,2.4
SC0,12/09/2015,Aberdeen,Celtic,2,1,H,0,1,A,C Thomson,5,13,2,3,14,20,2,7,1,4,1,0,4.2,3.5,1.85,3.9,3.5,1.8,4.2,3.4,1.85,2015/16,€12.33m,€70.43m,4.4,3.6,1.87
SC0,12/09/2015,Dundee United,Kilmarnock,1,2,A,0,1,A,B Colvin,18,8,7,2,6,11,9,8,0,4,0,0,1.73,3.75,4.5,1.72,3.6,4.2,1.75,3.6,4.33,2015/16,€10.28m,€7.95m,1.8,3.9,4.4
SC0,12/09/2015,Motherwell,Ross County,1,1,D,0,1,A,D Robertson,7,7,3,2,7,6,9,4,0,3,0,0,2.75,3.2,2.63,2.55,3.1,2.6,2.62,3.3,2.5,2015/16,€7.18m,€7.75m,2.75,3.6,2.5
SC0,12/09/2015,Partick,Dundee,0,1,A,0,0,D,W Collum,10,9,2,3,12,9,7,4,0,0,0,0,2.55,3.3,2.7,2.4,3.2,2.7,2.62,3.1,2.7,2015/16,€6.10m,€6.68m,2.63,3.4,2.75
SC0,12/09/2015,St Johnstone,Hamilton,4,1,H,3,0,H,A Dallas,8,11,6,4,11,19,2,8,4,1,0,0,2.15,3.4,3.25,2.05,3.2,3.3,2.2,3.0,3.4,2015/16,€9.38m,€6.68m,2.25,3.4,3.3
SC0,15/09/2015,Aberdeen,Hamilton,1,0,H,1,0,H,C Allan,9,8,6,3,9,16,9,2,0,2,0,0,1.4,4.5,8.0,1.36,4.33,7.25,1.4,4.2,8.0,2015/16,€12.33m,€6.68m,1.44,4.6,8.0
SC0,19/09/2015,Dundee United,Inverness C,1,1,D,1,0,H,K Clancy,12,7,4,3,10,12,4,6,2,2,0,0,2.38,3.4,2.88,2.2,3.3,2.95,2.4,3.3,2.9,2015/16,€10.28m,€6.08m,2.45,3.5,2.88
SC0,19/09/2015,Hamilton,Motherwell,1,0,H,0,0,D,C Thomson,12,9,5,5,8,13,3,5,1,2,0,0,2.25,3.4,3.1,2.15,3.3,3.0,2.25,3.3,3.0,2015/16,€6.68m,€7.18m,2.3,3.5,3.13
SC0,19/09/2015,Kilmarnock,St Johnstone,2,1,H,1,1,D,W Collum,14,11,3,4,7,8,0,3,2,1,0,0,3.6,3.5,2.0,3.3,3.2,2.05,3.5,3.4,2.05,2015/16,€7.95m,€9.38m,3.6,3.6,2.05
SC0,19/09/2015,Ross County,Partick,1,0,H,1,0,H,G Aitken,6,6,1,2,13,19,3,6,0,1,0,0,1.91,3.4,4.0,1.95,3.25,3.6,1.91,3.4,3.8,2015/16,€7.75m,€6.10m,1.93,3.6,4.1
SC0,20/09/2015,Celtic,Dundee,6,0,H,2,0,H,S McLean,29,6,15,2,9,10,9,3,0,1,0,0,1.2,6.5,13.0,1.22,5.5,9.75,1.22,6.0,13.0,2015/16,€70.43m,€6.68m,1.22,6.5,15.0
SC0,20/09/2015,Hearts,Aberdeen,1,3,A,0,3,A,B Madden,8,7,3,5,21,20,8,5,2,2,0,0,3.75,3.4,2.0,3.4,3.25,2.0,3.6,3.3,2.05,2015/16,€10.38m,€12.33m,3.7,3.4,2.1
SC0,26/09/2015,Celtic,Hearts,0,0,D,0,0,D,K Clancy,24,5,5,0,11,12,7,4,2,3,1,0,1.22,6.0,13.0,1.25,5.5,8.75,1.22,6.0,12.0,2015/16,€70.43m,€10.38m,1.22,7.0,13.0
SC0,26/09/2015,Dundee,Ross County,3,3,D,1,3,A,C Thomson,13,6,6,4,14,10,5,2,2,0,0,1,2.4,3.4,2.88,2.3,3.3,2.75,2.38,3.4,2.88,2015/16,€6.68m,€7.75m,2.45,3.5,2.9
SC0,26/09/2015,Inverness C,Aberdeen,2,1,H,2,1,H,J Beaton,6,11,5,2,20,13,4,9,3,2,1,0,4.2,3.6,1.85,3.8,3.5,1.8,4.2,3.4,1.85,2015/16,€6.08m,€12.33m,4.4,3.6,1.87
SC0,26/09/2015,Kilmarnock,Hamilton,1,2,A,1,0,H,D Robertson,19,15,6,6,16,16,6,8,0,2,1,0,3.6,3.2,2.1,3.0,3.25,2.2,3.3,3.4,2.1,2015/16,€7.95m,€6.68m,3.3,3.5,2.2
SC0,26/09/2015,Motherwell,Partick,2,1,H,1,0,H,S McLean,4,14,3,4,10,9,2,5,3,4,0,0,2.5,3.3,2.75,2.3,3.3,2.75,2.5,3.25,2.7,2015/16,€7.18m,€6.10m,2.6,3.4,2.8
SC0,26/09/2015,St Johnstone,Dundee United,2,1,H,0,1,A,B Madden,9,14,5,7,10,12,4,4,3,2,1,0,2.15,3.4,3.3,2.05,3.4,3.1,2.1,3.5,3.25,2015/16,€9.38m,€10.28m,2.15,3.7,3.3
SC0,03/10/2015,Aberdeen,St Johnstone,1,5,A,1,3,A,A Muir,1,5,1,5,7,9,9,4,1,2,0,0,1.57,4.0,5.5,1.62,3.9,4.5,1.6,3.8,5.75,2015/16,€12.33m,€9.38m,1.6,4.1,5.75
SC0,03/10/2015,Dundee,Motherwell,2,1,H,0,0,D,D Robertson,10,5,7,2,6,19,6,5,1,2,0,0,2.2,3.4,3.2,2.2,3.25,3.0,2.15,3.3,3.3,2015/16,€6.68m,€7.18m,2.2,3.5,3.3
SC0,03/10/2015,Hearts,Kilmarnock,1,1,D,1,0,H,J Beaton,13,8,6,3,23,16,13,6,2,5,1,0,1.44,4.5,6.5,1.48,4.1,5.5,1.48,4.33,6.5,2015/16,€10.38m,€7.95m,1.5,4.6,6.5
SC0,03/10/2015,Partick,Dundee United,3,0,H,1,0,H,C Thomson,13,7,8,4,12,9,6,4,3,2,0,0,2.38,3.4,2.88,2.45,3.25,2.6,2.4,3.3,2.8,2015/16,€6.10m,€10.28m,2.45,3.5,2.9
SC0,03/10/2015,Ross County,Inverness C,1,2,A,0,2,A,W Collum,13,5,6,4,11,12,10,6,1,3,0,0,2.15,3.4,3.3,2.05,3.4,3.1,2.2,3.3,3.2,2015/16,€7.75m,€6.08m,2.2,3.6,3.25
SC0,04/10/2015,Hamilton,Celtic,1,2,A,1,2,A,S McLean,7,12,3,6,21,13,2,1,2,2,0,0,10.0,5.25,1.29,10.0,5.0,1.25,10.0,5.5,1.29,2015/16,€6.68m,€70.43m,11.5,5.75,1.29
SC0,16/10/2015,Ross County,Aberdeen,2,0,H,1,0,H,C Thomson,13,13,8,4,14,5,3,4,1,0,0,0,3.8,3.5,1.95,3.6,3.3,1.91,4.0,3.5,1.95,2015/16,€7.75m,€12.33m,4.0,3.6,2.0
SC0,17/10/2015,Hamilton,Dundee,1,1,D,0,0,D,W Collum,10,9,4,2,19,17,6,4,1,2,1,0,2.15,3.5,3.25,2.2,3.3,2.9,2.1,3.5,3.25,2015/16,€6.68m,€6.68m,2.2,3.6,3.3
SC0,17/10/2015,Kilmarnock,Inverness C,2,0,H,1,0,H,S Finnie,5,3,2,2,11,8,5,4,0,1,0,0,4.0,3.6,1.85,3.75,3.4,1.87,3.8,3.5,1.95,2015/16,€7.95m,€6.08m,4.1,3.7,1.91
SC0,17/10/2015,Motherwell,Celtic,0,1,A,0,1,A,A Muir,2,18,1,4,8,5,2,8,1,0,0,0,9.5,5.5,1.29,8.5,5.0,1.28,11.0,5.75,1.25,2015/16,€7.18m,€70.43m,11.5,6.25,1.25
SC0,17/10/2015,St Johnstone,Partick,1,2,A,0,2,A,J Beaton,14,9,4,5,11,17,4,2,0,2,0,1,2.0,3.3,3.75,2.0,3.2,3.5,2.05,3.4,3.5,2015/16,€9.38m,€6.10m,2.1,3.5,3.6
SC0,18/10/2015,Dundee United,Hearts,0,1,A,0,1,A,K Clancy,6,11,2,5,11,16,8,4,4,2,1,0,2.75,3.4,2.45,2.75,3.3,2.3,2.62,3.5,2.4,2015/16,€10.28m,€10.38m,2.7,3.7,2.5
SC0,24/10/2015,Aberdeen,Motherwell,1,1,D,1,0,H,C Allan,11,11,2,7,4,12,9,10,0,1,0,0,1.4,4.5,8.0,1.36,4.33,7.25,1.4,4.5,7.5,2015/16,€12.33m,€7.18m,1.5,4.3,7.0
SC0,24/10/2015,Dundee,Kilmarnock,1,2,A,0,1,A,A Dallas,9,9,4,8,6,10,6,4,4,3,0,0,1.83,3.6,4.2,1.75,3.5,4.1,1.85,3.6,3.8,2015/16,€6.68m,€7.95m,1.91,3.8,4.0
SC0,24/10/2015,Hearts,Ross County,2,0,H,1,0,H,A Muir,9,8,4,3,15,14,4,6,2,3,1,0,2.15,3.4,3.25,2.05,3.3,3.2,2.25,3.4,3.1,2015/16,€10.38m,€7.75m,2.3,3.5,3.13
SC0,24/10/2015,Inverness C,St Johnstone,0,1,A,0,0,D,D Robertson,8,6,2,1,15,7,8,1,2,1,0,1,2.38,3.2,3.0,2.15,3.3,3.0,2.3,3.3,2.9,2015/16,€6.08m,€9.38m,2.4,3.4,3.0
SC0,24/10/2015,Partick,Hamilton,1,1,D,0,0,D,E Anderson,13,16,2,4,6,9,4,6,2,2,0,1,2.3,3.5,2.88,2.3,3.2,2.8,2.3,3.3,2.9,2015/16,€6.10m,€6.68m,2.38,3.5,3.0
SC0,25/10/2015,Celtic,Dundee United,5,0,H,3,0,H,C Thomson,23,3,12,1,13,5,13,3,1,1,0,0,1.17,7.5,13.0,1.18,6.0,11.5,1.18,7.0,15.0,2015/16,€70.43m,€10.28m,1.18,7.5,15.0
SC0,31/10/2015,Celtic,Aberdeen,3,1,H,1,0,H,W Collum,30,7,10,2,14,11,12,1,0,2,0,0,1.4,5.0,6.5,1.4,4.5,6.0,1.4,4.5,6.5,2015/16,€70.43m,€12.33m,1.45,4.8,7.0
SC0,31/10/2015,Dundee United,Ross County,1,0,H,0,0,D,D Robertson,11,11,4,4,12,15,5,8,2,0,1,0,2.8,3.4,2.4,2.5,3.3,2.5,2.62,3.4,2.5,2015/16,€10.28m,€7.75m,2.75,3.5,2.55
SC0,31/10/2015,Hamilton,St Johnstone,2,4,A,0,1,A,K Clancy,7,8,3,4,8,13,7,3,3,2,0,0,2.5,3.2,2.88,2.35,3.4,2.6,2.4,3.25,2.9,2015/16,€6.68m,€9.38m,2.4,3.4,3.0
SC0,31/10/2015,Inverness C,Dundee,1,1,D,0,0,D,B Colvin,6,8,3,3,14,11,2,7,0,0,1,0,2.05,3.25,3.75,2.05,3.25,3.3,2.1,3.4,3.3,2015/16,€6.08m,€6.68m,2.15,3.5,3.5
SC0,31/10/2015,Kilmarnock,Motherwell,0,1,A,0,0,D,B Madden,15,6,2,5,6,18,5,8,4,2,0,0,2.7,3.4,2.5,2.5,3.3,2.5,2.7,3.3,2.5,2015/16,€7.95m,€7.18m,2.7,3.5,2.63
SC0,31/10/2015,Partick,Hearts,0,4,A,0,1,A,S McLean,1,12,0,8,10,6,9,5,3,0,1,0,2.5,3.5,2.63,2.65,3.3,2.4,2.6,3.2,2.7,2015/16,€6.10m,€10.38m,2.55,3.4,2.8
SC0,07/11/2015,Aberdeen,Dundee United,2,0,H,0,0,D,S McLean,9,7,3,2,5,11,5,3,0,0,0,0,1.45,4.5,6.5,1.42,4.1,6.75,1.48,4.33,6.5,2015/16,€12.33m,€10.28m,1.45,4.6,7.0
SC0,07/11/2015,Dundee,Partick,1,1,D,0,1,A,W Collum,12,7,9,4,6,13,12,3,0,2,0,0,2.38,3.3,2.9,2.15,3.3,3.0,2.3,3.3,3.0,2015/16,€6.68m,€6.10m,2.38,3.4,3.1
SC0,07/11/2015,Hearts,Hamilton,2,0,H,2,0,H,B Madden,12,4,6,1,17,16,4,8,2,5,0,0,2.0,3.5,3.6,1.9,3.3,3.7,1.95,3.6,3.6,2015/16,€10.38m,€6.68m,1.95,3.75,3.8
SC0,07/11/2015,Motherwell,Inverness C,1,3,A,0,2,A,C Thomson,16,14,4,4,13,5,8,4,2,2,1,0,2.6,3.4,2.6,2.6,3.3,2.4,2.62,3.2,2.7,2015/16,€7.18m,€6.08m,2.7,3.25,2.75
SC0,07/11/2015,St Johnstone,Kilmarnock,2,1,H,1,1,D,C Allan,9,15,6,5,6,17,7,2,1,3,1,0,1.65,3.75,5.25,1.67,3.5,4.6,1.7,3.8,4.5,2015/16,€9.38m,€7.95m,1.73,4.0,4.75
SC0,08/11/2015,Ross County,Celtic,1,4,A,0,1,A,K Clancy,12,16,4,10,8,10,4,5,1,0,0,0,9.0,5.0,1.33,7.5,4.75,1.33,8.0,5.0,1.36,2015/16,€7.75m,€70.43m,8.5,5.4,1.36
SC0,21/11/2015,Celtic,Kilmarnock,0,0,D,0,0,D,B Madden,20,6,5,3,10,7,10,3,1,4,0,0,1.13,8.0,19.0,1.1,8.0,16.0,1.1,11.0,26.0,2015/16,€70.43m,€7.95m,1.14,9.0,19.0
SC0,21/11/2015,Dundee United,St Johnstone,1,2,A,1,2,A,C Thomson,13,9,6,5,16,14,8,7,2,5,0,0,3.2,3.4,2.2,3.0,3.4,2.1,3.0,3.5,2.25,2015/16,€10.28m,€9.38m,3.13,3.6,2.25
SC0,21/11/2015,Hearts,Dundee,1,1,D,1,0,H,K Clancy,9,4,6,3,18,12,9,0,1,2,0,0,1.8,3.6,4.33,1.72,3.5,4.33,1.75,3.75,4.33,2015/16,€10.38m,€6.68m,1.8,3.8,4.5
SC0,21/11/2015,Partick,Inverness C,2,1,H,1,1,D,D Robertson,19,10,8,1,10,8,6,4,1,1,0,0,2.25,3.4,3.1,2.15,3.1,3.2,2.25,3.1,3.3,2015/16,€6.10m,€6.08m,2.3,3.25,3.4
SC0,21/11/2015,Ross County,Motherwell,3,0,H,1,0,H,C Allan,7,6,5,5,11,12,4,3,0,2,0,0,1.83,3.75,4.0,1.78,3.6,3.9,1.85,3.6,4.0,2015/16,€7.75m,€7.18m,1.87,3.7,4.3
SC0,22/11/2015,Hamilton,Aberdeen,1,1,D,0,1,A,W Collum,19,10,9,5,20,8,3,6,3,0,0,0,3.75,3.4,2.0,3.5,3.4,1.91,3.6,3.4,2.05,2015/16,€6.68m,€12.33m,3.8,3.6,2.0
SC0,27/11/2015,St Johnstone,Dundee,1,1,D,1,1,D,A Muir,5,6,1,4,10,14,4,4,2,3,0,0,1.8,3.5,4.0,1.87,3.4,3.7,1.95,3.5,3.8,2015/16,€9.38m,€6.68m,1.93,3.7,4.0
SC0,28/11/2015,Aberdeen,Ross County,3,1,H,0,1,A,J Beaton,7,8,5,3,9,13,1,6,0,1,0,0,1.8,3.5,4.5,1.8,3.5,3.8,1.83,3.8,4.0,2015/16,€12.33m,€7.75m,1.83,3.8,4.4
SC0,28/11/2015,Dundee United,Hamilton,1,2,A,1,0,H,S Finnie,1,5,1,2,10,7,4,7,3,6,0,0,2.8,3.4,2.4,2.8,3.25,2.3,2.8,3.4,2.4,2015/16,€10.28m,€6.68m,2.88,3.5,2.5
SC0,28/11/2015,Kilmarnock,Partick,2,5,A,1,2,A,C Thomson,6,13,3,7,14,17,1,3,3,2,0,0,2.8,3.4,2.4,2.6,3.3,2.4,2.75,3.4,2.4,2015/16,€7.95m,€6.10m,2.8,3.5,2.5
SC0,28/11/2015,Motherwell,Hearts,2,2,D,1,1,D,S McLean,8,12,6,5,15,14,2,5,3,2,0,0,3.2,3.5,2.15,3.3,3.4,2.0,3.4,3.3,2.15,2015/16,€7.18m,€10.38m,3.3,3.5,2.2
SC0,29/11/2015,Inverness C,Celtic,1,3,A,1,1,D,W Collum,6,9,2,5,12,10,4,8,0,1,0,0,11.0,5.75,1.25,10.0,4.75,1.26,10.0,5.25,1.3,2015/16,€6.08m,€70.43m,11.5,5.75,1.29
SC0,05/12/2015,Dundee,Aberdeen,0,2,A,0,2,A,B Madden,12,14,6,7,9,13,3,7,1,1,0,0,3.8,3.3,2.0,3.7,3.4,1.87,3.6,3.4,2.0,2015/16,€6.68m,€12.33m,3.75,3.5,2.05
SC0,05/12/2015,Kilmarnock,Dundee United,1,1,D,1,1,D,J Beaton,6,13,2,6,11,9,3,6,2,1,1,0,2.5,3.4,2.7,2.4,3.3,2.6,2.5,3.5,2.6,2015/16,€7.95m,€10.28m,2.6,3.7,2.6
SC0,05/12/2015,Ross County,St Johnstone,2,3,A,0,2,A,K Clancy,10,9,5,6,18,6,7,4,3,2,0,0,2.2,3.3,3.25,2.15,3.2,3.1,2.25,3.4,3.0,2015/16,€7.75m,€9.38m,2.25,3.5,3.25
SC0,12/12/2015,Aberdeen,Hearts,1,0,H,0,0,D,C Thomson,11,6,4,1,13,25,10,4,2,4,0,0,1.91,3.6,3.75,1.85,3.4,3.8,1.95,3.6,3.6,2015/16,€12.33m,€10.38m,1.95,3.6,3.9
SC0,12/12/2015,Dundee United,Partick,0,1,A,0,0,D,S McLean,13,1,4,1,12,10,8,3,1,3,0,0,2.4,3.6,2.7,2.35,3.25,2.75,2.5,3.3,2.75,2015/16,€10.28m,€6.10m,2.5,3.6,2.75
SC0,12/12/2015,Hamilton,Ross County,1,3,A,1,0,H,W Collum,12,14,4,5,13,5,7,6,1,2,0,0,2.38,3.4,2.88,2.35,3.4,2.6,2.5,3.3,2.8,2015/16,€6.68m,€7.75m,2.45,3.5,2.88
SC0,12/12/2015,Inverness C,Kilmarnock,2,1,H,2,0,H,B Cook,9,7,3,1,14,15,4,6,1,4,0,0,1.8,3.75,4.2,1.75,3.6,4.0,1.75,3.75,4.33,2015/16,€6.08m,€7.95m,1.8,3.8,4.6
SC0,12/12/2015,Motherwell,Dundee,3,1,H,2,0,H,E Anderson,12,12,6,4,16,12,7,5,1,2,0,0,2.4,3.5,2.75,2.3,3.4,2.7,2.5,3.3,2.75,2015/16,€7.18m,€6.68m,2.5,3.4,2.88
SC0,13/12/2015,St Johnstone,Celtic,0,3,A,0,1,A,C Allan,10,9,4,6,7,15,3,8,3,2,0,0,9.5,4.75,1.33,8.5,4.4,1.33,9.5,4.75,1.35,2015/16,€9.38m,€70.43m,9.0,5.2,1.36
SC0,19/12/2015,Celtic,Motherwell,1,2,A,0,0,D,B Madden,22,8,6,4,7,16,6,4,1,0,0,0,1.13,8.0,19.0,1.13,7.0,14.5,1.14,8.5,21.0,2015/16,€70.43m,€7.18m,1.13,10.0,21.0
SC0,19/12/2015,Dundee,Hamilton,4,0,H,4,0,H,D Robertson,12,4,8,3,18,15,4,3,1,1,0,0,2.4,3.5,2.75,2.35,3.1,2.85,2.5,3.25,2.75,2015/16,€6.68m,€6.68m,2.55,3.4,2.8
SC0,19/12/2015,Inverness C,Dundee United,2,2,D,0,1,A,C Thomson,13,10,4,5,15,8,13,5,1,2,0,0,2.2,3.3,3.3,2.2,3.3,2.95,2.1,3.6,3.2,2015/16,€6.08m,€10.28m,2.2,3.5,3.3
SC0,19/12/2015,Kilmarnock,Aberdeen,0,4,A,0,2,A,S McLean,7,15,1,6,13,11,1,7,2,1,0,0,5.5,4.0,1.57,4.5,3.7,1.65,5.25,3.8,1.65,2015/16,€7.95m,€12.33m,5.25,4.0,1.67
SC0,19/12/2015,Partick,Ross County,1,0,H,0,0,D,A Dallas,7,5,1,2,10,10,6,7,4,3,0,0,2.7,3.25,2.6,2.45,3.2,2.65,2.75,3.2,2.6,2015/16,€6.10m,€7.75m,2.7,3.4,2.7
SC0,19/12/2015,St Johnstone,Hearts,0,0,D,0,0,D,K Clancy,17,5,7,4,11,8,9,2,1,0,0,1,2.4,3.5,2.75,2.4,3.2,2.7,2.5,3.3,2.75,2015/16,€9.38m,€10.38m,2.55,3.5,2.75
SC0,26/12/2015,Aberdeen,Inverness C,2,2,D,0,1,A,W Collum,13,5,3,4,9,14,10,2,0,3,0,0,1.55,3.75,6.5,1.48,3.8,6.25,1.55,3.8,6.5,2015/16,€12.33m,€6.08m,1.57,4.0,7.0
SC0,26/12/2015,Hamilton,Kilmarnock,0,1,A,0,0,D,K Clancy,15,14,7,5,14,16,7,10,2,3,0,0,1.8,3.75,4.2,1.72,3.6,4.2,1.75,3.6,4.33,2015/16,€6.68m,€7.95m,1.83,3.9,4.5
SC0,26/12/2015,Ross County,Dundee,5,2,H,1,1,D,C Allan,21,7,12,4,12,13,9,1,1,2,0,0,2.0,3.5,3.6,1.95,3.4,3.4,1.95,3.4,3.75,2015/16,€7.75m,€6.68m,2.05,3.6,3.9
SC0,27/12/2015,Hearts,Celtic,2,2,D,1,1,D,S McLean,9,12,5,7,7,15,5,4,1,3,0,0,5.75,4.2,1.53,5.0,4.1,1.53,5.5,4.2,1.55,2015/16,€10.38m,€70.43m,5.75,4.5,1.6
SC0,29/12/2015,Ross County,Kilmarnock,3,2,H,1,1,D,S McLean,12,9,7,2,11,14,8,3,1,1,0,0,1.57,4.0,5.5,1.62,3.7,4.75,1.6,4.0,5.25,2015/16,€7.75m,€7.95m,1.6,4.3,5.5
SC0,30/12/2015,Aberdeen,Partick,0,0,D,0,0,D,K Clancy,16,4,5,1,12,14,8,5,2,3,0,0,1.53,4.0,6.0,1.53,3.8,5.5,1.57,3.8,6.0,2015/16,€12.33m,€6.10m,1.57,4.1,6.25
SC0,30/12/2015,Hamilton,Inverness C,3,4,A,0,1,A,E Anderson,11,10,4,7,14,12,6,3,2,3,0,0,2.15,3.4,3.3,2.25,3.25,2.85,2.25,3.25,3.25,2015/16,€6.68m,€6.08m,2.25,3.5,3.3
SC0,30/12/2015,Hearts,Dundee United,3,2,H,3,2,H,B Madden,20,8,8,4,15,13,5,7,1,0,0,1,1.75,4.0,4.2,1.7,3.5,4.5,1.83,3.6,4.2,2015/16,€10.38m,€10.28m,1.8,3.9,4.4
SC0,30/12/2015,Motherwell,St Johnstone,2,0,H,2,0,H,C Allan,12,10,3,5,15,9,6,7,0,2,0,0,2.9,3.4,2.38,2.6,3.25,2.45,2.88,3.25,2.4,2015/16,€7.18m,€9.38m,2.88,3.4,2.5
SC0,02/01/2016,Celtic,Partick,1,0,H,0,0,D,S Finnie,12,7,6,4,9,5,4,10,0,1,1,0,1.22,6.5,11.0,1.2,5.75,10.5,1.22,6.0,12.0,2015/16,€70.43m,€6.10m,1.25,6.5,12.0
SC0,02/01/2016,Dundee,Dundee United,2,1,H,1,1,D,K Clancy,7,10,5,3,17,9,9,7,4,1,0,1,2.2,3.4,3.2,2.2,3.25,2.95,2.25,3.3,3.1,2015/16,€6.68m,€10.28m,2.3,3.5,3.13
SC0,02/01/2016,Inverness C,Ross County,2,0,H,2,0,H,J Beaton,9,11,4,4,14,17,5,6,2,1,0,0,2.63,3.6,2.45,2.45,3.4,2.5,2.75,3.25,2.5,2015/16,€6.08m,€7.75m,2.75,3.5,2.55
SC0,02/01/2016,Kilmarnock,Hearts,2,2,D,1,1,D,A Muir,8,7,3,2,19,17,10,4,3,2,0,0,4.5,3.8,1.73,4.1,3.5,1.75,4.75,3.8,1.7,2015/16,€7.95m,€10.38m,4.6,3.9,1.78
SC0,02/01/2016,Motherwell,Hamilton,3,3,D,1,2,A,G Aitken,13,17,5,7,20,13,5,2,3,3,1,0,2.25,3.5,3.0,2.15,3.4,2.9,2.3,3.3,3.0,2015/16,€7.18m,€6.68m,2.3,3.5,3.13
SC0,15/01/2016,Dundee United,Celtic,1,4,A,1,2,A,B Madden,7,18,2,7,8,13,7,9,1,1,0,0,9.5,5.25,1.3,9.0,5.0,1.26,8.5,5.0,1.33,2015/16,€10.28m,€70.43m,10.0,5.75,1.3
SC0,16/01/2016,Hearts,Motherwell,6,0,H,3,0,H,K Clancy,16,5,8,2,10,15,3,4,2,5,0,0,1.73,3.6,4.75,1.75,3.5,4.2,1.8,3.6,4.33,2015/16,€10.38m,€7.18m,1.8,3.8,4.5
SC0,16/01/2016,Kilmarnock,Inverness C,2,1,H,1,1,D,D Robertson,7,15,4,6,14,16,1,5,0,3,0,0,3.4,3.25,2.15,3.4,3.25,2.0,3.3,3.4,2.15,2015/16,€7.95m,€6.08m,3.25,3.6,2.2
SC0,16/01/2016,Partick,Dundee,2,4,A,1,4,A,E Anderson,8,9,7,5,13,11,8,2,1,1,1,0,2.05,3.3,3.6,1.95,3.2,3.6,2.05,3.3,3.6,2015/16,€6.10m,€6.68m,2.05,3.5,3.75
SC0,16/01/2016,St Johnstone,Hamilton,0,0,D,0,0,D,A Dallas,10,8,2,2,7,15,10,6,0,2,0,0,1.91,3.6,3.8,1.91,3.25,3.75,1.95,3.4,3.8,2015/16,€9.38m,€6.68m,1.95,3.7,3.9
SC0,17/01/2016,Ross County,Aberdeen,2,3,A,1,2,A,C Allan,13,12,8,6,7,12,8,10,1,1,0,1,3.5,3.3,2.1,3.1,3.1,2.2,3.3,3.3,2.15,2015/16,€7.75m,€12.33m,3.3,3.5,2.2
SC0,19/01/2016,Celtic,Hamilton,8,1,H,5,0,H,C Thomson,30,6,15,2,5,8,8,0,0,0,0,0,1.17,7.5,13.0,1.15,7.0,11.0,1.2,7.0,13.0,2015/16,€70.43m,€6.68m,1.14,8.5,19.0
SC0,22/01/2016,Aberdeen,Dundee,1,0,H,1,0,H,A Muir,12,7,6,3,15,8,12,4,1,3,0,0,1.53,4.0,6.5,1.5,3.9,5.5,1.57,4.0,6.0,2015/16,€12.33m,€6.68m,1.57,4.2,6.0
SC0,23/01/2016,Celtic,St Johnstone,3,1,H,2,1,H,K Clancy,20,7,14,5,18,11,3,2,0,2,0,0,1.18,7.0,13.0,1.22,5.5,10.5,1.2,6.5,15.0,2015/16,€70.43m,€9.38m,1.2,7.0,15.0
SC0,23/01/2016,Dundee United,Kilmarnock,5,1,H,4,0,H,E Anderson,13,8,8,7,7,12,15,6,0,1,0,0,2.0,3.6,3.5,1.91,3.4,3.5,2.05,3.6,3.3,2015/16,€10.28m,€7.95m,2.05,3.9,3.4
SC0,23/01/2016,Inverness C,Partick,0,0,D,0,0,D,G Aitken,8,3,2,1,11,14,3,4,2,2,0,0,2.38,3.3,2.9,2.3,3.1,2.95,2.5,3.1,2.9,2015/16,€6.08m,€6.10m,2.45,3.3,3.0
SC0,23/01/2016,Motherwell,Ross County,1,2,A,0,1,A,W Collum,10,9,5,6,6,12,8,5,0,1,0,0,2.75,3.4,2.45,2.85,3.3,2.25,2.75,3.4,2.4,2015/16,€7.18m,€7.75m,2.8,3.6,2.45
SC0,24/01/2016,Hamilton,Hearts,0,0,D,0,0,D,B Madden,8,10,3,2,12,15,6,4,2,2,1,1,3.5,3.6,2.0,3.3,3.4,2.0,3.5,3.5,2.0,2015/16,€6.68m,€10.38m,3.6,3.6,2.05
SC0,30/01/2016,Dundee,Motherwell,2,2,D,1,2,A,J Beaton,16,6,7,5,7,14,5,5,0,2,0,0,2.3,3.4,3.0,2.15,3.3,3.0,2.38,3.4,2.88,2015/16,€6.68m,€7.18m,2.38,3.6,2.9
SC0,30/01/2016,Kilmarnock,Hamilton,0,1,A,0,0,D,S Finnie,8,17,1,2,11,23,0,4,3,2,0,0,2.7,3.4,2.5,2.55,3.2,2.55,2.7,3.4,2.5,2015/16,€7.95m,€6.68m,2.7,3.5,2.6
SC0,02/02/2016,Partick,Motherwell,1,0,H,0,0,D,B Cook,12,11,3,1,13,16,6,6,4,1,0,0,2.05,3.4,3.6,2.05,3.1,3.4,2.05,3.4,3.5,2015/16,€6.10m,€7.18m,2.1,3.5,3.6
SC0,03/02/2016,Aberdeen,Celtic,2,1,H,2,0,H,S McLean,7,8,4,3,12,13,6,7,1,4,0,0,4.5,3.75,1.75,4.0,3.4,1.8,4.33,3.75,1.75,2015/16,€12.33m,€70.43m,4.6,3.8,1.8
SC0,06/02/2016,St Johnstone,Aberdeen,3,4,A,0,2,A,D Robertson,4,7,3,4,7,16,6,6,2,3,0,0,3.6,3.6,2.0,3.25,3.25,2.05,3.6,3.4,2.0,2015/16,€9.38m,€12.33m,3.6,3.6,2.05
SC0,10/02/2016,Ross County,Hearts,0,3,A,0,0,D,S McLean,11,10,3,4,11,15,4,2,3,1,0,0,2.2,3.5,3.1,2.25,3.25,2.9,2.25,3.4,3.1,2015/16,€7.75m,€10.38m,2.25,3.6,3.13
SC0,12/02/2016,Dundee,St Johnstone,2,0,H,1,0,H,C Thomson,11,8,5,4,13,11,4,5,2,4,0,0,2.5,3.4,2.7,2.5,3.25,2.75,2.5,3.25,2.75,2015/16,€6.68m,€9.38m,2.6,3.4,2.75
SC0,13/02/2016,Celtic,Ross County,2,0,H,1,0,H,K Clancy,14,6,4,1,17,11,9,1,2,2,0,0,1.22,6.0,13.0,1.22,5.75,9.0,1.25,5.75,12.0,2015/16,€70.43m,€7.75m,1.25,6.25,11.5
SC0,13/02/2016,Hamilton,Dundee United,0,0,D,0,0,D,S McLean,6,8,1,1,12,13,6,9,0,0,1,0,2.8,3.5,2.38,2.65,3.4,2.35,2.8,3.4,2.4,2015/16,€6.68m,€10.28m,2.88,3.5,2.45
SC0,13/02/2016,Motherwell,Kilmarnock,0,2,A,0,0,D,A Dallas,11,13,4,9,13,12,10,5,3,2,0,0,1.8,3.6,4.33,1.75,3.4,4.2,1.83,3.6,4.2,2015/16,€7.18m,€7.95m,1.83,3.8,4.3
SC0,15/02/2016,Inverness C,Aberdeen,3,1,H,1,1,D,W Collum,8,9,3,3,21,13,5,3,4,2,0,0,4.0,3.4,1.91,3.75,3.3,1.9,4.0,3.4,1.91,2015/16,€6.08m,€12.33m,4.2,3.5,1.93
SC0,16/02/2016,Dundee United,Motherwell,0,3,A,0,1,A,G Aitken,8,8,2,5,18,11,7,5,2,1,0,0,2.0,3.5,3.6,2.0,3.4,3.25,2.0,3.6,3.5,2015/16,€10.28m,€7.18m,2.0,3.75,3.7
SC0,20/02/2016,Celtic,Inverness C,3,0,H,0,0,D,D Robertson,16,8,6,3,9,7,6,5,1,1,0,0,1.17,7.0,15.0,1.16,6.0,14.0,1.18,6.5,17.0,2015/16,€70.43m,€6.08m,1.2,7.0,17.0
SC0,20/02/2016,Dundee United,Hearts,2,1,H,1,0,H,K Clancy,11,6,4,3,18,15,8,3,4,1,1,1,3.25,3.25,2.25,2.8,3.25,2.3,3.0,3.4,2.25,2015/16,€10.28m,€10.38m,3.13,3.5,2.3
SC0,20/02/2016,Kilmarnock,Dundee,0,0,D,0,0,D,E Anderson,6,8,2,2,8,10,5,5,1,1,0,0,3.0,3.25,2.38,2.85,3.1,2.35,3.0,3.4,2.3,2015/16,€7.95m,€6.68m,2.9,3.6,2.38
SC0,20/02/2016,Ross County,Hamilton,2,1,H,1,0,H,G Aitken,5,7,3,4,13,21,4,5,2,2,1,0,1.83,3.5,4.33,1.83,3.4,3.9,1.83,3.6,4.2,2015/16,€7.75m,€6.68m,1.87,3.8,4.1
SC0,20/02/2016,St Johnstone,Motherwell,2,1,H,1,1,D,B Madden,12,8,4,2,12,23,3,5,2,1,0,0,2.0,3.4,3.8,2.0,3.25,3.4,2.05,3.4,3.5,2015/16,€9.38m,€7.18m,2.05,3.6,3.6
SC0,23/02/2016,Partick,St Johnstone,2,0,H,0,0,D,J Beaton,7,6,6,3,17,8,11,3,0,2,0,0,2.25,3.25,3.2,2.2,3.2,3.0,2.3,3.1,3.3,2015/16,€6.10m,€9.38m,2.3,3.3,3.3
SC0,26/02/2016,Hamilton,Celtic,1,1,D,0,1,A,C Thomson,11,10,5,4,26,8,4,9,3,0,0,1,13.0,6.0,1.22,9.75,6.0,1.2,13.0,6.0,1.22,2015/16,€6.68m,€70.43m,13.0,6.5,1.22
SC0,27/02/2016,Aberdeen,St Johnstone,1,1,D,1,0,H,S McLean,15,10,5,3,14,11,11,0,2,4,0,0,1.57,3.8,6.0,1.57,3.7,5.25,1.55,3.8,6.0,2015/16,€12.33m,€9.38m,1.55,4.2,6.5
SC0,27/02/2016,Dundee,Inverness C,1,1,D,0,1,A,A Dallas,11,7,7,3,10,16,8,2,2,4,0,0,2.5,3.25,2.8,2.45,3.3,2.55,2.5,3.2,2.88,2015/16,€6.68m,€6.08m,2.55,3.3,2.9
SC0,27/02/2016,Hearts,Kilmarnock,1,0,H,1,0,H,D Robertson,13,8,6,3,12,12,7,10,2,2,0,0,1.57,4.0,5.75,1.53,3.9,5.25,1.55,4.0,6.0,2015/16,€10.38m,€7.95m,1.57,4.3,5.75
SC0,27/02/2016,Motherwell,Partick,3,1,H,1,0,H,S Finnie,10,5,7,2,11,15,4,2,0,1,0,0,2.63,3.2,2.7,2.35,3.25,2.7,2.62,3.1,2.75,2015/16,€7.18m,€6.10m,2.63,3.3,2.8
SC0,27/02/2016,Ross County,Dundee United,0,3,A,0,1,A,J Beaton,7,11,2,5,10,17,7,4,2,2,0,0,1.95,3.5,3.8,2.0,3.3,3.4,1.95,3.5,3.6,2015/16,€7.75m,€10.28m,2.0,3.8,3.6
SC0,01/03/2016,Hearts,Inverness C,2,0,H,1,0,H,A Muir,15,8,5,3,16,19,2,3,1,2,0,0,1.91,3.5,4.0,1.87,3.5,3.6,1.91,3.4,4.2,2015/16,€10.38m,€6.08m,1.91,3.6,4.2
SC0,01/03/2016,Kilmarnock,Ross County,0,2,A,0,1,A,S Finnie,8,6,4,3,19,19,8,7,0,4,0,0,3.5,3.4,2.05,3.5,3.3,1.95,3.3,3.5,2.1,2015/16,€7.95m,€7.75m,3.4,3.6,2.15
SC0,02/03/2016,Celtic,Dundee,0,0,D,0,0,D,J Beaton,11,7,4,1,10,11,5,9,1,1,0,0,1.17,7.0,15.0,1.16,6.5,12.0,1.17,7.0,19.0,2015/16,€70.43m,€6.68m,1.18,8.0,15.0
SC0,02/03/2016,Dundee United,Aberdeen,0,1,A,0,1,A,B Madden,7,5,5,1,11,7,9,9,1,1,0,0,3.6,3.5,2.0,3.5,3.4,1.91,3.5,3.4,2.05,2015/16,€10.28m,€12.33m,3.7,3.5,2.05
SC0,02/03/2016,St Johnstone,Partick,1,2,A,0,2,A,C Thomson,8,13,2,6,7,11,2,3,1,1,0,0,2.25,3.5,3.0,2.3,3.1,2.95,2.4,3.2,3.0,2015/16,€9.38m,€6.10m,2.4,3.3,3.1
SC0,05/03/2016,Hamilton,Motherwell,0,1,A,0,1,A,K Clancy,8,13,2,5,11,14,2,9,5,1,0,0,2.3,3.4,3.0,2.5,3.1,2.65,2.4,3.3,2.8,2015/16,€6.68m,€7.18m,2.5,3.4,2.9
SC0,05/03/2016,Hearts,Partick,1,0,H,1,0,H,B Madden,17,8,6,3,11,11,11,4,0,1,0,0,1.83,3.6,4.2,1.67,3.4,4.75,1.85,3.4,4.2,2015/16,€10.38m,€6.10m,1.87,3.6,4.4
SC0,08/03/2016,Partick,Aberdeen,1,2,A,0,0,D,A Muir,9,13,4,3,11,5,7,3,2,1,0,0,3.4,3.25,2.15,3.4,3.1,2.05,3.4,3.2,2.2,2015/16,€6.10m,€12.33m,3.5,3.3,2.2
SC0,09/03/2016,St Johnstone,Inverness C,1,0,H,0,0,D,D Robertson,18,4,4,0,15,14,4,2,1,2,0,1,2.3,3.4,3.0,2.2,3.25,2.95,2.4,3.1,3.1,2015/16,€9.38m,€6.08m,2.4,3.3,3.13
SC0,11/03/2016,Motherwell,Dundee United,2,1,H,1,1,D,C Allan,12,7,6,3,8,14,9,7,1,4,0,0,2.3,3.4,3.0,2.4,3.2,2.7,2.3,3.4,2.9,2015/16,€7.18m,€10.28m,2.38,3.5,3.0
SC0,12/03/2016,Aberdeen,Kilmarnock,2,1,H,1,0,H,E Anderson,9,5,3,4,8,15,4,2,1,3,0,0,1.36,4.75,8.5,1.3,4.75,8.25,1.36,4.75,9.0,2015/16,€12.33m,€7.95m,1.4,4.8,8.5
SC0,12/03/2016,Dundee,Hearts,0,1,A,0,0,D,W Collum,9,14,3,5,11,11,4,9,1,2,0,0,3.0,3.25,2.38,2.7,3.1,2.45,2.9,3.2,2.4,2015/16,€6.68m,€10.38m,3.0,3.4,2.4
SC0,12/03/2016,Inverness C,Hamilton,0,1,A,0,0,D,S McLean,11,7,1,2,12,13,6,2,1,3,0,0,2.05,3.4,3.5,1.95,3.3,3.5,2.1,3.3,3.6,2015/16,€6.08m,€6.68m,2.15,3.4,3.6
SC0,12/03/2016,Partick,Celtic,1,2,A,0,1,A,S Finnie,7,15,4,8,8,10,4,5,2,3,0,0,7.5,5.0,1.36,6.75,4.75,1.35,8.0,4.75,1.4,2015/16,€6.10m,€70.43m,8.0,5.0,1.4
SC0,16/03/2016,St Johnstone,Ross County,1,1,D,1,0,H,S McLean,9,7,3,4,8,11,5,3,1,0,0,0,2.5,3.2,2.88,2.35,3.2,2.8,2.4,3.25,2.8,2015/16,€9.38m,€7.75m,2.5,3.4,2.88
SC0,19/03/2016,Hamilton,Partick,1,2,A,1,0,H,W Collum,5,3,2,2,4,8,4,2,2,1,0,0,2.63,3.3,2.63,2.55,3.1,2.6,2.7,3.0,2.75,2015/16,€6.68m,€6.10m,2.75,3.2,2.75
SC0,19/03/2016,Hearts,St Johnstone,0,3,A,0,2,A,C Thomson,6,12,3,6,17,13,5,5,1,1,0,0,1.8,3.5,4.5,1.85,3.3,3.9,1.8,3.5,4.5,2015/16,€10.38m,€9.38m,1.83,3.6,4.6
SC0,19/03/2016,Kilmarnock,Celtic,0,1,A,0,0,D,A Muir,8,11,3,7,11,5,4,11,1,3,0,0,13.0,6.5,1.2,11.5,5.5,1.2,12.0,6.0,1.22,2015/16,€7.95m,€70.43m,13.0,6.5,1.22
SC0,19/03/2016,Motherwell,Aberdeen,2,1,H,0,1,A,D Robertson,9,13,4,8,12,5,4,3,3,0,0,1,5.0,3.75,1.67,4.75,3.5,1.65,5.0,3.8,1.67,2015/16,€7.18m,€12.33m,5.25,3.9,1.7
SC0,19/03/2016,Ross County,Inverness C,0,3,A,0,2,A,B Madden,6,14,2,4,13,10,6,4,3,1,0,0,2.1,3.4,3.4,2.0,3.2,3.5,2.05,3.3,3.6,2015/16,€7.75m,€6.08m,2.1,3.5,3.6
SC0,20/03/2016,Dundee United,Dundee,2,2,D,0,2,A,S McLean,15,6,5,3,11,7,9,7,2,1,0,1,2.38,3.4,2.88,2.3,3.2,2.85,2.4,3.3,2.9,2015/16,€10.28m,€6.68m,2.45,3.5,2.9
SC0,02/04/2016,Celtic,Hearts,3,1,H,2,1,H,B Madden,13,14,10,4,20,16,5,4,2,3,0,1,1.25,6.0,10.0,1.22,5.5,10.0,1.29,5.5,11.0,2015/16,€70.43m,€10.38m,1.29,6.0,10.5
SC0,02/04/2016,Dundee,Ross County,5,2,H,3,2,H,A Dallas,13,8,8,5,14,12,3,8,2,2,0,0,2.3,3.4,3.0,2.3,3.2,2.85,2.3,3.4,2.9,2015/16,€6.68m,€7.75m,2.3,3.6,3.0
SC0,02/04/2016,Inverness C,Motherwell,1,2,A,0,0,D,J Beaton,16,5,6,3,10,13,4,4,2,1,0,0,2.38,3.2,3.0,2.2,3.1,3.1,2.3,3.25,3.1,2015/16,€6.08m,€7.18m,2.38,3.4,3.1
SC0,02/04/2016,Partick,Kilmarnock,0,0,D,0,0,D,D Robertson,6,7,0,2,17,14,9,0,3,0,0,0,1.83,3.5,4.33,1.75,3.4,4.25,1.85,3.4,4.33,2015/16,€6.10m,€7.95m,1.87,3.6,4.4
SC0,02/04/2016,St Johnstone,Dundee United,0,1,A,0,1,A,W Collum,4,6,2,3,11,13,5,8,0,1,0,1,2.2,3.2,3.4,2.05,3.25,3.25,2.2,3.4,3.1,2015/16,€9.38m,€10.28m,2.25,3.6,3.13
SC0,03/04/2016,Aberdeen,Hamilton,3,0,H,3,0,H,K Clancy,22,4,11,2,6,14,12,4,1,3,0,0,1.5,3.75,7.5,1.4,4.2,6.75,1.5,4.0,6.5,2015/16,€12.33m,€6.68m,1.5,4.4,6.5
SC0,05/04/2016,Dundee,Celtic,0,0,D,0,0,D,K Clancy,9,16,5,4,9,10,5,10,1,1,0,0,7.5,5.0,1.36,7.0,4.75,1.34,7.5,4.75,1.4,2015/16,€6.68m,€70.43m,7.5,5.2,1.4
SC0,05/04/2016,Partick,Dundee United,1,0,H,0,0,D,A Dallas,8,9,4,3,4,8,6,3,3,1,0,0,2.4,3.25,2.9,2.15,3.2,3.1,2.4,3.25,2.9,2015/16,€6.10m,€10.28m,2.4,3.4,3.0
SC0,08/04/2016,Hearts,Aberdeen,2,1,H,1,1,D,S McLean,15,10,8,3,14,13,3,3,3,3,0,0,3.25,3.4,2.15,3.25,3.4,2.0,3.3,3.3,2.15,2015/16,€10.38m,€12.33m,3.3,3.4,2.15
SC0,09/04/2016,Dundee United,Inverness C,0,2,A,0,1,A,C Thomson,7,10,3,6,12,13,8,5,2,4,0,0,2.15,3.5,3.2,2.05,3.3,3.2,2.15,3.3,3.3,2015/16,€10.28m,€6.08m,2.2,3.5,3.3
SC0,09/04/2016,Hamilton,Dundee,2,1,H,2,0,H,J Beaton,9,4,6,3,21,9,7,5,3,2,0,0,2.8,3.4,2.4,2.7,3.25,2.35,2.9,3.4,2.3,2015/16,€6.68m,€6.68m,2.9,3.5,2.4
SC0,09/04/2016,Kilmarnock,St Johnstone,3,0,H,1,0,H,C Allan,10,7,4,3,12,10,3,5,4,1,0,0,2.8,3.4,2.4,3.0,3.2,2.2,3.0,3.25,2.38,2015/16,€7.95m,€9.38m,3.0,3.4,2.45
SC0,09/04/2016,Motherwell,Celtic,1,2,A,0,1,A,W Collum,9,23,4,13,17,12,3,6,1,2,0,0,8.0,4.75,1.36,7.25,4.75,1.33,7.5,4.75,1.4,2015/16,€7.18m,€70.43m,7.5,5.2,1.4
SC0,09/04/2016,Ross County,Partick,1,0,H,1,0,H,N Walsh,7,10,4,5,16,14,0,5,1,3,0,0,2.15,3.5,3.2,2.2,3.25,3.0,2.15,3.4,3.25,2015/16,€7.75m,€6.10m,2.2,3.5,3.3
SC0,12/04/2016,Inverness C,Hearts,0,0,D,0,0,D,D Robertson,7,9,1,2,14,12,3,3,1,3,0,0,2.55,3.4,2.63,2.6,3.0,2.6,2.62,3.25,2.62,2015/16,€6.08m,€10.38m,2.7,3.4,2.7
SC0,22/04/2016,St Johnstone,Aberdeen,3,0,H,2,0,H,C Thomson,11,4,4,1,10,14,4,4,0,2,0,0,4.33,3.4,1.85,4.5,3.5,1.85,4.0,3.4,1.85,2015/16,€9.38m,€12.33m,4.3,3.6,1.9
SC0,23/04/2016,Motherwell,Hearts,1,0,H,1,0,H,A Dallas,7,9,3,3,11,12,7,6,2,2,0,0,3.0,3.25,2.38,2.8,3.2,2.35,3.0,3.3,2.3,2015/16,€7.18m,€10.38m,3.1,3.4,2.38
SC0,23/04/2016,Partick,Dundee,1,2,A,0,1,A,N Walsh,13,15,8,6,14,13,6,5,0,2,0,0,2.5,3.3,2.75,2.5,3.1,2.65,2.4,3.25,2.9,2015/16,€6.10m,€6.68m,2.5,3.4,2.9
SC0,24/04/2016,Celtic,Ross County,1,1,D,1,0,H,D Robertson,18,7,7,3,11,10,5,3,1,2,0,0,1.18,7.0,13.0,1.18,6.0,11.5,1.22,6.5,12.0,2015/16,€70.43m,€7.75m,1.22,7.0,13.0
SC0,24/04/2016,Dundee United,Hamilton,1,3,A,0,1,A,S McLean,11,10,4,7,13,11,5,4,2,3,0,0,2.0,3.3,3.8,2.0,3.25,3.4,2.05,3.5,3.4,2015/16,€10.28m,€6.68m,2.1,3.6,3.5
SC0,24/04/2016,Inverness C,Kilmarnock,3,1,H,0,1,A,J Beaton,14,11,6,4,9,10,12,3,1,0,0,1,2.0,3.5,3.6,1.91,3.25,3.7,2.0,3.3,3.8,2015/16,€6.08m,€7.95m,2.05,3.5,3.75
SC0,30/04/2016,Aberdeen,Motherwell,4,1,H,2,0,H,B Madden,9,6,6,2,14,16,5,6,3,2,0,1,1.53,4.0,6.0,1.55,3.7,5.5,1.55,4.0,6.0,2015/16,€12.33m,€7.18m,1.55,4.3,6.25
SC0,30/04/2016,Hamilton,Kilmarnock,0,4,A,0,2,A,C Thomson,12,12,3,6,13,17,6,2,6,1,0,0,2.0,3.4,3.75,2.1,3.3,3.1,2.05,3.4,3.6,2015/16,€6.68m,€7.95m,2.1,3.6,3.6
SC0,30/04/2016,Hearts,Celtic,1,3,A,0,1,A,A Muir,6,10,2,7,13,10,5,8,3,3,0,0,5.25,4.2,1.57,5.5,4.0,1.5,5.0,4.0,1.62,2015/16,€10.38m,€70.43m,5.25,4.3,1.62
SC0,30/04/2016,Partick,Inverness C,1,4,A,0,1,A,E Anderson,7,12,3,8,6,9,5,6,2,2,0,0,2.4,3.4,2.8,2.35,3.2,2.75,2.5,3.1,2.9,2015/16,€6.10m,€6.08m,2.55,3.3,2.9
SC0,30/04/2016,Ross County,St Johnstone,0,1,A,0,0,D,S Finnie,4,9,2,2,17,9,5,4,1,2,0,0,2.15,3.5,3.2,2.25,3.25,2.9,2.2,3.4,3.1,2015/16,€7.75m,€9.38m,2.25,3.6,3.13
SC0,06/05/2016,Inverness C,Dundee United,2,3,A,0,2,A,D Robertson,11,9,7,7,9,15,4,1,1,0,0,0,1.67,3.75,5.0,1.65,3.6,4.6,1.7,3.75,4.75,2015/16,€6.08m,€10.28m,1.67,4.0,5.25
SC0,07/05/2016,Dundee,Hamilton,0,1,A,0,1,A,S McLean,6,9,2,3,11,20,5,6,2,6,0,0,1.83,3.5,4.33,1.87,3.5,3.6,1.85,3.6,4.0,2015/16,€6.68m,€6.68m,1.9,3.75,4.0
SC0,07/05/2016,Hearts,Ross County,1,1,D,0,0,D,N Walsh,10,7,3,3,20,15,7,2,1,1,0,0,1.8,3.75,4.2,1.78,3.6,3.8,1.8,3.6,4.2,2015/16,€10.38m,€7.75m,1.83,3.75,4.4
SC0,07/05/2016,Kilmarnock,Partick,0,2,A,0,1,A,A Dallas,10,5,2,3,8,8,6,7,1,2,0,0,2.4,3.4,2.8,2.3,3.2,2.85,2.4,3.25,2.9,2015/16,€7.95m,€6.10m,2.4,3.4,3.0
SC0,07/05/2016,Motherwell,St Johnstone,1,2,A,1,2,A,G Aitken,9,9,1,6,12,6,6,4,2,1,0,0,2.5,3.4,2.7,2.4,3.1,2.75,2.5,3.25,2.75,2015/16,€7.18m,€9.38m,2.63,3.4,2.75
SC0,08/05/2016,Celtic,Aberdeen,3,2,H,2,0,H,B Madden,16,9,5,6,11,13,4,3,2,3,0,0,1.44,4.5,6.5,1.48,4.1,5.5,1.5,4.33,6.5,2015/16,€70.43m,€12.33m,1.5,4.6,6.5
SC0,10/05/2016,Dundee United,Partick,3,3,D,0,2,A,C Thomson,13,6,4,4,6,13,9,3,2,1,0,0,2.4,3.4,2.8,2.5,3.3,2.5,2.4,3.4,2.8,2015/16,€10.28m,€6.10m,2.4,3.6,2.9
SC0,11/05/2016,Dundee,Kilmarnock,1,1,D,1,0,H,D Robertson,6,4,5,2,7,11,12,5,1,2,0,0,2.05,3.5,3.4,2.05,3.25,3.3,2.1,3.5,3.3,2015/16,€6.68m,€7.95m,2.1,3.6,3.5
SC0,11/05/2016,Hamilton,Inverness C,0,1,A,0,1,A,S Finnie,14,5,3,3,11,11,12,3,1,2,1,0,2.8,3.3,2.5,2.6,3.2,2.5,2.8,3.3,2.4,2015/16,€6.68m,€6.08m,2.88,3.5,2.45
SC0,11/05/2016,Ross County,Motherwell,1,3,A,0,2,A,J Beaton,9,9,3,5,10,16,7,9,3,2,0,0,2.2,3.5,3.1,2.2,3.5,2.8,2.2,3.5,3.1,2015/16,€7.75m,€7.18m,2.2,3.7,3.2
SC0,11/05/2016,St Johnstone,Celtic,2,1,H,0,0,D,W Collum,8,9,3,4,11,11,4,2,3,1,0,0,7.0,4.33,1.44,6.5,4.4,1.4,6.5,4.5,1.44,2015/16,€9.38m,€70.43m,7.0,4.6,1.45
SC0,12/05/2016,Aberdeen,Hearts,0,1,A,0,0,D,A Dallas,8,5,1,3,9,13,5,2,1,1,0,0,1.95,3.5,3.75,1.9,3.4,3.6,1.95,3.6,3.6,2015/16,€12.33m,€10.38m,2.0,3.8,3.6
SC0,14/05/2016,Inverness C,Dundee,4,0,H,0,0,D,B Cook,16,7,11,2,9,10,6,3,0,1,0,0,2.05,3.6,3.4,2.0,3.4,3.25,2.05,3.5,3.5,2015/16,€6.08m,€6.68m,2.1,3.6,3.5
SC0,14/05/2016,Kilmarnock,Dundee United,2,4,A,2,1,H,B Madden,12,14,6,10,9,14,4,7,2,1,0,0,2.5,3.4,2.7,2.55,3.4,2.4,2.4,3.5,2.7,2015/16,€7.95m,€10.28m,2.5,3.6,2.7
SC0,14/05/2016,Partick,Hamilton,2,2,D,2,2,D,A Muir,14,17,6,3,14,9,4,1,1,0,0,0,2.38,3.25,3.0,2.25,3.4,2.75,2.38,3.4,2.88,2015/16,€6.10m,€6.68m,2.4,3.5,3.0
SC0,15/05/2016,Aberdeen,Ross County,0,4,A,0,2,A,W Collum,12,12,3,5,7,13,12,3,1,2,0,0,1.62,4.0,5.0,1.62,3.8,4.5,1.62,4.0,5.25,2015/16,€12.33m,€7.75m,1.65,4.2,5.25
SC0,15/05/2016,Celtic,Motherwell,7,0,H,3,0,H,E Anderson,24,2,17,1,7,9,10,3,0,1,0,0,1.22,6.5,11.0,1.17,6.5,11.5,1.22,6.5,12.0,2015/16,€70.43m,€7.18m,1.22,6.5,13.0
SC0,15/05/2016,Hearts,St Johnstone,2,2,D,2,2,D,G Aitken,6,26,5,7,19,8,4,8,4,4,1,0,1.95,3.5,3.75,1.8,3.6,3.8,1.95,3.5,3.8,2015/16,€10.38m,€9.38m,1.95,3.75,3.8
SC0,06/08/2016,Kilmarnock,Motherwell,1,2,A,0,1,A,C Thomson,9,7,8,7,7,8,5,3,1,3,0,0,2.63,3.3,2.63,2.55,3.25,2.5,2.75,3.1,2.62,2016/17,€7.58m,€7.13m,2.75,3.4,2.63
SC0,06/08/2016,Partick,Inverness C,2,0,H,1,0,H,N Walsh,6,8,3,2,20,10,2,5,2,1,0,0,2.6,3.2,2.75,2.35,3.25,2.7,2.7,3.0,2.75,2016/17,€7.23m,€6.70m,2.75,3.3,2.7
SC0,06/08/2016,Rangers,Hamilton,1,1,D,0,1,A,D Robertson,20,9,4,2,7,19,10,4,0,5,0,0,1.36,5.0,7.5,1.36,4.25,7.5,1.36,4.75,8.5,2016/17,€15.95m,€8.78m,1.4,5.0,8.5
SC0,06/08/2016,Ross County,Dundee,1,3,A,0,2,A,B Madden,16,7,6,4,18,12,7,2,3,2,0,0,2.25,3.4,3.1,2.2,3.3,2.9,2.25,3.3,3.1,2016/17,€8.63m,€7.53m,2.3,3.4,3.2
SC0,07/08/2016,Hearts,Celtic,1,2,A,1,1,D,J Beaton,13,11,6,5,15,13,5,6,7,4,0,0,5.0,4.0,1.62,4.75,3.7,1.62,5.0,3.8,1.67,2016/17,€15.25m,€67.98m,5.2,4.1,1.67
SC0,07/08/2016,St Johnstone,Aberdeen,0,0,D,0,0,D,W Collum,7,10,5,7,17,11,2,7,2,0,0,0,3.6,3.3,2.05,3.75,3.3,1.9,3.5,3.25,2.1,2016/17,€7.60m,€12.03m,3.6,3.4,2.15
SC0,13/08/2016,Aberdeen,Hearts,0,0,D,0,0,D,K Clancy,12,11,1,1,12,16,3,1,2,5,0,0,1.95,3.6,3.6,1.95,3.3,3.5,1.95,3.4,3.8,2016/17,€12.03m,€15.25m,1.95,3.6,4.0
SC0,13/08/2016,Dundee,Rangers,1,2,A,1,2,A,C Thomson,7,9,3,6,10,10,5,5,2,2,0,0,4.75,3.75,1.7,4.75,3.75,1.6,4.5,3.8,1.7,2016/17,€7.53m,€15.95m,4.75,4.0,1.73
SC0,13/08/2016,Hamilton,Kilmarnock,1,2,A,1,0,H,S McLean,7,5,4,2,12,7,3,3,1,3,0,0,2.1,3.75,3.1,2.1,3.4,3.0,2.2,3.4,3.2,2016/17,€8.78m,€7.58m,2.2,3.6,3.25
SC0,13/08/2016,Inverness C,Ross County,2,3,A,1,2,A,A Dallas,12,12,8,5,12,14,6,4,4,5,0,0,2.3,3.5,2.88,2.2,3.2,3.0,2.3,3.2,3.1,2016/17,€6.70m,€8.63m,2.3,3.4,3.13
SC0,13/08/2016,Motherwell,St Johnstone,1,2,A,0,0,D,E Anderson,13,15,4,5,14,8,6,3,3,3,0,0,2.5,3.5,2.63,2.35,3.2,2.75,2.62,3.2,2.7,2016/17,€7.13m,€7.60m,2.7,3.4,2.7
SC0,19/08/2016,Dundee,Hamilton,1,1,D,1,1,D,K Clancy,8,8,5,4,8,13,4,6,1,2,0,0,1.95,3.3,3.9,1.95,3.25,3.6,2.1,3.4,3.5,2016/17,€7.53m,€8.78m,2.15,3.5,3.5
SC0,20/08/2016,Aberdeen,Partick,2,1,H,1,0,H,J Beaton,10,11,6,2,10,13,3,6,1,2,0,1,1.57,3.6,6.5,1.57,3.7,5.25,1.57,3.8,6.0,2016/17,€12.03m,€7.23m,1.57,4.1,6.25
SC0,20/08/2016,Hearts,Inverness C,5,1,H,2,0,H,S McLean,18,13,10,7,14,15,6,8,1,4,0,0,1.95,3.4,3.9,1.78,3.4,4.1,1.91,3.4,4.0,2016/17,€15.25m,€6.70m,1.95,3.5,4.1
SC0,20/08/2016,Rangers,Motherwell,2,1,H,0,1,A,B Madden,18,9,3,3,10,7,14,4,0,0,0,0,1.3,5.5,9.0,1.34,4.5,7.5,1.36,4.75,8.5,2016/17,€15.95m,€7.13m,1.36,5.25,8.5
SC0,20/08/2016,Ross County,Kilmarnock,2,0,H,1,0,H,N Walsh,11,4,2,0,16,12,6,4,1,1,0,0,1.75,3.5,4.75,1.8,3.4,4.0,1.8,3.6,4.33,2016/17,€8.63m,€7.58m,1.83,3.8,4.33
SC0,20/08/2016,St Johnstone,Celtic,2,4,A,0,3,A,C Thomson,7,19,5,5,12,10,1,6,3,4,0,0,5.75,3.75,1.6,4.6,3.6,1.65,5.0,3.8,1.67,2016/17,€7.60m,€67.98m,5.25,4.0,1.67
SC0,26/08/2016,Kilmarnock,Rangers,1,1,D,1,0,H,K Clancy,8,19,2,7,14,17,2,8,4,2,1,0,7.0,4.33,1.44,6.75,4.2,1.4,7.0,4.5,1.44,2016/17,€7.58m,€15.95m,7.5,4.75,1.44
SC0,27/08/2016,Celtic,Aberdeen,4,1,H,2,1,H,B Madden,10,5,5,1,11,13,4,1,0,1,0,1,1.44,4.33,7.0,1.45,4.1,6.0,1.48,4.33,6.5,2016/17,€67.98m,€12.03m,1.5,4.6,6.5
SC0,27/08/2016,Hamilton,Ross County,1,0,H,0,0,D,G Aitken,15,4,9,1,15,15,6,5,3,2,0,0,3.0,3.4,2.3,3.0,3.2,2.2,3.0,3.3,2.3,2016/17,€8.78m,€8.63m,3.0,3.5,2.38
SC0,27/08/2016,Inverness C,St Johnstone,2,1,H,0,0,D,S Finnie,15,7,8,3,13,12,6,1,1,1,0,0,2.63,3.4,2.55,2.65,3.0,2.55,2.8,3.2,2.5,2016/17,€6.70m,€7.60m,2.8,3.4,2.55
SC0,27/08/2016,Motherwell,Dundee,0,0,D,0,0,D,A Dallas,17,11,5,3,5,11,8,5,1,2,0,0,2.4,3.5,2.75,2.45,3.1,2.7,2.5,3.25,2.88,2016/17,€7.13m,€7.53m,2.45,3.5,2.9
SC0,27/08/2016,Partick,Hearts,1,2,A,0,1,A,W Collum,9,17,4,8,8,9,8,5,2,0,0,0,3.4,3.4,2.1,3.0,3.2,2.2,3.4,3.3,2.15,2016/17,€7.23m,€15.25m,3.4,3.5,2.15
SC0,10/09/2016,Aberdeen,Inverness C,1,1,D,0,0,D,C Allan,3,1,2,1,10,12,5,2,0,3,0,0,1.8,3.6,4.33,1.67,3.6,4.5,1.8,3.5,4.5,2016/17,€12.03m,€6.70m,1.8,3.75,4.6
SC0,10/09/2016,Celtic,Rangers,5,1,H,2,1,H,W Collum,20,6,9,2,12,13,3,1,4,2,0,1,1.6,4.0,5.25,1.62,4.0,5.5,1.62,4.2,5.5,2016/17,€67.98m,€15.95m,1.6,4.33,5.4
SC0,10/09/2016,Dundee,Kilmarnock,1,1,D,1,1,D,D Robertson,17,7,3,1,17,13,3,5,3,2,1,0,1.91,3.4,4.0,1.85,3.3,3.9,1.85,3.5,4.0,2016/17,€7.53m,€7.58m,1.93,3.7,4.0
SC0,10/09/2016,Hearts,Hamilton,3,1,H,0,0,D,C Thomson,22,6,10,1,10,9,8,3,3,3,0,0,1.62,3.75,5.5,1.6,3.6,5.0,1.62,3.8,5.5,2016/17,€15.25m,€8.78m,1.62,4.1,5.4
SC0,10/09/2016,Partick,St Johnstone,0,2,A,0,1,A,N Walsh,9,9,4,5,9,13,2,3,0,1,0,0,2.7,3.4,2.5,2.8,3.1,2.4,2.8,3.2,2.5,2016/17,€7.23m,€7.60m,2.8,3.4,2.55
SC0,10/09/2016,Ross County,Motherwell,1,1,D,0,0,D,A Muir,11,6,3,4,10,17,3,3,1,2,1,0,2.0,3.5,3.6,2.0,3.25,3.4,2.0,3.5,3.6,2016/17,€8.63m,€7.13m,2.05,3.6,3.75
SC0,17/09/2016,Kilmarnock,Partick,2,2,D,1,1,D,A Dallas,8,11,6,7,12,12,9,7,2,1,0,1,2.9,3.3,2.38,2.65,3.1,2.5,2.9,3.25,2.4,2016/17,€7.58m,€7.23m,3.0,3.3,2.5
SC0,17/09/2016,Motherwell,Hamilton,4,2,H,3,1,H,W Collum,13,21,4,5,13,15,5,4,3,4,0,0,2.15,3.25,3.4,2.05,3.1,3.4,2.2,3.25,3.3,2016/17,€7.13m,€8.78m,2.25,3.4,3.3
SC0,17/09/2016,Rangers,Ross County,0,0,D,0,0,D,G Aitken,16,4,5,2,9,16,14,1,1,1,0,0,1.44,4.33,7.0,1.42,4.2,6.5,1.44,4.5,6.5,2016/17,€15.95m,€8.63m,1.45,4.8,7.0
SC0,17/09/2016,St Johnstone,Hearts,1,0,H,0,0,D,J Beaton,11,16,7,7,16,15,6,11,6,1,0,0,3.0,3.3,2.3,2.75,3.1,2.4,3.0,3.25,2.3,2016/17,€7.60m,€15.25m,3.1,3.3,2.4
SC0,18/09/2016,Dundee,Aberdeen,1,3,A,1,1,D,S McLean,7,7,2,3,18,13,1,5,3,4,1,0,3.6,3.5,2.0,3.5,3.3,1.95,3.6,3.3,2.05,2016/17,€7.53m,€12.03m,3.75,3.5,2.05
SC0,18/09/2016,Inverness C,Celtic,2,2,D,1,2,A,D Robertson,10,23,5,9,11,12,4,11,2,2,0,0,10.0,4.75,1.33,8.0,4.75,1.3,8.5,4.75,1.36,2016/17,€6.70m,€67.98m,9.0,5.2,1.4
SC0,24/09/2016,Celtic,Kilmarnock,6,1,H,2,1,H,N Walsh,23,4,9,2,8,8,4,1,0,2,0,0,1.14,7.5,19.0,1.12,7.5,14.5,1.12,9.0,23.0,2016/17,€67.98m,€7.58m,1.14,7.5,15.0
SC0,24/09/2016,Hearts,Ross County,0,0,D,0,0,D,A Muir,16,1,6,0,14,18,9,4,2,3,0,1,1.75,3.5,4.75,1.8,3.5,3.8,1.75,3.8,4.5,2016/17,€15.25m,€8.63m,1.8,3.9,4.4
SC0,24/09/2016,Inverness C,Dundee,3,1,H,2,0,H,K Clancy,12,11,7,6,15,14,4,9,2,3,0,0,2.0,3.3,3.8,2.1,3.3,3.1,2.0,3.4,3.6,2016/17,€6.70m,€7.53m,2.05,3.5,3.75
SC0,24/09/2016,Partick,Motherwell,1,1,D,1,0,H,C Thomson,15,10,6,4,12,12,4,5,1,1,0,0,2.1,3.4,3.4,2.1,3.4,3.0,2.2,3.3,3.3,2016/17,€7.23m,€7.13m,2.2,3.4,3.4
SC0,25/09/2016,Aberdeen,Rangers,2,1,H,0,0,D,J Beaton,10,11,4,3,19,13,4,8,5,4,0,0,2.88,3.2,2.45,2.55,3.25,2.5,2.8,3.2,2.5,2016/17,€12.03m,€15.95m,2.8,3.3,2.55
SC0,25/09/2016,Hamilton,St Johnstone,1,1,D,1,0,H,E Anderson,13,20,8,7,15,12,6,10,5,1,0,0,2.9,3.3,2.38,3.0,3.2,2.2,2.9,3.2,2.4,2016/17,€8.78m,€7.60m,3.0,3.3,2.5
SC0,30/09/2016,Motherwell,Hearts,1,3,A,0,1,A,S McLean,15,17,5,6,14,10,4,5,0,1,0,0,4.0,3.6,1.85,3.5,3.5,1.9,4.0,3.6,1.85,2016/17,€7.13m,€15.25m,4.1,3.75,1.9
SC0,01/10/2016,Dundee,Celtic,0,1,A,0,0,D,A Dallas,2,16,1,7,7,12,5,4,2,1,0,0,12.0,6.0,1.22,9.25,5.75,1.22,11.0,6.0,1.25,2016/17,€7.53m,€67.98m,11.5,6.5,1.22
SC0,01/10/2016,Hamilton,Inverness C,1,1,D,1,0,H,B Cook,13,13,5,7,16,15,8,5,2,1,0,0,2.88,3.5,2.3,2.8,3.2,2.3,3.1,3.3,2.3,2016/17,€8.78m,€6.70m,3.13,3.5,2.3
SC0,01/10/2016,Kilmarnock,Aberdeen,0,4,A,0,1,A,W Collum,3,13,0,8,11,11,2,6,2,0,0,0,5.75,4.2,1.53,5.25,3.8,1.55,6.0,4.0,1.55,2016/17,€7.58m,€12.03m,6.5,4.2,1.55
SC0,01/10/2016,Rangers,Partick,2,0,H,2,0,H,S Finnie,12,7,5,2,9,10,8,6,1,2,0,0,1.33,5.0,8.5,1.3,4.6,8.5,1.36,4.75,8.0,2016/17,€15.95m,€7.23m,1.36,5.2,9.0
SC0,01/10/2016,Ross County,St Johnstone,0,2,A,0,1,A,C Allan,6,9,4,5,12,8,5,5,0,0,0,0,2.4,3.5,2.75,2.4,3.3,2.65,2.5,3.3,2.8,2016/17,€8.63m,€7.60m,2.5,3.5,2.8
SC0,14/10/2016,Inverness C,Rangers,0,1,A,0,1,A,W Collum,13,15,6,5,23,13,1,6,3,1,0,0,4.33,3.4,1.85,4.1,3.5,1.91,3.8,3.4,1.91,2016/17,€6.70m,€15.95m,4.0,3.5,1.95
SC0,15/10/2016,Aberdeen,Ross County,4,0,H,2,0,H,C Thomson,24,9,14,3,12,12,6,2,1,2,0,1,1.5,4.0,7.0,1.5,3.7,6.0,1.5,4.0,6.5,2016/17,€12.03m,€8.63m,1.55,4.2,6.5
SC0,15/10/2016,Celtic,Motherwell,2,0,H,1,0,H,J Beaton,24,9,9,4,7,7,9,1,2,2,0,0,1.13,8.0,19.0,1.12,7.25,14.5,1.12,9.5,23.0,2016/17,€67.98m,€7.13m,1.14,9.0,19.0
SC0,15/10/2016,Hearts,Dundee,2,0,H,0,0,D,K Clancy,17,12,7,2,8,12,10,10,1,1,0,0,1.44,4.2,7.5,1.44,3.9,6.75,1.5,4.2,6.0,2016/17,€15.25m,€7.53m,1.53,4.5,6.0
SC0,15/10/2016,Partick,Hamilton,2,2,D,2,1,H,G Aitken,12,22,7,10,12,9,5,8,1,2,0,0,2.05,3.4,3.5,2.1,3.2,3.25,2.05,3.3,3.6,2016/17,€7.23m,€8.78m,2.15,3.4,3.6
SC0,15/10/2016,St Johnstone,Kilmarnock,0,1,A,0,0,D,S McLean,12,4,3,1,17,11,9,1,3,1,0,0,1.5,4.33,6.0,1.48,3.9,6.0,1.5,4.0,6.5,2016/17,€7.60m,€7.58m,1.5,4.4,7.0
SC0,22/10/2016,Inverness C,Kilmarnock,1,1,D,0,1,A,A Dallas,11,9,5,4,13,14,0,5,3,2,0,0,1.53,4.0,6.0,1.5,3.75,6.0,1.55,3.8,6.0,2016/17,€6.70m,€7.58m,1.55,4.3,6.25
SC0,22/10/2016,Partick,Ross County,1,1,D,1,0,H,D Robertson,14,11,3,3,16,12,11,3,1,3,0,0,2.15,3.5,3.2,2.25,3.4,2.75,2.2,3.4,3.2,2016/17,€7.23m,€8.63m,2.25,3.5,3.25
SC0,23/10/2016,St Johnstone,Dundee,2,1,H,0,0,D,N Walsh,15,9,8,4,12,13,1,3,1,2,0,0,1.83,3.75,4.0,1.8,3.4,4.0,1.85,3.5,4.33,2016/17,€7.60m,€7.53m,1.87,3.75,4.2
SC0,25/10/2016,Hamilton,Aberdeen,1,0,H,1,0,H,W Collum,9,10,4,4,15,8,1,6,0,0,0,0,5.25,4.2,1.57,5.0,3.8,1.57,5.75,4.0,1.57,2016/17,€8.78m,€12.03m,5.75,4.2,1.6
SC0,26/10/2016,Dundee,Partick,0,2,A,0,1,A,S McLean,5,11,1,4,7,11,2,4,1,3,0,0,2.5,3.3,2.75,2.4,3.1,2.75,2.5,3.2,2.8,2016/17,€7.53m,€7.23m,2.55,3.4,2.8
SC0,26/10/2016,Kilmarnock,Hearts,2,0,H,1,0,H,A Dallas,15,9,6,5,14,13,1,2,1,3,0,0,6.5,4.1,1.5,5.75,3.7,1.53,6.0,4.0,1.53,2016/17,€7.58m,€15.25m,6.25,4.33,1.53
SC0,26/10/2016,Motherwell,Inverness C,0,3,A,0,0,D,D Robertson,7,13,0,6,14,15,4,4,0,1,0,0,3.0,3.25,2.38,2.65,3.2,2.45,2.88,3.4,2.38,2016/17,€7.13m,€6.70m,2.9,3.5,2.45
SC0,26/10/2016,Rangers,St Johnstone,1,1,D,1,1,D,K Clancy,18,12,8,4,15,13,15,5,3,3,0,0,1.55,4.0,5.75,1.6,3.7,5.0,1.62,4.0,5.5,2016/17,€15.95m,€7.60m,1.6,4.1,5.75
SC0,26/10/2016,Ross County,Celtic,0,4,A,0,1,A,A Muir,10,19,5,12,6,12,7,7,1,1,0,0,11.0,5.75,1.25,9.0,5.25,1.25,11.0,6.0,1.25,2016/17,€8.63m,€67.98m,12.0,6.25,1.25
SC0,29/10/2016,Aberdeen,Celtic,0,1,A,0,1,A,S McLean,7,16,2,6,19,12,3,3,2,3,0,0,5.0,4.0,1.62,5.25,3.9,1.67,5.0,3.8,1.67,2016/17,€12.03m,€67.98m,5.0,4.0,1.65
SC0,29/10/2016,Hamilton,Dundee,0,1,A,0,0,D,S Finch,7,7,1,2,13,11,3,6,2,1,0,0,2.2,3.3,3.25,2.1,3.4,3.0,2.25,3.3,3.1,2016/17,€8.78m,€7.53m,2.25,3.5,3.2
SC0,29/10/2016,Inverness C,Hearts,3,3,D,2,1,H,C Thomson,9,9,5,5,17,18,3,10,3,2,0,0,2.88,3.4,2.38,3.0,3.4,2.1,3.0,3.3,2.3,2016/17,€6.70m,€15.25m,3.0,3.5,2.2
SC0,29/10/2016,Motherwell,Ross County,4,1,H,2,0,H,N Walsh,12,13,5,3,11,10,3,7,1,2,0,0,2.38,3.5,2.8,2.3,3.4,2.7,2.5,3.3,2.75,2016/17,€7.13m,€8.63m,2.5,3.5,2.8
SC0,29/10/2016,Rangers,Kilmarnock,3,0,H,2,0,H,J Beaton,24,7,10,1,12,14,10,3,0,2,0,0,1.33,5.5,7.5,1.35,4.75,6.75,1.35,5.0,8.5,2016/17,€15.95m,€7.58m,1.33,5.5,9.5
SC0,29/10/2016,St Johnstone,Partick,1,2,A,1,1,D,B Cook,11,12,4,8,13,13,1,5,1,3,0,0,1.85,3.5,4.2,1.83,3.4,3.8,1.91,3.4,4.0,2016/17,€7.60m,€7.23m,1.95,3.75,3.75
SC0,04/11/2016,Partick,Aberdeen,1,2,A,0,1,A,B Madden,11,10,6,6,13,7,5,2,2,0,0,0,4.33,3.6,1.8,4.33,3.5,1.72,4.2,3.6,1.83,2016/17,€7.23m,€12.03m,4.4,3.75,1.83
SC0,05/11/2016,Celtic,Inverness C,3,0,H,0,0,D,C Allan,26,7,7,4,17,15,6,0,0,0,0,1,1.17,7.0,15.0,1.16,6.5,12.5,1.18,7.0,15.0,2016/17,€67.98m,€6.70m,1.17,8.0,17.0
SC0,05/11/2016,Dundee,Motherwell,2,0,H,1,0,H,J Beaton,13,8,5,3,10,9,3,3,1,2,0,0,2.38,3.4,2.88,2.2,3.3,2.9,2.25,3.4,3.0,2016/17,€7.53m,€7.13m,2.3,3.5,3.13
SC0,05/11/2016,Hearts,St Johnstone,2,2,D,1,1,D,D Robertson,9,9,5,5,16,13,8,4,3,2,0,0,1.8,3.6,4.33,1.8,3.4,4.0,1.83,3.5,4.33,2016/17,€15.25m,€7.60m,1.87,3.6,4.4
SC0,05/11/2016,Kilmarnock,Hamilton,0,0,D,0,0,D,E Anderson,14,15,6,5,12,13,8,5,1,2,0,0,2.7,3.4,2.5,2.5,3.25,2.55,2.62,3.3,2.6,2016/17,€7.58m,€8.78m,2.75,3.4,2.63
SC0,06/11/2016,Ross County,Rangers,1,1,D,1,1,D,A Dallas,15,11,3,4,19,11,7,13,6,2,0,0,5.0,3.8,1.65,4.6,3.75,1.62,4.75,4.0,1.67,2016/17,€8.63m,€15.95m,5.0,4.2,1.67
SC0,18/11/2016,Kilmarnock,Celtic,0,1,A,0,1,A,D Robertson,9,16,2,6,12,12,3,5,2,3,0,0,15.0,8.0,1.14,13.5,6.75,1.14,21.0,8.5,1.14,2016/17,€7.58m,€67.98m,18.0,8.5,1.15
SC0,19/11/2016,Inverness C,Aberdeen,1,3,A,1,2,A,K Clancy,7,13,3,9,11,17,1,6,1,1,0,0,3.75,3.4,2.0,3.25,3.4,2.0,3.8,3.4,1.95,2016/17,€6.70m,€12.03m,3.9,3.5,2.0
SC0,19/11/2016,Motherwell,Partick,2,0,H,2,0,H,A Dallas,11,13,4,4,13,18,6,7,1,4,0,0,2.75,3.2,2.6,2.45,3.3,2.55,2.75,3.3,2.5,2016/17,€7.13m,€7.23m,2.75,3.4,2.6
SC0,19/11/2016,Rangers,Dundee,1,0,H,0,0,D,W Collum,18,4,7,1,11,10,14,3,1,2,0,0,1.36,5.0,7.5,1.33,4.5,7.75,1.36,4.75,7.5,2016/17,€15.95m,€7.53m,1.36,5.2,8.5
SC0,19/11/2016,St Johnstone,Ross County,2,4,A,0,2,A,J Beaton,8,10,3,5,11,12,7,3,3,2,0,0,1.83,3.6,4.1,1.83,3.5,3.75,1.85,3.6,4.0,2016/17,€7.60m,€8.63m,1.85,3.8,4.2
SC0,21/11/2016,Hamilton,Hearts,3,3,D,1,1,D,S McLean,9,12,5,7,13,10,4,5,1,2,0,0,4.33,3.6,1.8,3.8,3.5,1.8,4.33,3.6,1.8,2016/17,€8.78m,€15.25m,4.5,3.8,1.8
SC0,26/11/2016,Dundee,Inverness C,2,1,H,1,0,H,A Dallas,13,20,4,3,9,10,3,4,3,1,0,1,2.6,3.25,2.7,2.5,3.3,2.5,2.62,3.1,2.75,2016/17,€7.53m,€6.70m,2.7,3.1,2.8
SC0,26/11/2016,Hearts,Motherwell,3,0,H,1,0,H,B Madden,21,10,9,0,16,8,6,6,1,1,0,0,1.53,4.33,5.5,1.5,3.9,5.75,1.55,4.2,5.5,2016/17,€15.25m,€7.13m,1.57,4.4,5.75
SC0,26/11/2016,Partick,Rangers,1,2,A,0,0,D,N Walsh,6,14,4,6,8,8,7,11,1,4,0,0,4.75,3.6,1.73,4.33,3.5,1.72,4.33,3.8,1.75,2016/17,€7.23m,€15.95m,4.5,3.9,1.8
SC0,26/11/2016,Ross County,Hamilton,1,1,D,1,0,H,C Thomson,14,7,6,3,14,13,5,3,3,2,0,0,2.05,3.3,3.6,1.91,3.3,3.6,2.1,3.3,3.5,2016/17,€8.63m,€8.78m,2.1,3.5,3.6
SC0,30/11/2016,Hearts,Rangers,2,0,H,1,0,H,C Thomson,12,7,9,1,15,12,5,3,2,1,0,0,2.88,3.4,2.38,2.65,3.3,2.4,2.8,3.4,2.4,2016/17,€15.25m,€15.95m,2.8,3.5,2.5
SC0,03/12/2016,Hamilton,Partick,1,1,D,1,0,H,D Robertson,7,15,4,2,12,11,3,3,4,1,0,0,2.75,3.3,2.5,2.5,3.3,2.5,2.8,3.3,2.5,2016/17,€8.78m,€7.23m,2.8,3.4,2.55
SC0,03/12/2016,Kilmarnock,Dundee,2,0,H,1,0,H,C Allan,19,9,8,2,9,9,13,1,2,3,0,0,2.88,3.3,2.4,2.5,3.3,2.5,2.8,3.25,2.5,2016/17,€7.58m,€7.53m,2.9,3.3,2.55
SC0,03/12/2016,Motherwell,Celtic,3,4,A,2,0,H,K Clancy,6,28,5,11,8,10,3,8,4,3,0,0,15.0,6.0,1.2,10.5,6.25,1.18,15.0,7.0,1.2,2016/17,€7.13m,€67.98m,13.0,7.5,1.2
SC0,03/12/2016,Rangers,Aberdeen,2,1,H,0,0,D,S McLean,10,11,4,5,22,16,6,5,5,2,1,1,2.15,3.4,3.25,2.1,3.3,3.1,2.25,3.25,3.2,2016/17,€15.95m,€12.03m,2.3,3.4,3.2
SC0,03/12/2016,Ross County,Hearts,2,2,D,1,0,H,W Collum,11,17,7,4,18,12,4,9,3,1,0,0,3.75,3.5,1.95,3.4,3.3,2.0,3.4,3.5,2.05,2016/17,€8.63m,€15.25m,3.5,3.6,2.1
SC0,03/12/2016,St Johnstone,Inverness C,3,0,H,1,0,H,E Anderson,14,11,5,3,14,15,0,3,2,2,0,1,2.0,3.3,3.75,1.91,3.3,3.6,2.0,3.4,3.6,2016/17,€7.60m,€6.70m,2.05,3.5,3.75
SC0,06/12/2016,Aberdeen,Kilmarnock,5,1,H,3,0,H,S Finnie,12,8,7,1,10,15,7,3,2,1,0,0,1.3,5.25,9.5,1.36,4.33,7.5,1.33,5.0,9.5,2016/17,€12.03m,€7.58m,1.33,5.25,10.0
SC0,09/12/2016,Partick,Celtic,1,4,A,0,1,A,C Thomson,4,15,1,6,13,13,1,5,2,0,0,0,11.0,5.75,1.25,8.75,5.5,1.25,10.0,5.75,1.29,2016/17,€7.23m,€67.98m,10.5,6.0,1.29
SC0,10/12/2016,Aberdeen,St Johnstone,0,0,D,0,0,D,K Clancy,8,8,2,1,11,14,6,4,1,3,0,0,1.62,3.9,5.25,1.65,3.7,4.5,1.67,3.8,5.0,2016/17,€12.03m,€7.60m,1.65,4.0,5.4
SC0,10/12/2016,Dundee,Ross County,0,0,D,0,0,D,E Anderson,6,11,2,5,8,15,8,9,2,3,0,0,2.4,3.6,2.7,2.35,3.25,2.7,2.5,3.3,2.7,2016/17,€7.53m,€8.63m,2.55,3.5,2.75
SC0,10/12/2016,Inverness C,Hamilton,1,1,D,0,1,A,G Aitken,12,11,6,3,15,15,1,6,3,3,0,0,2.05,3.8,3.2,2.0,3.3,3.4,2.1,3.4,3.4,2016/17,€6.70m,€8.78m,2.1,3.6,3.5
SC0,10/12/2016,Motherwell,Kilmarnock,0,0,D,0,0,D,S McLean,11,12,2,5,8,12,9,5,2,3,0,0,1.95,3.4,3.9,1.91,3.3,3.6,1.95,3.5,3.75,2016/17,€7.13m,€7.58m,2.0,3.6,3.8
SC0,10/12/2016,Rangers,Hearts,2,0,H,1,0,H,J Beaton,14,9,5,1,10,12,3,2,1,4,0,0,1.8,3.6,4.33,1.8,3.4,4.0,1.85,3.6,4.0,2016/17,€15.95m,€15.25m,1.9,3.75,4.0
SC0,13/12/2016,Celtic,Hamilton,1,0,H,1,0,H,C Allan,15,5,2,2,10,11,12,2,1,2,0,0,1.1,9.0,21.0,1.11,7.5,16.0,1.12,9.5,21.0,2016/17,€67.98m,€8.78m,1.11,10.5,22.0
SC0,16/12/2016,Hamilton,Rangers,1,2,A,0,1,A,A Muir,8,19,1,7,13,10,3,6,5,1,0,0,5.75,4.2,1.53,5.25,4.0,1.6,5.5,4.0,1.57,2016/17,€8.78m,€15.95m,5.75,4.2,1.6
SC0,17/12/2016,Celtic,Dundee,2,1,H,1,0,H,B Madden,22,6,7,2,17,4,4,3,1,1,0,0,1.13,8.0,21.0,1.12,7.25,15.0,1.13,9.0,21.0,2016/17,€67.98m,€7.53m,1.12,9.5,26.0
SC0,17/12/2016,Hearts,Partick,1,1,D,1,0,H,D Robertson,8,12,4,4,13,17,8,6,0,2,0,0,1.67,3.75,5.0,1.67,3.6,4.5,1.67,3.8,4.75,2016/17,€15.25m,€7.23m,1.67,4.0,5.2
SC0,17/12/2016,Kilmarnock,Inverness C,1,1,D,0,0,D,N Walsh,9,5,3,2,18,12,7,3,3,2,0,0,2.88,3.3,2.4,2.6,3.2,2.5,2.9,3.3,2.4,2016/17,€7.58m,€6.70m,2.9,3.4,2.5
SC0,17/12/2016,Ross County,Aberdeen,2,1,H,1,0,H,C Thomson,13,16,8,5,14,13,2,12,2,2,1,0,4.75,3.5,1.75,4.0,3.4,1.8,4.0,3.6,1.83,2016/17,€8.63m,€12.03m,4.3,3.8,1.83
SC0,17/12/2016,St Johnstone,Motherwell,1,1,D,0,1,A,W Collum,8,4,5,1,9,5,11,0,1,1,0,0,1.75,3.6,4.6,1.72,3.5,4.33,1.75,3.5,4.75,2016/17,€7.60m,€7.13m,1.8,3.75,4.6
SC0,20/12/2016,Celtic,Partick,1,0,H,1,0,H,E Anderson,19,10,8,4,10,11,9,4,2,2,0,0,1.14,8.0,15.0,1.13,8.5,15.0,1.15,8.0,19.0,2016/17,€67.98m,€7.23m,1.15,8.5,17.0
SC0,23/12/2016,Dundee,Hearts,3,2,H,0,1,A,K Clancy,9,18,4,8,9,10,3,9,1,1,0,0,3.8,3.4,1.95,3.8,3.4,1.95,3.8,3.6,1.95,2016/17,€7.53m,€15.25m,3.8,3.6,2.0
SC0,23/12/2016,Kilmarnock,St Johnstone,0,1,A,0,1,A,S Finnie,14,13,3,5,12,16,1,9,1,2,1,0,3.6,3.2,2.1,3.6,3.3,2.05,3.5,3.25,2.1,2016/17,€7.58m,€7.60m,3.5,3.5,2.15
SC0,23/12/2016,Motherwell,Aberdeen,1,3,A,1,2,A,B Madden,12,24,4,9,11,14,5,5,2,2,0,0,5.25,3.6,1.67,4.75,3.5,1.75,4.75,3.8,1.73,2016/17,€7.13m,€12.03m,4.8,3.8,1.75
SC0,23/12/2016,Ross County,Partick,1,3,A,0,0,D,J Beaton,6,9,3,7,5,3,1,6,1,0,0,0,2.25,3.3,3.2,2.15,3.4,3.25,2.2,3.3,3.25,2016/17,€8.63m,€7.23m,2.25,3.4,3.3
SC0,24/12/2016,Hamilton,Celtic,0,3,A,0,1,A,W Collum,5,12,3,6,7,8,2,5,3,0,0,1,13.0,6.5,1.2,14.5,6.0,1.2,13.0,6.0,1.22,2016/17,€8.78m,€67.98m,15.0,6.5,1.22
SC0,24/12/2016,Rangers,Inverness C,1,0,H,1,0,H,D Robertson,11,11,5,3,16,15,4,4,1,3,0,0,1.4,4.5,7.5,1.45,4.33,6.75,1.4,4.33,8.0,2016/17,€15.95m,€6.70m,1.44,4.6,7.5
SC0,27/12/2016,Aberdeen,Hamilton,2,1,H,1,1,D,A Dallas,17,7,7,6,9,19,16,6,2,3,0,1,1.33,4.75,10.0,1.35,4.4,9.75,1.35,4.75,9.0,2016/17,€12.03m,€8.78m,1.36,5.0,9.5
SC0,27/12/2016,Hearts,Kilmarnock,4,0,H,2,0,H,C Thomson,18,4,9,1,6,17,7,4,0,2,0,0,1.44,4.2,7.5,1.5,4.1,6.25,1.44,4.33,7.0,2016/17,€15.25m,€7.58m,1.5,4.5,7.0
SC0,28/12/2016,Celtic,Ross County,2,0,H,2,0,H,N Walsh,18,4,8,2,9,9,11,7,0,2,0,0,1.13,8.5,17.0,1.12,8.25,18.0,1.15,8.0,17.0,2016/17,€67.98m,€8.63m,1.13,9.5,19.0
SC0,28/12/2016,Inverness C,Motherwell,1,2,A,0,0,D,B Cook,15,6,4,3,13,20,10,4,4,1,0,0,2.05,3.5,3.4,2.05,3.4,3.5,2.0,3.4,3.6,2016/17,€6.70m,€7.13m,2.1,3.5,3.6
SC0,28/12/2016,Partick,Dundee,2,0,H,2,0,H,A Muir,7,10,5,3,22,10,1,1,5,2,0,0,2.05,3.3,3.6,2.05,3.5,3.4,2.05,3.25,3.8,2016/17,€7.23m,€7.53m,2.05,3.5,3.75
SC0,28/12/2016,St Johnstone,Rangers,1,1,D,1,1,D,C Allan,6,18,2,4,16,7,5,5,3,3,0,0,4.0,3.4,1.91,3.8,3.4,1.95,3.8,3.4,1.95,2016/17,€7.60m,€15.95m,3.9,3.6,2.0
SC0,30/12/2016,Hearts,Aberdeen,0,1,A,0,0,D,W Collum,7,13,4,6,10,11,5,9,2,2,0,0,2.6,3.4,2.6,2.55,3.4,2.6,2.6,3.3,2.62,2016/17,€15.25m,€12.03m,2.6,3.5,2.7
SC0,31/12/2016,Dundee,St Johnstone,3,0,H,2,0,H,D Robertson,7,11,5,4,12,12,4,13,1,2,0,0,3.1,3.3,2.3,3.1,3.2,2.3,3.2,3.3,2.25,2016/17,€7.53m,€7.60m,3.2,3.4,2.3
SC0,31/12/2016,Hamilton,Motherwell,1,1,D,0,0,D,E Anderson,14,13,4,6,16,11,7,8,2,2,0,1,2.55,3.3,2.7,2.55,3.25,2.7,2.5,3.25,2.8,2016/17,€8.78m,€7.13m,2.55,3.4,2.8
SC0,31/12/2016,Partick,Kilmarnock,0,0,D,0,0,D,K Clancy,8,12,5,5,9,12,10,5,1,1,0,0,1.8,3.4,4.75,1.8,3.6,4.2,1.8,3.6,4.33,2016/17,€7.23m,€7.58m,1.83,3.7,4.5
SC0,31/12/2016,Rangers,Celtic,1,2,A,1,1,D,S McLean,10,23,6,10,14,15,4,11,3,3,0,0,4.5,3.75,1.75,4.6,3.8,1.75,4.5,3.8,1.73,2016/17,€15.95m,€67.98m,4.6,4.1,1.73
SC0,31/12/2016,Ross County,Inverness C,3,2,H,2,1,H,B Madden,14,12,8,5,8,15,6,10,1,2,0,0,2.35,3.2,3.0,2.45,3.2,2.85,2.4,3.3,2.88,2016/17,€8.63m,€6.70m,2.45,3.5,2.9
SC0,25/01/2017,Celtic,St Johnstone,1,0,H,0,0,D,A Dallas,25,4,9,1,9,12,7,8,1,2,0,0,1.22,6.5,11.0,1.19,6.5,12.5,1.22,6.0,12.0,2016/17,€67.98m,€7.60m,1.22,7.0,13.0
SC0,27/01/2017,Aberdeen,Dundee,3,0,H,2,0,H,K Clancy,14,4,9,1,14,10,9,3,1,1,0,0,1.36,4.75,8.0,1.36,4.75,7.75,1.4,4.5,8.0,2016/17,€12.03m,€7.53m,1.4,5.0,8.0
SC0,28/01/2017,Inverness C,Partick,0,0,D,0,0,D,S Finnie,8,10,2,4,15,11,3,2,2,0,0,0,2.45,3.4,2.75,2.4,3.4,2.8,2.5,3.3,2.8,2016/17,€6.70m,€7.23m,2.5,3.4,2.88
SC0,28/01/2017,Kilmarnock,Ross County,3,2,H,1,2,A,B Cook,10,6,6,3,5,6,7,1,2,2,0,0,3.2,3.4,2.2,3.0,3.3,2.3,3.1,3.3,2.25,2016/17,€7.58m,€8.63m,3.2,3.4,2.3
SC0,28/01/2017,Motherwell,Rangers,0,2,A,0,0,D,W Collum,9,19,3,9,10,8,3,13,0,2,1,1,5.25,4.2,1.57,5.0,4.0,1.6,5.0,4.0,1.62,2016/17,€7.13m,€15.95m,5.4,4.2,1.62
SC0,28/01/2017,St Johnstone,Hamilton,3,0,H,0,0,D,N Walsh,5,10,3,4,10,13,1,5,1,1,0,0,1.57,3.75,6.0,1.6,3.8,5.5,1.62,3.8,5.75,2016/17,€7.60m,€8.78m,1.65,3.8,6.0
SC0,29/01/2017,Celtic,Hearts,4,0,H,1,0,H,B Madden,16,5,6,1,6,16,10,1,0,1,0,0,1.29,5.5,10.0,1.3,5.5,8.5,1.3,5.5,9.5,2016/17,€67.98m,€15.25m,1.29,6.0,10.5
SC0,31/01/2017,Hamilton,Inverness C,3,0,H,1,0,H,E Anderson,10,9,3,5,10,15,5,4,3,2,0,0,2.7,3.2,2.6,2.7,3.2,2.6,2.62,3.25,2.7,2016/17,€8.78m,€6.70m,2.7,3.25,2.75
SC0,31/01/2017,Ross County,Motherwell,1,2,A,1,1,D,S McLean,11,9,4,2,9,15,4,3,1,2,0,0,2.0,3.4,3.75,2.0,3.4,3.6,2.0,3.5,3.6,2016/17,€8.63m,€7.13m,2.05,3.6,3.6
SC0,01/02/2017,Celtic,Aberdeen,1,0,H,0,0,D,J Beaton,7,5,1,2,9,13,4,0,1,3,0,0,1.36,4.75,8.5,1.3,5.0,9.5,1.4,4.5,8.0,2016/17,€67.98m,€12.03m,1.4,5.0,8.0
SC0,01/02/2017,Hearts,Rangers,4,1,H,1,1,D,K Clancy,16,7,7,3,11,14,3,5,2,1,0,0,2.8,3.4,2.4,2.9,3.2,2.4,2.75,3.4,2.4,2016/17,€15.25m,€15.95m,2.9,3.4,2.5
SC0,01/02/2017,Partick,St Johnstone,0,1,A,0,1,A,C Allan,12,5,6,1,13,10,4,3,1,2,1,0,2.63,3.25,2.63,2.65,3.2,2.65,2.75,3.1,2.62,2016/17,€7.23m,€7.60m,2.8,3.25,2.7
SC0,04/02/2017,Aberdeen,Partick,2,0,H,0,0,D,G Aitken,11,5,9,1,15,9,2,5,2,0,0,0,1.5,4.33,6.0,1.57,4.0,5.5,1.55,3.8,6.0,2016/17,€12.03m,€7.23m,1.55,4.3,6.25
SC0,04/02/2017,Hamilton,Kilmarnock,1,1,D,1,1,D,S McLean,6,6,1,2,13,13,5,3,2,2,0,0,2.1,3.3,3.5,2.1,3.25,3.5,2.15,3.3,3.4,2016/17,€8.78m,€7.58m,2.15,3.4,3.5
SC0,04/02/2017,Inverness C,Dundee,2,2,D,0,2,A,N Walsh,13,12,10,3,7,19,6,5,2,3,0,0,2.15,3.3,3.4,2.1,3.25,3.5,2.05,3.25,3.75,2016/17,€6.70m,€7.53m,2.1,3.4,3.7
SC0,04/02/2017,Motherwell,Hearts,0,3,A,0,0,D,A Dallas,4,18,1,7,16,10,1,5,3,3,1,0,4.0,3.4,1.91,3.9,3.5,1.9,3.75,3.8,1.85,2016/17,€7.13m,€15.25m,3.8,3.8,1.93
SC0,04/02/2017,Rangers,Ross County,1,1,D,0,1,A,D Robertson,22,9,6,3,14,14,15,1,3,2,0,0,1.4,4.5,7.5,1.4,4.75,7.0,1.44,4.5,6.5,2016/17,€15.95m,€8.63m,1.45,4.75,7.0
SC0,05/02/2017,St Johnstone,Celtic,2,5,A,2,1,H,C Thomson,5,17,1,12,11,9,5,6,2,1,0,0,7.0,4.33,1.44,6.5,4.33,1.45,7.0,4.33,1.44,2016/17,€7.60m,€67.98m,7.5,4.5,1.45
SC0,11/02/2017,Dundee,Kilmarnock,1,1,D,1,1,D,A Muir,11,9,5,4,11,12,8,10,2,3,0,0,2.1,3.3,3.5,2.0,3.4,3.6,2.15,3.3,3.4,2016/17,€7.53m,€7.58m,2.15,3.4,3.5
SC0,15/02/2017,Aberdeen,Motherwell,7,2,H,4,0,H,A Muir,22,4,12,2,9,8,6,4,2,1,0,0,1.33,5.0,8.5,1.4,5.0,6.5,1.36,4.75,8.0,2016/17,€12.03m,€7.13m,1.36,5.0,9.0
SC0,18/02/2017,Celtic,Motherwell,2,0,H,2,0,H,D Robertson,15,6,5,1,9,9,7,4,0,1,0,0,1.07,10.0,29.0,1.1,8.75,21.0,1.09,11.0,29.0,2016/17,€67.98m,€7.13m,1.07,11.0,31.0
SC0,18/02/2017,Hearts,Inverness C,1,1,D,0,1,A,B Madden,20,7,8,2,13,15,11,4,0,3,0,0,1.53,4.0,6.0,1.55,4.0,5.75,1.55,4.0,6.0,2016/17,€15.25m,€6.70m,1.53,4.4,6.25
SC0,18/02/2017,Partick,Hamilton,2,0,H,0,0,D,W Collum,8,7,4,1,16,10,2,4,1,3,0,0,1.75,3.5,4.75,1.83,3.5,4.25,1.8,3.5,4.5,2016/17,€7.23m,€8.78m,1.83,3.7,4.5
SC0,18/02/2017,Ross County,St Johnstone,1,2,A,0,1,A,J Beaton,10,12,3,7,8,13,4,11,1,0,0,0,2.9,3.3,2.4,2.75,3.25,2.5,2.8,3.3,2.4,2016/17,€8.63m,€7.60m,2.9,3.4,2.5
SC0,19/02/2017,Dundee,Rangers,2,1,H,2,0,H,C Thomson,10,8,4,5,13,11,5,10,1,1,0,0,5.5,3.8,1.62,5.0,3.9,1.62,5.25,3.8,1.62,2016/17,€7.53m,€15.95m,5.75,4.0,1.62
SC0,19/02/2017,Kilmarnock,Aberdeen,1,2,A,1,0,H,A Dallas,5,13,1,4,10,10,1,4,2,2,0,0,7.0,4.33,1.44,6.5,3.75,1.53,7.0,4.33,1.44,2016/17,€7.58m,€12.03m,7.5,4.5,1.45
SC0,24/02/2017,Inverness C,Rangers,2,1,H,1,0,H,S McLean,10,16,6,6,11,10,7,8,2,2,0,0,4.0,3.75,1.83,4.1,3.6,1.83,4.0,3.6,1.85,2016/17,€6.70m,€15.95m,4.1,3.75,1.9
SC0,25/02/2017,Aberdeen,Ross County,1,0,H,0,0,D,W Collum,18,8,8,3,17,12,4,3,1,1,0,0,1.4,4.75,7.0,1.44,4.75,6.0,1.4,4.5,7.0,2016/17,€12.03m,€8.63m,1.44,4.8,7.0
SC0,25/02/2017,Celtic,Hamilton,2,0,H,1,0,H,C Allan,10,5,3,1,8,11,4,1,0,4,0,0,1.08,10.0,23.0,1.08,10.0,23.0,1.08,11.0,34.0,2016/17,€67.98m,€8.78m,1.06,12.0,26.0
SC0,25/02/2017,Motherwell,Dundee,1,5,A,1,5,A,S Finnie,7,12,4,5,11,14,2,5,3,1,0,0,2.6,3.4,2.63,2.6,3.3,2.6,2.62,3.4,2.6,2016/17,€7.13m,€7.53m,2.7,3.5,2.6
SC0,25/02/2017,Partick,Hearts,2,0,H,1,0,H,N Walsh,7,10,4,1,18,13,2,3,3,1,0,1,2.8,3.4,2.4,2.9,3.4,2.3,2.9,3.3,2.4,2016/17,€7.23m,€15.25m,3.0,3.4,2.45
SC0,25/02/2017,St Johnstone,Kilmarnock,0,2,A,0,1,A,D Robertson,7,10,1,6,10,11,7,2,2,0,0,0,1.62,4.0,5.0,1.62,3.8,5.25,1.67,3.8,5.25,2016/17,€7.60m,€7.58m,1.65,4.0,5.4
SC0,28/02/2017,Hamilton,Aberdeen,1,0,H,1,0,H,S McLean,3,15,2,3,8,9,0,21,1,1,1,0,7.0,4.0,1.5,6.0,3.75,1.57,6.5,3.8,1.53,2016/17,€8.78m,€12.03m,7.0,4.0,1.55
SC0,01/03/2017,Dundee,Partick,0,1,A,0,1,A,J Beaton,8,6,3,3,7,13,3,2,0,2,0,0,2.8,3.2,2.5,2.75,3.25,2.5,2.8,3.1,2.5,2016/17,€7.53m,€7.23m,2.88,3.3,2.6
SC0,01/03/2017,Hearts,Ross County,0,1,A,0,0,D,A Muir,15,10,6,4,15,13,3,2,1,2,0,0,1.67,3.8,5.0,1.65,3.7,5.25,1.67,3.8,4.75,2016/17,€15.25m,€8.63m,1.7,4.0,5.0
SC0,01/03/2017,Inverness C,Celtic,0,4,A,0,1,A,A Dallas,3,21,2,9,13,14,1,6,1,0,0,0,12.0,5.5,1.25,11.5,5.5,1.25,12.0,5.75,1.25,2016/17,€6.70m,€67.98m,11.0,5.5,1.29
SC0,01/03/2017,Rangers,St Johnstone,3,2,H,1,0,H,K Clancy,24,9,11,4,10,7,11,3,2,3,1,0,1.62,3.8,5.5,1.6,3.8,5.5,1.62,3.8,5.5,2016/17,€15.95m,€7.60m,1.62,4.0,5.75
SC0,04/03/2017,Kilmarnock,Motherwell,1,2,A,1,0,H,B Madden,20,8,5,5,10,12,9,3,0,4,0,0,2.15,3.5,3.2,2.15,3.3,3.3,2.15,3.4,3.25,2016/17,€7.58m,€7.13m,2.2,3.5,3.3
SC0,11/03/2017,Aberdeen,Motherwell,1,0,H,0,0,D,E Anderson,14,6,6,0,9,12,12,4,1,6,0,0,1.3,5.25,9.5,1.33,5.25,8.0,1.29,5.5,10.0,2016/17,€12.03m,€7.13m,1.3,5.5,11.0
SC0,11/03/2017,Hearts,Hamilton,4,0,H,1,0,H,C Thomson,17,5,11,2,13,12,5,3,0,3,0,0,1.62,4.0,5.0,1.62,3.9,5.0,1.62,3.8,5.25,2016/17,€15.25m,€8.78m,1.65,4.0,5.4
SC0,11/03/2017,Partick,Inverness C,1,1,D,0,0,D,W Collum,8,12,3,2,11,6,8,5,1,2,0,0,1.95,3.5,3.8,2.0,3.3,3.75,1.95,3.3,3.8,2016/17,€7.23m,€6.70m,2.0,3.5,3.9
SC0,11/03/2017,Ross County,Kilmarnock,1,2,A,0,0,D,N Walsh,16,5,7,2,9,12,8,4,4,3,0,0,1.91,3.5,4.0,1.95,3.3,3.9,1.95,3.5,3.8,2016/17,€8.63m,€7.58m,2.0,3.6,3.8
SC0,11/03/2017,St Johnstone,Dundee,2,0,H,2,0,H,A Dallas,16,5,7,1,12,13,3,7,1,3,0,0,1.91,3.5,4.0,1.95,3.4,3.8,2.0,3.4,3.75,2016/17,€7.60m,€7.53m,2.0,3.5,3.9
SC0,12/03/2017,Celtic,Rangers,1,1,D,1,0,H,B Madden,11,8,7,5,13,19,3,3,2,4,0,0,1.33,5.25,8.5,1.36,5.25,8.0,1.36,4.75,8.5,2016/17,€67.98m,€15.95m,1.4,5.0,8.5
SC0,18/03/2017,Aberdeen,Hearts,2,0,H,1,0,H,S McLean,17,5,6,3,11,16,6,3,1,3,1,0,1.73,3.5,5.0,1.75,3.6,4.5,1.75,3.6,4.75,2016/17,€12.03m,€15.25m,1.75,3.75,4.8
SC0,18/03/2017,Inverness C,Ross County,1,1,D,0,0,D,C Allan,9,9,3,2,12,14,3,8,1,1,0,0,2.55,3.4,2.63,2.5,3.4,2.65,2.62,3.3,2.62,2016/17,€6.70m,€8.63m,2.63,3.4,2.75
SC0,18/03/2017,Kilmarnock,Partick,1,1,D,0,0,D,J Beaton,10,14,3,3,8,13,8,4,1,0,0,0,2.88,3.3,2.45,3.0,3.3,2.3,2.9,3.1,2.4,2016/17,€7.58m,€7.23m,3.0,3.25,2.5
SC0,18/03/2017,Motherwell,St Johnstone,1,2,A,1,1,D,G Aitken,16,15,5,6,6,12,2,9,0,1,0,0,3.5,3.4,2.05,3.4,3.3,2.1,3.4,3.4,2.1,2016/17,€7.13m,€7.60m,3.5,3.5,2.15
SC0,18/03/2017,Rangers,Hamilton,4,0,H,2,0,H,D Robertson,10,4,6,2,13,14,8,4,2,2,0,0,1.3,5.25,9.5,1.3,5.25,9.25,1.33,5.0,9.5,2016/17,€15.95m,€8.78m,1.33,5.5,9.5
SC0,19/03/2017,Dundee,Celtic,1,2,A,0,1,A,W Collum,5,8,2,2,8,7,3,9,4,3,0,0,15.0,6.5,1.18,14.5,6.75,1.17,15.0,6.5,1.2,2016/17,€7.53m,€67.98m,15.0,7.0,1.2
SC0,31/03/2017,Dundee,Aberdeen,0,7,A,0,4,A,A Muir,5,18,1,9,8,10,10,7,1,0,0,0,6.0,4.0,1.55,5.75,3.9,1.57,5.75,3.8,1.6,2016/17,€7.53m,€12.03m,6.0,4.0,1.6
SC0,01/04/2017,Hamilton,St Johnstone,1,0,H,0,0,D,D Robertson,17,3,4,2,16,19,12,3,2,1,0,2,3.1,3.5,2.2,3.1,3.4,2.2,3.3,3.2,2.25,2016/17,€8.78m,€7.60m,3.3,3.4,2.25
SC0,01/04/2017,Inverness C,Kilmarnock,1,1,D,1,1,D,B Madden,11,16,6,7,15,12,8,6,1,1,0,0,2.0,3.5,3.6,2.0,3.5,3.5,2.05,3.4,3.6,2016/17,€6.70m,€7.58m,2.05,3.5,3.7
SC0,01/04/2017,Partick,Ross County,2,1,H,0,0,D,W Collum,12,8,7,3,10,9,4,2,3,1,0,0,2.0,3.6,3.5,2.0,3.5,3.5,2.05,3.3,3.6,2016/17,€7.23m,€8.63m,2.05,3.6,3.6
SC0,01/04/2017,Rangers,Motherwell,1,1,D,0,1,A,S McLean,14,12,4,5,8,16,9,7,2,4,0,0,1.25,5.5,12.0,1.28,5.25,10.5,1.25,5.75,11.0,2016/17,€15.95m,€7.13m,1.3,5.75,10.5
SC0,02/04/2017,Hearts,Celtic,0,5,A,0,2,A,K Clancy,8,9,4,6,12,9,2,2,3,3,0,0,6.5,4.5,1.44,6.5,4.4,1.45,6.5,4.33,1.48,2016/17,€15.25m,€67.98m,7.0,4.5,1.5
SC0,04/04/2017,Aberdeen,Inverness C,1,0,H,1,0,H,A Dallas,16,7,3,4,3,13,10,4,0,2,0,0,1.25,5.5,12.0,1.22,5.75,12.5,1.25,5.75,13.0,2016/17,€12.03m,€6.70m,1.29,5.75,11.5
SC0,04/04/2017,Ross County,Dundee,2,1,H,1,1,D,J Beaton,13,6,2,3,11,13,4,3,2,2,1,1,1.95,3.6,3.75,2.0,3.4,3.6,1.95,3.5,3.6,2016/17,€8.63m,€7.53m,2.0,3.6,3.8
SC0,05/04/2017,Celtic,Partick,1,1,D,0,0,D,G Aitken,16,6,5,2,8,15,7,2,1,3,0,0,1.17,7.5,13.0,1.17,7.0,14.5,1.2,6.5,17.0,2016/17,€67.98m,€7.23m,1.18,7.5,15.0
SC0,05/04/2017,Kilmarnock,Rangers,0,0,D,0,0,D,A Muir,7,19,2,6,16,18,6,13,4,2,0,0,5.5,4.0,1.57,5.5,3.8,1.6,5.25,4.0,1.62,2016/17,€7.58m,€15.95m,5.5,4.1,1.62
SC0,05/04/2017,Motherwell,Hamilton,0,0,D,0,0,D,K Clancy,17,10,3,6,12,14,7,2,1,2,0,1,2.45,3.4,2.75,2.45,3.3,2.8,2.4,3.3,2.75,2016/17,€7.13m,€8.78m,2.55,3.5,2.8
SC0,05/04/2017,St Johnstone,Hearts,1,0,H,0,0,D,N Walsh,11,11,5,1,14,19,7,1,1,4,0,1,2.88,3.5,2.3,2.85,3.3,2.4,3.0,3.3,2.38,2016/17,€7.60m,€15.25m,2.9,3.5,2.45
SC0,08/04/2017,Celtic,Kilmarnock,3,1,H,1,0,H,C Thomson,14,3,6,1,9,10,5,3,2,2,0,0,1.13,8.5,17.0,1.12,8.5,16.5,1.13,8.5,21.0,2016/17,€67.98m,€7.58m,1.13,8.5,23.0
SC0,08/04/2017,Hamilton,Ross County,1,1,D,1,0,H,S McLean,9,12,4,3,18,9,5,6,3,0,1,0,2.55,3.3,2.7,2.55,3.2,2.75,2.62,3.25,2.62,2016/17,€8.78m,€8.63m,2.75,3.3,2.7
SC0,08/04/2017,Hearts,Dundee,1,0,H,1,0,H,C Allan,12,3,5,0,9,11,10,0,0,1,0,0,1.53,3.8,6.5,1.6,3.8,5.5,1.57,3.8,6.0,2016/17,€15.25m,€7.53m,1.55,4.0,6.25
SC0,08/04/2017,Inverness C,St Johnstone,0,3,A,0,1,A,S Finnie,15,13,5,5,13,8,6,1,0,1,1,0,2.63,3.25,2.63,2.65,3.2,2.65,2.7,3.1,2.62,2016/17,€6.70m,€7.60m,2.7,3.25,2.75
SC0,08/04/2017,Partick,Motherwell,1,0,H,1,0,H,J Beaton,7,8,1,1,13,16,1,7,0,0,0,0,1.73,3.6,4.75,1.75,3.5,4.6,1.75,3.5,4.75,2016/17,€7.23m,€7.13m,1.8,3.6,4.75
SC0,09/04/2017,Aberdeen,Rangers,0,3,A,0,0,D,K Clancy,10,10,5,6,11,15,7,3,3,2,0,0,2.0,3.4,3.75,2.0,3.3,3.75,2.0,3.5,3.6,2016/17,€12.03m,€15.95m,2.05,3.5,3.8
SC0,14/04/2017,Kilmarnock,Hearts,0,0,D,0,0,D,E Anderson,8,10,0,4,7,13,5,6,0,2,0,0,4.0,3.4,1.91,4.0,3.4,1.9,3.8,3.5,1.91,2016/17,€7.58m,€15.25m,4.1,3.6,1.93
SC0,15/04/2017,Dundee,Hamilton,0,2,A,0,1,A,J Beaton,8,15,3,4,14,13,7,8,0,1,0,0,2.2,3.3,3.3,2.05,3.3,3.6,2.25,3.25,3.2,2016/17,€7.53m,€8.78m,2.3,3.3,3.3
SC0,15/04/2017,Motherwell,Inverness C,4,2,H,2,1,H,W Collum,18,17,11,10,18,5,6,3,0,1,0,0,2.4,3.25,3.0,2.35,3.3,2.9,2.4,3.3,2.9,2016/17,€7.13m,€6.70m,2.5,3.4,2.9
SC0,15/04/2017,Rangers,Partick,2,0,H,1,0,H,N Walsh,22,4,10,2,8,13,10,1,0,2,0,0,1.6,3.75,5.75,1.62,3.7,5.5,1.62,3.75,5.5,2016/17,€15.95m,€7.23m,1.67,3.8,5.75
SC0,15/04/2017,St Johnstone,Aberdeen,1,2,A,0,2,A,B Madden,7,7,3,2,9,15,4,3,3,1,0,0,5.5,3.75,1.62,5.25,3.7,1.65,5.25,3.6,1.67,2016/17,€7.60m,€12.03m,5.75,3.75,1.67
SC0,16/04/2017,Ross County,Celtic,2,2,D,0,1,A,D Robertson,5,11,5,6,12,14,4,2,4,1,0,1,9.0,5.0,1.33,8.5,5.0,1.33,7.5,5.0,1.36,2016/17,€8.63m,€67.98m,8.0,5.5,1.36
SC0,28/04/2017,Ross County,Inverness C,4,0,H,2,0,H,C Thomson,12,5,6,2,11,15,3,6,2,1,0,1,1.91,3.6,3.75,1.91,3.4,3.9,1.95,3.6,3.6,2016/17,€8.63m,€6.70m,2.05,3.6,3.6
SC0,29/04/2017,Aberdeen,St Johnstone,0,2,A,0,0,D,A Muir,13,8,1,4,18,14,4,2,3,3,0,0,1.44,4.0,8.5,1.44,4.2,7.25,1.4,4.33,8.0,2016/17,€12.03m,€7.60m,1.45,4.33,8.0
SC0,29/04/2017,Hamilton,Kilmarnock,0,2,A,0,2,A,W Collum,11,6,1,2,10,12,4,3,1,3,0,0,2.25,3.4,3.1,2.25,3.1,3.3,2.3,3.3,3.1,2016/17,€8.78m,€7.58m,2.4,3.4,3.0
SC0,29/04/2017,Hearts,Partick,2,2,D,0,0,D,A Dallas,26,8,11,6,11,8,8,4,1,3,0,1,1.91,3.4,4.0,1.91,3.4,4.0,1.9,3.5,3.9,2016/17,€15.25m,€7.23m,2.0,3.5,3.9
SC0,29/04/2017,Motherwell,Dundee,2,3,A,0,1,A,S McLean,11,7,4,5,8,20,11,1,1,2,0,0,2.2,3.3,3.3,2.1,3.4,3.3,2.2,3.4,3.1,2016/17,€7.13m,€7.53m,2.3,3.5,3.13
SC0,29/04/2017,Rangers,Celtic,1,5,A,0,2,A,J Beaton,7,17,1,7,14,14,1,5,2,2,0,0,4.75,4.0,1.67,4.75,3.8,1.67,4.2,3.75,1.66,2016/17,€15.95m,€67.98m,4.75,4.0,1.73
SC0,06/05/2017,Celtic,St Johnstone,4,1,H,0,0,D,N Walsh,28,4,11,1,9,11,6,0,1,4,0,0,1.2,6.5,13.0,1.18,6.25,15.5,1.15,6.5,17.0,2016/17,€67.98m,€7.60m,1.2,6.5,13.0
SC0,06/05/2017,Inverness C,Hamilton,2,1,H,2,0,H,A Dallas,12,9,4,4,16,13,5,6,4,1,0,0,2.15,3.25,3.4,2.2,3.25,3.25,2.2,3.2,3.3,2016/17,€6.70m,€8.78m,2.25,3.3,3.4
SC0,06/05/2017,Kilmarnock,Dundee,0,1,A,0,0,D,C Thomson,16,7,5,3,10,14,7,4,1,1,0,0,2.15,3.3,3.4,2.2,3.2,3.3,2.15,3.2,3.2,2016/17,€7.58m,€7.53m,2.2,3.4,3.4
SC0,06/05/2017,Motherwell,Ross County,0,1,A,0,0,D,B Madden,6,7,2,2,13,10,14,6,0,2,0,0,2.63,3.4,2.55,2.6,3.3,2.6,2.55,3.5,2.55,2016/17,€7.13m,€8.63m,2.63,3.6,2.63
SC0,07/05/2017,Hearts,Aberdeen,1,2,A,0,1,A,W Collum,8,14,1,5,13,11,4,3,1,2,1,0,3.3,3.4,2.15,3.7,3.25,2.05,3.4,3.3,2.1,2016/17,€15.25m,€12.03m,3.4,3.5,2.15
SC0,07/05/2017,Partick,Rangers,1,2,A,1,0,H,C Allan,8,7,3,2,9,13,4,2,1,1,0,0,3.5,3.4,2.05,3.5,3.4,2.05,3.3,3.4,2.05,2016/17,€7.23m,€15.95m,3.6,3.4,2.15
SC0,12/05/2017,Aberdeen,Celtic,1,3,A,1,3,A,S McLean,13,12,3,8,10,16,10,4,2,2,0,0,4.75,3.6,1.73,4.75,3.75,1.75,4.6,3.75,1.8,2016/17,€12.03m,€67.98m,4.6,3.75,1.8
SC0,13/05/2017,Dundee,Ross County,1,1,D,0,1,A,N Walsh,16,4,6,2,7,16,1,3,3,6,0,0,2.6,3.25,2.7,2.55,3.3,2.7,2.5,3.4,2.62,2016/17,€7.53m,€8.63m,2.75,3.4,2.63
SC0,13/05/2017,Hamilton,Motherwell,0,1,A,0,0,D,K Clancy,7,4,3,2,15,15,4,1,6,4,0,0,2.4,3.25,2.9,2.4,3.25,2.9,2.3,3.3,2.87,2016/17,€8.78m,€7.13m,2.5,3.3,3.0
SC0,13/05/2017,Kilmarnock,Inverness C,2,1,H,1,0,H,J Beaton,11,14,2,4,18,14,4,3,2,1,0,0,2.3,3.25,3.1,2.3,3.25,3.1,2.37,3.3,3.0,2016/17,€7.58m,€6.70m,2.4,3.3,3.1
SC0,13/05/2017,Rangers,Hearts,2,1,H,1,0,H,B Madden,20,12,9,4,14,12,6,4,1,1,0,1,1.83,3.5,4.2,1.85,3.5,4.1,1.8,3.4,4.2,2016/17,€15.95m,€15.25m,1.87,3.75,4.2
SC0,13/05/2017,St Johnstone,Partick,1,0,H,1,0,H,S Finnie,7,8,5,4,13,14,4,3,3,3,0,0,2.3,3.4,3.0,2.25,3.1,3.3,2.2,3.2,3.2,2016/17,€7.60m,€7.23m,2.25,3.4,3.3
SC0,16/05/2017,Motherwell,Kilmarnock,3,1,H,1,1,D,N Walsh,11,9,5,3,18,10,8,2,5,3,0,0,1.85,3.6,4.0,1.91,3.4,3.9,1.91,3.5,4.2,2016/17,€7.13m,€7.58m,1.83,3.75,4.2
SC0,16/05/2017,Ross County,Hamilton,3,2,H,1,1,D,A Muir,12,17,5,10,9,16,4,8,2,4,0,0,2.25,3.3,3.2,2.2,3.5,3.0,2.35,3.5,3.2,2016/17,€8.63m,€8.78m,2.3,3.5,3.13
SC0,17/05/2017,Dundee,Inverness C,0,2,A,0,2,A,K Clancy,12,10,4,4,9,14,11,3,0,2,0,0,2.38,3.3,2.9,2.55,3.4,2.6,2.4,3.4,2.75,2016/17,€7.53m,€6.70m,2.5,3.4,2.9
SC0,17/05/2017,Rangers,Aberdeen,1,2,A,0,1,A,J Beaton,7,14,2,5,16,13,3,6,2,1,0,1,2.4,3.4,2.8,2.45,3.4,2.7,2.4,3.25,2.88,2016/17,€15.95m,€12.03m,2.5,3.4,2.88
SC0,17/05/2017,St Johnstone,Hearts,1,0,H,1,0,H,D Robertson,14,15,3,6,9,12,1,11,0,1,0,0,2.38,3.3,2.9,2.4,3.25,2.9,2.38,3.3,3.0,2016/17,€7.60m,€15.25m,2.38,3.5,3.0
SC0,18/05/2017,Partick,Celtic,0,5,A,0,3,A,A Dallas,3,25,2,13,11,6,1,3,0,0,0,0,9.0,5.75,1.29,9.75,5.0,1.3,9.5,4.8,1.29,2016/17,€7.23m,€67.98m,10.5,5.75,1.3
SC0,20/05/2017,Hamilton,Dundee,4,0,H,2,0,H,C Allan,10,9,7,3,17,12,7,3,1,1,0,0,1.73,3.6,4.75,1.78,3.6,4.33,1.7,3.75,4.33,2016/17,€8.78m,€7.53m,1.8,3.75,4.6
SC0,20/05/2017,Inverness C,Motherwell,3,2,H,0,0,D,C Thomson,11,12,5,3,9,14,6,0,0,0,0,0,1.65,3.75,5.25,1.67,3.8,4.75,1.6,3.9,4.6,2016/17,€6.70m,€7.13m,1.73,4.0,4.8
SC0,20/05/2017,Kilmarnock,Ross County,1,2,A,1,1,D,B Madden,21,11,6,5,7,14,5,4,2,0,0,0,2.63,3.25,2.63,2.65,3.2,2.65,2.65,3.2,2.6,2016/17,€7.58m,€8.63m,2.75,3.4,2.6
SC0,21/05/2017,Celtic,Hearts,2,0,H,0,0,D,J Beaton,19,7,5,2,10,15,3,4,0,2,0,0,1.17,7.0,15.0,1.17,6.75,14.0,1.2,6.5,13.0,2016/17,€67.98m,€15.25m,1.22,7.0,13.0
SC0,21/05/2017,Partick,Aberdeen,0,6,A,0,5,A,E Anderson,9,20,5,8,9,14,6,2,2,2,0,0,4.33,3.6,1.8,4.5,3.6,1.75,4.2,3.4,1.8,2016/17,€7.23m,€12.03m,4.5,3.6,1.85
SC0,21/05/2017,St Johnstone,Rangers,1,2,A,0,1,A,A Dallas,13,16,6,5,10,16,7,4,1,3,0,0,3.25,3.3,2.2,3.2,3.25,2.2,3.1,3.3,2.15,2016/17,€7.60m,€15.95m,3.3,3.4,2.25
SC0,05/08/2017,Celtic,Hearts,4,1,H,1,0,H,K Clancy,17,4,7,3,9,21,9,5,1,3,0,0,1.2,7.0,11.0,1.2,6.5,12.5,1.2,6.0,15.0,2017/18,€77.48m,€14.40m,1.18,6.5,13.0
SC0,05/08/2017,Dundee,Ross County,1,2,A,0,1,A,W Collum,13,14,6,5,14,8,15,5,1,2,0,0,2.5,3.4,2.7,2.45,3.25,2.8,2.5,3.1,2.75,2017/18,€9.50m,€7.88m,2.45,3.3,2.75
SC0,05/08/2017,Hibernian,Partick,3,1,H,2,1,H,N Walsh,12,6,6,3,13,19,3,4,2,3,0,0,1.8,3.6,4.33,1.78,3.5,4.5,1.83,3.25,4.25,2017/18,€12.48m,€7.65m,1.8,3.5,4.3
SC0,05/08/2017,Kilmarnock,St Johnstone,1,2,A,0,1,A,S McLean,12,8,4,2,12,16,1,10,1,4,0,0,2.6,3.3,2.63,2.6,3.2,2.65,2.65,3.0,2.6,2017/18,€9.43m,€8.68m,2.7,3.2,2.55
SC0,06/08/2017,Aberdeen,Hamilton,2,0,H,1,0,H,E Anderson,17,5,7,3,10,17,3,2,1,3,0,1,1.3,5.0,10.0,1.28,5.5,9.75,1.33,4.75,9.5,2017/18,€12.25m,€8.08m,1.3,5.0,9.5
SC0,06/08/2017,Motherwell,Rangers,1,2,A,1,1,D,B Madden,10,15,2,3,17,17,7,5,4,2,0,0,5.25,4.0,1.6,5.25,3.7,1.65,5.2,3.8,1.61,2017/18,€7.53m,€26.10m,5.0,3.9,1.62
SC0,11/08/2017,Partick,Celtic,0,1,A,0,1,A,A Dallas,3,17,1,6,9,6,3,11,1,1,0,0,11.0,6.25,1.22,13.0,6.5,1.22,13.0,6.0,1.22,2017/18,€7.65m,€77.48m,13.0,6.5,1.22
SC0,12/08/2017,Hamilton,Dundee,3,0,H,2,0,H,B Madden,13,11,7,4,13,19,5,7,1,3,0,0,2.38,3.25,3.0,2.35,3.3,2.95,2.3,3.2,3.1,2017/18,€8.08m,€9.50m,2.25,3.3,3.1
SC0,12/08/2017,Kilmarnock,Hearts,0,1,A,0,1,A,S Finnie,8,9,3,4,23,17,4,5,3,2,1,1,3.1,3.4,2.25,3.0,3.4,2.25,3.1,3.3,2.25,2017/18,€9.43m,€14.40m,3.13,3.4,2.15
SC0,12/08/2017,Rangers,Hibernian,2,3,A,1,2,A,J Beaton,12,13,2,4,15,14,6,5,6,3,1,0,1.73,3.75,4.5,1.72,3.6,4.75,1.75,3.6,4.5,2017/18,€26.10m,€12.48m,1.73,3.75,4.3
SC0,12/08/2017,Ross County,Aberdeen,1,2,A,1,1,D,D Beaton,5,13,3,7,21,14,2,6,3,1,0,0,4.75,3.6,1.73,4.75,3.6,1.72,4.5,3.7,1.75,2017/18,€7.88m,€12.25m,4.3,3.8,1.73
SC0,12/08/2017,St Johnstone,Motherwell,4,1,H,2,1,H,C Thomson,9,11,7,3,9,13,7,6,1,0,0,3,1.75,3.5,4.75,1.8,3.4,4.5,1.8,3.6,4.4,2017/18,€8.68m,€7.53m,1.75,3.6,4.3
SC0,19/08/2017,Aberdeen,Dundee,2,1,H,1,0,H,K Clancy,10,9,6,1,11,15,4,6,3,1,0,0,1.3,5.25,9.5,1.3,5.25,9.25,1.33,5.0,9.5,2017/18,€12.25m,€9.50m,1.3,5.0,9.0
SC0,19/08/2017,Hibernian,Hamilton,1,3,A,0,0,D,S McLean,15,18,9,8,11,12,9,7,0,2,0,0,1.44,4.2,7.5,1.45,4.2,7.0,1.53,4.0,6.5,2017/18,€12.48m,€8.08m,1.5,4.1,6.0
SC0,19/08/2017,Kilmarnock,Celtic,0,2,A,0,1,A,N Walsh,3,15,0,6,15,6,5,5,2,0,0,0,15.0,7.0,1.17,14.0,6.75,1.18,19.0,7.0,1.18,2017/18,€9.43m,€77.48m,15.0,7.0,1.15
SC0,19/08/2017,Motherwell,Ross County,2,0,H,0,0,D,A Muir,7,11,3,3,14,10,1,3,2,2,0,1,2.88,3.4,2.38,2.65,3.4,2.5,2.65,3.4,2.5,2017/18,€7.53m,€7.88m,2.7,3.5,2.4
SC0,19/08/2017,Rangers,Hearts,0,0,D,0,0,D,W Collum,10,7,2,0,11,7,13,2,2,1,0,0,1.62,3.75,5.5,1.62,3.9,5.0,1.67,3.9,5.0,2017/18,€26.10m,€14.40m,1.62,4.0,4.75
SC0,19/08/2017,St Johnstone,Partick,1,0,H,1,0,H,B Cook,7,6,3,3,3,15,3,2,0,2,0,0,2.05,3.4,3.5,1.95,3.4,3.8,2.05,3.2,3.7,2017/18,€8.68m,€7.65m,2.05,3.3,3.5
SC0,26/08/2017,Celtic,St Johnstone,1,1,D,0,1,A,W Collum,31,7,11,3,7,8,12,1,2,3,0,0,1.17,7.5,13.0,1.18,6.75,14.0,1.17,6.5,19.0,2017/18,€77.48m,€8.68m,1.15,7.0,15.0
SC0,26/08/2017,Kilmarnock,Hamilton,2,2,D,1,0,H,A Dallas,6,14,2,6,9,11,1,4,3,1,0,0,2.4,3.4,2.8,2.45,3.4,2.7,2.37,3.1,2.87,2017/18,€9.43m,€8.08m,2.38,3.3,2.88
SC0,26/08/2017,Motherwell,Hearts,2,1,H,2,1,H,J Beaton,8,11,3,5,14,20,5,3,2,3,0,0,3.3,3.5,2.1,3.4,3.5,2.05,3.1,3.4,2.15,2017/18,€7.53m,€14.40m,3.2,3.5,2.1
SC0,26/08/2017,Partick,Aberdeen,3,4,A,2,2,D,B Madden,5,16,3,8,12,9,5,9,1,0,1,0,4.75,4.0,1.67,4.33,4.0,1.7,4.6,3.6,1.7,2017/18,€7.65m,€12.25m,4.5,3.75,1.7
SC0,27/08/2017,Dundee,Hibernian,1,1,D,1,1,D,D Robertson,5,16,3,9,13,11,1,15,2,2,0,0,3.6,3.5,2.0,3.7,3.3,2.0,3.6,3.25,2.0,2017/18,€9.50m,€12.48m,3.6,3.4,2.0
SC0,27/08/2017,Ross County,Rangers,1,3,A,0,2,A,C Thomson,8,14,2,3,17,17,5,6,2,0,0,0,5.0,4.0,1.62,5.0,3.75,1.65,4.8,3.8,1.61,2017/18,€7.88m,€26.10m,4.8,4.0,1.62
SC0,08/09/2017,Hamilton,Celtic,1,4,A,0,3,A,D Robertson,5,15,4,6,10,4,3,15,1,0,0,0,12.0,6.0,1.22,12.0,6.0,1.22,13.0,5.75,1.25,2017/18,€8.08m,€77.48m,11.5,6.0,1.22
SC0,09/09/2017,Hearts,Aberdeen,0,0,D,0,0,D,C Thomson,18,11,9,4,20,11,10,2,3,1,0,0,3.6,3.6,1.95,3.5,3.5,2.0,3.6,3.5,2.0,2017/18,€14.40m,€12.25m,3.5,3.6,1.95
SC0,09/09/2017,Motherwell,Kilmarnock,2,0,H,0,0,D,B Madden,15,5,8,2,11,9,6,5,3,1,0,0,2.05,3.4,3.6,2.1,3.3,3.4,2.1,3.3,3.4,2017/18,€7.53m,€9.43m,2.05,3.5,3.3
SC0,09/09/2017,Rangers,Dundee,4,1,H,1,0,H,A Dallas,19,7,10,1,6,9,10,2,1,2,0,0,1.3,5.0,10.0,1.33,5.0,8.5,1.33,5.0,9.5,2017/18,€26.10m,€9.50m,1.3,5.25,8.5
SC0,09/09/2017,Ross County,Partick,1,1,D,0,1,A,J Beaton,16,9,6,5,14,13,4,3,3,1,0,0,2.5,3.4,2.7,2.45,3.3,2.75,2.6,3.25,2.65,2017/18,€7.88m,€7.65m,2.5,3.4,2.63
SC0,09/09/2017,St Johnstone,Hibernian,1,1,D,0,0,D,N Walsh,5,15,1,2,14,9,2,13,3,1,0,0,3.1,3.4,2.25,2.9,3.4,2.3,2.87,3.25,2.45,2017/18,€8.68m,€12.48m,2.88,3.4,2.3
SC0,15/09/2017,Partick,Rangers,2,2,D,0,1,A,W Collum,5,17,2,4,10,6,3,4,5,0,1,0,7.5,4.2,1.44,7.5,4.5,1.44,5.8,4.0,1.5,2017/18,€7.65m,€26.10m,6.5,4.4,1.44
SC0,16/09/2017,Aberdeen,Kilmarnock,1,1,D,1,0,H,S Finnie,15,10,5,5,10,13,5,4,2,3,0,0,1.33,5.0,9.0,1.3,5.0,9.5,1.33,4.8,10.0,2017/18,€12.25m,€9.43m,1.33,5.0,8.5
SC0,16/09/2017,Celtic,Ross County,4,0,H,2,0,H,S McLean,30,7,9,5,10,9,7,3,0,1,0,0,1.13,8.5,17.0,1.14,7.25,17.5,1.14,8.0,23.0,2017/18,€77.48m,€7.88m,1.12,8.0,17.0
SC0,16/09/2017,Dundee,St Johnstone,3,2,H,1,0,H,A Muir,15,10,7,6,20,18,1,6,0,2,1,0,2.75,3.3,2.5,2.8,3.4,2.4,3.0,3.3,2.35,2017/18,€9.50m,€8.68m,2.75,3.4,2.38
SC0,16/09/2017,Hamilton,Hearts,1,2,A,1,2,A,B Madden,7,9,2,6,11,11,7,2,2,1,0,0,3.5,3.4,2.05,3.6,3.4,2.0,3.4,3.4,2.1,2017/18,€8.08m,€14.40m,3.2,3.5,2.1
SC0,16/09/2017,Hibernian,Motherwell,2,2,D,1,0,H,B Cook,10,8,5,4,6,15,2,5,1,4,0,0,1.62,3.75,5.5,1.65,3.8,5.0,1.67,3.8,5.2,2017/18,€12.48m,€7.53m,1.62,4.0,4.8
SC0,23/09/2017,Kilmarnock,Dundee,1,1,D,0,1,A,B Madden,11,7,7,3,14,23,6,9,2,2,0,0,2.4,3.3,2.88,2.35,3.4,2.85,2.5,3.2,2.87,2017/18,€9.43m,€9.50m,2.45,3.3,3.0
SC0,23/09/2017,Partick,Hearts,1,1,D,1,0,H,D Robertson,15,13,9,4,12,12,3,6,1,2,0,0,3.4,3.3,2.15,3.4,3.25,2.15,3.4,3.25,2.15,2017/18,€7.65m,€14.40m,3.4,3.4,2.15
SC0,23/09/2017,Rangers,Celtic,0,2,A,0,0,D,C Thomson,6,18,1,7,12,11,2,11,2,1,0,0,4.75,3.8,1.7,4.6,3.8,1.7,4.6,3.9,1.67,2017/18,€26.10m,€77.48m,4.4,4.1,1.73
SC0,23/09/2017,Ross County,Hibernian,0,1,A,0,1,A,A Dallas,8,15,3,7,14,9,6,8,2,1,0,0,4.75,3.6,1.73,3.9,3.7,1.85,4.2,3.7,1.8,2017/18,€7.88m,€12.48m,4.2,3.8,1.83
SC0,23/09/2017,St Johnstone,Hamilton,2,1,H,0,1,A,W Collum,8,16,2,6,7,17,5,7,1,1,0,1,1.85,3.5,4.2,1.85,3.5,4.1,1.91,3.3,4.0,2017/18,€8.68m,€8.08m,1.9,3.5,4.2
SC0,24/09/2017,Motherwell,Aberdeen,0,1,A,0,0,D,N Walsh,9,8,2,3,12,12,8,4,2,2,0,0,4.0,3.75,1.83,4.2,3.6,1.8,4.0,3.6,1.85,2017/18,€7.53m,€12.25m,4.0,3.75,1.8
SC0,29/09/2017,Hamilton,Rangers,1,4,A,1,3,A,A Dallas,13,5,9,5,14,16,7,3,1,1,0,1,6.5,4.5,1.45,6.25,4.1,1.5,6.0,4.25,1.5,2017/18,€8.08m,€26.10m,6.0,4.6,1.5
SC0,30/09/2017,Aberdeen,St Johnstone,3,0,H,2,0,H,J Beaton,13,4,7,0,14,12,8,1,2,1,0,0,1.55,3.75,6.5,1.57,3.75,6.0,1.53,3.9,6.0,2017/18,€12.25m,€8.68m,1.53,4.0,5.75
SC0,30/09/2017,Celtic,Hibernian,2,2,D,1,0,H,W Collum,13,15,5,7,11,14,3,6,3,2,0,0,1.25,6.0,11.0,1.22,6.25,11.5,1.25,5.75,11.0,2017/18,€77.48m,€12.48m,1.25,5.75,10.0
SC0,30/09/2017,Dundee,Hearts,2,1,H,1,0,H,S McLean,9,11,6,4,15,12,6,10,3,1,0,0,3.75,3.4,2.0,3.5,3.25,2.1,3.4,3.3,2.1,2017/18,€9.50m,€14.40m,3.3,3.4,2.1
SC0,30/09/2017,Kilmarnock,Ross County,0,2,A,0,2,A,C Thomson,9,9,1,6,10,8,3,10,0,0,0,0,2.6,3.25,2.7,2.55,3.25,2.7,2.65,3.25,2.65,2017/18,€9.43m,€7.88m,2.6,3.3,2.6
SC0,30/09/2017,Motherwell,Partick,3,0,H,1,0,H,G Aitken,16,4,7,0,8,10,10,3,0,4,0,0,2.1,3.25,3.5,2.0,3.3,3.7,2.1,3.4,3.4,2017/18,€7.53m,€7.65m,2.05,3.5,3.3
SC0,13/10/2017,St Johnstone,Rangers,0,3,A,0,1,A,D Robertson,5,15,2,5,11,12,16,2,1,3,1,0,4.75,3.8,1.7,4.5,3.9,1.7,4.5,3.75,1.75,2017/18,€8.68m,€26.10m,4.6,3.9,1.73
SC0,14/10/2017,Celtic,Dundee,1,0,H,0,0,D,A Dallas,19,11,9,4,10,17,5,4,0,3,0,0,1.1,10.0,21.0,1.08,10.5,19.5,1.11,10.0,29.0,2017/18,€77.48m,€9.50m,1.08,11.0,29.0
SC0,14/10/2017,Hamilton,Motherwell,1,2,A,1,1,D,C Thomson,8,16,5,5,13,11,6,10,1,2,0,0,2.9,3.5,2.3,2.85,3.3,2.4,3.0,3.4,2.3,2017/18,€8.08m,€7.53m,3.0,3.4,2.38
SC0,14/10/2017,Hibernian,Aberdeen,0,1,A,0,1,A,S McLean,13,7,4,2,9,16,7,0,2,3,0,0,2.25,3.6,2.9,2.4,3.5,2.75,2.4,3.3,2.87,2017/18,€12.48m,€12.25m,2.45,3.4,2.88
SC0,14/10/2017,Partick,Kilmarnock,0,2,A,0,1,A,K Clancy,7,10,3,6,9,12,6,2,1,1,0,0,2.1,3.4,3.5,2.05,3.4,3.5,2.15,3.2,3.5,2017/18,€7.65m,€9.43m,2.2,3.4,3.3
SC0,14/10/2017,Ross County,Hearts,1,2,A,1,1,D,W Collum,10,10,4,4,11,14,4,6,3,4,0,1,2.8,3.4,2.4,2.8,3.4,2.4,2.87,3.3,2.4,2017/18,€7.88m,€14.40m,2.88,3.5,2.4
SC0,21/10/2017,Hearts,St Johnstone,1,0,H,0,0,D,N Walsh,11,2,4,1,16,11,4,3,4,3,0,0,1.83,3.5,4.33,1.9,3.4,4.0,1.87,3.5,4.2,2017/18,€14.40m,€8.68m,1.93,3.6,4.0
SC0,21/10/2017,Partick,Dundee,2,1,H,0,1,A,E Anderson,6,15,4,6,13,7,8,1,4,2,0,0,2.37,3.29,2.89,2.35,3.2,3.0,2.35,3.2,3.1,2017/18,€7.65m,€9.50m,2.38,3.3,3.1
SC0,21/10/2017,Ross County,Hamilton,2,1,H,0,0,D,S Finnie,14,8,6,1,13,16,8,8,2,2,0,0,1.85,3.79,4.0,1.9,3.5,3.9,1.91,3.5,3.8,2017/18,€7.88m,€8.08m,1.9,3.8,3.8
SC0,24/10/2017,Hamilton,Partick,0,0,D,0,0,D,S McLean,6,12,0,3,13,12,3,8,1,2,0,0,2.45,3.29,2.79,2.5,3.25,2.75,2.6,3.2,2.75,2017/18,€8.08m,€7.65m,2.55,3.4,2.75
SC0,24/10/2017,Hibernian,Hearts,1,0,H,1,0,H,A Dallas,11,9,4,2,11,21,11,3,2,3,0,0,1.95,3.39,3.89,2.05,3.4,3.5,2.05,3.3,3.6,2017/18,€12.48m,€14.40m,2.05,3.5,3.6
SC0,24/10/2017,St Johnstone,Ross County,0,0,D,0,0,D,B Cook,13,6,5,3,8,11,7,6,0,4,0,0,2.29,3.29,3.1,2.25,3.25,3.1,2.35,3.2,3.2,2017/18,€8.68m,€7.88m,2.38,3.3,3.1
SC0,25/10/2017,Aberdeen,Celtic,0,3,A,0,2,A,C Thomson,5,21,2,10,17,6,3,4,4,0,0,0,7.0,4.0,1.5,6.25,3.7,1.57,6.0,4.0,1.53,2017/18,€12.25m,€77.48m,6.25,4.2,1.53
SC0,25/10/2017,Dundee,Motherwell,0,1,A,0,1,A,S Finnie,8,11,3,7,12,17,3,4,3,3,0,0,2.75,3.25,2.54,2.7,3.3,2.5,2.7,3.4,2.5,2017/18,€9.50m,€7.53m,2.75,3.5,2.5
SC0,25/10/2017,Rangers,Kilmarnock,1,1,D,1,0,H,A Muir,20,11,5,5,10,11,11,4,1,3,1,0,1.25,5.75,11.0,1.26,5.5,10.5,1.28,5.5,11.0,2017/18,€26.10m,€9.43m,1.25,6.0,11.0
SC0,28/10/2017,Aberdeen,Ross County,2,1,H,1,1,D,D Robertson,13,4,6,3,17,14,3,5,3,3,0,0,1.5,4.2,6.25,1.44,4.4,6.75,1.5,4.2,6.5,2017/18,€12.25m,€7.88m,1.5,4.5,6.25
SC0,28/10/2017,Celtic,Kilmarnock,1,1,D,1,0,H,N Walsh,20,4,7,2,6,10,9,1,2,1,0,0,1.12,8.0,19.0,1.11,8.5,18.0,1.11,9.0,29.0,2017/18,€77.48m,€9.43m,1.1,10.0,23.0
SC0,28/10/2017,Dundee,Hamilton,1,3,A,0,1,A,G Aitken,8,8,3,4,17,15,6,5,4,3,0,1,2.04,3.39,3.5,2.1,3.3,3.4,2.05,3.4,3.5,2017/18,€9.50m,€8.08m,2.1,3.6,3.4
SC0,28/10/2017,Hearts,Rangers,1,3,A,1,1,D,C Thomson,9,13,3,7,14,11,3,7,1,2,0,0,3.29,3.5,2.1,3.4,3.5,2.05,3.4,3.4,2.1,2017/18,€14.40m,€26.10m,3.3,3.7,2.1
SC0,28/10/2017,Motherwell,Hibernian,0,1,A,0,1,A,B Madden,4,12,2,3,12,11,4,8,1,0,0,0,3.2,3.39,2.2,3.2,3.2,2.25,3.1,3.4,2.2,2017/18,€7.53m,€12.48m,3.13,3.6,2.2
SC0,28/10/2017,Partick,St Johnstone,1,0,H,1,0,H,J Beaton,5,7,3,5,13,9,5,4,0,1,0,0,2.62,3.39,2.54,2.7,3.0,2.7,2.75,3.0,2.7,2017/18,€7.65m,€8.68m,2.7,3.2,2.7
SC0,31/10/2017,Kilmarnock,Hibernian,0,3,A,0,1,A,S Finnie,16,5,5,4,7,12,7,5,0,3,0,0,5.25,3.75,1.64,5.0,3.75,1.65,5.5,3.5,1.67,2017/18,€9.43m,€12.48m,5.5,3.75,1.67
SC0,04/11/2017,Hamilton,Aberdeen,2,2,D,1,1,D,N Walsh,9,10,4,3,5,5,4,7,2,0,0,0,5.75,3.75,1.6,5.25,3.8,1.62,5.5,3.8,1.61,2017/18,€8.08m,€12.25m,5.2,4.0,1.65
SC0,04/11/2017,Hibernian,Dundee,2,1,H,1,1,D,G Beaton,10,10,5,5,13,11,6,2,4,2,0,0,1.39,4.5,8.0,1.4,4.25,8.0,1.44,4.4,7.5,2017/18,€12.48m,€9.50m,1.45,4.6,7.0
SC0,04/11/2017,Rangers,Partick,3,0,H,2,0,H,W Collum,13,6,5,1,9,7,7,3,0,2,0,0,1.36,4.75,8.5,1.34,4.6,9.5,1.33,5.0,9.5,2017/18,€26.10m,€7.65m,1.33,5.25,9.0
SC0,04/11/2017,Ross County,Motherwell,3,2,H,3,0,H,E Anderson,7,7,4,4,10,18,0,5,1,1,0,0,2.5,3.39,2.7,2.55,3.25,2.7,2.5,3.4,2.7,2017/18,€7.88m,€7.53m,2.5,3.6,2.7
SC0,04/11/2017,St Johnstone,Celtic,0,4,A,0,1,A,B Madden,6,27,2,15,11,8,4,3,2,0,0,0,13.0,6.5,1.19,12.5,5.75,1.22,15.0,6.0,1.22,2017/18,€8.68m,€77.48m,13.0,6.5,1.22
SC0,05/11/2017,Hearts,Kilmarnock,1,2,A,0,1,A,K Clancy,10,8,2,3,13,8,7,4,4,1,0,0,1.75,4.0,4.09,1.78,3.6,4.4,1.73,3.7,4.5,2017/18,€14.40m,€9.43m,1.67,3.8,4.6
SC0,18/11/2017,Aberdeen,Motherwell,0,2,A,0,1,A,B Madden,3,10,2,5,15,13,8,3,2,1,0,0,1.72,3.75,4.5,1.7,3.8,4.5,1.75,3.7,4.6,2017/18,€12.25m,€7.53m,1.73,3.9,4.6
SC0,18/11/2017,Dundee,Kilmarnock,0,0,D,0,0,D,W Collum,4,7,1,2,11,11,6,6,0,3,1,0,2.39,3.2,2.89,2.45,3.25,2.85,2.5,3.2,2.8,2017/18,€9.50m,€9.43m,2.5,3.3,2.88
SC0,18/11/2017,Hibernian,St Johnstone,1,2,A,0,0,D,C Thomson,11,8,3,5,6,11,10,6,1,4,0,0,1.57,3.79,6.0,1.6,3.75,5.5,1.6,3.8,5.8,2017/18,€12.48m,€8.68m,1.57,4.1,6.0
SC0,18/11/2017,Rangers,Hamilton,0,2,A,0,0,D,G Aitken,17,4,4,2,7,7,13,0,1,0,0,1,1.3,5.25,9.0,1.3,5.25,9.0,1.36,5.0,8.5,2017/18,€26.10m,€8.08m,1.33,5.25,8.5
SC0,18/11/2017,Ross County,Celtic,0,1,A,0,0,D,N Walsh,5,10,1,3,10,9,1,11,3,2,0,0,13.0,6.5,1.19,13.0,6.5,1.19,13.0,6.5,1.22,2017/18,€7.88m,€77.48m,13.0,7.0,1.2
SC0,19/11/2017,Hearts,Partick,1,1,D,0,0,D,A Dallas,9,4,2,1,12,13,3,3,1,2,0,0,1.8,3.5,4.5,1.78,3.5,4.4,1.87,3.3,4.4,2017/18,€14.40m,€7.65m,1.83,3.4,4.2
SC0,24/11/2017,Dundee,Rangers,2,1,H,0,0,D,K Clancy,6,15,5,8,7,16,2,5,2,2,0,0,7.0,4.33,1.44,6.0,4.25,1.5,6.5,4.4,1.44,2017/18,€9.50m,€26.10m,6.5,4.6,1.45
SC0,25/11/2017,Hamilton,Hibernian,1,1,D,0,1,A,D Robertson,1,9,1,5,12,6,0,11,5,1,0,0,5.25,3.75,1.64,4.25,3.9,1.72,4.8,3.75,1.7,2017/18,€8.08m,€12.48m,5.0,3.9,1.67
SC0,25/11/2017,Hearts,Ross County,0,0,D,0,0,D,J Beaton,23,5,10,1,16,13,8,2,2,2,0,0,1.9,3.5,4.0,1.85,3.4,4.25,1.91,3.4,4.0,2017/18,€14.40m,€7.88m,1.91,3.6,4.0
SC0,26/11/2017,Kilmarnock,Aberdeen,1,3,A,0,2,A,S McLean,13,8,2,4,13,13,1,3,2,2,1,0,4.33,3.39,1.85,4.5,3.3,1.83,4.0,3.4,1.91,2017/18,€9.43m,€12.25m,3.8,3.5,1.9
SC0,29/11/2017,Motherwell,Celtic,1,1,D,0,0,D,W Collum,5,21,1,7,18,8,4,7,4,1,0,0,11.0,5.75,1.25,9.75,5.75,1.26,11.0,5.75,1.25,2017/18,€7.53m,€77.48m,11.0,6.0,1.25
SC0,29/11/2017,Rangers,Aberdeen,3,0,H,2,0,H,A Dallas,9,10,6,2,24,16,6,2,3,3,0,1,1.95,3.6,3.6,1.95,3.5,3.7,2.0,3.4,3.5,2017/18,€26.10m,€12.25m,2.0,3.6,3.6
SC0,02/12/2017,Celtic,Motherwell,5,1,H,2,0,H,K Clancy,19,6,8,2,7,17,9,0,1,3,0,0,1.14,8.5,13.0,1.16,7.25,14.0,1.17,7.0,19.0,2017/18,€77.48m,€7.53m,1.15,8.0,17.0
SC0,02/12/2017,Hearts,Hamilton,1,1,D,0,0,D,B Madden,7,15,1,7,21,14,5,7,4,4,1,0,1.7,3.5,5.25,1.7,3.7,4.75,1.7,3.6,5.0,2017/18,€14.40m,€8.08m,1.7,3.9,4.8
SC0,02/12/2017,Partick,Hibernian,0,1,A,0,0,D,C Thomson,7,8,4,4,14,6,3,9,1,0,0,0,5.0,3.75,1.66,4.75,3.6,1.72,4.8,3.6,1.73,2017/18,€7.65m,€12.48m,4.75,3.75,1.75
SC0,02/12/2017,Ross County,Dundee,0,2,A,0,1,A,S McLean,6,12,1,5,13,17,5,7,1,2,0,0,2.25,3.39,3.1,2.2,3.3,3.2,2.2,3.4,3.1,2017/18,€7.88m,€9.50m,2.3,3.5,3.0
SC0,02/12/2017,St Johnstone,Kilmarnock,1,2,A,1,1,D,J Beaton,6,11,2,6,7,14,7,7,1,3,0,0,2.1,3.29,3.5,2.2,3.1,3.4,2.2,3.1,3.4,2017/18,€8.68m,€9.43m,2.25,3.3,3.3
SC0,03/12/2017,Aberdeen,Rangers,1,2,A,0,1,A,W Collum,9,5,3,4,15,18,5,5,1,3,0,1,2.75,3.29,2.5,2.75,3.4,2.4,2.75,3.3,2.45,2017/18,€12.25m,€26.10m,2.63,3.5,2.45
SC0,08/12/2017,Dundee,Aberdeen,0,1,A,0,0,D,N Walsh,13,13,5,4,9,11,7,10,3,2,0,0,4.33,3.75,1.75,4.33,3.6,1.78,4.25,3.5,1.83,2017/18,€9.50m,€12.25m,4.2,3.75,1.83
SC0,09/12/2017,Hamilton,St Johnstone,0,1,A,0,0,D,C Thomson,10,7,2,3,7,5,7,4,0,2,0,0,2.54,3.25,2.75,2.65,3.25,2.6,2.65,3.2,2.65,2017/18,€8.08m,€8.68m,2.63,3.3,2.75
SC0,09/12/2017,Hearts,Motherwell,1,0,H,1,0,H,A Dallas,8,6,1,4,10,13,6,3,0,2,0,0,2.1,3.25,3.6,2.15,3.3,3.3,2.15,3.3,3.4,2017/18,€14.40m,€7.53m,2.15,3.4,3.4
SC0,09/12/2017,Kilmarnock,Partick,5,1,H,2,1,H,B Madden,17,9,9,2,5,11,6,7,0,3,0,0,2.2,3.25,3.29,2.25,3.2,3.2,2.25,3.1,3.4,2017/18,€9.43m,€7.65m,2.2,3.3,3.4
SC0,09/12/2017,Rangers,Ross County,2,1,H,0,1,A,E Anderson,19,7,6,4,9,7,9,0,0,1,0,0,1.36,4.5,9.0,1.35,4.75,8.25,1.36,4.8,8.0,2017/18,€26.10m,€7.88m,1.36,5.0,8.5
SC0,10/12/2017,Hibernian,Celtic,2,2,D,0,0,D,J Beaton,8,19,3,6,10,15,3,2,1,2,0,0,6.5,4.5,1.44,6.75,4.25,1.45,6.5,4.33,1.44,2017/18,€12.48m,€77.48m,6.25,4.5,1.44
SC0,12/12/2017,Hearts,Dundee,2,0,H,1,0,H,C Thomson,10,7,7,2,20,10,4,6,1,0,0,0,1.85,3.5,4.2,1.8,3.5,4.33,1.83,3.5,4.25,2017/18,€14.40m,€9.50m,1.87,3.5,4.4
SC0,12/12/2017,Ross County,Kilmarnock,2,2,D,2,0,H,A Dallas,9,13,6,7,8,16,2,4,0,3,0,0,2.45,3.29,2.79,2.5,3.2,2.8,2.5,3.1,2.87,2017/18,€7.88m,€9.43m,2.5,3.3,2.88
SC0,13/12/2017,Celtic,Hamilton,3,1,H,3,1,H,S Finnie,16,6,8,2,8,9,11,3,1,1,0,0,1.11,9.0,17.0,1.11,8.75,19.5,1.13,8.0,23.0,2017/18,€77.48m,€8.08m,1.13,9.0,20.0
SC0,13/12/2017,Hibernian,Rangers,1,2,A,1,2,A,K Clancy,10,12,3,3,15,18,4,4,1,4,0,0,2.89,3.29,2.37,3.0,3.3,2.3,2.87,3.3,2.4,2017/18,€12.48m,€26.10m,2.8,3.4,2.5
SC0,13/12/2017,Partick,Motherwell,3,2,H,3,0,H,D Robertson,6,12,3,6,11,9,5,10,1,1,0,0,2.89,3.29,2.37,2.9,3.2,2.45,3.0,3.1,2.45,2017/18,€7.65m,€7.53m,3.0,3.3,2.45
SC0,13/12/2017,St Johnstone,Aberdeen,0,3,A,0,2,A,A Muir,8,15,2,4,9,9,4,6,1,1,0,0,3.5,3.29,2.1,3.6,3.25,2.05,3.8,3.2,2.05,2017/18,€8.68m,€12.25m,3.7,3.3,2.1
SC0,16/12/2017,Aberdeen,Hibernian,4,1,H,3,0,H,B Madden,18,5,6,3,14,8,3,7,0,1,0,0,2.39,3.39,2.79,2.35,3.4,2.85,2.5,3.25,2.8,2017/18,€12.25m,€12.48m,2.5,3.4,2.8
SC0,16/12/2017,Dundee,Partick,3,0,H,2,0,H,G Aitken,12,10,6,2,7,13,4,4,1,2,0,0,2.2,3.25,3.29,2.2,3.25,3.25,2.3,3.2,3.2,2017/18,€9.50m,€7.65m,2.3,3.4,3.13
SC0,16/12/2017,Hamilton,Ross County,3,2,H,1,0,H,G Duncan,10,13,7,6,19,10,1,6,5,1,1,1,2.39,3.5,2.75,2.4,3.4,2.8,2.5,3.2,2.8,2017/18,€8.08m,€7.88m,2.5,3.4,2.8
SC0,16/12/2017,Kilmarnock,Motherwell,1,0,H,1,0,H,E Anderson,16,12,5,5,11,19,4,7,1,1,0,0,2.39,3.25,2.89,2.4,3.25,2.9,2.4,3.2,2.9,2017/18,€9.43m,€7.53m,2.5,3.4,2.88
SC0,16/12/2017,Rangers,St Johnstone,1,3,A,1,1,D,D Robertson,9,8,3,3,13,8,6,0,2,4,0,0,1.36,4.5,9.0,1.36,4.5,9.0,1.4,4.6,8.0,2017/18,€26.10m,€8.68m,1.4,4.8,8.0
SC0,17/12/2017,Hearts,Celtic,4,0,H,2,0,H,W Collum,12,15,5,4,11,4,4,5,2,1,0,0,8.5,4.75,1.36,8.25,4.6,1.36,9.0,4.8,1.36,2017/18,€14.40m,€77.48m,8.0,5.0,1.33
SC0,20/12/2017,Celtic,Partick,2,0,H,1,0,H,A Muir,16,2,7,0,6,16,5,5,0,6,0,0,1.1,9.0,25.0,1.08,10.5,20.0,1.11,9.5,34.0,2017/18,€77.48m,€7.65m,1.09,10.5,26.0
SC0,23/12/2017,Celtic,Aberdeen,3,0,H,1,0,H,C Thomson,18,7,8,1,10,12,7,7,1,4,0,0,1.36,4.75,8.5,1.28,5.5,9.25,1.36,4.8,9.0,2017/18,€77.48m,€12.25m,1.33,5.0,9.5
SC0,23/12/2017,Hibernian,Ross County,2,1,H,1,1,D,N Walsh,16,5,10,3,14,17,10,1,3,3,0,0,1.53,4.2,5.75,1.48,4.33,6.25,1.5,4.2,6.5,2017/18,€12.48m,€7.88m,1.5,4.33,6.5
SC0,23/12/2017,Kilmarnock,Rangers,2,1,H,0,1,A,W Collum,12,6,7,3,15,16,5,0,2,2,0,0,4.75,4.0,1.64,4.6,3.9,1.67,4.6,3.75,1.7,2017/18,€9.43m,€26.10m,4.6,4.0,1.73
SC0,23/12/2017,Motherwell,Dundee,1,1,D,0,0,D,D Robertson,13,13,7,3,13,14,4,6,2,2,0,0,2.2,3.39,3.2,2.2,3.3,3.2,2.3,3.3,3.0,2017/18,€7.53m,€9.50m,2.38,3.4,3.0
SC0,23/12/2017,Partick,Hamilton,1,0,H,1,0,H,B Madden,6,8,1,1,11,13,4,7,2,1,0,0,2.37,3.5,2.79,2.45,3.3,2.8,2.55,3.1,2.87,2017/18,€7.65m,€8.08m,2.45,3.4,2.88
SC0,23/12/2017,St Johnstone,Hearts,0,0,D,0,0,D,K Clancy,11,6,4,1,6,12,9,7,1,1,0,1,3.0,3.2,2.39,2.9,3.25,2.4,3.0,3.1,2.45,2017/18,€8.68m,€14.40m,3.0,3.2,2.45
SC0,26/12/2017,Dundee,Celtic,0,2,A,0,2,A,K Clancy,5,19,2,6,8,13,1,5,1,2,0,0,13.0,6.5,1.19,11.5,7.0,1.19,15.0,6.0,1.22,2017/18,€9.50m,€77.48m,13.0,6.5,1.22
SC0,27/12/2017,Aberdeen,Partick,1,0,H,0,0,D,E Anderson,7,6,4,1,10,9,5,2,0,1,0,0,1.33,4.75,9.5,1.3,5.0,9.5,1.36,4.5,9.5,2017/18,€12.25m,€7.65m,1.33,4.6,8.5
SC0,27/12/2017,Hearts,Hibernian,0,0,D,0,0,D,S McLean,7,11,0,1,15,12,0,4,3,1,0,0,2.79,3.39,2.39,2.7,3.4,2.45,2.8,3.25,2.45,2017/18,€14.40m,€12.48m,2.75,3.4,2.4
SC0,27/12/2017,Rangers,Motherwell,2,0,H,0,0,D,J Beaton,13,6,7,1,17,20,5,3,1,4,0,0,1.39,4.59,7.5,1.4,4.5,7.5,1.4,4.5,7.5,2017/18,€26.10m,€7.53m,1.4,4.6,7.0
SC0,27/12/2017,Ross County,St Johnstone,1,1,D,0,1,A,G Aitken,16,5,8,2,11,11,3,5,2,2,0,0,2.62,3.39,2.54,2.65,3.3,2.55,2.75,3.2,2.6,2017/18,€7.88m,€8.68m,2.63,3.3,2.55
SC0,30/12/2017,Aberdeen,Hearts,0,0,D,0,0,D,J Beaton,18,11,4,4,9,16,10,1,0,5,0,1,1.75,3.75,4.5,1.8,3.6,4.25,1.8,3.4,4.6,2017/18,€12.25m,€14.40m,1.8,3.7,4.5
SC0,30/12/2017,Celtic,Rangers,0,0,D,0,0,D,B Madden,11,8,4,3,10,13,7,4,3,3,0,0,1.33,5.0,9.0,1.35,4.75,8.5,1.36,4.8,9.0,2017/18,€77.48m,€26.10m,1.36,5.2,8.5
SC0,30/12/2017,Hibernian,Kilmarnock,1,1,D,1,1,D,A Muir,13,3,2,2,13,15,16,3,2,4,0,0,1.75,3.29,5.25,1.75,3.5,4.6,1.75,3.5,4.8,2017/18,€12.48m,€9.43m,1.75,3.7,4.8
SC0,30/12/2017,Motherwell,Hamilton,1,3,A,1,1,D,A Dallas,8,6,2,3,15,19,8,4,3,2,0,0,2.04,3.5,3.39,2.1,3.3,3.4,2.1,3.3,3.5,2017/18,€7.53m,€8.08m,2.1,3.5,3.5
SC0,30/12/2017,Partick,Ross County,2,0,H,1,0,H,S Finnie,7,6,5,2,11,8,3,4,1,0,0,0,2.37,3.25,3.0,2.3,3.2,3.1,2.35,3.1,3.1,2017/18,€7.65m,€7.88m,2.38,3.3,3.1
SC0,30/12/2017,St Johnstone,Dundee,0,2,A,0,1,A,W Collum,8,11,3,5,12,8,4,7,4,2,1,0,2.14,3.2,3.6,2.15,3.25,3.4,2.2,3.2,3.3,2017/18,€8.68m,€9.50m,2.2,3.4,3.3
SC0,23/01/2018,Partick,Celtic,1,2,A,1,0,H,J Beaton,7,28,3,10,9,5,3,7,1,1,0,0,13.0,7.0,1.18,16.5,7.0,1.16,17.0,6.5,1.2,2017/18,€7.65m,€77.48m,17.0,7.0,1.18
SC0,24/01/2018,Dundee,Hibernian,0,1,A,0,0,D,D Robertson,15,14,3,7,10,9,7,11,3,2,0,0,4.33,3.6,1.8,4.2,3.5,1.83,4.2,3.4,1.91,2017/18,€9.50m,€12.48m,4.2,3.5,1.9
SC0,24/01/2018,Hamilton,Hearts,0,3,A,0,0,D,N Walsh,8,7,2,3,10,13,8,4,1,3,0,0,3.39,3.39,2.1,3.4,3.2,2.15,3.4,3.1,2.2,2017/18,€8.08m,€14.40m,3.4,3.3,2.2
SC0,24/01/2018,Motherwell,Ross County,2,0,H,1,0,H,K Clancy,5,12,1,2,18,13,6,4,2,1,0,0,2.04,3.39,3.5,2.1,3.25,3.5,2.05,3.25,3.7,2017/18,€7.53m,€7.88m,2.05,3.4,3.75
SC0,24/01/2018,Rangers,Aberdeen,2,0,H,1,0,H,B Madden,15,11,4,5,5,17,7,7,0,3,0,0,1.85,3.39,4.33,1.85,3.5,4.1,1.91,3.4,4.0,2017/18,€26.10m,€12.25m,1.91,3.6,4.0
SC0,27/01/2018,Aberdeen,Kilmarnock,3,1,H,0,1,A,C Thomson,12,9,8,5,11,13,8,7,1,2,0,0,1.61,4.0,5.0,1.65,3.75,5.0,1.7,3.6,5.0,2017/18,€12.25m,€9.43m,1.7,3.8,5.0
SC0,27/01/2018,Celtic,Hibernian,1,0,H,1,0,H,B Madden,13,7,6,3,8,10,1,4,1,1,0,0,1.28,5.75,9.0,1.26,5.5,10.5,1.3,5.2,10.0,2017/18,€77.48m,€12.48m,1.3,5.5,10.0
SC0,27/01/2018,Hamilton,Dundee,1,2,A,1,0,H,K Clancy,2,10,0,5,23,19,3,5,4,2,1,0,2.39,3.39,2.79,2.45,3.2,2.85,2.5,3.2,2.8,2017/18,€8.08m,€9.50m,2.5,3.4,2.88
SC0,27/01/2018,Hearts,Motherwell,1,1,D,0,0,D,W Collum,11,9,5,2,12,20,2,3,0,2,0,0,2.0,3.29,3.79,1.87,3.4,4.1,2.05,3.2,3.75,2017/18,€14.40m,€7.53m,2.05,3.4,3.75
SC0,27/01/2018,St Johnstone,Partick,1,3,A,0,1,A,G Duncan,9,10,4,6,5,12,5,2,1,1,0,0,2.2,3.29,3.29,2.15,3.2,3.4,2.25,3.1,3.4,2017/18,€8.68m,€7.65m,2.25,3.25,3.4
SC0,28/01/2018,Ross County,Rangers,1,2,A,0,1,A,S McLean,5,16,2,9,19,8,2,5,2,0,0,0,6.0,4.33,1.5,6.25,4.25,1.48,6.0,4.2,1.53,2017/18,€7.88m,€26.10m,5.75,4.3,1.5
SC0,30/01/2018,Celtic,Hearts,3,1,H,3,0,H,C Thomson,17,3,7,1,9,21,6,3,2,3,0,0,1.22,6.0,13.0,1.25,5.5,11.0,1.28,5.25,12.0,2017/18,€77.48m,€14.40m,1.25,5.75,13.0
SC0,31/01/2018,Hibernian,Motherwell,2,1,H,1,0,H,A Muir,10,11,4,5,10,18,4,3,0,3,0,0,1.61,3.75,5.5,1.72,3.5,5.0,1.7,3.6,5.0,2017/18,€12.48m,€7.53m,1.73,3.75,5.0
SC0,31/01/2018,Ross County,Aberdeen,2,4,A,0,3,A,A Dallas,5,11,3,7,11,12,3,5,1,4,0,0,5.25,3.5,1.7,5.25,3.6,1.67,4.8,3.7,1.7,2017/18,€7.88m,€12.25m,4.8,3.8,1.73
SC0,03/02/2018,Aberdeen,Hamilton,3,0,H,1,0,H,E Anderson,15,1,9,1,10,11,8,3,0,1,0,0,1.33,4.75,9.5,1.35,4.6,8.75,1.36,4.6,9.0,2017/18,€12.25m,€8.08m,1.36,4.8,9.0
SC0,03/02/2018,Dundee,Ross County,1,4,A,0,0,D,J Beaton,6,12,1,6,5,10,2,9,0,1,0,0,2.14,3.39,3.29,2.15,3.4,3.2,2.15,3.3,3.3,2017/18,€9.50m,€7.88m,2.15,3.5,3.3
SC0,03/02/2018,Hearts,St Johnstone,1,0,H,0,0,D,A Dallas,8,12,4,8,13,10,1,8,4,1,0,1,1.72,3.75,4.5,1.72,3.6,4.75,1.8,3.3,4.75,2017/18,€14.40m,€8.68m,1.8,3.5,4.75
SC0,03/02/2018,Kilmarnock,Celtic,1,0,H,0,0,D,K Clancy,12,8,6,1,17,6,2,2,4,3,0,0,11.0,5.75,1.25,12.5,5.75,1.22,12.0,5.5,1.28,2017/18,€9.43m,€77.48m,11.0,6.0,1.25
SC0,03/02/2018,Motherwell,Partick,1,1,D,0,0,D,N Walsh,9,6,4,2,14,12,6,2,2,4,0,0,2.04,3.29,3.6,2.0,3.3,3.75,2.1,3.2,3.6,2017/18,€7.53m,€7.65m,2.1,3.4,3.6
SC0,03/02/2018,Rangers,Hibernian,1,2,A,0,1,A,W Collum,17,6,6,3,12,14,8,2,3,6,0,0,1.9,3.5,4.0,1.95,3.3,3.9,1.95,3.5,3.8,2017/18,€26.10m,€12.48m,1.95,3.6,3.9
SC0,06/02/2018,Motherwell,St Johnstone,2,0,H,0,0,D,D Robertson,20,11,5,4,12,9,6,3,0,1,0,0,2.04,3.39,3.5,2.1,3.25,3.5,2.15,3.1,3.5,2017/18,€7.53m,€8.68m,2.15,3.3,3.5
SC0,06/02/2018,Partick,Rangers,0,2,A,0,1,A,A Muir,6,7,2,3,8,8,4,6,2,0,0,0,6.0,3.79,1.57,5.25,3.9,1.6,5.75,3.8,1.6,2017/18,€7.65m,€26.10m,5.75,4.0,1.6
SC0,13/02/2018,Kilmarnock,Dundee,3,2,H,1,1,D,N Walsh,8,11,5,6,17,8,2,5,3,3,1,0,2.0,3.39,3.75,1.95,3.25,4.0,1.95,3.3,4.0,2017/18,€9.43m,€9.50m,1.95,3.5,4.0
SC0,17/02/2018,Hibernian,Aberdeen,2,0,H,0,0,D,A Dallas,17,6,11,3,8,20,6,2,2,5,0,0,2.5,3.39,2.7,2.5,3.25,2.75,2.65,3.1,2.75,2017/18,€12.48m,€12.25m,2.63,3.25,2.75
SC0,17/02/2018,Motherwell,Kilmarnock,0,1,A,0,1,A,S McLean,13,11,4,4,14,13,13,2,1,2,0,0,2.37,3.29,2.89,2.35,3.2,3.0,2.4,3.1,3.0,2017/18,€7.53m,€9.43m,2.4,3.3,3.0
SC0,17/02/2018,Partick,Dundee,1,2,A,1,0,H,W Collum,14,13,6,8,9,7,6,6,0,0,0,0,2.35,3.25,3.0,2.3,3.2,3.1,2.37,3.1,3.1,2017/18,€7.65m,€9.50m,2.4,3.3,3.0
SC0,17/02/2018,Ross County,Hearts,1,1,D,0,0,D,C Thomson,7,8,3,3,7,11,5,10,2,1,0,0,3.1,3.25,2.29,3.1,3.3,2.25,3.0,3.2,2.37,2017/18,€7.88m,€14.40m,3.0,3.3,2.4
SC0,18/02/2018,Celtic,St Johnstone,0,0,D,0,0,D,J Beaton,13,5,6,0,11,23,5,7,0,4,0,0,1.16,7.5,13.0,1.16,7.5,14.0,1.18,7.0,21.0,2017/18,€77.48m,€8.68m,1.15,7.0,15.0
SC0,18/02/2018,Hamilton,Rangers,3,5,A,2,4,A,B Madden,5,19,4,8,7,10,3,5,2,1,0,0,7.5,4.5,1.39,7.25,4.6,1.4,8.0,4.4,1.4,2017/18,€8.08m,€26.10m,7.0,4.6,1.4
SC0,24/02/2018,Dundee,Motherwell,0,1,A,0,1,A,A Muir,10,1,3,1,11,22,12,0,1,3,0,0,2.39,3.25,2.89,2.45,3.3,2.75,2.5,3.25,2.75,2017/18,€9.50m,€7.53m,2.5,3.4,2.8
SC0,24/02/2018,Hamilton,Partick,2,1,H,1,1,D,N Walsh,7,12,2,3,8,11,4,5,4,2,0,0,2.89,3.2,2.45,2.65,3.2,2.6,2.87,3.1,2.55,2017/18,€8.08m,€7.65m,2.88,3.25,2.55
SC0,24/02/2018,Kilmarnock,Hibernian,2,2,D,0,2,A,K Clancy,20,7,8,3,6,18,16,4,0,4,0,0,3.75,3.29,2.0,3.4,3.3,2.1,3.6,3.25,2.1,2017/18,€9.43m,€12.48m,3.7,3.4,2.05
SC0,24/02/2018,Rangers,Hearts,2,0,H,1,0,H,J Beaton,24,5,8,2,12,18,6,2,1,3,0,0,1.5,4.09,6.5,1.53,4.1,5.75,1.57,3.9,6.0,2017/18,€26.10m,€14.40m,1.57,4.1,6.0
SC0,24/02/2018,St Johnstone,Ross County,2,0,H,2,0,H,W Collum,7,3,2,2,11,9,6,1,3,0,0,1,2.2,3.39,3.25,2.15,3.3,3.3,2.25,3.2,3.2,2017/18,€8.68m,€7.88m,2.25,3.4,3.2
SC0,25/02/2018,Aberdeen,Celtic,0,2,A,0,1,A,B Madden,8,11,4,5,10,19,3,5,3,1,1,1,5.0,3.75,1.66,4.75,3.75,1.7,5.0,3.7,1.7,2017/18,€12.25m,€77.48m,4.75,3.75,1.67
SC0,27/02/2018,Hearts,Kilmarnock,1,1,D,1,1,D,D Robertson,10,10,4,6,10,12,4,4,2,3,0,0,2.04,3.2,3.79,2.1,3.2,3.5,2.15,3.1,3.6,2017/18,€14.40m,€9.43m,2.15,3.25,3.6
SC0,27/02/2018,St Johnstone,Rangers,1,4,A,0,3,A,S McLean,7,8,2,5,9,12,7,4,3,1,0,0,7.0,4.0,1.5,6.5,4.0,1.5,6.5,4.0,1.53,2017/18,€8.68m,€26.10m,6.5,4.2,1.53
SC0,07/03/2018,Kilmarnock,St Johnstone,2,0,H,1,0,H,W Collum,20,6,5,1,10,9,5,3,1,2,0,1,2.04,3.39,3.5,2.05,3.4,3.5,2.0,3.2,4.0,2017/18,€9.43m,€8.68m,2.0,3.25,3.75
SC0,09/03/2018,Hibernian,Hearts,2,0,H,0,0,D,B Madden,14,7,4,0,11,19,5,4,1,1,0,0,1.72,3.5,5.0,1.83,3.3,4.5,1.8,3.3,4.75,2017/18,€12.48m,€14.40m,1.8,3.5,4.8
SC0,10/03/2018,Dundee,St Johnstone,0,4,A,0,2,A,C Thomson,6,8,3,5,12,13,6,5,2,3,0,0,2.39,3.1,3.1,2.45,3.0,3.0,2.4,3.1,3.1,2017/18,€9.50m,€8.68m,2.45,3.2,3.0
SC0,10/03/2018,Hamilton,Motherwell,2,0,H,1,0,H,S McLean,5,8,2,1,13,15,6,9,1,2,0,0,4.33,3.5,1.85,3.9,3.3,1.95,4.2,3.3,1.91,2017/18,€8.08m,€7.53m,4.2,3.5,1.9
SC0,10/03/2018,Kilmarnock,Ross County,3,2,H,1,0,H,J Beaton,12,2,7,2,16,16,2,5,1,2,0,0,2.0,3.29,3.79,2.0,3.3,3.7,2.05,3.25,3.7,2017/18,€9.43m,€7.88m,2.05,3.4,3.7
SC0,10/03/2018,Partick,Aberdeen,0,0,D,0,0,D,G Aitken,5,10,3,1,11,8,3,2,1,0,0,0,4.33,3.6,1.8,4.75,3.6,1.72,4.6,3.4,1.8,2017/18,€7.65m,€12.25m,4.6,3.6,1.8
SC0,11/03/2018,Rangers,Celtic,2,3,A,2,2,D,W Collum,13,11,5,6,14,16,3,8,3,3,0,1,3.79,3.6,1.9,3.8,3.5,1.91,3.7,3.5,2.0,2017/18,€26.10m,€77.48m,3.6,3.6,1.93
SC0,16/03/2018,St Johnstone,Hibernian,1,1,D,0,1,A,J Beaton,14,7,5,1,17,10,5,4,5,1,0,1,4.0,3.2,2.0,4.2,3.25,1.9,4.0,3.25,1.95,2017/18,€8.68m,€12.48m,4.1,3.4,1.95
SC0,17/03/2018,Aberdeen,Dundee,1,0,H,1,0,H,W Collum,14,4,6,2,8,6,11,1,1,0,0,0,1.5,4.33,6.0,1.5,4.2,6.0,1.53,4.0,6.0,2017/18,€12.25m,€9.50m,1.53,4.33,6.0
SC0,17/03/2018,Hearts,Partick,3,0,H,3,0,H,E Anderson,16,4,5,1,11,13,3,3,1,2,0,0,2.14,3.29,3.39,2.1,3.2,3.5,2.15,3.1,3.6,2017/18,€14.40m,€7.65m,2.15,3.3,3.6
SC0,17/03/2018,Rangers,Kilmarnock,0,1,A,0,0,D,D Robertson,10,9,3,5,16,10,8,3,1,2,0,0,1.39,4.75,7.5,1.4,4.4,7.5,1.4,4.4,7.5,2017/18,€26.10m,€9.43m,1.4,4.6,8.0
SC0,17/03/2018,Ross County,Hamilton,2,2,D,1,0,H,K Clancy,21,6,8,3,15,10,7,2,1,5,0,0,1.9,3.5,3.89,1.95,3.4,3.8,1.95,3.4,3.9,2017/18,€7.88m,€8.08m,1.95,3.5,4.0
SC0,18/03/2018,Motherwell,Celtic,0,0,D,0,0,D,C Thomson,12,22,5,7,8,12,4,11,1,1,1,0,9.5,5.25,1.28,10.0,5.25,1.28,11.0,5.2,1.3,2017/18,€7.53m,€77.48m,9.0,5.2,1.3
SC0,28/03/2018,St Johnstone,Hamilton,1,0,H,1,0,H,E Anderson,13,4,3,3,10,17,12,3,1,2,0,0,1.8,3.5,4.5,1.8,3.4,4.5,1.8,3.3,4.6,2017/18,€8.68m,€8.08m,1.8,3.4,4.4
SC0,31/03/2018,Aberdeen,St Johnstone,4,1,H,2,0,H,B Madden,15,7,9,1,8,14,5,4,0,2,0,0,1.57,3.89,5.75,1.62,3.75,5.5,1.61,3.7,6.0,2017/18,€12.25m,€8.68m,1.6,3.75,5.5
SC0,31/03/2018,Celtic,Ross County,3,0,H,1,0,H,S McLean,25,2,8,2,10,8,7,3,0,0,0,1,1.16,7.0,15.0,1.16,7.25,15.0,1.2,6.5,17.0,2017/18,€77.48m,€7.88m,1.17,7.0,13.0
SC0,31/03/2018,Hibernian,Partick,2,0,H,0,0,D,A Dallas,8,4,7,2,10,20,5,8,1,2,0,1,1.53,4.0,6.0,1.53,3.8,6.5,1.6,3.7,6.0,2017/18,€12.48m,€7.65m,1.57,3.8,5.75
SC0,31/03/2018,Kilmarnock,Hamilton,2,0,H,2,0,H,A Muir,13,6,6,3,16,19,8,4,1,4,0,0,1.72,3.5,5.0,1.75,3.4,5.0,1.73,3.5,4.75,2017/18,€9.43m,€8.08m,1.7,3.6,4.8
SC0,31/03/2018,Motherwell,Rangers,2,2,D,2,0,H,N Walsh,10,18,2,8,15,9,2,7,0,2,0,0,5.25,3.6,1.66,5.0,3.75,1.65,4.8,3.75,1.7,2017/18,€7.53m,€26.10m,4.6,3.8,1.67
SC0,01/04/2018,Dundee,Hearts,1,1,D,1,1,D,K Clancy,15,7,6,4,12,10,8,4,4,4,0,0,2.62,3.25,2.62,2.5,3.1,2.85,2.65,3.1,2.7,2017/18,€9.50m,€14.40m,2.6,3.25,2.6
SC0,03/04/2018,Hibernian,Hamilton,3,1,H,1,1,D,S McLean,12,2,5,1,10,19,6,0,1,3,0,1,1.44,4.2,7.5,1.4,4.33,8.25,1.4,4.33,8.5,2017/18,€12.48m,€8.08m,1.4,4.6,8.5
SC0,03/04/2018,Motherwell,Aberdeen,0,2,A,0,0,D,D Robertson,7,16,3,5,13,9,3,6,1,0,0,0,3.75,3.2,2.04,3.7,3.2,2.05,3.6,3.1,2.15,2017/18,€7.53m,€12.25m,3.6,3.3,2.15
SC0,03/04/2018,Ross County,Partick,4,0,H,2,0,H,W Collum,13,8,6,4,10,7,5,7,1,1,0,0,2.37,3.25,3.0,2.4,3.2,2.9,2.55,3.1,2.87,2017/18,€7.88m,€7.65m,2.5,3.25,2.9
SC0,04/04/2018,Celtic,Dundee,0,0,D,0,0,D,A Muir,26,1,7,1,7,20,11,2,1,3,0,0,1.16,7.0,15.0,1.16,7.0,15.5,1.18,6.5,17.0,2017/18,€77.48m,€9.50m,1.18,7.0,17.0
SC0,07/04/2018,Hearts,Aberdeen,2,0,H,2,0,H,J Beaton,11,10,6,3,10,12,3,0,1,2,0,0,3.75,3.39,2.0,3.5,3.2,2.1,3.7,3.1,2.1,2017/18,€14.40m,€12.25m,3.9,3.3,2.05
SC0,07/04/2018,Partick,Kilmarnock,0,1,A,0,1,A,G Duncan,5,6,3,3,11,13,4,4,1,1,0,0,3.6,3.2,2.1,3.4,3.1,2.2,3.2,3.1,2.35,2017/18,€7.65m,€9.43m,3.4,3.3,2.2
SC0,07/04/2018,Rangers,Dundee,4,0,H,1,0,H,G Aitken,14,12,6,3,15,13,6,4,3,2,0,0,1.33,5.0,9.0,1.33,5.0,8.5,1.33,5.0,9.5,2017/18,€26.10m,€9.50m,1.33,5.25,9.0
SC0,07/04/2018,Ross County,Hibernian,1,1,D,1,0,H,B Madden,2,14,1,4,12,5,1,13,2,0,0,0,4.33,3.6,1.8,3.8,3.4,1.95,3.75,3.4,2.0,2017/18,€7.88m,€12.48m,4.0,3.5,1.95
SC0,07/04/2018,St Johnstone,Motherwell,0,0,D,0,0,D,W Collum,8,5,3,1,9,18,1,3,2,2,0,0,2.62,3.1,2.75,2.45,3.2,2.85,2.6,3.0,2.87,2017/18,€8.68m,€7.53m,2.63,3.25,2.75
SC0,08/04/2018,Hamilton,Celtic,1,2,A,1,1,D,A Dallas,3,20,1,6,10,9,2,7,2,0,1,0,17.0,6.5,1.16,12.5,6.25,1.2,15.0,6.0,1.22,2017/18,€8.08m,€77.48m,13.0,6.5,1.18
SC0,14/04/2018,Hamilton,Kilmarnock,1,2,A,0,0,D,B Cook,5,12,3,6,16,9,3,3,3,1,0,0,4.0,3.6,1.85,4.4,3.5,1.8,4.6,3.4,1.8,2017/18,€8.08m,€9.43m,4.6,3.6,1.8
SC0,21/04/2018,Dundee,St Johnstone,2,1,H,1,0,H,D Robertson,8,8,4,3,10,15,2,8,2,4,0,0,2.37,3.1,3.2,2.35,3.0,3.2,2.45,3.0,3.1,2017/18,€9.50m,€8.68m,2.45,3.2,3.0
SC0,21/04/2018,Hibernian,Celtic,2,1,H,1,0,H,S McLean,13,13,5,4,12,12,5,3,2,2,0,0,6.5,4.33,1.5,5.75,4.1,1.53,6.5,4.0,1.5,2017/18,€12.48m,€77.48m,6.5,4.33,1.5
SC0,21/04/2018,Kilmarnock,Aberdeen,0,2,A,0,1,A,N Walsh,9,10,1,5,10,7,8,3,1,1,0,0,3.1,3.2,2.37,3.2,3.2,2.25,3.1,3.1,2.4,2017/18,€9.43m,€12.25m,3.1,3.2,2.4
SC0,21/04/2018,Partick,Hamilton,2,1,H,0,1,A,J Beaton,11,8,5,3,8,14,5,1,2,3,0,0,1.95,3.29,4.0,1.95,3.3,3.9,1.95,3.2,4.2,2017/18,€7.65m,€8.08m,1.93,3.4,4.2
SC0,21/04/2018,Ross County,Motherwell,0,0,D,0,0,D,A Muir,8,8,2,2,15,10,4,8,3,1,0,0,2.54,3.29,2.7,2.6,3.2,2.65,2.7,3.1,2.65,2017/18,€7.88m,€7.53m,2.7,3.3,2.7
SC0,22/04/2018,Rangers,Hearts,2,1,H,0,0,D,C Thomson,21,6,9,3,10,11,15,5,1,1,0,0,1.44,4.0,8.0,1.44,4.25,7.25,1.5,4.0,7.5,2017/18,€26.10m,€14.40m,1.45,4.1,7.0
SC0,27/04/2018,Aberdeen,Hearts,2,0,H,2,0,H,A Dallas,14,5,7,1,9,18,3,1,2,2,0,0,1.53,4.0,6.5,1.53,3.9,6.25,1.53,3.6,7.0,2017/18,€12.25m,€14.40m,1.53,3.9,7.0
SC0,28/04/2018,Hamilton,Ross County,2,0,H,0,0,D,B Madden,10,11,5,3,13,7,3,3,2,1,0,0,2.75,3.29,2.5,2.75,3.2,2.55,2.8,3.1,2.6,2017/18,€8.08m,€7.88m,2.8,3.3,2.55
SC0,28/04/2018,Hibernian,Kilmarnock,5,3,H,1,1,D,D Robertson,15,5,9,5,13,12,5,2,2,3,0,0,1.66,3.6,5.25,1.7,3.6,5.0,1.72,3.5,5.0,2017/18,€12.48m,€9.43m,1.73,3.75,4.8
SC0,28/04/2018,Motherwell,Dundee,2,1,H,1,1,D,N Walsh,10,13,5,6,20,6,2,7,0,2,0,0,2.1,3.29,3.5,2.25,3.4,3.0,2.2,3.2,3.4,2017/18,€7.53m,€9.50m,2.2,3.4,3.3
SC0,28/04/2018,St Johnstone,Partick,1,1,D,1,0,H,A Muir,8,10,6,3,20,11,4,2,3,3,0,0,2.25,3.2,3.25,2.3,3.1,3.2,2.37,3.0,3.2,2017/18,€8.68m,€7.65m,2.38,3.25,3.13
SC0,29/04/2018,Celtic,Rangers,5,0,H,3,0,H,C Thomson,24,8,13,2,6,22,8,4,1,4,0,0,1.53,4.33,6.0,1.5,4.25,6.0,1.53,4.0,5.8,2017/18,€77.48m,€26.10m,1.53,4.2,5.4
SC0,04/05/2018,Partick,Ross County,1,1,D,1,1,D,K Clancy,14,11,4,3,15,10,11,5,4,0,0,0,2.29,3.29,3.1,2.3,3.1,3.2,2.35,3.0,3.2,2017/18,€7.65m,€7.88m,2.38,3.25,3.13
SC0,05/05/2018,Aberdeen,Hibernian,0,0,D,0,0,D,J Beaton,7,8,1,3,15,20,9,3,3,2,0,0,2.14,3.39,3.29,2.2,3.3,3.25,2.25,3.1,3.3,2017/18,€12.25m,€12.48m,2.25,3.3,3.3
SC0,05/05/2018,Dundee,Hamilton,1,0,H,1,0,H,S McLean,9,8,3,2,10,21,4,6,2,4,0,0,1.9,3.39,4.0,1.87,3.5,4.0,1.91,3.3,4.2,2017/18,€9.50m,€8.08m,1.93,3.5,4.1
SC0,05/05/2018,Motherwell,St Johnstone,1,5,A,0,3,A,G Duncan,13,14,3,8,17,12,4,1,2,1,0,0,2.14,3.39,3.29,2.1,3.25,3.5,2.25,3.0,3.5,2017/18,€7.53m,€8.68m,2.2,3.25,3.5
SC0,05/05/2018,Rangers,Kilmarnock,1,0,H,0,0,D,A Muir,10,6,1,3,14,12,11,4,2,4,0,0,1.39,4.5,8.0,1.42,4.5,7.0,1.4,4.5,7.5,2017/18,€26.10m,€9.43m,1.4,4.8,8.0
SC0,06/05/2018,Hearts,Celtic,1,3,A,1,1,D,B Madden,6,18,4,8,12,10,5,3,4,1,0,0,10.0,5.25,1.28,9.0,4.6,1.35,13.0,5.0,1.28,2017/18,€14.40m,€77.48m,11.0,5.0,1.29
SC0,08/05/2018,Aberdeen,Rangers,1,1,D,1,0,H,S McLean,10,9,5,3,20,17,8,4,4,6,0,0,2.39,3.29,2.87,2.45,3.25,2.8,2.5,3.25,2.8,2017/18,€12.25m,€26.10m,2.5,3.4,2.8
SC0,08/05/2018,Hamilton,St Johnstone,1,2,A,0,0,D,K Clancy,12,11,5,5,16,8,6,4,2,2,0,0,2.5,3.2,2.79,2.55,3.1,2.85,2.6,3.0,2.8,2017/18,€8.08m,€8.68m,2.63,3.2,2.8
SC0,08/05/2018,Partick,Motherwell,0,1,A,0,0,D,B Madden,14,6,6,2,5,10,5,7,1,2,0,0,2.2,3.2,3.39,2.15,3.3,3.3,2.2,3.1,3.4,2017/18,€7.65m,€7.53m,2.25,3.25,3.4
SC0,08/05/2018,Ross County,Dundee,0,1,A,0,0,D,A Dallas,6,7,2,3,12,9,4,8,5,4,0,0,1.95,3.7,3.5,2.05,3.5,3.4,2.0,3.4,3.7,2017/18,€7.88m,€9.50m,2.0,3.7,3.6
SC0,09/05/2018,Celtic,Kilmarnock,0,0,D,0,0,D,J Beaton,10,0,1,0,11,10,10,2,0,0,0,0,1.16,7.0,15.0,1.22,6.75,9.5,1.2,6.5,15.0,2017/18,€77.48m,€9.43m,1.2,7.0,13.0
SC0,09/05/2018,Hearts,Hibernian,2,1,H,1,0,H,C Thomson,6,13,4,4,15,11,5,3,1,2,0,0,4.33,3.39,1.85,4.0,3.4,1.9,4.0,3.25,1.95,2017/18,€14.40m,€12.48m,4.1,3.4,1.95
SC0,12/05/2018,Dundee,Partick,0,1,A,0,0,D,S McLean,8,10,3,6,7,7,7,10,0,1,0,0,2.7,3.29,2.6,2.65,3.25,2.6,2.65,3.2,2.62,2017/18,€9.50m,€7.65m,2.7,3.4,2.6
SC0,12/05/2018,Motherwell,Hamilton,3,0,H,1,0,H,A Muir,11,4,6,1,16,6,5,2,0,2,0,0,1.9,3.75,3.6,1.87,3.4,4.1,1.83,3.4,4.4,2017/18,€7.53m,€8.08m,1.83,3.7,4.33
SC0,12/05/2018,St Johnstone,Ross County,1,1,D,0,1,A,N Walsh,6,10,2,4,14,12,4,4,2,2,0,0,2.6,3.5,2.54,2.6,3.5,2.5,2.7,3.1,2.65,2017/18,€8.68m,€7.88m,2.7,3.3,2.7
SC0,13/05/2018,Celtic,Aberdeen,0,1,A,0,0,D,C Thomson,19,5,6,1,15,10,8,1,3,2,0,1,1.39,4.75,7.0,1.42,4.33,7.25,1.44,4.33,6.5,2017/18,€77.48m,€12.25m,1.44,4.4,6.5
SC0,13/05/2018,Hibernian,Rangers,5,5,D,3,3,D,A Dallas,14,12,8,9,16,14,10,3,3,3,0,1,2.62,3.5,2.5,2.55,3.5,2.55,2.7,3.3,2.5,2017/18,€12.48m,€26.10m,2.63,3.5,2.45
SC0,13/05/2018,Kilmarnock,Hearts,1,0,H,1,0,H,S Finnie,19,8,10,2,8,10,8,5,1,2,0,0,1.8,3.6,4.5,1.87,3.5,4.0,1.83,3.4,4.5,2017/18,€9.43m,€14.40m,1.8,3.5,4.2
