Div,Date,HomeTeam,AwayTeam,FTR,B365H,B365D,B365A,BWH,BWD,BWA,IWH,IWD,IWA,LBH,LBD,LBA,WHH,WHD,WHA,Season,HomeValue,AwayValue,VCH,VCD,VCA,B365H_Prob,BWH_Prob,WHH_Prob,IWH_Prob,VCH_Prob,LBH_Prob,B365D_Prob,BWD_Prob,WHD_Prob,IWD_Prob,VCD_Prob,LBD_Prob,B365A_Prob,BWA_Prob,WHA_Prob,IWA_Prob,VCA_Prob,LBA_Prob,Consensus,Mean_Prob_H,Std_Dev_Prob_H,Mean_Prob_D,Std_Dev_Prob_D,Mean_Prob_A,Std_Dev_Prob_A,League
SC0,30/07/2005,Dundee United,Aberdeen,D,2.5,3.2,2.5,2.45,3.1,2.65,2.5,3.0,2.5,2.4,3.25,2.5,2.62,3.1,2.37,2005/6,€9.25m,€6.45m,2.6,3.2,2.4,40.0,40.8163,38.1679,40.0,38.4615,41.6667,31.25,32.2581,32.2581,33.3333,31.25,30.7692,40.0,37.7358,42.1941,40.0,41.6667,40.0,No Consensus,39.8521,1.3444,31.8531,0.9404,40.2661,1.568,ScotishPremierLeague
SC0,30/07/2005,Falkirk,Inverness C,A,2.37,3.2,2.62,2.4,3.1,2.7,2.2,3.1,2.8,2.38,3.2,2.6,2.37,3.1,2.62,2005/6,€8.08m,€8.05m,2.4,3.2,2.6,42.1941,41.6667,42.1941,45.4545,41.6667,42.0168,31.25,32.2581,32.2581,32.2581,31.25,31.25,38.1679,37.037,38.1679,35.7143,38.4615,38.4615,H,42.5322,1.4514,31.754,0.5522,37.6684,1.0931,ScotishPremierLeague
SC0,30/07/2005,Hibernian,Dunfermline,D,1.61,3.4,5.0,1.5,3.5,6.25,1.6,3.4,4.6,1.62,3.5,4.5,1.61,3.5,4.5,2005/6,€17.43m,€8.43m,1.6,3.4,5.0,62.1118,66.6667,62.1118,62.5,62.5,61.7284,29.4118,28.5714,28.5714,29.4118,29.4118,28.5714,20.0,16.0,22.2222,21.7391,20.0,22.2222,H,62.9365,1.8501,28.9916,0.4603,20.3639,2.3709,ScotishPremierLeague
SC0,30/07/2005,Kilmarnock,Hearts,A,2.62,3.2,2.37,2.3,3.1,2.8,2.5,3.0,2.5,2.38,3.2,2.6,2.62,3.1,2.37,2005/6,€6.33m,€30.53m,2.5,3.2,2.5,38.1679,43.4783,38.1679,40.0,40.0,42.0168,31.25,32.2581,32.2581,33.3333,31.25,31.25,42.1941,35.7143,42.1941,40.0,40.0,38.4615,A,40.3052,2.1128,31.9332,0.8452,39.7607,2.4503,ScotishPremierLeague
SC0,30/07/2005,Motherwell,Celtic,D,7.5,4.0,1.44,9.0,5.0,1.25,7.5,4.0,1.33,8.0,4.33,1.3,8.0,4.33,1.3,2005/6,€9.18m,€72.83m,8.0,4.5,1.3,13.3333,11.1111,12.5,13.3333,12.5,12.5,25.0,20.0,23.0947,25.0,22.2222,23.0947,69.4444,80.0,76.9231,75.188,76.9231,76.9231,A,12.5463,0.813,23.0686,1.8759,75.9003,3.5251,ScotishPremierLeague
SC0,31/07/2005,Rangers,Livingston,H,1.14,6.5,21.0,1.08,9.0,13.0,1.12,6.5,13.0,1.1,6.5,17.0,1.12,6.0,15.0,2005/6,€77.98m,€10.08m,1.14,6.0,13.0,87.7193,92.5926,89.2857,89.2857,87.7193,90.9091,15.3846,11.1111,16.6667,15.3846,16.6667,15.3846,4.7619,7.6923,6.6667,7.6923,7.6923,5.8824,H,89.5853,1.8942,15.0997,2.0525,6.7313,1.2144,ScotishPremierLeague
SC0,06/08/2005,Aberdeen,Kilmarnock,A,1.66,3.6,4.33,1.65,3.5,4.5,1.65,3.3,4.4,1.67,3.4,4.33,1.66,3.3,4.5,2005/6,€6.45m,€6.33m,1.65,3.4,4.5,60.241,60.6061,60.241,60.6061,60.6061,59.8802,27.7778,28.5714,30.303,30.303,29.4118,29.4118,23.0947,22.2222,22.2222,22.7273,22.2222,23.0947,H,60.3634,0.2967,29.2965,0.9884,22.5972,0.4322,ScotishPremierLeague
SC0,06/08/2005,Celtic,Dundee United,H,1.22,5.5,9.5,1.25,5.0,9.0,1.22,4.8,9.5,1.29,4.5,8.0,1.2,5.5,9.0,2005/6,€72.83m,€9.25m,1.22,5.5,8.5,81.9672,80.0,83.3333,81.9672,81.9672,77.5194,18.1818,20.0,18.1818,20.8333,18.1818,22.2222,10.5263,11.1111,11.1111,10.5263,11.7647,12.5,H,81.1257,2.0625,19.6002,1.7083,11.2566,0.7633,ScotishPremierLeague
SC0,06/08/2005,Inverness C,Rangers,A,8.0,5.5,1.25,10.5,5.5,1.2,9.0,4.5,1.25,10.0,4.5,1.25,10.0,4.5,1.25,2005/6,€8.05m,€77.98m,8.5,5.0,1.25,12.5,9.5238,10.0,11.1111,11.7647,10.0,18.1818,18.1818,22.2222,22.2222,20.0,22.2222,80.0,83.3333,80.0,80.0,80.0,80.0,A,10.8166,1.1683,20.505,1.9948,80.5556,1.3608,ScotishPremierLeague
SC0,06/08/2005,Livingston,Falkirk,A,2.0,3.4,3.25,1.9,3.2,3.65,2.0,3.1,3.2,1.91,3.25,3.4,2.0,3.2,3.2,2005/6,€10.08m,€8.08m,1.9,3.25,3.5,50.0,52.6316,50.0,50.0,52.6316,52.356,29.4118,31.25,31.25,32.2581,30.7692,30.7692,30.7692,27.3973,31.25,31.25,28.5714,29.4118,H,51.2699,1.3947,30.9514,0.9298,29.775,1.5858,ScotishPremierLeague
SC0,06/08/2005,Motherwell,Dunfermline,H,1.8,3.3,4.0,1.7,3.3,4.5,1.8,3.1,3.8,1.8,3.25,3.75,1.8,3.3,3.75,2005/6,€9.18m,€8.43m,1.8,3.25,4.0,55.5556,58.8235,55.5556,55.5556,55.5556,55.5556,30.303,30.303,30.303,32.2581,30.7692,30.7692,25.0,22.2222,26.6667,26.3158,25.0,26.6667,H,56.1002,1.3341,30.7843,0.7573,25.3119,1.6982,ScotishPremierLeague
SC0,07/08/2005,Hearts,Hibernian,H,2.2,3.2,3.25,2.2,3.2,2.9,2.2,3.0,2.9,2.2,3.2,2.8,2.1,3.1,3.1,2005/6,€30.53m,€17.43m,2.1,3.1,3.2,45.4545,45.4545,47.619,45.4545,47.619,45.4545,31.25,31.25,32.2581,33.3333,32.2581,31.25,30.7692,34.4828,32.2581,34.4828,31.25,35.7143,H,46.176,1.1177,31.9332,0.8452,33.1595,2.01,ScotishPremierLeague
SC0,13/08/2005,Celtic,Falkirk,H,1.11,7.0,13.0,1.12,6.5,15.0,1.15,6.0,12.0,1.12,6.5,12.0,1.12,6.5,12.0,2005/6,€72.83m,€8.08m,1.1,7.5,17.0,90.0901,89.2857,89.2857,86.9565,90.9091,89.2857,14.2857,15.3846,15.3846,16.6667,13.3333,15.3846,7.6923,6.6667,8.3333,8.3333,5.8824,8.3333,H,89.3021,1.3195,15.0733,1.1382,7.5402,1.0413,ScotishPremierLeague
SC0,13/08/2005,Dunfermline,Inverness C,A,2.3,3.2,2.7,2.1,3.25,3.05,2.3,3.0,2.7,2.2,3.25,2.75,2.2,3.2,2.8,2005/6,€8.43m,€8.05m,2.25,3.25,2.75,43.4783,47.619,45.4545,43.4783,44.4444,45.4545,31.25,30.7692,31.25,33.3333,30.7692,30.7692,37.037,32.7869,35.7143,37.037,36.3636,36.3636,H,44.9882,1.5628,31.3568,0.9965,35.8837,1.5962,ScotishPremierLeague
SC0,13/08/2005,Hibernian,Livingston,H,1.57,3.4,5.5,1.65,3.5,4.5,1.65,3.3,4.4,1.67,3.4,4.33,1.57,3.5,5.0,2005/6,€17.43m,€10.08m,1.65,3.4,4.5,63.6943,60.6061,63.6943,60.6061,60.6061,59.8802,29.4118,28.5714,28.5714,30.303,29.4118,29.4118,18.1818,22.2222,20.0,22.7273,22.2222,23.0947,H,61.5145,1.7117,29.2802,0.6485,21.408,1.9132,ScotishPremierLeague
SC0,13/08/2005,Kilmarnock,Motherwell,H,2.25,3.25,2.75,2.2,3.2,2.9,2.3,3.0,2.7,2.0,3.2,3.2,2.25,3.2,2.75,2005/6,€6.33m,€9.18m,2.1,3.25,3.0,44.4444,45.4545,44.4444,43.4783,47.619,50.0,30.7692,31.25,31.25,33.3333,30.7692,31.25,36.3636,34.4828,36.3636,37.037,33.3333,31.25,H,45.9068,2.4522,31.437,0.9584,34.805,2.2248,ScotishPremierLeague
SC0,14/08/2005,Aberdeen,Rangers,H,7.5,4.33,1.4,7.25,4.5,1.33,6.0,3.9,1.4,7.0,4.0,1.36,8.0,4.0,1.33,2005/6,€6.45m,€77.98m,7.5,4.0,1.35,13.3333,13.7931,12.5,16.6667,13.3333,14.2857,23.0947,22.2222,25.0,25.641,25.0,25.0,71.4286,75.188,75.188,71.4286,74.0741,73.5294,A,13.9854,1.4404,24.3263,1.3442,73.4728,1.7092,ScotishPremierLeague
SC0,14/08/2005,Dundee United,Hearts,A,3.0,3.4,2.1,2.9,3.2,2.2,2.9,3.0,2.2,2.62,3.4,2.25,2.75,3.2,2.25,2005/6,€9.25m,€30.53m,2.8,3.25,2.2,33.3333,34.4828,36.3636,34.4828,35.7143,38.1679,29.4118,31.25,31.25,33.3333,30.7692,29.4118,47.619,45.4545,44.4444,45.4545,45.4545,44.4444,A,35.4241,1.7111,30.9044,1.4569,45.4786,1.1595,ScotishPremierLeague
SC0,20/08/2005,Falkirk,Hibernian,A,3.1,3.25,2.1,2.9,3.2,2.2,2.9,3.0,2.2,2.75,3.25,2.2,2.9,3.2,2.15,2005/6,€8.08m,€17.43m,2.8,3.25,2.2,32.2581,34.4828,34.4828,34.4828,35.7143,36.3636,30.7692,31.25,31.25,33.3333,30.7692,30.7692,47.619,45.4545,46.5116,45.4545,45.4545,45.4545,A,34.6307,1.4051,31.3568,0.9965,45.9914,0.9025,ScotishPremierLeague
SC0,20/08/2005,Hearts,Aberdeen,H,1.66,3.5,4.5,1.75,3.3,4.2,1.65,3.3,4.4,1.73,3.4,4.0,1.72,3.25,4.2,2005/6,€30.53m,€6.45m,1.6,3.4,5.0,60.241,57.1429,58.1395,60.6061,62.5,57.8035,28.5714,30.303,30.7692,30.303,29.4118,29.4118,22.2222,23.8095,23.8095,22.7273,20.0,25.0,H,59.4055,2.0496,29.795,0.807,22.9281,1.7297,ScotishPremierLeague
SC0,20/08/2005,Inverness C,Kilmarnock,D,2.2,3.2,3.0,2.45,3.2,2.55,2.3,3.0,2.7,2.25,3.4,2.6,2.25,3.2,2.75,2005/6,€8.05m,€6.33m,2.3,3.2,2.7,45.4545,40.8163,44.4444,43.4783,43.4783,44.4444,31.25,31.25,31.25,33.3333,31.25,29.4118,33.3333,39.2157,36.3636,37.037,37.037,38.4615,H,43.686,1.5874,31.2908,1.2417,36.908,2.0419,ScotishPremierLeague
SC0,20/08/2005,Livingston,Dunfermline,D,2.3,3.25,2.75,2.2,3.2,2.9,2.3,3.0,2.7,2.2,3.25,2.75,2.3,3.2,2.62,2005/6,€10.08m,€8.43m,2.25,3.25,2.75,43.4783,45.4545,43.4783,43.4783,44.4444,45.4545,30.7692,31.25,31.25,33.3333,30.7692,30.7692,36.3636,34.4828,38.1679,37.037,36.3636,36.3636,H,44.298,0.9708,31.3568,0.9965,36.4631,1.1989,ScotishPremierLeague
SC0,20/08/2005,Motherwell,Dundee United,A,2.0,3.25,3.4,1.9,3.25,3.6,1.9,3.1,3.5,2.0,3.4,3.0,2.05,3.2,3.1,2005/6,€9.18m,€9.25m,1.9,3.4,3.4,50.0,52.6316,48.7805,52.6316,52.6316,50.0,30.7692,30.7692,31.25,32.2581,29.4118,29.4118,29.4118,27.7778,32.2581,28.5714,29.4118,33.3333,H,51.1126,1.7226,30.645,1.0991,30.1274,2.181,ScotishPremierLeague
SC0,20/08/2005,Rangers,Celtic,H,2.2,3.2,3.25,2.25,3.2,2.8,2.2,3.1,3.0,2.1,3.2,3.0,2.1,3.2,3.0,2005/6,€77.98m,€72.83m,2.0,3.25,3.25,45.4545,44.4444,47.619,45.4545,50.0,47.619,31.25,31.25,31.25,32.2581,30.7692,31.25,30.7692,35.7143,33.3333,33.3333,30.7692,33.3333,H,46.7652,2.0369,31.3379,0.4901,32.8754,1.8741,ScotishPremierLeague
SC0,27/08/2005,Aberdeen,Falkirk,H,1.53,3.5,6.0,1.6,3.6,4.75,1.6,3.4,4.6,1.57,3.5,5.0,1.53,3.5,5.5,2005/6,€6.45m,€8.08m,1.53,3.4,6.0,65.3595,62.5,65.3595,62.5,65.3595,63.6943,28.5714,27.7778,28.5714,29.4118,29.4118,28.5714,16.6667,21.0526,18.1818,21.7391,16.6667,20.0,H,64.1288,1.4169,28.7193,0.6182,19.0511,2.2026,ScotishPremierLeague
SC0,27/08/2005,Hearts,Motherwell,H,1.44,3.75,7.0,1.45,3.7,6.5,1.5,3.7,5.0,1.4,4.0,6.5,1.44,3.75,6.0,2005/6,€30.53m,€9.18m,1.35,4.0,7.5,69.4444,68.9655,69.4444,66.6667,74.0741,71.4286,26.6667,27.027,26.6667,27.027,25.0,25.0,14.2857,15.3846,16.6667,20.0,13.3333,15.3846,H,70.004,2.5075,26.2312,0.9672,15.8425,2.3282,ScotishPremierLeague
SC0,27/08/2005,Kilmarnock,Livingston,H,1.66,3.5,4.5,1.65,3.5,4.5,1.75,3.2,4.0,1.62,3.5,4.5,1.57,3.5,5.0,2005/6,€6.33m,€10.08m,1.6,3.4,5.0,60.241,60.6061,63.6943,57.1429,62.5,61.7284,28.5714,28.5714,28.5714,31.25,29.4118,28.5714,22.2222,22.2222,20.0,25.0,20.0,22.2222,H,60.9855,2.2648,29.1579,1.0786,21.9444,1.8509,ScotishPremierLeague
SC0,27/08/2005,Rangers,Hibernian,A,1.2,5.5,11.0,1.12,6.5,15.0,1.17,5.5,11.0,1.2,5.0,11.0,1.2,5.5,9.0,2005/6,€77.98m,€17.43m,1.18,5.5,11.0,83.3333,89.2857,83.3333,85.4701,84.7458,83.3333,18.1818,15.3846,18.1818,18.1818,18.1818,20.0,9.0909,6.6667,11.1111,9.0909,9.0909,9.0909,H,84.9169,2.3214,18.0186,1.4812,9.0236,1.4093,ScotishPremierLeague
SC0,28/08/2005,Dundee United,Inverness C,D,1.9,3.4,3.5,2.3,3.2,2.75,2.2,3.0,2.9,1.91,3.4,3.25,2.05,3.2,3.1,2005/6,€9.25m,€8.05m,2.1,3.25,3.0,52.6316,43.4783,48.7805,45.4545,47.619,52.356,29.4118,31.25,31.25,33.3333,30.7692,29.4118,28.5714,36.3636,32.2581,34.4828,33.3333,30.7692,H,48.3867,3.6663,30.9044,1.4569,32.6297,2.7546,ScotishPremierLeague
SC0,28/08/2005,Dunfermline,Celtic,A,9.5,4.5,1.33,9.0,5.0,1.25,7.0,4.0,1.35,9.0,4.33,1.29,8.0,4.33,1.3,2005/6,€8.43m,€72.83m,9.0,4.5,1.28,10.5263,11.1111,12.5,14.2857,11.1111,11.1111,22.2222,20.0,23.0947,25.0,22.2222,23.0947,75.188,80.0,76.9231,74.0741,78.125,77.5194,A,11.7742,1.3936,22.6056,1.6306,76.9716,2.1157,ScotishPremierLeague
SC0,10/09/2005,Celtic,Aberdeen,H,1.25,5.0,9.5,1.2,5.5,10.5,1.22,4.8,9.5,1.22,5.0,10.0,1.28,4.5,8.0,2005/6,€72.83m,€6.45m,1.25,5.0,8.5,80.0,83.3333,78.125,81.9672,80.0,81.9672,20.0,18.1818,22.2222,20.8333,20.0,20.0,10.5263,9.5238,12.5,10.5263,11.7647,10.0,H,80.8988,1.8719,20.2062,1.3178,10.8068,1.117,ScotishPremierLeague
SC0,10/09/2005,Falkirk,Rangers,D,9.5,5.0,1.25,12.0,5.5,1.18,9.5,4.8,1.22,10.0,5.0,1.22,11.0,5.0,1.2,2005/6,€8.08m,€77.98m,10.0,5.5,1.2,10.5263,8.3333,9.0909,10.5263,10.0,10.0,20.0,18.1818,20.0,20.8333,18.1818,20.0,80.0,84.7458,83.3333,81.9672,83.3333,81.9672,A,9.7461,0.8685,19.5328,1.0951,82.5578,1.6267,ScotishPremierLeague
SC0,10/09/2005,Hibernian,Dundee United,H,1.61,3.5,5.0,1.7,3.3,4.5,1.7,3.2,4.2,1.67,3.4,4.33,1.6,3.4,4.8,2005/6,€17.43m,€9.25m,1.6,3.4,5.0,62.1118,58.8235,62.5,58.8235,62.5,59.8802,28.5714,30.303,29.4118,31.25,29.4118,29.4118,20.0,22.2222,20.8333,23.8095,20.0,23.0947,H,60.7732,1.7975,29.7266,0.9257,21.6599,1.6242,ScotishPremierLeague
SC0,10/09/2005,Inverness C,Motherwell,A,2.1,3.2,3.2,2.1,3.2,3.1,2.0,3.1,3.2,2.1,3.2,3.0,2.0,3.2,3.2,2005/6,€8.05m,€9.18m,1.9,3.25,3.5,47.619,47.619,50.0,50.0,52.6316,47.619,31.25,31.25,31.25,32.2581,30.7692,31.25,31.25,32.2581,31.25,31.25,28.5714,33.3333,H,49.2481,2.0269,31.3379,0.4901,31.3188,1.5813,ScotishPremierLeague
SC0,10/09/2005,Kilmarnock,Dunfermline,H,1.66,3.5,4.5,1.7,3.3,4.5,1.6,3.4,4.6,1.57,3.5,5.0,1.61,3.3,5.0,2005/6,€6.33m,€8.43m,1.6,3.4,5.0,60.241,58.8235,62.1118,62.5,62.5,63.6943,28.5714,30.303,30.303,29.4118,29.4118,28.5714,22.2222,22.2222,20.0,21.7391,20.0,20.0,H,61.6451,1.7783,29.4287,0.7745,21.0306,1.1426,ScotishPremierLeague
SC0,11/09/2005,Livingston,Hearts,A,6.0,3.6,1.57,5.5,3.5,1.55,4.6,3.4,1.6,5.0,3.5,1.57,5.0,3.6,1.61,2005/6,€10.08m,€30.53m,6.0,3.6,1.5,16.6667,18.1818,20.0,21.7391,16.6667,20.0,27.7778,28.5714,27.7778,29.4118,27.7778,28.5714,63.6943,64.5161,62.1118,62.5,66.6667,63.6943,A,18.8757,2.0478,28.3147,0.6634,63.8639,1.629,ScotishPremierLeague
SC0,17/09/2005,Dundee United,Livingston,H,1.66,3.25,5.0,1.7,3.4,4.35,1.75,3.2,4.0,1.67,3.4,4.33,1.7,3.5,4.0,2005/6,€9.25m,€10.08m,1.75,3.25,4.35,60.241,58.8235,58.8235,57.1429,57.1429,59.8802,30.7692,29.4118,28.5714,31.25,30.7692,29.4118,20.0,22.9885,25.0,25.0,22.9885,23.0947,H,58.6757,1.3148,30.0306,1.0462,23.1786,1.834,ScotishPremierLeague
SC0,17/09/2005,Dunfermline,Aberdeen,A,2.62,3.25,2.37,2.7,3.15,2.35,2.6,3.0,2.4,2.75,3.2,2.25,2.62,3.1,2.37,2005/6,€8.43m,€6.45m,2.8,3.2,2.25,38.1679,37.037,38.1679,38.4615,35.7143,36.3636,30.7692,31.746,32.2581,33.3333,31.25,31.25,42.1941,42.5532,42.1941,41.6667,44.4444,44.4444,A,37.3187,1.1237,31.7678,0.9192,42.9161,1.2171,ScotishPremierLeague
SC0,17/09/2005,Inverness C,Hearts,A,6.0,3.5,1.53,5.2,3.55,1.55,4.6,3.4,1.6,5.0,3.5,1.57,5.0,3.6,1.53,2005/6,€8.05m,€30.53m,5.0,3.6,1.55,16.6667,19.2308,20.0,21.7391,20.0,20.0,28.5714,28.169,27.7778,29.4118,27.7778,28.5714,65.3595,64.5161,65.3595,62.5,64.5161,63.6943,A,19.6061,1.6611,28.3799,0.6177,64.3242,1.0901,ScotishPremierLeague
SC0,17/09/2005,Motherwell,Falkirk,H,1.66,3.5,4.5,1.75,3.4,4.1,1.7,3.2,4.2,1.73,3.4,4.0,1.66,3.3,4.5,2005/6,€9.18m,€8.08m,1.75,3.25,4.35,60.241,57.1429,60.241,58.8235,57.1429,57.8035,28.5714,29.4118,30.303,31.25,30.7692,29.4118,22.2222,24.3902,22.2222,23.8095,22.9885,25.0,H,58.5658,1.4359,29.9529,0.9965,23.4388,1.1526,ScotishPremierLeague
SC0,17/09/2005,Rangers,Kilmarnock,H,1.25,4.5,12.0,1.2,5.5,10.5,1.22,4.8,9.5,1.29,4.5,8.0,1.22,5.0,9.5,2005/6,€77.98m,€6.33m,1.2,5.5,10.0,80.0,83.3333,81.9672,81.9672,83.3333,77.5194,22.2222,18.1818,20.0,20.8333,18.1818,22.2222,8.3333,9.5238,10.5263,10.5263,10.0,12.5,H,81.3534,2.2416,20.2736,1.8294,10.235,1.3768,ScotishPremierLeague
SC0,18/09/2005,Hibernian,Celtic,A,7.0,3.75,1.44,6.75,4.0,1.4,5.4,3.8,1.45,6.0,3.4,1.5,6.0,3.75,1.44,2005/6,€17.43m,€72.83m,6.0,3.6,1.5,14.2857,14.8148,16.6667,18.5185,16.6667,16.6667,26.6667,25.0,26.6667,26.3158,27.7778,29.4118,69.4444,71.4286,69.4444,68.9655,66.6667,66.6667,A,16.2699,1.522,26.9731,1.4905,68.7694,1.8365,ScotishPremierLeague
SC0,24/09/2005,Aberdeen,Livingston,D,1.4,3.75,8.0,1.45,3.7,6.25,1.4,3.9,6.0,1.33,4.0,8.0,1.33,4.33,7.0,2005/6,€6.45m,€10.08m,1.4,3.75,7.0,71.4286,68.9655,75.188,71.4286,71.4286,75.188,26.6667,27.027,23.0947,25.641,26.6667,25.0,12.5,16.0,14.2857,16.6667,14.2857,12.5,H,72.2712,2.4525,25.6827,1.4771,14.373,1.7286,ScotishPremierLeague
SC0,24/09/2005,Celtic,Inverness C,H,1.16,6.0,13.0,1.15,6.5,11.0,1.2,5.0,10.0,1.14,6.0,12.0,1.14,6.0,12.0,2005/6,€72.83m,€8.05m,1.17,6.5,10.0,86.2069,86.9565,87.7193,83.3333,85.4701,87.7193,16.6667,15.3846,16.6667,20.0,15.3846,16.6667,7.6923,9.0909,8.3333,10.0,10.0,8.3333,H,86.2342,1.6693,16.7949,1.6911,8.9083,0.9547,ScotishPremierLeague
SC0,24/09/2005,Dunfermline,Dundee United,H,2.62,3.25,2.37,2.6,3.2,2.4,2.6,3.0,2.4,2.5,3.25,2.4,2.6,3.1,2.4,2005/6,€8.43m,€9.25m,2.5,3.2,2.5,38.1679,38.4615,38.4615,38.4615,40.0,40.0,30.7692,31.25,32.2581,33.3333,31.25,30.7692,42.1941,41.6667,41.6667,41.6667,40.0,41.6667,A,38.9254,0.8401,31.605,1.0063,41.4768,0.7536,ScotishPremierLeague
SC0,24/09/2005,Hearts,Rangers,H,2.8,3.25,2.4,2.9,3.2,2.2,2.9,3.0,2.2,2.8,3.2,2.2,2.87,3.25,2.15,2005/6,€30.53m,€77.98m,2.75,3.25,2.25,35.7143,34.4828,34.8432,34.4828,36.3636,35.7143,30.7692,31.25,30.7692,33.3333,30.7692,31.25,41.6667,45.4545,46.5116,45.4545,44.4444,45.4545,A,35.2668,0.7762,31.3568,0.9965,44.831,1.6824,ScotishPremierLeague
SC0,24/09/2005,Kilmarnock,Falkirk,D,1.57,3.5,5.5,1.5,3.6,6.0,1.5,3.7,5.0,1.5,3.4,6.0,1.5,3.6,5.5,2005/6,€6.33m,€8.08m,1.55,3.4,5.5,63.6943,66.6667,66.6667,66.6667,64.5161,66.6667,28.5714,27.7778,27.7778,27.027,29.4118,29.4118,18.1818,16.6667,18.1818,20.0,18.1818,16.6667,H,65.8129,1.348,28.3296,0.9702,17.9798,1.2371,ScotishPremierLeague
SC0,24/09/2005,Motherwell,Hibernian,A,2.5,3.25,2.5,2.4,3.2,2.6,2.5,3.0,2.5,2.5,3.2,2.5,2.4,3.25,2.5,2005/6,€9.18m,€17.43m,2.5,3.2,2.5,40.0,41.6667,41.6667,40.0,40.0,40.0,30.7692,31.25,30.7692,33.3333,31.25,31.25,40.0,38.4615,40.0,40.0,40.0,40.0,H,40.5556,0.8607,31.437,0.9584,39.7436,0.6281,ScotishPremierLeague
SC0,01/10/2005,Aberdeen,Motherwell,D,1.8,3.2,4.33,1.9,3.3,3.55,1.85,3.1,3.6,1.73,3.2,4.33,1.8,3.3,3.75,2005/6,€6.45m,€9.18m,1.8,3.25,4.0,55.5556,52.6316,55.5556,54.0541,55.5556,57.8035,31.25,30.303,30.303,32.2581,30.7692,31.25,23.0947,28.169,26.6667,27.7778,25.0,23.0947,H,55.1927,1.7359,31.0222,0.7389,25.6338,2.2533,ScotishPremierLeague
SC0,01/10/2005,Dundee United,Kilmarnock,D,2.37,3.25,2.75,2.35,3.2,2.7,2.3,3.1,2.6,2.6,3.2,2.38,2.37,3.3,2.5,2005/6,€9.25m,€6.33m,2.3,3.25,2.7,42.1941,42.5532,42.1941,43.4783,43.4783,38.4615,30.7692,31.25,30.303,32.2581,30.7692,31.25,36.3636,37.037,40.0,38.4615,37.037,42.0168,H,42.0599,1.8575,31.0999,0.6694,38.486,2.1662,ScotishPremierLeague
SC0,01/10/2005,Livingston,Celtic,A,10.0,5.5,1.22,10.5,5.5,1.2,9.0,4.5,1.25,11.0,5.0,1.2,11.0,5.0,1.2,2005/6,€10.08m,€72.83m,10.0,5.5,1.2,10.0,9.5238,9.0909,11.1111,10.0,9.0909,18.1818,18.1818,20.0,22.2222,18.1818,20.0,81.9672,83.3333,83.3333,80.0,83.3333,83.3333,A,9.8028,0.7591,19.4613,1.6195,82.5501,1.3636,ScotishPremierLeague
SC0,01/10/2005,Rangers,Dunfermline,H,1.16,6.0,13.0,1.18,5.5,12.0,1.17,5.5,11.0,1.14,6.0,12.0,1.14,6.0,12.0,2005/6,€77.98m,€8.43m,1.14,6.5,11.0,86.2069,84.7458,87.7193,85.4701,87.7193,87.7193,16.6667,18.1818,16.6667,18.1818,15.3846,16.6667,7.6923,8.3333,8.3333,9.0909,9.0909,8.3333,H,86.5968,1.3136,16.958,1.0701,8.479,0.5351,ScotishPremierLeague
SC0,02/10/2005,Falkirk,Hearts,D,7.5,4.33,1.4,6.75,4.0,1.4,6.0,3.9,1.4,8.0,4.0,1.33,7.0,3.75,1.4,2005/6,€8.08m,€30.53m,7.5,4.0,1.35,13.3333,14.8148,14.2857,16.6667,13.3333,12.5,23.0947,25.0,26.6667,25.641,25.0,25.0,71.4286,71.4286,71.4286,71.4286,74.0741,75.188,A,14.1556,1.4731,25.0671,1.1655,72.4961,1.6908,ScotishPremierLeague
SC0,02/10/2005,Hibernian,Inverness C,A,1.57,3.6,5.5,1.6,3.5,5.0,1.65,3.3,4.4,1.53,3.5,5.5,1.61,3.3,5.0,2005/6,€17.43m,€8.05m,1.55,3.4,5.5,63.6943,62.5,62.1118,60.6061,64.5161,65.3595,27.7778,28.5714,30.303,30.303,29.4118,28.5714,18.1818,20.0,20.0,22.7273,18.1818,18.1818,H,63.1313,1.7329,29.1564,1.0276,19.5454,1.7953,ScotishPremierLeague
SC0,15/10/2005,Celtic,Hearts,D,1.53,3.5,6.0,1.55,3.6,5.3,1.65,3.5,4.6,1.57,3.5,5.0,1.61,3.5,4.5,2005/6,€72.83m,€30.53m,1.6,3.6,4.5,65.3595,64.5161,62.1118,60.6061,62.5,63.6943,28.5714,27.7778,28.5714,28.5714,27.7778,28.5714,16.6667,18.8679,22.2222,21.7391,22.2222,20.0,H,63.1313,1.7329,28.3069,0.4098,20.2864,2.2272,ScotishPremierLeague
SC0,15/10/2005,Dunfermline,Falkirk,A,2.1,3.2,3.2,2.1,3.2,3.1,2.2,3.1,2.8,2.1,3.2,3.0,2.2,3.2,2.8,2005/6,€8.43m,€8.08m,2.2,3.25,2.8,47.619,47.619,45.4545,45.4545,45.4545,47.619,31.25,31.25,31.25,32.2581,30.7692,31.25,31.25,32.2581,35.7143,35.7143,35.7143,33.3333,H,46.5368,1.1855,31.3379,0.4901,33.9974,1.9929,ScotishPremierLeague
SC0,15/10/2005,Hibernian,Kilmarnock,H,1.72,3.4,4.33,1.85,3.45,3.55,1.85,3.1,3.6,1.8,3.25,3.75,1.8,3.3,3.75,2005/6,€17.43m,€6.33m,1.85,3.25,3.75,58.1395,54.0541,55.5556,54.0541,54.0541,55.5556,29.4118,28.9855,30.303,32.2581,30.7692,30.7692,23.0947,28.169,26.6667,27.7778,26.6667,26.6667,H,55.2355,1.6016,30.4161,1.1585,26.5069,1.7943,ScotishPremierLeague
SC0,15/10/2005,Inverness C,Aberdeen,D,2.2,3.25,2.8,2.45,3.2,2.55,2.5,3.0,2.5,2.6,3.2,2.38,2.4,3.25,2.5,2005/6,€8.05m,€6.45m,2.35,3.2,2.65,45.4545,40.8163,41.6667,40.0,42.5532,38.4615,30.7692,31.25,30.7692,33.3333,31.25,31.25,35.7143,39.2157,40.0,40.0,37.7358,42.0168,H,41.492,2.3969,31.437,0.9584,39.1138,2.1663,ScotishPremierLeague
SC0,15/10/2005,Motherwell,Livingston,H,1.53,3.5,6.0,1.5,3.6,6.0,1.55,3.5,4.8,1.53,3.75,5.0,1.5,3.4,6.0,2005/6,€9.18m,€10.08m,1.5,3.6,6.0,65.3595,66.6667,66.6667,64.5161,66.6667,65.3595,28.5714,27.7778,29.4118,28.5714,27.7778,26.6667,16.6667,16.6667,16.6667,20.8333,16.6667,20.0,H,65.8725,0.9229,28.1295,0.9404,17.9167,1.9543,ScotishPremierLeague
SC0,16/10/2005,Dundee United,Rangers,D,7.5,4.33,1.4,8.5,4.5,1.3,7.0,4.0,1.35,8.0,3.75,1.36,8.0,4.5,1.28,2005/6,€9.25m,€77.98m,8.5,4.35,1.3,13.3333,11.7647,12.5,14.2857,11.7647,12.5,23.0947,22.2222,22.2222,25.0,22.9885,26.6667,71.4286,76.9231,78.125,74.0741,76.9231,73.5294,A,12.6914,0.9741,23.699,1.7738,75.1672,2.5601,ScotishPremierLeague
SC0,22/10/2005,Aberdeen,Hibernian,A,2.25,3.25,2.8,2.4,3.2,2.6,2.3,3.0,2.7,2.25,3.2,2.75,2.4,3.1,2.6,2005/6,€6.45m,€17.43m,2.25,3.25,2.75,44.4444,41.6667,41.6667,43.4783,44.4444,44.4444,30.7692,31.25,32.2581,33.3333,30.7692,31.25,35.7143,38.4615,38.4615,37.037,36.3636,36.3636,H,43.3575,1.3621,31.605,1.0063,37.0669,1.1584,ScotishPremierLeague
SC0,22/10/2005,Falkirk,Dundee United,A,2.25,3.25,2.8,2.25,3.2,2.8,2.2,3.0,2.9,2.38,3.2,2.6,2.2,3.3,2.7,2005/6,€8.08m,€9.25m,2.2,3.25,2.8,44.4444,44.4444,45.4545,45.4545,45.4545,42.0168,30.7692,31.25,30.303,33.3333,30.7692,31.25,35.7143,35.7143,37.037,34.4828,35.7143,38.4615,H,44.5448,1.3337,31.2791,1.0672,36.1874,1.3763,ScotishPremierLeague
SC0,22/10/2005,Hearts,Dunfermline,H,1.22,5.0,11.0,1.25,5.0,8.75,1.25,4.5,9.0,1.17,5.5,12.0,1.22,5.0,9.5,2005/6,€30.53m,€8.43m,1.2,5.5,10.0,81.9672,80.0,81.9672,80.0,83.3333,85.4701,20.0,20.0,20.0,22.2222,18.1818,18.1818,9.0909,11.4286,10.5263,11.1111,10.0,8.3333,H,82.123,2.0847,19.7643,1.4978,10.0817,1.193,ScotishPremierLeague
SC0,22/10/2005,Livingston,Inverness C,D,2.62,3.25,2.4,2.8,3.2,2.25,3.1,3.1,2.0,2.75,3.25,2.2,2.87,3.3,2.1,2005/6,€10.08m,€8.05m,2.8,3.2,2.25,38.1679,35.7143,34.8432,32.2581,35.7143,36.3636,30.7692,31.25,30.303,32.2581,31.25,30.7692,41.6667,44.4444,47.619,50.0,44.4444,45.4545,A,35.5102,1.944,31.0999,0.6694,45.6048,2.8844,ScotishPremierLeague
SC0,22/10/2005,Rangers,Motherwell,H,1.22,5.0,11.0,1.22,5.5,9.0,1.25,4.5,9.0,1.22,5.0,10.0,1.28,4.5,8.0,2005/6,€77.98m,€9.18m,1.22,5.0,10.0,81.9672,81.9672,78.125,80.0,81.9672,81.9672,20.0,18.1818,22.2222,22.2222,20.0,20.0,9.0909,11.1111,12.5,11.1111,10.0,10.0,H,80.999,1.6129,20.4377,1.5513,10.6355,1.1935,ScotishPremierLeague
SC0,23/10/2005,Kilmarnock,Celtic,A,9.5,4.5,1.33,8.5,4.75,1.28,8.5,4.3,1.27,8.0,4.0,1.33,8.0,4.5,1.28,2005/6,€6.33m,€72.83m,10.0,4.0,1.3,10.5263,11.7647,12.5,11.7647,10.0,12.5,22.2222,21.0526,22.2222,23.2558,25.0,25.0,75.188,78.125,78.125,78.7402,76.9231,75.188,A,11.5093,1.0332,23.1255,1.6108,77.0482,1.5568,ScotishPremierLeague
SC0,25/10/2005,Aberdeen,Dundee United,H,1.9,3.25,3.5,1.9,3.2,3.65,2.1,3.0,3.1,1.91,3.25,3.4,2.05,3.2,3.1,2005/6,€6.45m,€9.25m,2.0,3.25,3.25,52.6316,52.6316,48.7805,47.619,50.0,52.356,30.7692,31.25,31.25,33.3333,30.7692,30.7692,28.5714,27.3973,32.2581,32.2581,30.7692,29.4118,H,50.6698,2.1848,31.3568,0.9965,30.111,1.9938,ScotishPremierLeague
SC0,26/10/2005,Celtic,Motherwell,H,1.2,5.5,10.0,1.18,5.5,12.0,1.2,5.0,10.0,1.17,5.5,12.0,1.2,5.0,11.0,2005/6,€72.83m,€9.18m,1.2,5.5,10.0,83.3333,84.7458,83.3333,83.3333,83.3333,85.4701,18.1818,18.1818,20.0,20.0,18.1818,18.1818,10.0,8.3333,9.0909,10.0,10.0,8.3333,H,83.9249,0.9446,18.7879,0.9389,9.2929,0.8225,ScotishPremierLeague
SC0,26/10/2005,Dunfermline,Hibernian,A,3.5,3.25,1.9,3.65,3.2,1.9,4.0,3.2,1.75,3.5,3.4,1.83,3.75,3.3,1.8,2005/6,€8.43m,€17.43m,3.5,3.25,1.9,28.5714,27.3973,26.6667,25.0,28.5714,28.5714,30.7692,31.25,30.303,31.25,30.7692,29.4118,52.6316,52.6316,55.5556,57.1429,52.6316,54.6448,A,27.463,1.4416,30.6255,0.6926,54.2063,1.9013,ScotishPremierLeague
SC0,26/10/2005,Hearts,Kilmarnock,H,1.4,4.0,6.5,1.35,4.4,6.85,1.35,4.0,7.0,1.29,4.5,8.0,1.4,3.75,7.0,2005/6,€30.53m,€6.33m,1.3,4.5,8.0,71.4286,74.0741,71.4286,74.0741,76.9231,77.5194,25.0,22.7273,26.6667,25.0,22.2222,22.2222,15.3846,14.5985,14.2857,14.2857,12.5,12.5,H,74.2413,2.6006,23.9731,1.8465,13.9258,1.1752,ScotishPremierLeague
SC0,26/10/2005,Inverness C,Falkirk,A,1.8,3.3,4.0,1.8,3.4,3.8,1.85,3.1,3.6,1.73,3.5,3.75,2.0,3.3,3.1,2005/6,€8.05m,€8.08m,1.85,3.4,3.6,55.5556,55.5556,50.0,54.0541,54.0541,57.8035,30.303,29.4118,30.303,32.2581,29.4118,28.5714,25.0,26.3158,32.2581,27.7778,27.7778,26.6667,H,54.5038,2.5996,30.0432,1.2653,27.6327,2.4914,ScotishPremierLeague
SC0,26/10/2005,Livingston,Rangers,D,10.0,5.5,1.2,13.0,6.0,1.15,10.0,5.0,1.2,11.0,5.0,1.2,12.0,6.0,1.14,2005/6,€10.08m,€77.98m,10.0,5.0,1.22,10.0,7.6923,8.3333,10.0,10.0,9.0909,18.1818,16.6667,16.6667,20.0,20.0,20.0,83.3333,86.9565,87.7193,83.3333,81.9672,83.3333,A,9.1861,0.9955,18.5859,1.6449,84.4405,2.3184,ScotishPremierLeague
SC0,29/10/2005,Dunfermline,Motherwell,A,2.87,3.25,2.25,2.8,3.2,2.25,3.0,3.1,2.1,2.75,3.2,2.25,2.75,3.2,2.25,2005/6,€8.43m,€9.18m,2.7,3.25,2.3,34.8432,35.7143,36.3636,33.3333,37.037,36.3636,30.7692,31.25,31.25,32.2581,30.7692,31.25,44.4444,44.4444,44.4444,47.619,43.4783,44.4444,A,35.6092,1.3382,31.2578,0.5437,44.8125,1.4282,ScotishPremierLeague
SC0,29/10/2005,Falkirk,Livingston,D,2.0,3.2,3.4,1.85,3.3,3.75,1.85,3.1,3.6,1.8,3.25,3.75,1.8,3.3,3.75,2005/6,€8.08m,€10.08m,1.8,3.25,4.0,50.0,54.0541,55.5556,54.0541,55.5556,55.5556,31.25,30.303,30.303,32.2581,30.7692,30.7692,29.4118,26.6667,26.6667,27.7778,25.0,26.6667,H,54.1292,2.1525,30.9421,0.7353,27.0316,1.4662,ScotishPremierLeague
SC0,29/10/2005,Hibernian,Hearts,H,3.2,3.2,2.1,3.1,3.2,2.1,3.5,3.1,2.0,3.0,3.2,2.1,3.3,3.1,2.0,2005/6,€17.43m,€30.53m,3.25,3.25,2.0,31.25,32.2581,30.303,28.5714,30.7692,33.3333,31.25,31.25,32.2581,32.2581,30.7692,31.25,47.619,47.619,50.0,50.0,50.0,47.619,A,31.0808,1.6424,31.5059,0.6117,48.8095,1.3041,ScotishPremierLeague
SC0,29/10/2005,Kilmarnock,Aberdeen,H,2.3,3.2,2.8,2.1,3.2,3.1,2.2,3.0,2.9,2.1,3.2,3.0,2.1,3.1,3.1,2005/6,€6.33m,€6.45m,2.2,3.25,2.8,43.4783,47.619,47.619,45.4545,45.4545,47.619,31.25,31.25,32.2581,33.3333,30.7692,31.25,35.7143,32.2581,32.2581,34.4828,35.7143,33.3333,H,46.2074,1.7064,31.6851,0.9436,33.9602,1.5883,ScotishPremierLeague
SC0,29/10/2005,Rangers,Inverness C,D,1.22,5.0,12.0,1.2,5.5,10.5,1.27,4.3,8.5,1.17,5.5,12.0,1.2,5.0,11.0,2005/6,€77.98m,€8.05m,1.2,6.0,9.0,81.9672,83.3333,83.3333,78.7402,83.3333,85.4701,20.0,18.1818,20.0,23.2558,16.6667,18.1818,8.3333,9.5238,9.0909,11.7647,11.1111,8.3333,H,82.6962,2.2402,19.381,2.2814,9.6928,1.4416,ScotishPremierLeague
SC0,30/10/2005,Dundee United,Celtic,A,8.0,4.0,1.36,8.75,5.0,1.25,9.0,4.5,1.25,8.0,4.0,1.33,8.0,5.0,1.25,2005/6,€9.25m,€72.83m,8.5,4.5,1.28,12.5,11.4286,12.5,11.1111,11.7647,12.5,25.0,20.0,20.0,22.2222,22.2222,25.0,73.5294,80.0,80.0,80.0,78.125,75.188,A,11.9674,0.619,22.4074,2.2407,77.8071,2.8173,ScotishPremierLeague
SC0,05/11/2005,Hearts,Dundee United,H,1.36,3.75,9.5,1.3,4.95,7.2,1.35,4.0,7.0,1.33,4.0,8.0,1.33,4.0,8.0,2005/6,€30.53m,€9.25m,1.3,4.35,8.5,73.5294,76.9231,75.188,74.0741,76.9231,75.188,26.6667,20.202,25.0,25.0,22.9885,25.0,10.5263,13.8889,12.5,14.2857,11.7647,12.5,H,75.3043,1.4094,24.1429,2.2555,12.5776,1.3797,ScotishPremierLeague
SC0,05/11/2005,Inverness C,Dunfermline,H,1.61,3.5,5.0,1.75,3.4,4.1,1.7,3.2,4.2,1.67,3.25,4.5,1.7,3.4,4.2,2005/6,€8.05m,€8.43m,1.73,3.25,4.35,62.1118,57.1429,58.8235,58.8235,57.8035,59.8802,28.5714,29.4118,29.4118,31.25,30.7692,30.7692,20.0,24.3902,23.8095,23.8095,22.9885,22.2222,H,59.0976,1.7518,30.0306,1.0462,22.87,1.5967,ScotishPremierLeague
SC0,05/11/2005,Livingston,Hibernian,A,4.5,3.5,1.66,4.6,3.45,1.65,4.4,3.3,1.65,4.5,3.5,1.62,5.5,3.5,1.53,2005/6,€10.08m,€17.43m,4.5,3.4,1.65,22.2222,21.7391,18.1818,22.7273,22.2222,22.2222,28.5714,28.9855,28.5714,30.303,29.4118,28.5714,60.241,60.6061,65.3595,60.6061,60.6061,61.7284,A,21.5525,1.6806,29.0691,0.6914,61.5245,1.9456,ScotishPremierLeague
SC0,05/11/2005,Motherwell,Kilmarnock,D,2.1,3.2,3.2,2.15,3.2,3.0,2.1,3.1,3.0,2.25,3.2,2.75,2.15,3.2,2.9,2005/6,€9.18m,€6.33m,2.2,3.25,2.8,47.619,46.5116,46.5116,47.619,45.4545,44.4444,31.25,31.25,31.25,32.2581,30.7692,31.25,31.25,33.3333,34.4828,33.3333,35.7143,36.3636,H,46.36,1.2414,31.3379,0.4901,34.0796,1.8532,ScotishPremierLeague
SC0,05/11/2005,Rangers,Aberdeen,D,1.33,4.33,8.0,1.25,5.0,8.75,1.33,4.0,7.5,1.29,4.5,8.0,1.33,4.0,8.0,2005/6,€77.98m,€6.45m,1.33,4.35,7.5,75.188,80.0,75.188,75.188,75.188,77.5194,23.0947,20.0,25.0,25.0,22.9885,22.2222,12.5,11.4286,12.5,13.3333,13.3333,12.5,H,76.3786,2.0043,23.0509,1.8761,12.5992,0.7039,ScotishPremierLeague
SC0,06/11/2005,Falkirk,Celtic,A,11.0,5.5,1.25,10.5,5.5,1.2,8.5,4.3,1.27,10.0,4.5,1.25,9.5,5.0,1.22,2005/6,€8.08m,€72.83m,8.5,5.0,1.25,9.0909,9.5238,10.5263,11.7647,11.7647,10.0,18.1818,18.1818,20.0,23.2558,20.0,22.2222,80.0,83.3333,81.9672,78.7402,80.0,80.0,A,10.4451,1.1287,20.3069,2.0777,80.6734,1.6641,ScotishPremierLeague
SC0,19/11/2005,Celtic,Rangers,H,1.8,3.3,4.5,1.8,3.3,4.15,1.75,3.2,4.3,1.73,3.2,4.33,1.7,3.3,4.33,2005/6,€72.83m,€77.98m,1.8,3.25,4.0,55.5556,55.5556,58.8235,57.1429,55.5556,57.8035,30.303,30.303,30.303,31.25,30.7692,31.25,22.2222,24.0964,23.0947,23.2558,25.0,23.0947,H,56.7394,1.403,30.6964,0.4653,23.4606,0.961,ScotishPremierLeague
SC0,19/11/2005,Dundee United,Motherwell,D,2.3,3.25,2.75,2.2,3.2,2.9,2.45,3.0,2.55,2.25,3.2,2.75,2.25,3.25,2.7,2005/6,€9.25m,€9.18m,2.3,3.2,2.7,43.4783,45.4545,44.4444,40.8163,43.4783,44.4444,30.7692,31.25,30.7692,33.3333,31.25,31.25,36.3636,34.4828,37.037,39.2157,37.037,36.3636,H,43.686,1.5874,31.437,0.9584,36.75,1.5286,ScotishPremierLeague
SC0,19/11/2005,Dunfermline,Livingston,A,1.9,3.25,3.6,1.9,3.3,3.6,2.2,3.0,2.9,2.1,3.2,3.0,2.15,3.2,2.9,2005/6,€8.43m,€10.08m,2.1,3.25,3.0,52.6316,52.6316,46.5116,45.4545,47.619,47.619,30.7692,30.303,31.25,33.3333,30.7692,31.25,27.7778,27.7778,34.4828,34.4828,33.3333,33.3333,H,48.7446,3.1165,31.2791,1.0672,31.8646,3.2071,ScotishPremierLeague
SC0,19/11/2005,Hibernian,Falkirk,A,1.4,4.0,7.0,1.5,3.6,6.0,1.4,3.9,6.0,1.4,3.75,7.0,1.4,3.75,7.0,2005/6,€17.43m,€8.08m,1.45,3.75,6.5,71.4286,66.6667,71.4286,71.4286,68.9655,71.4286,25.0,27.7778,26.6667,25.641,26.6667,26.6667,14.2857,16.6667,14.2857,16.6667,15.3846,14.2857,H,70.2244,2.0021,26.4031,0.9641,15.2625,1.168,ScotishPremierLeague
SC0,19/11/2005,Kilmarnock,Inverness C,D,1.8,3.3,4.0,1.85,3.3,3.75,1.9,3.1,3.5,1.73,3.2,4.33,1.9,3.25,3.4,2005/6,€6.33m,€8.05m,1.9,3.25,3.5,55.5556,54.0541,52.6316,52.6316,52.6316,57.8035,30.303,30.303,30.7692,32.2581,30.7692,31.25,25.0,26.6667,29.4118,28.5714,28.5714,23.0947,H,54.218,2.1082,30.9421,0.7353,26.886,2.4511,ScotishPremierLeague
SC0,20/11/2005,Aberdeen,Hearts,D,4.0,3.25,1.9,3.4,3.3,1.95,3.6,3.1,1.85,3.75,3.25,1.8,4.0,3.4,1.72,2005/6,€6.45m,€30.53m,3.75,3.4,1.8,25.0,29.4118,25.0,27.7778,26.6667,26.6667,30.7692,30.303,29.4118,32.2581,29.4118,30.7692,52.6316,51.2821,58.1395,54.0541,55.5556,55.5556,A,26.7538,1.69,30.4872,1.0623,54.5364,2.4295,ScotishPremierLeague
SC0,26/11/2005,Celtic,Dunfermline,A,1.1,7.5,17.0,1.1,7.0,17.0,1.12,6.5,13.0,1.1,6.5,17.0,1.08,7.0,17.0,2005/6,€72.83m,€8.43m,1.11,6.5,17.0,90.9091,90.9091,92.5926,89.2857,90.0901,90.9091,13.3333,14.2857,14.2857,15.3846,15.3846,15.3846,5.8824,5.8824,5.8824,7.6923,5.8824,5.8824,H,90.7826,1.0995,14.6764,0.8502,6.184,0.7389,ScotishPremierLeague
SC0,26/11/2005,Falkirk,Aberdeen,A,2.5,3.25,2.5,2.4,3.2,2.6,2.4,3.0,2.6,2.25,3.2,2.75,2.37,3.1,2.62,2005/6,€8.08m,€6.45m,2.35,3.2,2.65,40.0,41.6667,42.1941,41.6667,42.5532,44.4444,30.7692,31.25,32.2581,33.3333,31.25,31.25,40.0,38.4615,38.1679,38.4615,37.7358,36.3636,H,42.0875,1.4488,31.6851,0.9436,38.1984,1.1803,ScotishPremierLeague
SC0,26/11/2005,Inverness C,Dundee United,D,2.1,3.2,3.2,2.1,3.2,3.1,1.9,3.1,3.5,2.2,3.25,2.75,2.1,3.2,3.0,2005/6,€8.05m,€9.25m,2.1,3.25,3.0,47.619,47.619,47.619,52.6316,47.619,45.4545,31.25,31.25,31.25,32.2581,30.7692,30.7692,31.25,32.2581,33.3333,28.5714,33.3333,36.3636,H,48.0937,2.3858,31.2578,0.5437,32.5183,2.5834,ScotishPremierLeague
SC0,26/11/2005,Livingston,Kilmarnock,A,2.62,3.25,2.37,2.85,3.2,2.25,2.9,3.0,2.2,3.0,3.2,2.1,2.8,3.1,2.25,2005/6,€10.08m,€6.33m,2.5,3.2,2.35,38.1679,35.0877,35.7143,34.4828,40.0,33.3333,30.7692,31.25,32.2581,33.3333,31.25,31.25,42.1941,44.4444,44.4444,45.4545,42.5532,47.619,A,36.131,2.4869,31.6851,0.9436,44.4516,1.9869,ScotishPremierLeague
SC0,26/11/2005,Motherwell,Hearts,D,4.5,3.25,1.72,3.75,3.3,1.85,3.8,3.1,1.8,3.4,3.25,1.91,3.6,3.1,1.9,2005/6,€9.18m,€30.53m,4.0,3.4,1.73,22.2222,26.6667,27.7778,26.3158,25.0,29.4118,30.7692,30.303,32.2581,32.2581,29.4118,30.7692,58.1395,54.0541,52.6316,55.5556,57.8035,52.356,A,26.2324,2.4614,30.9616,1.12,55.09,2.5088,ScotishPremierLeague
SC0,27/11/2005,Hibernian,Rangers,H,3.2,3.25,2.2,3.3,3.25,2.0,2.7,3.0,2.3,2.75,3.2,2.25,2.75,3.2,2.25,2005/6,€17.43m,€77.98m,3.0,3.25,2.1,31.25,30.303,36.3636,37.037,33.3333,36.3636,30.7692,30.7692,31.25,33.3333,30.7692,31.25,45.4545,50.0,44.4444,43.4783,47.619,44.4444,A,34.1084,2.8983,31.3568,0.9965,45.9068,2.4522,ScotishPremierLeague
SC0,03/12/2005,Dundee United,Hibernian,H,3.5,3.3,1.9,3.6,3.3,1.9,3.5,3.1,1.9,3.5,3.4,1.83,4.2,3.25,1.72,2005/6,€9.25m,€17.43m,3.5,3.25,1.9,28.5714,27.7778,23.8095,28.5714,28.5714,28.5714,30.303,30.303,30.7692,32.2581,30.7692,29.4118,52.6316,52.6316,58.1395,52.6316,52.6316,54.6448,A,27.6455,1.9059,30.6357,0.9367,53.8851,2.2344,ScotishPremierLeague
SC0,03/12/2005,Dunfermline,Kilmarnock,A,2.8,3.25,2.25,3.1,3.2,2.1,2.9,3.0,2.2,3.2,3.2,2.0,3.0,3.3,2.05,2005/6,€8.43m,€6.33m,2.75,3.25,2.25,35.7143,32.2581,33.3333,34.4828,36.3636,31.25,30.7692,31.25,30.303,33.3333,30.7692,31.25,44.4444,47.619,48.7805,45.4545,44.4444,50.0,A,33.9003,1.987,31.2791,1.0672,46.7905,2.3554,ScotishPremierLeague
SC0,03/12/2005,Hearts,Livingston,H,1.22,5.0,11.0,1.25,5.0,8.75,1.27,4.3,8.5,1.29,4.5,8.0,1.25,4.8,8.5,2005/6,€30.53m,€10.08m,1.25,5.0,9.0,81.9672,80.0,80.0,78.7402,80.0,77.5194,20.0,20.0,20.8333,23.2558,20.0,22.2222,9.0909,11.4286,11.7647,11.7647,11.1111,12.5,H,79.7045,1.489,21.0519,1.3852,11.2767,1.1663,ScotishPremierLeague
SC0,03/12/2005,Motherwell,Inverness C,A,2.2,3.25,2.9,1.95,3.3,3.4,2.2,3.0,2.9,2.0,3.2,3.2,2.0,3.2,3.2,2005/6,€9.18m,€8.05m,2.1,3.0,3.25,45.4545,51.2821,50.0,45.4545,47.619,50.0,30.7692,30.303,31.25,33.3333,33.3333,31.25,34.4828,29.4118,31.25,34.4828,30.7692,31.25,H,48.3017,2.5032,31.7065,1.3083,31.9411,2.0807,ScotishPremierLeague
SC0,03/12/2005,Rangers,Falkirk,D,1.36,4.2,7.5,1.28,4.75,8.5,1.37,4.0,7.0,1.33,4.0,8.0,1.33,4.0,8.0,2005/6,€77.98m,€8.08m,1.3,4.35,8.5,73.5294,78.125,75.188,72.9927,76.9231,75.188,23.8095,21.0526,25.0,25.0,22.9885,25.0,13.3333,11.7647,12.5,14.2857,11.7647,12.5,H,75.3244,1.9542,23.8084,1.5828,12.6914,0.9741,ScotishPremierLeague
SC0,04/12/2005,Aberdeen,Celtic,A,7.0,3.75,1.5,7.0,4.4,1.35,5.4,3.8,1.45,7.0,3.75,1.4,7.0,3.75,1.4,2005/6,€6.45m,€72.83m,6.5,3.75,1.45,14.2857,14.2857,14.2857,18.5185,15.3846,14.2857,26.6667,22.7273,26.6667,26.3158,26.6667,26.6667,66.6667,74.0741,71.4286,68.9655,68.9655,71.4286,A,15.1743,1.6963,25.9516,1.5858,70.2548,2.59,ScotishPremierLeague
SC0,10/12/2005,Aberdeen,Dunfermline,D,1.5,3.75,6.0,1.65,3.5,4.5,1.6,3.4,4.6,1.53,3.5,5.5,1.5,3.4,6.0,2005/6,€6.45m,€8.43m,1.5,3.6,6.0,66.6667,60.6061,66.6667,62.5,66.6667,65.3595,26.6667,28.5714,29.4118,29.4118,27.7778,28.5714,16.6667,22.2222,16.6667,21.7391,16.6667,18.1818,H,64.7443,2.5933,28.4018,1.0486,18.6905,2.6197,ScotishPremierLeague
SC0,10/12/2005,Celtic,Hibernian,H,1.4,4.0,7.0,1.3,4.5,8.25,1.45,3.8,5.4,1.29,4.5,8.0,1.4,3.75,7.0,2005/6,€72.83m,€17.43m,1.35,4.0,7.5,71.4286,76.9231,71.4286,68.9655,74.0741,77.5194,25.0,22.2222,26.6667,26.3158,25.0,22.2222,14.2857,12.1212,14.2857,18.5185,13.3333,12.5,H,73.3899,3.3845,24.5712,1.941,14.1741,2.3075,ScotishPremierLeague
SC0,10/12/2005,Falkirk,Motherwell,A,2.37,3.25,2.62,2.25,3.2,2.85,2.3,3.0,2.7,2.25,3.2,2.75,2.3,3.2,2.62,2005/6,€8.08m,€9.18m,2.3,3.2,2.7,42.1941,44.4444,43.4783,43.4783,43.4783,44.4444,30.7692,31.25,31.25,33.3333,31.25,31.25,38.1679,35.0877,38.1679,37.037,37.037,36.3636,H,43.5863,0.8302,31.5171,0.9103,36.9768,1.1653,ScotishPremierLeague
SC0,10/12/2005,Hearts,Inverness C,D,1.4,4.0,7.0,1.3,4.75,7.75,1.4,3.9,6.0,1.4,3.75,7.0,1.44,3.6,6.5,2005/6,€30.53m,€8.05m,1.35,4.0,7.5,71.4286,76.9231,69.4444,71.4286,74.0741,71.4286,25.0,21.0526,27.7778,25.641,25.0,26.6667,14.2857,12.9032,15.3846,16.6667,13.3333,14.2857,H,72.4546,2.6385,25.1897,2.2922,14.4765,1.3767,ScotishPremierLeague
SC0,10/12/2005,Livingston,Dundee United,H,2.75,3.25,2.3,2.7,3.2,2.35,2.55,3.0,2.45,2.4,3.25,2.5,2.62,3.1,2.37,2005/6,€10.08m,€9.25m,2.65,3.2,2.35,36.3636,37.037,38.1679,39.2157,37.7358,41.6667,30.7692,31.25,32.2581,33.3333,31.25,30.7692,43.4783,42.5532,42.1941,40.8163,42.5532,40.0,A,38.3644,1.8883,31.605,1.0063,41.9325,1.2813,ScotishPremierLeague
SC0,11/12/2005,Kilmarnock,Rangers,A,3.6,3.3,2.0,3.6,3.3,1.9,3.1,3.0,2.1,3.2,3.2,2.0,3.3,3.25,1.95,2005/6,€6.33m,€77.98m,3.25,3.25,2.0,27.7778,27.7778,30.303,32.2581,30.7692,31.25,30.303,30.303,30.7692,33.3333,30.7692,31.25,50.0,52.6316,51.2821,47.619,50.0,50.0,A,30.0226,1.8557,31.1213,1.1399,50.2554,1.6641,ScotishPremierLeague
SC0,17/12/2005,Falkirk,Kilmarnock,A,2.8,3.25,2.25,2.85,3.2,2.25,2.6,3.0,2.4,2.6,3.2,2.38,2.8,3.2,2.2,2005/6,€8.08m,€6.33m,2.8,3.2,2.25,35.7143,35.0877,35.7143,38.4615,35.7143,38.4615,30.7692,31.25,31.25,33.3333,31.25,31.25,44.4444,44.4444,45.4545,41.6667,44.4444,42.0168,A,36.5256,1.5191,31.5171,0.9103,43.7452,1.5294,ScotishPremierLeague
SC0,17/12/2005,Hibernian,Motherwell,H,1.61,3.25,5.5,1.7,3.4,4.4,1.55,3.5,4.8,1.62,3.25,5.0,1.6,3.4,4.8,2005/6,€17.43m,€9.18m,1.6,3.4,5.0,62.1118,58.8235,62.5,64.5161,62.5,61.7284,30.7692,29.4118,29.4118,28.5714,29.4118,30.7692,18.1818,22.7273,20.8333,20.8333,20.0,20.0,H,62.03,1.844,29.7242,0.8724,20.4293,1.4851,ScotishPremierLeague
SC0,17/12/2005,Livingston,Aberdeen,D,2.87,3.25,2.2,2.7,3.2,2.35,2.7,3.0,2.3,2.75,3.2,2.25,2.75,3.2,2.25,2005/6,€10.08m,€6.45m,2.7,3.25,2.3,34.8432,37.037,36.3636,37.037,37.037,36.3636,30.7692,31.25,31.25,33.3333,30.7692,31.25,45.4545,42.5532,44.4444,43.4783,43.4783,44.4444,A,36.4469,0.8521,31.437,0.9584,43.9755,1.0143,ScotishPremierLeague
SC0,17/12/2005,Rangers,Hearts,H,1.8,3.4,4.5,1.8,3.3,4.0,2.0,3.1,3.2,1.73,3.2,4.33,1.83,3.3,3.6,2005/6,€77.98m,€30.53m,1.85,3.25,3.75,55.5556,55.5556,54.6448,50.0,54.0541,57.8035,29.4118,30.303,30.303,32.2581,30.7692,31.25,22.2222,25.0,27.7778,31.25,26.6667,23.0947,H,54.6023,2.5903,30.7158,0.9704,26.0019,3.313,ScotishPremierLeague
SC0,18/12/2005,Inverness C,Celtic,D,8.5,4.5,1.36,7.75,4.75,1.3,7.0,4.0,1.35,8.0,4.5,1.29,8.0,4.5,1.28,2005/6,€8.05m,€72.83m,8.5,4.35,1.3,11.7647,12.9032,12.5,14.2857,11.7647,12.5,22.2222,21.0526,22.2222,25.0,22.9885,22.2222,73.5294,76.9231,78.125,74.0741,76.9231,77.5194,A,12.6197,0.9324,22.6179,1.3215,76.1824,1.9048,ScotishPremierLeague
SC0,20/12/2005,Dundee United,Dunfermline,H,1.8,3.3,4.0,1.75,3.3,4.2,1.75,3.2,4.0,1.73,3.2,4.33,1.83,3.2,3.75,2005/6,€9.25m,€8.43m,1.75,3.25,4.35,55.5556,57.1429,54.6448,57.1429,57.1429,57.8035,30.303,30.303,31.25,31.25,30.7692,31.25,25.0,23.8095,26.6667,25.0,22.9885,23.0947,H,56.5721,1.2035,30.8542,0.4658,24.4266,1.407,ScotishPremierLeague
SC0,26/12/2005,Celtic,Livingston,H,1.1,7.5,17.0,1.15,6.5,11.0,1.15,6.0,12.0,1.14,6.0,12.0,1.11,6.5,15.0,2005/6,€72.83m,€10.08m,1.12,6.5,13.0,90.9091,86.9565,90.0901,86.9565,89.2857,87.7193,13.3333,15.3846,15.3846,16.6667,15.3846,16.6667,5.8824,9.0909,6.6667,8.3333,7.6923,8.3333,H,88.6529,1.6843,15.4701,1.2208,7.6665,1.1918,ScotishPremierLeague
SC0,26/12/2005,Dunfermline,Rangers,D,9.0,4.33,1.36,7.75,4.75,1.3,6.0,3.9,1.4,9.0,3.75,1.33,8.0,4.0,1.33,2005/6,€8.43m,€77.98m,8.5,4.5,1.28,11.1111,12.9032,12.5,16.6667,11.7647,11.1111,23.0947,21.0526,25.0,25.641,22.2222,26.6667,73.5294,76.9231,75.188,71.4286,78.125,75.188,A,12.6761,2.085,23.9462,2.1658,75.0637,2.3844,ScotishPremierLeague
SC0,26/12/2005,Hearts,Falkirk,H,1.3,4.5,9.0,1.3,4.75,7.75,1.33,4.0,7.5,1.44,3.6,6.5,1.44,3.5,7.0,2005/6,€30.53m,€8.08m,1.35,4.0,7.5,76.9231,76.9231,69.4444,75.188,74.0741,69.4444,22.2222,21.0526,28.5714,25.0,25.0,27.7778,11.1111,12.9032,14.2857,13.3333,13.3333,15.3846,H,73.6662,3.4451,24.9373,2.9579,13.3919,1.4295,ScotishPremierLeague
SC0,26/12/2005,Inverness C,Hibernian,H,3.2,3.2,2.1,3.0,3.2,2.15,2.9,3.0,2.2,2.6,3.2,2.38,3.0,3.2,2.1,2005/6,€8.05m,€17.43m,2.8,3.25,2.2,31.25,33.3333,33.3333,34.4828,35.7143,38.4615,31.25,31.25,31.25,33.3333,30.7692,31.25,47.619,46.5116,47.619,45.4545,45.4545,42.0168,A,34.4292,2.4667,31.5171,0.9103,45.7792,2.082,ScotishPremierLeague
SC0,26/12/2005,Kilmarnock,Dundee United,H,1.83,3.3,3.8,1.75,3.4,4.1,1.75,3.2,4.0,1.62,3.5,4.5,1.8,3.3,3.75,2005/6,€6.33m,€9.25m,1.65,3.4,4.5,54.6448,57.1429,55.5556,57.1429,60.6061,61.7284,30.303,29.4118,30.303,31.25,29.4118,28.5714,26.3158,24.3902,26.6667,25.0,22.2222,22.2222,H,57.8034,2.7987,29.8752,0.9365,24.4695,1.93,ScotishPremierLeague
SC0,26/12/2005,Motherwell,Aberdeen,H,2.3,3.25,2.75,2.25,3.2,2.85,2.2,3.0,2.9,2.25,3.2,2.75,2.2,3.1,2.87,2005/6,€9.18m,€6.45m,2.25,3.25,2.75,43.4783,44.4444,45.4545,45.4545,44.4444,44.4444,30.7692,31.25,32.2581,33.3333,30.7692,31.25,36.3636,35.0877,34.8432,34.4828,36.3636,36.3636,H,44.6201,0.7468,31.605,1.0063,35.5841,0.8753,ScotishPremierLeague
SC0,31/12/2005,Aberdeen,Inverness C,D,2.2,3.2,3.0,2.05,3.25,3.15,2.2,3.0,2.9,2.25,3.2,2.75,2.3,3.1,2.75,2005/6,€6.45m,€8.05m,2.2,3.25,2.8,45.4545,48.7805,43.4783,45.4545,45.4545,44.4444,31.25,30.7692,32.2581,33.3333,30.7692,31.25,33.3333,31.746,36.3636,34.4828,35.7143,36.3636,H,45.5111,1.7871,31.605,1.0063,34.6673,1.8547,ScotishPremierLeague
SC0,31/12/2005,Falkirk,Dunfermline,A,2.1,3.2,3.2,1.95,3.25,3.45,2.0,3.1,3.2,2.0,3.2,3.2,2.25,3.2,2.75,2005/6,€8.08m,€8.43m,2.1,3.25,3.0,47.619,51.2821,44.4444,50.0,47.619,50.0,31.25,30.7692,31.25,32.2581,30.7692,31.25,31.25,28.9855,36.3636,31.25,33.3333,31.25,H,48.4941,2.4593,31.2578,0.5437,32.0721,2.5125,ScotishPremierLeague
SC0,31/12/2005,Livingston,Motherwell,A,2.5,3.25,2.5,2.7,3.2,2.35,2.6,3.0,2.4,2.6,3.2,2.38,2.75,3.2,2.25,2005/6,€10.08m,€9.18m,2.5,3.2,2.5,40.0,37.037,36.3636,38.4615,40.0,38.4615,30.7692,31.25,31.25,33.3333,31.25,31.25,40.0,42.5532,44.4444,41.6667,40.0,42.0168,A,38.3873,1.4921,31.5171,0.9103,41.7802,1.6794,ScotishPremierLeague
SC0,31/12/2005,Rangers,Dundee United,H,1.3,4.33,9.0,1.2,5.0,13.0,1.22,4.8,9.5,1.22,5.0,10.0,1.25,4.5,10.0,2005/6,€77.98m,€9.25m,1.22,5.5,9.0,76.9231,83.3333,80.0,81.9672,81.9672,81.9672,23.0947,20.0,22.2222,20.8333,18.1818,20.0,11.1111,7.6923,10.0,10.5263,11.1111,10.0,H,81.0263,2.2745,20.722,1.7543,10.0735,1.268,ScotishPremierLeague
SC0,01/01/2006,Hearts,Celtic,A,3.2,3.25,2.2,2.9,3.2,2.2,2.9,3.0,2.2,3.2,3.2,2.0,3.5,3.2,1.9,2005/6,€30.53m,€72.83m,3.0,3.25,2.1,31.25,34.4828,28.5714,34.4828,33.3333,31.25,30.7692,31.25,31.25,33.3333,30.7692,31.25,45.4545,45.4545,52.6316,45.4545,47.619,50.0,A,32.2284,2.3097,31.437,0.9584,47.769,2.9905,ScotishPremierLeague
SC0,02/01/2006,Kilmarnock,Hibernian,D,2.5,3.25,2.5,2.55,3.2,2.45,2.4,3.0,2.6,2.25,3.2,2.75,2.3,3.2,2.62,2005/6,€6.33m,€17.43m,2.4,3.2,2.6,40.0,39.2157,43.4783,41.6667,41.6667,44.4444,30.7692,31.25,31.25,33.3333,31.25,31.25,40.0,40.8163,38.1679,38.4615,38.4615,36.3636,H,41.7453,1.9872,31.5171,0.9103,38.7118,1.5507,ScotishPremierLeague
SC0,14/01/2006,Celtic,Kilmarnock,H,1.25,5.5,10.0,1.2,5.5,10.5,1.27,4.6,9.0,1.25,4.5,10.0,1.22,5.0,9.5,2005/6,€72.83m,€6.33m,1.22,5.0,10.0,80.0,83.3333,81.9672,78.7402,81.9672,80.0,18.1818,18.1818,20.0,21.7391,20.0,22.2222,10.0,9.5238,10.5263,11.1111,10.0,10.0,H,81.0013,1.6983,20.0542,1.7063,10.1935,0.5502,ScotishPremierLeague
SC0,14/01/2006,Dunfermline,Hearts,A,5.0,3.75,1.57,5.0,3.5,1.6,5.0,3.7,1.55,5.5,3.5,1.53,4.8,3.4,1.6,2005/6,€8.43m,€30.53m,5.5,3.4,1.55,20.0,20.0,20.8333,20.0,18.1818,18.1818,26.6667,28.5714,29.4118,27.027,29.4118,28.5714,63.6943,62.5,62.5,64.5161,64.5161,65.3595,A,19.5328,1.0951,28.2767,1.1751,63.8477,1.1692,ScotishPremierLeague
SC0,14/01/2006,Hibernian,Aberdeen,A,1.61,3.5,5.0,1.6,3.5,5.0,1.65,3.5,4.5,1.62,3.25,5.0,1.57,3.5,5.0,2005/6,€17.43m,€6.45m,1.6,3.4,5.0,62.1118,62.5,63.6943,60.6061,62.5,61.7284,28.5714,28.5714,28.5714,28.5714,29.4118,30.7692,20.0,20.0,20.0,22.2222,20.0,20.0,H,62.1901,1.0181,29.0778,0.8942,20.3704,0.9072,ScotishPremierLeague
SC0,14/01/2006,Inverness C,Livingston,H,1.66,3.5,4.5,1.7,3.3,4.5,1.6,3.6,4.8,1.57,3.5,5.0,1.61,3.3,5.0,2005/6,€8.05m,€10.08m,1.65,3.4,4.5,60.241,58.8235,62.1118,62.5,60.6061,63.6943,28.5714,30.303,30.303,27.7778,29.4118,28.5714,22.2222,22.2222,20.0,20.8333,22.2222,20.0,H,61.3295,1.7642,29.1564,1.0276,21.25,1.1076,ScotishPremierLeague
SC0,15/01/2006,Dundee United,Falkirk,H,1.9,3.25,3.6,2.0,3.2,3.35,2.1,3.0,3.1,1.91,3.25,3.4,2.0,3.2,3.2,2005/6,€9.25m,€8.08m,1.9,3.25,3.5,52.6316,50.0,50.0,47.619,52.6316,52.356,30.7692,31.25,31.25,33.3333,30.7692,30.7692,27.7778,29.8507,31.25,32.2581,28.5714,29.4118,H,50.873,2.0247,31.3568,0.9965,29.8533,1.6661,ScotishPremierLeague
SC0,15/01/2006,Motherwell,Rangers,A,5.5,3.6,1.61,5.5,3.5,1.55,4.5,3.5,1.65,5.5,3.5,1.53,4.5,3.5,1.61,2005/6,€9.18m,€77.98m,5.5,3.6,1.53,18.1818,18.1818,22.2222,22.2222,18.1818,18.1818,27.7778,28.5714,28.5714,28.5714,27.7778,28.5714,62.1118,64.5161,62.1118,60.6061,65.3595,65.3595,A,19.5286,2.0865,28.3069,0.4098,63.3441,2.0016,ScotishPremierLeague
SC0,21/01/2006,Dundee United,Aberdeen,D,2.3,3.25,2.75,2.5,3.2,2.5,2.3,3.0,2.7,2.5,3.2,2.5,2.3,3.2,2.62,2005/6,€9.25m,€6.45m,2.35,3.2,2.65,43.4783,40.0,43.4783,43.4783,42.5532,40.0,30.7692,31.25,31.25,33.3333,31.25,31.25,36.3636,40.0,38.1679,37.037,37.7358,40.0,H,42.1647,1.7146,31.5171,0.9103,38.2174,1.5113,ScotishPremierLeague
SC0,21/01/2006,Falkirk,Inverness C,A,2.87,3.2,2.25,2.85,3.2,2.25,2.9,3.0,2.2,3.0,3.2,2.1,2.9,3.2,2.15,2005/6,€8.08m,€8.05m,2.75,3.25,2.25,34.8432,35.0877,34.4828,34.4828,36.3636,33.3333,31.25,31.25,31.25,33.3333,30.7692,31.25,44.4444,44.4444,46.5116,45.4545,44.4444,47.619,A,34.7656,0.9874,31.5171,0.9103,45.4864,1.331,ScotishPremierLeague
SC0,21/01/2006,Hibernian,Dunfermline,H,1.5,3.75,6.0,1.45,3.75,6.5,1.55,3.5,4.8,1.44,3.75,6.0,1.5,3.4,6.0,2005/6,€17.43m,€8.43m,1.45,3.75,6.0,66.6667,68.9655,66.6667,64.5161,68.9655,69.4444,26.6667,26.6667,29.4118,28.5714,26.6667,26.6667,16.6667,15.3846,16.6667,20.8333,16.6667,16.6667,H,67.5375,1.9163,27.4417,1.2296,17.1474,1.8771,ScotishPremierLeague
SC0,21/01/2006,Kilmarnock,Hearts,H,3.6,3.25,1.9,3.45,3.25,1.95,2.9,3.0,2.2,3.0,3.2,2.1,2.87,3.25,2.15,2005/6,€6.33m,€30.53m,3.5,3.25,1.9,27.7778,28.9855,34.8432,34.4828,28.5714,33.3333,30.7692,30.7692,30.7692,33.3333,30.7692,31.25,52.6316,51.2821,46.5116,45.4545,52.6316,47.619,A,31.3323,3.2255,31.2767,1.0257,49.3551,3.2093,ScotishPremierLeague
SC0,21/01/2006,Rangers,Livingston,H,1.14,6.5,13.0,1.13,6.5,14.0,1.15,6.0,12.0,1.17,5.5,12.0,1.14,6.0,12.0,2005/6,€77.98m,€10.08m,1.12,6.5,13.0,87.7193,88.4956,87.7193,86.9565,89.2857,85.4701,15.3846,15.3846,16.6667,16.6667,15.3846,18.1818,7.6923,7.1429,8.3333,8.3333,7.6923,8.3333,H,87.6078,1.3132,16.2782,1.1244,7.9212,0.494,ScotishPremierLeague
SC0,22/01/2006,Motherwell,Celtic,A,7.5,4.33,1.4,7.75,4.75,1.3,5.4,3.8,1.45,7.0,3.75,1.4,7.0,4.0,1.36,2005/6,€9.18m,€72.83m,7.5,3.75,1.4,13.3333,12.9032,14.2857,18.5185,13.3333,14.2857,23.0947,21.0526,25.0,26.3158,26.6667,26.6667,71.4286,76.9231,73.5294,68.9655,71.4286,71.4286,A,14.4433,2.0733,24.7994,2.2916,72.284,2.6937,ScotishPremierLeague
SC0,28/01/2006,Aberdeen,Kilmarnock,D,2.37,3.25,2.62,2.25,3.2,2.85,2.3,3.0,2.7,2.38,3.2,2.6,2.37,3.1,2.62,2005/6,€6.45m,€6.33m,2.3,3.25,2.7,42.1941,44.4444,42.1941,43.4783,43.4783,42.0168,30.7692,31.25,32.2581,33.3333,30.7692,31.25,38.1679,35.0877,38.1679,37.037,37.037,38.4615,H,42.9677,0.9801,31.605,1.0063,37.3265,1.2557,ScotishPremierLeague
SC0,28/01/2006,Celtic,Dundee United,D,1.16,6.5,15.0,1.17,5.5,13.0,1.17,5.5,11.0,1.17,5.5,12.0,1.14,6.0,12.0,2005/6,€72.83m,€9.25m,1.14,6.0,13.0,86.2069,85.4701,87.7193,85.4701,87.7193,85.4701,15.3846,18.1818,16.6667,18.1818,16.6667,18.1818,6.6667,7.6923,8.3333,9.0909,7.6923,8.3333,H,86.3426,1.1039,17.2106,1.1624,7.9681,0.8214,ScotishPremierLeague
SC0,28/01/2006,Dunfermline,Motherwell,D,3.0,3.2,2.2,2.75,3.2,2.3,2.9,3.0,2.2,2.75,3.2,2.25,3.0,3.2,2.1,2005/6,€8.43m,€9.18m,2.8,3.25,2.2,33.3333,36.3636,33.3333,34.4828,35.7143,36.3636,31.25,31.25,31.25,33.3333,30.7692,31.25,45.4545,43.4783,47.619,45.4545,45.4545,44.4444,A,34.9318,1.4159,31.5171,0.9103,45.3175,1.3783,ScotishPremierLeague
SC0,28/01/2006,Hearts,Hibernian,H,2.0,3.2,3.5,1.75,3.4,4.1,1.85,3.1,3.6,1.83,3.2,3.75,1.9,3.1,3.6,2005/6,€30.53m,€17.43m,1.85,3.25,3.75,50.0,57.1429,52.6316,54.0541,54.0541,54.6448,31.25,29.4118,32.2581,32.2581,30.7692,31.25,28.5714,24.3902,27.7778,27.7778,26.6667,26.6667,H,53.7546,2.3584,31.1995,1.0609,26.9751,1.4635,ScotishPremierLeague
SC0,28/01/2006,Livingston,Falkirk,A,2.4,3.25,2.62,2.2,3.2,2.9,2.4,3.1,2.5,2.38,3.2,2.6,2.5,3.1,2.5,2005/6,€10.08m,€8.08m,2.2,3.25,2.8,41.6667,45.4545,40.0,41.6667,45.4545,42.0168,30.7692,31.25,32.2581,32.2581,30.7692,31.25,38.1679,34.4828,40.0,40.0,35.7143,38.4615,H,42.7099,2.239,31.4258,0.6796,37.8044,2.263,ScotishPremierLeague
SC0,29/01/2006,Inverness C,Rangers,A,6.0,3.6,1.57,5.0,3.5,1.6,4.2,3.2,1.7,4.5,3.5,1.62,4.8,3.4,1.6,2005/6,€8.05m,€77.98m,6.0,3.5,1.5,16.6667,20.0,20.8333,23.8095,16.6667,22.2222,27.7778,28.5714,29.4118,31.25,28.5714,28.5714,63.6943,62.5,62.5,58.8235,66.6667,61.7284,A,20.0331,2.9107,29.0256,1.2061,62.6522,2.5597,ScotishPremierLeague
SC0,07/02/2006,Dundee United,Hearts,D,4.0,3.5,1.72,4.1,3.4,1.75,4.2,3.2,1.7,4.33,3.2,1.73,3.75,3.2,1.83,2005/6,€9.25m,€30.53m,3.75,3.4,1.8,25.0,24.3902,26.6667,23.8095,26.6667,23.0947,28.5714,29.4118,31.25,31.25,29.4118,31.25,58.1395,57.1429,54.6448,58.8235,55.5556,57.8035,A,24.938,1.48,30.1908,1.2002,57.0183,1.6075,ScotishPremierLeague
SC0,08/02/2006,Aberdeen,Rangers,H,4.5,3.6,1.61,5.0,3.5,1.6,4.8,3.5,1.55,5.0,3.5,1.57,5.5,3.3,1.57,2005/6,€6.45m,€77.98m,5.5,3.75,1.5,22.2222,20.0,18.1818,20.8333,18.1818,20.0,27.7778,28.5714,30.303,28.5714,26.6667,28.5714,62.1118,62.5,63.6943,64.5161,66.6667,63.6943,A,19.9032,1.5613,28.4103,1.1917,63.8639,1.629,ScotishPremierLeague
SC0,08/02/2006,Celtic,Falkirk,H,1.16,5.5,13.0,1.13,6.5,14.0,1.17,5.5,11.0,1.14,6.0,12.0,1.2,5.0,11.0,2005/6,€72.83m,€8.08m,1.15,6.0,11.0,86.2069,88.4956,83.3333,85.4701,86.9565,87.7193,18.1818,15.3846,20.0,18.1818,16.6667,16.6667,7.6923,7.1429,9.0909,9.0909,9.0909,8.3333,H,86.3636,1.8298,17.5136,1.6151,8.4069,0.8387,ScotishPremierLeague
SC0,08/02/2006,Dunfermline,Inverness C,D,2.87,3.2,2.2,2.85,3.15,2.25,3.2,3.1,2.0,2.8,3.2,2.2,3.5,3.2,1.9,2005/6,€8.43m,€8.05m,2.7,3.25,2.3,34.8432,35.0877,28.5714,31.25,37.037,35.7143,31.25,31.746,31.25,32.2581,30.7692,31.25,45.4545,44.4444,52.6316,50.0,43.4783,45.4545,A,33.7506,3.1848,31.4206,0.5136,46.9106,3.5882,ScotishPremierLeague
SC0,08/02/2006,Hibernian,Livingston,H,1.3,4.33,9.0,1.35,4.5,6.75,1.3,4.2,8.0,1.36,3.75,8.0,1.33,4.0,8.0,2005/6,€17.43m,€10.08m,1.35,4.0,7.5,76.9231,74.0741,75.188,76.9231,74.0741,73.5294,23.0947,22.2222,25.0,23.8095,25.0,26.6667,11.1111,14.8148,12.5,12.5,13.3333,12.5,H,75.1186,1.4983,24.2989,1.5869,12.7932,1.222,ScotishPremierLeague
SC0,08/02/2006,Kilmarnock,Motherwell,H,2.0,3.25,3.25,1.95,3.3,3.4,1.85,3.1,3.6,1.8,3.2,4.0,1.9,3.25,3.4,2005/6,€6.33m,€9.18m,1.85,3.25,3.75,50.0,51.2821,52.6316,54.0541,54.0541,55.5556,30.7692,30.303,30.7692,32.2581,30.7692,31.25,30.7692,29.4118,29.4118,27.7778,26.6667,25.0,H,52.9296,2.0401,31.0198,0.6765,28.1729,2.112,ScotishPremierLeague
SC0,11/02/2006,Falkirk,Hibernian,D,4.2,3.5,1.72,4.1,3.4,1.75,4.0,3.2,1.75,4.0,3.4,1.73,4.5,3.3,1.66,2005/6,€8.08m,€17.43m,4.0,3.3,1.75,23.8095,24.3902,22.2222,25.0,25.0,25.0,28.5714,29.4118,30.303,31.25,30.303,29.4118,58.1395,57.1429,60.241,57.1429,57.1429,57.8035,A,24.237,1.0966,29.8752,0.9365,57.9354,1.2049,ScotishPremierLeague
SC0,11/02/2006,Hearts,Aberdeen,A,1.44,4.0,6.0,1.4,4.0,7.0,1.55,3.5,4.8,1.4,3.75,7.0,1.44,3.75,6.0,2005/6,€30.53m,€6.45m,1.4,3.75,7.5,69.4444,71.4286,69.4444,64.5161,71.4286,71.4286,25.0,25.0,26.6667,28.5714,26.6667,26.6667,16.6667,14.2857,16.6667,20.8333,13.3333,14.2857,H,69.6151,2.6805,26.4286,1.3299,16.0119,2.729,ScotishPremierLeague
SC0,11/02/2006,Inverness C,Kilmarnock,D,2.25,3.25,2.8,2.1,3.2,3.1,2.2,3.0,2.9,2.25,3.2,2.75,2.37,3.1,2.62,2005/6,€8.05m,€6.33m,2.25,3.25,2.75,44.4444,47.619,42.1941,45.4545,44.4444,44.4444,30.7692,31.25,32.2581,33.3333,30.7692,31.25,35.7143,32.2581,38.1679,34.4828,36.3636,36.3636,H,44.7668,1.7629,31.605,1.0063,35.5584,2.0089,ScotishPremierLeague
SC0,11/02/2006,Livingston,Dunfermline,A,2.3,3.25,2.75,2.3,3.25,2.7,2.3,3.0,2.7,2.2,3.25,2.75,2.5,3.1,2.5,2005/6,€10.08m,€8.43m,2.25,3.25,2.75,43.4783,43.4783,40.0,43.4783,44.4444,45.4545,30.7692,30.7692,32.2581,33.3333,30.7692,30.7692,36.3636,37.037,40.0,37.037,36.3636,36.3636,H,43.389,1.8379,31.4447,1.1003,37.1941,1.4136,ScotishPremierLeague
SC0,11/02/2006,Motherwell,Dundee United,H,2.1,3.2,3.2,1.85,3.3,3.75,2.1,3.0,3.1,1.91,3.25,3.4,2.05,3.2,3.1,2005/6,€9.18m,€9.25m,2.0,3.25,3.25,47.619,54.0541,48.7805,47.619,50.0,52.356,31.25,30.303,31.25,33.3333,30.7692,30.7692,31.25,26.6667,32.2581,32.2581,30.7692,29.4118,H,50.0714,2.6375,31.2791,1.0672,30.4356,2.1293,ScotishPremierLeague
SC0,12/02/2006,Rangers,Celtic,A,2.5,3.25,2.5,2.5,3.2,2.5,2.55,3.1,2.55,2.38,3.2,2.6,2.62,3.1,2.37,2005/6,€77.98m,€72.83m,2.4,3.2,2.6,40.0,40.0,38.1679,39.2157,41.6667,42.0168,30.7692,31.25,32.2581,32.2581,31.25,31.25,40.0,40.0,42.1941,39.2157,38.4615,38.4615,H,40.1778,1.4579,31.5059,0.6117,39.7221,1.3928,ScotishPremierLeague
SC0,18/02/2006,Aberdeen,Falkirk,H,1.61,3.5,5.0,1.6,3.5,5.0,1.65,3.3,4.4,1.57,3.5,5.0,1.66,3.4,4.33,2005/6,€6.45m,€8.08m,1.6,3.4,5.0,62.1118,62.5,60.241,60.6061,62.5,63.6943,28.5714,28.5714,29.4118,30.303,29.4118,28.5714,20.0,20.0,23.0947,22.7273,20.0,20.0,H,61.9422,1.2962,29.1401,0.7029,20.9703,1.5077,ScotishPremierLeague
SC0,18/02/2006,Dundee United,Inverness C,A,2.37,3.25,2.62,2.4,3.2,2.6,2.4,3.0,2.6,2.38,3.2,2.6,2.4,2.9,2.75,2005/6,€9.25m,€8.05m,2.3,3.25,2.7,42.1941,41.6667,41.6667,41.6667,43.4783,42.0168,30.7692,31.25,34.4828,33.3333,30.7692,31.25,38.1679,38.4615,36.3636,38.4615,37.037,38.4615,H,42.1149,0.7039,31.9758,1.5552,37.8255,0.9044,ScotishPremierLeague
SC0,18/02/2006,Hearts,Motherwell,H,1.53,3.75,5.5,1.5,3.75,5.75,1.5,3.7,5.0,1.5,3.4,6.0,1.61,3.1,5.5,2005/6,€30.53m,€9.18m,1.5,3.75,5.5,65.3595,66.6667,62.1118,66.6667,66.6667,66.6667,26.6667,26.6667,32.2581,27.027,26.6667,29.4118,18.1818,17.3913,18.1818,20.0,18.1818,16.6667,H,65.6897,1.8291,28.1162,2.2945,18.1006,1.1124,ScotishPremierLeague
SC0,18/02/2006,Kilmarnock,Livingston,H,1.36,4.0,7.5,1.45,4.0,5.9,1.4,3.9,6.0,1.29,4.5,8.0,1.33,4.0,8.0,2005/6,€6.33m,€10.08m,1.35,3.75,8.5,73.5294,68.9655,75.188,71.4286,74.0741,77.5194,25.0,25.0,25.0,25.641,26.6667,22.2222,13.3333,16.9492,12.5,16.6667,11.7647,12.5,H,73.4508,2.9723,24.9216,1.4743,13.9523,2.2688,ScotishPremierLeague
SC0,18/02/2006,Rangers,Hibernian,H,1.61,3.6,5.5,1.55,3.6,5.4,1.7,3.2,4.2,1.62,3.5,4.5,1.61,3.5,4.5,2005/6,€77.98m,€17.43m,1.55,3.6,5.0,62.1118,64.5161,62.1118,58.8235,64.5161,61.7284,27.7778,27.7778,28.5714,31.25,27.7778,28.5714,18.1818,18.5185,22.2222,23.8095,20.0,22.2222,H,62.3013,2.1121,28.621,1.3453,20.8257,2.2715,ScotishPremierLeague
SC0,19/02/2006,Dunfermline,Celtic,A,9.5,4.5,1.33,8.5,4.5,1.3,8.5,4.3,1.27,8.0,5.0,1.25,11.0,5.0,1.2,2005/6,€8.43m,€72.83m,10.0,5.0,1.22,10.5263,11.7647,9.0909,11.7647,10.0,12.5,22.2222,22.2222,20.0,23.2558,20.0,20.0,75.188,76.9231,83.3333,78.7402,81.9672,80.0,A,10.9411,1.2859,21.2834,1.4556,79.3586,3.0569,ScotishPremierLeague
SC0,25/02/2006,Dunfermline,Dundee United,D,2.37,3.2,2.62,2.55,3.2,2.45,2.45,3.0,2.55,2.4,3.25,2.5,2.6,3.1,2.4,2005/6,€8.43m,€9.25m,2.6,3.2,2.4,42.1941,39.2157,38.4615,40.8163,38.4615,41.6667,31.25,31.25,32.2581,33.3333,31.25,30.7692,38.1679,40.8163,41.6667,39.2157,41.6667,40.0,H,40.136,1.643,31.6851,0.9436,40.2556,1.4001,ScotishPremierLeague
SC0,04/03/2006,Celtic,Aberdeen,H,1.2,5.5,11.0,1.2,5.0,13.0,1.3,4.2,8.0,1.22,5.0,10.0,1.22,5.0,9.5,2005/6,€72.83m,€6.45m,1.22,5.5,9.0,83.3333,83.3333,81.9672,76.9231,81.9672,81.9672,18.1818,20.0,20.0,23.8095,18.1818,20.0,9.0909,7.6923,10.5263,12.5,11.1111,10.0,H,81.5819,2.3784,20.0288,2.0552,10.1534,1.6597,ScotishPremierLeague
SC0,04/03/2006,Falkirk,Rangers,A,6.0,4.0,1.44,7.0,4.0,1.4,5.2,3.8,1.47,8.0,3.75,1.36,8.0,3.75,1.36,2005/6,€8.08m,€77.98m,6.5,4.0,1.4,16.6667,14.2857,12.5,19.2308,15.3846,12.5,25.0,25.0,26.6667,26.3158,25.0,26.6667,69.4444,71.4286,73.5294,68.0272,71.4286,73.5294,A,15.0946,2.5993,25.7749,0.8584,71.2313,2.1954,ScotishPremierLeague
SC0,04/03/2006,Hibernian,Dundee United,H,1.61,3.5,5.0,1.6,3.5,5.0,1.5,3.7,5.0,1.5,3.4,6.0,1.53,3.5,5.5,2005/6,€17.43m,€9.25m,1.5,3.5,6.0,62.1118,62.5,65.3595,66.6667,66.6667,66.6667,28.5714,28.5714,28.5714,27.027,28.5714,29.4118,20.0,20.0,18.1818,20.0,16.6667,16.6667,H,64.9952,2.1473,28.4541,0.7757,18.5859,1.6449,ScotishPremierLeague
SC0,04/03/2006,Inverness C,Motherwell,A,1.9,3.4,3.5,1.95,3.3,3.4,2.0,3.1,3.2,1.8,3.25,3.75,2.0,3.2,3.2,2005/6,€8.05m,€9.18m,1.9,3.25,3.5,52.6316,51.2821,50.0,50.0,52.6316,55.5556,29.4118,30.303,31.25,32.2581,30.7692,30.7692,28.5714,29.4118,31.25,31.25,28.5714,26.6667,H,52.0168,2.0954,30.7936,0.9491,29.2869,1.7671,ScotishPremierLeague
SC0,04/03/2006,Kilmarnock,Dunfermline,H,1.5,3.5,6.5,1.5,3.6,6.0,1.55,3.5,4.8,1.44,3.6,6.5,1.44,3.75,6.0,2005/6,€6.33m,€8.43m,1.45,3.75,6.5,66.6667,66.6667,69.4444,64.5161,68.9655,69.4444,28.5714,27.7778,26.6667,28.5714,26.6667,27.7778,15.3846,16.6667,16.6667,20.8333,15.3846,15.3846,H,67.6173,1.9959,27.672,0.8557,16.7201,2.1107,ScotishPremierLeague
SC0,05/03/2006,Livingston,Hearts,A,8.0,4.2,1.4,7.0,4.0,1.4,6.0,3.9,1.4,8.0,4.0,1.33,7.0,3.75,1.4,2005/6,€10.08m,€30.53m,7.5,4.0,1.35,12.5,14.2857,14.2857,16.6667,13.3333,12.5,23.8095,25.0,26.6667,25.641,25.0,25.0,71.4286,71.4286,71.4286,71.4286,74.0741,75.188,A,13.9286,1.5613,25.1862,0.9379,72.4961,1.6908,ScotishPremierLeague
SC0,11/03/2006,Dundee United,Livingston,H,1.57,3.6,5.0,1.6,3.5,5.0,1.6,3.4,4.6,1.57,3.5,5.0,1.53,3.5,5.5,2005/6,€9.25m,€10.08m,1.55,3.5,5.0,63.6943,62.5,65.3595,62.5,64.5161,63.6943,27.7778,28.5714,28.5714,29.4118,28.5714,28.5714,20.0,20.0,18.1818,21.7391,20.0,20.0,H,63.7107,1.1224,28.5792,0.5169,19.9868,1.1251,ScotishPremierLeague
SC0,11/03/2006,Dunfermline,Aberdeen,H,3.0,3.25,2.1,2.9,3.2,2.2,2.7,3.0,2.3,2.8,3.2,2.2,3.1,3.2,2.05,2005/6,€8.43m,€6.45m,2.8,3.25,2.2,33.3333,34.4828,32.2581,37.037,35.7143,35.7143,30.7692,31.25,31.25,33.3333,30.7692,31.25,47.619,45.4545,48.7805,43.4783,45.4545,45.4545,A,34.7566,1.7537,31.437,0.9584,46.0402,1.8759,ScotishPremierLeague
SC0,11/03/2006,Inverness C,Hearts,D,3.75,3.1,1.9,4.1,3.4,1.75,3.2,3.1,2.0,3.4,3.25,1.91,3.2,3.1,2.05,2005/6,€8.05m,€30.53m,4.35,3.25,1.73,26.6667,24.3902,31.25,31.25,22.9885,29.4118,32.2581,29.4118,32.2581,32.2581,30.7692,30.7692,52.6316,57.1429,48.7805,50.0,57.8035,52.356,A,27.6595,3.5312,31.2874,1.1732,53.1191,3.6744,ScotishPremierLeague
SC0,11/03/2006,Motherwell,Falkirk,H,1.72,3.25,4.33,1.65,3.4,4.75,1.75,3.2,4.0,1.73,3.4,4.0,1.66,3.3,4.5,2005/6,€9.18m,€8.08m,1.6,3.4,5.0,58.1395,60.6061,60.241,57.1429,62.5,57.8035,30.7692,29.4118,30.303,31.25,29.4118,29.4118,23.0947,21.0526,22.2222,25.0,20.0,25.0,H,59.4055,2.0496,30.0929,0.804,22.7283,2.0476,ScotishPremierLeague
SC0,11/03/2006,Rangers,Kilmarnock,H,1.36,4.33,6.5,1.4,4.0,7.0,1.45,3.8,5.4,1.4,3.75,7.0,1.36,3.75,8.0,2005/6,€77.98m,€6.33m,1.35,4.0,7.5,73.5294,71.4286,73.5294,68.9655,74.0741,71.4286,23.0947,25.0,26.6667,26.3158,25.0,26.6667,15.3846,14.2857,12.5,18.5185,13.3333,14.2857,H,72.1593,1.9333,25.4573,1.3901,14.718,2.1023,ScotishPremierLeague
SC0,12/03/2006,Hibernian,Celtic,A,6.5,3.75,1.53,7.0,4.0,1.4,4.6,3.4,1.6,5.5,3.5,1.53,6.0,3.4,1.5,2005/6,€17.43m,€72.83m,5.5,3.75,1.5,15.3846,14.2857,16.6667,21.7391,18.1818,18.1818,26.6667,25.0,29.4118,29.4118,26.6667,28.5714,65.3595,71.4286,66.6667,62.5,66.6667,65.3595,A,17.4066,2.621,27.6214,1.7893,66.3302,2.9249,ScotishPremierLeague
SC0,18/03/2006,Aberdeen,Livingston,H,1.44,3.75,6.5,1.4,4.0,6.9,1.45,3.8,5.4,1.33,4.0,8.0,1.4,3.5,8.0,2005/6,€6.45m,€10.08m,1.4,3.75,7.5,69.4444,71.4286,71.4286,68.9655,71.4286,75.188,26.6667,25.0,28.5714,26.3158,26.6667,25.0,15.3846,14.4928,12.5,18.5185,13.3333,12.5,H,71.314,2.1935,26.3701,1.3251,14.4549,2.2926,ScotishPremierLeague
SC0,18/03/2006,Kilmarnock,Falkirk,H,1.53,3.75,5.0,1.5,3.75,5.65,1.55,3.5,4.8,1.44,3.6,6.5,1.44,3.6,6.5,2005/6,€6.33m,€8.08m,1.5,3.5,6.0,65.3595,66.6667,69.4444,64.5161,66.6667,69.4444,26.6667,26.6667,27.7778,28.5714,28.5714,27.7778,20.0,17.6991,15.3846,20.8333,16.6667,15.3846,H,67.0163,2.0509,27.672,0.8557,17.6614,2.319,ScotishPremierLeague
SC0,18/03/2006,Motherwell,Hibernian,D,2.7,3.2,2.3,2.7,3.2,2.35,2.6,3.0,2.4,2.5,3.2,2.5,2.6,3.1,2.4,2005/6,€9.18m,€17.43m,2.5,3.2,2.5,37.037,37.037,38.4615,38.4615,40.0,40.0,31.25,31.25,32.2581,33.3333,31.25,31.25,43.4783,42.5532,41.6667,41.6667,40.0,40.0,A,38.4995,1.3254,31.7652,0.8676,41.5608,1.3825,ScotishPremierLeague
SC0,19/03/2006,Hearts,Rangers,D,1.44,3.75,6.5,1.4,4.0,6.9,1.45,3.8,5.4,1.33,4.0,8.0,1.4,3.5,8.0,2005/6,€30.53m,€77.98m,1.4,3.75,7.5,69.4444,71.4286,71.4286,68.9655,71.4286,75.188,26.6667,25.0,28.5714,26.3158,26.6667,25.0,15.3846,14.4928,12.5,18.5185,13.3333,12.5,H,71.314,2.1935,26.3701,1.3251,14.4549,2.2926,ScotishPremierLeague
SC0,22/03/2006,Celtic,Inverness C,H,1.14,7.0,17.0,1.2,5.0,13.0,1.25,4.5,9.0,1.2,5.0,11.0,1.25,4.5,10.0,2005/6,€72.83m,€8.05m,1.15,6.0,11.0,87.7193,83.3333,80.0,80.0,86.9565,83.3333,14.2857,20.0,22.2222,22.2222,16.6667,20.0,5.8824,7.6923,10.0,11.1111,9.0909,9.0909,H,83.5571,3.295,19.2328,3.1657,8.8113,1.827,ScotishPremierLeague
SC0,25/03/2006,Aberdeen,Motherwell,D,2.1,3.25,3.0,2.0,3.25,3.3,2.0,3.1,3.2,1.91,3.2,3.5,2.1,3.1,3.1,2005/6,€6.45m,€9.18m,2.1,3.25,3.0,47.619,50.0,47.619,50.0,47.619,52.356,30.7692,30.7692,32.2581,32.2581,30.7692,31.25,33.3333,30.303,32.2581,31.25,33.3333,28.5714,H,49.2022,1.9359,31.3456,0.7309,31.5082,1.8638,ScotishPremierLeague
SC0,25/03/2006,Dundee United,Kilmarnock,D,2.62,3.2,2.37,2.7,3.2,2.35,2.6,3.0,2.4,2.6,3.2,2.38,2.75,3.1,2.3,2005/6,€9.25m,€6.33m,2.6,3.2,2.4,38.1679,37.037,36.3636,38.4615,38.4615,38.4615,31.25,31.25,32.2581,33.3333,31.25,31.25,42.1941,42.5532,43.4783,41.6667,41.6667,42.0168,A,37.8255,0.9044,31.7652,0.8676,42.2626,0.6838,ScotishPremierLeague
SC0,25/03/2006,Falkirk,Hearts,A,6.0,3.6,1.5,6.0,4.0,1.45,5.0,3.7,1.5,6.0,3.4,1.5,6.0,3.75,1.44,2005/6,€8.08m,€30.53m,6.0,3.5,1.5,16.6667,16.6667,16.6667,20.0,16.6667,16.6667,27.7778,25.0,26.6667,27.027,28.5714,29.4118,66.6667,68.9655,69.4444,66.6667,66.6667,66.6667,A,17.2222,1.3608,27.4091,1.5491,67.5128,1.3195,ScotishPremierLeague
SC0,25/03/2006,Hibernian,Inverness C,A,1.72,3.5,4.0,1.75,3.4,4.1,1.75,3.2,4.0,1.73,3.4,4.0,1.8,3.1,4.0,2005/6,€17.43m,€8.05m,1.7,3.3,4.35,58.1395,57.1429,55.5556,57.1429,58.8235,57.8035,28.5714,29.4118,32.2581,31.25,30.303,29.4118,25.0,24.3902,25.0,25.0,22.9885,25.0,H,57.4346,1.1192,30.201,1.3597,24.5631,0.809,ScotishPremierLeague
SC0,25/03/2006,Rangers,Dunfermline,H,1.14,6.5,12.0,1.13,6.4,14.0,1.15,6.0,12.0,1.17,5.5,12.0,1.12,6.0,15.0,2005/6,€77.98m,€8.43m,1.17,6.0,11.0,87.7193,88.4956,89.2857,86.9565,85.4701,85.4701,15.3846,15.625,16.6667,16.6667,16.6667,18.1818,8.3333,7.1429,6.6667,8.3333,9.0909,8.3333,H,87.2329,1.5708,16.5319,0.9915,7.9834,0.8982,ScotishPremierLeague
SC0,26/03/2006,Livingston,Celtic,A,12.0,6.5,1.14,11.0,6.5,1.15,12.0,6.0,1.15,12.0,6.0,1.14,15.0,6.0,1.12,2005/6,€10.08m,€72.83m,11.0,6.0,1.17,8.3333,9.0909,6.6667,8.3333,9.0909,8.3333,15.3846,15.3846,16.6667,16.6667,16.6667,16.6667,87.7193,86.9565,89.2857,86.9565,85.4701,87.7193,A,8.3081,0.8856,16.2393,0.6621,87.3512,1.2541,ScotishPremierLeague
SC0,01/04/2006,Dunfermline,Falkirk,D,2.1,3.25,3.0,2.1,3.2,3.1,2.1,3.0,3.1,1.91,3.25,3.4,2.0,3.2,3.2,2005/6,€8.43m,€8.08m,2.0,3.25,3.25,47.619,47.619,50.0,47.619,50.0,52.356,30.7692,31.25,31.25,33.3333,30.7692,30.7692,33.3333,32.2581,31.25,32.2581,30.7692,29.4118,H,49.2022,1.9359,31.3568,0.9965,31.5468,1.3751,ScotishPremierLeague
SC0,01/04/2006,Inverness C,Aberdeen,A,2.25,3.25,2.75,2.2,3.2,2.9,2.2,3.0,2.9,2.0,3.2,3.2,2.25,3.2,2.75,2005/6,€8.05m,€6.45m,2.25,3.2,2.8,44.4444,45.4545,44.4444,45.4545,44.4444,50.0,30.7692,31.25,31.25,33.3333,31.25,31.25,36.3636,34.4828,36.3636,34.4828,35.7143,31.25,H,45.707,2.1605,31.5171,0.9103,34.7762,1.9249,ScotishPremierLeague
SC0,01/04/2006,Motherwell,Livingston,H,1.4,4.0,7.5,1.45,3.7,6.5,1.35,4.0,7.0,1.4,3.75,7.0,1.36,4.0,7.0,2005/6,€9.18m,€10.08m,1.33,4.35,7.5,71.4286,68.9655,73.5294,74.0741,75.188,71.4286,25.0,27.027,25.0,25.0,22.9885,26.6667,13.3333,15.3846,14.2857,14.2857,13.3333,14.2857,H,72.4357,2.2595,25.2804,1.4465,14.1514,0.7633,ScotishPremierLeague
SC0,02/04/2006,Dundee United,Rangers,A,7.5,4.0,1.44,6.5,3.7,1.45,5.4,3.8,1.45,6.5,3.6,1.44,7.0,3.75,1.4,2005/6,€9.25m,€77.98m,7.5,3.75,1.4,13.3333,15.3846,14.2857,18.5185,13.3333,15.3846,25.0,27.027,26.6667,26.3158,26.6667,27.7778,69.4444,68.9655,71.4286,68.9655,71.4286,69.4444,A,15.04,1.9356,26.5757,0.9182,69.9462,1.1681,ScotishPremierLeague
SC0,05/04/2006,Celtic,Hearts,H,1.53,3.8,6.0,1.45,3.7,6.5,1.45,3.8,5.4,1.44,3.75,6.0,1.44,3.75,6.0,2005/6,€72.83m,€30.53m,1.5,3.5,6.0,65.3595,68.9655,69.4444,68.9655,66.6667,69.4444,26.3158,27.027,26.6667,26.3158,28.5714,26.6667,16.6667,15.3846,16.6667,18.5185,16.6667,16.6667,H,68.141,1.7128,26.9272,0.8481,16.7616,1.0019,ScotishPremierLeague
SC0,05/04/2006,Hibernian,Kilmarnock,H,2.0,3.25,3.25,2.1,3.2,3.1,2.0,3.0,3.1,2.1,3.2,3.0,2.1,3.1,3.1,2005/6,€17.43m,€6.33m,2.1,3.25,3.0,50.0,47.619,47.619,50.0,47.619,47.619,30.7692,31.25,32.2581,33.3333,30.7692,31.25,30.7692,32.2581,32.2581,32.2581,33.3333,33.3333,H,48.4127,1.2295,31.605,1.0063,32.3684,0.944,ScotishPremierLeague
SC0,08/04/2006,Aberdeen,Hibernian,H,2.0,3.25,3.25,2.1,3.2,3.1,2.2,3.0,2.9,2.0,3.4,3.0,2.0,3.3,3.1,2005/6,€6.45m,€17.43m,2.1,3.25,3.0,50.0,47.619,50.0,45.4545,47.619,50.0,30.7692,31.25,30.303,33.3333,30.7692,29.4118,30.7692,32.2581,32.2581,34.4828,33.3333,33.3333,H,48.4487,1.8741,30.9728,1.3128,32.7391,1.272,ScotishPremierLeague
SC0,08/04/2006,Falkirk,Dundee United,H,2.62,3.2,2.37,2.5,3.2,2.5,2.6,3.0,2.4,2.6,3.2,2.38,2.75,3.2,2.25,2005/6,€8.08m,€9.25m,2.6,3.2,2.4,38.1679,40.0,36.3636,38.4615,38.4615,38.4615,31.25,31.25,31.25,33.3333,31.25,31.25,42.1941,40.0,44.4444,41.6667,41.6667,42.0168,A,38.3193,1.1604,31.5972,0.8505,41.9981,1.4307,ScotishPremierLeague
SC0,08/04/2006,Hearts,Dunfermline,H,1.2,5.0,12.0,1.25,4.75,10.0,1.27,4.3,8.5,1.29,4.5,8.0,1.22,5.0,9.5,2005/6,€30.53m,€8.43m,1.25,5.0,8.5,83.3333,80.0,81.9672,78.7402,80.0,77.5194,20.0,21.0526,20.0,23.2558,20.0,22.2222,8.3333,10.0,10.5263,11.7647,11.7647,12.5,H,80.26,2.1126,21.0884,1.3812,10.8148,1.5198,ScotishPremierLeague
SC0,08/04/2006,Livingston,Inverness C,H,4.33,3.3,1.72,3.5,3.35,1.9,3.8,3.1,1.8,4.5,3.5,1.62,4.5,3.5,1.61,2005/6,€10.08m,€8.05m,4.35,3.5,1.65,23.0947,28.5714,22.2222,26.3158,22.9885,22.2222,30.303,29.8507,28.5714,32.2581,28.5714,28.5714,58.1395,52.6316,62.1118,55.5556,60.6061,61.7284,A,24.2358,2.6112,29.6877,1.4663,58.4622,3.7718,ScotishPremierLeague
SC0,08/04/2006,Rangers,Motherwell,H,1.2,5.0,12.0,1.25,4.75,10.0,1.27,4.3,8.5,1.29,5.0,7.0,1.22,5.0,9.5,2005/6,€77.98m,€9.18m,1.22,5.5,8.5,83.3333,80.0,81.9672,78.7402,81.9672,77.5194,20.0,21.0526,20.0,23.2558,18.1818,20.0,8.3333,10.0,10.5263,11.7647,11.7647,14.2857,H,80.5879,2.2144,20.415,1.6722,11.1125,2.0112,ScotishPremierLeague
SC0,09/04/2006,Kilmarnock,Celtic,A,5.5,3.8,1.57,5.0,3.5,1.6,5.4,3.8,1.45,6.0,3.4,1.5,4.5,3.5,1.61,2005/6,€6.33m,€72.83m,5.0,3.6,1.55,18.1818,20.0,22.2222,18.5185,20.0,16.6667,26.3158,28.5714,28.5714,26.3158,27.7778,29.4118,63.6943,62.5,62.1118,68.9655,64.5161,66.6667,A,19.2649,1.9135,27.8273,1.2798,64.7424,2.6319,ScotishPremierLeague
SC0,15/04/2006,Falkirk,Dunfermline,D,2.2,3.25,2.8,2.15,3.2,3.0,2.2,3.0,2.9,2.1,3.2,3.0,2.2,3.2,2.8,2005/6,€8.08m,€8.43m,2.2,3.25,2.8,45.4545,46.5116,45.4545,45.4545,45.4545,47.619,30.7692,31.25,31.25,33.3333,30.7692,31.25,35.7143,33.3333,35.7143,34.4828,35.7143,33.3333,H,45.9914,0.9025,31.437,0.9584,34.7154,1.172,ScotishPremierLeague
SC0,15/04/2006,Hearts,Kilmarnock,H,1.36,4.0,7.5,1.35,4.25,7.25,1.4,3.9,6.0,1.4,4.0,6.5,1.44,3.75,6.0,2005/6,€30.53m,€6.33m,1.35,4.0,7.5,73.5294,74.0741,69.4444,71.4286,74.0741,71.4286,25.0,23.5294,26.6667,25.641,25.0,25.0,13.3333,13.7931,16.6667,16.6667,13.3333,15.3846,H,72.3299,1.8694,25.1395,1.0232,14.863,1.5877,ScotishPremierLeague
SC0,15/04/2006,Livingston,Dundee United,H,2.62,3.2,2.37,2.75,3.2,2.3,2.5,3.0,2.5,2.75,3.2,2.25,2.62,3.2,2.3,2005/6,€10.08m,€9.25m,2.35,3.4,2.5,38.1679,36.3636,38.1679,40.0,42.5532,36.3636,31.25,31.25,31.25,33.3333,29.4118,31.25,42.1941,43.4783,43.4783,40.0,40.0,44.4444,A,38.6027,2.3649,31.2908,1.2417,42.2658,1.8952,ScotishPremierLeague
SC0,15/04/2006,Motherwell,Inverness C,A,2.1,3.25,3.0,2.0,3.25,3.3,2.0,3.1,3.2,2.1,3.2,3.0,2.1,3.2,3.0,2005/6,€9.18m,€8.05m,1.9,3.25,3.5,47.619,50.0,47.619,50.0,52.6316,47.619,30.7692,30.7692,31.25,32.2581,30.7692,31.25,33.3333,30.303,33.3333,31.25,28.5714,33.3333,H,49.2481,2.0269,31.1776,0.5794,31.6874,1.9972,ScotishPremierLeague
SC0,15/04/2006,Rangers,Aberdeen,D,1.25,5.0,9.0,1.25,5.0,9.0,1.3,4.2,8.0,1.33,4.0,8.0,1.28,4.5,8.0,2005/6,€77.98m,€6.45m,1.25,5.0,8.5,80.0,80.0,78.125,76.9231,80.0,75.188,20.0,20.0,22.2222,23.8095,20.0,25.0,11.1111,11.1111,12.5,12.5,11.7647,12.5,H,78.3727,2.0124,21.8386,2.1985,11.9145,0.6844,ScotishPremierLeague
SC0,16/04/2006,Celtic,Hibernian,D,1.28,4.5,9.0,1.3,4.5,8.5,1.35,4.0,7.0,1.25,5.0,8.0,1.36,4.0,7.0,2005/6,€72.83m,€17.43m,1.3,4.35,8.0,78.125,76.9231,73.5294,74.0741,76.9231,80.0,22.2222,22.2222,25.0,25.0,22.9885,20.0,11.1111,11.7647,14.2857,14.2857,12.5,12.5,H,76.5958,2.4455,22.9055,1.9056,12.7412,1.3037,ScotishPremierLeague
SC0,22/04/2006,Aberdeen,Kilmarnock,D,2.0,3.25,3.25,2.0,3.2,3.35,2.1,3.0,3.1,1.91,3.2,3.5,2.1,3.2,3.0,2005/6,€6.45m,€6.33m,2.0,3.25,3.25,50.0,50.0,47.619,47.619,50.0,52.356,30.7692,31.25,31.25,33.3333,30.7692,31.25,30.7692,29.8507,33.3333,32.2581,30.7692,28.5714,H,49.599,1.7846,31.437,0.9584,30.9253,1.6923,ScotishPremierLeague
SC0,22/04/2006,Dunfermline,Livingston,H,2.1,3.2,3.0,2.1,3.5,2.85,2.1,3.0,3.1,2.0,3.4,3.0,2.0,3.2,3.2,2005/6,€8.43m,€10.08m,2.1,3.25,3.0,47.619,47.619,50.0,47.619,47.619,50.0,31.25,28.5714,31.25,33.3333,30.7692,29.4118,33.3333,35.0877,31.25,32.2581,33.3333,33.3333,H,48.4127,1.2295,30.7643,1.6559,33.0993,1.2842,ScotishPremierLeague
SC0,22/04/2006,Falkirk,Motherwell,D,2.6,3.2,2.4,2.7,3.2,2.35,2.5,3.0,2.5,2.38,3.5,2.38,2.75,3.2,2.25,2005/6,€8.08m,€9.18m,2.6,3.2,2.4,38.4615,37.037,36.3636,40.0,38.4615,42.0168,31.25,31.25,31.25,33.3333,31.25,28.5714,41.6667,42.5532,44.4444,40.0,41.6667,42.0168,A,38.7234,2.0507,31.1508,1.5137,42.058,1.448,ScotishPremierLeague
SC0,22/04/2006,Hibernian,Hearts,H,3.0,3.25,2.1,2.75,3.2,2.3,2.7,3.0,2.3,3.0,3.2,2.1,3.0,3.2,2.1,2005/6,€17.43m,€30.53m,3.0,3.25,2.1,33.3333,36.3636,33.3333,37.037,33.3333,33.3333,30.7692,31.25,31.25,33.3333,30.7692,31.25,47.619,43.4783,47.619,43.4783,47.619,47.619,A,34.4556,1.7517,31.437,0.9584,46.2388,2.1382,ScotishPremierLeague
SC0,22/04/2006,Inverness C,Dundee United,H,1.83,3.3,3.75,1.8,3.4,3.8,1.9,3.1,3.5,1.67,3.6,4.0,1.83,3.2,3.75,2005/6,€8.05m,€9.25m,1.85,3.25,3.75,54.6448,55.5556,54.6448,52.6316,54.0541,59.8802,30.303,29.4118,31.25,32.2581,30.7692,27.7778,26.6667,26.3158,26.6667,28.5714,26.6667,25.0,H,55.2352,2.4718,30.295,1.5561,26.6479,1.1425,ScotishPremierLeague
SC0,23/04/2006,Celtic,Rangers,D,1.9,3.25,3.5,1.9,3.3,3.6,2.1,3.0,3.1,2.0,3.2,3.2,1.83,3.4,3.5,2005/6,€72.83m,€77.98m,2.0,3.25,3.25,52.6316,52.6316,54.6448,47.619,50.0,50.0,30.7692,30.303,29.4118,33.3333,30.7692,31.25,28.5714,27.7778,28.5714,32.2581,30.7692,31.25,H,51.2545,2.516,30.9728,1.3128,29.8663,1.7981,ScotishPremierLeague
SC0,29/04/2006,Aberdeen,Hibernian,H,2.25,3.2,2.8,2.2,3.2,2.9,2.4,3.0,2.6,2.1,3.2,3.0,2.25,3.2,2.75,2005/6,€6.45m,€17.43m,2.2,3.25,2.8,44.4444,45.4545,44.4444,41.6667,45.4545,47.619,31.25,31.25,31.25,33.3333,30.7692,31.25,35.7143,34.4828,36.3636,38.4615,35.7143,33.3333,H,44.8472,1.9422,31.5171,0.9103,35.6783,1.7405,ScotishPremierLeague
SC0,29/04/2006,Dundee United,Falkirk,A,2.0,3.25,3.25,1.9,3.25,3.6,2.2,3.0,2.9,2.0,3.4,3.0,2.05,3.2,3.1,2005/6,€9.25m,€8.08m,1.9,3.25,3.5,50.0,52.6316,48.7805,45.4545,52.6316,50.0,30.7692,30.7692,31.25,33.3333,30.7692,29.4118,30.7692,27.7778,32.2581,34.4828,28.5714,33.3333,H,49.9164,2.6817,31.0504,1.2786,31.1988,2.6553,ScotishPremierLeague
SC0,29/04/2006,Kilmarnock,Rangers,A,6.0,4.0,1.44,5.9,4.0,1.45,5.4,3.8,1.45,5.0,3.5,1.57,5.5,3.6,1.5,2005/6,€6.33m,€77.98m,6.0,3.75,1.45,16.6667,16.9492,18.1818,18.5185,16.6667,20.0,25.0,25.0,27.7778,26.3158,26.6667,28.5714,69.4444,68.9655,66.6667,68.9655,68.9655,63.6943,A,17.8305,1.3258,26.5553,1.4468,67.7837,2.2324,ScotishPremierLeague
SC0,29/04/2006,Livingston,Inverness C,A,2.87,3.2,2.2,2.75,3.2,2.3,2.9,3.0,2.2,3.0,3.2,2.1,3.1,3.3,2.0,2005/6,€10.08m,€8.05m,2.7,3.25,2.25,34.8432,36.3636,32.2581,34.4828,37.037,33.3333,31.25,31.25,30.303,33.3333,30.7692,31.25,45.4545,43.4783,50.0,45.4545,44.4444,47.619,A,34.7197,1.7958,31.3593,1.0389,46.0751,2.3648,ScotishPremierLeague
SC0,29/04/2006,Motherwell,Dunfermline,A,1.66,3.4,4.5,1.7,3.4,4.4,1.7,3.2,4.2,1.62,3.5,4.5,1.57,3.5,5.0,2005/6,€9.18m,€8.43m,1.65,3.4,4.35,60.241,58.8235,63.6943,58.8235,60.6061,61.7284,29.4118,29.4118,28.5714,31.25,29.4118,28.5714,22.2222,22.7273,20.0,23.8095,22.9885,22.2222,H,60.6528,1.8586,29.438,0.9785,22.3283,1.2832,ScotishPremierLeague
SC0,30/04/2006,Hearts,Celtic,H,2.62,3.4,2.5,2.75,3.2,2.3,2.6,3.0,2.4,2.75,3.25,2.2,2.3,3.4,2.5,2005/6,€30.53m,€72.83m,2.3,3.3,2.6,38.1679,36.3636,43.4783,38.4615,43.4783,36.3636,29.4118,31.25,29.4118,33.3333,30.303,30.7692,40.0,43.4783,40.0,41.6667,38.4615,45.4545,A,39.3855,3.2894,30.7465,1.4632,41.5102,2.5811,ScotishPremierLeague
SC0,02/05/2006,Dundee United,Dunfermline,A,2.2,3.25,2.8,2.1,3.2,3.1,2.2,3.0,2.9,2.2,3.25,2.75,2.15,3.2,2.9,2005/6,€9.25m,€8.43m,2.2,3.25,2.8,45.4545,47.619,46.5116,45.4545,45.4545,45.4545,30.7692,31.25,31.25,33.3333,30.7692,30.7692,35.7143,32.2581,34.4828,34.4828,35.7143,36.3636,H,45.9914,0.9025,31.3568,0.9965,34.836,1.4678,ScotishPremierLeague
SC0,02/05/2006,Hibernian,Rangers,A,9.0,4.33,1.36,6.9,4.0,1.4,6.0,3.9,1.4,6.5,4.0,1.4,7.0,4.33,1.33,2005/6,€17.43m,€77.98m,8.0,4.5,1.3,11.1111,14.4928,14.2857,16.6667,12.5,15.3846,23.0947,25.0,23.0947,25.641,22.2222,25.0,73.5294,71.4286,75.188,71.4286,76.9231,71.4286,A,14.0735,1.9958,24.0088,1.3778,73.321,2.3344,ScotishPremierLeague
SC0,03/05/2006,Celtic,Kilmarnock,H,1.22,5.0,10.0,1.2,5.0,13.0,1.3,4.2,8.0,1.25,5.0,8.0,1.22,5.0,9.5,2005/6,€72.83m,€6.33m,1.3,4.35,8.0,81.9672,83.3333,81.9672,76.9231,76.9231,80.0,20.0,20.0,20.0,23.8095,22.9885,20.0,10.0,7.6923,10.5263,12.5,12.5,12.5,H,80.1856,2.7415,21.133,1.7743,10.9531,1.9443,ScotishPremierLeague
SC0,03/05/2006,Hearts,Aberdeen,H,1.4,4.0,6.5,1.4,4.0,6.9,1.45,3.8,5.4,1.33,4.33,7.0,1.44,3.75,6.0,2005/6,€30.53m,€6.45m,1.4,3.75,7.0,71.4286,71.4286,69.4444,68.9655,71.4286,75.188,25.0,25.0,26.6667,26.3158,26.6667,23.0947,15.3846,14.4928,16.6667,18.5185,14.2857,14.2857,H,71.314,2.1935,25.4573,1.3901,15.6057,1.696,ScotishPremierLeague
SC0,03/05/2006,Inverness C,Falkirk,H,1.72,3.25,4.33,1.75,3.4,4.1,1.8,3.1,3.8,1.62,3.5,4.5,1.72,3.4,4.0,2005/6,€8.05m,€8.08m,1.65,3.4,4.35,58.1395,57.1429,58.1395,55.5556,60.6061,61.7284,30.7692,29.4118,29.4118,32.2581,29.4118,28.5714,23.0947,24.3902,25.0,26.3158,22.9885,22.2222,H,58.552,2.2633,29.9724,1.324,24.0019,1.5178,ScotishPremierLeague
SC0,03/05/2006,Livingston,Motherwell,A,3.0,3.25,2.1,3.1,3.2,2.1,2.9,3.0,2.2,2.75,3.2,2.25,3.0,3.2,2.1,2005/6,€10.08m,€9.18m,2.9,3.25,2.2,33.3333,32.2581,33.3333,34.4828,34.4828,36.3636,30.7692,31.25,31.25,33.3333,30.7692,31.25,47.619,47.619,47.619,45.4545,45.4545,44.4444,A,34.0423,1.4118,31.437,0.9584,46.3684,1.4187,ScotishPremierLeague
SC0,06/05/2006,Dunfermline,Inverness C,A,2.6,3.2,2.4,2.85,3.2,2.25,2.6,3.0,2.4,2.75,3.2,2.25,2.8,3.2,2.2,2005/6,€8.43m,€8.05m,2.7,3.2,2.3,38.4615,35.0877,35.7143,38.4615,37.037,36.3636,31.25,31.25,31.25,33.3333,31.25,31.25,41.6667,44.4444,45.4545,41.6667,43.4783,44.4444,A,36.8543,1.4043,31.5972,0.8505,43.5258,1.5699,ScotishPremierLeague
SC0,06/05/2006,Falkirk,Livingston,H,1.72,3.25,4.33,1.75,3.4,4.1,1.7,3.2,4.2,1.73,3.4,4.0,1.7,3.3,4.33,2005/6,€8.08m,€10.08m,1.65,3.4,4.35,58.1395,57.1429,58.8235,58.8235,60.6061,57.8035,30.7692,29.4118,30.303,31.25,29.4118,29.4118,23.0947,24.3902,23.0947,23.8095,22.9885,25.0,H,58.5565,1.1902,30.0929,0.804,23.7296,0.8261,ScotishPremierLeague
SC0,06/05/2006,Motherwell,Dundee United,D,1.66,3.5,4.33,1.75,3.4,4.1,1.75,3.2,4.0,1.73,3.4,4.0,1.8,3.3,3.75,2005/6,€9.18m,€9.25m,1.73,3.4,4.0,60.241,57.1429,55.5556,57.1429,57.8035,57.8035,28.5714,29.4118,30.303,31.25,29.4118,29.4118,23.0947,24.3902,26.6667,25.0,25.0,25.0,H,57.6149,1.5267,29.7266,0.9257,24.8586,1.1541,ScotishPremierLeague
SC0,07/05/2006,Aberdeen,Celtic,D,5.0,3.6,1.66,5.0,3.5,1.6,4.8,3.5,1.55,5.0,3.5,1.57,5.5,3.5,1.53,2005/6,€6.45m,€72.83m,4.5,3.6,1.6,20.0,20.0,18.1818,20.8333,22.2222,20.0,27.7778,28.5714,28.5714,28.5714,27.7778,28.5714,60.241,62.5,65.3595,64.5161,62.5,63.6943,A,20.2062,1.3178,28.3069,0.4098,63.1352,1.8083,ScotishPremierLeague
SC0,07/05/2006,Kilmarnock,Hibernian,H,2.4,3.2,2.6,2.4,3.35,2.6,2.7,3.0,2.3,2.25,3.2,2.75,2.62,3.3,2.25,2005/6,€6.33m,€17.43m,2.35,3.2,2.5,41.6667,41.6667,38.1679,37.037,42.5532,44.4444,31.25,29.8507,30.303,33.3333,31.25,31.25,38.4615,38.4615,44.4444,43.4783,40.0,36.3636,H,40.9226,2.7877,31.2062,1.1986,40.2016,3.1485,ScotishPremierLeague
SC0,07/05/2006,Rangers,Hearts,H,1.72,3.25,4.33,1.65,3.3,5.0,1.7,3.2,4.2,1.67,3.25,4.5,1.66,3.3,4.5,2005/6,€77.98m,€30.53m,1.65,3.4,4.5,58.1395,60.6061,60.241,58.8235,60.6061,59.8802,30.7692,30.303,30.303,31.25,29.4118,30.7692,23.0947,20.0,22.2222,23.8095,22.2222,22.2222,H,59.7161,1.0168,30.4677,0.6266,22.2618,1.2814,ScotishPremierLeague
SC0,29/07/2006,Celtic,Kilmarnock,H,1.2,5.0,12.0,1.2,5.5,10.5,1.22,4.8,9.5,1.16,5.5,12.0,1.2,5.0,11.0,2006/7,€92.70m,€9.40m,1.22,4.5,12.0,83.3333,83.3333,83.3333,81.9672,81.9672,86.2069,20.0,18.1818,20.0,20.8333,22.2222,18.1818,8.3333,9.5238,9.0909,10.5263,8.3333,8.3333,H,83.3569,1.5483,19.9032,1.5613,9.0235,0.888,ScotishPremierLeague
SC0,29/07/2006,Dundee United,Falkirk,A,1.9,3.25,3.5,2.0,3.25,3.3,2.0,3.2,3.3,1.9,3.2,3.5,1.95,3.25,3.3,2006/7,€8.35m,€12.50m,1.9,3.25,3.5,52.6316,50.0,51.2821,50.0,52.6316,52.6316,30.7692,30.7692,30.7692,31.25,30.7692,31.25,28.5714,30.303,30.303,30.303,28.5714,28.5714,H,51.5295,1.2949,30.9295,0.2483,29.4372,0.9484,ScotishPremierLeague
SC0,29/07/2006,Dunfermline,Hearts,A,6.0,3.5,1.5,5.2,3.65,1.55,5.0,3.7,1.5,5.5,3.5,1.53,5.5,3.5,1.53,2006/7,€8.88m,€29.03m,6.5,3.5,1.5,16.6667,19.2308,18.1818,20.0,15.3846,18.1818,28.5714,27.3973,28.5714,27.027,28.5714,28.5714,66.6667,64.5161,65.3595,66.6667,66.6667,65.3595,A,17.9409,1.6839,28.1183,0.7116,65.8725,0.9229,ScotishPremierLeague
SC0,29/07/2006,Hibernian,Aberdeen,D,1.9,3.25,3.5,2.1,3.25,3.05,2.1,3.0,3.1,1.83,3.2,3.75,1.83,3.2,3.75,2006/7,€17.98m,€7.58m,2.0,3.25,3.25,52.6316,47.619,54.6448,47.619,50.0,54.6448,30.7692,30.7692,31.25,33.3333,30.7692,31.25,28.5714,32.7869,26.6667,32.2581,30.7692,26.6667,H,51.1932,3.2518,31.3568,0.9965,29.6198,2.7149,ScotishPremierLeague
SC0,29/07/2006,Inverness C,St Mirren,A,1.72,3.25,4.33,1.7,3.5,4.2,1.7,3.2,4.2,1.66,3.4,4.33,1.7,3.3,4.33,2006/7,€7.53m,€6.83m,1.7,3.25,4.5,58.1395,58.8235,58.8235,58.8235,58.8235,60.241,30.7692,28.5714,30.303,31.25,30.7692,29.4118,23.0947,23.8095,23.0947,23.8095,22.2222,23.0947,H,58.9458,0.691,30.1791,1.0032,23.1876,0.5885,ScotishPremierLeague
SC0,30/07/2006,Motherwell,Rangers,A,6.5,4.0,1.4,6.75,4.5,1.35,7.0,4.0,1.35,8.0,3.75,1.36,7.0,4.0,1.36,2006/7,€11.85m,€67.35m,8.5,3.6,1.4,15.3846,14.8148,14.2857,14.2857,11.7647,12.5,25.0,22.2222,25.0,25.0,27.7778,26.6667,71.4286,74.0741,73.5294,74.0741,71.4286,73.5294,A,13.8392,1.4026,25.2778,1.884,73.0107,1.2495,ScotishPremierLeague
SC0,05/08/2006,Aberdeen,Inverness C,D,1.72,3.25,4.33,1.75,3.4,4.1,1.75,3.2,4.0,1.66,3.25,4.5,1.8,3.25,3.8,2006/7,€7.58m,€7.53m,1.8,3.25,4.0,58.1395,57.1429,55.5556,57.1429,55.5556,60.241,30.7692,29.4118,30.7692,31.25,30.7692,30.7692,23.0947,24.3902,26.3158,25.0,25.0,22.2222,H,57.2962,1.7601,30.6231,0.6238,24.3371,1.4706,ScotishPremierLeague
SC0,05/08/2006,Falkirk,Dunfermline,H,2.0,3.25,3.25,1.8,3.35,3.9,2.0,3.1,3.2,1.9,3.25,3.4,1.83,3.2,3.75,2006/7,€12.50m,€8.88m,2.0,3.25,3.25,50.0,55.5556,54.6448,50.0,50.0,52.6316,30.7692,29.8507,31.25,32.2581,30.7692,30.7692,30.7692,25.641,26.6667,31.25,30.7692,29.4118,H,52.1387,2.5267,30.9444,0.7883,29.0846,2.3739,ScotishPremierLeague
SC0,05/08/2006,Kilmarnock,Hibernian,H,2.4,3.2,2.6,2.3,3.25,2.7,2.2,3.0,2.9,2.4,3.25,2.5,2.37,3.1,2.62,2006/7,€9.40m,€17.98m,2.4,3.25,2.6,41.6667,43.4783,42.1941,45.4545,41.6667,41.6667,31.25,30.7692,32.2581,33.3333,30.7692,30.7692,38.4615,37.037,38.1679,34.4828,38.4615,40.0,H,42.6878,1.5265,31.5248,1.058,37.7684,1.8671,ScotishPremierLeague
SC0,05/08/2006,Rangers,Dundee United,D,1.14,7.0,15.0,1.15,6.5,11.5,1.15,6.0,12.0,1.16,5.5,12.0,1.16,5.5,12.0,2006/7,€67.35m,€8.35m,1.15,5.5,12.0,87.7193,86.9565,86.2069,86.9565,86.9565,86.2069,14.2857,15.3846,18.1818,16.6667,18.1818,18.1818,6.6667,8.6957,8.3333,8.3333,8.3333,8.3333,H,86.8338,0.5684,16.8137,1.6775,8.1159,0.7246,ScotishPremierLeague
SC0,05/08/2006,St Mirren,Motherwell,H,2.37,3.2,2.62,2.5,3.15,2.55,2.5,3.0,2.5,2.5,3.2,2.5,2.25,3.2,2.75,2006/7,€6.83m,€11.85m,2.35,3.2,2.65,42.1941,40.0,44.4444,40.0,42.5532,40.0,31.25,31.746,31.25,33.3333,31.25,31.25,38.1679,39.2157,36.3636,40.0,37.7358,40.0,H,41.532,1.8441,31.6799,0.8339,38.5805,1.4305,ScotishPremierLeague
SC0,06/08/2006,Hearts,Celtic,H,3.1,3.1,2.3,2.95,3.25,2.15,2.9,3.0,2.2,2.75,3.2,2.25,2.87,3.1,2.2,2006/7,€29.03m,€92.70m,2.8,3.1,2.25,32.2581,33.8983,34.8432,34.4828,35.7143,36.3636,32.2581,30.7692,32.2581,33.3333,32.2581,31.25,43.4783,46.5116,45.4545,45.4545,44.4444,44.4444,A,34.5934,1.4423,32.0211,0.9002,44.9646,1.0605,ScotishPremierLeague
SC0,12/08/2006,Celtic,St Mirren,H,1.2,5.5,17.0,1.15,6.5,11.5,1.15,6.0,12.0,1.14,5.5,15.0,1.14,6.0,12.0,2006/7,€92.70m,€6.83m,1.14,6.5,12.0,83.3333,86.9565,87.7193,86.9565,87.7193,87.7193,18.1818,15.3846,16.6667,16.6667,15.3846,18.1818,5.8824,8.6957,8.3333,8.3333,8.3333,6.6667,H,86.734,1.7074,16.7444,1.2524,7.7074,1.1459,ScotishPremierLeague
SC0,12/08/2006,Hearts,Falkirk,D,1.3,4.5,8.0,1.25,4.75,10.0,1.33,4.0,7.5,1.28,4.33,9.0,1.28,4.5,8.0,2006/7,€29.03m,€12.50m,1.25,5.0,9.0,76.9231,80.0,78.125,75.188,80.0,78.125,22.2222,21.0526,22.2222,25.0,20.0,23.0947,12.5,10.0,12.5,13.3333,11.1111,11.1111,H,78.0602,1.8481,22.2653,1.7189,11.7592,1.2256,ScotishPremierLeague
SC0,12/08/2006,Inverness C,Hibernian,D,2.3,3.2,2.7,2.6,3.2,2.4,2.6,3.0,2.4,2.4,3.25,2.5,2.3,3.2,2.62,2006/7,€7.53m,€17.98m,2.35,3.25,2.6,43.4783,38.4615,43.4783,38.4615,42.5532,41.6667,31.25,31.25,31.25,33.3333,30.7692,30.7692,37.037,41.6667,38.1679,41.6667,38.4615,40.0,H,41.3499,2.3364,31.437,0.9584,39.5,1.9266,ScotishPremierLeague
SC0,12/08/2006,Kilmarnock,Dundee United,D,1.72,3.25,4.33,1.75,3.4,4.1,1.75,3.2,4.0,1.61,3.5,4.5,1.7,3.2,4.5,2006/7,€9.40m,€8.35m,1.75,3.25,4.35,58.1395,57.1429,58.8235,57.1429,57.1429,62.1118,30.7692,29.4118,31.25,31.25,30.7692,28.5714,23.0947,24.3902,22.2222,25.0,22.9885,22.2222,H,58.4172,1.9372,30.3369,1.0967,23.3196,1.1436,ScotishPremierLeague
SC0,12/08/2006,Motherwell,Aberdeen,A,2.3,3.2,2.7,2.5,3.15,2.55,2.6,3.0,2.4,2.5,3.2,2.5,2.37,3.1,2.62,2006/7,€11.85m,€7.58m,2.4,3.2,2.6,43.4783,40.0,42.1941,38.4615,41.6667,40.0,31.25,31.746,32.2581,33.3333,31.25,31.25,37.037,39.2157,38.1679,41.6667,38.4615,40.0,H,40.9668,1.8138,31.8479,0.8316,39.0915,1.6089,ScotishPremierLeague
SC0,13/08/2006,Dunfermline,Rangers,D,9.0,4.33,1.36,10.0,4.75,1.25,9.0,4.5,1.25,8.0,4.5,1.28,8.0,4.5,1.28,2006/7,€8.88m,€67.35m,9.0,5.0,1.25,11.1111,10.0,12.5,11.1111,11.1111,12.5,23.0947,21.0526,22.2222,22.2222,20.0,22.2222,73.5294,80.0,78.125,80.0,80.0,78.125,A,11.3889,0.9623,21.8023,1.0963,78.2966,2.5096,ScotishPremierLeague
SC0,19/08/2006,Dundee United,Dunfermline,D,1.8,3.25,4.0,2.0,3.25,3.3,1.9,3.1,3.5,1.91,3.4,3.25,1.9,3.1,3.6,2006/7,€8.35m,€8.88m,1.8,3.25,4.0,55.5556,50.0,52.6316,52.6316,55.5556,52.356,30.7692,30.7692,32.2581,32.2581,30.7692,29.4118,25.0,30.303,27.7778,28.5714,25.0,30.7692,H,53.1217,2.1288,31.0393,1.0806,27.9036,2.5017,ScotishPremierLeague
SC0,19/08/2006,Falkirk,Kilmarnock,A,2.25,3.25,2.75,2.25,3.2,2.85,2.4,3.0,2.6,2.25,3.4,2.62,2.3,3.2,2.62,2006/7,€12.50m,€9.40m,2.35,3.2,2.65,44.4444,44.4444,43.4783,41.6667,42.5532,44.4444,30.7692,31.25,31.25,33.3333,31.25,29.4118,36.3636,35.0877,38.1679,38.4615,37.7358,38.1679,H,43.5052,1.1776,31.2107,1.2602,37.3307,1.3275,ScotishPremierLeague
SC0,19/08/2006,Hibernian,Motherwell,H,1.66,3.4,4.5,1.7,3.5,4.2,1.6,3.4,4.6,1.53,3.75,5.0,1.66,3.1,5.0,2006/7,€17.98m,€11.85m,1.6,3.4,5.0,60.241,58.8235,60.241,62.5,62.5,65.3595,29.4118,28.5714,32.2581,29.4118,29.4118,26.6667,22.2222,23.8095,20.0,21.7391,20.0,20.0,H,61.6108,2.3305,29.2886,1.8029,21.2951,1.5755,ScotishPremierLeague
SC0,19/08/2006,Rangers,Hearts,H,1.83,3.25,4.5,1.7,3.5,4.2,1.7,3.2,4.2,1.8,3.25,3.75,1.72,3.25,4.2,2006/7,€67.35m,€29.03m,1.75,3.25,4.35,54.6448,58.8235,58.1395,58.8235,57.1429,55.5556,30.7692,28.5714,30.7692,31.25,30.7692,30.7692,22.2222,23.8095,23.8095,23.8095,22.9885,26.6667,H,57.1883,1.7544,30.483,0.956,23.8843,1.5049,ScotishPremierLeague
SC0,19/08/2006,St Mirren,Aberdeen,D,2.6,3.25,2.6,2.7,3.2,2.35,2.6,3.0,2.4,2.6,3.2,2.38,2.5,3.1,2.5,2006/7,€6.83m,€7.58m,2.5,3.2,2.5,38.4615,37.037,40.0,38.4615,40.0,38.4615,30.7692,31.25,32.2581,33.3333,31.25,31.25,38.4615,42.5532,40.0,41.6667,40.0,42.0168,A,38.7369,1.1232,31.6851,0.9436,40.783,1.5526,ScotishPremierLeague
SC0,20/08/2006,Inverness C,Celtic,D,8.0,4.5,1.36,6.75,4.5,1.35,7.5,4.0,1.33,8.0,4.0,1.33,8.0,4.33,1.3,2006/7,€7.53m,€92.70m,8.5,4.35,1.3,12.5,14.8148,12.5,13.3333,11.7647,12.5,22.2222,22.2222,23.0947,25.0,22.9885,25.0,73.5294,74.0741,76.9231,75.188,76.9231,75.188,A,12.9021,1.0605,23.4213,1.277,75.3043,1.4094,ScotishPremierLeague
SC0,26/08/2006,Aberdeen,Dunfermline,H,1.66,3.5,4.33,1.65,3.5,4.6,1.65,3.3,4.4,1.53,3.5,5.5,1.57,3.3,5.5,2006/7,€7.58m,€8.88m,1.6,3.4,5.0,60.241,60.6061,63.6943,60.6061,62.5,65.3595,28.5714,28.5714,30.303,30.303,29.4118,28.5714,23.0947,21.7391,18.1818,22.7273,20.0,18.1818,H,62.1678,2.06,29.2887,0.8504,20.6541,2.1947,ScotishPremierLeague
SC0,26/08/2006,Celtic,Hibernian,H,1.28,4.5,9.0,1.25,4.75,10.0,1.33,4.0,7.5,1.33,4.0,8.0,1.28,4.5,8.0,2006/7,€92.70m,€17.98m,1.25,5.0,8.5,78.125,80.0,78.125,75.188,80.0,75.188,22.2222,21.0526,22.2222,25.0,20.0,25.0,11.1111,10.0,12.5,13.3333,11.7647,12.5,H,77.771,2.1694,22.5828,2.0473,11.8682,1.1848,ScotishPremierLeague
SC0,26/08/2006,Falkirk,Motherwell,A,1.9,3.25,3.5,1.95,3.3,3.4,1.9,3.1,3.5,1.9,3.25,3.4,1.9,3.1,3.6,2006/7,€12.50m,€11.85m,1.9,3.25,3.5,52.6316,51.2821,52.6316,52.6316,52.6316,52.6316,30.7692,30.303,32.2581,32.2581,30.7692,30.7692,28.5714,29.4118,27.7778,28.5714,28.5714,29.4118,H,52.4067,0.5509,31.1878,0.8485,28.7193,0.6182,ScotishPremierLeague
SC0,26/08/2006,Hearts,Inverness C,H,1.4,4.0,6.5,1.4,4.25,6.2,1.45,3.8,5.4,1.36,3.75,8.0,1.4,3.75,7.0,2006/7,€29.03m,€7.53m,1.45,3.6,7.0,71.4286,71.4286,71.4286,68.9655,68.9655,73.5294,25.0,23.5294,26.6667,26.3158,27.7778,26.6667,15.3846,16.129,14.2857,18.5185,14.2857,12.5,H,70.9577,1.7445,25.9927,1.5002,15.1839,2.043,ScotishPremierLeague
SC0,26/08/2006,St Mirren,Dundee United,A,2.2,3.25,2.8,2.2,3.2,2.9,2.1,3.0,3.1,2.2,3.25,2.75,2.15,3.1,3.0,2006/7,€6.83m,€8.35m,2.2,3.25,2.8,45.4545,45.4545,46.5116,47.619,45.4545,45.4545,30.7692,31.25,32.2581,33.3333,30.7692,30.7692,35.7143,34.4828,33.3333,32.2581,35.7143,36.3636,H,45.9914,0.9025,31.5248,1.058,34.6444,1.5928,ScotishPremierLeague
SC0,27/08/2006,Kilmarnock,Rangers,D,6.0,3.8,1.53,5.9,4.0,1.45,4.6,3.4,1.6,5.5,3.5,1.53,5.5,3.6,1.5,2006/7,€9.40m,€67.35m,7.0,3.6,1.45,16.6667,16.9492,18.1818,21.7391,14.2857,18.1818,26.3158,25.0,27.7778,29.4118,27.7778,28.5714,65.3595,68.9655,66.6667,62.5,68.9655,65.3595,A,17.6674,2.452,27.4758,1.5878,66.3028,2.472,ScotishPremierLeague
SC0,09/09/2006,Aberdeen,Celtic,A,6.0,3.8,1.53,5.9,4.0,1.45,5.0,3.7,1.5,5.5,3.5,1.53,6.0,3.75,1.44,2006/7,€7.58m,€92.70m,6.5,3.75,1.45,16.6667,16.9492,16.6667,20.0,15.3846,18.1818,26.3158,25.0,26.6667,27.027,26.6667,28.5714,65.3595,68.9655,69.4444,66.6667,68.9655,65.3595,A,17.3082,1.5913,26.7079,1.1531,67.4602,1.8934,ScotishPremierLeague
SC0,09/09/2006,Dunfermline,Kilmarnock,H,2.8,3.25,2.2,2.8,3.2,2.25,2.7,3.0,2.3,2.75,3.2,2.25,2.8,3.2,2.2,2006/7,€8.88m,€9.40m,2.7,3.25,2.25,35.7143,35.7143,35.7143,37.037,37.037,36.3636,30.7692,31.25,31.25,33.3333,30.7692,31.25,45.4545,44.4444,45.4545,43.4783,44.4444,44.4444,A,36.2634,0.6498,31.437,0.9584,44.6201,0.7468,ScotishPremierLeague
SC0,09/09/2006,Hearts,St Mirren,A,1.22,5.0,10.0,1.3,4.5,8.5,1.33,4.0,7.5,1.33,4.0,8.0,1.33,4.0,8.0,2006/7,€29.03m,€6.83m,1.25,4.5,10.0,81.9672,76.9231,75.188,75.188,80.0,75.188,20.0,22.2222,25.0,25.0,22.2222,25.0,10.0,11.7647,12.5,13.3333,10.0,12.5,H,77.409,2.9163,23.2407,2.091,11.683,1.395,ScotishPremierLeague
SC0,09/09/2006,Motherwell,Inverness C,A,2.3,3.2,2.7,2.2,3.2,2.9,2.2,3.0,2.9,2.2,3.2,2.8,2.4,2.9,2.75,2006/7,€11.85m,€7.53m,2.25,3.25,2.75,43.4783,45.4545,41.6667,45.4545,44.4444,45.4545,31.25,31.25,34.4828,33.3333,30.7692,31.25,37.037,34.4828,36.3636,34.4828,36.3636,35.7143,H,44.3255,1.5248,32.0559,1.4917,35.7407,1.0604,ScotishPremierLeague
SC0,09/09/2006,Rangers,Falkirk,H,1.2,6.0,13.0,1.2,5.5,10.5,1.2,5.0,10.0,1.2,5.0,11.0,1.22,5.0,9.5,2006/7,€67.35m,€12.50m,1.17,6.0,11.0,83.3333,83.3333,81.9672,83.3333,85.4701,83.3333,16.6667,18.1818,20.0,20.0,16.6667,20.0,7.6923,9.5238,10.5263,10.0,9.0909,9.0909,H,83.4618,1.1254,18.5859,1.6449,9.3207,0.9709,ScotishPremierLeague
SC0,10/09/2006,Dundee United,Hibernian,A,2.62,3.2,2.6,2.45,3.2,2.55,2.7,3.0,2.3,2.5,3.2,2.5,2.5,3.1,2.5,2006/7,€8.35m,€17.98m,2.6,3.2,2.4,38.1679,40.8163,40.0,37.037,38.4615,40.0,31.25,31.25,32.2581,33.3333,31.25,31.25,38.4615,39.2157,40.0,43.4783,41.6667,40.0,A,39.0804,1.421,31.7652,0.8676,40.4704,1.8183,ScotishPremierLeague
SC0,16/09/2006,Celtic,Dunfermline,H,1.14,6.5,12.0,1.12,6.5,15.0,1.15,6.0,12.0,1.14,6.0,12.0,1.12,6.0,15.0,2006/7,€92.70m,€8.88m,1.12,6.5,13.0,87.7193,89.2857,89.2857,86.9565,89.2857,87.7193,15.3846,15.3846,16.6667,16.6667,15.3846,16.6667,8.3333,6.6667,6.6667,8.3333,7.6923,8.3333,H,88.3754,1.0354,16.0256,0.7022,7.6709,0.8165,ScotishPremierLeague
SC0,16/09/2006,Falkirk,Aberdeen,A,2.75,3.25,2.25,2.8,3.2,2.25,2.55,3.0,2.45,2.75,3.2,2.25,2.75,3.2,2.25,2006/7,€12.50m,€7.58m,2.75,3.25,2.25,36.3636,35.7143,36.3636,39.2157,36.3636,36.3636,30.7692,31.25,31.25,33.3333,30.7692,31.25,44.4444,44.4444,44.4444,40.8163,44.4444,44.4444,A,36.7307,1.2448,31.437,0.9584,43.8397,1.4812,ScotishPremierLeague
SC0,16/09/2006,Inverness C,Dundee United,D,2.0,3.25,3.25,2.0,3.2,3.35,2.0,3.2,3.1,2.0,3.2,3.2,1.9,3.2,3.5,2006/7,€7.53m,€8.35m,1.9,3.25,3.5,50.0,50.0,52.6316,50.0,52.6316,50.0,30.7692,31.25,31.25,31.25,30.7692,31.25,30.7692,29.8507,28.5714,32.2581,28.5714,31.25,H,50.8772,1.359,31.0897,0.2483,30.2118,1.4892,ScotishPremierLeague
SC0,16/09/2006,St Mirren,Kilmarnock,A,2.3,3.2,2.7,2.35,3.2,2.7,2.45,3.0,2.55,2.25,3.2,2.75,2.37,3.1,2.62,2006/7,€6.83m,€9.40m,2.35,3.25,2.6,43.4783,42.5532,42.1941,40.8163,42.5532,44.4444,31.25,31.25,32.2581,33.3333,30.7692,31.25,37.037,37.037,38.1679,39.2157,38.4615,36.3636,H,42.6732,1.2241,31.6851,0.9436,37.7138,1.0733,ScotishPremierLeague
SC0,17/09/2006,Hibernian,Rangers,H,5.0,3.6,1.66,4.8,3.6,1.6,4.4,3.3,1.65,4.5,3.5,1.62,4.5,3.3,1.66,2006/7,€17.98m,€67.35m,5.0,3.4,1.6,20.0,20.8333,22.2222,22.7273,20.0,22.2222,27.7778,27.7778,30.303,30.303,29.4118,28.5714,60.241,62.5,60.241,60.6061,62.5,61.7284,A,21.3342,1.2107,29.0241,1.1604,61.3028,1.0759,ScotishPremierLeague
SC0,17/09/2006,Motherwell,Hearts,A,4.5,3.6,1.61,4.6,3.5,1.65,4.4,3.3,1.65,4.0,3.4,1.73,4.5,3.5,1.61,2006/7,€11.85m,€29.03m,4.5,3.4,1.65,22.2222,21.7391,22.2222,22.7273,22.2222,25.0,27.7778,28.5714,28.5714,30.303,29.4118,29.4118,62.1118,60.6061,62.1118,60.6061,60.6061,57.8035,A,22.6888,1.1746,29.0079,0.8829,60.6409,1.5736,ScotishPremierLeague
SC0,23/09/2006,Celtic,Rangers,H,1.83,3.3,4.33,1.85,3.25,3.8,1.8,3.1,3.8,1.9,3.25,3.4,1.83,3.2,3.75,2006/7,€92.70m,€67.35m,1.85,3.25,3.75,54.6448,54.0541,54.6448,55.5556,54.0541,52.6316,30.303,30.7692,31.25,32.2581,30.7692,30.7692,23.0947,26.3158,26.6667,26.3158,26.6667,29.4118,H,54.2642,0.9707,31.0198,0.6765,26.4119,2.0076,ScotishPremierLeague
SC0,23/09/2006,Dundee United,Motherwell,D,1.9,3.25,3.5,1.9,3.25,3.65,2.1,3.2,2.9,1.9,3.2,3.5,2.0,3.2,3.2,2006/7,€8.35m,€11.85m,1.9,3.2,3.5,52.6316,52.6316,50.0,47.619,52.6316,52.6316,30.7692,30.7692,31.25,31.25,31.25,31.25,28.5714,27.3973,31.25,34.4828,28.5714,28.5714,H,51.3576,2.1125,31.0897,0.2483,29.8074,2.6204,ScotishPremierLeague
SC0,23/09/2006,Dunfermline,St Mirren,H,2.25,3.25,2.75,2.25,3.2,2.8,2.3,3.2,2.6,2.25,3.2,2.75,2.37,3.1,2.62,2006/7,€8.88m,€6.83m,2.25,3.25,2.75,44.4444,44.4444,42.1941,43.4783,44.4444,44.4444,30.7692,31.25,32.2581,31.25,30.7692,31.25,36.3636,35.7143,38.1679,38.4615,36.3636,36.3636,H,43.9083,0.9244,31.2578,0.5437,36.9058,1.1238,ScotishPremierLeague
SC0,23/09/2006,Hibernian,Falkirk,A,1.53,3.75,5.0,1.5,3.75,5.65,1.55,3.6,4.7,1.5,3.4,6.0,1.5,3.6,5.5,2006/7,€17.98m,€12.50m,1.5,3.5,6.0,65.3595,66.6667,66.6667,64.5161,66.6667,66.6667,26.6667,26.6667,27.7778,27.7778,28.5714,29.4118,20.0,17.6991,18.1818,21.2766,16.6667,16.6667,H,66.0904,0.9318,27.812,1.0735,18.4151,1.8645,ScotishPremierLeague
SC0,23/09/2006,Kilmarnock,Inverness C,D,1.83,3.25,3.75,1.8,3.3,4.0,1.8,3.2,3.7,1.8,3.3,3.75,1.95,3.25,3.3,2006/7,€9.40m,€7.53m,1.9,3.25,3.5,54.6448,55.5556,51.2821,55.5556,52.6316,55.5556,30.7692,30.303,30.7692,31.25,30.7692,30.303,26.6667,25.0,30.303,27.027,28.5714,26.6667,H,54.2042,1.8267,30.6939,0.3555,27.3725,1.8314,ScotishPremierLeague
SC0,24/09/2006,Aberdeen,Hearts,A,3.0,3.25,2.3,2.85,3.25,2.2,2.7,3.2,2.2,2.8,3.2,2.2,2.87,3.2,2.15,2006/7,€7.58m,€29.03m,2.8,3.1,2.25,33.3333,35.0877,34.8432,37.037,35.7143,35.7143,30.7692,30.7692,31.25,31.25,32.2581,31.25,43.4783,45.4545,46.5116,45.4545,44.4444,45.4545,A,35.2883,1.2232,31.2578,0.5437,45.133,1.0414,ScotishPremierLeague
SC0,30/09/2006,Inverness C,Dunfermline,H,1.85,3.25,3.6,1.9,3.25,3.65,2.0,3.1,3.2,1.8,3.2,4.0,1.9,3.2,3.5,2006/7,€7.53m,€8.88m,1.85,3.25,3.75,54.0541,52.6316,52.6316,50.0,54.0541,55.5556,30.7692,30.7692,31.25,32.2581,30.7692,31.25,27.7778,27.3973,28.5714,31.25,26.6667,25.0,H,53.1545,1.8911,31.1776,0.5794,27.7772,2.0872,ScotishPremierLeague
SC0,30/09/2006,Motherwell,Kilmarnock,H,2.7,3.25,2.3,2.8,3.2,2.25,2.9,3.0,2.2,2.75,3.2,2.25,2.8,3.1,2.25,2006/7,€11.85m,€9.40m,2.75,3.25,2.25,37.037,35.7143,35.7143,34.4828,36.3636,36.3636,30.7692,31.25,32.2581,33.3333,30.7692,31.25,43.4783,44.4444,44.4444,45.4545,44.4444,44.4444,A,35.9459,0.8703,31.605,1.0063,44.4517,0.625,ScotishPremierLeague
SC0,30/09/2006,St Mirren,Hibernian,H,2.75,3.25,2.2,2.9,3.2,2.2,2.7,3.0,2.3,2.75,3.2,2.25,3.0,3.1,2.15,2006/7,€6.83m,€17.98m,3.0,3.25,2.1,36.3636,34.4828,33.3333,37.037,33.3333,36.3636,30.7692,31.25,32.2581,33.3333,30.7692,31.25,45.4545,45.4545,46.5116,43.4783,47.619,44.4444,A,35.1523,1.6464,31.605,1.0063,45.4937,1.4642,ScotishPremierLeague
SC0,01/10/2006,Falkirk,Celtic,A,9.0,5.0,1.3,8.5,4.5,1.3,9.0,4.5,1.25,8.0,4.5,1.29,8.5,4.8,1.25,2006/7,€12.50m,€92.70m,8.5,4.5,1.28,11.1111,11.7647,11.7647,11.1111,11.7647,12.5,20.0,22.2222,20.8333,22.2222,22.2222,22.2222,76.9231,76.9231,80.0,80.0,78.125,77.5194,A,11.6694,0.5178,21.6204,0.9689,78.2484,1.428,ScotishPremierLeague
SC0,01/10/2006,Hearts,Dundee United,H,1.33,4.33,7.5,1.3,4.5,8.5,1.33,4.0,7.5,1.33,4.0,8.0,1.36,4.0,7.0,2006/7,€29.03m,€8.35m,1.33,4.0,8.5,75.188,76.9231,73.5294,75.188,75.188,75.188,23.0947,22.2222,25.0,25.0,25.0,25.0,13.3333,11.7647,14.2857,13.3333,11.7647,12.5,H,75.2008,1.0734,24.2195,1.2403,12.8303,1.0004,ScotishPremierLeague
SC0,01/10/2006,Rangers,Aberdeen,H,1.33,4.33,7.5,1.3,4.5,8.5,1.33,4.0,7.5,1.33,4.0,8.0,1.3,4.33,8.0,2006/7,€67.35m,€7.58m,1.35,4.0,8.0,75.188,76.9231,76.9231,75.188,74.0741,75.188,23.0947,22.2222,23.0947,25.0,25.0,25.0,13.3333,11.7647,12.5,13.3333,12.5,12.5,H,75.5807,1.1257,23.9019,1.2443,12.6552,0.5975,ScotishPremierLeague
SC0,14/10/2006,Dundee United,Celtic,A,9.0,5.0,1.3,9.0,5.0,1.25,9.0,4.5,1.25,8.0,5.0,1.25,9.5,5.0,1.22,2006/7,€8.35m,€92.70m,8.5,5.0,1.25,11.1111,11.1111,10.5263,11.1111,11.7647,12.5,20.0,20.0,20.0,22.2222,20.0,20.0,76.9231,80.0,81.9672,80.0,80.0,80.0,A,11.3541,0.6847,20.3704,0.9072,79.815,1.6206,ScotishPremierLeague
SC0,14/10/2006,Falkirk,St Mirren,D,2.37,3.2,2.62,2.2,3.2,2.9,2.3,3.0,2.7,2.25,3.2,2.75,2.3,3.2,2.62,2006/7,€12.50m,€6.83m,2.25,3.2,2.8,42.1941,45.4545,43.4783,43.4783,44.4444,44.4444,31.25,31.25,31.25,33.3333,31.25,31.25,38.1679,34.4828,38.1679,37.037,35.7143,36.3636,H,43.9157,1.1201,31.5972,0.8505,36.6556,1.443,ScotishPremierLeague
SC0,14/10/2006,Kilmarnock,Aberdeen,H,2.3,3.2,2.7,2.3,3.2,2.75,2.3,3.0,2.7,2.2,3.2,2.8,2.3,3.2,2.62,2006/7,€9.40m,€7.58m,2.25,3.25,2.75,43.4783,43.4783,43.4783,43.4783,44.4444,45.4545,31.25,31.25,31.25,33.3333,30.7692,31.25,37.037,36.3636,38.1679,37.037,36.3636,35.7143,H,43.9687,0.8241,31.5171,0.9103,36.7806,0.8415,ScotishPremierLeague
SC0,14/10/2006,Motherwell,Dunfermline,H,1.95,3.25,3.3,2.1,3.2,3.1,2.1,3.0,3.1,2.0,3.2,3.2,2.05,3.2,3.1,2006/7,€11.85m,€8.88m,2.0,3.25,3.25,51.2821,47.619,48.7805,47.619,50.0,50.0,30.7692,31.25,31.25,33.3333,30.7692,31.25,30.303,32.2581,32.2581,32.2581,30.7692,31.25,H,49.2168,1.4689,31.437,0.9584,31.5161,0.8663,ScotishPremierLeague
SC0,14/10/2006,Rangers,Inverness C,A,1.28,5.0,8.0,1.25,5.0,9.0,1.27,4.3,8.5,1.25,4.5,10.0,1.22,5.0,9.5,2006/7,€67.35m,€7.53m,1.22,5.5,9.0,78.125,80.0,81.9672,78.7402,81.9672,80.0,20.0,20.0,20.0,23.2558,18.1818,22.2222,12.5,11.1111,10.5263,11.7647,11.1111,10.0,H,80.1333,1.596,20.61,1.8227,11.1689,0.8846,ScotishPremierLeague
SC0,15/10/2006,Hibernian,Hearts,D,2.87,3.25,2.37,2.8,3.2,2.25,2.9,3.0,2.2,2.75,3.2,2.25,2.87,3.1,2.2,2006/7,€17.98m,€29.03m,2.6,3.2,2.35,34.8432,35.7143,34.8432,34.4828,38.4615,36.3636,30.7692,31.25,32.2581,33.3333,31.25,31.25,42.1941,44.4444,45.4545,45.4545,42.5532,44.4444,A,35.7848,1.4814,31.6851,0.9436,44.0908,1.4093,ScotishPremierLeague
SC0,21/10/2006,Aberdeen,Dundee United,H,1.7,3.4,4.33,1.7,3.4,4.35,1.7,3.2,4.2,1.66,3.3,4.5,1.8,3.1,4.0,2006/7,€7.58m,€8.35m,1.65,3.4,4.5,58.8235,58.8235,55.5556,58.8235,60.6061,60.241,29.4118,29.4118,32.2581,31.25,29.4118,30.303,23.0947,22.9885,25.0,23.8095,22.2222,22.2222,H,58.8122,1.7813,30.3411,1.1911,23.2229,1.0561,ScotishPremierLeague
SC0,21/10/2006,Celtic,Motherwell,H,1.14,6.5,12.0,1.15,6.0,13.5,1.15,6.0,12.0,1.14,6.0,12.0,1.16,5.5,12.0,2006/7,€92.70m,€11.85m,1.17,6.0,11.0,87.7193,86.9565,86.2069,86.9565,85.4701,87.7193,15.3846,16.6667,18.1818,16.6667,16.6667,16.6667,8.3333,7.4074,8.3333,8.3333,9.0909,8.3333,H,86.8381,0.8776,16.7055,0.8866,8.3052,0.5341,ScotishPremierLeague
SC0,21/10/2006,Hearts,Kilmarnock,A,1.45,3.75,6.0,1.45,4.0,5.9,1.4,3.9,6.0,1.5,3.4,6.0,1.5,3.4,6.0,2006/7,€29.03m,€9.40m,1.4,3.75,7.5,68.9655,68.9655,66.6667,71.4286,71.4286,66.6667,26.6667,25.0,29.4118,25.641,26.6667,29.4118,16.6667,16.9492,16.6667,16.6667,13.3333,16.6667,H,69.0203,2.13,27.133,1.876,16.1582,1.3885,ScotishPremierLeague
SC0,21/10/2006,Inverness C,Falkirk,H,1.85,3.25,3.6,1.8,3.4,3.8,1.85,3.1,3.6,1.8,3.2,4.0,1.8,3.1,4.0,2006/7,€7.53m,€12.50m,1.85,3.25,3.75,54.0541,55.5556,55.5556,54.0541,54.0541,55.5556,30.7692,29.4118,32.2581,32.2581,30.7692,31.25,27.7778,26.3158,25.0,27.7778,26.6667,25.0,H,54.8049,0.8224,31.1194,1.0744,26.423,1.2483,ScotishPremierLeague
SC0,22/10/2006,St Mirren,Rangers,A,5.5,3.6,1.57,5.9,4.0,1.45,5.4,3.8,1.45,5.5,3.5,1.53,6.0,3.75,1.44,2006/7,€6.83m,€67.35m,6.5,3.75,1.45,18.1818,16.9492,16.6667,18.5185,15.3846,18.1818,27.7778,25.0,26.6667,26.3158,26.6667,28.5714,63.6943,68.9655,69.4444,68.9655,68.9655,65.3595,A,17.3138,1.2026,26.8331,1.2327,67.5658,2.4192,ScotishPremierLeague
SC0,23/10/2006,Dunfermline,Hibernian,A,3.6,3.25,2.0,3.1,3.2,2.1,2.9,3.0,2.2,2.75,3.2,2.25,2.87,3.1,2.2,2006/7,€8.88m,€17.98m,2.8,3.25,2.2,27.7778,32.2581,34.8432,34.4828,35.7143,36.3636,30.7692,31.25,32.2581,33.3333,30.7692,31.25,50.0,47.619,45.4545,45.4545,45.4545,44.4444,A,33.5733,3.1663,31.605,1.0063,46.4045,2.0471,ScotishPremierLeague
SC0,28/10/2006,Falkirk,Dundee United,H,2.1,3.25,3.0,2.0,3.2,3.35,1.9,3.1,3.5,2.0,3.2,3.2,1.9,3.2,3.5,2006/7,€12.50m,€8.35m,2.0,3.25,3.25,47.619,50.0,52.6316,52.6316,50.0,50.0,30.7692,31.25,31.25,32.2581,30.7692,31.25,33.3333,29.8507,28.5714,28.5714,30.7692,31.25,H,50.4804,1.9045,31.2578,0.5437,30.391,1.8139,ScotishPremierLeague
SC0,28/10/2006,Hearts,Dunfermline,D,1.33,4.5,7.0,1.35,4.5,6.8,1.33,4.0,7.5,1.3,4.33,8.0,1.4,3.75,7.0,2006/7,€29.03m,€8.88m,1.3,4.35,8.5,75.188,74.0741,71.4286,75.188,76.9231,76.9231,22.2222,22.2222,26.6667,25.0,22.9885,23.0947,14.2857,14.7059,14.2857,13.3333,11.7647,12.5,H,74.9541,2.0527,23.699,1.7738,13.4792,1.1598,ScotishPremierLeague
SC0,28/10/2006,Rangers,Motherwell,D,1.25,5.0,9.0,1.25,5.0,9.0,1.27,4.3,8.5,1.2,5.0,11.0,1.25,4.5,10.0,2006/7,€67.35m,€11.85m,1.22,5.0,10.0,80.0,80.0,80.0,78.7402,81.9672,83.3333,20.0,20.0,22.2222,23.2558,20.0,20.0,11.1111,11.1111,10.0,11.7647,10.0,9.0909,H,80.6734,1.6641,20.913,1.4517,10.513,0.9829,ScotishPremierLeague
SC0,28/10/2006,St Mirren,Inverness C,D,2.4,3.2,2.6,2.4,3.2,2.6,2.7,3.0,2.3,2.37,3.2,2.6,2.5,3.1,2.5,2006/7,€6.83m,€7.53m,2.5,3.25,2.5,41.6667,41.6667,40.0,37.037,40.0,42.1941,31.25,31.25,32.2581,33.3333,30.7692,31.25,38.4615,38.4615,40.0,43.4783,40.0,38.4615,H,40.4274,1.9002,31.6851,0.9436,39.8105,1.9485,ScotishPremierLeague
SC0,29/10/2006,Kilmarnock,Celtic,A,7.5,4.0,1.44,6.8,4.5,1.35,6.0,3.9,1.4,7.0,3.75,1.4,6.5,3.6,1.44,2006/7,€9.40m,€92.70m,6.5,3.75,1.45,13.3333,14.7059,15.3846,16.6667,15.3846,14.2857,25.0,22.2222,27.7778,25.641,26.6667,26.6667,69.4444,74.0741,69.4444,71.4286,68.9655,71.4286,A,14.9601,1.1348,25.6624,1.9373,70.7976,1.9262,ScotishPremierLeague
SC0,30/10/2006,Aberdeen,Hibernian,H,2.6,3.25,2.6,2.25,3.2,2.85,2.4,3.0,2.6,2.1,3.2,3.0,2.25,3.2,2.75,2006/7,€7.58m,€17.98m,2.35,3.25,2.65,38.4615,44.4444,44.4444,41.6667,42.5532,47.619,30.7692,31.25,31.25,33.3333,30.7692,31.25,38.4615,35.0877,36.3636,38.4615,37.7358,33.3333,H,43.1982,3.0935,31.437,0.9584,36.5739,2.0606,ScotishPremierLeague
SC0,04/11/2006,Celtic,Hearts,H,1.5,4.0,6.5,1.4,4.0,7.0,1.45,3.8,5.4,1.44,3.75,6.0,1.4,3.75,7.0,2006/7,€92.70m,€29.03m,1.45,3.6,7.0,66.6667,71.4286,71.4286,68.9655,68.9655,69.4444,25.0,25.0,26.6667,26.3158,27.7778,26.6667,15.3846,14.2857,14.2857,18.5185,14.2857,16.6667,H,69.4832,1.7911,26.2378,1.078,15.5712,1.7251,ScotishPremierLeague
SC0,04/11/2006,Dunfermline,Falkirk,A,2.3,3.2,2.7,2.25,3.2,2.85,2.45,3.0,2.55,2.25,3.2,2.75,2.3,3.1,2.75,2006/7,€8.88m,€12.50m,2.4,3.25,2.5,43.4783,44.4444,43.4783,40.8163,41.6667,44.4444,31.25,31.25,32.2581,33.3333,30.7692,31.25,37.037,35.0877,36.3636,39.2157,40.0,36.3636,H,43.0547,1.4939,31.6851,0.9436,37.3446,1.8796,ScotishPremierLeague
SC0,04/11/2006,Hibernian,Kilmarnock,D,1.85,3.25,3.75,1.9,3.3,3.55,1.9,3.1,3.5,1.91,3.25,3.4,1.9,3.2,3.5,2006/7,€17.98m,€9.40m,1.9,3.25,3.5,54.0541,52.6316,52.6316,52.6316,52.6316,52.356,30.7692,30.303,31.25,32.2581,30.7692,30.7692,26.6667,28.169,28.5714,28.5714,28.5714,29.4118,H,52.8227,0.6132,31.0198,0.6765,28.327,0.9097,ScotishPremierLeague
SC0,04/11/2006,Motherwell,St Mirren,D,2.0,3.25,3.25,2.05,3.25,3.15,1.9,3.1,3.5,2.0,3.2,3.2,2.15,3.1,3.0,2006/7,€11.85m,€6.83m,2.0,3.25,3.25,50.0,48.7805,46.5116,52.6316,50.0,50.0,30.7692,30.7692,32.2581,32.2581,30.7692,31.25,30.7692,31.746,33.3333,28.5714,30.7692,31.25,H,49.654,1.9931,31.3456,0.7309,31.0732,1.5515,ScotishPremierLeague
SC0,05/11/2006,Dundee United,Rangers,H,7.5,4.33,1.4,7.5,4.25,1.35,7.5,4.0,1.33,7.0,3.75,1.4,7.0,4.0,1.36,2006/7,€8.35m,€67.35m,7.5,4.0,1.35,13.3333,13.3333,14.2857,13.3333,13.3333,14.2857,23.0947,23.5294,25.0,25.0,25.0,26.6667,71.4286,74.0741,73.5294,75.188,74.0741,71.4286,A,13.6508,0.4918,24.7151,1.2715,73.2871,1.5375,ScotishPremierLeague
SC0,06/11/2006,Inverness C,Aberdeen,D,2.25,3.25,2.75,2.2,3.2,2.9,2.3,3.0,2.7,2.25,3.2,2.75,2.1,3.2,3.0,2006/7,€7.53m,€7.58m,2.25,3.25,2.75,44.4444,45.4545,47.619,43.4783,44.4444,44.4444,30.7692,31.25,31.25,33.3333,30.7692,31.25,36.3636,34.4828,33.3333,37.037,36.3636,36.3636,H,44.9808,1.4356,31.437,0.9584,35.6573,1.4269,ScotishPremierLeague
SC0,11/11/2006,Aberdeen,Motherwell,H,1.83,3.25,3.75,1.7,3.4,4.35,1.8,3.1,3.8,1.83,3.2,3.75,1.72,3.25,4.2,2006/7,€7.58m,€11.85m,1.8,3.25,4.0,54.6448,58.8235,58.1395,55.5556,55.5556,54.6448,30.7692,29.4118,30.7692,32.2581,30.7692,31.25,26.6667,22.9885,23.8095,26.3158,25.0,26.6667,H,56.2273,1.806,30.8712,0.9196,25.2412,1.5749,ScotishPremierLeague
SC0,11/11/2006,Dundee United,Kilmarnock,H,2.8,3.2,2.25,2.7,3.2,2.35,2.9,3.0,2.2,2.5,3.2,2.5,2.5,3.1,2.5,2006/7,€8.35m,€9.40m,2.5,3.2,2.5,35.7143,37.037,40.0,34.4828,40.0,40.0,31.25,31.25,32.2581,33.3333,31.25,31.25,44.4444,42.5532,40.0,45.4545,40.0,40.0,A,37.8724,2.4668,31.7652,0.8676,42.0754,2.4569,ScotishPremierLeague
SC0,11/11/2006,Hibernian,Inverness C,H,1.9,3.25,3.5,1.85,3.35,3.7,1.8,3.1,3.8,1.9,3.25,3.4,1.9,3.2,3.5,2006/7,€17.98m,€7.53m,1.9,3.25,3.5,52.6316,54.0541,52.6316,55.5556,52.6316,52.6316,30.7692,29.8507,31.25,32.2581,30.7692,30.7692,28.5714,27.027,28.5714,26.3158,28.5714,29.4118,H,53.356,1.2186,30.9444,0.7883,28.0781,1.1593,ScotishPremierLeague
SC0,11/11/2006,Rangers,Dunfermline,H,1.22,5.0,10.0,1.2,5.5,10.5,1.2,5.0,10.0,1.2,5.0,11.0,1.2,5.0,11.0,2006/7,€67.35m,€8.88m,1.25,5.0,8.5,81.9672,83.3333,83.3333,83.3333,80.0,83.3333,20.0,18.1818,20.0,20.0,20.0,20.0,10.0,9.5238,9.0909,10.0,11.7647,9.0909,H,82.5501,1.3636,19.697,0.7423,9.9117,0.9947,ScotishPremierLeague
SC0,12/11/2006,St Mirren,Celtic,A,10.0,5.0,1.28,7.5,4.75,1.3,7.5,4.0,1.33,8.0,4.5,1.28,8.5,4.33,1.28,2006/7,€6.83m,€92.70m,8.5,4.5,1.28,10.0,13.3333,11.7647,13.3333,11.7647,12.5,20.0,21.0526,23.0947,25.0,22.2222,22.2222,78.125,76.9231,78.125,75.188,78.125,78.125,A,12.116,1.2518,22.2653,1.7189,77.4352,1.2013,ScotishPremierLeague
SC0,13/11/2006,Falkirk,Hearts,D,3.6,3.25,1.85,3.8,3.4,1.8,3.5,3.1,1.9,3.75,3.2,1.83,3.75,3.3,1.8,2006/7,€12.50m,€29.03m,3.25,3.25,2.0,27.7778,26.3158,26.6667,28.5714,30.7692,26.6667,30.7692,29.4118,30.303,32.2581,30.7692,31.25,54.0541,55.5556,55.5556,52.6316,50.0,54.6448,A,27.7946,1.6842,30.7936,0.9491,53.7403,2.132,ScotishPremierLeague
SC0,18/11/2006,Aberdeen,St Mirren,H,1.8,3.25,4.0,1.7,3.4,4.35,1.65,3.3,4.4,1.72,3.2,4.33,1.66,3.3,4.5,2006/7,€7.58m,€6.83m,1.65,3.4,4.5,55.5556,58.8235,60.241,60.6061,60.6061,58.1395,30.7692,29.4118,30.303,30.303,29.4118,31.25,25.0,22.9885,22.2222,22.7273,22.2222,23.0947,H,58.9953,1.9664,30.2415,0.7321,23.0425,1.0279,ScotishPremierLeague
SC0,18/11/2006,Celtic,Inverness C,H,1.16,6.0,11.0,1.2,5.5,10.5,1.2,5.0,10.0,1.16,5.5,12.0,1.2,5.0,11.0,2006/7,€92.70m,€7.53m,1.17,6.0,11.0,86.2069,83.3333,83.3333,83.3333,85.4701,86.2069,16.6667,18.1818,20.0,20.0,16.6667,18.1818,9.0909,9.5238,9.0909,10.0,9.0909,8.3333,H,84.6473,1.4643,18.2828,1.4927,9.1883,0.5533,ScotishPremierLeague
SC0,18/11/2006,Dunfermline,Dundee United,H,2.5,3.2,2.5,2.6,3.2,2.4,2.6,3.0,2.4,2.5,3.2,2.5,2.6,3.1,2.4,2006/7,€8.88m,€8.35m,2.5,3.2,2.5,40.0,38.4615,38.4615,38.4615,40.0,40.0,31.25,31.25,32.2581,33.3333,31.25,31.25,40.0,41.6667,41.6667,41.6667,40.0,40.0,A,39.2308,0.8427,31.7652,0.8676,40.8333,0.9129,ScotishPremierLeague
SC0,18/11/2006,Kilmarnock,Falkirk,H,1.9,3.25,3.5,1.95,3.25,3.45,1.85,3.1,3.6,1.8,3.3,3.75,1.95,3.25,3.3,2006/7,€9.40m,€12.50m,1.9,3.25,3.5,52.6316,51.2821,51.2821,54.0541,52.6316,55.5556,30.7692,30.7692,30.7692,32.2581,30.7692,30.303,28.5714,28.9855,30.303,27.7778,28.5714,26.6667,H,52.9062,1.6591,30.9396,0.6723,28.4793,1.2146,ScotishPremierLeague
SC0,18/11/2006,Motherwell,Hibernian,A,2.7,3.2,2.3,2.85,3.2,2.25,2.9,3.0,2.2,2.6,3.2,2.37,2.75,3.2,2.25,2006/7,€11.85m,€17.98m,2.7,3.25,2.3,37.037,35.0877,36.3636,34.4828,37.037,38.4615,31.25,31.25,31.25,33.3333,30.7692,31.25,43.4783,44.4444,44.4444,45.4545,43.4783,42.1941,A,36.4116,1.4463,31.5171,0.9103,43.9157,1.1201,ScotishPremierLeague
SC0,19/11/2006,Hearts,Rangers,A,2.62,3.2,2.6,2.5,3.2,2.5,2.5,3.0,2.5,2.4,3.25,2.5,2.5,3.1,2.5,2006/7,€29.03m,€67.35m,2.5,3.2,2.5,38.1679,40.0,40.0,40.0,40.0,41.6667,31.25,31.25,32.2581,33.3333,31.25,30.7692,38.4615,40.0,40.0,40.0,40.0,40.0,A,39.9724,1.1072,31.6851,0.9436,39.7436,0.6281,ScotishPremierLeague
SC0,25/11/2006,Dunfermline,Aberdeen,A,3.0,3.25,2.1,3.1,3.2,2.1,3.5,3.1,1.9,3.0,3.2,2.1,3.1,3.1,2.1,2006/7,€8.88m,€7.58m,3.25,3.25,2.0,33.3333,32.2581,32.2581,28.5714,30.7692,33.3333,30.7692,31.25,32.2581,32.2581,30.7692,31.25,47.619,47.619,47.619,52.6316,50.0,47.619,A,31.7539,1.8218,31.4258,0.6796,48.8513,2.0825,ScotishPremierLeague
SC0,25/11/2006,Inverness C,Hearts,D,2.8,3.2,2.25,2.85,3.2,2.25,2.6,3.0,2.4,2.4,3.25,2.5,2.5,3.1,2.5,2006/7,€7.53m,€29.03m,2.6,3.2,2.35,35.7143,35.0877,40.0,38.4615,38.4615,41.6667,31.25,31.25,32.2581,33.3333,31.25,30.7692,44.4444,44.4444,40.0,41.6667,42.5532,40.0,A,38.232,2.5002,31.6851,0.9436,42.1848,2.0081,ScotishPremierLeague
SC0,25/11/2006,Motherwell,Falkirk,H,2.37,3.2,2.62,2.35,3.2,2.7,2.4,3.0,2.6,2.37,3.2,2.6,2.4,3.1,2.6,2006/7,€11.85m,€12.50m,2.35,3.2,2.6,42.1941,42.5532,41.6667,41.6667,42.5532,42.1941,31.25,31.25,32.2581,33.3333,31.25,31.25,38.1679,37.037,38.4615,38.4615,38.4615,38.4615,H,42.138,0.3988,31.7652,0.8676,38.1752,0.5698,ScotishPremierLeague
SC0,26/11/2006,Dundee United,St Mirren,H,2.1,3.25,3.0,2.0,3.25,3.3,2.0,3.1,3.2,2.1,3.2,3.0,2.0,3.2,3.2,2006/7,€8.35m,€6.83m,2.1,3.25,3.0,47.619,50.0,50.0,50.0,47.619,47.619,30.7692,30.7692,31.25,32.2581,30.7692,31.25,33.3333,30.303,31.25,31.25,33.3333,33.3333,H,48.8095,1.3041,31.1776,0.5794,32.1338,1.3587,ScotishPremierLeague
SC0,26/11/2006,Hibernian,Celtic,D,5.5,3.8,1.57,5.6,3.75,1.5,4.8,3.5,1.55,6.0,3.75,1.44,6.0,3.75,1.44,2006/7,€17.98m,€92.70m,6.0,3.5,1.5,18.1818,17.8571,16.6667,20.8333,16.6667,16.6667,26.3158,26.6667,26.6667,28.5714,28.5714,26.6667,63.6943,66.6667,69.4444,64.5161,66.6667,69.4444,A,17.812,1.6249,27.2431,1.0378,66.7388,2.4025,ScotishPremierLeague
SC0,26/11/2006,Rangers,Kilmarnock,H,1.4,4.0,6.5,1.35,4.25,7.5,1.35,4.0,7.0,1.4,3.75,7.0,1.33,4.0,8.0,2006/7,€67.35m,€9.40m,1.28,4.5,8.5,71.4286,74.0741,75.188,74.0741,78.125,71.4286,25.0,23.5294,25.0,25.0,22.2222,26.6667,15.3846,13.3333,12.5,14.2857,11.7647,14.2857,H,74.0531,2.5158,24.5697,1.5196,13.5923,1.3247,ScotishPremierLeague
SC0,02/12/2006,Celtic,Aberdeen,H,1.33,4.75,9.0,1.25,4.9,9.5,1.22,4.8,9.5,1.25,5.0,8.0,1.3,4.33,8.0,2006/7,€92.70m,€7.58m,1.22,5.5,8.5,75.188,80.0,76.9231,81.9672,81.9672,80.0,21.0526,20.4082,23.0947,20.8333,18.1818,20.0,11.1111,10.5263,12.5,10.5263,11.7647,12.5,H,79.3409,2.7479,20.5951,1.5954,11.4881,0.9074,ScotishPremierLeague
SC0,02/12/2006,Hibernian,Dundee United,H,1.5,3.75,5.5,1.55,3.7,5.1,1.5,3.7,5.0,1.5,3.4,6.0,1.57,3.5,5.0,2006/7,€17.98m,€8.35m,1.5,3.4,6.5,66.6667,64.5161,63.6943,66.6667,66.6667,66.6667,26.6667,27.027,28.5714,27.027,29.4118,29.4118,18.1818,19.6078,20.0,20.0,15.3846,16.6667,H,65.8129,1.348,28.0193,1.2635,18.3068,1.9324,ScotishPremierLeague
SC0,02/12/2006,Inverness C,Motherwell,A,1.9,3.25,3.5,1.9,3.3,3.55,1.8,3.1,3.8,1.9,3.25,3.4,1.9,3.2,3.5,2006/7,€7.53m,€11.85m,1.9,3.25,3.5,52.6316,52.6316,52.6316,55.5556,52.6316,52.6316,30.7692,30.303,31.25,32.2581,30.7692,30.7692,28.5714,28.169,28.5714,26.3158,28.5714,29.4118,H,53.1189,1.1937,31.0198,0.6765,28.2685,1.0397,ScotishPremierLeague
SC0,02/12/2006,Kilmarnock,Dunfermline,H,1.57,3.6,5.0,1.55,3.7,5.1,1.5,3.7,5.0,1.57,3.5,5.0,1.57,3.5,5.0,2006/7,€9.40m,€8.88m,1.5,3.4,6.5,63.6943,64.5161,63.6943,66.6667,66.6667,63.6943,27.7778,27.027,28.5714,27.027,29.4118,28.5714,20.0,19.6078,20.0,20.0,15.3846,20.0,H,64.8221,1.4639,28.0644,0.9554,19.1654,1.8588,ScotishPremierLeague
SC0,02/12/2006,St Mirren,Hearts,D,3.25,3.25,2.0,3.3,3.25,2.0,3.5,3.1,1.9,3.2,3.2,2.0,3.2,3.2,2.0,2006/7,€6.83m,€29.03m,3.25,3.25,2.0,30.7692,30.303,31.25,28.5714,30.7692,31.25,30.7692,30.7692,31.25,32.2581,30.7692,31.25,50.0,50.0,50.0,52.6316,50.0,50.0,A,30.4855,1.0027,31.1776,0.5794,50.4386,1.0743,ScotishPremierLeague
SC0,03/12/2006,Falkirk,Rangers,H,7.0,3.75,1.5,7.0,4.0,1.4,6.0,3.9,1.4,6.5,4.0,1.4,7.0,3.75,1.4,2006/7,€12.50m,€67.35m,7.5,4.0,1.35,14.2857,14.2857,14.2857,16.6667,13.3333,15.3846,26.6667,25.0,26.6667,25.641,25.0,25.0,66.6667,71.4286,71.4286,71.4286,74.0741,71.4286,A,14.707,1.1592,25.6624,0.8166,71.0759,2.4053,ScotishPremierLeague
SC0,09/12/2006,Aberdeen,Falkirk,H,1.61,3.4,5.0,1.65,3.45,4.65,1.6,3.4,4.6,1.62,3.5,4.5,1.66,3.3,4.5,2006/7,€7.58m,€12.50m,1.6,3.4,5.0,62.1118,60.6061,60.241,62.5,62.5,61.7284,29.4118,28.9855,30.303,29.4118,29.4118,28.5714,20.0,21.5054,22.2222,21.7391,20.0,22.2222,H,61.6146,0.9728,29.3492,0.576,21.2815,1.0309,ScotishPremierLeague
SC0,09/12/2006,Dundee United,Inverness C,H,2.25,3.25,2.75,2.2,3.2,2.9,2.3,3.0,2.7,2.2,3.2,2.8,2.2,3.1,2.87,2006/7,€8.35m,€7.53m,2.25,3.25,2.75,44.4444,45.4545,45.4545,43.4783,44.4444,45.4545,30.7692,31.25,32.2581,33.3333,30.7692,31.25,36.3636,34.4828,34.8432,37.037,36.3636,35.7143,H,44.7884,0.8104,31.605,1.0063,35.8008,0.9822,ScotishPremierLeague
SC0,09/12/2006,Hearts,Motherwell,H,1.5,3.6,6.5,1.6,3.45,5.15,1.5,3.7,5.0,1.57,3.5,5.0,1.66,3.3,4.5,2006/7,€29.03m,€11.85m,1.65,3.4,4.5,66.6667,62.5,60.241,66.6667,60.6061,63.6943,27.7778,28.9855,30.303,27.027,29.4118,28.5714,15.3846,19.4175,22.2222,20.0,22.2222,20.0,H,63.3958,2.8293,28.6794,1.168,19.8744,2.5069,ScotishPremierLeague
SC0,09/12/2006,Kilmarnock,St Mirren,D,1.66,3.4,4.5,1.65,3.45,4.65,1.6,3.4,4.6,1.62,3.5,4.5,1.61,3.3,5.0,2006/7,€9.40m,€6.83m,1.55,3.4,5.5,60.241,60.6061,62.1118,62.5,64.5161,61.7284,29.4118,28.9855,30.303,29.4118,29.4118,28.5714,22.2222,21.5054,20.0,21.7391,18.1818,22.2222,H,61.9506,1.529,29.3492,0.576,20.9784,1.5955,ScotishPremierLeague
SC0,09/12/2006,Rangers,Hibernian,H,1.72,3.5,4.75,1.55,3.65,5.25,1.7,3.2,4.2,1.53,3.5,5.5,1.57,3.5,5.0,2006/7,€67.35m,€17.98m,1.6,3.4,5.0,58.1395,64.5161,63.6943,58.8235,62.5,65.3595,28.5714,27.3973,28.5714,31.25,29.4118,28.5714,21.0526,19.0476,20.0,23.8095,20.0,18.1818,H,62.1722,3.0184,28.9622,1.2918,20.3486,1.9547,ScotishPremierLeague
SC0,10/12/2006,Dunfermline,Celtic,A,11.0,6.0,1.22,10.5,5.5,1.2,10.0,5.0,1.2,11.0,5.0,1.2,11.0,5.0,1.2,2006/7,€8.88m,€92.70m,8.5,6.0,1.2,9.0909,9.5238,9.0909,10.0,11.7647,9.0909,16.6667,18.1818,20.0,20.0,16.6667,20.0,81.9672,83.3333,83.3333,83.3333,83.3333,83.3333,A,9.7602,1.0465,18.5859,1.6449,83.1056,0.5577,ScotishPremierLeague
SC0,16/12/2006,Falkirk,Hibernian,H,2.7,3.2,2.3,2.75,3.2,2.3,2.7,3.2,2.2,2.75,3.2,2.25,2.75,3.1,2.3,2006/7,€12.50m,€17.98m,2.75,3.25,2.25,37.037,36.3636,36.3636,37.037,36.3636,36.3636,31.25,31.25,32.2581,31.25,30.7692,31.25,43.4783,43.4783,43.4783,45.4545,44.4444,44.4444,A,36.5881,0.3477,31.3379,0.4901,44.1297,0.8033,ScotishPremierLeague
SC0,16/12/2006,Hearts,Aberdeen,A,1.83,3.25,3.75,1.9,3.3,3.55,2.0,3.2,3.1,1.9,3.25,3.4,1.95,3.25,3.3,2006/7,€29.03m,€7.58m,1.9,3.25,3.5,54.6448,52.6316,51.2821,50.0,52.6316,52.6316,30.7692,30.303,30.7692,31.25,30.7692,30.7692,26.6667,28.169,30.303,32.2581,28.5714,29.4118,H,52.3036,1.5591,30.7716,0.2995,29.23,1.9227,ScotishPremierLeague
SC0,16/12/2006,Inverness C,Kilmarnock,A,2.37,3.2,2.62,2.3,3.2,2.75,2.4,3.2,2.5,2.37,3.2,2.6,2.3,3.1,2.75,2006/7,€7.53m,€9.40m,2.35,3.2,2.65,42.1941,43.4783,43.4783,41.6667,42.5532,42.1941,31.25,31.25,32.2581,31.25,31.25,31.25,38.1679,36.3636,36.3636,40.0,37.7358,38.4615,H,42.5941,0.741,31.418,0.4116,37.8487,1.3805,ScotishPremierLeague
SC0,16/12/2006,Motherwell,Dundee United,A,2.2,3.2,2.87,2.2,3.2,2.9,2.0,3.2,3.1,2.1,3.2,3.0,2.25,3.1,2.8,2006/7,€11.85m,€8.35m,2.2,3.2,2.8,45.4545,45.4545,44.4444,50.0,45.4545,47.619,31.25,31.25,32.2581,31.25,31.25,31.25,34.8432,34.4828,35.7143,32.2581,35.7143,33.3333,H,46.4045,2.0471,31.418,0.4116,34.391,1.3699,ScotishPremierLeague
SC0,16/12/2006,St Mirren,Dunfermline,D,1.8,3.25,4.0,1.8,3.35,3.9,1.8,3.2,3.7,1.9,3.2,3.5,1.83,3.3,3.6,2006/7,€6.83m,€8.88m,1.8,3.25,4.0,55.5556,55.5556,54.6448,55.5556,55.5556,52.6316,30.7692,29.8507,30.303,31.25,30.7692,31.25,25.0,25.641,27.7778,27.027,25.0,28.5714,H,54.9165,1.1771,30.6987,0.5465,26.5029,1.5125,ScotishPremierLeague
SC0,17/12/2006,Rangers,Celtic,D,2.75,3.2,2.5,2.75,3.2,2.3,2.6,3.0,2.4,2.5,3.2,2.5,2.62,3.2,2.3,2006/7,€67.35m,€92.70m,2.6,3.2,2.4,36.3636,36.3636,38.1679,38.4615,38.4615,40.0,31.25,31.25,31.25,33.3333,31.25,31.25,40.0,43.4783,43.4783,41.6667,41.6667,40.0,A,37.9697,1.4003,31.5972,0.8505,41.715,1.556,ScotishPremierLeague
SC0,23/12/2006,Aberdeen,Rangers,A,3.0,3.25,2.3,3.15,3.25,2.05,2.7,3.0,2.3,3.0,3.2,2.1,2.8,3.1,2.25,2006/7,€7.58m,€67.35m,2.9,3.2,2.2,33.3333,31.746,35.7143,37.037,34.4828,33.3333,30.7692,30.7692,32.2581,33.3333,31.25,31.25,43.4783,48.7805,44.4444,43.4783,45.4545,47.619,A,34.2744,1.8928,31.605,1.0063,45.5425,2.215,ScotishPremierLeague
SC0,23/12/2006,Celtic,Falkirk,H,1.18,6.0,12.0,1.15,6.5,11.5,1.15,6.0,12.0,1.14,6.0,12.0,1.14,6.0,12.0,2006/7,€92.70m,€12.50m,1.15,6.0,11.0,84.7458,86.9565,87.7193,86.9565,86.9565,87.7193,16.6667,15.3846,16.6667,16.6667,16.6667,16.6667,8.3333,8.6957,8.3333,8.3333,9.0909,8.3333,H,86.8423,1.0929,16.453,0.5234,8.52,0.315,ScotishPremierLeague
SC0,23/12/2006,Dundee United,Hearts,A,2.7,3.25,2.4,2.75,3.2,2.3,2.7,3.2,2.2,2.6,3.2,2.38,2.75,3.1,2.3,2006/7,€8.35m,€29.03m,2.65,3.2,2.35,37.037,36.3636,36.3636,37.037,37.7358,38.4615,30.7692,31.25,32.2581,31.25,31.25,31.25,41.6667,43.4783,43.4783,45.4545,42.5532,42.0168,A,37.1664,0.8153,31.3379,0.4901,43.108,1.3679,ScotishPremierLeague
SC0,23/12/2006,Dunfermline,Inverness C,D,2.7,3.25,2.4,2.5,3.15,2.55,2.5,3.0,2.5,2.38,3.2,2.6,2.62,3.1,2.37,2006/7,€8.88m,€7.53m,2.5,3.2,2.5,37.037,40.0,38.1679,40.0,40.0,42.0168,30.7692,31.746,32.2581,33.3333,31.25,31.25,41.6667,39.2157,42.1941,40.0,40.0,38.4615,A,39.537,1.7272,31.7678,0.9192,40.2563,1.4269,ScotishPremierLeague
SC0,23/12/2006,Hibernian,St Mirren,H,1.57,3.4,6.0,1.55,3.55,5.45,1.55,3.5,4.8,1.53,3.5,5.5,1.53,3.5,5.5,2006/7,€17.98m,€6.83m,1.55,3.4,5.5,63.6943,64.5161,65.3595,64.5161,64.5161,65.3595,29.4118,28.169,28.5714,28.5714,29.4118,28.5714,16.6667,18.3486,18.1818,20.8333,18.1818,18.1818,H,64.6603,0.6282,28.7845,0.5103,18.399,1.3469,ScotishPremierLeague
SC0,23/12/2006,Kilmarnock,Motherwell,A,1.61,3.6,5.0,1.6,3.45,5.15,1.65,3.3,4.4,1.62,3.25,5.0,1.61,3.3,5.0,2006/7,€9.40m,€11.85m,1.6,3.4,5.0,62.1118,62.5,62.1118,60.6061,62.5,61.7284,27.7778,28.9855,30.303,30.303,29.4118,30.7692,20.0,19.4175,20.0,22.7273,20.0,20.0,H,61.9264,0.7084,29.5917,1.1035,20.3575,1.1841,ScotishPremierLeague
SC0,26/12/2006,Aberdeen,Kilmarnock,H,1.8,3.4,3.8,1.85,3.3,3.75,1.8,3.1,3.8,1.8,3.3,3.75,1.8,3.3,3.75,2006/7,€7.58m,€9.40m,1.8,3.25,4.0,55.5556,54.0541,55.5556,55.5556,55.5556,55.5556,29.4118,30.303,30.303,32.2581,30.7692,30.303,26.3158,26.6667,26.6667,26.3158,25.0,26.6667,H,55.3054,0.613,30.558,0.9427,26.272,0.6464,ScotishPremierLeague
SC0,26/12/2006,Celtic,Dundee United,D,1.12,6.5,17.0,1.13,6.5,14.0,1.17,5.5,11.0,1.17,5.5,12.0,1.16,5.5,12.0,2006/7,€92.70m,€8.35m,1.17,6.0,11.0,89.2857,88.4956,86.2069,85.4701,85.4701,85.4701,15.3846,15.3846,18.1818,18.1818,16.6667,18.1818,5.8824,7.1429,8.3333,9.0909,9.0909,8.3333,H,86.7331,1.7137,16.9969,1.3799,7.979,1.2505,ScotishPremierLeague
SC0,26/12/2006,Dunfermline,Motherwell,A,2.5,3.25,2.5,2.3,3.2,2.75,2.4,3.0,2.6,2.5,3.2,2.5,2.37,3.3,2.5,2006/7,€8.88m,€11.85m,2.4,3.2,2.6,40.0,43.4783,42.1941,41.6667,41.6667,40.0,30.7692,31.25,30.303,33.3333,31.25,31.25,40.0,36.3636,40.0,38.4615,38.4615,40.0,H,41.501,1.338,31.3592,1.0389,38.8811,1.4454,ScotishPremierLeague
SC0,26/12/2006,Hearts,Hibernian,H,2.1,3.2,3.2,1.9,3.3,3.55,2.1,3.1,3.0,2.1,3.2,3.0,2.1,3.2,3.0,2006/7,€29.03m,€17.98m,2.1,3.1,3.2,47.619,52.6316,47.619,47.619,47.619,47.619,31.25,30.303,31.25,32.2581,32.2581,31.25,31.25,28.169,33.3333,33.3333,31.25,33.3333,H,48.4544,2.0464,31.4282,0.7401,31.7782,2.0415,ScotishPremierLeague
SC0,26/12/2006,St Mirren,Falkirk,H,2.3,3.25,2.75,2.35,3.2,2.7,2.3,3.0,2.7,2.25,3.5,2.5,2.37,3.3,2.5,2006/7,€6.83m,€12.50m,2.35,3.2,2.65,43.4783,42.5532,42.1941,43.4783,42.5532,44.4444,30.7692,31.25,30.303,33.3333,31.25,28.5714,36.3636,37.037,40.0,37.037,37.7358,40.0,H,43.1169,0.8379,30.9128,1.5467,38.0289,1.5873,ScotishPremierLeague
SC0,27/12/2006,Inverness C,Rangers,H,6.5,3.5,1.5,6.4,3.8,1.45,4.8,3.5,1.55,6.0,3.75,1.44,5.0,3.6,1.53,2006/7,€7.53m,€67.35m,6.5,4.0,1.4,15.3846,15.625,20.0,20.8333,15.3846,16.6667,28.5714,26.3158,27.7778,28.5714,25.0,26.6667,66.6667,68.9655,65.3595,64.5161,71.4286,69.4444,A,17.3157,2.4624,27.1505,1.4133,67.7301,2.6542,ScotishPremierLeague
SC0,30/12/2006,Dundee United,Aberdeen,H,2.62,3.2,2.37,2.8,3.2,2.25,2.7,3.0,2.3,2.75,3.2,2.25,2.75,3.2,2.25,2006/7,€8.35m,€7.58m,2.65,3.2,2.35,38.1679,35.7143,36.3636,37.037,37.7358,36.3636,31.25,31.25,31.25,33.3333,31.25,31.25,42.1941,44.4444,44.4444,43.4783,42.5532,44.4444,A,36.897,0.928,31.5972,0.8505,43.5931,1.0223,ScotishPremierLeague
SC0,30/12/2006,Falkirk,Inverness C,H,2.0,3.25,3.25,1.95,3.25,3.4,2.1,3.0,3.1,2.1,3.2,3.0,2.05,3.2,3.1,2006/7,€12.50m,€7.53m,2.0,3.25,3.25,50.0,51.2821,48.7805,47.619,50.0,47.619,30.7692,30.7692,31.25,33.3333,30.7692,31.25,30.7692,29.4118,32.2581,32.2581,30.7692,33.3333,H,49.2168,1.4689,31.3568,0.9965,31.4666,1.4094,ScotishPremierLeague
SC0,30/12/2006,Hibernian,Dunfermline,H,1.33,4.2,8.0,1.37,4.0,7.5,1.37,3.8,7.0,1.4,3.75,7.0,1.36,4.0,7.0,2006/7,€17.98m,€8.88m,1.4,3.75,7.5,75.188,72.9927,73.5294,72.9927,71.4286,71.4286,23.8095,25.0,25.0,26.3158,26.6667,26.6667,12.5,13.3333,14.2857,14.2857,13.3333,14.2857,H,72.9267,1.4124,25.5764,1.1585,13.6706,0.7393,ScotishPremierLeague
SC0,30/12/2006,Kilmarnock,Hearts,D,2.6,3.2,2.4,2.55,3.2,2.45,2.7,3.0,2.3,2.6,3.2,2.37,2.7,3.3,2.2,2006/7,€9.40m,€29.03m,2.65,3.2,2.35,38.4615,39.2157,37.037,37.037,37.7358,38.4615,31.25,31.25,30.303,33.3333,31.25,31.25,41.6667,40.8163,45.4545,43.4783,42.5532,42.1941,A,37.9914,0.875,31.4394,1.0022,42.6938,1.6178,ScotishPremierLeague
SC0,30/12/2006,Motherwell,Celtic,D,9.5,4.5,1.33,8.25,4.5,1.3,8.0,4.2,1.3,8.0,4.0,1.33,8.5,4.33,1.28,2006/7,€11.85m,€92.70m,8.0,4.35,1.3,10.5263,12.1212,11.7647,12.5,12.5,12.5,22.2222,22.2222,23.0947,23.8095,22.9885,25.0,75.188,76.9231,78.125,76.9231,76.9231,75.188,A,11.9854,0.7734,23.2229,1.0561,76.545,1.1496,ScotishPremierLeague
SC0,30/12/2006,Rangers,St Mirren,D,1.2,5.0,12.0,1.2,5.5,10.5,1.2,5.0,10.0,1.22,5.0,10.0,1.14,6.0,12.0,2006/7,€67.35m,€6.83m,1.2,5.0,12.0,83.3333,83.3333,87.7193,83.3333,83.3333,81.9672,20.0,18.1818,16.6667,20.0,20.0,20.0,8.3333,9.5238,8.3333,10.0,8.3333,10.0,H,83.8366,1.9791,19.1414,1.4138,9.0873,0.8441,ScotishPremierLeague
SC0,01/01/2007,Dundee United,Falkirk,A,2.1,3.25,3.0,2.05,3.2,3.2,1.9,3.2,3.4,1.9,3.25,3.4,2.0,3.3,3.1,2006/7,€8.35m,€12.50m,2.0,3.25,3.25,47.619,48.7805,50.0,52.6316,50.0,52.6316,30.7692,31.25,30.303,31.25,30.7692,30.7692,33.3333,31.25,32.2581,29.4118,30.7692,29.4118,H,50.2771,2.0271,30.8518,0.3574,31.0724,1.5592,ScotishPremierLeague
SC0,01/01/2007,Inverness C,St Mirren,H,2.0,3.25,3.25,2.0,3.2,3.35,2.1,3.2,2.9,2.1,3.2,3.0,2.0,3.3,3.1,2006/7,€7.53m,€6.83m,2.0,3.25,3.25,50.0,50.0,50.0,47.619,50.0,47.619,30.7692,31.25,30.303,31.25,30.7692,31.25,30.7692,29.8507,32.2581,34.4828,30.7692,33.3333,H,49.2063,1.2295,30.9319,0.3878,31.9106,1.7669,ScotishPremierLeague
SC0,02/01/2007,Celtic,Kilmarnock,H,1.2,5.5,11.0,1.2,5.0,12.5,1.2,5.0,10.0,1.2,5.0,11.0,1.2,5.0,11.0,2006/7,€92.70m,€9.40m,1.2,5.0,12.0,83.3333,83.3333,83.3333,83.3333,83.3333,83.3333,18.1818,20.0,20.0,20.0,20.0,20.0,9.0909,8.0,9.0909,10.0,8.3333,9.0909,H,83.3333,0.0,19.697,0.7423,8.9343,0.6991,ScotishPremierLeague
SC0,02/01/2007,Dunfermline,Hearts,A,4.0,3.5,1.72,4.35,3.4,1.7,4.4,3.3,1.65,4.5,3.3,1.66,4.8,3.4,1.6,2006/7,€8.88m,€29.03m,4.5,3.4,1.65,25.0,22.9885,20.8333,22.7273,22.2222,22.2222,28.5714,29.4118,29.4118,30.303,29.4118,30.303,58.1395,58.8235,62.5,60.6061,60.6061,60.241,A,22.6656,1.3644,29.5688,0.6553,60.1527,1.5329,ScotishPremierLeague
SC0,02/01/2007,Hibernian,Aberdeen,D,2.1,3.25,3.0,2.15,3.25,2.95,2.1,3.2,2.9,2.25,3.2,2.75,2.15,3.25,2.87,2006/7,€17.98m,€7.58m,2.1,3.25,3.0,47.619,46.5116,46.5116,47.619,47.619,44.4444,30.7692,30.7692,30.7692,31.25,30.7692,31.25,33.3333,33.8983,34.8432,34.4828,33.3333,36.3636,H,46.7208,1.2401,30.9295,0.2483,34.3758,1.1474,ScotishPremierLeague
SC0,02/01/2007,Motherwell,Rangers,A,5.5,3.5,1.53,5.5,3.65,1.53,4.8,3.5,1.55,5.5,3.5,1.53,6.0,3.75,1.44,2006/7,€11.85m,€67.35m,6.5,3.75,1.45,18.1818,18.1818,16.6667,20.8333,15.3846,18.1818,28.5714,27.3973,26.6667,28.5714,26.6667,28.5714,65.3595,65.3595,69.4444,64.5161,68.9655,65.3595,A,17.905,1.8271,27.7408,0.9482,66.5008,2.1254,ScotishPremierLeague
SC0,13/01/2007,Aberdeen,Inverness C,D,1.72,3.4,4.33,1.65,3.4,4.75,1.7,3.2,4.2,1.66,3.3,4.5,1.72,3.2,4.33,2006/7,€7.58m,€7.53m,1.75,3.25,4.35,58.1395,60.6061,58.1395,58.8235,57.1429,60.241,29.4118,29.4118,31.25,31.25,30.7692,30.303,23.0947,21.0526,23.0947,23.8095,22.9885,22.2222,H,58.8488,1.3374,30.3993,0.8419,22.7104,0.9558,ScotishPremierLeague
SC0,13/01/2007,Falkirk,Dunfermline,H,1.72,3.4,4.33,1.6,3.45,5.15,1.6,3.4,4.6,1.66,3.3,4.5,1.66,3.4,4.33,2006/7,€12.50m,€8.88m,1.6,3.4,5.0,58.1395,62.5,60.241,62.5,62.5,60.241,29.4118,28.9855,29.4118,29.4118,29.4118,30.303,23.0947,19.4175,23.0947,21.7391,20.0,22.2222,H,61.0202,1.7934,29.4893,0.4336,21.5947,1.5619,ScotishPremierLeague
SC0,13/01/2007,Rangers,Dundee United,H,1.33,4.0,8.5,1.3,4.5,8.5,1.35,4.0,7.0,1.33,4.0,8.0,1.33,4.0,8.0,2006/7,€67.35m,€8.35m,1.35,4.0,7.5,75.188,76.9231,75.188,74.0741,74.0741,75.188,25.0,22.2222,25.0,25.0,25.0,25.0,11.7647,11.7647,12.5,14.2857,13.3333,12.5,H,75.1059,1.0442,24.537,1.134,12.6914,0.9741,ScotishPremierLeague
SC0,14/01/2007,Hearts,Celtic,A,4.0,3.3,1.9,4.0,3.3,1.8,3.0,3.1,2.1,3.5,3.2,1.9,3.5,3.2,1.9,2006/7,€29.03m,€92.70m,3.75,3.25,1.85,25.0,25.0,28.5714,33.3333,26.6667,28.5714,30.303,30.303,31.25,32.2581,30.7692,31.25,52.6316,55.5556,52.6316,47.619,54.0541,52.6316,A,27.8571,3.1226,31.0222,0.7389,52.5206,2.6693,ScotishPremierLeague
SC0,15/01/2007,Kilmarnock,Hibernian,A,2.7,3.25,2.5,2.4,3.2,2.6,2.4,3.0,2.6,2.37,3.2,2.6,2.3,3.2,2.62,2006/7,€9.40m,€17.98m,2.4,3.2,2.6,37.037,41.6667,43.4783,41.6667,41.6667,42.1941,30.7692,31.25,31.25,33.3333,31.25,31.25,40.0,38.4615,38.1679,38.4615,38.4615,38.4615,A,41.2849,2.1963,31.5171,0.9103,38.669,0.6626,ScotishPremierLeague
SC0,20/01/2007,Celtic,St Mirren,H,1.12,6.5,15.0,1.13,6.5,14.0,1.15,6.0,12.0,1.14,6.0,12.0,1.14,5.5,15.0,2006/7,€92.70m,€6.83m,1.14,6.0,13.0,89.2857,88.4956,87.7193,86.9565,87.7193,87.7193,15.3846,15.3846,18.1818,16.6667,16.6667,16.6667,6.6667,7.1429,6.6667,8.3333,7.6923,8.3333,H,87.9826,0.8028,16.4918,1.0392,7.4725,0.7665,ScotishPremierLeague
SC0,20/01/2007,Hearts,Falkirk,H,1.61,3.6,4.5,1.6,3.5,5.0,1.55,3.5,4.8,1.53,3.5,5.5,1.61,3.3,5.0,2006/7,€29.03m,€12.50m,1.6,3.4,5.0,62.1118,62.5,62.1118,64.5161,62.5,65.3595,27.7778,28.5714,30.303,28.5714,29.4118,28.5714,22.2222,20.0,20.0,20.8333,20.0,18.1818,H,63.1832,1.3959,28.8678,0.8726,20.2062,1.3178,ScotishPremierLeague
SC0,20/01/2007,Kilmarnock,Dundee United,H,2.0,3.25,3.25,1.9,3.3,3.55,1.9,3.1,3.5,1.83,3.2,3.75,1.83,3.3,3.6,2006/7,€9.40m,€8.35m,2.0,3.25,3.25,50.0,52.6316,54.6448,52.6316,50.0,54.6448,30.7692,30.303,30.303,32.2581,30.7692,31.25,30.7692,28.169,27.7778,28.5714,30.7692,26.6667,H,52.4255,2.0833,30.9421,0.7353,28.7872,1.6614,ScotishPremierLeague
SC0,21/01/2007,Dunfermline,Rangers,A,8.0,4.5,1.36,7.5,4.25,1.35,7.0,4.0,1.35,7.0,3.75,1.4,7.5,4.2,1.33,2006/7,€8.88m,€67.35m,7.5,4.0,1.35,12.5,13.3333,13.3333,14.2857,13.3333,14.2857,22.2222,23.5294,23.8095,25.0,25.0,26.6667,73.5294,74.0741,75.188,74.0741,74.0741,71.4286,A,13.5119,0.6808,24.3713,1.5299,73.728,1.2504,ScotishPremierLeague
SC0,21/01/2007,Inverness C,Hibernian,H,2.6,3.2,2.4,2.55,3.2,2.45,2.4,3.0,2.6,2.5,3.2,2.5,2.5,3.3,2.37,2006/7,€7.53m,€17.98m,2.75,3.2,2.25,38.4615,39.2157,40.0,41.6667,36.3636,40.0,31.25,31.25,30.303,33.3333,31.25,31.25,41.6667,40.8163,42.1941,38.4615,44.4444,40.0,A,39.2846,1.784,31.4394,1.0022,41.2638,2.0393,ScotishPremierLeague
SC0,27/01/2007,Dundee United,Dunfermline,D,1.66,3.5,4.33,1.7,3.3,4.5,1.8,3.2,3.7,1.66,3.3,4.5,1.72,3.25,4.2,2006/7,€8.35m,€8.88m,1.65,3.4,4.5,60.241,58.8235,58.1395,55.5556,60.6061,60.241,28.5714,30.303,30.7692,31.25,29.4118,30.303,23.0947,22.2222,23.8095,27.027,22.2222,22.2222,H,58.9344,1.9115,30.1014,0.9657,23.433,1.8746,ScotishPremierLeague
SC0,27/01/2007,Falkirk,Kilmarnock,A,2.1,3.25,3.1,2.0,3.25,3.3,2.0,3.2,3.1,2.1,3.2,3.0,2.0,3.2,3.2,2006/7,€12.50m,€9.40m,2.1,3.25,3.0,47.619,50.0,50.0,50.0,47.619,47.619,30.7692,30.7692,31.25,31.25,30.7692,31.25,32.2581,30.303,31.25,32.2581,33.3333,33.3333,H,48.8095,1.3041,31.0096,0.2633,32.1226,1.1866,ScotishPremierLeague
SC0,27/01/2007,Hibernian,Motherwell,H,1.57,3.6,5.0,1.65,3.4,4.75,1.6,3.5,4.4,1.61,3.5,4.5,1.66,3.3,4.5,2006/7,€17.98m,€11.85m,1.55,3.25,5.5,63.6943,60.6061,60.241,62.5,64.5161,62.1118,27.7778,29.4118,30.303,28.5714,30.7692,28.5714,20.0,21.0526,22.2222,22.7273,18.1818,22.2222,H,62.2782,1.6755,29.2341,1.1428,21.0677,1.7256,ScotishPremierLeague
SC0,27/01/2007,Rangers,Hearts,D,1.66,3.6,5.0,1.6,3.5,5.0,1.6,3.5,4.4,1.61,3.25,5.0,1.61,3.3,5.0,2006/7,€67.35m,€29.03m,1.6,3.4,5.0,60.241,62.5,62.1118,62.5,62.5,62.1118,27.7778,28.5714,30.303,28.5714,29.4118,30.7692,20.0,20.0,20.0,22.7273,20.0,20.0,H,61.9941,0.8796,29.2341,1.1428,20.4546,1.1134,ScotishPremierLeague
SC0,27/01/2007,St Mirren,Aberdeen,A,2.75,3.25,2.25,2.85,3.2,2.25,2.6,3.2,2.3,2.6,3.2,2.37,2.7,3.25,2.25,2006/7,€6.83m,€7.58m,2.75,3.2,2.25,36.3636,35.0877,37.037,38.4615,36.3636,38.4615,30.7692,31.25,30.7692,31.25,31.25,31.25,44.4444,44.4444,44.4444,43.4783,44.4444,42.1941,A,36.9625,1.3215,31.0897,0.2483,43.9083,0.9244,ScotishPremierLeague
SC0,28/01/2007,Inverness C,Celtic,A,6.5,4.33,1.36,7.5,4.25,1.35,6.0,3.9,1.4,7.0,4.0,1.36,7.0,4.0,1.36,2006/7,€7.53m,€92.70m,7.5,4.35,1.33,15.3846,13.3333,14.2857,16.6667,13.3333,14.2857,23.0947,23.5294,25.0,25.641,22.9885,25.0,73.5294,74.0741,73.5294,71.4286,75.188,73.5294,A,14.5482,1.2867,24.2089,1.1397,73.5465,1.2214,ScotishPremierLeague
SC0,10/02/2007,Aberdeen,Dunfermline,H,1.44,3.75,6.5,1.45,4.0,6.0,1.5,3.7,5.0,1.5,3.4,6.0,1.5,3.4,6.0,2006/7,€7.58m,€8.88m,1.4,3.75,7.0,69.4444,68.9655,66.6667,66.6667,71.4286,66.6667,26.6667,25.0,29.4118,27.027,26.6667,29.4118,15.3846,16.6667,16.6667,20.0,14.2857,16.6667,H,68.3064,1.977,27.364,1.7356,16.6117,1.9186,ScotishPremierLeague
SC0,10/02/2007,Celtic,Hibernian,H,1.36,4.5,8.0,1.27,5.0,8.25,1.35,4.0,7.0,1.28,4.33,9.0,1.25,4.8,8.5,2006/7,€92.70m,€17.98m,1.28,4.5,8.5,73.5294,78.7402,80.0,74.0741,78.125,78.125,22.2222,20.0,20.8333,25.0,22.2222,23.0947,12.5,12.1212,11.7647,14.2857,11.7647,11.1111,H,77.099,2.6498,22.2287,1.7518,12.2579,1.0946,ScotishPremierLeague
SC0,10/02/2007,Falkirk,Motherwell,A,2.2,3.2,2.87,2.1,3.2,3.1,2.2,3.0,2.9,2.1,3.2,3.0,2.0,3.2,3.2,2006/7,€12.50m,€11.85m,2.1,3.25,3.0,45.4545,47.619,50.0,45.4545,47.619,47.619,31.25,31.25,31.25,33.3333,30.7692,31.25,34.8432,32.2581,31.25,34.4828,33.3333,33.3333,H,47.2943,1.6975,31.5171,0.9103,33.2501,1.3458,ScotishPremierLeague
SC0,10/02/2007,Hearts,Inverness C,H,1.61,3.4,5.0,1.6,3.5,5.0,1.6,3.4,4.6,1.57,3.5,5.0,1.61,3.3,5.0,2006/7,€29.03m,€7.53m,1.6,3.4,5.0,62.1118,62.5,62.1118,62.5,62.5,63.6943,29.4118,28.5714,30.303,29.4118,29.4118,28.5714,20.0,20.0,20.0,21.7391,20.0,20.0,H,62.5696,0.5829,29.2802,0.6485,20.2898,0.71,ScotishPremierLeague
SC0,10/02/2007,St Mirren,Dundee United,A,2.25,3.25,2.75,2.25,3.2,2.85,2.3,3.0,2.7,2.25,3.2,2.75,2.3,3.2,2.62,2006/7,€6.83m,€8.35m,2.35,3.2,2.65,44.4444,44.4444,43.4783,43.4783,42.5532,44.4444,30.7692,31.25,31.25,33.3333,31.25,31.25,36.3636,35.0877,38.1679,37.037,37.7358,36.3636,H,43.8072,0.7755,31.5171,0.9103,36.7926,1.1059,ScotishPremierLeague
SC0,11/02/2007,Kilmarnock,Rangers,A,5.5,3.8,1.57,6.0,3.6,1.5,4.6,3.4,1.6,5.0,3.5,1.57,5.5,3.5,1.53,2006/7,€9.40m,€67.35m,5.5,3.5,1.53,18.1818,16.6667,18.1818,21.7391,18.1818,20.0,26.3158,27.7778,28.5714,29.4118,28.5714,28.5714,63.6943,66.6667,65.3595,62.5,65.3595,63.6943,A,18.8252,1.7761,28.2033,1.0593,64.5457,1.5138,ScotishPremierLeague
SC0,17/02/2007,Aberdeen,Celtic,A,4.0,3.5,1.83,4.1,3.4,1.75,3.2,3.1,2.0,4.0,3.4,1.72,3.25,3.4,1.9,2006/7,€7.58m,€92.70m,4.0,3.4,1.75,25.0,24.3902,30.7692,31.25,25.0,25.0,28.5714,29.4118,29.4118,32.2581,29.4118,29.4118,54.6448,57.1429,52.6316,50.0,57.1429,58.1395,A,26.9016,3.1944,29.7461,1.2757,54.9503,3.1547,ScotishPremierLeague
SC0,17/02/2007,Dunfermline,Kilmarnock,D,3.3,3.25,2.15,2.9,3.2,2.2,2.9,3.0,2.2,2.8,3.2,2.2,3.0,3.2,2.1,2006/7,€8.88m,€9.40m,2.9,3.25,2.2,30.303,34.4828,33.3333,34.4828,34.4828,35.7143,30.7692,31.25,31.25,33.3333,30.7692,31.25,46.5116,45.4545,47.619,45.4545,45.4545,45.4545,A,33.7998,1.8714,31.437,0.9584,45.9914,0.9025,ScotishPremierLeague
SC0,17/02/2007,Hearts,St Mirren,D,1.44,3.5,7.5,1.4,4.0,7.0,1.35,4.0,7.0,1.36,3.75,8.0,1.44,3.75,6.0,2006/7,€29.03m,€6.83m,1.4,3.75,7.0,69.4444,71.4286,69.4444,74.0741,71.4286,73.5294,28.5714,25.0,26.6667,25.0,26.6667,26.6667,13.3333,14.2857,16.6667,14.2857,14.2857,12.5,H,71.5582,1.9588,26.4286,1.3299,14.2262,1.396,ScotishPremierLeague
SC0,17/02/2007,Motherwell,Inverness C,H,2.25,3.2,2.8,2.2,3.2,2.9,2.1,3.2,2.9,2.1,3.2,3.0,2.15,3.2,2.9,2006/7,€11.85m,€7.53m,2.2,3.25,2.8,44.4444,45.4545,46.5116,47.619,45.4545,47.619,31.25,31.25,31.25,31.25,30.7692,31.25,35.7143,34.4828,34.4828,34.4828,35.7143,33.3333,H,46.1838,1.2897,31.1699,0.1963,34.7017,0.9019,ScotishPremierLeague
SC0,18/02/2007,Dundee United,Hibernian,D,3.0,3.25,2.3,2.7,3.2,2.35,2.7,3.0,2.3,2.75,3.2,2.25,2.62,3.1,2.37,2006/7,€8.35m,€17.98m,2.75,3.2,2.25,33.3333,37.037,38.1679,37.037,36.3636,36.3636,30.7692,31.25,32.2581,33.3333,31.25,31.25,43.4783,42.5532,42.1941,43.4783,44.4444,44.4444,A,36.3837,1.6336,31.6851,0.9436,43.4321,0.9337,ScotishPremierLeague
SC0,18/02/2007,Rangers,Falkirk,H,1.25,5.0,13.0,1.25,5.0,9.0,1.25,4.5,9.0,1.25,4.5,10.0,1.25,4.5,10.0,2006/7,€67.35m,€12.50m,1.2,5.5,10.0,80.0,80.0,80.0,80.0,83.3333,80.0,20.0,20.0,22.2222,22.2222,18.1818,22.2222,7.6923,11.1111,10.0,11.1111,10.0,10.0,H,80.5556,1.3608,20.8081,1.6854,9.9858,1.2485,ScotishPremierLeague
SC0,20/02/2007,St Mirren,Motherwell,D,2.25,3.25,2.75,2.45,3.2,2.55,2.5,3.0,2.5,2.6,3.2,2.37,2.5,3.1,2.5,2006/7,€6.83m,€11.85m,2.4,3.2,2.6,44.4444,40.8163,40.0,40.0,41.6667,38.4615,30.7692,31.25,32.2581,33.3333,31.25,31.25,36.3636,39.2157,40.0,40.0,38.4615,42.1941,H,40.8981,2.0359,31.6851,0.9436,39.3725,1.9317,ScotishPremierLeague
SC0,03/03/2007,Celtic,Dunfermline,H,1.16,6.5,15.0,1.15,6.5,12.0,1.2,5.0,10.0,1.14,6.0,12.0,1.14,6.0,12.0,2006/7,€92.70m,€8.88m,1.14,6.5,12.0,86.2069,86.9565,87.7193,83.3333,87.7193,87.7193,15.3846,15.3846,16.6667,20.0,15.3846,16.6667,6.6667,8.3333,8.3333,10.0,8.3333,8.3333,H,86.6091,1.7153,16.5812,1.7888,8.3333,1.0541,ScotishPremierLeague
SC0,03/03/2007,Falkirk,Aberdeen,A,2.9,3.25,2.15,2.9,3.15,2.25,2.9,3.0,2.2,2.75,3.2,2.25,2.8,3.2,2.2,2006/7,€12.50m,€7.58m,2.75,3.25,2.25,34.4828,34.4828,35.7143,34.4828,36.3636,36.3636,30.7692,31.746,31.25,33.3333,30.7692,31.25,46.5116,44.4444,45.4545,45.4545,44.4444,44.4444,A,35.315,0.9419,31.5196,0.9605,45.1256,0.8402,ScotishPremierLeague
SC0,03/03/2007,Inverness C,Dundee United,H,2.1,3.25,3.0,2.2,3.0,3.15,2.1,3.0,3.1,2.0,3.2,3.2,2.05,3.1,3.2,2006/7,€7.53m,€8.35m,2.1,3.25,3.0,47.619,45.4545,48.7805,47.619,47.619,50.0,30.7692,33.3333,32.2581,33.3333,30.7692,31.25,33.3333,31.746,31.25,32.2581,33.3333,31.25,H,47.8487,1.5091,31.9522,1.2,32.1951,0.9574,ScotishPremierLeague
SC0,03/03/2007,St Mirren,Kilmarnock,A,2.6,3.2,2.4,2.65,3.2,2.4,2.6,3.0,2.4,2.75,3.2,2.25,2.62,3.2,2.3,2006/7,€6.83m,€9.40m,2.6,3.25,2.35,38.4615,37.7358,38.1679,38.4615,38.4615,36.3636,31.25,31.25,31.25,33.3333,30.7692,31.25,41.6667,41.6667,43.4783,41.6667,42.5532,44.4444,A,37.942,0.824,31.5171,0.9103,42.5793,1.165,ScotishPremierLeague
SC0,04/03/2007,Hibernian,Rangers,A,3.75,3.2,2.0,3.8,3.25,1.85,3.5,3.1,1.9,3.75,3.2,1.83,3.75,3.2,1.83,2006/7,€17.98m,€67.35m,3.75,3.25,1.85,26.6667,26.3158,26.6667,28.5714,26.6667,26.6667,31.25,30.7692,31.25,32.2581,30.7692,31.25,50.0,54.0541,54.6448,52.6316,54.0541,54.6448,A,26.9257,0.8184,31.2578,0.5437,53.3382,1.7934,ScotishPremierLeague
SC0,05/03/2007,Motherwell,Hearts,A,3.25,3.2,2.2,3.0,3.2,2.15,2.9,3.0,2.2,3.0,3.2,2.1,3.1,3.2,2.05,2006/7,€11.85m,€29.03m,3.0,3.25,2.1,30.7692,33.3333,32.2581,34.4828,33.3333,33.3333,31.25,31.25,31.25,33.3333,30.7692,31.25,45.4545,46.5116,48.7805,45.4545,47.619,47.619,A,32.9183,1.2664,31.5171,0.9103,46.9065,1.3341,ScotishPremierLeague
SC0,10/03/2007,Aberdeen,Hearts,H,2.3,3.2,2.7,2.3,3.2,2.75,2.3,3.0,2.7,2.37,3.2,2.6,2.3,3.2,2.62,2006/7,€7.58m,€29.03m,2.35,3.2,2.65,43.4783,43.4783,43.4783,43.4783,42.5532,42.1941,31.25,31.25,31.25,33.3333,31.25,31.25,37.037,36.3636,38.1679,37.037,37.7358,38.4615,H,43.1101,0.5816,31.5972,0.8505,37.4671,0.7924,ScotishPremierLeague
SC0,10/03/2007,Dundee United,Motherwell,D,2.3,3.2,2.7,2.2,3.2,2.9,2.3,3.0,2.7,2.2,3.2,2.8,2.3,3.1,2.75,2006/7,€8.35m,€11.85m,2.25,3.25,2.75,43.4783,45.4545,43.4783,43.4783,44.4444,45.4545,31.25,31.25,32.2581,33.3333,30.7692,31.25,37.037,34.4828,36.3636,37.037,36.3636,35.7143,H,44.298,0.9708,31.6851,0.9436,36.1664,0.9626,ScotishPremierLeague
SC0,10/03/2007,Dunfermline,St Mirren,D,2.37,3.2,2.62,2.35,3.2,2.7,2.4,3.0,2.6,2.2,3.25,2.75,2.37,3.1,2.62,2006/7,€8.88m,€6.83m,2.25,3.25,2.75,42.1941,42.5532,42.1941,41.6667,44.4444,45.4545,31.25,31.25,32.2581,33.3333,30.7692,30.7692,38.1679,37.037,38.1679,38.4615,36.3636,36.3636,H,43.0845,1.5063,31.605,1.0063,37.4269,0.9573,ScotishPremierLeague
SC0,10/03/2007,Hibernian,Falkirk,H,1.5,3.75,5.5,1.5,3.6,6.0,1.6,3.4,4.6,1.53,3.5,5.5,1.53,3.5,5.5,2006/7,€17.98m,€12.50m,1.55,3.4,5.5,66.6667,66.6667,65.3595,62.5,64.5161,65.3595,26.6667,27.7778,28.5714,29.4118,29.4118,28.5714,18.1818,16.6667,18.1818,21.7391,18.1818,18.1818,H,65.1781,1.5562,28.4018,1.0486,18.5222,1.6885,ScotishPremierLeague
SC0,10/03/2007,Kilmarnock,Inverness C,H,1.9,3.25,3.5,1.85,3.25,3.8,1.8,3.1,3.8,1.8,3.3,3.75,1.83,3.2,3.75,2006/7,€9.40m,€7.53m,1.9,3.25,3.6,52.6316,54.0541,54.6448,55.5556,52.6316,55.5556,30.7692,30.7692,31.25,32.2581,30.7692,30.303,28.5714,26.3158,26.6667,26.3158,27.7778,26.6667,H,54.1789,1.3275,31.0198,0.6765,27.0524,0.9183,ScotishPremierLeague
SC0,11/03/2007,Celtic,Rangers,A,1.9,3.25,4.0,1.83,3.2,4.0,1.9,3.1,3.5,1.83,3.2,3.75,1.8,3.1,4.0,2006/7,€92.70m,€67.35m,1.9,3.2,3.6,52.6316,54.6448,55.5556,52.6316,52.6316,54.6448,30.7692,31.25,32.2581,32.2581,31.25,31.25,25.0,25.0,25.0,28.5714,27.7778,26.6667,H,53.79,1.3118,31.5059,0.6117,26.336,1.5837,ScotishPremierLeague
SC0,13/03/2007,Motherwell,Aberdeen,A,3.1,3.25,2.25,2.9,3.2,2.2,3.0,3.1,2.1,2.8,3.2,2.2,2.8,3.2,2.2,2006/7,€11.85m,€7.58m,2.9,3.2,2.2,32.2581,34.4828,35.7143,33.3333,34.4828,35.7143,30.7692,31.25,31.25,32.2581,31.25,31.25,44.4444,45.4545,45.4545,47.619,45.4545,45.4545,A,34.3309,1.3539,31.3379,0.4901,45.6469,1.0472,ScotishPremierLeague
SC0,17/03/2007,Hearts,Dundee United,A,1.57,3.6,5.0,1.5,3.5,6.4,1.5,3.7,5.0,1.44,3.6,6.5,1.53,3.5,5.5,2006/7,€29.03m,€8.35m,1.55,3.4,5.5,63.6943,66.6667,65.3595,66.6667,64.5161,69.4444,27.7778,28.5714,28.5714,27.027,29.4118,27.7778,20.0,15.625,18.1818,20.0,18.1818,15.3846,H,66.058,2.0328,28.1895,0.8338,17.8955,2.0239,ScotishPremierLeague
SC0,17/03/2007,Inverness C,Dunfermline,A,1.66,3.4,4.5,1.65,3.2,5.25,1.7,3.2,4.2,1.66,3.3,4.5,1.6,3.4,4.8,2006/7,€7.53m,€8.88m,1.6,3.4,5.0,60.241,60.6061,62.5,58.8235,62.5,60.241,29.4118,31.25,29.4118,31.25,29.4118,30.303,22.2222,19.0476,20.8333,23.8095,20.0,22.2222,H,60.8186,1.4385,30.1731,0.9028,21.3558,1.7298,ScotishPremierLeague
SC0,17/03/2007,Rangers,Aberdeen,H,1.57,3.6,5.0,1.5,3.5,6.4,1.55,3.5,4.8,1.44,3.75,6.0,1.53,3.5,5.5,2006/7,€67.35m,€7.58m,1.5,3.5,6.0,63.6943,66.6667,65.3595,64.5161,66.6667,69.4444,27.7778,28.5714,28.5714,28.5714,28.5714,26.6667,20.0,15.625,18.1818,20.8333,16.6667,16.6667,H,66.0579,2.0328,28.1217,0.7803,17.9956,2.0619,ScotishPremierLeague
SC0,18/03/2007,Falkirk,Celtic,H,8.0,4.5,1.36,7.5,4.75,1.3,7.5,4.0,1.33,8.0,4.5,1.28,8.5,4.8,1.25,2006/7,€12.50m,€92.70m,8.0,4.5,1.3,12.5,13.3333,11.7647,13.3333,12.5,12.5,22.2222,21.0526,20.8333,25.0,22.2222,22.2222,73.5294,76.9231,80.0,75.188,76.9231,78.125,A,12.6552,0.5975,22.2588,1.4836,76.7814,2.2503,ScotishPremierLeague
SC0,31/03/2007,Dundee United,Celtic,D,7.5,4.0,1.44,7.75,3.75,1.4,5.4,3.8,1.45,6.0,3.75,1.44,7.0,3.75,1.4,2006/7,€8.35m,€92.70m,7.5,3.75,1.4,13.3333,12.9032,14.2857,18.5185,13.3333,16.6667,25.0,26.6667,26.6667,26.3158,26.6667,26.6667,69.4444,71.4286,71.4286,68.9655,71.4286,69.4444,A,14.8401,2.2569,26.3304,0.6667,70.3567,1.1872,ScotishPremierLeague
SC0,31/03/2007,Falkirk,St Mirren,H,2.0,3.2,3.4,1.85,3.25,3.8,1.85,3.1,3.6,1.9,3.25,3.4,1.8,3.3,3.75,2006/7,€12.50m,€6.83m,1.9,3.25,3.5,50.0,54.0541,55.5556,54.0541,52.6316,52.6316,31.25,30.7692,30.303,32.2581,30.7692,30.7692,29.4118,26.3158,26.6667,27.7778,28.5714,29.4118,H,53.1545,1.8911,31.0198,0.6765,28.0259,1.3396,ScotishPremierLeague
SC0,31/03/2007,Kilmarnock,Aberdeen,A,2.62,3.25,2.37,2.5,3.2,2.5,2.6,3.0,2.4,2.37,3.2,2.6,2.62,3.2,2.3,2006/7,€9.40m,€7.58m,2.65,3.2,2.4,38.1679,40.0,38.1679,38.4615,37.7358,42.1941,30.7692,31.25,31.25,33.3333,31.25,31.25,42.1941,40.0,43.4783,41.6667,41.6667,38.4615,A,39.1212,1.6963,31.5171,0.9103,41.2445,1.7631,ScotishPremierLeague
SC0,31/03/2007,Motherwell,Dunfermline,H,1.83,3.4,3.75,1.9,3.25,3.6,1.8,3.1,3.8,1.83,3.2,3.75,1.72,3.25,4.2,2006/7,€11.85m,€8.88m,1.8,3.25,4.0,54.6448,52.6316,58.1395,55.5556,55.5556,54.6448,29.4118,30.7692,30.7692,32.2581,30.7692,31.25,26.6667,27.7778,23.8095,26.3158,25.0,26.6667,H,55.1953,1.7948,30.8712,0.9196,26.0394,1.4098,ScotishPremierLeague
SC0,31/03/2007,Rangers,Inverness C,D,1.25,5.0,9.5,1.25,5.0,9.0,1.3,4.2,8.0,1.25,4.5,10.0,1.25,4.8,8.5,2006/7,€67.35m,€7.53m,1.2,5.5,10.0,80.0,80.0,80.0,76.9231,83.3333,80.0,20.0,20.0,20.8333,23.8095,18.1818,22.2222,10.5263,11.1111,11.7647,12.5,10.0,10.0,H,80.0427,2.0282,20.8411,1.9599,10.9837,1.007,ScotishPremierLeague
SC0,01/04/2007,Hibernian,Hearts,A,2.3,3.25,3.0,2.3,3.2,2.75,2.3,3.0,2.7,2.2,3.2,2.8,2.2,3.1,2.87,2006/7,€17.98m,€29.03m,2.2,3.2,2.9,43.4783,43.4783,45.4545,43.4783,45.4545,45.4545,30.7692,31.25,32.2581,33.3333,31.25,31.25,33.3333,36.3636,34.8432,37.037,34.4828,35.7143,H,44.4664,1.0824,31.6851,0.9436,35.2957,1.3464,ScotishPremierLeague
SC0,03/04/2007,Motherwell,Kilmarnock,A,2.5,3.25,2.5,2.45,3.2,2.55,2.3,3.0,2.7,2.25,3.2,2.75,2.3,3.2,2.62,2006/7,€11.85m,€9.40m,2.25,3.25,2.75,40.0,40.8163,43.4783,43.4783,44.4444,44.4444,30.7692,31.25,31.25,33.3333,30.7692,31.25,40.0,39.2157,38.1679,37.037,36.3636,36.3636,H,42.777,1.9026,31.437,0.9584,37.858,1.5276,ScotishPremierLeague
SC0,04/04/2007,St Mirren,Hibernian,D,3.2,3.2,2.1,3.3,3.25,2.0,2.7,3.0,2.3,3.2,3.2,2.0,3.2,3.2,2.0,2006/7,€6.83m,€17.98m,3.0,3.2,2.1,31.25,30.303,31.25,37.037,33.3333,31.25,31.25,30.7692,31.25,33.3333,31.25,31.25,47.619,50.0,50.0,43.4783,47.619,50.0,A,32.4039,2.4794,31.5171,0.9103,48.1194,2.5554,ScotishPremierLeague
SC0,07/04/2007,Aberdeen,Dundee United,A,1.57,3.6,5.0,1.6,3.4,5.25,1.6,3.4,4.6,1.61,3.5,4.5,1.6,3.4,4.8,2006/7,€7.58m,€8.35m,1.6,3.4,5.0,63.6943,62.5,62.5,62.5,62.5,62.1118,27.7778,29.4118,29.4118,29.4118,29.4118,28.5714,20.0,19.0476,20.8333,21.7391,20.0,22.2222,H,62.6344,0.542,28.9994,0.6864,20.6404,1.1919,ScotishPremierLeague
SC0,07/04/2007,Celtic,Motherwell,H,1.28,5.0,10.0,1.2,5.5,10.5,1.25,4.5,9.0,1.2,5.0,11.0,1.2,5.0,11.0,2006/7,€92.70m,€11.85m,1.25,5.0,8.5,78.125,83.3333,83.3333,80.0,80.0,83.3333,20.0,18.1818,20.0,22.2222,20.0,20.0,10.0,9.5238,9.0909,11.1111,11.7647,9.0909,H,81.3542,2.2736,20.0673,1.2819,10.0969,1.111,ScotishPremierLeague
SC0,07/04/2007,Dunfermline,Hibernian,H,3.2,3.3,1.95,3.1,3.25,2.1,3.1,3.2,2.0,3.0,3.2,2.1,3.0,3.4,2.0,2006/7,€8.88m,€17.98m,3.25,3.25,2.0,31.25,32.2581,33.3333,32.2581,30.7692,33.3333,30.303,30.7692,29.4118,31.25,30.7692,31.25,51.2821,47.619,50.0,50.0,50.0,47.619,A,32.2003,1.0512,30.6255,0.6926,49.42,1.4808,ScotishPremierLeague
SC0,07/04/2007,Hearts,Kilmarnock,H,1.66,3.5,4.33,1.75,3.4,4.1,1.7,3.3,4.0,1.66,3.3,4.5,1.66,3.4,4.33,2006/7,€29.03m,€9.40m,1.6,3.4,5.0,60.241,57.1429,60.241,58.8235,62.5,60.241,28.5714,29.4118,29.4118,30.303,29.4118,30.303,23.0947,24.3902,23.0947,25.0,20.0,22.2222,H,59.8649,1.7811,29.5688,0.6553,22.967,1.7635,ScotishPremierLeague
SC0,07/04/2007,Inverness C,Falkirk,D,1.9,3.25,3.5,2.2,3.25,2.9,2.1,3.1,3.0,2.0,3.4,3.0,2.05,3.3,3.0,2006/7,€7.53m,€12.50m,2.0,3.0,3.5,52.6316,45.4545,48.7805,47.619,50.0,50.0,30.7692,30.7692,30.303,32.2581,33.3333,29.4118,28.5714,34.4828,33.3333,33.3333,28.5714,33.3333,H,49.0809,2.4362,31.1408,1.4158,31.9376,2.6452,ScotishPremierLeague
SC0,08/04/2007,St Mirren,Rangers,A,7.5,4.0,1.44,6.5,3.75,1.45,5.4,3.8,1.45,8.0,4.0,1.33,7.0,3.75,1.4,2006/7,€6.83m,€67.35m,7.5,4.0,1.35,13.3333,15.3846,14.2857,18.5185,13.3333,12.5,25.0,26.6667,26.6667,26.3158,25.0,25.0,69.4444,68.9655,71.4286,68.9655,74.0741,75.188,A,14.5592,2.1761,25.7749,0.8584,71.3444,2.7262,ScotishPremierLeague
SC0,21/04/2007,Aberdeen,Hibernian,D,1.8,3.3,4.5,1.8,3.4,3.85,1.75,3.2,4.0,1.73,3.4,4.0,1.72,3.4,4.0,2006/7,€7.58m,€17.98m,1.8,3.25,4.0,55.5556,55.5556,58.1395,57.1429,55.5556,57.8035,30.303,29.4118,29.4118,31.25,30.7692,29.4118,22.2222,25.974,25.0,25.0,25.0,25.0,H,56.6254,1.215,30.0929,0.804,24.6994,1.2746,ScotishPremierLeague
SC0,21/04/2007,Dunfermline,Dundee United,H,2.37,3.2,2.62,2.35,3.25,2.65,2.1,3.2,2.9,2.38,3.2,2.6,2.25,3.4,2.6,2006/7,€8.88m,€8.35m,2.25,3.25,2.75,42.1941,42.5532,44.4444,47.619,44.4444,42.0168,31.25,30.7692,29.4118,31.25,30.7692,31.25,38.1679,37.7358,38.4615,34.4828,36.3636,38.4615,H,43.8786,2.1303,30.7834,0.712,37.2788,1.5781,ScotishPremierLeague
SC0,21/04/2007,Inverness C,Motherwell,H,2.1,3.25,3.0,2.1,3.25,3.05,2.2,3.0,2.9,2.0,3.2,3.2,2.1,3.3,2.87,2006/7,€7.53m,€11.85m,2.1,3.25,3.0,47.619,47.619,47.619,45.4545,47.619,50.0,30.7692,30.7692,30.303,33.3333,30.7692,31.25,33.3333,32.7869,34.8432,34.4828,33.3333,31.25,H,47.6551,1.4385,31.199,1.0876,33.3382,1.2837,ScotishPremierLeague
SC0,21/04/2007,Rangers,Hearts,H,1.57,3.6,5.0,1.6,3.5,5.0,1.65,3.3,4.4,1.5,3.4,6.0,1.57,3.6,4.8,2006/7,€67.35m,€29.03m,1.5,3.5,6.0,63.6943,62.5,63.6943,60.6061,66.6667,66.6667,27.7778,28.5714,27.7778,30.303,28.5714,29.4118,20.0,20.0,20.8333,22.7273,16.6667,16.6667,H,63.9714,2.3737,28.7355,0.9801,19.4823,2.3978,ScotishPremierLeague
SC0,22/04/2007,Kilmarnock,Celtic,A,7.0,3.75,1.5,6.5,3.75,1.45,4.6,3.4,1.6,6.0,3.75,1.44,5.5,3.6,1.5,2006/7,€9.40m,€92.70m,7.0,3.6,1.45,14.2857,15.3846,18.1818,21.7391,14.2857,16.6667,26.6667,26.6667,27.7778,29.4118,27.7778,26.6667,66.6667,68.9655,66.6667,62.5,68.9655,69.4444,A,16.7573,2.8621,27.4946,1.0856,67.2015,2.605,ScotishPremierLeague
SC0,23/04/2007,Falkirk,St Mirren,A,2.0,3.25,3.2,2.1,3.25,3.05,2.1,3.1,3.0,1.83,3.2,3.75,2.1,3.3,2.87,2006/7,€12.50m,€6.83m,2.1,3.25,3.0,50.0,47.619,47.619,47.619,47.619,54.6448,30.7692,30.7692,30.303,32.2581,30.7692,31.25,31.25,32.7869,34.8432,33.3333,33.3333,26.6667,H,49.1868,2.8384,31.0198,0.6765,32.0356,2.8725,ScotishPremierLeague
SC0,28/04/2007,Aberdeen,Kilmarnock,H,1.72,3.25,4.33,1.7,3.5,4.25,1.7,3.2,4.2,1.61,3.5,4.5,1.66,3.3,4.5,2006/7,€7.58m,€9.40m,1.75,3.25,4.35,58.1395,58.8235,60.241,58.8235,57.1429,62.1118,30.7692,28.5714,30.303,31.25,30.7692,28.5714,23.0947,23.5294,22.2222,23.8095,22.9885,22.2222,H,59.2137,1.7436,30.039,1.1756,22.9778,0.656,ScotishPremierLeague
SC0,28/04/2007,Dundee United,Inverness C,D,1.9,3.25,3.5,2.0,3.2,3.35,2.0,3.1,3.2,2.0,3.2,3.2,2.1,3.2,3.0,2006/7,€8.35m,€7.53m,1.9,3.25,3.5,52.6316,50.0,47.619,50.0,52.6316,50.0,30.7692,31.25,31.25,32.2581,30.7692,31.25,28.5714,29.8507,33.3333,31.25,28.5714,31.25,H,50.4804,1.9045,31.2578,0.5437,30.4711,1.8444,ScotishPremierLeague
SC0,28/04/2007,Hibernian,Rangers,D,4.0,3.25,1.8,4.4,3.4,1.7,4.2,3.2,1.7,4.33,3.4,1.66,5.0,3.3,1.61,2006/7,€17.98m,€67.35m,4.5,3.4,1.65,25.0,22.7273,20.0,23.8095,22.2222,23.0947,30.7692,29.4118,30.303,31.25,29.4118,29.4118,55.5556,58.8235,62.1118,58.8235,60.6061,60.241,A,22.809,1.6807,30.0929,0.804,59.3602,2.2339,ScotishPremierLeague
SC0,28/04/2007,Motherwell,Falkirk,D,2.1,3.25,3.0,2.1,3.25,3.05,2.0,3.1,3.2,2.2,3.25,2.75,2.1,3.2,3.0,2006/7,€11.85m,€12.50m,2.2,3.25,2.8,47.619,47.619,47.619,50.0,45.4545,45.4545,30.7692,30.7692,31.25,32.2581,30.7692,30.7692,33.3333,32.7869,33.3333,31.25,35.7143,36.3636,H,47.2943,1.6975,31.0975,0.6002,33.7969,1.9079,ScotishPremierLeague
SC0,29/04/2007,Celtic,Hearts,A,1.53,3.8,6.0,1.45,3.8,6.4,1.5,3.7,5.0,1.5,3.6,5.5,1.44,3.75,6.0,2006/7,€92.70m,€29.03m,1.55,3.6,5.0,65.3595,68.9655,69.4444,66.6667,64.5161,66.6667,26.3158,26.3158,26.6667,27.027,27.7778,27.7778,16.6667,15.625,16.6667,20.0,20.0,18.1818,H,66.9365,1.9441,26.9802,0.6717,17.8567,1.8496,ScotishPremierLeague
SC0,30/04/2007,St Mirren,Dunfermline,A,2.2,3.25,3.2,2.2,3.25,2.9,2.1,3.1,3.0,2.25,3.2,2.75,2.1,3.2,3.0,2006/7,€6.83m,€8.88m,2.25,3.25,2.75,45.4545,45.4545,47.619,47.619,44.4444,44.4444,30.7692,30.7692,31.25,32.2581,30.7692,31.25,31.25,34.4828,33.3333,33.3333,36.3636,36.3636,H,45.8393,1.4507,31.1776,0.5794,34.1878,1.9822,ScotishPremierLeague
SC0,05/05/2007,Dundee United,St Mirren,A,2.2,3.25,2.8,2.0,3.25,3.3,2.2,3.1,2.8,2.1,3.2,3.0,2.1,3.4,2.8,2006/7,€8.35m,€6.83m,2.0,3.25,3.25,45.4545,50.0,47.619,45.4545,50.0,47.619,30.7692,30.7692,29.4118,32.2581,30.7692,31.25,35.7143,30.303,35.7143,35.7143,30.7692,33.3333,H,47.6912,2.0336,30.8712,0.9196,33.5914,2.5442,ScotishPremierLeague
SC0,05/05/2007,Falkirk,Inverness C,H,2.1,3.25,3.0,2.15,3.25,2.95,2.1,3.1,3.0,2.1,3.2,3.0,2.1,3.2,3.0,2006/7,€12.50m,€7.53m,2.1,3.25,3.0,47.619,46.5116,47.619,47.619,47.619,47.619,30.7692,30.7692,31.25,32.2581,30.7692,31.25,33.3333,33.8983,33.3333,33.3333,33.3333,33.3333,H,47.4344,0.4521,31.1776,0.5794,33.4275,0.2307,ScotishPremierLeague
SC0,05/05/2007,Hibernian,Kilmarnock,A,1.8,3.25,4.0,1.9,3.25,3.65,1.9,3.1,3.5,1.8,3.3,3.75,1.9,3.25,3.4,2006/7,€17.98m,€9.40m,1.8,3.25,4.0,55.5556,52.6316,52.6316,52.6316,55.5556,55.5556,30.7692,30.7692,30.7692,32.2581,30.7692,30.303,25.0,27.3973,29.4118,28.5714,25.0,26.6667,H,54.0936,1.6015,30.9396,0.6723,27.0079,1.8196,ScotishPremierLeague
SC0,05/05/2007,Rangers,Celtic,H,2.37,3.2,2.9,2.3,3.2,2.75,2.4,3.1,2.7,2.25,3.2,2.75,2.3,3.2,2.62,2006/7,€67.35m,€92.70m,2.25,3.2,2.8,42.1941,43.4783,43.4783,41.6667,44.4444,44.4444,31.25,31.25,31.25,32.2581,31.25,31.25,34.4828,36.3636,38.1679,37.037,35.7143,36.3636,H,43.2844,1.1465,31.418,0.4116,36.3549,1.2383,ScotishPremierLeague
SC0,06/05/2007,Hearts,Aberdeen,D,2.0,3.3,3.6,2.1,3.25,3.05,2.0,3.1,3.2,2.0,3.2,3.2,2.05,3.3,3.0,2006/7,€29.03m,€7.58m,2.0,3.25,3.25,50.0,47.619,48.7805,50.0,50.0,50.0,30.303,30.7692,30.303,32.2581,30.7692,31.25,27.7778,32.7869,33.3333,31.25,30.7692,31.25,H,49.3999,0.9996,30.9421,0.7353,31.1945,1.9479,ScotishPremierLeague
SC0,07/05/2007,Dunfermline,Motherwell,H,1.9,3.4,3.4,1.85,3.4,3.65,2.0,3.1,3.2,1.8,3.5,3.5,2.0,3.4,3.0,2006/7,€8.88m,€11.85m,1.8,3.4,3.75,52.6316,54.0541,50.0,50.0,55.5556,55.5556,29.4118,29.4118,29.4118,32.2581,29.4118,28.5714,29.4118,27.3973,33.3333,31.25,26.6667,28.5714,H,52.9662,2.5417,29.7461,1.2757,29.4384,2.4921,ScotishPremierLeague
SC0,12/05/2007,Celtic,Aberdeen,H,1.61,3.6,4.5,1.6,3.6,4.8,1.7,3.3,4.0,1.61,3.5,4.5,1.61,3.5,4.5,2006/7,€92.70m,€7.58m,1.6,3.6,4.5,62.1118,62.5,62.1118,58.8235,62.5,62.1118,27.7778,27.7778,28.5714,30.303,27.7778,28.5714,22.2222,20.8333,22.2222,25.0,22.2222,22.2222,H,61.6932,1.4186,28.4632,0.9816,22.4537,1.3656,ScotishPremierLeague
SC0,12/05/2007,Falkirk,Dundee United,H,2.1,3.4,2.87,2.0,3.25,3.3,2.0,3.1,3.2,2.0,3.2,3.2,1.95,3.25,3.3,2006/7,€12.50m,€8.35m,2.0,3.25,3.25,47.619,50.0,51.2821,50.0,50.0,50.0,29.4118,30.7692,30.7692,32.2581,30.7692,31.25,34.8432,30.303,30.303,31.25,30.7692,31.25,H,49.8168,1.1926,30.8712,0.9196,31.4531,1.714,ScotishPremierLeague
SC0,12/05/2007,Hearts,Hibernian,H,1.9,3.25,4.0,1.85,3.3,3.75,1.85,3.1,3.6,1.72,3.4,4.0,1.83,3.2,3.75,2006/7,€29.03m,€17.98m,1.8,3.25,4.0,52.6316,54.0541,54.6448,54.0541,55.5556,58.1395,30.7692,30.303,31.25,32.2581,30.7692,29.4118,25.0,26.6667,26.6667,27.7778,25.0,25.0,H,54.8466,1.8734,30.7936,0.9491,26.0185,1.1872,ScotishPremierLeague
SC0,12/05/2007,Inverness C,Dunfermline,H,2.25,3.4,2.62,2.25,3.3,2.75,2.4,3.2,2.4,2.62,3.4,2.25,2.5,3.4,2.3,2006/7,€7.53m,€8.88m,2.4,3.3,2.5,44.4444,44.4444,40.0,41.6667,41.6667,38.1679,29.4118,30.303,29.4118,31.25,30.303,29.4118,38.1679,36.3636,43.4783,41.6667,40.0,44.4444,H,41.7317,2.4668,30.0152,0.746,40.6868,3.1106,ScotishPremierLeague
SC0,12/05/2007,Motherwell,St Mirren,A,2.3,3.3,2.62,2.25,3.25,2.8,2.1,3.2,2.9,2.37,3.5,2.37,2.3,3.3,2.6,2006/7,€11.85m,€6.83m,2.4,3.0,2.75,43.4783,44.4444,43.4783,47.619,41.6667,42.1941,30.303,30.7692,30.303,31.25,33.3333,28.5714,38.1679,35.7143,38.4615,34.4828,36.3636,42.1941,H,43.8135,2.1136,30.755,1.5537,37.564,2.719,ScotishPremierLeague
SC0,13/05/2007,Rangers,Kilmarnock,A,1.44,4.33,6.5,1.4,4.0,7.0,1.45,3.8,5.4,1.36,4.0,7.0,1.4,3.75,7.0,2006/7,€67.35m,€9.40m,1.28,4.5,8.5,69.4444,71.4286,71.4286,68.9655,78.125,73.5294,23.0947,25.0,26.6667,26.3158,22.2222,25.0,15.3846,14.2857,14.2857,18.5185,11.7647,14.2857,H,72.1536,3.3498,24.7166,1.7535,14.7542,2.1983,ScotishPremierLeague
SC0,19/05/2007,Dundee United,Motherwell,D,1.9,3.25,3.5,1.95,3.3,3.4,1.9,3.1,3.5,1.83,3.2,3.75,1.95,3.25,3.3,2006/7,€8.35m,€11.85m,2.0,3.25,3.25,52.6316,51.2821,51.2821,52.6316,50.0,54.6448,30.7692,30.303,30.7692,32.2581,30.7692,31.25,28.5714,29.4118,30.303,28.5714,30.7692,26.6667,H,52.0787,1.5991,31.0198,0.6765,29.0489,1.4693,ScotishPremierLeague
SC0,19/05/2007,Dunfermline,Falkirk,A,2.5,3.25,2.7,2.5,3.15,2.55,2.4,3.0,2.6,2.38,3.2,2.6,2.6,3.3,2.3,2006/7,€8.88m,€12.50m,2.4,3.2,2.6,40.0,40.0,38.4615,41.6667,41.6667,42.0168,30.7692,31.746,30.303,33.3333,31.25,31.25,37.037,39.2157,43.4783,38.4615,38.4615,38.4615,H,40.6353,1.3834,31.4419,1.0482,39.1859,2.2189,ScotishPremierLeague
SC0,19/05/2007,St Mirren,Inverness C,A,2.25,3.25,2.75,2.3,3.2,2.75,2.3,3.0,2.7,2.2,3.25,2.75,2.3,3.3,2.6,2006/7,€6.83m,€7.53m,2.2,3.25,2.8,44.4444,43.4783,43.4783,43.4783,45.4545,45.4545,30.7692,31.25,30.303,33.3333,30.7692,30.7692,36.3636,36.3636,38.4615,37.037,35.7143,36.3636,H,44.298,0.9708,31.199,1.0876,36.7173,0.9514,ScotishPremierLeague
SC0,20/05/2007,Aberdeen,Rangers,H,2.37,3.4,2.5,2.4,3.2,2.6,2.1,3.2,2.9,2.38,3.2,2.6,2.3,3.3,2.6,2006/7,€7.58m,€67.35m,2.2,3.25,2.75,42.1941,41.6667,43.4783,47.619,45.4545,42.0168,29.4118,31.25,30.303,31.25,30.7692,31.25,40.0,38.4615,38.4615,34.4828,36.3636,38.4615,H,43.7382,2.3542,30.7057,0.7388,37.7051,1.9578,ScotishPremierLeague
SC0,20/05/2007,Hibernian,Celtic,H,3.75,3.25,1.83,3.7,3.3,1.85,3.1,3.0,2.1,3.2,3.2,2.0,3.0,3.3,2.05,2006/7,€17.98m,€92.70m,3.25,3.25,2.0,26.6667,27.027,33.3333,32.2581,30.7692,31.25,30.7692,30.303,30.303,33.3333,30.7692,31.25,54.6448,54.0541,48.7805,47.619,50.0,50.0,A,30.2174,2.7579,31.1213,1.1399,50.8497,2.8578,ScotishPremierLeague
SC0,20/05/2007,Kilmarnock,Hearts,H,4.0,3.25,1.9,3.6,3.25,1.9,3.2,3.1,2.0,3.5,3.2,1.91,3.5,3.5,1.8,2006/7,€9.40m,€29.03m,3.9,3.25,1.8,25.0,27.7778,28.5714,31.25,25.641,28.5714,30.7692,30.7692,28.5714,32.2581,30.7692,31.25,52.6316,52.6316,55.5556,50.0,55.5556,52.356,A,27.8019,2.2625,30.7312,1.2058,53.1217,2.1288,ScotishPremierLeague
SC0,03/11/2007,Aberdeen,Dundee United,H,2.25,3.3,2.87,2.2,3.25,2.9,2.2,3.1,2.8,2.2,3.2,2.8,2.25,3.2,2.75,2007/8,€14.95m,€11.75m,2.1,3.2,3.1,44.4444,45.4545,44.4444,45.4545,47.619,45.4545,30.303,30.7692,31.25,32.2581,31.25,31.25,34.8432,34.4828,36.3636,35.7143,32.2581,35.7143,H,45.4786,1.1595,31.1801,0.6504,34.896,1.4577,ScotishPremierLeague
SC0,03/11/2007,Falkirk,Gretna,H,1.72,3.4,4.5,1.7,3.4,4.35,1.7,3.2,4.2,1.67,3.4,4.33,1.62,3.5,4.5,2007/8,€8.28m,€9.03m,1.65,3.5,4.5,58.1395,58.8235,61.7284,58.8235,60.6061,59.8802,29.4118,29.4118,28.5714,31.25,28.5714,29.4118,22.2222,22.9885,22.2222,23.8095,22.2222,23.0947,H,59.6669,1.3366,29.438,0.9785,22.7599,0.6532,ScotishPremierLeague
SC0,03/11/2007,Kilmarnock,Celtic,A,6.5,4.0,1.44,5.9,4.0,1.45,5.0,3.7,1.5,5.5,3.5,1.53,6.0,3.75,1.44,2007/8,€10.20m,€87.28m,7.0,3.75,1.45,15.3846,16.9492,16.6667,20.0,14.2857,18.1818,25.0,25.0,26.6667,27.027,26.6667,28.5714,69.4444,68.9655,69.4444,66.6667,68.9655,65.3595,A,16.9113,2.0219,26.4886,1.3508,68.141,1.7128,ScotishPremierLeague
SC0,03/11/2007,Motherwell,St Mirren,D,1.72,3.4,4.5,1.7,3.4,4.35,1.75,3.2,4.0,1.83,3.3,3.6,1.67,3.4,4.33,2007/8,€11.58m,€7.70m,1.75,3.25,4.35,58.1395,58.8235,59.8802,57.1429,57.1429,54.6448,29.4118,29.4118,29.4118,31.25,30.7692,30.303,22.2222,22.9885,23.0947,25.0,22.9885,27.7778,H,57.629,1.7963,30.0929,0.804,24.012,2.0638,ScotishPremierLeague
SC0,03/11/2007,Rangers,Inverness C,H,1.2,5.5,12.0,1.2,5.5,11.0,1.25,4.5,9.0,1.22,5.0,10.0,1.22,4.8,10.0,2007/8,€92.48m,€8.15m,1.18,5.5,11.0,83.3333,83.3333,81.9672,80.0,84.7458,81.9672,18.1818,18.1818,20.8333,22.2222,18.1818,20.0,8.3333,9.0909,10.0,11.1111,9.0909,10.0,H,82.5578,1.6267,19.6002,1.7083,9.6044,0.9722,ScotishPremierLeague
SC0,04/11/2007,Hibernian,Hearts,D,2.1,3.3,3.5,2.1,3.25,3.05,2.2,3.0,2.9,2.1,3.2,3.0,2.0,3.2,3.2,2007/8,€13.55m,€31.70m,2.0,3.2,3.3,47.619,47.619,50.0,45.4545,50.0,47.619,30.303,30.7692,31.25,33.3333,31.25,31.25,28.5714,32.7869,31.25,34.4828,30.303,33.3333,H,48.0519,1.7262,31.3593,1.0389,31.7879,2.1674,ScotishPremierLeague
SC0,10/11/2007,Dundee United,Kilmarnock,H,1.8,3.4,4.0,1.85,3.3,3.75,1.85,3.1,3.6,2.0,3.2,3.2,1.91,3.2,3.5,2007/8,€11.75m,€10.20m,2.0,3.2,3.3,55.5556,54.0541,52.356,54.0541,50.0,50.0,29.4118,30.303,31.25,32.2581,31.25,31.25,25.0,26.6667,28.5714,27.7778,30.303,31.25,H,52.67,2.3028,30.9538,0.9763,28.2615,2.3069,ScotishPremierLeague
SC0,10/11/2007,Gretna,Hibernian,A,6.0,3.75,1.5,5.8,3.65,1.5,5.0,3.7,1.5,5.0,3.5,1.57,6.0,3.75,1.44,2007/8,€9.03m,€13.55m,5.5,3.4,1.55,16.6667,17.2414,16.6667,20.0,18.1818,20.0,26.6667,27.3973,26.6667,27.027,29.4118,28.5714,66.6667,66.6667,69.4444,66.6667,64.5161,63.6943,A,18.1261,1.5536,27.6235,1.1256,66.2758,2.0129,ScotishPremierLeague
SC0,10/11/2007,Inverness C,Motherwell,A,2.37,3.4,2.62,2.45,3.25,2.55,2.3,3.1,2.6,2.25,3.2,2.75,2.3,3.2,2.62,2007/8,€8.15m,€11.58m,2.1,3.25,3.1,42.1941,40.8163,43.4783,43.4783,47.619,44.4444,29.4118,30.7692,31.25,32.2581,30.7692,31.25,38.1679,39.2157,38.1679,38.4615,32.2581,36.3636,H,43.6717,2.3061,30.9514,0.9298,37.1058,2.5533,ScotishPremierLeague
SC0,11/11/2007,Hearts,Aberdeen,H,1.9,3.4,3.6,2.0,3.25,3.3,2.0,3.1,3.2,1.8,3.3,3.75,1.91,3.2,3.5,2007/8,€31.70m,€14.95m,1.84,3.3,3.75,52.6316,50.0,52.356,50.0,54.3478,55.5556,29.4118,30.7692,31.25,32.2581,30.303,30.303,27.7778,30.303,28.5714,31.25,26.6667,26.6667,H,52.4818,2.2489,30.7158,0.9704,28.5393,1.9001,ScotishPremierLeague
SC0,24/11/2007,Celtic,Aberdeen,H,1.25,5.0,10.5,1.25,5.25,8.5,1.27,4.3,8.5,1.25,4.5,10.0,1.29,4.5,8.0,2007/8,€87.28m,€14.95m,1.25,5.0,10.0,80.0,80.0,77.5194,78.7402,80.0,80.0,20.0,19.0476,22.2222,23.2558,20.0,22.2222,9.5238,11.7647,12.5,11.7647,10.0,10.0,H,79.3766,1.0401,21.1246,1.661,10.9255,1.2301,ScotishPremierLeague
SC0,24/11/2007,Falkirk,Rangers,A,7.0,4.33,1.44,6.15,4.25,1.4,5.4,3.8,1.45,7.0,4.0,1.36,8.0,3.75,1.36,2007/8,€8.28m,€92.48m,7.0,4.0,1.4,14.2857,16.2602,12.5,18.5185,14.2857,14.2857,23.0947,23.5294,26.6667,26.3158,25.0,25.0,69.4444,71.4286,73.5294,68.9655,71.4286,73.5294,A,15.0226,2.0855,24.9344,1.4336,71.3877,1.9401,ScotishPremierLeague
SC0,24/11/2007,Hibernian,Dundee United,D,1.83,3.3,4.0,1.85,3.33,3.75,1.8,3.1,3.8,1.83,3.2,3.75,1.8,3.3,3.75,2007/8,€13.55m,€11.75m,1.8,3.4,3.75,54.6448,54.0541,55.5556,55.5556,55.5556,54.6448,30.303,30.03,30.303,32.2581,29.4118,31.25,25.0,26.6667,26.6667,26.3158,26.6667,26.6667,H,55.0017,0.6439,30.5926,1.0084,26.3304,0.6667,ScotishPremierLeague
SC0,24/11/2007,Inverness C,St Mirren,H,2.1,3.3,3.25,2.2,3.25,2.9,2.2,3.0,2.9,2.2,3.25,2.75,2.2,3.2,2.8,2007/8,€8.15m,€7.70m,2.1,3.3,3.0,47.619,45.4545,45.4545,45.4545,47.619,45.4545,30.303,30.7692,31.25,33.3333,30.303,30.7692,30.7692,34.4828,35.7143,34.4828,33.3333,36.3636,H,46.176,1.1177,31.1213,1.1399,34.191,1.9827,ScotishPremierLeague
SC0,24/11/2007,Kilmarnock,Motherwell,A,2.4,3.3,2.7,2.2,3.25,2.9,2.3,3.0,2.7,2.1,3.2,3.0,2.2,3.2,2.8,2007/8,€10.20m,€11.58m,2.35,3.25,2.65,41.6667,45.4545,45.4545,43.4783,42.5532,47.619,30.303,30.7692,31.25,33.3333,30.7692,31.25,37.037,34.4828,35.7143,37.037,37.7358,33.3333,H,44.371,2.2051,31.2791,1.0672,35.89,1.708,ScotishPremierLeague
SC0,25/11/2007,Gretna,Hearts,D,6.5,3.8,1.53,5.75,3.7,1.5,5.4,3.8,1.45,6.5,3.6,1.44,6.0,3.75,1.44,2007/8,€9.03m,€31.70m,6.5,3.5,1.5,15.3846,17.3913,16.6667,18.5185,15.3846,15.3846,26.3158,27.027,26.6667,26.3158,28.5714,27.7778,65.3595,66.6667,69.4444,68.9655,66.6667,69.4444,A,16.4551,1.3128,27.1124,0.8996,67.7579,1.7482,ScotishPremierLeague
SC0,01/12/2007,Dundee United,Inverness C,A,1.61,3.5,5.25,1.65,3.4,4.8,1.6,3.4,4.6,1.57,3.5,5.0,1.57,3.5,5.0,2007/8,€11.75m,€8.15m,1.65,3.3,5.0,62.1118,60.6061,63.6943,62.5,60.6061,63.6943,28.5714,29.4118,28.5714,29.4118,30.303,28.5714,19.0476,20.8333,20.0,21.7391,20.0,20.0,H,62.2021,1.3889,29.1401,0.7029,20.27,0.9153,ScotishPremierLeague
SC0,01/12/2007,Hearts,Celtic,D,4.75,3.6,1.72,4.25,3.3,1.75,4.2,3.2,1.7,4.5,3.3,1.66,5.0,3.5,1.57,2007/8,€31.70m,€87.28m,4.7,3.5,1.65,21.0526,23.5294,20.0,23.8095,21.2766,22.2222,27.7778,30.303,28.5714,31.25,28.5714,30.303,58.1395,57.1429,63.6943,58.8235,60.6061,60.241,A,21.9817,1.4887,29.4628,1.3442,59.7746,2.3142,ScotishPremierLeague
SC0,01/12/2007,Motherwell,Gretna,H,1.44,4.0,6.5,1.45,3.7,6.5,1.35,4.0,7.0,1.5,3.4,6.0,1.44,3.75,6.0,2007/8,€11.58m,€9.03m,1.45,4.0,6.0,69.4444,68.9655,69.4444,74.0741,68.9655,66.6667,25.0,27.027,26.6667,25.0,25.0,29.4118,15.3846,15.3846,16.6667,14.2857,16.6667,16.6667,H,69.5934,2.428,26.3509,1.755,15.8425,0.988,ScotishPremierLeague
SC0,01/12/2007,Rangers,Kilmarnock,H,1.2,5.5,12.0,1.2,5.5,11.0,1.2,5.0,10.0,1.2,5.0,11.0,1.2,5.0,11.0,2007/8,€92.48m,€10.20m,1.2,5.0,13.0,83.3333,83.3333,83.3333,83.3333,83.3333,83.3333,18.1818,18.1818,20.0,20.0,20.0,20.0,8.3333,9.0909,9.0909,10.0,7.6923,9.0909,H,83.3333,0.0,19.3939,0.9389,8.883,0.7871,ScotishPremierLeague
SC0,01/12/2007,St Mirren,Falkirk,A,2.1,3.25,3.2,2.05,3.25,3.2,2.1,3.0,3.1,2.1,3.2,3.0,2.1,3.2,3.0,2007/8,€7.70m,€8.28m,2.2,3.3,2.9,47.619,48.7805,47.619,47.619,45.4545,47.619,30.7692,30.7692,31.25,33.3333,30.303,31.25,31.25,31.25,33.3333,32.2581,34.4828,33.3333,H,47.4518,1.0832,31.2791,1.0672,32.6513,1.2936,ScotishPremierLeague
SC0,02/12/2007,Aberdeen,Hibernian,H,2.5,3.3,2.8,2.4,3.25,2.6,2.4,3.1,2.5,2.37,3.2,2.6,2.5,3.1,2.5,2007/8,€14.95m,€13.55m,2.25,3.25,2.8,40.0,41.6667,40.0,41.6667,44.4444,42.1941,30.303,30.7692,32.2581,32.2581,30.7692,31.25,35.7143,38.4615,40.0,40.0,35.7143,38.4615,H,41.662,1.6462,31.2679,0.8234,38.0586,1.9419,ScotishPremierLeague
SC0,08/12/2007,Aberdeen,Kilmarnock,H,1.72,3.5,4.5,1.8,3.4,3.8,1.8,3.1,3.8,1.72,3.2,4.33,1.73,3.2,4.33,2007/8,€14.95m,€10.20m,1.75,3.3,4.35,58.1395,55.5556,57.8035,55.5556,57.1429,58.1395,28.5714,29.4118,31.25,32.2581,30.303,31.25,22.2222,26.3158,23.0947,26.3158,22.9885,23.0947,H,57.0561,1.2179,30.5074,1.3534,24.0053,1.8193,ScotishPremierLeague
SC0,08/12/2007,Celtic,St Mirren,D,1.15,6.0,15.0,1.15,6.0,13.0,1.15,6.0,12.0,1.12,6.5,12.0,1.14,5.5,15.0,2007/8,€87.28m,€7.70m,1.14,6.0,17.0,86.9565,86.9565,87.7193,86.9565,87.7193,89.2857,16.6667,16.6667,18.1818,16.6667,16.6667,15.3846,6.6667,7.6923,6.6667,8.3333,5.8824,8.3333,H,87.599,0.9069,16.7055,0.8866,7.2624,1.0092,ScotishPremierLeague
SC0,08/12/2007,Falkirk,Dundee United,H,2.5,3.4,2.5,2.5,3.25,2.5,2.5,3.0,2.5,2.6,3.2,2.37,2.5,3.1,2.5,2007/8,€8.28m,€11.75m,2.5,3.25,2.5,40.0,40.0,40.0,40.0,40.0,38.4615,29.4118,30.7692,32.2581,33.3333,30.7692,31.25,40.0,40.0,40.0,40.0,40.0,42.1941,A,39.7436,0.6281,31.2986,1.3553,40.3657,0.8957,ScotishPremierLeague
SC0,08/12/2007,Hearts,Motherwell,A,1.9,3.4,3.6,1.85,3.3,3.75,1.9,3.1,3.5,1.66,3.4,4.33,1.83,3.2,3.75,2007/8,€31.70m,€11.58m,1.8,3.3,4.0,52.6316,54.0541,54.6448,52.6316,55.5556,60.241,29.4118,30.303,31.25,32.2581,30.303,29.4118,27.7778,26.6667,26.6667,28.5714,25.0,23.0947,H,54.9598,2.8287,30.4896,1.1044,26.2962,1.9787,ScotishPremierLeague
SC0,08/12/2007,Inverness C,Hibernian,H,2.62,3.4,2.37,2.8,3.25,2.25,2.6,3.1,2.3,2.75,3.25,2.2,2.75,3.2,2.25,2007/8,€8.15m,€13.55m,2.9,3.25,2.25,38.1679,35.7143,36.3636,38.4615,34.4828,36.3636,29.4118,30.7692,31.25,32.2581,30.7692,30.7692,42.1941,44.4444,44.4444,43.4783,44.4444,45.4545,A,36.5923,1.5035,30.8713,0.9196,44.0767,1.1141,ScotishPremierLeague
SC0,11/12/2007,Celtic,Falkirk,H,1.16,7.0,15.0,1.15,6.0,13.0,1.22,5.0,10.0,1.15,6.0,15.0,1.17,5.5,12.0,2007/8,€87.28m,€8.28m,1.17,5.5,13.0,86.2069,86.9565,85.4701,81.9672,85.4701,86.9565,14.2857,16.6667,18.1818,20.0,18.1818,16.6667,6.6667,7.6923,8.3333,10.0,7.6923,6.6667,H,85.5046,1.8561,17.3304,1.9353,7.8419,1.2414,ScotishPremierLeague
SC0,15/12/2007,Hibernian,Falkirk,D,1.66,3.4,5.0,1.6,3.4,5.25,1.7,3.2,4.2,1.61,3.5,4.5,1.62,3.5,4.5,2007/8,€13.55m,€8.28m,1.6,3.4,5.0,60.241,62.5,61.7284,58.8235,62.5,62.1118,29.4118,29.4118,28.5714,31.25,29.4118,28.5714,20.0,19.0476,22.2222,23.8095,20.0,22.2222,H,61.3175,1.4816,29.438,0.9785,21.2169,1.8117,ScotishPremierLeague
SC0,15/12/2007,Kilmarnock,Gretna,D,1.57,3.6,5.5,1.5,3.6,6.0,1.55,3.5,4.8,1.57,3.5,5.0,1.57,3.5,5.0,2007/8,€10.20m,€9.03m,1.5,3.5,6.5,63.6943,66.6667,63.6943,64.5161,66.6667,63.6943,27.7778,27.7778,28.5714,28.5714,28.5714,28.5714,18.1818,16.6667,20.0,20.8333,15.3846,20.0,H,64.8221,1.4639,28.3069,0.4098,18.5111,2.15,ScotishPremierLeague
SC0,15/12/2007,Motherwell,Aberdeen,H,2.1,3.4,3.1,2.1,3.25,3.05,2.2,3.0,2.9,2.2,3.25,2.75,2.1,3.2,3.0,2007/8,€11.58m,€14.95m,2.1,3.25,3.1,47.619,47.619,47.619,45.4545,47.619,45.4545,29.4118,30.7692,31.25,33.3333,30.7692,30.7692,32.2581,32.7869,33.3333,34.4828,32.2581,36.3636,H,46.8975,1.1177,31.0504,1.2786,33.5805,1.5968,ScotishPremierLeague
SC0,15/12/2007,Rangers,Hearts,H,1.4,4.2,7.0,1.33,4.5,7.25,1.35,4.0,7.0,1.36,4.0,7.0,1.36,4.0,7.0,2007/8,€92.48m,€31.70m,1.33,4.35,7.5,71.4286,75.188,73.5294,74.0741,75.188,73.5294,23.8095,22.2222,25.0,25.0,22.9885,25.0,14.2857,13.7931,14.2857,14.2857,13.3333,14.2857,H,73.8229,1.3925,24.0034,1.2017,14.0449,0.4004,ScotishPremierLeague
SC0,15/12/2007,St Mirren,Dundee United,A,2.75,3.4,2.25,2.7,3.25,2.3,2.6,3.0,2.4,2.6,3.2,2.37,2.75,3.2,2.25,2007/8,€7.70m,€11.75m,2.75,3.25,2.3,36.3636,37.037,36.3636,38.4615,36.3636,38.4615,29.4118,30.7692,31.25,33.3333,30.7692,31.25,44.4444,43.4783,44.4444,41.6667,43.4783,42.1941,A,37.1751,1.03,31.1306,1.2725,43.2844,1.1465,ScotishPremierLeague
SC0,16/12/2007,Inverness C,Celtic,H,7.5,3.8,1.5,7.0,4.0,1.4,7.0,4.0,1.35,7.0,3.75,1.4,7.0,3.75,1.4,2007/8,€8.15m,€87.28m,7.0,4.0,1.4,13.3333,14.2857,14.2857,14.2857,14.2857,14.2857,26.3158,25.0,26.6667,25.0,25.0,26.6667,66.6667,71.4286,71.4286,74.0741,71.4286,71.4286,A,14.127,0.3888,25.7749,0.8584,71.0759,2.4053,ScotishPremierLeague
SC0,22/12/2007,Celtic,Hibernian,D,1.33,5.0,8.5,1.25,5.0,9.0,1.3,4.2,8.0,1.33,4.0,8.0,1.29,4.5,8.0,2007/8,€87.28m,€13.55m,1.3,4.5,9.0,75.188,80.0,77.5194,76.9231,76.9231,75.188,20.0,20.0,22.2222,23.8095,22.2222,25.0,11.7647,11.1111,12.5,12.5,11.1111,12.5,H,76.9569,1.7797,22.209,2.0055,11.9145,0.6844,ScotishPremierLeague
SC0,22/12/2007,Dundee United,Gretna,A,1.44,4.0,6.5,1.4,4.0,7.0,1.4,3.9,6.0,1.4,3.75,7.0,1.4,3.75,7.0,2007/8,€11.75m,€9.03m,1.45,3.75,6.5,69.4444,71.4286,71.4286,71.4286,68.9655,71.4286,25.0,25.0,26.6667,25.641,26.6667,26.6667,15.3846,14.2857,14.2857,16.6667,15.3846,14.2857,H,70.6874,1.1582,25.9402,0.8296,15.0488,0.9581,ScotishPremierLeague
SC0,22/12/2007,Hearts,Inverness C,A,1.66,3.5,4.75,1.65,3.4,4.8,1.75,3.2,4.0,1.8,3.3,3.75,1.67,3.4,4.33,2007/8,€31.70m,€8.15m,1.75,3.3,4.35,60.241,60.6061,59.8802,57.1429,57.1429,55.5556,28.5714,29.4118,29.4118,31.25,30.303,30.303,21.0526,20.8333,23.0947,25.0,22.9885,26.6667,H,58.4281,2.083,29.8752,0.9365,23.2726,2.2581,ScotishPremierLeague
SC0,22/12/2007,Motherwell,Falkirk,A,1.66,3.5,4.75,1.65,3.4,4.8,1.65,3.3,4.4,1.61,3.5,4.5,1.62,3.5,4.5,2007/8,€11.58m,€8.28m,1.65,3.4,4.5,60.241,60.6061,61.7284,60.6061,60.6061,62.1118,28.5714,29.4118,28.5714,30.303,29.4118,28.5714,21.0526,20.8333,22.2222,22.7273,22.2222,22.2222,H,60.9832,0.7492,29.1401,0.7029,21.88,0.7549,ScotishPremierLeague
SC0,22/12/2007,St Mirren,Kilmarnock,D,2.37,3.25,2.75,2.35,3.25,2.65,2.4,3.0,2.6,2.25,3.2,2.75,2.4,3.1,2.6,2007/8,€7.70m,€10.20m,2.35,3.25,2.65,42.1941,42.5532,41.6667,41.6667,42.5532,44.4444,30.7692,30.7692,32.2581,33.3333,30.7692,31.25,36.3636,37.7358,38.4615,38.4615,37.7358,36.3636,H,42.513,1.0264,31.5248,1.058,37.5203,0.9529,ScotishPremierLeague
SC0,23/12/2007,Aberdeen,Rangers,D,5.0,3.5,1.66,5.4,3.6,1.55,4.4,3.3,1.65,5.0,3.5,1.57,5.5,3.6,1.5,2007/8,€14.95m,€92.48m,4.5,3.4,1.65,20.0,18.5185,18.1818,22.7273,22.2222,20.0,28.5714,27.7778,27.7778,30.303,29.4118,28.5714,60.241,64.5161,66.6667,60.6061,60.6061,63.6943,A,20.275,1.8667,28.7355,0.9801,62.7217,2.6395,ScotishPremierLeague
SC0,26/12/2007,Dundee United,Celtic,A,5.5,3.75,1.61,5.25,3.6,1.55,4.4,3.3,1.65,4.5,3.5,1.61,6.0,3.75,1.44,2007/8,€11.75m,€87.28m,5.0,3.4,1.6,18.1818,19.0476,16.6667,22.7273,20.0,22.2222,26.6667,27.7778,26.6667,30.303,29.4118,28.5714,62.1118,64.5161,69.4444,60.6061,62.5,62.1118,A,19.8076,2.3443,28.2329,1.4767,63.5484,3.1491,ScotishPremierLeague
SC0,26/12/2007,Falkirk,Inverness C,H,2.25,3.3,2.87,2.25,3.25,2.8,2.3,3.0,2.7,2.37,3.2,2.6,2.2,3.3,2.7,2007/8,€8.28m,€8.15m,2.25,3.2,2.8,44.4444,44.4444,45.4545,43.4783,44.4444,42.1941,30.303,30.7692,30.303,33.3333,31.25,31.25,34.8432,35.7143,37.037,37.037,35.7143,38.4615,H,44.0767,1.1141,31.2014,1.127,36.4679,1.296,ScotishPremierLeague
SC0,26/12/2007,Gretna,Aberdeen,D,4.2,3.6,1.7,4.8,3.4,1.65,4.2,3.2,1.7,3.5,3.5,1.8,5.0,3.6,1.53,2007/8,€9.03m,€14.95m,5.0,3.3,1.65,23.8095,20.8333,20.0,23.8095,20.0,28.5714,27.7778,29.4118,27.7778,31.25,30.303,28.5714,58.8235,60.6061,65.3595,58.8235,60.6061,55.5556,A,22.8373,3.3132,29.182,1.4073,59.9624,3.224,ScotishPremierLeague
SC0,26/12/2007,Hearts,St Mirren,A,1.66,3.6,4.5,1.55,3.6,5.25,1.6,3.4,4.6,1.61,3.6,4.33,1.5,3.6,5.5,2007/8,€31.70m,€7.70m,1.65,3.4,4.5,60.241,64.5161,66.6667,62.5,60.6061,62.1118,27.7778,27.7778,27.7778,29.4118,29.4118,27.7778,22.2222,19.0476,18.1818,21.7391,22.2222,23.0947,H,62.7736,2.442,28.3225,0.8438,21.0846,1.9816,ScotishPremierLeague
SC0,26/12/2007,Kilmarnock,Hibernian,H,2.62,3.3,2.4,2.55,3.25,2.45,2.6,3.0,2.4,2.62,3.4,2.25,2.62,3.3,2.25,2007/8,€10.20m,€13.55m,2.75,3.25,2.3,38.1679,39.2157,38.1679,38.4615,36.3636,38.1679,30.303,30.7692,30.303,33.3333,30.7692,29.4118,41.6667,40.8163,44.4444,41.6667,43.4783,44.4444,A,38.0908,0.9385,30.8149,1.3296,42.7528,1.5722,ScotishPremierLeague
SC0,26/12/2007,Rangers,Motherwell,H,1.33,4.33,9.5,1.3,4.75,7.75,1.33,4.0,7.5,1.33,4.0,8.0,1.33,4.0,8.0,2007/8,€92.48m,€11.58m,1.28,5.0,8.5,75.188,76.9231,75.188,75.188,78.125,75.188,23.0947,21.0526,25.0,25.0,20.0,25.0,10.5263,12.9032,12.5,13.3333,11.7647,12.5,H,75.9667,1.2648,23.1912,2.2173,12.2546,0.9932,ScotishPremierLeague
SC0,29/12/2007,Celtic,Gretna,H,1.12,7.0,15.0,1.1,7.0,17.0,1.15,6.0,12.0,1.14,6.0,12.0,1.12,6.0,15.0,2007/8,€87.28m,€9.03m,1.1,7.0,17.0,89.2857,90.9091,89.2857,86.9565,90.9091,87.7193,14.2857,14.2857,16.6667,16.6667,14.2857,16.6667,6.6667,5.8824,6.6667,8.3333,5.8824,8.3333,H,89.1776,1.6174,15.4762,1.3041,6.9608,1.1195,ScotishPremierLeague
SC0,29/12/2007,Falkirk,Hearts,H,2.37,3.25,2.75,2.45,3.25,2.55,2.4,3.0,2.6,2.2,3.25,2.75,2.5,3.1,2.5,2007/8,€8.28m,€31.70m,2.4,3.25,2.65,42.1941,40.8163,40.0,41.6667,41.6667,45.4545,30.7692,30.7692,32.2581,33.3333,30.7692,30.7692,36.3636,39.2157,40.0,38.4615,37.7358,36.3636,H,41.9664,1.8755,31.4447,1.1003,38.0234,1.4908,ScotishPremierLeague
SC0,29/12/2007,Hibernian,Rangers,A,5.0,3.5,1.72,5.0,3.5,1.6,4.2,3.2,1.7,5.0,3.25,1.62,5.5,3.5,1.53,2007/8,€13.55m,€92.48m,4.35,3.3,1.75,20.0,20.0,18.1818,23.8095,22.9885,20.0,28.5714,28.5714,28.5714,31.25,30.303,30.7692,58.1395,62.5,65.3595,58.8235,57.1429,61.7284,A,20.83,2.1268,29.6727,1.2431,60.6156,3.1208,ScotishPremierLeague
SC0,29/12/2007,Inverness C,Kilmarnock,H,1.9,3.3,3.75,1.95,3.15,3.7,2.1,3.0,3.1,2.0,3.2,3.2,2.05,3.2,3.1,2007/8,€8.15m,€10.20m,1.85,3.3,3.75,52.6316,51.2821,48.7805,47.619,54.0541,50.0,30.303,31.746,31.25,33.3333,30.303,31.25,26.6667,27.027,32.2581,32.2581,26.6667,31.25,H,50.7279,2.4076,31.3642,1.1226,29.3544,2.8397,ScotishPremierLeague
SC0,29/12/2007,Motherwell,Dundee United,H,1.9,3.25,3.75,1.9,3.3,3.6,1.9,3.1,3.5,2.1,3.2,3.0,2.0,3.2,3.2,2007/8,€11.58m,€11.75m,2.0,3.25,3.4,52.6316,52.6316,50.0,52.6316,50.0,47.619,30.7692,30.303,31.25,32.2581,30.7692,31.25,26.6667,27.7778,31.25,28.5714,29.4118,33.3333,H,50.919,2.0678,31.0999,0.6694,29.5018,2.4339,ScotishPremierLeague
SC0,29/12/2007,St Mirren,Aberdeen,A,2.87,3.25,2.25,2.8,3.25,2.25,2.6,3.0,2.4,2.6,3.2,2.38,2.6,3.1,2.4,2007/8,€7.70m,€14.95m,2.9,3.25,2.25,34.8432,35.7143,38.4615,38.4615,34.4828,38.4615,30.7692,30.7692,32.2581,33.3333,30.7692,31.25,44.4444,44.4444,41.6667,41.6667,44.4444,42.0168,A,36.7375,1.9306,31.5248,1.058,43.1139,1.4631,ScotishPremierLeague
SC0,02/01/2008,Aberdeen,Inverness C,H,2.0,3.3,3.6,1.8,3.3,4.0,1.8,3.1,3.8,1.91,3.25,3.4,1.91,3.2,3.5,2007/8,€14.95m,€8.15m,1.9,3.25,3.6,50.0,55.5556,52.356,55.5556,52.6316,52.356,30.303,30.303,31.25,32.2581,30.7692,30.7692,27.7778,25.0,28.5714,26.3158,27.7778,29.4118,H,53.0758,2.1444,30.9421,0.7353,27.4758,1.5878,ScotishPremierLeague
SC0,02/01/2008,Dundee United,Hearts,H,2.0,3.3,3.4,1.85,3.3,3.8,2.1,3.1,3.0,1.83,3.4,3.5,1.91,3.4,3.25,2007/8,€11.75m,€31.70m,1.9,3.25,3.6,50.0,54.0541,52.356,47.619,52.6316,54.6448,30.303,30.303,29.4118,32.2581,30.7692,29.4118,29.4118,26.3158,30.7692,33.3333,27.7778,28.5714,H,51.8842,2.6402,30.4095,1.0545,29.3632,2.4563,ScotishPremierLeague
SC0,02/01/2008,Kilmarnock,Falkirk,A,2.37,3.25,2.75,2.2,3.25,2.85,2.2,3.0,2.9,2.25,3.2,2.75,2.2,3.2,2.8,2007/8,€10.20m,€8.28m,2.2,3.25,2.9,42.1941,45.4545,45.4545,45.4545,45.4545,44.4444,30.7692,30.7692,31.25,33.3333,30.7692,31.25,36.3636,35.0877,35.7143,34.4828,34.4828,36.3636,H,44.7428,1.3123,31.3568,0.9965,35.4158,0.8642,ScotishPremierLeague
SC0,05/01/2008,Falkirk,Aberdeen,D,2.3,3.3,2.8,2.3,3.2,2.75,2.3,3.1,2.6,2.2,3.2,2.8,2.15,3.2,2.9,2007/8,€8.28m,€14.95m,2.25,3.25,2.8,43.4783,43.4783,46.5116,43.4783,44.4444,45.4545,30.303,31.25,31.25,32.2581,30.7692,31.25,35.7143,36.3636,34.4828,38.4615,35.7143,35.7143,H,44.4742,1.2719,31.18,0.6504,36.0751,1.3194,ScotishPremierLeague
SC0,05/01/2008,Hearts,Kilmarnock,D,2.05,3.3,3.3,1.9,3.25,3.65,2.0,3.2,3.1,1.9,3.25,3.4,2.0,3.3,3.1,2007/8,€31.70m,€10.20m,2.0,3.25,3.4,48.7805,52.6316,50.0,50.0,50.0,52.6316,30.303,30.7692,30.303,31.25,30.7692,30.7692,30.303,27.3973,32.2581,32.2581,29.4118,29.4118,H,50.674,1.5882,30.6939,0.3555,30.1734,1.8749,ScotishPremierLeague
SC0,05/01/2008,Inverness C,Gretna,H,1.5,3.8,6.0,1.5,3.6,6.0,1.5,3.7,5.0,1.5,3.5,6.0,1.44,3.75,6.0,2007/8,€8.15m,€9.03m,1.4,3.75,7.0,66.6667,66.6667,69.4444,66.6667,71.4286,66.6667,26.3158,27.7778,26.6667,27.027,26.6667,28.5714,16.6667,16.6667,16.6667,20.0,14.2857,16.6667,H,67.9233,2.0453,27.1709,0.8474,16.8254,1.8237,ScotishPremierLeague
SC0,05/01/2008,Rangers,Dundee United,H,1.25,5.0,10.0,1.3,4.5,8.25,1.25,4.5,9.0,1.25,4.5,10.0,1.25,4.5,10.0,2007/8,€92.48m,€11.75m,1.28,4.5,10.0,80.0,76.9231,80.0,80.0,78.125,80.0,20.0,22.2222,22.2222,22.2222,22.2222,22.2222,10.0,12.1212,10.0,11.1111,10.0,10.0,H,79.1747,1.3339,21.8518,0.9072,10.5387,0.8936,ScotishPremierLeague
SC0,05/01/2008,St Mirren,Hibernian,H,2.8,3.3,2.3,2.85,3.25,2.2,2.7,3.0,2.3,2.75,3.2,2.25,2.8,3.2,2.2,2007/8,€7.70m,€13.55m,2.8,3.25,2.25,35.7143,35.0877,35.7143,37.037,35.7143,36.3636,30.303,30.7692,31.25,33.3333,30.7692,31.25,43.4783,45.4545,45.4545,43.4783,44.4444,44.4444,A,35.9385,0.6726,31.2791,1.0672,44.4591,0.8839,ScotishPremierLeague
SC0,16/01/2008,Gretna,Rangers,A,12.0,5.5,1.25,9.0,5.0,1.25,9.0,4.5,1.25,11.0,5.0,1.2,9.5,5.0,1.22,2007/8,€9.03m,€92.48m,9.0,5.0,1.25,8.3333,11.1111,10.5263,11.1111,11.1111,9.0909,18.1818,20.0,20.0,22.2222,20.0,20.0,80.0,80.0,81.9672,80.0,80.0,83.3333,A,10.214,1.2092,20.0673,1.2819,80.8834,1.4351,ScotishPremierLeague
SC0,19/01/2008,Celtic,Kilmarnock,H,1.18,6.0,12.0,1.18,6.5,9.0,1.17,5.5,11.0,1.2,5.0,11.0,1.17,5.5,12.0,2007/8,€87.28m,€10.20m,1.17,6.0,13.0,84.7458,84.7458,85.4701,85.4701,85.4701,83.3333,16.6667,15.3846,18.1818,18.1818,16.6667,20.0,8.3333,11.1111,8.3333,9.0909,7.6923,9.0909,H,84.8725,0.8334,17.5136,1.6151,8.942,1.1876,ScotishPremierLeague
SC0,19/01/2008,Dundee United,Aberdeen,H,2.3,3.3,2.8,2.3,3.25,2.7,2.3,3.0,2.7,2.2,3.25,2.75,2.2,3.2,2.8,2007/8,€11.75m,€14.95m,2.3,3.25,2.75,43.4783,43.4783,45.4545,43.4783,43.4783,45.4545,30.303,30.7692,31.25,33.3333,30.7692,30.7692,35.7143,37.037,35.7143,37.037,36.3636,36.3636,H,44.137,1.0205,31.199,1.0876,36.3716,0.5916,ScotishPremierLeague
SC0,19/01/2008,Gretna,Falkirk,H,4.2,3.4,1.8,4.0,3.3,1.8,3.5,3.1,1.9,3.4,3.25,1.91,3.5,3.2,1.91,2007/8,€9.03m,€8.28m,4.35,3.3,1.75,23.8095,25.0,28.5714,28.5714,22.9885,29.4118,29.4118,30.303,31.25,32.2581,30.303,30.7692,55.5556,55.5556,52.356,52.6316,57.1429,52.356,A,26.3921,2.786,30.7159,0.9704,54.2663,2.077,ScotishPremierLeague
SC0,19/01/2008,Hearts,Hibernian,H,2.4,3.4,2.8,2.45,3.25,2.55,2.4,3.0,2.6,2.25,3.2,2.75,2.3,3.1,2.75,2007/8,€31.70m,€13.55m,2.3,3.25,2.75,41.6667,40.8163,43.4783,41.6667,43.4783,44.4444,29.4118,30.7692,32.2581,33.3333,30.7692,31.25,35.7143,39.2157,36.3636,38.4615,36.3636,36.3636,H,42.5918,1.4048,31.2986,1.3553,37.0804,1.4053,ScotishPremierLeague
SC0,19/01/2008,St Mirren,Motherwell,H,2.8,3.3,2.3,2.8,3.25,2.25,2.7,3.0,2.3,2.6,3.2,2.38,2.75,3.2,2.25,2007/8,€7.70m,€11.58m,2.65,3.25,2.35,35.7143,35.7143,36.3636,37.037,37.7358,38.4615,30.303,30.7692,31.25,33.3333,30.7692,31.25,43.4783,44.4444,44.4444,43.4783,42.5532,42.0168,A,36.8378,1.1164,31.2791,1.0672,43.4026,0.9823,ScotishPremierLeague
SC0,20/01/2008,Inverness C,Rangers,A,6.5,4.0,1.5,6.25,3.8,1.45,4.8,3.5,1.55,6.0,3.75,1.44,6.0,3.4,1.5,2007/8,€8.15m,€92.48m,7.0,4.0,1.4,15.3846,16.0,16.6667,20.8333,14.2857,16.6667,25.0,26.3158,29.4118,28.5714,25.0,26.6667,66.6667,68.9655,66.6667,64.5161,71.4286,69.4444,A,16.6395,2.2411,26.8276,1.8269,67.948,2.4678,ScotishPremierLeague
SC0,26/01/2008,Aberdeen,Hearts,A,1.83,3.3,4.0,1.8,3.3,4.0,1.9,3.2,3.4,1.9,3.25,3.4,1.91,3.25,3.4,2007/8,€14.95m,€31.70m,1.9,3.25,3.6,54.6448,55.5556,52.356,52.6316,52.6316,52.6316,30.303,30.303,30.7692,31.25,30.7692,30.7692,25.0,25.0,29.4118,29.4118,27.7778,29.4118,H,53.4085,1.3459,30.6939,0.3555,27.6689,2.162,ScotishPremierLeague
SC0,26/01/2008,Kilmarnock,Dundee United,A,2.5,3.2,2.6,2.5,3.25,2.5,2.3,3.1,2.6,2.4,3.25,2.5,2.4,3.25,2.5,2007/8,€10.20m,€11.75m,2.4,3.25,2.6,40.0,40.0,41.6667,43.4783,41.6667,41.6667,31.25,30.7692,30.7692,32.2581,30.7692,30.7692,38.4615,40.0,40.0,38.4615,38.4615,40.0,H,41.4131,1.3001,31.0975,0.6002,39.2308,0.8427,ScotishPremierLeague
SC0,26/01/2008,Rangers,St Mirren,H,1.18,5.5,15.0,1.18,6.5,9.0,1.2,5.0,10.0,1.16,5.5,12.0,1.17,5.5,12.0,2007/8,€92.48m,€7.70m,1.18,5.5,13.0,84.7458,84.7458,85.4701,83.3333,84.7458,86.2069,18.1818,15.3846,18.1818,20.0,18.1818,18.1818,6.6667,11.1111,8.3333,10.0,7.6923,8.3333,H,84.8746,0.9545,18.0186,1.4812,8.6895,1.6076,ScotishPremierLeague
SC0,27/01/2008,Falkirk,Celtic,A,7.0,4.0,1.5,6.25,3.8,1.45,5.4,3.8,1.45,6.5,3.6,1.44,6.0,3.4,1.5,2007/8,€8.28m,€87.28m,6.5,4.0,1.4,14.2857,16.0,16.6667,18.5185,15.3846,15.3846,25.0,26.3158,29.4118,26.3158,25.0,27.7778,66.6667,68.9655,66.6667,68.9655,71.4286,69.4444,A,16.04,1.4473,26.6369,1.7069,68.6896,1.8115,ScotishPremierLeague
SC0,09/02/2008,Dundee United,Hibernian,D,2.0,3.3,3.8,1.9,3.3,3.6,1.9,3.2,3.4,1.83,3.2,3.75,1.91,3.2,3.5,2007/8,€11.75m,€13.55m,2.05,3.45,3.75,50.0,52.6316,52.356,52.6316,48.7805,54.6448,30.303,30.303,31.25,31.25,28.9855,31.25,26.3158,27.7778,28.5714,29.4118,26.6667,26.6667,H,51.8407,2.1039,30.5569,0.8988,27.5684,1.2364,ScotishPremierLeague
SC0,09/02/2008,Hearts,Gretna,H,1.44,4.0,6.5,1.45,3.8,6.25,1.45,3.7,5.6,1.44,3.75,6.0,1.44,3.75,6.0,2007/8,€31.70m,€9.03m,1.5,3.75,6.0,69.4444,68.9655,69.4444,68.9655,66.6667,69.4444,25.0,26.3158,26.6667,27.027,26.6667,26.6667,15.3846,16.0,16.6667,17.8571,16.6667,16.6667,H,68.8218,1.0815,26.3905,0.7174,16.5403,0.8258,ScotishPremierLeague
SC0,09/02/2008,Motherwell,Kilmarnock,H,1.72,3.4,4.5,1.7,3.4,4.35,1.75,3.2,4.0,1.72,3.4,4.0,1.73,3.25,4.2,2007/8,€11.58m,€10.20m,1.7,3.4,4.5,58.1395,58.8235,57.8035,57.1429,58.8235,58.1395,29.4118,29.4118,30.7692,31.25,29.4118,29.4118,22.2222,22.9885,23.8095,25.0,22.2222,25.0,H,58.1454,0.639,29.9444,0.839,23.5404,1.2738,ScotishPremierLeague
SC0,09/02/2008,Rangers,Falkirk,H,1.2,6.0,15.0,1.2,5.75,9.5,1.15,6.0,12.0,1.2,5.0,11.0,1.2,5.0,11.0,2007/8,€92.48m,€8.28m,1.2,5.5,11.0,83.3333,83.3333,83.3333,86.9565,83.3333,83.3333,16.6667,17.3913,20.0,16.6667,18.1818,20.0,6.6667,10.5263,9.0909,8.3333,9.0909,9.0909,H,83.9372,1.4792,18.1511,1.5377,8.7998,1.2651,ScotishPremierLeague
SC0,09/02/2008,St Mirren,Inverness C,D,2.3,3.25,2.8,2.3,3.25,2.7,2.4,3.1,2.5,2.25,3.2,2.75,2.3,3.2,2.62,2007/8,€7.70m,€8.15m,2.3,3.25,2.75,43.4783,43.4783,43.4783,41.6667,43.4783,44.4444,30.7692,30.7692,31.25,32.2581,30.7692,31.25,35.7143,37.037,38.1679,40.0,36.3636,36.3636,H,43.3374,0.9051,31.1776,0.5794,37.2744,1.5733,ScotishPremierLeague
SC0,10/02/2008,Aberdeen,Celtic,A,5.5,3.75,1.61,5.15,3.55,1.57,4.6,3.4,1.6,5.0,3.5,1.57,5.5,3.5,1.53,2007/8,€14.95m,€87.28m,6.0,3.9,1.6,18.1818,19.4175,18.1818,21.7391,16.6667,20.0,26.6667,28.169,28.5714,29.4118,25.641,28.5714,62.1118,63.6943,65.3595,62.5,62.5,63.6943,A,19.0311,1.7581,27.8386,1.4043,63.31,1.2036,ScotishPremierLeague
SC0,13/02/2008,Hibernian,Gretna,H,1.44,3.75,7.5,1.45,3.8,6.25,1.45,3.6,5.8,1.4,4.0,6.0,1.4,3.75,7.0,2007/8,€13.55m,€9.03m,1.4,3.75,7.5,69.4444,68.9655,71.4286,68.9655,71.4286,71.4286,26.6667,26.3158,26.6667,27.7778,26.6667,25.0,13.3333,16.0,14.2857,17.2414,13.3333,16.6667,H,70.2769,1.2737,26.5156,0.8943,15.1434,1.7172,ScotishPremierLeague
SC0,16/02/2008,Celtic,Hearts,H,1.33,4.33,9.0,1.28,4.75,8.5,1.3,4.2,8.0,1.3,4.33,8.0,1.25,4.5,10.0,2007/8,€87.28m,€31.70m,1.3,4.35,8.5,75.188,78.125,80.0,76.9231,76.9231,76.9231,23.0947,21.0526,22.2222,23.8095,22.9885,23.0947,11.1111,11.7647,10.0,12.5,11.7647,12.5,H,77.347,1.6028,22.7104,0.9558,11.6068,0.9458,ScotishPremierLeague
SC0,16/02/2008,Falkirk,St Mirren,H,2.0,3.3,3.4,1.85,3.3,3.75,1.9,3.2,3.4,1.9,3.25,3.4,1.91,3.2,3.5,2007/8,€8.28m,€7.70m,1.9,3.25,3.5,50.0,54.0541,52.356,52.6316,52.6316,52.6316,30.303,30.303,31.25,31.25,30.7692,30.7692,29.4118,26.6667,28.5714,29.4118,28.5714,29.4118,H,52.3842,1.3159,30.7741,0.4235,28.6742,1.0661,ScotishPremierLeague
SC0,16/02/2008,Gretna,Motherwell,A,6.0,3.8,1.5,6.25,3.55,1.5,5.4,3.8,1.45,6.0,3.75,1.44,6.0,3.75,1.44,2007/8,€9.03m,€11.58m,6.0,3.5,1.5,16.6667,16.0,16.6667,18.5185,16.6667,16.6667,26.3158,28.169,26.6667,26.3158,28.5714,26.6667,66.6667,66.6667,69.4444,68.9655,66.6667,69.4444,A,16.8642,0.8532,27.1176,0.9911,67.9757,1.4446,ScotishPremierLeague
SC0,16/02/2008,Inverness C,Dundee United,D,2.25,3.4,2.8,2.35,3.25,2.65,2.3,3.1,2.6,2.25,3.2,2.75,2.38,3.1,2.62,2007/8,€8.15m,€11.75m,2.3,3.25,2.75,44.4444,42.5532,42.0168,43.4783,43.4783,44.4444,29.4118,30.7692,32.2581,32.2581,30.7692,31.25,35.7143,37.7358,38.1679,38.4615,36.3636,36.3636,H,43.4026,0.9823,31.1194,1.0744,37.1344,1.131,ScotishPremierLeague
SC0,17/02/2008,Hibernian,Aberdeen,H,2.0,3.3,3.6,2.2,3.25,2.9,2.2,3.1,2.8,2.2,3.2,2.8,2.2,3.2,2.8,2007/8,€13.55m,€14.95m,2.0,3.2,3.25,50.0,45.4545,45.4545,45.4545,50.0,45.4545,30.303,30.7692,31.25,32.2581,31.25,31.25,27.7778,34.4828,35.7143,35.7143,30.7692,35.7143,H,46.9697,2.3473,31.1801,0.6504,33.3621,3.3395,ScotishPremierLeague
SC0,17/02/2008,Kilmarnock,Rangers,A,7.0,3.8,1.44,7.5,4.25,1.35,7.0,4.0,1.35,7.0,4.0,1.36,7.0,4.0,1.36,2007/8,€10.20m,€92.48m,8.0,4.35,1.45,14.2857,13.3333,14.2857,14.2857,12.5,14.2857,26.3158,23.5294,25.0,25.0,22.9885,25.0,69.4444,74.0741,73.5294,74.0741,68.9655,73.5294,A,13.8294,0.7545,24.639,1.1965,72.2695,2.391,ScotishPremierLeague
SC0,20/02/2008,Motherwell,Inverness C,H,1.9,3.4,3.6,1.85,3.3,3.75,1.8,3.1,3.8,1.8,3.3,3.75,1.8,3.25,3.8,2007/8,€11.58m,€8.15m,1.9,3.25,3.6,52.6316,54.0541,55.5556,55.5556,52.6316,55.5556,29.4118,30.303,30.7692,32.2581,30.7692,30.303,27.7778,26.6667,26.3158,26.3158,27.7778,26.6667,H,54.3307,1.4389,30.6357,0.9367,26.9201,0.6827,ScotishPremierLeague
SC0,23/02/2008,Dundee United,Falkirk,D,1.9,3.25,3.75,1.85,3.3,3.75,1.85,3.1,3.6,1.8,3.4,3.6,1.91,3.2,3.5,2007/8,€11.75m,€8.28m,1.9,3.25,3.5,52.6316,54.0541,52.356,54.0541,52.6316,55.5556,30.7692,30.303,31.25,32.2581,30.7692,29.4118,26.6667,26.6667,28.5714,27.7778,28.5714,27.7778,H,53.5472,1.2364,30.7936,0.9491,27.672,0.8557,ScotishPremierLeague
SC0,23/02/2008,Hibernian,Inverness C,H,1.8,3.4,4.0,1.8,3.3,4.0,1.8,3.1,3.8,1.83,3.3,3.6,1.8,3.25,3.8,2007/8,€13.55m,€8.15m,1.85,3.3,3.75,55.5556,55.5556,55.5556,55.5556,54.0541,54.6448,29.4118,30.303,30.7692,32.2581,30.303,30.303,25.0,25.0,26.3158,26.3158,26.6667,27.7778,H,55.1536,0.6503,30.558,0.9427,26.1794,1.0594,ScotishPremierLeague
SC0,23/02/2008,Motherwell,Hearts,A,2.0,3.25,3.5,1.9,3.3,3.6,2.0,3.1,3.2,2.0,3.2,3.2,1.95,3.25,3.3,2007/8,€11.58m,€31.70m,1.9,3.25,3.5,50.0,52.6316,51.2821,50.0,52.6316,50.0,30.7692,30.303,30.7692,32.2581,30.7692,31.25,28.5714,27.7778,30.303,31.25,28.5714,31.25,H,51.0909,1.2926,31.0198,0.6765,29.6206,1.5082,ScotishPremierLeague
SC0,24/02/2008,Kilmarnock,Aberdeen,H,2.5,3.25,2.6,2.45,3.25,2.55,2.3,3.0,2.7,2.25,3.2,2.75,2.38,3.1,2.62,2007/8,€10.20m,€14.95m,2.6,3.25,2.4,40.0,40.8163,42.0168,43.4783,38.4615,44.4444,30.7692,30.7692,32.2581,33.3333,30.7692,31.25,38.4615,39.2157,38.1679,37.037,41.6667,36.3636,H,41.5362,2.2268,31.5248,1.058,38.4854,1.8631,ScotishPremierLeague
SC0,24/02/2008,Rangers,Gretna,H,1.11,8.0,15.0,1.12,7.0,13.0,1.12,6.5,13.0,1.11,6.5,15.0,1.08,6.5,21.0,2007/8,€92.48m,€9.03m,1.1,7.0,15.0,90.0901,89.2857,92.5926,89.2857,90.9091,90.0901,12.5,14.2857,15.3846,15.3846,14.2857,15.3846,6.6667,7.6923,4.7619,7.6923,6.6667,6.6667,H,90.3756,1.2441,14.5375,1.1341,6.6911,1.0704,ScotishPremierLeague
SC0,24/02/2008,St Mirren,Celtic,A,7.5,5.0,1.36,7.5,4.25,1.35,7.5,4.0,1.33,8.0,4.33,1.3,8.0,4.5,1.29,2007/8,€7.70m,€87.28m,10.0,4.8,1.35,13.3333,13.3333,12.5,13.3333,10.0,12.5,20.0,23.5294,22.2222,25.0,20.8333,23.0947,73.5294,74.0741,77.5194,75.188,74.0741,76.9231,A,12.5,1.291,22.4466,1.8304,75.218,1.6537,ScotishPremierLeague
SC0,27/02/2008,Aberdeen,Motherwell,D,2.3,3.25,2.8,2.15,3.25,2.95,2.4,3.1,2.5,2.4,3.25,2.5,2.2,3.2,2.8,2007/8,€14.95m,€11.58m,2.25,3.25,2.8,43.4783,46.5116,45.4545,41.6667,44.4444,41.6667,30.7692,30.7692,31.25,32.2581,30.7692,30.7692,35.7143,33.8983,35.7143,40.0,35.7143,40.0,H,43.8704,1.984,31.0975,0.6002,36.8402,2.5466,ScotishPremierLeague
SC0,27/02/2008,Celtic,Inverness C,H,1.16,7.0,15.0,1.18,5.5,12.0,1.17,5.5,11.0,1.16,5.5,12.0,1.17,5.5,12.0,2007/8,€87.28m,€8.15m,1.17,5.5,13.0,86.2069,84.7458,85.4701,85.4701,85.4701,86.2069,14.2857,18.1818,18.1818,18.1818,18.1818,18.1818,6.6667,8.3333,8.3333,9.0909,7.6923,8.3333,H,85.595,0.5508,17.5324,1.5906,8.075,0.82,ScotishPremierLeague
SC0,27/02/2008,Dundee United,St Mirren,D,1.72,3.4,4.5,1.7,3.4,4.35,1.75,3.2,4.0,1.8,3.3,3.75,1.7,3.3,4.33,2007/8,€11.75m,€7.70m,1.75,3.3,4.35,58.1395,58.8235,58.8235,57.1429,57.1429,55.5556,29.4118,29.4118,30.303,31.25,30.303,30.303,22.2222,22.9885,23.0947,25.0,22.9885,26.6667,H,57.6046,1.2556,30.1638,0.6883,23.8268,1.6708,ScotishPremierLeague
SC0,27/02/2008,Falkirk,Hibernian,A,2.4,3.3,2.7,2.3,3.25,2.7,2.3,3.1,2.6,2.25,3.2,2.75,2.3,3.2,2.62,2007/8,€8.28m,€13.55m,2.25,3.25,2.8,41.6667,43.4783,43.4783,43.4783,44.4444,44.4444,30.303,30.7692,31.25,32.2581,30.7692,31.25,37.037,37.037,38.1679,38.4615,35.7143,36.3636,H,43.4984,1.0145,31.0999,0.6694,37.1302,1.0449,ScotishPremierLeague
SC0,27/02/2008,Gretna,Kilmarnock,H,3.0,3.25,2.2,2.9,3.25,2.2,2.8,3.1,2.2,2.75,3.25,2.2,3.1,3.2,2.05,2007/8,€9.03m,€10.20m,3.0,3.25,2.1,33.3333,34.4828,32.2581,35.7143,33.3333,36.3636,30.7692,30.7692,31.25,32.2581,30.7692,30.7692,45.4545,45.4545,48.7805,45.4545,47.619,45.4545,A,34.2476,1.5693,31.0975,0.6002,46.3696,1.4645,ScotishPremierLeague
SC0,27/02/2008,Hearts,Rangers,A,5.5,3.75,1.61,5.75,3.75,1.5,4.8,3.5,1.55,4.33,3.2,1.72,5.5,3.5,1.53,2007/8,€31.70m,€92.48m,5.5,3.8,1.65,18.1818,17.3913,18.1818,20.8333,18.1818,23.0947,26.6667,26.6667,28.5714,28.5714,26.3158,31.25,62.1118,66.6667,65.3595,64.5161,60.6061,58.1395,A,19.3108,2.1975,28.007,1.8765,62.8999,3.2061,ScotishPremierLeague
SC0,01/03/2008,Falkirk,Motherwell,D,2.6,3.25,2.5,2.4,3.25,2.6,2.4,3.1,2.5,2.38,3.2,2.6,2.38,3.1,2.62,2007/8,€8.28m,€11.58m,2.35,3.25,2.6,38.4615,41.6667,42.0168,41.6667,42.5532,42.0168,30.7692,30.7692,32.2581,32.2581,30.7692,31.25,40.0,38.4615,38.1679,40.0,38.4615,38.4615,H,41.397,1.4743,31.3456,0.7309,38.9254,0.8401,ScotishPremierLeague
SC0,01/03/2008,Hibernian,Celtic,A,4.5,3.5,1.8,5.0,3.5,1.6,4.6,3.4,1.6,5.0,3.5,1.57,4.8,3.4,1.6,2007/8,€13.55m,€87.28m,4.8,3.5,1.84,22.2222,20.0,20.8333,21.7391,20.8333,20.0,28.5714,28.5714,29.4118,29.4118,28.5714,28.5714,55.5556,62.5,62.5,62.5,54.3478,63.6943,A,20.938,0.9025,28.8515,0.434,60.183,4.0963,ScotishPremierLeague
SC0,01/03/2008,Inverness C,Hearts,A,2.5,3.25,2.6,2.4,3.25,2.6,2.4,3.1,2.5,2.4,3.25,2.5,2.5,3.1,2.5,2007/8,€8.15m,€31.70m,2.35,3.25,2.6,40.0,41.6667,40.0,41.6667,42.5532,41.6667,30.7692,30.7692,32.2581,32.2581,30.7692,30.7692,38.4615,38.4615,40.0,40.0,38.4615,40.0,H,41.2589,1.0338,31.2655,0.7689,39.2308,0.8427,ScotishPremierLeague
SC0,01/03/2008,Kilmarnock,St Mirren,H,2.2,3.25,3.0,2.25,3.25,2.8,2.1,3.1,3.0,2.2,3.25,2.75,2.2,3.2,2.8,2007/8,€10.20m,€7.70m,2.1,3.25,3.0,45.4545,44.4444,45.4545,47.619,47.619,45.4545,30.7692,30.7692,31.25,32.2581,30.7692,30.7692,33.3333,35.7143,35.7143,33.3333,33.3333,36.3636,H,46.0077,1.308,31.0975,0.6002,34.632,1.4423,ScotishPremierLeague
SC0,01/03/2008,Rangers,Aberdeen,H,1.22,5.5,10.0,1.2,5.5,11.0,1.22,4.8,9.5,1.2,5.0,11.0,1.22,4.8,10.0,2007/8,€92.48m,€14.95m,1.2,5.0,12.0,81.9672,83.3333,81.9672,81.9672,83.3333,83.3333,18.1818,18.1818,20.8333,20.8333,20.0,20.0,10.0,9.0909,10.0,10.5263,8.3333,9.0909,H,82.6502,0.7482,19.6717,1.2127,9.5069,0.8061,ScotishPremierLeague
SC0,06/03/2008,Gretna,Dundee United,A,4.5,3.4,1.72,4.55,3.5,1.65,3.7,3.2,1.8,4.33,3.4,1.66,4.33,3.4,1.67,2007/8,€9.03m,€11.75m,4.5,3.4,1.65,22.2222,21.978,23.0947,27.027,22.2222,23.0947,29.4118,28.5714,29.4118,31.25,29.4118,29.4118,58.1395,60.6061,59.8802,55.5556,60.6061,60.241,A,23.2731,1.8996,29.5781,0.8854,59.1714,1.9951,ScotishPremierLeague
SC0,12/03/2008,Celtic,Dundee United,D,1.22,5.5,10.0,1.2,5.5,11.0,1.22,4.8,9.5,1.25,4.5,10.0,1.17,5.5,12.0,2007/8,€87.28m,€11.75m,1.2,5.5,11.0,81.9672,83.3333,85.4701,81.9672,83.3333,80.0,18.1818,18.1818,18.1818,20.8333,18.1818,22.2222,10.0,9.0909,8.3333,10.5263,9.0909,10.0,H,82.6785,1.835,19.2971,1.7828,9.5069,0.8061,ScotishPremierLeague
SC0,12/03/2008,Hibernian,Motherwell,H,2.1,3.3,3.2,2.0,3.2,3.35,2.1,3.1,3.0,2.1,3.2,3.0,2.1,3.2,3.0,2007/8,€13.55m,€11.58m,2.0,3.25,3.3,47.619,50.0,47.619,47.619,50.0,47.619,30.303,31.25,31.25,32.2581,30.7692,31.25,31.25,29.8507,33.3333,33.3333,30.303,33.3333,H,48.4127,1.2295,31.18,0.6504,31.9006,1.6331,ScotishPremierLeague
SC0,15/03/2008,Aberdeen,Gretna,H,1.22,5.25,12.0,1.3,4.5,8.5,1.35,4.0,7.0,1.29,4.33,9.0,1.25,5.0,8.0,2007/8,€14.95m,€9.03m,1.25,5.0,10.0,81.9672,76.9231,80.0,74.0741,80.0,77.5194,19.0476,22.2222,20.0,25.0,20.0,23.0947,8.3333,11.7647,12.5,14.2857,10.0,11.1111,H,78.414,2.8112,21.5608,2.2719,11.3325,2.0538,ScotishPremierLeague
SC0,15/03/2008,Hibernian,Kilmarnock,H,1.57,3.6,5.5,1.6,3.5,5.0,1.65,3.3,4.4,1.67,3.3,4.5,1.57,3.5,5.0,2007/8,€13.55m,€10.20m,1.65,3.4,4.5,63.6943,62.5,63.6943,60.6061,60.6061,59.8802,27.7778,28.5714,28.5714,30.303,29.4118,30.303,18.1818,20.0,20.0,22.7273,22.2222,22.2222,H,61.8302,1.6851,29.1564,1.0276,20.8922,1.7801,ScotishPremierLeague
SC0,15/03/2008,Inverness C,Falkirk,A,2.25,3.3,2.87,2.2,3.25,2.9,2.2,3.1,2.8,2.2,3.25,2.75,2.25,3.2,2.75,2007/8,€8.15m,€8.28m,2.3,3.2,2.7,44.4444,45.4545,44.4444,45.4545,43.4783,45.4545,30.303,30.7692,31.25,32.2581,31.25,30.7692,34.8432,34.4828,36.3636,35.7143,37.037,36.3636,H,44.7884,0.8104,31.0999,0.6694,35.8008,0.9822,ScotishPremierLeague
SC0,15/03/2008,St Mirren,Hearts,D,2.8,3.4,2.25,2.9,3.25,2.2,2.8,3.1,2.2,2.62,3.4,2.25,3.2,3.2,2.0,2007/8,€7.70m,€31.70m,2.9,3.25,2.2,35.7143,34.4828,31.25,35.7143,34.4828,38.1679,29.4118,30.7692,31.25,32.2581,30.7692,29.4118,44.4444,45.4545,50.0,45.4545,45.4545,44.4444,A,34.9687,2.2648,30.645,1.0991,45.8754,2.0804,ScotishPremierLeague
SC0,22/03/2008,Aberdeen,St Mirren,D,1.72,3.5,4.33,1.7,3.3,4.5,1.6,3.4,4.6,1.67,3.3,4.5,1.67,3.4,4.33,2007/8,€14.95m,€7.70m,1.65,3.4,4.5,58.1395,58.8235,59.8802,62.5,60.6061,59.8802,28.5714,30.303,29.4118,29.4118,29.4118,30.303,23.0947,22.2222,23.0947,21.7391,22.2222,22.2222,H,59.9716,1.5157,29.5688,0.6553,22.4325,0.546,ScotishPremierLeague
SC0,22/03/2008,Dundee United,Motherwell,H,2.2,3.3,3.3,2.15,3.25,2.95,2.25,3.1,2.7,1.91,3.25,3.4,2.15,3.2,2.9,2007/8,€11.75m,€11.58m,2.15,3.4,3.4,45.4545,46.5116,46.5116,44.4444,46.5116,52.356,30.303,30.7692,31.25,32.2581,29.4118,30.7692,30.303,33.8983,34.4828,37.037,29.4118,29.4118,H,46.965,2.7682,30.7936,0.9491,32.4241,3.1729,ScotishPremierLeague
SC0,22/03/2008,Hearts,Falkirk,D,1.83,3.5,3.75,1.85,3.3,3.75,1.7,3.2,4.2,1.73,3.4,4.0,1.73,3.4,4.0,2007/8,€31.70m,€8.28m,1.9,3.25,3.5,54.6448,54.0541,57.8035,58.8235,52.6316,57.8035,28.5714,30.303,29.4118,31.25,30.7692,29.4118,26.6667,26.6667,25.0,23.8095,28.5714,25.0,H,55.9602,2.5075,29.9529,0.9965,25.9524,1.6903,ScotishPremierLeague
SC0,22/03/2008,Kilmarnock,Inverness C,H,2.1,3.4,3.1,2.05,3.25,3.2,2.1,3.1,3.0,2.0,3.2,3.2,1.95,3.25,3.3,2007/8,€10.20m,€8.15m,2.25,3.25,2.8,47.619,48.7805,51.2821,47.619,44.4444,50.0,29.4118,30.7692,30.7692,32.2581,30.7692,31.25,32.2581,31.25,30.303,33.3333,35.7143,31.25,H,48.2908,2.3582,30.8712,0.9196,32.3514,1.9444,ScotishPremierLeague
SC0,22/03/2008,Rangers,Hibernian,H,1.33,4.75,9.5,1.28,4.75,8.5,1.27,4.3,8.5,1.29,4.5,8.0,1.29,4.5,8.0,2007/8,€92.48m,€13.55m,1.3,4.5,8.0,75.188,78.125,77.5194,78.7402,76.9231,77.5194,21.0526,21.0526,22.2222,23.2558,22.2222,22.2222,10.5263,11.7647,12.5,11.7647,12.5,12.5,H,77.3359,1.2203,22.0046,0.8391,11.926,0.7745,ScotishPremierLeague
SC0,23/03/2008,Gretna,Celtic,A,23.0,9.0,1.1,16.0,6.5,1.12,18.0,9.0,1.05,15.0,7.5,1.08,26.0,12.0,1.04,2007/8,€9.03m,€87.28m,21.0,7.5,1.08,4.3478,6.25,3.8462,5.5556,4.7619,6.6667,11.1111,15.3846,8.3333,11.1111,13.3333,13.3333,90.9091,89.2857,96.1538,95.2381,92.5926,92.5926,A,5.238,1.1066,12.1011,2.4484,92.7953,2.577,ScotishPremierLeague
SC0,29/03/2008,Falkirk,Kilmarnock,D,1.9,3.4,3.6,1.9,3.4,3.45,1.8,3.2,3.7,1.91,3.25,3.4,1.83,3.2,3.75,2007/8,€8.28m,€10.20m,1.8,3.3,4.0,52.6316,52.6316,54.6448,55.5556,55.5556,52.356,29.4118,29.4118,31.25,31.25,30.303,30.7692,27.7778,28.9855,26.6667,27.027,25.0,29.4118,H,53.8959,1.5257,30.3993,0.8419,27.4781,1.6189,ScotishPremierLeague
SC0,29/03/2008,Hearts,Dundee United,H,2.2,3.2,3.0,2.2,3.25,2.9,2.1,3.0,3.1,2.1,3.2,3.0,2.15,3.2,2.9,2007/8,€31.70m,€11.75m,2.25,3.25,2.8,45.4545,45.4545,46.5116,47.619,44.4444,47.619,31.25,30.7692,31.25,33.3333,30.7692,31.25,33.3333,34.4828,34.4828,32.2581,35.7143,33.3333,H,46.1838,1.2897,31.437,0.9584,33.9341,1.2085,ScotishPremierLeague
SC0,29/03/2008,Inverness C,Aberdeen,A,2.55,3.3,2.5,2.45,3.25,2.55,2.45,3.1,2.45,2.5,3.2,2.5,2.4,3.1,2.6,2007/8,€8.15m,€14.95m,2.7,3.2,2.35,39.2157,40.8163,41.6667,40.8163,37.037,40.0,30.303,30.7692,32.2581,32.2581,31.25,31.25,40.0,39.2157,38.4615,40.8163,42.5532,40.0,A,39.9253,1.6414,31.3481,0.7878,40.1744,1.4131,ScotishPremierLeague
SC0,29/03/2008,Motherwell,Hibernian,H,2.3,3.25,2.87,2.25,3.25,2.8,2.2,3.0,2.9,2.25,3.2,2.75,2.25,3.2,2.75,2007/8,€11.58m,€13.55m,2.25,3.25,2.8,43.4783,44.4444,44.4444,45.4545,44.4444,44.4444,30.7692,30.7692,31.25,33.3333,30.7692,31.25,34.8432,35.7143,36.3636,34.4828,35.7143,36.3636,H,44.4517,0.625,31.3568,0.9965,35.5803,0.776,ScotishPremierLeague
SC0,29/03/2008,Rangers,Celtic,H,2.2,3.2,3.1,2.2,3.25,2.9,2.3,3.1,2.8,2.1,3.2,3.0,2.2,3.1,2.88,2007/8,€92.48m,€87.28m,2.25,3.4,3.25,45.4545,45.4545,45.4545,43.4783,44.4444,47.619,31.25,30.7692,32.2581,32.2581,29.4118,31.25,32.2581,34.4828,34.7222,35.7143,30.7692,33.3333,H,45.3175,1.3783,31.1995,1.0609,33.5467,1.8098,ScotishPremierLeague
SC0,29/03/2008,St Mirren,Gretna,H,1.29,4.75,9.0,1.22,5.1,10.5,1.3,4.2,8.0,1.29,4.5,8.0,1.25,4.5,10.0,2007/8,€7.70m,€9.03m,1.25,4.5,11.0,77.5194,81.9672,80.0,76.9231,80.0,77.5194,21.0526,19.6078,22.2222,23.8095,22.2222,22.2222,11.1111,9.5238,10.0,12.5,9.0909,12.5,H,78.9882,1.9749,21.8561,1.4084,10.7876,1.4877,ScotishPremierLeague
SC0,05/04/2008,Celtic,Motherwell,A,1.25,4.5,13.0,1.25,5.0,9.0,1.25,4.5,9.0,1.25,4.5,10.0,1.2,5.0,11.0,2007/8,€87.28m,€11.58m,1.2,5.5,11.0,80.0,80.0,83.3333,80.0,83.3333,80.0,22.2222,20.0,20.0,22.2222,18.1818,22.2222,7.6923,11.1111,9.0909,11.1111,9.0909,10.0,H,81.1111,1.7213,20.8081,1.6854,9.6827,1.3299,ScotishPremierLeague
SC0,05/04/2008,Hibernian,St Mirren,H,1.61,3.5,5.25,1.55,3.5,5.5,1.55,3.5,4.8,1.57,3.5,5.0,1.5,3.6,5.5,2007/8,€13.55m,€7.70m,1.55,3.5,5.5,62.1118,64.5161,66.6667,64.5161,64.5161,63.6943,28.5714,28.5714,27.7778,28.5714,28.5714,28.5714,19.0476,18.1818,18.1818,20.8333,18.1818,20.0,H,64.3368,1.4757,28.4391,0.324,19.071,1.1262,ScotishPremierLeague
SC0,05/04/2008,Kilmarnock,Hearts,D,2.7,3.4,2.3,2.65,3.25,2.35,2.9,3.0,2.2,2.75,3.25,2.2,2.8,3.2,2.2,2007/8,€10.20m,€31.70m,2.6,3.25,2.35,37.037,37.7358,35.7143,34.4828,38.4615,36.3636,29.4118,30.7692,31.25,33.3333,30.7692,30.7692,43.4783,42.5532,45.4545,45.4545,42.5532,45.4545,A,36.6325,1.4327,31.0504,1.2786,44.158,1.4598,ScotishPremierLeague
SC0,06/04/2008,Dundee United,Rangers,D,6.0,3.4,1.57,5.5,3.5,1.55,3.9,3.3,1.75,5.0,3.5,1.57,5.0,3.5,1.57,2007/8,€11.75m,€92.48m,5.0,3.5,1.6,16.6667,18.1818,20.0,25.641,20.0,20.0,29.4118,28.5714,28.5714,30.303,28.5714,28.5714,63.6943,64.5161,63.6943,57.1429,62.5,63.6943,A,20.0816,3.0397,29.0001,0.7214,62.5403,2.7215,ScotishPremierLeague
SC0,07/04/2008,Aberdeen,Falkirk,H,1.91,3.4,4.0,1.85,3.3,3.75,1.8,3.2,3.7,1.91,3.2,3.5,1.8,3.25,3.8,2007/8,€14.95m,€8.28m,1.95,3.4,4.35,52.356,54.0541,55.5556,55.5556,51.2821,52.356,29.4118,30.303,30.7692,31.25,29.4118,31.25,25.0,26.6667,26.3158,27.027,22.9885,28.5714,H,53.5266,1.805,30.3993,0.8419,26.0949,1.9092,ScotishPremierLeague
SC0,13/04/2008,Motherwell,Celtic,A,4.6,3.6,1.66,4.4,3.4,1.7,3.7,3.2,1.8,4.0,3.4,1.73,4.33,3.4,1.67,2007/8,€11.58m,€87.28m,4.5,3.5,1.65,21.7391,22.7273,23.0947,27.027,22.2222,25.0,27.7778,29.4118,29.4118,31.25,28.5714,29.4118,60.241,58.8235,59.8802,55.5556,60.6061,57.8035,A,23.635,2.0038,29.3058,1.1565,58.8183,1.8986,ScotishPremierLeague
SC0,16/04/2008,Celtic,Rangers,H,2.3,3.25,2.87,2.2,3.25,2.9,2.2,3.0,2.9,2.25,3.2,2.75,2.05,3.3,3.0,2007/8,€87.28m,€92.48m,2.25,3.2,2.8,43.4783,45.4545,48.7805,45.4545,44.4444,44.4444,30.7692,30.7692,30.303,33.3333,31.25,31.25,34.8432,34.4828,33.3333,34.4828,35.7143,36.3636,H,45.3428,1.8403,31.2791,1.0672,34.87,1.0588,ScotishPremierLeague
SC0,19/04/2008,Celtic,Aberdeen,H,1.28,5.0,9.0,1.3,4.5,8.5,1.25,4.5,9.0,1.29,4.5,8.0,1.25,4.8,8.5,2007/8,€87.28m,€14.95m,1.25,5.0,9.0,78.125,76.9231,80.0,80.0,80.0,77.5194,20.0,22.2222,20.8333,22.2222,20.0,22.2222,11.1111,11.7647,11.7647,11.1111,11.1111,12.5,H,78.7612,1.4092,21.25,1.1076,11.5604,0.5607,ScotishPremierLeague
SC0,19/04/2008,Falkirk,Gretna,D,1.33,4.5,8.0,1.3,4.5,8.5,1.2,5.0,10.0,1.25,5.0,8.0,1.44,3.1,9.0,2007/8,€8.28m,€9.03m,1.3,4.35,9.0,75.188,76.9231,69.4444,83.3333,76.9231,80.0,22.2222,22.2222,32.2581,20.0,22.9885,20.0,12.5,11.7647,11.1111,10.0,11.1111,12.5,H,76.9687,4.6795,23.2818,4.5705,11.4978,0.9615,ScotishPremierLeague
SC0,19/04/2008,Hearts,St Mirren,H,1.66,3.4,5.0,1.65,3.5,4.5,1.6,3.4,4.6,1.62,3.5,4.5,1.62,3.5,4.5,2007/8,€31.70m,€7.70m,1.65,3.4,4.5,60.241,60.6061,61.7284,62.5,60.6061,61.7284,29.4118,28.5714,28.5714,29.4118,29.4118,28.5714,20.0,22.2222,22.2222,21.7391,22.2222,22.2222,H,61.235,0.8793,28.9916,0.4603,21.7713,0.889,ScotishPremierLeague
SC0,19/04/2008,Inverness C,Kilmarnock,H,2.25,3.3,2.87,2.2,3.25,2.85,2.2,3.1,2.8,2.3,3.3,2.6,2.2,3.2,2.8,2007/8,€8.15m,€10.20m,2.2,3.25,2.9,44.4444,45.4545,45.4545,45.4545,45.4545,43.4783,30.303,30.7692,31.25,32.2581,30.7692,30.303,34.8432,35.0877,35.7143,35.7143,34.4828,38.4615,H,44.9568,0.8294,30.9421,0.7353,35.7173,1.4293,ScotishPremierLeague
SC0,20/04/2008,Dundee United,Hibernian,D,2.1,3.25,3.2,2.12,3.25,3.0,2.2,3.2,2.7,2.2,3.2,2.8,2.1,3.2,3.0,2007/8,€11.75m,€13.55m,2.1,3.25,3.1,47.619,47.1698,47.619,45.4545,47.619,45.4545,30.7692,30.7692,31.25,31.25,30.7692,31.25,31.25,33.3333,33.3333,37.037,32.2581,35.7143,H,46.8226,1.0739,31.0096,0.2633,33.821,2.1659,ScotishPremierLeague
SC0,26/04/2008,Aberdeen,Hibernian,H,2.3,3.3,2.8,2.3,3.25,2.7,2.2,3.0,2.9,2.38,3.2,2.6,2.3,3.2,2.62,2007/8,€14.95m,€13.55m,2.25,3.25,2.8,43.4783,43.4783,43.4783,45.4545,44.4444,42.0168,30.303,30.7692,31.25,33.3333,30.7692,31.25,35.7143,37.037,38.1679,34.4828,35.7143,38.4615,H,43.7251,1.1497,31.2791,1.0672,36.5963,1.5599,ScotishPremierLeague
SC0,26/04/2008,Hearts,Inverness C,H,1.72,3.5,4.33,1.75,3.4,4.1,1.75,3.2,4.0,1.62,3.5,4.5,1.73,3.4,4.0,2007/8,€31.70m,€8.15m,1.7,3.5,4.35,58.1395,57.1429,57.8035,57.1429,58.8235,61.7284,28.5714,29.4118,29.4118,31.25,28.5714,28.5714,23.0947,24.3902,25.0,25.0,22.9885,22.2222,H,58.4634,1.7215,29.298,1.0412,23.7826,1.1723,ScotishPremierLeague
SC0,26/04/2008,Kilmarnock,Gretna,D,1.33,4.5,8.0,1.3,4.5,8.25,1.3,4.2,8.0,1.36,4.0,7.0,1.3,4.5,7.5,2007/8,€10.20m,€9.03m,1.3,4.5,8.0,75.188,76.9231,76.9231,76.9231,76.9231,73.5294,22.2222,22.2222,22.2222,23.8095,22.2222,25.0,12.5,12.1212,13.3333,12.5,12.5,14.2857,H,76.0683,1.4243,22.9497,1.1883,12.8734,0.7988,ScotishPremierLeague
SC0,26/04/2008,Motherwell,Dundee United,D,2.1,3.3,3.2,2.1,3.25,3.05,2.1,3.1,3.0,2.2,3.25,2.75,2.15,3.2,2.9,2007/8,€11.58m,€11.75m,2.1,3.25,3.0,47.619,47.619,46.5116,47.619,47.619,45.4545,30.303,30.7692,31.25,32.2581,30.7692,30.7692,31.25,32.7869,34.4828,33.3333,33.3333,36.3636,H,47.0737,0.9085,31.0198,0.6765,33.5916,1.7171,ScotishPremierLeague
SC0,26/04/2008,St Mirren,Falkirk,H,2.3,3.3,2.8,2.3,3.25,2.7,2.4,2.9,2.7,2.38,3.2,2.6,2.5,3.1,2.5,2007/8,€7.70m,€8.28m,2.35,3.25,2.65,43.4783,43.4783,40.0,41.6667,42.5532,42.0168,30.303,30.7692,32.2581,34.4828,30.7692,31.25,35.7143,37.037,40.0,37.037,37.7358,38.4615,H,42.1989,1.3077,31.6387,1.544,37.6643,1.4619,ScotishPremierLeague
SC0,27/04/2008,Celtic,Rangers,H,2.1,3.25,3.25,2.1,3.25,3.05,1.85,3.1,3.6,1.91,3.2,3.5,2.05,3.2,3.1,2007/8,€87.28m,€92.48m,2.15,3.25,3.7,47.619,47.619,48.7805,54.0541,46.5116,52.356,30.7692,30.7692,31.25,32.2581,30.7692,31.25,30.7692,32.7869,32.2581,27.7778,27.027,28.5714,H,49.49,3.014,31.1776,0.5794,29.8651,2.4152,ScotishPremierLeague
SC0,03/05/2008,Aberdeen,Dundee United,H,2.37,3.4,2.6,2.3,3.25,2.7,2.3,3.0,2.7,2.2,3.25,2.75,2.38,3.3,2.5,2007/8,€14.95m,€11.75m,2.3,3.25,2.75,42.1941,43.4783,42.0168,43.4783,43.4783,45.4545,29.4118,30.7692,30.303,33.3333,30.7692,30.7692,38.4615,37.037,40.0,37.037,36.3636,36.3636,H,43.3501,1.2322,30.8926,1.3071,37.5438,1.4265,ScotishPremierLeague
SC0,03/05/2008,Inverness C,Gretna,H,1.4,4.33,6.5,1.35,4.25,7.5,1.35,4.0,7.0,1.44,3.6,6.5,1.3,4.5,7.5,2007/8,€8.15m,€9.03m,1.35,4.0,7.5,71.4286,74.0741,76.9231,74.0741,74.0741,69.4444,23.0947,23.5294,22.2222,25.0,25.0,27.7778,15.3846,13.3333,13.3333,14.2857,13.3333,15.3846,H,73.3364,2.5801,24.4374,1.966,14.1758,1.0064,ScotishPremierLeague
SC0,03/05/2008,Motherwell,Celtic,A,6.5,4.5,1.44,6.25,3.8,1.45,5.4,3.8,1.45,6.0,3.75,1.44,6.0,3.75,1.44,2007/8,€11.58m,€87.28m,5.5,3.75,1.5,15.3846,16.0,16.6667,18.5185,18.1818,16.6667,22.2222,26.3158,26.6667,26.3158,26.6667,26.6667,69.4444,68.9655,69.4444,68.9655,66.6667,69.4444,A,16.903,1.2229,25.809,1.7655,68.8218,1.0815,ScotishPremierLeague
SC0,03/05/2008,St Mirren,Kilmarnock,H,2.2,3.25,3.0,2.25,3.25,2.8,2.2,3.0,2.9,2.1,3.2,3.0,2.05,3.3,3.0,2007/8,€7.70m,€10.20m,2.1,3.25,3.0,45.4545,44.4444,48.7805,45.4545,47.619,47.619,30.7692,30.7692,30.303,33.3333,30.7692,31.25,33.3333,35.7143,33.3333,34.4828,33.3333,33.3333,H,46.562,1.6789,31.199,1.0876,33.9217,0.9913,ScotishPremierLeague
SC0,04/05/2008,Hibernian,Rangers,D,4.5,3.7,1.72,4.65,3.7,1.6,4.4,3.3,1.65,4.5,3.5,1.62,4.33,3.4,1.67,2007/8,€13.55m,€92.48m,5.0,3.5,1.6,22.2222,21.5054,23.0947,22.7273,20.0,22.2222,27.027,27.027,29.4118,30.303,28.5714,28.5714,58.1395,62.5,59.8802,60.6061,62.5,61.7284,A,21.962,1.1011,28.4853,1.2985,60.8924,1.706,ScotishPremierLeague
SC0,05/05/2008,Falkirk,Hearts,H,2.6,3.4,2.37,2.6,3.25,2.4,2.6,3.0,2.4,2.75,3.2,2.25,2.5,3.25,2.4,2007/8,€8.28m,€31.70m,2.5,3.2,2.5,38.4615,38.4615,40.0,38.4615,40.0,36.3636,29.4118,30.7692,30.7692,33.3333,31.25,31.25,42.1941,41.6667,41.6667,41.6667,40.0,44.4444,A,38.6247,1.3398,31.1306,1.2725,41.9398,1.437,ScotishPremierLeague
SC0,07/05/2008,Rangers,Motherwell,H,1.28,5.0,8.5,1.25,5.5,7.75,1.25,4.5,9.0,1.2,5.0,11.0,1.29,4.33,8.5,2007/8,€92.48m,€11.58m,1.3,5.5,11.0,78.125,80.0,77.5194,80.0,76.9231,83.3333,20.0,18.1818,23.0947,22.2222,18.1818,20.0,11.7647,12.9032,11.7647,11.1111,9.0909,9.0909,H,79.3168,2.3429,20.2801,2.0326,10.9542,1.5544,ScotishPremierLeague
SC0,10/05/2008,Falkirk,Inverness C,H,2.1,3.3,3.2,2.1,3.25,3.05,2.1,3.1,3.0,2.0,3.2,3.2,2.0,3.2,3.2,2007/8,€8.28m,€8.15m,2.1,3.2,3.1,47.619,47.619,50.0,47.619,47.619,50.0,30.303,30.7692,31.25,32.2581,31.25,31.25,31.25,32.7869,31.25,33.3333,32.2581,31.25,H,48.4127,1.2295,31.1801,0.6504,32.0214,0.9109,ScotishPremierLeague
SC0,10/05/2008,Hearts,Kilmarnock,A,1.66,3.6,4.5,1.65,3.5,4.5,1.6,3.4,4.6,1.62,3.5,4.5,1.57,3.5,5.0,2007/8,€31.70m,€10.20m,1.7,3.5,4.35,60.241,60.6061,63.6943,62.5,58.8235,61.7284,27.7778,28.5714,28.5714,29.4118,28.5714,28.5714,22.2222,22.2222,20.0,21.7391,22.9885,22.2222,H,61.2656,1.737,28.5792,0.5169,21.899,1.0131,ScotishPremierLeague
SC0,10/05/2008,Motherwell,Aberdeen,H,2.0,3.3,3.4,2.0,3.25,3.3,2.0,3.1,3.2,2.0,3.2,3.2,1.95,3.25,3.3,2007/8,€11.58m,€14.95m,1.9,3.3,3.5,50.0,50.0,51.2821,50.0,52.6316,50.0,30.303,30.7692,30.7692,32.2581,30.303,31.25,29.4118,30.303,30.303,31.25,28.5714,31.25,H,50.6523,1.0969,30.9421,0.7353,30.1815,1.0486,ScotishPremierLeague
SC0,10/05/2008,Rangers,Dundee United,H,1.3,5.5,9.0,1.25,5.5,7.75,1.22,4.8,9.5,1.3,5.0,10.0,1.3,4.33,8.0,2007/8,€92.48m,€11.75m,1.3,5.5,10.0,76.9231,80.0,76.9231,81.9672,76.9231,76.9231,18.1818,18.1818,23.0947,20.8333,18.1818,20.0,11.1111,12.9032,12.5,10.5263,10.0,10.0,H,78.2766,2.1872,19.7456,1.99,11.1734,1.2592,ScotishPremierLeague
SC0,10/05/2008,St Mirren,Gretna,D,1.33,5.0,7.0,1.35,4.5,6.8,1.3,4.2,8.0,1.33,4.33,7.0,1.33,4.33,7.0,2007/8,€7.70m,€9.03m,1.35,4.0,7.5,75.188,74.0741,75.188,76.9231,74.0741,75.188,20.0,22.2222,23.0947,23.8095,25.0,23.0947,14.2857,14.7059,14.2857,12.5,13.3333,14.2857,H,75.1059,1.0442,22.8702,1.6839,13.8994,0.8218,ScotishPremierLeague
SC0,11/05/2008,Celtic,Hibernian,H,1.28,5.5,10.0,1.25,5.5,7.75,1.2,5.0,10.0,1.22,5.0,10.0,1.22,5.0,9.5,2007/8,€87.28m,€13.55m,1.25,5.0,9.0,78.125,80.0,81.9672,83.3333,80.0,81.9672,18.1818,18.1818,20.0,20.0,20.0,20.0,10.0,12.9032,10.5263,10.0,11.1111,10.0,H,80.8988,1.8719,19.3939,0.9389,10.7568,1.1405,ScotishPremierLeague
SC0,13/05/2008,Gretna,Hearts,H,5.25,3.75,1.57,6.25,3.8,1.45,5.4,3.8,1.45,5.5,3.6,1.5,6.0,3.75,1.44,2007/8,€9.03m,€31.70m,6.5,4.0,1.4,19.0476,16.0,16.6667,18.5185,15.3846,18.1818,26.6667,26.3158,26.6667,26.3158,25.0,27.7778,63.6943,68.9655,69.4444,68.9655,71.4286,66.6667,A,17.2999,1.4884,26.4571,0.8939,68.1942,2.6757,ScotishPremierLeague
SC0,17/05/2008,Inverness C,St Mirren,D,1.9,3.3,3.75,1.9,3.3,3.55,1.9,3.2,3.4,1.91,3.25,3.4,1.95,3.25,3.3,2007/8,€8.15m,€7.70m,1.9,3.2,3.5,52.6316,52.6316,51.2821,52.6316,52.6316,52.356,30.303,30.303,30.7692,31.25,31.25,30.7692,26.6667,28.169,30.303,29.4118,28.5714,29.4118,H,52.3607,0.5398,30.7741,0.4235,28.7556,1.2647,ScotishPremierLeague
SC0,17/05/2008,Kilmarnock,Falkirk,H,2.37,3.3,2.7,2.35,3.2,2.7,2.3,3.0,2.7,2.25,3.2,2.75,2.38,3.1,2.62,2007/8,€10.20m,€8.28m,2.35,3.1,2.7,42.1941,42.5532,42.0168,43.4783,42.5532,44.4444,30.303,31.25,32.2581,33.3333,32.2581,31.25,37.037,37.037,38.1679,37.037,37.037,36.3636,H,42.8733,0.9202,31.7754,1.0595,37.1132,0.5827,ScotishPremierLeague
SC0,17/05/2008,Motherwell,Rangers,D,6.5,4.0,1.44,6.3,3.8,1.45,6.0,3.9,1.4,6.5,4.0,1.4,5.5,4.33,1.4,2007/8,€11.58m,€92.48m,6.2,3.9,1.6,15.3846,15.873,18.1818,16.6667,16.129,15.3846,25.0,26.3158,23.0947,25.641,25.641,25.0,69.4444,68.9655,71.4286,71.4286,62.5,71.4286,A,16.27,1.0543,25.1154,1.1048,69.1993,3.4613,ScotishPremierLeague
SC0,19/05/2008,St Mirren,Rangers,A,9.5,5.5,1.29,7.75,5.5,1.25,9.0,4.5,1.25,9.0,5.0,1.3,8.0,5.0,1.25,2007/8,€7.70m,€92.48m,10.5,5.75,1.28,10.5263,12.9032,12.5,11.1111,9.5238,11.1111,18.1818,18.1818,20.0,22.2222,17.3913,20.0,77.5194,80.0,80.0,80.0,78.125,76.9231,A,11.2792,1.2516,19.3295,1.7696,78.7612,1.4092,ScotishPremierLeague
SC0,22/05/2008,Aberdeen,Rangers,H,6.5,4.2,1.5,7.0,4.0,1.42,5.4,3.8,1.45,6.0,3.75,1.44,5.5,4.0,1.44,2007/8,€14.95m,€92.48m,6.0,3.6,1.5,15.3846,14.2857,18.1818,18.5185,16.6667,16.6667,23.8095,25.0,25.0,26.3158,27.7778,26.6667,66.6667,70.4225,69.4444,68.9655,66.6667,69.4444,A,16.6173,1.6139,25.7616,1.4256,68.6017,1.572,ScotishPremierLeague
SC0,22/05/2008,Dundee United,Celtic,A,7.5,5.0,1.36,9.0,4.5,1.3,9.0,4.5,1.25,7.0,4.33,1.33,7.5,4.5,1.3,2007/8,€11.75m,€87.28m,8.0,4.0,1.35,13.3333,11.1111,13.3333,11.1111,12.5,14.2857,20.0,22.2222,22.2222,22.2222,25.0,23.0947,73.5294,76.9231,76.9231,80.0,74.0741,75.188,A,12.6124,1.293,22.4602,1.6171,76.1063,2.371,ScotishPremierLeague
SC0,22/05/2008,Hibernian,Motherwell,A,2.1,3.4,3.0,2.1,3.25,3.05,2.0,3.1,3.2,2.1,3.2,3.0,2.0,3.2,3.2,2007/8,€13.55m,€11.58m,2.1,3.25,3.0,47.619,47.619,50.0,50.0,47.619,47.619,29.4118,30.7692,31.25,32.2581,30.7692,31.25,33.3333,32.7869,31.25,31.25,33.3333,33.3333,H,48.4127,1.2295,30.9514,0.9298,32.5478,1.0273,ScotishPremierLeague
SC0,09/08/2008,Aberdeen,Inverness C,A,1.73,3.4,4.2,1.65,3.5,4.5,1.65,3.3,4.4,1.73,3.2,4.33,1.67,3.4,4.33,2008/9,€19.55m,€10.43m,1.65,3.4,4.5,57.8035,60.6061,59.8802,60.6061,60.6061,57.8035,29.4118,28.5714,29.4118,30.303,29.4118,31.25,23.8095,22.2222,23.0947,22.7273,22.2222,23.0947,H,59.5509,1.3824,29.7266,0.9257,22.8618,0.6071,ScotishPremierLeague
SC0,09/08/2008,Falkirk,Rangers,A,6.5,4.0,1.5,6.0,3.9,1.45,5.0,3.7,1.5,6.5,3.6,1.44,6.0,3.75,1.44,2008/9,€14.28m,€94.48m,6.5,3.75,1.45,15.3846,16.6667,16.6667,20.0,15.3846,15.3846,25.0,25.641,26.6667,27.027,26.6667,27.7778,66.6667,68.9655,69.4444,66.6667,68.9655,69.4444,A,16.5812,1.7888,26.4632,0.9946,68.3589,1.3281,ScotishPremierLeague
SC0,09/08/2008,Hearts,Motherwell,H,2.0,3.25,3.25,2.0,3.25,3.3,2.2,3.1,2.8,2.1,3.2,3.0,1.91,3.2,3.5,2008/9,€37.53m,€13.63m,2.1,3.25,3.1,50.0,50.0,52.356,45.4545,47.619,47.619,30.7692,30.7692,31.25,32.2581,30.7692,31.25,30.7692,30.303,28.5714,35.7143,32.2581,33.3333,H,48.8414,2.4289,31.1776,0.5794,31.8249,2.5142,ScotishPremierLeague
SC0,09/08/2008,Kilmarnock,Hibernian,H,2.4,3.2,2.62,2.55,3.25,2.45,2.5,3.1,2.4,2.38,3.2,2.6,2.5,3.1,2.5,2008/9,€11.38m,€23.70m,2.4,3.2,2.6,41.6667,39.2157,40.0,40.0,41.6667,42.0168,31.25,30.7692,32.2581,32.2581,31.25,31.25,38.1679,40.8163,40.0,41.6667,38.4615,38.4615,H,40.761,1.1631,31.5059,0.6117,39.5956,1.4528,ScotishPremierLeague
SC0,10/08/2008,Celtic,St Mirren,H,1.17,6.5,17.0,1.15,6.5,12.0,1.15,6.0,12.0,1.17,5.5,12.0,1.14,5.5,15.0,2008/9,€93.10m,€10.28m,1.14,6.0,15.0,85.4701,86.9565,87.7193,86.9565,87.7193,85.4701,15.3846,15.3846,18.1818,16.6667,16.6667,18.1818,5.8824,8.3333,6.6667,8.3333,6.6667,8.3333,H,86.7153,1.0231,16.7444,1.2524,7.3693,1.0942,ScotishPremierLeague
SC0,11/08/2008,Hamilton,Dundee United,H,3.6,3.25,2.1,2.8,3.25,2.25,3.0,3.1,2.1,2.75,3.25,2.2,3.0,3.2,2.1,2008/9,€11.80m,€15.80m,3.0,3.2,2.2,27.7778,35.7143,33.3333,33.3333,33.3333,36.3636,30.7692,30.7692,31.25,32.2581,31.25,30.7692,47.619,44.4444,47.619,47.619,45.4545,45.4545,A,33.3093,3.0236,31.1776,0.5794,46.3684,1.4187,ScotishPremierLeague
SC0,16/08/2008,Hibernian,Falkirk,H,2.1,3.3,3.6,1.95,3.25,3.45,1.8,3.2,3.7,2.0,3.2,3.2,1.83,3.2,3.75,2008/9,€23.70m,€14.28m,1.9,3.25,3.6,47.619,51.2821,54.6448,55.5556,52.6316,50.0,30.303,30.7692,31.25,31.25,30.7692,31.25,27.7778,28.9855,26.6667,27.027,27.7778,31.25,H,51.9555,2.9575,30.9319,0.3878,28.2475,1.6727,ScotishPremierLeague
SC0,16/08/2008,Inverness C,Hamilton,A,1.8,3.5,4.5,1.8,3.4,3.85,1.75,3.2,4.0,1.73,3.4,4.0,1.73,3.4,4.0,2008/9,€10.43m,€11.80m,1.75,3.4,4.0,55.5556,55.5556,57.8035,57.1429,57.1429,57.8035,28.5714,29.4118,29.4118,31.25,29.4118,29.4118,22.2222,25.974,25.0,25.0,25.0,25.0,H,56.834,1.0334,29.5781,0.8854,24.6994,1.2746,ScotishPremierLeague
SC0,16/08/2008,Motherwell,Aberdeen,A,2.1,3.3,3.5,2.1,3.25,3.05,2.1,3.1,3.0,2.2,3.25,2.75,2.1,3.2,3.0,2008/9,€13.63m,€19.55m,2.2,3.25,2.9,47.619,47.619,47.619,47.619,45.4545,45.4545,30.303,30.7692,31.25,32.2581,30.7692,30.7692,28.5714,32.7869,33.3333,33.3333,34.4828,36.3636,H,46.8975,1.1177,31.0198,0.6765,33.1452,2.5794,ScotishPremierLeague
SC0,16/08/2008,Rangers,Hearts,H,1.44,4.2,7.5,1.4,4.25,6.25,1.35,4.0,7.0,1.4,3.75,7.0,1.36,4.0,7.0,2008/9,€94.48m,€37.53m,1.4,4.0,7.0,69.4444,71.4286,73.5294,74.0741,71.4286,71.4286,23.8095,23.5294,25.0,25.0,25.0,26.6667,13.3333,16.0,14.2857,14.2857,14.2857,14.2857,H,71.889,1.6779,24.8343,1.1129,14.4127,0.8659,ScotishPremierLeague
SC0,16/08/2008,St Mirren,Kilmarnock,D,2.4,3.3,2.88,2.3,3.25,2.7,2.3,3.0,2.7,2.38,3.2,2.6,2.25,3.2,2.75,2008/9,€10.28m,€11.38m,2.35,3.2,2.65,41.6667,43.4783,44.4444,43.4783,42.5532,42.0168,30.303,30.7692,31.25,33.3333,31.25,31.25,34.7222,37.037,36.3636,37.037,37.7358,38.4615,H,42.9396,1.0456,31.3593,1.0389,36.8928,1.281,ScotishPremierLeague
SC0,17/08/2008,Dundee United,Celtic,D,5.75,4.0,1.57,5.6,3.75,1.5,5.4,3.8,1.45,5.0,3.5,1.57,5.5,3.5,1.53,2008/9,€15.80m,€93.10m,5.5,3.75,1.5,17.3913,17.8571,18.1818,18.5185,18.1818,20.0,25.0,26.6667,28.5714,26.3158,26.6667,28.5714,63.6943,66.6667,65.3595,68.9655,66.6667,63.6943,A,18.3551,0.891,26.9653,1.3872,65.8412,2.0285,ScotishPremierLeague
SC0,23/08/2008,Aberdeen,Rangers,D,5.0,3.5,1.73,4.5,3.5,1.65,4.0,3.2,1.75,4.5,3.3,1.67,4.5,3.3,1.67,2008/9,€19.55m,€94.48m,5.5,3.5,1.73,20.0,22.2222,22.2222,25.0,18.1818,22.2222,28.5714,28.5714,30.303,31.25,28.5714,30.303,57.8035,60.6061,59.8802,57.1429,57.8035,59.8802,A,21.6414,2.3219,29.595,1.1734,58.8527,1.436,ScotishPremierLeague
SC0,23/08/2008,Celtic,Falkirk,H,1.2,6.5,13.0,1.17,6.25,10.5,1.17,5.5,11.0,1.2,5.0,11.0,1.2,5.0,11.0,2008/9,€93.10m,€14.28m,1.18,6.0,10.0,83.3333,85.4701,83.3333,85.4701,84.7458,83.3333,15.3846,16.0,20.0,18.1818,16.6667,20.0,7.6923,9.5238,9.0909,9.0909,10.0,9.0909,H,84.281,1.0713,17.7055,2.0065,9.0815,0.7706,ScotishPremierLeague
SC0,23/08/2008,Hearts,St Mirren,H,1.73,3.5,5.0,1.6,3.6,4.8,1.55,3.5,4.8,1.57,3.5,5.0,1.62,3.5,4.5,2008/9,€37.53m,€10.28m,1.6,3.4,5.0,57.8035,62.5,61.7284,64.5161,62.5,63.6943,28.5714,27.7778,28.5714,28.5714,29.4118,28.5714,20.0,20.8333,22.2222,20.8333,20.0,20.0,H,62.1237,2.3364,28.5792,0.5169,20.6481,0.8725,ScotishPremierLeague
SC0,23/08/2008,Inverness C,Hibernian,D,2.4,3.3,2.88,2.45,3.25,2.55,2.4,3.1,2.5,2.4,3.25,2.5,2.38,3.1,2.62,2008/9,€10.43m,€23.70m,2.35,3.25,2.6,41.6667,40.8163,42.0168,41.6667,42.5532,41.6667,30.303,30.7692,32.2581,32.2581,30.7692,30.7692,34.7222,39.2157,38.1679,40.0,38.4615,40.0,H,41.7311,0.5669,31.1878,0.8485,38.4279,1.968,ScotishPremierLeague
SC0,23/08/2008,Kilmarnock,Hamilton,H,2.1,3.3,3.5,1.9,3.3,3.6,1.8,3.2,3.7,1.83,3.4,3.5,1.91,3.2,3.5,2008/9,€11.38m,€11.80m,2.0,3.25,3.25,47.619,52.6316,52.356,55.5556,50.0,54.6448,30.303,30.303,31.25,31.25,30.7692,29.4118,28.5714,27.7778,28.5714,27.027,30.7692,28.5714,H,52.1345,2.941,30.5478,0.6994,28.548,1.2524,ScotishPremierLeague
SC0,23/08/2008,Motherwell,Dundee United,D,2.4,3.3,2.88,2.25,3.25,2.8,2.2,3.1,2.8,2.38,3.2,2.6,2.3,3.2,2.62,2008/9,€13.63m,€15.80m,2.3,3.25,2.7,41.6667,44.4444,43.4783,45.4545,43.4783,42.0168,30.303,30.7692,31.25,32.2581,30.7692,31.25,34.7222,35.7143,38.1679,35.7143,37.037,38.4615,H,43.4232,1.431,31.0999,0.6694,36.6362,1.4968,ScotishPremierLeague
SC0,30/08/2008,Dundee United,Kilmarnock,A,1.8,3.5,4.5,1.85,3.35,3.65,1.9,3.1,3.5,1.83,3.3,3.6,1.8,3.3,3.75,2008/9,€15.80m,€11.38m,1.9,3.25,3.5,55.5556,54.0541,55.5556,52.6316,52.6316,54.6448,28.5714,29.8507,30.303,32.2581,30.7692,30.303,22.2222,27.3973,26.6667,28.5714,28.5714,27.7778,H,54.1789,1.3275,30.3426,1.2028,26.8678,2.3889,ScotishPremierLeague
SC0,30/08/2008,Falkirk,Inverness C,A,2.1,3.4,3.4,2.1,3.25,3.05,2.2,3.1,2.8,2.2,3.25,2.75,2.15,3.2,2.9,2008/9,€14.28m,€10.43m,2.1,3.25,3.1,47.619,47.619,46.5116,45.4545,47.619,45.4545,29.4118,30.7692,31.25,32.2581,30.7692,30.7692,29.4118,32.7869,34.4828,35.7143,32.2581,36.3636,H,46.7129,1.065,30.8713,0.9196,33.5029,2.5626,ScotishPremierLeague
SC0,30/08/2008,Hamilton,Hearts,A,3.0,3.4,2.3,2.9,3.25,2.2,2.8,3.1,2.2,2.75,3.25,2.2,3.0,3.2,2.1,2008/9,€11.80m,€37.53m,2.65,3.25,2.3,33.3333,34.4828,33.3333,35.7143,37.7358,36.3636,29.4118,30.7692,31.25,32.2581,30.7692,30.7692,43.4783,45.4545,47.619,45.4545,43.4783,45.4545,A,35.1605,1.762,30.8713,0.9196,45.1565,1.5468,ScotishPremierLeague
SC0,30/08/2008,Hibernian,Motherwell,A,2.15,3.3,3.4,2.0,3.35,3.2,2.1,3.0,3.1,1.91,3.25,3.4,2.05,3.2,3.1,2008/9,€23.70m,€13.63m,2.0,3.25,3.25,46.5116,50.0,48.7805,47.619,50.0,52.356,30.303,29.8507,31.25,33.3333,30.7692,30.7692,29.4118,31.25,32.2581,32.2581,30.7692,29.4118,H,49.2112,2.0563,31.0459,1.2172,30.8932,1.2851,ScotishPremierLeague
SC0,30/08/2008,St Mirren,Aberdeen,A,2.9,3.3,2.38,2.6,3.25,2.4,2.7,3.0,2.3,2.5,3.25,2.4,2.62,3.1,2.38,2008/9,€10.28m,€19.55m,2.8,3.25,2.25,34.4828,38.4615,38.1679,37.037,35.7143,40.0,30.303,30.7692,32.2581,33.3333,30.7692,30.7692,42.0168,41.6667,42.0168,43.4783,44.4444,41.6667,A,37.3106,1.9956,31.367,1.1717,42.5483,1.1471,ScotishPremierLeague
SC0,31/08/2008,Celtic,Rangers,A,2.0,3.3,3.8,1.95,3.15,3.6,2.0,3.2,3.3,2.1,3.0,3.2,2.0,3.2,3.2,2008/9,€93.10m,€94.48m,2.0,3.25,3.25,50.0,51.2821,50.0,50.0,50.0,47.619,30.303,31.746,31.25,31.25,30.7692,33.3333,26.3158,27.7778,31.25,30.303,30.7692,31.25,H,49.8169,1.1926,31.4419,1.0482,29.611,2.0694,ScotishPremierLeague
SC0,13/09/2008,Aberdeen,Hamilton,A,1.67,3.6,5.0,1.6,3.6,4.8,1.65,3.3,4.4,1.67,3.75,5.0,1.66,3.4,4.33,2008/9,€19.55m,€11.80m,1.65,3.5,4.35,59.8802,62.5,60.241,60.6061,60.6061,59.8802,27.7778,27.7778,29.4118,30.303,28.5714,26.6667,20.0,20.8333,23.0947,22.7273,22.9885,20.0,H,60.6189,0.977,28.4181,1.3001,21.6073,1.4927,ScotishPremierLeague
SC0,13/09/2008,Falkirk,Hearts,H,2.88,3.3,2.38,2.65,3.25,2.35,2.8,3.1,2.2,3.0,3.25,2.38,2.75,3.25,2.2,2008/9,€14.28m,€37.53m,2.8,3.25,2.2,34.7222,37.7358,36.3636,35.7143,35.7143,33.3333,30.303,30.7692,30.7692,32.2581,30.7692,30.7692,42.0168,42.5532,45.4545,45.4545,45.4545,42.0168,A,35.5972,1.4886,30.9397,0.6723,43.825,1.7957,ScotishPremierLeague
SC0,13/09/2008,Hibernian,Dundee United,H,2.3,3.25,3.1,2.3,3.25,2.7,2.1,3.0,3.1,2.25,3.3,3.2,2.25,3.2,2.75,2008/9,€23.70m,€15.80m,2.2,3.25,2.9,43.4783,43.4783,44.4444,47.619,45.4545,44.4444,30.7692,30.7692,31.25,33.3333,30.7692,30.303,32.2581,37.037,36.3636,32.2581,34.4828,31.25,H,44.8198,1.5569,31.199,1.0876,33.9416,2.3939,ScotishPremierLeague
SC0,13/09/2008,Inverness C,St Mirren,A,2.0,3.3,3.8,1.85,3.35,3.65,1.8,3.1,3.8,1.91,3.5,4.0,1.83,3.3,3.6,2008/9,€10.43m,€10.28m,1.85,3.3,3.75,50.0,54.0541,54.6448,55.5556,54.0541,52.356,30.303,29.8507,30.303,32.2581,30.303,28.5714,26.3158,27.3973,27.7778,26.3158,26.6667,25.0,H,53.4441,1.9844,30.2649,1.1846,26.5789,0.9743,ScotishPremierLeague
SC0,13/09/2008,Motherwell,Celtic,A,4.75,3.6,1.73,4.8,3.6,1.6,4.2,3.2,1.7,6.0,3.25,1.53,4.8,3.6,1.57,2008/9,€13.63m,€93.10m,5.0,3.6,1.65,21.0526,20.8333,20.8333,23.8095,20.0,16.6667,27.7778,27.7778,27.7778,31.25,27.7778,30.7692,57.8035,62.5,63.6943,58.8235,60.6061,65.3595,A,20.5326,2.2986,28.8551,1.6758,61.4645,2.9096,ScotishPremierLeague
SC0,13/09/2008,Rangers,Kilmarnock,H,1.25,5.5,12.0,1.25,5.0,9.0,1.25,4.5,9.0,1.25,5.5,12.0,1.22,4.8,10.0,2008/9,€94.48m,€11.38m,1.25,5.0,10.0,80.0,80.0,81.9672,80.0,80.0,80.0,18.1818,20.0,20.8333,22.2222,20.0,18.1818,8.3333,11.1111,10.0,11.1111,10.0,8.3333,H,80.3279,0.8031,19.9032,1.5613,9.8148,1.2505,ScotishPremierLeague
SC0,20/09/2008,Aberdeen,Dundee United,A,2.1,3.4,3.4,2.1,3.25,3.1,2.0,3.2,3.1,2.1,3.25,3.6,2.1,3.2,3.0,2008/9,€19.55m,€15.80m,2.1,3.25,3.3,47.619,47.619,47.619,50.0,47.619,47.619,29.4118,30.7692,31.25,31.25,30.7692,30.7692,29.4118,32.2581,33.3333,32.2581,30.303,27.7778,H,48.0158,0.972,30.7032,0.6751,30.8904,2.0942,ScotishPremierLeague
SC0,20/09/2008,Hamilton,Hibernian,A,2.5,3.4,2.7,2.55,3.25,2.45,2.5,3.1,2.4,2.4,3.3,2.88,2.5,3.1,2.5,2008/9,€11.80m,€23.70m,2.35,3.1,2.75,40.0,39.2157,40.0,40.0,42.5532,41.6667,29.4118,30.7692,32.2581,32.2581,32.2581,30.303,37.037,40.8163,40.0,41.6667,36.3636,34.7222,H,40.5726,1.2605,31.2097,1.2285,38.4343,2.7783,ScotishPremierLeague
SC0,20/09/2008,Hearts,Inverness C,H,1.8,3.5,4.5,1.75,3.4,4.1,1.7,3.3,4.0,1.8,3.5,4.5,1.73,3.25,4.2,2008/9,€37.53m,€10.43m,1.8,3.25,4.0,55.5556,57.1429,57.8035,58.8235,55.5556,55.5556,28.5714,29.4118,30.7692,30.303,30.7692,28.5714,22.2222,24.3902,23.8095,25.0,25.0,22.2222,H,56.7394,1.403,29.7327,1.027,23.774,1.2809,ScotishPremierLeague
SC0,20/09/2008,St Mirren,Falkirk,D,2.3,3.3,3.1,2.25,3.25,2.8,2.2,3.1,2.8,2.4,3.3,2.88,2.2,3.2,2.8,2008/9,€10.28m,€14.28m,2.25,3.25,2.8,43.4783,44.4444,45.4545,45.4545,44.4444,41.6667,30.303,30.7692,31.25,32.2581,30.7692,30.303,32.2581,35.7143,35.7143,35.7143,35.7143,34.7222,H,44.1571,1.4279,30.9421,0.7353,34.9729,1.3879,ScotishPremierLeague
SC0,21/09/2008,Kilmarnock,Celtic,A,6.0,3.6,1.62,4.8,3.6,1.6,4.6,3.4,1.6,5.5,3.5,1.66,5.5,3.6,1.5,2008/9,€11.38m,€93.10m,5.5,3.6,1.6,16.6667,20.8333,18.1818,21.7391,18.1818,18.1818,27.7778,27.7778,27.7778,29.4118,27.7778,28.5714,61.7284,62.5,66.6667,62.5,62.5,60.241,A,18.9641,1.9136,28.1824,0.6808,62.6894,2.1375,ScotishPremierLeague
SC0,21/09/2008,Rangers,Motherwell,H,1.29,5.5,10.5,1.2,6.0,9.0,1.25,4.5,9.0,1.25,5.5,12.0,1.29,4.5,8.0,2008/9,€94.48m,€13.63m,1.2,5.5,10.5,77.5194,83.3333,77.5194,80.0,83.3333,80.0,18.1818,16.6667,22.2222,22.2222,18.1818,18.1818,9.5238,11.1111,12.5,11.1111,9.5238,8.3333,H,80.2842,2.6094,19.2761,2.3563,10.3505,1.4976,ScotishPremierLeague
SC0,27/09/2008,Celtic,Aberdeen,H,1.33,4.5,11.0,1.25,5.0,9.0,1.3,4.2,8.0,1.29,5.0,12.0,1.29,4.5,8.0,2008/9,€93.10m,€19.55m,1.28,4.5,10.0,75.188,80.0,77.5194,76.9231,78.125,77.5194,22.2222,20.0,22.2222,23.8095,22.2222,20.0,9.0909,11.1111,12.5,12.5,10.0,8.3333,H,77.5458,1.5689,21.746,1.4856,10.5892,1.7468,ScotishPremierLeague
SC0,27/09/2008,Dundee United,Hearts,H,2.38,3.4,2.88,2.4,3.25,2.6,2.3,3.0,2.7,2.38,3.4,2.88,2.25,3.2,2.75,2008/9,€15.80m,€37.53m,2.2,3.25,2.8,42.0168,41.6667,44.4444,43.4783,45.4545,42.0168,29.4118,30.7692,31.25,33.3333,30.7692,29.4118,34.7222,38.4615,36.3636,37.037,35.7143,34.7222,H,43.1796,1.5399,30.8242,1.4473,36.1701,1.445,ScotishPremierLeague
SC0,27/09/2008,Falkirk,Hamilton,H,2.1,3.4,3.4,2.1,3.25,3.1,2.1,3.0,3.1,2.2,3.3,3.3,2.05,3.2,3.1,2008/9,€14.28m,€11.80m,2.1,3.25,3.1,47.619,47.619,48.7805,47.619,47.619,45.4545,29.4118,30.7692,31.25,33.3333,30.7692,30.303,29.4118,32.2581,32.2581,32.2581,32.2581,30.303,H,47.4518,1.0832,30.9728,1.3128,31.4579,1.2713,ScotishPremierLeague
SC0,27/09/2008,Inverness C,Kilmarnock,H,2.4,3.3,2.88,2.4,3.25,2.6,2.3,3.0,2.7,2.5,3.3,2.8,2.25,3.2,2.75,2008/9,€10.43m,€11.38m,2.3,3.25,2.7,41.6667,41.6667,44.4444,43.4783,43.4783,40.0,30.303,30.7692,31.25,33.3333,30.7692,30.303,34.7222,38.4615,36.3636,37.037,37.037,35.7143,H,42.4557,1.6323,31.1213,1.1399,36.5559,1.2808,ScotishPremierLeague
SC0,27/09/2008,Motherwell,St Mirren,H,1.91,3.4,4.0,1.85,3.35,3.7,1.8,3.1,3.8,2.0,3.4,3.75,1.8,3.3,3.75,2008/9,€13.63m,€10.28m,1.8,3.2,4.0,52.356,54.0541,55.5556,55.5556,55.5556,50.0,29.4118,29.8507,30.303,32.2581,31.25,29.4118,25.0,27.027,26.6667,26.3158,25.0,26.6667,H,53.8462,2.2726,30.4142,1.1347,26.1127,0.8908,ScotishPremierLeague
SC0,28/09/2008,Hibernian,Rangers,A,5.0,3.5,1.73,5.3,3.6,1.55,4.2,3.2,1.7,5.5,3.5,1.67,4.5,3.5,1.62,2008/9,€23.70m,€94.48m,5.0,3.4,1.6,20.0,18.8679,22.2222,23.8095,20.0,18.1818,28.5714,27.7778,28.5714,31.25,29.4118,28.5714,57.8035,64.5161,61.7284,58.8235,62.5,59.8802,A,20.5136,2.1192,29.0256,1.2061,60.8753,2.5004,ScotishPremierLeague
SC0,04/10/2008,Aberdeen,Hibernian,A,2.25,3.4,3.1,2.25,3.25,2.8,2.1,3.0,3.1,2.3,3.2,3.2,2.1,3.2,3.0,2008/9,€19.55m,€23.70m,2.2,3.25,2.9,44.4444,44.4444,47.619,47.619,45.4545,43.4783,29.4118,30.7692,31.25,33.3333,30.7692,31.25,32.2581,35.7143,33.3333,32.2581,34.4828,31.25,H,45.5099,1.7492,31.1306,1.2725,33.2161,1.6468,ScotishPremierLeague
SC0,04/10/2008,Celtic,Hamilton,H,1.2,6.0,15.0,1.2,6.0,9.0,1.17,5.5,11.0,1.2,6.5,13.0,1.14,5.5,15.0,2008/9,€93.10m,€11.80m,1.15,6.0,12.0,83.3333,83.3333,87.7193,85.4701,86.9565,83.3333,16.6667,16.6667,18.1818,18.1818,16.6667,15.3846,6.6667,11.1111,6.6667,9.0909,8.3333,7.6923,H,85.0243,1.9886,16.958,1.0701,8.2602,1.6867,ScotishPremierLeague
SC0,04/10/2008,Dundee United,Inverness C,H,1.8,3.6,4.5,1.8,3.4,3.8,1.85,3.1,3.6,1.83,3.5,4.33,1.8,3.25,3.8,2008/9,€15.80m,€10.43m,1.8,3.25,4.0,55.5556,55.5556,55.5556,54.0541,55.5556,54.6448,27.7778,29.4118,30.7692,32.2581,30.7692,28.5714,22.2222,26.3158,26.3158,27.7778,25.0,23.0947,H,55.1536,0.6503,29.9262,1.6477,25.121,2.1184,ScotishPremierLeague
SC0,04/10/2008,Hearts,Kilmarnock,A,1.8,3.6,4.33,1.8,3.4,3.8,1.75,3.2,4.0,1.83,3.5,4.33,1.8,3.25,3.8,2008/9,€37.53m,€11.38m,1.8,3.3,4.0,55.5556,55.5556,55.5556,57.1429,55.5556,54.6448,27.7778,29.4118,30.7692,31.25,30.303,28.5714,23.0947,26.3158,26.3158,25.0,25.0,23.0947,H,55.6684,0.809,29.6805,1.3386,24.8035,1.4485,ScotishPremierLeague
SC0,05/10/2008,Motherwell,Falkirk,H,2.0,3.5,3.6,2.0,3.25,3.3,1.85,3.2,3.5,2.0,3.4,3.75,1.91,3.2,3.5,2008/9,€13.63m,€14.28m,2.0,3.25,3.25,50.0,50.0,52.356,54.0541,50.0,50.0,28.5714,30.7692,31.25,31.25,30.7692,29.4118,27.7778,30.303,28.5714,28.5714,30.7692,26.6667,H,51.0684,1.74,30.3369,1.0967,28.7766,1.5384,ScotishPremierLeague
SC0,05/10/2008,St Mirren,Rangers,H,8.5,5.0,1.33,7.0,5.0,1.3,7.0,4.0,1.35,11.0,4.5,1.33,8.0,4.0,1.33,2008/9,€10.28m,€94.48m,8.5,5.0,1.25,11.7647,14.2857,12.5,14.2857,11.7647,9.0909,20.0,20.0,25.0,25.0,20.0,22.2222,75.188,76.9231,75.188,74.0741,80.0,75.188,A,12.282,1.9388,22.037,2.4512,76.0935,2.1207,ScotishPremierLeague
SC0,18/10/2008,Falkirk,Aberdeen,A,2.25,3.4,3.1,2.3,3.25,2.7,2.3,3.1,2.6,2.3,3.3,3.1,2.38,3.1,2.62,2008/9,€14.28m,€19.55m,2.25,3.2,2.9,44.4444,43.4783,42.0168,43.4783,44.4444,43.4783,29.4118,30.7692,32.2581,32.2581,31.25,30.303,32.2581,37.037,38.1679,38.4615,34.4828,32.2581,H,43.5568,0.8906,31.0417,1.1206,35.4442,2.8385,ScotishPremierLeague
SC0,18/10/2008,Hamilton,St Mirren,A,2.38,3.3,3.0,2.1,3.25,3.05,2.3,3.1,2.6,2.38,3.4,2.9,2.25,3.1,2.8,2008/9,€11.80m,€10.28m,2.1,3.25,3.0,42.0168,47.619,44.4444,43.4783,47.619,42.0168,30.303,30.7692,32.2581,32.2581,30.7692,29.4118,33.3333,32.7869,35.7143,38.4615,33.3333,34.4828,H,44.5324,2.5624,30.9616,1.12,34.6854,2.1269,ScotishPremierLeague
SC0,18/10/2008,Inverness C,Celtic,A,6.5,3.8,1.53,6.25,3.85,1.45,5.0,3.7,1.5,7.0,4.0,1.5,7.0,4.0,1.36,2008/9,€10.43m,€93.10m,6.0,4.0,1.5,15.3846,16.0,14.2857,20.0,16.6667,14.2857,26.3158,25.974,25.0,27.027,25.0,25.0,65.3595,68.9655,73.5294,66.6667,66.6667,66.6667,A,16.1038,2.1277,25.7195,0.8582,67.9757,2.96,ScotishPremierLeague
SC0,18/10/2008,Kilmarnock,Motherwell,H,2.25,3.4,3.1,2.1,3.25,3.05,2.1,3.1,3.0,2.2,3.3,3.3,2.15,3.2,2.9,2008/9,€11.38m,€13.63m,2.2,3.2,2.8,44.4444,47.619,46.5116,47.619,45.4545,45.4545,29.4118,30.7692,31.25,32.2581,31.25,30.303,32.2581,32.7869,34.4828,33.3333,35.7143,30.303,H,46.1838,1.2897,30.8737,0.9668,33.1464,1.8665,ScotishPremierLeague
SC0,19/10/2008,Hibernian,Hearts,D,2.38,3.25,3.0,2.25,3.25,2.8,2.3,3.1,2.6,2.38,3.25,3.0,2.25,3.1,2.8,2008/9,€23.70m,€37.53m,2.35,3.3,2.8,42.0168,44.4444,44.4444,43.4783,42.5532,42.0168,30.7692,30.7692,32.2581,32.2581,30.303,30.7692,33.3333,35.7143,35.7143,38.4615,35.7143,33.3333,H,43.159,1.1298,31.1878,0.8485,35.3785,1.9083,ScotishPremierLeague
SC0,25/10/2008,Celtic,Hibernian,H,1.33,5.0,9.0,1.3,5.0,7.25,1.3,4.2,8.0,1.29,4.5,8.0,1.29,4.5,8.0,2008/9,€93.10m,€23.70m,1.35,4.35,7.5,75.188,76.9231,77.5194,76.9231,74.0741,77.5194,20.0,20.0,22.2222,23.8095,22.9885,22.2222,11.1111,13.7931,12.5,12.5,13.3333,12.5,H,76.3579,1.4087,21.8737,1.5655,12.6229,0.917,ScotishPremierLeague
SC0,25/10/2008,Dundee United,St Mirren,H,1.73,3.5,5.0,1.75,3.4,4.1,1.8,3.2,3.7,1.73,3.4,4.0,1.7,3.3,4.33,2008/9,€15.80m,€10.28m,1.73,3.3,4.35,57.8035,57.1429,58.8235,55.5556,57.8035,57.8035,28.5714,29.4118,30.303,31.25,30.303,29.4118,20.0,24.3902,23.0947,27.027,22.9885,25.0,H,57.4888,1.0895,29.8752,0.9365,23.7501,2.3572,ScotishPremierLeague
SC0,25/10/2008,Hamilton,Rangers,A,10.0,4.75,1.33,6.25,4.75,1.35,8.0,4.2,1.3,8.0,4.5,1.29,8.0,4.5,1.29,2008/9,€11.80m,€94.48m,8.5,4.5,1.35,10.0,16.0,12.5,12.5,11.7647,12.5,21.0526,21.0526,22.2222,23.8095,22.2222,22.2222,75.188,74.0741,77.5194,76.9231,74.0741,77.5194,A,12.5441,1.9508,22.0969,1.016,75.883,1.641,ScotishPremierLeague
SC0,25/10/2008,Hearts,Aberdeen,D,2.0,3.4,3.75,1.8,3.4,3.8,1.9,3.2,3.4,1.8,3.3,3.75,1.91,3.2,3.5,2008/9,€37.53m,€19.55m,1.9,3.3,3.6,50.0,55.5556,52.356,52.6316,52.6316,55.5556,29.4118,29.4118,31.25,31.25,30.303,30.303,26.6667,26.3158,28.5714,29.4118,27.7778,26.6667,H,53.1217,2.1288,30.3216,0.8222,27.5684,1.2364,ScotishPremierLeague
SC0,25/10/2008,Inverness C,Motherwell,A,2.4,3.4,2.8,2.3,3.25,2.7,2.3,3.1,2.6,2.25,3.2,2.75,2.25,3.2,2.75,2008/9,€10.43m,€13.63m,2.4,3.25,2.6,41.6667,43.4783,44.4444,43.4783,41.6667,44.4444,29.4118,30.7692,31.25,32.2581,30.7692,31.25,35.7143,37.037,36.3636,38.4615,38.4615,36.3636,H,43.1965,1.2613,30.9514,0.9298,37.0669,1.1584,ScotishPremierLeague
SC0,25/10/2008,Kilmarnock,Falkirk,A,2.0,3.4,3.75,1.9,3.15,3.8,2.0,3.2,3.1,1.8,3.25,3.75,1.83,3.3,3.6,2008/9,€11.38m,€14.28m,1.9,3.3,3.6,50.0,52.6316,54.6448,50.0,52.6316,55.5556,29.4118,31.746,30.303,31.25,30.303,30.7692,26.6667,26.3158,27.7778,32.2581,27.7778,26.6667,H,52.5773,2.2994,30.6305,0.8182,27.9105,2.2169,ScotishPremierLeague
SC0,01/11/2008,Aberdeen,Kilmarnock,H,2.2,3.4,3.2,2.25,3.25,2.8,2.1,3.0,3.1,2.1,3.2,3.0,2.1,3.2,3.0,2008/9,€19.55m,€11.38m,2.0,3.25,3.25,45.4545,44.4444,47.619,47.619,50.0,47.619,29.4118,30.7692,31.25,33.3333,30.7692,31.25,31.25,35.7143,33.3333,32.2581,30.7692,33.3333,H,47.126,1.948,31.1306,1.2725,32.7764,1.7821,ScotishPremierLeague
SC0,01/11/2008,Falkirk,Dundee United,D,2.4,3.3,2.88,2.35,3.25,2.65,2.5,3.0,2.5,2.4,3.25,2.5,2.4,3.1,2.6,2008/9,€14.28m,€15.80m,2.4,3.25,2.6,41.6667,42.5532,41.6667,40.0,41.6667,41.6667,30.303,30.7692,32.2581,33.3333,30.7692,30.7692,34.7222,37.7358,38.4615,40.0,38.4615,40.0,H,41.5367,0.8321,31.367,1.1717,38.2302,1.9453,ScotishPremierLeague
SC0,01/11/2008,Motherwell,Hamilton,H,1.73,3.75,4.5,1.8,3.4,3.8,1.65,3.3,4.4,1.67,3.6,4.0,1.7,3.3,4.33,2008/9,€13.63m,€11.80m,1.7,3.4,4.35,57.8035,55.5556,58.8235,60.6061,58.8235,59.8802,26.6667,29.4118,30.303,30.303,29.4118,27.7778,22.2222,26.3158,23.0947,22.7273,22.9885,25.0,H,58.5821,1.77,28.979,1.4608,23.7248,1.5831,ScotishPremierLeague
SC0,01/11/2008,Rangers,Inverness C,H,1.22,6.0,13.0,1.17,6.25,10.5,1.2,5.0,10.0,1.17,5.5,12.0,1.2,5.0,11.0,2008/9,€94.48m,€10.43m,1.2,5.5,12.0,81.9672,85.4701,83.3333,83.3333,83.3333,85.4701,16.6667,16.0,20.0,20.0,18.1818,18.1818,7.6923,9.5238,9.0909,10.0,8.3333,8.3333,H,83.8179,1.3849,18.1717,1.6533,8.8289,0.8609,ScotishPremierLeague
SC0,01/11/2008,St Mirren,Hibernian,D,2.6,3.3,2.62,2.45,3.25,2.55,2.5,3.0,2.5,2.5,3.25,2.4,2.5,3.1,2.5,2008/9,€10.28m,€23.70m,2.6,3.25,2.4,38.4615,40.8163,40.0,40.0,38.4615,40.0,30.303,30.7692,32.2581,33.3333,30.7692,30.7692,38.1679,39.2157,40.0,40.0,41.6667,41.6667,H,39.6232,0.9538,31.367,1.1717,40.1195,1.3742,ScotishPremierLeague
SC0,02/11/2008,Hearts,Celtic,A,5.5,3.5,1.67,4.8,3.6,1.6,4.4,3.3,1.65,5.0,3.5,1.57,5.5,3.5,1.53,2008/9,€37.53m,€93.10m,5.0,3.6,1.65,18.1818,20.8333,18.1818,22.7273,20.0,20.0,28.5714,27.7778,28.5714,30.303,27.7778,28.5714,59.8802,62.5,65.3595,60.6061,60.6061,63.6943,A,19.9874,1.7172,28.5955,0.9224,62.1077,2.1315,ScotishPremierLeague
SC0,04/11/2008,Rangers,Dundee United,D,1.29,5.0,11.0,1.25,5.25,8.5,1.25,4.5,9.0,1.22,5.0,10.0,1.28,5.25,11.0,2008/9,€94.48m,€15.80m,1.28,4.5,8.5,77.5194,80.0,78.125,80.0,78.125,81.9672,20.0,19.0476,19.0476,22.2222,22.2222,20.0,9.0909,11.7647,9.0909,11.1111,11.7647,10.0,H,79.2894,1.6748,20.4233,1.4571,10.4704,1.2481,ScotishPremierLeague
SC0,08/11/2008,Celtic,Motherwell,H,1.29,5.25,11.0,1.22,6.0,8.0,1.25,4.5,9.0,1.29,5.5,10.0,1.25,4.5,10.0,2008/9,€93.10m,€13.63m,1.22,5.5,10.0,77.5194,81.9672,80.0,80.0,81.9672,77.5194,19.0476,16.6667,22.2222,22.2222,18.1818,18.1818,9.0909,12.5,10.0,11.1111,10.0,10.0,H,79.8289,1.9935,19.4204,2.3018,10.4503,1.1912,ScotishPremierLeague
SC0,08/11/2008,Dundee United,Aberdeen,H,2.05,3.3,3.6,2.1,3.25,3.05,1.9,3.1,3.5,2.1,3.3,3.5,2.0,3.2,3.2,2008/9,€15.80m,€19.55m,1.85,3.3,3.75,48.7805,47.619,50.0,52.6316,54.0541,47.619,30.303,30.7692,31.25,32.2581,30.303,30.303,27.7778,32.7869,31.25,28.5714,26.6667,28.5714,H,50.1174,2.6872,30.8644,0.7805,29.2707,2.2921,ScotishPremierLeague
SC0,08/11/2008,Hamilton,Falkirk,D,2.8,3.25,2.5,2.5,3.25,2.5,2.5,3.0,2.5,2.62,3.3,2.6,2.5,3.1,2.5,2008/9,€11.80m,€14.28m,2.8,3.25,2.25,35.7143,40.0,40.0,40.0,35.7143,38.1679,30.7692,30.7692,32.2581,33.3333,30.7692,30.303,40.0,40.0,40.0,40.0,44.4444,38.4615,A,38.2661,2.1001,31.367,1.1717,40.4843,2.0353,ScotishPremierLeague
SC0,08/11/2008,Hibernian,Inverness C,A,1.67,3.6,5.5,1.65,3.5,4.55,1.65,3.3,4.4,1.73,3.5,5.0,1.62,3.5,4.5,2008/9,€23.70m,€10.43m,1.6,3.5,5.0,59.8802,60.6061,61.7284,60.6061,62.5,57.8035,27.7778,28.5714,28.5714,30.303,28.5714,28.5714,18.1818,21.978,22.2222,22.7273,20.0,20.0,H,60.5207,1.6238,28.7277,0.8345,20.8516,1.7461,ScotishPremierLeague
SC0,08/11/2008,St Mirren,Hearts,A,2.75,3.25,2.6,2.6,3.25,2.4,2.5,3.0,2.5,2.6,3.4,2.6,2.62,3.1,2.38,2008/9,€10.28m,€37.53m,2.4,3.25,2.6,36.3636,38.4615,38.1679,40.0,41.6667,38.4615,30.7692,30.7692,32.2581,33.3333,30.7692,29.4118,38.4615,41.6667,42.0168,40.0,38.4615,38.4615,A,38.8535,1.8003,31.2185,1.3728,39.8447,1.6614,ScotishPremierLeague
SC0,09/11/2008,Kilmarnock,Rangers,A,7.5,4.2,1.44,6.25,3.8,1.45,5.0,3.7,1.5,7.0,3.75,1.53,6.0,3.75,1.44,2008/9,€11.38m,€94.48m,7.5,4.2,1.45,13.3333,16.0,16.6667,20.0,13.3333,14.2857,23.8095,26.3158,26.6667,27.027,23.8095,26.6667,69.4444,68.9655,69.4444,66.6667,68.9655,65.3595,A,15.6032,2.5558,25.7159,1.4937,68.141,1.7128,ScotishPremierLeague
SC0,11/11/2008,Aberdeen,St Mirren,H,1.73,3.5,5.0,1.75,3.4,4.1,1.7,3.2,4.2,1.8,3.5,4.5,1.7,3.3,4.33,2008/9,€19.55m,€10.28m,1.7,3.4,4.5,57.8035,57.1429,58.8235,58.8235,58.8235,55.5556,28.5714,29.4118,30.303,31.25,29.4118,28.5714,20.0,24.3902,23.0947,23.8095,22.2222,22.2222,H,57.8287,1.312,29.5866,1.0395,22.6231,1.5463,ScotishPremierLeague
SC0,12/11/2008,Celtic,Kilmarnock,H,1.2,6.0,15.0,1.2,6.0,9.0,1.17,5.5,11.0,1.2,5.0,11.0,1.2,5.0,11.0,2008/9,€93.10m,€11.38m,1.2,5.5,11.0,83.3333,83.3333,83.3333,85.4701,83.3333,83.3333,16.6667,16.6667,20.0,18.1818,18.1818,20.0,6.6667,11.1111,9.0909,9.0909,9.0909,9.0909,H,83.6894,0.8723,18.2828,1.4927,9.0236,1.4093,ScotishPremierLeague
SC0,12/11/2008,Dundee United,Hibernian,H,1.91,3.4,4.0,2.05,3.3,3.1,2.0,3.1,3.2,1.73,3.4,4.0,1.91,3.2,3.5,2008/9,€15.80m,€23.70m,1.85,3.3,3.6,52.356,48.7805,52.356,50.0,54.0541,57.8035,29.4118,30.303,31.25,32.2581,30.303,29.4118,25.0,32.2581,28.5714,31.25,27.7778,25.0,H,52.5584,3.1827,30.4896,1.1044,28.3096,3.0494,ScotishPremierLeague
SC0,12/11/2008,Hearts,Hamilton,H,1.57,4.0,6.5,1.55,3.6,5.4,1.5,3.7,5.0,1.44,3.75,6.0,1.5,3.4,6.0,2008/9,€37.53m,€11.80m,1.5,3.6,6.0,63.6943,64.5161,66.6667,66.6667,66.6667,69.4444,25.0,27.7778,29.4118,27.027,27.7778,26.6667,15.3846,18.5185,16.6667,20.0,16.6667,16.6667,H,66.2758,2.0129,27.2768,1.4614,17.3172,1.652,ScotishPremierLeague
SC0,12/11/2008,Inverness C,Falkirk,D,2.38,3.2,3.0,2.3,3.25,2.75,2.2,3.1,2.8,2.2,3.25,2.75,2.2,3.2,2.8,2008/9,€10.43m,€14.28m,2.3,3.25,2.75,42.0168,43.4783,45.4545,45.4545,43.4783,45.4545,31.25,30.7692,31.25,32.2581,30.7692,30.7692,33.3333,36.3636,35.7143,35.7143,36.3636,36.3636,H,44.2228,1.4509,31.1776,0.5794,35.6421,1.175,ScotishPremierLeague
SC0,12/11/2008,Motherwell,Rangers,D,6.5,4.0,1.53,5.5,3.8,1.5,5.0,3.7,1.5,5.5,3.6,1.5,5.5,3.6,1.5,2008/9,€13.63m,€94.48m,5.5,3.75,1.5,15.3846,18.1818,18.1818,20.0,18.1818,18.1818,25.0,26.3158,27.7778,27.027,26.6667,27.7778,65.3595,66.6667,66.6667,66.6667,66.6667,66.6667,A,18.0186,1.4812,26.7608,1.0437,66.4488,0.5337,ScotishPremierLeague
SC0,15/11/2008,Falkirk,Motherwell,H,2.4,3.5,2.75,2.45,3.25,2.55,2.3,3.0,2.7,2.25,3.2,2.75,2.4,3.1,2.6,2008/9,€14.28m,€13.63m,2.35,3.25,2.6,41.6667,40.8163,41.6667,43.4783,42.5532,44.4444,28.5714,30.7692,32.2581,33.3333,30.7692,31.25,36.3636,39.2157,38.4615,37.037,38.4615,36.3636,H,42.4376,1.3372,31.1585,1.6089,37.6505,1.221,ScotishPremierLeague
SC0,15/11/2008,Hibernian,Aberdeen,D,2.3,3.4,3.0,2.25,3.2,2.8,2.2,3.0,2.9,2.1,3.2,3.0,2.2,3.2,2.8,2008/9,€23.70m,€19.55m,2.25,3.25,2.75,43.4783,44.4444,45.4545,45.4545,44.4444,47.619,29.4118,31.25,31.25,33.3333,30.7692,31.25,33.3333,35.7143,35.7143,34.4828,36.3636,33.3333,H,45.1492,1.4193,31.2107,1.2602,34.8236,1.3051,ScotishPremierLeague
SC0,15/11/2008,Inverness C,Hearts,A,2.6,3.4,2.6,2.45,3.25,2.55,2.6,3.0,2.4,2.6,3.2,2.38,2.6,3.1,2.4,2008/9,€10.43m,€37.53m,2.65,3.25,2.4,38.4615,40.8163,38.4615,38.4615,37.7358,38.4615,29.4118,30.7692,32.2581,33.3333,30.7692,31.25,38.4615,39.2157,41.6667,41.6667,41.6667,42.0168,A,38.733,1.0611,31.2986,1.3553,40.7824,1.5304,ScotishPremierLeague
SC0,15/11/2008,Kilmarnock,Dundee United,H,2.9,3.4,2.38,2.5,3.2,2.5,2.7,3.0,2.3,2.5,3.25,2.4,2.8,3.2,2.2,2008/9,€11.38m,€15.80m,2.5,3.25,2.5,34.4828,40.0,35.7143,37.037,40.0,40.0,29.4118,31.25,31.25,33.3333,30.7692,30.7692,42.0168,40.0,45.4545,43.4783,40.0,41.6667,A,37.8724,2.4668,31.1306,1.2725,42.1027,2.1056,ScotishPremierLeague
SC0,15/11/2008,Rangers,St Mirren,H,1.17,7.0,15.0,1.15,6.5,12.0,1.17,5.5,11.0,1.17,5.5,12.0,1.17,5.5,12.0,2008/9,€94.48m,€10.28m,1.15,6.0,11.0,85.4701,86.9565,85.4701,85.4701,86.9565,85.4701,14.2857,15.3846,18.1818,18.1818,16.6667,18.1818,6.6667,8.3333,8.3333,9.0909,9.0909,8.3333,H,85.9656,0.7676,16.8137,1.6775,8.3081,0.8856,ScotishPremierLeague
SC0,16/11/2008,Hamilton,Celtic,A,11.0,5.25,1.29,8.0,5.5,1.25,8.0,4.2,1.3,10.0,5.0,1.22,8.5,4.8,1.25,2008/9,€11.80m,€93.10m,10.0,5.0,1.25,9.0909,12.5,11.7647,12.5,10.0,10.0,19.0476,18.1818,20.8333,23.8095,20.0,20.0,77.5194,80.0,80.0,76.9231,80.0,81.9672,A,10.9759,1.4646,20.312,1.9409,79.4016,1.8624,ScotishPremierLeague
SC0,22/11/2008,Dundee United,Hamilton,D,1.53,4.0,7.0,1.45,3.8,6.25,1.45,3.8,5.4,1.5,4.0,7.0,1.5,3.6,6.25,2008/9,€15.80m,€11.80m,1.45,4.0,7.0,65.3595,68.9655,66.6667,68.9655,68.9655,66.6667,25.0,26.3158,27.7778,26.3158,25.0,25.0,14.2857,16.0,16.0,18.5185,14.2857,14.2857,H,67.5982,1.572,25.9016,1.1227,15.5626,1.674,ScotishPremierLeague
SC0,22/11/2008,Hearts,Falkirk,H,1.91,3.4,4.0,1.7,3.4,4.4,1.7,3.2,4.2,1.8,3.5,4.5,1.75,3.4,4.2,2008/9,€37.53m,€14.28m,1.85,3.4,4.0,52.356,58.8235,57.1429,58.8235,54.0541,55.5556,29.4118,29.4118,29.4118,31.25,29.4118,28.5714,25.0,22.7273,23.8095,23.8095,25.0,22.2222,H,56.1259,2.6237,29.5781,0.8854,23.7614,1.1412,ScotishPremierLeague
SC0,22/11/2008,Kilmarnock,Inverness C,A,2.0,3.4,3.75,1.9,3.3,3.6,2.0,3.1,3.2,1.91,3.4,4.0,1.9,3.25,3.75,2008/9,€11.38m,€10.43m,1.9,3.4,3.75,50.0,52.6316,52.6316,50.0,52.6316,52.356,29.4118,30.303,30.7692,32.2581,29.4118,29.4118,26.6667,27.7778,26.6667,31.25,26.6667,25.0,H,51.7085,1.3277,30.261,1.1324,27.338,2.1126,ScotishPremierLeague
SC0,22/11/2008,Motherwell,Hibernian,A,2.1,3.3,3.5,2.1,3.25,3.05,2.1,3.0,3.1,2.1,3.3,3.5,2.15,3.2,3.1,2008/9,€13.63m,€23.70m,2.1,3.25,3.4,47.619,47.619,46.5116,47.619,47.619,47.619,30.303,30.7692,31.25,33.3333,30.7692,30.303,28.5714,32.7869,32.2581,32.2581,29.4118,28.5714,H,47.4344,0.4521,31.1213,1.1399,30.643,1.9956,ScotishPremierLeague
SC0,22/11/2008,Rangers,Aberdeen,H,1.33,5.0,9.0,1.3,5.0,7.0,1.3,4.2,8.0,1.33,5.0,9.0,1.3,4.5,9.0,2008/9,€94.48m,€19.55m,1.3,5.0,9.0,75.188,76.9231,76.9231,76.9231,76.9231,75.188,20.0,20.0,22.2222,23.8095,20.0,20.0,11.1111,14.2857,11.1111,12.5,11.1111,11.1111,H,76.3447,0.896,21.0053,1.6363,11.8717,1.3066,ScotishPremierLeague
SC0,22/11/2008,St Mirren,Celtic,A,10.0,4.75,1.33,7.0,5.0,1.3,8.0,4.2,1.3,11.0,5.0,1.3,9.0,4.5,1.3,2008/9,€10.28m,€93.10m,9.5,5.0,1.3,10.0,14.2857,11.1111,12.5,10.5263,9.0909,21.0526,20.0,22.2222,23.8095,20.0,20.0,75.188,76.9231,76.9231,76.9231,76.9231,76.9231,A,11.2523,1.8732,21.1807,1.5617,76.6339,0.7084,ScotishPremierLeague
SC0,29/11/2008,Aberdeen,Motherwell,H,2.1,3.4,3.4,2.05,3.25,3.15,2.0,3.1,3.2,1.91,3.25,3.4,2.0,3.2,3.2,2008/9,€19.55m,€13.63m,2.0,3.25,3.25,47.619,48.7805,50.0,50.0,50.0,52.356,29.4118,30.7692,31.25,32.2581,30.7692,30.7692,29.4118,31.746,31.25,31.25,30.7692,29.4118,H,49.7926,1.5779,30.8713,0.9196,30.6398,1.0001,ScotishPremierLeague
SC0,29/11/2008,Celtic,Inverness C,H,1.2,6.0,13.0,1.17,6.5,10.0,1.2,5.0,10.0,1.17,5.5,12.0,1.17,5.5,12.0,2008/9,€93.10m,€10.43m,1.17,6.0,11.0,83.3333,85.4701,85.4701,83.3333,85.4701,85.4701,16.6667,15.3846,18.1818,20.0,16.6667,18.1818,7.6923,10.0,8.3333,10.0,9.0909,8.3333,H,84.7578,1.1034,17.5136,1.6151,8.9083,0.9547,ScotishPremierLeague
SC0,29/11/2008,Falkirk,Hibernian,D,2.38,3.4,2.88,2.4,3.25,2.6,2.4,3.0,2.6,2.38,3.2,2.6,2.3,3.2,2.62,2008/9,€14.28m,€23.70m,2.3,3.2,2.75,42.0168,41.6667,43.4783,41.6667,43.4783,42.0168,29.4118,30.7692,31.25,33.3333,31.25,31.25,34.7222,38.4615,38.1679,38.4615,36.3636,38.4615,H,42.3873,0.8595,31.2107,1.2602,37.4397,1.5624,ScotishPremierLeague
SC0,29/11/2008,Hamilton,Kilmarnock,H,2.6,3.3,2.6,2.6,3.25,2.4,2.5,3.1,2.4,2.6,3.25,2.3,2.5,3.1,2.5,2008/9,€11.80m,€11.38m,2.5,3.25,2.5,38.4615,38.4615,40.0,40.0,40.0,38.4615,30.303,30.7692,32.2581,32.2581,30.7692,30.7692,38.4615,41.6667,40.0,41.6667,40.0,43.4783,A,39.2308,0.8427,31.1878,0.8485,40.8789,1.7542,ScotishPremierLeague
SC0,29/11/2008,Hearts,Rangers,H,5.25,3.6,1.67,5.0,3.5,1.6,4.2,3.2,1.7,4.5,3.5,1.62,5.0,3.5,1.57,2008/9,€37.53m,€94.48m,4.5,3.5,1.65,19.0476,20.0,20.0,23.8095,22.2222,22.2222,27.7778,28.5714,28.5714,31.25,28.5714,28.5714,59.8802,62.5,63.6943,58.8235,60.6061,61.7284,A,21.2169,1.8117,28.8856,1.201,61.2054,1.7851,ScotishPremierLeague
SC0,29/11/2008,St Mirren,Dundee United,A,2.88,3.4,2.38,2.6,3.25,2.4,2.6,3.1,2.3,2.5,3.5,2.25,2.62,3.2,2.3,2008/9,€10.28m,€15.80m,2.7,3.2,2.35,34.7222,38.4615,38.1679,38.4615,37.037,40.0,29.4118,30.7692,31.25,32.2581,31.25,28.5714,42.0168,41.6667,43.4783,43.4783,42.5532,44.4444,A,37.8084,1.7835,30.5851,1.3527,42.9396,1.0456,ScotishPremierLeague
SC0,06/12/2008,Falkirk,St Mirren,A,1.83,3.5,4.33,1.85,3.35,3.7,1.8,3.2,3.7,1.83,3.5,4.33,1.83,3.2,3.75,2008/9,€14.28m,€10.28m,1.85,3.3,4.0,54.6448,54.0541,54.6448,55.5556,54.0541,54.6448,28.5714,29.8507,31.25,31.25,30.303,28.5714,23.0947,27.027,26.6667,27.027,25.0,23.0947,H,54.5997,0.5505,29.9661,1.2095,25.3184,1.8787,ScotishPremierLeague
SC0,06/12/2008,Inverness C,Dundee United,A,2.8,3.4,2.4,2.6,3.25,2.4,2.6,3.0,2.4,2.88,3.4,2.38,2.62,3.2,2.3,2008/9,€10.43m,€15.80m,2.7,3.25,2.4,35.7143,38.4615,38.1679,38.4615,37.037,34.7222,29.4118,30.7692,31.25,33.3333,30.7692,29.4118,41.6667,41.6667,43.4783,41.6667,41.6667,42.0168,A,37.0941,1.5764,30.8242,1.4473,42.027,0.7247,ScotishPremierLeague
SC0,06/12/2008,Rangers,Hamilton,H,1.2,6.0,15.0,1.2,6.0,9.0,1.17,5.5,11.0,1.2,6.0,15.0,1.14,5.5,15.0,2008/9,€94.48m,€11.80m,1.18,6.5,12.0,83.3333,83.3333,87.7193,85.4701,84.7458,83.3333,16.6667,16.6667,18.1818,18.1818,15.3846,16.6667,6.6667,11.1111,6.6667,9.0909,8.3333,6.6667,H,84.6558,1.7495,16.958,1.0701,8.0892,1.8036,ScotishPremierLeague
SC0,07/12/2008,Hibernian,Celtic,H,5.5,4.0,1.57,5.65,3.75,1.5,4.8,3.5,1.55,6.0,3.75,1.57,5.5,3.5,1.53,2008/9,€23.70m,€93.10m,6.0,3.6,1.55,18.1818,17.6991,18.1818,20.8333,16.6667,16.6667,25.0,26.6667,28.5714,28.5714,27.7778,26.6667,63.6943,66.6667,65.3595,64.5161,64.5161,63.6943,A,18.0382,1.5317,27.209,1.3787,64.7412,1.1299,ScotishPremierLeague
SC0,13/12/2008,Aberdeen,Falkirk,H,1.91,3.3,4.2,1.75,3.4,4.1,1.75,3.3,3.8,1.8,3.5,4.5,1.8,3.3,3.75,2008/9,€19.55m,€14.28m,1.9,3.4,4.0,52.356,57.1429,55.5556,57.1429,52.6316,55.5556,30.303,29.4118,30.303,30.303,29.4118,28.5714,23.8095,24.3902,26.6667,26.3158,25.0,22.2222,H,55.0641,2.1155,29.7173,0.7112,24.7341,1.6486,ScotishPremierLeague
SC0,13/12/2008,Celtic,Hearts,D,1.33,5.0,8.5,1.35,4.5,6.8,1.35,4.0,7.0,1.4,4.5,8.0,1.33,4.0,8.0,2008/9,€93.10m,€37.53m,1.33,5.0,9.0,75.188,74.0741,75.188,74.0741,75.188,71.4286,20.0,22.2222,25.0,25.0,20.0,22.2222,11.7647,14.7059,12.5,14.2857,11.1111,12.5,H,74.1901,1.4588,22.4074,2.2407,12.8112,1.4102,ScotishPremierLeague
SC0,13/12/2008,Dundee United,Rangers,D,5.0,3.5,1.73,4.6,3.45,1.65,3.8,3.3,1.75,4.5,3.5,1.8,4.2,3.25,1.73,2008/9,€15.80m,€94.48m,4.5,3.5,1.75,20.0,21.7391,23.8095,26.3158,22.2222,22.2222,28.5714,28.9855,30.7692,30.303,28.5714,28.5714,57.8035,60.6061,57.8035,57.1429,57.1429,55.5556,A,22.7181,2.1435,29.2953,0.9855,57.6757,1.6542,ScotishPremierLeague
SC0,13/12/2008,Hibernian,Hamilton,H,1.53,4.0,6.0,1.5,3.75,5.6,1.5,3.7,5.0,1.57,3.75,6.0,1.5,3.6,5.5,2008/9,€23.70m,€11.80m,1.55,3.75,6.0,65.3595,66.6667,66.6667,66.6667,64.5161,63.6943,25.0,26.6667,27.7778,27.027,26.6667,26.6667,16.6667,17.8571,18.1818,20.0,16.6667,16.6667,H,65.595,1.2867,26.6342,0.9095,17.6732,1.3225,ScotishPremierLeague
SC0,13/12/2008,St Mirren,Inverness C,H,2.4,3.5,2.75,2.3,3.25,2.7,2.3,3.1,2.6,2.3,3.4,3.0,2.25,3.2,2.75,2008/9,€10.28m,€10.43m,2.3,3.4,2.8,41.6667,43.4783,44.4444,43.4783,43.4783,43.4783,28.5714,30.7692,31.25,32.2581,29.4118,29.4118,36.3636,37.037,36.3636,38.4615,35.7143,33.3333,H,43.3374,0.9051,30.2787,1.3799,36.2122,1.6924,ScotishPremierLeague
SC0,15/12/2008,Motherwell,Kilmarnock,A,2.2,3.3,3.3,2.1,3.25,3.05,2.1,3.1,3.0,2.25,3.3,3.2,2.1,3.2,3.0,2008/9,€13.63m,€11.38m,2.1,3.3,3.3,45.4545,47.619,47.619,47.619,47.619,44.4444,30.303,30.7692,31.25,32.2581,30.303,30.303,30.303,32.7869,33.3333,33.3333,30.303,31.25,H,46.7292,1.4151,30.8644,0.7805,31.8849,1.4434,ScotishPremierLeague
SC0,20/12/2008,Hamilton,Motherwell,H,2.7,3.4,2.5,2.5,3.25,2.5,2.4,3.1,2.5,2.62,3.3,2.62,2.5,3.1,2.5,2008/9,€11.80m,€13.63m,2.7,3.2,2.4,37.037,40.0,40.0,41.6667,37.037,38.1679,29.4118,30.7692,32.2581,32.2581,31.25,30.303,40.0,40.0,40.0,40.0,41.6667,38.1679,A,38.9848,1.8713,31.0417,1.1206,39.9724,1.1072,ScotishPremierLeague
SC0,20/12/2008,Hearts,Dundee United,D,2.2,3.3,3.3,2.0,3.25,3.3,2.1,3.1,3.0,2.2,3.3,3.3,2.1,3.2,3.0,2008/9,€37.53m,€15.80m,2.1,3.25,3.2,45.4545,50.0,47.619,47.619,47.619,45.4545,30.303,30.7692,31.25,32.2581,30.7692,30.303,30.303,30.303,33.3333,33.3333,31.25,30.303,H,47.2943,1.6975,30.9421,0.7353,31.4709,1.4885,ScotishPremierLeague
SC0,20/12/2008,Inverness C,Aberdeen,A,2.75,3.4,2.5,2.5,3.25,2.5,2.6,3.1,2.3,2.8,3.3,2.5,2.5,3.1,2.5,2008/9,€10.43m,€19.55m,2.7,3.2,2.4,36.3636,40.0,40.0,38.4615,37.037,35.7143,29.4118,30.7692,32.2581,32.2581,31.25,30.303,40.0,40.0,40.0,43.4783,41.6667,40.0,A,37.9294,1.8446,31.0417,1.1206,40.8575,1.4467,ScotishPremierLeague
SC0,20/12/2008,Kilmarnock,St Mirren,A,1.9,3.4,4.0,1.9,3.3,3.6,1.9,3.2,3.4,1.91,3.4,4.0,1.91,3.25,3.4,2008/9,€11.38m,€10.28m,1.9,3.3,3.75,52.6316,52.6316,52.356,52.6316,52.6316,52.356,29.4118,30.303,30.7692,31.25,30.303,29.4118,25.0,27.7778,29.4118,29.4118,26.6667,25.0,H,52.5397,0.1423,30.2415,0.7321,27.2114,2.0041,ScotishPremierLeague
SC0,20/12/2008,Rangers,Hibernian,H,1.33,5.0,9.0,1.3,5.0,7.0,1.33,4.2,8.0,1.36,4.5,9.0,1.33,4.0,8.0,2008/9,€94.48m,€23.70m,1.33,4.35,8.5,75.188,76.9231,75.188,75.188,75.188,73.5294,20.0,20.0,25.0,23.8095,22.9885,22.2222,11.1111,14.2857,12.5,12.5,11.7647,11.1111,H,75.2008,1.0734,22.3367,2.0308,12.2121,1.1908,ScotishPremierLeague
SC0,21/12/2008,Falkirk,Celtic,A,8.0,4.5,1.4,6.8,4.5,1.35,7.0,4.0,1.35,8.5,4.0,1.44,7.0,4.0,1.36,2008/9,€14.28m,€93.10m,7.5,3.75,1.4,12.5,14.7059,14.2857,14.2857,13.3333,11.7647,22.2222,22.2222,25.0,25.0,26.6667,25.0,71.4286,74.0741,73.5294,74.0741,71.4286,69.4444,A,13.4792,1.1598,24.3518,1.7714,72.3299,1.8694,ScotishPremierLeague
SC0,27/12/2008,Aberdeen,Hearts,H,2.3,3.5,2.87,2.35,3.25,2.65,2.3,3.0,2.7,2.25,3.2,2.75,2.25,3.4,3.1,2008/9,€19.55m,€37.53m,2.35,3.25,2.7,43.4783,42.5532,44.4444,43.4783,42.5532,44.4444,28.5714,30.7692,29.4118,33.3333,30.7692,31.25,34.8432,37.7358,32.2581,37.037,37.037,36.3636,H,43.492,0.8458,30.6842,1.6392,35.8791,2.0272,ScotishPremierLeague
SC0,27/12/2008,Dundee United,Falkirk,H,1.72,3.6,5.0,1.6,3.6,4.75,1.6,3.4,4.6,1.57,3.5,5.0,1.73,3.5,5.0,2008/9,€15.80m,€14.28m,1.62,3.6,5.0,58.1395,62.5,57.8035,62.5,61.7284,63.6943,27.7778,27.7778,28.5714,29.4118,27.7778,28.5714,20.0,21.0526,20.0,21.7391,20.0,20.0,H,61.061,2.4766,28.3147,0.6634,20.4653,0.7528,ScotishPremierLeague
SC0,27/12/2008,Hibernian,Kilmarnock,A,1.8,3.5,4.5,1.8,3.35,3.9,1.75,3.2,4.0,1.73,3.4,4.0,1.85,3.5,4.2,2008/9,€23.70m,€11.38m,1.75,3.3,4.35,55.5556,55.5556,54.0541,57.1429,57.1429,57.8035,28.5714,29.8507,28.5714,31.25,30.303,29.4118,22.2222,25.641,23.8095,25.0,22.9885,25.0,H,56.2091,1.3989,29.6597,1.0402,24.1102,1.3297,ScotishPremierLeague
SC0,27/12/2008,Motherwell,Inverness C,H,1.9,3.5,3.8,2.0,3.25,3.3,1.9,3.1,3.5,2.0,3.5,3.0,1.95,3.3,4.0,2008/9,€13.63m,€10.43m,2.0,3.25,3.4,52.6316,50.0,51.2821,52.6316,50.0,50.0,28.5714,30.7692,30.303,32.2581,30.7692,28.5714,26.3158,30.303,25.0,28.5714,29.4118,33.3333,H,51.0909,1.2926,30.2071,1.4282,28.8225,2.9612,ScotishPremierLeague
SC0,27/12/2008,Rangers,Celtic,A,2.3,3.3,3.1,2.35,3.25,2.65,2.3,3.1,2.8,2.25,3.0,2.88,2.3,3.2,3.2,2008/9,€94.48m,€93.10m,2.25,3.2,2.88,43.4783,42.5532,43.4783,43.4783,44.4444,44.4444,30.303,30.7692,31.25,32.2581,31.25,33.3333,32.2581,37.7358,31.25,35.7143,34.7222,34.7222,H,43.6462,0.7146,31.5273,1.0976,34.4004,2.3483,ScotishPremierLeague
SC0,27/12/2008,St Mirren,Hamilton,H,1.9,3.4,4.2,1.9,3.3,3.6,1.85,3.1,3.6,1.83,3.3,3.6,1.91,3.4,4.0,2008/9,€10.28m,€11.80m,1.83,3.3,4.0,52.6316,52.6316,52.356,54.0541,54.6448,54.6448,29.4118,30.303,29.4118,32.2581,30.303,30.303,23.8095,27.7778,25.0,27.7778,25.0,27.7778,H,53.4938,1.0719,30.3318,1.0398,26.1905,1.7923,ScotishPremierLeague
SC0,03/01/2009,Celtic,Dundee United,D,1.36,4.5,9.0,1.35,4.25,8.0,1.3,4.2,8.0,1.36,4.5,9.0,1.4,4.33,8.5,2008/9,€93.10m,€15.80m,1.35,4.35,7.0,73.5294,74.0741,71.4286,76.9231,74.0741,73.5294,22.2222,23.5294,23.0947,23.8095,22.9885,22.2222,11.1111,12.5,11.7647,12.5,14.2857,11.1111,H,73.9264,1.7651,22.9778,0.656,12.2121,1.1908,ScotishPremierLeague
SC0,03/01/2009,Falkirk,Kilmarnock,D,2.5,3.25,2.87,2.3,3.2,2.8,2.5,3.0,2.5,2.4,3.3,2.88,2.5,3.3,2.8,2008/9,€14.28m,€11.38m,2.35,3.25,2.65,40.0,43.4783,40.0,40.0,42.5532,41.6667,30.7692,31.25,30.303,33.3333,30.7692,30.303,34.8432,35.7143,35.7143,40.0,37.7358,34.7222,H,41.283,1.5178,31.1213,1.1399,36.455,2.0448,ScotishPremierLeague
SC0,03/01/2009,Hamilton,Aberdeen,H,3.5,3.3,2.1,3.3,3.2,2.05,3.0,3.1,2.1,3.2,3.4,2.2,3.4,3.3,2.15,2008/9,€11.80m,€19.55m,3.25,3.25,2.0,28.5714,30.303,29.4118,33.3333,30.7692,31.25,30.303,31.25,30.303,32.2581,30.7692,29.4118,47.619,48.7805,46.5116,47.619,50.0,45.4545,A,30.6065,1.6454,30.7158,0.9704,47.6641,1.6073,ScotishPremierLeague
SC0,03/01/2009,Hearts,Hibernian,D,2.0,3.4,3.75,1.9,3.25,3.75,2.0,3.1,3.2,2.0,3.4,3.75,2.05,3.2,3.8,2008/9,€37.53m,€23.70m,2.0,3.3,3.6,50.0,52.6316,48.7805,50.0,50.0,50.0,29.4118,30.7692,31.25,32.2581,30.303,29.4118,26.6667,26.6667,26.3158,31.25,27.7778,26.6667,H,50.2354,1.2712,30.5673,1.1051,27.5573,1.8765,ScotishPremierLeague
SC0,03/01/2009,St Mirren,Motherwell,D,2.3,3.25,3.1,2.1,3.2,3.2,2.0,3.1,3.2,2.2,3.3,3.3,2.4,3.3,2.9,2008/9,€10.28m,€13.63m,2.25,3.25,2.9,43.4783,47.619,41.6667,50.0,44.4444,45.4545,30.7692,31.25,30.303,32.2581,30.7692,30.303,32.2581,31.25,34.4828,31.25,34.4828,30.303,H,45.4438,2.9873,30.9421,0.7353,32.3378,1.7729,ScotishPremierLeague
SC0,04/01/2009,Inverness C,Rangers,A,9.0,4.5,1.36,8.0,4.25,1.35,7.0,4.0,1.37,8.0,4.5,1.4,8.5,4.33,1.4,2008/9,€10.43m,€94.48m,7.0,4.35,1.35,11.1111,12.5,11.7647,14.2857,14.2857,12.5,22.2222,23.5294,23.0947,25.0,22.9885,22.2222,73.5294,74.0741,71.4286,72.9927,74.0741,71.4286,A,12.7412,1.3037,23.1762,1.0308,72.9212,1.2239,ScotishPremierLeague
SC0,07/01/2009,Motherwell,Hearts,H,2.5,3.25,2.62,2.55,3.25,2.45,2.6,3.0,2.4,2.75,3.25,2.2,2.5,3.1,2.5,2008/9,€13.63m,€37.53m,2.5,3.25,2.65,40.0,39.2157,40.0,38.4615,40.0,36.3636,30.7692,30.7692,32.2581,33.3333,30.7692,30.7692,38.1679,40.8163,40.0,41.6667,37.7358,45.4545,H,39.0068,1.4344,31.4447,1.1003,40.6402,2.8007,ScotishPremierLeague
SC0,13/01/2009,Kilmarnock,Aberdeen,A,2.4,3.3,2.9,2.4,3.25,2.6,2.4,3.0,2.6,2.4,3.25,2.5,2.5,3.1,2.5,2008/9,€11.38m,€19.55m,2.25,3.25,2.8,41.6667,41.6667,40.0,41.6667,44.4444,41.6667,30.303,30.7692,32.2581,33.3333,30.7692,30.7692,34.4828,38.4615,40.0,38.4615,35.7143,40.0,H,41.8519,1.4344,31.367,1.1717,37.8534,2.2756,ScotishPremierLeague
SC0,17/01/2009,Hamilton,Inverness C,H,2.2,3.5,3.1,2.1,3.25,3.05,2.0,3.1,3.2,2.1,3.5,3.3,2.1,3.2,3.0,2008/9,€11.80m,€10.43m,2.2,3.3,3.1,45.4545,47.619,47.619,50.0,45.4545,47.619,28.5714,30.7692,31.25,32.2581,30.303,28.5714,32.2581,32.7869,33.3333,31.25,32.2581,30.303,H,47.2943,1.6975,30.2872,1.4786,32.0316,1.0924,ScotishPremierLeague
SC0,17/01/2009,Hibernian,St Mirren,H,1.91,3.4,4.0,1.8,3.35,3.9,1.85,3.1,3.6,1.83,3.5,4.33,1.8,3.25,3.8,2008/9,€23.70m,€10.28m,1.85,3.3,4.0,52.356,55.5556,55.5556,54.0541,54.0541,54.6448,29.4118,29.8507,30.7692,32.2581,30.303,28.5714,25.0,25.641,26.3158,27.7778,25.0,23.0947,H,54.37,1.1952,30.194,1.2622,25.4715,1.5591,ScotishPremierLeague
SC0,17/01/2009,Kilmarnock,Hearts,A,2.6,3.3,2.62,2.45,3.25,2.55,2.5,3.0,2.5,2.62,3.25,2.62,2.5,3.1,2.5,2008/9,€11.38m,€37.53m,2.6,3.25,2.5,38.4615,40.8163,40.0,40.0,38.4615,38.1679,30.303,30.7692,32.2581,33.3333,30.7692,30.7692,38.1679,39.2157,40.0,40.0,40.0,38.1679,H,39.3179,1.0923,31.367,1.1717,39.2586,0.8978,ScotishPremierLeague
SC0,17/01/2009,Rangers,Falkirk,H,1.2,6.0,16.0,1.17,6.5,10.0,1.2,5.0,10.0,1.2,6.0,15.0,1.17,5.5,12.0,2008/9,€94.48m,€14.28m,1.2,6.0,12.0,83.3333,85.4701,85.4701,83.3333,83.3333,83.3333,16.6667,15.3846,18.1818,20.0,16.6667,16.6667,6.25,10.0,8.3333,10.0,8.3333,6.6667,H,84.0456,1.1034,17.2611,1.6081,8.2639,1.5903,ScotishPremierLeague
SC0,18/01/2009,Aberdeen,Celtic,H,5.5,3.5,1.67,5.0,3.5,1.6,4.6,3.4,1.6,5.5,3.5,1.67,5.0,3.5,1.57,2008/9,€19.55m,€93.10m,5.0,3.6,1.65,18.1818,20.0,20.0,21.7391,20.0,18.1818,28.5714,28.5714,28.5714,29.4118,27.7778,28.5714,59.8802,62.5,63.6943,62.5,60.6061,59.8802,A,19.6838,1.3443,28.5792,0.5169,61.5101,1.6038,ScotishPremierLeague
SC0,18/01/2009,Dundee United,Motherwell,A,1.67,3.5,5.5,1.7,3.4,4.4,1.7,3.2,4.2,1.67,3.5,5.5,1.67,3.4,4.33,2008/9,€15.80m,€13.63m,1.72,3.5,4.6,59.8802,58.8235,59.8802,58.8235,58.1395,59.8802,28.5714,29.4118,29.4118,31.25,28.5714,28.5714,18.1818,22.7273,23.0947,23.8095,21.7391,18.1818,H,59.2378,0.7467,29.298,1.0412,21.289,2.4978,ScotishPremierLeague
SC0,24/01/2009,Aberdeen,Rangers,D,4.2,3.75,1.8,3.9,3.35,1.8,4.0,3.2,1.75,4.33,3.5,1.83,4.33,3.4,1.67,2008/9,€19.55m,€94.48m,4.35,3.4,1.8,23.8095,25.641,23.0947,25.0,22.9885,23.0947,26.6667,29.8507,29.4118,31.25,29.4118,28.5714,55.5556,55.5556,59.8802,57.1429,55.5556,54.6448,A,23.9381,1.1286,29.1937,1.5184,56.3891,1.8912,ScotishPremierLeague
SC0,24/01/2009,Celtic,Hibernian,H,1.33,5.0,9.0,1.3,5.0,7.0,1.3,4.2,8.0,1.33,5.0,9.0,1.29,4.5,8.0,2008/9,€93.10m,€23.70m,1.3,4.5,10.0,75.188,76.9231,77.5194,76.9231,76.9231,75.188,20.0,20.0,22.2222,23.8095,22.2222,20.0,11.1111,14.2857,12.5,12.5,10.0,11.1111,H,76.4441,1.0,21.3756,1.6146,11.918,1.501,ScotishPremierLeague
SC0,24/01/2009,Dundee United,St Mirren,H,1.72,3.5,5.0,1.65,3.5,4.5,1.65,3.3,4.4,1.73,3.5,5.0,1.67,3.4,4.33,2008/9,€15.80m,€10.28m,1.7,3.6,4.8,58.1395,60.6061,59.8802,60.6061,58.8235,57.8035,28.5714,28.5714,29.4118,30.303,27.7778,28.5714,20.0,22.2222,23.0947,22.7273,20.8333,20.0,H,59.3098,1.2297,28.8678,0.8726,21.4796,1.3793,ScotishPremierLeague
SC0,24/01/2009,Hearts,Inverness C,H,1.57,3.8,6.0,1.5,3.7,5.75,1.45,3.8,5.4,1.5,4.2,6.0,1.53,3.5,5.5,2008/9,€37.53m,€10.43m,1.53,3.6,6.5,63.6943,66.6667,65.3595,68.9655,65.3595,66.6667,26.3158,27.027,28.5714,26.3158,27.7778,23.8095,16.6667,17.3913,18.1818,18.5185,15.3846,16.6667,H,66.1187,1.774,26.6362,1.6369,17.1349,1.147,ScotishPremierLeague
SC0,24/01/2009,Motherwell,Falkirk,D,1.9,3.3,4.2,1.75,3.4,4.1,1.75,3.2,4.0,1.83,3.5,4.33,1.83,3.2,3.75,2008/9,€13.63m,€14.28m,1.91,3.3,4.0,52.6316,57.1429,54.6448,57.1429,52.356,54.6448,30.303,29.4118,31.25,31.25,30.303,28.5714,23.8095,24.3902,26.6667,25.0,25.0,23.0947,H,54.7605,2.0829,30.1815,1.0486,24.6602,1.2251,ScotishPremierLeague
SC0,25/01/2009,Kilmarnock,Hamilton,A,1.9,3.2,4.33,1.75,3.4,4.1,1.8,3.1,3.8,1.83,3.5,4.33,1.83,3.2,3.75,2008/9,€11.38m,€11.80m,1.83,3.3,4.35,52.6316,57.1429,54.6448,55.5556,54.6448,54.6448,31.25,29.4118,31.25,32.2581,30.303,28.5714,23.0947,24.3902,26.6667,26.3158,22.9885,23.0947,H,54.8774,1.4696,30.5074,1.3534,24.4251,1.6855,ScotishPremierLeague
SC0,31/01/2009,Falkirk,Aberdeen,H,3.0,3.25,2.4,2.85,3.25,2.2,3.0,3.1,2.1,3.25,3.2,2.25,2.9,3.2,2.15,2008/9,€14.28m,€19.55m,2.65,3.25,2.4,33.3333,35.0877,34.4828,33.3333,37.7358,30.7692,30.7692,30.7692,31.25,32.2581,30.7692,31.25,41.6667,45.4545,46.5116,47.619,41.6667,44.4444,A,34.1237,2.3068,31.1776,0.5794,44.5605,2.4788,ScotishPremierLeague
SC0,31/01/2009,Hamilton,Hearts,H,3.0,3.25,2.37,2.85,3.25,2.2,2.8,3.1,2.2,3.0,3.2,2.38,2.75,3.2,2.25,2008/9,€11.80m,€37.53m,2.9,3.25,2.25,33.3333,35.0877,36.3636,35.7143,34.4828,33.3333,30.7692,30.7692,31.25,32.2581,30.7692,31.25,42.1941,45.4545,44.4444,45.4545,44.4444,42.0168,A,34.7192,1.2432,31.1776,0.5794,44.0015,1.5376,ScotishPremierLeague
SC0,31/01/2009,Hibernian,Motherwell,D,2.1,3.4,3.4,2.0,3.25,3.3,2.1,3.1,3.0,2.1,3.25,3.5,2.1,3.2,3.0,2008/9,€23.70m,€13.63m,2.1,3.25,3.1,47.619,50.0,47.619,47.619,47.619,47.619,29.4118,30.7692,31.25,32.2581,30.7692,30.7692,29.4118,30.303,33.3333,33.3333,32.2581,28.5714,H,48.0158,0.972,30.8713,0.9196,31.2018,2.0559,ScotishPremierLeague
SC0,31/01/2009,Rangers,Dundee United,H,1.4,4.5,8.0,1.4,4.0,7.0,1.4,3.7,6.5,1.4,4.33,8.0,1.4,3.75,7.0,2008/9,€94.48m,€15.80m,1.35,4.35,7.0,71.4286,71.4286,71.4286,71.4286,74.0741,71.4286,22.2222,25.0,26.6667,27.027,22.9885,23.0947,12.5,14.2857,14.2857,15.3846,14.2857,12.5,H,71.8695,1.08,24.4998,2.0385,13.8736,1.146,ScotishPremierLeague
SC0,31/01/2009,St Mirren,Kilmarnock,D,2.3,3.25,3.1,2.4,3.25,2.6,2.3,3.1,2.6,2.25,3.2,3.25,2.15,3.2,2.9,2008/9,€10.28m,€11.38m,2.35,3.25,2.7,43.4783,41.6667,46.5116,43.4783,42.5532,44.4444,30.7692,30.7692,31.25,32.2581,30.7692,31.25,32.2581,38.4615,34.4828,38.4615,37.037,30.7692,H,43.6888,1.6737,31.1776,0.5794,35.245,3.2692,ScotishPremierLeague
SC0,01/02/2009,Inverness C,Celtic,D,9.0,4.75,1.33,7.0,5.0,1.3,8.0,4.2,1.3,10.0,4.5,1.33,8.0,4.5,1.29,2008/9,€10.43m,€93.10m,8.5,4.5,1.3,11.1111,14.2857,12.5,12.5,11.7647,10.0,21.0526,20.0,22.2222,23.8095,22.2222,22.2222,75.188,76.9231,77.5194,76.9231,76.9231,75.188,A,12.0269,1.4537,21.9215,1.2871,76.4441,1.0,ScotishPremierLeague
SC0,14/02/2009,Dundee United,Inverness C,D,1.66,3.6,5.5,1.5,3.75,5.6,1.55,3.5,4.8,1.67,3.75,5.0,1.53,3.5,5.5,2008/9,€15.80m,€10.43m,1.6,3.5,5.0,60.241,66.6667,65.3595,64.5161,62.5,59.8802,27.7778,26.6667,28.5714,28.5714,28.5714,26.6667,18.1818,17.8571,18.1818,20.8333,20.0,20.0,H,63.1939,2.7814,27.8042,0.9332,19.1757,1.2507,ScotishPremierLeague
SC0,14/02/2009,Hearts,Aberdeen,H,2.3,3.3,3.2,2.2,3.25,2.9,2.1,3.0,3.1,2.25,3.2,3.25,2.15,3.2,2.9,2008/9,€37.53m,€19.55m,2.25,3.3,2.9,43.4783,45.4545,46.5116,47.619,44.4444,44.4444,30.303,30.7692,31.25,33.3333,30.303,31.25,31.25,34.4828,34.4828,32.2581,34.4828,30.7692,H,45.3254,1.5263,31.2014,1.127,32.9543,1.742,ScotishPremierLeague
SC0,14/02/2009,Kilmarnock,Hibernian,D,2.5,3.3,2.8,2.4,3.25,2.6,2.3,3.0,2.7,2.5,3.3,2.8,2.3,3.2,2.62,2008/9,€11.38m,€23.70m,2.4,3.25,2.7,40.0,41.6667,43.4783,43.4783,41.6667,40.0,30.303,30.7692,31.25,33.3333,30.7692,30.303,35.7143,38.4615,38.1679,37.037,37.037,35.7143,H,41.715,1.556,31.1213,1.1399,37.022,1.1667,ScotishPremierLeague
SC0,14/02/2009,Motherwell,Hamilton,H,2.0,3.3,3.8,1.85,3.3,3.75,1.9,3.1,3.5,2.0,3.4,3.75,1.95,3.25,3.3,2008/9,€13.63m,€11.80m,1.85,3.3,4.0,50.0,54.0541,51.2821,52.6316,54.0541,50.0,30.303,30.303,30.7692,32.2581,30.303,29.4118,26.3158,26.6667,30.303,28.5714,25.0,26.6667,H,52.0036,1.8629,30.558,0.9427,27.2539,1.8806,ScotishPremierLeague
SC0,14/02/2009,St Mirren,Falkirk,D,2.2,3.25,3.4,2.25,3.25,2.8,2.0,3.1,3.2,2.25,3.2,3.25,2.0,3.2,3.2,2008/9,€10.28m,€14.28m,2.1,3.3,3.1,45.4545,44.4444,50.0,50.0,47.619,44.4444,30.7692,30.7692,31.25,32.2581,30.303,31.25,29.4118,35.7143,31.25,31.25,32.2581,30.7692,H,46.9937,2.6013,31.0999,0.6694,31.7756,2.14,ScotishPremierLeague
SC0,15/02/2009,Celtic,Rangers,D,2.25,3.3,3.2,2.2,3.25,2.85,2.1,3.2,3.1,2.25,3.2,3.25,2.25,3.25,3.25,2008/9,€93.10m,€94.48m,2.2,3.25,3.0,44.4444,45.4545,44.4444,47.619,45.4545,44.4444,30.303,30.7692,30.7692,31.25,30.7692,31.25,31.25,35.0877,30.7692,32.2581,33.3333,30.7692,H,45.3102,1.2346,30.8518,0.3574,32.2446,1.7095,ScotishPremierLeague
SC0,21/02/2009,Aberdeen,Dundee United,D,2.2,3.4,3.2,2.2,3.25,2.85,2.2,3.0,2.9,2.2,3.2,2.8,2.2,3.2,2.8,2008/9,€19.55m,€15.80m,2.25,3.25,2.8,45.4545,45.4545,45.4545,45.4545,44.4444,45.4545,29.4118,30.7692,31.25,33.3333,30.7692,31.25,31.25,35.0877,35.7143,34.4828,35.7143,35.7143,H,45.2862,0.4124,31.1306,1.2725,34.6606,1.7422,ScotishPremierLeague
SC0,21/02/2009,Falkirk,Hamilton,A,2.2,3.4,3.2,2.2,3.25,2.85,2.2,3.0,2.9,2.2,3.2,2.8,2.1,3.2,3.0,2008/9,€14.28m,€11.80m,2.1,3.25,3.1,45.4545,45.4545,47.619,45.4545,47.619,45.4545,29.4118,30.7692,31.25,33.3333,30.7692,31.25,31.25,35.0877,33.3333,34.4828,32.2581,35.7143,H,46.176,1.1177,31.1306,1.2725,33.6877,1.7211,ScotishPremierLeague
SC0,21/02/2009,Hearts,St Mirren,D,1.66,3.75,5.25,1.55,3.6,5.25,1.55,3.5,4.8,1.62,3.5,4.5,1.57,3.5,5.0,2008/9,€37.53m,€10.28m,1.65,3.4,4.5,60.241,64.5161,63.6943,64.5161,60.6061,61.7284,26.6667,27.7778,28.5714,28.5714,29.4118,28.5714,19.0476,19.0476,20.0,20.8333,22.2222,22.2222,H,62.5503,1.9404,28.2618,0.9369,20.5622,1.4484,ScotishPremierLeague
SC0,21/02/2009,Inverness C,Hibernian,H,2.5,3.25,2.75,2.45,3.25,2.55,2.6,3.0,2.4,2.6,3.2,2.38,2.5,3.1,2.5,2008/9,€10.43m,€23.70m,2.4,3.25,2.6,40.0,40.8163,40.0,38.4615,41.6667,38.4615,30.7692,30.7692,32.2581,33.3333,30.7692,31.25,36.3636,39.2157,40.0,41.6667,38.4615,42.0168,H,39.901,1.2743,31.5248,1.058,39.6207,2.1065,ScotishPremierLeague
SC0,21/02/2009,Rangers,Kilmarnock,H,1.2,6.5,13.0,1.2,5.5,11.0,1.2,5.0,10.0,1.22,5.0,10.0,1.2,5.0,11.0,2008/9,€94.48m,€11.38m,1.2,5.5,11.0,83.3333,83.3333,83.3333,83.3333,83.3333,81.9672,15.3846,18.1818,20.0,20.0,18.1818,20.0,7.6923,9.0909,9.0909,10.0,9.0909,10.0,H,83.1056,0.5577,18.6247,1.8202,9.1608,0.8461,ScotishPremierLeague
SC0,22/02/2009,Motherwell,Celtic,D,6.0,4.0,1.53,5.6,3.75,1.5,4.6,3.4,1.6,5.5,3.5,1.53,5.5,3.5,1.53,2008/9,€13.63m,€93.10m,5.0,3.6,1.55,16.6667,17.8571,18.1818,21.7391,20.0,18.1818,25.0,26.6667,28.5714,29.4118,27.7778,28.5714,65.3595,66.6667,65.3595,62.5,64.5161,65.3595,A,18.7711,1.8043,27.6665,1.6004,64.9602,1.3885,ScotishPremierLeague
SC0,28/02/2009,Aberdeen,Kilmarnock,D,1.66,3.6,5.5,1.6,3.6,4.75,1.6,3.4,4.6,1.73,3.5,5.0,1.7,3.3,4.33,2008/9,€19.55m,€11.38m,1.65,3.4,5.0,60.241,62.5,58.8235,62.5,60.6061,57.8035,27.7778,27.7778,30.303,29.4118,29.4118,28.5714,18.1818,21.0526,23.0947,21.7391,20.0,20.0,H,60.4124,1.9034,28.8756,1.0115,20.678,1.6886,ScotishPremierLeague
SC0,28/02/2009,Celtic,St Mirren,H,1.22,6.0,15.0,1.2,5.5,11.0,1.2,5.0,10.0,1.25,5.5,12.0,1.2,5.0,11.0,2008/9,€93.10m,€10.28m,1.2,5.5,11.0,81.9672,83.3333,83.3333,83.3333,83.3333,80.0,16.6667,18.1818,20.0,20.0,18.1818,18.1818,6.6667,9.0909,9.0909,10.0,9.0909,8.3333,H,82.5501,1.3636,18.5353,1.2773,8.7121,1.1328,ScotishPremierLeague
SC0,28/02/2009,Dundee United,Hearts,A,2.2,3.3,3.4,2.2,3.25,2.85,2.2,3.1,2.8,2.2,3.25,3.3,2.15,3.2,2.9,2008/9,€15.80m,€37.53m,2.1,3.25,3.1,45.4545,45.4545,46.5116,45.4545,47.619,45.4545,30.303,30.7692,31.25,32.2581,30.7692,30.7692,29.4118,35.0877,34.4828,35.7143,32.2581,30.303,H,45.9914,0.9025,31.0198,0.6765,32.8763,2.628,ScotishPremierLeague
SC0,28/02/2009,Hamilton,Rangers,A,7.5,4.2,1.44,6.5,3.8,1.45,5.4,3.8,1.45,7.0,4.0,1.5,7.0,3.75,1.4,2008/9,€11.80m,€94.48m,7.5,3.75,1.4,13.3333,15.3846,14.2857,18.5185,13.3333,14.2857,23.8095,26.3158,26.6667,26.3158,26.6667,25.0,69.4444,68.9655,71.4286,68.9655,71.4286,66.6667,A,14.8568,1.9484,25.7957,1.1521,69.4832,1.7911,ScotishPremierLeague
SC0,28/02/2009,Hibernian,Falkirk,D,2.0,3.25,4.0,1.7,3.3,4.5,1.85,3.2,3.5,2.0,3.4,3.75,1.83,3.2,3.75,2008/9,€23.70m,€14.28m,1.9,3.25,3.5,50.0,58.8235,54.6448,54.0541,52.6316,50.0,30.7692,30.303,31.25,31.25,30.7692,29.4118,25.0,22.2222,26.6667,28.5714,28.5714,26.6667,H,53.359,3.3194,30.6255,0.6926,26.2831,2.4043,ScotishPremierLeague
SC0,28/02/2009,Inverness C,Motherwell,A,2.5,3.25,2.8,2.4,3.25,2.6,2.4,3.1,2.5,2.38,3.4,2.88,2.3,3.2,2.62,2008/9,€10.43m,€13.63m,2.4,3.25,2.65,40.0,41.6667,43.4783,41.6667,41.6667,42.0168,30.7692,30.7692,31.25,32.2581,30.7692,29.4118,35.7143,38.4615,38.1679,40.0,37.7358,34.7222,H,41.7492,1.1083,30.8712,0.9196,37.467,1.9274,ScotishPremierLeague
SC0,03/03/2009,Falkirk,Dundee United,A,2.75,3.3,2.5,2.6,3.25,2.4,2.6,3.0,2.4,2.75,3.3,2.5,2.7,3.2,2.6,2008/9,€14.28m,€15.80m,2.6,3.2,2.5,36.3636,38.4615,37.037,38.4615,38.4615,36.3636,30.303,30.7692,31.25,33.3333,31.25,30.303,40.0,41.6667,38.4615,41.6667,40.0,40.0,A,37.5248,1.0552,31.2014,1.127,40.2992,1.2154,ScotishPremierLeague
SC0,03/03/2009,St Mirren,Aberdeen,D,3.1,3.3,2.3,2.7,3.25,2.3,2.6,3.1,2.3,2.88,3.4,2.38,3.0,3.2,2.4,2008/9,€10.28m,€19.55m,2.65,3.25,2.4,32.2581,37.037,33.3333,38.4615,37.7358,34.7222,30.303,30.7692,31.25,32.2581,30.7692,29.4118,43.4783,43.4783,41.6667,43.4783,41.6667,42.0168,A,35.5913,2.5255,30.7936,0.9491,42.6308,0.9371,ScotishPremierLeague
SC0,04/03/2009,Hamilton,Hibernian,A,2.4,3.2,3.0,2.25,3.25,2.8,2.3,3.0,2.7,2.25,3.2,3.2,2.4,3.2,3.0,2008/9,€11.80m,€23.70m,2.35,3.25,2.7,41.6667,44.4444,41.6667,43.4783,42.5532,44.4444,31.25,30.7692,31.25,33.3333,30.7692,31.25,33.3333,35.7143,33.3333,37.037,37.037,31.25,H,43.0423,1.2764,31.437,0.9584,34.6175,2.3473,ScotishPremierLeague
SC0,04/03/2009,Hearts,Motherwell,H,1.9,3.4,4.0,1.75,3.4,4.1,1.8,3.2,3.7,1.91,3.4,4.0,2.0,3.2,4.0,2008/9,€37.53m,€13.63m,1.85,3.25,4.0,52.6316,57.1429,50.0,55.5556,54.0541,52.356,29.4118,29.4118,31.25,31.25,30.7692,29.4118,25.0,24.3902,25.0,27.027,25.0,25.0,H,53.6234,2.5308,30.2508,0.9357,25.2362,0.9106,ScotishPremierLeague
SC0,04/03/2009,Kilmarnock,Celtic,A,7.5,4.2,1.44,7.0,4.0,1.4,4.8,3.5,1.55,7.0,4.0,1.5,7.5,4.2,1.44,2008/9,€11.38m,€93.10m,7.5,3.6,1.45,13.3333,14.2857,13.3333,20.8333,13.3333,14.2857,23.8095,25.0,23.8095,28.5714,27.7778,25.0,69.4444,71.4286,69.4444,64.5161,68.9655,66.6667,A,14.9008,2.9435,25.6614,2.0338,68.411,2.4398,ScotishPremierLeague
SC0,04/03/2009,Rangers,Inverness C,A,1.16,7.0,15.0,1.2,5.5,11.0,1.2,5.0,10.0,1.2,6.0,15.0,1.2,6.0,15.0,2008/9,€94.48m,€10.43m,1.17,6.5,11.0,86.2069,83.3333,83.3333,83.3333,85.4701,83.3333,14.2857,18.1818,16.6667,20.0,15.3846,16.6667,6.6667,9.0909,6.6667,10.0,9.0909,6.6667,H,84.1684,1.3145,16.8642,2.0241,8.0303,1.5302,ScotishPremierLeague
SC0,14/03/2009,Aberdeen,Hamilton,H,1.67,3.6,5.25,1.65,3.5,4.5,1.7,3.2,4.2,1.67,3.3,4.5,1.6,3.4,4.8,2008/9,€19.55m,€11.80m,1.7,3.4,5.0,59.8802,60.6061,62.5,58.8235,58.8235,59.8802,27.7778,28.5714,29.4118,31.25,29.4118,30.303,19.0476,22.2222,20.8333,23.8095,20.0,22.2222,H,60.0856,1.369,29.4543,1.2279,21.3558,1.7298,ScotishPremierLeague
SC0,14/03/2009,Hibernian,Hearts,H,2.6,3.2,2.75,2.5,3.25,2.5,2.5,3.0,2.5,2.5,3.2,2.5,2.5,3.1,2.5,2008/9,€23.70m,€37.53m,2.5,3.2,2.7,38.4615,40.0,40.0,40.0,40.0,40.0,31.25,30.7692,32.2581,33.3333,31.25,31.25,36.3636,40.0,40.0,40.0,37.037,40.0,H,39.7436,0.6281,31.6851,0.9436,38.9001,1.7172,ScotishPremierLeague
SC0,14/03/2009,Inverness C,Kilmarnock,H,2.1,3.4,3.4,2.15,3.25,2.95,2.2,3.1,2.8,2.2,3.2,2.8,2.2,3.2,2.8,2008/9,€10.43m,€11.38m,2.1,3.3,3.3,47.619,46.5116,45.4545,45.4545,47.619,45.4545,29.4118,30.7692,31.25,32.2581,30.303,31.25,29.4118,33.8983,35.7143,35.7143,30.303,35.7143,H,46.3522,1.0633,30.8737,0.9668,33.4593,2.8911,ScotishPremierLeague
SC0,14/03/2009,Motherwell,Dundee United,H,2.5,3.4,2.75,2.35,3.25,2.65,2.3,3.0,2.7,2.38,3.2,2.6,2.38,3.1,2.62,2008/9,€13.63m,€15.80m,2.4,3.3,2.75,40.0,42.5532,42.0168,43.4783,41.6667,42.0168,29.4118,30.7692,32.2581,33.3333,30.303,31.25,36.3636,37.7358,38.1679,37.037,36.3636,38.4615,H,41.9553,1.1481,31.2209,1.4042,37.3549,0.9052,ScotishPremierLeague
SC0,21/03/2009,Falkirk,Inverness C,H,2.3,3.2,3.1,2.25,3.25,2.8,2.3,3.0,2.7,2.1,3.3,2.88,2.3,3.2,2.62,2008/9,€14.28m,€10.43m,2.35,3.25,2.8,43.4783,44.4444,43.4783,43.4783,42.5532,47.619,31.25,30.7692,31.25,33.3333,30.7692,30.303,32.2581,35.7143,38.1679,37.037,35.7143,34.7222,H,44.1752,1.79,31.2791,1.0672,35.6023,2.031,ScotishPremierLeague
SC0,21/03/2009,Hamilton,St Mirren,D,2.4,3.25,3.0,2.15,3.25,2.95,2.2,3.0,2.9,2.0,3.2,3.2,2.3,3.2,2.62,2008/9,€11.80m,€10.28m,2.38,3.25,2.88,41.6667,46.5116,43.4783,45.4545,42.0168,50.0,30.7692,30.7692,31.25,33.3333,30.7692,31.25,33.3333,33.8983,38.1679,34.4828,34.7222,31.25,H,44.8546,3.1525,31.3568,0.9965,34.3091,2.2614,ScotishPremierLeague
SC0,21/03/2009,Hibernian,Aberdeen,D,2.4,3.25,2.9,2.25,3.25,2.8,2.3,3.0,2.7,2.2,3.25,2.75,2.38,3.1,2.62,2008/9,€23.70m,€19.55m,2.4,3.25,2.75,41.6667,44.4444,42.0168,43.4783,41.6667,45.4545,30.7692,30.7692,32.2581,33.3333,30.7692,30.7692,34.4828,35.7143,38.1679,37.037,36.3636,36.3636,H,43.1212,1.5983,31.4447,1.1003,36.3549,1.2383,ScotishPremierLeague
SC0,21/03/2009,Kilmarnock,Motherwell,D,2.7,3.25,2.6,2.4,3.25,2.6,2.5,3.0,2.5,2.4,3.25,2.5,2.38,3.1,2.62,2008/9,€11.38m,€13.63m,2.6,3.25,2.6,37.037,41.6667,42.0168,40.0,38.4615,41.6667,30.7692,30.7692,32.2581,33.3333,30.7692,30.7692,38.4615,38.4615,38.1679,40.0,38.4615,40.0,A,40.1414,2.0322,31.4447,1.1003,38.9254,0.8401,ScotishPremierLeague
SC0,21/03/2009,Rangers,Hearts,D,1.4,4.33,8.0,1.4,4.0,7.0,1.35,4.0,7.0,1.4,3.75,7.0,1.33,4.0,8.0,2008/9,€94.48m,€37.53m,1.45,4.0,7.5,71.4286,71.4286,75.188,74.0741,68.9655,71.4286,23.0947,25.0,25.0,25.0,25.0,26.6667,12.5,14.2857,12.5,14.2857,13.3333,14.2857,H,72.0856,2.2185,24.9602,1.1312,13.5317,0.8802,ScotishPremierLeague
SC0,22/03/2009,Dundee United,Celtic,D,5.5,3.6,1.66,4.75,3.6,1.6,4.6,3.4,1.6,5.0,3.5,1.57,5.0,3.5,1.57,2008/9,€15.80m,€93.10m,5.0,3.4,1.7,18.1818,21.0526,20.0,21.7391,20.0,20.0,27.7778,27.7778,28.5714,29.4118,29.4118,28.5714,60.241,62.5,63.6943,62.5,58.8235,63.6943,A,20.1622,1.2067,28.587,0.7308,61.9088,1.9685,ScotishPremierLeague
SC0,04/04/2009,Celtic,Hamilton,H,1.2,6.0,15.0,1.2,5.5,11.0,1.2,5.0,10.0,1.2,5.0,11.0,1.17,5.5,12.0,2008/9,€93.10m,€11.80m,1.18,6.0,11.0,83.3333,83.3333,85.4701,83.3333,84.7458,83.3333,16.6667,18.1818,18.1818,20.0,16.6667,20.0,6.6667,9.0909,8.3333,10.0,9.0909,9.0909,H,83.9248,0.9446,18.2828,1.4927,8.7121,1.1328,ScotishPremierLeague
SC0,04/04/2009,Dundee United,Hibernian,D,2.0,3.3,3.75,2.0,3.25,3.3,2.0,3.1,3.2,2.1,3.2,3.0,1.91,3.2,3.5,2008/9,€15.80m,€23.70m,2.0,3.25,3.4,50.0,50.0,52.356,50.0,50.0,47.619,30.303,30.7692,31.25,32.2581,30.7692,31.25,26.6667,30.303,28.5714,31.25,29.4118,33.3333,H,49.9958,1.498,31.0999,0.6694,29.9227,2.2903,ScotishPremierLeague
SC0,04/04/2009,Hearts,Kilmarnock,H,1.66,3.5,5.5,1.6,3.5,5.0,1.55,3.5,4.8,1.57,3.5,5.0,1.53,3.5,5.5,2008/9,€37.53m,€11.38m,1.55,3.5,5.5,60.241,62.5,65.3595,64.5161,64.5161,63.6943,28.5714,28.5714,28.5714,28.5714,28.5714,28.5714,18.1818,20.0,18.1818,20.8333,18.1818,20.0,H,63.4712,1.8535,28.5714,0.0,19.2298,1.1876,ScotishPremierLeague
SC0,04/04/2009,Inverness C,St Mirren,H,2.1,3.3,3.5,2.1,3.25,3.05,2.2,3.0,2.9,2.1,3.2,3.0,2.05,3.2,3.1,2008/9,€10.43m,€10.28m,2.1,3.2,3.2,47.619,47.619,48.7805,45.4545,47.619,47.619,30.303,30.7692,31.25,33.3333,31.25,31.25,28.5714,32.7869,32.2581,34.4828,31.25,33.3333,H,47.4518,1.0832,31.3593,1.0389,32.1138,2.0429,ScotishPremierLeague
SC0,04/04/2009,Motherwell,Aberdeen,D,2.3,3.3,3.1,2.3,3.25,2.7,2.3,3.0,2.7,2.2,3.2,2.8,2.1,3.2,3.0,2008/9,€13.63m,€19.55m,2.1,3.2,3.2,43.4783,43.4783,47.619,43.4783,47.619,45.4545,30.303,30.7692,31.25,33.3333,31.25,31.25,32.2581,37.037,33.3333,37.037,31.25,35.7143,H,45.1879,2.0327,31.3593,1.0389,34.4383,2.501,ScotishPremierLeague
SC0,05/04/2009,Falkirk,Rangers,A,7.5,4.2,1.44,6.25,4.25,1.4,5.4,3.8,1.45,6.0,3.75,1.44,7.0,4.0,1.36,2008/9,€14.28m,€94.48m,7.0,4.35,1.35,13.3333,16.0,14.2857,18.5185,14.2857,16.6667,23.8095,23.5294,25.0,26.3158,22.9885,26.6667,69.4444,71.4286,73.5294,68.9655,74.0741,69.4444,A,15.515,1.9165,24.7183,1.527,71.1477,2.2307,ScotishPremierLeague
SC0,08/04/2009,Celtic,Falkirk,H,1.16,6.5,17.0,1.15,6.0,13.0,1.15,6.0,12.0,1.17,7.0,15.0,1.2,6.0,17.0,2008/9,€93.10m,€14.28m,1.14,6.5,17.0,86.2069,86.9565,83.3333,86.9565,87.7193,85.4701,15.3846,16.6667,16.6667,16.6667,15.3846,14.2857,5.8824,7.6923,5.8824,8.3333,5.8824,6.6667,H,86.1071,1.559,15.8425,0.988,6.7232,1.0635,ScotishPremierLeague
SC0,08/04/2009,St Mirren,Rangers,A,7.0,4.33,1.44,6.25,4.25,1.4,6.0,3.9,1.4,7.0,4.33,1.44,7.0,4.0,1.5,2008/9,€10.28m,€94.48m,6.5,4.35,1.45,14.2857,16.0,14.2857,16.6667,15.3846,14.2857,23.0947,23.5294,25.0,25.641,22.9885,23.0947,69.4444,71.4286,66.6667,71.4286,68.9655,69.4444,A,15.1514,1.0314,23.8914,1.1407,69.563,1.774,ScotishPremierLeague
SC0,11/04/2009,Aberdeen,Inverness C,H,1.83,3.5,4.33,1.65,3.45,4.6,1.7,3.2,4.2,1.8,3.5,4.5,1.85,3.3,4.5,2008/9,€19.55m,€10.43m,1.72,3.4,4.5,54.6448,60.6061,54.0541,58.8235,58.1395,55.5556,28.5714,28.9855,30.303,31.25,29.4118,28.5714,23.0947,21.7391,22.2222,23.8095,22.2222,22.2222,H,56.9706,2.6051,29.5155,1.068,22.5516,0.7567,ScotishPremierLeague
SC0,11/04/2009,Hamilton,Dundee United,A,2.88,3.4,2.38,2.55,3.25,2.45,2.6,3.0,2.4,2.8,3.3,2.5,3.0,3.25,2.38,2008/9,€11.80m,€15.80m,2.65,3.25,2.4,34.7222,39.2157,33.3333,38.4615,37.7358,35.7143,29.4118,30.7692,30.7692,33.3333,30.7692,30.303,42.0168,40.8163,42.0168,41.6667,41.6667,40.0,A,36.5305,2.3043,30.8926,1.3071,41.3639,0.7995,ScotishPremierLeague
SC0,11/04/2009,Hearts,Celtic,D,4.75,3.6,1.73,4.1,3.4,1.75,4.0,3.2,1.75,5.0,3.5,1.73,5.0,3.4,1.75,2008/9,€37.53m,€93.10m,4.5,3.6,1.7,21.0526,24.3902,20.0,25.0,22.2222,20.0,27.7778,29.4118,29.4118,31.25,27.7778,28.5714,57.8035,57.1429,57.1429,57.1429,58.8235,57.8035,A,22.1108,2.1719,29.0334,1.3089,57.6432,0.6626,ScotishPremierLeague
SC0,11/04/2009,Kilmarnock,Falkirk,H,2.15,3.4,3.3,2.0,3.25,3.3,2.1,3.0,3.1,2.1,3.4,3.4,2.25,3.3,3.2,2008/9,€11.38m,€14.28m,2.0,3.2,3.4,46.5116,50.0,44.4444,47.619,50.0,47.619,29.4118,30.7692,30.303,33.3333,31.25,29.4118,30.303,30.303,31.25,32.2581,29.4118,29.4118,H,47.699,2.1262,30.7465,1.4632,30.4896,1.1044,ScotishPremierLeague
SC0,11/04/2009,Rangers,Motherwell,H,1.33,5.0,9.0,1.3,4.75,7.5,1.27,4.3,8.5,1.33,4.5,11.0,1.36,4.5,9.5,2008/9,€94.48m,€13.63m,1.25,5.0,9.5,75.188,76.9231,73.5294,78.7402,80.0,75.188,20.0,21.0526,22.2222,23.2558,20.0,22.2222,11.1111,13.3333,10.5263,11.7647,10.5263,9.0909,H,76.5948,2.4356,21.4588,1.3279,11.0588,1.4223,ScotishPremierLeague
SC0,13/04/2009,St Mirren,Hibernian,D,2.62,3.25,2.62,2.55,3.25,2.45,2.5,3.0,2.5,2.8,3.3,2.5,2.62,3.3,2.62,2008/9,€10.28m,€23.70m,2.6,3.2,2.5,38.1679,39.2157,38.1679,40.0,38.4615,35.7143,30.7692,30.7692,30.303,33.3333,31.25,30.303,38.1679,40.8163,38.1679,40.0,40.0,40.0,A,38.2879,1.4474,31.1213,1.1399,39.5254,1.098,ScotishPremierLeague
SC0,18/04/2009,Celtic,Aberdeen,H,1.3,5.0,10.0,1.3,4.75,7.5,1.3,4.2,8.0,1.33,4.0,8.0,1.29,4.5,8.0,2008/9,€93.10m,€19.55m,1.3,5.0,8.5,76.9231,76.9231,77.5194,76.9231,76.9231,75.188,20.0,21.0526,22.2222,23.8095,20.0,25.0,10.0,13.3333,12.5,12.5,11.7647,12.5,H,76.7333,0.7937,22.014,2.0601,12.0997,1.1422,ScotishPremierLeague
SC0,18/04/2009,Dundee United,Kilmarnock,D,1.73,3.6,4.75,1.7,3.4,4.4,1.65,3.3,4.4,1.62,3.5,4.5,1.62,3.5,4.5,2008/9,€15.80m,€11.38m,1.65,3.5,5.0,57.8035,58.8235,61.7284,60.6061,60.6061,61.7284,27.7778,29.4118,28.5714,30.303,28.5714,28.5714,21.0526,22.7273,22.2222,22.7273,20.0,22.2222,H,60.216,1.5899,28.8678,0.8726,21.8253,1.0836,ScotishPremierLeague
SC0,18/04/2009,Falkirk,Hearts,D,3.2,3.4,2.2,2.95,3.25,2.15,2.8,3.1,2.2,3.0,3.2,2.1,2.75,3.25,2.2,2008/9,€14.28m,€37.53m,2.9,3.3,2.25,31.25,33.8983,36.3636,35.7143,34.4828,33.3333,29.4118,30.7692,30.7692,32.2581,30.303,31.25,45.4545,46.5116,45.4545,45.4545,44.4444,47.619,A,34.1737,1.8218,30.7936,0.9491,45.8231,1.0961,ScotishPremierLeague
SC0,18/04/2009,Inverness C,Hamilton,D,2.1,3.4,3.4,2.15,3.25,2.95,2.0,3.1,3.2,2.0,3.2,3.2,1.8,3.4,3.6,2008/9,€10.43m,€11.80m,2.1,3.3,3.3,47.619,46.5116,55.5556,50.0,47.619,50.0,29.4118,30.7692,29.4118,32.2581,30.303,31.25,29.4118,33.8983,27.7778,31.25,30.303,31.25,H,49.5509,3.2607,30.5673,1.1051,30.6485,2.0579,ScotishPremierLeague
SC0,18/04/2009,Motherwell,St Mirren,A,1.75,3.6,4.5,1.8,3.35,3.9,1.7,3.3,4.0,1.67,3.4,4.33,1.67,3.4,4.33,2008/9,€13.63m,€10.28m,1.85,3.3,4.0,57.1429,55.5556,59.8802,58.8235,54.0541,59.8802,27.7778,29.8507,29.4118,30.303,30.303,29.4118,22.2222,25.641,23.0947,25.0,25.0,23.0947,H,57.5561,2.4019,29.5097,0.9374,24.0088,1.3778,ScotishPremierLeague
SC0,19/04/2009,Hibernian,Rangers,A,6.0,3.6,1.62,4.7,3.45,1.65,4.6,3.4,1.6,4.5,3.3,1.67,5.0,3.5,1.57,2008/9,€23.70m,€94.48m,5.0,3.4,1.65,16.6667,21.2766,20.0,21.7391,20.0,22.2222,27.7778,28.9855,28.5714,29.4118,29.4118,30.303,61.7284,60.6061,63.6943,62.5,60.6061,59.8802,A,20.3174,2.0049,29.0769,0.8578,61.5025,1.4205,ScotishPremierLeague
SC0,02/05/2009,Aberdeen,Celtic,A,6.0,3.6,1.61,4.7,3.45,1.65,4.6,3.4,1.6,4.5,3.5,1.62,5.0,3.5,1.57,2008/9,€19.55m,€93.10m,5.0,3.4,1.6,16.6667,21.2766,20.0,21.7391,20.0,22.2222,27.7778,28.9855,28.5714,29.4118,29.4118,28.5714,62.1118,60.6061,63.6943,62.5,62.5,61.7284,A,20.3174,2.0049,28.7883,0.6215,62.1901,1.0181,ScotishPremierLeague
SC0,02/05/2009,Falkirk,Motherwell,H,2.4,3.3,2.87,2.5,3.2,2.5,2.3,3.0,2.7,2.38,3.2,2.6,2.3,3.2,2.62,2008/9,€14.28m,€13.63m,2.4,3.2,2.6,41.6667,40.0,43.4783,43.4783,41.6667,42.0168,30.303,31.25,31.25,33.3333,31.25,31.25,34.8432,40.0,38.1679,37.037,38.4615,38.4615,H,42.0511,1.3098,31.4394,1.0022,37.8285,1.7419,ScotishPremierLeague
SC0,02/05/2009,Hamilton,Kilmarnock,H,2.3,3.4,3.0,2.3,3.25,2.7,2.2,3.0,2.9,2.25,3.2,2.75,2.3,3.2,2.62,2008/9,€11.80m,€11.38m,2.25,3.2,2.8,43.4783,43.4783,43.4783,45.4545,44.4444,44.4444,29.4118,30.7692,31.25,33.3333,31.25,31.25,33.3333,37.037,38.1679,34.4828,35.7143,36.3636,H,44.1297,0.8033,31.2107,1.2602,35.8498,1.7474,ScotishPremierLeague
SC0,02/05/2009,Hibernian,Dundee United,A,2.4,3.4,2.8,2.3,3.25,2.7,2.3,3.0,2.7,2.25,3.2,2.75,2.3,3.2,2.62,2008/9,€23.70m,€15.80m,2.5,3.2,2.5,41.6667,43.4783,43.4783,43.4783,40.0,44.4444,29.4118,30.7692,31.25,33.3333,31.25,31.25,35.7143,37.037,38.1679,37.037,40.0,36.3636,H,42.7577,1.6247,31.2107,1.2602,37.3866,1.5184,ScotishPremierLeague
SC0,02/05/2009,St Mirren,Inverness C,A,2.3,3.25,2.87,2.2,3.25,2.9,2.2,3.0,2.9,2.2,3.2,2.8,2.25,3.2,2.75,2008/9,€10.28m,€10.43m,2.25,3.25,2.9,43.4783,45.4545,44.4444,45.4545,44.4444,45.4545,30.7692,30.7692,31.25,33.3333,30.7692,31.25,34.8432,34.4828,36.3636,34.4828,34.4828,35.7143,H,44.7884,0.8104,31.3568,0.9965,35.0616,0.7967,ScotishPremierLeague
SC0,03/05/2009,Rangers,Hearts,H,1.4,4.33,7.0,1.35,4.5,6.8,1.4,3.7,6.5,1.4,3.75,7.0,1.36,4.0,7.0,2008/9,€94.48m,€37.53m,1.4,4.0,7.5,71.4286,74.0741,73.5294,71.4286,71.4286,71.4286,23.0947,22.2222,25.0,27.027,25.0,26.6667,14.2857,14.7059,14.2857,15.3846,13.3333,14.2857,H,72.2197,1.2375,24.8351,1.901,14.3802,0.669,ScotishPremierLeague
SC0,07/05/2009,Dundee United,Aberdeen,D,2.1,3.3,3.5,2.0,3.25,3.3,2.0,3.1,3.2,2.1,3.3,3.5,2.1,3.3,3.5,2008/9,€15.80m,€19.55m,2.0,3.25,3.4,47.619,50.0,47.619,50.0,50.0,47.619,30.303,30.7692,30.303,32.2581,30.7692,30.303,28.5714,30.303,28.5714,31.25,29.4118,28.5714,H,48.8095,1.3041,30.7842,0.7573,29.4465,1.1211,ScotishPremierLeague
SC0,07/05/2009,Hearts,Hibernian,A,1.67,3.75,5.0,1.65,3.35,4.8,1.75,3.2,4.0,1.83,3.5,4.5,1.8,3.5,4.5,2008/9,€37.53m,€23.70m,1.75,3.5,4.5,59.8802,60.6061,55.5556,57.1429,57.1429,54.6448,26.6667,29.8507,28.5714,31.25,28.5714,28.5714,20.0,20.8333,22.2222,25.0,22.2222,22.2222,H,57.4954,2.3452,28.9136,1.5321,22.0833,1.701,ScotishPremierLeague
SC0,09/05/2009,Kilmarnock,Falkirk,D,2.0,3.4,3.6,2.1,3.25,3.05,2.0,3.1,3.2,1.91,3.25,3.4,2.05,3.3,3.0,2008/9,€11.38m,€14.28m,2.0,3.25,3.6,50.0,47.619,48.7805,50.0,50.0,52.356,29.4118,30.7692,30.303,32.2581,30.7692,30.7692,27.7778,32.7869,33.3333,31.25,27.7778,29.4118,H,49.7926,1.5779,30.7134,0.9228,30.3896,2.4393,ScotishPremierLeague
SC0,09/05/2009,Rangers,Celtic,H,2.38,3.3,3.0,2.35,3.1,2.75,2.4,3.2,2.85,2.25,3.0,2.88,2.3,3.3,3.1,2008/9,€94.48m,€93.10m,2.35,3.25,2.8,42.0168,42.5532,43.4783,41.6667,42.5532,44.4444,30.303,32.2581,30.303,31.25,30.7692,33.3333,33.3333,36.3636,32.2581,35.0877,35.7143,34.7222,H,42.7854,1.0181,31.3694,1.2079,34.5799,1.5291,ScotishPremierLeague
SC0,10/05/2009,Inverness C,Hamilton,D,2.2,3.3,3.25,2.1,3.25,3.05,2.0,3.1,3.2,2.0,3.2,3.2,1.95,3.25,3.3,2008/9,€10.43m,€11.80m,2.1,3.25,3.25,45.4545,47.619,51.2821,50.0,47.619,50.0,30.303,30.7692,30.7692,32.2581,30.7692,31.25,30.7692,32.7869,30.303,31.25,30.7692,31.25,H,48.6624,2.1405,31.0198,0.6765,31.188,0.86,ScotishPremierLeague
SC0,12/05/2009,Aberdeen,Hearts,D,2.37,3.25,3.0,2.3,3.25,2.7,2.2,3.0,2.9,2.25,3.2,2.75,2.3,3.2,3.2,2008/9,€19.55m,€37.53m,2.3,3.2,2.8,42.1941,43.4783,43.4783,45.4545,43.4783,44.4444,30.7692,30.7692,31.25,33.3333,31.25,31.25,33.3333,37.037,31.25,34.4828,35.7143,36.3636,H,43.7546,1.0982,31.437,0.9584,34.6968,2.1483,ScotishPremierLeague
SC0,12/05/2009,Celtic,Dundee United,H,1.3,5.25,10.0,1.28,4.75,9.0,1.3,4.2,8.0,1.3,4.33,8.0,1.3,5.0,11.0,2008/9,€93.10m,€15.80m,1.25,5.0,10.0,76.9231,78.125,76.9231,76.9231,80.0,76.9231,19.0476,21.0526,20.0,23.8095,20.0,23.0947,10.0,11.1111,9.0909,12.5,10.0,12.5,H,77.6362,1.2538,21.1674,1.8935,10.867,1.4178,ScotishPremierLeague
SC0,13/05/2009,Hamilton,Falkirk,A,2.2,3.3,3.25,2.2,3.25,2.9,2.0,3.2,3.1,2.0,3.2,3.2,2.3,3.3,3.1,2008/9,€11.80m,€14.28m,2.2,3.25,3.0,45.4545,45.4545,43.4783,50.0,45.4545,50.0,30.303,30.7692,30.303,31.25,30.7692,31.25,30.7692,34.4828,32.2581,32.2581,33.3333,31.25,H,46.6403,2.7126,30.7741,0.4235,32.3919,1.3587,ScotishPremierLeague
SC0,13/05/2009,Hibernian,Rangers,D,6.5,3.8,1.53,6.75,3.75,1.45,5.0,3.7,1.5,6.0,3.5,1.5,6.0,3.8,1.57,2008/9,€23.70m,€94.48m,6.5,3.75,1.5,15.3846,14.8148,16.6667,20.0,15.3846,16.6667,26.3158,26.6667,26.3158,27.027,26.6667,28.5714,65.3595,68.9655,63.6943,66.6667,66.6667,66.6667,A,16.4862,1.8779,26.9272,0.8481,66.3366,1.7421,ScotishPremierLeague
SC0,13/05/2009,Kilmarnock,St Mirren,H,2.1,3.4,3.4,1.9,3.3,3.55,2.1,3.0,3.1,2.1,3.2,3.0,2.15,3.3,3.4,2008/9,€11.38m,€10.28m,2.1,3.2,3.25,47.619,52.6316,46.5116,47.619,47.619,47.619,29.4118,30.303,30.303,33.3333,31.25,31.25,29.4118,28.169,29.4118,32.2581,30.7692,33.3333,H,48.2699,2.1822,30.9752,1.3461,30.5589,1.9479,ScotishPremierLeague
SC0,13/05/2009,Motherwell,Inverness C,D,2.05,3.4,3.5,2.0,3.25,3.3,1.9,3.3,3.3,2.1,3.2,3.0,2.1,3.3,3.5,2008/9,€13.63m,€10.43m,2.0,3.25,3.4,48.7805,50.0,47.619,52.6316,50.0,47.619,29.4118,30.7692,30.303,30.303,30.7692,31.25,28.5714,30.303,28.5714,30.303,29.4118,33.3333,H,49.4417,1.8911,30.4677,0.6266,30.0823,1.771,ScotishPremierLeague
SC0,16/05/2009,Falkirk,St Mirren,A,2.1,3.4,3.4,2.1,3.25,3.05,2.0,3.2,3.1,2.0,3.2,3.2,2.05,3.2,3.1,2008/9,€14.28m,€10.28m,2.0,3.25,3.4,47.619,47.619,48.7805,50.0,50.0,50.0,29.4118,30.7692,31.25,31.25,30.7692,31.25,29.4118,32.7869,32.2581,32.2581,29.4118,31.25,H,49.0031,1.1715,30.7834,0.712,31.2294,1.4933,ScotishPremierLeague
SC0,16/05/2009,Hamilton,Motherwell,A,2.62,3.2,2.75,2.3,3.25,2.7,2.3,3.1,2.6,2.25,3.2,2.75,2.38,3.1,2.62,2008/9,€11.80m,€13.63m,2.25,3.25,2.8,38.1679,43.4783,42.0168,43.4783,44.4444,44.4444,31.25,30.7692,32.2581,32.2581,30.7692,31.25,36.3636,37.037,38.1679,38.4615,35.7143,36.3636,H,42.6717,2.379,31.4258,0.6796,37.018,1.092,ScotishPremierLeague
SC0,16/05/2009,Hearts,Dundee United,H,2.25,3.2,3.25,2.1,3.25,3.1,2.1,3.1,3.0,2.0,3.2,3.2,2.1,3.2,3.0,2008/9,€37.53m,€15.80m,2.1,3.25,3.25,44.4444,47.619,47.619,47.619,47.619,50.0,31.25,30.7692,31.25,32.2581,30.7692,31.25,30.7692,32.2581,33.3333,33.3333,30.7692,31.25,H,47.4867,1.7687,31.2578,0.5437,31.9522,1.2,ScotishPremierLeague
SC0,16/05/2009,Kilmarnock,Inverness C,H,2.25,3.2,3.25,2.1,3.25,3.05,2.1,3.0,3.1,2.2,3.2,2.8,2.1,3.2,3.0,2008/9,€11.38m,€10.43m,2.1,3.25,3.25,44.4444,47.619,47.619,47.619,47.619,45.4545,31.25,30.7692,31.25,33.3333,30.7692,31.25,30.7692,32.7869,33.3333,32.2581,30.7692,35.7143,H,46.7292,1.4151,31.437,0.9584,32.6052,1.8489,ScotishPremierLeague
SC0,16/05/2009,Rangers,Aberdeen,H,1.25,5.5,12.0,1.25,5.0,9.0,1.27,4.5,8.0,1.25,4.5,10.0,1.25,4.5,10.0,2008/9,€94.48m,€19.55m,1.25,5.0,9.5,80.0,80.0,80.0,78.7402,80.0,80.0,18.1818,20.0,22.2222,22.2222,20.0,22.2222,8.3333,11.1111,10.0,12.5,10.5263,10.0,H,79.79,0.5143,20.8081,1.6854,10.4118,1.38,ScotishPremierLeague
SC0,17/05/2009,Hibernian,Celtic,D,6.5,4.0,1.5,5.0,3.8,1.45,5.4,3.8,1.45,6.0,3.5,1.5,6.0,3.75,1.44,2008/9,€23.70m,€93.10m,6.0,3.75,1.5,15.3846,20.0,16.6667,18.5185,16.6667,16.6667,25.0,26.3158,26.6667,26.3158,26.6667,28.5714,66.6667,68.9655,69.4444,68.9655,66.6667,66.6667,A,17.3172,1.652,26.5894,1.1503,67.8959,1.3578,ScotishPremierLeague
SC0,23/05/2009,Inverness C,Falkirk,A,2.2,3.3,3.25,2.2,3.25,2.8,2.2,3.2,2.8,2.2,3.4,3.2,2.25,3.2,3.3,2008/9,€10.43m,€14.28m,2.1,3.4,3.0,45.4545,45.4545,44.4444,45.4545,47.619,45.4545,30.303,30.7692,31.25,31.25,29.4118,29.4118,30.7692,35.7143,30.303,35.7143,33.3333,31.25,H,45.6469,1.0472,30.3993,0.8419,32.8474,2.4503,ScotishPremierLeague
SC0,23/05/2009,Motherwell,Kilmarnock,A,2.0,3.3,3.75,1.8,3.35,3.9,1.85,3.1,3.6,2.0,3.4,3.75,2.0,3.2,4.0,2008/9,€13.63m,€11.38m,1.9,3.25,3.8,50.0,55.5556,50.0,54.0541,52.6316,50.0,30.303,29.8507,31.25,32.2581,30.7692,29.4118,26.6667,25.641,25.0,27.7778,26.3158,26.6667,H,52.0402,2.4187,30.6405,1.0249,26.3447,0.9556,ScotishPremierLeague
SC0,23/05/2009,St Mirren,Hamilton,A,1.91,3.4,4.0,1.9,3.3,3.55,2.0,3.1,3.2,2.0,3.4,3.75,2.0,3.2,4.0,2008/9,€10.28m,€11.80m,1.9,3.25,3.8,52.356,52.6316,50.0,50.0,52.6316,50.0,29.4118,30.303,31.25,32.2581,30.7692,29.4118,25.0,28.169,25.0,31.25,26.3158,26.6667,H,51.2699,1.3947,30.5673,1.1051,27.0669,2.3656,ScotishPremierLeague
SC0,24/05/2009,Aberdeen,Hibernian,H,1.95,3.4,3.8,1.8,3.35,3.9,1.7,3.3,4.0,1.91,3.5,4.0,1.8,3.5,4.5,2008/9,€19.55m,€23.70m,1.91,3.3,3.7,51.2821,55.5556,55.5556,58.8235,52.356,52.356,29.4118,29.8507,28.5714,30.303,30.303,28.5714,26.3158,25.641,22.2222,25.0,27.027,25.0,H,54.3215,2.8383,29.5019,0.7931,25.201,1.6568,ScotishPremierLeague
SC0,24/05/2009,Celtic,Hearts,D,1.22,6.5,11.0,1.25,5.0,9.0,1.22,4.8,9.5,1.22,6.0,12.0,1.25,6.0,10.0,2008/9,€93.10m,€37.53m,1.25,5.5,10.0,81.9672,80.0,80.0,81.9672,80.0,81.9672,15.3846,20.0,16.6667,20.8333,18.1818,16.6667,9.0909,11.1111,10.0,10.5263,10.0,8.3333,H,80.9836,1.0775,17.9555,2.1187,9.8436,0.9969,ScotishPremierLeague
SC0,24/05/2009,Dundee United,Rangers,A,7.0,4.0,1.5,6.0,4.0,1.45,5.4,3.8,1.45,6.0,4.0,1.53,6.0,4.2,1.53,2008/9,€15.80m,€94.48m,6.0,3.9,1.5,14.2857,16.6667,16.6667,18.5185,16.6667,16.6667,25.0,25.0,23.8095,26.3158,25.641,25.0,66.6667,68.9655,65.3595,68.9655,66.6667,65.3595,A,16.5785,1.3455,25.1277,0.8321,66.9972,1.6328,ScotishPremierLeague
SC0,15/08/2009,Aberdeen,Celtic,A,5.0,3.75,1.67,5.0,3.5,1.6,4.6,3.4,1.6,5.5,3.5,1.53,5.0,3.5,1.57,2009/10,€20.48m,€109.30m,5.5,3.5,1.6,20.0,20.0,20.0,21.7391,18.1818,18.1818,26.6667,28.5714,28.5714,29.4118,28.5714,28.5714,59.8802,62.5,63.6943,62.5,62.5,65.3595,A,19.6838,1.3443,28.394,0.9105,62.739,1.7958,ScotishPremierLeague
SC0,15/08/2009,Hibernian,St Mirren,H,1.83,3.4,4.5,1.75,3.4,4.1,1.8,3.2,3.7,1.73,3.4,4.0,1.7,3.3,4.33,2009/10,€23.00m,€10.30m,1.8,3.3,4.0,54.6448,57.1429,58.8235,55.5556,55.5556,57.8035,29.4118,29.4118,30.303,31.25,30.303,29.4118,22.2222,24.3902,23.0947,27.027,25.0,25.0,H,56.5876,1.5931,30.0152,0.746,24.4557,1.6763,ScotishPremierLeague
SC0,15/08/2009,Kilmarnock,Hamilton,H,1.85,3.4,4.33,1.9,3.3,3.6,1.9,3.1,3.5,1.83,3.3,3.6,1.91,3.2,3.5,2009/10,€11.48m,€13.38m,1.8,3.3,4.0,54.0541,52.6316,52.356,52.6316,55.5556,54.6448,29.4118,30.303,31.25,32.2581,30.303,30.303,23.0947,27.7778,28.5714,28.5714,25.0,27.7778,H,53.6456,1.3064,30.6382,0.9838,26.7988,2.2431,ScotishPremierLeague
SC0,15/08/2009,Rangers,Falkirk,H,1.2,6.0,15.0,1.2,5.5,11.0,1.2,5.0,10.0,1.2,5.0,11.0,1.2,5.0,11.0,2009/10,€82.48m,€11.60m,1.2,5.5,11.0,83.3333,83.3333,83.3333,83.3333,83.3333,83.3333,16.6667,18.1818,20.0,20.0,18.1818,20.0,6.6667,9.0909,9.0909,10.0,9.0909,9.0909,H,83.3333,0.0,18.8384,1.3875,8.8384,1.1243,ScotishPremierLeague
SC0,15/08/2009,St Johnstone,Motherwell,D,2.7,3.2,2.6,2.4,3.25,2.6,2.5,3.0,2.5,2.4,3.25,2.5,2.5,3.1,2.5,2009/10,€11.05m,€12.53m,2.6,3.2,2.5,37.037,41.6667,40.0,40.0,38.4615,41.6667,31.25,30.7692,32.2581,33.3333,31.25,30.7692,38.4615,38.4615,40.0,40.0,40.0,40.0,A,39.8053,1.8152,31.605,1.0063,39.4872,0.7945,ScotishPremierLeague
SC0,17/08/2009,Dundee United,Hearts,H,2.25,3.3,3.1,2.25,3.25,2.8,2.2,3.0,2.9,2.25,3.2,2.75,2.3,3.2,2.62,2009/10,€18.85m,€26.15m,2.2,3.25,3.0,44.4444,44.4444,43.4783,45.4545,45.4545,44.4444,30.303,30.7692,31.25,33.3333,30.7692,31.25,32.2581,35.7143,38.1679,34.4828,33.3333,36.3636,H,44.6201,0.7468,31.2791,1.0672,35.0533,2.1425,ScotishPremierLeague
SC0,22/08/2009,Celtic,St Johnstone,H,1.17,7.0,17.0,1.15,6.0,13.0,1.17,5.5,11.0,1.2,6.0,15.0,1.17,5.5,12.0,2009/10,€109.30m,€11.05m,1.14,6.5,13.0,85.4701,86.9565,85.4701,85.4701,87.7193,83.3333,14.2857,16.6667,18.1818,18.1818,15.3846,16.6667,5.8824,7.6923,8.3333,9.0909,7.6923,6.6667,H,85.7366,1.5105,16.5612,1.5387,7.5596,1.148,ScotishPremierLeague
SC0,22/08/2009,Falkirk,Hibernian,A,2.6,3.3,2.63,2.5,3.25,2.5,2.5,3.0,2.5,2.8,3.3,2.5,2.38,3.1,2.62,2009/10,€11.60m,€23.00m,2.5,3.2,2.6,38.4615,40.0,42.0168,40.0,40.0,35.7143,30.303,30.7692,32.2581,33.3333,31.25,30.303,38.0228,40.0,38.1679,40.0,38.4615,40.0,H,39.3654,2.1159,31.3694,1.2079,39.1087,0.9865,ScotishPremierLeague
SC0,22/08/2009,Hamilton,Aberdeen,A,2.75,3.3,2.5,2.65,3.25,2.35,2.6,3.0,2.4,2.8,3.3,2.5,2.75,3.2,2.25,2009/10,€13.38m,€20.48m,2.6,3.2,2.5,36.3636,37.7358,36.3636,38.4615,38.4615,35.7143,30.303,30.7692,31.25,33.3333,31.25,30.303,40.0,42.5532,44.4444,41.6667,40.0,40.0,A,37.1834,1.1895,31.2014,1.127,41.444,1.8187,ScotishPremierLeague
SC0,22/08/2009,Motherwell,Kilmarnock,H,2.1,3.3,3.5,2.0,3.25,3.3,2.1,3.0,3.1,2.25,3.25,3.25,1.95,3.25,3.3,2009/10,€12.53m,€11.48m,2.0,3.25,3.4,47.619,50.0,51.2821,47.619,50.0,44.4444,30.303,30.7692,30.7692,33.3333,30.7692,30.7692,28.5714,30.303,30.303,32.2581,29.4118,30.7692,H,48.4941,2.4593,31.1189,1.1008,30.2694,1.2511,ScotishPremierLeague
SC0,22/08/2009,St Mirren,Dundee United,D,3.2,3.25,2.25,2.8,3.25,2.25,2.6,3.1,2.3,3.25,3.25,2.25,2.75,3.2,2.25,2009/10,€10.30m,€18.85m,3.0,3.2,2.2,31.25,35.7143,36.3636,38.4615,33.3333,30.7692,30.7692,30.7692,31.25,32.2581,31.25,30.7692,44.4444,44.4444,44.4444,43.4783,45.4545,44.4444,A,34.3153,3.0423,31.1776,0.5794,44.4517,0.625,ScotishPremierLeague
SC0,23/08/2009,Hearts,Rangers,A,5.25,3.6,1.67,4.7,3.45,1.65,4.2,3.2,1.7,5.5,3.5,1.67,4.5,3.3,1.67,2009/10,€26.15m,€82.48m,5.5,3.4,1.6,19.0476,21.2766,22.2222,23.8095,18.1818,18.1818,27.7778,28.9855,30.303,31.25,29.4118,28.5714,59.8802,60.6061,59.8802,58.8235,62.5,59.8802,A,20.4532,2.3395,29.3832,1.2431,60.2617,1.2356,ScotishPremierLeague
SC0,29/08/2009,Aberdeen,Motherwell,D,2.1,3.3,3.5,2.0,3.25,3.3,1.9,3.1,3.5,1.83,3.2,3.75,1.8,3.3,3.75,2009/10,€20.48m,€12.53m,1.9,3.2,3.6,47.619,50.0,55.5556,52.6316,52.6316,54.6448,30.303,30.7692,30.303,32.2581,31.25,31.25,28.5714,30.303,26.6667,28.5714,27.7778,26.6667,H,52.1804,2.9473,31.0222,0.7389,28.0928,1.3791,ScotishPremierLeague
SC0,29/08/2009,Dundee United,Falkirk,H,1.67,3.6,5.5,1.6,3.5,5.0,1.6,3.4,4.6,1.57,3.5,5.0,1.57,3.5,5.0,2009/10,€18.85m,€11.60m,1.67,3.4,4.5,59.8802,62.5,63.6943,62.5,59.8802,63.6943,27.7778,28.5714,28.5714,29.4118,29.4118,28.5714,18.1818,20.0,20.0,21.7391,22.2222,20.0,H,62.0248,1.745,28.7193,0.6182,20.3572,1.4493,ScotishPremierLeague
SC0,29/08/2009,Kilmarnock,St Mirren,A,2.0,3.25,4.0,1.9,3.3,3.6,1.9,3.1,3.5,1.83,3.4,3.6,1.91,3.2,3.5,2009/10,€11.48m,€10.30m,1.9,3.25,3.6,50.0,52.6316,52.356,52.6316,52.6316,54.6448,30.7692,30.303,31.25,32.2581,30.7692,29.4118,25.0,27.7778,28.5714,28.5714,27.7778,27.7778,H,52.4826,1.4779,30.7936,0.9491,27.5794,1.3221,ScotishPremierLeague
SC0,29/08/2009,Rangers,Hamilton,H,1.14,7.5,19.0,1.12,6.5,16.0,1.15,6.0,12.0,1.14,6.0,12.0,1.14,6.0,12.0,2009/10,€82.48m,€13.38m,1.12,6.5,15.0,87.7193,89.2857,87.7193,86.9565,89.2857,87.7193,13.3333,15.3846,16.6667,16.6667,15.3846,16.6667,5.2632,6.25,8.3333,8.3333,6.6667,8.3333,H,88.1143,0.9542,15.6838,1.3117,7.1966,1.326,ScotishPremierLeague
SC0,30/08/2009,Hibernian,Celtic,A,5.5,3.75,1.62,5.5,3.55,1.55,4.6,3.4,1.6,5.0,3.5,1.57,5.5,3.6,1.5,2009/10,€23.00m,€109.30m,5.5,3.6,1.6,18.1818,18.1818,18.1818,21.7391,18.1818,20.0,26.6667,28.169,27.7778,29.4118,27.7778,28.5714,61.7284,64.5161,66.6667,62.5,62.5,63.6943,A,19.0777,1.4929,28.0624,0.9167,63.6009,1.7986,ScotishPremierLeague
SC0,30/08/2009,St Johnstone,Hearts,D,3.1,3.3,2.3,2.9,3.25,2.2,2.5,3.1,2.4,2.8,3.2,2.2,3.0,3.2,2.1,2009/10,€11.05m,€26.15m,2.9,3.2,2.25,32.2581,34.4828,33.3333,40.0,34.4828,35.7143,30.303,30.7692,31.25,32.2581,31.25,31.25,43.4783,45.4545,47.619,41.6667,44.4444,45.4545,A,35.0452,2.6955,31.1801,0.6504,44.6862,2.0207,ScotishPremierLeague
SC0,12/09/2009,Celtic,Dundee United,D,1.25,5.5,13.0,1.18,5.5,12.0,1.22,4.8,9.5,1.25,5.5,12.0,1.22,4.8,10.0,2009/10,€109.30m,€18.85m,1.2,5.5,11.0,80.0,84.7458,81.9672,81.9672,83.3333,80.0,18.1818,18.1818,20.8333,20.8333,18.1818,18.1818,7.6923,8.3333,10.0,10.5263,9.0909,8.3333,H,82.0022,1.8611,19.0656,1.3692,8.996,1.0897,ScotishPremierLeague
SC0,12/09/2009,Motherwell,Rangers,D,6.0,3.8,1.57,5.6,3.75,1.5,4.6,3.4,1.6,6.0,3.75,1.57,5.5,3.6,1.5,2009/10,€12.53m,€82.48m,6.0,3.5,1.53,16.6667,17.8571,18.1818,21.7391,16.6667,16.6667,26.3158,26.6667,27.7778,29.4118,28.5714,26.6667,63.6943,66.6667,66.6667,62.5,65.3595,63.6943,A,17.963,1.9677,27.5684,1.2364,64.7636,1.7326,ScotishPremierLeague
SC0,12/09/2009,St Mirren,St Johnstone,D,2.0,3.4,3.75,2.0,3.25,3.3,2.2,3.0,2.9,2.0,3.4,3.75,2.0,3.2,3.2,2009/10,€10.30m,€11.05m,1.9,3.3,3.5,50.0,50.0,50.0,45.4545,52.6316,50.0,29.4118,30.7692,31.25,33.3333,30.303,29.4118,26.6667,30.303,31.25,34.4828,28.5714,26.6667,H,49.681,2.3228,30.7465,1.4632,29.6568,3.0102,ScotishPremierLeague
SC0,13/09/2009,Hamilton,Hibernian,H,3.75,3.4,2.0,3.3,3.25,2.0,3.1,3.2,2.0,3.75,3.3,2.0,3.2,3.2,2.0,2009/10,€13.38m,€23.00m,3.4,3.25,2.0,26.6667,30.303,31.25,32.2581,29.4118,26.6667,29.4118,30.7692,31.25,31.25,30.7692,30.303,50.0,50.0,50.0,50.0,50.0,50.0,A,29.426,2.3386,30.6255,0.6926,50.0,0.0,ScotishPremierLeague
SC0,14/09/2009,Falkirk,Aberdeen,D,3.1,3.3,2.3,3.05,3.25,2.1,2.8,3.1,2.2,3.2,3.2,2.3,2.8,3.2,2.2,2009/10,€11.60m,€20.48m,2.9,3.25,2.25,32.2581,32.7869,35.7143,35.7143,34.4828,31.25,30.303,30.7692,31.25,32.2581,30.7692,31.25,43.4783,47.619,45.4545,45.4545,44.4444,43.4783,A,33.7011,1.8785,31.0999,0.6694,44.9882,1.5628,ScotishPremierLeague
SC0,15/09/2009,Hearts,Kilmarnock,H,1.73,3.5,4.33,1.6,3.5,5.0,1.8,3.2,3.7,1.73,3.4,4.0,1.73,3.4,4.0,2009/10,€26.15m,€11.48m,1.67,3.4,4.5,57.8035,62.5,57.8035,55.5556,59.8802,57.8035,28.5714,28.5714,29.4118,31.25,29.4118,29.4118,23.0947,20.0,25.0,27.027,22.2222,25.0,H,58.5577,2.3668,29.438,0.9785,23.724,2.4773,ScotishPremierLeague
SC0,19/09/2009,Aberdeen,St Mirren,H,1.8,3.5,4.5,1.65,3.45,4.7,1.65,3.3,4.4,1.67,3.4,4.33,1.67,3.4,4.33,2009/10,€20.48m,€10.30m,1.73,3.4,4.0,55.5556,60.6061,59.8802,60.6061,57.8035,59.8802,28.5714,28.9855,29.4118,30.303,29.4118,29.4118,22.2222,21.2766,23.0947,22.7273,25.0,23.0947,H,59.0553,1.9993,29.3492,0.576,22.9026,1.2337,ScotishPremierLeague
SC0,19/09/2009,Dundee United,Motherwell,A,1.91,3.4,4.0,1.75,3.4,4.1,1.85,3.1,3.6,1.8,3.3,3.75,1.8,3.3,3.75,2009/10,€18.85m,€12.53m,1.91,3.3,3.75,52.356,57.1429,55.5556,54.0541,52.356,55.5556,29.4118,29.4118,30.303,32.2581,30.303,30.303,25.0,24.3902,26.6667,27.7778,26.6667,26.6667,H,54.5034,1.929,30.3318,1.0398,26.1947,1.2536,ScotishPremierLeague
SC0,19/09/2009,Hamilton,Falkirk,D,2.25,3.3,3.2,2.1,3.3,3.0,2.1,3.1,3.0,2.1,3.2,3.0,2.15,3.25,2.88,2009/10,€13.38m,€11.60m,2.25,3.2,3.0,44.4444,47.619,46.5116,47.619,44.4444,47.619,30.303,30.303,30.7692,32.2581,31.25,31.25,31.25,33.3333,34.7222,33.3333,33.3333,33.3333,H,46.3762,1.5566,31.0222,0.7389,33.2176,1.1125,ScotishPremierLeague
SC0,19/09/2009,Hibernian,St Johnstone,H,1.8,3.5,4.5,1.7,3.5,4.22,1.65,3.3,4.4,1.62,3.5,4.5,1.62,3.5,4.5,2009/10,€23.00m,€11.05m,1.8,3.3,4.33,55.5556,58.8235,61.7284,60.6061,55.5556,61.7284,28.5714,28.5714,28.5714,30.303,30.303,28.5714,22.2222,23.6967,22.2222,22.7273,23.0947,22.2222,H,58.9996,2.8715,29.1486,0.8942,22.6975,0.6058,ScotishPremierLeague
SC0,19/09/2009,Kilmarnock,Rangers,D,7.0,4.33,1.44,6.75,4.0,1.4,5.4,3.8,1.45,6.0,3.75,1.44,6.0,3.75,1.44,2009/10,€11.48m,€82.48m,7.5,3.75,1.44,14.2857,14.8148,16.6667,18.5185,13.3333,16.6667,23.0947,25.0,26.6667,26.3158,26.6667,26.6667,69.4444,71.4286,69.4444,68.9655,69.4444,69.4444,A,15.7143,1.9077,25.7351,1.4459,69.6953,0.8705,ScotishPremierLeague
SC0,20/09/2009,Celtic,Hearts,H,1.33,5.0,8.5,1.3,5.0,7.0,1.3,4.2,8.0,1.29,4.5,8.0,1.3,4.33,8.0,2009/10,€109.30m,€26.15m,1.33,4.5,8.5,75.188,76.9231,76.9231,76.9231,75.188,77.5194,20.0,20.0,23.0947,23.8095,22.2222,22.2222,11.7647,14.2857,12.5,12.5,11.7647,12.5,H,76.4441,1.0,21.8914,1.5812,12.5525,0.9223,ScotishPremierLeague
SC0,26/09/2009,Falkirk,Kilmarnock,D,2.4,3.25,2.9,2.35,3.3,2.6,2.3,3.0,2.7,2.38,3.3,2.88,2.3,3.2,2.62,2009/10,€11.60m,€11.48m,2.38,3.2,2.7,41.6667,42.5532,43.4783,43.4783,42.0168,42.0168,30.7692,30.303,31.25,33.3333,31.25,30.303,34.4828,38.4615,38.1679,37.037,37.037,34.7222,H,42.535,0.7837,31.2014,1.127,36.6514,1.691,ScotishPremierLeague
SC0,26/09/2009,Hearts,Hamilton,H,1.53,3.8,6.5,1.5,3.6,6.0,1.55,3.5,4.8,1.5,4.0,7.0,1.5,3.6,5.5,2009/10,€26.15m,€13.38m,1.5,3.6,6.0,65.3595,66.6667,66.6667,64.5161,66.6667,66.6667,26.3158,27.7778,27.7778,28.5714,27.7778,25.0,15.3846,16.6667,18.1818,20.8333,16.6667,14.2857,H,66.0904,0.9318,27.2034,1.3041,17.0031,2.293,ScotishPremierLeague
SC0,26/09/2009,Motherwell,Hibernian,A,2.2,3.25,3.3,2.2,3.3,2.85,2.2,3.1,2.8,2.2,3.3,3.3,2.25,3.2,2.75,2009/10,€12.53m,€23.00m,2.25,3.2,2.8,45.4545,45.4545,44.4444,45.4545,44.4444,45.4545,30.7692,30.303,31.25,32.2581,31.25,30.303,30.303,35.0877,36.3636,35.7143,35.7143,30.303,H,45.1178,0.5216,31.0222,0.7389,33.9143,2.8263,ScotishPremierLeague
SC0,26/09/2009,Rangers,Aberdeen,D,1.33,5.0,9.0,1.3,5.0,7.0,1.33,4.2,8.0,1.33,5.0,9.0,1.29,4.5,8.0,2009/10,€82.48m,€20.48m,1.25,5.0,9.5,75.188,76.9231,77.5194,75.188,80.0,75.188,20.0,20.0,22.2222,23.8095,20.0,20.0,11.1111,14.2857,12.5,12.5,10.5263,11.1111,H,76.6678,1.9216,21.0053,1.6363,12.0057,1.3767,ScotishPremierLeague
SC0,26/09/2009,St Johnstone,Dundee United,A,3.0,3.25,2.38,2.7,3.3,2.3,2.7,3.0,2.3,3.1,3.3,2.3,2.8,3.2,2.2,2009/10,€11.05m,€18.85m,2.9,3.2,2.25,33.3333,37.037,35.7143,37.037,34.4828,32.2581,30.7692,30.303,31.25,33.3333,31.25,30.303,42.0168,43.4783,45.4545,43.4783,44.4444,43.4783,A,34.9771,1.9682,31.2014,1.127,43.7251,1.1497,ScotishPremierLeague
SC0,26/09/2009,St Mirren,Celtic,A,8.5,4.75,1.36,7.0,5.0,1.3,7.0,4.0,1.37,9.0,4.5,1.36,8.0,4.33,1.3,2009/10,€10.30m,€109.30m,7.0,4.33,1.36,11.7647,14.2857,12.5,14.2857,14.2857,11.1111,21.0526,20.0,23.0947,25.0,23.0947,22.2222,73.5294,76.9231,76.9231,72.9927,73.5294,73.5294,A,13.0388,1.4348,22.4107,1.7511,74.5712,1.8336,ScotishPremierLeague
SC0,03/10/2009,Hamilton,St Johnstone,A,2.25,3.4,3.1,2.2,3.25,2.9,2.2,3.0,2.9,2.38,3.3,2.9,2.2,3.2,2.8,2009/10,€13.38m,€11.05m,2.25,3.25,2.9,44.4444,45.4545,45.4545,45.4545,44.4444,42.0168,29.4118,30.7692,31.25,33.3333,30.7692,30.303,32.2581,34.4828,35.7143,34.4828,34.4828,34.4828,H,44.5448,1.3337,30.9728,1.3128,34.3173,1.1226,ScotishPremierLeague
SC0,03/10/2009,Hibernian,Dundee United,D,2.3,3.3,3.1,2.1,3.25,3.05,2.2,3.1,2.8,2.38,3.3,2.9,2.25,3.2,2.75,2009/10,€23.00m,€18.85m,2.25,3.25,2.9,43.4783,47.619,44.4444,45.4545,44.4444,42.0168,30.303,30.7692,31.25,32.2581,30.7692,30.303,32.2581,32.7869,36.3636,35.7143,34.4828,34.4828,H,44.5762,1.8879,30.9421,0.7353,34.3481,1.5982,ScotishPremierLeague
SC0,03/10/2009,Kilmarnock,Aberdeen,D,2.6,3.3,2.63,2.5,3.25,2.5,2.5,3.1,2.4,2.6,3.2,2.7,2.4,3.1,2.6,2009/10,€11.48m,€20.48m,2.4,3.25,2.62,38.4615,40.0,41.6667,40.0,41.6667,38.4615,30.303,30.7692,32.2581,32.2581,30.7692,31.25,38.0228,40.0,38.4615,41.6667,38.1679,37.037,H,40.0427,1.4338,31.2679,0.8234,38.8926,1.6633,ScotishPremierLeague
SC0,03/10/2009,Motherwell,Falkirk,H,1.73,3.6,5.0,1.7,3.4,4.4,1.75,3.3,3.8,1.8,3.4,4.6,1.67,3.4,4.33,2009/10,€12.53m,€11.60m,1.7,3.4,4.5,57.8035,58.8235,59.8802,57.1429,58.8235,55.5556,27.7778,29.4118,29.4118,30.303,29.4118,29.4118,20.0,22.7273,23.0947,26.3158,22.2222,21.7391,H,58.0049,1.5258,29.288,0.8212,22.6832,2.0818,ScotishPremierLeague
SC0,03/10/2009,St Mirren,Hearts,H,3.1,3.3,2.3,2.9,3.25,2.2,2.8,3.1,2.2,3.1,3.3,2.25,2.75,3.2,2.25,2009/10,€10.30m,€26.15m,3.0,3.25,2.2,32.2581,34.4828,36.3636,35.7143,33.3333,32.2581,30.303,30.7692,31.25,32.2581,30.7692,30.303,43.4783,45.4545,44.4444,45.4545,45.4545,44.4444,A,34.0684,1.746,30.9421,0.7353,44.7884,0.8104,ScotishPremierLeague
SC0,04/10/2009,Rangers,Celtic,H,2.4,3.25,2.9,2.25,3.2,2.9,2.4,3.1,2.7,2.4,3.25,2.9,2.25,3.2,2.75,2009/10,€82.48m,€109.30m,2.38,3.2,2.75,41.6667,44.4444,44.4444,41.6667,42.0168,41.6667,30.7692,31.25,31.25,32.2581,31.25,30.7692,34.4828,34.4828,36.3636,37.037,36.3636,34.4828,H,42.6509,1.3958,31.2578,0.5437,35.5354,1.179,ScotishPremierLeague
SC0,17/10/2009,Aberdeen,Hearts,D,2.3,3.3,3.1,2.2,3.25,2.85,2.2,3.1,2.8,2.3,3.0,3.4,2.25,3.2,2.75,2009/10,€20.48m,€26.15m,2.25,3.2,2.9,43.4783,45.4545,44.4444,45.4545,44.4444,43.4783,30.303,30.7692,31.25,32.2581,31.25,33.3333,32.2581,35.0877,36.3636,35.7143,34.4828,29.4118,H,44.4591,0.8839,31.5273,1.0976,33.8864,2.6058,ScotishPremierLeague
SC0,17/10/2009,Celtic,Motherwell,D,1.25,5.5,12.0,1.2,5.5,11.0,1.25,4.5,9.0,1.25,5.5,12.0,1.22,4.8,10.0,2009/10,€109.30m,€12.53m,1.25,5.0,10.0,80.0,83.3333,81.9672,80.0,80.0,80.0,18.1818,18.1818,20.8333,22.2222,20.0,18.1818,8.3333,9.0909,10.0,11.1111,10.0,8.3333,H,80.8834,1.4351,19.6002,1.7083,9.4781,1.0938,ScotishPremierLeague
SC0,17/10/2009,Dundee United,Hamilton,D,1.5,4.2,6.25,1.45,3.8,6.5,1.5,3.7,5.0,1.5,4.0,7.0,1.44,3.75,6.0,2009/10,€18.85m,€13.38m,1.44,3.75,6.5,66.6667,68.9655,69.4444,66.6667,69.4444,66.6667,23.8095,26.3158,26.6667,27.027,26.6667,25.0,16.0,15.3846,16.6667,20.0,15.3846,14.2857,H,67.9757,1.4446,25.9143,1.2488,16.2869,1.9823,ScotishPremierLeague
SC0,17/10/2009,Falkirk,St Mirren,A,2.4,3.3,2.88,2.3,3.25,2.75,2.4,3.0,2.6,2.38,3.4,2.88,2.4,3.1,2.6,2009/10,€11.60m,€10.30m,2.4,3.2,2.62,41.6667,43.4783,41.6667,41.6667,41.6667,42.0168,30.303,30.7692,32.2581,33.3333,31.25,29.4118,34.7222,36.3636,38.4615,38.4615,38.1679,34.7222,H,42.027,0.7247,31.2209,1.4042,36.8165,1.8009,ScotishPremierLeague
SC0,17/10/2009,Hibernian,Kilmarnock,H,1.91,3.4,4.2,1.7,3.4,4.4,1.7,3.2,4.2,1.8,3.5,4.5,1.73,3.4,4.0,2009/10,€23.00m,€11.48m,1.7,3.4,4.33,52.356,58.8235,57.8035,58.8235,58.8235,55.5556,29.4118,29.4118,29.4118,31.25,29.4118,28.5714,23.8095,22.7273,25.0,23.8095,23.0947,22.2222,H,57.0309,2.618,29.5781,0.8854,23.4439,0.9815,ScotishPremierLeague
SC0,17/10/2009,St Johnstone,Rangers,A,7.5,4.2,1.44,6.0,4.0,1.44,5.4,3.8,1.45,7.0,4.0,1.5,6.0,3.75,1.44,2009/10,€11.05m,€82.48m,7.0,4.0,1.44,13.3333,16.6667,16.6667,18.5185,14.2857,14.2857,23.8095,25.0,26.6667,26.3158,25.0,25.0,69.4444,69.4444,69.4444,68.9655,69.4444,66.6667,A,15.6261,1.9689,25.2987,1.0384,68.9016,1.1115,ScotishPremierLeague
SC0,24/10/2009,Aberdeen,Dundee United,A,2.38,3.25,3.0,2.1,3.25,3.05,2.3,3.0,2.7,2.38,3.4,2.88,2.25,3.2,2.75,2009/10,€20.48m,€18.85m,2.4,3.2,2.6,42.0168,47.619,44.4444,43.4783,41.6667,42.0168,30.7692,30.7692,31.25,33.3333,31.25,29.4118,33.3333,32.7869,36.3636,37.037,38.4615,34.7222,H,43.5403,2.2632,31.1306,1.2725,35.4508,2.2147,ScotishPremierLeague
SC0,24/10/2009,Hearts,Falkirk,D,1.57,3.75,6.0,1.5,3.75,5.75,1.55,3.5,4.8,1.62,3.75,5.5,1.53,3.5,5.5,2009/10,€26.15m,€11.60m,1.5,3.6,6.0,63.6943,66.6667,65.3595,64.5161,66.6667,61.7284,26.6667,26.6667,28.5714,28.5714,27.7778,26.6667,16.6667,17.3913,18.1818,20.8333,16.6667,18.1818,H,64.7719,1.8982,27.4868,0.9439,17.9869,1.5504,ScotishPremierLeague
SC0,24/10/2009,Kilmarnock,St Johnstone,H,2.2,3.25,3.25,2.15,3.2,3.0,2.1,3.1,3.0,2.2,3.3,3.3,1.95,3.25,3.3,2009/10,€11.48m,€11.05m,2.2,3.2,3.0,45.4545,46.5116,51.2821,47.619,45.4545,45.4545,30.7692,31.25,30.7692,32.2581,31.25,30.303,30.7692,33.3333,30.303,33.3333,33.3333,30.303,H,46.9627,2.2854,31.0999,0.6694,31.8958,1.5838,ScotishPremierLeague
SC0,24/10/2009,Rangers,Hibernian,D,1.36,4.6,8.5,1.35,4.33,7.5,1.35,4.0,7.0,1.36,4.5,9.0,1.29,4.5,8.0,2009/10,€82.48m,€23.00m,1.3,4.5,8.5,73.5294,74.0741,77.5194,74.0741,76.9231,73.5294,21.7391,23.0947,22.2222,25.0,22.2222,22.2222,11.7647,13.3333,12.5,14.2857,11.7647,11.1111,H,74.9416,1.7925,22.7501,1.1865,12.4599,1.1734,ScotishPremierLeague
SC0,24/10/2009,St Mirren,Motherwell,D,2.63,3.2,2.75,2.4,3.25,2.6,2.5,3.0,2.5,2.5,3.3,2.8,2.5,3.1,2.5,2009/10,€10.30m,€12.53m,2.4,3.25,2.6,38.0228,41.6667,40.0,40.0,41.6667,40.0,31.25,30.7692,32.2581,33.3333,30.7692,30.303,36.3636,38.4615,40.0,40.0,38.4615,35.7143,H,40.226,1.3534,31.4471,1.1386,38.1668,1.7978,ScotishPremierLeague
SC0,25/10/2009,Hamilton,Celtic,A,10.0,5.25,1.29,8.5,5.25,1.25,7.0,4.0,1.35,9.0,4.5,1.36,8.0,4.5,1.29,2009/10,€13.38m,€109.30m,8.0,4.33,1.33,10.0,11.7647,12.5,14.2857,12.5,11.1111,19.0476,19.0476,22.2222,25.0,23.0947,22.2222,77.5194,80.0,77.5194,74.0741,75.188,73.5294,A,12.0269,1.4537,21.7724,2.3418,76.3051,2.4711,ScotishPremierLeague
SC0,31/10/2009,Celtic,Kilmarnock,H,1.22,5.5,15.0,1.2,5.5,11.0,1.2,5.2,11.0,1.25,5.5,12.0,1.2,5.0,11.0,2009/10,€109.30m,€11.48m,1.2,5.5,11.0,81.9672,83.3333,83.3333,83.3333,83.3333,80.0,18.1818,18.1818,20.0,19.2308,18.1818,18.1818,6.6667,9.0909,9.0909,9.0909,9.0909,8.3333,H,82.5501,1.3636,18.6597,0.7792,8.5606,0.9761,ScotishPremierLeague
SC0,31/10/2009,Hibernian,Aberdeen,H,2.1,3.3,3.5,2.0,3.25,3.3,2.0,3.2,3.3,2.0,3.4,3.75,2.1,3.2,3.0,2009/10,€23.00m,€20.48m,2.0,3.25,3.4,47.619,50.0,47.619,50.0,50.0,50.0,30.303,30.7692,31.25,31.25,30.7692,29.4118,28.5714,30.303,33.3333,30.303,29.4118,26.6667,H,49.2063,1.2295,30.6255,0.6926,29.7649,2.2118,ScotishPremierLeague
SC0,31/10/2009,Motherwell,Hearts,H,2.4,3.2,3.0,2.25,3.25,2.8,2.2,3.2,2.9,2.38,3.25,3.0,2.3,3.2,2.62,2009/10,€12.53m,€26.15m,2.38,3.25,2.62,41.6667,44.4444,43.4783,45.4545,42.0168,42.0168,31.25,30.7692,31.25,31.25,30.7692,30.7692,33.3333,35.7143,38.1679,34.4828,38.1679,33.3333,H,43.1796,1.5399,31.0096,0.2633,35.5332,2.2225,ScotishPremierLeague
SC0,31/10/2009,St Johnstone,Falkirk,H,2.1,3.3,3.5,1.9,3.3,3.6,2.0,3.2,3.3,2.1,3.4,3.4,1.95,3.25,3.3,2009/10,€11.05m,€11.60m,2.0,3.25,3.4,47.619,52.6316,51.2821,50.0,50.0,47.619,30.303,30.303,30.7692,31.25,30.7692,29.4118,28.5714,27.7778,30.303,30.303,29.4118,29.4118,H,49.8586,1.9893,30.4677,0.6266,29.2965,0.9884,ScotishPremierLeague
SC0,31/10/2009,St Mirren,Hamilton,A,1.91,3.3,4.0,1.8,3.35,3.9,1.8,3.2,4.0,1.83,3.5,4.33,1.83,3.2,3.75,2009/10,€10.30m,€13.38m,1.85,3.25,4.0,52.356,55.5556,54.6448,55.5556,54.0541,54.6448,30.303,29.8507,31.25,31.25,30.7692,28.5714,25.0,25.641,26.6667,25.0,25.0,23.0947,H,54.4685,1.1883,30.3324,1.0207,25.0671,1.1655,ScotishPremierLeague
SC0,07/11/2009,Aberdeen,St Johnstone,H,2.0,3.3,3.8,1.9,3.3,3.55,1.85,3.2,3.8,1.91,3.4,4.0,1.91,3.2,3.5,2009/10,€20.48m,€11.05m,2.1,3.12,3.25,50.0,52.6316,52.356,54.0541,47.619,52.356,30.303,30.303,31.25,31.25,32.0513,29.4118,26.3158,28.169,28.5714,26.3158,30.7692,25.0,H,51.5028,2.3057,30.7615,0.9363,27.5235,2.0656,ScotishPremierLeague
SC0,07/11/2009,Hamilton,Motherwell,D,3.1,3.3,2.3,2.75,3.25,2.3,2.9,3.2,2.2,3.1,3.3,2.3,2.8,3.2,2.2,2009/10,€13.38m,€12.53m,2.75,3.25,2.3,32.2581,36.3636,35.7143,34.4828,36.3636,32.2581,30.303,30.7692,31.25,31.25,30.7692,30.303,43.4783,43.4783,45.4545,45.4545,43.4783,43.4783,A,34.5734,1.9205,30.7741,0.4235,44.137,1.0205,ScotishPremierLeague
SC0,07/11/2009,Hearts,Hibernian,D,2.5,3.25,2.8,2.5,3.25,2.5,2.4,3.2,2.6,2.5,3.3,2.8,2.37,3.1,2.62,2009/10,€26.15m,€23.00m,2.38,3.25,2.7,40.0,40.0,42.1941,41.6667,42.0168,40.0,30.7692,30.7692,32.2581,31.25,30.7692,30.303,35.7143,40.0,38.1679,38.4615,37.037,35.7143,H,40.9796,1.0864,31.0198,0.6765,37.5158,1.6859,ScotishPremierLeague
SC0,07/11/2009,Kilmarnock,Dundee United,A,3.1,3.3,2.3,2.75,3.25,2.3,2.6,3.2,2.4,2.9,3.3,2.4,2.75,3.2,2.25,2009/10,€11.48m,€18.85m,2.75,3.25,2.3,32.2581,36.3636,36.3636,38.4615,36.3636,34.4828,30.303,30.7692,31.25,31.25,30.7692,30.303,43.4783,43.4783,44.4444,41.6667,43.4783,41.6667,A,35.7155,2.1106,30.7741,0.4235,43.0354,1.1243,ScotishPremierLeague
SC0,07/11/2009,Rangers,St Mirren,H,1.25,5.5,12.0,1.2,5.5,11.0,1.22,5.2,11.0,1.29,5.0,12.0,1.28,4.5,8.0,2009/10,€82.48m,€10.30m,1.25,5.0,11.0,80.0,83.3333,78.125,81.9672,80.0,77.5194,18.1818,18.1818,22.2222,19.2308,20.0,20.0,8.3333,9.0909,12.5,9.0909,9.0909,8.3333,H,80.1575,2.2136,19.6361,1.5065,9.4066,1.5603,ScotishPremierLeague
SC0,08/11/2009,Falkirk,Celtic,D,11.0,5.0,1.29,8.5,5.25,1.25,8.0,4.5,1.33,12.0,5.0,1.29,8.0,4.5,1.28,2009/10,€11.60m,€109.30m,8.5,4.5,1.3,9.0909,11.7647,12.5,12.5,11.7647,8.3333,20.0,19.0476,22.2222,22.2222,22.2222,20.0,77.5194,80.0,78.125,75.188,76.9231,77.5194,A,10.9923,1.8125,20.9524,1.4338,77.5458,1.5689,ScotishPremierLeague
SC0,21/11/2009,Falkirk,Hamilton,H,2.1,3.3,3.5,2.1,3.25,3.05,2.2,3.1,3.0,2.2,3.3,3.3,2.1,3.3,2.87,2009/10,€11.60m,€13.38m,2.1,3.2,3.4,47.619,47.619,47.619,45.4545,47.619,45.4545,30.303,30.7692,30.303,32.2581,31.25,30.303,28.5714,32.7869,34.8432,33.3333,29.4118,30.303,H,46.8975,1.1177,30.8644,0.7805,31.5416,2.472,ScotishPremierLeague
SC0,21/11/2009,Hearts,St Johnstone,A,1.91,3.75,3.6,1.75,3.4,4.1,1.8,3.2,4.0,1.91,3.5,4.0,1.8,3.4,3.6,2009/10,€26.15m,€11.05m,1.91,3.3,3.8,52.356,57.1429,55.5556,55.5556,52.356,52.356,26.6667,29.4118,29.4118,31.25,30.303,28.5714,27.7778,24.3902,27.7778,25.0,26.3158,25.0,H,54.2204,2.1229,29.2691,1.568,26.0436,1.4833,ScotishPremierLeague
SC0,21/11/2009,Motherwell,Aberdeen,D,2.3,3.2,3.2,2.25,3.25,2.8,2.1,3.1,3.2,2.38,3.25,3.0,2.2,3.2,2.8,2009/10,€12.53m,€20.48m,2.25,3.25,3.0,43.4783,44.4444,45.4545,47.619,44.4444,42.0168,31.25,30.7692,31.25,32.2581,30.7692,30.7692,31.25,35.7143,35.7143,31.25,33.3333,33.3333,H,44.5762,1.8879,31.1776,0.5794,33.4325,1.998,ScotishPremierLeague
SC0,21/11/2009,Rangers,Kilmarnock,H,1.29,5.25,11.0,1.22,5.25,10.0,1.25,5.0,9.0,1.29,5.0,12.0,1.2,5.0,11.0,2009/10,€82.48m,€11.48m,1.3,5.0,9.0,77.5194,81.9672,83.3333,80.0,76.9231,77.5194,19.0476,19.0476,20.0,20.0,20.0,20.0,9.0909,10.0,9.0909,11.1111,11.1111,8.3333,H,79.5437,2.6648,19.6825,0.4918,9.7896,1.1519,ScotishPremierLeague
SC0,21/11/2009,St Mirren,Hibernian,D,3.0,3.25,2.38,3.05,3.25,2.1,3.0,3.1,2.2,3.0,3.4,2.3,2.8,3.2,2.2,2009/10,€10.30m,€23.00m,3.0,3.3,2.25,33.3333,32.7869,35.7143,33.3333,33.3333,33.3333,30.7692,30.7692,31.25,32.2581,30.303,29.4118,42.0168,47.619,45.4545,45.4545,44.4444,43.4783,A,33.6391,1.0399,30.7936,0.9491,44.7446,1.9186,ScotishPremierLeague
SC0,22/11/2009,Dundee United,Celtic,H,4.2,3.6,1.83,4.1,3.4,1.75,3.7,3.3,1.85,4.33,3.5,1.83,3.75,3.3,1.8,2009/10,€18.85m,€109.30m,3.8,3.5,1.85,23.8095,24.3902,26.6667,27.027,26.3158,23.0947,27.7778,29.4118,30.303,30.303,28.5714,28.5714,54.6448,57.1429,55.5556,54.0541,54.0541,54.6448,A,25.2173,1.6585,29.1564,1.0276,55.016,1.1782,ScotishPremierLeague
SC0,28/11/2009,Aberdeen,Rangers,H,4.5,3.7,1.75,4.7,3.45,1.65,3.6,3.2,1.9,4.33,3.2,1.73,4.0,3.4,1.73,2009/10,€20.48m,€82.48m,4.33,3.3,1.85,22.2222,21.2766,25.0,27.7778,23.0947,23.0947,27.027,28.9855,29.4118,31.25,30.303,31.25,57.1429,60.6061,57.8035,52.6316,54.0541,57.8035,A,23.7443,2.3279,29.7046,1.6067,56.6736,2.8788,ScotishPremierLeague
SC0,28/11/2009,Celtic,St Mirren,H,1.25,5.5,12.0,1.23,5.25,9.5,1.25,4.8,9.5,1.22,5.0,10.0,1.2,5.0,11.0,2009/10,€109.30m,€10.30m,1.25,5.0,12.0,80.0,81.3008,83.3333,80.0,80.0,81.9672,18.1818,19.0476,20.0,20.8333,20.0,20.0,8.3333,10.5263,9.0909,10.5263,8.3333,10.0,H,81.1002,1.3719,19.6771,0.9254,9.4683,1.0237,ScotishPremierLeague
SC0,28/11/2009,Hibernian,Falkirk,H,1.57,3.6,6.5,1.53,3.65,5.5,1.55,3.7,5.0,1.5,3.6,5.5,1.5,3.6,5.5,2009/10,€23.00m,€11.60m,1.53,3.6,6.5,63.6943,65.3595,66.6667,64.5161,65.3595,66.6667,27.7778,27.3973,27.7778,27.027,27.7778,27.7778,15.3846,18.1818,18.1818,20.0,15.3846,18.1818,H,65.3771,1.1747,27.5893,0.3147,17.5524,1.8209,ScotishPremierLeague
SC0,28/11/2009,Kilmarnock,Hearts,A,2.7,3.2,2.6,2.65,3.25,2.35,2.55,3.1,2.55,2.38,3.2,2.6,2.5,3.1,2.5,2009/10,€11.48m,€26.15m,2.6,3.2,2.6,37.037,37.7358,40.0,39.2157,38.4615,42.0168,31.25,30.7692,32.2581,32.2581,31.25,31.25,38.4615,42.5532,40.0,39.2157,38.4615,38.4615,A,39.0778,1.7806,31.5059,0.6117,39.5256,1.6053,ScotishPremierLeague
SC0,28/11/2009,Motherwell,Dundee United,D,2.6,3.2,2.7,2.35,3.25,2.65,2.55,3.1,2.55,2.5,3.2,2.5,2.5,3.1,2.5,2009/10,€12.53m,€18.85m,2.4,3.25,2.8,38.4615,42.5532,40.0,39.2157,41.6667,40.0,31.25,30.7692,32.2581,32.2581,30.7692,31.25,37.037,37.7358,40.0,39.2157,35.7143,40.0,H,40.3162,1.5283,31.4258,0.6796,38.2838,1.7445,ScotishPremierLeague
SC0,28/11/2009,St Johnstone,Hamilton,D,1.83,3.4,4.5,1.85,3.4,3.6,1.85,3.2,3.8,1.83,3.3,3.6,1.73,3.4,4.0,2009/10,€11.05m,€13.38m,1.75,3.4,4.6,54.6448,54.0541,57.8035,54.0541,57.1429,54.6448,29.4118,29.4118,29.4118,31.25,29.4118,30.303,22.2222,27.7778,25.0,26.3158,21.7391,27.7778,H,55.3907,1.6479,29.8667,0.7657,25.1388,2.6607,ScotishPremierLeague
SC0,05/12/2009,Celtic,Aberdeen,H,1.36,4.5,9.0,1.3,4.5,8.5,1.37,4.2,7.5,1.4,4.5,8.0,1.33,4.0,8.0,2009/10,€109.30m,€20.48m,1.33,4.5,9.0,73.5294,76.9231,75.188,72.9927,75.188,71.4286,22.2222,22.2222,25.0,23.8095,22.2222,22.2222,11.1111,11.7647,12.5,13.3333,11.1111,12.5,H,74.2083,1.9471,22.9497,1.1883,12.0534,0.8828,ScotishPremierLeague
SC0,05/12/2009,Dundee United,St Mirren,H,1.67,3.5,5.5,1.55,3.75,5.0,1.55,3.7,5.0,1.62,3.6,6.0,1.57,3.5,5.0,2009/10,€18.85m,€10.30m,1.67,3.3,5.5,59.8802,64.5161,63.6943,64.5161,59.8802,61.7284,28.5714,26.6667,28.5714,27.027,30.303,27.7778,18.1818,20.0,20.0,20.0,18.1818,16.6667,H,62.3692,2.1806,28.1529,1.3108,18.8384,1.3875,ScotishPremierLeague
SC0,05/12/2009,Falkirk,Rangers,A,7.5,4.5,1.4,6.25,4.25,1.4,6.5,4.0,1.4,7.0,4.33,1.44,6.5,4.0,1.4,2009/10,€11.60m,€82.48m,7.0,4.0,1.44,13.3333,16.0,15.3846,15.3846,14.2857,14.2857,22.2222,23.5294,25.0,25.0,25.0,23.0947,71.4286,71.4286,71.4286,71.4286,69.4444,69.4444,A,14.779,0.9799,23.9744,1.1998,70.7672,1.0246,ScotishPremierLeague
SC0,05/12/2009,Hibernian,Motherwell,H,1.91,3.4,4.0,1.85,3.4,3.6,2.0,3.2,3.3,1.91,3.4,4.0,1.91,3.2,3.5,2009/10,€23.00m,€12.53m,2.0,3.2,3.75,52.356,54.0541,52.356,50.0,50.0,52.356,29.4118,29.4118,31.25,31.25,31.25,29.4118,25.0,27.7778,28.5714,30.303,26.6667,25.0,H,51.8537,1.5793,30.3309,1.0068,27.2198,2.0883,ScotishPremierLeague
SC0,05/12/2009,St Johnstone,Kilmarnock,A,2.1,3.4,3.4,2.0,3.25,3.3,2.0,3.2,3.3,2.1,3.3,3.5,2.0,3.2,3.2,2009/10,€11.05m,€11.48m,2.0,3.3,3.6,47.619,50.0,50.0,50.0,50.0,47.619,29.4118,30.7692,31.25,31.25,30.303,30.303,29.4118,30.303,31.25,30.303,27.7778,28.5714,H,49.2063,1.2295,30.5478,0.6994,29.6028,1.2747,ScotishPremierLeague
SC0,06/12/2009,Hamilton,Hearts,H,3.2,3.3,2.25,3.05,3.25,2.1,2.7,3.2,2.3,3.0,3.3,2.3,2.8,3.2,2.2,2009/10,€13.38m,€26.15m,2.9,3.3,2.3,31.25,32.7869,35.7143,37.037,34.4828,33.3333,30.303,30.7692,31.25,31.25,30.303,30.303,44.4444,47.619,45.4545,43.4783,43.4783,43.4783,A,34.1007,2.0887,30.6964,0.4653,44.6588,1.6506,ScotishPremierLeague
SC0,12/12/2009,Aberdeen,Hamilton,A,1.67,3.6,5.25,1.7,3.4,4.4,1.7,3.4,4.3,1.57,3.5,5.0,1.67,3.4,4.33,2009/10,€20.48m,€13.38m,1.73,3.5,4.75,59.8802,58.8235,59.8802,58.8235,57.8035,63.6943,27.7778,29.4118,29.4118,29.4118,28.5714,28.5714,19.0476,22.7273,23.0947,23.2558,21.0526,20.0,H,59.8175,2.0528,28.8593,0.671,21.5297,1.7659,ScotishPremierLeague
SC0,12/12/2009,Hearts,Dundee United,D,2.9,3.25,2.4,2.7,3.25,2.3,2.6,3.1,2.5,2.6,3.2,2.38,2.62,3.2,2.3,2009/10,€26.15m,€18.85m,3.0,3.2,2.3,34.4828,37.037,38.1679,38.4615,33.3333,38.4615,30.7692,30.7692,31.25,32.2581,31.25,31.25,41.6667,43.4783,43.4783,40.0,43.4783,42.0168,A,36.6573,2.2232,31.2578,0.5437,42.3531,1.4085,ScotishPremierLeague
SC0,12/12/2009,Kilmarnock,Hibernian,D,2.9,3.25,2.4,2.7,3.25,2.3,2.8,3.1,2.3,3.0,3.2,2.1,2.62,3.2,2.3,2009/10,€11.48m,€23.00m,3.0,3.25,2.3,34.4828,37.037,38.1679,35.7143,33.3333,33.3333,30.7692,30.7692,31.25,32.2581,30.7692,31.25,41.6667,43.4783,43.4783,43.4783,43.4783,47.619,A,35.3448,1.9902,31.1776,0.5794,43.8665,1.976,ScotishPremierLeague
SC0,12/12/2009,Motherwell,Celtic,A,6.0,4.0,1.53,5.5,3.8,1.5,4.8,3.6,1.6,5.5,3.5,1.53,5.0,3.6,1.53,2009/10,€12.53m,€109.30m,6.5,3.75,1.53,16.6667,18.1818,20.0,20.8333,15.3846,18.1818,25.0,26.3158,27.7778,27.7778,26.6667,28.5714,65.3595,66.6667,65.3595,62.5,65.3595,65.3595,A,18.208,2.0225,27.0182,1.285,65.1008,1.3772,ScotishPremierLeague
SC0,12/12/2009,Rangers,St Johnstone,H,1.3,5.0,10.0,1.25,5.0,9.0,1.22,5.0,10.0,1.22,5.0,10.0,1.22,4.8,10.0,2009/10,€82.48m,€11.05m,1.29,4.75,11.0,76.9231,80.0,81.9672,81.9672,77.5194,81.9672,20.0,20.0,20.8333,20.0,21.0526,20.0,10.0,11.1111,10.0,10.0,9.0909,10.0,H,80.0574,2.3328,20.3143,0.4919,10.0337,0.641,ScotishPremierLeague
SC0,12/12/2009,St Mirren,Falkirk,D,2.1,3.25,3.6,1.9,3.3,3.55,2.0,3.2,3.3,1.8,3.4,3.6,2.0,3.2,3.2,2009/10,€10.30m,€11.60m,2.0,3.2,3.75,47.619,52.6316,50.0,50.0,50.0,55.5556,30.7692,30.303,31.25,31.25,31.25,29.4118,27.7778,28.169,31.25,30.303,26.6667,27.7778,H,50.9677,2.751,30.7057,0.7388,28.6574,1.7423,ScotishPremierLeague
SC0,15/12/2009,Dundee United,Rangers,A,4.0,3.4,1.91,3.65,3.4,1.85,3.3,3.2,2.0,4.0,3.4,1.91,3.8,3.4,1.95,2009/10,€18.85m,€82.48m,3.75,3.4,1.91,25.0,27.3973,26.3158,30.303,26.6667,25.0,29.4118,29.4118,29.4118,31.25,29.4118,29.4118,52.356,54.0541,51.2821,50.0,52.356,52.356,A,26.7805,1.9676,29.7182,0.7504,52.0674,1.3482,ScotishPremierLeague
SC0,19/12/2009,Aberdeen,Hibernian,A,2.6,3.25,2.7,2.45,3.25,2.55,2.4,3.1,2.7,2.5,3.3,2.8,2.5,3.1,2.5,2009/10,€20.48m,€23.00m,2.5,3.2,2.75,38.4615,40.8163,40.0,41.6667,40.0,40.0,30.7692,30.7692,32.2581,32.2581,31.25,30.303,37.037,39.2157,40.0,37.037,36.3636,35.7143,H,40.1574,1.0642,31.2679,0.8234,37.5613,1.6781,ScotishPremierLeague
SC0,19/12/2009,Kilmarnock,Falkirk,A,2.0,3.3,3.8,1.85,3.4,3.6,2.0,3.2,3.3,2.0,3.4,3.75,1.91,3.25,3.4,2009/10,€11.48m,€11.60m,2.0,3.2,3.75,50.0,54.0541,52.356,50.0,50.0,50.0,30.303,29.4118,30.7692,31.25,31.25,29.4118,26.3158,27.7778,29.4118,30.303,26.6667,26.6667,H,51.0684,1.74,30.3993,0.8419,27.857,1.6502,ScotishPremierLeague
SC0,19/12/2009,Rangers,Motherwell,H,1.25,5.75,11.0,1.22,6.0,8.0,1.27,4.6,9.0,1.25,5.5,13.0,1.22,5.0,9.0,2009/10,€82.48m,€12.53m,1.22,5.5,13.0,80.0,81.9672,81.9672,78.7402,81.9672,80.0,17.3913,16.6667,20.0,21.7391,18.1818,18.1818,9.0909,12.5,11.1111,11.1111,7.6923,7.6923,H,80.7736,1.386,18.6934,1.8606,9.8663,2.0045,ScotishPremierLeague
SC0,19/12/2009,St Johnstone,St Mirren,H,2.25,3.25,3.25,2.1,3.25,3.05,2.2,3.1,3.0,2.25,3.25,3.25,2.05,3.2,3.1,2009/10,€11.05m,€10.30m,2.2,3.25,3.2,44.4444,47.619,48.7805,45.4545,45.4545,44.4444,30.7692,30.7692,31.25,32.2581,30.7692,30.7692,30.7692,32.7869,32.2581,33.3333,31.25,30.7692,H,46.0329,1.7766,31.0975,0.6002,31.8611,1.09,ScotishPremierLeague
SC0,20/12/2009,Hearts,Celtic,H,5.5,3.75,1.62,5.0,3.75,1.55,4.8,3.6,1.6,6.0,3.75,1.57,5.0,3.5,1.57,2009/10,€26.15m,€109.30m,6.0,3.6,1.57,18.1818,20.0,20.0,20.8333,16.6667,16.6667,26.6667,26.6667,28.5714,27.7778,27.7778,26.6667,61.7284,64.5161,63.6943,62.5,63.6943,63.6943,A,18.7247,1.8146,27.3545,0.8073,63.3046,1.0055,ScotishPremierLeague
SC0,26/12/2009,Celtic,Hamilton,H,1.2,6.0,15.0,1.2,6.0,9.0,1.22,5.0,10.0,1.2,6.5,13.0,1.14,6.0,12.0,2009/10,€109.30m,€13.38m,1.14,6.5,21.0,83.3333,83.3333,87.7193,81.9672,87.7193,83.3333,16.6667,16.6667,16.6667,20.0,15.3846,15.3846,6.6667,11.1111,8.3333,10.0,4.7619,7.6923,H,84.5676,2.498,16.7949,1.6911,8.0942,2.2845,ScotishPremierLeague
SC0,26/12/2009,Dundee United,Kilmarnock,D,1.62,3.8,5.75,1.5,3.8,5.5,1.5,3.8,5.5,1.62,3.75,5.5,1.61,3.5,4.5,2009/10,€18.85m,€11.48m,1.62,3.6,5.5,61.7284,66.6667,62.1118,66.6667,61.7284,61.7284,26.3158,26.3158,28.5714,26.3158,27.7778,26.6667,17.3913,18.1818,22.2222,18.1818,18.1818,18.1818,H,63.4384,2.505,26.9939,0.9581,18.7234,1.743,ScotishPremierLeague
SC0,26/12/2009,Falkirk,Hearts,A,3.0,3.25,2.38,2.6,3.25,2.4,2.6,3.2,2.4,2.88,3.3,2.38,2.75,3.25,2.2,2009/10,€11.60m,€26.15m,2.88,3.2,2.38,33.3333,38.4615,36.3636,38.4615,34.7222,34.7222,30.7692,30.7692,30.7692,31.25,31.25,30.303,42.0168,41.6667,45.4545,41.6667,42.0168,42.0168,A,36.0107,2.1273,30.8518,0.3574,42.473,1.4706,ScotishPremierLeague
SC0,26/12/2009,Motherwell,St Johnstone,A,2.0,3.4,3.7,1.8,3.5,3.7,1.9,3.2,3.6,2.0,3.3,3.75,1.91,3.25,3.4,2009/10,€12.53m,€11.05m,2.0,3.4,3.6,50.0,55.5556,52.356,52.6316,50.0,50.0,29.4118,28.5714,30.7692,31.25,29.4118,30.303,27.027,27.027,29.4118,27.7778,27.7778,26.6667,H,51.7572,2.2277,29.9529,0.9965,27.6147,0.9871,ScotishPremierLeague
SC0,27/12/2009,Hibernian,Rangers,A,4.33,3.5,1.83,3.85,3.4,1.8,3.5,3.3,1.9,4.33,3.5,1.83,3.75,3.3,1.8,2009/10,€23.00m,€82.48m,4.0,3.5,1.83,23.0947,25.974,26.6667,28.5714,25.0,23.0947,28.5714,29.4118,30.303,30.303,28.5714,28.5714,54.6448,55.5556,55.5556,52.6316,54.6448,54.6448,A,25.4002,2.1345,29.2887,0.8504,54.6129,1.0683,ScotishPremierLeague
SC0,30/12/2009,Hearts,Motherwell,H,2.0,3.4,3.75,1.95,3.35,3.35,2.0,3.2,3.3,2.0,3.5,3.6,2.05,3.4,3.5,2009/10,€26.15m,€12.53m,2.0,3.2,3.75,50.0,51.2821,48.7805,50.0,50.0,50.0,29.4118,29.8507,29.4118,31.25,31.25,28.5714,26.6667,29.8507,28.5714,30.303,26.6667,27.7778,H,50.0104,0.7912,29.9576,1.0835,28.306,1.5555,ScotishPremierLeague
SC0,30/12/2009,Rangers,Dundee United,H,1.33,4.75,10.0,1.35,4.5,7.0,1.35,4.2,7.5,1.36,4.5,9.0,1.36,4.5,9.0,2009/10,€82.48m,€18.85m,1.3,4.75,10.0,75.188,74.0741,73.5294,74.0741,76.9231,73.5294,21.0526,22.2222,22.2222,23.8095,21.0526,22.2222,10.0,14.2857,11.1111,13.3333,10.0,11.1111,H,74.553,1.3096,22.0969,1.016,11.6402,1.778,ScotishPremierLeague
SC0,02/01/2010,Dundee United,Aberdeen,A,2.0,3.3,3.75,1.85,3.35,3.65,1.9,3.2,3.6,1.91,3.4,4.0,2.05,3.3,3.6,2009/10,€18.85m,€20.48m,2.0,3.2,3.75,50.0,54.0541,48.7805,52.6316,50.0,52.356,30.303,29.8507,30.303,31.25,31.25,29.4118,26.6667,27.3973,27.7778,27.7778,26.6667,25.0,H,51.3037,2.01,30.3948,0.7405,26.881,1.0493,ScotishPremierLeague
SC0,02/01/2010,St Mirren,Kilmarnock,H,2.25,3.3,3.2,2.1,3.3,3.0,2.2,3.2,2.9,2.25,3.3,3.2,2.38,3.25,3.0,2009/10,€10.30m,€11.48m,2.3,3.2,3.0,44.4444,47.619,42.0168,45.4545,43.4783,44.4444,30.303,30.303,30.7692,31.25,31.25,30.303,31.25,33.3333,33.3333,34.4828,33.3333,31.25,H,44.5762,1.8879,30.6964,0.4653,32.8305,1.3026,ScotishPremierLeague
SC0,03/01/2010,Celtic,Rangers,D,2.38,3.4,2.88,2.35,3.2,2.75,2.3,3.1,2.8,2.38,3.25,3.0,2.4,3.4,2.8,2009/10,€109.30m,€82.48m,2.5,3.4,2.62,42.0168,42.5532,41.6667,43.4783,40.0,42.0168,29.4118,31.25,29.4118,32.2581,29.4118,30.7692,34.7222,36.3636,35.7143,35.7143,38.1679,33.3333,H,41.9553,1.1481,30.4188,1.2032,35.6693,1.6176,ScotishPremierLeague
SC0,03/01/2010,Hibernian,Hearts,D,2.1,3.3,3.5,2.05,3.35,3.75,2.0,3.2,3.3,2.1,3.3,3.5,2.1,3.3,3.5,2009/10,€23.00m,€26.15m,2.0,3.25,3.6,47.619,48.7805,47.619,50.0,50.0,47.619,30.303,29.8507,30.303,31.25,30.7692,30.303,28.5714,26.6667,28.5714,30.303,27.7778,28.5714,H,48.6063,1.1696,30.4632,0.4827,28.4103,1.1917,ScotishPremierLeague
SC0,13/01/2010,Hamilton,Dundee United,A,2.88,3.3,2.4,2.7,3.25,2.3,2.8,3.1,2.3,2.75,3.25,2.2,2.7,3.25,2.25,2009/10,€13.38m,€18.85m,3.0,3.2,2.3,34.7222,37.037,37.037,35.7143,33.3333,36.3636,30.303,30.7692,30.7692,32.2581,31.25,30.7692,41.6667,43.4783,44.4444,43.4783,43.4783,45.4545,A,35.7012,1.4542,31.0198,0.6765,43.6668,1.2576,ScotishPremierLeague
SC0,16/01/2010,Celtic,Falkirk,D,1.18,7.0,13.0,1.15,7.0,10.0,1.2,5.2,11.0,1.17,5.5,12.0,1.17,5.5,12.0,2009/10,€109.30m,€11.60m,1.17,6.5,15.0,84.7458,86.9565,85.4701,83.3333,85.4701,85.4701,14.2857,14.2857,18.1818,19.2308,15.3846,18.1818,7.6923,10.0,8.3333,9.0909,6.6667,8.3333,H,85.241,1.1819,16.5917,2.1961,8.3527,1.1435,ScotishPremierLeague
SC0,16/01/2010,Dundee United,Hibernian,H,2.4,3.3,2.88,2.3,3.25,2.7,2.3,3.1,2.8,2.25,3.2,2.75,2.3,3.2,2.62,2009/10,€18.85m,€23.00m,2.38,3.25,2.88,41.6667,43.4783,43.4783,43.4783,42.0168,44.4444,30.303,30.7692,31.25,32.2581,30.7692,31.25,34.7222,37.037,38.1679,35.7143,34.7222,36.3636,H,43.0938,1.0454,31.0999,0.6694,36.1212,1.354,ScotishPremierLeague
SC0,16/01/2010,Hamilton,Rangers,A,8.5,4.6,1.36,7.5,4.5,1.33,7.5,3.9,1.37,7.0,4.33,1.33,8.0,4.0,1.33,2009/10,€13.38m,€82.48m,9.0,4.5,1.33,11.7647,13.3333,12.5,13.3333,11.1111,14.2857,21.7391,22.2222,25.0,25.641,22.2222,23.0947,73.5294,75.188,75.188,72.9927,75.188,75.188,A,12.7214,1.1622,23.3199,1.6229,74.5457,1.0094,ScotishPremierLeague
SC0,16/01/2010,Hearts,St Mirren,H,1.85,3.3,4.5,1.75,3.25,4.25,1.65,3.5,4.5,1.62,3.5,4.5,1.7,3.4,4.2,2009/10,€26.15m,€10.30m,1.83,3.25,4.5,54.0541,57.1429,58.8235,60.6061,54.6448,61.7284,30.303,30.7692,29.4118,28.5714,30.7692,28.5714,22.2222,23.5294,23.8095,22.2222,22.2222,22.2222,H,57.8333,3.123,29.7327,1.027,22.7046,0.7526,ScotishPremierLeague
SC0,16/01/2010,Kilmarnock,Motherwell,A,2.4,3.3,2.88,2.35,3.25,2.65,2.3,3.1,2.8,2.25,3.4,2.62,2.3,3.2,2.62,2009/10,€11.48m,€12.53m,2.38,3.2,2.88,41.6667,42.5532,43.4783,43.4783,42.0168,44.4444,30.303,30.7692,31.25,32.2581,31.25,29.4118,34.7222,37.7358,38.1679,35.7143,34.7222,38.1679,H,42.9396,1.0456,30.8737,0.9668,36.5384,1.6746,ScotishPremierLeague
SC0,23/01/2010,Aberdeen,Kilmarnock,H,1.83,3.4,4.5,1.7,3.35,4.4,1.75,3.3,4.2,1.8,3.5,4.5,1.73,3.4,4.0,2009/10,€20.48m,€11.48m,1.83,3.25,4.33,54.6448,58.8235,57.8035,57.1429,54.6448,55.5556,29.4118,29.8507,29.4118,30.303,30.7692,28.5714,22.2222,22.7273,25.0,23.8095,23.0947,22.2222,H,56.4358,1.7471,29.7196,0.7703,23.1793,1.0729,ScotishPremierLeague
SC0,23/01/2010,Hibernian,Hamilton,H,1.62,3.75,5.5,1.5,3.6,6.0,1.55,3.7,5.0,1.62,3.75,5.5,1.57,3.5,5.0,2009/10,€23.00m,€13.38m,1.57,3.6,6.0,61.7284,66.6667,63.6943,64.5161,63.6943,61.7284,26.6667,27.7778,28.5714,27.027,27.7778,26.6667,18.1818,16.6667,20.0,20.0,16.6667,18.1818,H,63.6714,1.8567,27.4146,0.7578,18.2828,1.4927,ScotishPremierLeague
SC0,23/01/2010,Motherwell,St Mirren,H,2.0,3.2,4.0,1.85,3.2,3.85,1.9,3.2,3.6,1.91,3.4,4.0,1.91,3.25,3.4,2009/10,€12.53m,€10.30m,1.95,3.2,4.0,50.0,54.0541,52.356,52.6316,51.2821,52.356,31.25,31.25,30.7692,31.25,31.25,29.4118,25.0,25.974,29.4118,27.7778,25.0,25.0,H,52.1133,1.3646,30.8635,0.7367,26.3606,1.8451,ScotishPremierLeague
SC0,23/01/2010,Rangers,Hearts,D,1.33,5.0,9.0,1.3,5.0,7.0,1.37,4.2,7.5,1.36,4.5,9.0,1.3,4.33,8.0,2009/10,€82.48m,€26.15m,1.3,4.75,10.0,75.188,76.9231,76.9231,72.9927,76.9231,73.5294,20.0,20.0,23.0947,23.8095,21.0526,22.2222,11.1111,14.2857,12.5,13.3333,10.0,11.1111,H,75.4132,1.8054,21.6965,1.6042,12.0569,1.6008,ScotishPremierLeague
SC0,24/01/2010,Falkirk,Dundee United,A,3.1,3.3,2.25,3.0,3.3,2.1,3.0,3.1,2.2,3.3,3.3,2.2,3.1,3.2,2.05,2009/10,€11.60m,€18.85m,3.2,3.2,2.2,32.2581,33.3333,32.2581,33.3333,31.25,30.303,30.303,30.303,31.25,32.2581,31.25,30.303,44.4444,47.619,48.7805,45.4545,45.4545,45.4545,A,32.1226,1.1866,30.9445,0.7933,46.2012,1.6384,ScotishPremierLeague
SC0,24/01/2010,St Johnstone,Celtic,A,7.0,4.33,1.44,7.0,4.0,1.4,7.0,3.8,1.4,8.0,4.5,1.4,6.5,4.0,1.4,2009/10,€11.05m,€109.30m,7.0,4.5,1.4,14.2857,14.2857,15.3846,14.2857,14.2857,12.5,23.0947,25.0,25.0,26.3158,22.2222,22.2222,69.4444,71.4286,71.4286,71.4286,71.4286,71.4286,A,14.1712,0.9293,23.9758,1.7029,71.0979,0.81,ScotishPremierLeague
SC0,26/01/2010,Hamilton,Kilmarnock,D,2.3,3.25,3.2,2.2,3.3,2.85,2.1,3.1,3.2,2.2,3.25,2.75,2.25,3.2,2.75,2009/10,€13.38m,€11.48m,2.2,3.2,3.2,43.4783,45.4545,44.4444,47.619,45.4545,45.4545,30.7692,30.303,31.25,32.2581,31.25,30.7692,31.25,35.0877,36.3636,31.25,31.25,36.3636,H,45.3175,1.3783,31.0999,0.6694,33.5942,2.6098,ScotishPremierLeague
SC0,27/01/2010,Celtic,Hibernian,A,1.4,4.5,7.5,1.3,5.0,7.0,1.35,4.0,8.0,1.4,3.75,7.0,1.33,4.2,7.5,2009/10,€109.30m,€23.00m,1.36,4.75,7.5,71.4286,76.9231,75.188,74.0741,73.5294,71.4286,22.2222,20.0,23.8095,25.0,21.0526,26.6667,13.3333,14.2857,13.3333,12.5,13.3333,14.2857,H,73.762,2.1479,23.1252,2.5061,13.5119,0.6808,ScotishPremierLeague
SC0,27/01/2010,Dundee United,St Johnstone,D,1.67,3.6,5.5,1.55,3.6,5.35,1.6,3.5,5.0,1.62,3.5,4.5,1.61,3.3,5.0,2009/10,€18.85m,€11.05m,1.67,3.4,5.5,59.8802,64.5161,62.1118,62.5,59.8802,61.7284,27.7778,27.7778,30.303,28.5714,29.4118,28.5714,18.1818,18.6916,20.0,20.0,18.1818,22.2222,H,61.7695,1.7513,28.7355,0.9801,19.5462,1.5509,ScotishPremierLeague
SC0,27/01/2010,Falkirk,Motherwell,D,2.8,3.3,2.5,2.6,3.15,2.45,2.7,3.2,2.3,2.4,3.25,2.5,2.5,3.3,2.37,2009/10,€11.60m,€12.53m,2.75,3.2,2.5,35.7143,38.4615,40.0,37.037,36.3636,41.6667,30.303,31.746,30.303,31.25,31.25,30.7692,40.0,40.8163,42.1941,43.4783,40.0,40.0,A,38.2072,2.2904,30.9369,0.5801,41.0814,1.4534,ScotishPremierLeague
SC0,27/01/2010,Hearts,Aberdeen,A,2.0,3.3,3.8,1.85,3.4,3.6,1.9,3.2,3.6,1.91,3.25,3.4,1.73,3.25,4.2,2009/10,€26.15m,€20.48m,1.95,3.25,3.75,50.0,54.0541,57.8035,52.6316,51.2821,52.356,30.303,29.4118,30.7692,31.25,30.7692,30.7692,26.3158,27.7778,23.8095,27.7778,26.6667,29.4118,H,53.0212,2.7086,30.5454,0.631,26.9599,1.8855,ScotishPremierLeague
SC0,27/01/2010,St Mirren,Rangers,A,7.5,4.5,1.4,7.0,4.5,1.35,7.0,3.8,1.4,7.0,3.75,1.4,7.5,4.2,1.33,2009/10,€10.30m,€82.48m,7.5,4.33,1.4,13.3333,14.2857,13.3333,14.2857,13.3333,14.2857,22.2222,22.2222,23.8095,26.3158,23.0947,26.6667,71.4286,74.0741,75.188,71.4286,71.4286,71.4286,A,13.8095,0.5217,24.0552,1.9816,72.4961,1.6908,ScotishPremierLeague
SC0,30/01/2010,Aberdeen,Motherwell,A,2.1,3.3,3.5,2.0,3.3,3.25,1.9,3.2,3.6,2.0,3.4,3.75,2.0,3.2,3.2,2009/10,€20.48m,€12.53m,2.0,3.2,3.75,47.619,50.0,50.0,52.6316,50.0,50.0,30.303,30.303,31.25,31.25,31.25,29.4118,28.5714,30.7692,31.25,27.7778,26.6667,26.6667,H,50.0418,1.5864,30.628,0.7551,28.617,1.9939,ScotishPremierLeague
SC0,30/01/2010,Hamilton,Celtic,A,8.0,4.5,1.4,7.0,4.5,1.35,6.5,4.0,1.4,7.5,4.5,1.4,7.0,4.33,1.33,2009/10,€13.38m,€109.30m,8.5,4.5,1.36,12.5,14.2857,14.2857,15.3846,11.7647,13.3333,22.2222,22.2222,23.0947,25.0,22.2222,22.2222,71.4286,74.0741,75.188,71.4286,73.5294,71.4286,A,13.5923,1.3247,22.8306,1.1186,72.8462,1.6424,ScotishPremierLeague
SC0,30/01/2010,Hibernian,St Mirren,H,1.67,3.5,5.5,1.6,3.5,5.0,1.5,3.8,5.5,1.53,3.75,6.5,1.6,3.4,5.0,2009/10,€23.00m,€10.30m,1.57,3.5,6.5,59.8802,62.5,62.5,66.6667,63.6943,65.3595,28.5714,28.5714,29.4118,26.3158,28.5714,26.6667,18.1818,20.0,20.0,18.1818,15.3846,15.3846,H,63.4334,2.3916,28.0181,1.2317,17.8555,2.0795,ScotishPremierLeague
SC0,30/01/2010,Kilmarnock,Dundee United,D,3.0,3.25,2.38,2.75,3.3,2.25,2.8,3.1,2.3,3.2,3.25,2.25,2.7,3.25,2.25,2009/10,€11.48m,€18.85m,3.0,3.2,2.3,33.3333,36.3636,37.037,35.7143,33.3333,31.25,30.7692,30.303,30.7692,32.2581,31.25,30.7692,42.0168,44.4444,44.4444,43.4783,43.4783,44.4444,A,34.5053,2.2212,31.0198,0.6765,43.7178,0.9583,ScotishPremierLeague
SC0,30/01/2010,Rangers,Falkirk,H,1.17,7.0,15.0,1.15,6.5,12.0,1.2,5.2,11.0,1.17,7.0,15.0,1.17,5.5,12.0,2009/10,€82.48m,€11.60m,1.17,6.5,15.0,85.4701,86.9565,85.4701,83.3333,85.4701,85.4701,14.2857,15.3846,18.1818,19.2308,15.3846,14.2857,6.6667,8.3333,8.3333,9.0909,6.6667,6.6667,H,85.3617,1.158,16.1255,2.0851,7.6263,1.0869,ScotishPremierLeague
SC0,30/01/2010,St Johnstone,Hearts,H,2.5,3.3,2.8,2.6,3.25,2.4,2.55,3.1,2.55,2.6,3.3,2.62,2.4,3.1,2.6,2009/10,€11.05m,€26.15m,2.5,3.0,2.88,40.0,38.4615,41.6667,39.2157,40.0,38.4615,30.303,30.7692,32.2581,32.2581,33.3333,30.303,35.7143,41.6667,38.4615,39.2157,34.7222,38.1679,H,39.6342,1.2103,31.5374,1.2571,37.9914,2.4953,ScotishPremierLeague
SC0,02/02/2010,Aberdeen,Falkirk,A,1.67,3.5,5.5,1.65,3.5,4.6,1.6,3.6,4.8,1.62,3.5,4.5,1.67,3.5,4.2,2009/10,€20.48m,€11.60m,1.67,3.4,5.5,59.8802,60.6061,59.8802,62.5,59.8802,61.7284,28.5714,28.5714,28.5714,27.7778,29.4118,28.5714,18.1818,21.7391,23.8095,20.8333,18.1818,22.2222,H,60.7459,1.1234,28.5792,0.5169,20.828,2.2657,ScotishPremierLeague
SC0,02/02/2010,Kilmarnock,Celtic,H,8.5,5.0,1.33,7.0,4.5,1.35,7.5,4.2,1.35,8.0,3.75,1.36,7.0,4.0,1.36,2009/10,€11.48m,€109.30m,9.0,4.75,1.33,11.7647,14.2857,14.2857,13.3333,11.1111,12.5,20.0,22.2222,25.0,23.8095,21.0526,26.6667,75.188,74.0741,73.5294,74.0741,75.188,73.5294,A,12.8801,1.3172,23.1252,2.5061,74.2638,0.7562,ScotishPremierLeague
SC0,06/02/2010,Motherwell,Hamilton,H,1.83,3.5,4.33,1.65,3.5,4.6,1.8,3.2,4.0,1.8,3.5,4.5,1.8,3.3,3.75,2009/10,€12.53m,€13.38m,1.83,3.25,4.5,54.6448,60.6061,55.5556,55.5556,54.6448,55.5556,28.5714,28.5714,30.303,31.25,30.7692,28.5714,23.0947,21.7391,26.6667,25.0,22.2222,22.2222,H,56.0938,2.2552,29.6727,1.2431,23.4908,1.9395,ScotishPremierLeague
SC0,10/02/2010,Celtic,Hearts,H,1.33,4.75,10.0,1.33,4.5,7.25,1.33,4.2,8.0,1.36,4.5,9.0,1.33,4.5,10.0,2009/10,€109.30m,€26.15m,1.3,4.75,10.0,75.188,75.188,75.188,75.188,76.9231,73.5294,21.0526,22.2222,22.2222,23.8095,21.0526,22.2222,10.0,13.7931,10.0,12.5,10.0,11.1111,H,75.2008,1.0734,22.0969,1.016,11.234,1.5959,ScotishPremierLeague
SC0,10/02/2010,Dundee United,Hamilton,A,1.53,3.75,7.0,1.5,3.75,5.75,1.5,3.8,5.5,1.53,3.75,7.0,1.57,3.75,6.5,2009/10,€18.85m,€13.38m,1.5,3.75,7.0,65.3595,66.6667,63.6943,66.6667,66.6667,65.3595,26.6667,26.6667,26.6667,26.3158,26.6667,26.6667,14.2857,17.3913,15.3846,18.1818,14.2857,14.2857,H,65.7356,1.1875,26.6082,0.1433,15.6358,1.7375,ScotishPremierLeague
SC0,10/02/2010,Falkirk,Kilmarnock,A,2.5,3.25,2.8,2.2,3.3,2.85,2.3,3.1,2.8,2.4,3.3,2.88,2.4,3.3,2.9,2009/10,€11.60m,€11.48m,2.38,3.2,2.88,40.0,45.4545,41.6667,43.4783,42.0168,41.6667,30.7692,30.303,30.303,32.2581,31.25,30.303,35.7143,35.0877,34.4828,35.7143,34.7222,34.7222,H,42.3805,1.8694,30.8644,0.7805,35.0739,0.5324,ScotishPremierLeague
SC0,10/02/2010,Hibernian,Aberdeen,D,1.83,3.5,4.33,1.8,3.4,3.85,1.7,3.4,4.3,1.8,3.5,4.5,1.8,3.4,4.8,2009/10,€23.00m,€20.48m,1.83,3.25,4.5,54.6448,55.5556,55.5556,58.8235,54.6448,55.5556,28.5714,29.4118,29.4118,29.4118,30.7692,28.5714,23.0947,25.974,20.8333,23.2558,22.2222,22.2222,H,55.7966,1.5485,29.3579,0.8047,22.9337,1.7203,ScotishPremierLeague
SC0,10/02/2010,Motherwell,Rangers,D,7.0,4.0,1.5,5.85,4.0,1.45,5.0,3.7,1.55,7.0,4.0,1.5,7.0,4.0,1.5,2009/10,€12.53m,€82.48m,7.0,3.75,1.5,14.2857,17.094,14.2857,20.0,14.2857,14.2857,25.0,25.0,25.0,27.027,26.6667,25.0,66.6667,68.9655,66.6667,64.5161,66.6667,66.6667,A,15.7061,2.3847,25.6156,0.9605,66.6914,1.4075,ScotishPremierLeague
SC0,10/02/2010,St Mirren,St Johnstone,D,2.38,3.25,3.0,2.2,3.3,2.85,2.4,3.0,2.8,2.25,3.25,3.2,2.3,3.3,3.1,2009/10,€10.30m,€11.05m,2.2,3.4,3.0,42.0168,45.4545,43.4783,41.6667,45.4545,44.4444,30.7692,30.303,30.303,33.3333,29.4118,30.7692,33.3333,35.0877,32.2581,35.7143,33.3333,31.25,H,43.7525,1.6559,30.8149,1.3296,33.4961,1.6783,ScotishPremierLeague
SC0,13/02/2010,Aberdeen,Celtic,D,6.5,3.8,1.53,5.75,3.95,1.6,5.0,3.7,1.55,6.0,3.75,1.57,5.0,3.6,1.53,2009/10,€20.48m,€109.30m,6.5,3.75,1.53,15.3846,17.3913,20.0,20.0,15.3846,16.6667,26.3158,25.3165,27.7778,27.027,26.6667,26.6667,65.3595,62.5,65.3595,64.5161,65.3595,63.6943,A,17.4712,2.1048,26.6284,0.8126,64.4648,1.1712,ScotishPremierLeague
SC0,13/02/2010,Hamilton,Motherwell,D,2.9,3.3,2.4,2.55,3.3,2.4,2.8,3.1,2.3,2.62,3.3,2.62,2.6,3.1,2.4,2009/10,€13.38m,€12.53m,2.75,3.4,2.38,34.4828,39.2157,38.4615,35.7143,36.3636,38.1679,30.303,30.303,32.2581,32.2581,29.4118,30.303,41.6667,41.6667,41.6667,43.4783,42.0168,38.1679,A,37.0676,1.8317,30.8062,1.1764,41.4439,1.752,ScotishPremierLeague
SC0,13/02/2010,Hearts,Falkirk,H,1.85,3.4,4.5,1.75,3.45,4.0,1.6,3.6,4.8,1.73,3.5,5.0,1.67,3.4,4.33,2009/10,€26.15m,€11.60m,1.83,3.25,4.5,54.0541,57.1429,59.8802,62.5,54.6448,57.8035,29.4118,28.9855,29.4118,27.7778,30.7692,28.5714,22.2222,25.0,23.0947,20.8333,22.2222,20.0,H,57.6709,3.1855,29.1546,1.0004,22.2287,1.7518,ScotishPremierLeague
SC0,13/02/2010,Kilmarnock,St Johnstone,H,2.25,3.3,3.2,2.15,3.3,2.95,2.1,3.1,3.2,2.25,3.3,3.2,2.3,3.2,2.62,2009/10,€11.48m,€11.05m,2.3,3.2,3.0,44.4444,46.5116,43.4783,47.619,43.4783,44.4444,30.303,30.303,31.25,32.2581,31.25,30.303,31.25,33.8983,38.1679,31.25,33.3333,31.25,H,44.996,1.6966,30.9445,0.7933,33.1916,2.7053,ScotishPremierLeague
SC0,13/02/2010,St Mirren,Dundee United,A,3.1,3.3,2.25,2.95,3.3,2.15,2.7,3.1,2.4,3.2,3.3,2.25,2.75,3.2,2.25,2009/10,€10.30m,€18.85m,3.0,3.25,2.25,32.2581,33.8983,36.3636,37.037,33.3333,31.25,30.303,30.303,31.25,32.2581,30.7692,30.303,44.4444,46.5116,44.4444,41.6667,44.4444,44.4444,A,34.0234,2.2741,30.8644,0.7805,44.326,1.543,ScotishPremierLeague
SC0,14/02/2010,Rangers,Hibernian,H,1.4,4.5,8.0,1.35,4.5,7.0,1.4,4.0,6.5,1.4,4.5,8.0,1.4,4.0,6.5,2009/10,€82.48m,€23.00m,1.36,4.5,8.5,71.4286,74.0741,71.4286,71.4286,73.5294,71.4286,22.2222,22.2222,25.0,25.0,22.2222,22.2222,12.5,14.2857,15.3846,15.3846,11.7647,12.5,H,72.2197,1.2375,23.1481,1.4344,13.6366,1.5887,ScotishPremierLeague
SC0,17/02/2010,St Johnstone,Hibernian,H,3.1,3.3,2.3,2.8,3.25,2.25,2.8,3.1,2.3,3.1,3.3,2.3,3.1,3.3,2.3,2009/10,€11.05m,€23.00m,3.0,3.2,2.3,32.2581,35.7143,32.2581,35.7143,33.3333,32.2581,30.303,30.7692,30.303,32.2581,31.25,30.303,43.4783,44.4444,43.4783,43.4783,43.4783,43.4783,A,33.5894,1.6978,30.8644,0.7805,43.6393,0.3944,ScotishPremierLeague
SC0,20/02/2010,Celtic,Dundee United,H,1.36,4.75,8.5,1.35,4.5,7.0,1.4,4.0,6.5,1.4,4.33,8.5,1.35,4.2,8.0,2009/10,€109.30m,€18.85m,1.33,4.5,10.0,73.5294,74.0741,74.0741,71.4286,75.188,71.4286,21.0526,22.2222,23.8095,25.0,22.2222,23.0947,11.7647,14.2857,12.5,15.3846,10.0,11.7647,H,73.2871,1.5375,22.9002,1.3861,12.6166,1.937,ScotishPremierLeague
SC0,20/02/2010,Falkirk,Aberdeen,H,2.9,3.3,2.4,2.7,3.25,2.3,2.6,3.2,2.4,2.88,3.4,2.38,2.65,3.25,2.4,2009/10,€11.60m,€20.48m,3.0,3.2,2.3,34.4828,37.037,37.7358,38.4615,33.3333,34.7222,30.303,30.7692,30.7692,31.25,31.25,29.4118,41.6667,43.4783,41.6667,41.6667,43.4783,42.0168,A,35.9621,2.0584,30.6255,0.6926,42.3289,0.9006,ScotishPremierLeague
SC0,20/02/2010,Kilmarnock,St Mirren,D,2.1,3.3,3.5,1.85,3.4,3.6,1.8,3.3,3.9,2.0,3.4,3.75,1.95,3.25,3.6,2009/10,€11.48m,€10.30m,2.0,3.2,3.75,47.619,54.0541,51.2821,55.5556,50.0,50.0,30.303,29.4118,30.7692,30.303,31.25,29.4118,28.5714,27.7778,27.7778,25.641,26.6667,26.6667,H,51.4185,2.9169,30.2415,0.7321,27.1836,1.0532,ScotishPremierLeague
SC0,20/02/2010,Motherwell,Hibernian,H,2.5,3.25,2.8,2.45,3.25,2.55,2.3,3.2,2.7,2.5,3.4,2.7,2.3,3.25,2.8,2009/10,€12.53m,€23.00m,2.38,3.2,2.88,40.0,40.8163,43.4783,43.4783,42.0168,40.0,30.7692,30.7692,30.7692,31.25,31.25,29.4118,35.7143,39.2157,35.7143,37.037,34.7222,37.037,H,41.6316,1.6098,30.7032,0.6751,36.5734,1.5694,ScotishPremierLeague
SC0,21/02/2010,Hearts,Hamilton,H,1.75,3.5,4.75,1.7,3.4,4.35,1.6,3.6,4.8,1.73,3.5,5.0,1.73,3.4,4.33,2009/10,€26.15m,€13.38m,1.73,3.4,5.0,57.1429,58.8235,57.8035,62.5,57.8035,57.8035,28.5714,29.4118,29.4118,27.7778,29.4118,28.5714,21.0526,22.9885,23.0947,20.8333,20.0,20.0,H,58.6462,1.9633,28.8593,0.671,21.3282,1.3947,ScotishPremierLeague
SC0,27/02/2010,Aberdeen,Hearts,A,2.2,3.2,3.4,2.0,3.25,3.3,2.2,3.1,3.0,2.25,3.3,3.2,2.0,3.2,3.2,2009/10,€20.48m,€26.15m,2.2,3.0,3.4,45.4545,50.0,50.0,45.4545,45.4545,44.4444,31.25,30.7692,31.25,32.2581,33.3333,30.303,29.4118,30.303,31.25,33.3333,29.4118,31.25,H,46.8013,2.5084,31.5273,1.0976,30.8266,1.4778,ScotishPremierLeague
SC0,27/02/2010,Dundee United,Falkirk,H,1.67,3.6,5.25,1.5,3.75,5.75,1.55,3.7,5.0,1.57,3.75,6.0,1.57,3.5,5.0,2009/10,€18.85m,€11.60m,1.62,3.6,5.5,59.8802,66.6667,63.6943,64.5161,61.7284,63.6943,27.7778,26.6667,28.5714,27.027,27.7778,26.6667,19.0476,17.3913,20.0,20.0,18.1818,16.6667,H,63.3633,2.3352,27.4146,0.7578,18.5479,1.3768,ScotishPremierLeague
SC0,27/02/2010,Hibernian,St Johnstone,D,1.91,3.4,4.0,1.8,3.3,4.0,1.8,3.2,4.0,1.91,3.4,4.0,1.8,3.25,3.75,2009/10,€23.00m,€11.05m,1.91,3.25,4.0,52.356,55.5556,55.5556,55.5556,52.356,52.356,29.4118,30.303,30.7692,31.25,30.7692,29.4118,25.0,25.0,26.6667,25.0,25.0,25.0,H,53.9558,1.7525,30.3192,0.764,25.2778,0.6804,ScotishPremierLeague
SC0,27/02/2010,Motherwell,Kilmarnock,H,1.91,3.4,4.0,1.85,3.2,3.85,1.9,3.2,3.6,1.83,3.5,4.33,1.8,3.25,3.8,2009/10,€12.53m,€11.48m,2.0,3.2,3.75,52.356,54.0541,55.5556,52.6316,50.0,54.6448,29.4118,31.25,30.7692,31.25,31.25,28.5714,25.0,25.974,26.3158,27.7778,26.6667,23.0947,H,53.207,1.982,30.4171,1.1509,25.8048,1.6073,ScotishPremierLeague
SC0,27/02/2010,St Mirren,Hamilton,D,2.1,3.4,3.4,2.1,3.25,3.05,2.15,3.05,3.2,2.2,3.3,3.3,2.1,3.2,3.0,2009/10,€10.30m,€13.38m,2.1,3.2,3.4,47.619,47.619,47.619,46.5116,47.619,45.4545,29.4118,30.7692,31.25,32.7869,31.25,30.303,29.4118,32.7869,33.3333,31.25,29.4118,30.303,H,47.0737,0.9085,30.9618,1.1288,31.0828,1.6846,ScotishPremierLeague
SC0,28/02/2010,Rangers,Celtic,H,2.25,3.4,3.1,2.3,3.3,2.9,2.2,3.1,3.0,2.25,3.3,3.2,2.37,3.3,2.9,2009/10,€82.48m,€109.30m,2.3,3.2,3.0,44.4444,43.4783,42.1941,45.4545,43.4783,44.4444,29.4118,30.303,30.303,32.2581,31.25,30.303,32.2581,34.4828,34.4828,33.3333,33.3333,31.25,H,43.9157,1.1201,30.6381,0.9838,33.19,1.2662,ScotishPremierLeague
SC0,06/03/2010,Hamilton,Aberdeen,D,2.63,3.3,2.63,2.5,3.25,2.5,2.5,3.1,2.6,2.5,3.3,2.8,2.5,3.1,2.5,2009/10,€13.38m,€20.48m,2.62,3.0,2.75,38.0228,40.0,40.0,40.0,38.1679,40.0,30.303,30.7692,32.2581,32.2581,33.3333,30.303,38.0228,40.0,40.0,38.4615,36.3636,35.7143,H,39.3651,0.9846,31.5374,1.2571,38.0937,1.7924,ScotishPremierLeague
SC0,06/03/2010,Hibernian,Kilmarnock,H,1.83,3.5,4.5,1.7,3.45,4.25,1.75,3.3,4.2,1.8,3.5,4.5,1.73,3.4,4.0,2009/10,€23.00m,€11.48m,1.73,3.4,4.75,54.6448,58.8235,57.8035,57.1429,57.8035,55.5556,28.5714,28.9855,29.4118,30.303,29.4118,28.5714,22.2222,23.5294,25.0,23.8095,21.0526,22.2222,H,56.9623,1.566,29.2092,0.6545,22.9726,1.4095,ScotishPremierLeague
SC0,06/03/2010,Rangers,St Mirren,H,1.2,6.0,15.0,1.17,6.0,11.0,1.17,5.7,12.0,1.2,6.5,13.0,1.17,5.5,12.0,2009/10,€82.48m,€10.30m,1.17,6.5,15.0,83.3333,85.4701,85.4701,85.4701,85.4701,83.3333,16.6667,16.6667,18.1818,17.5439,15.3846,15.3846,6.6667,9.0909,8.3333,8.3333,6.6667,7.6923,H,84.7578,1.1034,16.6381,1.1267,7.7972,0.9814,ScotishPremierLeague
SC0,06/03/2010,St Johnstone,Motherwell,A,2.5,3.3,2.8,2.5,3.25,2.5,2.55,3.1,2.55,2.62,3.3,2.62,2.38,3.0,2.7,2009/10,€11.05m,€12.53m,2.5,3.0,2.88,40.0,40.0,42.0168,39.2157,40.0,38.1679,30.303,30.7692,33.3333,32.2581,33.3333,30.303,35.7143,40.0,37.037,39.2157,34.7222,38.1679,H,39.9001,1.2633,31.7166,1.4432,37.4762,2.0374,ScotishPremierLeague
SC0,07/03/2010,Dundee United,Hearts,H,1.91,3.4,4.0,1.7,3.45,4.25,1.9,3.2,3.6,1.83,3.4,4.5,1.91,3.2,3.5,2009/10,€18.85m,€26.15m,1.83,3.25,4.33,52.356,58.8235,52.356,52.6316,54.6448,54.6448,29.4118,28.9855,31.25,31.25,30.7692,29.4118,25.0,23.5294,28.5714,27.7778,23.0947,22.2222,H,54.2428,2.4909,30.1797,1.0241,25.0326,2.6067,ScotishPremierLeague
SC0,07/03/2010,Falkirk,Celtic,A,8.0,5.0,1.36,8.5,4.5,1.3,7.5,4.2,1.37,9.0,4.5,1.36,8.0,4.33,1.3,2009/10,€11.60m,€109.30m,10.0,4.75,1.3,12.5,11.7647,12.5,13.3333,10.0,11.1111,20.0,22.2222,23.0947,23.8095,21.0526,22.2222,73.5294,76.9231,76.9231,72.9927,76.9231,73.5294,A,11.8682,1.1848,22.0669,1.3742,75.1368,1.9666,ScotishPremierLeague
SC0,09/03/2010,Kilmarnock,Rangers,A,8.0,4.5,1.4,7.5,4.25,1.35,6.5,4.0,1.4,8.0,4.0,1.33,7.0,4.33,1.33,2009/10,€11.48m,€82.48m,9.0,4.5,1.33,12.5,13.3333,14.2857,15.3846,11.1111,12.5,22.2222,23.5294,23.0947,25.0,22.2222,25.0,71.4286,74.0741,75.188,71.4286,75.188,75.188,A,13.1858,1.5041,23.5114,1.2594,73.7492,1.8486,ScotishPremierLeague
SC0,09/03/2010,St Mirren,Motherwell,D,2.75,3.3,2.5,2.55,3.25,2.45,2.7,3.1,2.4,2.75,3.2,2.25,2.5,3.25,2.4,2009/10,€10.30m,€12.53m,2.88,3.0,2.5,36.3636,39.2157,40.0,37.037,34.7222,36.3636,30.303,30.7692,30.7692,32.2581,33.3333,31.25,40.0,40.8163,41.6667,41.6667,40.0,44.4444,A,37.2837,1.9711,31.4471,1.1386,41.4324,1.6532,ScotishPremierLeague
SC0,13/03/2010,Falkirk,St Johnstone,A,2.5,3.2,2.88,2.45,3.25,2.55,2.5,3.1,2.6,2.25,3.2,2.75,2.5,3.1,2.5,2009/10,€11.60m,€11.05m,2.5,3.2,2.75,40.0,40.8163,40.0,40.0,40.0,44.4444,31.25,30.7692,32.2581,32.2581,31.25,31.25,34.7222,39.2157,40.0,38.4615,36.3636,36.3636,H,40.8768,1.778,31.5059,0.6117,37.5211,2.0206,ScotishPremierLeague
SC0,13/03/2010,Hamilton,St Mirren,H,2.3,3.2,3.2,2.25,3.25,2.8,2.3,3.1,2.8,2.2,3.25,2.75,2.2,3.2,2.8,2009/10,€13.38m,€10.30m,2.2,3.2,3.2,43.4783,44.4444,45.4545,43.4783,45.4545,45.4545,31.25,30.7692,31.25,32.2581,31.25,30.7692,31.25,35.7143,35.7143,35.7143,31.25,36.3636,H,44.6274,0.9723,31.2578,0.5437,34.3344,2.4024,ScotishPremierLeague
SC0,13/03/2010,Motherwell,Hearts,H,2.1,3.4,3.4,1.9,3.3,3.6,2.0,3.2,3.3,2.1,3.2,3.0,2.05,3.2,3.1,2009/10,€12.53m,€26.15m,2.05,3.2,3.5,47.619,52.6316,48.7805,50.0,48.7805,47.619,29.4118,30.303,31.25,31.25,31.25,31.25,29.4118,27.7778,32.2581,30.303,28.5714,33.3333,H,49.2384,1.8846,30.7858,0.7724,30.2759,2.1527,ScotishPremierLeague
SC0,16/03/2010,St Johnstone,Aberdeen,H,2.3,3.3,3.1,2.25,3.25,2.8,2.4,3.1,2.7,2.38,3.25,3.0,2.3,3.3,3.1,2009/10,€11.05m,€20.48m,2.2,3.2,3.2,43.4783,44.4444,43.4783,41.6667,45.4545,42.0168,30.303,30.7692,30.303,32.2581,31.25,30.7692,32.2581,35.7143,32.2581,37.037,31.25,33.3333,H,43.4232,1.431,30.9421,0.7353,33.6418,2.2569,ScotishPremierLeague
SC0,20/03/2010,Aberdeen,Dundee United,D,2.75,3.3,2.5,2.5,3.25,2.5,2.8,3.1,2.3,2.88,3.3,2.4,2.6,3.1,2.4,2009/10,€20.48m,€18.85m,2.88,3.2,2.38,36.3636,40.0,38.4615,35.7143,34.7222,34.7222,30.303,30.7692,32.2581,32.2581,31.25,30.303,40.0,40.0,41.6667,43.4783,42.0168,41.6667,A,36.664,2.1398,31.1902,0.8984,41.4714,1.3215,ScotishPremierLeague
SC0,20/03/2010,Celtic,St Johnstone,H,1.25,5.5,12.0,1.17,6.0,11.0,1.25,4.8,9.5,1.22,6.0,13.0,1.22,4.8,10.0,2009/10,€109.30m,€11.05m,1.22,5.5,12.0,80.0,85.4701,81.9672,80.0,81.9672,81.9672,18.1818,16.6667,20.8333,20.8333,18.1818,16.6667,8.3333,9.0909,10.0,10.5263,8.3333,7.6923,H,81.8953,1.999,18.5606,1.8863,8.996,1.0897,ScotishPremierLeague
SC0,20/03/2010,Hamilton,Falkirk,D,2.1,3.3,3.5,2.1,3.25,3.05,2.0,3.2,3.3,2.0,3.4,3.75,1.95,3.2,3.4,2009/10,€13.38m,€11.60m,2.0,3.25,3.75,47.619,47.619,51.2821,50.0,50.0,50.0,30.303,30.7692,31.25,31.25,30.7692,29.4118,28.5714,32.7869,29.4118,30.303,26.6667,26.6667,H,49.42,1.4808,30.6255,0.6926,29.0678,2.3346,ScotishPremierLeague
SC0,20/03/2010,Hearts,Hibernian,H,2.5,3.25,2.8,2.45,3.25,2.55,2.4,3.1,2.7,2.4,3.3,2.88,2.38,3.1,2.62,2009/10,€26.15m,€23.00m,2.5,3.2,2.75,40.0,40.8163,42.0168,41.6667,40.0,41.6667,30.7692,30.7692,32.2581,32.2581,31.25,30.303,35.7143,39.2157,38.1679,37.037,36.3636,34.7222,H,41.0278,0.889,31.2679,0.8234,36.8701,1.6383,ScotishPremierLeague
SC0,23/03/2010,St Johnstone,Falkirk,D,1.8,3.4,4.0,1.8,3.4,3.85,1.85,3.2,3.8,1.73,3.4,4.0,1.67,3.4,4.33,2009/10,€11.05m,€11.60m,1.83,3.25,4.5,55.5556,55.5556,59.8802,54.0541,54.6448,57.8035,29.4118,29.4118,29.4118,31.25,30.7692,29.4118,25.0,25.974,23.0947,26.3158,22.2222,25.0,H,56.249,2.1888,29.9444,0.839,24.6011,1.6169,ScotishPremierLeague
SC0,24/03/2010,Kilmarnock,Hamilton,A,2.1,3.25,3.2,2.0,3.25,3.3,2.1,3.1,3.2,2.0,3.2,3.2,1.91,3.2,3.5,2009/10,€11.48m,€13.38m,2.1,3.2,3.5,47.619,50.0,52.356,47.619,47.619,50.0,30.7692,30.7692,31.25,32.2581,31.25,31.25,31.25,30.303,28.5714,31.25,28.5714,31.25,H,49.2022,1.9359,31.2578,0.5437,30.1993,1.3132,ScotishPremierLeague
SC0,24/03/2010,St Mirren,Celtic,H,7.0,5.0,1.33,6.25,5.0,1.33,7.5,4.2,1.35,8.0,4.5,1.29,8.0,4.0,1.33,2009/10,€10.30m,€109.30m,11.0,4.75,1.3,14.2857,16.0,12.5,13.3333,9.0909,12.5,20.0,20.0,25.0,23.8095,21.0526,22.2222,75.188,75.188,75.188,74.0741,76.9231,77.5194,A,12.9517,2.3035,22.014,2.0601,75.6801,1.2833,ScotishPremierLeague
SC0,27/03/2010,Aberdeen,St Mirren,H,1.91,3.4,4.0,1.75,3.45,4.0,1.9,3.2,3.6,1.8,3.3,3.75,1.91,3.2,3.5,2009/10,€20.48m,€10.30m,1.91,3.25,4.0,52.356,57.1429,52.356,52.6316,52.356,55.5556,29.4118,28.9855,31.25,31.25,30.7692,30.303,25.0,25.0,28.5714,27.7778,25.0,26.6667,H,53.733,2.0905,30.3282,0.9526,26.336,1.5837,ScotishPremierLeague
SC0,27/03/2010,Celtic,Kilmarnock,H,1.17,7.0,15.0,1.15,7.0,10.0,1.22,5.0,10.0,1.17,5.5,12.0,1.17,5.5,12.0,2009/10,€109.30m,€11.48m,1.18,6.0,15.0,85.4701,86.9565,85.4701,81.9672,84.7458,85.4701,14.2857,14.2857,18.1818,20.0,16.6667,18.1818,6.6667,10.0,8.3333,10.0,6.6667,8.3333,H,85.0133,1.6585,16.9336,2.3071,8.3333,1.4907,ScotishPremierLeague
SC0,27/03/2010,Dundee United,Motherwell,H,2.0,3.3,3.8,1.9,3.3,3.6,2.1,3.1,3.2,2.0,3.2,3.2,1.91,3.2,3.5,2009/10,€18.85m,€12.53m,1.95,3.2,4.0,50.0,52.6316,52.356,47.619,51.2821,50.0,30.303,30.303,31.25,32.2581,31.25,31.25,26.3158,27.7778,28.5714,31.25,25.0,31.25,H,50.6481,1.8584,31.1024,0.732,28.3608,2.5517,ScotishPremierLeague
SC0,27/03/2010,Falkirk,Hibernian,A,3.0,3.25,2.38,2.85,3.25,2.2,3.0,3.1,2.2,2.75,3.25,2.2,2.75,3.25,2.2,2009/10,€11.60m,€23.00m,2.88,3.2,2.38,33.3333,35.0877,36.3636,33.3333,34.7222,36.3636,30.7692,30.7692,30.7692,32.2581,31.25,30.7692,42.0168,45.4545,45.4545,45.4545,42.0168,45.4545,A,34.8673,1.3604,31.0975,0.6002,44.3086,1.7752,ScotishPremierLeague
SC0,27/03/2010,Hamilton,St Johnstone,H,2.4,3.2,3.0,2.25,3.25,2.8,2.3,3.1,2.8,2.38,3.2,2.6,2.38,3.1,2.62,2009/10,€13.38m,€11.05m,2.38,3.2,2.88,41.6667,44.4444,42.0168,43.4783,42.0168,42.0168,31.25,30.7692,32.2581,32.2581,31.25,31.25,33.3333,35.7143,38.1679,35.7143,34.7222,38.4615,H,42.6066,1.1013,31.5059,0.6117,36.0189,1.9831,ScotishPremierLeague
SC0,27/03/2010,Hearts,Rangers,A,6.0,3.75,1.57,5.75,3.75,1.5,4.3,3.4,1.7,5.0,3.5,1.57,6.0,3.4,1.5,2009/10,€26.15m,€82.48m,6.0,3.6,1.57,16.6667,17.3913,16.6667,23.2558,16.6667,20.0,26.6667,26.6667,29.4118,29.4118,27.7778,28.5714,63.6943,66.6667,66.6667,58.8235,63.6943,63.6943,A,18.4412,2.6892,28.0844,1.255,63.8733,2.8706,ScotishPremierLeague
SC0,30/03/2010,St Johnstone,Rangers,H,8.0,4.5,1.4,7.0,4.0,1.4,6.5,4.0,1.4,7.5,4.1,1.38,8.0,4.5,1.4,2009/10,€11.05m,€82.48m,8.5,4.75,1.33,12.5,14.2857,12.5,15.3846,11.7647,13.3333,22.2222,25.0,22.2222,25.0,21.0526,24.3902,71.4286,71.4286,71.4286,71.4286,75.188,72.4638,A,13.2947,1.3383,23.3145,1.6936,72.2277,1.5082,ScotishPremierLeague
SC0,31/03/2010,Hibernian,Dundee United,A,2.38,3.3,3.0,2.1,3.25,3.1,2.4,3.1,2.7,2.35,3.25,2.75,2.5,3.2,2.88,2009/10,€23.00m,€18.85m,2.38,3.25,2.88,42.0168,47.619,40.0,41.6667,42.0168,42.5532,30.303,30.7692,31.25,32.2581,30.7692,30.7692,33.3333,32.2581,34.7222,37.037,34.7222,36.3636,H,42.6454,2.5881,31.0198,0.6765,34.7394,1.7917,ScotishPremierLeague
SC0,03/04/2010,Motherwell,Falkirk,A,1.67,3.75,5.0,1.55,3.6,5.4,1.55,3.7,5.0,1.57,3.75,4.5,1.67,3.4,4.33,2009/10,€12.53m,€11.60m,1.67,3.4,5.5,59.8802,64.5161,59.8802,64.5161,59.8802,63.6943,26.6667,27.7778,29.4118,27.027,29.4118,26.6667,20.0,18.5185,23.0947,20.0,18.1818,22.2222,H,62.0612,2.4079,27.827,1.2929,20.3362,1.9666,ScotishPremierLeague
SC0,03/04/2010,Rangers,Hamilton,H,1.14,7.5,17.0,1.15,7.0,10.0,1.2,5.2,11.0,1.17,5.5,12.0,1.14,6.0,12.0,2009/10,€82.48m,€13.38m,1.14,7.0,17.0,87.7193,86.9565,87.7193,83.3333,87.7193,85.4701,13.3333,14.2857,16.6667,19.2308,14.2857,18.1818,5.8824,10.0,8.3333,9.0909,5.8824,8.3333,H,86.4863,1.7752,15.9973,2.393,7.9204,1.6937,ScotishPremierLeague
SC0,03/04/2010,St Mirren,Hearts,D,2.75,3.3,2.5,2.6,3.25,2.4,2.7,3.1,2.4,2.5,3.3,2.38,2.5,3.1,2.5,2009/10,€10.30m,€26.15m,2.75,3.2,2.5,36.3636,38.4615,40.0,37.037,36.3636,40.0,30.303,30.7692,32.2581,32.2581,31.25,30.303,40.0,41.6667,40.0,41.6667,40.0,42.0168,A,38.0376,1.7022,31.1902,0.8984,40.8917,0.9851,ScotishPremierLeague
SC0,04/04/2010,Hibernian,Celtic,A,5.0,3.75,1.67,5.0,3.75,1.55,4.2,3.3,1.75,4.5,3.5,1.62,4.33,3.4,1.67,2009/10,€23.00m,€109.30m,5.5,3.6,1.62,20.0,20.0,23.0947,23.8095,18.1818,22.2222,26.6667,26.6667,29.4118,30.303,27.7778,28.5714,59.8802,64.5161,59.8802,57.1429,61.7284,61.7284,A,21.218,2.1648,28.2329,1.4767,60.8127,2.4738,ScotishPremierLeague
SC0,04/04/2010,Kilmarnock,Aberdeen,H,2.6,3.3,2.63,2.5,3.25,2.5,2.3,3.2,2.7,2.4,3.25,2.5,2.4,3.1,2.6,2009/10,€11.48m,€20.48m,2.62,3.2,2.62,38.4615,40.0,41.6667,43.4783,38.1679,41.6667,30.303,30.7692,32.2581,31.25,31.25,30.7692,38.0228,40.0,38.4615,37.037,38.1679,40.0,H,40.5735,2.069,31.0999,0.6694,38.6149,1.1748,ScotishPremierLeague
SC0,05/04/2010,St Johnstone,Dundee United,A,2.8,3.25,2.5,2.8,3.25,2.25,2.6,3.2,2.4,2.75,3.25,2.2,3.0,3.2,2.4,2009/10,€11.05m,€18.85m,2.88,3.25,2.38,35.7143,35.7143,33.3333,38.4615,34.7222,36.3636,30.7692,30.7692,31.25,31.25,30.7692,30.7692,40.0,44.4444,41.6667,41.6667,42.0168,45.4545,A,35.7182,1.7101,30.9295,0.2483,42.5415,2.0185,ScotishPremierLeague
SC0,07/04/2010,Rangers,Aberdeen,H,1.17,7.0,15.0,1.18,6.5,9.0,1.22,5.2,11.0,1.22,6.0,12.0,1.22,6.0,12.0,2009/10,€82.48m,€20.48m,1.18,6.0,15.0,85.4701,84.7458,81.9672,81.9672,84.7458,81.9672,14.2857,15.3846,16.6667,19.2308,16.6667,16.6667,6.6667,11.1111,8.3333,9.0909,6.6667,8.3333,H,83.4772,1.6752,16.4835,1.6545,8.367,1.6636,ScotishPremierLeague
SC0,10/04/2010,Falkirk,St Mirren,H,2.38,3.25,3.0,2.25,3.25,2.8,2.25,3.2,2.85,2.3,3.25,3.1,2.2,3.2,2.8,2009/10,€11.60m,€10.30m,2.2,3.2,3.2,42.0168,44.4444,45.4545,44.4444,45.4545,43.4783,30.7692,30.7692,31.25,31.25,31.25,30.7692,33.3333,35.7143,35.7143,35.0877,31.25,32.2581,H,44.2155,1.3079,31.0096,0.2633,33.893,1.8991,ScotishPremierLeague
SC0,10/04/2010,Hamilton,Hibernian,H,2.8,3.25,2.5,2.5,3.25,2.5,2.6,3.2,2.4,2.8,3.3,2.5,2.62,3.2,2.3,2009/10,€13.38m,€23.00m,2.75,3.2,2.5,35.7143,40.0,38.1679,38.4615,36.3636,35.7143,30.7692,30.7692,31.25,31.25,31.25,30.303,40.0,40.0,43.4783,41.6667,40.0,40.0,A,37.4036,1.7455,30.9319,0.3878,40.8575,1.4467,ScotishPremierLeague
SC0,10/04/2010,Hearts,Kilmarnock,H,1.8,3.5,4.5,1.7,3.45,4.3,1.75,3.3,4.2,1.8,3.5,4.5,1.83,3.2,3.75,2009/10,€26.15m,€11.48m,1.83,3.25,4.5,55.5556,58.8235,54.6448,57.1429,54.6448,55.5556,28.5714,28.9855,31.25,30.303,30.7692,28.5714,22.2222,23.2558,26.6667,23.8095,22.2222,22.2222,H,56.0612,1.6324,29.7418,1.1796,23.3998,1.7333,ScotishPremierLeague
SC0,11/04/2010,Aberdeen,St Johnstone,A,2.38,3.25,3.0,2.1,3.25,3.05,2.0,3.2,3.3,2.3,3.25,3.1,2.3,3.2,2.62,2009/10,€20.48m,€11.05m,2.3,3.2,3.0,42.0168,47.619,43.4783,50.0,43.4783,43.4783,30.7692,30.7692,31.25,31.25,31.25,30.7692,33.3333,32.7869,38.1679,30.303,33.3333,32.2581,H,45.0118,3.0888,31.0096,0.2633,33.3638,2.6079,ScotishPremierLeague
SC0,13/04/2010,Celtic,Motherwell,H,1.33,5.0,9.0,1.35,4.75,6.25,1.35,4.2,7.5,1.29,4.5,8.0,1.36,4.0,7.0,2009/10,€109.30m,€12.53m,1.33,4.75,9.0,75.188,74.0741,73.5294,74.0741,75.188,77.5194,20.0,21.0526,25.0,23.8095,21.0526,22.2222,11.1111,16.0,14.2857,13.3333,11.1111,12.5,H,74.9288,1.4328,22.1895,1.8923,13.0569,1.9042,ScotishPremierLeague
SC0,14/04/2010,Dundee United,Rangers,D,4.0,3.4,1.91,4.1,3.4,1.75,3.5,3.3,1.9,3.75,3.3,1.8,3.75,3.3,1.8,2009/10,€18.85m,€82.48m,4.0,3.25,1.91,25.0,24.3902,26.6667,28.5714,25.0,26.6667,29.4118,29.4118,30.303,30.303,30.7692,30.303,52.356,57.1429,55.5556,52.6316,52.356,55.5556,A,26.0492,1.5542,30.0836,0.5508,54.2663,2.077,ScotishPremierLeague
SC0,17/04/2010,Aberdeen,Falkirk,H,2.0,3.4,3.7,2.0,3.25,3.3,2.0,3.2,3.3,2.1,3.3,3.5,2.0,3.2,3.2,2009/10,€20.48m,€11.60m,2.1,3.2,3.5,50.0,50.0,50.0,50.0,47.619,47.619,29.4118,30.7692,31.25,31.25,31.25,30.303,27.027,30.303,31.25,30.303,28.5714,28.5714,H,49.2063,1.2295,30.7057,0.7388,29.3376,1.5514,ScotishPremierLeague
SC0,17/04/2010,Celtic,Hibernian,H,1.4,4.33,8.5,1.35,4.5,6.75,1.35,4.2,7.5,1.36,4.5,9.0,1.33,4.33,7.0,2009/10,€109.30m,€23.00m,1.36,4.5,8.5,71.4286,74.0741,75.188,74.0741,73.5294,73.5294,23.0947,22.2222,23.0947,23.8095,22.2222,22.2222,11.7647,14.8148,14.2857,13.3333,11.7647,11.1111,H,73.6373,1.24,22.7776,0.662,12.8457,1.5189,ScotishPremierLeague
SC0,17/04/2010,Hamilton,Kilmarnock,H,2.1,3.4,3.4,1.9,3.35,3.5,2.0,3.3,3.2,2.0,3.4,3.75,2.0,3.2,3.2,2009/10,€13.38m,€11.48m,2.05,3.2,3.5,47.619,52.6316,50.0,50.0,48.7805,50.0,29.4118,29.8507,31.25,30.303,31.25,29.4118,29.4118,28.5714,31.25,31.25,28.5714,26.6667,H,49.8385,1.6688,30.2462,0.8447,29.2869,1.7671,ScotishPremierLeague
SC0,17/04/2010,St Johnstone,St Mirren,D,1.91,3.4,4.0,1.85,3.4,3.6,1.85,3.4,3.4,1.83,3.5,4.33,1.83,3.3,3.6,2009/10,€11.05m,€10.30m,1.91,3.25,4.0,52.356,54.0541,54.6448,54.0541,52.356,54.6448,29.4118,29.4118,30.303,29.4118,30.7692,28.5714,25.0,27.7778,27.7778,29.4118,25.0,23.0947,H,53.685,1.0628,29.6465,0.7762,26.3437,2.3534,ScotishPremierLeague
SC0,18/04/2010,Motherwell,Dundee United,A,2.63,3.25,2.63,2.5,3.25,2.5,2.55,3.1,2.55,2.75,3.3,2.5,2.5,3.1,2.5,2009/10,€12.53m,€18.85m,2.62,3.25,2.5,38.0228,40.0,40.0,39.2157,38.1679,36.3636,30.7692,30.7692,32.2581,32.2581,30.7692,30.303,38.0228,40.0,40.0,39.2157,40.0,40.0,A,38.6283,1.4011,31.1878,0.8485,39.5398,0.8067,ScotishPremierLeague
SC0,18/04/2010,Rangers,Hearts,H,1.3,5.0,10.0,1.33,5.75,8.0,1.33,4.4,7.5,1.25,5.5,10.0,1.25,4.8,8.5,2009/10,€82.48m,€26.15m,1.29,4.75,11.0,76.9231,75.188,80.0,75.188,77.5194,80.0,20.0,17.3913,20.8333,22.7273,21.0526,18.1818,10.0,12.5,11.7647,13.3333,9.0909,10.0,H,77.4698,2.1688,20.031,1.967,11.1148,1.664,ScotishPremierLeague
SC0,24/04/2010,Falkirk,Hamilton,A,2.38,3.25,3.0,2.25,3.25,2.8,2.1,3.1,3.2,2.25,3.25,3.25,2.2,3.25,2.75,2009/10,€11.60m,€13.38m,2.3,3.2,3.0,42.0168,44.4444,45.4545,47.619,43.4783,44.4444,30.7692,30.7692,30.7692,32.2581,31.25,30.7692,33.3333,35.7143,36.3636,31.25,33.3333,30.7692,H,44.5762,1.8879,31.0975,0.6002,33.4606,2.2658,ScotishPremierLeague
SC0,24/04/2010,Hearts,Motherwell,A,2.1,3.3,3.5,2.0,3.25,3.3,2.1,3.2,3.1,2.1,3.4,3.4,2.1,3.2,3.0,2009/10,€26.15m,€12.53m,2.1,3.25,3.4,47.619,50.0,47.619,47.619,47.619,47.619,30.303,30.7692,31.25,31.25,30.7692,29.4118,28.5714,30.303,33.3333,32.2581,29.4118,29.4118,H,48.0158,0.972,30.6255,0.6926,30.5482,1.8564,ScotishPremierLeague
SC0,24/04/2010,St Johnstone,Aberdeen,D,2.2,3.3,3.25,2.0,3.25,3.3,2.2,3.1,3.0,2.1,3.2,3.0,2.05,3.2,3.1,2009/10,€11.05m,€20.48m,2.1,3.2,3.5,45.4545,50.0,48.7805,45.4545,47.619,47.619,30.303,30.7692,31.25,32.2581,31.25,31.25,30.7692,30.303,32.2581,33.3333,28.5714,33.3333,H,47.4879,1.8047,31.1801,0.6504,31.428,1.8873,ScotishPremierLeague
SC0,24/04/2010,St Mirren,Kilmarnock,H,2.3,3.3,3.1,2.25,3.25,2.8,2.1,3.2,3.1,2.1,3.2,3.0,2.1,3.2,3.0,2009/10,€10.30m,€11.48m,2.2,3.2,3.2,43.4783,44.4444,47.619,47.619,45.4545,47.619,30.303,30.7692,31.25,31.25,31.25,31.25,32.2581,35.7143,33.3333,32.2581,31.25,33.3333,H,46.039,1.8402,31.012,0.397,33.0245,1.5329,ScotishPremierLeague
SC0,25/04/2010,Dundee United,Celtic,A,3.6,3.5,2.0,3.5,3.35,1.9,3.5,3.3,1.9,3.4,3.4,2.1,3.25,3.4,1.91,2009/10,€18.85m,€109.30m,3.5,3.4,2.0,27.7778,28.5714,30.7692,28.5714,28.5714,29.4118,28.5714,29.8507,29.4118,30.303,29.4118,29.4118,50.0,52.6316,52.356,52.6316,50.0,47.619,A,28.9455,1.0322,29.4934,0.575,50.873,2.0247,ScotishPremierLeague
SC0,25/04/2010,Hibernian,Rangers,A,5.0,3.75,1.67,4.6,3.5,1.65,4.3,3.4,1.7,5.0,3.75,1.67,4.5,3.5,1.62,2009/10,€23.00m,€82.48m,5.0,3.6,1.67,20.0,21.7391,22.2222,23.2558,20.0,20.0,26.6667,28.5714,28.5714,29.4118,27.7778,26.6667,59.8802,60.6061,61.7284,58.8235,59.8802,59.8802,A,21.2029,1.4058,27.9443,1.1165,60.1331,0.967,ScotishPremierLeague
SC0,01/05/2010,Aberdeen,Hamilton,A,2.0,3.4,3.7,1.95,3.3,3.4,2.0,3.2,3.3,2.2,3.25,3.3,2.0,3.2,3.2,2009/10,€20.48m,€13.38m,2.1,3.2,3.5,50.0,51.2821,50.0,50.0,47.619,45.4545,29.4118,30.303,31.25,31.25,31.25,30.7692,27.027,29.4118,31.25,30.303,28.5714,30.303,H,49.0593,2.1291,30.7057,0.7388,29.4777,1.5057,ScotishPremierLeague
SC0,01/05/2010,Celtic,Motherwell,H,1.33,5.0,9.0,1.3,4.75,7.5,1.4,4.0,6.5,1.33,5.0,9.0,1.25,4.8,8.5,2009/10,€109.30m,€12.53m,1.33,4.75,9.0,75.188,76.9231,80.0,71.4286,75.188,75.188,20.0,21.0526,20.8333,25.0,21.0526,20.0,11.1111,13.3333,11.7647,15.3846,11.1111,11.1111,H,75.6526,2.793,21.3231,1.8659,12.3026,1.7384,ScotishPremierLeague
SC0,01/05/2010,Dundee United,Rangers,A,3.7,3.4,2.0,3.6,3.4,1.85,3.3,3.2,2.0,3.75,3.3,2.0,3.4,3.25,1.91,2009/10,€18.85m,€82.48m,3.6,3.5,1.95,27.027,27.7778,29.4118,30.303,27.7778,26.6667,29.4118,29.4118,30.7692,31.25,28.5714,30.303,50.0,54.0541,52.356,50.0,51.2821,50.0,A,28.1607,1.4118,29.9529,0.9965,51.282,1.6594,ScotishPremierLeague
SC0,01/05/2010,Falkirk,St Mirren,D,2.25,3.4,3.1,2.2,3.25,2.9,2.2,3.1,3.0,2.25,3.2,3.25,2.2,3.2,2.8,2009/10,€11.60m,€10.30m,2.2,3.2,3.2,44.4444,45.4545,45.4545,45.4545,45.4545,44.4444,29.4118,30.7692,31.25,32.2581,31.25,31.25,32.2581,34.4828,35.7143,33.3333,31.25,30.7692,H,45.1178,0.5216,31.0315,0.9317,32.968,1.911,ScotishPremierLeague
SC0,01/05/2010,Hibernian,Hearts,A,2.3,3.3,3.1,2.2,3.25,2.9,2.2,3.1,3.0,2.2,3.25,3.3,2.0,3.2,3.2,2009/10,€23.00m,€26.15m,2.2,3.2,3.25,43.4783,45.4545,50.0,45.4545,45.4545,45.4545,30.303,30.7692,31.25,32.2581,31.25,30.7692,32.2581,34.4828,31.25,33.3333,30.7692,30.303,H,45.8827,2.1664,31.0999,0.6694,32.0661,1.6087,ScotishPremierLeague
SC0,01/05/2010,Kilmarnock,St Johnstone,A,2.38,3.3,3.0,2.25,3.25,2.8,2.0,3.3,3.2,2.38,3.4,2.88,2.3,3.2,2.62,2009/10,€11.48m,€11.05m,2.38,3.25,2.88,42.0168,44.4444,43.4783,50.0,42.0168,42.0168,30.303,30.7692,31.25,30.303,30.7692,29.4118,33.3333,35.7143,38.1679,31.25,34.7222,34.7222,H,43.9955,3.107,30.4677,0.6266,34.6516,2.3157,ScotishPremierLeague
SC0,04/05/2010,Celtic,Rangers,H,2.25,3.3,3.2,2.25,3.25,3.05,2.2,3.1,3.0,2.25,3.3,3.2,2.25,3.3,3.2,2009/10,€109.30m,€82.48m,2.2,3.2,3.2,44.4444,44.4444,44.4444,45.4545,45.4545,44.4444,30.303,30.7692,30.303,32.2581,31.25,30.303,31.25,32.7869,31.25,33.3333,31.25,31.25,H,44.7811,0.5216,30.8644,0.7805,31.8534,0.9506,ScotishPremierLeague
SC0,05/05/2010,Aberdeen,Kilmarnock,A,2.2,3.3,3.25,1.9,3.3,3.55,2.1,3.2,3.1,2.25,3.3,3.2,2.2,3.25,3.3,2009/10,€20.48m,€11.48m,2.1,3.2,3.4,45.4545,52.6316,45.4545,47.619,47.619,44.4444,30.303,30.303,30.7692,31.25,31.25,30.303,30.7692,28.169,30.303,32.2581,29.4118,31.25,H,47.2038,2.9509,30.6964,0.4653,30.3602,1.4328,ScotishPremierLeague
SC0,05/05/2010,Falkirk,St Johnstone,D,2.25,3.4,3.1,2.05,3.25,3.2,2.1,3.2,3.1,2.25,3.4,3.1,2.25,3.3,3.2,2009/10,€11.60m,€11.05m,2.2,3.25,3.2,44.4444,48.7805,44.4444,47.619,45.4545,44.4444,29.4118,30.7692,30.303,31.25,30.7692,29.4118,32.2581,31.25,31.25,32.2581,31.25,32.2581,H,45.8645,1.8868,30.3192,0.764,31.754,0.5522,ScotishPremierLeague
SC0,05/05/2010,Hamilton,St Mirren,D,2.0,3.4,3.7,1.9,3.3,3.55,1.9,3.3,3.5,2.0,3.4,3.75,2.05,3.25,3.75,2009/10,€13.38m,€10.30m,2.0,3.25,3.75,50.0,52.6316,48.7805,52.6316,50.0,50.0,29.4118,30.303,30.7692,30.303,30.7692,29.4118,27.027,28.169,26.6667,28.5714,26.6667,26.6667,H,50.674,1.5882,30.1613,0.6169,27.2946,0.8543,ScotishPremierLeague
SC0,05/05/2010,Hearts,Dundee United,D,2.5,3.3,2.75,2.55,3.25,2.45,2.4,3.1,2.7,2.5,3.3,2.8,2.5,3.2,2.88,2009/10,€26.15m,€18.85m,2.5,3.0,2.88,40.0,39.2157,40.0,41.6667,40.0,40.0,30.303,30.7692,31.25,32.2581,33.3333,30.303,36.3636,40.8163,34.7222,37.037,34.7222,35.7143,H,40.1471,0.8079,31.3694,1.2079,36.5626,2.2739,ScotishPremierLeague
SC0,05/05/2010,Motherwell,Hibernian,D,2.1,3.3,3.5,2.0,3.25,3.3,2.2,3.1,3.0,2.1,3.4,3.4,2.1,3.3,3.5,2009/10,€12.53m,€23.00m,2.0,3.25,3.6,47.619,50.0,47.619,45.4545,50.0,47.619,30.303,30.7692,30.303,32.2581,30.7692,29.4118,28.5714,30.303,28.5714,33.3333,27.7778,29.4118,H,48.0519,1.7262,30.6357,0.9367,29.6614,1.994,ScotishPremierLeague
SC0,08/05/2010,Kilmarnock,Falkirk,D,2.2,3.4,3.2,2.1,3.25,3.05,2.0,3.2,3.3,2.2,3.3,3.3,2.1,3.2,3.0,2009/10,€11.48m,€11.60m,2.3,3.2,3.0,45.4545,47.619,47.619,50.0,43.4783,45.4545,29.4118,30.7692,31.25,31.25,31.25,30.303,31.25,32.7869,33.3333,30.303,33.3333,30.303,H,46.6042,2.2806,30.7057,0.7388,31.8849,1.4434,ScotishPremierLeague
SC0,08/05/2010,St Johnstone,Hamilton,A,2.1,3.4,3.4,2.1,3.25,3.05,2.2,3.1,3.0,2.2,3.3,3.3,2.05,3.2,3.1,2009/10,€11.05m,€13.38m,2.1,3.4,3.25,47.619,47.619,48.7805,45.4545,47.619,45.4545,29.4118,30.7692,31.25,32.2581,29.4118,30.303,29.4118,32.7869,32.2581,33.3333,30.7692,30.303,H,47.0911,1.3451,30.5673,1.1051,31.477,1.5438,ScotishPremierLeague
SC0,08/05/2010,St Mirren,Aberdeen,A,2.3,3.4,3.0,2.35,3.25,2.65,2.2,3.1,3.0,2.2,3.3,3.3,2.1,3.4,2.8,2009/10,€10.30m,€20.48m,2.2,3.2,3.2,43.4783,42.5532,47.619,45.4545,45.4545,45.4545,29.4118,30.7692,29.4118,32.2581,31.25,30.303,33.3333,37.7358,35.7143,33.3333,31.25,30.303,H,45.0023,1.7766,30.5673,1.1051,33.6116,2.7608,ScotishPremierLeague
SC0,09/05/2010,Dundee United,Hibernian,A,2.1,3.4,3.5,2.0,3.25,3.3,2.0,3.3,3.2,2.1,3.5,3.3,1.91,3.4,3.25,2009/10,€18.85m,€23.00m,2.05,3.25,3.5,47.619,50.0,52.356,50.0,48.7805,47.619,29.4118,30.7692,29.4118,30.303,30.7692,28.5714,28.5714,30.303,30.7692,31.25,28.5714,30.303,H,49.3958,1.7992,29.8727,0.8844,29.9613,1.1323,ScotishPremierLeague
SC0,09/05/2010,Hearts,Celtic,A,5.25,3.6,1.67,5.35,3.6,1.55,4.5,3.5,1.65,5.0,3.75,1.67,4.2,3.5,1.67,2009/10,€26.15m,€109.30m,5.0,3.6,1.67,19.0476,18.6916,23.8095,22.2222,20.0,20.0,27.7778,27.7778,28.5714,28.5714,27.7778,26.6667,59.8802,64.5161,59.8802,60.6061,59.8802,59.8802,A,20.6285,1.9849,27.8572,0.7009,60.7738,1.8562,ScotishPremierLeague
SC0,09/05/2010,Rangers,Motherwell,D,1.36,5.0,8.5,1.3,4.75,7.5,1.4,4.0,6.5,1.33,5.0,8.0,1.29,4.5,8.0,2009/10,€82.48m,€12.53m,1.3,4.75,10.0,73.5294,76.9231,77.5194,71.4286,76.9231,75.188,20.0,21.0526,22.2222,25.0,21.0526,20.0,11.7647,13.3333,12.5,15.3846,10.0,12.5,H,75.2519,2.3798,21.5546,1.879,12.5804,1.7758,ScotishPremierLeague
SC0,14/08/2010,Aberdeen,Hamilton,H,2.0,3.4,3.75,1.9,3.25,3.6,2.0,3.2,3.3,1.91,3.4,4.0,2.05,3.3,3.6,2010/11,€14.80m,€9.25m,2.0,3.2,3.75,50.0,52.6316,48.7805,50.0,50.0,52.356,29.4118,30.7692,30.303,31.25,31.25,29.4118,26.6667,27.7778,27.7778,30.303,26.6667,25.0,H,50.628,1.5229,30.3993,0.8419,27.3653,1.763,ScotishPremierLeague
SC0,14/08/2010,Hearts,St Johnstone,D,1.91,3.4,4.0,1.88,3.25,3.7,1.85,3.3,3.7,1.83,3.5,4.33,1.91,3.4,4.0,2010/11,€26.63m,€10.88m,1.91,3.25,4.0,52.356,53.1915,52.356,54.0541,52.356,54.6448,29.4118,30.7692,29.4118,30.303,30.7692,28.5714,25.0,27.027,25.0,27.027,25.0,23.0947,H,53.1597,0.9944,29.8727,0.8844,25.3581,1.4885,ScotishPremierLeague
SC0,14/08/2010,Inverness C,Celtic,A,8.0,4.5,1.4,7.0,4.4,1.35,6.5,4.0,1.4,8.0,4.33,1.4,8.0,4.5,1.4,2010/11,€8.33m,€61.30m,7.0,4.6,1.4,12.5,14.2857,12.5,15.3846,14.2857,12.5,22.2222,22.7273,22.2222,25.0,21.7391,23.0947,71.4286,74.0741,71.4286,71.4286,71.4286,71.4286,A,13.576,1.2451,22.8342,1.1592,71.8695,1.08,ScotishPremierLeague
SC0,14/08/2010,Rangers,Kilmarnock,H,1.2,6.0,15.0,1.17,6.0,11.0,1.2,5.2,11.0,1.2,6.0,15.0,1.2,6.0,15.0,2010/11,€72.43m,€10.38m,1.2,5.5,15.0,83.3333,85.4701,83.3333,83.3333,83.3333,83.3333,16.6667,16.6667,16.6667,19.2308,18.1818,16.6667,6.6667,9.0909,6.6667,9.0909,6.6667,6.6667,H,83.6894,0.8723,17.3466,1.1042,7.4748,1.2519,ScotishPremierLeague
SC0,14/08/2010,St Mirren,Dundee United,D,3.6,3.2,2.1,2.9,3.25,2.2,2.9,3.2,2.2,3.1,3.4,2.2,3.3,3.2,2.25,2010/11,€7.70m,€18.00m,3.4,3.25,2.1,27.7778,34.4828,30.303,34.4828,29.4118,32.2581,31.25,30.7692,31.25,31.25,30.7692,29.4118,47.619,45.4545,44.4444,45.4545,47.619,45.4545,A,31.4527,2.7569,30.7834,0.712,46.0077,1.308,ScotishPremierLeague
SC0,15/08/2010,Motherwell,Hibernian,A,2.38,3.25,3.0,2.4,3.25,2.7,2.3,3.2,2.7,2.5,3.3,2.75,2.4,3.2,3.0,2010/11,€10.90m,€25.00m,2.3,3.2,3.0,42.0168,41.6667,41.6667,43.4783,43.4783,40.0,30.7692,30.7692,31.25,31.25,31.25,30.303,33.3333,37.037,33.3333,37.037,33.3333,36.3636,H,42.0511,1.3098,30.9319,0.3878,35.0729,1.9215,ScotishPremierLeague
SC0,21/08/2010,Hamilton,Hearts,A,2.75,3.3,2.5,2.55,3.25,2.45,2.6,3.2,2.4,2.8,3.5,2.38,2.75,3.2,2.6,2010/11,€9.25m,€26.63m,2.75,3.3,2.4,36.3636,39.2157,36.3636,38.4615,36.3636,35.7143,30.303,30.7692,31.25,31.25,30.303,28.5714,40.0,40.8163,38.4615,41.6667,41.6667,42.0168,A,37.0804,1.4053,30.4078,0.9943,40.7713,1.3481,ScotishPremierLeague
SC0,21/08/2010,St Johnstone,Aberdeen,A,2.38,3.3,2.9,2.35,3.25,2.65,2.4,3.2,2.6,2.4,3.4,2.8,2.4,3.2,3.0,2010/11,€10.88m,€14.80m,2.4,3.25,2.75,42.0168,42.5532,41.6667,41.6667,41.6667,41.6667,30.303,30.7692,31.25,31.25,30.7692,29.4118,34.4828,37.7358,33.3333,38.4615,36.3636,35.7143,H,41.8728,0.3615,30.6255,0.6926,36.0152,1.9338,ScotishPremierLeague
SC0,22/08/2010,Celtic,St Mirren,H,1.2,6.0,15.0,1.17,6.5,10.0,1.17,5.7,12.0,1.17,7.0,15.0,1.2,6.0,15.0,2010/11,€61.30m,€7.70m,1.17,6.5,15.0,83.3333,85.4701,83.3333,85.4701,85.4701,85.4701,16.6667,15.3846,16.6667,17.5439,15.3846,14.2857,6.6667,10.0,6.6667,8.3333,6.6667,6.6667,H,84.7578,1.1034,15.9887,1.1805,7.5,1.3944,ScotishPremierLeague
SC0,22/08/2010,Dundee United,Inverness C,A,1.67,3.6,5.25,1.55,3.6,5.35,1.7,3.4,4.3,1.57,3.75,6.0,1.73,3.5,5.0,2010/11,€18.00m,€8.33m,1.62,3.6,5.5,59.8802,64.5161,57.8035,58.8235,61.7284,63.6943,27.7778,27.7778,28.5714,29.4118,27.7778,26.6667,19.0476,18.6916,20.0,23.2558,18.1818,16.6667,H,61.0743,2.6955,27.9972,0.9215,19.3072,2.2252,ScotishPremierLeague
SC0,22/08/2010,Hibernian,Rangers,A,4.75,3.6,1.73,4.4,3.4,1.7,4.5,3.5,1.65,5.0,3.5,1.73,4.5,3.5,1.8,2010/11,€25.00m,€72.43m,4.75,3.4,1.75,21.0526,22.7273,22.2222,22.2222,21.0526,20.0,27.7778,29.4118,28.5714,28.5714,29.4118,28.5714,57.8035,58.8235,55.5556,60.6061,57.1429,57.8035,A,21.5462,1.0185,28.7193,0.6182,57.9558,1.6879,ScotishPremierLeague
SC0,22/08/2010,Kilmarnock,Motherwell,A,2.63,3.3,2.6,2.45,3.25,2.55,2.5,3.2,2.5,2.5,3.5,2.62,2.7,3.2,2.62,2010/11,€10.38m,€10.90m,2.5,3.3,2.62,38.0228,40.8163,37.037,40.0,40.0,40.0,30.303,30.7692,31.25,31.25,30.303,28.5714,38.4615,39.2157,38.1679,40.0,38.1679,38.1679,A,39.3127,1.4506,30.4078,0.9943,38.6968,0.7566,ScotishPremierLeague
SC0,28/08/2010,Aberdeen,Kilmarnock,A,1.95,3.4,3.8,1.8,3.4,3.85,1.85,3.2,3.8,1.83,3.5,4.33,1.91,3.4,4.0,2010/11,€14.80m,€10.38m,1.85,3.3,4.0,51.2821,55.5556,52.356,54.0541,54.0541,54.6448,29.4118,29.4118,29.4118,31.25,30.303,28.5714,26.3158,25.974,25.0,26.3158,25.0,23.0947,H,53.6578,1.5639,29.7266,0.9257,25.2834,1.2296,ScotishPremierLeague
SC0,28/08/2010,Inverness C,Hamilton,A,1.91,3.4,4.0,1.85,3.35,3.65,1.9,3.2,3.6,1.91,3.4,4.0,1.91,3.4,4.0,2010/11,€8.33m,€9.25m,1.85,3.4,4.0,52.356,54.0541,52.356,52.6316,54.0541,52.356,29.4118,29.8507,29.4118,31.25,29.4118,29.4118,25.0,27.3973,25.0,27.7778,25.0,25.0,H,52.968,0.8481,29.7913,0.7359,25.8625,1.3416,ScotishPremierLeague
SC0,28/08/2010,Rangers,St Johnstone,H,1.22,6.0,13.0,1.18,5.5,12.5,1.2,5.2,11.0,1.22,6.0,12.0,1.2,6.0,15.0,2010/11,€72.43m,€10.88m,1.2,5.5,15.0,81.9672,84.7458,83.3333,83.3333,83.3333,81.9672,16.6667,18.1818,16.6667,19.2308,18.1818,16.6667,7.6923,8.0,6.6667,9.0909,6.6667,8.3333,H,83.1134,1.0428,17.5991,1.0908,7.7416,0.954,ScotishPremierLeague
SC0,29/08/2010,Hearts,Dundee United,D,2.2,3.4,3.2,2.25,3.25,2.8,2.1,3.2,3.1,2.25,3.3,3.1,2.2,3.3,3.3,2010/11,€26.63m,€18.00m,2.2,3.25,3.12,45.4545,44.4444,45.4545,47.619,45.4545,44.4444,29.4118,30.7692,30.303,31.25,30.7692,30.303,31.25,35.7143,30.303,32.2581,32.0513,32.2581,H,45.4786,1.1595,30.4677,0.6266,32.3058,1.8337,ScotishPremierLeague
SC0,29/08/2010,Motherwell,Celtic,A,6.0,3.8,1.57,6.0,3.6,1.5,5.0,3.7,1.55,6.0,3.75,1.57,6.0,3.8,1.57,2010/11,€10.90m,€61.30m,6.0,3.8,1.53,16.6667,16.6667,16.6667,20.0,16.6667,16.6667,26.3158,27.7778,26.3158,27.027,26.3158,26.6667,63.6943,66.6667,63.6943,64.5161,65.3595,63.6943,A,17.2222,1.3608,26.7365,0.5839,64.6042,1.2096,ScotishPremierLeague
SC0,29/08/2010,St Mirren,Hibernian,H,3.1,3.3,2.3,2.9,3.25,2.2,2.6,3.2,2.4,3.1,3.4,2.25,3.0,3.25,2.38,2010/11,€7.70m,€25.00m,3.1,3.2,2.25,32.2581,34.4828,33.3333,38.4615,32.2581,32.2581,30.303,30.7692,30.7692,31.25,31.25,29.4118,43.4783,45.4545,42.0168,41.6667,44.4444,44.4444,A,33.842,2.4304,30.6255,0.6926,43.5842,1.4915,ScotishPremierLeague
SC0,11/09/2010,Celtic,Hearts,H,1.33,5.0,9.0,1.35,4.5,7.0,1.35,4.2,7.5,1.33,5.0,9.0,1.33,4.8,9.0,2010/11,€61.30m,€26.63m,1.33,5.0,10.0,75.188,74.0741,75.188,74.0741,75.188,75.188,20.0,22.2222,20.8333,23.8095,20.0,20.0,11.1111,14.2857,11.1111,13.3333,10.0,11.1111,H,74.8167,0.5752,21.1442,1.5678,11.8254,1.6242,ScotishPremierLeague
SC0,11/09/2010,Dundee United,Aberdeen,H,2.1,3.3,3.5,2.1,3.25,3.1,2.0,3.2,3.3,2.0,3.5,3.6,2.1,3.25,3.6,2010/11,€18.00m,€14.80m,2.1,3.4,3.6,47.619,47.619,47.619,50.0,47.619,50.0,30.303,30.7692,30.7692,31.25,29.4118,28.5714,28.5714,32.2581,27.7778,30.303,27.7778,27.7778,H,48.4127,1.2295,30.1791,1.0032,29.0776,1.8408,ScotishPremierLeague
SC0,11/09/2010,Hamilton,Rangers,A,8.0,4.5,1.4,6.25,4.25,1.4,6.5,4.0,1.4,9.0,4.5,1.36,8.0,4.5,1.4,2010/11,€9.25m,€72.43m,10.0,4.6,1.36,12.5,16.0,12.5,15.3846,10.0,11.1111,22.2222,23.5294,22.2222,25.0,21.7391,22.2222,71.4286,71.4286,71.4286,71.4286,73.5294,73.5294,A,12.916,2.3542,22.8225,1.2244,72.1289,1.0848,ScotishPremierLeague
SC0,11/09/2010,Hibernian,Inverness C,D,1.83,3.5,4.33,1.7,3.45,4.3,1.8,3.2,4.0,1.8,3.5,4.5,1.83,3.4,4.5,2010/11,€25.00m,€8.33m,1.85,3.5,4.2,54.6448,58.8235,54.6448,55.5556,54.0541,55.5556,28.5714,28.9855,29.4118,31.25,28.5714,28.5714,23.0947,23.2558,22.2222,25.0,23.8095,22.2222,H,55.5464,1.7083,29.2269,1.0464,23.2674,1.0498,ScotishPremierLeague
SC0,11/09/2010,Kilmarnock,St Mirren,H,2.1,3.3,3.5,2.0,3.25,3.3,2.2,3.2,2.9,2.1,3.3,3.5,2.15,3.2,3.5,2010/11,€10.38m,€7.70m,2.2,3.25,3.5,47.619,50.0,46.5116,45.4545,45.4545,47.619,30.303,30.7692,31.25,31.25,30.7692,30.303,28.5714,30.303,28.5714,34.4828,28.5714,28.5714,H,47.1098,1.7152,30.7741,0.4235,29.8452,2.3752,ScotishPremierLeague
SC0,11/09/2010,St Johnstone,Motherwell,A,2.38,3.25,3.0,2.3,3.25,2.7,2.4,3.2,2.6,2.4,3.3,2.9,2.4,3.3,2.9,2010/11,€10.88m,€10.90m,2.38,3.25,3.1,42.0168,43.4783,41.6667,41.6667,42.0168,41.6667,30.7692,30.7692,30.303,31.25,30.7692,30.303,33.3333,37.037,34.4828,38.4615,32.2581,34.4828,H,42.0853,0.7036,30.6939,0.3555,35.0092,2.3221,ScotishPremierLeague
SC0,18/09/2010,Hibernian,Hamilton,D,1.8,3.5,4.5,1.67,3.5,4.5,1.8,3.2,4.0,1.8,3.5,4.5,1.91,3.4,4.0,2010/11,€25.00m,€9.25m,1.83,3.5,4.4,55.5556,59.8802,52.356,55.5556,54.6448,55.5556,28.5714,28.5714,29.4118,31.25,28.5714,28.5714,22.2222,22.2222,25.0,25.0,22.7273,22.2222,H,55.5913,2.4397,29.1579,1.0786,23.2323,1.3831,ScotishPremierLeague
SC0,18/09/2010,Inverness C,Hearts,A,2.63,3.25,2.63,2.5,3.25,2.55,2.55,3.1,2.55,2.6,3.4,2.6,2.6,3.2,2.7,2010/11,€8.33m,€26.63m,2.5,3.12,2.88,38.0228,40.0,38.4615,39.2157,40.0,38.4615,30.7692,30.7692,31.25,32.2581,32.0513,29.4118,38.0228,39.2157,37.037,39.2157,34.7222,38.4615,H,39.0269,0.8458,31.0849,1.0331,37.7791,1.7058,ScotishPremierLeague
SC0,18/09/2010,Motherwell,Aberdeen,D,2.2,3.3,3.25,2.15,3.25,3.0,2.3,3.1,2.8,2.2,3.4,3.2,2.15,3.3,3.4,2010/11,€10.90m,€14.80m,2.2,3.25,3.4,45.4545,46.5116,46.5116,43.4783,45.4545,45.4545,30.303,30.7692,30.303,32.2581,30.7692,29.4118,30.7692,33.3333,29.4118,35.7143,29.4118,31.25,H,45.4775,1.1079,30.6357,0.9367,31.6484,2.462,ScotishPremierLeague
SC0,18/09/2010,Rangers,Dundee United,H,1.36,4.5,8.5,1.35,4.5,7.0,1.37,4.2,7.5,1.36,4.5,9.0,1.36,4.8,8.0,2010/11,€72.43m,€18.00m,1.4,4.75,7.5,73.5294,74.0741,73.5294,72.9927,71.4286,73.5294,22.2222,22.2222,20.8333,23.8095,21.0526,22.2222,11.7647,14.2857,12.5,13.3333,13.3333,11.1111,H,73.1806,0.9239,22.0603,1.0639,12.7214,1.1622,ScotishPremierLeague
SC0,18/09/2010,St Johnstone,St Mirren,H,2.0,3.4,3.75,2.05,3.25,3.2,2.1,3.1,3.2,2.1,3.4,3.4,2.1,3.2,3.6,2010/11,€10.88m,€7.70m,2.0,3.3,4.0,50.0,48.7805,47.619,47.619,50.0,47.619,29.4118,30.7692,31.25,32.2581,30.303,29.4118,26.6667,31.25,27.7778,31.25,25.0,29.4118,H,48.6062,1.1696,30.5673,1.1051,28.5594,2.5325,ScotishPremierLeague
SC0,19/09/2010,Kilmarnock,Celtic,A,7.5,4.5,1.4,6.25,4.25,1.4,6.5,4.0,1.4,8.0,4.33,1.4,8.0,4.5,1.4,2010/11,€10.38m,€61.30m,8.0,4.6,1.4,13.3333,16.0,12.5,15.3846,12.5,12.5,22.2222,23.5294,22.2222,25.0,21.7391,23.0947,71.4286,71.4286,71.4286,71.4286,71.4286,71.4286,A,13.703,1.5863,22.9679,1.1902,71.4286,0.0,ScotishPremierLeague
SC0,25/09/2010,Celtic,Hibernian,H,1.3,5.0,10.0,1.3,4.75,7.75,1.27,4.8,9.0,1.3,5.5,9.0,1.3,5.0,11.0,2010/11,€61.30m,€25.00m,1.3,5.0,10.0,76.9231,76.9231,76.9231,78.7402,76.9231,76.9231,20.0,21.0526,20.0,20.8333,20.0,18.1818,10.0,12.9032,9.0909,11.1111,10.0,11.1111,H,77.226,0.7418,20.0113,1.0107,10.7027,1.3237,ScotishPremierLeague
SC0,25/09/2010,Dundee United,St Johnstone,H,1.91,3.4,4.0,1.72,3.4,4.25,1.85,3.2,3.8,1.91,3.4,4.0,2.0,3.2,4.0,2010/11,€18.00m,€10.88m,1.95,3.4,3.8,52.356,58.1395,50.0,54.0541,51.2821,52.356,29.4118,29.4118,31.25,31.25,29.4118,29.4118,25.0,23.5294,25.0,26.3158,26.3158,25.0,H,53.0313,2.839,30.0245,0.9492,25.1935,1.0393,ScotishPremierLeague
SC0,25/09/2010,Hamilton,Kilmarnock,D,2.3,3.2,3.2,2.3,3.25,2.7,2.3,3.1,2.8,2.3,3.4,3.0,2.4,3.2,3.0,2010/11,€9.25m,€10.38m,2.38,3.12,3.2,43.4783,43.4783,41.6667,43.4783,42.0168,43.4783,31.25,30.7692,31.25,32.2581,32.0513,29.4118,31.25,37.037,33.3333,35.7143,31.25,33.3333,H,42.9328,0.8523,31.1651,1.0223,33.653,2.3432,ScotishPremierLeague
SC0,25/09/2010,Hearts,Motherwell,A,2.1,3.3,3.5,1.9,3.3,3.6,2.0,3.2,3.3,2.0,3.3,3.75,2.2,3.2,3.4,2010/11,€26.63m,€10.90m,2.1,3.3,3.5,47.619,52.6316,45.4545,50.0,47.619,50.0,30.303,30.303,31.25,31.25,30.303,30.303,28.5714,27.7778,29.4118,30.303,28.5714,26.6667,H,48.8874,2.5099,30.6187,0.489,28.5504,1.2617,ScotishPremierLeague
SC0,25/09/2010,St Mirren,Inverness C,A,2.5,3.2,2.88,2.2,3.25,2.9,2.3,3.1,2.8,2.25,3.4,3.1,2.5,3.1,2.9,2010/11,€7.70m,€8.33m,2.5,3.2,2.88,40.0,45.4545,40.0,43.4783,40.0,44.4444,31.25,30.7692,32.2581,32.2581,31.25,29.4118,34.7222,34.4828,34.4828,35.7143,34.7222,32.2581,H,42.2295,2.521,31.1995,1.0609,34.3971,1.1434,ScotishPremierLeague
SC0,26/09/2010,Aberdeen,Rangers,A,5.5,3.8,1.62,5.25,3.8,1.53,4.8,3.6,1.6,6.0,3.75,1.57,5.5,3.75,1.62,2010/11,€14.80m,€72.43m,6.0,4.0,1.57,18.1818,19.0476,18.1818,20.8333,16.6667,16.6667,26.3158,26.3158,26.6667,27.7778,25.0,26.6667,61.7284,65.3595,61.7284,62.5,63.6943,63.6943,A,18.263,1.5705,26.4571,0.8939,63.1175,1.4094,ScotishPremierLeague
SC0,02/10/2010,Celtic,Hamilton,H,1.17,7.0,15.0,1.15,6.0,13.0,1.15,6.0,13.0,1.17,7.0,15.0,1.17,6.5,17.0,2010/11,€61.30m,€9.25m,1.18,7.0,15.0,85.4701,86.9565,85.4701,86.9565,84.7458,85.4701,14.2857,16.6667,15.3846,16.6667,14.2857,14.2857,6.6667,7.6923,5.8824,7.6923,6.6667,6.6667,H,85.8449,0.9056,15.2625,1.168,6.8778,0.7002,ScotishPremierLeague
SC0,02/10/2010,Hearts,Rangers,A,5.0,3.75,1.67,4.8,3.5,1.62,4.5,3.5,1.65,5.5,3.75,1.62,5.5,3.75,1.62,2010/11,€26.63m,€72.43m,5.5,3.8,1.62,20.0,20.8333,18.1818,22.2222,18.1818,18.1818,26.6667,28.5714,26.6667,28.5714,26.3158,26.6667,59.8802,61.7284,61.7284,60.6061,61.7284,61.7284,A,19.6002,1.7083,27.2431,1.0378,61.2333,0.8006,ScotishPremierLeague
SC0,02/10/2010,Inverness C,Aberdeen,H,2.4,3.3,2.88,2.4,3.25,2.6,2.4,3.2,2.6,2.4,3.3,2.88,2.38,3.3,2.9,2010/11,€8.33m,€14.80m,2.5,3.25,2.88,41.6667,41.6667,42.0168,41.6667,40.0,41.6667,30.303,30.7692,30.303,31.25,30.7692,30.303,34.7222,38.4615,34.4828,38.4615,34.7222,34.7222,H,41.4473,0.7227,30.6162,0.3854,35.9287,1.9641,ScotishPremierLeague
SC0,02/10/2010,Kilmarnock,Dundee United,A,2.75,3.3,2.5,2.55,3.25,2.45,2.6,3.1,2.5,2.8,3.3,2.5,2.9,3.3,2.38,2010/11,€10.38m,€18.00m,2.88,3.2,2.5,36.3636,39.2157,34.4828,38.4615,34.7222,35.7143,30.303,30.7692,30.303,32.2581,31.25,30.303,40.0,40.8163,42.0168,40.0,40.0,40.0,A,36.4934,1.9539,30.8644,0.7805,40.4722,0.8241,ScotishPremierLeague
SC0,02/10/2010,Motherwell,St Mirren,H,1.67,3.75,5.0,1.6,3.4,5.25,1.7,3.4,4.3,1.73,3.5,5.0,1.67,3.5,5.5,2010/11,€10.90m,€7.70m,1.62,3.6,6.0,59.8802,62.5,59.8802,58.8235,61.7284,57.8035,26.6667,29.4118,28.5714,29.4118,27.7778,28.5714,20.0,19.0476,18.1818,23.2558,16.6667,20.0,H,60.1026,1.7557,28.4018,1.0486,19.5253,2.2168,ScotishPremierLeague
SC0,02/10/2010,St Johnstone,Hibernian,H,2.4,3.4,2.8,2.4,3.25,2.6,2.4,3.2,2.6,2.4,3.3,2.88,2.38,3.3,2.9,2010/11,€10.88m,€25.00m,2.4,3.3,2.88,41.6667,41.6667,42.0168,41.6667,41.6667,41.6667,29.4118,30.7692,30.303,31.25,30.303,30.303,35.7143,38.4615,34.4828,38.4615,34.7222,34.7222,H,41.725,0.1429,30.39,0.6104,36.0941,1.8822,ScotishPremierLeague
SC0,16/10/2010,Aberdeen,Hearts,A,2.5,3.2,2.88,2.25,3.25,2.8,2.3,3.1,2.8,2.38,3.4,2.88,2.5,3.1,2.9,2010/11,€14.80m,€26.63m,2.6,3.25,2.75,40.0,44.4444,40.0,43.4783,38.4615,42.0168,31.25,30.7692,32.2581,32.2581,30.7692,29.4118,34.7222,35.7143,34.4828,35.7143,36.3636,34.7222,H,41.4002,2.3032,31.1194,1.0744,35.2866,0.7495,ScotishPremierLeague
SC0,16/10/2010,Hibernian,Kilmarnock,H,2.0,3.4,3.7,1.88,3.35,3.55,2.0,3.2,3.3,2.0,3.4,3.75,2.05,3.2,3.75,2010/11,€25.00m,€10.38m,2.0,3.5,3.75,50.0,53.1915,48.7805,50.0,50.0,50.0,29.4118,29.8507,31.25,31.25,28.5714,29.4118,27.027,28.169,26.6667,30.303,26.6667,26.6667,H,50.3287,1.4849,29.9576,1.0835,27.5832,1.4539,ScotishPremierLeague
SC0,16/10/2010,Inverness C,St Johnstone,D,2.25,3.25,3.2,2.1,3.25,3.05,2.2,3.1,3.0,2.2,3.3,3.25,2.3,3.2,3.1,2010/11,€8.33m,€10.88m,2.25,3.3,3.2,44.4444,47.619,43.4783,45.4545,44.4444,45.4545,30.7692,30.7692,31.25,32.2581,30.303,30.303,31.25,32.7869,32.2581,33.3333,31.25,30.7692,H,45.1492,1.4193,30.9421,0.7353,31.9412,1.0082,ScotishPremierLeague
SC0,16/10/2010,Rangers,Motherwell,H,1.36,4.5,9.0,1.3,4.75,7.75,1.37,4.0,7.5,1.3,5.0,10.0,1.36,4.5,9.0,2010/11,€72.43m,€10.90m,1.36,4.75,9.0,73.5294,76.9231,73.5294,72.9927,73.5294,76.9231,22.2222,21.0526,22.2222,25.0,21.0526,20.0,11.1111,12.9032,11.1111,13.3333,11.1111,10.0,H,74.5712,1.8336,21.9249,1.724,11.595,1.2633,ScotishPremierLeague
SC0,16/10/2010,St Mirren,Hamilton,D,2.4,3.3,2.88,2.3,3.1,2.8,2.3,3.1,2.8,2.3,3.3,3.0,2.5,3.1,2.9,2010/11,€7.70m,€9.25m,2.6,3.25,2.75,41.6667,43.4783,40.0,43.4783,38.4615,43.4783,30.303,32.2581,32.2581,32.2581,30.7692,30.303,34.7222,35.7143,34.4828,35.7143,36.3636,33.3333,H,41.7605,2.1375,31.3582,1.0003,35.0551,1.094,ScotishPremierLeague
SC0,17/10/2010,Dundee United,Celtic,A,5.0,3.75,1.67,4.6,3.5,1.65,4.3,3.4,1.7,5.0,3.5,1.73,4.5,3.75,1.73,2010/11,€18.00m,€61.30m,4.75,4.0,1.67,20.0,21.7391,22.2222,23.2558,21.0526,20.0,26.6667,28.5714,26.6667,29.4118,25.0,28.5714,59.8802,60.6061,57.8035,58.8235,59.8802,57.8035,A,21.3783,1.2863,27.4813,1.6485,59.1328,1.1762,ScotishPremierLeague
SC0,23/10/2010,Aberdeen,Hibernian,H,2.38,3.2,3.0,2.25,3.25,2.8,2.3,3.1,2.8,2.38,3.3,2.9,2.5,3.0,3.0,2010/11,€14.80m,€25.00m,2.4,3.25,3.1,42.0168,44.4444,40.0,43.4783,41.6667,42.0168,31.25,30.7692,33.3333,32.2581,30.7692,30.303,33.3333,35.7143,33.3333,35.7143,32.2581,34.4828,H,42.2705,1.5384,31.4471,1.1386,34.1394,1.4084,ScotishPremierLeague
SC0,23/10/2010,Hamilton,St Johnstone,A,2.5,3.25,2.8,2.3,3.25,2.7,2.3,3.1,2.8,2.38,3.4,2.88,2.6,3.0,2.9,2010/11,€9.25m,€10.88m,2.6,3.25,2.88,40.0,43.4783,38.4615,43.4783,38.4615,42.0168,30.7692,30.7692,33.3333,32.2581,30.7692,29.4118,35.7143,37.037,34.4828,35.7143,34.7222,34.7222,H,40.9827,2.3326,31.2185,1.3728,35.3988,0.9631,ScotishPremierLeague
SC0,23/10/2010,Hearts,St Mirren,H,1.57,3.75,6.0,1.62,3.5,4.75,1.65,3.5,4.5,1.67,3.5,5.5,1.67,3.5,5.5,2010/11,€26.63m,€7.70m,1.62,4.0,6.0,63.6943,61.7284,59.8802,60.6061,61.7284,59.8802,26.6667,28.5714,28.5714,28.5714,25.0,28.5714,16.6667,21.0526,18.1818,22.2222,16.6667,18.1818,H,61.2529,1.456,27.6587,1.509,18.8286,2.3086,ScotishPremierLeague
SC0,23/10/2010,Kilmarnock,Inverness C,A,2.3,3.3,3.1,2.3,3.25,2.7,2.3,3.1,2.8,2.38,3.4,2.88,2.4,3.2,3.0,2010/11,€10.38m,€8.33m,2.38,3.4,3.1,43.4783,43.4783,41.6667,43.4783,42.0168,42.0168,30.303,30.7692,31.25,32.2581,29.4118,29.4118,32.2581,37.037,33.3333,35.7143,32.2581,34.7222,H,42.6892,0.8738,30.5673,1.1051,34.2205,1.9445,ScotishPremierLeague
SC0,23/10/2010,Motherwell,Dundee United,H,2.4,3.25,2.9,2.3,3.25,2.7,2.3,3.1,2.8,2.4,3.4,2.8,2.5,3.0,3.0,2010/11,€10.90m,€18.00m,2.38,3.4,3.1,41.6667,43.4783,40.0,43.4783,42.0168,41.6667,30.7692,30.7692,33.3333,32.2581,29.4118,29.4118,34.4828,37.037,33.3333,35.7143,32.2581,35.7143,H,42.0511,1.3098,30.9922,1.5606,34.7566,1.7537,ScotishPremierLeague
SC0,24/10/2010,Celtic,Rangers,A,2.3,3.2,3.1,2.2,3.25,2.9,2.2,3.1,3.0,2.25,3.4,3.1,2.38,3.1,3.5,2010/11,€61.30m,€72.43m,2.25,3.25,3.5,43.4783,45.4545,42.0168,45.4545,44.4444,44.4444,31.25,30.7692,32.2581,32.2581,30.7692,29.4118,32.2581,34.4828,28.5714,33.3333,28.5714,32.2581,H,44.2155,1.3079,31.1194,1.0744,31.5792,2.4708,ScotishPremierLeague
SC0,30/10/2010,Dundee United,Hibernian,H,2.05,3.3,3.6,2.0,3.25,3.3,2.0,3.2,3.3,2.0,3.5,3.6,2.05,3.3,3.6,2010/11,€18.00m,€25.00m,2.05,3.6,3.6,48.7805,50.0,48.7805,50.0,48.7805,50.0,30.303,30.7692,30.303,31.25,27.7778,28.5714,27.7778,30.303,27.7778,30.303,27.7778,27.7778,H,49.3902,0.6679,29.8291,1.3522,28.6195,1.304,ScotishPremierLeague
SC0,30/10/2010,Motherwell,Hamilton,A,1.8,3.5,4.5,1.65,3.5,4.6,1.65,3.5,4.5,1.73,3.5,5.0,1.73,3.6,4.75,2010/11,€10.90m,€9.25m,1.8,3.6,4.75,55.5556,60.6061,57.8035,60.6061,55.5556,57.8035,28.5714,28.5714,27.7778,28.5714,27.7778,28.5714,22.2222,21.7391,21.0526,22.2222,21.0526,20.0,H,57.9884,2.2632,28.3069,0.4098,21.3814,0.8563,ScotishPremierLeague
SC0,30/10/2010,Rangers,Inverness C,D,1.2,6.0,15.0,1.18,6.0,11.0,1.22,5.0,11.0,1.22,6.0,13.0,1.22,5.5,15.0,2010/11,€72.43m,€8.33m,1.22,6.5,15.0,83.3333,84.7458,81.9672,81.9672,81.9672,81.9672,16.6667,16.6667,18.1818,20.0,15.3846,16.6667,6.6667,9.0909,6.6667,9.0909,6.6667,7.6923,H,82.658,1.1596,17.2611,1.6081,7.6457,1.1878,ScotishPremierLeague
SC0,30/10/2010,St Johnstone,Celtic,A,8.0,4.5,1.4,6.75,4.5,1.35,6.0,3.9,1.45,8.0,4.5,1.4,7.0,4.33,1.44,2010/11,€10.88m,€61.30m,8.5,4.6,1.4,12.5,14.8148,14.2857,16.6667,11.7647,12.5,22.2222,22.2222,23.0947,25.641,21.7391,22.2222,71.4286,74.0741,69.4444,68.9655,71.4286,71.4286,A,13.7553,1.8436,22.8569,1.4329,71.1283,1.8145,ScotishPremierLeague
SC0,30/10/2010,St Mirren,Aberdeen,H,3.1,3.3,2.3,2.7,3.25,2.3,2.7,3.1,2.4,2.88,3.4,2.38,2.9,3.3,2.38,2010/11,€7.70m,€14.80m,3.25,3.4,2.3,32.2581,37.037,34.4828,37.037,30.7692,34.7222,30.303,30.7692,30.303,32.2581,29.4118,29.4118,43.4783,43.4783,42.0168,41.6667,43.4783,42.0168,A,34.3844,2.5214,30.4095,1.0545,42.6892,0.8738,ScotishPremierLeague
SC0,31/10/2010,Hearts,Kilmarnock,A,1.73,3.5,5.0,1.7,3.4,4.4,1.65,3.5,4.5,1.73,3.5,5.0,1.73,3.5,5.0,2010/11,€26.63m,€10.38m,1.73,3.75,5.25,57.8035,58.8235,57.8035,60.6061,57.8035,57.8035,28.5714,29.4118,28.5714,28.5714,26.6667,28.5714,20.0,22.7273,20.0,22.2222,19.0476,20.0,H,58.4406,1.1366,28.394,0.9105,20.6662,1.4574,ScotishPremierLeague
SC0,06/11/2010,Celtic,Aberdeen,H,1.22,6.0,13.0,1.22,5.5,9.0,1.2,5.2,11.0,1.22,6.0,13.0,1.2,6.0,15.0,2010/11,€61.30m,€14.80m,1.22,6.5,15.0,81.9672,81.9672,83.3333,83.3333,81.9672,81.9672,16.6667,18.1818,16.6667,19.2308,15.3846,16.6667,7.6923,11.1111,6.6667,9.0909,6.6667,7.6923,H,82.4226,0.7055,17.1329,1.3572,8.1533,1.7013,ScotishPremierLeague
SC0,06/11/2010,Hamilton,Dundee United,A,2.6,3.4,2.6,2.7,3.25,2.3,2.6,3.2,2.4,2.62,3.3,2.5,2.6,3.4,2.62,2010/11,€9.25m,€18.00m,2.75,3.5,2.6,38.4615,37.037,38.4615,38.4615,36.3636,38.1679,29.4118,30.7692,29.4118,31.25,28.5714,30.303,38.4615,43.4783,38.1679,41.6667,38.4615,40.0,A,37.8255,0.9044,29.9529,0.9965,40.0393,2.1428,ScotishPremierLeague
SC0,06/11/2010,Inverness C,Motherwell,A,2.75,3.2,2.6,2.45,3.25,2.55,2.4,3.2,2.6,2.5,3.3,2.8,2.8,3.1,2.6,2010/11,€8.33m,€10.90m,2.88,3.3,2.6,36.3636,40.8163,35.7143,41.6667,34.7222,40.0,31.25,30.7692,32.2581,31.25,30.303,30.303,38.4615,39.2157,38.4615,38.4615,38.4615,35.7143,A,38.2138,2.958,31.0222,0.7389,38.1293,1.221,ScotishPremierLeague
SC0,06/11/2010,St Johnstone,Kilmarnock,A,2.1,3.4,3.4,2.05,3.3,3.15,2.1,3.1,3.2,2.1,3.4,3.4,2.2,3.2,3.3,2010/11,€10.88m,€10.38m,2.15,3.6,3.4,47.619,48.7805,45.4545,47.619,46.5116,47.619,29.4118,30.303,31.25,32.2581,27.7778,29.4118,29.4118,31.746,30.303,31.25,29.4118,29.4118,H,47.2673,1.1418,30.0688,1.5719,30.2557,1.0343,ScotishPremierLeague
SC0,07/11/2010,Hibernian,Hearts,A,2.75,3.3,2.5,2.45,3.25,2.55,2.5,3.2,2.5,2.62,3.3,2.6,2.8,3.1,2.6,2010/11,€25.00m,€26.63m,2.88,3.3,2.6,36.3636,40.8163,35.7143,40.0,34.7222,38.1679,30.303,30.7692,32.2581,31.25,30.303,30.303,40.0,39.2157,38.4615,40.0,38.4615,38.4615,A,37.6307,2.4408,30.8644,0.7805,39.1,0.7558,ScotishPremierLeague
SC0,07/11/2010,St Mirren,Rangers,A,10.0,5.0,1.3,7.75,4.75,1.3,8.5,4.4,1.3,12.0,5.0,1.28,9.0,4.5,1.36,2010/11,€7.70m,€72.43m,11.0,5.0,1.33,10.0,12.9032,11.1111,11.7647,9.0909,8.3333,20.0,21.0526,22.2222,22.7273,20.0,20.0,76.9231,76.9231,73.5294,76.9231,75.188,78.125,A,10.5339,1.713,21.0004,1.2231,76.2686,1.6372,ScotishPremierLeague
SC0,09/11/2010,Aberdeen,Inverness C,A,2.38,3.25,3.0,2.2,3.3,2.85,2.2,3.2,2.9,2.5,3.3,2.8,2.5,3.25,2.8,2010/11,€14.80m,€8.33m,2.5,3.3,3.0,42.0168,45.4545,40.0,45.4545,40.0,40.0,30.7692,30.303,30.7692,31.25,30.303,30.303,33.3333,35.0877,35.7143,34.4828,33.3333,35.7143,H,42.1543,2.673,30.6162,0.3854,34.611,1.0903,ScotishPremierLeague
SC0,10/11/2010,Dundee United,St Mirren,A,1.6,3.8,5.75,1.55,3.5,5.5,1.55,3.7,5.0,1.62,3.75,5.5,1.57,4.0,5.5,2010/11,€18.00m,€7.70m,1.62,4.0,5.5,62.5,64.5161,63.6943,64.5161,61.7284,61.7284,26.3158,28.5714,25.0,27.027,25.0,26.6667,17.3913,18.1818,18.1818,20.0,18.1818,18.1818,H,63.1139,1.3027,26.4302,1.3491,18.3531,0.8666,ScotishPremierLeague
SC0,10/11/2010,Hearts,Celtic,H,6.0,3.8,1.57,5.3,3.6,1.55,4.8,3.6,1.6,6.0,3.75,1.57,6.0,3.75,1.57,2010/11,€26.63m,€61.30m,6.5,4.0,1.53,16.6667,18.8679,16.6667,20.8333,15.3846,16.6667,26.3158,27.7778,26.6667,27.7778,25.0,26.6667,63.6943,64.5161,63.6943,62.5,65.3595,63.6943,A,17.5143,1.9768,26.7008,1.0357,63.9098,0.9588,ScotishPremierLeague
SC0,10/11/2010,Kilmarnock,Hamilton,H,2.1,3.4,3.4,2.0,3.3,3.25,2.0,3.2,3.3,2.1,3.3,3.5,2.1,3.3,3.5,2010/11,€10.38m,€9.25m,2.2,3.4,3.4,47.619,50.0,47.619,50.0,45.4545,47.619,29.4118,30.303,30.303,31.25,29.4118,30.303,29.4118,30.7692,28.5714,30.303,29.4118,28.5714,H,48.0519,1.7262,30.1638,0.6883,29.5064,0.8939,ScotishPremierLeague
SC0,10/11/2010,Motherwell,St Johnstone,H,1.83,3.5,4.33,1.8,3.4,3.8,1.7,3.4,4.3,1.83,3.5,4.33,1.83,3.5,4.33,2010/11,€10.90m,€10.88m,1.91,3.5,4.33,54.6448,55.5556,54.6448,58.8235,52.356,54.6448,28.5714,29.4118,28.5714,29.4118,28.5714,28.5714,23.0947,26.3158,23.0947,23.2558,23.0947,23.0947,H,55.1116,2.1082,28.8515,0.434,23.6584,1.3034,ScotishPremierLeague
SC0,10/11/2010,Rangers,Hibernian,A,1.22,5.5,15.0,1.16,6.0,12.5,1.2,5.2,11.0,1.22,6.0,13.0,1.22,5.5,15.0,2010/11,€72.43m,€25.00m,1.22,6.0,17.0,81.9672,86.2069,81.9672,83.3333,81.9672,81.9672,18.1818,16.6667,18.1818,19.2308,16.6667,16.6667,6.6667,8.0,6.6667,9.0909,5.8824,7.6923,H,82.9015,1.709,17.5991,1.0908,7.3332,1.1538,ScotishPremierLeague
SC0,13/11/2010,Dundee United,Kilmarnock,D,2.0,3.5,3.6,2.0,3.3,3.25,1.85,3.2,3.8,1.91,3.4,4.0,1.95,3.5,3.75,2010/11,€18.00m,€10.38m,2.0,3.5,3.8,50.0,50.0,51.2821,54.0541,50.0,52.356,28.5714,30.303,28.5714,31.25,28.5714,29.4118,27.7778,30.7692,26.6667,26.3158,26.3158,25.0,H,51.282,1.6594,29.4465,1.1211,27.1409,1.987,ScotishPremierLeague
SC0,13/11/2010,Hamilton,Inverness C,A,2.6,3.25,2.7,2.4,3.25,2.6,2.6,3.2,2.4,2.62,3.3,2.62,2.7,3.1,2.7,2010/11,€9.25m,€8.33m,2.75,3.3,2.62,38.4615,41.6667,37.037,38.4615,36.3636,38.1679,30.7692,30.7692,32.2581,31.25,30.303,30.303,37.037,38.4615,37.037,41.6667,38.1679,38.1679,H,38.3597,1.8291,30.9421,0.7353,38.423,1.7027,ScotishPremierLeague
SC0,13/11/2010,Hibernian,Motherwell,H,2.63,3.3,2.63,2.45,3.3,2.5,2.5,3.2,2.5,2.62,3.3,2.62,2.8,3.1,2.6,2010/11,€25.00m,€10.90m,2.75,3.4,2.6,38.0228,40.8163,35.7143,40.0,36.3636,38.1679,30.303,30.303,32.2581,31.25,29.4118,30.303,38.0228,40.0,38.4615,40.0,38.4615,38.1679,A,38.1808,1.9832,30.6382,0.9838,38.8523,0.9051,ScotishPremierLeague
SC0,13/11/2010,Rangers,Aberdeen,H,1.17,7.0,15.0,1.15,6.0,13.5,1.2,5.2,11.0,1.17,7.0,15.0,1.2,6.0,15.0,2010/11,€72.43m,€14.80m,1.2,7.0,17.0,85.4701,86.9565,83.3333,83.3333,83.3333,85.4701,14.2857,16.6667,16.6667,19.2308,14.2857,14.2857,6.6667,7.4074,6.6667,9.0909,5.8824,6.6667,H,84.6494,1.5405,15.9036,2.0044,7.0635,1.1042,ScotishPremierLeague
SC0,13/11/2010,St Johnstone,Hearts,A,3.0,3.25,2.38,2.55,3.2,2.5,2.6,3.2,2.4,3.0,3.25,2.38,2.9,3.1,2.5,2010/11,€10.88m,€26.63m,3.0,3.25,2.5,33.3333,39.2157,34.4828,38.4615,33.3333,33.3333,30.7692,31.25,32.2581,31.25,30.7692,30.7692,42.0168,40.0,40.0,41.6667,40.0,42.0168,A,35.36,2.7415,31.1776,0.5794,40.9501,1.0485,ScotishPremierLeague
SC0,14/11/2010,St Mirren,Celtic,A,9.5,5.5,1.29,8.0,5.5,1.25,7.5,4.2,1.35,9.0,5.0,1.33,9.0,5.5,1.3,2010/11,€7.70m,€61.30m,11.0,5.5,1.3,10.5263,12.5,11.1111,13.3333,9.0909,11.1111,18.1818,18.1818,18.1818,23.8095,18.1818,20.0,77.5194,80.0,76.9231,74.0741,76.9231,75.188,A,11.2788,1.4914,19.4228,2.2688,76.7713,2.0402,ScotishPremierLeague
SC0,20/11/2010,Aberdeen,St Johnstone,A,2.3,3.4,3.0,2.2,3.1,3.0,2.2,3.2,2.9,2.2,3.3,3.2,2.3,3.3,3.1,2010/11,€14.80m,€10.88m,2.3,3.5,3.1,43.4783,45.4545,43.4783,45.4545,43.4783,45.4545,29.4118,32.2581,30.303,31.25,28.5714,30.303,33.3333,33.3333,32.2581,34.4828,32.2581,31.25,H,44.4664,1.0824,30.3496,1.3038,32.8193,1.1303,ScotishPremierLeague
SC0,20/11/2010,Celtic,Dundee United,D,1.25,5.5,12.0,1.22,5.5,9.0,1.25,5.0,9.0,1.29,5.5,9.5,1.29,5.5,9.5,2010/11,€61.30m,€18.00m,1.29,5.5,12.0,80.0,81.9672,77.5194,80.0,77.5194,77.5194,18.1818,18.1818,18.1818,20.0,18.1818,18.1818,8.3333,11.1111,10.5263,11.1111,8.3333,10.5263,H,79.0876,1.862,18.4848,0.7423,9.9902,1.3098,ScotishPremierLeague
SC0,20/11/2010,Hearts,Hamilton,H,1.57,4.0,5.5,1.5,3.75,5.75,1.55,3.7,5.0,1.53,4.0,6.0,1.53,4.0,6.0,2010/11,€26.63m,€9.25m,1.57,4.0,6.0,63.6943,66.6667,65.3595,64.5161,63.6943,65.3595,25.0,26.6667,25.0,27.027,25.0,25.0,18.1818,17.3913,16.6667,20.0,16.6667,16.6667,H,64.8817,1.1486,25.6156,0.9605,17.5955,1.3233,ScotishPremierLeague
SC0,20/11/2010,Inverness C,Hibernian,H,2.2,3.4,3.2,2.25,3.25,2.8,2.2,3.2,2.9,2.3,3.25,3.1,2.25,3.3,3.2,2010/11,€8.33m,€25.00m,2.3,3.5,3.12,45.4545,44.4444,44.4444,45.4545,43.4783,43.4783,29.4118,30.7692,30.303,31.25,28.5714,30.7692,31.25,35.7143,31.25,34.4828,32.0513,32.2581,H,44.4591,0.8839,30.1791,1.0032,32.8344,1.8427,ScotishPremierLeague
SC0,20/11/2010,Kilmarnock,Rangers,A,7.0,4.33,1.44,7.0,4.0,1.4,5.5,3.8,1.5,7.0,4.33,1.44,6.0,4.0,1.55,2010/11,€10.38m,€72.43m,7.0,4.2,1.53,14.2857,14.2857,16.6667,18.1818,14.2857,14.2857,23.0947,25.0,25.0,26.3158,23.8095,23.0947,69.4444,71.4286,64.5161,66.6667,65.3595,69.4444,A,15.3319,1.6901,24.3858,1.2764,67.81,2.7055,ScotishPremierLeague
SC0,20/11/2010,St Mirren,Motherwell,D,3.2,3.4,2.2,3.0,3.2,2.15,2.7,3.2,2.3,3.1,3.3,2.25,3.2,3.3,2.25,2010/11,€7.70m,€10.90m,3.5,3.4,2.1,31.25,33.3333,31.25,37.037,28.5714,32.2581,29.4118,31.25,30.303,31.25,29.4118,30.303,45.4545,46.5116,44.4444,43.4783,47.619,44.4444,A,32.2833,2.8148,30.3216,0.8222,45.3254,1.5263,ScotishPremierLeague
SC0,27/11/2010,Celtic,Inverness C,D,1.25,5.5,12.0,1.2,6.0,9.0,1.25,4.8,9.5,1.29,5.5,10.0,1.22,6.0,12.0,2010/11,€61.30m,€8.33m,1.25,5.5,13.0,80.0,83.3333,81.9672,80.0,80.0,77.5194,18.1818,16.6667,16.6667,20.8333,18.1818,18.1818,8.3333,11.1111,8.3333,10.5263,7.6923,10.0,H,80.47,1.9904,18.1187,1.523,9.3327,1.3944,ScotishPremierLeague
SC0,27/11/2010,Hamilton,St Mirren,D,2.1,3.3,3.5,2.1,3.3,3.0,2.25,3.1,2.9,2.2,3.5,3.1,2.15,3.3,3.4,2010/11,€9.25m,€7.70m,2.1,3.5,3.6,47.619,47.619,46.5116,44.4444,47.619,45.4545,30.303,30.303,30.303,32.2581,28.5714,28.5714,28.5714,33.3333,29.4118,34.4828,27.7778,32.2581,H,46.5446,1.3463,30.0517,1.3741,30.9725,2.7552,ScotishPremierLeague
SC0,27/11/2010,Hibernian,St Johnstone,D,2.0,3.4,3.75,1.8,3.4,3.85,1.9,3.2,3.6,1.95,3.5,3.75,2.05,3.4,3.6,2010/11,€25.00m,€10.88m,2.05,3.5,3.75,50.0,55.5556,48.7805,52.6316,48.7805,51.2821,29.4118,29.4118,29.4118,31.25,28.5714,28.5714,26.6667,25.974,27.7778,27.7778,26.6667,26.6667,H,51.1717,2.6142,29.438,0.9785,26.9216,0.7154,ScotishPremierLeague
SC0,27/11/2010,Kilmarnock,Aberdeen,H,1.8,3.5,4.5,1.85,3.35,3.7,1.85,3.3,3.7,1.91,3.4,4.0,1.8,3.6,4.4,2010/11,€10.38m,€14.80m,1.85,3.6,4.5,55.5556,54.0541,55.5556,54.0541,54.0541,52.356,28.5714,29.8507,27.7778,30.303,27.7778,29.4118,22.2222,27.027,22.7273,27.027,22.2222,25.0,H,54.2716,1.1924,28.9488,1.0721,24.371,2.2996,ScotishPremierLeague
SC0,11/12/2010,Hearts,Aberdeen,H,1.53,3.8,6.5,1.5,3.6,6.0,1.45,3.9,6.0,1.53,3.8,6.5,1.5,4.0,7.0,2010/11,€26.63m,€14.80m,1.53,4.0,7.0,65.3595,66.6667,66.6667,68.9655,65.3595,65.3595,26.3158,27.7778,25.0,25.641,25.0,26.3158,15.3846,16.6667,14.2857,16.6667,14.2857,15.3846,H,66.3962,1.4122,26.0084,1.0477,15.4457,1.0659,ScotishPremierLeague
SC0,11/12/2010,Inverness C,Rangers,D,6.0,4.0,1.53,5.5,3.8,1.5,5.0,3.7,1.55,6.0,3.75,1.57,6.0,4.0,1.53,2010/11,€8.33m,€72.43m,6.5,4.33,1.53,16.6667,18.1818,16.6667,20.0,15.3846,16.6667,25.0,26.3158,25.0,27.027,23.0947,26.6667,65.3595,66.6667,65.3595,64.5161,65.3595,63.6943,A,17.2611,1.6081,25.5174,1.4589,65.1593,0.9952,ScotishPremierLeague
SC0,11/12/2010,St Mirren,St Johnstone,A,2.63,3.25,2.63,2.4,3.25,2.6,2.4,3.1,2.7,2.5,3.3,2.75,2.7,3.1,2.7,2010/11,€7.70m,€10.88m,2.75,3.25,2.75,38.0228,41.6667,37.037,41.6667,36.3636,40.0,30.7692,30.7692,32.2581,32.2581,30.7692,30.303,38.0228,38.4615,37.037,37.037,36.3636,36.3636,H,39.1261,2.3189,31.1878,0.8485,37.2142,0.8625,ScotishPremierLeague
SC0,14/12/2010,Motherwell,Hearts,A,2.63,3.3,2.6,2.5,3.25,2.5,2.5,3.1,2.6,2.6,3.4,2.6,2.7,3.25,2.6,2010/11,€10.90m,€26.63m,2.88,3.5,2.5,38.0228,40.0,37.037,40.0,34.7222,38.4615,30.303,30.7692,30.7692,32.2581,28.5714,29.4118,38.4615,40.0,38.4615,38.4615,40.0,38.4615,A,38.0406,1.9937,30.3471,1.2679,38.9743,0.7945,ScotishPremierLeague
SC0,18/12/2010,Hearts,Inverness C,D,1.73,3.75,4.5,1.72,3.45,4.25,1.8,3.2,4.0,1.8,3.5,4.5,1.73,3.75,4.5,2010/11,€26.63m,€8.33m,1.73,3.6,4.75,57.8035,58.1395,57.8035,55.5556,57.8035,55.5556,26.6667,28.9855,26.6667,31.25,27.7778,28.5714,22.2222,23.5294,22.2222,25.0,21.0526,22.2222,H,57.1102,1.2112,28.3197,1.7235,22.7081,1.3694,ScotishPremierLeague
SC0,18/12/2010,Kilmarnock,Hibernian,H,2.1,3.4,3.4,2.05,3.3,3.1,2.1,3.1,3.2,2.2,3.4,3.2,2.1,3.4,3.4,2010/11,€10.38m,€25.00m,2.05,3.4,3.6,47.619,48.7805,47.619,47.619,48.7805,45.4545,29.4118,30.303,29.4118,32.2581,29.4118,29.4118,29.4118,32.2581,29.4118,31.25,27.7778,31.25,H,47.6454,1.2148,30.0347,1.1461,30.2266,1.646,ScotishPremierLeague
SC0,21/12/2010,Celtic,Kilmarnock,D,1.25,5.5,12.0,1.18,6.5,9.0,1.22,5.0,10.0,1.22,6.0,13.0,1.22,6.0,13.0,2010/11,€61.30m,€10.38m,1.25,6.0,13.0,80.0,84.7458,81.9672,81.9672,80.0,81.9672,18.1818,15.3846,16.6667,20.0,16.6667,16.6667,8.3333,11.1111,7.6923,10.0,7.6923,7.6923,H,81.7746,1.7457,17.2611,1.6081,8.7536,1.4606,ScotishPremierLeague
SC0,26/12/2010,Celtic,St Johnstone,H,1.2,6.5,13.0,1.16,6.5,11.0,1.25,4.8,9.5,1.22,6.0,12.0,1.2,6.0,15.0,2010/11,€61.30m,€10.88m,1.22,6.5,15.0,83.3333,86.2069,83.3333,80.0,81.9672,81.9672,15.3846,15.3846,16.6667,20.8333,15.3846,16.6667,7.6923,9.0909,6.6667,10.5263,6.6667,8.3333,H,82.8013,2.069,16.7201,2.1107,8.1627,1.495,ScotishPremierLeague
SC0,26/12/2010,Hibernian,Aberdeen,A,1.8,3.5,4.5,1.75,3.45,4.0,1.65,3.5,4.5,1.83,3.4,4.33,1.83,3.4,4.5,2010/11,€25.00m,€14.80m,1.83,3.75,4.4,55.5556,57.1429,54.6448,60.6061,54.6448,54.6448,28.5714,28.9855,29.4118,28.5714,26.6667,29.4118,22.2222,25.0,22.2222,22.2222,22.7273,23.0947,H,56.2065,2.3653,28.6031,1.0204,22.9148,1.0821,ScotishPremierLeague
SC0,26/12/2010,Inverness C,St Mirren,A,1.67,3.75,5.0,1.62,3.55,4.75,1.65,3.5,4.5,1.73,3.5,5.0,1.73,3.6,4.8,2010/11,€8.33m,€7.70m,1.73,4.0,4.75,59.8802,61.7284,57.8035,60.6061,57.8035,57.8035,26.6667,28.169,27.7778,28.5714,25.0,28.5714,20.0,21.0526,20.8333,22.2222,21.0526,20.0,H,59.2709,1.7119,27.4594,1.3968,20.8601,0.8258,ScotishPremierLeague
SC0,26/12/2010,Motherwell,Rangers,A,5.5,3.75,1.62,5.25,3.9,1.5,4.3,3.4,1.7,6.0,3.75,1.57,5.5,4.0,1.57,2010/11,€10.90m,€72.43m,6.0,4.0,1.62,18.1818,19.0476,18.1818,23.2558,16.6667,16.6667,26.6667,25.641,25.0,29.4118,25.0,26.6667,61.7284,66.6667,63.6943,58.8235,61.7284,63.6943,A,18.6667,2.4362,26.3977,1.6559,62.7226,2.6315,ScotishPremierLeague
SC0,29/12/2010,Celtic,Motherwell,H,1.29,5.25,10.0,1.25,5.0,9.0,1.3,4.4,8.5,1.29,5.5,9.0,1.33,4.5,11.0,2010/11,€61.30m,€10.90m,1.29,5.5,11.0,77.5194,80.0,75.188,76.9231,77.5194,77.5194,19.0476,20.0,22.2222,22.7273,18.1818,18.1818,10.0,11.1111,9.0909,11.7647,9.0909,11.1111,H,77.4449,1.5434,20.0601,1.9937,10.3614,1.136,ScotishPremierLeague
SC0,29/12/2010,Hamilton,Aberdeen,A,2.5,3.3,2.75,2.3,3.25,2.7,2.5,3.2,2.5,2.4,3.4,2.8,2.5,3.2,2.88,2010/11,€9.25m,€14.80m,2.4,3.25,3.0,40.0,43.4783,40.0,40.0,41.6667,41.6667,30.303,30.7692,31.25,31.25,30.7692,29.4118,36.3636,37.037,34.7222,40.0,33.3333,35.7143,H,41.1353,1.4086,30.6255,0.6926,36.1951,2.2718,ScotishPremierLeague
SC0,29/12/2010,Hibernian,Dundee United,D,2.5,3.3,2.75,2.35,3.25,2.65,2.5,3.2,2.5,2.6,3.4,2.6,2.6,3.1,2.8,2010/11,€25.00m,€18.00m,2.5,3.25,2.88,40.0,42.5532,38.4615,40.0,40.0,38.4615,30.303,30.7692,32.2581,31.25,30.7692,29.4118,36.3636,37.7358,35.7143,40.0,34.7222,38.4615,H,39.9127,1.4971,30.7936,0.9491,37.1662,1.9369,ScotishPremierLeague
SC0,29/12/2010,Inverness C,Kilmarnock,A,2.25,3.25,3.2,2.0,3.25,3.3,2.2,3.2,2.9,2.2,3.4,3.2,2.25,3.1,3.4,2010/11,€8.33m,€10.38m,2.25,3.4,3.25,44.4444,50.0,44.4444,45.4545,44.4444,45.4545,30.7692,30.7692,32.2581,31.25,29.4118,29.4118,31.25,30.303,29.4118,34.4828,30.7692,31.25,H,45.707,2.1605,30.645,1.0991,31.2445,1.7296,ScotishPremierLeague
SC0,29/12/2010,St Mirren,Hearts,A,4.0,3.4,1.91,3.85,3.4,1.8,3.5,3.3,1.9,3.6,3.5,1.91,4.0,3.4,1.91,2010/11,€7.70m,€26.63m,4.33,3.6,1.85,25.0,25.974,25.0,28.5714,23.0947,27.7778,29.4118,29.4118,29.4118,30.303,27.7778,28.5714,52.356,55.5556,52.356,52.6316,54.0541,52.356,A,25.903,2.0079,29.1479,0.8663,53.2182,1.3218,ScotishPremierLeague
SC0,01/01/2011,Aberdeen,Dundee United,D,2.75,3.3,2.5,2.8,3.2,2.3,2.55,3.1,2.55,2.62,3.25,2.62,2.88,3.2,2.5,2010/11,€14.80m,€18.00m,2.88,3.4,2.5,36.3636,35.7143,34.7222,39.2157,34.7222,38.1679,30.303,31.25,31.25,32.2581,29.4118,30.7692,40.0,43.4783,40.0,39.2157,40.0,38.1679,A,36.4843,1.85,30.8737,0.9668,40.1436,1.7859,ScotishPremierLeague
SC0,01/01/2011,Hamilton,Motherwell,D,3.0,3.4,2.3,3.05,3.25,2.1,2.8,3.1,2.3,2.88,3.4,2.38,3.0,3.25,2.38,2010/11,€9.25m,€10.90m,3.1,3.4,2.38,33.3333,32.7869,33.3333,35.7143,32.2581,34.7222,29.4118,30.7692,30.7692,32.2581,29.4118,29.4118,43.4783,47.619,42.0168,43.4783,42.0168,42.0168,A,33.6914,1.2871,30.3386,1.1517,43.4377,2.17,ScotishPremierLeague
SC0,01/01/2011,Hearts,Hibernian,H,1.62,4.0,5.0,1.54,3.6,5.4,1.65,3.5,4.5,1.67,3.75,5.0,1.62,3.8,5.5,2010/11,€26.63m,€25.00m,1.62,4.0,5.5,61.7284,64.9351,61.7284,60.6061,61.7284,59.8802,25.0,27.7778,26.3158,28.5714,25.0,26.6667,20.0,18.5185,18.1818,22.2222,18.1818,20.0,H,61.7678,1.7291,26.5553,1.4468,19.5174,1.5714,ScotishPremierLeague
SC0,02/01/2011,Rangers,Celtic,A,2.0,3.3,3.75,2.0,3.2,3.4,2.1,3.2,3.1,2.1,3.3,3.5,2.05,3.4,3.5,2010/11,€72.43m,€61.30m,2.05,3.4,4.0,50.0,50.0,48.7805,47.619,48.7805,47.619,30.303,31.25,29.4118,31.25,29.4118,30.303,26.6667,29.4118,28.5714,32.2581,25.0,28.5714,H,48.7998,1.0649,30.3216,0.8222,28.4132,2.4711,ScotishPremierLeague
SC0,02/01/2011,St Johnstone,Inverness C,H,2.6,3.25,2.7,2.55,3.05,2.55,2.4,3.1,2.7,2.62,3.3,2.62,2.5,3.2,2.88,2010/11,€10.88m,€8.33m,2.62,3.3,2.75,38.4615,39.2157,40.0,41.6667,38.1679,38.1679,30.7692,32.7869,31.25,32.2581,30.303,30.303,37.037,39.2157,34.7222,37.037,36.3636,38.1679,H,39.28,1.3684,31.2784,1.0391,37.0906,1.5375,ScotishPremierLeague
SC0,03/01/2011,St Mirren,Kilmarnock,A,2.88,3.4,2.38,2.8,3.2,2.25,2.8,3.1,2.3,2.5,3.25,2.4,3.2,3.2,2.3,2010/11,€7.70m,€10.38m,3.2,3.4,2.3,34.7222,35.7143,31.25,35.7143,31.25,40.0,29.4118,31.25,31.25,32.2581,29.4118,30.7692,42.0168,44.4444,43.4783,43.4783,43.4783,41.6667,A,34.7751,3.2839,30.7252,1.1272,43.0938,1.0454,ScotishPremierLeague
SC0,12/01/2011,Dundee United,Motherwell,H,2.1,3.4,3.4,2.1,3.25,3.05,2.0,3.2,3.3,2.1,3.3,3.5,2.1,3.3,3.5,2010/11,€18.00m,€10.90m,2.2,3.5,3.4,47.619,47.619,47.619,50.0,45.4545,47.619,29.4118,30.7692,30.303,31.25,28.5714,30.303,29.4118,32.7869,28.5714,30.303,29.4118,28.5714,H,47.6551,1.4385,30.1014,0.9657,29.8427,1.5801,ScotishPremierLeague
SC0,12/01/2011,Hamilton,Celtic,D,11.0,5.0,1.29,9.0,5.0,1.25,8.5,4.4,1.3,11.0,5.0,1.29,11.0,5.0,1.3,2010/11,€9.25m,€61.30m,11.0,5.25,1.3,9.0909,11.1111,9.0909,11.7647,9.0909,9.0909,20.0,20.0,20.0,22.7273,19.0476,20.0,77.5194,80.0,76.9231,76.9231,76.9231,77.5194,A,9.8732,1.2295,20.2958,1.2506,77.6347,1.195,ScotishPremierLeague
SC0,15/01/2011,Aberdeen,St Mirren,H,1.83,3.5,4.33,1.8,3.4,3.85,1.75,3.3,4.2,1.8,3.5,4.5,1.91,3.5,4.0,2010/11,€14.80m,€7.70m,1.83,3.6,4.6,54.6448,55.5556,52.356,57.1429,54.6448,55.5556,28.5714,29.4118,28.5714,30.303,27.7778,28.5714,23.0947,25.974,25.0,23.8095,21.7391,22.2222,H,54.9833,1.578,28.8678,0.8726,23.6399,1.6277,ScotishPremierLeague
SC0,15/01/2011,Hibernian,Celtic,A,8.0,4.5,1.4,7.0,4.0,1.4,6.0,3.9,1.45,8.0,4.0,1.44,7.0,4.4,1.44,2010/11,€25.00m,€61.30m,8.0,4.6,1.44,12.5,14.2857,14.2857,16.6667,12.5,12.5,22.2222,25.0,22.7273,25.641,21.7391,25.0,71.4286,71.4286,69.4444,68.9655,69.4444,69.4444,A,13.7897,1.6589,23.7216,1.6805,70.026,1.1022,ScotishPremierLeague
SC0,15/01/2011,Kilmarnock,St Johnstone,D,2.0,3.4,3.75,1.8,3.4,3.85,1.8,3.2,4.0,1.91,3.5,3.8,1.91,3.5,4.0,2010/11,€10.38m,€10.88m,2.0,3.5,3.8,50.0,55.5556,52.356,55.5556,50.0,52.356,29.4118,29.4118,28.5714,31.25,28.5714,28.5714,26.6667,25.974,25.0,25.0,26.3158,26.3158,H,52.6372,2.4941,29.298,1.0412,25.8787,0.715,ScotishPremierLeague
SC0,15/01/2011,Motherwell,Inverness C,D,2.1,3.4,3.4,2.0,3.25,3.3,2.0,3.2,3.3,2.1,3.4,3.4,2.05,3.4,3.5,2010/11,€10.90m,€8.33m,2.2,3.5,3.4,47.619,50.0,48.7805,50.0,45.4545,47.619,29.4118,30.7692,29.4118,31.25,28.5714,29.4118,29.4118,30.303,28.5714,30.303,29.4118,29.4118,H,48.2455,1.7331,29.8043,1.0003,29.5688,0.6553,ScotishPremierLeague
SC0,15/01/2011,Rangers,Hamilton,H,1.15,7.0,17.0,1.15,6.25,12.5,1.15,6.0,13.0,1.17,7.0,15.0,1.17,6.5,17.0,2010/11,€72.43m,€9.25m,1.2,7.0,17.0,86.9565,86.9565,85.4701,86.9565,83.3333,85.4701,14.2857,16.0,15.3846,16.6667,14.2857,14.2857,5.8824,8.0,5.8824,7.6923,5.8824,6.6667,H,85.8572,1.4349,15.1514,1.0314,6.6677,0.9669,ScotishPremierLeague
SC0,18/01/2011,Kilmarnock,Hearts,A,2.88,3.3,2.4,2.65,3.25,2.35,2.5,3.2,2.5,2.7,3.4,2.5,2.8,3.2,2.5,2010/11,€10.38m,€26.63m,2.88,3.3,2.5,34.7222,37.7358,35.7143,40.0,34.7222,37.037,30.303,30.7692,31.25,31.25,30.303,29.4118,41.6667,42.5532,40.0,40.0,40.0,40.0,A,36.6552,2.0425,30.5478,0.6994,40.7033,1.1251,ScotishPremierLeague
SC0,18/01/2011,Rangers,Inverness C,H,1.22,6.0,12.0,1.2,5.85,9.5,1.22,5.0,10.0,1.22,6.0,11.0,1.2,6.0,15.0,2010/11,€72.43m,€8.33m,1.22,6.0,12.0,81.9672,83.3333,83.3333,81.9672,81.9672,81.9672,16.6667,17.094,16.6667,20.0,16.6667,16.6667,8.3333,10.5263,6.6667,10.0,8.3333,9.0909,H,82.4226,0.7055,17.2935,1.3369,8.8251,1.3775,ScotishPremierLeague
SC0,22/01/2011,Celtic,Aberdeen,H,1.25,5.75,11.0,1.2,5.8,9.5,1.22,5.0,10.0,1.25,6.0,10.0,1.29,5.5,10.0,2010/11,€61.30m,€14.80m,1.25,6.5,13.0,80.0,83.3333,77.5194,81.9672,80.0,80.0,17.3913,17.2414,18.1818,20.0,15.3846,16.6667,9.0909,10.5263,10.0,10.0,7.6923,10.0,H,80.47,1.9904,17.4776,1.5466,9.5516,1.022,ScotishPremierLeague
SC0,22/01/2011,Hearts,Rangers,H,3.75,3.4,2.0,3.6,3.4,1.85,4.0,3.2,1.8,4.0,3.5,1.91,3.75,3.3,2.0,2010/11,€26.63m,€72.43m,3.8,3.5,2.0,26.6667,27.7778,26.6667,25.0,26.3158,25.0,29.4118,29.4118,30.303,31.25,28.5714,28.5714,50.0,54.0541,50.0,55.5556,50.0,52.356,A,26.2378,1.078,29.5866,1.0395,51.9943,2.4078,ScotishPremierLeague
SC0,22/01/2011,Inverness C,Hamilton,D,1.91,3.3,4.2,1.85,3.2,3.9,1.8,3.2,4.0,1.8,3.5,4.5,2.0,3.2,4.0,2010/11,€8.33m,€9.25m,1.95,3.4,4.2,52.356,54.0541,50.0,55.5556,51.2821,55.5556,30.303,31.25,31.25,31.25,29.4118,28.5714,23.8095,25.641,25.0,25.0,23.8095,22.2222,H,53.1339,2.2992,30.3394,1.138,24.247,1.2296,ScotishPremierLeague
SC0,22/01/2011,Kilmarnock,Dundee United,D,2.25,3.25,3.2,2.35,3.25,2.65,2.2,3.1,3.0,2.38,3.4,2.88,2.4,3.2,3.0,2010/11,€10.38m,€18.00m,2.38,3.3,3.12,44.4444,42.5532,41.6667,45.4545,42.0168,42.0168,30.7692,30.7692,31.25,32.2581,30.303,29.4118,31.25,37.7358,33.3333,33.3333,32.0513,34.7222,H,43.0254,1.5503,30.7936,0.9491,33.7376,2.2941,ScotishPremierLeague
SC0,22/01/2011,Motherwell,Hibernian,H,2.0,3.4,3.75,2.0,3.25,3.3,1.9,3.3,3.5,2.0,3.4,3.75,2.05,3.2,3.75,2010/11,€10.90m,€25.00m,2.0,3.5,3.8,50.0,50.0,48.7805,52.6316,50.0,50.0,29.4118,30.7692,31.25,30.303,28.5714,29.4118,26.6667,30.303,26.6667,28.5714,26.3158,26.6667,H,50.2354,1.2712,29.9529,0.9965,27.5317,1.5801,ScotishPremierLeague
SC0,22/01/2011,St Johnstone,St Mirren,D,1.8,3.6,4.33,1.75,3.45,4.0,1.8,3.2,4.0,1.8,3.5,4.5,1.83,3.5,4.2,2010/11,€10.88m,€7.70m,1.8,3.8,4.6,55.5556,57.1429,54.6448,55.5556,55.5556,55.5556,27.7778,28.9855,28.5714,31.25,26.3158,28.5714,23.0947,25.0,23.8095,25.0,21.7391,22.2222,H,55.6684,0.809,28.5786,1.6164,23.4776,1.3777,ScotishPremierLeague
SC0,26/01/2011,Celtic,Hearts,H,1.44,4.33,7.0,1.45,4.0,5.9,1.45,3.9,6.0,1.5,4.0,7.0,1.5,4.0,7.0,2010/11,€61.30m,€26.63m,1.53,4.2,7.0,69.4444,68.9655,66.6667,68.9655,65.3595,66.6667,23.0947,25.0,25.0,25.641,23.8095,25.0,14.2857,16.9492,14.2857,16.6667,14.2857,14.2857,H,67.678,1.6647,24.5909,0.9438,15.1264,1.3055,ScotishPremierLeague
SC0,26/01/2011,Hibernian,Rangers,A,7.0,4.33,1.44,6.0,4.0,1.45,5.5,3.8,1.5,7.0,4.33,1.44,7.0,4.0,1.5,2010/11,€25.00m,€72.43m,7.5,4.5,1.44,14.2857,16.6667,14.2857,18.1818,13.3333,14.2857,23.0947,25.0,25.0,26.3158,22.2222,23.0947,69.4444,68.9655,66.6667,66.6667,69.4444,69.4444,A,15.1732,1.8456,24.1212,1.554,68.4387,1.385,ScotishPremierLeague
SC0,26/01/2011,Inverness C,Aberdeen,A,2.25,3.25,3.2,2.25,3.25,2.8,2.3,3.2,2.7,2.25,3.4,3.1,2.3,3.4,3.0,2010/11,€8.33m,€14.80m,2.4,3.3,3.12,44.4444,44.4444,43.4783,43.4783,41.6667,44.4444,30.7692,30.7692,29.4118,31.25,30.303,29.4118,31.25,35.7143,33.3333,37.037,32.0513,32.2581,H,43.6594,1.0849,30.3192,0.764,33.6073,2.2837,ScotishPremierLeague
SC0,26/01/2011,St Johnstone,Motherwell,H,2.5,3.3,2.75,2.35,3.25,2.65,2.4,3.1,2.7,2.5,3.4,2.7,2.5,3.2,2.8,2010/11,€10.88m,€10.90m,2.5,3.4,2.88,40.0,42.5532,40.0,41.6667,40.0,40.0,30.303,30.7692,31.25,32.2581,29.4118,29.4118,36.3636,37.7358,35.7143,37.037,34.7222,37.037,H,40.7033,1.1251,30.5673,1.1051,36.435,1.084,ScotishPremierLeague
SC0,26/01/2011,St Mirren,Dundee United,D,3.0,3.25,2.38,2.65,3.25,2.35,2.8,3.1,2.3,2.8,3.4,2.4,3.1,3.25,2.3,2010/11,€7.70m,€18.00m,3.2,3.4,2.3,33.3333,37.7358,32.2581,35.7143,31.25,35.7143,30.7692,30.7692,30.7692,32.2581,29.4118,29.4118,42.0168,42.5532,43.4783,43.4783,43.4783,41.6667,A,34.3343,2.4578,30.5649,1.0631,42.7786,0.8168,ScotishPremierLeague
SC0,29/01/2011,Hamilton,Kilmarnock,D,2.7,3.25,2.38,2.75,2.95,2.45,2.8,3.1,2.3,2.88,3.4,2.38,2.8,3.2,2.5,2010/11,€9.25m,€10.38m,2.88,3.25,2.5,37.037,36.3636,35.7143,35.7143,34.7222,34.7222,30.7692,33.8983,31.25,32.2581,30.7692,29.4118,42.0168,40.8163,40.0,43.4783,40.0,42.0168,A,35.7123,0.9099,31.3928,1.5329,41.388,1.3668,ScotishPremierLeague
SC0,29/01/2011,Hearts,St Johnstone,H,1.62,3.5,5.25,1.55,3.5,5.5,1.65,3.5,4.5,1.62,3.75,5.5,1.62,3.6,6.0,2010/11,€26.63m,€10.88m,1.67,3.6,5.25,61.7284,64.5161,61.7284,60.6061,59.8802,61.7284,28.5714,28.5714,27.7778,28.5714,27.7778,26.6667,19.0476,18.1818,16.6667,22.2222,19.0476,18.1818,H,61.6979,1.5774,27.9894,0.7557,18.8913,1.8493,ScotishPremierLeague
SC0,30/01/2011,Dundee United,Hibernian,H,1.73,3.5,4.33,1.65,3.5,4.5,1.7,3.4,4.3,1.8,3.5,4.5,1.75,3.5,5.0,2010/11,€18.00m,€25.00m,1.73,3.6,5.0,57.8035,60.6061,57.1429,58.8235,57.8035,55.5556,28.5714,28.5714,28.5714,29.4118,27.7778,28.5714,23.0947,22.2222,20.0,23.2558,20.0,22.2222,H,57.9558,1.6879,28.5792,0.5169,21.7991,1.4582,ScotishPremierLeague
SC0,01/02/2011,Aberdeen,Celtic,A,7.5,4.2,1.44,6.35,4.0,1.42,6.0,3.9,1.45,7.0,4.33,1.44,7.0,4.0,1.5,2010/11,€14.80m,€61.30m,8.0,4.5,1.44,13.3333,15.748,14.2857,16.6667,12.5,14.2857,23.8095,25.0,25.0,25.641,22.2222,23.0947,69.4444,70.4225,66.6667,68.9655,69.4444,69.4444,A,14.4699,1.5297,24.1279,1.3123,69.0646,1.2678,ScotishPremierLeague
SC0,01/02/2011,St Johnstone,Hamilton,H,1.83,3.5,4.33,1.75,3.4,4.1,1.75,3.3,4.2,1.83,3.4,4.33,1.83,3.3,4.5,2010/11,€10.88m,€9.25m,1.91,3.5,4.2,54.6448,57.1429,54.6448,57.1429,52.356,54.6448,28.5714,29.4118,30.303,30.303,28.5714,29.4118,23.0947,24.3902,22.2222,23.8095,23.8095,23.0947,H,55.096,1.8165,29.4287,0.7745,23.4035,0.7602,ScotishPremierLeague
SC0,02/02/2011,Hibernian,St Mirren,H,2.05,3.5,3.4,1.9,3.25,3.6,2.0,3.2,3.3,2.0,3.4,3.75,2.0,3.4,3.75,2010/11,€25.00m,€7.70m,2.0,3.75,3.6,48.7805,52.6316,50.0,50.0,50.0,50.0,28.5714,30.7692,29.4118,31.25,26.6667,29.4118,29.4118,27.7778,26.6667,30.303,27.7778,26.6667,H,50.2354,1.2712,29.3468,1.6394,28.1006,1.4758,ScotishPremierLeague
SC0,02/02/2011,Motherwell,Kilmarnock,A,2.3,3.3,3.1,2.25,3.2,2.85,2.2,3.1,3.0,2.25,3.4,3.1,2.3,3.3,3.1,2010/11,€10.90m,€10.38m,2.38,3.5,3.0,43.4783,44.4444,43.4783,45.4545,42.0168,44.4444,30.303,31.25,30.303,32.2581,28.5714,29.4118,32.2581,35.0877,32.2581,33.3333,33.3333,32.2581,H,43.8861,1.1756,30.3496,1.3038,33.0881,1.1122,ScotishPremierLeague
SC0,02/02/2011,Rangers,Hearts,H,1.5,4.0,7.0,1.45,4.0,5.9,1.5,3.8,5.5,1.53,4.0,6.0,1.53,4.0,6.0,2010/11,€72.43m,€26.63m,1.5,4.5,7.0,66.6667,68.9655,65.3595,66.6667,66.6667,65.3595,25.0,25.0,25.0,26.3158,22.2222,25.0,14.2857,16.9492,16.6667,18.1818,14.2857,16.6667,H,66.6141,1.318,24.7563,1.3484,16.1726,1.5652,ScotishPremierLeague
SC0,12/02/2011,Hamilton,Hearts,A,4.0,3.4,1.91,3.9,3.35,1.8,4.0,3.2,1.8,4.33,3.5,1.8,4.0,3.4,1.73,2010/11,€9.25m,€26.63m,4.0,3.5,1.95,25.0,25.641,25.0,25.0,25.0,23.0947,29.4118,29.8507,29.4118,31.25,28.5714,28.5714,52.356,55.5556,57.8035,55.5556,51.2821,55.5556,A,24.7893,0.8689,29.5112,0.9925,54.6847,2.4084,ScotishPremierLeague
SC0,12/02/2011,Hibernian,Kilmarnock,H,2.5,3.3,2.75,2.35,3.2,2.7,2.4,3.1,2.7,2.5,3.4,2.7,2.5,3.1,2.5,2010/11,€25.00m,€10.38m,2.5,3.4,2.88,40.0,42.5532,40.0,41.6667,40.0,40.0,30.303,31.25,32.2581,32.2581,29.4118,29.4118,36.3636,37.037,40.0,37.037,34.7222,37.037,H,40.7033,1.1251,30.8155,1.308,37.0328,1.7083,ScotishPremierLeague
SC0,12/02/2011,Rangers,Motherwell,H,1.25,5.5,12.0,1.22,5.25,10.0,1.25,4.8,9.5,1.22,6.0,12.0,1.2,5.0,11.0,2010/11,€72.43m,€10.90m,1.29,5.5,12.0,80.0,81.9672,83.3333,80.0,77.5194,81.9672,18.1818,19.0476,20.0,20.8333,18.1818,16.6667,8.3333,10.0,9.0909,10.5263,8.3333,8.3333,H,80.7978,2.0584,18.8185,1.4798,9.1028,0.96,ScotishPremierLeague
SC0,12/02/2011,St Mirren,Inverness C,D,2.7,3.25,2.6,2.45,3.2,2.6,2.6,3.1,2.5,2.5,3.3,2.75,2.5,3.1,2.5,2010/11,€7.70m,€8.33m,2.75,3.4,2.62,37.037,40.8163,40.0,38.4615,36.3636,40.0,30.7692,31.25,32.2581,32.2581,29.4118,30.303,38.4615,38.4615,40.0,40.0,38.1679,36.3636,A,38.7797,1.7945,31.0417,1.1206,38.5758,1.3523,ScotishPremierLeague
SC0,13/02/2011,Dundee United,Celtic,A,5.5,3.75,1.62,5.4,3.6,1.55,4.8,3.6,1.6,5.0,4.0,1.62,5.0,3.5,1.57,2010/11,€18.00m,€61.30m,5.5,4.0,1.62,18.1818,18.5185,20.0,20.8333,18.1818,20.0,26.6667,27.7778,28.5714,27.7778,25.0,25.0,61.7284,64.5161,63.6943,62.5,61.7284,61.7284,A,19.2859,1.135,26.799,1.5197,62.6493,1.1953,ScotishPremierLeague
SC0,15/02/2011,Aberdeen,Motherwell,A,2.2,3.3,3.25,2.2,3.1,3.0,2.3,3.1,2.8,2.3,3.2,3.2,2.15,3.25,3.5,2010/11,€14.80m,€10.90m,2.15,3.4,3.5,45.4545,45.4545,46.5116,43.4783,46.5116,43.4783,30.303,32.2581,30.7692,32.2581,29.4118,31.25,30.7692,33.3333,28.5714,35.7143,28.5714,31.25,H,45.1481,1.3771,31.0417,1.1206,31.3683,2.7845,ScotishPremierLeague
SC0,19/02/2011,Aberdeen,Kilmarnock,H,2.6,3.2,2.7,2.3,3.2,2.75,2.3,3.1,2.8,2.4,3.3,2.88,2.7,3.1,2.7,2010/11,€14.80m,€10.38m,2.6,3.3,2.88,38.4615,43.4783,37.037,43.4783,38.4615,41.6667,31.25,31.25,32.2581,32.2581,30.303,30.303,37.037,36.3636,37.037,35.7143,34.7222,34.7222,H,40.4305,2.8063,31.2704,0.8745,35.9327,1.0586,ScotishPremierLeague
SC0,19/02/2011,Hearts,Dundee United,H,1.8,3.6,4.33,1.7,3.45,4.25,1.75,3.3,4.2,1.8,3.5,4.5,1.83,3.25,4.8,2010/11,€26.63m,€18.00m,1.8,3.75,4.75,55.5556,58.8235,54.6448,57.1429,55.5556,55.5556,27.7778,28.9855,30.7692,30.303,26.6667,28.5714,23.0947,23.5294,20.8333,23.8095,21.0526,22.2222,H,56.213,1.5123,28.8456,1.5367,22.4236,1.2683,ScotishPremierLeague
SC0,19/02/2011,Inverness C,St Johnstone,H,2.5,3.3,2.8,2.35,3.0,2.85,2.2,3.1,3.0,2.3,3.3,3.1,2.5,3.2,2.8,2010/11,€8.33m,€10.88m,2.6,3.4,2.75,40.0,42.5532,40.0,45.4545,38.4615,43.4783,30.303,33.3333,31.25,32.2581,29.4118,30.303,35.7143,35.0877,35.7143,33.3333,36.3636,32.2581,H,41.6579,2.617,31.1432,1.4464,34.7452,1.5996,ScotishPremierLeague
SC0,19/02/2011,Motherwell,Hamilton,H,1.67,3.75,5.0,1.65,3.5,4.6,1.65,3.5,4.5,1.73,3.5,5.0,1.83,3.25,4.8,2010/11,€10.90m,€9.25m,1.8,3.6,5.0,59.8802,60.6061,54.6448,60.6061,55.5556,57.8035,26.6667,28.5714,30.7692,28.5714,27.7778,28.5714,20.0,21.7391,20.8333,22.2222,20.0,20.0,H,58.1827,2.6149,28.488,1.3451,20.7991,0.9824,ScotishPremierLeague
SC0,20/02/2011,Celtic,Rangers,H,2.1,3.4,3.4,2.05,3.25,3.2,2.2,3.1,3.0,2.1,3.4,3.4,2.15,3.1,3.6,2010/11,€61.30m,€72.43m,2.05,3.5,3.75,47.619,48.7805,46.5116,45.4545,48.7805,47.619,29.4118,30.7692,32.2581,32.2581,28.5714,29.4118,29.4118,31.25,27.7778,33.3333,26.6667,29.4118,H,47.4608,1.3007,30.4467,1.57,29.6419,2.3935,ScotishPremierLeague
SC0,20/02/2011,St Mirren,Hibernian,A,2.5,3.3,2.75,2.45,3.2,2.6,2.4,3.1,2.7,2.62,3.3,2.62,2.7,3.1,2.7,2010/11,€7.70m,€25.00m,2.75,3.3,2.62,40.0,40.8163,37.037,41.6667,36.3636,38.1679,30.303,31.25,32.2581,32.2581,30.303,30.303,36.3636,38.4615,37.037,37.037,38.1679,38.1679,H,39.0086,2.1404,31.1125,0.9602,37.5392,0.84,ScotishPremierLeague
SC0,22/02/2011,Aberdeen,Hamilton,H,1.67,3.75,5.0,1.62,3.5,4.75,1.6,3.6,4.8,1.73,3.5,5.0,1.73,3.5,5.0,2010/11,€14.80m,€9.25m,1.67,4.0,5.25,59.8802,61.7284,57.8035,62.5,59.8802,57.8035,26.6667,28.5714,28.5714,27.7778,25.0,28.5714,20.0,21.0526,20.0,20.8333,19.0476,20.0,H,59.9326,1.9436,27.5264,1.4464,20.1556,0.7161,ScotishPremierLeague
SC0,22/02/2011,St Johnstone,Dundee United,D,2.63,3.3,2.63,2.5,3.15,2.55,2.4,3.2,2.6,2.5,3.4,2.7,2.5,3.1,2.9,2010/11,€10.88m,€18.00m,2.75,3.25,2.75,38.0228,40.0,40.0,41.6667,36.3636,40.0,30.303,31.746,32.2581,31.25,30.7692,29.4118,38.0228,39.2157,34.4828,38.4615,36.3636,37.037,H,39.3422,1.8609,30.9564,1.0249,37.2639,1.698,ScotishPremierLeague
SC0,23/02/2011,Motherwell,St Mirren,A,1.73,3.5,5.0,1.65,3.5,4.6,1.65,3.5,4.5,1.67,3.75,5.0,1.73,3.5,5.0,2010/11,€10.90m,€7.70m,1.7,3.8,5.25,57.8035,60.6061,57.8035,60.6061,58.8235,59.8802,28.5714,28.5714,28.5714,28.5714,26.3158,26.6667,20.0,21.7391,20.0,22.2222,19.0476,20.0,H,59.2538,1.2994,27.878,1.0799,20.5015,1.2133,ScotishPremierLeague
SC0,26/02/2011,Aberdeen,Hearts,D,3.2,3.25,2.25,2.95,3.1,2.25,2.6,3.2,2.4,2.9,3.3,2.38,3.2,3.2,2.25,2010/11,€14.80m,€26.63m,3.4,3.4,2.25,31.25,33.8983,31.25,38.4615,29.4118,34.4828,30.7692,32.2581,31.25,31.25,29.4118,30.303,44.4444,44.4444,44.4444,41.6667,44.4444,42.0168,A,33.1257,3.2168,30.8737,0.9668,43.5768,1.3486,ScotishPremierLeague
SC0,26/02/2011,Hamilton,Dundee United,D,3.75,3.4,2.0,3.3,3.1,2.05,3.0,3.1,2.2,3.4,3.4,2.1,3.6,3.2,2.1,2010/11,€9.25m,€18.00m,4.0,3.4,2.0,26.6667,30.303,27.7778,33.3333,25.0,29.4118,29.4118,32.2581,31.25,32.2581,29.4118,29.4118,50.0,48.7805,47.619,45.4545,50.0,47.619,A,28.7488,2.9395,30.6669,1.4234,48.2455,1.7331,ScotishPremierLeague
SC0,26/02/2011,Hibernian,Inverness C,H,2.25,3.3,3.2,2.25,3.1,2.95,2.3,3.1,2.8,2.2,3.3,3.3,2.25,3.2,3.2,2010/11,€25.00m,€8.33m,2.25,3.5,3.3,44.4444,44.4444,44.4444,43.4783,44.4444,45.4545,30.303,32.2581,31.25,32.2581,28.5714,30.303,31.25,33.8983,31.25,35.7143,30.303,30.303,H,44.4517,0.625,30.8239,1.408,32.1198,2.1999,ScotishPremierLeague
SC0,26/02/2011,Kilmarnock,St Mirren,H,1.7,3.6,5.0,1.65,3.4,4.75,1.75,3.3,4.2,1.67,3.4,4.33,1.75,3.4,5.0,2010/11,€10.38m,€7.70m,1.73,3.6,5.5,58.8235,60.6061,57.1429,57.1429,57.8035,59.8802,27.7778,29.4118,29.4118,30.303,27.7778,29.4118,20.0,21.0526,20.0,23.8095,18.1818,23.0947,H,58.5665,1.4551,29.0157,1.0191,21.0231,2.1082,ScotishPremierLeague
SC0,27/02/2011,Motherwell,Celtic,H,7.0,4.33,1.44,6.0,4.2,1.42,6.0,3.9,1.45,7.0,4.33,1.44,7.5,3.8,1.5,2010/11,€10.90m,€61.30m,8.5,4.6,1.4,14.2857,16.6667,13.3333,16.6667,11.7647,14.2857,23.0947,23.8095,26.3158,25.641,21.7391,23.0947,69.4444,70.4225,66.6667,68.9655,71.4286,69.4444,A,14.5005,1.9144,23.9491,1.7221,69.3954,1.6015,ScotishPremierLeague
SC0,27/02/2011,Rangers,St Johnstone,H,1.22,6.0,12.0,1.18,5.75,11.0,1.2,5.2,11.0,1.22,6.0,12.0,1.25,5.0,15.0,2010/11,€72.43m,€10.88m,1.25,6.0,15.0,81.9672,84.7458,80.0,83.3333,80.0,81.9672,16.6667,17.3913,20.0,19.2308,16.6667,16.6667,8.3333,9.0909,6.6667,9.0909,6.6667,8.3333,H,82.0022,1.8611,17.7704,1.4766,8.0303,1.1092,ScotishPremierLeague
SC0,01/03/2011,Hamilton,Hibernian,A,3.1,3.2,2.3,2.95,3.0,2.3,2.7,3.2,2.3,3.2,3.3,2.25,3.0,3.25,2.38,2010/11,€9.25m,€25.00m,3.4,3.25,2.3,32.2581,33.8983,33.3333,37.037,29.4118,31.25,31.25,33.3333,30.7692,31.25,30.7692,30.303,43.4783,43.4783,42.0168,43.4783,43.4783,44.4444,A,32.8648,2.5921,31.2791,1.0672,43.3957,0.7783,ScotishPremierLeague
SC0,01/03/2011,Inverness C,Dundee United,A,2.8,3.25,2.5,2.65,3.0,2.5,2.5,3.2,2.5,2.88,3.3,2.4,2.8,3.2,2.5,2010/11,€8.33m,€18.00m,2.88,3.2,2.6,35.7143,37.7358,35.7143,40.0,34.7222,34.7222,30.7692,33.3333,31.25,31.25,31.25,30.303,40.0,40.0,40.0,40.0,38.4615,41.6667,A,36.4348,2.0643,31.3593,1.0389,40.0214,1.0141,ScotishPremierLeague
SC0,02/03/2011,St Johnstone,Aberdeen,D,2.5,3.25,2.8,2.3,3.1,2.8,2.4,3.2,2.6,2.5,3.2,2.88,2.5,3.1,2.9,2010/11,€10.88m,€14.80m,2.62,3.2,2.88,40.0,43.4783,40.0,41.6667,38.1679,40.0,30.7692,32.2581,32.2581,31.25,31.25,31.25,35.7143,35.7143,34.4828,38.4615,34.7222,34.7222,H,40.5522,1.8113,31.5059,0.6117,35.6362,1.4829,ScotishPremierLeague
SC0,05/03/2011,Celtic,Hamilton,H,1.14,7.5,17.0,1.14,6.75,12.0,1.12,6.5,14.0,1.17,7.0,15.0,1.14,7.5,17.0,2010/11,€61.30m,€9.25m,1.14,8.0,23.0,87.7193,87.7193,87.7193,89.2857,87.7193,85.4701,13.3333,14.8148,13.3333,15.3846,12.5,14.2857,5.8824,8.3333,5.8824,7.1429,4.3478,6.6667,H,87.6055,1.2194,13.942,1.0753,6.3759,1.3494,ScotishPremierLeague
SC0,05/03/2011,Hearts,Kilmarnock,A,1.8,3.5,4.5,1.65,3.4,4.75,1.65,3.5,4.5,1.73,3.5,5.0,1.8,3.4,4.75,2010/11,€26.63m,€10.38m,1.83,3.6,4.6,55.5556,60.6061,55.5556,60.6061,54.6448,57.8035,28.5714,29.4118,29.4118,28.5714,27.7778,28.5714,22.2222,21.0526,21.0526,22.2222,21.7391,20.0,H,57.462,2.6493,28.7193,0.6182,21.3814,0.8563,ScotishPremierLeague
SC0,05/03/2011,Inverness C,Motherwell,H,2.5,3.25,2.8,2.45,3.0,2.7,2.4,3.1,2.7,2.5,3.3,2.75,2.62,3.1,2.75,2010/11,€8.33m,€10.90m,2.75,3.25,2.75,40.0,40.8163,38.1679,41.6667,36.3636,40.0,30.7692,33.3333,32.2581,32.2581,30.7692,30.303,35.7143,37.037,36.3636,37.037,36.3636,36.3636,H,39.5024,1.9255,31.6152,1.1774,36.4798,0.4995,ScotishPremierLeague
SC0,05/03/2011,St Johnstone,Hibernian,D,2.38,3.2,3.0,2.25,3.0,3.0,2.2,3.2,2.9,2.3,3.4,3.0,2.5,3.1,2.9,2010/11,€10.88m,€25.00m,2.6,3.25,2.88,42.0168,44.4444,40.0,45.4545,38.4615,43.4783,31.25,33.3333,32.2581,31.25,30.7692,29.4118,33.3333,33.3333,34.4828,34.4828,34.7222,33.3333,H,42.3092,2.6848,31.3787,1.3317,33.948,0.679,ScotishPremierLeague
SC0,06/03/2011,St Mirren,Rangers,A,9.0,5.0,1.33,6.75,4.5,1.35,8.0,4.2,1.33,9.0,5.0,1.33,8.0,4.5,1.4,2010/11,€7.70m,€72.43m,9.0,5.0,1.36,11.1111,14.8148,12.5,12.5,11.1111,11.1111,20.0,22.2222,22.2222,23.8095,20.0,20.0,75.188,74.0741,71.4286,75.188,73.5294,75.188,A,12.1914,1.4542,21.3756,1.6146,74.0994,1.4842,ScotishPremierLeague
SC0,07/03/2011,Dundee United,Aberdeen,H,2.0,3.3,3.8,1.95,3.1,3.7,2.0,3.2,3.3,2.0,3.4,3.75,2.1,3.2,3.75,2010/11,€18.00m,€14.80m,2.1,3.3,3.75,50.0,51.2821,47.619,50.0,47.619,50.0,30.303,32.2581,31.25,31.25,30.303,29.4118,26.3158,27.027,26.6667,30.303,26.6667,26.6667,H,49.42,1.4808,30.796,0.9952,27.2743,1.5007,ScotishPremierLeague
SC0,10/03/2011,Dundee United,Hamilton,H,1.5,4.0,7.0,1.53,3.5,5.75,1.5,3.8,5.5,1.57,3.75,6.0,1.5,4.0,6.5,2010/11,€18.00m,€9.25m,1.5,4.0,7.0,66.6667,65.3595,66.6667,66.6667,66.6667,63.6943,25.0,28.5714,25.0,26.3158,25.0,26.6667,14.2857,17.3913,15.3846,18.1818,14.2857,16.6667,H,65.9534,1.224,26.0923,1.4216,16.0326,1.6365,ScotishPremierLeague
SC0,13/03/2011,Rangers,Kilmarnock,H,1.29,5.5,9.5,1.25,5.25,8.25,1.25,4.8,9.5,1.29,5.5,9.5,1.33,4.5,11.0,2010/11,€72.43m,€10.38m,1.33,5.5,10.0,77.5194,80.0,75.188,80.0,75.188,77.5194,18.1818,19.0476,22.2222,20.8333,18.1818,18.1818,10.5263,12.1212,9.0909,10.5263,10.0,10.5263,H,77.5691,2.1523,19.4414,1.7079,10.4652,0.9858,ScotishPremierLeague
SC0,16/03/2011,Dundee United,Hearts,H,2.63,3.25,2.63,2.45,3.1,2.65,2.4,3.2,2.6,2.5,3.4,2.7,2.62,3.1,2.8,2010/11,€18.00m,€26.63m,2.62,3.25,2.75,38.0228,40.8163,38.1679,41.6667,38.1679,40.0,30.7692,32.2581,32.2581,31.25,30.7692,29.4118,38.0228,37.7358,35.7143,38.4615,36.3636,37.037,H,39.4736,1.5751,31.1194,1.0744,37.2225,1.0475,ScotishPremierLeague
SC0,19/03/2011,Dundee United,Inverness C,H,1.73,3.6,4.75,1.7,3.4,4.4,1.8,3.2,4.0,1.73,3.25,4.2,1.8,3.4,4.75,2010/11,€18.00m,€8.33m,1.75,3.5,4.75,57.8035,58.8235,55.5556,55.5556,57.1429,57.8035,27.7778,29.4118,29.4118,31.25,28.5714,30.7692,21.0526,22.7273,21.0526,25.0,21.0526,23.8095,H,57.1141,1.3215,29.532,1.3047,22.4491,1.6903,ScotishPremierLeague
SC0,19/03/2011,Hamilton,St Johnstone,D,2.75,3.3,2.5,2.75,2.95,2.45,2.5,3.2,2.5,2.8,3.3,2.5,2.75,3.0,2.75,2010/11,€9.25m,€10.88m,2.88,3.2,2.5,36.3636,36.3636,36.3636,40.0,34.7222,35.7143,30.303,33.8983,33.3333,31.25,31.25,30.303,40.0,40.8163,36.3636,40.0,40.0,40.0,A,36.5879,1.7909,31.7229,1.5366,39.53,1.5852,ScotishPremierLeague
SC0,19/03/2011,Hearts,St Mirren,H,1.53,3.8,6.5,1.5,3.7,5.75,1.45,3.9,6.0,1.44,3.75,6.0,1.55,3.8,6.5,2010/11,€26.63m,€7.70m,1.5,4.0,7.0,65.3595,66.6667,64.5161,68.9655,66.6667,69.4444,26.3158,27.027,26.3158,25.641,25.0,26.6667,15.3846,17.3913,15.3846,16.6667,14.2857,16.6667,H,66.9365,1.9441,26.161,0.731,15.9633,1.1413,ScotishPremierLeague
SC0,19/03/2011,Kilmarnock,Motherwell,H,2.25,3.25,3.2,2.1,3.1,3.2,2.1,3.1,3.2,2.25,3.25,3.2,2.25,3.2,3.3,2010/11,€10.38m,€10.90m,2.3,3.3,3.12,44.4444,47.619,44.4444,47.619,43.4783,44.4444,30.7692,32.2581,31.25,32.2581,30.303,30.7692,31.25,31.25,30.303,31.25,32.0513,31.25,H,45.3416,1.8033,31.2679,0.8234,31.2257,0.5541,ScotishPremierLeague
SC0,02/04/2011,Motherwell,Aberdeen,H,2.25,3.25,3.2,2.1,3.0,3.3,1.9,3.3,3.5,2.25,3.25,3.25,2.38,3.2,3.0,2010/11,€10.90m,€14.80m,2.38,3.2,3.25,44.4444,47.619,42.0168,52.6316,42.0168,44.4444,30.7692,33.3333,31.25,30.303,31.25,30.7692,31.25,30.303,33.3333,28.5714,30.7692,30.7692,H,45.5288,4.0457,31.2791,1.0672,30.8327,1.5381,ScotishPremierLeague
SC0,02/04/2011,Rangers,Dundee United,A,1.36,4.75,8.0,1.3,4.75,7.75,1.3,4.4,8.5,1.36,4.8,8.0,1.36,4.5,9.0,2010/11,€72.43m,€18.00m,1.4,4.75,8.5,73.5294,76.9231,73.5294,76.9231,71.4286,73.5294,21.0526,21.0526,22.2222,22.7273,21.0526,20.8333,12.5,12.9032,11.1111,11.7647,11.7647,12.5,H,74.3105,2.1811,21.4901,0.7839,12.0906,0.6584,ScotishPremierLeague
SC0,02/04/2011,St Johnstone,Kilmarnock,D,2.63,3.25,2.63,2.45,3.0,2.7,2.55,3.1,2.55,2.6,3.3,2.62,2.7,3.1,2.7,2010/11,€10.88m,€10.38m,2.75,3.2,2.75,38.0228,40.8163,37.037,39.2157,36.3636,38.4615,30.7692,33.3333,32.2581,32.2581,31.25,30.303,38.0228,37.037,37.037,39.2157,36.3636,38.1679,H,38.3195,1.5884,31.6953,1.1235,37.6407,1.0261,ScotishPremierLeague
SC0,02/04/2011,St Mirren,Hamilton,H,2.2,3.25,3.25,2.0,3.1,3.5,2.0,3.2,3.3,2.1,3.3,3.5,2.3,3.1,3.3,2010/11,€7.70m,€9.25m,2.2,3.2,3.6,45.4545,50.0,43.4783,50.0,45.4545,47.619,30.7692,32.2581,32.2581,31.25,31.25,30.303,30.7692,28.5714,30.303,30.303,27.7778,28.5714,H,47.001,2.6669,31.3481,0.7878,29.3826,1.2254,ScotishPremierLeague
SC0,03/04/2011,Hibernian,Hearts,D,2.9,3.25,2.4,2.7,3.0,2.45,2.7,3.1,2.4,2.7,3.25,2.6,2.8,3.1,2.6,2010/11,€25.00m,€26.63m,3.0,3.2,2.5,34.4828,37.037,35.7143,37.037,33.3333,37.037,30.7692,33.3333,32.2581,32.2581,31.25,30.7692,41.6667,40.8163,38.4615,41.6667,40.0,38.4615,A,35.7736,1.5756,31.773,1.0192,40.1788,1.4673,ScotishPremierLeague
SC0,05/04/2011,St Johnstone,Rangers,A,6.5,4.5,1.44,6.5,4.4,1.37,6.0,3.9,1.45,7.5,4.5,1.4,8.0,4.0,1.44,2010/11,€10.88m,€72.43m,7.5,4.5,1.44,15.3846,15.3846,12.5,16.6667,13.3333,13.3333,22.2222,22.7273,25.0,25.641,22.2222,22.2222,69.4444,72.9927,69.4444,68.9655,69.4444,71.4286,A,14.4337,1.6097,23.3392,1.5604,70.2867,1.5812,ScotishPremierLeague
SC0,06/04/2011,Celtic,Hibernian,H,1.29,5.25,10.0,1.22,5.5,9.25,1.27,4.6,9.0,1.25,5.5,12.0,1.29,5.5,9.5,2010/11,€61.30m,€25.00m,1.29,5.5,13.0,77.5194,81.9672,77.5194,78.7402,77.5194,80.0,19.0476,18.1818,18.1818,21.7391,18.1818,18.1818,10.0,10.8108,10.5263,11.1111,7.6923,8.3333,H,78.8776,1.8088,18.919,1.4243,9.7456,1.406,ScotishPremierLeague
SC0,06/04/2011,Motherwell,Dundee United,H,2.5,3.25,2.8,2.4,3.0,2.75,2.5,3.2,2.5,2.5,3.3,2.75,2.62,3.1,2.8,2010/11,€10.90m,€18.00m,2.6,3.25,2.88,40.0,41.6667,38.1679,40.0,38.4615,40.0,30.7692,33.3333,32.2581,31.25,30.7692,30.303,35.7143,36.3636,35.7143,40.0,34.7222,36.3636,H,39.716,1.2663,31.4471,1.1386,36.4797,1.8265,ScotishPremierLeague
SC0,06/04/2011,St Mirren,Aberdeen,H,2.6,3.2,2.75,2.4,3.0,2.75,2.5,3.2,2.5,2.5,3.3,2.75,2.62,3.1,2.75,2010/11,€7.70m,€14.80m,2.62,3.2,2.88,38.4615,41.6667,38.1679,40.0,38.1679,40.0,31.25,33.3333,32.2581,31.25,31.25,30.303,36.3636,36.3636,36.3636,40.0,34.7222,36.3636,H,39.4107,1.3982,31.6074,1.0475,36.6961,1.7467,ScotishPremierLeague
SC0,09/04/2011,Aberdeen,Hibernian,A,2.4,3.3,2.9,2.25,3.1,2.9,2.2,3.1,3.0,2.38,3.25,3.0,2.5,3.1,2.9,2010/11,€14.80m,€25.00m,2.5,3.25,3.0,41.6667,44.4444,40.0,45.4545,40.0,42.0168,30.303,32.2581,32.2581,32.2581,30.7692,30.7692,34.4828,34.4828,34.4828,33.3333,33.3333,33.3333,H,42.2637,2.2629,31.436,0.9166,33.908,0.6296,ScotishPremierLeague
SC0,09/04/2011,Celtic,St Mirren,H,1.17,7.0,15.0,1.15,6.5,11.5,1.15,6.0,13.0,1.17,7.0,15.0,1.18,6.0,19.0,2010/11,€61.30m,€7.70m,1.17,8.0,19.0,85.4701,86.9565,84.7458,86.9565,85.4701,85.4701,14.2857,15.3846,16.6667,16.6667,12.5,14.2857,6.6667,8.6957,5.2632,7.6923,5.2632,6.6667,H,85.8449,0.9056,14.9649,1.6104,6.708,1.3489,ScotishPremierLeague
SC0,09/04/2011,Dundee United,St Johnstone,H,1.67,3.75,5.0,1.6,3.5,5.0,1.65,3.5,4.5,1.62,3.75,5.5,1.73,3.3,5.5,2010/11,€18.00m,€10.88m,1.73,3.75,5.25,59.8802,62.5,57.8035,60.6061,57.8035,61.7284,26.6667,28.5714,30.303,28.5714,26.6667,26.6667,20.0,20.0,18.1818,22.2222,19.0476,18.1818,H,60.0536,1.9622,27.9076,1.4992,19.6056,1.5181,ScotishPremierLeague
SC0,09/04/2011,Hearts,Motherwell,D,1.8,3.6,4.5,1.65,3.4,4.75,1.7,3.4,4.3,1.73,3.5,5.0,1.83,3.25,4.8,2010/11,€26.63m,€10.90m,1.83,3.5,4.75,55.5556,60.6061,54.6448,58.8235,54.6448,57.8035,27.7778,29.4118,30.7692,29.4118,28.5714,28.5714,22.2222,21.0526,20.8333,23.2558,21.0526,20.0,H,57.013,2.4558,29.0856,1.0282,21.4027,1.1526,ScotishPremierLeague
SC0,09/04/2011,Kilmarnock,Inverness C,D,2.0,3.3,3.75,1.85,3.25,3.8,1.85,3.2,3.8,1.91,3.6,3.75,2.1,3.2,3.6,2010/11,€10.38m,€8.33m,2.1,3.3,3.8,50.0,54.0541,47.619,54.0541,47.619,52.356,30.303,30.7692,31.25,31.25,30.303,27.7778,26.6667,26.3158,27.7778,26.3158,26.3158,26.6667,H,50.9504,2.978,30.2755,1.2948,26.6764,0.5663,ScotishPremierLeague
SC0,10/04/2011,Hamilton,Rangers,A,9.5,5.5,1.29,9.0,5.0,1.25,8.5,4.4,1.3,10.0,5.5,1.29,10.0,5.0,1.25,2010/11,€9.25m,€72.43m,10.0,5.5,1.3,10.5263,11.1111,10.0,11.7647,10.0,10.0,18.1818,20.0,20.0,22.7273,18.1818,18.1818,77.5194,80.0,80.0,76.9231,76.9231,77.5194,A,10.567,0.7344,19.5454,1.7953,78.1475,1.4595,ScotishPremierLeague
SC0,12/04/2011,St Johnstone,Celtic,A,10.0,5.0,1.3,8.75,4.4,1.3,8.5,4.4,1.3,9.0,5.0,1.33,9.0,4.5,1.36,2010/11,€10.88m,€61.30m,12.0,5.0,1.3,10.0,11.4286,11.1111,11.7647,8.3333,11.1111,20.0,22.7273,22.2222,22.7273,20.0,20.0,76.9231,76.9231,73.5294,76.9231,76.9231,75.188,A,10.6248,1.2696,21.2795,1.4137,76.0683,1.4243,ScotishPremierLeague
SC0,13/04/2011,Aberdeen,Rangers,A,7.0,4.0,1.5,6.0,4.0,1.44,6.0,3.9,1.45,6.5,4.0,1.5,5.5,3.75,1.5,2010/11,€14.80m,€72.43m,7.5,4.33,1.44,14.2857,16.6667,18.1818,16.6667,13.3333,15.3846,25.0,25.0,26.6667,25.641,23.0947,25.0,66.6667,69.4444,66.6667,68.9655,69.4444,66.6667,A,15.7531,1.7727,25.0671,1.1655,67.9757,1.4446,ScotishPremierLeague
SC0,16/04/2011,Inverness C,Hearts,D,3.3,3.25,2.2,3.0,3.1,2.2,2.8,3.1,2.3,3.1,3.4,2.25,2.8,3.2,2.2,2010/11,€8.33m,€26.63m,3.5,3.4,2.2,30.303,33.3333,35.7143,35.7143,28.5714,32.2581,30.7692,32.2581,31.25,32.2581,29.4118,29.4118,45.4545,45.4545,45.4545,43.4783,45.4545,44.4444,A,32.6491,2.8825,30.8932,1.2851,44.9568,0.8294,ScotishPremierLeague
SC0,16/04/2011,Rangers,St Mirren,H,1.17,7.0,15.0,1.16,6.25,11.5,1.17,5.7,12.0,1.2,6.0,15.0,1.17,5.5,12.0,2010/11,€72.43m,€7.70m,1.2,7.0,15.0,85.4701,86.2069,85.4701,85.4701,83.3333,83.3333,14.2857,16.0,18.1818,17.5439,14.2857,16.6667,6.6667,8.6957,8.3333,8.3333,6.6667,6.6667,H,84.8806,1.2321,16.1606,1.6316,7.5604,0.9879,ScotishPremierLeague
SC0,17/04/2011,Hibernian,Hamilton,A,1.62,3.6,6.0,1.6,3.5,5.0,1.6,3.6,4.8,1.62,3.75,5.5,1.57,3.5,5.0,2010/11,€25.00m,€9.25m,1.67,3.6,6.0,61.7284,62.5,63.6943,62.5,59.8802,61.7284,27.7778,28.5714,28.5714,27.7778,27.7778,26.6667,16.6667,20.0,20.0,20.8333,16.6667,18.1818,H,62.0052,1.2658,27.8572,0.7009,18.7247,1.8146,ScotishPremierLeague
SC0,19/04/2011,Dundee United,Rangers,A,5.0,3.6,1.7,4.75,3.7,1.6,5.5,3.8,1.5,5.0,3.75,1.67,5.0,3.6,1.7,2010/11,€18.00m,€72.43m,5.0,3.75,1.75,20.0,21.0526,20.0,18.1818,20.0,20.0,27.7778,27.027,27.7778,26.3158,26.6667,26.6667,58.8235,62.5,58.8235,66.6667,57.1429,59.8802,A,19.8724,0.9291,27.0386,0.6151,60.6395,3.4406,ScotishPremierLeague
SC0,20/04/2011,Kilmarnock,Celtic,A,8.0,4.5,1.4,6.25,4.4,1.38,7.5,4.2,1.35,7.0,4.33,1.44,7.5,4.2,1.44,2010/11,€10.38m,€61.30m,8.5,4.75,1.4,12.5,16.0,13.3333,13.3333,11.7647,14.2857,22.2222,22.7273,23.8095,23.8095,21.0526,23.0947,71.4286,72.4638,69.4444,74.0741,71.4286,69.4444,A,13.5362,1.4783,22.786,1.0504,71.3806,1.785,ScotishPremierLeague
SC0,23/04/2011,Dundee United,Kilmarnock,H,1.91,3.4,4.0,1.8,3.4,3.8,1.9,3.2,3.6,2.0,3.5,3.6,2.05,3.2,3.75,2010/11,€18.00m,€10.38m,1.95,3.5,4.0,52.356,55.5556,48.7805,52.6316,51.2821,50.0,29.4118,29.4118,31.25,31.25,28.5714,28.5714,25.0,26.3158,26.6667,27.7778,25.0,27.7778,H,51.7676,2.3548,29.7444,1.2253,26.423,1.2483,ScotishPremierLeague
SC0,23/04/2011,Hearts,Motherwell,D,1.83,3.5,4.33,1.7,3.3,4.6,1.85,3.3,3.7,1.83,3.5,4.33,1.83,3.25,4.8,2010/11,€26.63m,€10.90m,1.83,3.5,4.33,54.6448,58.8235,54.6448,54.0541,54.6448,54.6448,28.5714,30.303,30.7692,30.303,28.5714,28.5714,23.0947,21.7391,20.8333,27.027,23.0947,23.0947,H,55.2428,1.77,29.5149,1.0475,23.1472,2.1165,ScotishPremierLeague
SC0,24/04/2011,Hibernian,St Mirren,D,1.83,3.5,4.33,1.78,3.3,4.1,1.75,3.3,4.2,1.83,3.4,4.33,1.83,3.25,4.8,2010/11,€25.00m,€7.70m,1.83,3.5,4.33,54.6448,56.1798,54.6448,57.1429,54.6448,54.6448,28.5714,30.303,30.7692,30.303,28.5714,29.4118,23.0947,24.3902,20.8333,23.8095,23.0947,23.0947,H,55.317,1.085,29.655,0.9475,23.0528,1.2077,ScotishPremierLeague
SC0,24/04/2011,Rangers,Celtic,D,2.5,3.3,2.75,2.3,3.2,2.75,2.3,3.2,2.8,2.38,3.3,2.9,2.6,3.2,2.75,2010/11,€72.43m,€61.30m,2.5,3.3,2.75,40.0,43.4783,38.4615,43.4783,40.0,42.0168,30.303,31.25,31.25,31.25,30.303,30.303,36.3636,36.3636,36.3636,35.7143,36.3636,34.4828,H,41.2391,2.0697,30.7765,0.5187,35.9419,0.7605,ScotishPremierLeague
SC0,25/04/2011,Hamilton,Aberdeen,D,2.75,3.3,2.5,2.6,3.15,2.45,2.8,3.3,2.2,2.6,3.3,2.62,2.8,3.1,2.62,2010/11,€9.25m,€14.80m,2.75,3.3,2.5,36.3636,38.4615,35.7143,35.7143,36.3636,38.4615,30.303,31.746,32.2581,30.303,30.303,30.303,40.0,40.8163,38.1679,45.4545,40.0,38.1679,A,36.8465,1.2843,30.8694,0.8922,40.4344,2.6832,ScotishPremierLeague
SC0,25/04/2011,St Johnstone,Inverness C,A,2.5,3.3,2.75,2.35,3.0,2.85,2.2,3.2,2.9,2.5,3.3,2.75,2.6,3.25,2.7,2010/11,€10.88m,€8.33m,2.5,3.3,2.75,40.0,42.5532,38.4615,45.4545,40.0,40.0,30.303,33.3333,30.7692,31.25,30.303,30.303,36.3636,35.0877,37.037,34.4828,36.3636,36.3636,H,41.0782,2.5164,31.0436,1.1837,35.9497,0.9582,ScotishPremierLeague
SC0,30/04/2011,Aberdeen,Inverness C,H,2.25,3.4,3.1,2.2,3.1,3.0,2.2,3.2,2.9,2.25,3.4,3.1,2.3,3.2,3.2,2010/11,€14.80m,€8.33m,2.3,3.4,3.2,44.4444,45.4545,43.4783,45.4545,43.4783,44.4444,29.4118,32.2581,31.25,31.25,29.4118,29.4118,32.2581,33.3333,31.25,34.4828,31.25,32.2581,H,44.4591,0.8839,30.4989,1.2465,32.472,1.2541,ScotishPremierLeague
SC0,30/04/2011,Hibernian,St Johnstone,A,2.0,3.5,3.6,2.0,3.2,3.4,2.1,3.1,3.2,2.0,3.5,3.6,2.05,3.25,3.8,2010/11,€25.00m,€10.88m,2.0,3.4,4.0,50.0,50.0,48.7805,47.619,50.0,50.0,28.5714,31.25,30.7692,32.2581,29.4118,28.5714,27.7778,29.4118,26.3158,31.25,25.0,27.7778,H,49.3999,0.9996,30.1386,1.5209,27.9222,2.2115,ScotishPremierLeague
SC0,30/04/2011,Kilmarnock,Hearts,D,2.63,3.3,2.63,2.45,3.1,2.65,2.5,3.2,2.5,2.62,3.3,2.62,2.8,3.2,2.5,2010/11,€10.38m,€26.63m,2.75,3.4,2.62,38.0228,40.8163,35.7143,40.0,36.3636,38.1679,30.303,32.2581,31.25,31.25,29.4118,30.303,38.0228,37.7358,40.0,40.0,38.1679,38.1679,A,38.1808,1.9832,30.796,0.9952,38.6824,1.0327,ScotishPremierLeague
SC0,30/04/2011,Motherwell,Rangers,A,6.5,4.2,1.5,5.0,3.9,1.53,6.5,4.0,1.4,6.5,4.0,1.5,6.0,4.33,1.5,2010/11,€10.90m,€72.43m,6.5,4.4,1.5,15.3846,20.0,16.6667,15.3846,15.3846,15.3846,23.8095,25.641,23.0947,25.0,22.7273,25.0,66.6667,65.3595,66.6667,71.4286,66.6667,66.6667,A,16.3675,1.852,24.2121,1.1746,67.2425,2.1164,ScotishPremierLeague
SC0,01/05/2011,Celtic,Dundee United,H,1.25,5.5,12.0,1.25,5.25,8.25,1.25,5.0,9.0,1.3,5.0,10.0,1.3,5.5,9.5,2010/11,€61.30m,€18.00m,1.3,5.25,12.0,80.0,80.0,76.9231,80.0,76.9231,76.9231,18.1818,19.0476,18.1818,20.0,19.0476,20.0,8.3333,12.1212,10.5263,11.1111,8.3333,10.0,H,78.4615,1.6853,19.0765,0.8134,10.0709,1.519,ScotishPremierLeague
SC0,02/05/2011,St Mirren,Hamilton,A,2.0,3.5,3.6,1.91,3.2,3.7,2.0,3.2,3.3,2.1,3.5,3.25,2.1,3.25,3.6,2010/11,€7.70m,€9.25m,2.05,3.4,3.75,50.0,52.356,47.619,50.0,48.7805,47.619,28.5714,31.25,30.7692,31.25,29.4118,28.5714,27.7778,27.027,27.7778,30.303,26.6667,30.7692,H,49.3958,1.7992,29.9706,1.2759,28.3869,1.7261,ScotishPremierLeague
SC0,04/05/2011,Inverness C,Celtic,H,10.0,5.25,1.29,7.0,5.0,1.3,9.5,5.5,1.2,9.0,5.0,1.33,10.0,5.0,1.3,2010/11,€8.33m,€61.30m,12.0,5.5,1.29,10.0,14.2857,10.0,10.5263,8.3333,11.1111,19.0476,20.0,20.0,18.1818,18.1818,20.0,77.5194,76.9231,76.9231,83.3333,77.5194,75.188,A,10.7094,1.9818,19.2352,0.8955,77.901,2.7955,ScotishPremierLeague
SC0,07/05/2011,Aberdeen,St Johnstone,A,2.2,3.3,3.25,2.15,3.1,3.1,2.2,3.1,3.0,2.1,3.3,3.5,2.3,3.1,3.3,2010/11,€14.80m,€10.88m,2.3,3.3,3.25,45.4545,46.5116,43.4783,45.4545,43.4783,47.619,30.303,32.2581,32.2581,32.2581,30.303,30.303,30.7692,32.2581,30.303,33.3333,30.7692,28.5714,H,45.3327,1.6446,31.2806,1.0709,31.0007,1.6442,ScotishPremierLeague
SC0,07/05/2011,Dundee United,Motherwell,H,1.85,3.6,4.0,1.85,3.3,3.75,1.8,3.2,4.0,1.91,3.4,4.0,1.95,3.3,4.0,2010/11,€18.00m,€10.90m,2.0,3.5,4.0,54.0541,54.0541,51.2821,55.5556,50.0,52.356,27.7778,30.303,30.303,31.25,28.5714,29.4118,25.0,26.6667,25.0,25.0,25.0,25.0,H,52.8836,2.0512,29.6028,1.2747,25.2778,0.6804,ScotishPremierLeague
SC0,07/05/2011,Hamilton,Hibernian,H,2.63,3.25,2.63,2.7,3.0,2.45,2.4,3.2,2.6,2.4,3.4,2.8,2.7,3.1,2.7,2010/11,€9.25m,€25.00m,2.75,3.25,2.75,38.0228,37.037,37.037,41.6667,36.3636,41.6667,30.7692,33.3333,32.2581,31.25,30.7692,29.4118,38.0228,40.8163,37.037,38.4615,36.3636,35.7143,No Consensus,38.6323,2.4093,31.2986,1.3553,37.7359,1.8197,ScotishPremierLeague
SC0,07/05/2011,Inverness C,St Mirren,H,2.1,3.3,3.5,1.95,3.2,3.5,2.1,3.1,3.2,2.1,3.3,3.5,2.2,3.2,3.4,2010/11,€8.33m,€7.70m,2.1,3.3,3.5,47.619,51.2821,45.4545,47.619,47.619,47.619,30.303,31.25,31.25,32.2581,30.303,30.303,28.5714,28.5714,29.4118,31.25,28.5714,28.5714,H,47.8688,1.883,30.9445,0.7933,29.1579,1.0786,ScotishPremierLeague
SC0,07/05/2011,Rangers,Hearts,H,1.3,5.0,10.0,1.3,4.75,7.75,1.25,5.0,9.0,1.33,5.0,9.0,1.33,4.8,10.0,2010/11,€72.43m,€26.63m,1.33,5.25,10.0,76.9231,76.9231,75.188,80.0,75.188,75.188,20.0,21.0526,20.8333,20.0,19.0476,20.0,10.0,12.9032,10.0,11.1111,10.0,11.1111,H,76.5684,1.8838,20.1556,0.7161,10.8542,1.1419,ScotishPremierLeague
SC0,08/05/2011,Kilmarnock,Celtic,A,10.0,5.0,1.3,7.75,4.75,1.3,8.0,4.6,1.3,10.0,5.0,1.3,9.0,4.5,1.36,2010/11,€10.38m,€61.30m,11.0,5.5,1.3,10.0,12.9032,11.1111,12.5,9.0909,10.0,20.0,21.0526,22.2222,21.7391,18.1818,20.0,76.9231,76.9231,73.5294,76.9231,76.9231,76.9231,A,10.9342,1.5168,20.5326,1.4611,76.3575,1.3855,ScotishPremierLeague
SC0,10/05/2011,Rangers,Dundee United,H,1.22,6.0,13.0,1.2,5.75,9.75,1.22,5.0,10.0,1.22,6.0,12.0,1.22,6.0,12.0,2010/11,€72.43m,€18.00m,1.22,6.5,15.0,81.9672,83.3333,81.9672,81.9672,81.9672,81.9672,16.6667,17.3913,16.6667,20.0,15.3846,16.6667,7.6923,10.2564,8.3333,10.0,6.6667,8.3333,H,82.1949,0.5577,17.1293,1.5489,8.547,1.3704,ScotishPremierLeague
SC0,11/05/2011,Hearts,Celtic,A,7.0,4.33,1.44,5.75,4.1,1.44,6.0,3.9,1.45,6.0,4.0,1.53,7.0,4.5,1.44,2010/11,€26.63m,€61.30m,7.5,4.6,1.44,14.2857,17.3913,14.2857,16.6667,13.3333,16.6667,23.0947,24.3902,22.2222,25.641,21.7391,25.0,69.4444,69.4444,69.4444,68.9655,69.4444,65.3595,A,15.4382,1.6685,23.6812,1.5702,68.6838,1.6398,ScotishPremierLeague
SC0,11/05/2011,Inverness C,Hibernian,H,2.1,3.4,3.4,2.1,3.2,3.1,2.0,3.2,3.3,2.1,3.3,3.5,2.1,3.4,3.4,2010/11,€8.33m,€25.00m,2.25,3.4,3.3,47.619,47.619,47.619,50.0,44.4444,47.619,29.4118,31.25,29.4118,31.25,29.4118,30.303,29.4118,32.2581,29.4118,30.303,30.303,28.5714,H,47.4867,1.7687,30.1731,0.9028,30.0432,1.2653,ScotishPremierLeague
SC0,11/05/2011,Motherwell,Kilmarnock,D,2.25,3.4,3.1,2.2,3.2,2.9,2.1,3.1,3.2,2.38,3.4,2.88,2.15,3.1,3.0,2010/11,€10.90m,€10.38m,2.38,3.5,3.0,44.4444,45.4545,46.5116,47.619,42.0168,42.0168,29.4118,31.25,32.2581,32.2581,28.5714,29.4118,32.2581,34.4828,33.3333,31.25,33.3333,34.7222,H,44.6772,2.3166,30.5269,1.6017,33.23,1.3178,ScotishPremierLeague
SC0,14/05/2011,Hamilton,Inverness C,A,2.5,3.3,2.8,2.4,3.1,2.7,2.4,3.1,2.7,2.4,3.3,2.88,2.6,3.2,2.75,2010/11,€9.25m,€8.33m,2.5,3.2,2.88,40.0,41.6667,38.4615,41.6667,40.0,41.6667,30.303,32.2581,31.25,32.2581,31.25,30.303,35.7143,37.037,36.3636,37.037,34.7222,34.7222,H,40.5769,1.3194,31.2704,0.8745,35.9327,1.0586,ScotishPremierLeague
SC0,14/05/2011,Hibernian,Aberdeen,A,2.38,3.25,3.0,2.2,3.1,3.0,2.2,3.1,3.0,2.25,3.3,3.2,2.3,3.2,3.2,2010/11,€25.00m,€14.80m,2.25,3.2,3.25,42.0168,45.4545,43.4783,45.4545,44.4444,44.4444,30.7692,32.2581,31.25,32.2581,31.25,30.303,33.3333,33.3333,31.25,33.3333,30.7692,31.25,H,44.2155,1.3079,31.3481,0.7878,32.2115,1.2413,ScotishPremierLeague
SC0,14/05/2011,St Mirren,St Johnstone,D,2.25,3.4,3.1,2.1,3.1,3.2,2.3,3.1,2.8,2.25,3.5,3.0,2.5,3.1,3.0,2010/11,€7.70m,€10.88m,2.38,3.3,3.0,44.4444,47.619,40.0,43.4783,42.0168,44.4444,29.4118,32.2581,32.2581,32.2581,30.303,28.5714,32.2581,31.25,33.3333,35.7143,33.3333,33.3333,H,43.6671,2.5703,30.8434,1.6436,33.2037,1.4876,ScotishPremierLeague
SC0,15/05/2011,Celtic,Motherwell,H,1.17,7.0,15.0,1.15,6.25,12.5,1.2,5.2,11.0,1.17,7.0,15.0,1.2,6.0,15.0,2010/11,€61.30m,€10.90m,1.17,7.0,19.0,85.4701,86.9565,83.3333,83.3333,85.4701,85.4701,14.2857,16.0,16.6667,19.2308,14.2857,14.2857,6.6667,8.0,6.6667,9.0909,5.2632,6.6667,H,85.0056,1.4175,15.7924,1.9718,7.059,1.3191,ScotishPremierLeague
SC0,15/05/2011,Dundee United,Hearts,H,2.2,3.3,3.3,2.3,3.0,2.9,2.1,3.1,3.2,2.25,3.3,3.2,2.38,3.2,3.0,2010/11,€18.00m,€26.63m,2.2,3.25,3.4,45.4545,43.4783,42.0168,47.619,45.4545,44.4444,30.303,33.3333,31.25,32.2581,30.7692,30.303,30.303,34.4828,33.3333,31.25,29.4118,31.25,H,44.7446,1.9186,31.3694,1.2079,31.6718,1.8973,ScotishPremierLeague
SC0,15/05/2011,Kilmarnock,Rangers,A,10.0,6.0,1.25,8.5,5.25,1.25,11.0,5.2,1.2,12.0,5.5,1.25,9.0,5.5,1.3,2010/11,€10.38m,€72.43m,10.5,5.5,1.29,10.0,11.7647,11.1111,9.0909,9.5238,8.3333,16.6667,19.0476,18.1818,19.2308,18.1818,18.1818,80.0,80.0,76.9231,83.3333,77.5194,80.0,A,9.9706,1.2786,18.2484,0.9076,79.6293,2.2763,ScotishPremierLeague
SC0,23/07/2011,Aberdeen,St Johnstone,D,2.1,3.3,3.5,1.95,3.2,3.5,2.1,3.1,3.2,2.0,3.3,3.6,2.0,3.0,3.5,2011/12,€12.83m,€12.93m,2.1,3.3,3.6,47.619,51.2821,50.0,47.619,47.619,50.0,30.303,31.25,33.3333,32.2581,30.303,30.303,28.5714,28.5714,28.5714,31.25,27.7778,27.7778,H,49.0232,1.6079,31.2917,1.2678,28.7533,1.2834,ScotishPremierLeague
SC0,23/07/2011,Motherwell,Inverness C,H,2.1,3.3,3.5,2.0,3.1,3.5,2.2,3.1,3.0,2.0,3.3,3.5,2.1,3.1,3.1,2011/12,€8.53m,€8.08m,2.1,3.4,3.5,47.619,50.0,47.619,45.4545,47.619,50.0,30.303,32.2581,32.2581,32.2581,29.4118,30.303,28.5714,28.5714,32.2581,33.3333,28.5714,28.5714,H,48.0519,1.7262,31.132,1.2758,29.9795,2.2078,ScotishPremierLeague
SC0,23/07/2011,Rangers,Hearts,D,1.36,4.6,9.0,1.35,4.4,7.0,1.35,4.2,7.5,1.33,4.5,9.0,1.33,4.2,7.5,2011/12,€59.90m,€19.68m,1.36,4.75,8.5,73.5294,74.0741,75.188,74.0741,73.5294,75.188,21.7391,22.7273,23.8095,23.8095,21.0526,22.2222,11.1111,14.2857,13.3333,13.3333,11.7647,11.1111,H,74.2638,0.7562,22.56,1.1145,12.4899,1.3398,ScotishPremierLeague
SC0,24/07/2011,Dundee United,Kilmarnock,D,1.83,3.5,4.33,1.8,3.4,3.8,1.8,3.2,4.0,1.83,3.4,4.0,1.91,3.2,3.5,2011/12,€14.83m,€10.10m,1.85,3.5,4.2,54.6448,55.5556,52.356,55.5556,54.0541,54.6448,28.5714,29.4118,31.25,31.25,28.5714,29.4118,23.0947,26.3158,28.5714,25.0,23.8095,25.0,H,54.4685,1.1883,29.7444,1.2253,25.2986,1.9493,ScotishPremierLeague
SC0,24/07/2011,Hibernian,Celtic,A,8.5,4.33,1.4,6.25,4.2,1.4,6.5,4.0,1.4,8.0,4.33,1.4,6.5,4.0,1.4,2011/12,€12.90m,€66.18m,8.5,4.75,1.36,11.7647,16.0,15.3846,15.3846,11.7647,12.5,23.0947,23.8095,25.0,25.0,21.0526,23.0947,71.4286,71.4286,71.4286,71.4286,73.5294,71.4286,A,13.7998,1.9918,23.5086,1.4774,71.7787,0.8576,ScotishPremierLeague
SC0,25/07/2011,Dunfermline,St Mirren,D,2.3,3.2,3.2,2.2,3.1,3.0,2.2,3.1,3.0,2.3,3.25,2.88,2.1,3.0,3.25,2011/12,€9.08m,€8.93m,2.3,3.2,3.25,43.4783,45.4545,47.619,45.4545,43.4783,43.4783,31.25,32.2581,33.3333,32.2581,31.25,30.7692,31.25,33.3333,30.7692,33.3333,30.7692,34.7222,H,44.8271,1.6757,31.8531,0.9404,32.3629,1.6594,ScotishPremierLeague
SC0,30/07/2011,Inverness C,Hibernian,A,2.3,3.25,3.1,2.3,3.2,2.75,2.4,3.1,2.7,2.38,3.25,2.8,2.38,3.1,3.1,2011/12,€8.08m,€12.90m,2.25,3.25,3.25,43.4783,43.4783,42.0168,41.6667,44.4444,42.0168,30.7692,31.25,32.2581,32.2581,30.7692,30.7692,32.2581,36.3636,32.2581,37.037,30.7692,35.7143,H,42.8502,1.1064,31.3456,0.7309,34.0667,2.6164,ScotishPremierLeague
SC0,30/07/2011,Kilmarnock,Motherwell,D,2.3,3.2,3.1,2.2,3.25,2.85,2.3,3.1,2.8,2.38,3.3,2.8,2.5,3.1,2.9,2011/12,€10.10m,€8.53m,2.4,3.2,3.0,43.4783,45.4545,40.0,43.4783,41.6667,42.0168,31.25,30.7692,32.2581,32.2581,31.25,30.303,32.2581,35.0877,34.4828,35.7143,33.3333,35.7143,H,42.6824,1.8773,31.3481,0.7878,34.4318,1.3895,ScotishPremierLeague
SC0,30/07/2011,St Johnstone,Rangers,A,6.0,4.0,1.53,5.5,3.8,1.5,6.0,3.9,1.45,7.0,3.8,1.5,6.0,3.75,1.57,2011/12,€12.93m,€59.90m,6.5,4.0,1.53,16.6667,18.1818,16.6667,16.6667,15.3846,14.2857,25.0,26.3158,26.6667,25.641,25.0,26.3158,65.3595,66.6667,63.6943,68.9655,65.3595,66.6667,A,16.3087,1.3296,25.8232,0.7191,66.1187,1.774,ScotishPremierLeague
SC0,30/07/2011,St Mirren,Aberdeen,H,2.63,3.2,2.7,2.5,3.2,2.5,2.55,3.1,2.55,2.6,3.3,2.6,2.7,3.1,2.7,2011/12,€8.93m,€12.83m,2.62,3.2,2.75,38.0228,40.0,37.037,39.2157,38.1679,38.4615,31.25,31.25,32.2581,32.2581,31.25,30.303,37.037,40.0,37.037,39.2157,36.3636,38.4615,H,38.4842,1.0238,31.4282,0.7401,38.0191,1.4298,ScotishPremierLeague
SC0,31/07/2011,Hearts,Dundee United,A,2.0,3.3,3.8,1.85,3.35,3.65,2.0,3.2,3.3,1.91,3.4,3.75,2.05,3.1,4.0,2011/12,€19.68m,€14.83m,2.0,3.4,3.75,50.0,54.0541,48.7805,50.0,50.0,52.356,30.303,29.8507,32.2581,31.25,29.4118,29.4118,26.3158,27.3973,25.0,30.303,26.6667,26.6667,H,50.8651,1.9485,30.4142,1.1347,27.0582,1.7741,ScotishPremierLeague
SC0,06/08/2011,Dundee United,St Mirren,D,1.73,3.5,5.0,1.75,3.4,4.05,1.75,3.3,4.2,1.8,3.5,4.5,1.8,3.5,4.5,2011/12,€14.83m,€8.93m,1.8,3.5,5.0,57.8035,57.1429,55.5556,57.1429,55.5556,55.5556,28.5714,29.4118,28.5714,30.303,28.5714,28.5714,20.0,24.6914,22.2222,23.8095,20.0,22.2222,H,56.4594,1.019,29.0001,0.7214,22.1576,1.9219,ScotishPremierLeague
SC0,06/08/2011,Dunfermline,Inverness C,D,2.63,3.25,2.63,2.35,3.25,2.65,2.4,3.1,2.7,2.4,3.3,2.88,2.62,3.1,2.75,2011/12,€9.08m,€8.08m,2.75,3.3,2.62,38.0228,42.5532,38.1679,41.6667,36.3636,41.6667,30.7692,30.7692,32.2581,32.2581,30.303,30.303,38.0228,37.7358,36.3636,37.037,38.1679,34.7222,H,39.7401,2.5361,31.1101,0.9134,37.0082,1.3074,ScotishPremierLeague
SC0,07/08/2011,Aberdeen,Celtic,A,9.0,5.0,1.33,8.25,4.5,1.3,7.5,4.2,1.35,9.0,4.5,1.36,9.0,4.5,1.36,2011/12,€12.83m,€66.18m,10.0,5.5,1.33,11.1111,12.1212,11.1111,13.3333,10.0,11.1111,20.0,22.2222,22.2222,23.8095,18.1818,22.2222,75.188,76.9231,73.5294,74.0741,75.188,73.5294,A,11.4646,1.1352,21.443,2.007,74.7387,1.307,ScotishPremierLeague
SC0,07/08/2011,Motherwell,Hearts,H,2.6,3.2,2.75,2.4,3.2,2.6,2.5,3.1,2.6,2.5,3.3,2.75,2.62,3.3,2.62,2011/12,€8.53m,€19.68m,2.62,3.3,2.75,38.4615,41.6667,38.1679,40.0,38.1679,40.0,31.25,31.25,30.303,32.2581,30.303,30.303,36.3636,38.4615,38.1679,38.4615,36.3636,36.3636,H,39.4107,1.3982,30.9445,0.7933,37.3636,1.1007,ScotishPremierLeague
SC0,13/08/2011,Celtic,Dundee United,H,1.25,5.5,12.0,1.25,5.0,9.0,1.27,4.8,9.0,1.29,5.5,10.0,1.3,4.8,12.0,2011/12,€66.18m,€14.83m,1.25,6.0,13.0,80.0,80.0,76.9231,78.7402,80.0,77.5194,18.1818,20.0,20.8333,20.8333,16.6667,18.1818,8.3333,11.1111,8.3333,11.1111,7.6923,10.0,H,78.8638,1.3756,19.1161,1.6985,9.4302,1.5101,ScotishPremierLeague
SC0,13/08/2011,Hearts,Aberdeen,H,1.7,3.6,5.0,1.7,3.4,4.4,1.65,3.5,4.5,1.8,3.5,4.5,1.8,3.5,4.5,2011/12,€19.68m,€12.83m,1.73,3.8,4.75,58.8235,58.8235,55.5556,60.6061,57.8035,55.5556,27.7778,29.4118,28.5714,28.5714,26.3158,28.5714,20.0,22.7273,22.2222,22.2222,21.0526,22.2222,H,57.8613,2.0011,28.2033,1.0593,21.7411,1.0171,ScotishPremierLeague
SC0,13/08/2011,Inverness C,Rangers,A,7.5,4.5,1.4,6.75,4.25,1.38,6.5,4.0,1.4,8.0,4.5,1.4,8.0,4.0,1.44,2011/12,€8.08m,€59.90m,8.0,4.6,1.44,13.3333,14.8148,12.5,15.3846,12.5,12.5,22.2222,23.5294,25.0,25.0,21.7391,22.2222,71.4286,72.4638,69.4444,71.4286,69.4444,71.4286,A,13.5055,1.289,23.2855,1.4554,70.9397,1.2257,ScotishPremierLeague
SC0,13/08/2011,St Johnstone,Dunfermline,A,1.91,3.25,4.33,1.85,3.2,3.9,2.0,3.2,3.3,2.0,3.4,3.75,2.0,3.2,4.0,2011/12,€12.93m,€9.08m,1.91,3.4,4.33,52.356,54.0541,50.0,50.0,52.356,50.0,30.7692,31.25,31.25,31.25,29.4118,29.4118,23.0947,25.641,25.0,30.303,23.0947,26.6667,H,51.461,1.7164,30.5571,0.9065,25.6333,2.6894,ScotishPremierLeague
SC0,13/08/2011,St Mirren,Motherwell,A,2.6,3.25,2.7,2.55,3.0,2.6,2.6,3.0,2.6,2.62,3.3,2.62,2.7,3.1,2.7,2011/12,€8.93m,€8.53m,2.75,3.4,2.6,38.4615,39.2157,37.037,38.4615,36.3636,38.1679,30.7692,33.3333,32.2581,33.3333,29.4118,30.303,37.037,38.4615,37.037,38.4615,38.4615,38.1679,H,37.9512,1.051,31.5681,1.649,37.9377,0.7069,ScotishPremierLeague
SC0,14/08/2011,Kilmarnock,Hibernian,H,2.3,3.3,3.0,2.35,3.2,2.7,2.3,3.1,2.8,2.38,3.3,2.9,2.4,3.2,3.0,2011/12,€10.10m,€12.90m,2.38,3.4,3.0,43.4783,42.5532,41.6667,43.4783,42.0168,42.0168,30.303,31.25,31.25,32.2581,29.4118,30.303,33.3333,37.037,33.3333,35.7143,33.3333,34.4828,H,42.535,0.7837,30.796,0.9952,34.539,1.5483,ScotishPremierLeague
SC0,20/08/2011,Aberdeen,Inverness C,H,2.38,3.25,3.0,2.4,3.1,2.95,2.2,3.1,3.0,2.38,3.25,3.0,2.2,3.1,2.88,2011/12,€12.83m,€8.08m,2.4,3.3,3.1,42.0168,41.6667,45.4545,45.4545,41.6667,42.0168,30.7692,32.2581,32.2581,32.2581,30.303,30.7692,33.3333,33.8983,34.7222,33.3333,32.2581,33.3333,H,43.046,1.8722,31.436,0.9166,33.4798,0.8094,ScotishPremierLeague
SC0,20/08/2011,Dundee United,Dunfermline,A,1.7,3.5,5.25,1.7,3.4,5.0,1.7,3.4,4.3,1.73,3.5,5.0,1.73,3.25,4.2,2011/12,€14.83m,€9.08m,1.73,3.8,5.0,58.8235,58.8235,57.8035,58.8235,57.8035,57.8035,28.5714,29.4118,30.7692,29.4118,26.3158,28.5714,19.0476,20.0,23.8095,23.2558,20.0,20.0,H,58.3135,0.5587,28.8419,1.4759,21.0188,1.9896,ScotishPremierLeague
SC0,20/08/2011,Hibernian,St Mirren,A,2.2,3.2,3.4,2.1,3.2,3.4,1.9,3.2,3.6,2.1,3.4,3.4,2.0,3.1,3.3,2011/12,€12.90m,€8.93m,2.2,3.25,3.6,45.4545,47.619,50.0,52.6316,45.4545,47.619,31.25,31.25,32.2581,31.25,30.7692,29.4118,29.4118,29.4118,30.303,27.7778,27.7778,29.4118,H,48.1298,2.7785,31.0315,0.9317,29.0157,1.0191,ScotishPremierLeague
SC0,21/08/2011,Celtic,St Johnstone,A,1.2,6.0,16.0,1.18,6.5,12.5,1.17,5.7,12.0,1.2,6.5,13.0,1.17,5.5,12.0,2011/12,€66.18m,€12.93m,1.2,6.5,15.0,83.3333,84.7458,85.4701,85.4701,83.3333,83.3333,16.6667,15.3846,18.1818,17.5439,15.3846,15.3846,6.25,8.0,8.3333,8.3333,6.6667,7.6923,H,84.281,1.0713,16.4244,1.2364,7.5459,0.8854,ScotishPremierLeague
SC0,21/08/2011,Kilmarnock,Hearts,D,2.63,3.3,2.6,2.75,3.2,2.5,2.55,3.1,2.55,2.62,3.3,2.62,2.4,3.1,2.6,2011/12,€10.10m,€19.68m,2.62,3.3,2.62,38.0228,36.3636,41.6667,39.2157,38.1679,38.1679,30.303,31.25,32.2581,32.2581,30.303,30.303,38.4615,40.0,38.4615,39.2157,38.1679,38.1679,A,38.6008,1.7602,31.1125,0.9602,38.7458,0.7243,ScotishPremierLeague
SC0,21/08/2011,Motherwell,Rangers,A,5.5,3.6,1.67,5.5,3.6,1.6,5.0,3.7,1.55,6.0,3.6,1.62,5.0,3.6,1.53,2011/12,€8.53m,€59.90m,5.4,3.8,1.7,18.1818,18.1818,20.0,20.0,18.5185,16.6667,27.7778,27.7778,27.7778,27.027,26.3158,27.7778,59.8802,62.5,65.3595,64.5161,58.8235,61.7284,A,18.5915,1.266,27.409,0.614,62.1346,2.5462,ScotishPremierLeague
SC0,27/08/2011,Dunfermline,Motherwell,A,2.8,3.25,2.5,2.85,3.1,2.45,2.55,3.1,2.55,2.75,3.3,2.5,2.7,3.2,2.62,2011/12,€9.08m,€8.53m,2.88,3.3,2.5,35.7143,35.0877,37.037,39.2157,34.7222,36.3636,30.7692,32.2581,31.25,32.2581,30.303,30.303,40.0,40.8163,38.1679,39.2157,40.0,40.0,A,36.3568,1.6329,31.1902,0.8984,39.7,0.9053,ScotishPremierLeague
SC0,27/08/2011,Inverness C,Kilmarnock,H,2.25,3.4,3.1,2.25,3.2,3.1,2.3,3.1,2.8,2.4,3.3,2.9,2.4,3.2,3.0,2011/12,€8.08m,€10.10m,2.3,3.5,3.12,44.4444,44.4444,41.6667,43.4783,43.4783,41.6667,29.4118,31.25,31.25,32.2581,28.5714,30.303,32.2581,32.2581,33.3333,35.7143,32.0513,34.4828,H,43.1965,1.2613,30.5074,1.3534,33.3497,1.4795,ScotishPremierLeague
SC0,27/08/2011,St Johnstone,Dundee United,D,2.5,3.25,2.8,2.5,3.1,2.8,2.5,3.1,2.6,2.5,3.3,2.75,2.7,3.1,2.7,2011/12,€12.93m,€14.83m,2.6,3.25,2.88,40.0,40.0,37.037,40.0,38.4615,40.0,30.7692,32.2581,32.2581,32.2581,30.7692,30.303,35.7143,35.7143,37.037,38.4615,34.7222,36.3636,H,39.2498,1.2465,31.436,0.9166,36.3355,1.2952,ScotishPremierLeague
SC0,28/08/2011,Hearts,Hibernian,H,1.8,3.4,4.75,1.75,3.5,5.25,1.75,3.3,4.2,1.83,3.4,4.33,1.85,3.1,5.0,2011/12,€19.68m,€12.90m,1.8,3.6,5.0,55.5556,57.1429,54.0541,57.1429,55.5556,54.6448,29.4118,28.5714,32.2581,30.303,27.7778,29.4118,21.0526,19.0476,20.0,23.8095,20.0,23.0947,H,55.6826,1.267,29.6223,1.5496,21.1674,1.8935,ScotishPremierLeague
SC0,28/08/2011,Rangers,Aberdeen,H,1.25,6.0,10.0,1.26,5.5,9.5,1.27,4.6,9.0,1.29,5.5,10.0,1.29,5.0,12.0,2011/12,€59.90m,€12.83m,1.29,5.5,12.0,80.0,79.3651,77.5194,78.7402,77.5194,77.5194,16.6667,18.1818,20.0,21.7391,18.1818,18.1818,10.0,10.5263,8.3333,11.1111,8.3333,10.0,H,78.4439,1.0883,18.8252,1.7761,9.7173,1.1479,ScotishPremierLeague
SC0,28/08/2011,St Mirren,Celtic,A,8.5,4.75,1.36,8.5,3.9,1.42,6.5,4.0,1.4,8.0,4.5,1.4,8.0,4.0,1.44,2011/12,€8.93m,€66.18m,9.0,4.6,1.4,11.7647,11.7647,12.5,15.3846,11.1111,12.5,21.0526,25.641,25.0,25.0,21.7391,22.2222,73.5294,70.4225,69.4444,71.4286,71.4286,71.4286,A,12.5042,1.5054,23.4425,1.9893,71.2804,1.3587,ScotishPremierLeague
SC0,10/09/2011,Celtic,Motherwell,H,1.25,5.5,12.0,1.22,5.5,12.5,1.25,4.8,9.5,1.22,6.0,12.0,1.25,4.8,9.0,2011/12,€66.18m,€8.53m,1.18,6.0,13.0,80.0,81.9672,80.0,80.0,84.7458,81.9672,18.1818,18.1818,20.8333,20.8333,16.6667,16.6667,8.3333,8.0,11.1111,10.5263,7.6923,8.3333,H,81.4467,1.8817,18.5606,1.8863,8.9994,1.4412,ScotishPremierLeague
SC0,10/09/2011,Dundee United,Rangers,A,6.5,3.8,1.53,7.0,4.1,1.44,5.5,3.8,1.5,7.0,4.0,1.5,6.5,3.8,1.53,2011/12,€14.83m,€59.90m,7.5,4.4,1.4,15.3846,14.2857,15.3846,18.1818,13.3333,14.2857,26.3158,24.3902,26.3158,26.3158,22.7273,25.0,65.3595,69.4444,65.3595,66.6667,71.4286,66.6667,A,15.1426,1.679,25.1775,1.452,67.4876,2.4399,ScotishPremierLeague
SC0,10/09/2011,Inverness C,Hearts,D,3.1,3.25,2.3,3.1,3.1,2.3,3.0,3.1,2.2,2.9,3.3,2.38,2.8,2.9,2.38,2011/12,€8.08m,€19.68m,3.3,3.4,2.25,32.2581,32.2581,35.7143,33.3333,30.303,34.4828,30.7692,32.2581,34.4828,32.2581,29.4118,30.303,43.4783,43.4783,42.0168,45.4545,44.4444,42.0168,A,33.0583,1.899,31.5805,1.8075,43.4815,1.3499,ScotishPremierLeague
SC0,10/09/2011,Kilmarnock,Dunfermline,H,1.83,3.4,4.5,1.8,3.25,4.6,1.85,3.2,3.8,1.91,3.4,4.0,1.8,3.2,4.0,2011/12,€10.10m,€9.08m,1.91,3.5,4.4,54.6448,55.5556,55.5556,54.0541,52.356,52.356,29.4118,30.7692,31.25,31.25,28.5714,29.4118,22.2222,21.7391,25.0,26.3158,22.7273,25.0,H,54.087,1.4573,30.1107,1.1292,23.8341,1.8488,ScotishPremierLeague
SC0,10/09/2011,St Mirren,St Johnstone,D,2.3,3.2,3.1,2.3,3.0,3.2,2.5,3.1,2.6,2.38,3.3,2.9,2.38,2.9,2.8,2011/12,€8.93m,€12.93m,2.3,3.4,3.2,43.4783,43.4783,42.0168,40.0,43.4783,42.0168,31.25,33.3333,34.4828,32.2581,29.4118,30.303,32.2581,31.25,35.7143,38.4615,31.25,34.4828,H,42.4114,1.3814,31.8398,1.8971,33.9028,2.8698,ScotishPremierLeague
SC0,11/09/2011,Hibernian,Aberdeen,D,2.3,3.2,3.1,2.3,3.1,3.1,2.3,3.1,2.8,2.38,3.25,3.0,2.25,2.9,3.0,2011/12,€12.90m,€12.83m,2.5,3.2,3.1,43.4783,43.4783,44.4444,43.4783,40.0,42.0168,31.25,32.2581,34.4828,32.2581,31.25,30.7692,32.2581,32.2581,33.3333,35.7143,32.2581,33.3333,H,42.816,1.5834,32.0447,1.3361,33.1925,1.343,ScotishPremierLeague
SC0,17/09/2011,Aberdeen,Kilmarnock,D,2.4,3.3,2.88,2.4,3.1,2.95,2.4,3.1,2.7,2.38,3.3,2.9,2.5,3.2,2.8,2011/12,€12.83m,€10.10m,2.4,3.3,3.12,41.6667,41.6667,40.0,41.6667,41.6667,42.0168,30.303,32.2581,31.25,32.2581,30.303,30.303,34.7222,33.8983,35.7143,37.037,32.0513,34.4828,H,41.4473,0.7227,31.1125,0.9602,34.651,1.6842,ScotishPremierLeague
SC0,17/09/2011,Dundee United,Inverness C,H,1.73,3.5,5.0,1.75,3.5,4.5,1.75,3.3,4.2,1.83,3.5,4.33,1.83,3.3,4.5,2011/12,€14.83m,€8.08m,1.8,3.6,5.0,57.8035,57.1429,54.6448,57.1429,55.5556,54.6448,28.5714,28.5714,30.303,30.303,27.7778,28.5714,20.0,22.2222,22.2222,23.8095,20.0,23.0947,H,56.1557,1.3849,29.0163,1.043,21.8914,1.5812,ScotishPremierLeague
SC0,17/09/2011,Dunfermline,Hibernian,D,2.4,3.3,2.88,2.4,3.25,2.8,2.3,3.1,2.8,2.38,3.3,2.9,2.6,3.1,2.8,2011/12,€9.08m,€12.90m,2.5,3.4,2.88,41.6667,41.6667,38.4615,43.4783,40.0,42.0168,30.303,30.7692,32.2581,32.2581,29.4118,30.303,34.7222,35.7143,35.7143,35.7143,34.7222,34.4828,H,41.215,1.7454,30.8839,1.1517,35.1784,0.5936,ScotishPremierLeague
SC0,17/09/2011,Hearts,St Mirren,H,1.73,3.5,5.0,1.7,3.4,5.0,1.7,3.4,4.3,1.8,3.3,5.0,1.83,3.3,4.5,2011/12,€19.68m,€8.93m,1.8,3.6,5.0,57.8035,58.8235,54.6448,58.8235,55.5556,55.5556,28.5714,29.4118,30.303,29.4118,27.7778,30.303,20.0,20.0,22.2222,23.2558,20.0,20.0,H,56.8678,1.8391,29.2965,0.9884,20.913,1.4517,ScotishPremierLeague
SC0,17/09/2011,Motherwell,St Johnstone,A,1.91,3.4,4.0,1.88,3.25,4.1,1.8,3.3,3.9,1.83,3.4,4.5,2.0,3.2,4.0,2011/12,€8.53m,€12.93m,2.0,3.5,4.0,52.356,53.1915,50.0,55.5556,50.0,54.6448,29.4118,30.7692,31.25,30.303,28.5714,29.4118,25.0,24.3902,25.0,25.641,25.0,22.2222,H,52.6246,2.317,29.9529,0.9965,24.5422,1.2035,ScotishPremierLeague
SC0,18/09/2011,Rangers,Celtic,H,2.4,3.3,2.88,2.3,3.2,3.0,2.3,3.1,2.8,2.5,3.1,3.0,2.5,3.0,3.0,2011/12,€59.90m,€66.18m,2.5,3.3,3.0,41.6667,43.4783,40.0,43.4783,40.0,40.0,30.303,31.25,33.3333,32.2581,30.303,32.2581,34.7222,33.3333,33.3333,35.7143,33.3333,33.3333,H,41.4372,1.7077,31.6176,1.2129,33.9616,1.0227,ScotishPremierLeague
SC0,24/09/2011,Celtic,Inverness C,H,1.17,6.5,17.0,1.16,6.5,15.5,1.17,6.0,13.0,1.2,6.5,13.0,1.22,6.0,13.0,2011/12,€66.18m,€8.08m,1.2,7.0,17.0,85.4701,86.2069,81.9672,85.4701,83.3333,83.3333,15.3846,15.3846,16.6667,16.6667,14.2857,15.3846,5.8824,6.4516,7.6923,7.6923,5.8824,7.6923,H,84.2968,1.6544,15.6288,0.9096,6.8822,0.9114,ScotishPremierLeague
SC0,24/09/2011,Dunfermline,Rangers,A,9.0,5.0,1.33,8.75,4.6,1.34,7.5,4.2,1.35,9.0,4.5,1.36,9.0,4.5,1.36,2011/12,€9.08m,€59.90m,9.5,5.0,1.33,11.1111,11.4286,11.1111,13.3333,10.5263,11.1111,20.0,21.7391,22.2222,23.8095,20.0,22.2222,75.188,74.6269,73.5294,74.0741,75.188,73.5294,A,11.4369,0.9741,21.6655,1.4676,74.356,0.7621,ScotishPremierLeague
SC0,24/09/2011,Hibernian,Dundee United,D,2.9,3.25,2.4,2.8,3.1,2.5,2.55,3.1,2.55,2.62,3.3,2.62,2.8,3.2,2.5,2011/12,€12.90m,€14.83m,3.0,3.3,2.5,34.4828,35.7143,35.7143,39.2157,33.3333,38.1679,30.7692,32.2581,31.25,32.2581,30.303,30.303,41.6667,40.0,40.0,39.2157,40.0,38.1679,A,36.1047,2.2159,31.1902,0.8984,39.8417,1.1489,ScotishPremierLeague
SC0,24/09/2011,Motherwell,Aberdeen,H,2.2,3.25,3.3,2.1,3.2,3.4,1.85,3.2,3.8,2.1,3.3,3.6,2.2,3.2,3.3,2011/12,€8.53m,€12.83m,2.2,3.4,3.4,45.4545,47.619,45.4545,54.0541,45.4545,47.619,30.7692,31.25,31.25,31.25,29.4118,30.303,30.303,29.4118,30.303,26.3158,29.4118,27.7778,H,47.6093,3.3306,30.7057,0.7388,28.9205,1.5745,ScotishPremierLeague
SC0,24/09/2011,St Mirren,Kilmarnock,H,2.5,3.3,2.75,2.45,3.15,2.8,2.3,3.1,2.8,2.4,3.3,2.88,2.5,3.2,2.8,2011/12,€8.93m,€10.10m,2.4,3.4,3.0,40.0,40.8163,40.0,43.4783,41.6667,41.6667,30.303,31.746,31.25,32.2581,29.4118,30.303,36.3636,35.7143,35.7143,35.7143,33.3333,34.7222,H,41.2713,1.3132,30.8787,1.059,35.2603,1.0806,ScotishPremierLeague
SC0,25/09/2011,St Johnstone,Hearts,H,2.88,3.3,2.4,3.1,3.1,2.3,2.8,3.1,2.3,2.9,3.3,2.4,3.2,3.2,2.3,2011/12,€12.93m,€19.68m,3.2,3.4,2.3,34.7222,32.2581,31.25,35.7143,31.25,34.4828,30.303,32.2581,31.25,32.2581,29.4118,30.303,41.6667,43.4783,43.4783,43.4783,43.4783,41.6667,A,33.2796,1.9359,30.964,1.1588,42.8744,0.9355,ScotishPremierLeague
SC0,27/09/2011,Rangers,Kilmarnock,H,1.2,6.0,14.0,1.18,6.25,14.0,1.22,5.0,10.0,1.22,6.0,13.0,1.22,6.0,13.0,2011/12,€59.90m,€10.10m,1.22,6.5,15.0,83.3333,84.7458,81.9672,81.9672,81.9672,81.9672,16.6667,16.0,16.6667,20.0,15.3846,16.6667,7.1429,7.1429,7.6923,10.0,6.6667,7.6923,H,82.658,1.1596,16.8975,1.605,7.7229,1.1811,ScotishPremierLeague
SC0,28/09/2011,Hibernian,St Johnstone,H,2.3,3.2,3.2,2.25,3.1,3.2,2.4,3.1,2.7,2.38,3.25,3.0,2.4,3.2,3.0,2011/12,€12.90m,€12.93m,2.38,3.3,3.12,43.4783,44.4444,41.6667,41.6667,42.0168,42.0168,31.25,32.2581,31.25,32.2581,30.303,30.7692,31.25,31.25,33.3333,37.037,32.0513,33.3333,H,42.5483,1.1471,31.3481,0.7878,33.0425,2.1695,ScotishPremierLeague
SC0,30/09/2011,Aberdeen,Dunfermline,H,1.8,3.5,4.5,1.8,3.4,4.33,1.9,3.3,3.5,1.91,3.4,4.0,1.85,3.4,4.4,2011/12,€12.83m,€9.08m,1.83,3.6,4.5,55.5556,55.5556,54.0541,52.6316,54.6448,52.356,28.5714,29.4118,29.4118,30.303,27.7778,29.4118,22.2222,23.0947,22.7273,28.5714,22.2222,25.0,H,54.1329,1.3948,29.1479,0.8663,23.973,2.476,ScotishPremierLeague
SC0,01/10/2011,Dundee United,Motherwell,A,2.2,3.3,3.25,2.15,3.3,3.2,2.1,3.1,3.2,2.2,3.3,3.25,2.15,3.4,3.3,2011/12,€14.83m,€8.53m,2.15,3.5,3.4,45.4545,46.5116,46.5116,47.619,46.5116,45.4545,30.303,30.303,29.4118,32.2581,28.5714,30.303,30.7692,31.25,30.303,31.25,29.4118,30.7692,H,46.3438,0.8115,30.1917,1.2281,30.6255,0.6926,ScotishPremierLeague
SC0,01/10/2011,Inverness C,St Mirren,H,2.5,3.3,2.75,2.5,3.1,2.8,2.4,3.1,2.7,2.5,3.3,2.75,2.45,3.1,3.0,2011/12,€8.08m,€8.93m,2.4,3.3,2.88,40.0,40.0,40.8163,41.6667,41.6667,40.0,30.303,32.2581,32.2581,32.2581,30.303,30.303,36.3636,35.7143,33.3333,37.037,34.7222,36.3636,H,40.6916,0.8188,31.2806,1.0709,35.589,1.3529,ScotishPremierLeague
SC0,01/10/2011,Kilmarnock,St Johnstone,A,2.2,3.25,3.3,2.0,3.2,3.75,2.1,3.1,3.2,2.25,3.3,3.2,2.25,3.2,3.3,2011/12,€10.10m,€12.93m,2.15,3.5,3.4,45.4545,50.0,44.4444,47.619,46.5116,44.4444,30.7692,31.25,31.25,32.2581,28.5714,30.303,30.303,26.6667,30.303,31.25,29.4118,31.25,H,46.4123,2.1448,30.7336,1.2425,29.8641,1.712,ScotishPremierLeague
SC0,01/10/2011,Rangers,Hibernian,H,1.2,6.5,13.0,1.2,5.75,13.5,1.2,5.2,11.0,1.2,6.5,13.0,1.22,6.0,13.0,2011/12,€59.90m,€12.90m,1.2,7.0,15.0,83.3333,83.3333,81.9672,83.3333,83.3333,83.3333,15.3846,17.3913,16.6667,19.2308,14.2857,15.3846,7.6923,7.4074,7.6923,9.0909,6.6667,7.6923,H,83.1056,0.5577,16.3906,1.7663,7.707,0.7859,ScotishPremierLeague
SC0,02/10/2011,Hearts,Celtic,H,5.0,3.8,1.67,5.0,3.6,1.67,4.5,3.5,1.65,5.5,3.6,1.67,4.8,3.75,1.7,2011/12,€19.68m,€66.18m,5.0,3.8,1.73,20.0,20.0,20.8333,22.2222,20.0,18.1818,26.3158,27.7778,26.6667,28.5714,26.3158,27.7778,59.8802,59.8802,58.8235,60.6061,57.8035,59.8802,A,20.2062,1.3178,27.2376,0.9368,59.479,0.999,ScotishPremierLeague
SC0,15/10/2011,Aberdeen,Dundee United,H,2.38,3.25,3.0,2.35,3.25,2.9,2.55,3.1,2.55,2.5,3.3,2.8,2.4,3.1,2.6,2011/12,€12.83m,€14.83m,2.38,3.5,3.0,42.0168,42.5532,41.6667,39.2157,42.0168,40.0,30.7692,30.7692,32.2581,32.2581,28.5714,30.303,33.3333,34.4828,38.4615,39.2157,33.3333,35.7143,H,41.2449,1.3228,30.8215,1.3759,35.7568,2.5554,ScotishPremierLeague
SC0,15/10/2011,Dunfermline,Hearts,A,4.2,3.5,1.83,3.9,3.3,1.91,3.3,3.2,2.0,3.75,3.5,1.95,3.2,3.2,2.0,2011/12,€9.08m,€19.68m,4.0,3.8,1.85,23.8095,25.641,31.25,30.303,25.0,26.6667,28.5714,30.303,31.25,31.25,26.3158,28.5714,54.6448,52.356,50.0,50.0,54.0541,51.2821,A,27.1117,3.0012,29.3769,1.9258,52.0562,1.9919,ScotishPremierLeague
SC0,15/10/2011,Hibernian,Motherwell,A,2.5,3.2,2.8,2.45,3.25,2.75,2.55,3.1,2.55,2.5,3.3,2.8,2.5,3.1,2.5,2011/12,€12.90m,€8.53m,2.6,3.4,2.75,40.0,40.8163,40.0,39.2157,38.4615,40.0,31.25,30.7692,32.2581,32.2581,29.4118,30.303,35.7143,36.3636,40.0,39.2157,36.3636,35.7143,H,39.7489,0.8087,31.0417,1.1206,37.2286,1.8821,ScotishPremierLeague
SC0,15/10/2011,Kilmarnock,Celtic,D,8.5,4.75,1.36,8.25,4.4,1.37,6.5,4.0,1.4,9.0,4.5,1.36,7.0,4.0,1.36,2011/12,€10.10m,€66.18m,10.0,5.0,1.36,11.7647,12.1212,14.2857,15.3846,10.0,11.1111,21.0526,22.7273,25.0,25.0,20.0,22.2222,73.5294,72.9927,73.5294,71.4286,73.5294,73.5294,A,12.4446,2.0176,22.667,2.0399,73.0898,0.8417,ScotishPremierLeague
SC0,15/10/2011,Rangers,St Mirren,D,1.2,6.0,16.0,1.18,6.0,15.0,1.15,6.0,13.0,1.2,6.0,15.0,1.17,5.5,12.0,2011/12,€59.90m,€8.93m,1.2,6.5,17.0,83.3333,84.7458,85.4701,86.9565,83.3333,83.3333,16.6667,16.6667,18.1818,16.6667,15.3846,16.6667,6.25,6.6667,8.3333,7.6923,5.8824,6.6667,H,84.5287,1.4909,16.7055,0.8866,6.9152,0.9217,ScotishPremierLeague
SC0,15/10/2011,St Johnstone,Inverness C,H,2.0,3.4,3.75,1.91,3.25,4.0,1.9,3.2,3.6,1.91,3.4,4.0,1.83,3.2,3.75,2011/12,€12.93m,€8.08m,2.05,3.4,3.8,50.0,52.356,54.6448,52.6316,48.7805,52.356,29.4118,30.7692,31.25,31.25,29.4118,29.4118,26.6667,25.0,26.6667,27.7778,26.3158,25.0,H,51.7948,2.0861,30.2508,0.9357,26.2378,1.078,ScotishPremierLeague
SC0,22/10/2011,Dundee United,St Johnstone,D,2.0,3.4,3.75,2.1,3.4,3.25,2.1,3.1,3.2,2.1,3.4,3.4,2.1,3.1,3.1,2011/12,€14.83m,€12.93m,2.05,3.5,3.8,50.0,47.619,47.619,47.619,48.7805,47.619,29.4118,29.4118,32.2581,32.2581,28.5714,29.4118,26.6667,30.7692,32.2581,31.25,26.3158,29.4118,H,48.2094,0.9926,30.2205,1.6115,29.4453,2.4673,ScotishPremierLeague
SC0,22/10/2011,Inverness C,Dunfermline,D,1.83,3.5,4.33,1.95,3.4,3.6,1.9,3.2,3.6,1.91,3.4,3.75,1.91,3.3,3.3,2011/12,€8.08m,€9.08m,1.85,3.6,4.33,54.6448,51.2821,52.356,52.6316,54.0541,52.356,28.5714,29.4118,30.303,31.25,27.7778,29.4118,23.0947,27.7778,30.303,27.7778,23.0947,26.6667,H,52.8874,1.2375,29.4543,1.2279,26.4524,2.8613,ScotishPremierLeague
SC0,22/10/2011,Motherwell,Kilmarnock,D,1.91,3.4,4.0,1.95,3.3,3.8,1.9,3.2,3.6,1.8,3.6,4.33,1.73,3.4,4.0,2011/12,€8.53m,€10.10m,2.0,3.5,4.0,52.356,51.2821,57.8035,52.6316,50.0,55.5556,29.4118,30.303,29.4118,31.25,28.5714,27.7778,25.0,26.3158,25.0,27.7778,25.0,23.0947,H,53.2715,2.8867,29.4543,1.2279,25.3647,1.5671,ScotishPremierLeague
SC0,22/10/2011,St Mirren,Hibernian,A,2.1,3.4,3.4,2.2,3.1,3.3,2.2,3.1,3.0,2.2,3.3,3.25,2.2,3.1,2.88,2011/12,€8.93m,€12.90m,2.15,3.4,3.6,47.619,45.4545,45.4545,45.4545,46.5116,45.4545,29.4118,32.2581,32.2581,32.2581,29.4118,30.303,29.4118,30.303,34.7222,33.3333,27.7778,30.7692,H,45.9914,0.9025,30.9835,1.4337,31.0529,2.5584,ScotishPremierLeague
SC0,23/10/2011,Celtic,Aberdeen,H,1.25,6.0,10.0,1.25,5.25,11.0,1.22,5.0,10.0,1.29,5.5,10.0,1.29,4.5,8.0,2011/12,€66.18m,€12.83m,1.29,6.0,11.0,80.0,80.0,77.5194,81.9672,77.5194,77.5194,16.6667,19.0476,22.2222,20.0,16.6667,18.1818,10.0,9.0909,12.5,10.0,9.0909,10.0,H,79.0876,1.862,18.7975,2.1306,10.1136,1.251,ScotishPremierLeague
SC0,23/10/2011,Hearts,Rangers,A,5.0,3.5,1.73,5.0,3.6,1.65,4.3,3.4,1.7,5.0,3.5,1.73,4.2,3.5,1.67,2011/12,€19.68m,€59.90m,5.0,3.75,1.75,20.0,20.0,23.8095,23.2558,20.0,20.0,28.5714,27.7778,28.5714,29.4118,26.6667,28.5714,57.8035,60.6061,59.8802,58.8235,57.1429,57.8035,A,21.1776,1.8326,28.2618,0.9369,58.6766,1.3469,ScotishPremierLeague
SC0,29/10/2011,Aberdeen,Rangers,A,7.0,4.0,1.5,6.5,4.1,1.53,5.5,3.8,1.5,7.5,4.33,1.44,6.0,3.8,1.57,2011/12,€12.83m,€59.90m,7.0,4.33,1.5,14.2857,15.3846,16.6667,18.1818,14.2857,13.3333,25.0,24.3902,26.3158,26.3158,23.0947,23.0947,66.6667,65.3595,63.6943,66.6667,66.6667,69.4444,A,15.3563,1.7937,24.7019,1.4534,66.4164,1.8912,ScotishPremierLeague
SC0,29/10/2011,Celtic,Hibernian,D,1.22,6.0,13.0,1.2,5.75,13.5,1.2,5.2,11.0,1.2,6.5,15.0,1.25,5.5,12.0,2011/12,€66.18m,€12.90m,1.22,6.5,13.0,81.9672,83.3333,80.0,83.3333,81.9672,83.3333,16.6667,17.3913,18.1818,19.2308,15.3846,15.3846,7.6923,7.4074,8.3333,9.0909,7.6923,6.6667,H,82.3224,1.32,17.04,1.5393,7.8138,0.826,ScotishPremierLeague
SC0,29/10/2011,Dunfermline,Dundee United,A,3.3,3.3,2.2,3.0,3.3,2.25,2.8,3.1,2.3,3.0,3.4,2.3,3.2,3.2,2.3,2011/12,€9.08m,€14.83m,3.5,3.3,2.2,30.303,33.3333,31.25,35.7143,28.5714,33.3333,30.303,30.303,31.25,32.2581,30.303,29.4118,45.4545,44.4444,43.4783,43.4783,45.4545,43.4783,A,32.0842,2.5498,30.6382,0.9838,44.298,0.9708,ScotishPremierLeague
SC0,29/10/2011,Hearts,Kilmarnock,A,1.73,3.5,5.0,1.7,3.4,5.0,1.75,3.3,4.2,1.8,3.5,4.5,1.8,3.25,5.0,2011/12,€19.68m,€10.10m,1.7,3.6,5.5,57.8035,58.8235,55.5556,57.1429,58.8235,55.5556,28.5714,29.4118,30.7692,30.303,27.7778,28.5714,20.0,20.0,20.0,23.8095,18.1818,22.2222,H,57.2841,1.4836,29.2341,1.1428,20.7022,1.9898,ScotishPremierLeague
SC0,29/10/2011,Inverness C,Motherwell,A,2.8,3.2,2.5,2.85,3.2,2.4,3.1,3.2,2.1,3.0,3.25,2.38,2.8,3.1,2.6,2011/12,€8.08m,€8.53m,2.88,3.4,2.5,35.7143,35.0877,35.7143,32.2581,34.7222,33.3333,31.25,31.25,32.2581,31.25,29.4118,30.7692,40.0,41.6667,38.4615,47.619,40.0,42.0168,A,34.4717,1.3947,31.0315,0.9317,41.6273,3.2054,ScotishPremierLeague
SC0,29/10/2011,St Johnstone,St Mirren,A,2.3,3.2,3.1,2.45,3.0,2.95,2.0,3.2,3.3,2.1,3.3,3.5,2.4,3.1,3.1,2011/12,€12.93m,€8.93m,2.4,3.2,3.2,43.4783,40.8163,41.6667,50.0,41.6667,47.619,31.25,33.3333,32.2581,31.25,31.25,30.303,32.2581,33.8983,32.2581,30.303,31.25,28.5714,H,44.2078,3.7453,31.6074,1.0475,31.4232,1.8405,ScotishPremierLeague
SC0,05/11/2011,Hibernian,Dunfermline,A,1.8,3.5,4.5,1.72,3.7,4.4,1.75,3.3,4.2,1.73,3.75,4.5,1.83,3.4,4.5,2011/12,€12.90m,€9.08m,1.75,3.8,4.75,55.5556,58.1395,54.6448,57.1429,57.1429,57.8035,28.5714,27.027,29.4118,30.303,26.3158,26.6667,22.2222,22.7273,22.2222,23.8095,21.0526,22.2222,H,56.7382,1.357,28.0493,1.623,22.376,0.8945,ScotishPremierLeague
SC0,05/11/2011,Kilmarnock,Inverness C,A,2.1,3.25,3.6,2.05,3.3,3.4,1.9,3.2,3.6,1.91,3.4,4.0,2.15,3.3,3.4,2011/12,€10.10m,€8.08m,2.05,3.5,3.75,47.619,48.7805,46.5116,52.6316,48.7805,52.356,30.7692,30.303,30.303,31.25,28.5714,29.4118,27.7778,29.4118,29.4118,27.7778,26.6667,25.0,H,49.4465,2.508,30.1014,0.9657,27.6743,1.6868,ScotishPremierLeague
SC0,05/11/2011,Rangers,Dundee United,H,1.25,5.5,12.0,1.23,5.5,11.5,1.25,4.8,9.5,1.25,5.5,12.0,1.3,5.0,10.0,2011/12,€59.90m,€14.83m,1.3,5.5,12.0,80.0,81.3008,76.9231,80.0,76.9231,80.0,18.1818,18.1818,20.0,20.8333,18.1818,18.1818,8.3333,8.6957,10.0,10.5263,8.3333,8.3333,H,79.1912,1.8276,18.9267,1.1838,9.037,0.9744,ScotishPremierLeague
SC0,05/11/2011,St Mirren,Hearts,D,2.88,3.3,2.4,3.0,3.0,2.4,2.8,3.1,2.3,2.75,3.3,2.5,2.8,3.1,2.62,2011/12,€8.93m,€19.68m,2.88,3.25,2.6,34.7222,33.3333,35.7143,35.7143,34.7222,36.3636,30.303,33.3333,32.2581,32.2581,30.7692,30.303,41.6667,41.6667,38.1679,43.4783,38.4615,40.0,A,35.095,1.0731,31.5375,1.2571,40.5735,2.069,ScotishPremierLeague
SC0,06/11/2011,Motherwell,Celtic,A,6.0,4.0,1.53,6.25,4.1,1.55,4.8,3.6,1.6,5.5,3.75,1.62,6.0,3.6,1.62,2011/12,€8.53m,€66.18m,6.5,4.2,1.53,16.6667,16.0,16.6667,20.8333,15.3846,18.1818,25.0,24.3902,27.7778,27.7778,23.8095,26.6667,65.3595,64.5161,61.7284,62.5,65.3595,61.7284,A,17.2888,1.9709,25.9037,1.7378,63.532,1.7446,ScotishPremierLeague
SC0,19/11/2011,Aberdeen,Motherwell,A,2.5,3.2,2.8,2.5,3.1,2.8,2.5,3.1,2.6,2.5,3.3,2.75,2.5,3.2,2.88,2011/12,€12.83m,€8.53m,2.6,3.3,2.88,40.0,40.0,40.0,40.0,38.4615,40.0,31.25,32.2581,31.25,32.2581,30.303,30.303,35.7143,35.7143,34.7222,38.4615,34.7222,36.3636,H,39.7436,0.6281,31.2704,0.8745,35.9497,1.386,ScotishPremierLeague
SC0,19/11/2011,Dundee United,Hearts,H,2.5,3.25,2.8,2.45,3.1,2.85,2.4,3.1,2.7,2.5,3.3,2.75,2.5,3.2,2.88,2011/12,€14.83m,€19.68m,2.6,3.2,2.88,40.0,40.8163,40.0,41.6667,38.4615,40.0,30.7692,32.2581,31.25,32.2581,31.25,30.303,35.7143,35.0877,34.7222,37.037,34.7222,36.3636,H,40.1574,1.0642,31.3481,0.7878,35.6078,0.9449,ScotishPremierLeague
SC0,19/11/2011,Hibernian,Kilmarnock,D,2.38,3.4,2.88,2.3,3.25,2.95,2.3,3.1,2.8,2.38,3.4,2.88,2.45,3.4,2.8,2011/12,€12.90m,€10.10m,2.4,3.4,3.0,42.0168,43.4783,40.8163,43.4783,41.6667,42.0168,29.4118,30.7692,29.4118,32.2581,29.4118,29.4118,34.7222,33.8983,35.7143,35.7143,33.3333,34.7222,H,42.2455,1.0509,30.1124,1.1831,34.6841,0.9558,ScotishPremierLeague
SC0,19/11/2011,Inverness C,Celtic,A,7.0,4.33,1.44,7.0,4.5,1.4,6.5,4.0,1.4,7.5,4.5,1.4,6.0,4.4,1.5,2011/12,€8.08m,€66.18m,7.5,4.6,1.44,14.2857,14.2857,16.6667,15.3846,13.3333,13.3333,23.0947,22.2222,22.7273,25.0,21.7391,22.2222,69.4444,71.4286,66.6667,71.4286,69.4444,71.4286,A,14.5482,1.2867,22.8342,1.1592,69.9736,1.8893,ScotishPremierLeague
SC0,19/11/2011,Rangers,St Johnstone,D,1.29,5.0,11.0,1.28,5.0,10.0,1.22,5.0,10.0,1.25,5.5,12.0,1.3,5.0,10.0,2011/12,€59.90m,€12.93m,1.3,5.5,11.0,77.5194,78.125,76.9231,81.9672,76.9231,80.0,20.0,20.0,20.0,20.0,18.1818,18.1818,9.0909,10.0,10.0,10.0,9.0909,8.3333,H,78.5763,2.0155,19.3939,0.9389,9.4192,0.6938,ScotishPremierLeague
SC0,19/11/2011,St Mirren,Dunfermline,H,1.7,3.6,5.0,1.7,3.5,4.75,1.7,3.4,4.3,1.73,3.5,5.0,1.8,3.6,4.4,2011/12,€8.93m,€9.08m,1.73,3.75,5.0,58.8235,58.8235,55.5556,58.8235,57.8035,57.8035,27.7778,28.5714,27.7778,29.4118,26.6667,28.5714,20.0,21.0526,22.7273,23.2558,20.0,20.0,H,57.9388,1.27,28.1295,0.9404,21.1726,1.4762,ScotishPremierLeague
SC0,23/11/2011,Celtic,Dunfermline,H,1.17,6.5,17.0,1.18,6.25,14.0,1.2,5.2,11.0,1.17,7.0,15.0,1.17,7.0,15.0,2011/12,€66.18m,€9.08m,1.18,7.5,19.0,85.4701,84.7458,85.4701,83.3333,84.7458,85.4701,15.3846,16.0,14.2857,19.2308,13.3333,14.2857,5.8824,7.1429,6.6667,9.0909,5.2632,6.6667,H,84.8725,0.8334,15.42,2.0875,6.7855,1.3118,ScotishPremierLeague
SC0,26/11/2011,Celtic,St Mirren,H,1.25,5.5,12.0,1.2,5.75,13.5,1.25,4.8,9.5,1.25,5.5,12.0,1.2,5.0,11.0,2011/12,€66.18m,€8.93m,1.29,6.0,13.0,80.0,83.3333,83.3333,80.0,77.5194,80.0,18.1818,17.3913,20.0,20.8333,16.6667,18.1818,8.3333,7.4074,9.0909,10.5263,7.6923,8.3333,H,80.6977,2.2563,18.5425,1.5796,8.5639,1.1254,ScotishPremierLeague
SC0,26/11/2011,Dunfermline,Aberdeen,D,3.2,3.4,2.2,3.1,3.2,2.25,2.8,3.1,2.3,2.9,3.3,2.38,2.8,3.1,2.25,2011/12,€9.08m,€12.83m,3.3,3.4,2.3,31.25,32.2581,35.7143,35.7143,30.303,34.4828,29.4118,31.25,32.2581,32.2581,29.4118,30.303,45.4545,44.4444,44.4444,43.4783,43.4783,42.0168,A,33.2871,2.3378,30.8155,1.308,43.8861,1.1756,ScotishPremierLeague
SC0,26/11/2011,Hearts,Inverness C,H,1.83,3.5,4.33,1.8,3.3,4.5,1.8,3.2,4.0,1.8,3.5,4.5,1.73,3.4,4.0,2011/12,€19.68m,€8.08m,1.95,3.5,4.33,54.6448,55.5556,57.8035,55.5556,51.2821,55.5556,28.5714,30.303,29.4118,31.25,28.5714,28.5714,23.0947,22.2222,25.0,25.0,23.0947,22.2222,H,55.0662,2.1311,29.4465,1.1211,23.439,1.2706,ScotishPremierLeague
SC0,26/11/2011,Motherwell,Dundee United,D,2.2,3.4,3.2,2.15,3.2,3.3,2.2,3.1,3.0,2.1,3.3,3.5,2.0,3.2,3.2,2011/12,€8.53m,€14.83m,2.25,3.5,3.3,45.4545,46.5116,50.0,45.4545,44.4444,47.619,29.4118,31.25,31.25,32.2581,28.5714,30.303,31.25,30.303,31.25,33.3333,30.303,28.5714,H,46.5807,1.9937,30.5074,1.3534,30.8351,1.5669,ScotishPremierLeague
SC0,26/11/2011,St Johnstone,Hibernian,H,2.1,3.4,3.4,2.15,3.2,3.3,2.0,3.2,3.3,2.0,3.4,3.75,2.0,3.2,3.2,2011/12,€12.93m,€12.90m,2.05,3.4,3.8,47.619,46.5116,50.0,50.0,48.7805,50.0,29.4118,31.25,31.25,31.25,29.4118,29.4118,29.4118,30.303,31.25,30.303,26.3158,26.6667,H,48.8185,1.4799,30.3309,1.0068,29.0417,2.0624,ScotishPremierLeague
SC0,27/11/2011,Kilmarnock,Rangers,H,7.0,4.0,1.5,7.5,4.1,1.42,6.5,4.0,1.4,7.0,4.33,1.44,7.0,4.0,1.36,2011/12,€10.10m,€59.90m,7.5,4.4,1.5,14.2857,13.3333,14.2857,15.3846,13.3333,14.2857,25.0,24.3902,25.0,25.0,22.7273,23.0947,66.6667,70.4225,73.5294,71.4286,66.6667,69.4444,A,14.1514,0.7633,24.202,1.0341,69.6931,2.7071,ScotishPremierLeague
SC0,03/12/2011,Hearts,St Johnstone,A,2.0,3.2,4.0,1.95,3.2,3.9,2.0,3.2,3.3,2.0,3.4,3.75,1.95,3.3,4.0,2011/12,€19.68m,€12.93m,2.05,3.4,4.0,50.0,51.2821,51.2821,50.0,48.7805,50.0,31.25,31.25,30.303,31.25,29.4118,29.4118,25.0,25.641,25.0,30.303,25.0,26.6667,H,50.2241,0.9459,30.4794,0.9047,26.2684,2.0812,ScotishPremierLeague
SC0,03/12/2011,Kilmarnock,Aberdeen,H,2.2,3.25,3.25,2.25,3.2,3.1,2.0,3.2,3.3,2.1,3.4,3.4,2.25,3.2,3.2,2011/12,€10.10m,€12.83m,2.3,3.4,3.3,45.4545,44.4444,44.4444,50.0,43.4783,47.619,30.7692,31.25,31.25,31.25,29.4118,29.4118,30.7692,32.2581,31.25,30.303,30.303,29.4118,H,45.9068,2.4522,30.5571,0.9065,30.7158,0.9704,ScotishPremierLeague
SC0,03/12/2011,Rangers,Dunfermline,H,1.14,7.0,21.0,1.14,6.75,18.0,1.2,5.2,11.0,1.17,7.0,15.0,1.17,7.0,15.0,2011/12,€59.90m,€9.08m,1.17,7.5,21.0,87.7193,87.7193,85.4701,83.3333,85.4701,85.4701,14.2857,14.8148,14.2857,19.2308,13.3333,14.2857,4.7619,5.5556,6.6667,9.0909,4.7619,6.6667,H,85.8637,1.6586,15.0393,2.1087,6.2506,1.6327,ScotishPremierLeague
SC0,03/12/2011,St Mirren,Inverness C,A,2.1,3.4,3.4,2.05,3.4,3.35,1.9,3.3,3.5,1.91,3.4,4.0,2.05,3.4,3.6,2011/12,€8.93m,€8.08m,2.15,3.5,3.6,47.619,48.7805,48.7805,52.6316,46.5116,52.356,29.4118,29.4118,29.4118,30.303,28.5714,29.4118,29.4118,29.8507,27.7778,28.5714,27.7778,25.0,H,49.4465,2.508,29.4203,0.5477,28.0649,1.7215,ScotishPremierLeague
SC0,04/12/2011,Dundee United,Celtic,A,5.5,3.75,1.62,5.5,4.0,1.55,5.5,3.8,1.5,6.5,3.8,1.53,5.5,3.8,1.62,2011/12,€14.83m,€66.18m,6.0,3.8,1.67,18.1818,18.1818,18.1818,18.1818,16.6667,15.3846,26.6667,25.0,26.3158,26.3158,26.3158,26.3158,61.7284,64.5161,61.7284,66.6667,59.8802,65.3595,A,17.4631,1.185,26.155,0.583,63.3132,2.5957,ScotishPremierLeague
SC0,10/12/2011,Aberdeen,St Mirren,D,2.1,3.3,3.5,2.15,3.1,3.4,2.2,3.1,3.0,2.25,3.3,3.1,2.15,3.2,3.2,2011/12,€12.83m,€8.93m,2.15,3.4,3.5,47.619,46.5116,46.5116,45.4545,46.5116,44.4444,30.303,32.2581,31.25,32.2581,29.4118,30.303,28.5714,29.4118,31.25,33.3333,28.5714,32.2581,H,46.1754,1.0899,30.964,1.1588,30.566,2.0139,ScotishPremierLeague
SC0,10/12/2011,Celtic,Hearts,H,1.33,5.0,9.0,1.28,5.0,10.0,1.3,4.4,8.5,1.29,5.0,11.0,1.25,5.0,11.0,2011/12,€66.18m,€19.68m,1.33,5.0,10.0,75.188,78.125,80.0,76.9231,75.188,77.5194,20.0,20.0,20.0,22.7273,20.0,20.0,11.1111,10.0,9.0909,11.7647,10.0,9.0909,H,77.1572,1.8417,20.4546,1.1134,10.1763,1.0784,ScotishPremierLeague
SC0,10/12/2011,Hibernian,Rangers,A,7.5,4.2,1.44,6.75,3.9,1.48,6.5,4.0,1.4,8.0,4.0,1.44,6.0,3.8,1.5,2011/12,€12.90m,€59.90m,8.5,4.5,1.44,13.3333,14.8148,16.6667,15.3846,11.7647,12.5,23.8095,25.641,26.3158,25.0,22.2222,25.0,69.4444,67.5676,66.6667,71.4286,69.4444,69.4444,A,14.0774,1.8627,24.6647,1.4561,68.9993,1.6725,ScotishPremierLeague
SC0,10/12/2011,Inverness C,Dundee United,A,2.75,3.3,2.5,2.75,3.25,2.45,2.5,3.1,2.6,2.62,3.3,2.6,2.62,3.2,2.5,2011/12,€8.08m,€14.83m,2.75,3.5,2.5,36.3636,36.3636,38.1679,40.0,36.3636,38.1679,30.303,30.7692,31.25,32.2581,28.5714,30.303,40.0,40.8163,40.0,38.4615,40.0,38.4615,A,37.5711,1.4823,30.5758,1.2238,39.6232,0.9538,ScotishPremierLeague
SC0,10/12/2011,St Johnstone,Motherwell,A,2.5,3.3,2.8,2.5,3.1,2.8,2.4,3.1,2.7,2.5,3.3,2.75,2.4,3.1,2.8,2011/12,€12.93m,€8.53m,2.6,3.25,2.88,40.0,40.0,41.6667,41.6667,38.4615,40.0,30.303,32.2581,32.2581,32.2581,30.7692,30.303,35.7143,35.7143,35.7143,37.037,34.7222,36.3636,H,40.2992,1.2154,31.3582,1.0003,35.8776,0.774,ScotishPremierLeague
SC0,13/12/2011,St Johnstone,Aberdeen,A,2.25,3.2,3.25,2.25,3.0,3.3,2.1,3.1,3.2,2.1,3.3,3.5,2.25,3.1,3.4,2011/12,€12.93m,€12.83m,2.3,3.25,3.4,44.4444,44.4444,44.4444,47.619,43.4783,47.619,31.25,33.3333,32.2581,32.2581,30.7692,30.303,30.7692,30.303,29.4118,31.25,29.4118,28.5714,H,45.3416,1.8033,31.6953,1.1235,29.9529,0.9965,ScotishPremierLeague
SC0,17/12/2011,Aberdeen,Hibernian,H,2.1,3.25,3.6,2.1,3.1,3.6,2.1,3.1,3.2,2.1,3.4,3.4,2.15,3.1,3.0,2011/12,€12.83m,€12.90m,2.1,3.4,3.6,47.619,47.619,46.5116,47.619,47.619,47.619,30.7692,32.2581,32.2581,32.2581,29.4118,29.4118,27.7778,27.7778,33.3333,31.25,27.7778,29.4118,H,47.4344,0.4521,31.0612,1.4017,29.5548,2.3084,ScotishPremierLeague
SC0,17/12/2011,Hearts,Dunfermline,H,1.57,3.75,6.0,1.55,3.6,6.5,1.6,3.6,4.8,1.62,3.75,5.5,1.53,3.75,4.8,2011/12,€19.68m,€9.08m,1.53,4.0,6.5,63.6943,64.5161,65.3595,62.5,65.3595,61.7284,26.6667,27.7778,26.6667,27.7778,25.0,26.6667,16.6667,15.3846,20.8333,20.8333,15.3846,18.1818,H,63.8596,1.5065,26.7593,1.0194,17.8807,2.5084,ScotishPremierLeague
SC0,17/12/2011,Kilmarnock,Dundee United,D,2.4,3.3,2.88,2.4,3.2,2.85,2.2,3.1,3.0,2.38,3.3,2.9,2.2,3.1,2.88,2011/12,€10.10m,€14.83m,2.5,3.5,2.75,41.6667,41.6667,45.4545,45.4545,40.0,42.0168,30.303,31.25,32.2581,32.2581,28.5714,30.303,34.7222,35.0877,34.7222,33.3333,36.3636,34.4828,H,42.7099,2.239,30.8239,1.408,34.7853,0.9788,ScotishPremierLeague
SC0,17/12/2011,Motherwell,St Mirren,D,1.91,3.4,4.0,1.88,3.2,4.25,1.8,3.2,4.0,1.8,3.5,4.5,1.73,3.25,4.2,2011/12,€8.53m,€8.93m,1.95,3.5,4.0,52.356,53.1915,57.8035,55.5556,51.2821,55.5556,29.4118,31.25,30.7692,31.25,28.5714,28.5714,25.0,23.5294,23.8095,25.0,25.0,22.2222,H,54.2907,2.4307,29.9706,1.2759,24.0935,1.1283,ScotishPremierLeague
SC0,17/12/2011,Rangers,Inverness C,H,1.22,6.0,13.0,1.23,5.5,11.5,1.25,4.8,9.5,1.22,6.0,12.0,1.17,5.5,12.0,2011/12,€59.90m,€8.08m,1.25,6.0,15.0,81.9672,81.3008,85.4701,80.0,80.0,81.9672,16.6667,18.1818,18.1818,20.8333,16.6667,16.6667,7.6923,8.6957,8.3333,10.5263,6.6667,8.3333,H,81.7842,2.0126,17.8662,1.6321,8.3746,1.2743,ScotishPremierLeague
SC0,18/12/2011,St Johnstone,Celtic,A,6.5,4.0,1.5,6.25,3.9,1.5,6.0,3.9,1.45,7.0,4.33,1.44,7.0,3.75,1.4,2011/12,€12.93m,€66.18m,7.5,4.2,1.5,15.3846,16.0,14.2857,16.6667,13.3333,14.2857,25.0,25.641,26.6667,25.641,23.8095,23.0947,66.6667,66.6667,71.4286,68.9655,66.6667,69.4444,A,14.9927,1.2429,24.9755,1.3148,68.3064,1.977,ScotishPremierLeague
SC0,24/12/2011,Celtic,Kilmarnock,H,1.25,5.5,12.0,1.25,5.25,11.0,1.25,4.8,9.5,1.25,6.0,10.0,1.22,5.5,15.0,2011/12,€66.18m,€10.10m,1.25,6.0,13.0,80.0,80.0,81.9672,80.0,80.0,80.0,18.1818,19.0476,18.1818,20.8333,16.6667,16.6667,8.3333,9.0909,6.6667,10.5263,7.6923,10.0,H,80.3279,0.8031,18.263,1.5705,8.7182,1.4464,ScotishPremierLeague
SC0,24/12/2011,Dundee United,Hibernian,H,1.83,3.4,4.5,1.8,3.4,4.33,1.75,3.3,4.2,1.8,3.5,4.5,1.83,3.5,4.33,2011/12,€14.83m,€12.90m,1.85,3.6,4.4,54.6448,55.5556,54.6448,57.1429,54.0541,55.5556,29.4118,29.4118,28.5714,30.303,27.7778,28.5714,22.2222,23.0947,23.0947,23.8095,22.7273,22.2222,H,55.2663,1.0891,29.0079,0.8829,22.8618,0.6071,ScotishPremierLeague
SC0,24/12/2011,Dunfermline,St Johnstone,A,3.3,3.3,2.2,3.4,3.1,2.15,3.2,3.1,2.1,3.4,3.4,2.1,3.4,3.2,2.2,2011/12,€9.08m,€12.93m,3.4,3.4,2.2,30.303,29.4118,29.4118,31.25,29.4118,29.4118,30.303,32.2581,31.25,32.2581,29.4118,29.4118,45.4545,46.5116,45.4545,47.619,45.4545,47.619,A,29.8667,0.7657,30.8155,1.308,46.3522,1.0633,ScotishPremierLeague
SC0,24/12/2011,Hearts,Motherwell,H,2.1,3.3,3.5,2.1,3.2,3.4,2.1,3.1,3.2,2.2,3.3,3.25,2.2,3.2,3.3,2011/12,€19.68m,€8.53m,2.2,3.4,3.4,47.619,47.619,45.4545,47.619,45.4545,45.4545,30.303,31.25,31.25,32.2581,29.4118,30.303,28.5714,29.4118,30.303,31.25,29.4118,30.7692,H,46.5368,1.1855,30.796,0.9952,29.9529,0.9965,ScotishPremierLeague
SC0,24/12/2011,Inverness C,Aberdeen,H,2.4,3.3,2.88,2.45,3.1,2.85,2.4,3.1,2.7,2.38,3.4,2.88,2.5,3.1,2.9,2011/12,€8.08m,€12.83m,2.5,3.25,3.0,41.6667,40.8163,40.0,41.6667,40.0,42.0168,30.303,32.2581,32.2581,32.2581,30.7692,29.4118,34.7222,35.0877,34.4828,37.037,33.3333,34.7222,H,41.0278,0.889,31.2097,1.2285,34.8975,1.2078,ScotishPremierLeague
SC0,24/12/2011,St Mirren,Rangers,H,7.5,4.2,1.44,6.5,4.2,1.45,6.5,4.0,1.4,7.0,4.33,1.44,7.0,4.33,1.44,2011/12,€8.93m,€59.90m,7.5,4.5,1.44,13.3333,15.3846,14.2857,15.3846,13.3333,14.2857,23.8095,23.8095,23.0947,25.0,22.2222,23.0947,69.4444,68.9655,69.4444,71.4286,69.4444,69.4444,A,14.3345,0.9181,23.5051,0.9384,69.6953,0.8705,ScotishPremierLeague
SC0,28/12/2011,Aberdeen,Hearts,D,2.75,3.3,2.5,2.7,3.25,2.7,2.5,3.1,2.6,2.62,3.3,2.62,2.75,3.2,2.6,2011/12,€12.83m,€19.68m,3.1,3.3,2.5,36.3636,37.037,36.3636,40.0,32.2581,38.1679,30.303,30.7692,31.25,32.2581,30.303,30.303,40.0,37.037,38.4615,38.4615,40.0,38.1679,A,36.6984,2.5735,30.8644,0.7805,38.688,1.1438,ScotishPremierLeague
SC0,28/12/2011,Celtic,Rangers,H,2.0,3.3,3.75,1.91,3.3,3.9,2.0,3.2,3.3,2.0,3.2,4.0,1.95,3.3,4.0,2011/12,€66.18m,€59.90m,2.05,3.4,4.0,50.0,52.356,51.2821,50.0,48.7805,50.0,30.303,30.303,30.303,31.25,29.4118,31.25,26.6667,25.641,25.0,30.303,25.0,25.0,H,50.4031,1.2415,30.4701,0.6957,26.2684,2.0812,ScotishPremierLeague
SC0,28/12/2011,Hibernian,Inverness C,D,2.38,3.25,3.0,2.3,3.2,3.0,2.3,3.1,2.8,2.37,3.3,2.9,2.38,3.3,2.9,2011/12,€12.90m,€8.08m,2.5,3.3,3.0,42.0168,43.4783,42.0168,43.4783,40.0,42.1941,30.7692,31.25,30.303,32.2581,30.303,30.303,33.3333,33.3333,34.4828,35.7143,33.3333,34.4828,H,42.1974,1.2787,30.8644,0.7805,34.1133,0.9656,ScotishPremierLeague
SC0,28/12/2011,St Johnstone,Kilmarnock,H,2.3,3.25,3.1,2.4,3.1,2.95,2.3,3.1,2.8,2.37,3.3,2.9,2.38,3.2,3.0,2011/12,€12.93m,€10.10m,2.4,3.3,3.25,43.4783,41.6667,42.0168,43.4783,41.6667,42.1941,30.7692,32.2581,31.25,32.2581,30.303,30.303,32.2581,33.8983,33.3333,35.7143,30.7692,34.4828,H,42.4168,0.8472,31.1902,0.8984,33.4093,1.7324,ScotishPremierLeague
SC0,28/12/2011,St Mirren,Dundee United,D,2.8,3.25,2.5,2.9,3.2,2.55,2.7,3.1,2.4,2.6,3.3,2.5,2.88,3.3,2.4,2011/12,€8.93m,€14.83m,3.0,3.4,2.5,35.7143,34.4828,34.7222,37.037,33.3333,38.4615,30.7692,31.25,30.303,32.2581,29.4118,30.303,40.0,39.2157,41.6667,41.6667,40.0,40.0,A,35.6252,1.8665,30.7158,0.9704,40.4248,1.0088,ScotishPremierLeague
SC0,02/01/2012,Dundee United,Aberdeen,A,2.0,3.4,3.75,2.0,3.4,3.9,2.0,3.2,3.3,2.0,3.4,3.75,2.05,3.4,3.6,2011/12,€14.83m,€12.83m,2.0,3.5,4.0,50.0,50.0,48.7805,50.0,50.0,50.0,29.4118,29.4118,29.4118,31.25,28.5714,29.4118,26.6667,25.641,27.7778,30.303,25.0,26.6667,H,49.7968,0.4979,29.5781,0.8854,27.0092,1.8753,ScotishPremierLeague
SC0,02/01/2012,Dunfermline,Celtic,A,12.0,5.5,1.25,11.0,5.25,1.3,9.0,4.6,1.27,10.0,6.0,1.25,11.0,6.0,1.25,2011/12,€9.08m,€66.18m,12.0,5.5,1.29,8.3333,9.0909,9.0909,11.1111,8.3333,10.0,18.1818,19.0476,16.6667,21.7391,18.1818,16.6667,80.0,76.9231,80.0,78.7402,77.5194,80.0,A,9.3266,1.0698,18.414,1.88,78.8638,1.3756,ScotishPremierLeague
SC0,02/01/2012,Hibernian,Hearts,A,3.2,3.25,2.25,3.2,3.1,2.25,2.7,3.1,2.4,3.0,3.25,2.37,3.3,3.2,2.25,2011/12,€12.90m,€19.68m,3.5,3.2,2.25,31.25,31.25,30.303,37.037,28.5714,33.3333,30.7692,32.2581,31.25,32.2581,31.25,30.7692,44.4444,44.4444,44.4444,41.6667,44.4444,42.1941,A,31.9575,2.9291,31.4258,0.6796,43.6064,1.3089,ScotishPremierLeague
SC0,02/01/2012,Kilmarnock,St Mirren,H,2.1,3.3,3.5,2.15,3.1,3.4,2.0,3.2,3.3,2.1,3.4,3.4,2.2,3.3,3.3,2011/12,€10.10m,€8.93m,2.25,3.3,3.4,47.619,46.5116,45.4545,50.0,44.4444,47.619,30.303,32.2581,30.303,31.25,30.303,29.4118,28.5714,29.4118,30.303,30.303,29.4118,29.4118,H,46.9414,1.9444,30.6382,0.9838,29.5688,0.6553,ScotishPremierLeague
SC0,02/01/2012,Rangers,Motherwell,H,1.33,5.0,9.0,1.3,4.6,10.5,1.3,4.4,8.5,1.33,4.5,10.0,1.33,4.75,10.0,2011/12,€59.90m,€8.53m,1.33,5.0,12.0,75.188,76.9231,75.188,76.9231,75.188,75.188,20.0,21.7391,21.0526,22.7273,20.0,22.2222,11.1111,9.5238,10.0,11.7647,8.3333,10.0,H,75.7664,0.896,21.2902,1.142,10.1222,1.2053,ScotishPremierLeague
SC0,14/01/2012,Aberdeen,Kilmarnock,D,2.1,3.3,3.5,2.2,3.2,3.2,2.0,3.2,3.3,2.1,3.4,3.4,2.2,3.2,3.4,2011/12,€12.83m,€10.10m,2.15,3.25,3.5,47.619,45.4545,45.4545,50.0,46.5116,47.619,30.303,31.25,31.25,31.25,30.7692,29.4118,28.5714,31.25,29.4118,30.303,28.5714,29.4118,H,47.1098,1.7152,30.7057,0.7388,29.5866,1.0395,ScotishPremierLeague
SC0,14/01/2012,Celtic,Dundee United,H,1.22,6.0,13.0,1.2,5.75,14.0,1.22,5.0,10.0,1.22,6.0,12.0,1.25,5.5,12.0,2011/12,€66.18m,€14.83m,1.22,6.0,13.0,81.9672,83.3333,80.0,81.9672,81.9672,81.9672,16.6667,17.3913,18.1818,20.0,16.6667,16.6667,7.6923,7.1429,8.3333,10.0,7.6923,8.3333,H,81.867,1.0654,17.5955,1.3233,8.199,0.9908,ScotishPremierLeague
SC0,14/01/2012,Dunfermline,Hibernian,A,2.75,3.3,2.5,2.75,3.25,2.45,2.5,3.2,2.5,2.75,3.3,2.5,3.0,3.2,2.4,2011/12,€9.08m,€12.90m,2.88,3.3,2.5,36.3636,36.3636,33.3333,40.0,34.7222,36.3636,30.303,30.7692,31.25,31.25,30.303,30.303,40.0,40.8163,41.6667,40.0,40.0,40.0,A,36.191,2.2326,30.6964,0.4653,40.4138,0.6952,ScotishPremierLeague
SC0,14/01/2012,Hearts,St Mirren,H,1.73,3.5,5.0,1.72,3.4,5.0,1.75,3.3,4.2,1.73,3.5,5.0,1.75,3.4,5.0,2011/12,€19.68m,€8.93m,1.7,3.25,4.6,57.8035,58.1395,57.1429,57.1429,58.8235,57.8035,28.5714,29.4118,29.4118,30.303,30.7692,28.5714,20.0,20.0,20.0,23.8095,21.7391,20.0,H,57.8093,0.6365,29.5064,0.8939,20.9248,1.5752,ScotishPremierLeague
SC0,14/01/2012,Motherwell,Inverness C,A,1.91,3.4,4.0,1.95,3.4,3.7,1.8,3.2,4.0,1.83,3.5,4.2,2.0,3.3,3.75,2011/12,€8.53m,€8.08m,1.91,3.4,4.0,52.356,51.2821,50.0,55.5556,52.356,54.6448,29.4118,29.4118,30.303,31.25,29.4118,28.5714,25.0,27.027,26.6667,25.0,25.0,23.8095,H,52.6991,2.0724,29.7266,0.9257,25.4172,1.205,ScotishPremierLeague
SC0,14/01/2012,St Johnstone,Rangers,A,6.0,4.0,1.53,6.5,3.8,1.5,6.0,3.9,1.45,6.0,4.0,1.53,6.0,3.75,1.57,2011/12,€12.93m,€59.90m,7.5,4.2,1.44,16.6667,15.3846,16.6667,16.6667,13.3333,16.6667,25.0,26.3158,26.6667,25.641,23.8095,25.0,65.3595,66.6667,63.6943,68.9655,69.4444,65.3595,A,15.8974,1.3568,25.4055,1.0345,66.5817,2.2454,ScotishPremierLeague
SC0,21/01/2012,Dundee United,Motherwell,D,2.15,3.3,3.4,2.1,3.3,3.3,2.2,3.1,3.0,2.2,3.3,3.3,2.2,3.2,3.3,2011/12,€14.83m,€8.53m,2.15,3.4,3.6,46.5116,47.619,45.4545,45.4545,46.5116,45.4545,30.303,30.303,31.25,32.2581,29.4118,30.303,29.4118,30.303,30.303,33.3333,27.7778,30.303,H,46.1676,0.8796,30.6381,0.9838,30.2386,1.8071,ScotishPremierLeague
SC0,21/01/2012,Hibernian,St Johnstone,A,2.75,3.2,2.6,2.65,3.1,2.65,2.55,3.1,2.55,2.8,3.3,2.5,2.75,3.1,2.62,2011/12,€12.90m,€12.93m,2.75,3.4,2.625,36.3636,37.7358,36.3636,39.2157,36.3636,35.7143,31.25,32.2581,32.2581,32.2581,29.4118,30.303,38.4615,37.7358,38.1679,39.2157,38.0952,40.0,A,36.9594,1.2891,31.2898,1.2096,38.6127,0.8421,ScotishPremierLeague
SC0,21/01/2012,Inverness C,Hearts,H,2.9,3.3,2.4,3.1,3.1,2.3,2.8,3.1,2.3,2.75,3.3,2.5,2.9,3.1,2.5,2011/12,€8.08m,€19.68m,3.1,3.3,2.4,34.4828,32.2581,34.4828,35.7143,32.2581,36.3636,30.303,32.2581,32.2581,32.2581,30.303,30.303,41.6667,43.4783,40.0,43.4783,41.6667,40.0,A,34.2599,1.712,31.2806,1.0709,41.715,1.556,ScotishPremierLeague
SC0,21/01/2012,Kilmarnock,Dunfermline,A,1.57,4.0,5.5,1.62,3.75,5.0,1.6,3.6,4.8,1.57,3.75,6.0,1.62,3.75,5.5,2011/12,€10.10m,€9.08m,1.571,4.2,6.0,63.6943,61.7284,61.7284,62.5,63.6537,63.6943,25.0,26.6667,26.6667,27.7778,23.8095,26.6667,18.1818,20.0,18.1818,20.8333,16.6667,16.6667,H,62.8332,0.9704,26.0979,1.4307,18.4217,1.7077,ScotishPremierLeague
SC0,21/01/2012,Rangers,Aberdeen,D,1.33,4.75,10.0,1.3,4.75,10.0,1.25,4.8,9.5,1.3,5.0,10.0,1.36,4.8,8.0,2011/12,€59.90m,€12.83m,1.333,5.0,11.0,75.188,76.9231,73.5294,80.0,75.0188,76.9231,21.0526,21.0526,20.8333,20.8333,20.0,20.0,10.0,10.0,12.5,10.5263,9.0909,10.0,H,76.2637,2.2366,20.6286,0.4967,10.3529,1.1495,ScotishPremierLeague
SC0,21/01/2012,St Mirren,Celtic,A,8.5,4.75,1.36,9.0,4.4,1.35,7.5,4.2,1.35,8.0,4.5,1.4,8.0,4.5,1.4,2011/12,€8.93m,€66.18m,9.0,4.75,1.4,11.7647,11.1111,12.5,13.3333,11.1111,12.5,21.0526,22.7273,22.2222,23.8095,21.0526,22.2222,73.5294,74.0741,71.4286,74.0741,71.4286,71.4286,A,12.0534,0.8828,22.1811,1.0488,72.6606,1.3641,ScotishPremierLeague
SC0,24/01/2012,Motherwell,Dunfermline,H,1.6,3.75,5.75,1.53,3.9,5.75,1.55,3.7,5.0,1.53,4.0,6.0,1.67,3.4,6.0,2011/12,€8.53m,€9.08m,1.67,3.8,5.5,62.5,65.3595,59.8802,64.5161,59.8802,65.3595,26.6667,25.641,29.4118,27.027,26.3158,25.0,17.3913,17.3913,16.6667,20.0,18.1818,16.6667,H,62.9159,2.5732,26.677,1.5243,17.7163,1.2527,ScotishPremierLeague
SC0,28/01/2012,Aberdeen,Dunfermline,H,1.57,3.8,6.0,1.62,3.8,5.0,1.6,3.6,4.8,1.57,3.75,6.0,1.62,3.5,4.5,2011/12,€12.83m,€9.08m,1.62,4.0,6.0,63.6943,61.7284,61.7284,62.5,61.7284,63.6943,26.3158,26.3158,28.5714,27.7778,25.0,26.6667,16.6667,20.0,22.2222,20.8333,16.6667,16.6667,H,62.5123,0.9631,26.7746,1.2503,18.8426,2.4871,ScotishPremierLeague
SC0,28/01/2012,Inverness C,St Mirren,D,2.1,3.4,3.4,2.15,3.25,3.25,2.1,3.1,3.2,2.1,3.4,3.4,2.1,3.1,3.1,2011/12,€8.08m,€8.93m,2.15,3.5,3.5,47.619,46.5116,47.619,47.619,46.5116,47.619,29.4118,30.7692,32.2581,32.2581,28.5714,29.4118,29.4118,30.7692,32.2581,31.25,28.5714,29.4118,H,47.2499,0.5719,30.4467,1.57,30.2787,1.3799,ScotishPremierLeague
SC0,28/01/2012,Motherwell,St Johnstone,H,2.2,3.3,3.25,2.2,3.1,3.3,2.2,3.1,3.0,2.2,3.2,3.4,2.1,3.1,3.1,2011/12,€8.53m,€12.93m,2.3,3.3,3.25,45.4545,45.4545,47.619,45.4545,43.4783,45.4545,30.303,32.2581,32.2581,32.2581,30.303,31.25,30.7692,30.303,32.2581,33.3333,30.7692,29.4118,H,45.4859,1.3103,31.4384,0.9622,31.1408,1.4158,ScotishPremierLeague
SC0,28/01/2012,Rangers,Hibernian,H,1.25,6.0,10.0,1.2,5.5,15.5,1.25,4.8,9.5,1.25,6.0,10.0,1.2,5.0,11.0,2011/12,€59.90m,€12.90m,1.25,6.0,15.0,80.0,83.3333,83.3333,80.0,80.0,80.0,16.6667,18.1818,20.0,20.8333,16.6667,16.6667,10.0,6.4516,9.0909,10.5263,6.6667,10.0,H,81.1111,1.7213,18.1692,1.8559,8.7892,1.7894,ScotishPremierLeague
SC0,07/02/2012,Dunfermline,Kilmarnock,D,3.4,3.4,2.1,3.3,3.3,2.1,3.1,3.2,2.1,3.2,3.4,2.2,3.3,3.4,2.15,2011/12,€9.08m,€10.10m,3.3,3.5,2.2,29.4118,30.303,30.303,32.2581,30.303,31.25,29.4118,30.303,29.4118,31.25,28.5714,29.4118,47.619,47.619,46.5116,47.619,45.4545,45.4545,A,30.6382,0.9838,29.7266,0.9257,46.7129,1.065,ScotishPremierLeague
SC0,08/02/2012,Hearts,Celtic,A,5.0,3.6,1.7,5.25,3.5,1.65,4.5,3.3,1.7,5.0,3.5,1.73,5.0,3.5,1.73,2011/12,€19.68m,€66.18m,5.4,3.75,1.73,20.0,19.0476,20.0,22.2222,18.5185,20.0,27.7778,28.5714,28.5714,30.303,26.6667,28.5714,58.8235,60.6061,57.8035,58.8235,57.8035,57.8035,A,19.9647,1.2675,28.4103,1.1917,58.6106,1.0979,ScotishPremierLeague
SC0,11/02/2012,Celtic,Inverness C,H,1.25,5.5,12.0,1.22,5.5,13.0,1.22,5.0,10.0,1.25,5.5,12.0,1.25,5.5,13.0,2011/12,€66.18m,€8.08m,1.25,5.75,15.0,80.0,81.9672,80.0,81.9672,80.0,80.0,18.1818,18.1818,18.1818,20.0,17.3913,18.1818,8.3333,7.6923,7.6923,10.0,6.6667,8.3333,H,80.6557,1.0159,18.3531,0.8666,8.1196,1.1048,ScotishPremierLeague
SC0,11/02/2012,Dunfermline,Rangers,A,11.0,5.0,1.29,11.0,5.25,1.25,8.5,4.4,1.3,9.0,5.0,1.33,9.0,4.5,1.36,2011/12,€9.08m,€59.90m,11.0,5.4,1.3,9.0909,9.0909,11.1111,11.7647,9.0909,11.1111,20.0,19.0476,22.2222,22.7273,18.5185,20.0,77.5194,80.0,73.5294,76.9231,76.9231,75.188,A,10.2099,1.2489,20.4193,1.6984,76.6805,2.1908,ScotishPremierLeague
SC0,11/02/2012,Hibernian,Aberdeen,D,2.6,3.2,2.75,2.55,3.2,2.65,2.55,3.1,2.55,2.6,3.2,2.7,2.5,3.2,2.88,2011/12,€12.90m,€12.83m,2.6,3.2,2.9,38.4615,39.2157,40.0,39.2157,38.4615,38.4615,31.25,31.25,31.25,32.2581,31.25,31.25,36.3636,37.7358,34.7222,39.2157,34.4828,37.037,H,38.9693,0.6257,31.418,0.4116,36.5929,1.8104,ScotishPremierLeague
SC0,11/02/2012,Kilmarnock,Hearts,D,2.63,3.25,2.63,2.8,3.1,2.5,2.6,3.1,2.5,2.8,3.25,2.5,2.88,3.2,2.5,2011/12,€10.10m,€19.68m,2.88,3.25,2.62,38.0228,35.7143,34.7222,38.4615,34.7222,35.7143,30.7692,32.2581,31.25,32.2581,30.7692,30.7692,38.0228,40.0,40.0,40.0,38.1679,40.0,A,36.2262,1.6293,31.3456,0.7309,39.3651,0.9846,ScotishPremierLeague
SC0,11/02/2012,St Johnstone,Dundee United,A,2.63,3.2,2.7,2.6,3.2,2.6,2.4,3.1,2.7,2.5,3.25,2.8,2.62,3.25,2.7,2011/12,€12.93m,€14.83m,2.7,3.25,2.75,38.0228,38.4615,38.1679,41.6667,37.037,40.0,31.25,31.25,30.7692,32.2581,30.7692,30.7692,37.037,38.4615,37.037,37.037,36.3636,35.7143,H,38.8926,1.6633,31.1776,0.5794,36.9417,0.9141,ScotishPremierLeague
SC0,11/02/2012,St Mirren,Motherwell,D,2.5,3.2,2.88,2.55,3.1,2.75,2.55,3.1,2.55,2.62,3.25,2.62,2.5,3.2,2.88,2011/12,€8.93m,€8.53m,2.6,3.25,2.88,40.0,39.2157,40.0,39.2157,38.4615,38.1679,31.25,32.2581,31.25,32.2581,30.7692,30.7692,34.7222,36.3636,34.7222,39.2157,34.7222,38.1679,H,39.1768,0.76,31.4258,0.6796,36.319,1.9728,ScotishPremierLeague
SC0,18/02/2012,Dundee United,St Mirren,D,1.73,3.6,4.75,1.78,3.4,4.5,1.7,3.4,4.3,1.73,3.5,5.0,1.83,3.5,4.33,2011/12,€14.83m,€8.93m,1.8,3.6,4.75,57.8035,56.1798,54.6448,58.8235,55.5556,57.8035,27.7778,29.4118,28.5714,29.4118,27.7778,28.5714,21.0526,22.2222,23.0947,23.2558,21.0526,20.0,H,56.8018,1.5929,28.587,0.7308,21.7797,1.2906,ScotishPremierLeague
SC0,18/02/2012,Dunfermline,Inverness C,D,3.5,3.3,2.1,3.3,3.3,2.1,2.9,3.2,2.2,3.3,3.25,2.2,3.6,3.3,2.05,2011/12,€9.08m,€8.08m,3.6,3.3,2.15,28.5714,30.303,27.7778,34.4828,27.7778,30.303,30.303,30.303,30.303,31.25,30.303,30.7692,47.619,47.619,48.7805,45.4545,46.5116,45.4545,A,29.8693,2.5335,30.5385,0.3953,46.9065,1.3341,ScotishPremierLeague
SC0,18/02/2012,Motherwell,Hearts,H,2.5,3.25,2.8,2.6,2.85,2.9,2.3,3.2,2.75,2.5,3.3,2.75,2.62,3.3,2.62,2011/12,€8.53m,€19.68m,2.62,3.3,2.8,40.0,38.4615,38.1679,43.4783,38.1679,40.0,30.7692,35.0877,30.303,31.25,30.303,30.303,35.7143,34.4828,38.1679,36.3636,35.7143,36.3636,H,39.7126,2.0339,31.336,1.8764,36.1344,1.21,ScotishPremierLeague
SC0,18/02/2012,Rangers,Kilmarnock,A,1.36,4.75,8.0,1.31,4.75,9.5,1.3,4.4,8.5,1.33,5.0,9.0,1.4,4.5,8.0,2011/12,€59.90m,€10.10m,1.4,4.75,9.0,73.5294,76.3359,71.4286,76.9231,71.4286,75.188,21.0526,21.0526,22.2222,22.7273,21.0526,20.0,12.5,10.5263,12.5,11.7647,11.1111,11.1111,H,74.1389,2.3976,21.3512,0.9742,11.5855,0.8095,ScotishPremierLeague
SC0,19/02/2012,Aberdeen,St Johnstone,D,2.2,3.25,3.3,2.15,3.1,3.4,2.2,3.1,3.0,2.2,3.3,3.25,2.38,3.2,3.0,2011/12,€12.83m,€12.93m,2.38,3.2,3.25,45.4545,46.5116,42.0168,45.4545,42.0168,45.4545,30.7692,32.2581,31.25,32.2581,31.25,30.303,30.303,29.4118,33.3333,33.3333,30.7692,30.7692,H,44.4848,1.955,31.3481,0.7878,31.32,1.6364,ScotishPremierLeague
SC0,19/02/2012,Hibernian,Celtic,A,9.0,5.0,1.33,9.5,4.75,1.31,6.5,4.0,1.4,9.0,5.0,1.33,9.0,4.2,1.4,2011/12,€12.90m,€66.18m,9.0,4.8,1.36,11.1111,10.5263,11.1111,15.3846,11.1111,11.1111,20.0,21.0526,23.8095,25.0,20.8333,20.0,75.188,76.3359,71.4286,71.4286,73.5294,75.188,A,11.7259,1.8076,21.7826,2.1095,73.8498,2.0779,ScotishPremierLeague
SC0,21/02/2012,Dundee United,Kilmarnock,H,1.83,3.5,4.33,1.78,3.4,4.5,2.0,3.2,3.3,1.83,3.4,4.33,1.83,3.4,4.5,2011/12,€14.83m,€10.10m,1.85,3.5,4.75,54.6448,56.1798,54.6448,50.0,54.0541,54.6448,28.5714,29.4118,29.4118,31.25,28.5714,29.4118,23.0947,22.2222,22.2222,30.303,21.0526,23.0947,H,54.028,2.0975,29.438,0.9785,23.6649,3.3377,ScotishPremierLeague
SC0,22/02/2012,Celtic,Dunfermline,H,1.13,7.5,21.0,1.1,8.0,23.0,1.12,6.5,14.0,1.14,7.5,17.0,1.12,8.0,21.0,2011/12,€66.18m,€9.08m,1.12,9.5,26.0,88.4956,90.9091,89.2857,89.2857,89.2857,87.7193,13.3333,12.5,12.5,15.3846,10.5263,13.3333,4.7619,4.3478,4.7619,7.1429,3.8462,5.8824,H,89.1635,1.0605,12.9296,1.581,5.1238,1.1957,ScotishPremierLeague
SC0,22/02/2012,Motherwell,Hibernian,H,1.73,3.5,5.0,1.65,3.6,5.0,1.7,3.4,4.3,1.67,3.6,5.0,1.73,3.5,5.0,2011/12,€8.53m,€12.90m,1.73,3.75,4.8,57.8035,60.6061,57.8035,58.8235,57.8035,59.8802,28.5714,27.7778,28.5714,29.4118,26.6667,27.7778,20.0,20.0,20.0,23.2558,20.8333,20.0,H,58.7867,1.2172,28.1295,0.9404,20.6815,1.3044,ScotishPremierLeague
SC0,25/02/2012,Celtic,Motherwell,H,1.33,5.0,9.0,1.3,4.75,10.0,1.3,4.4,8.5,1.33,5.0,9.0,1.3,4.4,8.0,2011/12,€66.18m,€8.53m,1.33,5.25,11.0,75.188,76.9231,76.9231,76.9231,75.188,75.188,20.0,21.0526,22.7273,22.7273,19.0476,20.0,11.1111,10.0,12.5,11.7647,9.0909,11.1111,H,76.0556,0.9504,20.9258,1.5329,10.9296,1.2227,ScotishPremierLeague
SC0,25/02/2012,Hearts,Dundee United,A,2.38,3.25,3.0,2.35,3.1,3.0,2.2,3.1,3.0,2.38,3.25,3.0,2.25,3.2,2.75,2011/12,€19.68m,€14.83m,2.5,3.3,3.0,42.0168,42.5532,44.4444,45.4545,40.0,42.0168,30.7692,32.2581,31.25,32.2581,30.303,30.7692,33.3333,33.3333,36.3636,33.3333,33.3333,33.3333,H,42.7476,1.9422,31.2679,0.8234,33.8384,1.2371,ScotishPremierLeague
SC0,25/02/2012,Kilmarnock,Hibernian,A,1.91,3.4,4.0,1.87,3.3,4.1,1.85,3.2,3.8,1.91,3.3,4.2,1.8,3.3,3.75,2011/12,€10.10m,€12.90m,2.05,3.4,4.0,52.356,53.4759,55.5556,54.0541,48.7805,52.356,29.4118,30.303,30.303,31.25,29.4118,30.303,25.0,24.3902,26.6667,26.3158,25.0,23.8095,H,52.763,2.2876,30.1638,0.6883,25.197,1.1014,ScotishPremierLeague
SC0,25/02/2012,St Johnstone,Dunfermline,H,1.62,3.75,5.5,1.65,3.6,5.0,1.7,3.4,4.3,1.67,3.5,5.5,1.67,3.3,4.5,2011/12,€12.93m,€9.08m,1.67,3.9,5.5,61.7284,60.6061,59.8802,58.8235,59.8802,59.8802,26.6667,27.7778,30.303,29.4118,25.641,28.5714,18.1818,20.0,22.2222,23.2558,18.1818,18.1818,H,60.1331,0.967,28.062,1.7316,20.0039,2.2564,ScotishPremierLeague
SC0,25/02/2012,St Mirren,Aberdeen,D,2.38,3.25,3.0,2.35,3.2,2.9,2.5,3.1,2.6,2.4,3.25,2.9,2.3,3.0,2.88,2011/12,€8.93m,€12.83m,2.4,3.2,3.2,42.0168,42.5532,43.4783,40.0,41.6667,41.6667,30.7692,31.25,33.3333,32.2581,31.25,30.7692,33.3333,34.4828,34.7222,38.4615,31.25,34.4828,H,41.8969,1.1533,31.605,1.0063,34.4554,2.3518,ScotishPremierLeague
SC0,26/02/2012,Inverness C,Rangers,A,5.5,3.6,1.57,5.0,3.7,1.65,4.8,3.6,1.6,5.0,3.75,1.67,5.0,3.5,1.57,2011/12,€8.08m,€59.90m,5.25,3.75,1.67,18.1818,20.0,20.0,20.8333,19.0476,20.0,27.7778,27.027,28.5714,27.7778,26.6667,26.6667,63.6943,60.6061,63.6943,62.5,59.8802,59.8802,A,19.6771,0.9254,27.4146,0.7578,61.7092,1.8118,ScotishPremierLeague
SC0,03/03/2012,Aberdeen,Celtic,D,6.0,4.0,1.55,6.5,3.9,1.5,5.5,3.8,1.5,7.0,4.0,1.5,6.0,3.8,1.57,2011/12,€12.83m,€66.18m,6.5,4.1,1.55,16.6667,15.3846,16.6667,18.1818,15.3846,14.2857,25.0,25.641,26.3158,26.3158,24.3902,25.0,64.5161,66.6667,63.6943,66.6667,64.5161,66.6667,A,16.095,1.3632,25.4438,0.7828,65.4544,1.3615,ScotishPremierLeague
SC0,03/03/2012,Dunfermline,Motherwell,A,5.0,3.5,1.73,4.5,3.4,1.78,4.3,3.4,1.7,4.5,3.5,1.8,4.5,3.4,1.83,2011/12,€9.08m,€8.53m,5.0,3.5,1.83,20.0,22.2222,22.2222,23.2558,20.0,22.2222,28.5714,29.4118,29.4118,29.4118,28.5714,28.5714,57.8035,56.1798,54.6448,58.8235,54.6448,55.5556,A,21.6537,1.3421,28.9916,0.4603,56.2753,1.7131,ScotishPremierLeague
SC0,03/03/2012,Hibernian,St Mirren,D,2.1,3.4,3.4,2.1,3.2,3.4,2.1,3.1,3.2,2.15,3.3,3.4,2.25,3.1,3.3,2011/12,€12.90m,€8.93m,2.2,3.3,3.5,47.619,47.619,44.4444,47.619,45.4545,46.5116,29.4118,31.25,32.2581,32.2581,30.303,30.303,29.4118,29.4118,30.303,31.25,28.5714,29.4118,H,46.5446,1.3463,30.964,1.1588,29.7266,0.9257,ScotishPremierLeague
SC0,03/03/2012,Kilmarnock,St Johnstone,D,2.75,3.2,2.6,2.6,3.1,2.7,2.4,3.2,2.6,2.5,3.3,2.75,2.9,3.1,2.5,2011/12,€10.10m,€12.93m,2.8,3.3,2.62,36.3636,38.4615,34.4828,41.6667,35.7143,40.0,31.25,32.2581,32.2581,31.25,30.303,30.303,38.4615,37.037,40.0,38.4615,38.1679,36.3636,A,37.7815,2.7439,31.2704,0.8745,38.0819,1.2664,ScotishPremierLeague
SC0,03/03/2012,Rangers,Hearts,A,1.7,3.8,4.75,1.62,3.7,5.25,1.5,3.8,5.5,1.57,3.75,5.0,1.75,3.4,5.0,2011/12,€59.90m,€19.68m,1.7,3.9,5.2,58.8235,61.7284,57.1429,66.6667,58.8235,63.6943,26.3158,27.027,29.4118,26.3158,25.641,26.6667,21.0526,19.0476,20.0,18.1818,19.2308,20.0,H,61.1466,3.5812,26.8964,1.3151,19.5855,0.9881,ScotishPremierLeague
SC0,05/03/2012,Dundee United,Inverness C,H,1.73,3.75,4.5,1.7,3.5,4.75,1.7,3.4,4.3,1.73,3.5,5.0,1.65,3.5,4.4,2011/12,€14.83m,€8.08m,1.7,3.9,5.2,57.8035,58.8235,60.6061,58.8235,58.8235,57.8035,26.6667,28.5714,28.5714,29.4118,25.641,28.5714,22.2222,21.0526,22.7273,23.2558,19.2308,20.0,H,58.7806,1.0244,27.9056,1.4326,21.4148,1.5916,ScotishPremierLeague
SC0,10/03/2012,Inverness C,Kilmarnock,D,2.2,3.25,3.25,2.1,3.3,3.3,2.2,3.1,3.0,2.2,3.25,3.25,2.1,3.2,3.6,2011/12,€8.08m,€10.10m,2.15,3.4,3.5,45.4545,47.619,47.619,45.4545,46.5116,45.4545,30.7692,30.303,31.25,32.2581,29.4118,30.7692,30.7692,30.303,27.7778,33.3333,28.5714,30.7692,H,46.3522,1.0633,30.7936,0.9491,30.254,1.9482,ScotishPremierLeague
SC0,17/03/2012,Dundee United,Rangers,H,2.63,3.4,2.38,2.6,3.45,2.45,2.5,3.1,2.6,2.6,3.4,2.6,2.5,3.5,2.62,2011/12,€14.83m,€59.90m,2.7,3.6,2.6,38.0228,38.4615,40.0,40.0,37.037,38.4615,29.4118,28.9855,28.5714,32.2581,27.7778,29.4118,42.0168,40.8163,38.1679,38.4615,38.4615,38.4615,A,38.6638,1.1585,29.4027,1.527,39.3976,1.6133,ScotishPremierLeague
SC0,17/03/2012,Motherwell,Aberdeen,H,2.15,3.25,3.5,2.15,3.2,3.3,1.9,3.2,3.6,2.1,3.4,3.4,2.2,3.2,3.3,2011/12,€8.53m,€12.83m,2.15,3.4,3.6,46.5116,46.5116,45.4545,52.6316,46.5116,47.619,30.7692,31.25,31.25,31.25,29.4118,29.4118,28.5714,30.303,30.303,27.7778,27.7778,29.4118,H,47.54,2.5866,30.5571,0.9065,29.0241,1.1604,ScotishPremierLeague
SC0,17/03/2012,St Mirren,St Johnstone,A,2.38,3.2,3.0,2.4,3.1,2.95,2.5,3.1,2.6,2.5,3.1,2.88,2.62,3.1,2.8,2011/12,€8.93m,€12.93m,2.63,3.13,2.9,42.0168,41.6667,38.1679,40.0,38.0228,40.0,31.25,32.2581,32.2581,32.2581,31.9489,32.2581,33.3333,33.8983,35.7143,38.4615,34.4828,34.7222,H,39.979,1.6798,32.0385,0.4056,35.1021,1.8312,ScotishPremierLeague
SC0,18/03/2012,Hearts,Hibernian,H,1.83,3.4,4.5,1.83,3.3,4.33,1.75,3.3,4.2,1.8,3.5,4.5,1.91,3.2,4.5,2011/12,€19.68m,€12.90m,1.87,3.5,4.5,54.6448,54.6448,52.356,57.1429,53.4759,55.5556,29.4118,30.303,31.25,30.303,28.5714,28.5714,22.2222,23.0947,22.2222,23.8095,22.2222,22.2222,H,54.6367,1.6538,29.7351,1.0726,22.6322,0.6741,ScotishPremierLeague
SC0,24/03/2012,Aberdeen,Inverness C,A,2.1,3.25,3.5,2.1,3.1,3.6,2.0,3.2,3.3,2.0,3.4,3.75,2.2,3.25,3.3,2011/12,€12.83m,€8.08m,2.15,3.3,3.6,47.619,47.619,45.4545,50.0,46.5116,50.0,30.7692,32.2581,30.7692,31.25,30.303,29.4118,28.5714,27.7778,30.303,30.303,27.7778,26.6667,H,47.8673,1.8374,30.7936,0.9491,28.5666,1.4754,ScotishPremierLeague
SC0,24/03/2012,Dunfermline,St Mirren,D,3.4,3.4,2.1,3.2,3.2,2.2,3.0,3.1,2.2,3.1,3.3,2.3,3.4,3.2,2.2,2011/12,€9.08m,€8.93m,3.5,3.4,2.2,29.4118,31.25,29.4118,33.3333,28.5714,32.2581,29.4118,31.25,31.25,32.2581,29.4118,30.303,47.619,45.4545,45.4545,45.4545,45.4545,43.4783,A,30.7061,1.8716,30.6474,1.1395,45.4859,1.3103,ScotishPremierLeague
SC0,24/03/2012,Hibernian,Dundee United,A,3.5,3.25,2.1,3.4,3.25,2.1,3.2,3.1,2.1,3.2,3.4,2.2,3.6,3.2,2.1,2011/12,€12.90m,€14.83m,3.5,3.5,2.15,28.5714,29.4118,27.7778,31.25,28.5714,31.25,30.7692,30.7692,31.25,32.2581,28.5714,29.4118,47.619,47.619,47.619,47.619,46.5116,45.4545,A,29.4721,1.471,30.505,1.3192,47.0737,0.9085,ScotishPremierLeague
SC0,24/03/2012,Kilmarnock,Motherwell,H,3.2,3.3,2.25,3.2,3.1,2.25,2.7,3.1,2.4,2.9,3.3,2.4,3.2,3.2,2.3,2011/12,€10.10m,€8.53m,3.3,3.3,2.3,31.25,31.25,31.25,37.037,30.303,34.4828,30.303,32.2581,31.25,32.2581,30.303,30.303,44.4444,44.4444,43.4783,41.6667,43.4783,41.6667,A,32.5955,2.6067,31.1125,0.9602,43.1965,1.2613,ScotishPremierLeague
SC0,24/03/2012,St Johnstone,Hearts,H,2.4,3.3,2.9,2.5,3.0,2.9,2.4,3.1,2.7,2.4,3.3,2.9,2.5,3.2,2.8,2011/12,€12.93m,€19.68m,2.5,3.25,3.0,41.6667,40.0,40.0,41.6667,40.0,41.6667,30.303,33.3333,31.25,32.2581,30.7692,30.303,34.4828,34.4828,35.7143,37.037,33.3333,34.4828,H,40.8333,0.9129,31.3694,1.2079,34.9222,1.2809,ScotishPremierLeague
SC0,25/03/2012,Rangers,Celtic,H,3.5,3.5,1.91,3.9,3.3,2.05,3.6,3.2,1.9,3.75,3.4,2.0,3.8,3.3,2.0,2011/12,€59.90m,€66.18m,3.8,3.5,2.0,28.5714,25.641,26.3158,27.7778,26.3158,26.6667,28.5714,30.303,30.303,31.25,28.5714,29.4118,52.356,48.7805,50.0,52.6316,50.0,50.0,A,26.8814,1.0848,29.7351,1.0726,50.628,1.5229,ScotishPremierLeague
SC0,28/03/2012,Inverness C,St Johnstone,A,2.6,3.25,2.7,2.75,3.1,2.55,2.5,3.1,2.6,2.62,3.25,2.75,2.6,3.1,2.8,2011/12,€8.08m,€12.93m,2.7,3.25,2.75,38.4615,36.3636,38.4615,40.0,37.037,38.1679,30.7692,32.2581,32.2581,32.2581,30.7692,30.7692,37.037,39.2157,35.7143,38.4615,36.3636,36.3636,H,38.0819,1.2664,31.5136,0.8155,37.1926,1.3629,ScotishPremierLeague
SC0,31/03/2012,Dundee United,Dunfermline,H,1.36,4.75,8.5,1.42,4.2,7.25,1.4,4.0,6.5,1.4,4.5,8.0,1.4,4.5,8.0,2011/12,€14.83m,€9.08m,1.36,4.8,9.5,73.5294,70.4225,71.4286,71.4286,73.5294,71.4286,21.0526,23.8095,22.2222,25.0,20.8333,22.2222,11.7647,13.7931,12.5,15.3846,10.5263,12.5,H,71.9612,1.2757,22.5233,1.6118,12.7448,1.6775,ScotishPremierLeague
SC0,31/03/2012,Hearts,Aberdeen,H,2.1,3.3,3.5,2.0,3.2,3.75,1.9,3.2,3.6,2.0,3.4,3.75,2.15,3.2,3.6,2011/12,€19.68m,€12.83m,2.1,3.3,3.8,47.619,50.0,46.5116,52.6316,47.619,50.0,30.303,31.25,31.25,31.25,30.303,29.4118,28.5714,26.6667,27.7778,27.7778,26.3158,26.6667,H,49.0635,2.2437,30.628,0.7551,27.296,0.8768,ScotishPremierLeague
SC0,31/03/2012,Motherwell,Rangers,A,3.2,3.4,2.2,3.2,3.2,2.2,2.7,3.1,2.4,3.0,3.4,2.3,2.9,3.4,2.3,2011/12,€8.53m,€59.90m,3.3,3.3,2.25,31.25,31.25,34.4828,37.037,30.303,33.3333,29.4118,31.25,29.4118,32.2581,30.303,29.4118,45.4545,45.4545,43.4783,41.6667,44.4444,43.4783,A,32.9427,2.5293,30.3411,1.1911,43.9961,1.4434,ScotishPremierLeague
SC0,31/03/2012,St Mirren,Kilmarnock,H,2.38,3.2,3.0,2.45,3.1,2.85,2.55,3.1,2.55,2.5,3.2,2.88,2.45,3.0,3.1,2011/12,€8.93m,€10.10m,2.5,3.2,3.1,42.0168,40.8163,40.8163,39.2157,40.0,40.0,31.25,32.2581,33.3333,32.2581,31.25,31.25,33.3333,35.0877,32.2581,39.2157,32.2581,34.7222,H,40.4775,0.9641,31.9332,0.8452,34.4792,2.6093,ScotishPremierLeague
SC0,01/04/2012,Celtic,St Johnstone,H,1.36,4.5,9.0,1.35,4.4,9.0,1.33,4.2,8.0,1.36,4.5,9.0,1.4,4.4,8.5,2011/12,€66.18m,€12.93m,1.36,4.8,9.5,73.5294,74.0741,71.4286,75.188,73.5294,73.5294,22.2222,22.7273,22.7273,23.8095,20.8333,22.2222,11.1111,11.1111,11.7647,12.5,10.5263,11.1111,H,73.5465,1.2214,22.4236,0.9711,11.3541,0.6847,ScotishPremierLeague
SC0,01/04/2012,Inverness C,Hibernian,A,2.1,3.4,3.4,2.1,3.2,3.4,2.1,3.1,3.2,2.2,3.3,3.5,2.15,3.3,3.4,2011/12,€8.08m,€12.90m,2.1,3.4,3.7,47.619,47.619,46.5116,47.619,47.619,45.4545,29.4118,31.25,30.303,32.2581,29.4118,30.303,29.4118,29.4118,29.4118,31.25,27.027,28.5714,H,47.0737,0.9085,30.4896,1.1044,29.1806,1.3749,ScotishPremierLeague
SC0,07/04/2012,Aberdeen,Dundee United,H,3.2,3.4,2.2,3.3,3.2,2.15,3.0,3.1,2.2,3.2,3.4,2.3,3.2,3.1,2.3,2011/12,€12.83m,€14.83m,3.25,3.25,2.4,31.25,30.303,31.25,33.3333,30.7692,31.25,29.4118,31.25,32.2581,32.2581,30.7692,29.4118,45.4545,46.5116,43.4783,45.4545,41.6667,43.4783,A,31.3593,1.0389,30.8932,1.2851,44.3407,1.7794,ScotishPremierLeague
SC0,07/04/2012,Dunfermline,Hearts,A,4.5,3.5,1.8,4.5,3.5,1.75,4.0,3.2,1.8,4.33,3.5,1.83,4.5,3.4,1.83,2011/12,€9.08m,€19.68m,4.5,3.6,1.87,22.2222,22.2222,22.2222,25.0,22.2222,23.0947,28.5714,28.5714,29.4118,31.25,27.7778,28.5714,55.5556,57.1429,54.6448,55.5556,53.4759,54.6448,A,22.8306,1.1186,29.0256,1.2061,55.1699,1.2338,ScotishPremierLeague
SC0,07/04/2012,Kilmarnock,Celtic,A,7.0,4.0,1.5,6.5,3.9,1.5,5.5,3.8,1.5,6.0,4.0,1.53,6.0,3.75,1.57,2011/12,€10.10m,€66.18m,6.5,4.1,1.57,14.2857,15.3846,16.6667,18.1818,15.3846,16.6667,25.0,25.641,26.6667,26.3158,24.3902,25.0,66.6667,66.6667,63.6943,66.6667,63.6943,65.3595,A,16.095,1.3632,25.5023,0.8693,65.458,1.457,ScotishPremierLeague
SC0,07/04/2012,Rangers,St Mirren,H,1.36,4.75,8.0,1.31,4.75,9.5,1.35,4.2,7.5,1.4,4.5,8.0,1.4,4.33,8.0,2011/12,€59.90m,€8.93m,1.4,4.8,8.0,73.5294,76.3359,71.4286,74.0741,71.4286,71.4286,21.0526,21.0526,23.0947,23.8095,20.8333,22.2222,12.5,10.5263,12.5,13.3333,12.5,12.5,H,73.0375,1.9981,22.0108,1.2392,12.3099,0.9352,ScotishPremierLeague
SC0,07/04/2012,St Johnstone,Inverness C,D,2.0,3.4,3.75,2.0,3.3,3.6,1.85,3.2,3.8,1.83,3.6,4.0,2.0,3.4,3.75,2011/12,€12.93m,€8.08m,2.1,3.4,3.8,50.0,50.0,50.0,54.0541,47.619,54.6448,29.4118,30.303,29.4118,31.25,29.4118,27.7778,26.6667,27.7778,26.6667,26.3158,26.3158,25.0,H,51.053,2.7213,29.5944,1.1527,26.4571,0.8939,ScotishPremierLeague
SC0,08/04/2012,Hibernian,Motherwell,D,2.88,3.4,2.38,2.95,3.2,2.35,3.0,3.1,2.2,2.9,3.3,2.38,3.0,3.25,2.38,2011/12,€12.90m,€8.53m,3.0,3.4,2.4,34.7222,33.8983,33.3333,33.3333,33.3333,34.4828,29.4118,31.25,30.7692,32.2581,29.4118,30.303,42.0168,42.5532,42.0168,45.4545,41.6667,42.0168,A,33.8505,0.6268,30.5673,1.1051,42.6208,1.417,ScotishPremierLeague
SC0,21/04/2012,Hearts,Rangers,A,3.2,3.25,2.25,3.2,3.3,2.3,2.7,3.1,2.4,3.0,3.25,2.38,3.3,3.2,2.25,2011/12,€19.68m,€59.90m,3.5,3.4,2.25,31.25,31.25,30.303,37.037,28.5714,33.3333,30.7692,30.303,31.25,32.2581,29.4118,30.7692,44.4444,43.4783,44.4444,41.6667,44.4444,42.0168,A,31.9575,2.9291,30.7936,0.9491,43.4158,1.2802,ScotishPremierLeague
SC0,21/04/2012,Inverness C,Aberdeen,A,2.4,3.3,2.88,2.5,3.1,2.8,2.3,3.1,2.8,2.5,3.2,2.88,2.45,3.25,2.9,2011/12,€8.08m,€12.83m,2.38,3.3,3.12,41.6667,40.0,40.8163,43.4783,42.0168,40.0,30.303,32.2581,30.7692,32.2581,30.303,31.25,34.7222,35.7143,34.4828,35.7143,32.0513,34.7222,H,41.3297,1.3418,31.1902,0.8984,34.5678,1.3429,ScotishPremierLeague
SC0,21/04/2012,St Johnstone,Dundee United,A,2.88,3.3,2.4,2.75,3.25,2.45,2.7,3.1,2.4,2.8,3.3,2.4,3.0,3.25,2.38,2011/12,€12.93m,€14.83m,3.12,3.4,2.38,34.7222,36.3636,33.3333,37.037,32.0513,35.7143,30.303,30.7692,30.7692,32.2581,29.4118,30.303,41.6667,40.8163,42.0168,41.6667,42.0168,41.6667,A,34.8703,1.8957,30.6357,0.9367,41.6417,0.4392,ScotishPremierLeague
SC0,21/04/2012,St Mirren,Dunfermline,D,1.67,3.5,5.5,1.65,3.5,5.25,1.7,3.4,4.3,1.73,3.5,5.0,1.73,3.6,4.8,2011/12,€8.93m,€9.08m,1.7,3.75,5.4,59.8802,60.6061,57.8035,58.8235,58.8235,57.8035,28.5714,28.5714,27.7778,29.4118,26.6667,28.5714,18.1818,19.0476,20.8333,23.2558,18.5185,20.0,H,58.9567,1.1197,28.2618,0.9369,19.9728,1.8814,ScotishPremierLeague
SC0,22/04/2012,Hibernian,Kilmarnock,A,2.25,3.25,3.2,2.3,3.2,3.0,2.2,3.1,3.0,2.3,3.3,3.25,2.25,3.3,3.2,2011/12,€12.90m,€10.10m,2.25,3.5,3.3,44.4444,43.4783,44.4444,45.4545,44.4444,43.4783,30.7692,31.25,30.303,32.2581,28.5714,30.303,31.25,33.3333,31.25,33.3333,30.303,30.7692,H,44.2907,0.741,30.5758,1.2238,31.7065,1.3083,ScotishPremierLeague
SC0,22/04/2012,Motherwell,Celtic,A,5.5,3.75,1.62,5.0,3.6,1.65,4.5,3.5,1.65,5.0,3.75,1.67,5.5,3.75,1.62,2011/12,€8.53m,€66.18m,5.75,3.8,1.7,18.1818,20.0,18.1818,22.2222,17.3913,20.0,26.6667,27.7778,26.6667,28.5714,26.3158,26.6667,61.7284,60.6061,61.7284,60.6061,58.8235,59.8802,A,19.3295,1.7696,27.1108,0.872,60.5621,1.1146,ScotishPremierLeague
SC0,28/04/2012,Dundee United,Hearts,D,1.91,3.4,4.0,2.0,3.25,3.7,2.0,3.2,3.3,2.0,3.3,3.8,2.0,3.3,3.75,2011/12,€14.83m,€19.68m,1.95,3.6,4.0,52.356,50.0,50.0,50.0,51.2821,50.0,29.4118,30.7692,30.303,31.25,27.7778,30.303,25.0,27.027,26.6667,30.303,25.0,26.3158,H,50.6064,0.9989,29.9691,1.2342,26.7188,1.9501,ScotishPremierLeague
SC0,28/04/2012,Dunfermline,Aberdeen,H,3.4,3.2,2.2,3.4,3.4,2.05,2.8,3.1,2.3,3.3,3.3,2.2,3.4,3.25,2.15,2011/12,€9.08m,€12.83m,3.5,3.5,2.15,29.4118,29.4118,29.4118,35.7143,28.5714,30.303,31.25,29.4118,30.7692,32.2581,28.5714,30.303,45.4545,48.7805,46.5116,43.4783,46.5116,45.4545,A,30.4707,2.6266,30.4272,1.3143,46.0318,1.7437,ScotishPremierLeague
SC0,28/04/2012,Kilmarnock,Inverness C,H,2.25,3.25,3.2,2.3,3.1,3.1,2.1,3.1,3.2,2.1,3.3,3.5,2.3,3.25,3.1,2011/12,€10.10m,€8.08m,2.4,3.25,3.12,44.4444,43.4783,43.4783,47.619,41.6667,47.619,30.7692,32.2581,30.7692,32.2581,30.7692,30.303,31.25,32.2581,32.2581,31.25,32.0513,28.5714,H,44.7176,2.4204,31.1878,0.8485,31.2732,1.4033,ScotishPremierLeague
SC0,28/04/2012,Motherwell,St Johnstone,H,2.1,3.3,3.5,2.1,3.2,3.4,2.2,3.1,3.0,2.0,3.4,3.75,2.1,3.25,3.5,2011/12,€8.53m,€12.93m,2.15,3.4,3.5,47.619,47.619,47.619,45.4545,46.5116,50.0,30.303,31.25,30.7692,32.2581,29.4118,29.4118,28.5714,29.4118,28.5714,33.3333,28.5714,26.6667,H,47.4705,1.5132,30.5673,1.1051,29.1877,2.224,ScotishPremierLeague
SC0,29/04/2012,Celtic,Rangers,H,1.73,3.75,4.5,1.78,3.7,4.6,1.85,3.2,3.8,1.8,3.5,4.5,1.8,3.5,4.5,2011/12,€66.18m,€59.90m,1.83,3.7,4.5,57.8035,56.1798,55.5556,54.0541,54.6448,55.5556,26.6667,27.027,28.5714,31.25,27.027,28.5714,22.2222,21.7391,22.2222,26.3158,22.2222,22.2222,H,55.6322,1.3032,28.1856,1.7135,22.824,1.7215,ScotishPremierLeague
SC0,29/04/2012,St Mirren,Hibernian,H,2.4,3.3,2.9,2.3,3.2,3.0,2.4,3.1,2.7,2.38,3.25,3.0,2.3,3.25,3.1,2011/12,€8.93m,€12.90m,2.5,3.4,2.9,41.6667,43.4783,43.4783,41.6667,40.0,42.0168,30.303,31.25,30.7692,32.2581,29.4118,30.7692,34.4828,33.3333,32.2581,37.037,34.4828,33.3333,H,42.0511,1.3098,30.7936,0.9491,34.1546,1.6413,ScotishPremierLeague
SC0,01/05/2012,Hearts,Motherwell,A,2.2,3.3,3.25,2.2,3.1,3.3,2.3,3.1,2.8,2.3,3.25,3.1,2.25,3.25,3.2,2011/12,€19.68m,€8.53m,2.2,3.25,3.5,45.4545,45.4545,44.4444,43.4783,45.4545,43.4783,30.303,32.2581,30.7692,32.2581,30.7692,30.7692,30.7692,30.303,31.25,35.7143,28.5714,32.2581,H,44.6274,0.9723,31.1878,0.8485,31.4777,2.4057,ScotishPremierLeague
SC0,02/05/2012,Aberdeen,Hibernian,A,2.25,3.4,3.1,2.1,3.2,3.4,2.3,3.2,2.7,2.3,3.4,3.1,2.25,3.3,3.1,2011/12,€12.83m,€12.90m,2.3,3.3,3.25,44.4444,47.619,44.4444,43.4783,43.4783,43.4783,29.4118,31.25,30.303,31.25,30.303,29.4118,32.2581,29.4118,32.2581,37.037,30.7692,32.2581,H,44.4904,1.6041,30.3216,0.8222,32.332,2.5738,ScotishPremierLeague
SC0,02/05/2012,Inverness C,Dunfermline,D,1.8,3.5,4.5,1.75,3.6,4.33,1.85,3.3,3.7,1.83,3.5,4.33,1.85,3.5,4.0,2011/12,€8.08m,€9.08m,1.8,3.75,4.5,55.5556,57.1429,54.0541,54.0541,55.5556,54.6448,28.5714,27.7778,28.5714,30.303,26.6667,28.5714,22.2222,23.0947,25.0,27.027,22.2222,23.0947,H,55.1678,1.1795,28.4103,1.1917,23.7768,1.8881,ScotishPremierLeague
SC0,02/05/2012,Kilmarnock,St Mirren,A,2.25,3.4,3.1,2.1,3.2,3.4,2.2,3.1,3.0,2.2,3.4,3.25,2.25,3.3,3.2,2011/12,€10.10m,€8.93m,2.3,3.3,3.25,44.4444,47.619,44.4444,45.4545,43.4783,45.4545,29.4118,31.25,30.303,32.2581,30.303,29.4118,32.2581,29.4118,31.25,33.3333,30.7692,30.7692,H,45.1492,1.4193,30.4896,1.1044,31.2986,1.3553,ScotishPremierLeague
SC0,02/05/2012,Rangers,Dundee United,H,1.67,3.8,5.0,1.65,3.8,4.75,1.6,3.6,4.8,1.67,3.6,5.5,1.67,3.6,5.5,2011/12,€59.90m,€14.83m,1.67,4.0,5.5,59.8802,60.6061,59.8802,62.5,59.8802,59.8802,26.3158,26.3158,27.7778,27.7778,25.0,27.7778,20.0,21.0526,18.1818,20.8333,18.1818,18.1818,H,60.4378,1.0512,26.8275,1.1465,19.4052,1.3854,ScotishPremierLeague
SC0,03/05/2012,Celtic,St Johnstone,H,1.29,5.0,11.0,1.33,4.5,9.5,1.3,4.4,8.5,1.36,4.5,9.0,1.36,4.5,9.0,2011/12,€66.18m,€12.93m,1.33,5.0,11.0,77.5194,75.188,73.5294,76.9231,75.188,73.5294,20.0,22.2222,22.2222,22.7273,20.0,22.2222,9.0909,10.5263,11.1111,11.7647,9.0909,11.1111,H,75.3129,1.6646,21.5657,1.2284,10.4492,1.1227,ScotishPremierLeague
SC0,05/05/2012,Kilmarnock,Aberdeen,D,2.3,3.4,3.0,2.2,3.2,3.2,2.1,3.1,3.2,2.2,3.4,3.2,2.5,3.1,2.9,2011/12,€10.10m,€12.83m,2.45,3.3,3.12,43.4783,45.4545,40.0,47.619,40.8163,45.4545,29.4118,31.25,32.2581,32.2581,30.303,29.4118,33.3333,31.25,34.4828,31.25,32.0513,31.25,H,43.8038,2.9498,30.8155,1.308,32.2696,1.3562,ScotishPremierLeague
SC0,05/05/2012,Rangers,Motherwell,D,1.62,3.75,5.5,1.6,3.8,5.25,1.6,3.6,4.8,1.62,3.75,5.5,1.62,3.75,5.5,2011/12,€59.90m,€8.53m,1.6,4.1,6.25,61.7284,62.5,61.7284,62.5,62.5,61.7284,26.6667,26.3158,26.6667,27.7778,24.3902,26.6667,18.1818,19.0476,18.1818,20.8333,16.0,18.1818,H,62.1142,0.4226,26.414,1.1097,18.4044,1.5648,ScotishPremierLeague
SC0,05/05/2012,St Mirren,Inverness C,A,2.3,3.4,3.0,2.2,3.2,3.2,2.1,3.1,3.2,2.25,3.4,3.2,2.4,3.1,3.1,2011/12,€8.93m,€8.08m,2.3,3.5,3.2,43.4783,45.4545,41.6667,47.619,43.4783,44.4444,29.4118,31.25,32.2581,32.2581,28.5714,29.4118,33.3333,31.25,32.2581,31.25,31.25,31.25,H,44.3569,2.0315,30.5269,1.6017,31.7652,0.8676,ScotishPremierLeague
SC0,06/05/2012,Dundee United,Celtic,H,4.5,3.5,1.8,4.1,3.6,1.8,4.2,3.3,1.75,3.75,3.5,1.73,4.33,3.2,1.91,2011/12,€14.83m,€66.18m,4.4,3.6,1.9,22.2222,24.3902,23.0947,23.8095,22.7273,26.6667,28.5714,27.7778,31.25,30.303,27.7778,28.5714,55.5556,55.5556,52.356,57.1429,52.6316,57.8035,A,23.8184,1.5939,29.0419,1.4216,55.1742,2.2577,ScotishPremierLeague
SC0,06/05/2012,Hearts,St Johnstone,H,2.0,3.6,3.5,2.1,3.1,3.5,1.9,3.2,3.6,2.0,3.4,3.0,2.1,3.1,3.75,2011/12,€19.68m,€12.93m,2.0,3.5,4.0,50.0,47.619,47.619,52.6316,50.0,50.0,27.7778,32.2581,32.2581,31.25,28.5714,29.4118,28.5714,28.5714,26.6667,27.7778,25.0,33.3333,H,49.6449,1.8712,30.2545,1.9337,28.3201,2.8039,ScotishPremierLeague
SC0,07/05/2012,Hibernian,Dunfermline,H,1.83,3.5,4.33,1.8,3.5,4.2,1.9,3.2,3.6,1.83,3.4,3.5,1.91,3.2,4.33,2011/12,€12.90m,€9.08m,1.87,3.5,4.8,54.6448,55.5556,52.356,52.6316,53.4759,54.6448,28.5714,28.5714,31.25,31.25,28.5714,29.4118,23.0947,23.8095,23.0947,27.7778,20.8333,28.5714,H,53.8848,1.2666,29.6043,1.3156,24.5302,3.0062,ScotishPremierLeague
SC0,12/05/2012,Aberdeen,St Mirren,D,2.0,3.3,3.75,2.15,3.1,3.4,2.1,3.1,3.2,2.1,3.2,3.4,2.2,3.2,3.4,2011/12,€12.83m,€8.93m,2.15,3.3,3.7,50.0,46.5116,45.4545,47.619,46.5116,47.619,30.303,32.2581,31.25,32.2581,30.303,31.25,26.6667,29.4118,29.4118,31.25,27.027,29.4118,H,47.2859,1.5583,31.2704,0.8745,28.8632,1.7202,ScotishPremierLeague
SC0,12/05/2012,Dunfermline,Kilmarnock,A,3.2,3.3,2.25,2.9,3.3,2.3,2.7,3.2,2.3,3.0,3.25,2.38,2.62,3.2,2.3,2011/12,€9.08m,€10.10m,3.1,3.5,2.3,31.25,34.4828,38.1679,37.037,32.2581,33.3333,30.303,30.303,31.25,31.25,28.5714,30.7692,44.4444,43.4783,43.4783,43.4783,43.4783,42.0168,A,34.4215,2.713,30.4078,0.9943,43.3957,0.7783,ScotishPremierLeague
SC0,12/05/2012,Inverness C,Hibernian,H,2.1,3.4,3.4,2.15,3.3,3.2,2.1,3.1,3.2,2.1,3.4,3.2,2.15,3.2,3.5,2011/12,€8.08m,€12.90m,2.05,3.5,3.7,47.619,46.5116,46.5116,47.619,48.7805,47.619,29.4118,30.303,31.25,32.2581,28.5714,29.4118,29.4118,31.25,28.5714,31.25,27.027,31.25,H,47.4435,0.8505,30.201,1.3597,29.7934,1.7696,ScotishPremierLeague
SC0,13/05/2012,Celtic,Hearts,H,1.33,5.0,9.0,1.31,4.75,9.5,1.37,4.1,7.5,1.36,4.33,9.0,1.36,4.5,9.0,2011/12,€66.18m,€19.68m,1.36,5.0,9.5,75.188,76.3359,73.5294,72.9927,73.5294,73.5294,20.0,21.0526,22.2222,24.3902,20.0,23.0947,11.1111,10.5263,11.1111,13.3333,10.5263,11.1111,H,74.1841,1.2918,21.7933,1.7665,11.2865,1.0428,ScotishPremierLeague
SC0,13/05/2012,Motherwell,Dundee United,A,2.5,3.3,2.8,2.55,3.2,2.65,2.2,3.1,3.0,2.5,3.25,2.8,2.5,3.25,2.8,2011/12,€8.53m,€14.83m,2.6,3.4,2.75,40.0,39.2157,40.0,45.4545,38.4615,40.0,30.303,31.25,30.7692,32.2581,29.4118,30.7692,35.7143,37.7358,35.7143,33.3333,36.3636,35.7143,H,40.5219,2.494,30.7936,0.9491,35.7626,1.4257,ScotishPremierLeague
SC0,13/05/2012,St Johnstone,Rangers,A,4.2,3.25,1.91,3.8,3.4,1.91,3.5,3.3,1.9,3.75,3.5,1.95,4.2,3.2,1.95,2011/12,€12.93m,€59.90m,4.1,3.7,1.9,23.8095,26.3158,23.8095,28.5714,24.3902,26.6667,30.7692,29.4118,31.25,30.303,27.027,28.5714,52.356,52.356,51.2821,52.6316,52.6316,51.2821,A,25.5938,1.916,29.5554,1.5675,52.0899,0.6377,ScotishPremierLeague
SC0,04/08/2012,Celtic,Aberdeen,H,1.25,5.5,12.0,1.2,5.25,13.0,1.22,5.2,10.5,1.25,5.5,12.0,1.3,5.0,11.0,2012/13,€69.28m,€9.75m,1.29,5.75,13.0,80.0,83.3333,76.9231,81.9672,77.5194,80.0,18.1818,19.0476,20.0,19.2308,17.3913,18.1818,8.3333,7.6923,9.0909,9.5238,7.6923,8.3333,H,79.9572,2.4735,18.6722,0.9314,8.4443,0.7401,ScotishPremierLeague
SC0,04/08/2012,Hearts,St Johnstone,H,1.95,3.3,4.0,2.05,3.1,3.5,1.85,3.3,3.7,1.91,3.3,4.2,2.1,3.25,3.6,2012/13,€11.93m,€10.25m,2.05,3.4,4.1,51.2821,48.7805,47.619,54.0541,48.7805,52.356,30.303,32.2581,30.7692,30.303,29.4118,30.303,25.0,28.5714,27.7778,27.027,24.3902,23.8095,H,50.4787,2.4859,30.558,0.9427,26.096,1.9576,ScotishPremierLeague
SC0,04/08/2012,Kilmarnock,Dundee,D,2.0,3.4,3.75,1.85,3.3,3.9,2.0,3.2,3.3,2.0,3.4,3.75,1.83,3.2,3.75,2012/13,€9.30m,€6.75m,2.05,3.5,3.9,50.0,54.0541,54.6448,50.0,48.7805,50.0,29.4118,30.303,31.25,31.25,28.5714,29.4118,26.6667,25.641,26.6667,30.303,25.641,26.6667,H,51.2466,2.4566,30.033,1.0902,26.9308,1.7267,ScotishPremierLeague
SC0,04/08/2012,Ross County,Motherwell,D,2.7,3.2,2.63,2.65,3.1,2.5,2.6,3.2,2.4,2.75,3.3,2.5,2.75,3.3,2.5,2012/13,€8.00m,€10.60m,2.75,3.3,2.75,37.037,37.7358,36.3636,38.4615,36.3636,36.3636,31.25,32.2581,30.303,31.25,30.303,30.303,38.0228,40.0,40.0,41.6667,36.3636,40.0,A,37.0542,0.8805,30.9445,0.7933,39.3422,1.8609,ScotishPremierLeague
SC0,04/08/2012,St Mirren,Inverness C,D,2.38,3.25,3.0,2.3,3.1,2.9,2.3,3.1,2.8,2.38,3.25,3.0,2.3,3.3,3.1,2012/13,€9.45m,€6.65m,2.4,3.3,3.2,42.0168,43.4783,43.4783,43.4783,41.6667,42.0168,30.7692,32.2581,30.303,32.2581,30.303,30.7692,33.3333,34.4828,32.2581,35.7143,31.25,33.3333,H,42.6892,0.8738,31.1101,0.9134,33.3953,1.5788,ScotishPremierLeague
SC0,05/08/2012,Dundee United,Hibernian,H,1.67,3.75,5.0,1.7,3.5,4.4,1.65,3.5,4.5,1.67,3.8,5.0,1.67,3.8,5.0,2012/13,€8.13m,€11.20m,1.67,4.0,5.5,59.8802,58.8235,59.8802,60.6061,59.8802,59.8802,26.6667,28.5714,26.3158,28.5714,25.0,26.3158,20.0,22.7273,20.0,22.2222,18.1818,20.0,H,59.8251,0.5701,26.9068,1.4095,20.5219,1.6762,ScotishPremierLeague
SC0,11/08/2012,Aberdeen,Ross County,D,1.91,3.4,4.0,1.83,3.2,4.1,1.7,3.4,4.3,1.8,3.5,4.5,2.0,3.1,4.2,2012/13,€9.75m,€8.00m,1.98,3.4,4.2,52.356,54.6448,50.0,58.8235,50.5051,55.5556,29.4118,31.25,32.2581,29.4118,29.4118,28.5714,25.0,24.3902,23.8095,23.2558,23.8095,22.2222,H,53.6475,3.3548,30.0525,1.3945,23.7479,0.9548,ScotishPremierLeague
SC0,11/08/2012,Dundee,St Mirren,A,2.5,3.25,2.8,2.4,3.1,2.75,2.3,3.1,2.8,2.6,3.2,2.75,2.62,3.1,2.8,2012/13,€6.75m,€9.45m,2.62,3.25,2.8,40.0,41.6667,38.1679,43.4783,38.1679,38.4615,30.7692,32.2581,32.2581,32.2581,30.7692,31.25,35.7143,36.3636,35.7143,35.7143,35.7143,36.3636,H,39.9904,2.1889,31.5938,0.7486,35.9307,0.3353,ScotishPremierLeague
SC0,11/08/2012,Inverness C,Kilmarnock,D,2.25,3.25,3.2,2.3,3.1,2.9,2.2,3.1,3.0,2.25,3.25,3.2,2.38,3.2,3.0,2012/13,€6.65m,€9.30m,2.3,3.3,3.3,44.4444,43.4783,42.0168,45.4545,43.4783,44.4444,30.7692,32.2581,31.25,32.2581,30.303,30.7692,31.25,34.4828,33.3333,33.3333,30.303,31.25,H,43.8861,1.1756,31.2679,0.8234,32.3254,1.618,ScotishPremierLeague
SC0,11/08/2012,Motherwell,St Johnstone,D,2.1,3.3,3.5,2.1,3.1,3.3,1.8,3.3,3.9,2.05,3.3,3.6,2.25,3.2,3.3,2012/13,€10.60m,€10.25m,2.2,3.3,3.5,47.619,47.619,44.4444,55.5556,45.4545,48.7805,30.303,32.2581,31.25,30.303,30.303,30.303,28.5714,30.303,30.303,25.641,28.5714,27.7778,H,48.2455,3.9178,30.7867,0.8143,28.5279,1.7437,ScotishPremierLeague
SC0,12/08/2012,Hibernian,Hearts,D,3.25,3.3,2.2,3.2,3.1,2.15,2.75,3.2,2.3,3.2,3.25,2.25,3.3,3.1,2.3,2012/13,€11.20m,€11.93m,3.5,3.3,2.25,30.7692,31.25,30.303,36.3636,28.5714,31.25,30.303,32.2581,32.2581,31.25,30.303,30.7692,45.4545,46.5116,43.4783,43.4783,44.4444,44.4444,A,31.4179,2.6185,31.1902,0.8984,44.6353,1.1783,ScotishPremierLeague
SC0,18/08/2012,Hearts,Inverness C,D,1.91,3.3,4.2,1.95,3.2,3.6,1.8,3.2,4.0,1.91,3.2,4.33,1.91,3.4,4.0,2012/13,€11.93m,€6.65m,1.95,3.5,4.2,52.356,51.2821,52.356,55.5556,51.2821,52.356,30.303,31.25,29.4118,31.25,28.5714,31.25,23.8095,27.7778,25.0,25.0,23.8095,23.0947,H,52.5313,1.5722,30.3394,1.138,24.7486,1.6614,ScotishPremierLeague
SC0,18/08/2012,Kilmarnock,Motherwell,A,2.7,3.25,2.6,2.5,3.0,2.7,2.5,3.1,2.6,2.6,3.25,2.7,2.62,3.25,2.7,2012/13,€9.30m,€10.60m,2.7,3.3,2.75,37.037,40.0,38.1679,40.0,37.037,38.4615,30.7692,33.3333,30.7692,32.2581,30.303,30.7692,38.4615,37.037,37.037,38.4615,36.3636,37.037,No Consensus,38.4506,1.3325,31.367,1.1717,37.3996,0.8629,ScotishPremierLeague
SC0,18/08/2012,Ross County,Celtic,D,7.5,4.2,1.44,7.25,4.0,1.4,6.5,4.0,1.4,7.0,4.33,1.44,8.0,4.2,1.44,2012/13,€8.00m,€69.28m,8.0,4.4,1.45,13.3333,13.7931,12.5,15.3846,12.5,14.2857,23.8095,25.0,23.8095,25.0,22.7273,23.0947,69.4444,71.4286,69.4444,71.4286,68.9655,69.4444,A,13.6328,1.1115,23.9068,0.9444,70.026,1.1022,ScotishPremierLeague
SC0,18/08/2012,St Johnstone,Aberdeen,A,2.2,3.2,3.4,2.2,3.1,3.1,2.35,3.1,2.75,2.25,3.25,3.2,2.2,3.1,3.5,2012/13,€10.25m,€9.75m,2.25,3.25,3.4,45.4545,45.4545,45.4545,42.5532,44.4444,44.4444,31.25,32.2581,32.2581,32.2581,30.7692,30.7692,29.4118,32.2581,28.5714,36.3636,29.4118,31.25,H,44.6343,1.1333,31.5938,0.7486,31.2111,2.8667,ScotishPremierLeague
SC0,18/08/2012,St Mirren,Hibernian,A,2.2,3.2,3.4,2.15,3.1,3.2,2.2,3.1,3.0,2.25,3.25,3.2,2.3,3.2,3.2,2012/13,€9.45m,€11.20m,2.25,3.3,3.4,45.4545,46.5116,43.4783,45.4545,44.4444,44.4444,31.25,32.2581,31.25,32.2581,30.303,30.7692,29.4118,31.25,31.25,33.3333,29.4118,31.25,H,44.9646,1.0605,31.3481,0.7878,30.9845,1.4612,ScotishPremierLeague
SC0,19/08/2012,Dundee United,Dundee,H,1.44,4.2,7.5,1.48,3.8,6.25,1.55,3.7,5.0,1.53,3.75,7.0,1.5,4.0,7.0,2012/13,€8.13m,€6.75m,1.45,4.4,8.0,69.4444,67.5676,66.6667,64.5161,68.9655,65.3595,23.8095,26.3158,25.0,27.027,22.7273,26.6667,13.3333,16.0,14.2857,20.0,12.5,14.2857,H,67.0866,1.9538,25.2577,1.7206,15.0674,2.6841,ScotishPremierLeague
SC0,25/08/2012,Dundee,Ross County,A,2.88,3.3,2.4,2.8,3.0,2.45,2.6,3.1,2.5,2.75,3.3,2.5,2.6,3.1,2.4,2012/13,€6.75m,€8.00m,3.1,3.25,2.45,34.7222,35.7143,38.4615,38.4615,32.2581,36.3636,30.303,33.3333,32.2581,32.2581,30.7692,30.303,41.6667,40.8163,41.6667,40.0,40.8163,40.0,A,35.9969,2.365,31.5375,1.2571,40.8277,0.7454,ScotishPremierLeague
SC0,25/08/2012,Hibernian,St Johnstone,H,2.38,3.25,3.0,2.45,3.1,2.7,2.4,3.1,2.7,2.38,3.25,3.0,2.4,3.1,2.6,2012/13,€11.20m,€10.25m,2.5,3.3,3.0,42.0168,40.8163,41.6667,41.6667,40.0,42.0168,30.7692,32.2581,32.2581,32.2581,30.303,30.7692,33.3333,37.037,38.4615,37.037,33.3333,33.3333,H,41.3639,0.7995,31.436,0.9166,35.4226,2.347,ScotishPremierLeague
SC0,25/08/2012,Inverness C,Celtic,A,7.0,4.0,1.5,6.0,3.75,1.5,4.5,3.5,1.65,7.0,4.0,1.5,5.5,3.6,1.5,2012/13,€6.65m,€69.28m,7.0,4.2,1.53,14.2857,16.6667,18.1818,22.2222,14.2857,14.2857,25.0,26.6667,27.7778,28.5714,23.8095,25.0,66.6667,66.6667,66.6667,60.6061,65.3595,66.6667,A,16.6546,3.1675,26.1376,1.8386,65.4387,2.4246,ScotishPremierLeague
SC0,25/08/2012,Kilmarnock,Dundee United,H,3.8,3.5,1.95,3.5,3.2,2.0,3.3,3.2,2.0,3.75,3.3,2.0,3.3,3.1,2.0,2012/13,€9.30m,€8.13m,3.9,3.5,2.0,26.3158,28.5714,30.303,30.303,25.641,26.6667,28.5714,31.25,32.2581,31.25,28.5714,30.303,51.2821,50.0,50.0,50.0,50.0,50.0,A,27.9668,2.0546,30.3673,1.5224,50.2137,0.5234,ScotishPremierLeague
SC0,26/08/2012,Aberdeen,Hearts,D,2.5,3.25,2.8,2.45,3.1,2.7,2.55,3.1,2.55,2.4,3.25,2.88,2.4,2.9,2.8,2012/13,€9.75m,€11.93m,2.6,3.2,2.9,40.0,40.8163,41.6667,39.2157,38.4615,41.6667,30.7692,32.2581,34.4828,32.2581,31.25,30.7692,35.7143,37.037,35.7143,39.2157,34.4828,34.7222,H,40.3045,1.3151,31.9646,1.4059,36.1477,1.754,ScotishPremierLeague
SC0,26/08/2012,Motherwell,St Mirren,D,1.83,3.5,4.2,1.85,3.25,4.0,1.85,3.2,3.8,1.83,3.5,4.33,1.83,3.2,3.75,2012/13,€10.60m,€9.45m,1.98,3.4,4.2,54.6448,54.0541,54.6448,54.0541,50.5051,54.6448,28.5714,30.7692,31.25,31.25,29.4118,28.5714,23.8095,25.0,26.6667,26.3158,23.8095,23.0947,H,53.7579,1.6196,29.9706,1.2759,24.7827,1.4622,ScotishPremierLeague
SC0,01/09/2012,Aberdeen,St Mirren,D,2.05,3.4,3.5,1.91,3.1,3.9,2.1,3.1,3.2,2.05,3.3,3.6,2.15,3.2,3.6,2012/13,€9.75m,€9.45m,2.1,3.3,3.75,48.7805,52.356,46.5116,47.619,47.619,48.7805,29.4118,32.2581,31.25,32.2581,30.303,30.303,28.5714,25.641,27.7778,31.25,26.6667,27.7778,H,48.6111,2.0228,30.964,1.1588,27.9475,1.9138,ScotishPremierLeague
SC0,01/09/2012,Celtic,Hibernian,D,1.2,6.0,15.0,1.2,5.5,12.0,1.2,5.2,11.0,1.22,6.0,13.0,1.22,6.0,13.0,2012/13,€69.28m,€11.20m,1.22,6.0,17.0,83.3333,83.3333,81.9672,83.3333,81.9672,81.9672,16.6667,18.1818,16.6667,19.2308,16.6667,16.6667,6.6667,8.3333,7.6923,9.0909,5.8824,7.6923,H,82.6502,0.7482,17.3466,1.1042,7.5596,1.148,ScotishPremierLeague
SC0,01/09/2012,Ross County,Kilmarnock,D,2.0,3.3,3.8,2.1,3.1,3.3,2.1,3.1,3.2,2.1,3.3,3.5,2.1,3.25,3.6,2012/13,€8.00m,€9.30m,2.1,3.3,3.9,50.0,47.619,47.619,47.619,47.619,47.619,30.303,32.2581,30.7692,32.2581,30.303,30.303,26.3158,30.303,27.7778,31.25,25.641,28.5714,H,48.0158,0.972,31.0324,0.9664,28.3098,2.194,ScotishPremierLeague
SC0,01/09/2012,St Johnstone,Dundee United,D,3.6,3.2,2.1,3.3,3.2,2.05,3.3,3.2,2.0,3.5,3.3,2.1,3.6,3.4,2.05,2012/13,€10.25m,€8.13m,3.75,3.5,2.05,27.7778,30.303,27.7778,30.303,26.6667,28.5714,31.25,31.25,29.4118,31.25,28.5714,30.303,47.619,48.7805,48.7805,50.0,48.7805,47.619,A,28.5666,1.4754,30.3394,1.138,48.5966,0.8925,ScotishPremierLeague
SC0,02/09/2012,Hearts,Dundee,A,1.4,4.33,8.5,1.5,3.75,6.0,1.4,4.0,6.5,1.5,4.0,7.0,1.5,4.0,7.0,2012/13,€11.93m,€6.75m,1.45,4.2,8.5,71.4286,66.6667,66.6667,71.4286,68.9655,66.6667,23.0947,26.6667,25.0,25.0,23.8095,25.0,11.7647,16.6667,14.2857,15.3846,11.7647,14.2857,H,68.6371,2.3384,24.7618,1.2235,14.0254,1.9586,ScotishPremierLeague
SC0,02/09/2012,Motherwell,Inverness C,H,2.1,3.25,3.6,1.95,3.2,3.6,2.0,3.2,3.3,2.0,3.3,3.75,2.25,3.3,3.2,2012/13,€10.60m,€6.65m,2.2,3.3,3.5,47.619,51.2821,44.4444,50.0,45.4545,50.0,30.7692,31.25,30.303,31.25,30.303,30.303,27.7778,27.7778,31.25,30.303,28.5714,26.6667,H,48.1333,2.7544,30.6964,0.4653,28.7244,1.7274,ScotishPremierLeague
SC0,14/09/2012,Dundee United,Ross County,D,1.62,3.75,5.5,1.65,3.5,4.75,1.65,3.5,4.5,1.67,3.75,5.0,1.6,3.75,6.0,2012/13,€8.13m,€8.00m,1.65,3.75,6.0,61.7284,60.6061,62.5,60.6061,60.6061,59.8802,26.6667,28.5714,26.6667,28.5714,26.6667,26.6667,18.1818,21.0526,16.6667,22.2222,16.6667,20.0,H,60.9878,0.9486,27.3016,0.9836,19.1317,2.3259,ScotishPremierLeague
SC0,15/09/2012,Dundee,Motherwell,A,3.5,3.3,2.1,3.5,3.1,2.05,3.1,3.1,2.15,3.5,3.25,2.1,3.4,3.25,2.1,2012/13,€6.75m,€10.60m,3.8,3.4,2.1,28.5714,28.5714,29.4118,32.2581,26.3158,28.5714,30.303,32.2581,30.7692,32.2581,29.4118,30.7692,47.619,48.7805,47.619,46.5116,47.619,47.619,A,28.95,1.9249,30.9616,1.12,47.628,0.7176,ScotishPremierLeague
SC0,15/09/2012,Hibernian,Kilmarnock,H,2.25,3.25,3.2,2.1,3.1,3.3,2.1,3.1,3.2,2.2,3.3,3.3,2.2,3.1,3.3,2012/13,€11.20m,€9.30m,2.3,3.3,3.4,44.4444,47.619,45.4545,47.619,43.4783,45.4545,30.7692,32.2581,32.2581,32.2581,30.303,30.303,31.25,30.303,30.303,31.25,29.4118,30.303,H,45.6783,1.673,31.3582,1.0003,30.4701,0.6957,ScotishPremierLeague
SC0,15/09/2012,Inverness C,Aberdeen,D,2.8,3.25,2.5,2.55,3.2,2.55,2.4,3.1,2.7,2.6,3.3,2.62,2.5,3.25,2.62,2012/13,€6.65m,€9.75m,2.9,3.3,2.6,35.7143,39.2157,40.0,41.6667,34.4828,38.4615,30.7692,31.25,30.7692,32.2581,30.303,30.303,40.0,39.2157,38.1679,37.037,38.4615,38.1679,A,38.2568,2.6957,30.9421,0.7353,38.5083,1.0123,ScotishPremierLeague
SC0,15/09/2012,St Johnstone,Celtic,H,9.0,4.5,1.36,7.25,4.0,1.4,5.5,3.8,1.5,8.0,4.33,1.4,7.5,4.0,1.44,2012/13,€10.25m,€69.28m,8.0,4.6,1.4,11.1111,13.7931,13.3333,18.1818,12.5,12.5,22.2222,25.0,25.0,26.3158,21.7391,23.0947,73.5294,71.4286,69.4444,66.6667,71.4286,71.4286,A,13.5699,2.4376,23.8953,1.8105,70.6544,2.3422,ScotishPremierLeague
SC0,15/09/2012,St Mirren,Hearts,H,2.7,3.2,2.63,2.8,3.0,2.45,2.7,3.1,2.4,2.8,3.25,2.5,2.75,3.1,2.5,2012/13,€9.45m,€11.93m,2.75,3.25,2.75,37.037,35.7143,36.3636,37.037,36.3636,35.7143,31.25,33.3333,32.2581,32.2581,30.7692,30.7692,38.0228,40.8163,40.0,41.6667,36.3636,40.0,A,36.3716,0.5916,31.773,1.0192,39.4782,1.9465,ScotishPremierLeague
SC0,22/09/2012,Celtic,Dundee,H,1.2,6.5,13.0,1.16,6.25,13.0,1.18,5.7,12.0,1.17,6.0,11.0,1.2,5.5,19.0,2012/13,€69.28m,€6.75m,1.2,7.0,15.0,83.3333,86.2069,83.3333,84.7458,83.3333,85.4701,15.3846,16.0,18.1818,17.5439,14.2857,16.6667,7.6923,7.6923,5.2632,8.3333,6.6667,9.0909,H,84.4038,1.2604,16.3438,1.4281,7.4564,1.3406,ScotishPremierLeague
SC0,22/09/2012,Dundee United,Hearts,A,2.0,3.3,3.75,2.0,3.25,3.4,1.9,3.2,3.6,2.0,3.2,3.2,2.1,3.1,3.75,2012/13,€8.13m,€11.93m,2.0,3.4,4.2,50.0,50.0,47.619,52.6316,50.0,50.0,30.303,30.7692,32.2581,31.25,29.4118,31.25,26.6667,29.4118,26.6667,27.7778,23.8095,31.25,H,50.0418,1.5864,30.8737,0.9668,27.5971,2.5592,ScotishPremierLeague
SC0,22/09/2012,Hibernian,Inverness C,D,2.1,3.4,3.4,2.1,3.1,3.3,2.0,3.2,3.3,1.8,3.3,3.75,2.3,3.1,3.3,2012/13,€11.20m,€6.65m,2.2,3.5,3.3,47.619,47.619,43.4783,50.0,45.4545,55.5556,29.4118,32.2581,32.2581,31.25,28.5714,30.303,29.4118,30.303,30.303,30.303,30.303,26.6667,H,48.2877,4.1906,30.6754,1.5167,29.5484,1.4561,ScotishPremierLeague
SC0,22/09/2012,Kilmarnock,St Mirren,H,2.5,3.25,2.8,2.3,3.25,2.8,2.2,3.1,3.0,2.2,3.2,2.8,2.5,3.0,3.0,2012/13,€9.30m,€9.45m,2.45,3.25,3.0,40.0,43.4783,40.0,45.4545,40.8163,45.4545,30.7692,30.7692,33.3333,32.2581,30.7692,31.25,35.7143,35.7143,33.3333,33.3333,33.3333,35.7143,H,42.5339,2.5978,31.5248,1.058,34.5238,1.3041,ScotishPremierLeague
SC0,22/09/2012,Ross County,St Johnstone,A,2.38,3.25,3.0,2.2,3.2,3.0,2.2,3.1,3.0,2.2,3.2,2.8,2.5,3.0,3.0,2012/13,€8.00m,€10.25m,2.5,3.2,3.0,42.0168,45.4545,40.0,45.4545,40.0,45.4545,30.7692,31.25,33.3333,32.2581,31.25,31.25,33.3333,33.3333,33.3333,33.3333,33.3333,35.7143,H,43.0634,2.7209,31.6851,0.9436,33.7301,0.972,ScotishPremierLeague
SC0,23/09/2012,Aberdeen,Motherwell,D,2.3,3.25,3.1,2.25,3.2,2.9,2.2,3.1,3.0,2.38,3.1,2.62,2.5,3.0,3.0,2012/13,€9.75m,€10.60m,2.4,3.2,3.2,43.4783,44.4444,40.0,45.4545,41.6667,42.0168,30.7692,31.25,33.3333,32.2581,31.25,32.2581,32.2581,34.4828,33.3333,33.3333,31.25,38.1679,H,42.8434,1.9968,31.8531,0.9404,33.8042,2.4025,ScotishPremierLeague
SC0,29/09/2012,Aberdeen,Hibernian,H,2.0,3.3,3.8,2.1,3.2,3.2,2.1,3.1,3.2,2.2,3.3,3.3,2.15,3.2,3.5,2012/13,€9.75m,€11.20m,2.1,3.5,3.7,50.0,47.619,46.5116,47.619,47.619,45.4545,30.303,31.25,31.25,32.2581,28.5714,30.303,26.3158,31.25,28.5714,31.25,27.027,30.303,H,47.4705,1.5132,30.6559,1.2544,29.1195,2.1456,ScotishPremierLeague
SC0,29/09/2012,Dundee,St Johnstone,A,3.3,3.3,2.2,3.2,3.2,2.1,3.2,3.1,2.1,3.3,3.3,2.2,3.2,3.2,2.3,2012/13,€6.75m,€10.25m,3.5,3.25,2.25,30.303,31.25,31.25,31.25,28.5714,30.303,30.303,31.25,31.25,32.2581,30.7692,30.303,45.4545,47.619,43.4783,47.619,44.4444,45.4545,A,30.4879,1.0473,31.0222,0.7389,45.6783,1.673,ScotishPremierLeague
SC0,29/09/2012,Hearts,Kilmarnock,A,1.91,3.4,4.0,1.85,3.4,3.75,1.9,3.2,3.6,1.91,3.4,4.0,2.05,3.2,3.75,2012/13,€11.93m,€9.30m,2.0,3.4,4.2,52.356,54.0541,48.7805,52.6316,50.0,52.356,29.4118,29.4118,31.25,31.25,29.4118,29.4118,25.0,26.6667,26.6667,27.7778,23.8095,25.0,H,51.6964,1.9331,30.0245,0.9492,25.8201,1.4597,ScotishPremierLeague
SC0,29/09/2012,Inverness C,Dundee United,H,3.0,3.25,2.38,2.9,3.2,2.25,2.8,3.1,2.3,3.0,3.25,2.3,3.1,3.1,2.4,2012/13,€6.65m,€8.13m,3.12,3.4,2.3,33.3333,34.4828,32.2581,35.7143,32.0513,33.3333,30.7692,31.25,32.2581,32.2581,29.4118,30.7692,42.0168,44.4444,41.6667,43.4783,43.4783,43.4783,A,33.5288,1.3828,31.1194,1.0744,43.0938,1.0454,ScotishPremierLeague
SC0,29/09/2012,Motherwell,Celtic,A,5.5,4.0,1.57,5.0,3.6,1.6,4.3,3.4,1.7,4.5,3.5,1.62,5.5,3.5,1.67,2012/13,€10.60m,€69.28m,5.5,3.9,1.65,18.1818,20.0,18.1818,23.2558,18.1818,22.2222,25.0,27.7778,28.5714,29.4118,25.641,28.5714,63.6943,62.5,59.8802,58.8235,60.6061,61.7284,A,20.0039,2.2564,27.4956,1.7739,61.2054,1.7851,ScotishPremierLeague
SC0,29/09/2012,St Mirren,Ross County,H,2.38,3.25,3.0,2.1,3.2,3.2,2.2,3.1,3.0,2.0,3.2,3.2,2.38,3.1,3.2,2012/13,€9.45m,€8.00m,2.3,3.25,3.3,42.0168,47.619,42.0168,45.4545,43.4783,50.0,30.7692,31.25,32.2581,32.2581,30.7692,31.25,33.3333,31.25,31.25,33.3333,30.303,31.25,H,45.0976,3.2287,31.4258,0.6796,31.7866,1.253,ScotishPremierLeague
SC0,05/10/2012,Inverness C,Ross County,H,2.3,3.25,3.1,2.15,3.2,3.1,2.2,3.1,3.0,2.25,3.2,3.2,2.3,3.3,3.1,2012/13,€6.65m,€8.00m,2.45,3.3,3.1,43.4783,46.5116,43.4783,45.4545,40.8163,44.4444,30.7692,31.25,30.303,32.2581,30.303,31.25,32.2581,32.2581,32.2581,33.3333,32.2581,31.25,H,44.0306,1.9645,31.0222,0.7389,32.2693,0.659,ScotishPremierLeague
SC0,06/10/2012,Hibernian,Dundee,H,1.73,3.6,4.75,1.7,3.4,4.6,1.65,3.5,4.5,1.67,3.75,5.0,1.8,3.2,5.0,2012/13,€11.20m,€6.75m,1.75,3.7,5.0,57.8035,58.8235,55.5556,60.6061,57.1429,59.8802,27.7778,29.4118,31.25,28.5714,27.027,26.6667,21.0526,21.7391,20.0,22.2222,20.0,20.0,H,58.302,1.8551,28.4508,1.6992,20.8356,0.988,ScotishPremierLeague
SC0,06/10/2012,Kilmarnock,Aberdeen,A,2.63,3.3,2.6,2.4,3.25,2.65,2.4,3.1,2.7,2.5,3.25,2.8,2.7,3.1,2.7,2012/13,€9.30m,€9.75m,2.75,3.25,2.7,38.0228,41.6667,37.037,41.6667,36.3636,40.0,30.303,30.7692,32.2581,32.2581,30.7692,30.7692,38.4615,37.7358,37.037,37.037,37.037,35.7143,H,39.1261,2.3189,31.1878,0.8485,37.1704,0.9122,ScotishPremierLeague
SC0,06/10/2012,St Johnstone,St Mirren,H,2.5,3.25,2.8,2.15,3.2,3.1,2.2,3.1,3.0,2.3,3.2,3.1,2.6,3.1,3.0,2012/13,€10.25m,€9.45m,2.45,3.25,3.0,40.0,46.5116,38.4615,45.4545,40.8163,43.4783,30.7692,31.25,32.2581,32.2581,30.7692,31.25,35.7143,32.2581,33.3333,33.3333,33.3333,32.2581,H,42.4537,3.1988,31.4258,0.6796,33.3717,1.2627,ScotishPremierLeague
SC0,07/10/2012,Celtic,Hearts,H,1.3,5.25,9.5,1.38,5.0,8.75,1.27,4.8,9.5,1.3,5.5,9.0,1.33,4.5,11.0,2012/13,€69.28m,€11.93m,1.3,5.5,11.0,76.9231,72.4638,75.188,78.7402,76.9231,76.9231,19.0476,20.0,22.2222,20.8333,18.1818,18.1818,10.5263,11.4286,9.0909,10.5263,9.0909,11.1111,H,76.1936,2.145,19.7444,1.5975,10.2957,0.9958,ScotishPremierLeague
SC0,19/10/2012,Dundee,Inverness C,A,3.4,3.4,2.1,3.0,3.3,2.15,3.2,3.1,2.1,3.25,3.25,2.2,3.3,3.3,2.2,2012/13,€6.75m,€6.65m,3.4,3.5,2.2,29.4118,33.3333,30.303,31.25,29.4118,30.7692,29.4118,30.303,30.303,32.2581,28.5714,30.7692,47.619,46.5116,45.4545,47.619,45.4545,45.4545,A,30.7465,1.4632,30.2694,1.2511,46.3522,1.0633,ScotishPremierLeague
SC0,20/10/2012,Dundee United,Aberdeen,D,2.2,3.4,3.2,2.0,3.25,3.4,2.1,3.1,3.2,2.1,3.4,3.4,2.25,3.2,3.3,2012/13,€8.13m,€9.75m,2.3,3.3,3.3,45.4545,50.0,44.4444,47.619,43.4783,47.619,29.4118,30.7692,31.25,32.2581,30.303,29.4118,31.25,29.4118,30.303,31.25,30.303,29.4118,H,46.4359,2.4157,30.5673,1.1051,30.3216,0.8222,ScotishPremierLeague
SC0,20/10/2012,Ross County,Hibernian,H,2.5,3.4,2.7,2.35,3.3,2.7,2.5,3.1,2.6,2.62,3.3,2.62,2.6,3.2,2.75,2012/13,€8.00m,€11.20m,2.55,3.4,2.88,40.0,42.5532,38.4615,40.0,39.2157,38.1679,29.4118,30.303,31.25,32.2581,29.4118,30.303,37.037,37.037,36.3636,38.4615,34.7222,38.1679,H,39.733,1.5767,30.4896,1.1044,36.9649,1.3482,ScotishPremierLeague
SC0,20/10/2012,St Johnstone,Kilmarnock,H,2.1,3.3,3.5,2.05,3.25,3.3,2.0,3.2,3.3,2.1,3.3,3.5,2.1,3.3,3.6,2012/13,€10.25m,€9.30m,2.1,3.5,3.5,47.619,48.7805,47.619,50.0,47.619,47.619,30.303,30.7692,30.303,31.25,28.5714,30.303,28.5714,30.303,27.7778,30.303,28.5714,28.5714,H,48.2094,0.9926,30.2499,0.9051,29.0163,1.043,ScotishPremierLeague
SC0,20/10/2012,St Mirren,Celtic,A,7.0,4.33,1.44,6.75,4.2,1.4,5.5,3.8,1.5,7.0,4.33,1.44,7.0,4.0,1.5,2012/13,€9.45m,€69.28m,7.0,4.4,1.5,14.2857,14.8148,14.2857,18.1818,14.2857,14.2857,23.0947,23.8095,25.0,26.3158,22.7273,23.0947,69.4444,71.4286,66.6667,66.6667,66.6667,69.4444,A,15.0232,1.5618,24.007,1.3898,68.3862,2.0182,ScotishPremierLeague
SC0,21/10/2012,Hearts,Motherwell,H,2.3,3.25,3.1,2.25,3.3,2.85,2.3,3.2,2.75,2.38,3.25,3.0,2.3,3.2,3.2,2012/13,€11.93m,€10.60m,2.25,3.25,3.4,43.4783,44.4444,43.4783,43.4783,44.4444,42.0168,30.7692,30.303,31.25,31.25,30.7692,30.7692,32.2581,35.0877,31.25,36.3636,29.4118,33.3333,H,43.5567,0.8906,30.8518,0.3574,32.9508,2.54,ScotishPremierLeague
SC0,26/10/2012,Motherwell,Hibernian,A,2.1,3.4,3.4,1.95,3.25,3.6,1.9,3.2,3.6,2.05,3.4,3.5,1.91,3.2,3.5,2012/13,€10.60m,€11.20m,2.1,3.5,3.5,47.619,51.2821,52.356,52.6316,47.619,48.7805,29.4118,30.7692,31.25,31.25,28.5714,29.4118,29.4118,27.7778,28.5714,27.7778,28.5714,28.5714,H,50.048,2.3208,30.1107,1.1292,28.4469,0.612,ScotishPremierLeague
SC0,27/10/2012,Aberdeen,Dundee,H,1.4,4.5,7.5,1.4,4.1,7.0,1.4,4.0,6.5,1.44,4.33,7.0,1.4,3.75,7.5,2012/13,€9.75m,€6.75m,1.44,4.5,8.5,71.4286,71.4286,71.4286,71.4286,69.4444,69.4444,22.2222,24.3902,26.6667,25.0,22.2222,23.0947,13.3333,14.2857,13.3333,15.3846,11.7647,14.2857,H,70.7672,1.0246,23.9327,1.7537,13.7312,1.2274,ScotishPremierLeague
SC0,27/10/2012,Celtic,Kilmarnock,A,1.2,6.5,13.0,1.2,6.0,10.0,1.2,5.2,11.0,1.22,6.0,13.0,1.17,5.5,12.0,2012/13,€69.28m,€9.30m,1.2,7.0,17.0,83.3333,83.3333,85.4701,83.3333,83.3333,81.9672,15.3846,16.6667,18.1818,19.2308,14.2857,16.6667,7.6923,10.0,8.3333,9.0909,5.8824,7.6923,H,83.4618,1.1254,16.7361,1.7975,8.1152,1.4068,ScotishPremierLeague
SC0,27/10/2012,Hearts,Ross County,D,1.91,3.4,4.0,1.78,3.3,4.2,1.85,3.2,3.8,1.91,3.4,4.0,1.73,3.5,3.8,2012/13,€11.93m,€8.00m,1.91,3.5,4.3,52.356,56.1798,57.8035,54.0541,52.356,52.356,29.4118,30.303,28.5714,31.25,28.5714,29.4118,25.0,23.8095,26.3158,26.3158,23.2558,25.0,H,54.1842,2.3292,29.5866,1.0395,24.9495,1.2575,ScotishPremierLeague
SC0,27/10/2012,Inverness C,St Johnstone,D,2.3,3.4,3.0,2.3,3.25,2.8,2.2,3.1,3.0,2.3,3.4,3.0,2.2,3.1,2.88,2012/13,€6.65m,€10.25m,2.4,3.5,3.0,43.4783,43.4783,45.4545,45.4545,41.6667,43.4783,29.4118,30.7692,32.2581,32.2581,28.5714,29.4118,33.3333,35.7143,34.7222,33.3333,33.3333,33.3333,H,43.8351,1.4373,30.4467,1.57,33.9616,1.0227,ScotishPremierLeague
SC0,27/10/2012,St Mirren,Dundee United,A,2.9,3.4,2.38,2.8,3.25,2.3,2.8,3.1,2.3,2.8,3.4,2.4,2.6,3.1,2.4,2012/13,€9.45m,€8.13m,3.0,3.4,2.45,34.4828,35.7143,38.4615,35.7143,33.3333,35.7143,29.4118,30.7692,32.2581,32.2581,29.4118,29.4118,42.0168,43.4783,41.6667,43.4783,40.8163,41.6667,A,35.5701,1.7093,30.5868,1.3973,42.1872,1.0756,ScotishPremierLeague
SC0,03/11/2012,Dundee,Hearts,H,4.75,3.6,1.73,4.25,3.4,1.75,4.3,3.4,1.7,4.5,3.75,1.73,4.8,3.4,1.8,2012/13,€6.75m,€11.93m,5.2,3.6,1.75,21.0526,23.5294,20.8333,23.2558,19.2308,22.2222,27.7778,29.4118,29.4118,29.4118,27.7778,26.6667,57.8035,57.1429,55.5556,58.8235,57.1429,57.8035,A,21.6874,1.6313,28.4096,1.1704,57.3786,1.0847,ScotishPremierLeague
SC0,03/11/2012,Hibernian,St Mirren,H,2.1,3.4,3.4,2.05,3.2,3.3,1.9,3.2,3.6,2.05,3.4,3.6,2.2,3.3,3.3,2012/13,€11.20m,€9.45m,2.15,3.5,3.5,47.619,48.7805,45.4545,52.6316,46.5116,48.7805,29.4118,31.25,30.303,31.25,28.5714,29.4118,29.4118,30.303,30.303,27.7778,28.5714,27.7778,H,48.2963,2.4893,30.033,1.0902,29.0241,1.1604,ScotishPremierLeague
SC0,03/11/2012,Kilmarnock,Inverness C,A,2.3,3.4,3.0,2.45,3.2,2.65,2.3,3.1,2.8,2.4,3.25,2.88,2.62,3.1,2.75,2012/13,€9.30m,€6.65m,2.55,3.3,2.9,43.4783,40.8163,38.1679,43.4783,39.2157,41.6667,29.4118,31.25,32.2581,32.2581,30.303,30.7692,33.3333,37.7358,36.3636,35.7143,34.4828,34.7222,H,41.1372,2.1842,31.0417,1.1206,35.392,1.5527,ScotishPremierLeague
SC0,03/11/2012,Ross County,Aberdeen,H,3.25,3.2,2.25,2.9,3.2,2.25,3.2,3.1,2.1,3.1,3.3,2.25,3.1,3.1,2.4,2012/13,€8.00m,€9.75m,3.2,3.3,2.38,30.7692,34.4828,32.2581,31.25,31.25,32.2581,31.25,31.25,32.2581,32.2581,30.303,30.303,44.4444,44.4444,41.6667,47.619,42.0168,44.4444,A,32.0447,1.3361,31.2704,0.8745,44.106,2.1447,ScotishPremierLeague
SC0,03/11/2012,St Johnstone,Motherwell,A,2.4,3.3,2.88,2.25,3.2,2.9,2.2,3.1,3.0,2.4,3.3,2.88,2.62,3.1,2.75,2012/13,€10.25m,€10.60m,2.6,3.3,2.88,41.6667,44.4444,38.1679,45.4545,38.4615,41.6667,30.303,31.25,32.2581,32.2581,30.303,30.303,34.7222,34.4828,36.3636,33.3333,34.7222,34.7222,H,41.6436,2.9858,31.1125,0.9602,34.7244,0.9675,ScotishPremierLeague
SC0,04/11/2012,Dundee United,Celtic,D,5.5,4.0,1.57,5.75,3.6,1.55,4.8,3.6,1.6,5.5,4.0,1.57,5.5,3.75,1.62,2012/13,€8.13m,€69.28m,6.5,4.1,1.57,18.1818,17.3913,18.1818,20.8333,15.3846,18.1818,25.0,27.7778,26.6667,27.7778,24.3902,25.0,63.6943,64.5161,61.7284,62.5,63.6943,63.6943,A,18.0258,1.7512,26.1021,1.503,63.3046,1.0055,ScotishPremierLeague
SC0,07/11/2012,Motherwell,Dundee United,A,2.5,3.3,2.75,2.4,3.3,2.6,2.3,3.2,2.75,2.2,3.25,2.75,2.45,3.3,2.7,2012/13,€10.60m,€8.13m,2.6,3.4,2.8,40.0,41.6667,40.8163,43.4783,38.4615,45.4545,30.303,30.303,30.303,31.25,29.4118,30.7692,36.3636,38.4615,37.037,36.3636,35.7143,36.3636,H,41.6462,2.506,30.39,0.6104,36.7173,0.9514,ScotishPremierLeague
SC0,10/11/2012,Inverness C,Hearts,D,2.6,3.2,2.75,2.65,3.2,2.45,2.7,3.1,2.4,2.62,3.3,2.62,2.62,3.1,2.75,2012/13,€6.65m,€11.93m,2.7,3.3,2.7,38.4615,37.7358,38.1679,37.037,37.037,38.1679,31.25,31.25,32.2581,32.2581,30.303,30.303,36.3636,40.8163,36.3636,41.6667,37.037,38.1679,H,37.7678,0.6116,31.2704,0.8745,38.4025,2.3115,ScotishPremierLeague
SC0,10/11/2012,Kilmarnock,Ross County,H,2.4,3.3,2.9,2.3,3.2,2.85,2.3,3.1,2.8,2.38,3.25,3.0,2.5,3.1,2.9,2012/13,€9.30m,€8.00m,2.45,3.4,3.0,41.6667,43.4783,40.0,43.4783,40.8163,42.0168,30.303,31.25,32.2581,32.2581,29.4118,30.7692,34.4828,35.0877,34.4828,35.7143,33.3333,33.3333,H,41.9094,1.4024,31.0417,1.1206,34.4057,0.9476,ScotishPremierLeague
SC0,10/11/2012,Motherwell,Dundee,D,1.5,4.33,6.0,1.4,4.0,7.25,1.45,3.9,6.0,1.5,4.33,6.0,1.53,3.75,7.0,2012/13,€10.60m,€6.75m,1.5,4.3,7.5,66.6667,71.4286,65.3595,68.9655,66.6667,66.6667,23.0947,25.0,26.6667,25.641,23.2558,23.0947,16.6667,13.7931,14.2857,16.6667,13.3333,16.6667,H,67.6256,2.1978,24.4588,1.5319,15.2354,1.5966,ScotishPremierLeague
SC0,10/11/2012,St Mirren,Aberdeen,A,3.0,3.4,2.3,3.0,3.2,2.2,2.8,3.1,2.3,2.9,3.3,2.4,3.1,3.1,2.4,2012/13,€9.45m,€9.75m,3.25,3.3,2.3,33.3333,33.3333,32.2581,35.7143,30.7692,34.4828,29.4118,31.25,32.2581,32.2581,30.303,30.303,43.4783,45.4545,41.6667,43.4783,43.4783,41.6667,A,33.3152,1.7158,30.964,1.1588,43.2038,1.4154,ScotishPremierLeague
SC0,11/11/2012,Celtic,St Johnstone,D,1.25,6.0,10.0,1.22,5.5,10.0,1.25,4.8,9.5,1.25,5.5,12.0,1.25,6.0,10.0,2012/13,€69.28m,€10.25m,1.25,6.0,13.0,80.0,81.9672,80.0,80.0,80.0,80.0,16.6667,18.1818,16.6667,20.8333,16.6667,18.1818,10.0,10.0,10.0,10.5263,7.6923,8.3333,H,80.3279,0.8031,17.8662,1.6321,9.4253,1.1313,ScotishPremierLeague
SC0,11/11/2012,Hibernian,Dundee United,H,2.6,3.4,2.6,2.45,3.25,2.6,2.4,3.1,2.7,2.5,3.4,2.7,2.75,3.0,2.75,2012/13,€11.20m,€8.13m,2.75,3.3,2.7,38.4615,40.8163,36.3636,41.6667,36.3636,40.0,29.4118,30.7692,33.3333,32.2581,30.303,29.4118,38.4615,38.4615,36.3636,37.037,37.037,37.037,H,38.9453,2.262,30.9145,1.5854,37.3996,0.8629,ScotishPremierLeague
SC0,16/11/2012,Dundee United,Kilmarnock,D,1.83,3.5,4.33,1.72,3.5,4.33,1.85,3.2,3.8,1.83,3.5,4.33,1.91,3.4,4.2,2012/13,€8.13m,€9.30m,1.91,3.5,4.4,54.6448,58.1395,52.356,54.0541,52.356,54.6448,28.5714,28.5714,29.4118,31.25,28.5714,28.5714,23.0947,23.0947,23.8095,26.3158,22.7273,23.0947,H,54.3659,2.1247,29.1579,1.0786,23.6894,1.3341,ScotishPremierLeague
SC0,17/11/2012,Aberdeen,Celtic,A,6.0,4.0,1.53,6.25,3.8,1.62,4.5,3.5,1.65,6.0,4.0,1.53,6.0,3.8,1.57,2012/13,€9.75m,€69.28m,6.25,4.0,1.6,16.6667,16.0,16.6667,22.2222,16.0,16.6667,25.0,26.3158,26.3158,28.5714,25.0,25.0,65.3595,61.7284,63.6943,60.6061,62.5,65.3595,A,17.3704,2.3992,26.0338,1.4003,63.208,1.947,ScotishPremierLeague
SC0,17/11/2012,Dundee,Hibernian,H,3.75,3.5,1.95,3.7,3.3,1.9,3.8,3.2,1.85,4.0,3.4,1.91,3.8,3.5,1.95,2012/13,€6.75m,€11.20m,3.9,3.7,1.95,26.6667,27.027,26.3158,26.3158,25.641,25.0,28.5714,30.303,28.5714,31.25,27.027,29.4118,51.2821,52.6316,51.2821,54.0541,51.2821,52.356,A,26.161,0.731,29.1891,1.4816,52.148,1.1099,ScotishPremierLeague
SC0,17/11/2012,Hearts,St Mirren,H,1.91,3.4,4.0,1.83,3.3,4.0,1.9,3.2,3.6,1.91,3.4,4.0,1.95,3.4,4.0,2012/13,€11.93m,€9.45m,2.0,3.5,4.0,52.356,54.6448,51.2821,52.6316,50.0,52.356,29.4118,30.303,29.4118,31.25,28.5714,29.4118,25.0,25.0,25.0,27.7778,25.0,25.0,H,52.2117,1.5423,29.7266,0.9257,25.463,1.134,ScotishPremierLeague
SC0,17/11/2012,St Johnstone,Ross County,D,2.0,3.5,3.6,2.0,3.25,3.4,2.0,3.2,3.3,2.0,3.4,3.75,2.05,3.3,3.75,2012/13,€10.25m,€8.00m,2.05,3.5,3.8,50.0,50.0,48.7805,50.0,48.7805,50.0,28.5714,30.7692,30.303,31.25,28.5714,29.4118,27.7778,29.4118,26.6667,30.303,26.3158,26.6667,H,49.5935,0.6297,29.8128,1.137,27.857,1.6502,ScotishPremierLeague
SC0,18/11/2012,Inverness C,Motherwell,A,2.3,3.4,3.0,2.3,3.25,2.8,2.3,3.1,2.8,2.38,3.3,2.9,2.4,3.4,2.8,2012/13,€6.65m,€10.60m,2.5,3.4,2.9,43.4783,43.4783,41.6667,43.4783,40.0,42.0168,29.4118,30.7692,29.4118,32.2581,29.4118,30.303,33.3333,35.7143,35.7143,35.7143,34.4828,34.4828,H,42.3531,1.4085,30.261,1.1324,34.907,0.9789,ScotishPremierLeague
SC0,24/11/2012,Celtic,Inverness C,A,1.2,6.5,13.0,1.2,5.75,11.0,1.2,5.2,11.0,1.22,6.0,12.0,1.25,5.5,12.0,2012/13,€69.28m,€6.65m,1.22,6.5,15.0,83.3333,83.3333,80.0,83.3333,81.9672,81.9672,15.3846,17.3913,18.1818,19.2308,15.3846,16.6667,7.6923,9.0909,8.3333,9.0909,6.6667,8.3333,H,82.3224,1.32,17.04,1.5393,8.2012,0.92,ScotishPremierLeague
SC0,24/11/2012,Hibernian,Aberdeen,A,2.75,3.3,2.5,2.6,3.2,2.5,2.5,3.1,2.6,2.6,3.25,2.7,2.7,3.1,2.7,2012/13,€11.20m,€9.75m,2.75,3.25,2.62,36.3636,38.4615,37.037,40.0,36.3636,38.4615,30.303,31.25,32.2581,32.2581,30.7692,30.7692,40.0,40.0,37.037,38.4615,38.1679,37.037,A,37.7812,1.4437,31.2679,0.8234,38.4506,1.3325,ScotishPremierLeague
SC0,24/11/2012,Kilmarnock,St Johnstone,A,2.5,3.3,2.8,2.25,3.2,2.9,2.3,3.1,2.8,2.4,3.3,2.9,2.6,3.2,2.7,2012/13,€9.30m,€10.25m,2.55,3.3,2.88,40.0,44.4444,38.4615,43.4783,39.2157,41.6667,30.303,31.25,31.25,32.2581,30.303,30.303,35.7143,34.4828,37.037,35.7143,34.7222,34.4828,H,41.2111,2.4004,30.9445,0.7933,35.3589,1.0009,ScotishPremierLeague
SC0,24/11/2012,Motherwell,Hearts,D,2.5,3.25,2.8,2.25,3.3,2.85,2.3,3.1,2.8,2.38,3.3,2.9,2.7,3.1,2.7,2012/13,€10.60m,€11.93m,2.62,3.25,2.8,40.0,44.4444,37.037,43.4783,38.1679,42.0168,30.7692,30.303,32.2581,32.2581,30.7692,30.303,35.7143,35.0877,37.037,35.7143,35.7143,34.4828,H,40.8574,2.9545,31.1101,0.9134,35.6251,0.8498,ScotishPremierLeague
SC0,24/11/2012,Ross County,Dundee United,A,3.1,3.3,2.3,2.75,3.3,2.3,3.0,3.1,2.2,2.9,3.3,2.38,3.3,3.2,2.25,2012/13,€8.00m,€8.13m,3.25,3.4,2.3,32.2581,36.3636,30.303,33.3333,30.7692,34.4828,30.303,30.303,31.25,32.2581,29.4118,30.303,43.4783,43.4783,44.4444,45.4545,43.4783,42.0168,A,32.9183,2.2971,30.6381,0.9838,43.7251,1.1497,ScotishPremierLeague
SC0,24/11/2012,St Mirren,Dundee,H,1.85,3.5,4.2,1.8,3.4,4.0,1.8,3.2,4.0,1.91,3.4,4.0,1.91,3.3,4.2,2012/13,€9.45m,€6.75m,1.91,3.7,4.1,54.0541,55.5556,52.356,55.5556,52.356,52.356,28.5714,29.4118,30.303,31.25,27.027,29.4118,23.8095,25.0,23.8095,25.0,24.3902,25.0,H,53.7056,1.5768,29.3292,1.4509,24.5015,0.5858,ScotishPremierLeague
SC0,27/11/2012,Aberdeen,Inverness C,A,2.0,3.4,3.75,1.9,3.3,3.7,1.75,3.3,4.2,1.91,3.4,4.0,2.0,3.25,4.0,2012/13,€9.75m,€6.65m,2.05,3.5,3.9,50.0,52.6316,50.0,57.1429,48.7805,52.356,29.4118,30.303,30.7692,30.303,28.5714,29.4118,26.6667,27.027,25.0,23.8095,25.641,25.0,H,51.8185,3.0047,29.795,0.807,25.524,1.1889,ScotishPremierLeague
SC0,27/11/2012,Dundee United,Motherwell,A,2.3,3.25,3.1,2.2,3.25,2.95,2.0,3.2,3.3,2.3,3.2,3.2,2.25,3.2,3.2,2012/13,€8.13m,€10.60m,2.3,3.5,3.12,43.4783,45.4545,44.4444,50.0,43.4783,43.4783,30.7692,30.7692,31.25,31.25,28.5714,31.25,32.2581,33.8983,31.25,30.303,32.0513,31.25,H,45.0556,2.5473,30.6433,1.042,31.8351,1.2259,ScotishPremierLeague
SC0,27/11/2012,Ross County,St Mirren,D,2.5,3.25,2.8,2.3,3.1,2.9,2.3,3.1,2.8,2.4,3.25,3.0,2.5,3.1,2.9,2012/13,€8.00m,€9.45m,2.55,3.4,2.9,40.0,43.4783,40.0,43.4783,39.2157,41.6667,30.7692,32.2581,32.2581,32.2581,29.4118,30.7692,35.7143,34.4828,34.4828,35.7143,34.4828,33.3333,H,41.3065,1.8627,31.2874,1.1732,34.7017,0.9019,ScotishPremierLeague
SC0,28/11/2012,Hearts,Celtic,A,6.0,4.0,1.53,5.5,3.7,1.55,4.8,3.6,1.6,5.5,3.5,1.67,5.5,3.5,1.67,2012/13,€11.93m,€69.28m,6.0,3.9,1.65,16.6667,18.1818,18.1818,20.8333,16.6667,18.1818,25.0,27.027,28.5714,27.7778,25.641,28.5714,65.3595,64.5161,59.8802,62.5,60.6061,59.8802,A,18.1187,1.523,27.0981,1.5056,62.1237,2.396,ScotishPremierLeague
SC0,28/11/2012,St Johnstone,Hibernian,A,2.1,3.4,3.4,2.15,3.2,3.1,2.1,3.1,3.2,2.25,3.3,3.1,2.25,3.2,3.3,2012/13,€10.25m,€11.20m,2.15,3.4,3.5,47.619,46.5116,44.4444,47.619,46.5116,44.4444,29.4118,31.25,31.25,32.2581,29.4118,30.303,29.4118,32.2581,30.303,31.25,28.5714,32.2581,H,46.1917,1.4412,30.6474,1.1395,30.6754,1.5167,ScotishPremierLeague
SC0,08/12/2012,Hearts,Aberdeen,H,2.4,3.2,3.0,2.4,3.25,2.65,2.55,3.1,2.55,2.5,3.3,2.75,2.5,3.2,2.8,2012/13,€11.93m,€9.75m,2.45,3.3,3.0,41.6667,41.6667,40.0,39.2157,40.8163,40.0,31.25,30.7692,31.25,32.2581,30.303,30.303,33.3333,37.7358,35.7143,39.2157,33.3333,36.3636,H,40.5609,0.9949,31.0222,0.7389,35.9493,2.3569,ScotishPremierLeague
SC0,08/12/2012,Inverness C,Hibernian,H,2.15,3.4,3.3,2.05,3.2,3.3,2.2,3.2,2.9,2.2,3.4,3.2,2.3,3.3,3.1,2012/13,€6.65m,€11.20m,2.25,3.6,3.2,46.5116,48.7805,43.4783,45.4545,44.4444,45.4545,29.4118,31.25,30.303,31.25,27.7778,29.4118,30.303,30.303,32.2581,34.4828,31.25,31.25,H,45.6873,1.832,29.9007,1.3257,31.6412,1.5712,ScotishPremierLeague
SC0,08/12/2012,Kilmarnock,Celtic,A,9.0,5.0,1.33,8.0,4.25,1.35,6.5,4.0,1.4,8.5,4.2,1.4,6.5,4.5,1.44,2012/13,€9.30m,€69.28m,8.0,4.6,1.44,11.1111,12.5,15.3846,15.3846,12.5,11.7647,20.0,23.5294,22.2222,25.0,21.7391,23.8095,75.188,74.0741,69.4444,71.4286,69.4444,71.4286,A,13.1075,1.8383,22.7167,1.7691,71.8347,2.3671,ScotishPremierLeague
SC0,08/12/2012,Motherwell,Ross County,H,2.0,3.5,3.6,1.95,3.3,3.5,1.85,3.3,3.7,1.91,3.4,4.0,2.1,3.2,3.6,2012/13,€10.60m,€8.00m,2.1,3.4,3.8,50.0,51.2821,47.619,54.0541,47.619,52.356,28.5714,30.303,31.25,30.303,29.4118,29.4118,27.7778,28.5714,27.7778,27.027,26.3158,25.0,H,50.4884,2.5899,29.8752,0.9365,27.0783,1.2737,ScotishPremierLeague
SC0,08/12/2012,St Mirren,St Johnstone,D,2.75,3.2,2.6,2.55,3.25,2.5,2.5,3.2,2.5,2.6,3.3,2.62,2.75,3.1,2.62,2012/13,€9.45m,€10.25m,2.75,3.3,2.62,36.3636,39.2157,36.3636,40.0,36.3636,38.4615,31.25,30.7692,32.2581,31.25,30.303,30.303,38.4615,40.0,38.1679,40.0,38.1679,38.1679,A,37.7947,1.6414,31.0222,0.7389,38.8275,0.9153,ScotishPremierLeague
SC0,09/12/2012,Dundee,Dundee United,A,4.5,3.5,1.8,4.25,3.4,1.75,4.2,3.3,1.75,4.33,3.5,1.83,4.5,3.5,1.75,2012/13,€6.75m,€8.13m,5.0,3.7,1.8,22.2222,23.5294,22.2222,23.8095,20.0,23.0947,28.5714,29.4118,28.5714,30.303,27.027,28.5714,55.5556,57.1429,57.1429,57.1429,55.5556,54.6448,A,22.4797,1.3806,28.7427,1.0876,56.1974,1.0878,ScotishPremierLeague
SC0,15/12/2012,Aberdeen,Kilmarnock,A,1.91,3.5,3.9,1.9,3.3,3.7,1.85,3.2,3.8,1.91,3.4,4.0,1.91,3.4,3.75,2012/13,€9.75m,€9.30m,2.0,3.5,3.9,52.356,52.6316,52.356,54.0541,50.0,52.356,28.5714,30.303,29.4118,31.25,28.5714,29.4118,25.641,27.027,26.6667,26.3158,25.641,25.0,H,52.2923,1.3028,29.5866,1.0395,26.0486,0.754,ScotishPremierLeague
SC0,15/12/2012,Celtic,St Mirren,H,1.2,6.0,15.0,1.18,5.75,12.5,1.2,5.2,11.0,1.2,6.0,15.0,1.2,6.0,12.0,2012/13,€69.28m,€9.45m,1.22,6.25,15.0,83.3333,84.7458,83.3333,83.3333,81.9672,83.3333,16.6667,17.3913,16.6667,19.2308,16.0,16.6667,6.6667,8.0,8.3333,9.0909,6.6667,6.6667,H,83.341,0.8788,17.1037,1.1312,7.5707,1.0515,ScotishPremierLeague
SC0,15/12/2012,Dundee United,Inverness C,D,2.1,3.4,3.4,2.1,3.2,3.2,2.0,3.2,3.3,2.1,3.4,3.4,2.1,3.3,3.3,2012/13,€8.13m,€6.65m,2.2,3.4,3.4,47.619,47.619,47.619,50.0,45.4545,47.619,29.4118,31.25,30.303,31.25,29.4118,29.4118,29.4118,31.25,30.303,30.303,29.4118,29.4118,H,47.6551,1.4385,30.1731,0.9028,30.0152,0.746,ScotishPremierLeague
SC0,15/12/2012,Hibernian,Motherwell,A,2.75,3.3,2.5,2.55,3.2,2.55,2.4,3.1,2.7,2.38,3.4,2.75,2.7,3.1,2.7,2012/13,€11.20m,€10.60m,2.75,3.25,2.62,36.3636,39.2157,37.037,41.6667,36.3636,42.0168,30.303,31.25,32.2581,32.2581,30.7692,29.4118,40.0,39.2157,37.037,37.037,38.1679,36.3636,A,38.7772,2.5968,31.0417,1.1206,37.9702,1.4166,ScotishPremierLeague
SC0,15/12/2012,Ross County,Dundee,D,1.91,3.5,3.9,1.8,3.3,4.1,1.85,3.2,3.8,1.91,3.5,3.8,1.83,3.4,4.0,2012/13,€8.00m,€6.75m,2.0,3.5,4.0,52.356,55.5556,54.6448,54.0541,50.0,52.356,28.5714,30.303,29.4118,31.25,28.5714,28.5714,25.641,24.3902,25.0,26.3158,25.0,26.3158,H,53.1611,2.0011,29.4465,1.1211,25.4438,0.7828,ScotishPremierLeague
SC0,15/12/2012,St Johnstone,Hearts,D,2.5,3.25,2.8,2.4,3.25,2.65,2.3,3.1,2.8,2.5,3.25,2.8,2.62,3.2,2.75,2012/13,€10.25m,€11.93m,2.7,3.25,2.8,40.0,41.6667,38.1679,43.4783,37.037,40.0,30.7692,30.7692,31.25,32.2581,30.7692,30.7692,35.7143,37.7358,36.3636,35.7143,35.7143,35.7143,H,40.0583,2.3234,31.0975,0.6002,36.1594,0.8148,ScotishPremierLeague
SC0,21/12/2012,St Mirren,Motherwell,H,3.2,3.25,2.25,3.0,3.2,2.2,2.8,3.1,2.3,3.0,3.4,2.3,3.3,3.3,2.2,2012/13,€9.45m,€10.60m,3.4,3.3,2.25,31.25,33.3333,30.303,35.7143,29.4118,33.3333,30.7692,31.25,30.303,32.2581,30.303,29.4118,44.4444,45.4545,45.4545,43.4783,44.4444,43.4783,A,32.2243,2.332,30.7158,0.9704,44.4591,0.8839,ScotishPremierLeague
SC0,22/12/2012,Aberdeen,St Johnstone,H,2.25,3.25,3.25,2.0,3.25,3.4,2.2,3.1,3.0,2.1,3.25,3.5,2.3,3.1,3.3,2012/13,€9.75m,€10.25m,2.3,3.3,3.3,44.4444,50.0,43.4783,45.4545,43.4783,47.619,30.7692,30.7692,32.2581,32.2581,30.303,30.7692,30.7692,29.4118,30.303,33.3333,30.303,28.5714,H,45.7457,2.5949,31.1878,0.8485,30.4486,1.6165,ScotishPremierLeague
SC0,22/12/2012,Celtic,Ross County,H,1.17,7.0,15.0,1.15,7.25,11.0,1.15,6.0,13.0,1.17,7.0,15.0,1.2,5.5,21.0,2012/13,€69.28m,€8.00m,1.18,7.0,21.0,85.4701,86.9565,83.3333,86.9565,84.7458,85.4701,14.2857,13.7931,18.1818,16.6667,14.2857,14.2857,6.6667,9.0909,4.7619,7.6923,4.7619,6.6667,H,85.4887,1.3789,15.2498,1.7615,6.6067,1.6831,ScotishPremierLeague
SC0,22/12/2012,Inverness C,Dundee,H,1.57,4.1,5.5,1.5,3.75,6.0,1.6,3.6,4.8,1.57,4.0,5.5,1.57,3.8,6.0,2012/13,€6.65m,€6.75m,1.6,4.1,6.0,63.6943,66.6667,63.6943,62.5,62.5,63.6943,24.3902,26.6667,26.3158,27.7778,24.3902,25.0,18.1818,16.6667,16.6667,20.8333,16.6667,18.1818,H,63.7916,1.5252,25.7568,1.3808,17.8662,1.6321,ScotishPremierLeague
SC0,23/12/2012,Hearts,Dundee United,H,2.3,3.25,3.1,2.15,3.2,3.1,2.3,3.1,2.8,2.38,3.3,2.9,2.3,3.1,3.3,2012/13,€11.93m,€8.13m,2.3,3.3,3.3,43.4783,46.5116,43.4783,43.4783,43.4783,42.0168,30.7692,31.25,32.2581,32.2581,30.303,30.303,32.2581,32.2581,30.303,35.7143,30.303,34.4828,H,43.7403,1.4782,31.1902,0.8984,32.5532,2.1917,ScotishPremierLeague
SC0,23/12/2012,Kilmarnock,Hibernian,D,2.3,3.4,3.0,2.3,3.25,2.8,2.3,3.1,2.8,2.3,3.4,3.0,2.3,3.1,3.3,2012/13,€9.30m,€11.20m,2.3,3.3,3.25,43.4783,43.4783,43.4783,43.4783,43.4783,43.4783,29.4118,30.7692,32.2581,32.2581,30.303,29.4118,33.3333,35.7143,30.303,35.7143,30.7692,33.3333,H,43.4783,0.0,30.7353,1.2907,33.1946,2.3229,ScotishPremierLeague
SC0,26/12/2012,Dundee,Celtic,A,13.0,6.5,1.2,10.0,6.0,1.2,10.0,5.0,1.22,10.0,6.0,1.25,15.0,5.5,1.22,2012/13,€6.75m,€69.28m,17.0,7.0,1.2,7.6923,10.0,6.6667,10.0,5.8824,10.0,15.3846,16.6667,18.1818,20.0,14.2857,16.6667,83.3333,83.3333,81.9672,81.9672,83.3333,80.0,A,8.3736,1.8719,16.8642,2.0241,82.3224,1.32,ScotishPremierLeague
SC0,26/12/2012,Dundee United,St Johnstone,D,2.1,3.3,3.5,2.05,3.2,3.3,2.1,3.2,3.1,2.1,3.3,3.5,2.2,3.2,3.4,2012/13,€8.13m,€10.25m,2.15,3.4,3.6,47.619,48.7805,45.4545,47.619,46.5116,47.619,30.303,31.25,31.25,31.25,29.4118,30.303,28.5714,30.303,29.4118,32.2581,27.7778,28.5714,H,47.2673,1.1418,30.628,0.7551,29.4823,1.6092,ScotishPremierLeague
SC0,26/12/2012,Hibernian,Ross County,A,1.91,3.4,4.0,1.83,3.5,3.7,1.9,3.2,3.6,1.8,3.5,4.33,1.95,3.1,4.33,2012/13,€11.20m,€8.00m,1.95,3.4,4.2,52.356,54.6448,51.2821,52.6316,51.2821,55.5556,29.4118,28.5714,32.2581,31.25,29.4118,28.5714,25.0,27.027,23.0947,27.7778,23.8095,23.0947,H,52.9587,1.7708,29.9124,1.5093,24.9673,2.0247,ScotishPremierLeague
SC0,26/12/2012,Inverness C,St Mirren,D,1.85,3.4,4.33,1.85,3.4,3.75,1.85,3.2,3.8,1.83,3.6,4.0,1.91,3.1,4.5,2012/13,€6.65m,€9.45m,1.87,3.7,4.2,54.0541,54.0541,52.356,54.0541,53.4759,54.6448,29.4118,29.4118,32.2581,31.25,27.027,27.7778,23.0947,26.6667,22.2222,26.3158,23.8095,25.0,H,53.7732,0.7865,29.5228,1.9882,24.5182,1.7821,ScotishPremierLeague
SC0,26/12/2012,Kilmarnock,Hearts,H,2.8,3.25,2.5,2.65,3.25,2.4,2.6,3.1,2.5,2.62,3.25,2.62,2.7,3.1,2.7,2012/13,€9.30m,€11.93m,2.8,3.3,2.62,35.7143,37.7358,37.037,38.4615,35.7143,38.1679,30.7692,30.7692,32.2581,32.2581,30.303,30.7692,40.0,41.6667,37.037,40.0,38.1679,38.1679,A,37.1385,1.2028,31.1878,0.8485,39.1733,1.6834,ScotishPremierLeague
SC0,26/12/2012,Motherwell,Aberdeen,H,2.3,3.25,3.1,2.15,3.2,3.1,2.3,3.1,2.8,2.25,3.3,3.1,2.4,3.1,3.1,2012/13,€10.60m,€9.75m,2.38,3.3,3.12,43.4783,46.5116,41.6667,43.4783,42.0168,44.4444,30.7692,31.25,32.2581,32.2581,30.303,30.303,32.2581,32.2581,32.2581,35.7143,32.0513,32.2581,H,43.5993,1.7586,31.1902,0.8984,32.7997,1.4303,ScotishPremierLeague
SC0,29/12/2012,Dundee,Aberdeen,A,4.33,3.5,1.83,3.75,3.4,1.85,3.8,3.2,1.85,4.0,3.4,1.91,4.2,3.3,1.91,2012/13,€6.75m,€9.75m,4.75,3.3,1.91,23.0947,26.6667,23.8095,26.3158,21.0526,25.0,28.5714,29.4118,30.303,31.25,30.303,29.4118,54.6448,54.0541,52.356,54.0541,52.356,52.356,A,24.3232,2.1161,29.8752,0.9365,53.3035,1.0601,ScotishPremierLeague
SC0,29/12/2012,Hibernian,Celtic,H,8.5,4.75,1.36,6.75,4.2,1.4,6.5,4.0,1.4,8.0,4.5,1.4,8.5,4.33,1.4,2012/13,€11.20m,€69.28m,9.0,4.8,1.4,11.7647,14.8148,11.7647,15.3846,11.1111,12.5,21.0526,23.8095,23.0947,25.0,20.8333,22.2222,73.5294,71.4286,71.4286,71.4286,71.4286,71.4286,A,12.89,1.7763,22.6687,1.6185,71.7787,0.8576,ScotishPremierLeague
SC0,29/12/2012,Motherwell,Kilmarnock,D,1.91,3.4,4.0,1.85,3.3,3.9,1.9,3.2,3.6,1.91,3.4,4.0,2.0,3.2,4.0,2012/13,€10.60m,€9.30m,2.0,3.6,3.9,52.356,54.0541,50.0,52.6316,50.0,52.356,29.4118,30.303,31.25,31.25,27.7778,29.4118,25.0,25.641,25.0,27.7778,25.641,25.0,H,51.8996,1.6007,29.9007,1.3257,25.6766,1.0762,ScotishPremierLeague
SC0,29/12/2012,St Johnstone,Inverness C,D,2.5,3.4,2.7,2.4,3.2,2.7,2.3,3.1,2.8,2.5,3.4,2.7,2.62,3.1,2.8,2012/13,€10.25m,€6.65m,2.62,3.5,2.75,40.0,41.6667,38.1679,43.4783,38.1679,40.0,29.4118,31.25,32.2581,32.2581,28.5714,29.4118,37.037,37.037,35.7143,35.7143,36.3636,37.037,H,40.2468,2.0603,30.5269,1.6017,36.4839,0.6507,ScotishPremierLeague
SC0,30/12/2012,Dundee United,St Mirren,A,1.91,3.4,4.0,1.78,3.4,4.1,1.8,3.2,4.0,1.83,3.6,4.0,2.0,3.3,3.8,2012/13,€8.13m,€9.45m,1.95,3.6,4.0,52.356,56.1798,50.0,55.5556,51.2821,54.6448,29.4118,29.4118,30.303,31.25,27.7778,27.7778,25.0,24.3902,26.3158,25.0,25.0,25.0,H,53.3364,2.4914,29.322,1.3758,25.1177,0.6356,ScotishPremierLeague
SC0,02/01/2013,Aberdeen,Dundee United,D,2.4,3.2,3.0,2.25,3.2,2.9,2.3,3.1,2.8,2.25,3.3,3.1,2.5,3.2,2.88,2012/13,€9.75m,€8.13m,2.5,3.25,3.1,41.6667,44.4444,40.0,43.4783,40.0,44.4444,31.25,31.25,31.25,32.2581,30.7692,30.303,33.3333,34.4828,34.7222,35.7143,32.2581,32.2581,H,42.339,2.0764,31.18,0.6504,33.7948,1.4109,ScotishPremierLeague
SC0,02/01/2013,Celtic,Motherwell,H,1.36,4.75,8.5,1.3,4.75,8.25,1.35,4.2,7.5,1.36,4.6,8.5,1.4,4.5,8.0,2012/13,€69.28m,€10.60m,1.4,4.8,9.0,73.5294,76.9231,71.4286,74.0741,71.4286,73.5294,21.0526,21.0526,22.2222,23.8095,20.8333,21.7391,11.7647,12.1212,12.5,13.3333,11.1111,11.7647,H,73.4855,2.0312,21.7849,1.1199,12.0992,0.7595,ScotishPremierLeague
SC0,02/01/2013,St Johnstone,Dundee,H,1.53,4.0,6.0,1.5,3.75,6.0,1.5,3.8,5.5,1.57,3.75,6.0,1.62,4.0,5.0,2012/13,€10.25m,€6.75m,1.57,4.0,6.5,65.3595,66.6667,61.7284,66.6667,63.6943,63.6943,25.0,26.6667,25.0,26.3158,25.0,26.6667,16.6667,16.6667,20.0,18.1818,15.3846,16.6667,H,64.635,1.9493,25.7749,0.8584,17.2611,1.6081,ScotishPremierLeague
SC0,02/01/2013,St Mirren,Kilmarnock,D,2.6,3.25,2.7,2.5,3.2,2.6,2.55,3.1,2.55,2.5,3.3,2.75,2.62,3.25,2.62,2012/13,€9.45m,€9.30m,2.55,3.4,2.8,38.4615,40.0,38.1679,39.2157,39.2157,40.0,30.7692,31.25,30.7692,32.2581,29.4118,30.303,37.037,38.4615,38.1679,39.2157,35.7143,36.3636,H,39.1768,0.76,30.7936,0.9491,37.4933,1.3423,ScotishPremierLeague
SC0,03/01/2013,Hearts,Hibernian,D,2.1,3.4,3.4,2.05,3.3,3.25,2.1,3.1,3.2,2.25,3.3,3.1,2.15,3.25,3.4,2012/13,€11.93m,€11.20m,2.2,3.3,3.6,47.619,48.7805,46.5116,47.619,45.4545,44.4444,29.4118,30.303,30.7692,32.2581,30.303,30.303,29.4118,30.7692,29.4118,31.25,27.7778,32.2581,H,46.7382,1.5927,30.558,0.9427,30.1464,1.5972,ScotishPremierLeague
SC0,19/01/2013,Celtic,Hearts,H,1.29,5.5,9.5,1.26,5.0,9.5,1.3,4.4,8.5,1.28,5.5,10.0,1.33,4.5,11.0,2012/13,€69.28m,€11.93m,1.3,5.25,12.0,77.5194,79.3651,75.188,76.9231,76.9231,78.125,18.1818,20.0,22.2222,22.7273,19.0476,18.1818,10.5263,10.5263,9.0909,11.7647,8.3333,10.0,H,77.3406,1.3949,20.0601,1.9937,10.0402,1.2052,ScotishPremierLeague
SC0,19/01/2013,Hibernian,Dundee,D,1.57,4.0,5.5,1.53,3.8,5.5,1.5,3.8,5.5,1.57,4.0,5.5,1.73,3.5,5.0,2012/13,€11.20m,€6.75m,1.7,3.9,5.25,63.6943,65.3595,57.8035,66.6667,58.8235,63.6943,25.0,26.3158,28.5714,26.3158,25.641,25.0,18.1818,18.1818,20.0,18.1818,19.0476,18.1818,H,62.6736,3.5717,26.1407,1.3283,18.6291,0.7556,ScotishPremierLeague
SC0,19/01/2013,Inverness C,Aberdeen,H,2.5,3.3,2.75,2.35,3.3,2.7,2.3,3.2,2.75,2.37,3.4,2.87,2.62,3.1,2.8,2012/13,€6.65m,€9.75m,2.55,3.5,2.8,40.0,42.5532,38.1679,43.4783,39.2157,42.1941,30.303,30.303,32.2581,31.25,28.5714,29.4118,36.3636,37.037,35.7143,36.3636,35.7143,34.8432,H,40.9349,2.1052,30.3496,1.3038,36.006,0.7538,ScotishPremierLeague
SC0,19/01/2013,Kilmarnock,Dundee United,A,2.8,3.3,2.5,2.65,3.2,2.45,2.55,3.1,2.55,2.8,3.25,2.5,3.0,3.2,2.4,2012/13,€9.30m,€8.13m,3.0,3.5,2.4,35.7143,37.7358,33.3333,39.2157,33.3333,35.7143,30.303,31.25,31.25,32.2581,28.5714,30.7692,40.0,40.8163,41.6667,39.2157,41.6667,40.0,A,35.8411,2.349,30.7336,1.2425,40.5609,0.9949,ScotishPremierLeague
SC0,19/01/2013,St Mirren,Ross County,A,2.1,3.4,3.4,2.05,3.25,3.3,2.1,3.1,3.2,2.25,3.2,3.2,2.25,3.2,3.3,2012/13,€9.45m,€8.00m,2.2,3.4,3.4,47.619,48.7805,44.4444,47.619,45.4545,44.4444,29.4118,30.7692,31.25,32.2581,29.4118,31.25,29.4118,30.303,30.303,31.25,29.4118,31.25,H,46.3936,1.8537,30.7252,1.1272,30.3216,0.8222,ScotishPremierLeague
SC0,20/01/2013,Motherwell,St Johnstone,H,2.0,3.4,3.75,1.95,3.3,3.5,1.9,3.2,3.6,2.0,3.4,3.75,2.15,3.2,3.5,2012/13,€10.60m,€10.25m,2.1,3.4,3.6,50.0,51.2821,46.5116,52.6316,47.619,50.0,29.4118,30.303,31.25,31.25,29.4118,29.4118,26.6667,28.5714,28.5714,27.7778,27.7778,26.6667,H,49.674,2.2702,30.1731,0.9028,27.672,0.8557,ScotishPremierLeague
SC0,22/01/2013,Celtic,Dundee United,H,1.33,5.0,9.0,1.26,5.5,8.0,1.25,4.8,9.5,1.33,5.0,10.0,1.3,5.0,10.0,2012/13,€69.28m,€8.13m,1.33,5.25,10.5,75.188,79.3651,76.9231,80.0,75.188,75.188,20.0,18.1818,20.0,20.8333,19.0476,20.0,11.1111,12.5,10.0,10.5263,9.5238,10.0,H,76.9754,2.2112,19.6771,0.9254,10.6102,1.0728,ScotishPremierLeague
SC0,26/01/2013,Dundee United,Ross County,D,1.83,3.5,4.33,1.8,3.4,4.0,1.8,3.2,4.0,1.83,3.5,4.33,1.91,3.3,4.2,2012/13,€8.13m,€8.00m,1.91,3.6,4.2,54.6448,55.5556,52.356,55.5556,52.356,54.6448,28.5714,29.4118,30.303,31.25,27.7778,28.5714,23.0947,25.0,23.8095,25.0,23.8095,23.0947,H,54.1855,1.4745,29.3142,1.2805,23.9681,0.8609,ScotishPremierLeague
SC0,27/01/2013,Aberdeen,Hibernian,D,2.05,3.4,3.5,2.0,3.25,3.4,2.0,3.2,3.3,2.15,3.4,3.3,2.15,3.2,3.5,2012/13,€9.75m,€11.20m,2.05,3.5,3.7,48.7805,50.0,46.5116,50.0,48.7805,46.5116,29.4118,30.7692,31.25,31.25,28.5714,29.4118,28.5714,29.4118,28.5714,30.303,27.027,30.303,H,48.4307,1.5834,30.1107,1.1292,29.0313,1.2506,ScotishPremierLeague
SC0,27/01/2013,Dundee,Kilmarnock,D,3.1,3.25,2.3,3.0,3.3,2.15,3.2,3.1,2.1,3.1,3.3,2.3,3.1,3.1,2.4,2012/13,€6.75m,€9.30m,3.12,3.4,2.38,32.2581,33.3333,32.2581,31.25,32.0513,32.2581,30.7692,30.303,32.2581,32.2581,29.4118,30.303,43.4783,46.5116,41.6667,47.619,42.0168,43.4783,A,32.2348,0.6651,30.8839,1.1517,44.1284,2.4178,ScotishPremierLeague
SC0,30/01/2013,Celtic,Kilmarnock,H,1.2,6.0,15.0,1.2,6.25,9.5,1.22,5.0,10.0,1.22,6.0,12.0,1.22,5.5,15.0,2012/13,€69.28m,€9.30m,1.22,6.5,15.0,83.3333,83.3333,81.9672,81.9672,81.9672,81.9672,16.6667,16.0,18.1818,20.0,15.3846,16.6667,6.6667,10.5263,6.6667,10.0,6.6667,8.3333,H,82.4226,0.7055,17.15,1.6789,8.1433,1.7722,ScotishPremierLeague
SC0,30/01/2013,Hearts,Dundee,H,1.62,3.75,5.5,1.55,3.75,5.25,1.55,3.7,5.0,1.57,4.0,5.5,1.67,3.4,6.0,2012/13,€11.93m,€6.75m,1.65,3.9,5.75,61.7284,64.5161,59.8802,64.5161,60.6061,63.6943,26.6667,26.6667,29.4118,27.027,25.641,25.0,18.1818,19.0476,16.6667,20.0,17.3913,18.1818,H,62.4902,2.0298,26.7355,1.5144,18.2449,1.1792,ScotishPremierLeague
SC0,30/01/2013,Ross County,Hibernian,H,2.4,3.4,2.8,2.25,3.3,2.85,2.4,3.1,2.7,2.6,3.3,2.62,2.5,3.2,2.8,2012/13,€8.00m,€11.20m,2.6,3.3,2.8,41.6667,44.4444,40.0,41.6667,38.4615,38.4615,29.4118,30.303,31.25,32.2581,30.303,30.303,35.7143,35.0877,35.7143,37.037,35.7143,38.1679,H,40.7835,2.2961,30.6382,0.9838,36.2393,1.141,ScotishPremierLeague
SC0,30/01/2013,St Johnstone,Aberdeen,H,2.5,3.4,2.7,2.4,3.25,2.65,2.4,3.1,2.7,2.4,3.4,2.8,2.5,3.2,2.88,2012/13,€10.25m,€9.75m,2.55,3.3,2.88,40.0,41.6667,40.0,41.6667,39.2157,41.6667,29.4118,30.7692,31.25,32.2581,30.303,29.4118,37.037,37.7358,34.7222,37.037,34.7222,35.7143,H,40.7026,1.0942,30.5673,1.1051,36.1614,1.2926,ScotishPremierLeague
SC0,30/01/2013,St Mirren,Inverness C,H,2.88,3.4,2.38,2.65,3.2,2.45,2.8,3.1,2.3,2.7,3.4,2.5,3.0,3.2,2.4,2012/13,€9.45m,€6.65m,2.9,3.4,2.45,34.7222,37.7358,33.3333,35.7143,34.4828,37.037,29.4118,31.25,31.25,32.2581,29.4118,29.4118,42.0168,40.8163,41.6667,43.4783,40.8163,40.0,A,35.5042,1.6578,30.4989,1.2465,41.4657,1.2154,ScotishPremierLeague
SC0,02/02/2013,Ross County,Hearts,D,2.88,3.4,2.38,2.7,3.1,2.45,2.7,3.1,2.4,2.7,3.3,2.6,2.88,3.0,2.3,2012/13,€8.00m,€11.93m,3.0,3.3,2.45,34.7222,37.037,34.7222,37.037,33.3333,37.037,29.4118,32.2581,33.3333,32.2581,30.303,30.303,42.0168,40.8163,43.4783,41.6667,40.8163,38.4615,A,35.6481,1.6037,31.3112,1.5181,41.2093,1.6655,ScotishPremierLeague
SC0,08/02/2013,Dundee,Ross County,A,3.1,3.25,2.3,2.9,3.0,2.35,2.6,3.1,2.5,2.9,3.3,2.37,2.88,3.2,2.38,2012/13,€6.75m,€8.00m,3.2,3.2,2.45,32.2581,34.4828,34.7222,38.4615,31.25,34.4828,30.7692,33.3333,31.25,32.2581,31.25,30.303,43.4783,42.5532,42.0168,40.0,40.8163,42.1941,A,34.2762,2.4913,31.5273,1.0976,41.8431,1.2476,ScotishPremierLeague
SC0,09/02/2013,Aberdeen,St Mirren,D,2.0,3.5,3.6,1.91,3.4,3.5,1.9,3.2,3.6,2.05,3.3,3.6,2.1,3.3,3.5,2012/13,€9.75m,€9.45m,2.1,3.5,3.7,50.0,52.356,47.619,52.6316,47.619,48.7805,28.5714,29.4118,30.303,31.25,28.5714,30.303,27.7778,28.5714,28.5714,27.7778,27.027,27.7778,H,49.8344,2.2422,29.7351,1.0726,27.9172,0.5842,ScotishPremierLeague
SC0,09/02/2013,Dundee United,Hearts,H,2.3,3.4,3.0,2.2,3.25,2.95,2.2,3.1,3.0,2.37,3.25,3.0,2.6,3.2,2.75,2012/13,€8.13m,€11.93m,2.5,3.3,3.0,43.4783,45.4545,38.4615,45.4545,40.0,42.1941,29.4118,30.7692,31.25,32.2581,30.303,30.7692,33.3333,33.8983,36.3636,33.3333,33.3333,33.3333,H,42.5072,2.8659,30.7936,0.9491,33.9325,1.2122,ScotishPremierLeague
SC0,09/02/2013,Inverness C,Celtic,A,5.5,3.75,1.62,5.5,3.75,1.53,4.8,3.6,1.6,6.0,4.0,1.53,5.0,4.2,1.53,2012/13,€6.65m,€69.28m,6.25,3.9,1.65,18.1818,18.1818,20.0,20.8333,16.0,16.6667,26.6667,26.6667,23.8095,27.7778,25.641,25.0,61.7284,65.3595,65.3595,62.5,60.6061,65.3595,A,18.3106,1.8597,25.927,1.4103,63.4855,2.1394,ScotishPremierLeague
SC0,09/02/2013,Kilmarnock,Motherwell,H,3.1,3.5,2.2,2.9,3.2,2.25,3.0,3.1,2.2,3.0,3.4,2.3,3.1,3.1,2.38,2012/13,€9.30m,€10.60m,3.12,3.4,2.3,32.2581,34.4828,32.2581,33.3333,32.0513,33.3333,28.5714,31.25,32.2581,32.2581,29.4118,29.4118,45.4545,44.4444,42.0168,45.4545,43.4783,43.4783,A,32.9528,0.939,30.5269,1.6017,44.0545,1.3333,ScotishPremierLeague
SC0,11/02/2013,Hibernian,St Johnstone,A,2.4,3.4,2.8,2.4,3.2,2.7,2.4,3.1,2.7,2.4,3.3,2.9,2.62,3.1,2.75,2012/13,€11.20m,€10.25m,2.62,3.4,2.9,41.6667,41.6667,38.1679,41.6667,38.1679,41.6667,29.4118,31.25,32.2581,32.2581,29.4118,30.303,35.7143,37.037,36.3636,37.037,34.4828,34.4828,H,40.5004,1.8068,30.8155,1.308,35.8529,1.1695,ScotishPremierLeague
SC0,13/02/2013,Inverness C,Kilmarnock,D,1.8,3.75,4.2,1.83,3.4,3.9,1.85,3.2,3.8,1.83,3.4,4.33,1.85,3.6,4.0,2012/13,€6.65m,€9.30m,1.83,3.9,4.2,55.5556,54.6448,54.0541,54.0541,54.6448,54.6448,26.6667,29.4118,27.7778,31.25,25.641,29.4118,23.8095,25.641,25.0,26.3158,23.8095,23.0947,H,54.5997,0.5505,28.3598,2.0574,24.6118,1.2412,ScotishPremierLeague
SC0,15/02/2013,Aberdeen,Dundee,H,1.5,4.0,7.0,1.5,4.0,5.5,1.5,3.8,5.5,1.53,3.8,6.5,1.5,3.75,6.5,2012/13,€9.75m,€6.75m,1.53,4.1,7.0,66.6667,66.6667,66.6667,66.6667,65.3595,65.3595,25.0,25.0,26.6667,26.3158,24.3902,26.3158,14.2857,18.1818,15.3846,18.1818,14.2857,15.3846,H,66.231,0.675,25.6147,0.9322,15.9507,1.7967,ScotishPremierLeague
SC0,16/02/2013,Celtic,Dundee United,H,1.3,5.5,9.0,1.3,4.75,8.25,1.33,4.2,8.0,1.33,5.5,8.0,1.36,4.5,9.0,2012/13,€69.28m,€8.13m,1.36,5.5,9.5,76.9231,76.9231,73.5294,75.188,73.5294,75.188,18.1818,21.0526,22.2222,23.8095,18.1818,18.1818,11.1111,12.1212,11.1111,12.5,10.5263,12.5,H,75.2135,1.5178,20.2716,2.4509,11.645,0.8379,ScotishPremierLeague
SC0,16/02/2013,Hearts,Kilmarnock,A,1.91,3.4,4.0,1.9,3.4,3.6,2.0,3.2,3.3,2.0,3.3,3.75,1.91,3.4,4.0,2012/13,€11.93m,€9.30m,1.9,3.6,4.2,52.356,52.6316,52.356,50.0,52.6316,50.0,29.4118,29.4118,29.4118,31.25,27.7778,30.303,25.0,27.7778,25.0,30.303,23.8095,26.6667,H,51.6625,1.2937,29.5944,1.1527,26.4262,2.3592,ScotishPremierLeague
SC0,16/02/2013,Motherwell,Inverness C,H,2.2,3.4,3.2,2.1,3.2,3.2,2.1,3.1,3.2,2.2,3.4,3.2,2.3,3.2,3.2,2012/13,€10.60m,€6.65m,2.25,3.5,3.2,45.4545,47.619,43.4783,47.619,44.4444,45.4545,29.4118,31.25,31.25,32.2581,28.5714,29.4118,31.25,31.25,31.25,31.25,31.25,31.25,H,45.6783,1.673,30.3588,1.4272,31.25,0.0,ScotishPremierLeague
SC0,16/02/2013,Ross County,St Johnstone,H,2.8,3.25,2.5,2.65,3.25,2.4,2.5,3.1,2.6,2.62,3.3,2.6,2.88,3.1,2.5,2012/13,€8.00m,€10.25m,2.8,3.25,2.62,35.7143,37.7358,34.7222,40.0,35.7143,38.1679,30.7692,30.7692,32.2581,32.2581,30.7692,30.303,40.0,41.6667,40.0,38.4615,38.1679,38.4615,A,37.0091,1.9697,31.1878,0.8485,39.4596,1.3503,ScotishPremierLeague
SC0,16/02/2013,St Mirren,Hibernian,A,2.3,3.3,3.1,2.3,3.25,2.8,2.3,3.1,2.8,2.3,3.4,3.0,2.3,3.2,3.2,2012/13,€9.45m,€11.20m,2.3,3.4,3.25,43.4783,43.4783,43.4783,43.4783,43.4783,43.4783,30.303,30.7692,31.25,32.2581,29.4118,29.4118,32.2581,35.7143,31.25,35.7143,30.7692,33.3333,H,43.4783,0.0,30.5673,1.1051,33.1732,2.1566,ScotishPremierLeague
SC0,19/02/2013,Motherwell,Dundee United,A,2.0,3.6,3.5,2.1,3.3,3.1,2.1,3.2,3.1,2.2,3.3,3.3,2.1,3.4,3.4,2012/13,€10.60m,€8.13m,2.1,3.6,3.5,50.0,47.619,47.619,47.619,47.619,45.4545,27.7778,30.303,29.4118,31.25,27.7778,30.303,28.5714,32.2581,29.4118,32.2581,28.5714,30.303,H,47.6551,1.4385,29.4706,1.4343,30.229,1.6972,ScotishPremierLeague
SC0,19/02/2013,St Johnstone,Celtic,D,7.0,4.33,1.44,6.0,4.1,1.45,6.0,3.9,1.45,7.0,4.2,1.45,7.5,4.2,1.44,2012/13,€10.25m,€69.28m,7.0,4.5,1.5,14.2857,16.6667,13.3333,16.6667,14.2857,14.2857,23.0947,24.3902,23.8095,25.641,22.2222,23.8095,69.4444,68.9655,69.4444,68.9655,66.6667,68.9655,A,14.9206,1.4019,23.8278,1.1593,68.742,1.0434,ScotishPremierLeague
SC0,23/02/2013,Hearts,Inverness C,A,2.3,3.3,3.1,2.2,3.2,3.0,2.3,3.1,2.8,2.37,3.3,2.9,2.3,3.2,3.1,2012/13,€11.93m,€6.65m,2.3,3.5,3.25,43.4783,45.4545,43.4783,43.4783,43.4783,42.1941,30.303,31.25,31.25,32.2581,28.5714,30.303,32.2581,33.3333,32.2581,35.7143,30.7692,34.4828,H,43.5936,1.0464,30.6559,1.2544,33.136,1.7688,ScotishPremierLeague
SC0,23/02/2013,Kilmarnock,Aberdeen,D,2.9,3.3,2.4,2.7,3.2,2.4,2.7,3.1,2.4,2.75,3.3,2.5,2.9,3.1,2.5,2012/13,€9.30m,€9.75m,3.0,3.4,2.5,34.4828,37.037,34.4828,37.037,33.3333,36.3636,30.303,31.25,32.2581,32.2581,29.4118,30.303,41.6667,41.6667,40.0,41.6667,40.0,40.0,A,35.4561,1.5635,30.964,1.1588,40.8334,0.9129,ScotishPremierLeague
SC0,23/02/2013,Ross County,Motherwell,H,3.1,3.4,2.25,2.8,3.25,2.3,3.0,3.1,2.2,2.87,3.4,2.37,3.1,3.1,2.4,2012/13,€8.00m,€10.60m,3.2,3.4,2.4,32.2581,35.7143,32.2581,33.3333,31.25,34.8432,29.4118,30.7692,32.2581,32.2581,29.4118,29.4118,44.4444,43.4783,41.6667,45.4545,41.6667,42.1941,A,33.2762,1.7077,30.5868,1.3973,43.1508,1.5753,ScotishPremierLeague
SC0,23/02/2013,St Johnstone,St Mirren,H,2.2,3.3,3.25,2.05,3.3,3.2,2.1,3.1,3.2,2.2,3.3,3.25,2.3,3.1,3.2,2012/13,€10.25m,€9.45m,2.3,3.5,3.3,45.4545,48.7805,43.4783,47.619,43.4783,45.4545,30.303,30.303,32.2581,32.2581,28.5714,30.303,30.7692,31.25,31.25,31.25,30.303,30.7692,H,45.7108,2.1524,30.6661,1.4037,30.9319,0.3878,ScotishPremierLeague
SC0,24/02/2013,Celtic,Dundee,H,1.11,8.5,23.0,1.12,7.25,14.5,1.12,6.5,14.0,1.14,7.5,19.0,1.14,7.0,21.0,2012/13,€69.28m,€6.75m,1.14,8.5,23.0,90.0901,89.2857,87.7193,89.2857,87.7193,87.7193,11.7647,13.7931,14.2857,15.3846,11.7647,13.3333,4.3478,6.8966,4.7619,7.1429,4.3478,5.2632,H,88.6366,1.0469,13.3877,1.4304,5.46,1.2567,ScotishPremierLeague
SC0,24/02/2013,Dundee United,Hibernian,D,1.95,3.5,3.8,1.9,3.4,3.6,1.9,3.2,3.6,1.95,3.6,3.8,2.0,3.3,3.8,2012/13,€8.13m,€11.20m,2.0,3.6,3.9,51.2821,52.6316,50.0,52.6316,50.0,51.2821,28.5714,29.4118,30.303,31.25,27.7778,27.7778,26.3158,27.7778,26.3158,27.7778,25.641,26.3158,H,51.3046,1.177,29.182,1.4073,26.6907,0.8817,ScotishPremierLeague
SC0,26/02/2013,Aberdeen,Ross County,A,2.0,3.25,3.9,1.91,3.4,3.5,2.0,3.2,3.3,2.1,3.25,3.6,2.2,3.2,3.4,2012/13,€9.75m,€8.00m,2.15,3.4,3.8,50.0,52.356,45.4545,50.0,46.5116,47.619,30.7692,29.4118,31.25,31.25,29.4118,30.7692,25.641,28.5714,29.4118,30.303,26.3158,27.7778,H,48.6568,2.5778,30.477,0.8527,28.0035,1.793,ScotishPremierLeague
SC0,27/02/2013,Dundee,St Johnstone,D,4.2,3.3,1.91,3.7,3.3,1.9,4.0,3.2,1.8,3.75,3.4,2.0,4.0,3.4,1.91,2012/13,€6.75m,€10.25m,4.4,3.5,1.92,23.8095,27.027,25.0,25.0,22.7273,26.6667,30.303,30.303,29.4118,31.25,28.5714,29.4118,52.356,52.6316,52.356,55.5556,52.0833,50.0,A,25.0384,1.6407,29.8752,0.9365,52.4971,1.7787,ScotishPremierLeague
SC0,27/02/2013,Hibernian,Kilmarnock,D,2.3,3.3,3.1,2.15,3.2,3.1,2.2,3.1,3.0,2.3,3.3,3.1,2.3,3.2,3.2,2012/13,€11.20m,€9.30m,2.3,3.5,3.2,43.4783,46.5116,43.4783,45.4545,43.4783,43.4783,30.303,31.25,31.25,32.2581,28.5714,30.303,32.2581,32.2581,31.25,33.3333,31.25,32.2581,H,44.3132,1.3359,30.6559,1.2544,32.1013,0.7799,ScotishPremierLeague
SC0,27/02/2013,Inverness C,Dundee United,D,2.4,3.5,2.75,2.45,3.2,2.65,2.2,3.1,3.0,2.4,3.4,2.8,2.4,3.3,2.9,2012/13,€6.65m,€8.13m,2.4,3.7,2.9,41.6667,40.8163,41.6667,45.4545,41.6667,41.6667,28.5714,31.25,30.303,32.2581,27.027,29.4118,36.3636,37.7358,34.4828,33.3333,34.4828,35.7143,H,42.1563,1.6512,29.8036,1.884,35.3521,1.5763,ScotishPremierLeague
SC0,27/02/2013,Motherwell,Celtic,H,6.0,4.0,1.55,5.25,3.8,1.55,5.0,3.7,1.55,6.0,3.75,1.57,6.0,3.8,1.57,2012/13,€10.60m,€69.28m,6.5,4.3,1.55,16.6667,19.0476,16.6667,20.0,15.3846,16.6667,25.0,26.3158,26.3158,27.027,23.2558,26.6667,64.5161,64.5161,63.6943,64.5161,64.5161,63.6943,A,17.4054,1.7407,25.7635,1.4067,64.2422,0.4244,ScotishPremierLeague
SC0,27/02/2013,St Mirren,Hearts,H,2.7,3.25,2.6,2.55,3.25,2.5,2.6,3.1,2.5,2.6,3.25,2.7,2.8,3.1,2.62,2012/13,€9.45m,€11.93m,2.88,3.4,2.6,37.037,39.2157,35.7143,38.4615,34.7222,38.4615,30.7692,30.7692,32.2581,32.2581,29.4118,30.7692,38.4615,40.0,38.1679,40.0,38.4615,37.037,A,37.2687,1.7658,31.0393,1.0806,38.688,1.1438,ScotishPremierLeague
SC0,02/03/2013,Hearts,Motherwell,A,2.5,3.3,2.8,2.45,3.25,2.6,2.6,3.1,2.5,2.5,3.2,2.5,2.62,3.1,2.8,2012/13,€11.93m,€10.60m,2.62,3.3,2.88,40.0,40.8163,38.1679,38.4615,38.1679,40.0,30.303,30.7692,32.2581,32.2581,30.303,31.25,35.7143,38.4615,35.7143,40.0,34.7222,40.0,H,39.2689,1.1437,31.1902,0.8984,37.4354,2.3449,ScotishPremierLeague
SC0,02/03/2013,Ross County,Inverness C,D,2.8,3.3,2.5,2.6,3.2,2.5,2.5,3.1,2.6,2.37,3.25,2.5,2.8,3.1,2.62,2012/13,€8.00m,€6.65m,2.8,3.4,2.62,35.7143,38.4615,35.7143,40.0,35.7143,42.1941,30.303,31.25,32.2581,32.2581,29.4118,30.7692,40.0,40.0,38.1679,38.4615,38.1679,40.0,A,37.9664,2.7375,31.0417,1.1206,39.1329,0.9559,ScotishPremierLeague
SC0,05/03/2013,Hearts,St Johnstone,H,2.5,3.25,2.8,2.3,3.25,2.8,2.55,3.1,2.55,2.5,3.25,2.8,2.5,3.2,2.88,2012/13,€11.93m,€10.25m,2.62,3.3,2.88,40.0,43.4783,40.0,39.2157,38.1679,40.0,30.7692,30.7692,31.25,32.2581,30.303,30.7692,35.7143,35.7143,34.7222,39.2157,34.7222,35.7143,H,40.1436,1.7859,31.0198,0.6765,35.9672,1.664,ScotishPremierLeague
SC0,06/03/2013,Dundee,St Mirren,H,3.4,3.4,2.1,3.3,3.1,2.1,2.8,3.1,2.3,3.2,3.3,2.2,3.5,3.1,2.2,2012/13,€6.75m,€9.45m,3.4,3.5,2.2,29.4118,30.303,28.5714,35.7143,29.4118,31.25,29.4118,32.2581,32.2581,32.2581,28.5714,30.303,47.619,47.619,45.4545,43.4783,45.4545,45.4545,A,30.777,2.5852,30.8434,1.6436,45.8466,1.5718,ScotishPremierLeague
SC0,09/03/2013,Aberdeen,Motherwell,D,2.5,3.3,2.8,2.55,3.25,2.5,2.6,3.1,2.5,2.62,3.3,2.6,2.62,3.1,2.8,2012/13,€9.75m,€10.60m,2.6,3.3,2.8,40.0,39.2157,38.1679,38.4615,38.4615,38.1679,30.303,30.7692,32.2581,32.2581,30.303,30.303,35.7143,40.0,35.7143,40.0,35.7143,38.4615,H,38.7458,0.7243,31.0324,0.9664,37.6007,2.1415,ScotishPremierLeague
SC0,09/03/2013,Dundee,Inverness C,D,4.2,3.5,1.85,3.5,3.4,1.91,3.8,3.2,1.85,4.0,3.6,1.85,4.0,3.1,2.05,2012/13,€6.75m,€6.65m,4.0,3.5,1.95,23.8095,28.5714,25.0,26.3158,25.0,25.0,28.5714,29.4118,32.2581,31.25,28.5714,27.7778,54.0541,52.356,48.7805,54.0541,51.2821,54.0541,A,25.6161,1.6508,29.6401,1.7464,52.4302,2.1239,ScotishPremierLeague
SC0,09/03/2013,Ross County,Celtic,H,8.0,4.5,1.4,7.25,4.5,1.35,6.0,3.9,1.45,8.0,4.33,1.4,8.0,4.0,1.44,2012/13,€8.00m,€69.28m,8.0,4.5,1.44,12.5,13.7931,12.5,16.6667,12.5,12.5,22.2222,22.2222,25.0,25.641,22.2222,23.0947,71.4286,74.0741,69.4444,68.9655,69.4444,71.4286,A,13.41,1.6772,23.4004,1.5386,70.7976,1.9262,ScotishPremierLeague
SC0,09/03/2013,St Johnstone,Kilmarnock,H,1.91,3.5,4.0,1.95,3.2,3.6,2.0,3.2,3.3,2.0,3.3,3.75,2.05,3.1,4.0,2012/13,€10.25m,€9.30m,2.0,3.4,4.2,52.356,51.2821,48.7805,50.0,50.0,50.0,28.5714,31.25,32.2581,31.25,29.4118,30.303,25.0,27.7778,25.0,30.303,23.8095,26.6667,H,50.4031,1.2415,30.5074,1.3534,26.4262,2.3592,ScotishPremierLeague
SC0,09/03/2013,St Mirren,Dundee United,D,2.7,3.25,2.6,2.5,3.2,2.6,2.55,3.1,2.55,2.75,3.3,2.5,2.7,3.1,2.7,2012/13,€9.45m,€8.13m,2.7,3.4,2.62,37.037,40.0,37.037,39.2157,37.037,36.3636,30.7692,31.25,32.2581,32.2581,29.4118,30.303,38.4615,38.4615,37.037,39.2157,38.1679,40.0,A,37.7817,1.4596,31.0417,1.1206,38.5573,0.9996,ScotishPremierLeague
SC0,10/03/2013,Hibernian,Hearts,D,2.7,3.25,2.6,2.4,3.25,2.65,2.4,3.1,2.7,2.5,3.3,2.8,2.7,3.1,2.7,2012/13,€11.20m,€11.93m,2.7,3.3,2.7,37.037,41.6667,37.037,41.6667,37.037,40.0,30.7692,30.7692,32.2581,32.2581,30.303,30.303,38.4615,37.7358,37.037,37.037,37.037,35.7143,H,39.0741,2.313,31.1101,0.9134,37.1704,0.9122,ScotishPremierLeague
SC0,15/03/2013,Motherwell,Hibernian,H,2.05,3.4,3.6,1.87,3.4,3.7,2.0,3.2,3.3,2.0,3.4,3.75,1.8,3.3,3.75,2012/13,€10.60m,€11.20m,2.05,3.6,3.7,48.7805,53.4759,55.5556,50.0,48.7805,50.0,29.4118,29.4118,30.303,31.25,27.7778,29.4118,27.7778,27.027,26.6667,30.303,27.027,26.6667,H,51.0988,2.7813,29.5944,1.1527,27.578,1.3953,ScotishPremierLeague
SC0,16/03/2013,Celtic,Aberdeen,H,1.29,5.5,9.5,1.25,5.0,9.75,1.3,4.4,8.5,1.3,5.5,9.0,1.33,4.5,11.0,2012/13,€69.28m,€9.75m,1.33,5.4,9.5,77.5194,80.0,75.188,76.9231,75.188,76.9231,18.1818,20.0,22.2222,22.7273,18.5185,18.1818,10.5263,10.2564,9.0909,11.7647,10.5263,11.1111,H,76.9569,1.7797,19.9719,2.0581,10.546,0.8952,ScotishPremierLeague
SC0,16/03/2013,Inverness C,Ross County,H,2.2,3.3,3.25,2.1,3.2,3.2,2.3,3.1,2.8,2.3,3.25,3.1,2.4,3.1,3.1,2012/13,€6.65m,€8.00m,2.38,3.4,3.12,45.4545,47.619,41.6667,43.4783,42.0168,43.4783,30.303,31.25,32.2581,32.2581,29.4118,30.7692,30.7692,31.25,32.2581,35.7143,32.0513,32.2581,H,43.9523,2.2415,31.0417,1.1206,32.3835,1.7394,ScotishPremierLeague
SC0,17/03/2013,Dundee United,Dundee,D,1.62,3.8,5.5,1.48,4.1,5.5,1.6,3.6,4.8,1.61,3.8,5.5,1.67,3.2,6.5,2012/13,€8.13m,€6.75m,1.65,4.0,5.75,61.7284,67.5676,59.8802,62.5,60.6061,62.1118,26.3158,24.3902,31.25,27.7778,25.0,26.3158,18.1818,18.1818,15.3846,20.8333,17.3913,18.1818,H,62.399,2.7135,26.8416,2.4603,18.0258,1.7512,ScotishPremierLeague
SC0,30/03/2013,Aberdeen,Hearts,H,2.4,3.25,2.9,2.2,3.25,2.95,2.2,3.1,3.0,2.3,3.25,3.1,2.6,3.1,2.8,2012/13,€9.75m,€11.93m,2.55,3.25,3.0,41.6667,45.4545,38.4615,45.4545,39.2157,43.4783,30.7692,30.7692,32.2581,32.2581,30.7692,30.7692,34.4828,33.8983,35.7143,33.3333,33.3333,32.2581,H,42.2885,3.0311,31.2655,0.7689,33.8367,1.1786,ScotishPremierLeague
SC0,30/03/2013,Dundee,Motherwell,A,4.2,3.6,1.83,4.0,3.4,1.8,3.7,3.3,1.85,4.33,3.4,1.83,3.75,3.6,1.91,2012/13,€6.75m,€10.60m,4.5,3.75,1.85,23.8095,25.0,26.6667,27.027,22.2222,23.0947,27.7778,29.4118,27.7778,30.303,26.6667,29.4118,54.6448,55.5556,52.356,54.0541,54.0541,54.6448,A,24.6367,1.9421,28.5582,1.3636,54.2182,1.0653,ScotishPremierLeague
SC0,30/03/2013,Hibernian,Inverness C,A,2.5,3.4,2.7,2.4,3.2,2.7,2.3,3.1,2.8,2.5,3.4,2.7,2.6,3.1,2.8,2012/13,€11.20m,€6.65m,2.62,3.4,2.8,40.0,41.6667,38.4615,43.4783,38.1679,40.0,29.4118,31.25,32.2581,32.2581,29.4118,29.4118,37.037,37.037,35.7143,35.7143,35.7143,37.037,H,40.2957,2.0038,30.6669,1.4234,36.3756,0.7245,ScotishPremierLeague
SC0,30/03/2013,Ross County,Kilmarnock,A,2.1,3.5,3.25,2.15,3.3,3.0,2.1,3.1,3.2,2.2,3.4,3.2,2.25,3.1,3.4,2012/13,€8.00m,€9.30m,2.2,3.5,3.5,47.619,46.5116,44.4444,47.619,45.4545,45.4545,28.5714,30.303,32.2581,32.2581,28.5714,29.4118,30.7692,33.3333,29.4118,31.25,28.5714,31.25,H,46.1838,1.2897,30.229,1.6972,30.7643,1.6559,ScotishPremierLeague
SC0,31/03/2013,St Mirren,Celtic,D,7.0,4.5,1.44,7.25,4.5,1.35,6.5,4.0,1.4,7.5,4.5,1.4,7.5,3.75,1.5,2012/13,€9.45m,€69.28m,7.5,4.6,1.45,14.2857,13.7931,13.3333,15.3846,13.3333,13.3333,22.2222,22.2222,26.6667,25.0,21.7391,22.2222,69.4444,74.0741,66.6667,71.4286,68.9655,71.4286,A,13.9106,0.8157,23.3454,2.0067,70.3347,2.5494,ScotishPremierLeague
SC0,01/04/2013,St Johnstone,Dundee United,D,2.4,3.4,2.8,2.5,3.25,2.55,2.4,3.1,2.7,2.5,3.4,2.7,2.6,3.1,2.8,2012/13,€10.25m,€8.13m,2.5,3.4,2.9,41.6667,40.0,38.4615,41.6667,40.0,40.0,29.4118,30.7692,32.2581,32.2581,29.4118,29.4118,35.7143,39.2157,35.7143,37.037,34.4828,37.037,H,40.2992,1.2154,30.5868,1.3973,36.5335,1.6278,ScotishPremierLeague
SC0,03/04/2013,Kilmarnock,St Mirren,D,2.38,3.3,2.8,2.15,3.3,3.0,2.2,3.1,3.0,2.2,3.25,3.25,2.45,3.4,2.8,2012/13,€9.30m,€9.45m,2.3,3.2,3.1,42.0168,46.5116,40.8163,45.4545,43.4783,45.4545,30.303,30.303,29.4118,32.2581,31.25,30.7692,35.7143,33.3333,35.7143,33.3333,32.2581,30.7692,H,43.9553,2.2302,30.7158,0.9704,33.5204,1.9421,ScotishPremierLeague
SC0,05/04/2013,Inverness C,St Johnstone,D,2.38,3.4,2.9,2.3,3.2,2.85,2.2,3.1,3.0,2.25,3.4,3.1,2.2,3.1,2.88,2012/13,€6.65m,€10.25m,2.45,3.4,2.9,42.0168,43.4783,45.4545,45.4545,40.8163,44.4444,29.4118,31.25,32.2581,32.2581,29.4118,29.4118,34.4828,35.0877,34.7222,33.3333,34.4828,32.2581,H,43.6108,1.89,30.6669,1.4234,34.0612,1.0609,ScotishPremierLeague
SC0,06/04/2013,Celtic,Hibernian,H,1.25,5.75,11.0,1.22,5.5,10.0,1.3,4.6,8.0,1.28,5.5,10.0,1.3,5.0,11.0,2012/13,€69.28m,€11.20m,1.29,5.75,13.0,80.0,81.9672,76.9231,76.9231,77.5194,78.125,17.3913,18.1818,20.0,21.7391,17.3913,18.1818,9.0909,10.0,9.0909,12.5,7.6923,10.0,H,78.5763,2.0155,18.8142,1.7211,9.729,1.5992,ScotishPremierLeague
SC0,06/04/2013,Dundee United,Aberdeen,H,2.3,3.25,3.1,2.25,3.2,2.9,2.2,3.1,3.0,2.3,3.4,3.0,2.4,3.4,2.88,2012/13,€8.13m,€9.75m,2.5,3.4,2.9,43.4783,44.4444,41.6667,45.4545,40.0,43.4783,30.7692,31.25,29.4118,32.2581,29.4118,29.4118,32.2581,34.4828,34.7222,33.3333,34.4828,33.3333,H,43.087,1.9647,30.4188,1.2032,33.7688,0.9581,ScotishPremierLeague
SC0,06/04/2013,Hearts,Ross County,H,2.2,3.3,3.25,2.2,3.25,2.95,2.2,3.1,3.0,2.3,3.3,3.1,2.38,3.1,3.1,2012/13,€11.93m,€8.00m,2.3,3.3,3.25,45.4545,45.4545,42.0168,45.4545,43.4783,43.4783,30.303,30.7692,32.2581,32.2581,30.303,30.303,30.7692,33.8983,32.2581,33.3333,30.7692,32.2581,H,44.2228,1.4509,31.0324,0.9664,32.2144,1.286,ScotishPremierLeague
SC0,06/04/2013,Kilmarnock,Dundee,A,1.67,3.75,5.0,1.6,3.6,5.0,1.55,3.7,5.0,1.66,3.75,5.0,1.73,3.5,5.0,2012/13,€9.30m,€6.75m,1.7,3.8,5.2,59.8802,62.5,57.8035,64.5161,58.8235,60.241,26.6667,27.7778,28.5714,27.027,26.3158,26.6667,20.0,20.0,20.0,20.0,19.2308,20.0,H,60.6274,2.4724,27.1709,0.8474,19.8718,0.314,ScotishPremierLeague
SC0,06/04/2013,Motherwell,St Mirren,D,1.91,3.4,4.0,1.9,3.3,3.7,1.85,3.2,3.8,1.9,3.4,4.0,2.0,3.2,4.0,2012/13,€10.60m,€9.45m,1.95,3.6,3.9,52.356,52.6316,50.0,54.0541,51.2821,52.6316,29.4118,30.303,31.25,31.25,27.7778,29.4118,25.0,27.027,25.0,26.3158,25.641,25.0,H,52.1592,1.3789,29.9007,1.3257,25.664,0.8492,ScotishPremierLeague
SC0,19/04/2013,Dundee United,Motherwell,A,2.63,3.4,2.55,2.45,3.25,2.6,2.55,3.1,2.55,2.6,3.3,2.62,2.6,3.4,2.5,2012/13,€8.13m,€10.60m,2.7,3.5,2.62,38.0228,40.8163,38.4615,39.2157,37.037,38.4615,29.4118,30.7692,29.4118,32.2581,28.5714,30.303,39.2157,38.4615,40.0,39.2157,38.1679,38.1679,A,38.6691,1.271,30.1209,1.2983,38.8715,0.7306,ScotishPremierLeague
SC0,20/04/2013,Kilmarnock,Hearts,A,2.9,3.25,2.4,2.65,3.25,2.4,2.55,3.1,2.55,2.75,3.25,2.5,3.0,3.1,2.5,2012/13,€9.30m,€11.93m,3.0,3.3,2.5,34.4828,37.7358,33.3333,39.2157,33.3333,36.3636,30.7692,30.7692,32.2581,32.2581,30.303,30.7692,41.6667,41.6667,40.0,39.2157,40.0,40.0,A,35.7441,2.4338,31.1878,0.8485,40.4248,1.0088,ScotishPremierLeague
SC0,20/04/2013,St Mirren,Dundee,A,1.73,3.5,5.0,1.72,3.4,4.5,1.7,3.4,4.3,1.75,3.5,4.8,1.75,3.4,5.0,2012/13,€9.45m,€6.75m,1.75,3.7,5.25,57.8035,58.1395,57.1429,58.8235,57.1429,57.1429,28.5714,29.4118,29.4118,29.4118,27.027,28.5714,20.0,22.2222,20.0,23.2558,19.0476,20.8333,H,57.6992,0.6924,28.7342,0.9322,20.8932,1.5718,ScotishPremierLeague
SC0,21/04/2013,Celtic,Inverness C,H,1.36,4.6,8.5,1.35,4.5,7.25,1.35,4.2,7.5,1.36,4.59,8.5,1.4,4.5,8.0,2012/13,€69.28m,€6.65m,1.4,5.0,8.5,73.5294,74.0741,71.4286,74.0741,71.4286,73.5294,21.7391,22.2222,22.2222,23.8095,20.0,21.7865,11.7647,13.7931,12.5,13.3333,11.7647,11.7647,H,73.0107,1.2495,21.9633,1.223,12.4868,0.893,ScotishPremierLeague
SC0,21/04/2013,St Johnstone,Ross County,D,2.2,3.4,3.2,2.15,3.3,3.0,2.2,3.1,3.0,2.25,3.25,3.2,2.3,3.2,3.2,2012/13,€10.25m,€8.00m,2.3,3.4,3.4,45.4545,46.5116,43.4783,45.4545,43.4783,44.4444,29.4118,30.303,31.25,32.2581,29.4118,30.7692,31.25,33.3333,31.25,33.3333,29.4118,31.25,H,44.8036,1.2171,30.5673,1.1051,31.6381,1.4937,ScotishPremierLeague
SC0,22/04/2013,Hibernian,Aberdeen,D,2.8,3.25,2.5,2.6,3.25,2.45,2.6,3.1,2.5,2.62,3.3,2.62,2.8,3.1,2.62,2012/13,€11.20m,€9.75m,2.9,3.3,2.62,35.7143,38.4615,35.7143,38.4615,34.4828,38.1679,30.7692,30.7692,32.2581,32.2581,30.303,30.303,40.0,40.8163,38.1679,40.0,38.1679,38.1679,A,36.8337,1.7385,31.1101,0.9134,39.22,1.1904,ScotishPremierLeague
SC0,26/04/2013,Ross County,Dundee United,H,2.38,3.25,3.0,2.35,3.2,2.75,2.2,3.1,3.0,2.5,3.3,2.75,2.38,3.1,2.62,2012/13,€8.00m,€8.13m,2.38,3.4,3.0,42.0168,42.5532,42.0168,45.4545,42.0168,40.0,30.7692,31.25,32.2581,32.2581,29.4118,30.303,33.3333,36.3636,38.1679,33.3333,33.3333,36.3636,H,42.343,1.7626,31.0417,1.1206,35.1492,2.0955,ScotishPremierLeague
SC0,27/04/2013,Aberdeen,Kilmarnock,H,1.91,3.3,4.2,1.9,3.3,3.7,1.9,3.2,3.6,1.95,3.3,4.0,1.95,3.3,4.0,2012/13,€9.75m,€9.30m,1.91,3.4,4.4,52.356,52.6316,51.2821,52.6316,52.356,51.2821,30.303,30.303,30.303,31.25,29.4118,30.303,23.8095,27.027,25.0,27.7778,22.7273,25.0,H,52.0899,0.6377,30.3123,0.5815,25.2236,1.903,ScotishPremierLeague
SC0,27/04/2013,Dundee,Hearts,H,3.5,3.25,2.1,3.3,3.25,2.05,3.1,3.2,2.1,3.4,3.4,2.1,3.75,3.1,2.1,2012/13,€6.75m,€11.93m,4.0,3.3,2.05,28.5714,30.303,26.6667,32.2581,25.0,29.4118,30.7692,30.7692,32.2581,31.25,30.303,29.4118,47.619,48.7805,47.619,47.619,48.7805,47.619,A,28.7018,2.5914,30.7936,0.9491,48.0062,0.5998,ScotishPremierLeague
SC0,27/04/2013,Hibernian,St Mirren,D,2.25,3.4,3.1,2.15,3.2,3.1,2.1,3.1,3.2,2.2,3.3,3.2,2.4,3.1,3.1,2012/13,€11.20m,€9.45m,2.3,3.4,3.1,44.4444,46.5116,41.6667,47.619,43.4783,45.4545,29.4118,31.25,32.2581,32.2581,29.4118,30.303,32.2581,32.2581,32.2581,31.25,32.2581,31.25,H,44.8624,2.1435,30.8155,1.308,31.9221,0.5206,ScotishPremierLeague
SC0,27/04/2013,St Johnstone,Inverness C,H,2.3,3.25,3.1,2.25,3.2,2.9,2.3,3.1,2.8,2.37,3.3,2.9,2.4,3.1,3.1,2012/13,€10.25m,€6.65m,2.3,3.5,3.12,43.4783,44.4444,41.6667,43.4783,43.4783,42.1941,30.7692,31.25,32.2581,32.2581,28.5714,30.303,32.2581,34.4828,32.2581,35.7143,32.0513,34.4828,H,43.1233,1.0108,30.9016,1.3862,33.5412,1.5497,ScotishPremierLeague
SC0,28/04/2013,Motherwell,Celtic,H,4.33,3.6,1.8,4.4,3.5,1.7,3.5,3.3,1.9,4.33,3.6,1.8,4.2,3.6,1.83,2012/13,€10.60m,€69.28m,4.4,3.8,1.83,23.0947,22.7273,23.8095,28.5714,22.7273,23.0947,27.7778,28.5714,27.7778,30.303,26.3158,27.7778,55.5556,58.8235,54.6448,52.6316,54.6448,55.5556,A,24.0042,2.2721,28.0873,1.3091,55.3093,2.026,ScotishPremierLeague
SC0,04/05/2013,Dundee United,St Johnstone,A,2.55,3.4,2.63,2.4,3.2,2.7,2.6,3.1,2.5,2.4,3.4,2.8,2.7,3.0,2.8,2012/13,€8.13m,€10.25m,2.7,3.4,2.75,39.2157,41.6667,37.037,38.4615,37.037,41.6667,29.4118,31.25,33.3333,32.2581,29.4118,29.4118,38.0228,37.037,35.7143,40.0,36.3636,35.7143,H,39.1808,2.1009,30.8461,1.7038,37.142,1.6515,ScotishPremierLeague
SC0,04/05/2013,Hearts,St Mirren,H,2.1,3.4,3.4,2.0,3.25,3.4,2.1,3.1,3.2,2.1,3.4,3.4,2.2,3.1,3.5,2012/13,€11.93m,€9.45m,2.2,3.4,3.6,47.619,50.0,45.4545,47.619,45.4545,47.619,29.4118,30.7692,32.2581,32.2581,29.4118,29.4118,29.4118,29.4118,28.5714,31.25,27.7778,29.4118,H,47.2943,1.6975,30.5868,1.3973,29.3058,1.1565,ScotishPremierLeague
SC0,04/05/2013,Inverness C,Motherwell,H,2.88,3.3,2.4,2.7,3.2,2.4,2.7,3.1,2.4,2.75,3.3,2.5,2.9,3.4,2.38,2012/13,€6.65m,€10.60m,2.88,3.5,2.45,34.7222,37.037,34.4828,37.037,34.7222,36.3636,30.303,31.25,29.4118,32.2581,28.5714,30.303,41.6667,41.6667,42.0168,41.6667,40.8163,40.0,A,35.7275,1.2169,30.3496,1.3038,41.3055,0.7538,ScotishPremierLeague
SC0,05/05/2013,Dundee,Aberdeen,D,3.4,3.4,2.1,3.2,3.2,2.1,3.1,3.2,2.1,3.2,3.3,2.2,3.5,3.2,2.15,2012/13,€6.75m,€9.75m,3.6,3.4,2.1,29.4118,31.25,28.5714,32.2581,27.7778,31.25,29.4118,31.25,31.25,31.25,29.4118,30.303,47.619,47.619,46.5116,47.619,47.619,45.4545,A,30.0865,1.7609,30.4794,0.9047,47.0737,0.9085,ScotishPremierLeague
SC0,05/05/2013,Ross County,Celtic,D,5.0,3.8,1.67,4.6,3.6,1.65,4.2,3.3,1.75,5.0,3.75,1.66,4.8,3.3,1.8,2012/13,€8.00m,€69.28m,4.8,3.8,1.75,20.0,21.7391,20.8333,23.8095,20.8333,20.0,26.3158,27.7778,30.303,30.303,26.3158,26.6667,59.8802,60.6061,55.5556,57.1429,57.1429,60.241,A,21.2025,1.4317,27.947,1.9022,58.4281,2.083,ScotishPremierLeague
SC0,11/05/2013,Celtic,St Johnstone,H,1.44,4.33,7.0,1.48,4.1,5.5,1.4,4.0,6.5,1.44,4.33,7.0,1.53,4.0,6.0,2012/13,€69.28m,€10.25m,1.53,4.5,6.5,69.4444,67.5676,65.3595,71.4286,65.3595,69.4444,23.0947,24.3902,25.0,25.0,22.2222,23.0947,14.2857,18.1818,16.6667,15.3846,15.3846,14.2857,H,68.1007,2.4494,23.8003,1.1587,15.6982,1.5029,ScotishPremierLeague
SC0,11/05/2013,Dundee,Kilmarnock,A,2.75,3.3,2.5,2.85,3.3,2.25,2.7,3.2,2.3,2.8,3.25,2.5,2.7,3.1,2.7,2012/13,€6.75m,€9.30m,2.75,3.3,2.7,36.3636,35.0877,37.037,37.037,36.3636,35.7143,30.303,30.303,32.2581,31.25,30.303,30.7692,40.0,44.4444,37.037,43.4783,37.037,40.0,A,36.2672,0.7617,30.8644,0.7805,40.3328,3.1224,ScotishPremierLeague
SC0,11/05/2013,Inverness C,Dundee United,A,2.0,3.6,3.5,2.0,3.25,3.4,1.75,3.4,4.0,2.0,3.6,3.5,2.05,3.3,3.75,2012/13,€6.65m,€8.13m,2.0,3.8,3.5,50.0,50.0,48.7805,57.1429,50.0,50.0,27.7778,30.7692,30.303,29.4118,26.3158,27.7778,28.5714,29.4118,26.6667,25.0,28.5714,28.5714,H,50.9872,3.0548,28.7259,1.7169,27.7988,1.6436,ScotishPremierLeague
SC0,11/05/2013,St Mirren,Aberdeen,D,2.8,3.25,2.5,2.5,3.25,2.55,2.5,3.1,2.6,2.62,3.3,2.6,2.7,3.1,2.7,2012/13,€9.45m,€9.75m,2.88,3.25,2.7,35.7143,40.0,37.037,40.0,34.7222,38.1679,30.7692,30.7692,32.2581,32.2581,30.7692,30.303,40.0,39.2157,37.037,38.4615,37.037,38.4615,A,37.6069,2.1907,31.1878,0.8485,38.3688,1.1784,ScotishPremierLeague
SC0,12/05/2013,Hearts,Hibernian,A,2.05,3.3,3.6,2.1,3.2,3.2,2.1,3.2,3.1,2.2,3.3,3.3,2.2,3.1,3.5,2012/13,€11.93m,€11.20m,2.15,3.4,3.5,48.7805,47.619,45.4545,47.619,46.5116,45.4545,30.303,31.25,32.2581,31.25,29.4118,30.303,27.7778,31.25,28.5714,32.2581,28.5714,30.303,H,46.9065,1.3341,30.796,0.9952,29.7886,1.761,ScotishPremierLeague
SC0,12/05/2013,Motherwell,Ross County,H,1.95,3.4,3.8,1.87,3.4,3.7,1.9,3.2,3.5,1.95,3.6,3.6,2.05,3.3,3.6,2012/13,€10.60m,€8.00m,2.05,3.7,3.6,51.2821,53.4759,48.7805,52.6316,48.7805,51.2821,29.4118,29.4118,30.303,31.25,27.027,27.7778,26.3158,27.027,27.7778,28.5714,27.7778,27.7778,H,51.0388,1.9388,29.1969,1.5655,27.5413,0.774,ScotishPremierLeague
SC0,15/05/2013,Kilmarnock,Hibernian,A,2.5,3.25,2.8,2.35,3.2,2.75,2.4,3.2,2.6,2.25,3.2,2.7,2.62,3.1,2.8,2012/13,€9.30m,€11.20m,2.6,3.4,2.8,40.0,42.5532,38.1679,41.6667,38.4615,44.4444,30.7692,31.25,32.2581,31.25,29.4118,31.25,35.7143,36.3636,35.7143,38.4615,35.7143,37.037,H,40.8823,2.4537,31.0315,0.9317,36.5008,1.096,ScotishPremierLeague
SC0,18/05/2013,Aberdeen,Hearts,D,2.1,3.3,3.5,2.1,3.2,3.2,2.1,3.1,3.2,2.2,3.3,3.3,2.2,3.2,3.4,2012/13,€9.75m,€11.93m,2.15,3.3,3.6,47.619,47.619,45.4545,47.619,46.5116,45.4545,30.303,31.25,31.25,32.2581,30.303,30.303,28.5714,31.25,29.4118,31.25,27.7778,30.303,H,46.7129,1.065,30.9445,0.7933,29.7607,1.4282,ScotishPremierLeague
SC0,18/05/2013,Hibernian,Dundee,H,1.85,3.5,4.2,1.8,3.4,4.0,1.7,3.5,4.1,1.73,3.75,4.5,1.83,3.5,4.33,2012/13,€11.20m,€6.75m,1.87,3.8,4.0,54.0541,55.5556,54.6448,58.8235,53.4759,57.8035,28.5714,29.4118,28.5714,28.5714,26.3158,26.6667,23.8095,25.0,23.0947,24.3902,25.0,22.2222,H,55.7262,2.1432,28.0181,1.2317,23.9194,1.1072,ScotishPremierLeague
SC0,18/05/2013,Kilmarnock,St Mirren,A,2.5,3.3,2.8,2.3,3.2,2.85,2.2,3.1,3.0,2.25,3.4,3.1,2.5,3.2,2.8,2012/13,€9.30m,€9.45m,2.5,3.4,2.8,40.0,43.4783,40.0,45.4545,40.0,44.4444,30.303,31.25,31.25,32.2581,29.4118,29.4118,35.7143,35.0877,35.7143,33.3333,35.7143,32.2581,H,42.2295,2.521,30.6474,1.1395,34.637,1.4862,ScotishPremierLeague
SC0,19/05/2013,Dundee United,Celtic,A,5.0,4.0,1.62,4.5,3.6,1.67,4.3,3.4,1.7,5.0,3.75,1.67,5.0,3.5,1.73,2012/13,€8.13m,€69.28m,5.0,4.1,1.67,20.0,22.2222,20.0,23.2558,20.0,20.0,25.0,27.7778,28.5714,29.4118,24.3902,26.6667,61.7284,59.8802,57.8035,58.8235,59.8802,59.8802,A,20.913,1.4517,26.9696,1.9904,59.666,1.3092,ScotishPremierLeague
SC0,19/05/2013,Ross County,Inverness C,H,2.7,3.4,2.5,2.75,3.2,2.35,2.9,3.2,2.2,2.8,3.4,2.4,2.75,3.1,2.62,2012/13,€8.00m,€6.65m,2.8,3.5,2.55,37.037,36.3636,36.3636,34.4828,35.7143,35.7143,29.4118,31.25,32.2581,31.25,28.5714,29.4118,40.0,42.5532,38.1679,45.4545,39.2157,41.6667,A,35.9459,0.8703,30.3588,1.4272,41.1763,2.6351,ScotishPremierLeague
SC0,19/05/2013,St Johnstone,Motherwell,H,2.2,3.3,3.25,2.2,3.3,2.9,2.1,3.2,3.1,2.2,3.4,3.2,2.4,3.1,3.1,2012/13,€10.25m,€10.60m,2.3,3.3,3.3,45.4545,45.4545,41.6667,47.619,43.4783,45.4545,30.303,30.303,32.2581,31.25,30.303,29.4118,30.7692,34.4828,32.2581,32.2581,30.303,31.25,H,44.8546,2.0386,30.6382,0.9838,31.8869,1.4952,ScotishPremierLeague
SC0,02/08/2013,Partick,Dundee United,D,2.88,3.3,2.4,2.85,3.1,2.35,2.8,3.1,2.3,2.8,3.3,2.4,2.7,3.2,2.3,2013/14,€6.63m,€10.65m,2.88,3.4,2.45,34.7222,35.0877,37.037,35.7143,34.7222,35.7143,30.303,32.2581,31.25,32.2581,29.4118,30.303,41.6667,42.5532,43.4783,43.4783,40.8163,41.6667,A,35.4996,0.8757,30.964,1.1588,42.2766,1.0808,ScotishPremierLeague
SC0,03/08/2013,Aberdeen,Kilmarnock,H,1.85,3.5,4.0,1.91,3.4,3.5,2.0,3.2,3.3,1.95,3.3,4.0,1.95,3.2,3.4,2013/14,€10.93m,€9.60m,1.95,3.4,4.0,54.0541,52.356,51.2821,50.0,51.2821,51.2821,28.5714,29.4118,31.25,31.25,29.4118,30.303,25.0,28.5714,29.4118,30.303,25.0,25.0,H,51.7094,1.3701,30.033,1.0902,27.2144,2.4868,ScotishPremierLeague
SC0,03/08/2013,Celtic,Ross County,H,1.25,5.5,12.0,1.22,5.75,9.25,1.25,4.8,9.5,1.25,6.0,10.0,1.25,4.8,9.0,2013/14,€68.53m,€7.68m,1.25,6.0,12.0,80.0,81.9672,80.0,80.0,80.0,80.0,18.1818,17.3913,20.8333,20.8333,16.6667,16.6667,8.3333,10.8108,11.1111,10.5263,8.3333,10.0,H,80.3279,0.8031,18.4288,1.9448,9.8525,1.2324,ScotishPremierLeague
SC0,03/08/2013,Inverness C,St Mirren,H,1.95,3.4,3.9,1.9,3.3,3.7,1.9,3.2,3.6,1.9,3.5,3.8,1.91,3.4,3.3,2013/14,€5.80m,€9.60m,1.95,3.6,3.75,51.2821,52.6316,52.356,52.6316,51.2821,52.6316,29.4118,30.303,29.4118,31.25,27.7778,28.5714,25.641,27.027,30.303,27.7778,26.6667,26.3158,H,52.1358,0.6699,29.4543,1.2279,27.2886,1.6396,ScotishPremierLeague
SC0,04/08/2013,Hibernian,Motherwell,A,3.0,3.25,2.38,3.1,3.25,2.45,2.7,3.1,2.4,2.87,3.3,2.4,2.7,3.2,2.3,2013/14,€9.58m,€7.70m,3.0,3.4,2.3,33.3333,32.2581,37.037,37.037,33.3333,34.8432,30.7692,30.7692,31.25,32.2581,29.4118,30.303,42.0168,40.8163,43.4783,41.6667,43.4783,41.6667,A,34.6403,2.0308,30.7936,0.9491,42.1872,1.0756,ScotishPremierLeague
SC0,04/08/2013,St Johnstone,Hearts,H,2.0,3.3,3.8,2.05,3.1,3.5,2.1,3.1,3.2,1.95,3.4,3.75,2.0,3.1,3.4,2013/14,€10.13m,€5.15m,2.05,3.3,3.9,50.0,48.7805,50.0,47.619,48.7805,51.2821,30.303,32.2581,32.2581,32.2581,30.303,29.4118,26.3158,28.5714,29.4118,31.25,25.641,26.6667,H,49.4104,1.2807,31.132,1.2758,27.9761,2.1475,ScotishPremierLeague
SC0,10/08/2013,Dundee United,Inverness C,A,2.3,3.25,2.88,2.25,3.2,2.9,2.3,3.1,2.8,2.25,3.25,3.2,2.4,3.1,3.1,2013/14,€10.65m,€5.80m,2.4,3.5,3.0,43.4783,44.4444,41.6667,43.4783,41.6667,44.4444,30.7692,31.25,32.2581,32.2581,28.5714,30.7692,34.7222,34.4828,32.2581,35.7143,33.3333,31.25,H,43.1965,1.2613,30.9793,1.3587,33.6268,1.6673,ScotishPremierLeague
SC0,10/08/2013,Ross County,Partick,A,2.0,3.3,3.75,1.95,3.2,3.6,2.1,3.1,3.2,2.0,3.4,3.6,2.15,3.1,3.6,2013/14,€7.68m,€6.63m,2.15,3.3,3.6,50.0,51.2821,46.5116,47.619,46.5116,50.0,30.303,31.25,32.2581,32.2581,30.303,29.4118,26.6667,27.7778,27.7778,31.25,27.7778,27.7778,H,48.6541,2.0387,30.964,1.1588,28.1713,1.5724,ScotishPremierLeague
SC0,11/08/2013,Hearts,Hibernian,H,2.25,3.4,2.8,2.25,3.2,2.9,2.3,3.1,2.8,2.4,3.3,2.87,2.3,3.1,3.0,2013/14,€5.15m,€9.58m,2.38,3.25,3.2,44.4444,44.4444,43.4783,43.4783,42.0168,41.6667,29.4118,31.25,32.2581,32.2581,30.7692,30.303,35.7143,34.4828,33.3333,35.7143,31.25,34.8432,H,43.2548,1.1819,31.0417,1.1206,34.223,1.7047,ScotishPremierLeague
SC0,11/08/2013,Kilmarnock,St Johnstone,D,3.2,3.25,2.25,3.0,3.2,2.2,2.7,3.1,2.4,2.75,3.25,2.5,2.8,3.2,2.38,2013/14,€9.60m,€10.13m,3.2,3.3,2.38,31.25,33.3333,35.7143,37.037,31.25,36.3636,30.7692,31.25,31.25,32.2581,30.303,30.7692,44.4444,45.4545,42.0168,41.6667,42.0168,40.0,A,34.158,2.5756,31.0999,0.6694,42.5999,1.9931,ScotishPremierLeague
SC0,11/08/2013,Motherwell,Aberdeen,A,2.3,3.25,2.88,2.3,3.25,2.8,2.3,3.1,2.8,2.37,3.3,2.9,2.38,3.1,2.88,2013/14,€7.70m,€10.93m,2.45,3.3,2.9,43.4783,43.4783,42.0168,43.4783,40.8163,42.1941,30.7692,30.7692,32.2581,32.2581,30.303,30.303,34.7222,35.7143,34.7222,35.7143,34.4828,34.4828,H,42.577,1.0952,31.1101,0.9134,34.9731,0.584,ScotishPremierLeague
SC0,16/08/2013,Partick,Hearts,D,2.15,3.2,3.5,2.15,3.3,3.0,2.2,3.1,3.0,2.2,3.25,3.25,2.25,3.1,3.4,2013/14,€6.63m,€5.15m,2.25,3.2,3.6,46.5116,46.5116,44.4444,45.4545,44.4444,45.4545,31.25,30.303,32.2581,32.2581,31.25,30.7692,28.5714,33.3333,29.4118,33.3333,27.7778,30.7692,H,45.4702,0.9246,31.3481,0.7878,30.5328,2.3848,ScotishPremierLeague
SC0,17/08/2013,Aberdeen,Celtic,A,4.2,3.3,1.91,3.75,3.4,1.85,3.3,3.2,2.0,3.8,3.5,1.95,3.6,3.4,1.91,2013/14,€10.93m,€68.53m,3.9,3.5,2.0,23.8095,26.6667,27.7778,30.303,25.641,26.3158,30.303,29.4118,29.4118,31.25,28.5714,28.5714,52.356,54.0541,52.356,50.0,50.0,51.2821,A,26.7523,2.1795,29.5866,1.0395,51.6747,1.5718,ScotishPremierLeague
SC0,17/08/2013,Hibernian,Dundee United,D,2.75,3.2,2.55,2.7,3.0,2.5,2.6,3.1,2.5,2.62,3.25,2.62,2.7,3.1,2.5,2013/14,€9.58m,€10.65m,2.8,3.25,2.62,36.3636,37.037,37.037,38.4615,35.7143,38.1679,31.25,33.3333,32.2581,32.2581,30.7692,30.7692,39.2157,40.0,40.0,40.0,38.1679,38.1679,A,37.1302,1.0449,31.773,1.0192,39.2586,0.8978,ScotishPremierLeague
SC0,17/08/2013,Inverness C,Motherwell,H,2.38,3.25,3.0,2.4,3.25,2.65,2.3,3.1,2.8,2.5,3.3,2.8,2.5,3.2,2.6,2013/14,€5.80m,€7.70m,2.6,3.3,2.8,42.0168,41.6667,40.0,43.4783,38.4615,40.0,30.7692,30.7692,31.25,32.2581,30.303,30.303,33.3333,37.7358,38.4615,35.7143,35.7143,35.7143,H,40.9372,1.7911,30.9421,0.7353,36.1123,1.8085,ScotishPremierLeague
SC0,17/08/2013,St Johnstone,Ross County,H,1.85,3.5,4.2,1.8,3.4,4.0,1.8,3.3,3.9,1.9,3.25,4.33,1.85,3.2,4.2,2013/14,€10.13m,€7.68m,2.0,3.3,4.2,54.0541,55.5556,54.0541,55.5556,50.0,52.6316,28.5714,29.4118,31.25,30.303,30.303,30.7692,23.8095,25.0,23.8095,25.641,23.8095,23.0947,H,53.6418,2.0952,30.1014,0.9657,24.194,0.9376,ScotishPremierLeague
SC0,17/08/2013,St Mirren,Kilmarnock,D,2.3,3.3,3.1,2.25,3.2,2.9,2.3,3.0,2.9,2.4,3.3,2.87,2.3,3.2,2.88,2013/14,€9.60m,€9.60m,2.5,3.3,3.0,43.4783,44.4444,43.4783,43.4783,40.0,41.6667,30.303,31.25,31.25,33.3333,30.303,30.303,32.2581,34.4828,34.7222,34.4828,33.3333,34.8432,H,42.7577,1.6247,31.1237,1.1777,34.0204,1.0173,ScotishPremierLeague
SC0,24/08/2013,Celtic,Inverness C,D,1.44,4.33,7.0,1.4,4.1,7.25,1.35,4.2,7.5,1.44,4.5,6.5,1.44,4.33,7.0,2013/14,€68.53m,€5.80m,1.5,4.5,6.5,69.4444,71.4286,69.4444,74.0741,66.6667,69.4444,23.0947,24.3902,23.0947,23.8095,22.2222,22.2222,14.2857,13.7931,14.2857,13.3333,15.3846,15.3846,H,70.0838,2.4752,23.1389,0.8602,14.4112,0.8331,ScotishPremierLeague
SC0,24/08/2013,Dundee United,St Johnstone,H,2.63,3.25,2.63,2.4,3.25,2.65,2.4,3.1,2.7,2.6,3.2,2.75,2.3,3.1,2.75,2013/14,€10.65m,€10.13m,2.7,3.25,2.75,38.0228,41.6667,43.4783,41.6667,37.037,38.4615,30.7692,30.7692,32.2581,32.2581,30.7692,31.25,38.0228,37.7358,36.3636,37.037,36.3636,36.3636,H,40.0555,2.557,31.3456,0.7309,36.9811,0.7486,ScotishPremierLeague
SC0,24/08/2013,Hearts,Aberdeen,H,3.25,3.5,2.1,3.1,3.2,2.15,3.0,3.1,2.2,3.1,3.4,2.25,3.0,3.1,2.15,2013/14,€5.15m,€10.93m,3.6,3.25,2.2,30.7692,32.2581,33.3333,33.3333,27.7778,32.2581,28.5714,31.25,32.2581,32.2581,30.7692,29.4118,47.619,46.5116,46.5116,45.4545,45.4545,44.4444,A,31.6216,2.1058,30.7531,1.5057,45.9993,1.1099,ScotishPremierLeague
SC0,24/08/2013,Kilmarnock,Hibernian,A,2.3,3.25,3.1,2.3,3.2,2.85,2.3,3.1,2.8,2.4,3.25,2.9,2.3,3.1,2.75,2013/14,€9.60m,€9.58m,2.4,3.3,3.1,43.4783,43.4783,43.4783,43.4783,41.6667,41.6667,30.7692,31.25,32.2581,32.2581,30.303,30.7692,32.2581,35.0877,36.3636,35.7143,32.2581,34.4828,H,42.8744,0.9355,31.2679,0.8234,34.3608,1.7452,ScotishPremierLeague
SC0,24/08/2013,Motherwell,Partick,H,2.1,3.4,3.4,1.87,3.3,3.8,2.0,3.2,3.3,1.9,3.4,4.0,1.8,3.25,3.75,2013/14,€7.70m,€6.63m,2.15,3.4,3.6,47.619,53.4759,55.5556,50.0,46.5116,52.6316,29.4118,30.303,30.7692,31.25,29.4118,29.4118,29.4118,26.3158,26.6667,30.303,27.7778,25.0,H,50.9656,3.5246,30.0929,0.804,27.5792,1.9949,ScotishPremierLeague
SC0,24/08/2013,Ross County,St Mirren,H,2.5,3.2,2.8,2.45,3.1,2.7,2.6,3.1,2.5,2.4,3.25,2.9,2.3,3.1,2.75,2013/14,€7.68m,€9.60m,2.55,3.25,2.9,40.0,40.8163,43.4783,38.4615,39.2157,41.6667,31.25,32.2581,32.2581,32.2581,30.7692,30.7692,35.7143,37.037,36.3636,40.0,34.4828,34.4828,H,40.6064,1.8066,31.5938,0.7486,36.3468,2.0577,ScotishPremierLeague
SC0,31/08/2013,Aberdeen,St Johnstone,D,2.25,3.25,3.25,2.15,3.3,3.0,2.0,3.2,3.3,2.1,3.3,3.5,2.05,3.25,3.4,2013/14,€10.93m,€10.13m,2.3,3.3,3.3,44.4444,46.5116,48.7805,50.0,43.4783,47.619,30.7692,30.303,30.7692,31.25,30.303,30.303,30.7692,33.3333,29.4118,30.303,30.303,28.5714,H,46.8056,2.5099,30.6162,0.3854,30.4486,1.6165,ScotishPremierLeague
SC0,31/08/2013,Dundee United,Celtic,A,6.0,4.1,1.53,5.25,3.8,1.55,5.0,3.7,1.55,5.5,3.8,1.61,5.5,3.8,1.55,2013/14,€10.65m,€68.53m,5.75,4.33,1.57,16.6667,19.0476,18.1818,20.0,17.3913,18.1818,24.3902,26.3158,26.3158,27.027,23.0947,26.3158,65.3595,64.5161,64.5161,64.5161,63.6943,62.1118,A,18.2449,1.1792,25.5766,1.504,64.119,1.1154,ScotishPremierLeague
SC0,31/08/2013,Hibernian,Ross County,D,2.38,3.4,2.88,2.2,3.25,2.95,2.4,3.1,2.7,2.3,3.4,3.0,2.38,3.2,2.8,2013/14,€9.58m,€7.68m,2.4,3.4,3.0,42.0168,45.4545,42.0168,41.6667,41.6667,43.4783,29.4118,30.7692,31.25,32.2581,29.4118,29.4118,34.7222,33.8983,35.7143,37.037,33.3333,33.3333,H,42.7166,1.5007,30.4188,1.2032,34.6731,1.4741,ScotishPremierLeague
SC0,31/08/2013,Inverness C,Hearts,H,1.75,3.6,4.75,1.78,3.5,4.0,1.75,3.3,4.2,1.83,3.4,4.5,1.75,3.5,4.33,2013/14,€5.80m,€5.15m,1.75,3.8,4.8,57.1429,56.1798,57.1429,57.1429,57.1429,54.6448,27.7778,28.5714,28.5714,30.303,26.3158,29.4118,21.0526,25.0,23.0947,23.8095,20.8333,22.2222,H,56.566,1.017,28.4919,1.37,22.6687,1.6185,ScotishPremierLeague
SC0,31/08/2013,Motherwell,Kilmarnock,H,1.91,3.5,4.0,1.91,3.3,3.6,1.85,3.2,3.8,1.83,3.5,4.2,1.91,3.3,3.8,2013/14,€7.70m,€9.60m,1.9,3.6,4.2,52.356,52.356,52.356,54.0541,52.6316,54.6448,28.5714,30.303,30.303,31.25,27.7778,28.5714,25.0,27.7778,26.3158,26.3158,23.8095,23.8095,H,53.0664,1.0169,29.4628,1.3442,25.5047,1.5802,ScotishPremierLeague
SC0,31/08/2013,St Mirren,Partick,A,2.5,3.3,2.8,2.35,3.25,2.7,2.4,3.1,2.7,2.4,3.3,2.87,2.45,3.1,2.8,2013/14,€9.60m,€6.63m,2.6,3.3,2.8,40.0,42.5532,40.8163,41.6667,38.4615,41.6667,30.303,30.7692,32.2581,32.2581,30.303,30.303,35.7143,37.037,35.7143,37.037,35.7143,34.8432,H,40.8607,1.4603,31.0324,0.9664,36.01,0.8641,ScotishPremierLeague
SC0,14/09/2013,Hearts,Celtic,A,8.5,4.75,1.36,7.25,4.4,1.36,6.5,4.0,1.4,8.0,4.5,1.4,8.0,4.5,1.44,2013/14,€5.15m,€68.53m,8.5,4.75,1.4,11.7647,13.7931,12.5,15.3846,11.7647,12.5,21.0526,22.7273,22.2222,25.0,21.0526,22.2222,73.5294,73.5294,69.4444,71.4286,71.4286,71.4286,A,12.9512,1.4038,22.3795,1.4532,71.7982,1.5456,ScotishPremierLeague
SC0,14/09/2013,Kilmarnock,Inverness C,A,3.8,3.5,1.95,3.2,3.5,2.0,3.3,3.2,2.0,3.4,3.4,2.1,3.75,3.1,2.1,2013/14,€9.60m,€5.80m,3.7,3.6,2.05,26.3158,31.25,26.6667,30.303,27.027,29.4118,28.5714,28.5714,32.2581,31.25,27.7778,29.4118,51.2821,50.0,47.619,50.0,48.7805,47.619,A,28.4957,2.095,29.6401,1.7464,49.2168,1.4689,ScotishPremierLeague
SC0,14/09/2013,Partick,Aberdeen,A,2.6,3.25,2.7,2.65,3.2,2.45,2.6,3.1,2.5,2.62,3.3,2.6,2.75,3.0,2.75,2013/14,€6.63m,€10.93m,2.75,3.2,2.75,38.4615,37.7358,36.3636,38.4615,36.3636,38.1679,30.7692,31.25,33.3333,32.2581,31.25,30.303,37.037,40.8163,36.3636,40.0,36.3636,38.4615,H,37.5923,0.9882,31.5273,1.0976,38.1737,1.9103,ScotishPremierLeague
SC0,14/09/2013,St Johnstone,Hibernian,A,1.83,3.5,4.33,1.83,3.4,3.9,1.75,3.3,4.2,1.83,3.5,4.33,1.91,3.1,4.5,2013/14,€10.13m,€9.58m,1.87,3.5,4.5,54.6448,54.6448,52.356,57.1429,53.4759,54.6448,28.5714,29.4118,32.2581,30.303,28.5714,28.5714,23.0947,25.641,22.2222,23.8095,22.2222,23.0947,H,54.4849,1.5932,29.6145,1.4675,23.3474,1.2755,ScotishPremierLeague
SC0,14/09/2013,St Mirren,Motherwell,A,3.4,3.3,2.15,3.4,3.25,2.0,3.3,3.2,2.0,3.4,3.4,2.1,3.4,3.1,2.25,2013/14,€9.60m,€7.70m,3.4,3.4,2.2,29.4118,29.4118,29.4118,30.303,29.4118,29.4118,30.303,30.7692,32.2581,31.25,29.4118,29.4118,46.5116,50.0,44.4444,50.0,45.4545,47.619,A,29.5603,0.3638,30.5673,1.1051,47.3382,2.3175,ScotishPremierLeague
SC0,15/09/2013,Ross County,Dundee United,A,2.5,3.3,2.8,2.3,3.25,2.8,2.2,3.1,3.0,2.4,3.3,2.87,2.38,3.25,3.0,2013/14,€7.68m,€10.65m,2.6,3.3,2.8,40.0,43.4783,42.0168,45.4545,38.4615,41.6667,30.303,30.7692,30.7692,32.2581,30.303,30.303,35.7143,35.7143,33.3333,33.3333,35.7143,34.8432,H,41.8463,2.4742,30.7842,0.7573,34.7754,1.1669,ScotishPremierLeague
SC0,21/09/2013,Aberdeen,Inverness C,H,2.38,3.5,2.8,2.4,3.25,2.65,2.3,3.1,2.8,2.5,3.3,2.8,2.62,3.1,2.8,2013/14,€10.93m,€5.80m,2.7,3.4,2.7,42.0168,41.6667,38.1679,43.4783,37.037,40.0,28.5714,30.7692,32.2581,32.2581,29.4118,30.303,35.7143,37.7358,35.7143,35.7143,37.037,35.7143,H,40.3944,2.4555,30.5953,1.4928,36.2717,0.8913,ScotishPremierLeague
SC0,21/09/2013,Celtic,St Johnstone,H,1.4,4.75,7.0,1.36,4.33,7.5,1.35,4.2,7.5,1.4,4.5,8.0,1.44,4.0,8.0,2013/14,€68.53m,€10.13m,1.44,4.75,7.5,71.4286,73.5294,69.4444,74.0741,69.4444,71.4286,21.0526,23.0947,25.0,23.8095,21.0526,22.2222,14.2857,13.3333,12.5,13.3333,13.3333,12.5,H,71.5582,1.9588,22.7053,1.5705,13.2143,0.665,ScotishPremierLeague
SC0,21/09/2013,Hibernian,St Mirren,H,2.1,3.4,3.4,1.95,3.3,3.5,2.0,3.2,3.3,2.05,3.3,3.6,2.25,3.2,3.3,2013/14,€9.58m,€9.60m,2.15,3.4,3.6,47.619,51.2821,44.4444,50.0,46.5116,48.7805,29.4118,30.303,31.25,31.25,29.4118,30.303,29.4118,28.5714,30.303,30.303,27.7778,27.7778,H,48.1063,2.4624,30.3216,0.8222,29.0241,1.1604,ScotishPremierLeague
SC0,21/09/2013,Partick,Kilmarnock,D,2.05,3.4,3.5,2.0,3.3,3.4,1.9,3.2,3.6,2.1,3.25,3.6,2.2,3.2,3.4,2013/14,€6.63m,€9.60m,2.15,3.4,3.6,48.7805,50.0,45.4545,52.6316,46.5116,47.619,29.4118,30.303,31.25,31.25,29.4118,30.7692,28.5714,29.4118,29.4118,27.7778,27.7778,27.7778,H,48.4995,2.5847,30.3993,0.8419,28.4547,0.8025,ScotishPremierLeague
SC0,21/09/2013,Ross County,Hearts,H,2.05,3.5,3.4,2.0,3.3,3.4,1.9,3.2,3.6,2.1,3.3,3.5,2.2,3.2,3.4,2013/14,€7.68m,€5.15m,2.15,3.5,3.5,48.7805,50.0,45.4545,52.6316,46.5116,47.619,28.5714,30.303,31.25,31.25,28.5714,30.303,29.4118,29.4118,29.4118,27.7778,28.5714,28.5714,H,48.4995,2.5847,30.0415,1.2149,28.8593,0.671,ScotishPremierLeague
SC0,22/09/2013,Dundee United,Motherwell,D,2.55,3.4,2.63,2.4,3.25,2.65,2.45,3.0,2.55,2.6,3.3,2.62,2.7,3.1,2.7,2013/14,€10.65m,€7.70m,2.62,3.5,2.62,39.2157,41.6667,37.037,40.8163,38.1679,38.4615,29.4118,30.7692,32.2581,33.3333,28.5714,30.303,38.0228,37.7358,37.037,39.2157,38.1679,38.1679,H,39.2275,1.731,30.7745,1.771,38.0578,0.7088,ScotishPremierLeague
SC0,28/09/2013,Hearts,Dundee United,D,3.1,3.4,2.25,2.9,3.3,2.2,2.7,3.1,2.4,2.87,3.4,2.37,3.2,3.2,2.3,2013/14,€5.15m,€10.65m,3.3,3.5,2.2,32.2581,34.4828,31.25,37.037,30.303,34.8432,29.4118,30.303,31.25,32.2581,28.5714,29.4118,44.4444,45.4545,43.4783,41.6667,45.4545,42.1941,A,33.3624,2.5295,30.201,1.3597,43.7821,1.62,ScotishPremierLeague
SC0,28/09/2013,Inverness C,Hibernian,H,1.83,3.75,4.0,1.83,3.4,3.8,1.8,3.2,4.0,1.8,3.5,4.33,1.85,3.5,4.2,2013/14,€5.80m,€9.58m,1.92,3.7,4.0,54.6448,54.6448,54.0541,55.5556,52.0833,55.5556,26.6667,29.4118,28.5714,31.25,27.027,28.5714,25.0,26.3158,23.8095,25.0,25.0,23.0947,H,54.423,1.2864,28.583,1.6669,24.7033,1.1181,ScotishPremierLeague
SC0,28/09/2013,Kilmarnock,Celtic,A,8.0,5.25,1.33,6.75,4.75,1.35,7.0,4.5,1.35,8.0,4.5,1.4,9.0,4.8,1.4,2013/14,€9.60m,€68.53m,9.5,5.25,1.33,12.5,14.8148,11.1111,14.2857,10.5263,12.5,19.0476,21.0526,20.8333,22.2222,19.0476,22.2222,75.188,74.0741,71.4286,74.0741,75.188,71.4286,A,12.623,1.69,20.7376,1.4303,73.5636,1.7271,ScotishPremierLeague
SC0,28/09/2013,Motherwell,Ross County,H,1.8,3.6,4.33,1.8,3.6,3.7,1.8,3.2,4.0,1.83,3.5,4.33,1.85,3.5,4.2,2013/14,€7.70m,€7.68m,1.8,3.75,4.5,55.5556,55.5556,54.0541,55.5556,55.5556,54.6448,27.7778,27.7778,28.5714,31.25,26.6667,28.5714,23.0947,27.027,23.8095,25.0,22.2222,23.0947,H,55.1536,0.6503,28.4358,1.5461,24.0413,1.7314,ScotishPremierLeague
SC0,28/09/2013,St Johnstone,Partick,D,2.05,3.5,3.4,1.85,3.5,3.7,2.1,3.1,3.2,1.95,3.5,3.75,2.05,3.3,3.6,2013/14,€10.13m,€6.63m,2.05,3.5,3.9,48.7805,54.0541,48.7805,47.619,48.7805,51.2821,28.5714,28.5714,30.303,32.2581,28.5714,28.5714,29.4118,27.027,27.7778,31.25,25.641,26.6667,H,49.8828,2.3718,29.4745,1.5295,27.9624,2.0438,ScotishPremierLeague
SC0,30/09/2013,St Mirren,Aberdeen,D,3.75,3.4,2.0,3.5,3.3,1.95,3.6,3.2,1.9,3.75,3.25,2.05,3.8,3.3,2.0,2013/14,€9.60m,€10.93m,4.2,3.5,1.95,26.6667,28.5714,26.3158,27.7778,23.8095,26.6667,29.4118,30.303,30.303,31.25,28.5714,30.7692,50.0,51.2821,50.0,52.6316,51.2821,48.7805,A,26.6346,1.6213,30.1014,0.9657,50.6627,1.3465,ScotishPremierLeague
SC0,05/10/2013,Celtic,Motherwell,H,1.4,4.5,8.0,1.4,4.33,6.5,1.4,4.0,6.5,1.44,4.33,7.0,1.44,4.0,8.0,2013/14,€68.53m,€7.70m,1.36,4.8,9.0,71.4286,71.4286,69.4444,71.4286,73.5294,69.4444,22.2222,23.0947,25.0,25.0,20.8333,23.0947,12.5,15.3846,12.5,15.3846,11.1111,14.2857,H,71.1173,1.5301,23.2075,1.6161,13.5277,1.7563,ScotishPremierLeague
SC0,05/10/2013,Dundee United,Kilmarnock,H,1.75,3.75,4.5,1.78,3.4,4.1,1.75,3.3,4.2,1.8,3.5,4.33,1.8,3.6,4.33,2013/14,€10.65m,€9.60m,1.8,3.9,4.5,57.1429,56.1798,55.5556,57.1429,55.5556,55.5556,26.6667,29.4118,27.7778,30.303,25.641,28.5714,22.2222,24.3902,23.0947,23.8095,22.2222,23.0947,H,56.1887,0.7776,28.062,1.7316,23.1389,0.8602,ScotishPremierLeague
SC0,05/10/2013,Hearts,St Mirren,A,2.2,3.3,3.25,2.1,3.3,3.1,1.9,3.2,3.6,2.2,3.3,3.3,2.3,3.2,3.2,2013/14,€5.15m,€9.60m,2.2,3.4,3.4,45.4545,47.619,43.4783,52.6316,45.4545,45.4545,30.303,30.303,31.25,31.25,29.4118,30.303,30.7692,32.2581,31.25,27.7778,29.4118,30.303,H,46.6821,3.1956,30.4701,0.6957,30.295,1.5561,ScotishPremierLeague
SC0,05/10/2013,Ross County,Aberdeen,H,3.3,3.3,2.2,3.0,3.2,2.2,2.8,3.1,2.3,3.2,3.3,2.25,3.3,3.3,2.2,2013/14,€7.68m,€10.93m,3.4,3.4,2.2,30.303,33.3333,30.303,35.7143,29.4118,31.25,30.303,31.25,30.303,32.2581,29.4118,30.303,45.4545,45.4545,45.4545,43.4783,45.4545,44.4444,A,31.7192,2.3716,30.6381,0.9838,44.9568,0.8294,ScotishPremierLeague
SC0,05/10/2013,St Johnstone,Inverness C,H,2.6,3.4,2.6,2.55,3.25,2.5,2.4,3.1,2.7,2.6,3.4,2.6,2.7,3.1,2.7,2013/14,€10.13m,€5.80m,2.7,3.4,2.7,38.4615,39.2157,37.037,41.6667,37.037,38.4615,29.4118,30.7692,32.2581,32.2581,29.4118,29.4118,38.4615,40.0,37.037,37.037,37.037,38.4615,H,38.6466,1.7144,30.5868,1.3973,38.0057,1.2007,ScotishPremierLeague
SC0,07/10/2013,Partick,Hibernian,A,2.3,3.4,3.0,2.35,3.25,2.7,2.2,3.1,3.0,2.4,3.3,2.87,2.5,3.25,3.1,2013/14,€6.63m,€9.58m,2.3,3.4,3.12,43.4783,42.5532,40.0,45.4545,43.4783,41.6667,29.4118,30.7692,30.7692,32.2581,29.4118,30.303,33.3333,37.037,32.2581,33.3333,32.0513,34.8432,H,42.7718,1.8519,30.4872,1.0623,33.8094,1.8675,ScotishPremierLeague
SC0,19/10/2013,Aberdeen,Dundee United,H,2.2,3.25,3.25,2.1,3.25,3.2,2.1,3.1,3.2,2.1,3.3,3.5,2.3,3.1,3.2,2013/14,€10.93m,€10.65m,2.15,3.4,3.5,45.4545,47.619,43.4783,47.619,46.5116,47.619,30.7692,30.7692,32.2581,32.2581,29.4118,30.303,30.7692,31.25,31.25,31.25,28.5714,28.5714,H,46.3836,1.6673,30.9616,1.12,30.277,1.3342,ScotishPremierLeague
SC0,19/10/2013,Hibernian,Celtic,D,7.5,5.0,1.36,6.5,4.33,1.4,6.5,4.0,1.4,8.0,4.5,1.4,8.0,4.5,1.4,2013/14,€9.58m,€68.53m,9.5,5.0,1.36,13.3333,15.3846,12.5,15.3846,10.5263,12.5,20.0,23.0947,22.2222,25.0,20.0,22.2222,73.5294,71.4286,71.4286,71.4286,73.5294,71.4286,A,13.2715,1.8794,22.0899,1.9104,72.1289,1.0848,ScotishPremierLeague
SC0,19/10/2013,Kilmarnock,Ross County,H,2.4,3.4,2.8,2.3,3.2,2.8,2.4,3.2,2.65,2.45,3.4,2.75,2.6,3.1,2.8,2013/14,€9.60m,€7.68m,2.6,3.4,2.75,41.6667,43.4783,38.4615,41.6667,38.4615,40.8163,29.4118,31.25,32.2581,31.25,29.4118,29.4118,35.7143,35.7143,35.7143,37.7358,36.3636,36.3636,H,40.7585,1.98,30.4989,1.2465,36.2676,0.7864,ScotishPremierLeague
SC0,19/10/2013,Motherwell,Hearts,H,1.7,3.5,5.25,1.7,3.6,4.33,1.7,3.4,4.3,1.72,3.5,5.0,1.75,3.6,4.8,2013/14,€7.70m,€5.15m,1.7,3.75,5.4,58.8235,58.8235,57.1429,58.8235,58.8235,58.1395,28.5714,27.7778,27.7778,29.4118,26.6667,28.5714,19.0476,23.0947,20.8333,23.2558,18.5185,20.0,H,58.4294,0.6871,28.1295,0.9404,20.7916,2.0106,ScotishPremierLeague
SC0,19/10/2013,St Mirren,St Johnstone,H,3.5,3.6,2.0,3.4,3.25,2.0,3.1,3.2,2.1,3.4,3.4,2.1,3.6,3.1,2.15,2013/14,€9.60m,€10.13m,3.75,3.5,2.05,28.5714,29.4118,27.7778,32.2581,26.6667,29.4118,27.7778,30.7692,32.2581,31.25,28.5714,29.4118,50.0,50.0,46.5116,47.619,48.7805,47.619,A,29.0163,1.9013,30.0064,1.7075,48.4217,1.4176,ScotishPremierLeague
SC0,20/10/2013,Inverness C,Partick,A,1.83,3.6,4.2,1.83,3.3,4.0,1.75,3.3,4.2,1.83,3.5,4.33,1.95,3.3,4.0,2013/14,€5.80m,€6.63m,1.91,3.6,4.2,54.6448,54.6448,51.2821,57.1429,52.356,54.6448,27.7778,30.303,30.303,30.303,27.7778,28.5714,23.8095,25.0,25.0,23.8095,23.8095,23.0947,H,54.1192,2.0557,29.1727,1.2717,24.0872,0.7593,ScotishPremierLeague
SC0,26/10/2013,Dundee United,St Mirren,H,1.65,3.75,5.25,1.67,3.5,4.6,1.65,3.5,4.5,1.66,3.75,5.0,1.75,3.4,5.0,2013/14,€10.65m,€9.60m,1.667,3.9,5.4,60.6061,59.8802,57.1429,60.6061,59.988,60.241,26.6667,28.5714,29.4118,28.5714,25.641,26.6667,19.0476,21.7391,20.0,22.2222,18.5185,20.0,H,59.744,1.3098,27.5882,1.4662,20.2546,1.4612,ScotishPremierLeague
SC0,26/10/2013,Hibernian,Aberdeen,A,3.0,3.4,2.3,2.9,3.2,2.25,2.8,3.1,2.3,2.87,3.3,2.4,3.1,3.1,2.4,2013/14,€9.58m,€10.93m,3.2,3.3,2.375,33.3333,34.4828,32.2581,35.7143,31.25,34.8432,29.4118,31.25,32.2581,32.2581,30.303,30.303,43.4783,44.4444,41.6667,43.4783,42.1053,41.6667,A,33.6469,1.6838,30.964,1.1588,42.8066,1.1554,ScotishPremierLeague
SC0,26/10/2013,Kilmarnock,Hearts,H,2.25,3.4,3.1,2.25,3.2,2.95,2.2,3.1,3.0,2.3,3.3,3.1,2.3,3.2,3.2,2013/14,€9.60m,€5.15m,2.25,3.4,3.3,44.4444,44.4444,43.4783,45.4545,44.4444,43.4783,29.4118,31.25,31.25,32.2581,29.4118,30.303,32.2581,33.8983,31.25,33.3333,30.303,32.2581,H,44.2907,0.741,30.6474,1.1395,32.2168,1.3172,ScotishPremierLeague
SC0,27/10/2013,Partick,Celtic,A,7.0,5.25,1.36,7.25,4.75,1.33,6.5,4.0,1.4,8.0,4.5,1.4,8.0,4.0,1.44,2013/14,€6.63m,€68.53m,8.5,5.0,1.4,14.2857,13.7931,12.5,15.3846,11.7647,12.5,19.0476,21.0526,25.0,25.0,20.0,22.2222,73.5294,75.188,69.4444,71.4286,71.4286,71.4286,A,13.3714,1.354,22.0537,2.5158,72.0746,1.999,ScotishPremierLeague
SC0,27/10/2013,St Johnstone,Motherwell,H,2.5,3.3,2.75,2.5,3.2,2.55,2.4,3.1,2.7,2.62,3.3,2.62,2.62,3.1,2.8,2013/14,€10.13m,€7.70m,2.7,3.4,2.7,40.0,40.0,38.1679,41.6667,37.037,38.1679,30.303,31.25,32.2581,32.2581,29.4118,30.303,36.3636,39.2157,35.7143,37.037,37.037,38.1679,H,39.1733,1.6834,30.964,1.1588,37.2559,1.2602,ScotishPremierLeague
SC0,02/11/2013,Celtic,Dundee United,D,1.33,4.6,10.0,1.3,5.0,7.75,1.37,4.1,7.5,1.33,5.0,9.0,1.4,4.5,8.0,2013/14,€68.53m,€10.65m,1.36,5.2,9.0,75.188,76.9231,71.4286,72.9927,73.5294,75.188,21.7391,20.0,22.2222,24.3902,19.2308,20.0,10.0,12.9032,12.5,13.3333,11.1111,11.1111,H,74.2083,1.9471,21.2637,1.9103,11.8264,1.284,ScotishPremierLeague
SC0,02/11/2013,Hearts,St Johnstone,A,3.2,3.3,2.1,3.1,3.25,2.15,3.3,3.2,2.0,3.1,3.3,2.25,3.3,3.2,2.25,2013/14,€5.15m,€10.13m,3.4,3.3,2.25,31.25,32.2581,30.303,30.303,29.4118,32.2581,30.303,30.7692,31.25,31.25,30.303,30.303,47.619,46.5116,44.4444,50.0,44.4444,44.4444,A,30.964,1.1588,30.6964,0.4653,46.244,2.2709,ScotishPremierLeague
SC0,02/11/2013,Inverness C,Kilmarnock,H,1.7,3.75,4.75,1.72,3.4,4.4,1.7,3.5,4.1,1.8,3.6,4.33,1.83,3.1,5.0,2013/14,€5.80m,€9.60m,1.8,3.8,4.5,58.8235,58.1395,54.6448,58.8235,55.5556,55.5556,26.6667,29.4118,32.2581,28.5714,26.3158,27.7778,21.0526,22.7273,20.0,24.3902,22.2222,23.0947,H,56.9238,1.8779,28.5003,2.1732,22.2478,1.5504,ScotishPremierLeague
SC0,03/11/2013,Motherwell,Hibernian,H,1.8,3.5,4.5,1.75,3.4,4.2,1.75,3.3,4.2,1.83,3.4,4.5,1.91,3.3,4.2,2013/14,€7.70m,€9.58m,1.91,3.5,4.4,55.5556,57.1429,52.356,57.1429,52.356,54.6448,28.5714,29.4118,30.303,30.303,28.5714,29.4118,22.2222,23.8095,23.8095,23.8095,22.7273,22.2222,H,54.8664,2.1676,29.4287,0.7745,23.1,0.7988,ScotishPremierLeague
SC0,04/11/2013,Aberdeen,Partick,H,1.83,3.6,4.2,1.83,3.4,3.9,1.7,3.4,4.3,1.72,3.6,4.5,1.91,3.3,4.2,2013/14,€10.93m,€6.63m,1.87,3.5,4.4,54.6448,54.6448,52.356,58.8235,53.4759,58.1395,27.7778,29.4118,30.303,29.4118,28.5714,27.7778,23.8095,25.641,23.8095,23.2558,22.7273,22.2222,H,55.3474,2.5814,28.8756,1.0115,23.5776,1.1857,ScotishPremierLeague
SC0,09/11/2013,Aberdeen,Hearts,A,1.5,4.0,7.0,1.55,3.9,5.0,1.5,3.8,5.5,1.55,3.75,6.5,1.5,3.75,6.5,2013/14,€10.93m,€5.15m,1.5,4.2,7.5,66.6667,64.5161,66.6667,66.6667,66.6667,64.5161,25.0,25.641,26.6667,26.3158,23.8095,26.6667,14.2857,20.0,15.3846,18.1818,13.3333,15.3846,H,65.9498,1.1106,25.6833,1.1237,16.095,2.5105,ScotishPremierLeague
SC0,09/11/2013,Hibernian,Inverness C,A,3.1,3.4,2.25,2.75,3.4,2.25,3.0,3.1,2.2,2.8,3.4,2.37,3.0,3.2,2.25,2013/14,€9.58m,€5.80m,3.1,3.4,2.25,32.2581,36.3636,33.3333,33.3333,32.2581,35.7143,29.4118,29.4118,31.25,32.2581,29.4118,29.4118,44.4444,44.4444,44.4444,45.4545,44.4444,42.1941,A,33.8768,1.7545,30.1926,1.2508,44.2377,1.0796,ScotishPremierLeague
SC0,09/11/2013,Motherwell,Dundee United,A,2.4,3.2,3.0,2.2,3.2,3.0,2.1,3.1,3.2,2.3,3.25,3.1,2.25,3.2,3.0,2013/14,€7.70m,€10.65m,2.5,3.4,2.88,41.6667,45.4545,44.4444,47.619,40.0,43.4783,31.25,31.25,31.25,32.2581,29.4118,30.7692,33.3333,33.3333,33.3333,31.25,34.7222,32.2581,H,43.7772,2.714,31.0315,0.9317,33.0384,1.175,ScotishPremierLeague
SC0,09/11/2013,Partick,St Mirren,A,1.95,3.5,3.8,2.0,3.3,3.4,1.9,3.2,3.6,2.05,3.3,3.6,1.95,3.25,3.75,2013/14,€6.63m,€9.60m,2.0,3.5,3.9,51.2821,50.0,51.2821,52.6316,50.0,48.7805,28.5714,30.303,30.7692,31.25,28.5714,30.303,26.3158,29.4118,26.6667,27.7778,25.641,27.7778,H,50.6627,1.3465,29.9613,1.1323,27.2651,1.3439,ScotishPremierLeague
SC0,09/11/2013,Ross County,Celtic,A,9.0,5.0,1.33,6.75,4.6,1.36,6.5,4.0,1.4,8.0,4.5,1.4,7.5,4.5,1.36,2013/14,€7.68m,€68.53m,9.0,5.2,1.36,11.1111,14.8148,13.3333,15.3846,11.1111,12.5,20.0,21.7391,22.2222,25.0,19.2308,22.2222,75.188,73.5294,73.5294,71.4286,73.5294,71.4286,A,13.0425,1.8147,21.7357,2.0207,73.1056,1.4491,ScotishPremierLeague
SC0,09/11/2013,St Johnstone,Kilmarnock,H,1.8,3.5,4.5,1.8,3.5,3.9,1.7,3.4,4.3,1.8,3.5,4.33,1.75,3.5,4.33,2013/14,€10.13m,€9.60m,1.8,3.6,4.8,55.5556,55.5556,57.1429,58.8235,55.5556,55.5556,28.5714,28.5714,28.5714,29.4118,27.7778,28.5714,22.2222,25.641,23.0947,23.2558,20.8333,23.0947,H,56.3648,1.3616,28.5792,0.5169,23.0236,1.5719,ScotishPremierLeague
SC0,17/11/2013,St Mirren,Ross County,H,2.2,3.5,3.1,2.25,3.25,2.85,2.3,3.1,2.8,2.37,3.3,2.9,2.4,3.2,3.0,2013/14,€9.60m,€7.68m,2.3,3.5,3.13,45.4545,44.4444,41.6667,43.4783,43.4783,42.1941,28.5714,30.7692,31.25,32.2581,28.5714,30.303,32.2581,35.0877,33.3333,35.7143,31.9489,34.4828,H,43.4527,1.3976,30.2872,1.4786,33.8042,1.5369,ScotishPremierLeague
SC0,23/11/2013,Celtic,Aberdeen,H,1.44,4.33,7.0,1.4,4.25,6.75,1.45,3.9,6.0,1.44,4.33,7.0,1.44,4.0,8.0,2013/14,€68.53m,€10.93m,1.45,4.75,7.0,69.4444,71.4286,69.4444,68.9655,68.9655,69.4444,23.0947,23.5294,25.0,25.641,21.0526,23.0947,14.2857,14.8148,12.5,16.6667,14.2857,14.2857,H,69.6155,0.9187,23.5687,1.6202,14.4731,1.3362,ScotishPremierLeague
SC0,23/11/2013,Dundee United,Partick,H,1.67,3.8,5.0,1.65,3.6,4.6,1.7,3.4,4.3,1.66,3.75,5.0,1.75,3.4,5.0,2013/14,€10.65m,€6.63m,1.67,4.0,5.2,59.8802,60.6061,57.1429,58.8235,59.8802,60.241,26.3158,27.7778,29.4118,29.4118,25.0,26.6667,20.0,21.7391,20.0,23.2558,19.2308,20.0,H,59.429,1.2685,27.4306,1.7723,20.7043,1.4994,ScotishPremierLeague
SC0,23/11/2013,Hearts,Ross County,D,2.15,3.4,3.3,2.1,3.2,3.2,1.9,3.2,3.6,2.2,3.4,3.2,2.25,3.2,3.3,2013/14,€5.15m,€7.68m,2.3,3.4,3.2,46.5116,47.619,44.4444,52.6316,43.4783,45.4545,29.4118,31.25,31.25,31.25,29.4118,29.4118,30.303,31.25,30.303,27.7778,31.25,31.25,H,46.6899,3.2583,30.3309,1.0068,30.3556,1.3454,ScotishPremierLeague
SC0,23/11/2013,Inverness C,St Johnstone,H,2.2,3.3,3.25,2.1,3.2,3.25,2.1,3.1,3.2,2.2,3.4,3.2,2.3,3.2,3.2,2013/14,€5.80m,€10.13m,2.38,3.4,3.1,45.4545,47.619,43.4783,47.619,42.0168,45.4545,30.303,31.25,31.25,32.2581,29.4118,29.4118,30.7692,30.7692,31.25,31.25,32.2581,31.25,H,45.2737,2.2315,30.6474,1.1395,31.2578,0.5437,ScotishPremierLeague
SC0,23/11/2013,Kilmarnock,Motherwell,A,3.2,3.4,2.2,3.0,3.2,2.2,2.8,3.1,2.3,3.0,3.4,2.3,3.1,3.1,2.4,2013/14,€9.60m,€7.70m,3.2,3.4,2.3,31.25,33.3333,32.2581,35.7143,31.25,33.3333,29.4118,31.25,32.2581,32.2581,29.4118,29.4118,45.4545,45.4545,41.6667,43.4783,43.4783,43.4783,A,32.8565,1.6818,30.6669,1.4234,43.8351,1.4373,ScotishPremierLeague
SC0,23/11/2013,St Mirren,Hibernian,D,2.38,3.3,2.9,2.5,3.2,2.55,2.4,3.1,2.7,2.4,3.3,2.87,2.7,3.1,2.7,2013/14,€9.60m,€9.58m,2.5,3.3,3.0,42.0168,40.0,37.037,41.6667,40.0,41.6667,30.303,31.25,32.2581,32.2581,30.303,30.303,34.4828,39.2157,37.037,37.037,33.3333,34.8432,H,40.3979,1.8683,31.1125,0.9602,35.9915,2.156,ScotishPremierLeague
SC0,06/12/2013,Motherwell,Celtic,A,8.0,4.5,1.4,7.0,4.1,1.4,5.5,3.8,1.5,7.0,4.0,1.5,6.0,4.33,1.5,2013/14,€7.70m,€68.53m,7.5,4.6,1.45,12.5,14.2857,16.6667,18.1818,13.3333,14.2857,22.2222,24.3902,23.0947,26.3158,21.7391,25.0,71.4286,71.4286,66.6667,66.6667,68.9655,66.6667,A,14.8755,2.1381,23.7937,1.7522,68.6371,2.3384,ScotishPremierLeague
SC0,07/12/2013,Dundee United,Hearts,H,1.44,4.33,7.0,1.42,4.0,6.75,1.45,3.9,6.0,1.44,4.2,7.5,1.44,4.0,8.0,2013/14,€10.65m,€5.15m,1.45,4.6,7.5,69.4444,70.4225,69.4444,68.9655,68.9655,69.4444,23.0947,25.0,25.0,25.641,21.7391,23.8095,14.2857,14.8148,12.5,16.6667,13.3333,13.3333,H,69.4478,0.532,24.0474,1.4592,14.1556,1.4731,ScotishPremierLeague
SC0,07/12/2013,Hibernian,Partick,D,2.1,3.4,3.4,1.95,3.4,3.4,2.0,3.2,3.3,2.0,3.3,3.75,2.2,3.3,3.3,2013/14,€9.58m,€6.63m,2.15,3.4,3.6,47.619,51.2821,45.4545,50.0,46.5116,50.0,29.4118,29.4118,30.303,31.25,29.4118,30.303,29.4118,29.4118,30.303,30.303,27.7778,26.6667,H,48.4779,2.2909,30.0152,0.746,28.979,1.4608,ScotishPremierLeague
SC0,07/12/2013,Ross County,Kilmarnock,A,2.5,3.3,2.75,2.5,3.2,2.6,2.4,3.1,2.7,2.5,3.3,2.75,2.7,3.1,2.7,2013/14,€7.68m,€9.60m,2.6,3.5,2.7,40.0,40.0,37.037,41.6667,38.4615,40.0,30.303,31.25,32.2581,32.2581,28.5714,30.303,36.3636,38.4615,37.037,37.037,37.037,36.3636,H,39.5275,1.5865,30.8239,1.408,37.05,0.7662,ScotishPremierLeague
SC0,07/12/2013,St Johnstone,Aberdeen,A,2.55,3.25,2.75,2.55,3.25,2.5,2.55,3.1,2.55,2.62,3.25,2.62,2.7,3.1,2.7,2013/14,€10.13m,€10.93m,2.62,3.25,2.88,39.2157,39.2157,37.037,39.2157,38.1679,38.1679,30.7692,30.7692,32.2581,32.2581,30.7692,30.7692,36.3636,40.0,37.037,39.2157,34.7222,38.1679,H,38.5033,0.8829,31.2655,0.7689,37.5844,1.94,ScotishPremierLeague
SC0,07/12/2013,St Mirren,Inverness C,D,3.5,3.3,2.1,3.25,3.25,2.05,3.3,3.2,2.0,3.4,3.4,2.1,3.3,3.3,2.2,2013/14,€9.60m,€5.80m,3.4,3.4,2.2,28.5714,30.7692,30.303,30.303,29.4118,29.4118,30.303,30.7692,30.303,31.25,29.4118,29.4118,47.619,48.7805,45.4545,50.0,45.4545,47.619,A,29.795,0.807,30.2415,0.7321,47.4879,1.8047,ScotishPremierLeague
SC0,14/12/2013,Aberdeen,St Mirren,H,1.65,3.75,5.25,1.6,3.7,5.0,1.55,3.7,5.0,1.61,3.75,5.5,1.73,3.5,5.0,2013/14,€10.93m,€9.60m,1.67,3.8,5.75,60.6061,62.5,57.8035,64.5161,59.8802,62.1118,26.6667,27.027,28.5714,27.027,26.3158,26.6667,19.0476,20.0,20.0,20.0,17.3913,18.1818,H,61.2363,2.3298,27.0458,0.7935,19.1034,1.1131,ScotishPremierLeague
SC0,14/12/2013,Celtic,Hibernian,H,1.2,6.0,15.0,1.2,5.75,10.5,1.22,5.0,10.0,1.22,6.0,13.0,1.25,5.0,15.0,2013/14,€68.53m,€9.58m,1.25,6.25,13.0,83.3333,83.3333,80.0,81.9672,80.0,81.9672,16.6667,17.3913,20.0,20.0,16.0,16.6667,6.6667,9.5238,6.6667,10.0,7.6923,7.6923,H,81.7668,1.4988,17.7874,1.7695,8.0403,1.4182,ScotishPremierLeague
SC0,14/12/2013,Hearts,Inverness C,A,4.1,3.6,1.85,3.75,3.3,1.87,3.6,3.2,1.9,4.0,3.5,1.9,4.5,3.3,1.85,2013/14,€5.15m,€5.80m,4.4,3.6,1.87,24.3902,26.6667,22.2222,27.7778,22.7273,25.0,27.7778,30.303,30.303,31.25,27.7778,28.5714,54.0541,53.4759,54.0541,52.6316,53.4759,52.6316,A,24.7974,2.168,29.3305,1.4815,53.3872,0.6399,ScotishPremierLeague
SC0,14/12/2013,Kilmarnock,Dundee United,A,4.33,3.6,1.8,4.1,3.4,1.78,4.2,3.3,1.75,4.33,3.4,1.85,4.5,3.1,1.91,2013/14,€9.60m,€10.65m,4.2,3.6,1.87,23.0947,24.3902,22.2222,23.8095,23.8095,23.0947,27.7778,29.4118,32.2581,30.303,27.7778,29.4118,55.5556,56.1798,52.356,57.1429,53.4759,54.0541,A,23.4035,0.7602,29.49,1.6852,54.794,1.8026,ScotishPremierLeague
SC0,14/12/2013,Ross County,Motherwell,A,2.9,3.3,2.4,2.8,3.2,2.3,2.8,3.1,2.3,2.9,3.3,2.37,2.9,3.1,2.5,2013/14,€7.68m,€7.70m,3.0,3.3,2.5,34.4828,35.7143,34.4828,35.7143,33.3333,34.4828,30.303,31.25,32.2581,32.2581,30.303,30.303,41.6667,43.4783,40.0,43.4783,40.0,42.1941,A,34.7017,0.9019,31.1125,0.9602,41.8029,1.5676,ScotishPremierLeague
SC0,21/12/2013,Celtic,Hearts,H,1.11,9.0,21.0,1.12,8.5,11.5,1.1,7.0,15.0,1.12,8.0,21.0,1.14,7.0,21.0,2013/14,€68.53m,€5.15m,1.13,8.5,21.0,90.0901,89.2857,87.7193,90.9091,88.4956,89.2857,11.1111,11.7647,14.2857,14.2857,11.7647,12.5,4.7619,8.6957,4.7619,6.6667,4.7619,4.7619,H,89.2976,1.1278,12.6186,1.3641,5.735,1.6384,ScotishPremierLeague
SC0,21/12/2013,Dundee United,Ross County,H,1.36,4.75,8.0,1.4,4.5,6.25,1.37,4.1,7.0,1.4,4.6,7.5,1.4,4.8,7.0,2013/14,€10.65m,€7.68m,1.4,5.0,8.0,73.5294,71.4286,71.4286,72.9927,71.4286,71.4286,21.0526,22.2222,20.8333,24.3902,20.0,21.7391,12.5,16.0,14.2857,14.2857,12.5,13.3333,H,72.0394,0.9614,21.7062,1.5213,13.8174,1.3348,ScotishPremierLeague
SC0,21/12/2013,Hibernian,St Johnstone,D,2.75,3.5,2.4,2.55,3.25,2.5,2.8,3.1,2.3,2.7,3.4,2.5,2.9,3.1,2.5,2013/14,€9.58m,€10.13m,2.9,3.3,2.55,36.3636,39.2157,34.4828,35.7143,34.4828,37.037,28.5714,30.7692,32.2581,32.2581,30.303,29.4118,41.6667,40.0,40.0,43.4783,39.2157,40.0,A,36.216,1.7863,30.5953,1.4928,40.7268,1.5699,ScotishPremierLeague
SC0,21/12/2013,Inverness C,Aberdeen,A,2.5,3.3,2.75,2.45,3.25,2.6,2.3,3.1,2.8,2.5,3.3,2.75,2.6,3.1,2.8,2013/14,€5.80m,€10.93m,2.62,3.3,2.8,40.0,40.8163,38.4615,43.4783,38.1679,40.0,30.303,30.7692,32.2581,32.2581,30.303,30.303,36.3636,38.4615,35.7143,35.7143,35.7143,36.3636,H,40.154,1.9155,31.0324,0.9664,36.3886,1.0642,ScotishPremierLeague
SC0,21/12/2013,Kilmarnock,Partick,H,2.45,3.4,2.75,2.35,3.2,2.75,2.3,3.1,2.8,2.4,3.4,2.8,2.62,3.1,2.75,2013/14,€9.60m,€6.63m,2.6,3.4,2.75,40.8163,42.5532,38.1679,43.4783,38.4615,41.6667,29.4118,31.25,32.2581,32.2581,29.4118,29.4118,36.3636,36.3636,36.3636,35.7143,36.3636,35.7143,H,40.8573,2.1622,30.6669,1.4234,36.1472,0.3353,ScotishPremierLeague
SC0,21/12/2013,Motherwell,St Mirren,H,1.95,3.5,3.75,2.0,3.5,3.2,1.8,3.3,3.9,1.8,3.6,4.33,1.95,3.3,4.0,2013/14,€7.70m,€9.60m,2.0,3.6,3.75,51.2821,50.0,51.2821,55.5556,50.0,55.5556,28.5714,28.5714,30.303,30.303,27.7778,27.7778,26.6667,31.25,25.0,25.641,26.6667,23.0947,H,52.2792,2.6018,28.8841,1.155,26.3865,2.7249,ScotishPremierLeague
SC0,26/12/2013,Aberdeen,Motherwell,A,1.8,3.6,4.33,1.8,3.4,4.0,1.8,3.2,4.0,1.91,3.5,4.0,1.83,3.5,4.2,2013/14,€10.93m,€7.70m,1.91,3.5,4.33,55.5556,55.5556,54.6448,55.5556,52.356,52.356,27.7778,29.4118,28.5714,31.25,28.5714,28.5714,23.0947,25.0,23.8095,25.0,23.0947,25.0,H,54.3373,1.5747,29.0256,1.2061,24.1665,0.9496,ScotishPremierLeague
SC0,26/12/2013,Hearts,Kilmarnock,A,3.1,3.4,2.25,2.9,3.1,2.3,2.7,3.1,2.4,2.88,3.4,2.38,3.0,3.2,2.37,2013/14,€5.15m,€9.60m,3.13,3.3,2.3,32.2581,34.4828,33.3333,37.037,31.9489,34.7222,29.4118,32.2581,31.25,32.2581,30.303,29.4118,44.4444,43.4783,42.1941,41.6667,43.4783,42.0168,A,33.9637,1.8791,30.8155,1.308,42.8798,1.0818,ScotishPremierLeague
SC0,26/12/2013,Partick,Inverness C,D,3.0,3.5,2.25,3.0,3.2,2.2,3.2,3.1,2.1,3.0,3.4,2.25,3.1,3.1,2.4,2013/14,€6.63m,€5.80m,3.3,3.3,2.3,33.3333,33.3333,32.2581,31.25,30.303,33.3333,28.5714,31.25,32.2581,32.2581,30.303,29.4118,44.4444,45.4545,41.6667,47.619,43.4783,44.4444,A,32.3018,1.2881,30.6754,1.5167,44.5179,1.9857,ScotishPremierLeague
SC0,26/12/2013,Ross County,Hibernian,A,2.63,3.5,2.5,2.5,3.2,2.6,2.6,3.1,2.5,2.6,3.4,2.6,2.7,3.1,2.7,2013/14,€7.68m,€9.58m,2.88,3.3,2.6,38.0228,40.0,37.037,38.4615,34.7222,38.4615,28.5714,31.25,32.2581,32.2581,30.303,29.4118,40.0,38.4615,37.037,40.0,38.4615,38.4615,A,37.7842,1.7787,30.6754,1.5167,38.7369,1.1232,ScotishPremierLeague
SC0,26/12/2013,St Johnstone,Celtic,A,6.5,4.75,1.44,6.5,4.33,1.4,6.5,4.0,1.4,7.5,4.5,1.4,8.0,4.0,1.44,2013/14,€10.13m,€68.53m,7.5,4.6,1.45,15.3846,15.3846,12.5,15.3846,13.3333,13.3333,21.0526,23.0947,25.0,25.0,21.7391,22.2222,69.4444,71.4286,69.4444,71.4286,68.9655,71.4286,A,14.2201,1.3115,23.0181,1.673,70.3567,1.1872,ScotishPremierLeague
SC0,26/12/2013,St Mirren,Dundee United,H,4.2,3.8,1.75,4.33,3.2,1.8,4.0,3.2,1.8,4.0,3.5,1.83,4.2,3.6,1.83,2013/14,€9.60m,€10.65m,4.33,3.8,1.83,23.8095,23.0947,23.8095,25.0,23.0947,25.0,26.3158,31.25,27.7778,31.25,26.3158,28.5714,57.1429,55.5556,54.6448,55.5556,54.6448,54.6448,A,23.9681,0.8609,28.5801,2.243,55.3647,0.9787,ScotishPremierLeague
SC0,29/12/2013,Aberdeen,Ross County,H,1.4,4.33,8.5,1.44,4.2,6.0,1.4,4.0,6.5,1.44,4.2,7.5,1.44,4.0,8.0,2013/14,€10.93m,€7.68m,1.45,4.3,8.0,71.4286,69.4444,69.4444,71.4286,68.9655,69.4444,23.0947,23.8095,25.0,25.0,23.2558,23.8095,11.7647,16.6667,12.5,15.3846,12.5,13.3333,H,70.026,1.1022,23.9949,0.8302,13.6916,1.9183,ScotishPremierLeague
SC0,29/12/2013,Hibernian,Kilmarnock,H,2.1,3.3,3.5,2.0,3.25,3.4,2.0,3.2,3.3,2.05,3.4,3.5,2.25,3.2,3.3,2013/14,€9.58m,€9.60m,2.2,3.3,3.5,47.619,50.0,44.4444,50.0,45.4545,48.7805,30.303,30.7692,31.25,31.25,30.303,29.4118,28.5714,29.4118,30.303,30.303,28.5714,28.5714,H,47.7164,2.3407,30.5478,0.6994,29.2887,0.8504,ScotishPremierLeague
SC0,29/12/2013,Inverness C,Celtic,A,6.5,4.5,1.44,6.25,4.33,1.42,5.5,3.8,1.5,7.0,4.0,1.5,7.0,4.0,1.5,2013/14,€5.80m,€68.53m,8.0,4.5,1.44,15.3846,16.0,14.2857,18.1818,12.5,14.2857,22.2222,23.0947,25.0,26.3158,22.2222,25.0,69.4444,70.4225,66.6667,66.6667,69.4444,66.6667,A,15.1063,1.9222,23.9758,1.7029,68.2186,1.7371,ScotishPremierLeague
SC0,29/12/2013,Partick,Motherwell,A,3.1,3.5,2.2,3.0,3.2,2.2,3.0,3.1,2.2,3.0,3.4,2.3,3.1,3.25,2.3,2013/14,€6.63m,€7.70m,3.3,3.4,2.25,32.2581,33.3333,32.2581,33.3333,30.303,33.3333,28.5714,31.25,30.7692,32.2581,29.4118,29.4118,45.4545,45.4545,43.4783,45.4545,44.4444,43.4783,A,32.4698,1.185,30.2787,1.3799,44.6274,0.9723,ScotishPremierLeague
SC0,29/12/2013,St Johnstone,Dundee United,H,3.0,3.5,2.25,2.75,3.3,2.3,2.7,3.1,2.4,2.88,3.4,2.38,3.1,3.3,2.3,2013/14,€10.13m,€10.65m,3.13,3.5,2.3,33.3333,36.3636,32.2581,37.037,31.9489,34.7222,28.5714,30.303,30.303,32.2581,28.5714,29.4118,44.4444,43.4783,43.4783,41.6667,43.4783,42.0168,A,34.2772,2.124,29.9031,1.3895,43.0938,1.0454,ScotishPremierLeague
SC0,29/12/2013,St Mirren,Hearts,D,1.65,3.8,5.25,1.65,3.6,4.6,1.6,3.6,4.8,1.73,3.5,5.0,1.7,3.6,5.0,2013/14,€9.60m,€5.15m,1.7,3.8,5.4,60.6061,60.6061,58.8235,62.5,58.8235,57.8035,26.3158,27.7778,27.7778,27.7778,26.3158,28.5714,19.0476,21.7391,20.0,20.8333,18.5185,20.0,H,59.8604,1.7006,27.4227,0.9109,20.0231,1.1677,ScotishPremierLeague
SC0,01/01/2014,Celtic,Partick,H,1.14,7.5,19.0,1.14,7.0,12.5,1.15,6.0,13.0,1.14,7.5,17.0,1.14,7.5,17.0,2013/14,€68.53m,€6.63m,1.15,7.5,20.0,87.7193,87.7193,87.7193,86.9565,86.9565,87.7193,13.3333,14.2857,13.3333,16.6667,13.3333,13.3333,5.2632,8.0,5.8824,7.6923,5.0,5.8824,H,87.465,0.3939,14.0476,1.3385,6.2867,1.2603,ScotishPremierLeague
SC0,01/01/2014,Dundee United,Aberdeen,A,2.15,3.4,3.25,2.2,3.25,2.95,2.2,3.1,3.0,2.2,3.4,3.2,2.3,3.2,3.2,2013/14,€10.65m,€10.93m,2.25,3.4,3.3,46.5116,45.4545,43.4783,45.4545,44.4444,45.4545,29.4118,30.7692,31.25,32.2581,29.4118,29.4118,30.7692,33.8983,31.25,33.3333,30.303,31.25,H,45.133,1.0414,30.4188,1.2032,31.8006,1.4603,ScotishPremierLeague
SC0,01/01/2014,Inverness C,Ross County,A,1.53,3.9,6.5,1.5,4.0,5.5,1.5,3.8,5.5,1.53,3.8,6.5,1.57,3.75,6.0,2013/14,€5.80m,€7.68m,1.57,4.0,6.5,65.3595,66.6667,63.6943,66.6667,63.6943,65.3595,25.641,25.0,26.6667,26.3158,25.0,26.3158,15.3846,18.1818,16.6667,18.1818,15.3846,15.3846,H,65.2402,1.3325,25.8232,0.7191,16.5307,1.372,ScotishPremierLeague
SC0,01/01/2014,Motherwell,St Johnstone,H,2.2,3.4,3.2,2.1,3.3,3.1,2.1,3.1,3.2,2.05,3.4,3.5,2.3,3.4,3.0,2013/14,€7.70m,€10.13m,2.3,3.4,3.2,45.4545,47.619,43.4783,47.619,43.4783,48.7805,29.4118,30.303,29.4118,32.2581,29.4118,29.4118,31.25,32.2581,33.3333,31.25,31.25,28.5714,H,46.0716,2.2785,30.0347,1.1461,31.3188,1.5813,ScotishPremierLeague
SC0,02/01/2014,Hibernian,Hearts,H,1.7,3.6,5.0,1.7,3.4,4.5,1.7,3.4,4.3,1.73,3.5,5.0,1.75,3.4,5.0,2013/14,€9.58m,€5.15m,1.73,3.6,5.25,58.8235,58.8235,57.1429,58.8235,57.8035,57.8035,27.7778,29.4118,29.4118,29.4118,27.7778,28.5714,20.0,22.2222,20.0,23.2558,19.0476,20.0,H,58.2034,0.7208,28.7271,0.8041,20.7543,1.6144,ScotishPremierLeague
SC0,02/01/2014,Kilmarnock,St Mirren,H,2.2,3.3,3.25,2.1,3.2,3.2,2.3,3.1,2.8,2.3,3.3,3.1,2.25,3.4,3.1,2013/14,€9.60m,€9.60m,2.2,3.4,3.4,45.4545,47.619,44.4444,43.4783,45.4545,43.4783,30.303,31.25,29.4118,32.2581,29.4118,30.303,30.7692,31.25,32.2581,35.7143,29.4118,32.2581,H,44.9882,1.5628,30.4896,1.1044,31.9436,2.1301,ScotishPremierLeague
SC0,04/01/2014,Ross County,St Johnstone,H,3.3,3.3,2.2,3.1,3.1,2.2,3.0,3.1,2.2,3.25,3.3,2.2,2.9,3.4,2.38,2013/14,€7.68m,€10.13m,3.12,3.4,2.38,30.303,32.2581,34.4828,33.3333,32.0513,30.7692,30.303,32.2581,29.4118,32.2581,29.4118,30.303,45.4545,45.4545,42.0168,45.4545,42.0168,45.4545,A,32.1996,1.5599,30.6576,1.3022,44.3086,1.7752,ScotishPremierLeague
SC0,05/01/2014,Dundee United,Hibernian,D,1.91,3.4,4.0,1.78,3.6,3.9,1.75,3.3,4.2,1.9,3.5,4.0,1.91,3.4,4.0,2013/14,€10.65m,€9.58m,2.0,3.5,3.9,52.356,56.1798,52.356,57.1429,50.0,52.6316,29.4118,27.7778,29.4118,30.303,28.5714,28.5714,25.0,25.641,25.0,23.8095,25.641,25.0,H,53.4444,2.6853,29.0079,0.8829,25.0152,0.669,ScotishPremierLeague
SC0,05/01/2014,Hearts,Partick,A,3.2,3.3,2.25,3.0,3.2,2.2,2.7,3.1,2.4,2.8,3.4,2.4,3.2,3.2,2.3,2013/14,€5.15m,€6.63m,3.2,3.4,2.3,31.25,33.3333,31.25,37.037,31.25,35.7143,30.303,31.25,31.25,32.2581,29.4118,29.4118,44.4444,45.4545,43.4783,41.6667,43.4783,41.6667,A,33.3058,2.5457,30.6474,1.1395,43.3648,1.505,ScotishPremierLeague
SC0,05/01/2014,Kilmarnock,Aberdeen,A,3.75,3.4,2.0,3.7,3.3,1.9,3.5,3.3,1.9,3.75,3.4,2.0,4.0,3.2,2.0,2013/14,€9.60m,€10.93m,3.9,3.5,2.0,26.6667,27.027,25.0,28.5714,25.641,26.6667,29.4118,30.303,31.25,30.303,28.5714,29.4118,50.0,52.6316,50.0,52.6316,50.0,50.0,A,26.5955,1.2294,29.8752,0.9365,50.8772,1.359,ScotishPremierLeague
SC0,05/01/2014,St Mirren,Celtic,A,12.0,5.0,1.29,8.0,4.5,1.33,7.5,4.2,1.35,11.0,5.0,1.3,9.5,4.8,1.33,2013/14,€9.60m,€68.53m,11.5,5.4,1.3,8.3333,12.5,10.5263,13.3333,8.6957,9.0909,20.0,22.2222,20.8333,23.8095,18.5185,20.0,77.5194,75.188,75.188,74.0741,76.9231,76.9231,A,10.4132,2.0937,20.8973,1.8713,75.9693,1.3442,ScotishPremierLeague
SC0,10/01/2014,Aberdeen,Hibernian,H,1.73,3.6,4.75,1.75,3.5,4.1,1.75,3.3,4.2,1.75,3.5,4.75,1.8,3.5,4.5,2013/14,€10.93m,€9.58m,1.8,3.6,4.8,57.8035,57.1429,55.5556,57.1429,55.5556,57.1429,27.7778,28.5714,28.5714,30.303,27.7778,28.5714,21.0526,24.3902,22.2222,23.8095,20.8333,21.0526,H,56.7239,0.9404,28.5955,0.9224,22.2267,1.5417,ScotishPremierLeague
SC0,11/01/2014,Hearts,Motherwell,A,7.0,4.33,1.44,5.75,4.2,1.45,5.0,3.7,1.55,7.0,4.33,1.44,7.0,4.0,1.5,2013/14,€5.15m,€7.70m,8.0,4.3,1.45,14.2857,17.3913,14.2857,20.0,12.5,14.2857,23.0947,23.8095,25.0,27.027,23.2558,23.0947,69.4444,68.9655,66.6667,64.5161,68.9655,69.4444,A,15.4581,2.7291,24.2136,1.5568,68.0004,1.9976,ScotishPremierLeague
SC0,11/01/2014,Partick,Ross County,D,2.05,3.3,3.6,1.95,3.5,3.3,2.0,3.2,3.3,2.05,3.4,3.5,2.05,3.3,3.6,2013/14,€6.63m,€7.68m,2.1,3.4,3.7,48.7805,51.2821,48.7805,50.0,47.619,48.7805,30.303,28.5714,30.303,31.25,29.4118,29.4118,27.7778,30.303,27.7778,30.303,27.027,28.5714,H,49.2071,1.2651,29.8752,0.9365,28.6267,1.3873,ScotishPremierLeague
SC0,11/01/2014,St Johnstone,St Mirren,H,1.8,3.5,4.5,1.85,3.4,3.75,1.8,3.2,4.0,1.83,3.5,4.33,1.85,3.3,4.5,2013/14,€10.13m,€9.60m,1.85,3.5,4.75,55.5556,54.0541,54.0541,55.5556,54.0541,54.6448,28.5714,29.4118,30.303,31.25,28.5714,28.5714,22.2222,26.6667,22.2222,25.0,21.0526,23.0947,H,54.653,0.7356,29.4465,1.1211,23.3764,2.0787,ScotishPremierLeague
SC0,12/01/2014,Inverness C,Dundee United,D,2.5,3.3,2.75,2.3,3.2,2.8,2.3,3.1,2.8,2.4,3.4,2.8,2.62,3.1,2.8,2013/14,€5.80m,€10.65m,2.55,3.4,2.8,40.0,43.4783,38.1679,43.4783,39.2157,41.6667,30.303,31.25,32.2581,32.2581,29.4118,29.4118,36.3636,35.7143,35.7143,35.7143,35.7143,35.7143,H,41.0011,2.2331,30.8155,1.308,35.8225,0.2651,ScotishPremierLeague
SC0,18/01/2014,Aberdeen,Inverness C,A,1.85,3.4,4.33,1.8,3.5,3.9,1.85,3.2,3.8,1.95,3.4,3.8,1.91,3.4,4.0,2013/14,€10.93m,€5.80m,1.9,3.5,4.4,54.0541,55.5556,52.356,54.0541,52.6316,51.2821,29.4118,28.5714,29.4118,31.25,28.5714,29.4118,23.0947,25.641,25.0,26.3158,22.7273,26.3158,H,53.3222,1.5252,29.438,0.9785,24.8491,1.5832,ScotishPremierLeague
SC0,18/01/2014,Celtic,Motherwell,H,1.3,5.5,8.5,1.3,4.75,8.0,1.33,4.2,8.0,1.33,5.0,9.0,1.33,5.0,9.0,2013/14,€68.53m,€7.70m,1.33,5.4,9.5,76.9231,76.9231,75.188,75.188,75.188,75.188,18.1818,21.0526,20.0,23.8095,18.5185,20.0,11.7647,12.5,11.1111,12.5,10.5263,11.1111,H,75.7664,0.896,20.2604,2.0354,11.5855,0.8095,ScotishPremierLeague
SC0,18/01/2014,Hibernian,St Mirren,A,1.75,3.6,4.6,1.75,3.5,4.1,1.7,3.4,4.3,1.83,3.5,4.33,1.85,3.3,4.5,2013/14,€9.58m,€9.60m,1.8,3.6,4.75,57.1429,57.1429,54.0541,58.8235,55.5556,54.6448,27.7778,28.5714,30.303,29.4118,27.7778,28.5714,21.7391,24.3902,22.2222,23.2558,21.0526,23.0947,H,56.2273,1.7942,28.7355,0.9801,22.6258,1.1962,ScotishPremierLeague
SC0,18/01/2014,Partick,Kilmarnock,D,2.38,3.4,2.88,2.35,3.0,2.95,2.4,3.2,2.65,2.25,3.3,3.2,2.3,3.2,3.2,2013/14,€6.63m,€9.60m,2.4,3.4,3.0,42.0168,42.5532,43.4783,41.6667,41.6667,44.4444,29.4118,33.3333,31.25,31.25,29.4118,30.303,34.7222,33.8983,31.25,37.7358,33.3333,31.25,H,42.6377,1.118,30.8266,1.4778,33.6983,2.4295,ScotishPremierLeague
SC0,18/01/2014,Ross County,Dundee United,H,3.4,3.4,2.1,3.25,3.2,2.1,3.3,3.2,2.0,3.6,3.5,2.0,3.5,3.3,2.1,2013/14,€7.68m,€10.65m,3.3,3.5,2.2,29.4118,30.7692,28.5714,30.303,30.303,27.7778,29.4118,31.25,30.303,31.25,28.5714,28.5714,47.619,47.619,47.619,50.0,45.4545,50.0,A,29.5227,1.1605,29.8929,1.2309,48.0519,1.7262,ScotishPremierLeague
SC0,18/01/2014,St Johnstone,Hearts,D,1.33,5.0,9.0,1.33,4.6,7.75,1.35,4.2,7.5,1.36,4.5,8.0,1.36,4.5,9.0,2013/14,€10.13m,€5.15m,1.36,5.0,10.0,75.188,75.188,73.5294,74.0741,73.5294,73.5294,20.0,21.7391,22.2222,23.8095,20.0,22.2222,11.1111,12.9032,11.1111,13.3333,10.0,12.5,H,74.173,0.814,21.6655,1.4676,11.8264,1.284,ScotishPremierLeague
SC0,21/01/2014,Partick,St Johnstone,A,2.7,3.4,2.5,2.75,3.2,2.35,2.5,3.1,2.6,2.6,3.4,2.6,2.8,3.2,2.5,2013/14,€6.63m,€10.13m,2.9,3.4,2.5,37.037,36.3636,35.7143,40.0,34.4828,38.4615,29.4118,31.25,31.25,32.2581,29.4118,29.4118,40.0,42.5532,40.0,38.4615,40.0,38.4615,A,37.0099,1.9764,30.4989,1.2465,39.9127,1.4971,ScotishPremierLeague
SC0,25/01/2014,Kilmarnock,Inverness C,H,3.1,3.4,2.25,2.85,3.2,2.3,2.8,3.1,2.3,3.1,3.3,2.3,3.1,3.1,2.4,2013/14,€9.60m,€5.80m,3.2,3.4,2.3,32.2581,35.0877,32.2581,35.7143,31.25,32.2581,29.4118,31.25,32.2581,32.2581,29.4118,30.303,44.4444,43.4783,41.6667,43.4783,43.4783,43.4783,A,33.1377,1.807,30.8155,1.308,43.3374,0.9051,ScotishPremierLeague
SC0,25/01/2014,Motherwell,Aberdeen,D,2.8,3.3,2.5,2.55,3.25,2.5,2.4,3.1,2.7,2.62,3.3,2.6,2.8,3.1,2.62,2013/14,€7.70m,€10.93m,2.88,3.3,2.6,35.7143,39.2157,35.7143,41.6667,34.7222,38.1679,30.303,30.7692,32.2581,32.2581,30.303,30.303,40.0,40.0,38.1679,37.037,38.4615,38.4615,A,37.5335,2.6396,31.0324,0.9664,38.688,1.1438,ScotishPremierLeague
SC0,25/01/2014,Ross County,Hearts,A,1.57,4.0,5.5,1.5,4.0,5.5,1.6,3.6,4.8,1.57,4.0,5.5,1.62,3.75,5.5,2013/14,€7.68m,€5.15m,1.6,4.0,6.0,63.6943,66.6667,61.7284,62.5,62.5,63.6943,25.0,25.0,26.6667,27.7778,25.0,25.0,18.1818,18.1818,18.1818,20.8333,16.6667,18.1818,H,63.4639,1.7455,25.7408,1.2001,18.3712,1.3499,ScotishPremierLeague
SC0,25/01/2014,St Mirren,Partick,D,2.3,3.3,3.1,2.2,3.2,3.0,2.3,3.1,2.8,2.37,3.4,2.9,2.5,3.2,2.8,2013/14,€9.60m,€6.63m,2.4,3.3,3.12,43.4783,45.4545,40.0,43.4783,41.6667,42.1941,30.303,31.25,31.25,32.2581,30.303,29.4118,32.2581,33.3333,35.7143,35.7143,32.0513,34.4828,H,42.712,1.8661,30.796,0.9952,33.9257,1.6342,ScotishPremierLeague
SC0,26/01/2014,Hibernian,Celtic,A,7.5,5.0,1.36,7.0,4.75,1.33,7.0,4.1,1.37,9.0,4.5,1.36,8.0,4.5,1.4,2013/14,€9.58m,€68.53m,8.5,4.8,1.4,13.3333,14.2857,12.5,14.2857,11.7647,11.1111,20.0,21.0526,22.2222,24.3902,20.8333,22.2222,73.5294,75.188,71.4286,72.9927,71.4286,73.5294,A,12.8801,1.3172,21.7868,1.5361,73.0161,1.4342,ScotishPremierLeague
SC0,29/01/2014,Celtic,Kilmarnock,H,1.17,7.5,13.0,1.19,6.25,10.5,1.17,5.7,12.0,1.2,6.5,13.0,1.2,6.0,15.0,2013/14,€68.53m,€9.60m,1.17,7.5,21.0,85.4701,84.0336,83.3333,85.4701,85.4701,83.3333,13.3333,16.0,16.6667,17.5439,13.3333,15.3846,7.6923,9.5238,6.6667,8.3333,4.7619,7.6923,H,84.5184,1.0734,15.377,1.7378,7.445,1.6148,ScotishPremierLeague
SC0,29/01/2014,Hearts,St Mirren,H,3.0,3.5,2.25,2.9,3.2,2.25,2.9,3.2,2.2,3.0,3.4,2.3,3.2,3.2,2.3,2013/14,€5.15m,€9.60m,3.1,3.4,2.38,33.3333,34.4828,31.25,34.4828,32.2581,33.3333,28.5714,31.25,31.25,31.25,29.4118,29.4118,44.4444,44.4444,43.4783,45.4545,42.0168,43.4783,A,33.1901,1.2662,30.1908,1.2002,43.8861,1.1756,ScotishPremierLeague
SC0,01/02/2014,Kilmarnock,Ross County,D,2.25,3.3,3.2,2.1,3.2,3.2,2.1,3.1,3.2,2.15,3.4,3.3,2.4,3.1,3.1,2013/14,€9.60m,€7.68m,2.4,3.3,3.1,44.4444,47.619,41.6667,47.619,41.6667,46.5116,30.303,31.25,32.2581,32.2581,30.303,29.4118,31.25,31.25,32.2581,31.25,32.2581,30.303,H,44.9212,2.7748,30.964,1.1588,31.4282,0.7401,ScotishPremierLeague
SC0,01/02/2014,Partick,Dundee United,D,3.4,3.4,2.1,3.2,3.25,2.1,3.2,3.1,2.1,3.3,3.4,2.15,3.3,3.3,2.2,2013/14,€6.63m,€10.65m,3.6,3.4,2.1,29.4118,31.25,30.303,31.25,27.7778,30.303,29.4118,30.7692,30.303,32.2581,29.4118,29.4118,47.619,47.619,45.4545,47.619,47.619,46.5116,A,30.0493,1.3098,30.261,1.1324,47.0737,0.9085,ScotishPremierLeague
SC0,02/02/2014,Celtic,St Mirren,H,1.14,8.0,15.0,1.17,6.5,11.0,1.17,5.7,12.0,1.16,7.0,15.0,1.17,6.5,17.0,2013/14,€68.53m,€9.60m,1.17,7.5,19.0,87.7193,85.4701,85.4701,85.4701,85.4701,86.2069,12.5,15.3846,15.3846,17.5439,13.3333,14.2857,6.6667,9.0909,5.8824,8.3333,5.2632,6.6667,H,85.9678,0.9073,14.7387,1.783,6.9839,1.4585,ScotishPremierLeague
SC0,15/02/2014,Dundee United,Kilmarnock,H,1.62,3.8,5.5,1.65,3.7,4.5,1.65,3.5,4.5,1.66,3.75,5.0,1.73,3.5,5.0,2013/14,€10.65m,€9.60m,1.7,3.8,5.25,61.7284,60.6061,57.8035,60.6061,58.8235,60.241,26.3158,27.027,28.5714,28.5714,26.3158,26.6667,18.1818,22.2222,20.0,22.2222,19.0476,20.0,H,59.9681,1.413,27.2447,1.0609,20.279,1.6506,ScotishPremierLeague
SC0,15/02/2014,Hibernian,Ross County,H,1.91,3.4,4.0,1.85,3.4,3.75,1.9,3.2,3.6,1.95,3.4,3.8,2.0,3.25,4.0,2013/14,€9.58m,€7.68m,1.95,3.4,4.2,52.356,54.0541,50.0,52.6316,51.2821,51.2821,29.4118,29.4118,30.7692,31.25,29.4118,29.4118,25.0,26.6667,25.0,27.7778,23.8095,26.3158,H,51.9343,1.3964,29.9444,0.839,25.7616,1.4256,ScotishPremierLeague
SC0,15/02/2014,Inverness C,Hearts,D,1.4,4.75,7.0,1.4,4.5,6.0,1.4,4.0,6.5,1.4,4.5,8.0,1.44,4.2,7.5,2013/14,€5.80m,€5.15m,1.45,4.6,7.5,71.4286,71.4286,69.4444,71.4286,68.9655,71.4286,21.0526,22.2222,23.8095,25.0,21.7391,22.2222,14.2857,16.6667,13.3333,15.3846,13.3333,12.5,H,70.6874,1.1582,22.6743,1.4568,14.2506,1.5409,ScotishPremierLeague
SC0,15/02/2014,Motherwell,Partick,H,1.8,3.8,4.0,1.75,3.5,4.1,1.8,3.2,4.0,1.72,3.5,4.5,1.91,3.3,4.33,2013/14,€7.70m,€6.63m,1.87,3.7,4.3,55.5556,57.1429,52.356,55.5556,53.4759,58.1395,26.3158,28.5714,30.303,31.25,27.027,28.5714,25.0,24.3902,23.0947,25.0,23.2558,22.2222,H,55.3709,2.1704,28.6731,1.8753,23.8272,1.1408,ScotishPremierLeague
SC0,15/02/2014,St Mirren,Aberdeen,A,5.0,3.5,1.73,4.5,3.5,1.7,4.2,3.3,1.75,5.0,3.4,1.75,5.0,3.5,1.75,2013/14,€9.60m,€10.93m,5.25,3.5,1.75,20.0,22.2222,20.0,23.8095,19.0476,20.0,28.5714,28.5714,28.5714,30.303,28.5714,29.4118,57.8035,58.8235,57.1429,57.1429,57.1429,57.1429,A,20.8466,1.7921,29.0001,0.7214,57.5331,0.6852,ScotishPremierLeague
SC0,16/02/2014,Celtic,St Johnstone,H,1.22,6.0,12.0,1.22,5.75,9.75,1.25,4.8,9.5,1.25,5.5,12.0,1.3,5.5,9.5,2013/14,€68.53m,€10.13m,1.25,6.0,15.0,81.9672,81.9672,76.9231,80.0,80.0,80.0,16.6667,17.3913,18.1818,20.8333,16.6667,18.1818,8.3333,10.2564,10.5263,10.5263,6.6667,8.3333,H,80.1429,1.8485,17.9869,1.5504,9.107,1.5813,ScotishPremierLeague
SC0,21/02/2014,Dundee United,Motherwell,H,1.8,3.6,4.33,1.85,3.4,3.7,1.9,3.2,3.6,1.9,3.6,3.75,1.83,3.75,4.0,2013/14,€10.65m,€7.70m,1.9,3.7,4.1,55.5556,54.0541,54.6448,52.6316,52.6316,52.6316,27.7778,29.4118,26.6667,31.25,27.027,27.7778,23.0947,27.027,25.0,27.7778,24.3902,26.6667,H,53.6916,1.2558,28.3185,1.7187,25.6594,1.7886,ScotishPremierLeague
SC0,22/02/2014,Hearts,Celtic,A,15.0,6.5,1.18,13.0,5.75,1.18,11.0,5.2,1.2,15.0,6.0,1.2,15.0,5.5,1.22,2013/14,€5.15m,€68.53m,15.0,6.5,1.22,6.6667,7.6923,6.6667,9.0909,6.6667,6.6667,15.3846,17.3913,18.1818,19.2308,15.3846,16.6667,84.7458,84.7458,81.9672,83.3333,81.9672,83.3333,A,7.2417,0.9945,17.04,1.5393,83.3488,1.2427,ScotishPremierLeague
SC0,22/02/2014,Kilmarnock,Hibernian,D,2.88,3.3,2.4,2.6,3.25,2.45,2.7,3.1,2.4,2.6,3.3,2.6,2.8,3.2,2.5,2013/14,€9.60m,€9.58m,2.9,3.3,2.55,34.7222,38.4615,35.7143,37.037,34.4828,38.4615,30.303,30.7692,31.25,32.2581,30.303,30.303,41.6667,40.8163,40.0,41.6667,39.2157,38.4615,A,36.4799,1.7792,30.8644,0.7805,40.3045,1.3151,ScotishPremierLeague
SC0,22/02/2014,Partick,Aberdeen,H,4.0,3.6,1.85,3.6,3.4,1.9,3.6,3.2,1.9,4.33,3.5,1.83,4.0,3.4,1.95,2013/14,€6.63m,€10.93m,4.2,3.6,1.9,25.0,27.7778,25.0,27.7778,23.8095,23.0947,27.7778,29.4118,29.4118,31.25,27.7778,28.5714,54.0541,52.6316,51.2821,52.6316,52.6316,54.6448,A,25.41,1.9734,29.0334,1.3089,52.9793,1.1977,ScotishPremierLeague
SC0,22/02/2014,Ross County,St Mirren,H,2.1,3.4,3.4,2.05,3.25,3.25,2.1,3.1,3.2,2.2,3.3,3.25,2.25,3.1,3.4,2013/14,€7.68m,€9.60m,2.2,3.4,3.4,47.619,48.7805,44.4444,47.619,45.4545,45.4545,29.4118,30.7692,32.2581,32.2581,29.4118,30.303,29.4118,30.7692,29.4118,31.25,29.4118,30.7692,H,46.562,1.6789,30.7353,1.2907,30.1706,0.8496,ScotishPremierLeague
SC0,22/02/2014,St Johnstone,Inverness C,A,2.4,3.2,3.0,2.3,3.2,2.8,2.2,3.1,3.0,2.3,3.3,3.0,2.5,3.2,2.8,2013/14,€10.13m,€5.80m,2.45,3.3,3.0,41.6667,43.4783,40.0,45.4545,40.8163,43.4783,31.25,31.25,31.25,32.2581,30.303,30.303,33.3333,35.7143,35.7143,33.3333,33.3333,33.3333,H,42.4823,2.0209,31.1024,0.732,34.127,1.2295,ScotishPremierLeague
SC0,25/02/2014,Aberdeen,Celtic,H,5.5,3.75,1.62,5.25,3.75,1.55,5.0,3.7,1.55,5.5,3.75,1.62,6.0,3.8,1.57,2013/14,€10.93m,€68.53m,5.25,3.8,1.7,18.1818,19.0476,16.6667,20.0,19.0476,18.1818,26.6667,26.6667,26.3158,27.027,26.3158,26.6667,61.7284,64.5161,63.6943,64.5161,58.8235,61.7284,A,18.5209,1.1323,26.6098,0.2671,62.5011,2.2029,ScotishPremierLeague
SC0,25/02/2014,Ross County,Inverness C,A,3.0,3.4,2.3,2.9,3.25,2.25,3.2,3.1,2.1,3.0,3.4,2.3,3.3,3.3,2.2,2013/14,€7.68m,€5.80m,3.0,3.4,2.4,33.3333,34.4828,30.303,31.25,33.3333,33.3333,29.4118,30.7692,30.303,32.2581,29.4118,29.4118,43.4783,44.4444,45.4545,47.619,41.6667,43.4783,A,32.6726,1.5637,30.261,1.1324,44.3569,2.0315,ScotishPremierLeague
SC0,25/02/2014,St Johnstone,Motherwell,H,2.3,3.4,3.0,2.2,3.25,2.95,2.4,3.1,2.7,2.4,3.3,2.88,2.3,3.3,3.1,2013/14,€10.13m,€7.70m,2.4,3.3,3.13,43.4783,45.4545,43.4783,41.6667,41.6667,41.6667,29.4118,30.7692,30.303,32.2581,30.303,30.303,33.3333,33.8983,32.2581,37.037,31.9489,34.7222,H,42.9019,1.5335,30.558,0.9427,33.8663,1.8619,ScotishPremierLeague
SC0,28/02/2014,Hibernian,Dundee United,A,2.88,3.4,2.38,2.9,3.2,2.25,2.8,3.1,2.3,2.9,3.3,2.37,2.8,3.3,2.5,2013/14,€9.58m,€10.65m,2.9,3.3,2.55,34.7222,34.4828,35.7143,35.7143,34.4828,34.4828,29.4118,31.25,30.303,32.2581,30.303,30.303,42.0168,44.4444,40.0,43.4783,39.2157,42.1941,A,34.9332,0.6121,30.6382,0.9838,41.8916,1.994,ScotishPremierLeague
SC0,01/03/2014,Aberdeen,St Johnstone,H,1.73,3.75,4.5,1.7,3.7,4.2,1.7,3.4,4.3,1.72,3.5,5.0,1.75,3.4,5.0,2013/14,€10.93m,€10.13m,1.75,3.75,5.0,57.8035,58.8235,57.1429,58.8235,57.1429,58.1395,26.6667,27.027,29.4118,29.4118,26.6667,28.5714,22.2222,23.8095,20.0,23.2558,20.0,20.0,H,57.9793,0.7591,27.9592,1.327,21.5479,1.7706,ScotishPremierLeague
SC0,01/03/2014,Celtic,Inverness C,H,1.29,5.5,9.5,1.26,5.25,8.5,1.25,4.8,9.5,1.28,5.5,9.0,1.33,5.0,9.0,2013/14,€68.53m,€5.80m,1.33,5.5,9.5,77.5194,79.3651,75.188,80.0,75.188,78.125,18.1818,19.0476,20.0,20.8333,18.1818,18.1818,10.5263,11.7647,11.1111,10.5263,10.5263,11.1111,H,77.5642,2.0389,19.071,1.1262,10.9276,0.5002,ScotishPremierLeague
SC0,01/03/2014,Motherwell,Hearts,H,1.5,4.2,6.5,1.4,4.33,6.5,1.4,4.0,6.5,1.44,4.33,7.0,1.53,3.8,6.5,2013/14,€7.70m,€5.15m,1.5,4.4,7.0,66.6667,71.4286,65.3595,71.4286,66.6667,69.4444,23.8095,23.0947,26.3158,25.0,22.7273,23.0947,15.3846,15.3846,15.3846,15.3846,14.2857,14.2857,H,68.4991,2.6317,24.007,1.3898,15.0183,0.5675,ScotishPremierLeague
SC0,01/03/2014,Ross County,Partick,D,2.3,3.4,3.0,2.25,3.2,2.9,2.2,3.1,3.0,2.25,3.3,3.1,2.5,3.2,2.8,2013/14,€7.68m,€6.63m,2.5,3.4,2.9,43.4783,44.4444,40.0,45.4545,40.0,44.4444,29.4118,31.25,31.25,32.2581,29.4118,30.303,33.3333,34.4828,35.7143,33.3333,34.4828,32.2581,H,42.9703,2.3841,30.6474,1.1395,33.9341,1.2085,ScotishPremierLeague
SC0,01/03/2014,St Mirren,Kilmarnock,H,2.5,3.4,2.7,2.35,3.2,2.75,2.4,3.2,2.65,2.5,3.3,2.8,2.6,3.0,2.9,2013/14,€9.60m,€9.60m,2.5,3.4,2.9,40.0,42.5532,38.4615,41.6667,40.0,40.0,29.4118,31.25,33.3333,31.25,29.4118,30.303,37.037,36.3636,34.4828,37.7358,34.4828,35.7143,H,40.4469,1.4467,30.8266,1.4778,35.9694,1.3342,ScotishPremierLeague
SC0,08/03/2014,Hibernian,Motherwell,D,2.5,3.3,2.75,2.55,3.3,2.45,2.7,3.1,2.4,2.75,3.3,2.5,2.75,3.0,2.75,2013/14,€9.58m,€7.70m,2.62,3.3,2.8,40.0,39.2157,36.3636,37.037,38.1679,36.3636,30.303,30.303,33.3333,32.2581,30.303,30.303,36.3636,40.8163,36.3636,41.6667,35.7143,40.0,H,37.858,1.5276,31.1339,1.3314,38.4874,2.628,ScotishPremierLeague
SC0,08/03/2014,Kilmarnock,Hearts,H,1.8,3.6,4.33,1.65,3.8,4.25,1.7,3.4,4.3,1.75,3.75,4.5,1.83,3.5,4.2,2013/14,€9.60m,€5.15m,1.75,3.75,4.8,55.5556,60.6061,54.6448,58.8235,57.1429,57.1429,27.7778,26.3158,28.5714,29.4118,26.6667,26.6667,23.0947,23.5294,23.8095,23.2558,20.8333,22.2222,H,57.3193,2.1629,27.5684,1.2364,22.7908,1.0997,ScotishPremierLeague
SC0,12/03/2014,Dundee United,St Johnstone,A,1.91,3.5,4.0,1.75,3.6,4.0,1.7,3.4,4.3,1.83,3.4,4.33,1.91,3.25,4.33,2013/14,€10.65m,€10.13m,1.92,3.5,4.1,52.356,57.1429,52.356,58.8235,52.0833,54.6448,28.5714,27.7778,30.7692,29.4118,28.5714,29.4118,25.0,25.0,23.0947,23.2558,24.3902,23.0947,H,54.5677,2.8532,29.0856,1.0282,23.9726,0.9317,ScotishPremierLeague
SC0,12/03/2014,Inverness C,Hibernian,D,2.2,3.3,3.3,2.0,3.3,3.4,1.9,3.2,3.6,2.05,3.4,3.5,2.1,3.3,3.5,2013/14,€5.80m,€9.58m,2.2,3.4,3.3,45.4545,50.0,47.619,52.6316,45.4545,48.7805,30.303,30.303,30.303,31.25,29.4118,29.4118,30.303,29.4118,28.5714,27.7778,30.303,28.5714,H,48.3234,2.7763,30.1638,0.6883,29.1564,1.0276,ScotishPremierLeague
SC0,14/03/2014,Kilmarnock,Celtic,A,11.0,5.75,1.25,7.5,5.0,1.3,8.0,4.2,1.33,9.0,5.0,1.33,9.0,5.5,1.3,2013/14,€9.60m,€68.53m,9.0,5.25,1.33,9.0909,13.3333,11.1111,12.5,11.1111,11.1111,17.3913,20.0,18.1818,23.8095,19.0476,20.0,80.0,76.9231,76.9231,75.188,75.188,75.188,A,11.3762,1.451,19.7384,2.2414,76.5684,1.8838,ScotishPremierLeague
SC0,15/03/2014,Dundee United,St Mirren,H,1.53,4.0,6.0,1.6,3.8,4.75,1.6,3.6,4.8,1.61,3.75,5.0,1.62,3.6,6.0,2013/14,€10.65m,€9.60m,1.62,4.0,5.75,65.3595,62.5,61.7284,62.5,61.7284,62.1118,25.0,26.3158,27.7778,27.7778,25.0,26.6667,16.6667,21.0526,16.6667,20.8333,17.3913,20.0,H,62.6547,1.3693,26.423,1.2483,18.7684,2.0847,ScotishPremierLeague
SC0,15/03/2014,Partick,Hibernian,H,2.5,3.3,2.75,2.5,3.25,2.55,2.4,3.1,2.7,2.5,3.3,2.75,2.62,3.1,2.8,2013/14,€6.63m,€9.58m,2.55,3.3,2.9,40.0,40.0,38.1679,41.6667,39.2157,40.0,30.303,30.7692,32.2581,32.2581,30.303,30.303,36.3636,39.2157,35.7143,37.037,34.4828,36.3636,H,39.8417,1.1489,31.0324,0.9664,36.5295,1.5736,ScotishPremierLeague
SC0,15/03/2014,St Johnstone,Ross County,A,1.73,3.6,4.75,1.75,3.6,4.0,1.8,3.2,4.0,1.8,3.4,4.33,1.75,3.4,5.0,2013/14,€10.13m,€7.68m,1.8,3.6,4.8,57.8035,57.1429,57.1429,55.5556,55.5556,55.5556,27.7778,27.7778,29.4118,31.25,27.7778,29.4118,21.0526,25.0,20.0,25.0,20.8333,23.0947,H,56.4593,1.019,28.9012,1.4017,22.4968,2.1898,ScotishPremierLeague
SC0,19/03/2014,Motherwell,Inverness C,H,2.0,3.5,3.6,2.0,3.3,3.4,2.1,3.1,3.2,1.95,3.5,3.75,2.05,3.25,3.75,2013/14,€7.70m,€5.80m,2.0,3.5,3.8,50.0,50.0,48.7805,47.619,50.0,51.2821,28.5714,30.303,30.7692,32.2581,28.5714,28.5714,27.7778,29.4118,26.6667,31.25,26.3158,26.6667,H,49.6136,1.2573,29.8408,1.5332,28.0148,1.9491,ScotishPremierLeague
SC0,21/03/2014,Hearts,Dundee United,A,5.25,4.0,1.62,4.6,3.7,1.62,4.8,3.6,1.6,5.0,3.8,1.66,5.0,3.75,1.62,2013/14,€5.15m,€10.65m,5.2,4.1,1.67,19.0476,21.7391,20.0,20.8333,19.2308,20.0,25.0,27.027,26.6667,27.7778,24.3902,26.3158,61.7284,61.7284,61.7284,62.5,59.8802,60.241,A,20.1418,1.0096,26.1963,1.2744,61.3011,1.0127,ScotishPremierLeague
SC0,22/03/2014,Aberdeen,Kilmarnock,H,1.5,4.0,7.0,1.5,3.9,5.75,1.5,3.8,5.5,1.5,4.0,7.0,1.53,3.75,7.0,2013/14,€10.93m,€9.60m,1.5,4.3,7.0,66.6667,66.6667,65.3595,66.6667,66.6667,66.6667,25.0,25.641,26.6667,26.3158,23.2558,25.0,14.2857,17.3913,14.2857,18.1818,14.2857,14.2857,H,66.4488,0.5337,25.3132,1.2144,15.4526,1.825,ScotishPremierLeague
SC0,22/03/2014,Celtic,St Mirren,H,1.18,7.0,13.0,1.15,6.5,13.5,1.15,6.0,13.0,1.16,7.0,15.0,1.17,7.0,15.0,2013/14,€68.53m,€9.60m,1.18,7.0,18.0,84.7458,86.9565,85.4701,86.9565,84.7458,86.2069,14.2857,15.3846,14.2857,16.6667,14.2857,14.2857,7.6923,7.4074,6.6667,7.6923,5.5556,6.6667,H,85.8469,1.0158,14.8657,0.9857,6.9468,0.8266,ScotishPremierLeague
SC0,22/03/2014,Inverness C,Partick,H,2.2,3.3,3.3,1.95,3.4,3.4,1.9,3.2,3.6,2.0,3.5,3.6,2.3,3.2,3.2,2013/14,€5.80m,€6.63m,2.2,3.4,3.4,45.4545,51.2821,43.4783,52.6316,45.4545,50.0,30.303,29.4118,31.25,31.25,29.4118,28.5714,30.303,29.4118,31.25,27.7778,29.4118,27.7778,H,48.0502,3.7313,30.033,1.0902,29.322,1.3758,ScotishPremierLeague
SC0,22/03/2014,Motherwell,Ross County,H,1.8,3.8,4.0,1.7,3.8,4.0,1.8,3.3,3.9,1.8,3.6,4.2,1.85,3.6,4.0,2013/14,€7.70m,€7.68m,1.9,3.8,4.0,55.5556,58.8235,54.0541,55.5556,52.6316,55.5556,26.3158,26.3158,27.7778,30.303,26.3158,27.7778,25.0,25.0,25.0,25.641,25.0,23.8095,H,55.3627,2.062,27.4677,1.5628,24.9084,0.5963,ScotishPremierLeague
SC0,22/03/2014,St Johnstone,Hibernian,H,2.15,3.25,3.4,2.0,3.3,3.4,2.0,3.2,3.3,2.05,3.4,3.5,2.25,3.1,3.3,2013/14,€10.13m,€9.58m,2.15,3.4,3.5,46.5116,50.0,44.4444,50.0,46.5116,48.7805,30.7692,30.303,32.2581,31.25,29.4118,29.4118,29.4118,29.4118,30.303,30.303,28.5714,28.5714,H,47.708,2.2437,30.5673,1.1051,29.4287,0.7745,ScotishPremierLeague
SC0,25/03/2014,Ross County,Aberdeen,D,4.5,3.8,1.73,3.6,3.5,1.85,4.0,3.2,1.8,4.33,3.5,1.83,4.33,3.5,1.83,2013/14,€7.68m,€10.93m,4.6,3.8,1.75,22.2222,27.7778,23.0947,25.0,21.7391,23.0947,26.3158,28.5714,28.5714,31.25,26.3158,28.5714,57.8035,54.0541,54.6448,55.5556,57.1429,54.6448,A,23.8214,2.2357,28.266,1.8325,55.641,1.5128,ScotishPremierLeague
SC0,25/03/2014,St Mirren,St Johnstone,A,2.9,3.1,2.5,2.7,3.1,2.45,2.55,3.1,2.55,2.87,3.2,2.5,2.9,3.2,2.5,2013/14,€9.60m,€10.13m,2.9,3.2,2.55,34.4828,37.037,34.4828,39.2157,34.4828,34.8432,32.2581,32.2581,31.25,32.2581,31.25,31.25,40.0,40.8163,40.0,39.2157,39.2157,40.0,A,35.7574,1.965,31.754,0.5522,39.8746,0.6004,ScotishPremierLeague
SC0,26/03/2014,Dundee United,Inverness C,H,1.8,3.75,4.2,1.75,3.6,4.0,1.75,3.3,4.2,1.83,3.5,4.33,1.83,3.4,4.5,2013/14,€10.65m,€5.80m,1.9,3.75,3.9,55.5556,57.1429,54.6448,57.1429,52.6316,54.6448,26.6667,27.7778,29.4118,30.303,26.6667,28.5714,23.8095,25.0,22.2222,23.8095,25.641,23.0947,H,55.2938,1.7226,28.2329,1.4767,23.9295,1.2422,ScotishPremierLeague
SC0,26/03/2014,Partick,Celtic,A,9.0,5.0,1.33,8.0,5.25,1.28,8.0,4.6,1.3,10.0,5.5,1.3,10.0,5.0,1.3,2013/14,€6.63m,€68.53m,8.5,5.0,1.36,11.1111,12.5,10.0,12.5,11.7647,10.0,20.0,19.0476,20.0,21.7391,20.0,18.1818,75.188,78.125,76.9231,76.9231,73.5294,76.9231,A,11.3126,1.1411,19.8281,1.1883,76.2686,1.6372,ScotishPremierLeague
SC0,29/03/2014,Aberdeen,Dundee United,D,2.05,3.4,3.5,2.0,3.3,3.4,2.0,3.2,3.3,2.0,3.4,3.75,2.2,3.1,3.5,2013/14,€10.93m,€10.65m,2.2,3.4,3.4,48.7805,50.0,45.4545,50.0,45.4545,50.0,29.4118,30.303,32.2581,31.25,29.4118,29.4118,28.5714,29.4118,28.5714,30.303,29.4118,26.6667,H,48.2816,2.2402,30.3411,1.1911,28.8227,1.2377,ScotishPremierLeague
SC0,29/03/2014,Celtic,Ross County,D,1.18,6.5,13.0,1.14,7.0,13.0,1.2,5.2,11.0,1.18,7.0,13.0,1.17,7.0,15.0,2013/14,€68.53m,€7.68m,1.2,7.0,15.0,84.7458,87.7193,85.4701,83.3333,83.3333,84.7458,15.3846,14.2857,14.2857,19.2308,14.2857,14.2857,7.6923,7.6923,6.6667,9.0909,6.6667,7.6923,H,84.8913,1.6266,15.293,1.9785,7.5835,0.8932,ScotishPremierLeague
SC0,29/03/2014,Inverness C,St Mirren,D,1.7,3.6,5.0,1.75,3.6,4.0,1.8,3.2,4.0,1.83,3.5,4.33,1.8,3.5,4.5,2013/14,€5.80m,€9.60m,1.8,3.6,4.8,58.8235,57.1429,55.5556,55.5556,55.5556,54.6448,27.7778,27.7778,28.5714,31.25,27.7778,28.5714,20.0,25.0,22.2222,25.0,20.8333,23.0947,H,56.213,1.5123,28.621,1.3453,22.6917,2.0851,ScotishPremierLeague
SC0,29/03/2014,Motherwell,Kilmarnock,A,1.8,3.5,4.5,1.7,3.6,4.33,1.65,3.5,4.5,1.72,3.75,4.5,1.8,3.5,4.5,2013/14,€7.70m,€9.60m,1.85,3.75,4.2,55.5556,58.8235,55.5556,60.6061,54.0541,58.1395,28.5714,27.7778,28.5714,28.5714,26.6667,26.6667,22.2222,23.0947,22.2222,22.2222,23.8095,22.2222,H,57.1224,2.4653,27.8042,0.9332,22.6322,0.6741,ScotishPremierLeague
SC0,29/03/2014,St Johnstone,Partick,D,2.05,3.3,3.6,1.9,3.4,3.6,1.9,3.2,3.6,2.0,3.4,3.75,2.1,3.1,3.75,2013/14,€10.13m,€6.63m,2.0,3.5,3.9,48.7805,52.6316,47.619,52.6316,50.0,50.0,30.303,29.4118,32.2581,31.25,28.5714,29.4118,27.7778,27.7778,26.6667,27.7778,25.641,26.6667,H,50.2771,2.0271,30.201,1.3597,27.0513,0.8796,ScotishPremierLeague
SC0,30/03/2014,Hearts,Hibernian,H,3.3,3.6,2.05,3.25,3.3,2.05,3.2,3.1,2.1,3.25,3.25,2.2,3.5,3.1,2.2,2013/14,€5.15m,€9.58m,3.5,3.5,2.15,30.303,30.7692,28.5714,31.25,28.5714,30.7692,27.7778,30.303,32.2581,32.2581,28.5714,30.7692,48.7805,48.7805,45.4545,47.619,46.5116,45.4545,A,30.039,1.1756,30.3229,1.8566,47.1001,1.5283,ScotishPremierLeague
SC0,01/04/2014,Inverness C,Motherwell,A,2.5,3.3,2.8,2.5,3.2,2.55,2.5,3.1,2.6,2.5,3.3,2.75,2.5,3.3,2.8,2013/14,€5.80m,€7.70m,2.45,3.3,3.0,40.0,40.0,40.0,40.0,40.8163,40.0,30.303,31.25,30.303,32.2581,30.303,30.303,35.7143,39.2157,35.7143,38.4615,33.3333,36.3636,H,40.1361,0.3333,30.7867,0.8143,36.4671,2.1212,ScotishPremierLeague
SC0,02/04/2014,Hearts,Aberdeen,D,6.0,4.33,1.5,5.0,4.0,1.55,5.5,3.8,1.5,6.0,4.0,1.53,6.5,4.0,1.53,2013/14,€5.15m,€10.93m,6.25,4.2,1.53,16.6667,20.0,15.3846,18.1818,16.0,16.6667,23.0947,25.0,25.0,26.3158,23.8095,25.0,66.6667,64.5161,65.3595,66.6667,65.3595,65.3595,A,17.15,1.6789,24.7033,1.1181,65.6547,0.8492,ScotishPremierLeague
SC0,04/04/2014,Ross County,Inverness C,A,2.5,3.3,2.8,2.4,3.1,2.8,2.6,3.1,2.5,2.5,3.3,2.75,2.5,3.1,3.0,2013/14,€7.68m,€5.80m,2.62,3.3,2.8,40.0,41.6667,40.0,38.4615,38.1679,40.0,30.303,32.2581,32.2581,32.2581,30.303,30.303,35.7143,35.7143,33.3333,40.0,35.7143,36.3636,H,39.716,1.2663,31.2806,1.0709,36.14,2.162,ScotishPremierLeague
SC0,05/04/2014,Dundee United,Celtic,A,5.5,4.0,1.57,5.5,3.6,1.57,4.3,3.4,1.7,5.0,3.75,1.66,5.0,3.8,1.67,2013/14,€10.65m,€68.53m,5.5,4.1,1.62,18.1818,18.1818,20.0,23.2558,18.1818,20.0,25.0,27.7778,26.3158,29.4118,24.3902,26.6667,63.6943,63.6943,59.8802,58.8235,61.7284,60.241,A,19.6335,1.9855,26.5937,1.8342,61.3436,2.0449,ScotishPremierLeague
SC0,05/04/2014,Kilmarnock,St Johnstone,A,2.7,3.3,2.55,2.6,3.1,2.55,2.5,3.1,2.6,2.5,3.3,2.75,2.7,3.1,2.7,2013/14,€9.60m,€10.13m,2.8,3.3,2.62,37.037,38.4615,37.037,40.0,35.7143,40.0,30.303,32.2581,32.2581,32.2581,30.303,30.303,39.2157,39.2157,37.037,38.4615,38.1679,36.3636,A,38.0416,1.7482,31.2806,1.0709,38.0769,1.1633,ScotishPremierLeague
SC0,05/04/2014,Partick,Hearts,A,1.73,3.5,5.0,1.67,3.7,4.33,1.7,3.4,4.3,1.72,3.75,4.5,1.7,3.6,5.0,2013/14,€6.63m,€5.15m,1.75,3.75,5.0,57.8035,59.8802,58.8235,58.8235,57.1429,58.1395,28.5714,27.027,27.7778,29.4118,26.6667,26.6667,20.0,23.0947,20.0,23.2558,20.0,22.2222,H,58.4355,0.9535,27.6869,1.121,21.4288,1.6042,ScotishPremierLeague
SC0,05/04/2014,St Mirren,Motherwell,H,3.2,3.4,2.2,3.2,3.2,2.1,3.2,3.1,2.1,3.25,3.3,2.2,3.2,3.2,2.3,2013/14,€9.60m,€7.70m,3.12,3.4,2.3,31.25,31.25,31.25,31.25,32.0513,30.7692,29.4118,31.25,31.25,32.2581,29.4118,30.303,45.4545,47.619,43.4783,47.619,43.4783,45.4545,A,31.3034,0.4138,30.6474,1.1395,45.5173,1.8524,ScotishPremierLeague
SC0,07/04/2014,Hibernian,Aberdeen,A,3.6,3.5,2.0,3.5,3.3,1.95,3.3,3.2,2.0,3.6,3.3,2.05,3.8,3.25,2.05,2013/14,€9.58m,€10.93m,3.9,3.5,2.0,27.7778,28.5714,26.3158,30.303,25.641,27.7778,28.5714,30.303,30.7692,31.25,28.5714,30.303,50.0,51.2821,48.7805,50.0,50.0,48.7805,A,27.7311,1.6551,29.9613,1.1323,49.8072,0.9376,ScotishPremierLeague
SC0,18/04/2014,Inverness C,Aberdeen,D,3.0,3.5,2.25,2.75,3.2,2.35,3.1,3.1,2.15,2.9,3.3,2.38,3.1,3.3,2.3,2013/14,€5.80m,€10.93m,3.12,3.4,2.3,33.3333,36.3636,32.2581,32.2581,32.0513,34.4828,28.5714,31.25,30.303,32.2581,29.4118,30.303,44.4444,42.5532,43.4783,46.5116,43.4783,42.0168,A,33.4579,1.6951,30.3496,1.3038,43.7471,1.5933,ScotishPremierLeague
SC0,19/04/2014,Hearts,Ross County,H,2.8,3.5,2.38,2.55,3.3,2.45,2.7,3.25,2.3,2.88,3.4,2.38,2.8,3.3,2.5,2013/14,€5.15m,€7.68m,2.88,3.5,2.45,35.7143,39.2157,35.7143,37.037,34.7222,34.7222,28.5714,30.303,30.303,30.7692,28.5714,29.4118,42.0168,40.8163,40.0,43.4783,40.8163,42.0168,A,36.1876,1.7108,29.655,0.9475,41.5241,1.2353,ScotishPremierLeague
SC0,19/04/2014,Kilmarnock,Partick,A,2.5,3.4,2.7,2.4,3.3,2.6,2.4,3.2,2.65,2.38,3.4,2.88,2.6,3.4,2.62,2013/14,€9.60m,€6.63m,2.62,3.4,2.75,40.0,41.6667,38.4615,41.6667,38.1679,42.0168,29.4118,30.303,29.4118,31.25,29.4118,29.4118,37.037,38.4615,38.1679,37.7358,36.3636,34.7222,H,40.3299,1.7143,29.8667,0.7657,37.0813,1.3854,ScotishPremierLeague
SC0,19/04/2014,Motherwell,Celtic,D,5.25,4.2,1.57,5.0,3.6,1.6,5.0,3.7,1.55,5.0,3.75,1.67,5.0,4.2,1.62,2013/14,€7.70m,€68.53m,5.75,4.2,1.6,19.0476,20.0,20.0,20.0,17.3913,20.0,23.8095,27.7778,23.8095,27.027,23.8095,26.6667,63.6943,62.5,61.7284,64.5161,62.5,59.8802,A,19.4065,1.0582,25.4833,1.8683,62.4698,1.609,ScotishPremierLeague
SC0,19/04/2014,St Johnstone,Dundee United,H,2.5,3.5,2.63,2.4,3.25,2.65,2.4,3.2,2.65,2.6,3.3,2.63,2.6,3.4,2.62,2013/14,€10.13m,€10.65m,2.6,3.5,2.7,40.0,41.6667,38.4615,41.6667,38.4615,38.4615,28.5714,30.7692,29.4118,31.25,28.5714,30.303,38.0228,37.7358,38.1679,37.7358,37.037,38.0228,H,39.7863,1.5737,29.8128,1.137,37.787,0.406,ScotishPremierLeague
SC0,19/04/2014,St Mirren,Hibernian,H,2.25,3.5,3.0,2.25,3.25,2.85,2.3,3.2,2.75,2.3,3.4,3.0,2.45,3.25,2.9,2013/14,€9.60m,€9.58m,2.4,3.5,3.0,44.4444,44.4444,40.8163,43.4783,41.6667,43.4783,28.5714,30.7692,30.7692,31.25,28.5714,29.4118,33.3333,35.0877,34.4828,36.3636,33.3333,33.3333,H,43.0547,1.4939,29.8905,1.1918,34.3223,1.242,ScotishPremierLeague
SC0,25/04/2014,Partick,St Mirren,D,2.05,3.4,3.6,2.1,3.3,3.1,2.0,3.2,3.3,2.1,3.4,3.4,2.1,3.4,3.4,2013/14,€6.63m,€9.60m,2.15,3.4,3.6,48.7805,47.619,47.619,50.0,46.5116,47.619,29.4118,30.303,29.4118,31.25,29.4118,29.4118,27.7778,32.2581,29.4118,30.303,27.7778,29.4118,H,48.0248,1.2047,29.8667,0.7657,29.49,1.6852,ScotishPremierLeague
SC0,26/04/2014,Aberdeen,St Johnstone,D,1.75,3.5,4.75,1.7,3.5,4.4,1.7,3.4,4.3,1.8,3.5,4.5,1.85,3.25,4.8,2013/14,€10.93m,€10.13m,1.85,3.5,4.75,57.1429,58.8235,54.0541,58.8235,54.0541,55.5556,28.5714,28.5714,30.7692,29.4118,28.5714,28.5714,21.0526,22.7273,20.8333,23.2558,21.0526,22.2222,H,56.409,2.1917,29.0778,0.8942,21.8573,1.0188,ScotishPremierLeague
SC0,26/04/2014,Dundee United,Motherwell,H,1.83,3.5,4.2,1.91,3.4,3.5,1.9,3.2,3.6,1.95,3.6,3.6,1.91,3.3,4.2,2013/14,€10.65m,€7.70m,1.92,3.5,3.9,54.6448,52.356,52.356,52.6316,52.0833,51.2821,28.5714,29.4118,30.303,31.25,28.5714,27.7778,23.8095,28.5714,23.8095,27.7778,25.641,27.7778,H,52.559,1.1221,29.3142,1.2805,26.2312,2.1137,ScotishPremierLeague
SC0,26/04/2014,Ross County,Kilmarnock,H,2.2,3.4,3.2,2.2,3.3,2.9,2.2,3.1,3.0,2.25,3.3,3.1,2.3,3.2,3.2,2013/14,€7.68m,€9.60m,2.2,3.4,3.3,45.4545,45.4545,43.4783,45.4545,45.4545,44.4444,29.4118,30.303,31.25,32.2581,29.4118,30.303,31.25,34.4828,31.25,33.3333,30.303,32.2581,H,44.9568,0.8294,30.4896,1.1044,32.1462,1.5418,ScotishPremierLeague
SC0,27/04/2014,Celtic,Inverness C,H,1.3,5.0,11.0,1.3,5.0,7.75,1.27,4.6,9.0,1.28,5.5,10.0,1.3,5.0,11.0,2013/14,€68.53m,€5.80m,1.33,5.25,10.0,76.9231,76.9231,76.9231,78.7402,75.188,78.125,20.0,20.0,20.0,21.7391,19.0476,18.1818,9.0909,12.9032,9.0909,11.1111,10.0,10.0,H,77.1371,1.2233,19.8281,1.1883,10.366,1.45,ScotishPremierLeague
SC0,03/05/2014,Celtic,Aberdeen,H,1.4,4.5,8.0,1.4,4.75,5.75,1.4,4.0,6.5,1.44,4.0,7.0,1.44,4.0,8.0,2013/14,€68.53m,€10.93m,1.4,4.5,8.5,71.4286,71.4286,69.4444,71.4286,71.4286,69.4444,22.2222,21.0526,25.0,25.0,22.2222,25.0,12.5,17.3913,12.5,15.3846,11.7647,14.2857,H,70.7672,1.0246,23.4162,1.7868,13.971,2.1444,ScotishPremierLeague
SC0,03/05/2014,Hibernian,Partick,D,2.5,3.4,2.7,2.25,3.25,2.9,2.1,3.1,3.2,2.37,3.4,2.75,2.62,3.1,2.8,2013/14,€9.58m,€6.63m,2.55,3.4,2.8,40.0,44.4444,38.1679,47.619,39.2157,42.1941,29.4118,30.7692,32.2581,32.2581,29.4118,29.4118,37.037,34.4828,35.7143,31.25,35.7143,36.3636,H,41.9402,3.5778,30.5868,1.3973,35.0937,2.0643,ScotishPremierLeague
SC0,03/05/2014,Inverness C,Dundee United,D,3.3,3.4,2.15,3.1,3.3,2.1,2.8,3.1,2.3,3.2,3.4,2.2,3.2,3.2,2.3,2013/14,€5.80m,€10.65m,3.25,3.4,2.25,30.303,32.2581,31.25,35.7143,30.7692,31.25,29.4118,30.303,31.25,32.2581,29.4118,29.4118,46.5116,47.619,43.4783,43.4783,44.4444,45.4545,A,31.9241,1.9671,30.3411,1.1911,45.1644,1.681,ScotishPremierLeague
SC0,03/05/2014,Motherwell,St Johnstone,H,2.25,3.3,3.2,2.1,3.3,3.1,2.1,3.1,3.2,2.15,3.4,3.3,2.4,3.1,3.1,2013/14,€7.70m,€10.13m,2.4,3.4,3.0,44.4444,47.619,41.6667,47.619,41.6667,46.5116,30.303,30.303,32.2581,32.2581,29.4118,29.4118,31.25,32.2581,32.2581,31.25,33.3333,30.303,H,44.9212,2.7748,30.6576,1.3022,31.7754,1.0595,ScotishPremierLeague
SC0,03/05/2014,St Mirren,Ross County,H,2.3,3.4,3.0,2.15,3.3,3.0,2.1,3.1,3.2,2.2,3.25,3.1,2.1,3.1,3.1,2013/14,€9.60m,€7.68m,2.4,3.4,3.0,43.4783,46.5116,47.619,47.619,41.6667,45.4545,29.4118,30.303,32.2581,32.2581,29.4118,30.7692,33.3333,33.3333,32.2581,31.25,33.3333,32.2581,H,45.3915,2.3965,30.7353,1.2907,32.6277,0.8561,ScotishPremierLeague
SC0,04/05/2014,Hearts,Kilmarnock,H,2.6,3.25,2.7,2.55,3.2,2.5,2.4,3.1,2.7,2.7,3.3,2.4,2.62,3.1,2.8,2013/14,€5.15m,€9.60m,2.62,3.3,2.7,38.4615,39.2157,38.1679,41.6667,38.1679,37.037,30.7692,31.25,32.2581,32.2581,30.303,30.303,37.037,40.0,35.7143,37.037,37.037,41.6667,H,38.7861,1.5755,31.1902,0.8984,38.082,2.2544,ScotishPremierLeague
SC0,06/05/2014,Dundee United,Aberdeen,A,2.45,3.5,2.7,2.35,3.25,2.7,2.4,3.2,2.6,2.4,3.3,2.75,2.4,3.4,2.8,2013/14,€10.65m,€10.93m,2.45,3.5,2.9,40.8163,42.5532,41.6667,41.6667,40.8163,41.6667,28.5714,30.7692,29.4118,31.25,28.5714,30.303,37.037,37.037,35.7143,38.4615,34.4828,36.3636,H,41.531,0.6514,29.8128,1.137,36.516,1.3511,ScotishPremierLeague
SC0,06/05/2014,Ross County,Hibernian,H,2.63,3.4,2.55,2.45,3.2,2.65,2.3,3.2,2.75,2.5,3.3,2.75,2.7,3.25,2.6,2013/14,€7.68m,€9.58m,2.55,3.4,2.8,38.0228,40.8163,37.037,43.4783,39.2157,40.0,29.4118,31.25,30.7692,31.25,29.4118,30.303,39.2157,37.7358,38.4615,36.3636,35.7143,36.3636,H,39.7617,2.2684,30.3993,0.8419,37.3091,1.3767,ScotishPremierLeague
SC0,07/05/2014,Hearts,Partick,A,2.63,3.5,2.5,2.5,3.25,2.55,2.5,3.2,2.5,2.62,3.4,2.62,2.7,3.3,2.6,2013/14,€5.15m,€6.63m,2.7,3.5,2.6,38.0228,40.0,37.037,40.0,37.037,38.1679,28.5714,30.7692,30.303,31.25,28.5714,29.4118,40.0,39.2157,38.4615,40.0,38.4615,38.1679,A,38.3775,1.3438,29.8128,1.137,39.0511,0.8128,ScotishPremierLeague
SC0,07/05/2014,Kilmarnock,St Mirren,H,2.38,3.4,2.88,2.5,3.2,2.6,2.2,3.1,3.0,2.37,3.3,2.9,2.5,3.4,2.7,2013/14,€9.60m,€9.60m,2.62,3.4,2.75,42.0168,40.0,40.0,45.4545,38.1679,42.1941,29.4118,31.25,29.4118,32.2581,29.4118,30.303,34.7222,38.4615,37.037,33.3333,36.3636,34.4828,H,41.3056,2.5204,30.3411,1.1911,35.7334,1.8914,ScotishPremierLeague
SC0,07/05/2014,Motherwell,Inverness C,H,2.05,3.4,3.5,2.05,3.3,3.25,1.9,3.2,3.6,2.0,3.4,3.75,2.1,3.4,3.5,2013/14,€7.70m,€5.80m,2.15,3.5,3.25,48.7805,48.7805,47.619,52.6316,46.5116,50.0,29.4118,30.303,29.4118,31.25,28.5714,29.4118,28.5714,30.7692,28.5714,27.7778,30.7692,26.6667,H,49.0539,2.115,29.7266,0.9257,28.8543,1.6394,ScotishPremierLeague
SC0,07/05/2014,St Johnstone,Celtic,D,6.5,4.5,1.44,6.5,4.33,1.4,6.0,3.9,1.45,7.0,4.33,1.44,7.0,4.5,1.44,2013/14,€10.13m,€68.53m,7.0,4.5,1.5,15.3846,15.3846,14.2857,16.6667,14.2857,14.2857,22.2222,23.0947,22.2222,25.641,22.2222,23.0947,69.4444,71.4286,69.4444,68.9655,66.6667,69.4444,A,15.0488,0.9581,23.0828,1.3241,69.2323,1.524,ScotishPremierLeague
SC0,10/05/2014,Hibernian,Kilmarnock,A,2.2,3.4,3.2,2.2,3.2,3.0,2.2,3.2,2.9,2.2,3.3,3.2,2.25,3.1,3.3,2013/14,€9.58m,€9.60m,2.2,3.4,3.4,45.4545,45.4545,44.4444,45.4545,45.4545,45.4545,29.4118,31.25,32.2581,31.25,29.4118,30.303,31.25,33.3333,30.303,34.4828,29.4118,31.25,H,45.2862,0.4124,30.6474,1.1395,31.6718,1.8973,ScotishPremierLeague
SC0,10/05/2014,Partick,Ross County,A,2.1,3.5,3.25,2.1,3.3,3.1,2.2,3.2,2.9,2.2,3.3,3.25,2.15,3.4,3.3,2013/14,€6.63m,€7.68m,2.1,3.5,3.5,47.619,47.619,46.5116,45.4545,47.619,45.4545,28.5714,30.303,29.4118,31.25,28.5714,30.303,30.7692,32.2581,30.303,34.4828,28.5714,30.7692,H,46.7129,1.065,29.7351,1.0726,31.1923,1.9991,ScotishPremierLeague
SC0,10/05/2014,St Mirren,Hearts,D,2.1,3.6,3.2,2.2,3.3,2.95,2.3,3.1,2.8,2.2,3.5,3.1,2.25,3.5,3.0,2013/14,€9.60m,€5.15m,2.2,3.6,3.3,47.619,45.4545,44.4444,43.4783,45.4545,45.4545,27.7778,30.303,28.5714,32.2581,27.7778,28.5714,31.25,33.8983,33.3333,35.7143,30.303,32.2581,H,45.3175,1.3783,29.2099,1.7552,32.7928,1.945,ScotishPremierLeague
SC0,11/05/2014,Aberdeen,Motherwell,A,2.05,3.4,3.5,2.0,3.4,3.25,1.9,3.2,3.6,2.1,3.5,3.3,2.05,3.25,3.75,2013/14,€10.93m,€7.70m,2.1,3.5,3.6,48.7805,50.0,48.7805,52.6316,47.619,47.619,29.4118,29.4118,30.7692,31.25,28.5714,28.5714,28.5714,30.7692,26.6667,27.7778,27.7778,30.303,H,49.2384,1.8846,29.6643,1.1182,28.6443,1.5928,ScotishPremierLeague
SC0,11/05/2014,Celtic,Dundee United,H,1.29,5.5,10.0,1.3,5.25,7.25,1.3,4.6,8.0,1.33,5.0,9.0,1.33,4.8,10.0,2013/14,€68.53m,€10.65m,1.3,5.5,10.5,77.5194,76.9231,75.188,76.9231,76.9231,75.188,18.1818,19.0476,20.8333,21.7391,18.1818,20.0,10.0,13.7931,10.0,12.5,9.5238,11.1111,H,76.4441,1.0,19.6639,1.4533,11.1547,1.6792,ScotishPremierLeague
SC0,11/05/2014,Inverness C,St Johnstone,H,2.38,3.25,3.0,2.3,3.2,2.8,2.2,3.1,3.0,2.37,3.2,3.0,2.5,3.1,2.9,2013/14,€5.80m,€10.13m,2.4,3.3,3.1,42.0168,43.4783,40.0,45.4545,41.6667,42.1941,30.7692,31.25,32.2581,32.2581,30.303,31.25,33.3333,35.7143,34.4828,33.3333,32.2581,33.3333,H,42.4684,1.8413,31.3481,0.7878,33.7425,1.1951,ScotishPremierLeague
SC0,09/08/2014,Dundee,Kilmarnock,D,2.38,3.2,3.0,2.25,3.25,2.85,2.4,3.2,2.7,2.37,3.3,2.9,2.4,3.1,3.1,2014/15,€7.35m,€5.63m,2.3,3.3,3.2,42.0168,44.4444,41.6667,41.6667,43.4783,42.1941,31.25,30.7692,32.2581,31.25,30.303,30.303,33.3333,35.0877,32.2581,37.037,31.25,34.4828,H,42.5778,1.1329,31.0222,0.7389,33.9082,2.0799,ScotishPremierLeague
SC0,09/08/2014,Hamilton,Inverness C,A,3.2,3.2,2.3,3.1,3.2,2.15,2.8,3.2,2.3,3.1,3.25,2.3,3.1,3.1,2.4,2014/15,€5.65m,€6.55m,3.12,3.3,2.4,31.25,32.2581,32.2581,35.7143,32.0513,32.2581,31.25,31.25,32.2581,31.25,30.303,30.7692,43.4783,46.5116,41.6667,43.4783,41.6667,43.4783,A,32.6316,1.5599,31.1801,0.6504,43.38,1.7724,ScotishPremierLeague
SC0,09/08/2014,Motherwell,St Mirren,H,1.8,3.6,4.33,1.72,3.6,4.2,1.8,3.4,4.0,1.75,3.6,4.5,1.83,3.5,4.2,2014/15,€8.50m,€6.93m,1.83,3.9,4.2,55.5556,58.1395,54.6448,55.5556,54.6448,57.1429,27.7778,27.7778,28.5714,29.4118,25.641,27.7778,23.0947,23.8095,23.8095,25.0,23.8095,22.2222,H,55.9472,1.4096,27.8263,1.2531,23.6242,0.9211,ScotishPremierLeague
SC0,10/08/2014,Aberdeen,Dundee United,A,2.2,3.3,3.3,2.2,3.25,2.95,2.1,3.2,3.2,2.2,3.25,3.3,2.2,3.3,3.3,2014/15,€11.13m,€9.90m,2.25,3.3,3.4,45.4545,45.4545,45.4545,47.619,44.4444,45.4545,30.303,30.7692,30.303,31.25,30.303,30.7692,30.303,33.8983,30.303,31.25,29.4118,30.303,H,45.6469,1.0472,30.6162,0.3854,30.9115,1.5745,ScotishPremierLeague
SC0,10/08/2014,Ross County,St Johnstone,A,3.0,3.25,2.38,2.8,3.2,2.3,2.8,3.1,2.3,3.0,3.25,2.37,3.1,3.1,2.4,2014/15,€8.90m,€9.93m,3.0,3.3,2.5,33.3333,35.7143,32.2581,35.7143,33.3333,33.3333,30.7692,31.25,32.2581,32.2581,30.303,30.7692,42.0168,43.4783,41.6667,43.4783,40.0,42.1941,A,33.9478,1.4303,31.2679,0.8234,42.139,1.2964,ScotishPremierLeague
SC0,13/08/2014,Dundee United,Motherwell,H,1.91,3.6,3.75,2.0,3.25,3.4,2.0,3.3,3.3,2.0,3.4,3.75,2.0,3.4,3.75,2014/15,€9.90m,€8.50m,2.0,3.6,3.9,52.356,50.0,50.0,50.0,50.0,50.0,27.7778,30.7692,29.4118,30.303,27.7778,29.4118,26.6667,29.4118,26.6667,30.303,25.641,26.6667,H,50.3927,0.9618,29.2419,1.2493,27.5593,1.8455,ScotishPremierLeague
SC0,13/08/2014,Inverness C,Dundee,D,2.1,3.3,3.5,2.05,3.2,3.3,1.9,3.3,3.7,1.9,3.4,4.0,1.95,3.3,4.0,2014/15,€6.55m,€7.35m,2.15,3.4,3.6,47.619,48.7805,51.2821,52.6316,46.5116,52.6316,30.303,31.25,30.303,30.303,29.4118,29.4118,28.5714,30.303,25.0,27.027,27.7778,25.0,H,49.9094,2.6371,30.1638,0.6883,27.2799,2.0744,ScotishPremierLeague
SC0,13/08/2014,Kilmarnock,Aberdeen,A,4.0,3.4,1.91,3.4,3.3,2.0,3.3,3.3,2.0,3.6,3.4,2.0,4.0,3.4,1.95,2014/15,€5.63m,€11.13m,4.1,3.6,1.92,25.0,29.4118,25.0,30.303,24.3902,27.7778,29.4118,30.303,29.4118,30.303,27.7778,29.4118,52.356,50.0,51.2821,50.0,52.0833,50.0,A,26.9805,2.5354,29.4365,0.9225,50.9536,1.1026,ScotishPremierLeague
SC0,13/08/2014,Partick,Ross County,H,2.1,3.3,3.5,2.1,3.2,3.2,2.2,3.2,3.0,2.1,3.3,3.5,2.1,3.25,3.6,2014/15,€7.00m,€8.90m,2.1,3.3,3.7,47.619,47.619,47.619,45.4545,47.619,47.619,30.303,31.25,30.7692,31.25,30.303,30.303,28.5714,31.25,27.7778,33.3333,27.027,28.5714,H,47.2582,0.8837,30.6964,0.4653,29.4218,2.3886,ScotishPremierLeague
SC0,13/08/2014,St Johnstone,Celtic,A,6.0,4.33,1.5,6.0,4.25,1.44,7.0,4.1,1.4,6.5,4.2,1.5,7.0,4.0,1.5,2014/15,€9.93m,€75.98m,7.0,4.3,1.5,16.6667,16.6667,14.2857,14.2857,14.2857,15.3846,23.0947,23.5294,25.0,24.3902,23.2558,23.8095,66.6667,69.4444,66.6667,71.4286,66.6667,66.6667,A,15.2625,1.168,23.8466,0.7269,67.9233,2.0453,ScotishPremierLeague
SC0,13/08/2014,St Mirren,Hamilton,A,2.1,3.4,3.4,1.95,3.4,3.4,2.0,3.3,3.3,2.1,3.4,3.4,2.15,3.4,3.3,2014/15,€6.93m,€5.65m,2.15,3.4,3.6,47.619,51.2821,46.5116,50.0,46.5116,47.619,29.4118,29.4118,29.4118,30.303,29.4118,29.4118,29.4118,29.4118,30.303,30.303,27.7778,29.4118,H,48.2572,1.9543,29.5603,0.3638,29.4365,0.9225,ScotishPremierLeague
SC0,16/08/2014,Celtic,Dundee United,H,1.44,4.5,6.5,1.4,4.5,6.0,1.4,4.1,7.0,1.44,4.5,7.0,1.44,4.33,7.0,2014/15,€75.98m,€9.90m,1.45,4.6,7.0,69.4444,71.4286,69.4444,71.4286,68.9655,69.4444,22.2222,22.2222,23.0947,24.3902,21.7391,22.2222,15.3846,16.6667,14.2857,14.2857,14.2857,14.2857,H,70.026,1.1022,22.6484,0.9597,14.8657,0.9857,ScotishPremierLeague
SC0,16/08/2014,Dundee,Partick,D,2.45,3.25,2.88,2.25,3.2,2.95,2.3,3.2,2.8,2.3,3.25,3.1,2.5,3.2,2.8,2014/15,€7.35m,€7.00m,2.5,3.25,3.0,40.8163,44.4444,40.0,43.4783,40.0,43.4783,30.7692,31.25,31.25,31.25,30.7692,30.7692,34.7222,33.8983,35.7143,35.7143,33.3333,32.2581,H,42.0362,1.9869,31.0096,0.2633,34.2734,1.374,ScotishPremierLeague
SC0,16/08/2014,Hamilton,St Johnstone,H,2.7,3.2,2.6,2.8,3.1,2.4,2.6,3.2,2.5,2.8,3.25,2.5,2.9,3.0,2.62,2014/15,€5.65m,€9.93m,2.88,3.3,2.6,37.037,35.7143,34.4828,38.4615,34.7222,35.7143,31.25,32.2581,33.3333,31.25,30.303,30.7692,38.4615,41.6667,38.1679,40.0,38.4615,40.0,A,36.022,1.4986,31.5273,1.0976,39.4596,1.3503,ScotishPremierLeague
SC0,16/08/2014,Motherwell,Inverness C,A,2.4,3.4,2.8,2.45,3.2,2.65,2.1,3.3,3.1,2.25,3.3,3.2,2.5,3.2,2.8,2014/15,€8.50m,€6.55m,2.4,3.4,3.0,41.6667,40.8163,40.0,47.619,41.6667,44.4444,29.4118,31.25,31.25,30.303,29.4118,30.303,35.7143,37.7358,35.7143,32.2581,33.3333,31.25,H,42.7022,2.836,30.3216,0.8222,34.3343,2.4578,ScotishPremierLeague
SC0,16/08/2014,Ross County,Kilmarnock,A,2.25,3.25,3.2,2.3,3.3,2.75,2.4,3.2,2.7,2.37,3.25,3.0,2.3,3.2,3.2,2014/15,€8.90m,€5.63m,2.3,3.25,3.3,44.4444,43.4783,43.4783,41.6667,43.4783,42.1941,30.7692,30.303,31.25,31.25,30.7692,30.7692,31.25,36.3636,31.25,37.037,30.303,33.3333,H,43.1233,1.0108,30.8518,0.3574,33.2562,2.854,ScotishPremierLeague
SC0,23/08/2014,Dundee United,Ross County,H,1.44,4.2,7.5,1.45,4.33,5.5,1.45,3.9,6.5,1.44,4.5,7.0,1.53,4.0,6.0,2014/15,€9.90m,€8.90m,1.5,4.2,6.5,69.4444,68.9655,65.3595,68.9655,66.6667,69.4444,23.8095,23.0947,25.0,25.641,23.8095,22.2222,13.3333,18.1818,16.6667,15.3846,15.3846,14.2857,H,68.141,1.7128,23.9295,1.2422,15.5394,1.717,ScotishPremierLeague
SC0,23/08/2014,Inverness C,Celtic,H,6.0,4.33,1.5,5.75,4.0,1.48,5.0,3.9,1.55,7.0,4.0,1.5,6.0,4.0,1.53,2014/15,€6.55m,€75.98m,6.25,4.3,1.55,16.6667,17.3913,16.6667,20.0,16.0,14.2857,23.0947,25.0,25.0,25.641,23.2558,25.0,66.6667,67.5676,65.3595,64.5161,64.5161,66.6667,A,16.8351,1.8751,24.4986,1.0559,65.8821,1.271,ScotishPremierLeague
SC0,23/08/2014,Kilmarnock,Motherwell,H,2.5,3.4,2.7,2.4,3.4,2.6,2.4,3.2,2.7,2.7,3.1,2.7,2.7,3.1,2.7,2014/15,€5.63m,€8.50m,2.5,3.4,2.88,40.0,41.6667,37.037,41.6667,40.0,37.037,29.4118,29.4118,32.2581,31.25,29.4118,32.2581,37.037,38.4615,37.037,37.037,34.7222,37.037,H,39.5679,2.0973,30.6669,1.4234,36.8886,1.2046,ScotishPremierLeague
SC0,23/08/2014,Partick,Hamilton,A,2.0,3.4,3.75,2.0,3.3,3.4,2.0,3.3,3.3,2.1,3.4,3.4,2.1,3.3,3.5,2014/15,€7.00m,€5.65m,2.1,3.4,3.7,50.0,50.0,47.619,50.0,47.619,47.619,29.4118,30.303,30.303,30.303,29.4118,29.4118,26.6667,29.4118,28.5714,30.303,27.027,29.4118,H,48.8095,1.3041,29.8574,0.4881,28.5653,1.4439,ScotishPremierLeague
SC0,23/08/2014,St Johnstone,Aberdeen,H,2.9,3.25,2.4,2.9,3.2,2.25,2.8,3.2,2.3,3.0,3.2,2.37,2.8,3.2,2.5,2014/15,€9.93m,€11.13m,3.12,3.3,2.4,34.4828,34.4828,35.7143,35.7143,32.0513,33.3333,30.7692,31.25,31.25,31.25,30.303,31.25,41.6667,44.4444,40.0,43.4783,41.6667,42.1941,A,34.2965,1.4183,31.012,0.397,42.2417,1.5537,ScotishPremierLeague
SC0,23/08/2014,St Mirren,Dundee,A,2.63,3.2,2.7,2.3,3.2,2.85,2.5,3.2,2.6,2.4,3.25,2.9,2.7,3.1,2.7,2014/15,€6.93m,€7.35m,2.62,3.25,2.88,38.0228,43.4783,37.037,40.0,38.1679,41.6667,31.25,31.25,32.2581,31.25,30.7692,30.7692,37.037,35.0877,37.037,38.4615,34.7222,34.4828,H,39.7288,2.469,31.2578,0.5437,36.138,1.6039,ScotishPremierLeague
SC0,30/08/2014,Aberdeen,Partick,H,1.67,3.75,5.0,1.7,3.7,4.2,1.65,3.5,4.6,1.72,3.75,4.5,1.67,3.5,5.5,2014/15,€11.13m,€7.00m,1.7,3.75,5.4,59.8802,58.8235,59.8802,60.6061,58.8235,58.1395,26.6667,27.027,28.5714,28.5714,26.6667,26.6667,20.0,23.8095,18.1818,21.7391,18.5185,22.2222,H,59.3588,0.9121,27.3616,0.9474,20.7452,2.2201,ScotishPremierLeague
SC0,30/08/2014,Hamilton,Ross County,H,2.05,3.4,3.5,2.0,3.25,3.4,2.0,3.3,3.3,2.0,3.4,3.6,2.0,3.1,4.2,2014/15,€5.65m,€8.90m,2.1,3.4,3.7,48.7805,50.0,50.0,50.0,47.619,50.0,29.4118,30.7692,32.2581,30.303,29.4118,29.4118,28.5714,29.4118,23.8095,30.303,27.027,27.7778,H,49.3999,0.9996,30.261,1.1324,27.8168,2.2794,ScotishPremierLeague
SC0,30/08/2014,Inverness C,Kilmarnock,H,1.75,3.75,4.5,1.85,3.5,3.7,1.9,3.3,3.7,1.9,3.4,4.0,1.83,3.2,4.8,2014/15,€6.55m,€5.63m,1.83,3.75,4.4,57.1429,54.0541,54.6448,52.6316,54.6448,52.6316,26.6667,28.5714,31.25,30.303,26.6667,29.4118,22.2222,27.027,20.8333,27.027,22.7273,25.0,H,54.2916,1.6702,28.8116,1.8862,24.1395,2.6083,ScotishPremierLeague
SC0,30/08/2014,Motherwell,St Johnstone,A,2.88,3.3,2.4,2.65,3.25,2.4,2.5,3.2,2.6,2.75,3.3,2.5,2.9,3.1,2.5,2014/15,€8.50m,€9.93m,3.0,3.4,2.45,34.7222,37.7358,34.4828,40.0,33.3333,36.3636,30.303,30.7692,32.2581,31.25,29.4118,30.303,41.6667,41.6667,40.0,38.4615,40.8163,40.0,A,36.1063,2.4545,30.7158,0.9704,40.4352,1.2209,ScotishPremierLeague
SC0,30/08/2014,St Mirren,Dundee United,A,3.75,3.4,2.0,3.6,3.4,1.9,3.3,3.3,2.0,3.6,3.4,2.0,4.5,3.1,1.91,2014/15,€6.93m,€9.90m,3.6,3.4,2.1,26.6667,27.7778,22.2222,30.303,27.7778,27.7778,29.4118,29.4118,32.2581,30.303,29.4118,29.4118,50.0,52.6316,52.356,50.0,47.619,50.0,A,27.0876,2.669,30.0347,1.1461,50.4344,1.8446,ScotishPremierLeague
SC0,31/08/2014,Dundee,Celtic,D,7.5,4.5,1.4,5.5,4.33,1.45,6.5,3.9,1.45,7.0,4.33,1.44,8.0,4.5,1.4,2014/15,€7.35m,€75.98m,8.0,4.75,1.4,13.3333,18.1818,12.5,15.3846,12.5,14.2857,22.2222,23.0947,22.2222,25.641,21.0526,23.0947,71.4286,68.9655,71.4286,68.9655,71.4286,69.4444,A,14.3642,2.1742,22.8879,1.544,70.2769,1.2737,ScotishPremierLeague
SC0,13/09/2014,Celtic,Aberdeen,H,1.45,4.5,6.5,1.45,4.5,5.25,1.45,3.9,6.5,1.5,4.0,7.0,1.5,4.0,7.0,2014/15,€75.98m,€11.13m,1.5,4.5,7.0,68.9655,68.9655,66.6667,68.9655,66.6667,66.6667,22.2222,22.2222,25.0,25.641,22.2222,25.0,15.3846,19.0476,14.2857,15.3846,14.2857,14.2857,H,67.8161,1.2591,23.7179,1.6551,15.4457,1.8449,ScotishPremierLeague
SC0,13/09/2014,Dundee United,Hamilton,D,1.67,3.75,5.0,1.7,3.5,4.5,1.75,3.4,4.3,1.75,3.6,4.75,1.75,3.4,5.0,2014/15,€9.90m,€5.65m,1.75,3.75,4.75,59.8802,58.8235,57.1429,57.1429,57.1429,57.1429,26.6667,28.5714,29.4118,29.4118,26.6667,27.7778,20.0,22.2222,20.0,23.2558,21.0526,21.0526,H,57.8792,1.1886,28.0844,1.255,21.2639,1.2783,ScotishPremierLeague
SC0,13/09/2014,Kilmarnock,St Mirren,H,2.2,3.4,3.2,2.2,3.25,2.95,2.1,3.3,3.1,2.05,3.5,3.4,2.3,3.2,3.2,2014/15,€5.63m,€6.93m,2.3,3.5,3.1,45.4545,45.4545,43.4783,47.619,43.4783,48.7805,29.4118,30.7692,31.25,30.303,28.5714,28.5714,31.25,33.8983,31.25,32.2581,32.2581,29.4118,H,45.7108,2.1524,29.8128,1.137,31.7211,1.4895,ScotishPremierLeague
SC0,13/09/2014,Partick,Inverness C,H,2.8,3.3,2.5,2.85,3.3,2.25,2.6,3.2,2.5,2.9,3.25,2.4,2.8,3.1,2.62,2014/15,€7.00m,€6.55m,2.75,3.5,2.55,35.7143,35.0877,35.7143,38.4615,36.3636,34.4828,30.303,30.303,32.2581,31.25,28.5714,30.7692,40.0,44.4444,38.1679,40.0,39.2157,41.6667,A,35.9707,1.3772,30.5758,1.2238,40.5824,2.2121,ScotishPremierLeague
SC0,13/09/2014,Ross County,Motherwell,A,2.7,3.6,2.4,2.6,3.3,2.4,2.6,3.2,2.5,2.8,3.4,2.4,2.8,3.2,2.5,2014/15,€8.90m,€8.50m,2.75,3.6,2.5,37.037,38.4615,35.7143,38.4615,36.3636,35.7143,27.7778,30.303,31.25,31.25,27.7778,29.4118,41.6667,41.6667,40.0,40.0,40.0,41.6667,A,36.9587,1.2629,29.6284,1.5881,40.8333,0.9129,ScotishPremierLeague
SC0,13/09/2014,St Johnstone,Dundee,A,2.0,3.6,3.5,1.95,3.3,3.5,1.9,3.3,3.7,2.0,3.4,3.75,2.1,3.2,3.6,2014/15,€9.93m,€7.35m,2.1,3.4,3.75,50.0,51.2821,47.619,52.6316,47.619,50.0,27.7778,30.303,31.25,30.303,29.4118,29.4118,28.5714,28.5714,27.7778,27.027,26.6667,26.6667,H,49.8586,1.9893,29.7429,1.1815,27.5468,0.8913,ScotishPremierLeague
SC0,19/09/2014,Partick,St Mirren,A,2.1,3.4,3.4,2.05,3.5,3.7,2.0,3.3,3.3,2.05,3.4,3.5,2.2,3.3,3.3,2014/15,€7.00m,€6.93m,2.2,3.4,3.4,47.619,48.7805,45.4545,50.0,45.4545,48.7805,29.4118,28.5714,30.303,30.303,29.4118,29.4118,29.4118,27.027,30.303,30.303,29.4118,28.5714,H,47.6815,1.8822,29.5688,0.6553,29.1713,1.2357,ScotishPremierLeague
SC0,20/09/2014,Aberdeen,Ross County,H,1.45,4.5,6.5,1.5,4.1,5.25,1.45,3.9,6.5,1.53,4.0,6.0,1.5,4.0,7.0,2014/15,€11.13m,€8.90m,1.5,4.5,7.0,68.9655,66.6667,66.6667,68.9655,66.6667,65.3595,22.2222,24.3902,25.0,25.641,22.2222,25.0,15.3846,19.0476,14.2857,15.3846,14.2857,16.6667,H,67.2151,1.4473,24.0793,1.4919,15.8425,1.801,ScotishPremierLeague
SC0,20/09/2014,Hamilton,Kilmarnock,D,2.0,3.6,3.5,2.05,3.4,3.1,2.1,3.3,3.1,2.1,3.4,3.4,2.1,3.3,3.5,2014/15,€5.65m,€5.63m,2.05,3.6,3.6,50.0,48.7805,47.619,47.619,48.7805,47.619,27.7778,29.4118,30.303,30.303,27.7778,29.4118,28.5714,32.2581,28.5714,32.2581,27.7778,29.4118,H,48.403,0.9674,29.1642,1.1455,29.8081,1.9669,ScotishPremierLeague
SC0,20/09/2014,Inverness C,St Johnstone,H,2.05,3.5,3.4,2.1,3.25,3.2,2.1,3.2,3.2,2.2,3.3,3.3,2.1,3.3,3.5,2014/15,€6.55m,€9.93m,2.2,3.25,3.6,48.7805,47.619,47.619,47.619,45.4545,45.4545,28.5714,30.7692,30.303,31.25,30.7692,30.303,29.4118,31.25,28.5714,31.25,27.7778,30.303,H,47.0911,1.3451,30.3276,0.9302,29.7607,1.4282,ScotishPremierLeague
SC0,21/09/2014,Celtic,Motherwell,D,1.22,6.0,12.0,1.26,5.0,9.5,1.3,4.8,8.5,1.3,5.5,10.0,1.3,5.0,11.0,2014/15,€75.98m,€8.50m,1.25,6.0,13.0,81.9672,79.3651,76.9231,76.9231,80.0,76.9231,16.6667,20.0,20.0,20.8333,16.6667,18.1818,8.3333,10.5263,9.0909,11.7647,7.6923,10.0,H,78.6836,2.1108,18.7247,1.8146,9.5679,1.4967,ScotishPremierLeague
SC0,21/09/2014,Dundee,Dundee United,A,3.0,3.5,2.25,2.95,3.4,2.15,3.1,3.0,2.25,3.2,3.25,2.3,2.8,3.2,2.5,2014/15,€7.35m,€9.90m,3.1,3.5,2.3,33.3333,33.8983,35.7143,32.2581,32.2581,31.25,28.5714,29.4118,31.25,33.3333,28.5714,30.7692,44.4444,46.5116,40.0,44.4444,43.4783,43.4783,A,33.1187,1.5725,30.3179,1.8486,43.7262,2.1353,ScotishPremierLeague
SC0,27/09/2014,Aberdeen,Inverness C,H,2.1,3.4,3.4,2.1,3.3,3.1,2.2,3.2,3.0,2.15,3.3,3.4,2.25,3.1,3.3,2014/15,€11.13m,€6.55m,2.2,3.4,3.4,47.619,47.619,44.4444,45.4545,45.4545,46.5116,29.4118,30.303,32.2581,31.25,29.4118,30.303,29.4118,32.2581,30.303,33.3333,29.4118,29.4118,H,46.1838,1.2897,30.4896,1.1044,30.6883,1.7028,ScotishPremierLeague
SC0,27/09/2014,Dundee United,St Johnstone,H,1.85,3.6,4.0,1.75,3.6,4.0,1.8,3.4,4.0,1.83,3.4,4.0,1.95,3.2,4.2,2014/15,€9.90m,€9.93m,1.9,3.75,4.1,54.0541,57.1429,51.2821,55.5556,52.6316,54.6448,27.7778,27.7778,31.25,29.4118,26.6667,29.4118,25.0,25.0,23.8095,25.0,24.3902,25.0,H,54.2185,2.0828,28.716,1.634,24.7,0.4998,ScotishPremierLeague
SC0,27/09/2014,Kilmarnock,Partick,H,2.5,3.4,2.7,2.35,3.2,2.75,2.4,3.2,2.7,2.5,3.3,2.75,2.5,3.2,2.8,2014/15,€5.63m,€7.00m,2.45,3.5,2.88,40.0,42.5532,40.0,41.6667,40.8163,40.0,29.4118,31.25,31.25,31.25,28.5714,30.303,37.037,36.3636,35.7143,37.037,34.7222,36.3636,H,40.8394,1.0711,30.3394,1.138,36.2063,0.8803,ScotishPremierLeague
SC0,27/09/2014,Motherwell,Hamilton,A,2.6,3.4,2.6,2.5,3.3,2.5,2.5,3.2,2.6,2.5,3.3,2.75,2.7,3.1,2.7,2014/15,€8.50m,€5.65m,2.7,3.4,2.7,38.4615,40.0,37.037,40.0,37.037,40.0,29.4118,30.303,32.2581,31.25,29.4118,30.303,38.4615,40.0,37.037,38.4615,37.037,36.3636,H,38.7559,1.4587,30.4896,1.1044,37.8934,1.3334,ScotishPremierLeague
SC0,27/09/2014,Ross County,Dundee,H,3.25,3.25,2.2,3.0,3.3,2.15,3.1,3.3,2.1,3.1,3.2,2.3,3.2,3.2,2.3,2014/15,€8.90m,€7.35m,3.3,3.4,2.2,30.7692,33.3333,31.25,32.2581,30.303,32.2581,30.7692,30.303,31.25,30.303,29.4118,31.25,45.4545,46.5116,43.4783,47.619,45.4545,43.4783,A,31.6953,1.1235,30.5478,0.6994,45.3327,1.6446,ScotishPremierLeague
SC0,27/09/2014,St Mirren,Celtic,A,9.0,5.0,1.33,7.25,4.75,1.33,7.0,4.1,1.4,8.0,4.5,1.36,9.0,4.5,1.36,2014/15,€6.93m,€75.98m,10.5,5.25,1.33,11.1111,13.7931,11.1111,14.2857,9.5238,12.5,20.0,21.0526,22.2222,24.3902,19.0476,22.2222,75.188,75.188,73.5294,71.4286,75.188,73.5294,A,12.0541,1.8102,21.4891,1.89,74.0086,1.5026,ScotishPremierLeague
SC0,30/09/2014,Aberdeen,St Mirren,D,1.53,4.0,6.0,1.6,3.6,5.0,1.55,3.7,5.4,1.6,3.75,6.0,1.62,3.6,6.0,2014/15,€11.13m,€6.93m,1.57,4.0,6.5,65.3595,62.5,61.7284,64.5161,63.6943,62.5,25.0,27.7778,27.7778,27.027,25.0,26.6667,16.6667,20.0,16.6667,18.5185,15.3846,16.6667,H,63.383,1.3845,26.5416,1.2697,17.3172,1.652,ScotishPremierLeague
SC0,03/10/2014,Kilmarnock,Dundee United,H,3.6,3.5,2.0,3.1,3.3,2.1,3.1,3.3,2.1,3.4,3.4,2.1,3.3,3.5,2.1,2014/15,€5.63m,€9.90m,3.6,3.5,2.1,27.7778,32.2581,30.303,32.2581,27.7778,29.4118,28.5714,30.303,28.5714,30.303,28.5714,29.4118,50.0,47.619,47.619,47.619,47.619,47.619,A,29.9644,2.0251,29.2887,0.8504,48.0158,0.972,ScotishPremierLeague
SC0,04/10/2014,Dundee,Aberdeen,A,3.2,3.5,2.15,2.9,3.4,2.15,3.0,3.2,2.2,3.0,3.25,2.25,3.3,3.2,2.25,2014/15,€7.35m,€11.13m,3.3,3.5,2.2,31.25,34.4828,30.303,33.3333,30.303,33.3333,28.5714,29.4118,31.25,31.25,28.5714,30.7692,46.5116,46.5116,44.4444,45.4545,45.4545,44.4444,A,32.1676,1.7818,29.9706,1.2759,45.4702,0.9246,ScotishPremierLeague
SC0,04/10/2014,Partick,Motherwell,H,2.1,3.6,3.25,2.0,3.4,3.25,2.3,3.2,2.8,2.3,3.3,3.1,2.15,3.25,3.4,2014/15,€7.00m,€8.50m,2.2,3.5,3.3,47.619,50.0,46.5116,43.4783,45.4545,43.4783,27.7778,29.4118,30.7692,31.25,28.5714,30.303,30.7692,30.7692,29.4118,35.7143,30.303,32.2581,H,46.0903,2.5239,29.6805,1.3386,31.5376,2.2445,ScotishPremierLeague
SC0,04/10/2014,St Johnstone,St Mirren,A,1.83,3.6,4.2,1.75,3.5,4.1,1.8,3.4,4.0,1.9,3.4,4.0,1.95,3.2,4.2,2014/15,€9.93m,€6.93m,1.85,3.6,4.5,54.6448,57.1429,51.2821,55.5556,54.0541,52.6316,27.7778,28.5714,31.25,29.4118,27.7778,29.4118,23.8095,24.3902,23.8095,25.0,22.2222,25.0,H,54.2185,2.0828,29.0334,1.3089,24.0386,1.037,ScotishPremierLeague
SC0,05/10/2014,Celtic,Hamilton,A,1.22,6.0,12.0,1.22,5.0,12.0,1.25,5.0,10.0,1.28,5.5,10.0,1.29,5.0,12.0,2014/15,€75.98m,€5.65m,1.25,6.0,12.0,81.9672,81.9672,77.5194,80.0,80.0,78.125,16.6667,20.0,20.0,20.0,16.6667,18.1818,8.3333,8.3333,8.3333,10.0,8.3333,10.0,H,79.9298,1.8644,18.5859,1.6449,8.8889,0.8607,ScotishPremierLeague
SC0,05/10/2014,Inverness C,Ross County,D,1.5,4.0,7.0,1.5,4.1,5.25,1.55,3.9,5.0,1.57,3.75,6.0,1.6,3.6,6.0,2014/15,€6.55m,€8.90m,1.6,4.0,6.0,66.6667,66.6667,62.5,64.5161,62.5,63.6943,25.0,24.3902,27.7778,25.641,25.0,26.6667,14.2857,19.0476,16.6667,20.0,16.6667,16.6667,H,64.424,1.8976,25.7459,1.26,17.2222,2.0296,ScotishPremierLeague
SC0,17/10/2014,Hamilton,Aberdeen,H,2.88,3.4,2.38,2.8,3.25,2.3,2.8,3.2,2.3,3.0,3.3,2.4,2.8,3.3,2.5,2014/15,€5.65m,€11.13m,2.9,3.4,2.5,34.7222,35.7143,35.7143,35.7143,34.4828,33.3333,29.4118,30.7692,30.303,31.25,29.4118,30.303,42.0168,43.4783,40.0,43.4783,40.0,41.6667,A,34.9469,0.9629,30.2415,0.7321,41.7734,1.5604,ScotishPremierLeague
SC0,18/10/2014,Dundee United,Partick,H,1.75,3.75,4.5,1.7,3.7,4.2,1.75,3.4,4.3,1.72,3.75,4.6,1.75,3.4,5.0,2014/15,€9.90m,€7.00m,1.75,3.75,4.6,57.1429,58.8235,57.1429,57.1429,57.1429,58.1395,26.6667,27.027,29.4118,29.4118,26.6667,26.6667,22.2222,23.8095,20.0,23.2558,21.7391,21.7391,H,57.5891,0.7243,27.6418,1.3781,22.1276,1.3371,ScotishPremierLeague
SC0,18/10/2014,Motherwell,Dundee,A,2.5,3.4,2.7,2.4,3.25,2.65,2.4,3.2,2.7,2.6,3.3,2.75,2.7,3.1,2.7,2014/15,€8.50m,€7.35m,2.7,3.4,2.7,40.0,41.6667,37.037,41.6667,37.037,38.4615,29.4118,30.7692,32.2581,31.25,29.4118,30.303,37.037,37.7358,37.037,37.037,37.037,36.3636,H,39.3115,2.1278,30.5673,1.1051,37.0412,0.434,ScotishPremierLeague
SC0,18/10/2014,Ross County,Celtic,A,9.5,5.5,1.29,9.0,5.0,1.26,8.5,4.8,1.3,9.0,5.0,1.33,9.0,4.8,1.33,2014/15,€8.90m,€75.98m,11.0,5.75,1.29,10.5263,11.1111,11.1111,11.7647,9.0909,11.1111,18.1818,20.0,20.8333,20.8333,17.3913,20.0,77.5194,79.3651,75.188,76.9231,77.5194,75.188,A,10.7859,0.9182,19.54,1.4304,76.9505,1.5932,ScotishPremierLeague
SC0,18/10/2014,St Johnstone,Kilmarnock,A,2.1,3.4,3.4,2.1,3.3,3.1,2.1,3.2,3.2,2.2,3.3,3.2,2.25,3.2,3.3,2014/15,€9.93m,€5.63m,2.2,3.4,3.4,47.619,47.619,44.4444,47.619,45.4545,45.4545,29.4118,30.303,31.25,31.25,29.4118,30.303,29.4118,32.2581,30.303,31.25,29.4118,31.25,H,46.3684,1.4187,30.3216,0.8222,30.6474,1.1395,ScotishPremierLeague
SC0,18/10/2014,St Mirren,Inverness C,A,3.2,3.4,2.2,3.1,3.2,2.15,3.0,3.2,2.2,3.1,3.3,2.25,3.3,3.1,2.25,2014/15,€6.93m,€6.55m,3.5,3.4,2.15,31.25,32.2581,30.303,33.3333,28.5714,32.2581,29.4118,31.25,32.2581,31.25,29.4118,30.303,45.4545,46.5116,44.4444,45.4545,46.5116,44.4444,A,31.329,1.6975,30.6474,1.1395,45.4702,0.9246,ScotishPremierLeague
SC0,24/10/2014,Aberdeen,Motherwell,H,1.36,4.75,8.5,1.42,4.0,7.0,1.45,3.9,6.5,1.44,4.33,6.5,1.4,4.75,7.5,2014/15,€11.13m,€8.50m,1.4,4.75,8.5,73.5294,70.4225,71.4286,68.9655,71.4286,69.4444,21.0526,25.0,21.0526,25.641,21.0526,23.0947,11.7647,14.2857,13.3333,15.3846,11.7647,15.3846,H,70.8698,1.6466,22.8156,2.1051,13.6529,1.6511,ScotishPremierLeague
SC0,25/10/2014,Dundee,Hamilton,H,2.7,3.5,2.45,2.45,3.4,2.5,2.6,3.2,2.5,2.75,3.4,2.4,2.75,3.2,2.4,2014/15,€7.35m,€5.65m,2.8,3.5,2.5,37.037,40.8163,36.3636,38.4615,35.7143,36.3636,28.5714,29.4118,31.25,31.25,28.5714,29.4118,40.8163,40.0,41.6667,40.0,40.0,41.6667,A,37.4594,1.892,29.7444,1.2253,40.6916,0.8188,ScotishPremierLeague
SC0,25/10/2014,Inverness C,Dundee United,H,2.5,3.4,2.7,2.4,3.2,2.7,2.4,3.2,2.7,2.45,3.4,2.75,2.4,3.2,2.75,2014/15,€6.55m,€9.90m,2.5,3.4,2.9,40.0,41.6667,41.6667,41.6667,40.0,40.8163,29.4118,31.25,31.25,31.25,29.4118,29.4118,37.037,37.037,36.3636,37.037,34.4828,36.3636,H,40.9694,0.82,30.3309,1.0068,36.3868,0.9894,ScotishPremierLeague
SC0,25/10/2014,Partick,St Johnstone,D,2.6,3.2,2.75,2.55,3.3,2.45,2.55,3.2,2.55,2.5,3.3,2.75,2.6,3.2,2.75,2014/15,€7.00m,€9.93m,2.6,3.4,2.75,38.4615,39.2157,38.4615,39.2157,38.4615,40.0,31.25,30.303,31.25,31.25,29.4118,30.303,36.3636,40.8163,36.3636,39.2157,36.3636,36.3636,H,38.9693,0.6257,30.628,0.7551,37.5811,1.9528,ScotishPremierLeague
SC0,25/10/2014,St Mirren,Ross County,D,1.91,3.6,3.75,2.0,3.3,3.4,2.0,3.3,3.3,1.95,3.5,3.75,1.83,3.5,3.75,2014/15,€6.93m,€8.90m,1.95,3.6,3.9,52.356,50.0,54.6448,50.0,51.2821,51.2821,27.7778,30.303,28.5714,30.303,27.7778,28.5714,26.6667,29.4118,26.6667,30.303,25.641,26.6667,H,51.5942,1.7415,28.8841,1.155,27.5593,1.8455,ScotishPremierLeague
SC0,26/10/2014,Celtic,Kilmarnock,H,1.2,6.5,13.0,1.22,5.75,9.5,1.25,5.0,10.0,1.25,6.0,11.0,1.22,6.0,13.0,2014/15,€75.98m,€5.63m,1.22,6.5,13.0,83.3333,81.9672,81.9672,80.0,81.9672,80.0,15.3846,17.3913,16.6667,20.0,15.3846,16.6667,7.6923,10.5263,7.6923,10.0,7.6923,9.0909,H,81.5391,1.3043,16.9156,1.706,8.7823,1.2794,ScotishPremierLeague
SC0,31/10/2014,St Johnstone,Motherwell,H,1.83,3.6,4.2,1.78,3.5,3.9,1.85,3.4,3.8,1.9,3.4,4.2,1.91,3.4,4.0,2014/15,€9.93m,€8.50m,1.95,3.6,4.0,54.6448,56.1798,52.356,54.0541,51.2821,52.6316,27.7778,28.5714,29.4118,29.4118,27.7778,29.4118,23.8095,25.641,25.0,26.3158,25.0,23.8095,H,53.5247,1.7764,28.7271,0.8041,24.9293,0.9947,ScotishPremierLeague
SC0,01/11/2014,Celtic,Inverness C,H,1.3,5.0,10.0,1.3,5.25,7.25,1.3,4.8,8.5,1.33,5.0,8.5,1.33,5.0,9.0,2014/15,€75.98m,€6.55m,1.33,5.4,10.0,76.9231,76.9231,75.188,76.9231,75.188,75.188,20.0,19.0476,20.0,20.8333,18.5185,20.0,10.0,13.7931,11.1111,11.7647,10.0,11.7647,H,76.0556,0.9504,19.7332,0.8209,11.4056,1.4139,ScotishPremierLeague
SC0,01/11/2014,Dundee United,St Mirren,H,1.75,3.75,4.5,1.65,3.75,4.4,1.65,3.5,4.6,1.66,3.75,5.0,1.83,3.4,4.5,2014/15,€9.90m,€6.93m,1.83,3.75,4.4,57.1429,60.6061,54.6448,60.6061,54.6448,60.241,26.6667,26.6667,29.4118,28.5714,26.6667,26.6667,22.2222,22.7273,22.2222,21.7391,22.7273,20.0,H,57.981,2.8932,27.4417,1.2296,21.9397,1.0201,ScotishPremierLeague
SC0,01/11/2014,Hamilton,Partick,D,1.83,3.4,4.5,1.85,3.25,3.9,1.8,3.4,4.0,1.83,3.5,4.2,1.85,3.5,4.2,2014/15,€5.65m,€7.00m,1.87,3.6,4.33,54.6448,54.0541,54.0541,55.5556,53.4759,54.6448,29.4118,30.7692,28.5714,29.4118,27.7778,28.5714,22.2222,25.641,23.8095,25.0,23.0947,23.8095,H,54.4049,0.7139,29.0856,1.0282,23.9295,1.2422,ScotishPremierLeague
SC0,01/11/2014,Kilmarnock,Dundee,A,2.4,3.2,3.0,2.4,3.1,2.75,2.2,3.2,3.0,2.37,3.25,2.9,2.4,3.1,3.1,2014/15,€5.63m,€7.35m,2.4,3.4,3.0,41.6667,41.6667,41.6667,45.4545,41.6667,42.1941,31.25,32.2581,32.2581,31.25,29.4118,30.7692,33.3333,36.3636,32.2581,33.3333,33.3333,34.4828,H,42.3859,1.518,31.1995,1.0609,33.8507,1.418,ScotishPremierLeague
SC0,03/11/2014,Ross County,Aberdeen,A,5.75,3.75,1.6,5.0,3.5,1.62,4.4,3.5,1.72,4.8,3.6,1.72,5.5,3.5,1.67,2014/15,€8.90m,€11.13m,5.4,3.8,1.67,17.3913,20.0,18.1818,22.7273,18.5185,20.8333,26.6667,28.5714,28.5714,28.5714,26.3158,27.7778,62.5,61.7284,59.8802,58.1395,59.8802,58.1395,A,19.6087,1.9758,27.7458,1.0252,60.0446,1.7987,ScotishPremierLeague
SC0,07/11/2014,Motherwell,Dundee United,H,3.8,3.6,1.91,3.5,3.4,1.91,3.7,3.3,1.9,3.75,3.6,1.95,3.6,3.75,1.95,2014/15,€8.50m,€9.90m,3.75,3.75,1.95,26.3158,28.5714,27.7778,27.027,26.6667,26.6667,27.7778,29.4118,26.6667,30.303,26.6667,27.7778,52.356,52.356,51.2821,52.6316,51.2821,51.2821,A,27.1709,0.8474,28.1006,1.4758,51.865,0.6464,ScotishPremierLeague
SC0,08/11/2014,Dundee,St Johnstone,D,2.5,3.25,2.8,2.3,3.3,2.75,2.3,3.2,2.8,2.5,3.3,2.87,2.62,3.1,2.8,2014/15,€7.35m,€9.93m,2.6,3.25,2.88,40.0,43.4783,38.1679,43.4783,38.4615,40.0,30.7692,30.303,32.2581,31.25,30.7692,30.303,35.7143,36.3636,35.7143,35.7143,34.7222,34.8432,H,40.5977,2.357,30.9421,0.7353,35.512,0.6195,ScotishPremierLeague
SC0,08/11/2014,Inverness C,Hamilton,H,2.1,3.4,3.4,2.1,3.3,3.1,2.0,3.3,3.3,2.1,3.3,3.5,2.1,3.2,3.6,2014/15,€6.55m,€5.65m,2.1,3.4,3.7,47.619,47.619,47.619,50.0,47.619,47.619,29.4118,30.303,31.25,30.303,29.4118,30.303,29.4118,32.2581,27.7778,30.303,27.027,28.5714,H,48.0158,0.972,30.1638,0.6883,29.2248,1.8841,ScotishPremierLeague
SC0,08/11/2014,Kilmarnock,Ross County,A,1.83,3.75,4.0,1.85,3.5,3.7,1.9,3.3,3.7,1.9,3.4,4.0,1.83,3.5,4.33,2014/15,€5.63m,€8.90m,1.85,3.75,4.33,54.6448,54.0541,54.6448,52.6316,54.0541,52.6316,26.6667,28.5714,28.5714,30.303,26.6667,29.4118,25.0,27.027,23.0947,27.027,23.0947,25.0,H,53.7768,0.9256,28.3652,1.4632,25.0406,1.7589,ScotishPremierLeague
SC0,08/11/2014,St Mirren,Partick,A,2.4,3.4,2.8,2.3,3.2,2.85,2.3,3.2,2.8,2.37,3.4,2.87,2.5,3.2,2.8,2014/15,€6.93m,€7.00m,2.55,3.4,2.8,41.6667,43.4783,40.0,43.4783,39.2157,42.1941,29.4118,31.25,31.25,31.25,29.4118,29.4118,35.7143,35.0877,35.7143,35.7143,35.7143,34.8432,H,41.6722,1.7679,30.3309,1.0068,35.4647,0.3944,ScotishPremierLeague
SC0,09/11/2014,Aberdeen,Celtic,A,4.2,3.75,1.8,4.2,3.5,1.75,3.8,3.4,1.85,4.33,3.5,1.83,4.33,3.5,1.83,2014/15,€11.13m,€75.98m,4.33,3.75,1.85,23.8095,23.8095,23.0947,26.3158,23.0947,23.0947,26.6667,28.5714,28.5714,29.4118,26.6667,28.5714,55.5556,57.1429,54.6448,54.0541,54.0541,54.6448,A,23.8698,1.2484,28.0766,1.1396,55.016,1.1782,ScotishPremierLeague
SC0,22/11/2014,Celtic,Dundee,H,1.2,7.0,11.0,1.2,6.0,10.0,1.2,5.5,12.0,1.22,6.5,12.0,1.25,5.5,12.0,2014/15,€75.98m,€7.35m,1.22,7.0,13.0,83.3333,83.3333,80.0,83.3333,81.9672,81.9672,14.2857,16.6667,18.1818,18.1818,14.2857,15.3846,9.0909,10.0,8.3333,8.3333,7.6923,8.3333,H,82.3224,1.32,16.1644,1.7922,8.6305,0.8041,ScotishPremierLeague
SC0,22/11/2014,Dundee United,Kilmarnock,H,1.75,4.0,4.2,1.78,3.4,4.1,1.75,3.4,4.3,1.8,3.75,4.2,1.8,3.6,4.33,2014/15,€9.90m,€5.63m,1.83,3.75,4.4,57.1429,56.1798,55.5556,57.1429,54.6448,55.5556,25.0,29.4118,27.7778,29.4118,26.6667,26.6667,23.8095,24.3902,23.0947,23.2558,22.7273,23.8095,H,56.0369,0.9867,27.4891,1.7335,23.5145,0.6006,ScotishPremierLeague
SC0,22/11/2014,Hamilton,St Mirren,H,1.91,3.6,3.8,1.95,3.2,3.6,2.0,3.3,3.3,1.95,3.5,3.75,1.95,3.3,4.0,2014/15,€5.65m,€6.93m,1.93,3.6,4.0,52.356,51.2821,51.2821,50.0,51.8135,51.2821,27.7778,31.25,30.303,30.303,27.7778,28.5714,26.3158,27.7778,25.0,30.303,25.0,26.6667,H,51.336,0.7826,29.3305,1.4815,26.8439,1.9974,ScotishPremierLeague
SC0,22/11/2014,Inverness C,Motherwell,H,1.62,3.8,5.5,1.62,3.5,5.0,1.65,3.5,4.6,1.67,3.75,5.0,1.65,4.0,5.0,2014/15,€6.55m,€8.50m,1.65,4.0,5.4,61.7284,61.7284,60.6061,60.6061,60.6061,59.8802,26.3158,28.5714,25.0,28.5714,25.0,26.6667,18.1818,20.0,20.0,21.7391,18.5185,20.0,H,60.8592,0.7296,26.6876,1.6082,19.7399,1.2743,ScotishPremierLeague
SC0,22/11/2014,St Johnstone,Ross County,H,1.8,3.6,4.33,1.65,3.6,4.6,1.65,3.5,4.6,1.75,3.6,4.5,1.91,3.2,4.33,2014/15,€9.93m,€8.90m,1.85,3.75,4.3,55.5556,60.6061,52.356,60.6061,54.0541,57.1429,27.7778,27.7778,31.25,28.5714,26.6667,27.7778,23.0947,21.7391,23.0947,21.7391,23.2558,22.2222,H,56.7201,3.4026,28.3036,1.566,22.5243,0.7085,ScotishPremierLeague
SC0,23/11/2014,Partick,Aberdeen,A,3.3,3.8,2.0,3.3,3.2,2.05,3.3,3.3,2.0,3.3,3.5,2.1,3.75,3.1,2.1,2014/15,€7.00m,€11.13m,3.7,3.6,2.05,30.303,30.303,26.6667,30.303,27.027,30.303,26.3158,31.25,32.2581,30.303,27.7778,28.5714,50.0,48.7805,47.619,50.0,48.7805,47.619,A,29.151,1.7884,29.4127,2.2466,48.7998,1.0649,ScotishPremierLeague
SC0,03/12/2014,Celtic,Partick,H,1.18,7.0,13.0,1.18,6.5,10.0,1.2,5.5,12.0,1.2,6.5,13.0,1.2,6.0,15.0,2014/15,€75.98m,€7.00m,1.2,7.0,13.0,84.7458,84.7458,83.3333,83.3333,83.3333,83.3333,14.2857,15.3846,16.6667,18.1818,14.2857,15.3846,7.6923,10.0,6.6667,8.3333,7.6923,7.6923,H,83.8041,0.7294,15.6982,1.5029,8.0128,1.111,ScotishPremierLeague
SC0,05/12/2014,Ross County,Dundee United,A,4.75,3.6,1.73,4.0,3.6,1.75,3.8,3.4,1.85,4.33,3.6,1.8,4.2,3.75,1.8,2014/15,€8.90m,€9.90m,4.5,3.75,1.8,21.0526,25.0,23.8095,26.3158,22.2222,23.0947,27.7778,27.7778,26.6667,29.4118,26.6667,27.7778,57.8035,57.1429,55.5556,54.0541,55.5556,55.5556,A,23.5825,1.8984,27.6798,1.0081,55.9446,1.3356,ScotishPremierLeague
SC0,06/12/2014,Aberdeen,Hamilton,H,1.8,3.5,4.5,1.8,3.3,4.1,1.8,3.4,4.0,1.83,3.4,4.5,1.83,3.4,4.5,2014/15,€11.13m,€5.65m,1.83,3.6,4.6,55.5556,55.5556,54.6448,55.5556,54.6448,54.6448,28.5714,30.303,29.4118,29.4118,27.7778,29.4118,22.2222,24.3902,22.2222,25.0,21.7391,22.2222,H,55.1002,0.4989,29.1479,0.8663,22.966,1.3661,ScotishPremierLeague
SC0,06/12/2014,Dundee,Inverness C,A,3.0,3.4,2.3,2.85,3.2,2.3,3.0,3.2,2.2,2.9,3.3,2.4,3.1,3.1,2.4,2014/15,€7.35m,€6.55m,3.0,3.3,2.45,33.3333,35.0877,32.2581,33.3333,33.3333,34.4828,29.4118,31.25,32.2581,31.25,30.303,30.303,43.4783,43.4783,41.6667,45.4545,40.8163,41.6667,A,33.6381,0.9998,30.796,0.9952,42.7601,1.7006,ScotishPremierLeague
SC0,06/12/2014,Motherwell,Celtic,A,9.0,5.5,1.3,7.5,4.5,1.34,7.3,4.5,1.35,9.0,5.0,1.33,9.0,5.0,1.33,2014/15,€8.50m,€75.98m,10.0,5.0,1.33,11.1111,13.3333,11.1111,13.6986,10.0,11.1111,18.1818,22.2222,20.0,22.2222,20.0,20.0,76.9231,74.6269,75.188,74.0741,75.188,75.188,A,11.7275,1.4552,20.4377,1.5513,75.198,0.9556,ScotishPremierLeague
SC0,06/12/2014,Partick,Kilmarnock,D,2.15,3.4,3.25,2.15,3.2,3.1,2.1,3.3,3.1,2.2,3.4,3.2,2.3,3.2,3.2,2014/15,€7.00m,€5.63m,2.25,3.4,3.3,46.5116,46.5116,43.4783,47.619,44.4444,45.4545,29.4118,31.25,31.25,30.303,29.4118,29.4118,30.7692,32.2581,31.25,32.2581,30.303,31.25,H,45.6699,1.521,30.1731,0.9028,31.3481,0.7878,ScotishPremierLeague
SC0,06/12/2014,St Mirren,St Johnstone,A,3.1,3.5,2.2,3.0,3.2,2.2,3.0,3.2,2.2,3.1,3.3,2.25,3.1,3.1,2.4,2014/15,€6.93m,€9.93m,3.2,3.4,2.3,32.2581,33.3333,32.2581,33.3333,31.25,32.2581,28.5714,31.25,32.2581,31.25,29.4118,30.303,45.4545,45.4545,41.6667,45.4545,43.4783,44.4444,A,32.4485,0.7888,30.5074,1.3534,44.3255,1.5248,ScotishPremierLeague
SC0,13/12/2014,Dundee United,Aberdeen,A,2.75,3.5,2.4,2.6,3.2,2.5,2.4,3.2,2.7,2.6,3.3,2.6,2.8,3.1,2.62,2014/15,€9.90m,€11.13m,2.8,3.3,2.6,36.3636,38.4615,35.7143,41.6667,35.7143,38.4615,28.5714,31.25,32.2581,31.25,30.303,30.303,41.6667,40.0,38.1679,37.037,38.4615,38.4615,A,37.7303,2.3048,30.6559,1.2544,38.9658,1.6267,ScotishPremierLeague
SC0,13/12/2014,Hamilton,Dundee,H,2.1,3.5,3.25,2.15,3.3,3.0,2.1,3.3,3.1,2.2,3.3,3.2,2.2,3.3,3.3,2014/15,€5.65m,€7.35m,2.15,3.4,3.5,47.619,46.5116,45.4545,47.619,46.5116,45.4545,28.5714,30.303,30.303,30.303,29.4118,30.303,30.7692,33.3333,30.303,32.2581,28.5714,31.25,H,46.5284,0.9681,29.8659,0.7275,31.0808,1.6424,ScotishPremierLeague
SC0,13/12/2014,Inverness C,Partick,A,1.62,3.8,5.5,1.67,3.6,4.4,1.7,3.5,4.4,1.72,3.5,5.0,1.7,3.4,5.5,2014/15,€6.55m,€7.00m,1.73,3.75,5.2,61.7284,59.8802,58.8235,58.8235,57.8035,58.1395,26.3158,27.7778,29.4118,28.5714,26.6667,28.5714,18.1818,22.7273,18.1818,22.7273,19.2308,20.0,H,59.1998,1.4293,27.8858,1.2026,20.1748,2.0927,ScotishPremierLeague
SC0,13/12/2014,Kilmarnock,St Johnstone,A,2.5,3.5,2.63,2.5,3.2,2.6,2.5,3.2,2.6,2.5,3.25,2.8,2.7,3.1,2.7,2014/15,€5.63m,€9.93m,2.7,3.3,2.75,40.0,40.0,37.037,40.0,37.037,40.0,28.5714,31.25,32.2581,31.25,30.303,30.7692,38.0228,38.4615,37.037,38.4615,36.3636,35.7143,H,39.0123,1.5301,30.7336,1.2425,37.3434,1.155,ScotishPremierLeague
SC0,13/12/2014,Motherwell,Ross County,D,2.15,3.4,3.3,2.2,3.25,3.0,2.0,3.3,3.3,2.2,3.5,3.1,2.3,3.3,3.1,2014/15,€8.50m,€8.90m,2.3,3.5,3.1,46.5116,45.4545,43.4783,50.0,43.4783,45.4545,29.4118,30.7692,30.303,30.303,28.5714,28.5714,30.303,33.3333,32.2581,30.303,32.2581,32.2581,H,45.7295,2.414,29.655,0.9475,31.7856,1.2216,ScotishPremierLeague
SC0,14/12/2014,Celtic,St Mirren,H,1.14,7.5,17.0,1.14,6.25,15.0,1.15,6.2,14.0,1.15,7.5,15.0,1.14,7.0,21.0,2014/15,€75.98m,€6.93m,1.14,8.5,22.0,87.7193,87.7193,87.7193,86.9565,87.7193,86.9565,13.3333,16.0,14.2857,16.129,11.7647,13.3333,5.8824,6.6667,4.7619,7.1429,4.5455,6.6667,H,87.465,0.3939,14.141,1.6959,5.9444,1.0806,ScotishPremierLeague
SC0,20/12/2014,Aberdeen,Kilmarnock,H,1.4,4.5,7.5,1.45,3.9,6.5,1.4,4.1,7.0,1.44,4.2,7.0,1.44,4.0,8.0,2014/15,€11.13m,€5.63m,1.45,4.33,8.0,71.4286,68.9655,69.4444,71.4286,68.9655,69.4444,22.2222,25.641,25.0,24.3902,23.0947,23.8095,13.3333,15.3846,12.5,14.2857,12.5,14.2857,H,69.9462,1.1681,24.0263,1.2536,13.7149,1.1434,ScotishPremierLeague
SC0,20/12/2014,Partick,Dundee,D,2.25,3.4,3.1,2.25,3.25,2.9,2.2,3.2,3.0,2.3,3.25,3.1,2.3,3.2,3.1,2014/15,€7.00m,€7.35m,2.3,3.4,3.25,44.4444,44.4444,43.4783,45.4545,43.4783,43.4783,29.4118,30.7692,31.25,31.25,29.4118,30.7692,32.2581,34.4828,32.2581,33.3333,30.7692,32.2581,H,44.1297,0.8033,30.477,0.8527,32.5599,1.247,ScotishPremierLeague
SC0,20/12/2014,Ross County,Hamilton,A,3.1,3.5,2.2,3.0,3.4,2.1,3.1,3.3,2.1,3.2,3.4,2.15,3.2,3.2,2.3,2014/15,€8.90m,€5.65m,3.0,3.7,2.3,32.2581,33.3333,31.25,32.2581,33.3333,31.25,28.5714,29.4118,31.25,30.303,27.027,29.4118,45.4545,47.619,43.4783,47.619,43.4783,46.5116,A,32.2805,0.9318,29.3292,1.4509,45.6934,1.895,ScotishPremierLeague
SC0,20/12/2014,St Johnstone,Inverness C,H,3.0,3.4,2.3,2.65,3.25,2.4,2.7,3.2,2.4,2.6,3.3,2.6,2.8,3.2,2.5,2014/15,€9.93m,€6.55m,3.0,3.4,2.45,33.3333,37.7358,35.7143,37.037,33.3333,38.4615,29.4118,30.7692,31.25,31.25,29.4118,30.303,43.4783,41.6667,40.0,41.6667,40.8163,38.4615,A,35.9359,2.2103,30.3993,0.8419,41.0149,1.7034,ScotishPremierLeague
SC0,20/12/2014,St Mirren,Motherwell,A,2.3,3.5,2.88,2.3,3.25,2.8,2.3,3.2,2.8,2.4,3.3,2.9,2.4,3.1,3.1,2014/15,€6.93m,€8.50m,2.3,3.4,3.2,43.4783,43.4783,41.6667,43.4783,43.4783,41.6667,28.5714,30.7692,32.2581,31.25,29.4118,30.303,34.7222,35.7143,32.2581,35.7143,31.25,34.4828,H,42.8744,0.9355,30.4272,1.3143,34.0236,1.8561,ScotishPremierLeague
SC0,21/12/2014,Dundee United,Celtic,H,6.5,4.5,1.44,5.75,4.0,1.48,5.7,3.8,1.5,5.5,4.33,1.53,6.0,4.0,1.53,2014/15,€9.90m,€75.98m,6.25,4.5,1.53,15.3846,17.3913,16.6667,17.5439,16.0,18.1818,22.2222,25.0,25.0,26.3158,22.2222,23.0947,69.4444,67.5676,65.3595,66.6667,65.3595,65.3595,A,16.8614,1.0441,23.9758,1.7029,66.6262,1.6519,ScotishPremierLeague
SC0,27/12/2014,Celtic,Ross County,D,1.14,7.5,19.0,1.15,6.5,13.0,1.15,6.2,14.0,1.14,7.5,17.0,1.12,8.5,13.0,2014/15,€75.98m,€8.90m,1.15,8.5,19.0,87.7193,86.9565,89.2857,86.9565,86.9565,87.7193,13.3333,15.3846,11.7647,16.129,11.7647,13.3333,5.2632,7.6923,7.6923,7.1429,5.2632,5.8824,H,87.599,0.9069,13.6183,1.8143,6.4894,1.1573,ScotishPremierLeague
SC0,27/12/2014,Dundee,St Mirren,A,1.91,3.6,3.75,1.87,3.5,3.6,1.8,3.4,4.0,1.91,3.5,4.2,1.91,3.4,4.0,2014/15,€7.35m,€6.93m,1.9,3.4,3.9,52.356,53.4759,52.356,55.5556,52.6316,52.356,27.7778,28.5714,29.4118,29.4118,29.4118,28.5714,26.6667,27.7778,25.0,25.0,25.641,23.8095,H,53.1218,1.2687,28.8593,0.671,25.6492,1.3996,ScotishPremierLeague
SC0,27/12/2014,Kilmarnock,Hamilton,H,2.7,3.4,2.5,2.65,3.1,2.5,2.55,3.2,2.55,2.6,3.4,2.62,2.9,3.1,2.5,2014/15,€5.63m,€5.65m,2.9,3.5,2.45,37.037,37.7358,34.4828,39.2157,34.4828,38.4615,29.4118,32.2581,32.2581,31.25,28.5714,29.4118,40.0,40.0,40.0,39.2157,40.8163,38.1679,A,36.9026,2.0102,30.5269,1.6017,39.7,0.9053,ScotishPremierLeague
SC0,27/12/2014,Motherwell,Partick,H,3.0,3.4,2.3,2.75,3.3,2.3,2.6,3.2,2.5,2.7,3.4,2.5,2.8,3.2,2.5,2014/15,€8.50m,€7.00m,3.0,3.3,2.45,33.3333,36.3636,35.7143,38.4615,33.3333,37.037,29.4118,30.303,31.25,31.25,30.303,29.4118,43.4783,43.4783,40.0,40.0,40.8163,40.0,A,35.7072,2.0521,30.3216,0.8222,41.2955,1.7201,ScotishPremierLeague
SC0,27/12/2014,St Johnstone,Dundee United,H,2.8,3.4,2.4,2.9,3.2,2.25,2.8,3.2,2.3,2.88,3.4,2.4,3.1,3.1,2.4,2014/15,€9.93m,€9.90m,3.0,3.3,2.5,35.7143,34.4828,32.2581,35.7143,33.3333,34.7222,29.4118,31.25,32.2581,31.25,30.303,29.4118,41.6667,44.4444,41.6667,43.4783,40.0,41.6667,A,34.3708,1.3628,30.6474,1.1395,42.1538,1.5717,ScotishPremierLeague
SC0,28/12/2014,Inverness C,Aberdeen,A,2.88,3.4,2.38,2.75,3.2,2.35,2.7,3.2,2.4,2.75,3.4,2.5,2.8,3.2,2.5,2014/15,€6.55m,€11.13m,3.0,3.4,2.45,34.7222,36.3636,35.7143,37.037,33.3333,36.3636,29.4118,31.25,31.25,31.25,29.4118,29.4118,42.0168,42.5532,40.0,41.6667,40.8163,40.0,A,35.589,1.3529,30.3309,1.0068,41.1755,1.0714,ScotishPremierLeague
SC0,01/01/2015,Aberdeen,St Johnstone,H,1.67,4.0,4.75,1.72,3.5,4.25,1.8,3.4,4.0,1.73,3.5,5.0,1.67,3.6,5.5,2014/15,€11.13m,€9.93m,1.73,3.5,5.75,59.8802,58.1395,59.8802,55.5556,57.8035,57.8035,25.0,28.5714,27.7778,29.4118,28.5714,28.5714,21.0526,23.5294,18.1818,25.0,17.3913,20.0,H,58.1771,1.6096,27.984,1.5505,20.8592,2.9748,ScotishPremierLeague
SC0,01/01/2015,Dundee United,Dundee,H,1.91,3.6,3.8,1.75,3.6,4.0,1.8,3.4,4.0,1.83,3.5,4.33,1.83,3.6,4.2,2014/15,€9.90m,€7.35m,1.91,3.7,4.1,52.356,57.1429,54.6448,55.5556,52.356,54.6448,27.7778,27.7778,27.7778,29.4118,27.027,28.5714,26.3158,25.0,23.8095,25.0,24.3902,23.0947,H,54.45,1.8612,28.0573,0.824,24.6017,1.1134,ScotishPremierLeague
SC0,01/01/2015,Hamilton,Motherwell,H,1.67,3.6,5.25,1.6,3.6,5.0,1.65,3.5,4.6,1.67,3.7,5.0,1.67,3.6,5.5,2014/15,€5.65m,€8.50m,1.73,3.8,5.0,59.8802,62.5,59.8802,60.6061,57.8035,59.8802,27.7778,27.7778,27.7778,28.5714,26.3158,27.027,19.0476,20.0,18.1818,21.7391,20.0,20.0,H,60.0917,1.5123,27.5413,0.774,19.8281,1.1883,ScotishPremierLeague
SC0,01/01/2015,Ross County,Inverness C,A,3.8,3.6,1.91,3.5,3.3,1.95,3.5,3.3,1.95,3.6,3.5,2.0,3.75,3.4,2.0,2014/15,€8.90m,€6.55m,3.8,3.6,2.0,26.3158,28.5714,26.6667,28.5714,26.3158,27.7778,27.7778,30.303,29.4118,30.303,27.7778,28.5714,52.356,51.2821,50.0,51.2821,50.0,50.0,A,27.3698,1.0743,29.0241,1.1604,50.82,0.9802,ScotishPremierLeague
SC0,01/01/2015,St Mirren,Kilmarnock,A,2.38,3.3,2.9,2.45,3.2,2.65,2.6,3.2,2.5,2.5,3.25,2.8,2.5,3.2,2.87,2014/15,€6.93m,€5.63m,2.5,3.3,3.0,42.0168,40.8163,40.0,38.4615,40.0,40.0,30.303,31.25,31.25,31.25,30.303,30.7692,34.4828,37.7358,34.8432,40.0,33.3333,35.7143,H,40.2158,1.168,30.8542,0.4658,36.0182,2.4431,ScotishPremierLeague
SC0,04/01/2015,Dundee,Ross County,D,1.91,3.6,3.8,1.91,3.4,3.5,1.9,3.3,3.7,1.91,3.4,3.8,2.0,3.4,3.8,2014/15,€7.35m,€8.90m,2.0,3.7,3.7,52.356,52.356,50.0,52.6316,50.0,52.356,27.7778,29.4118,29.4118,30.303,27.027,29.4118,26.3158,28.5714,26.3158,27.027,27.027,26.3158,H,51.6166,1.2568,28.8905,1.2265,26.9288,0.8769,ScotishPremierLeague
SC0,04/01/2015,Inverness C,St Mirren,H,1.57,4.0,5.75,1.48,4.1,5.5,1.55,3.7,5.4,1.57,3.8,5.5,1.61,3.8,5.5,2014/15,€6.55m,€6.93m,1.57,4.1,6.25,63.6943,67.5676,62.1118,64.5161,63.6943,63.6943,25.0,24.3902,26.3158,27.027,24.3902,26.3158,17.3913,18.1818,18.1818,18.5185,16.0,18.1818,H,64.2131,1.8203,25.5732,1.1264,17.7425,0.9317,ScotishPremierLeague
SC0,04/01/2015,Motherwell,Aberdeen,A,5.75,4.0,1.57,4.75,3.5,1.65,4.3,3.4,1.75,5.0,3.75,1.67,5.5,3.6,1.67,2014/15,€8.50m,€11.13m,6.0,4.0,1.6,17.3913,21.0526,18.1818,23.2558,16.6667,20.0,25.0,28.5714,27.7778,29.4118,25.0,26.6667,63.6943,60.6061,59.8802,57.1429,62.5,59.8802,A,19.4247,2.4877,27.0713,1.8424,60.6173,2.2878,ScotishPremierLeague
SC0,04/01/2015,Partick,Dundee United,D,3.25,3.25,2.25,2.75,3.25,2.35,2.8,3.2,2.3,2.8,3.4,2.3,3.3,3.2,2.25,2014/15,€7.00m,€9.90m,3.1,3.4,2.38,30.7692,36.3636,30.303,35.7143,32.2581,35.7143,30.7692,30.7692,31.25,31.25,29.4118,29.4118,44.4444,42.5532,44.4444,43.4783,42.0168,43.4783,A,33.5204,2.7285,30.477,0.8527,43.4026,0.9823,ScotishPremierLeague
SC0,04/01/2015,St Johnstone,Hamilton,A,2.4,3.2,3.0,2.4,3.25,2.65,2.2,3.2,3.0,2.25,3.3,3.0,2.5,3.1,3.0,2014/15,€9.93m,€5.65m,2.55,3.3,2.9,41.6667,41.6667,40.0,45.4545,39.2157,44.4444,31.25,30.7692,32.2581,31.25,30.303,30.303,33.3333,37.7358,33.3333,33.3333,34.4828,33.3333,H,42.0747,2.4433,31.0222,0.7389,34.2586,1.7644,ScotishPremierLeague
SC0,05/01/2015,Kilmarnock,Celtic,A,13.0,6.0,1.22,9.75,5.0,1.25,6.5,3.9,1.45,9.0,5.0,1.33,9.5,5.5,1.3,2014/15,€5.63m,€75.98m,12.0,6.0,1.25,7.6923,10.2564,10.5263,15.3846,8.3333,11.1111,16.6667,20.0,18.1818,25.641,16.6667,20.0,81.9672,80.0,76.9231,68.9655,80.0,75.188,A,10.5507,2.715,19.526,3.3467,77.174,4.6975,ScotishPremierLeague
SC0,10/01/2015,Dundee,Motherwell,H,1.8,3.8,4.0,1.8,3.4,4.0,1.85,3.4,3.8,1.83,3.5,4.33,1.85,3.5,4.33,2014/15,€7.35m,€8.50m,1.83,3.75,4.5,55.5556,55.5556,54.0541,54.0541,54.6448,54.6448,26.3158,29.4118,28.5714,29.4118,26.6667,28.5714,25.0,25.0,23.0947,26.3158,22.2222,23.0947,H,54.7515,0.6766,28.1582,1.3493,24.1212,1.554,ScotishPremierLeague
SC0,10/01/2015,Kilmarnock,Inverness C,A,3.75,3.4,2.0,3.3,3.2,2.05,3.7,3.3,1.9,3.75,3.25,2.1,3.75,3.2,2.1,2014/15,€5.63m,€6.55m,3.6,3.4,2.15,26.6667,30.303,26.6667,27.027,27.7778,26.6667,29.4118,31.25,31.25,30.303,29.4118,30.7692,50.0,48.7805,47.619,52.6316,46.5116,47.619,A,27.518,1.431,30.3993,0.8419,48.8603,2.1966,ScotishPremierLeague
SC0,10/01/2015,St Mirren,Aberdeen,A,5.5,4.0,1.57,5.5,3.8,1.53,5.7,3.8,1.5,6.5,4.0,1.53,6.0,3.75,1.6,2014/15,€6.93m,€11.13m,6.25,4.1,1.57,18.1818,18.1818,16.6667,17.5439,16.0,15.3846,25.0,26.3158,26.6667,26.3158,24.3902,25.0,63.6943,65.3595,62.5,66.6667,63.6943,65.3595,A,16.9931,1.167,25.6147,0.9322,64.5457,1.5138,ScotishPremierLeague
SC0,12/01/2015,Hamilton,Dundee United,A,2.38,3.4,2.9,2.4,3.3,2.8,2.3,3.2,2.8,2.5,3.4,2.75,2.5,3.2,2.9,2014/15,€5.65m,€9.90m,2.4,3.6,3.0,42.0168,41.6667,40.0,43.4783,41.6667,40.0,29.4118,30.303,31.25,31.25,27.7778,29.4118,34.4828,35.7143,34.4828,35.7143,33.3333,36.3636,H,41.4714,1.3215,29.9007,1.3257,35.0152,1.1128,ScotishPremierLeague
SC0,17/01/2015,Aberdeen,Dundee,D,1.44,4.5,6.5,1.36,4.25,7.5,1.45,3.9,6.5,1.44,4.33,7.0,1.5,3.75,8.0,2014/15,€11.13m,€7.35m,1.45,4.4,8.0,69.4444,73.5294,66.6667,68.9655,68.9655,69.4444,22.2222,23.5294,26.6667,25.641,22.7273,23.0947,15.3846,13.3333,12.5,15.3846,12.5,14.2857,H,69.5026,2.229,23.9802,1.7677,13.898,1.3265,ScotishPremierLeague
SC0,17/01/2015,Hamilton,Celtic,A,8.0,4.75,1.36,8.0,4.75,1.3,7.0,4.1,1.4,8.5,4.5,1.36,7.0,4.5,1.44,2014/15,€5.65m,€75.98m,8.5,5.0,1.4,12.5,12.5,14.2857,14.2857,11.7647,11.7647,21.0526,21.0526,22.2222,24.3902,20.0,22.2222,73.5294,76.9231,69.4444,71.4286,71.4286,73.5294,A,12.8501,1.1596,21.8233,1.5113,72.7139,2.5706,ScotishPremierLeague
SC0,17/01/2015,Ross County,St Mirren,A,2.3,3.25,3.1,2.3,3.1,2.95,2.3,3.2,2.8,2.3,3.3,3.0,2.5,3.2,2.9,2014/15,€8.90m,€6.93m,2.4,3.4,3.0,43.4783,43.4783,40.0,43.4783,41.6667,43.4783,30.7692,32.2581,31.25,31.25,29.4118,30.303,32.2581,33.8983,34.4828,35.7143,33.3333,33.3333,H,42.5966,1.464,30.8737,0.9668,33.8367,1.1786,ScotishPremierLeague
SC0,17/01/2015,St Johnstone,Partick,H,2.25,3.3,3.2,2.05,3.2,3.3,2.0,3.3,3.3,2.2,3.4,3.2,2.3,3.2,3.2,2014/15,€9.93m,€7.00m,2.25,3.3,3.4,44.4444,48.7805,43.4783,50.0,44.4444,45.4545,30.303,31.25,31.25,30.303,30.303,29.4118,31.25,30.303,31.25,30.303,29.4118,31.25,H,46.1004,2.6521,30.4701,0.6957,30.628,0.7551,ScotishPremierLeague
SC0,20/01/2015,Inverness C,St Johnstone,H,1.85,3.5,4.2,1.78,3.5,3.9,1.75,3.4,4.3,1.8,3.4,4.75,1.8,3.4,4.75,2014/15,€6.55m,€9.93m,1.87,3.5,4.6,54.0541,56.1798,55.5556,57.1429,53.4759,55.5556,28.5714,28.5714,29.4118,29.4118,28.5714,29.4118,23.8095,25.641,21.0526,23.2558,21.7391,21.0526,H,55.3273,1.3547,28.9916,0.4603,22.7584,1.8177,ScotishPremierLeague
SC0,21/01/2015,Celtic,Motherwell,H,1.14,8.0,15.0,1.14,7.5,12.0,1.17,5.8,13.0,1.14,7.5,19.0,1.11,9.0,21.0,2014/15,€75.98m,€8.50m,1.17,8.0,17.0,87.7193,87.7193,90.0901,85.4701,85.4701,87.7193,12.5,13.3333,11.1111,17.2414,12.5,13.3333,6.6667,8.3333,4.7619,7.6923,5.8824,5.2632,H,87.3647,1.7311,13.3365,2.0785,6.4333,1.394,ScotishPremierLeague
SC0,21/01/2015,Dundee,Kilmarnock,H,2.0,3.4,3.75,2.0,3.4,3.3,2.2,3.2,3.0,2.1,3.4,3.4,2.05,3.4,3.6,2014/15,€7.35m,€5.63m,2.05,3.5,3.7,50.0,50.0,48.7805,45.4545,48.7805,47.619,29.4118,29.4118,29.4118,31.25,28.5714,29.4118,26.6667,30.303,27.7778,33.3333,27.027,29.4118,H,48.4391,1.7138,29.5781,0.8854,29.0866,2.5072,ScotishPremierLeague
SC0,21/01/2015,Partick,Hamilton,H,2.75,3.3,2.5,2.8,3.4,2.25,3.0,3.2,2.2,2.9,3.3,2.38,2.9,3.2,2.5,2014/15,€7.00m,€5.65m,3.0,3.4,2.45,36.3636,35.7143,34.4828,33.3333,33.3333,34.4828,30.303,29.4118,31.25,31.25,29.4118,30.303,40.0,44.4444,40.0,45.4545,40.8163,42.0168,A,34.6184,1.2318,30.3216,0.8222,42.122,2.3333,ScotishPremierLeague
SC0,21/01/2015,St Mirren,Dundee United,D,4.0,3.75,1.83,4.33,3.6,1.7,4.6,3.5,1.65,4.5,3.75,1.73,4.2,3.4,1.85,2014/15,€6.93m,€9.90m,4.2,3.75,1.87,25.0,23.0947,23.8095,21.7391,23.8095,22.2222,26.6667,27.7778,29.4118,28.5714,26.6667,26.6667,54.6448,58.8235,54.0541,60.6061,53.4759,57.8035,A,23.2792,1.1872,27.6268,1.1719,56.568,2.9155,ScotishPremierLeague
SC0,23/01/2015,St Johnstone,Aberdeen,D,4.75,3.75,1.7,4.0,3.6,1.75,4.3,3.4,1.75,5.0,3.5,1.75,4.0,3.4,1.73,2014/15,€9.93m,€11.13m,5.0,3.5,1.8,21.0526,25.0,25.0,23.2558,20.0,20.0,26.6667,27.7778,29.4118,29.4118,28.5714,28.5714,58.8235,57.1429,57.8035,57.1429,55.5556,57.1429,A,22.3847,2.3489,28.4018,1.0486,57.2686,1.0664,ScotishPremierLeague
SC0,24/01/2015,Dundee United,Motherwell,H,1.36,5.0,7.5,1.4,4.5,6.0,1.4,4.1,7.0,1.44,4.5,7.0,1.4,4.5,8.0,2014/15,€9.90m,€8.50m,1.36,5.4,8.0,73.5294,71.4286,71.4286,71.4286,73.5294,69.4444,20.0,22.2222,22.2222,24.3902,18.5185,22.2222,13.3333,16.6667,12.5,14.2857,12.5,14.2857,H,71.7982,1.5456,21.5959,2.0495,13.9286,1.5613,ScotishPremierLeague
SC0,24/01/2015,Hamilton,Inverness C,A,2.75,3.4,2.45,2.5,3.2,2.6,2.4,3.2,2.7,2.6,3.4,2.6,2.8,3.1,2.62,2014/15,€5.65m,€6.55m,2.8,3.4,2.55,36.3636,40.0,35.7143,41.6667,35.7143,38.4615,29.4118,31.25,32.2581,31.25,29.4118,29.4118,40.8163,38.4615,38.1679,37.037,39.2157,38.4615,A,37.9867,2.4813,30.4989,1.2465,38.6933,1.2575,ScotishPremierLeague
SC0,24/01/2015,Kilmarnock,Partick,D,2.5,3.4,2.7,2.45,3.2,2.65,2.3,3.2,2.8,2.37,3.4,2.87,2.7,3.1,2.7,2014/15,€5.63m,€7.00m,2.7,3.4,2.7,40.0,40.8163,37.037,43.4783,37.037,42.1941,29.4118,31.25,32.2581,31.25,29.4118,29.4118,37.037,37.7358,37.037,35.7143,37.037,34.8432,H,40.0938,2.649,30.4989,1.2465,36.5674,1.0703,ScotishPremierLeague
SC0,24/01/2015,Ross County,Celtic,A,11.0,7.0,1.2,10.5,6.0,1.19,10.0,5.0,1.25,11.0,6.0,1.25,13.0,6.0,1.22,2014/15,€8.90m,€75.98m,15.0,7.0,1.2,9.0909,9.5238,7.6923,10.0,6.6667,9.0909,14.2857,16.6667,16.6667,20.0,14.2857,16.6667,83.3333,84.0336,81.9672,80.0,83.3333,80.0,A,8.6774,1.2507,16.4286,2.1028,82.1112,1.7674,ScotishPremierLeague
SC0,24/01/2015,St Mirren,Dundee,A,2.7,3.4,2.5,2.55,3.2,2.55,2.6,3.2,2.5,2.6,3.3,2.6,2.8,3.1,2.62,2014/15,€6.93m,€7.35m,2.8,3.4,2.55,37.037,39.2157,35.7143,38.4615,35.7143,38.4615,29.4118,31.25,32.2581,31.25,29.4118,30.303,40.0,39.2157,38.1679,40.0,39.2157,38.4615,A,37.4341,1.5072,30.6474,1.1395,39.1768,0.76,ScotishPremierLeague
SC0,30/01/2015,Partick,St Mirren,A,1.95,3.5,3.8,1.85,3.3,3.9,1.8,3.4,4.0,1.91,3.5,4.0,1.91,3.5,4.0,2014/15,€7.00m,€6.93m,2.0,3.5,4.0,51.2821,54.0541,52.356,55.5556,50.0,52.356,28.5714,30.303,28.5714,29.4118,28.5714,28.5714,26.3158,25.641,25.0,25.0,25.0,25.0,H,52.6006,1.9731,29.0001,0.7214,25.3261,0.5485,ScotishPremierLeague
SC0,31/01/2015,Dundee,Hamilton,D,2.5,3.3,2.75,2.4,3.1,2.75,2.4,3.2,2.7,2.4,3.25,2.9,2.62,3.1,2.8,2014/15,€7.35m,€5.65m,2.55,3.4,2.8,40.0,41.6667,38.1679,41.6667,39.2157,41.6667,30.303,32.2581,32.2581,31.25,29.4118,30.7692,36.3636,36.3636,35.7143,37.037,35.7143,34.4828,H,40.3973,1.5072,31.0417,1.1206,35.9459,0.8703,ScotishPremierLeague
SC0,31/01/2015,Inverness C,Ross County,D,1.44,4.2,7.5,1.4,4.0,7.25,1.4,4.1,7.0,1.5,4.0,7.0,1.5,4.0,7.0,2014/15,€6.55m,€8.90m,1.5,4.5,7.0,69.4444,71.4286,66.6667,71.4286,66.6667,66.6667,23.8095,25.0,25.0,24.3902,22.2222,25.0,13.3333,13.7931,14.2857,14.2857,14.2857,14.2857,H,68.717,2.3599,24.237,1.0966,14.0449,0.4004,ScotishPremierLeague
SC0,31/01/2015,Motherwell,St Johnstone,D,3.6,3.5,2.0,3.4,3.25,2.0,3.1,3.3,2.1,4.0,3.2,2.0,4.0,3.1,2.05,2014/15,€8.50m,€9.93m,3.9,3.4,2.05,27.7778,29.4118,25.0,32.2581,25.641,25.0,28.5714,30.7692,32.2581,30.303,29.4118,31.25,50.0,50.0,48.7805,47.619,48.7805,50.0,A,27.5148,2.9095,30.4272,1.3143,49.1967,0.9769,ScotishPremierLeague
SC0,07/02/2015,Aberdeen,Ross County,H,1.33,5.0,9.0,1.35,4.4,7.5,1.35,4.5,7.3,1.36,4.5,9.0,1.36,4.5,9.0,2014/15,€11.13m,€8.90m,1.36,5.0,9.5,75.188,74.0741,73.5294,74.0741,73.5294,73.5294,20.0,22.7273,22.2222,22.2222,20.0,22.2222,11.1111,13.3333,11.1111,13.6986,10.5263,11.1111,H,73.9874,0.6459,21.5657,1.2284,11.8152,1.3417,ScotishPremierLeague
SC0,07/02/2015,Hamilton,Kilmarnock,D,1.85,3.6,4.0,1.9,3.3,3.7,2.0,3.3,3.3,1.95,3.4,4.0,1.91,3.4,4.2,2014/15,€5.65m,€5.63m,1.87,3.6,4.4,54.0541,52.6316,52.356,50.0,53.4759,51.2821,27.7778,30.303,29.4118,30.303,27.7778,29.4118,25.0,27.027,23.8095,30.303,22.7273,25.0,H,52.3,1.4764,29.1642,1.1455,25.6445,2.6952,ScotishPremierLeague
SC0,11/02/2015,Partick,Celtic,A,8.5,6.0,1.29,8.5,4.75,1.3,8.5,4.8,1.3,9.0,5.0,1.33,9.5,5.5,1.3,2014/15,€7.00m,€75.98m,10.5,5.75,1.3,11.7647,11.7647,10.5263,11.7647,9.5238,11.1111,16.6667,21.0526,18.1818,20.8333,17.3913,20.0,77.5194,76.9231,76.9231,76.9231,76.9231,75.188,A,11.0759,0.9095,19.021,1.8587,76.7333,0.7937,ScotishPremierLeague
SC0,14/02/2015,Dundee,Partick,H,2.25,3.4,3.1,2.15,3.25,3.1,2.0,3.3,3.3,2.25,3.3,3.2,2.3,3.2,3.2,2014/15,€7.35m,€7.00m,2.38,3.4,3.1,44.4444,46.5116,43.4783,50.0,42.0168,44.4444,29.4118,30.7692,31.25,30.303,29.4118,30.303,32.2581,32.2581,31.25,30.303,32.2581,31.25,H,45.1492,2.7923,30.2415,0.7321,31.5962,0.8033,ScotishPremierLeague
SC0,14/02/2015,Kilmarnock,Dundee United,H,3.5,3.6,2.0,3.3,3.5,1.95,3.2,3.2,2.1,3.7,3.4,2.0,4.0,3.2,2.0,2014/15,€5.63m,€9.90m,3.6,3.6,2.05,28.5714,30.303,25.0,31.25,27.7778,27.027,27.7778,28.5714,31.25,31.25,27.7778,29.4118,50.0,51.2821,50.0,47.619,48.7805,50.0,A,28.3215,2.2614,29.3398,1.5983,49.6136,1.2573,ScotishPremierLeague
SC0,14/02/2015,Ross County,Motherwell,H,2.0,3.6,3.5,2.0,3.6,3.1,2.1,3.3,3.1,2.1,3.4,3.4,2.1,3.3,3.5,2014/15,€8.90m,€8.50m,2.05,3.6,3.6,50.0,50.0,47.619,47.619,48.7805,47.619,27.7778,27.7778,30.303,30.303,27.7778,29.4118,28.5714,32.2581,28.5714,32.2581,27.7778,29.4118,H,48.6063,1.1696,28.8919,1.263,29.8081,1.9669,ScotishPremierLeague
SC0,14/02/2015,St Johnstone,Celtic,A,9.0,5.0,1.33,8.25,4.75,1.3,6.5,3.9,1.45,9.0,4.75,1.36,10.0,4.33,1.36,2014/15,€9.93m,€75.98m,11.0,5.0,1.33,11.1111,12.1212,10.0,15.3846,9.0909,11.1111,20.0,21.0526,23.0947,25.641,20.0,21.0526,75.188,76.9231,73.5294,68.9655,75.188,73.5294,A,11.4698,2.183,21.8068,2.1921,73.8872,2.7232,ScotishPremierLeague
SC0,14/02/2015,St Mirren,Inverness C,A,3.6,3.6,1.95,3.6,3.5,1.87,3.8,3.4,1.85,3.8,3.3,2.0,3.8,3.25,2.05,2014/15,€6.93m,€6.55m,3.8,3.5,2.05,27.7778,27.7778,26.3158,26.3158,26.3158,26.3158,27.7778,28.5714,30.7692,29.4118,28.5714,30.303,51.2821,53.4759,48.7805,54.0541,48.7805,50.0,A,26.8031,0.755,29.2341,1.1428,51.0622,2.2964,ScotishPremierLeague
SC0,15/02/2015,Hamilton,Aberdeen,A,4.5,3.7,1.75,3.9,3.5,1.8,3.7,3.3,1.9,4.0,3.5,1.85,4.5,3.4,1.83,2014/15,€5.65m,€11.13m,4.8,3.6,1.8,22.2222,25.641,22.2222,27.027,20.8333,25.0,27.027,28.5714,29.4118,30.303,27.7778,28.5714,57.1429,55.5556,54.6448,52.6316,55.5556,54.0541,A,23.8243,2.4091,28.6104,1.1585,54.9308,1.5369,ScotishPremierLeague
SC0,21/02/2015,Aberdeen,St Mirren,H,1.33,5.0,8.5,1.34,4.4,7.75,1.35,4.5,7.3,1.36,4.75,9.0,1.36,4.5,9.0,2014/15,€11.13m,€6.93m,1.33,5.2,10.0,75.188,74.6269,73.5294,74.0741,75.188,73.5294,20.0,22.7273,22.2222,22.2222,19.2308,21.0526,11.7647,12.9032,11.1111,13.6986,10.0,11.1111,H,74.356,0.7621,21.2425,1.3965,11.7648,1.342,ScotishPremierLeague
SC0,21/02/2015,Dundee United,St Johnstone,A,1.8,3.8,4.0,1.8,3.4,4.0,1.8,3.4,4.0,1.85,3.5,4.33,1.8,3.6,4.4,2014/15,€9.90m,€9.93m,1.83,3.8,4.4,55.5556,55.5556,55.5556,55.5556,54.6448,54.0541,26.3158,29.4118,27.7778,29.4118,26.3158,28.5714,25.0,25.0,22.7273,25.0,22.7273,23.0947,H,55.1536,0.6503,27.9674,1.4163,23.9249,1.1853,ScotishPremierLeague
SC0,21/02/2015,Inverness C,Kilmarnock,D,1.55,4.0,5.75,1.53,3.8,5.5,1.65,3.5,4.6,1.61,3.75,6.0,1.62,3.3,7.0,2014/15,€6.55m,€5.63m,1.57,4.1,6.25,64.5161,65.3595,61.7284,60.6061,63.6943,62.1118,25.0,26.3158,30.303,28.5714,24.3902,26.6667,17.3913,18.1818,14.2857,21.7391,16.0,16.6667,H,63.0027,1.8157,26.8745,2.2215,17.3774,2.5153,ScotishPremierLeague
SC0,21/02/2015,Motherwell,Dundee,A,3.6,3.5,2.0,3.2,3.2,2.1,3.7,3.3,1.9,3.6,3.3,2.05,3.75,3.1,2.1,2014/15,€8.50m,€7.35m,3.6,3.5,2.1,27.7778,31.25,26.6667,27.027,27.7778,27.7778,28.5714,31.25,32.2581,30.303,28.5714,30.303,50.0,47.619,47.619,52.6316,47.619,48.7805,A,28.0462,1.6384,30.2095,1.4604,49.0448,1.9973,ScotishPremierLeague
SC0,21/02/2015,Partick,Ross County,A,2.0,3.5,3.6,1.83,3.4,3.8,1.9,3.3,3.7,1.95,3.5,4.0,2.0,3.1,4.2,2014/15,€7.00m,€8.90m,2.0,3.5,4.0,50.0,54.6448,50.0,52.6316,50.0,51.2821,28.5714,29.4118,32.2581,30.303,28.5714,28.5714,27.7778,26.3158,23.8095,27.027,25.0,25.0,H,51.4264,1.894,29.6145,1.4675,25.8217,1.478,ScotishPremierLeague
SC0,22/02/2015,Celtic,Hamilton,H,1.18,7.0,13.0,1.16,6.25,12.5,1.2,5.5,12.0,1.2,6.5,15.0,1.22,5.5,17.0,2014/15,€75.98m,€5.65m,1.18,7.0,19.0,84.7458,86.2069,81.9672,83.3333,84.7458,83.3333,14.2857,16.0,18.1818,18.1818,14.2857,15.3846,7.6923,8.0,5.8824,8.3333,5.2632,6.6667,H,84.0554,1.4823,16.0533,1.7754,6.973,1.2352,ScotishPremierLeague
SC0,24/02/2015,Dundee United,Inverness C,D,2.55,3.3,2.65,2.4,3.3,2.6,2.5,3.2,2.6,2.5,3.4,2.7,2.75,3.2,2.62,2014/15,€9.90m,€6.55m,2.75,3.4,2.62,39.2157,41.6667,36.3636,40.0,36.3636,40.0,30.303,30.303,31.25,31.25,29.4118,29.4118,37.7358,38.4615,38.1679,38.4615,38.1679,37.037,H,38.9349,2.1463,30.3216,0.8222,38.0053,0.5439,ScotishPremierLeague
SC0,28/02/2015,Dundee United,Partick,A,2.05,3.4,3.6,1.95,3.5,3.3,2.0,3.3,3.3,2.0,3.5,3.6,2.15,3.5,3.2,2014/15,€9.90m,€7.00m,2.1,3.6,3.5,48.7805,51.2821,46.5116,50.0,47.619,50.0,29.4118,28.5714,28.5714,30.303,27.7778,28.5714,27.7778,30.303,31.25,30.303,28.5714,27.7778,H,49.0322,1.7521,28.8678,0.8726,29.3305,1.4815,ScotishPremierLeague
SC0,28/02/2015,Motherwell,Inverness C,H,5.25,4.2,1.57,4.5,3.7,1.65,4.4,3.5,1.7,5.0,3.6,1.7,5.5,4.0,1.62,2014/15,€8.50m,€6.55m,5.25,4.1,1.65,19.0476,22.2222,18.1818,22.7273,19.0476,20.0,23.8095,27.027,25.0,28.5714,24.3902,27.7778,63.6943,60.6061,61.7284,58.8235,60.6061,58.8235,A,20.2044,1.8572,26.096,1.9576,60.7136,1.8484,ScotishPremierLeague
SC0,28/02/2015,Ross County,Dundee,H,2.5,3.4,2.7,2.35,3.5,2.6,2.55,3.2,2.55,2.6,3.25,2.7,2.8,3.1,2.6,2014/15,€8.90m,€7.35m,2.75,3.5,2.55,40.0,42.5532,35.7143,39.2157,36.3636,38.4615,29.4118,28.5714,32.2581,31.25,28.5714,30.7692,37.037,38.4615,38.4615,39.2157,39.2157,37.037,H,38.718,2.4992,30.1386,1.5209,38.2381,0.9896,ScotishPremierLeague
SC0,28/02/2015,St Johnstone,Kilmarnock,D,1.91,3.6,3.75,1.83,3.4,3.8,1.85,3.4,3.8,1.95,3.4,4.0,2.0,3.2,4.0,2014/15,€9.93m,€5.63m,2.0,3.5,4.0,52.356,54.6448,50.0,54.0541,50.0,51.2821,27.7778,29.4118,31.25,29.4118,28.5714,29.4118,26.6667,26.3158,25.0,26.3158,25.0,25.0,H,52.0562,1.9919,29.3058,1.1565,25.7164,0.7952,ScotishPremierLeague
SC0,28/02/2015,St Mirren,Hamilton,H,2.63,3.5,2.55,2.7,3.4,2.3,2.6,3.2,2.5,2.8,3.25,2.5,2.7,3.1,2.7,2014/15,€6.93m,€5.65m,2.7,3.3,2.7,38.0228,37.037,37.037,38.4615,37.037,35.7143,28.5714,29.4118,32.2581,31.25,30.303,30.7692,39.2157,43.4783,37.037,40.0,37.037,40.0,A,37.2183,0.9543,30.4272,1.3143,39.4613,2.3888,ScotishPremierLeague
SC0,01/03/2015,Celtic,Aberdeen,H,1.57,3.8,6.0,1.6,3.9,5.0,1.6,3.6,5.0,1.57,4.0,5.5,1.62,3.8,5.5,2014/15,€75.98m,€11.13m,1.6,4.1,5.75,63.6943,62.5,61.7284,62.5,62.5,63.6943,26.3158,25.641,26.3158,27.7778,24.3902,25.0,16.6667,20.0,18.1818,20.0,17.3913,18.1818,H,62.7695,0.7762,25.9068,1.1856,18.4036,1.3592,ScotishPremierLeague
SC0,04/03/2015,Celtic,St Johnstone,A,1.18,6.5,15.0,1.2,6.0,10.0,1.25,5.0,10.0,1.22,6.5,13.0,1.22,6.0,13.0,2014/15,€75.98m,€9.93m,1.2,7.0,15.0,84.7458,83.3333,81.9672,80.0,83.3333,81.9672,15.3846,16.6667,16.6667,20.0,14.2857,15.3846,6.6667,10.0,7.6923,10.0,6.6667,7.6923,H,82.5578,1.6267,16.398,1.9816,8.1197,1.527,ScotishPremierLeague
SC0,07/03/2015,Motherwell,Kilmarnock,D,3.0,3.25,2.38,2.95,3.3,2.2,2.6,3.2,2.5,3.0,3.3,2.37,3.1,3.1,2.4,2014/15,€8.50m,€5.63m,3.12,3.4,2.38,33.3333,33.8983,32.2581,38.4615,32.0513,33.3333,30.7692,30.303,32.2581,31.25,29.4118,30.303,42.0168,45.4545,41.6667,40.0,42.0168,42.1941,A,33.8893,2.3479,30.7158,0.9704,42.2248,1.7765,ScotishPremierLeague
SC0,07/03/2015,Ross County,Partick,H,2.7,3.2,2.63,2.6,3.3,2.45,2.6,3.2,2.5,2.7,3.25,2.6,2.8,3.1,2.62,2014/15,€8.90m,€7.00m,2.75,3.3,2.7,37.037,38.4615,35.7143,38.4615,36.3636,37.037,31.25,30.303,32.2581,31.25,30.303,30.7692,38.0228,40.8163,38.1679,40.0,37.037,38.4615,A,37.1792,1.1082,31.0222,0.7389,38.7509,1.3941,ScotishPremierLeague
SC0,13/03/2015,Aberdeen,Motherwell,H,1.22,5.75,13.0,1.25,5.25,9.5,1.25,5.0,10.0,1.28,5.0,11.0,1.25,5.5,13.0,2014/15,€11.13m,€8.50m,1.29,5.75,12.0,81.9672,80.0,80.0,80.0,77.5194,78.125,17.3913,19.0476,18.1818,20.0,17.3913,20.0,7.6923,10.5263,7.6923,10.0,8.3333,9.0909,H,79.6019,1.5867,18.6687,1.1991,8.8892,1.1941,ScotishPremierLeague
SC0,14/03/2015,Hamilton,Ross County,D,2.4,3.4,2.8,2.2,3.2,3.0,2.2,3.2,3.0,2.3,3.3,3.1,2.5,3.1,3.0,2014/15,€5.65m,€8.90m,2.5,3.4,2.9,41.6667,45.4545,40.0,45.4545,40.0,43.4783,29.4118,31.25,32.2581,31.25,29.4118,30.303,35.7143,33.3333,33.3333,33.3333,34.4828,32.2581,H,42.6757,2.507,30.6474,1.1395,33.7425,1.1951,ScotishPremierLeague
SC0,14/03/2015,Kilmarnock,St Mirren,H,2.3,3.4,3.0,2.2,3.2,3.0,2.2,3.2,3.0,2.37,3.25,3.0,2.5,3.1,3.0,2014/15,€5.63m,€6.93m,2.45,3.3,3.0,43.4783,45.4545,40.0,45.4545,40.8163,42.1941,29.4118,31.25,32.2581,31.25,30.303,30.7692,33.3333,33.3333,33.3333,33.3333,33.3333,33.3333,H,42.8996,2.308,30.8737,0.9668,33.3333,0.0,ScotishPremierLeague
SC0,14/03/2015,Partick,St Johnstone,H,2.38,3.6,2.75,2.25,3.3,2.8,2.3,3.2,2.8,2.45,3.2,2.87,2.5,3.2,2.9,2014/15,€7.00m,€9.93m,2.5,3.25,3.0,42.0168,44.4444,40.0,43.4783,40.0,40.8163,27.7778,30.303,31.25,31.25,30.7692,31.25,36.3636,35.7143,34.4828,35.7143,33.3333,34.8432,H,41.7926,1.8603,30.4333,1.3552,35.0753,1.0877,ScotishPremierLeague
SC0,20/03/2015,Motherwell,Hamilton,H,3.1,3.3,2.3,2.85,3.25,2.25,2.8,3.2,2.3,3.0,3.25,2.4,3.1,3.2,2.37,2014/15,€8.50m,€5.65m,3.12,3.5,2.3,32.2581,35.0877,32.2581,35.7143,32.0513,33.3333,30.303,30.7692,31.25,31.25,28.5714,30.7692,43.4783,44.4444,42.1941,43.4783,43.4783,41.6667,A,33.4505,1.5887,30.4855,1.0027,43.1233,1.0108,ScotishPremierLeague
SC0,21/03/2015,Celtic,Dundee United,H,1.18,6.5,15.0,1.2,6.0,9.75,1.22,5.3,11.0,1.22,6.0,12.0,1.22,5.0,9.5,2014/15,€75.98m,€9.90m,1.22,6.5,15.0,84.7458,83.3333,81.9672,81.9672,81.9672,81.9672,15.3846,16.6667,20.0,18.8679,15.3846,16.6667,6.6667,10.2564,10.5263,9.0909,6.6667,8.3333,H,82.658,1.1596,17.1617,1.8854,8.59,1.6877,ScotishPremierLeague
SC0,21/03/2015,Dundee,Aberdeen,D,4.5,3.8,1.73,4.2,3.5,1.75,4.0,3.4,1.8,4.5,3.5,1.8,4.0,3.4,1.73,2014/15,€7.35m,€11.13m,4.5,3.8,1.8,22.2222,23.8095,25.0,25.0,22.2222,22.2222,26.3158,28.5714,29.4118,29.4118,26.3158,28.5714,57.8035,57.1429,57.8035,55.5556,55.5556,55.5556,A,23.4127,1.3747,28.0997,1.432,56.5694,1.1365,ScotishPremierLeague
SC0,21/03/2015,Partick,Inverness C,H,3.0,3.4,2.3,2.85,3.25,2.25,3.0,3.2,2.2,3.1,3.3,2.3,3.25,3.25,2.25,2014/15,€7.00m,€6.55m,3.2,3.4,2.3,33.3333,35.0877,30.7692,33.3333,31.25,32.2581,29.4118,30.7692,30.7692,31.25,29.4118,30.303,43.4783,44.4444,44.4444,45.4545,43.4783,43.4783,A,32.6719,1.5827,30.3192,0.764,44.1297,0.8033,ScotishPremierLeague
SC0,21/03/2015,Ross County,Kilmarnock,H,2.15,3.5,3.2,2.05,3.4,3.1,2.2,3.2,3.0,2.25,3.3,3.2,2.25,3.1,2.88,2014/15,€8.90m,€5.63m,2.25,3.4,3.3,46.5116,48.7805,44.4444,45.4545,44.4444,44.4444,28.5714,29.4118,32.2581,31.25,29.4118,30.303,31.25,32.2581,34.7222,33.3333,30.303,31.25,H,45.68,1.7283,30.201,1.3597,32.1861,1.6157,ScotishPremierLeague
SC0,21/03/2015,St Johnstone,St Mirren,H,2.05,3.8,3.2,1.95,3.5,3.3,2.0,3.3,3.3,2.0,3.3,3.75,2.1,3.4,3.5,2014/15,€9.93m,€6.93m,2.15,3.4,3.6,48.7805,51.2821,47.619,50.0,46.5116,50.0,26.3158,28.5714,29.4118,30.303,29.4118,30.303,31.25,30.303,28.5714,30.303,27.7778,26.6667,H,49.0322,1.7521,29.0528,1.4904,29.1453,1.758,ScotishPremierLeague
SC0,03/04/2015,St Mirren,Celtic,A,13.0,7.0,1.18,13.5,6.25,1.2,11.0,5.3,1.22,15.0,6.5,1.2,15.0,6.0,1.2,2014/15,€6.93m,€75.98m,17.0,7.5,1.18,7.6923,7.4074,6.6667,9.0909,5.8824,6.6667,14.2857,16.0,16.6667,18.8679,13.3333,15.3846,84.7458,83.3333,83.3333,81.9672,84.7458,83.3333,A,7.2344,1.1098,15.7564,1.9361,83.5765,1.049,ScotishPremierLeague
SC0,04/04/2015,Aberdeen,Partick,D,1.5,4.33,6.0,1.44,4.0,6.5,1.45,3.9,6.5,1.5,4.0,7.0,1.53,4.0,6.5,2014/15,€11.13m,€7.00m,1.55,4.3,6.25,66.6667,69.4444,65.3595,68.9655,64.5161,66.6667,23.0947,25.0,25.0,25.641,23.2558,25.0,16.6667,15.3846,15.3846,15.3846,16.0,14.2857,H,66.9365,1.9441,24.4986,1.0559,15.5177,0.7904,ScotishPremierLeague
SC0,04/04/2015,Dundee United,Ross County,A,2.1,3.3,3.5,2.1,3.25,3.2,2.0,3.3,3.3,2.05,3.4,3.5,2.15,3.2,3.5,2014/15,€9.90m,€8.90m,2.1,3.7,3.4,47.619,47.619,46.5116,50.0,47.619,48.7805,30.303,30.7692,31.25,30.303,27.027,29.4118,28.5714,31.25,28.5714,30.303,29.4118,28.5714,H,48.0248,1.2047,29.844,1.5084,29.4465,1.1211,ScotishPremierLeague
SC0,04/04/2015,Hamilton,St Johnstone,D,2.9,3.25,2.4,2.6,3.1,2.55,2.6,3.0,2.6,2.8,3.1,2.6,2.9,3.0,2.6,2014/15,€5.65m,€9.93m,3.0,3.25,2.5,34.4828,38.4615,34.4828,38.4615,33.3333,35.7143,30.7692,32.2581,33.3333,33.3333,30.7692,32.2581,41.6667,39.2157,38.4615,38.4615,40.0,38.4615,A,35.8227,2.1784,32.1202,1.1517,39.3778,1.2784,ScotishPremierLeague
SC0,04/04/2015,Inverness C,Dundee,D,1.8,3.5,4.5,1.62,3.7,4.75,1.75,3.4,4.3,1.8,3.5,4.5,1.8,3.6,4.4,2014/15,€6.55m,€7.35m,1.83,3.6,4.6,55.5556,61.7284,55.5556,57.1429,54.6448,55.5556,28.5714,27.027,27.7778,29.4118,27.7778,28.5714,22.2222,21.0526,22.7273,23.2558,21.7391,22.2222,H,56.6972,2.5936,28.1895,0.8338,22.2032,0.7645,ScotishPremierLeague
SC0,04/04/2015,Kilmarnock,Motherwell,A,2.2,3.3,3.3,2.1,3.1,3.3,2.0,3.3,3.3,2.2,3.3,3.4,2.3,3.2,3.2,2014/15,€5.63m,€8.50m,2.3,3.5,3.13,45.4545,47.619,43.4783,50.0,43.4783,45.4545,30.303,32.2581,31.25,30.303,28.5714,30.303,30.303,30.303,31.25,30.303,31.9489,29.4118,H,45.9141,2.5255,30.4981,1.2239,30.5866,0.8851,ScotishPremierLeague
SC0,07/04/2015,Motherwell,St Mirren,H,2.2,3.25,3.3,2.15,3.25,3.1,2.0,3.3,3.3,2.2,3.25,3.3,2.2,3.3,3.3,2014/15,€8.50m,€6.93m,2.2,3.4,3.4,45.4545,46.5116,45.4545,50.0,45.4545,45.4545,30.7692,30.7692,30.303,30.303,29.4118,30.7692,30.303,32.2581,30.303,30.303,29.4118,30.303,H,46.3883,1.8192,30.3876,0.5298,30.4803,0.9411,ScotishPremierLeague
SC0,07/04/2015,Ross County,St Johnstone,H,2.5,3.2,2.88,2.55,3.2,2.55,2.55,3.2,2.55,2.62,3.2,2.62,2.62,3.1,2.8,2014/15,€8.90m,€9.93m,2.63,3.4,2.75,40.0,39.2157,38.1679,39.2157,38.0228,38.1679,31.25,31.25,32.2581,31.25,29.4118,31.25,34.7222,39.2157,35.7143,39.2157,36.3636,38.1679,H,38.7983,0.7986,31.1116,0.9252,37.2332,1.9028,ScotishPremierLeague
SC0,08/04/2015,Aberdeen,Inverness C,H,1.75,3.6,4.75,1.67,3.4,4.75,1.7,3.5,4.4,1.8,3.5,4.6,1.83,3.4,4.5,2014/15,€11.13m,€6.55m,1.8,3.6,4.8,57.1429,59.8802,54.6448,58.8235,55.5556,55.5556,27.7778,29.4118,29.4118,28.5714,27.7778,28.5714,21.0526,21.0526,22.2222,22.7273,20.8333,21.7391,H,56.9338,2.0656,28.587,0.7308,21.6045,0.7569,ScotishPremierLeague
SC0,08/04/2015,Celtic,Partick,H,1.17,7.0,15.0,1.16,6.25,12.5,1.15,6.2,14.0,1.17,7.0,15.0,1.17,7.0,17.0,2014/15,€75.98m,€7.00m,1.18,7.5,17.0,85.4701,86.2069,85.4701,86.9565,84.7458,85.4701,14.2857,16.0,14.2857,16.129,13.3333,14.2857,6.6667,8.0,5.8824,7.1429,5.8824,6.6667,H,85.7199,0.7619,14.7199,1.1057,6.7068,0.8031,ScotishPremierLeague
SC0,08/04/2015,Dundee,Dundee United,H,2.63,3.4,2.55,2.55,3.2,2.55,2.55,3.2,2.55,2.7,3.25,2.6,2.7,3.1,2.7,2014/15,€7.35m,€9.90m,2.7,3.5,2.6,38.0228,39.2157,37.037,39.2157,37.037,37.037,29.4118,31.25,32.2581,31.25,28.5714,30.7692,39.2157,39.2157,37.037,39.2157,38.4615,38.4615,A,37.9275,1.0684,30.5851,1.3527,38.6012,0.8507,ScotishPremierLeague
SC0,11/04/2015,Dundee United,Hamilton,H,1.83,3.75,4.0,1.78,3.4,4.1,1.9,3.3,3.7,1.9,3.4,3.75,1.91,3.5,4.0,2014/15,€9.90m,€5.65m,1.83,3.9,4.2,54.6448,56.1798,52.356,52.6316,54.6448,52.6316,26.6667,29.4118,28.5714,30.303,25.641,29.4118,25.0,24.3902,25.0,27.027,23.8095,26.6667,H,53.8481,1.5422,28.3343,1.8049,25.3156,1.2711,ScotishPremierLeague
SC0,11/04/2015,Inverness C,Celtic,D,6.5,4.5,1.45,5.5,4.1,1.48,6.5,3.9,1.45,6.5,4.2,1.53,6.5,4.0,1.53,2014/15,€6.55m,€75.98m,6.5,4.33,1.53,15.3846,18.1818,15.3846,15.3846,15.3846,15.3846,22.2222,24.3902,25.0,25.641,23.0947,23.8095,68.9655,67.5676,65.3595,68.9655,65.3595,65.3595,A,15.8508,1.142,24.0263,1.2536,66.9295,1.794,ScotishPremierLeague
SC0,11/04/2015,Partick,Motherwell,H,2.05,3.4,3.6,1.9,3.4,3.6,2.0,3.3,3.3,2.05,3.5,3.5,2.1,3.3,3.6,2014/15,€7.00m,€8.50m,2.1,3.5,3.6,48.7805,52.6316,47.619,50.0,47.619,48.7805,29.4118,29.4118,30.303,30.303,28.5714,28.5714,27.7778,27.7778,27.7778,30.303,27.7778,28.5714,H,49.2384,1.8846,29.4287,0.7745,28.3309,1.0169,ScotishPremierLeague
SC0,11/04/2015,St Johnstone,Dundee,H,2.15,3.4,3.3,2.1,3.4,3.0,2.2,3.2,3.0,2.2,3.3,3.4,2.3,3.2,3.2,2014/15,€9.93m,€7.35m,2.2,3.4,3.5,46.5116,47.619,43.4783,45.4545,45.4545,45.4545,29.4118,29.4118,31.25,31.25,29.4118,30.303,30.303,33.3333,31.25,33.3333,28.5714,29.4118,H,45.6621,1.3747,30.1731,0.9028,31.0338,1.9925,ScotishPremierLeague
SC0,12/04/2015,Kilmarnock,Aberdeen,A,5.5,3.75,1.62,5.0,3.75,1.57,4.6,3.5,1.65,5.5,3.8,1.62,6.0,3.4,1.67,2014/15,€5.63m,€11.13m,6.0,3.9,1.62,18.1818,20.0,16.6667,21.7391,16.6667,18.1818,26.6667,26.6667,29.4118,28.5714,25.641,26.3158,61.7284,63.6943,59.8802,60.6061,61.7284,61.7284,A,18.5727,1.9816,27.2122,1.4528,61.561,1.294,ScotishPremierLeague
SC0,13/04/2015,St Mirren,Ross County,A,2.8,3.4,2.4,2.8,3.25,2.3,2.8,3.2,2.3,2.9,3.3,2.38,3.1,3.3,2.3,2014/15,€6.93m,€8.90m,3.0,3.4,2.45,35.7143,35.7143,32.2581,35.7143,33.3333,34.4828,29.4118,30.7692,30.303,31.25,29.4118,30.303,41.6667,43.4783,43.4783,43.4783,40.8163,42.0168,A,34.5362,1.4699,30.2415,0.7321,42.4891,1.1518,ScotishPremierLeague
SC0,15/04/2015,Celtic,Kilmarnock,H,1.17,7.0,15.0,1.14,6.25,15.0,1.22,5.3,11.0,1.17,7.0,17.0,1.14,7.5,19.0,2014/15,€75.98m,€5.63m,1.15,8.0,22.0,85.4701,87.7193,87.7193,81.9672,86.9565,85.4701,14.2857,16.0,13.3333,18.8679,12.5,14.2857,6.6667,6.6667,5.2632,9.0909,4.5455,5.8824,H,85.8838,2.1712,14.8788,2.2769,6.3526,1.5728,ScotishPremierLeague
SC0,18/04/2015,Aberdeen,Dundee United,H,1.57,4.33,5.0,1.57,3.9,4.75,1.55,3.7,5.4,1.62,3.75,5.5,1.57,3.8,6.0,2014/15,€11.13m,€9.90m,1.55,4.33,6.0,63.6943,63.6943,63.6943,64.5161,64.5161,61.7284,23.0947,25.641,26.3158,27.027,23.0947,26.6667,20.0,21.0526,16.6667,18.5185,16.6667,18.1818,H,63.6406,1.0196,25.3066,1.7734,18.5144,1.7657,ScotishPremierLeague
SC0,22/04/2015,Dundee,Celtic,A,12.0,5.5,1.25,9.5,5.75,1.22,8.5,4.8,1.3,11.0,5.5,1.25,11.0,6.0,1.25,2014/15,€7.35m,€75.98m,12.0,6.0,1.25,8.3333,10.5263,9.0909,11.7647,8.3333,9.0909,18.1818,17.3913,16.6667,20.8333,16.6667,18.1818,80.0,81.9672,80.0,76.9231,80.0,80.0,A,9.5232,1.3591,17.9869,1.5504,79.815,1.6206,ScotishPremierLeague
SC0,24/04/2015,Hamilton,Motherwell,H,2.3,3.4,3.0,2.15,3.3,3.0,2.1,3.3,3.1,2.25,3.4,3.1,2.25,3.3,3.2,2014/15,€5.65m,€8.50m,2.4,3.6,2.9,43.4783,46.5116,44.4444,47.619,41.6667,44.4444,29.4118,30.303,30.303,30.303,27.7778,29.4118,33.3333,33.3333,31.25,32.2581,34.4828,32.2581,H,44.6941,2.1273,29.5851,0.9872,32.8193,1.1303,ScotishPremierLeague
SC0,25/04/2015,Dundee,St Johnstone,A,2.75,3.1,2.63,2.4,3.2,2.7,2.3,3.2,2.8,2.7,3.1,2.7,2.7,3.1,2.7,2014/15,€7.35m,€9.93m,2.75,3.25,2.7,36.3636,41.6667,37.037,43.4783,36.3636,37.037,32.2581,31.25,32.2581,31.25,30.7692,32.2581,38.0228,37.037,37.037,35.7143,37.037,37.037,A,38.6577,3.1007,31.6739,0.6636,36.9809,0.7352,ScotishPremierLeague
SC0,25/04/2015,Inverness C,Aberdeen,A,2.88,3.6,2.3,2.7,3.4,2.3,2.8,3.2,2.3,3.0,3.3,2.3,3.0,3.2,2.38,2014/15,€6.55m,€11.13m,3.1,3.4,2.38,34.7222,37.037,33.3333,35.7143,32.2581,33.3333,27.7778,29.4118,31.25,31.25,29.4118,30.303,43.4783,43.4783,42.0168,43.4783,42.0168,43.4783,A,34.3997,1.7691,29.9007,1.3257,42.9911,0.7547,ScotishPremierLeague
SC0,25/04/2015,Ross County,Partick,A,2.4,3.6,2.7,2.3,3.3,2.75,2.2,3.2,3.0,2.5,3.25,2.8,2.5,3.2,2.8,2014/15,€8.90m,€7.00m,2.55,3.4,2.8,41.6667,43.4783,40.0,45.4545,39.2157,40.0,27.7778,30.303,31.25,31.25,29.4118,30.7692,37.037,36.3636,35.7143,33.3333,35.7143,35.7143,H,41.6359,2.4161,30.127,1.3413,35.6461,1.25,ScotishPremierLeague
SC0,25/04/2015,St Mirren,Kilmarnock,H,2.8,3.6,2.3,2.7,3.4,2.3,2.8,3.2,2.3,3.0,3.2,2.4,3.0,3.2,2.38,2014/15,€6.93m,€5.63m,3.13,3.3,2.38,35.7143,37.037,33.3333,35.7143,31.9489,33.3333,27.7778,29.4118,31.25,31.25,30.303,31.25,43.4783,43.4783,42.0168,43.4783,42.0168,41.6667,A,34.5135,1.9295,30.2071,1.4004,42.6892,0.8738,ScotishPremierLeague
SC0,26/04/2015,Dundee United,Celtic,A,9.0,5.0,1.33,7.25,4.6,1.34,6.5,3.9,1.45,7.5,4.8,1.4,8.0,4.5,1.4,2014/15,€9.90m,€75.98m,8.0,5.0,1.4,11.1111,13.7931,12.5,15.3846,12.5,13.3333,20.0,21.7391,22.2222,25.641,20.0,20.8333,75.188,74.6269,71.4286,68.9655,71.4286,71.4286,A,13.1037,1.4443,21.7393,2.1132,72.1777,2.3265,ScotishPremierLeague
SC0,01/05/2015,Celtic,Dundee,H,1.13,7.5,23.0,1.14,7.0,12.0,1.17,5.8,13.0,1.14,8.0,21.0,1.14,5.5,15.0,2014/15,€75.98m,€7.35m,1.13,9.0,22.0,88.4956,87.7193,87.7193,85.4701,88.4956,87.7193,13.3333,14.2857,18.1818,17.2414,11.1111,12.5,4.3478,8.3333,6.6667,7.6923,4.5455,4.7619,H,87.6032,1.1121,14.4422,2.7547,6.0579,1.7384,ScotishPremierLeague
SC0,02/05/2015,Dundee United,Aberdeen,H,4.0,3.75,1.83,3.7,3.4,1.85,3.3,3.3,2.0,3.75,3.5,1.95,3.8,3.5,1.95,2014/15,€9.90m,€11.13m,4.1,3.75,1.9,25.0,27.027,26.3158,30.303,24.3902,26.6667,26.6667,29.4118,28.5714,30.303,26.6667,28.5714,54.6448,54.0541,51.2821,50.0,52.6316,51.2821,A,26.6171,2.0698,28.3652,1.4632,52.3158,1.7914,ScotishPremierLeague
SC0,02/05/2015,Kilmarnock,Hamilton,A,2.3,3.6,2.75,2.3,3.3,2.75,2.3,3.2,2.8,2.25,3.4,2.9,2.5,3.2,2.9,2014/15,€5.63m,€5.65m,2.45,3.5,2.88,43.4783,43.4783,40.0,43.4783,40.8163,44.4444,27.7778,30.303,31.25,31.25,28.5714,29.4118,36.3636,36.3636,34.4828,35.7143,34.7222,34.4828,H,42.6159,1.7695,29.7607,1.4282,35.3549,0.9039,ScotishPremierLeague
SC0,02/05/2015,Motherwell,Ross County,D,2.7,3.4,2.5,2.6,3.2,2.5,2.4,3.2,2.7,2.6,3.3,2.62,2.7,3.1,2.7,2014/15,€8.50m,€8.90m,2.8,3.4,2.55,37.037,38.4615,37.037,41.6667,35.7143,38.4615,29.4118,31.25,32.2581,31.25,29.4118,30.303,40.0,40.0,37.037,37.037,39.2157,38.1679,A,38.063,2.0458,30.6474,1.1395,38.5763,1.3688,ScotishPremierLeague
SC0,02/05/2015,Partick,St Mirren,H,1.57,4.0,5.5,1.65,3.6,4.6,1.65,3.5,4.6,1.7,3.6,5.0,1.67,3.6,5.5,2014/15,€7.00m,€6.93m,1.65,4.0,5.4,63.6943,60.6061,59.8802,60.6061,60.6061,58.8235,25.0,27.7778,27.7778,28.5714,25.0,27.7778,18.1818,21.7391,18.1818,21.7391,18.5185,20.0,H,60.7027,1.6239,26.9841,1.5673,19.7267,1.6975,ScotishPremierLeague
SC0,02/05/2015,St Johnstone,Inverness C,D,2.7,3.6,2.4,2.65,3.1,2.5,2.55,3.2,2.55,2.62,3.25,2.62,2.9,3.2,2.5,2014/15,€9.93m,€6.55m,2.9,3.2,2.63,37.037,37.7358,34.4828,39.2157,34.4828,38.1679,27.7778,32.2581,31.25,31.25,31.25,30.7692,41.6667,40.0,40.0,39.2157,38.0228,38.1679,A,36.8537,1.9677,30.7592,1.54,39.5122,1.3588,ScotishPremierLeague
SC0,05/05/2015,Inverness C,Dundee United,H,1.85,3.5,4.2,1.87,3.2,4.0,1.9,3.3,3.7,1.91,3.5,4.0,1.95,3.4,4.0,2014/15,€6.55m,€9.90m,1.93,3.5,4.2,54.0541,53.4759,51.2821,52.6316,51.8135,52.356,28.5714,31.25,29.4118,30.303,28.5714,28.5714,23.8095,25.0,25.0,27.027,23.8095,25.0,H,52.6022,1.0293,29.4465,1.1211,24.941,1.1766,ScotishPremierLeague
SC0,08/05/2015,Motherwell,Kilmarnock,H,2.1,3.5,3.3,2.1,3.3,3.1,2.2,3.2,3.0,2.2,3.3,3.4,2.15,3.5,3.25,2014/15,€8.50m,€5.63m,2.1,3.7,3.4,47.619,47.619,46.5116,45.4545,47.619,45.4545,28.5714,30.303,28.5714,31.25,27.027,30.303,30.303,32.2581,30.7692,33.3333,29.4118,29.4118,H,46.7129,1.065,29.3376,1.5514,30.9145,1.5854,ScotishPremierLeague
SC0,09/05/2015,Dundee,Inverness C,A,3.3,3.5,2.1,3.2,3.25,2.1,3.3,3.3,2.0,3.1,3.4,2.25,3.3,3.3,2.2,2014/15,€7.35m,€6.55m,3.5,3.5,2.15,30.303,31.25,30.303,30.303,28.5714,32.2581,28.5714,30.7692,30.303,30.303,28.5714,29.4118,47.619,47.619,45.4545,50.0,46.5116,44.4444,A,30.4981,1.2239,29.655,0.9475,46.9414,1.9444,ScotishPremierLeague
SC0,09/05/2015,Ross County,St Mirren,A,1.57,4.33,5.0,1.6,3.7,5.0,1.65,3.5,4.6,1.67,3.75,5.0,1.62,3.8,5.5,2014/15,€8.90m,€6.93m,1.6,4.3,5.5,63.6943,62.5,61.7284,60.6061,62.5,59.8802,23.0947,27.027,26.3158,28.5714,23.2558,26.6667,20.0,20.0,18.1818,21.7391,18.1818,20.0,H,61.8182,1.3916,25.8219,2.1905,19.6838,1.3443,ScotishPremierLeague
SC0,09/05/2015,St Johnstone,Dundee United,D,2.3,3.4,3.0,2.3,3.1,2.9,2.2,3.2,3.0,2.38,3.3,2.9,2.3,3.2,3.2,2014/15,€9.93m,€9.90m,2.3,3.4,3.2,43.4783,43.4783,43.4783,45.4545,43.4783,42.0168,29.4118,32.2581,31.25,31.25,29.4118,30.303,33.3333,34.4828,31.25,33.3333,31.25,34.4828,H,43.5641,1.0952,30.6474,1.1395,33.022,1.4657,ScotishPremierLeague
SC0,10/05/2015,Aberdeen,Celtic,A,4.33,4.0,1.73,4.1,3.5,1.75,4.0,3.4,1.8,4.2,3.6,1.83,4.5,3.5,1.8,2014/15,€11.13m,€75.98m,4.5,4.0,1.75,23.0947,24.3902,22.2222,25.0,22.2222,23.8095,25.0,28.5714,28.5714,29.4118,25.0,27.7778,57.8035,57.1429,55.5556,55.5556,57.1429,54.6448,A,23.4565,1.1451,27.3887,1.9211,56.3076,1.2271,ScotishPremierLeague
SC0,15/05/2015,St Johnstone,Celtic,D,8.0,4.75,1.36,6.0,5.0,1.36,7.3,4.5,1.35,8.0,4.6,1.4,9.0,4.6,1.36,2014/15,€9.93m,€75.98m,8.5,4.8,1.4,12.5,16.6667,11.1111,13.6986,11.7647,12.5,21.0526,20.0,21.7391,22.2222,20.8333,21.7391,73.5294,73.5294,73.5294,74.0741,71.4286,71.4286,A,13.0402,1.9757,21.2644,0.7997,72.9199,1.1743,ScotishPremierLeague
SC0,16/05/2015,Dundee,Aberdeen,D,4.5,4.0,1.7,4.4,3.6,1.67,3.8,3.4,1.85,4.2,3.75,1.8,5.0,3.3,1.8,2014/15,€7.35m,€11.13m,4.75,3.9,1.75,22.2222,22.7273,20.0,26.3158,21.0526,23.8095,25.0,27.7778,30.303,29.4118,25.641,26.6667,58.8235,59.8802,55.5556,54.0541,57.1429,55.5556,A,22.6879,2.2153,27.4667,2.0968,56.8353,2.2059,ScotishPremierLeague
SC0,16/05/2015,Inverness C,Dundee United,H,1.91,3.6,3.8,1.8,3.5,3.9,2.0,3.4,3.2,2.0,3.5,3.75,2.0,3.4,3.8,2014/15,€6.55m,€9.90m,1.95,3.7,3.9,52.356,55.5556,50.0,50.0,51.2821,50.0,27.7778,28.5714,29.4118,29.4118,27.027,28.5714,26.3158,25.641,26.3158,31.25,25.641,26.6667,H,51.5323,2.1896,28.4619,0.9333,26.9717,2.1354,ScotishPremierLeague
SC0,16/05/2015,Partick,Kilmarnock,A,1.8,3.5,4.5,1.78,3.5,4.0,1.85,3.4,3.8,1.91,3.5,4.0,1.91,3.5,4.0,2014/15,€7.00m,€5.63m,1.85,3.75,4.3,55.5556,56.1798,52.356,54.0541,54.0541,52.356,28.5714,28.5714,28.5714,29.4118,26.6667,28.5714,22.2222,25.0,25.0,26.3158,23.2558,25.0,H,54.0926,1.5831,28.394,0.9105,24.4656,1.4681,ScotishPremierLeague
SC0,16/05/2015,Ross County,Hamilton,H,1.85,3.8,3.8,1.87,3.6,3.5,1.9,3.4,3.6,2.0,3.5,3.75,2.0,3.4,3.8,2014/15,€8.90m,€5.65m,1.93,3.8,3.9,54.0541,53.4759,50.0,52.6316,51.8135,50.0,26.3158,27.7778,29.4118,29.4118,26.3158,28.5714,26.3158,28.5714,26.3158,27.7778,25.641,26.6667,H,51.9958,1.7223,27.9674,1.4163,26.8814,1.0848,ScotishPremierLeague
SC0,16/05/2015,St Mirren,Motherwell,H,3.75,3.5,1.95,3.4,3.4,1.95,3.7,3.3,1.9,3.75,3.6,1.95,3.8,3.3,2.0,2014/15,€6.93m,€8.50m,3.8,3.75,1.95,26.6667,29.4118,26.3158,27.027,26.3158,26.6667,28.5714,29.4118,30.303,30.303,26.6667,27.7778,51.2821,51.2821,50.0,52.6316,51.2821,51.2821,A,27.0673,1.1789,28.839,1.4513,51.2933,0.8324,ScotishPremierLeague
SC0,23/05/2015,Hamilton,St Mirren,H,1.73,3.8,4.5,1.67,3.6,4.5,1.6,3.8,4.6,1.73,3.75,4.5,1.75,3.5,5.0,2014/15,€5.65m,€6.93m,1.75,3.9,4.75,57.8035,59.8802,57.1429,62.5,57.1429,57.8035,26.3158,27.7778,28.5714,26.3158,25.641,26.6667,22.2222,22.2222,20.0,21.7391,21.0526,22.2222,H,58.7122,2.1113,26.8814,1.0848,21.5764,0.8986,ScotishPremierLeague
SC0,23/05/2015,Kilmarnock,Ross County,A,3.0,3.6,2.2,2.75,3.3,2.3,2.8,3.2,2.3,2.8,3.5,2.38,3.1,3.1,2.4,2014/15,€5.63m,€8.90m,3.0,3.6,2.3,33.3333,36.3636,32.2581,35.7143,33.3333,35.7143,27.7778,30.303,32.2581,31.25,27.7778,28.5714,45.4545,43.4783,41.6667,43.4783,43.4783,42.0168,A,34.4528,1.6827,29.6564,1.8954,43.2622,1.3448,ScotishPremierLeague
SC0,23/05/2015,Motherwell,Partick,D,2.9,3.4,2.38,2.75,3.3,2.3,2.6,3.2,2.5,2.75,3.3,2.5,3.1,3.1,2.4,2014/15,€8.50m,€7.00m,3.0,3.5,2.38,34.4828,36.3636,32.2581,38.4615,33.3333,36.3636,29.4118,30.303,32.2581,31.25,28.5714,30.303,42.0168,43.4783,41.6667,40.0,42.0168,40.0,A,35.2105,2.2803,30.3496,1.3038,41.5298,1.3394,ScotishPremierLeague
SC0,24/05/2015,Aberdeen,St Johnstone,A,1.91,3.6,3.75,1.87,3.3,3.75,1.9,3.3,3.7,1.91,3.5,4.0,2.0,3.2,4.0,2014/15,€11.13m,€9.93m,1.95,3.6,4.0,52.356,53.4759,50.0,52.6316,51.2821,52.356,27.7778,30.303,31.25,30.303,27.7778,28.5714,26.6667,26.6667,25.0,27.027,25.0,25.0,H,52.0169,1.212,29.3305,1.4815,25.8934,0.9875,ScotishPremierLeague
SC0,24/05/2015,Celtic,Inverness C,H,1.25,5.75,11.0,1.26,5.0,9.0,1.27,5.0,9.0,1.29,5.2,10.0,1.29,5.5,10.0,2014/15,€75.98m,€6.55m,1.25,6.0,12.0,80.0,79.3651,77.5194,78.7402,80.0,77.5194,17.3913,20.0,18.1818,20.0,16.6667,19.2308,9.0909,11.1111,10.0,11.1111,8.3333,10.0,H,78.8574,1.1369,18.5784,1.392,9.9411,1.1002,ScotishPremierLeague
SC0,01/08/2015,Celtic,Ross County,H,1.17,7.0,15.0,1.14,6.75,14.0,1.15,6.2,14.0,1.22,6.0,15.0,1.22,6.0,13.0,2015/16,€70.43m,€7.75m,1.17,7.5,19.0,85.4701,87.7193,81.9672,86.9565,85.4701,81.9672,14.2857,14.8148,16.6667,16.129,13.3333,16.6667,6.6667,7.1429,7.6923,7.1429,5.2632,6.6667,H,84.9251,2.4506,15.316,1.3823,6.7624,0.8271,ScotishPremierLeague
SC0,01/08/2015,Hamilton,Partick,D,2.63,3.5,2.5,2.5,3.2,2.6,2.5,3.2,2.6,2.7,3.3,2.7,2.7,3.1,2.7,2015/16,€6.68m,€6.10m,2.75,3.4,2.6,38.0228,40.0,37.037,40.0,36.3636,37.037,28.5714,31.25,32.2581,31.25,29.4118,30.303,40.0,38.4615,37.037,38.4615,38.4615,37.037,A,38.0767,1.581,30.5074,1.3534,38.2431,1.1081,ScotishPremierLeague
SC0,01/08/2015,Inverness C,Motherwell,A,1.67,3.8,5.0,1.67,3.5,4.6,1.7,3.5,4.4,1.8,3.5,5.0,1.73,3.4,4.6,2015/16,€6.08m,€7.18m,1.73,3.8,5.0,59.8802,59.8802,57.8035,58.8235,57.8035,55.5556,26.3158,28.5714,29.4118,28.5714,26.3158,28.5714,20.0,21.7391,21.7391,22.7273,20.0,20.0,H,58.2911,1.6305,27.9596,1.3142,21.0342,1.189,ScotishPremierLeague
SC0,01/08/2015,Kilmarnock,Dundee,A,2.5,3.4,2.7,2.5,3.2,2.6,2.5,3.2,2.6,2.7,3.25,2.75,2.7,3.1,2.7,2015/16,€7.95m,€6.68m,2.63,3.4,2.75,40.0,40.0,37.037,40.0,38.0228,37.037,29.4118,31.25,32.2581,31.25,29.4118,30.7692,37.037,38.4615,37.037,38.4615,36.3636,36.3636,H,38.6828,1.4871,30.7252,1.1272,37.2874,0.958,ScotishPremierLeague
SC0,02/08/2015,Dundee United,Aberdeen,A,3.6,3.4,2.05,3.6,3.25,1.95,3.3,3.3,2.0,3.75,3.4,2.1,3.75,3.2,2.05,2015/16,€10.28m,€12.33m,3.8,3.6,2.0,27.7778,27.7778,26.6667,30.303,26.3158,26.6667,29.4118,30.7692,31.25,30.303,27.7778,29.4118,48.7805,51.2821,48.7805,50.0,50.0,47.619,A,27.5846,1.4669,29.8206,1.2396,49.4103,1.2807,ScotishPremierLeague
SC0,02/08/2015,Hearts,St Johnstone,H,2.1,3.5,3.3,2.0,3.25,3.4,2.1,3.3,3.1,2.2,3.3,3.4,2.2,3.2,3.4,2015/16,€10.38m,€9.38m,2.15,3.4,3.6,47.619,50.0,45.4545,47.619,46.5116,45.4545,28.5714,30.7692,31.25,30.303,29.4118,30.303,30.303,29.4118,29.4118,32.2581,27.7778,29.4118,H,47.1098,1.7152,30.1014,0.9657,29.7624,1.4716,ScotishPremierLeague
SC0,08/08/2015,Dundee,Hearts,A,2.8,3.25,2.5,2.55,3.2,2.55,2.6,3.2,2.5,2.8,3.3,2.62,2.7,3.1,2.7,2015/16,€6.68m,€10.38m,2.75,3.4,2.6,35.7143,39.2157,37.037,38.4615,36.3636,35.7143,30.7692,31.25,32.2581,31.25,29.4118,30.303,40.0,39.2157,37.037,40.0,38.4615,38.1679,A,37.0844,1.4639,30.8737,0.9668,38.8137,1.1553,ScotishPremierLeague
SC0,08/08/2015,Motherwell,Dundee United,A,2.55,3.25,2.75,2.55,3.1,2.6,2.5,3.2,2.6,2.62,3.4,2.7,2.7,3.1,2.7,2015/16,€7.18m,€10.28m,2.55,3.5,2.75,39.2157,39.2157,37.037,40.0,39.2157,38.1679,30.7692,32.2581,32.2581,31.25,28.5714,29.4118,36.3636,38.4615,37.037,38.4615,36.3636,37.037,H,38.8087,1.0455,30.7531,1.5057,37.2874,0.958,ScotishPremierLeague
SC0,08/08/2015,Ross County,Hamilton,H,2.05,3.4,3.5,2.1,3.2,3.2,2.1,3.3,3.1,2.2,3.3,3.5,2.2,3.25,3.4,2015/16,€7.75m,€6.68m,2.15,3.5,3.5,48.7805,47.619,45.4545,47.619,46.5116,45.4545,29.4118,31.25,30.7692,30.303,28.5714,30.303,28.5714,31.25,29.4118,32.2581,28.5714,28.5714,H,46.9065,1.3341,30.1014,0.9657,29.7724,1.6012,ScotishPremierLeague
SC0,08/08/2015,St Johnstone,Inverness C,D,2.4,3.1,3.1,2.4,3.1,2.75,2.5,3.2,2.6,2.5,3.25,3.0,2.5,3.1,3.0,2015/16,€9.38m,€6.08m,2.55,3.2,3.0,41.6667,41.6667,40.0,40.0,39.2157,40.0,32.2581,32.2581,32.2581,31.25,31.25,30.7692,32.2581,36.3636,33.3333,38.4615,33.3333,33.3333,H,40.4248,1.0088,31.6739,0.6636,34.5139,2.378,ScotishPremierLeague
SC0,09/08/2015,Aberdeen,Kilmarnock,H,1.33,4.75,10.0,1.36,4.2,7.75,1.35,4.5,7.3,1.36,4.5,9.0,1.4,4.2,9.0,2015/16,€12.33m,€7.95m,1.36,5.0,9.5,75.188,73.5294,71.4286,74.0741,73.5294,73.5294,21.0526,23.8095,23.8095,22.2222,20.0,22.2222,10.0,12.9032,11.1111,13.6986,10.5263,11.1111,H,73.5465,1.2214,22.186,1.5058,11.5584,1.4341,ScotishPremierLeague
SC0,09/08/2015,Partick,Celtic,A,9.0,5.0,1.33,7.25,4.6,1.34,7.3,4.5,1.35,9.0,4.5,1.4,8.0,5.0,1.36,2015/16,€6.10m,€70.43m,10.0,5.2,1.33,11.1111,13.7931,12.5,13.6986,10.0,11.1111,20.0,21.7391,20.0,22.2222,19.2308,22.2222,75.188,74.6269,73.5294,74.0741,75.188,71.4286,A,12.0356,1.5442,20.9024,1.312,74.0058,1.4181,ScotishPremierLeague
SC0,11/08/2015,Dundee United,Dundee,D,2.25,3.25,3.25,2.1,3.25,3.2,2.1,3.2,3.2,2.25,3.2,3.3,2.25,3.2,3.3,2015/16,€10.28m,€6.68m,2.2,3.6,3.3,44.4444,47.619,44.4444,47.619,45.4545,44.4444,30.7692,30.7692,31.25,31.25,27.7778,31.25,30.7692,31.25,30.303,31.25,30.303,30.303,H,45.671,1.5588,30.511,1.3596,30.6964,0.4653,ScotishPremierLeague
SC0,11/08/2015,St Johnstone,Ross County,D,1.91,3.5,4.0,1.9,3.25,3.75,1.85,3.4,3.8,1.91,3.4,4.0,1.91,3.2,4.5,2015/16,€9.38m,€7.75m,1.91,3.5,4.33,52.356,52.6316,52.356,54.0541,52.356,52.356,28.5714,30.7692,31.25,29.4118,28.5714,29.4118,25.0,26.6667,22.2222,26.3158,23.0947,25.0,H,52.685,0.6797,29.6643,1.1182,24.7166,1.7535,ScotishPremierLeague
SC0,12/08/2015,Hearts,Motherwell,H,1.73,3.5,5.0,1.7,3.4,4.5,1.7,3.5,4.4,1.7,3.5,4.8,1.75,3.5,5.0,2015/16,€10.38m,€7.18m,1.7,3.7,5.4,57.8035,58.8235,57.1429,58.8235,58.8235,58.8235,28.5714,29.4118,28.5714,28.5714,27.027,28.5714,20.0,22.2222,20.0,22.7273,18.5185,20.8333,H,58.3734,0.7279,28.4541,0.7757,20.7169,1.5609,ScotishPremierLeague
SC0,12/08/2015,Inverness C,Partick,D,2.0,3.4,3.75,1.95,3.3,3.5,2.0,3.3,3.3,1.91,3.5,3.9,2.0,3.25,4.0,2015/16,€6.08m,€6.10m,1.95,3.6,4.0,50.0,51.2821,50.0,50.0,51.2821,52.356,29.4118,30.303,30.7692,30.303,27.7778,28.5714,26.6667,28.5714,25.0,30.303,25.0,25.641,H,50.82,0.9802,29.5227,1.1605,26.8637,2.1553,ScotishPremierLeague
SC0,12/08/2015,Kilmarnock,Celtic,D,11.0,5.75,1.25,10.0,5.5,1.22,10.0,5.0,1.25,11.0,5.5,1.29,13.0,5.5,1.25,2015/16,€7.95m,€70.43m,13.0,6.0,1.25,9.0909,10.0,7.6923,10.0,7.6923,9.0909,17.3913,18.1818,18.1818,20.0,16.6667,18.1818,80.0,81.9672,80.0,80.0,80.0,77.5194,A,8.9277,1.0397,18.1006,1.1124,79.9144,1.4128,ScotishPremierLeague
SC0,15/08/2015,Celtic,Inverness C,H,1.18,6.5,15.0,1.2,5.5,11.5,1.22,5.3,11.0,1.22,6.0,15.0,1.22,5.5,15.0,2015/16,€70.43m,€6.08m,1.18,7.0,19.0,84.7458,83.3333,81.9672,81.9672,84.7458,81.9672,15.3846,18.1818,18.1818,18.8679,14.2857,16.6667,6.6667,8.6957,6.6667,9.0909,5.2632,6.6667,H,83.1211,1.3652,16.9281,1.8077,7.175,1.4431,ScotishPremierLeague
SC0,15/08/2015,Dundee,St Johnstone,H,2.25,3.4,3.1,2.25,3.2,2.9,2.3,3.2,2.8,2.3,3.25,3.2,2.3,3.2,3.2,2015/16,€6.68m,€9.38m,2.25,3.4,3.3,44.4444,44.4444,43.4783,43.4783,44.4444,43.4783,29.4118,31.25,31.25,31.25,29.4118,30.7692,32.2581,34.4828,31.25,35.7143,30.303,31.25,H,43.9614,0.5292,30.5571,0.9065,32.543,2.1101,ScotishPremierLeague
SC0,15/08/2015,Hamilton,Dundee United,H,2.55,3.4,2.63,2.65,3.2,2.45,2.7,3.2,2.4,2.75,3.25,2.62,2.7,3.1,2.7,2015/16,€6.68m,€10.28m,2.63,3.4,2.75,39.2157,37.7358,37.037,37.037,38.0228,36.3636,29.4118,31.25,32.2581,31.25,29.4118,30.7692,38.0228,40.8163,37.037,41.6667,36.3636,38.1679,A,37.5686,0.9964,30.7252,1.1272,38.679,2.1092,ScotishPremierLeague
SC0,15/08/2015,Motherwell,Aberdeen,A,5.25,3.6,1.67,4.2,3.5,1.75,4.3,3.4,1.75,4.75,3.6,1.8,4.5,3.5,1.8,2015/16,€7.18m,€12.33m,5.2,3.75,1.73,19.0476,23.8095,22.2222,23.2558,19.2308,21.0526,27.7778,28.5714,28.5714,29.4118,26.6667,27.7778,59.8802,57.1429,55.5556,57.1429,57.8035,55.5556,A,21.4364,2.0138,28.1295,0.9404,57.1801,1.61,ScotishPremierLeague
SC0,15/08/2015,Partick,Kilmarnock,D,1.7,4.0,4.5,1.75,3.4,4.25,1.85,3.4,3.8,1.83,3.5,4.5,1.83,3.4,4.5,2015/16,€6.10m,€7.95m,1.75,3.8,4.8,58.8235,57.1429,54.6448,54.0541,57.1429,54.6448,25.0,29.4118,29.4118,29.4118,26.3158,28.5714,22.2222,23.5294,22.2222,26.3158,20.8333,22.2222,H,56.0755,1.8979,28.0204,1.9047,22.8908,1.8822,ScotishPremierLeague
SC0,15/08/2015,Ross County,Hearts,A,2.5,3.4,2.7,2.55,3.2,2.55,2.7,3.2,2.4,2.7,3.2,2.7,2.7,3.1,2.7,2015/16,€7.75m,€10.38m,2.7,3.4,2.7,40.0,39.2157,37.037,37.037,37.037,37.037,29.4118,31.25,32.2581,31.25,29.4118,31.25,37.037,39.2157,37.037,41.6667,37.037,37.037,H,37.894,1.3505,30.8053,1.1478,38.1717,1.9212,ScotishPremierLeague
SC0,22/08/2015,Aberdeen,Dundee,H,1.5,4.0,7.0,1.48,3.8,6.25,1.5,3.8,5.7,1.53,4.0,6.5,1.57,3.75,6.5,2015/16,€12.33m,€6.68m,1.5,4.33,7.0,66.6667,67.5676,63.6943,66.6667,66.6667,65.3595,25.0,26.3158,26.6667,26.3158,23.0947,25.0,14.2857,16.0,15.3846,17.5439,14.2857,15.3846,H,66.1036,1.375,25.3988,1.3354,15.4808,1.2166,ScotishPremierLeague
SC0,22/08/2015,Dundee United,Celtic,A,9.5,5.5,1.29,8.75,4.6,1.3,7.0,4.1,1.4,9.0,5.0,1.36,8.5,4.8,1.36,2015/16,€10.28m,€70.43m,10.5,5.5,1.3,10.5263,11.4286,11.7647,14.2857,9.5238,11.1111,18.1818,21.7391,20.8333,24.3902,18.1818,20.0,77.5194,76.9231,73.5294,71.4286,76.9231,73.5294,A,11.44,1.6012,20.5544,2.3563,74.9755,2.4828,ScotishPremierLeague
SC0,22/08/2015,Hearts,Partick,H,1.91,3.4,4.0,1.9,3.4,3.6,1.9,3.3,3.7,1.95,3.4,4.2,2.0,3.2,4.0,2015/16,€10.38m,€6.10m,2.0,3.5,4.0,52.356,52.6316,50.0,52.6316,50.0,51.2821,29.4118,29.4118,31.25,30.303,28.5714,29.4118,25.0,27.7778,25.0,27.027,25.0,23.8095,H,51.4836,1.2522,29.7266,0.9257,25.6024,1.4876,ScotishPremierLeague
SC0,22/08/2015,Inverness C,Hamilton,A,2.2,3.4,3.2,2.1,3.2,3.2,2.2,3.2,3.0,2.25,3.3,3.4,2.25,3.2,3.3,2015/16,€6.08m,€6.68m,2.2,3.4,3.4,45.4545,47.619,44.4444,45.4545,45.4545,44.4444,29.4118,31.25,31.25,31.25,29.4118,30.303,31.25,31.25,30.303,33.3333,29.4118,29.4118,H,45.4786,1.1595,30.4794,0.9047,30.8266,1.4778,ScotishPremierLeague
SC0,22/08/2015,Kilmarnock,Ross County,A,2.8,3.6,2.3,2.7,3.3,2.35,2.6,3.2,2.5,3.0,3.4,2.45,3.1,3.1,2.4,2015/16,€7.95m,€7.75m,3.0,3.5,2.38,35.7143,37.037,32.2581,38.4615,33.3333,33.3333,27.7778,30.303,32.2581,31.25,28.5714,29.4118,43.4783,42.5532,41.6667,40.0,42.0168,40.8163,A,35.0229,2.4377,29.9287,1.6762,41.7552,1.2365,ScotishPremierLeague
SC0,22/08/2015,St Johnstone,Motherwell,H,2.05,3.6,3.3,2.05,3.4,3.1,2.0,3.3,3.3,2.15,3.25,3.5,2.15,3.2,3.5,2015/16,€9.38m,€7.18m,2.15,3.5,3.5,48.7805,48.7805,46.5116,50.0,46.5116,46.5116,27.7778,29.4118,31.25,30.303,28.5714,30.7692,30.303,32.2581,28.5714,30.303,28.5714,28.5714,H,47.8493,1.5315,29.6805,1.3386,29.7631,1.4878,ScotishPremierLeague
SC0,29/08/2015,Celtic,St Johnstone,H,1.17,7.0,15.0,1.17,6.0,13.0,1.2,5.5,12.0,1.2,6.5,15.0,1.2,6.5,13.0,2015/16,€70.43m,€9.38m,1.17,7.5,20.0,85.4701,85.4701,83.3333,83.3333,85.4701,83.3333,14.2857,16.6667,15.3846,18.1818,13.3333,15.3846,6.6667,7.6923,7.6923,8.3333,5.0,6.6667,H,84.4017,1.1704,15.5394,1.717,7.0086,1.1797,ScotishPremierLeague
SC0,29/08/2015,Dundee,Inverness C,D,2.1,3.3,3.5,2.0,3.2,3.5,2.0,3.3,3.3,2.2,3.3,3.4,2.2,3.1,3.5,2015/16,€6.68m,€6.08m,2.15,3.4,3.6,47.619,50.0,45.4545,50.0,46.5116,45.4545,30.303,31.25,32.2581,30.303,29.4118,30.303,28.5714,28.5714,28.5714,30.303,27.7778,29.4118,H,47.5066,2.0909,30.6381,0.9838,28.8678,0.8726,ScotishPremierLeague
SC0,29/08/2015,Hamilton,Hearts,H,3.2,3.4,2.2,2.95,3.2,2.25,3.0,3.2,2.2,3.1,3.3,2.3,3.2,3.2,2.3,2015/16,€6.68m,€10.38m,3.13,3.5,2.3,31.25,33.8983,31.25,33.3333,31.9489,32.2581,29.4118,31.25,31.25,31.25,28.5714,30.303,45.4545,44.4444,43.4783,45.4545,43.4783,43.4783,A,32.3231,1.0908,30.3394,1.138,44.298,0.9708,ScotishPremierLeague
SC0,29/08/2015,Motherwell,Kilmarnock,H,1.83,3.75,4.0,1.85,3.5,3.6,1.75,3.4,4.3,1.95,3.6,3.8,1.91,3.5,4.0,2015/16,€7.18m,€7.95m,1.93,3.7,4.0,54.6448,54.0541,52.356,57.1429,51.8135,51.2821,26.6667,28.5714,28.5714,29.4118,27.027,27.7778,25.0,27.7778,25.0,23.2558,25.0,26.3158,H,53.5489,2.1884,28.0044,1.0411,25.3916,1.5212,ScotishPremierLeague
SC0,29/08/2015,Partick,Aberdeen,A,5.0,3.8,1.67,4.6,3.4,1.7,4.3,3.4,1.75,5.0,3.5,1.75,5.0,3.5,1.75,2015/16,€6.10m,€12.33m,5.0,3.8,1.73,20.0,21.7391,20.0,23.2558,20.0,20.0,26.3158,29.4118,28.5714,29.4118,26.3158,28.5714,59.8802,58.8235,57.1429,57.1429,57.8035,57.1429,A,20.8325,1.376,28.0997,1.432,57.9893,1.1362,ScotishPremierLeague
SC0,29/08/2015,Ross County,Dundee United,H,2.1,3.5,3.3,2.05,3.3,3.25,2.2,3.2,3.0,2.2,3.3,3.4,2.15,3.25,3.5,2015/16,€7.75m,€10.28m,2.1,3.5,3.6,47.619,48.7805,46.5116,45.4545,47.619,45.4545,28.5714,30.303,30.7692,31.25,28.5714,30.303,30.303,30.7692,28.5714,33.3333,27.7778,29.4118,H,46.9065,1.3341,29.9613,1.1323,30.0278,1.9552,ScotishPremierLeague
SC0,11/09/2015,Inverness C,Hearts,H,3.0,3.2,2.4,2.85,3.2,2.4,2.8,3.2,2.3,3.0,3.25,2.45,2.9,3.25,2.4,2015/16,€6.08m,€10.38m,3.13,3.3,2.4,33.3333,35.0877,34.4828,35.7143,31.9489,33.3333,31.25,31.25,30.7692,31.25,30.303,30.7692,41.6667,41.6667,41.6667,43.4783,41.6667,40.8163,A,33.9834,1.3747,30.9319,0.3878,41.8269,0.8776,ScotishPremierLeague
SC0,12/09/2015,Aberdeen,Celtic,H,4.2,3.5,1.85,3.9,3.5,1.8,4.0,3.4,1.8,4.2,3.4,1.85,4.33,3.2,1.95,2015/16,€12.33m,€70.43m,4.4,3.6,1.87,23.8095,25.641,23.0947,25.0,22.7273,23.8095,28.5714,28.5714,31.25,29.4118,27.7778,29.4118,54.0541,55.5556,51.2821,55.5556,53.4759,54.0541,A,24.0137,1.1139,29.1657,1.1915,53.9962,1.5816,ScotishPremierLeague
SC0,12/09/2015,Dundee United,Kilmarnock,A,1.73,3.75,4.5,1.72,3.6,4.2,1.8,3.4,4.0,1.75,3.6,4.33,1.8,3.4,4.8,2015/16,€10.28m,€7.95m,1.8,3.9,4.4,57.8035,58.1395,55.5556,55.5556,55.5556,57.1429,26.6667,27.7778,29.4118,29.4118,25.641,27.7778,22.2222,23.8095,20.8333,25.0,22.7273,23.0947,H,56.6254,1.215,27.7811,1.4927,22.9478,1.4158,ScotishPremierLeague
SC0,12/09/2015,Motherwell,Ross County,D,2.75,3.2,2.63,2.55,3.1,2.6,2.5,3.2,2.6,2.62,3.3,2.5,2.7,3.1,2.7,2015/16,€7.18m,€7.75m,2.75,3.6,2.5,36.3636,39.2157,37.037,40.0,36.3636,38.1679,31.25,32.2581,32.2581,31.25,27.7778,30.303,38.0228,38.4615,37.037,38.4615,40.0,40.0,A,37.858,1.5276,30.8495,1.6747,38.6638,1.1585,ScotishPremierLeague
SC0,12/09/2015,Partick,Dundee,A,2.55,3.3,2.7,2.4,3.2,2.7,2.5,3.2,2.6,2.62,3.1,2.7,2.62,3.0,2.88,2015/16,€6.10m,€6.68m,2.63,3.4,2.75,39.2157,41.6667,38.1679,40.0,38.0228,38.1679,30.303,31.25,33.3333,31.25,29.4118,32.2581,37.037,37.037,34.7222,38.4615,36.3636,37.037,H,39.2068,1.4311,31.301,1.3868,36.7764,1.2193,ScotishPremierLeague
SC0,12/09/2015,St Johnstone,Hamilton,H,2.15,3.4,3.25,2.05,3.2,3.3,2.0,3.3,3.3,2.2,3.0,3.4,2.25,3.0,3.5,2015/16,€9.38m,€6.68m,2.25,3.4,3.3,46.5116,48.7805,44.4444,50.0,44.4444,45.4545,29.4118,31.25,33.3333,30.303,29.4118,33.3333,30.7692,30.303,28.5714,30.303,30.303,29.4118,H,46.6059,2.3207,31.1739,1.8056,29.9436,0.8043,ScotishPremierLeague
SC0,15/09/2015,Aberdeen,Hamilton,H,1.4,4.5,8.0,1.36,4.33,7.25,1.4,4.1,7.0,1.4,4.2,8.0,1.4,4.5,8.0,2015/16,€12.33m,€6.68m,1.44,4.6,8.0,71.4286,73.5294,71.4286,71.4286,69.4444,71.4286,22.2222,23.0947,22.2222,24.3902,21.7391,23.8095,12.5,13.7931,12.5,14.2857,12.5,12.5,H,71.448,1.2921,22.913,1.0345,13.0131,0.8101,ScotishPremierLeague
SC0,19/09/2015,Dundee United,Inverness C,D,2.38,3.4,2.88,2.2,3.3,2.95,2.2,3.2,3.0,2.4,3.3,2.9,2.4,3.2,3.0,2015/16,€10.28m,€6.08m,2.45,3.5,2.88,42.0168,45.4545,41.6667,45.4545,40.8163,41.6667,29.4118,30.303,31.25,31.25,28.5714,30.303,34.7222,33.8983,33.3333,33.3333,34.7222,34.4828,H,42.8459,2.059,30.1815,1.0486,34.082,0.6535,ScotishPremierLeague
SC0,19/09/2015,Hamilton,Motherwell,H,2.25,3.4,3.1,2.15,3.3,3.0,2.0,3.3,3.3,2.25,3.3,3.0,2.38,3.3,3.0,2015/16,€6.68m,€7.18m,2.3,3.5,3.13,44.4444,46.5116,42.0168,50.0,43.4783,44.4444,29.4118,30.303,30.303,30.303,28.5714,30.303,32.2581,33.3333,33.3333,30.303,31.9489,33.3333,H,45.1492,2.7923,29.8659,0.7275,32.4183,1.2027,ScotishPremierLeague
SC0,19/09/2015,Kilmarnock,St Johnstone,H,3.6,3.5,2.0,3.3,3.2,2.05,3.0,3.2,2.2,3.5,3.4,2.05,3.6,3.4,2.05,2015/16,€7.95m,€9.38m,3.6,3.6,2.05,27.7778,30.303,27.7778,33.3333,27.7778,28.5714,28.5714,31.25,29.4118,31.25,27.7778,29.4118,50.0,48.7805,48.7805,45.4545,48.7805,48.7805,A,29.2568,2.2246,29.6121,1.4067,48.4294,1.5369,ScotishPremierLeague
SC0,19/09/2015,Ross County,Partick,H,1.91,3.4,4.0,1.95,3.25,3.6,1.9,3.3,3.7,1.91,3.4,3.8,2.0,3.3,3.8,2015/16,€7.75m,€6.10m,1.93,3.6,4.1,52.356,51.2821,50.0,52.6316,51.8135,52.356,29.4118,30.7692,30.303,30.303,27.7778,29.4118,25.0,27.7778,26.3158,27.027,24.3902,26.3158,H,51.7399,0.9794,29.6628,1.0699,26.1378,1.2564,ScotishPremierLeague
SC0,20/09/2015,Celtic,Dundee,H,1.2,6.5,13.0,1.22,5.5,9.75,1.25,5.0,10.0,1.22,6.0,13.0,1.25,5.5,12.0,2015/16,€70.43m,€6.68m,1.22,6.5,15.0,83.3333,81.9672,80.0,80.0,81.9672,81.9672,15.3846,18.1818,18.1818,20.0,15.3846,16.6667,7.6923,10.2564,8.3333,10.0,6.6667,7.6923,H,81.5391,1.3043,17.2999,1.8212,8.4402,1.4147,ScotishPremierLeague
SC0,20/09/2015,Hearts,Aberdeen,A,3.75,3.4,2.0,3.4,3.25,2.0,3.0,3.2,2.2,3.6,3.3,2.05,3.4,3.2,2.2,2015/16,€10.38m,€12.33m,3.7,3.4,2.1,26.6667,29.4118,29.4118,33.3333,27.027,27.7778,29.4118,30.7692,31.25,31.25,29.4118,30.303,50.0,50.0,45.4545,45.4545,47.619,48.7805,A,28.9381,2.4464,30.3993,0.8419,47.8847,2.0801,ScotishPremierLeague
SC0,26/09/2015,Celtic,Hearts,D,1.22,6.0,13.0,1.25,5.5,8.75,1.3,4.8,8.5,1.22,6.0,12.0,1.25,5.5,12.0,2015/16,€70.43m,€10.38m,1.22,7.0,13.0,81.9672,80.0,80.0,76.9231,81.9672,81.9672,16.6667,18.1818,18.1818,20.8333,14.2857,16.6667,7.6923,11.4286,8.3333,11.7647,7.6923,8.3333,H,80.4708,1.9873,17.4693,2.1797,9.2074,1.8758,ScotishPremierLeague
SC0,26/09/2015,Dundee,Ross County,D,2.4,3.4,2.88,2.3,3.3,2.75,2.2,3.2,3.0,2.38,3.4,2.88,2.5,3.2,2.9,2015/16,€6.68m,€7.75m,2.45,3.5,2.9,41.6667,43.4783,40.0,45.4545,40.8163,42.0168,29.4118,30.303,31.25,31.25,28.5714,29.4118,34.7222,36.3636,34.4828,33.3333,34.4828,34.7222,H,42.2388,1.9641,30.033,1.0902,34.6845,0.9726,ScotishPremierLeague
SC0,26/09/2015,Inverness C,Aberdeen,H,4.2,3.6,1.85,3.8,3.5,1.8,4.0,3.4,1.8,4.2,3.4,1.85,4.2,3.3,1.91,2015/16,€6.08m,€12.33m,4.4,3.6,1.87,23.8095,26.3158,23.8095,25.0,22.7273,23.8095,27.7778,28.5714,30.303,29.4118,27.7778,29.4118,54.0541,55.5556,52.356,55.5556,53.4759,54.0541,A,24.2453,1.2434,28.8756,1.0115,54.1752,1.236,ScotishPremierLeague
SC0,26/09/2015,Kilmarnock,Hamilton,A,3.6,3.2,2.1,3.0,3.25,2.2,3.0,3.2,2.2,3.3,3.4,2.1,3.3,3.3,2.2,2015/16,€7.95m,€6.68m,3.3,3.5,2.2,27.7778,33.3333,30.303,33.3333,30.303,30.303,31.25,30.7692,30.303,31.25,28.5714,29.4118,47.619,45.4545,45.4545,45.4545,45.4545,47.619,A,30.8922,2.1288,30.2592,1.0763,46.176,1.1177,ScotishPremierLeague
SC0,26/09/2015,Motherwell,Partick,H,2.5,3.3,2.75,2.3,3.3,2.75,2.1,3.3,3.1,2.5,3.25,2.7,2.5,3.2,2.9,2015/16,€7.18m,€6.10m,2.6,3.4,2.8,40.0,43.4783,40.0,47.619,38.4615,40.0,30.303,30.303,31.25,30.303,29.4118,30.7692,36.3636,36.3636,34.4828,32.2581,35.7143,37.037,H,41.5931,3.3849,30.39,0.6104,35.3699,1.7517,ScotishPremierLeague
SC0,26/09/2015,St Johnstone,Dundee United,H,2.15,3.4,3.3,2.05,3.4,3.1,2.1,3.3,3.1,2.1,3.5,3.25,2.2,3.3,3.3,2015/16,€9.38m,€10.28m,2.15,3.7,3.3,46.5116,48.7805,45.4545,47.619,46.5116,47.619,29.4118,29.4118,30.303,30.303,27.027,28.5714,30.303,32.2581,30.303,32.2581,30.303,30.7692,H,47.0827,1.1629,29.1713,1.2357,31.0324,0.9664,ScotishPremierLeague
SC0,03/10/2015,Aberdeen,St Johnstone,A,1.57,4.0,5.5,1.62,3.9,4.5,1.65,3.5,4.6,1.6,3.8,5.75,1.67,3.4,6.0,2015/16,€12.33m,€9.38m,1.6,4.1,5.75,63.6943,61.7284,59.8802,60.6061,62.5,62.5,25.0,25.641,29.4118,28.5714,24.3902,26.3158,18.1818,22.2222,16.6667,21.7391,17.3913,17.3913,H,61.8182,1.3916,26.555,2.0112,18.9321,2.4144,ScotishPremierLeague
SC0,03/10/2015,Dundee,Motherwell,H,2.2,3.4,3.2,2.2,3.25,3.0,2.1,3.3,3.1,2.15,3.3,3.3,2.2,3.3,3.3,2015/16,€6.68m,€7.18m,2.2,3.5,3.3,45.4545,45.4545,45.4545,47.619,45.4545,46.5116,29.4118,30.7692,30.303,30.303,28.5714,30.303,31.25,33.3333,30.303,32.2581,30.303,30.303,H,45.9914,0.9025,29.9436,0.8043,31.2917,1.2678,ScotishPremierLeague
SC0,03/10/2015,Hearts,Kilmarnock,D,1.44,4.5,6.5,1.48,4.1,5.5,1.5,3.8,5.7,1.48,4.33,6.5,1.53,3.75,7.0,2015/16,€10.38m,€7.95m,1.5,4.6,6.5,69.4444,67.5676,65.3595,66.6667,66.6667,67.5676,22.2222,24.3902,26.6667,26.3158,21.7391,23.0947,15.3846,18.1818,14.2857,17.5439,15.3846,15.3846,H,67.2121,1.3611,24.0714,2.0827,16.0275,1.4976,ScotishPremierLeague
SC0,03/10/2015,Partick,Dundee United,H,2.38,3.4,2.88,2.45,3.25,2.6,2.4,3.2,2.7,2.4,3.3,2.8,2.6,3.1,2.8,2015/16,€6.10m,€10.28m,2.45,3.5,2.9,42.0168,40.8163,38.4615,41.6667,40.8163,41.6667,29.4118,30.7692,32.2581,31.25,28.5714,30.303,34.7222,38.4615,35.7143,37.037,34.4828,35.7143,H,40.9074,1.2948,30.4272,1.3143,36.022,1.4986,ScotishPremierLeague
SC0,03/10/2015,Ross County,Inverness C,A,2.15,3.4,3.3,2.05,3.4,3.1,2.2,3.2,3.0,2.2,3.3,3.2,2.25,3.3,3.2,2015/16,€7.75m,€6.08m,2.2,3.6,3.25,46.5116,48.7805,44.4444,45.4545,45.4545,45.4545,29.4118,29.4118,30.303,31.25,27.7778,30.303,30.303,32.2581,31.25,33.3333,30.7692,31.25,H,46.0167,1.5036,29.7429,1.1815,31.5273,1.0976,ScotishPremierLeague
SC0,04/10/2015,Hamilton,Celtic,A,10.0,5.25,1.29,10.0,5.0,1.25,7.8,4.6,1.33,10.0,5.5,1.29,12.0,4.33,1.33,2015/16,€6.68m,€70.43m,11.5,5.75,1.29,10.0,10.0,8.3333,12.8205,8.6957,10.0,19.0476,20.0,23.0947,21.7391,17.3913,18.1818,77.5194,80.0,75.188,75.188,77.5194,77.5194,A,9.9749,1.5767,19.9091,2.1712,77.1557,1.8017,ScotishPremierLeague
SC0,16/10/2015,Ross County,Aberdeen,H,3.8,3.5,1.95,3.6,3.3,1.91,3.7,3.3,1.9,4.0,3.5,1.95,3.8,3.4,2.0,2015/16,€7.75m,€12.33m,4.0,3.6,2.0,26.3158,27.7778,26.3158,27.027,25.0,25.0,28.5714,30.303,29.4118,30.303,27.7778,28.5714,51.2821,52.356,50.0,52.6316,50.0,51.2821,A,26.2394,1.1019,29.1564,1.0276,51.2586,1.1188,ScotishPremierLeague
SC0,17/10/2015,Hamilton,Dundee,D,2.15,3.5,3.25,2.2,3.3,2.9,2.2,3.2,3.0,2.1,3.5,3.25,2.25,3.25,3.25,2015/16,€6.68m,€6.68m,2.2,3.6,3.3,46.5116,45.4545,44.4444,45.4545,45.4545,47.619,28.5714,30.303,30.7692,31.25,27.7778,28.5714,30.7692,34.4828,30.7692,33.3333,30.303,30.7692,H,45.8231,1.0961,29.5405,1.4141,31.7378,1.7294,ScotishPremierLeague
SC0,17/10/2015,Kilmarnock,Inverness C,H,4.0,3.6,1.85,3.75,3.4,1.87,3.8,3.4,1.85,3.8,3.5,1.95,4.0,3.4,1.95,2015/16,€7.95m,€6.08m,4.1,3.7,1.91,25.0,26.6667,25.0,26.3158,24.3902,26.3158,27.7778,29.4118,29.4118,29.4118,27.027,28.5714,54.0541,53.4759,51.2821,54.0541,52.356,51.2821,A,25.6147,0.9322,28.6019,1.0127,52.7507,1.2956,ScotishPremierLeague
SC0,17/10/2015,Motherwell,Celtic,A,9.5,5.5,1.29,8.5,5.0,1.28,8.5,4.8,1.3,11.0,5.75,1.25,11.0,5.0,1.3,2015/16,€7.18m,€70.43m,11.5,6.25,1.25,10.5263,11.7647,9.0909,11.7647,8.6957,9.0909,18.1818,20.0,20.0,20.8333,16.0,17.3913,77.5194,78.125,76.9231,76.9231,80.0,80.0,A,10.1555,1.3939,18.7344,1.8545,78.2484,1.428,ScotishPremierLeague
SC0,17/10/2015,St Johnstone,Partick,A,2.0,3.3,3.75,2.0,3.2,3.5,2.0,3.3,3.3,2.05,3.4,3.5,2.15,3.2,3.6,2015/16,€9.38m,€6.10m,2.1,3.5,3.6,50.0,50.0,46.5116,50.0,47.619,48.7805,30.303,31.25,31.25,30.303,28.5714,29.4118,26.6667,28.5714,27.7778,30.303,27.7778,28.5714,H,48.8185,1.4799,30.1815,1.0486,28.278,1.214,ScotishPremierLeague
SC0,18/10/2015,Dundee United,Hearts,A,2.75,3.4,2.45,2.75,3.3,2.3,2.7,3.2,2.4,2.62,3.5,2.4,2.8,3.3,2.5,2015/16,€10.28m,€10.38m,2.7,3.7,2.5,36.3636,36.3636,35.7143,37.037,37.037,38.1679,29.4118,30.303,30.303,31.25,27.027,28.5714,40.8163,43.4783,40.0,41.6667,40.0,41.6667,A,36.7806,0.8415,29.4777,1.5057,41.2713,1.3132,ScotishPremierLeague
SC0,24/10/2015,Aberdeen,Motherwell,D,1.4,4.5,8.0,1.36,4.33,7.25,1.4,4.1,7.0,1.4,4.5,7.5,1.44,3.8,9.0,2015/16,€12.33m,€7.18m,1.5,4.3,7.0,71.4286,73.5294,69.4444,71.4286,66.6667,71.4286,22.2222,23.0947,26.3158,24.3902,23.2558,22.2222,12.5,13.7931,11.1111,14.2857,14.2857,13.3333,H,70.6544,2.3422,23.5835,1.5601,13.2182,1.2311,ScotishPremierLeague
SC0,24/10/2015,Dundee,Kilmarnock,A,1.83,3.6,4.2,1.75,3.5,4.1,1.75,3.4,4.3,1.85,3.6,3.8,1.91,3.2,4.33,2015/16,€6.68m,€7.95m,1.91,3.8,4.0,54.6448,57.1429,52.356,57.1429,52.356,54.0541,27.7778,28.5714,31.25,29.4118,26.3158,27.7778,23.8095,24.3902,23.0947,23.2558,25.0,26.3158,H,54.6161,2.1588,28.5174,1.6859,24.311,1.212,ScotishPremierLeague
SC0,24/10/2015,Hearts,Ross County,H,2.15,3.4,3.25,2.05,3.3,3.2,2.2,3.2,3.0,2.25,3.4,3.1,2.3,3.1,3.3,2015/16,€10.38m,€7.75m,2.3,3.5,3.13,46.5116,48.7805,43.4783,45.4545,43.4783,44.4444,29.4118,30.303,32.2581,31.25,28.5714,29.4118,30.7692,31.25,30.303,33.3333,31.9489,32.2581,H,45.3579,2.0472,30.201,1.3597,31.6438,1.0993,ScotishPremierLeague
SC0,24/10/2015,Inverness C,St Johnstone,A,2.38,3.2,3.0,2.15,3.3,3.0,2.3,3.2,2.8,2.3,3.3,2.9,2.5,3.1,2.9,2015/16,€6.08m,€9.38m,2.4,3.4,3.0,42.0168,46.5116,40.0,43.4783,41.6667,43.4783,31.25,30.303,32.2581,31.25,29.4118,30.303,33.3333,33.3333,34.4828,35.7143,33.3333,34.4828,H,42.8586,2.2097,30.796,0.9952,34.1133,0.9656,ScotishPremierLeague
SC0,24/10/2015,Partick,Hamilton,D,2.3,3.5,2.88,2.3,3.2,2.8,2.3,3.2,2.8,2.3,3.3,2.9,2.5,3.1,2.9,2015/16,€6.10m,€6.68m,2.38,3.5,3.0,43.4783,43.4783,40.0,43.4783,42.0168,43.4783,28.5714,31.25,32.2581,31.25,28.5714,30.303,34.7222,35.7143,34.4828,35.7143,33.3333,34.4828,H,42.655,1.426,30.3673,1.5224,34.7416,0.8955,ScotishPremierLeague
SC0,25/10/2015,Celtic,Dundee United,H,1.17,7.5,13.0,1.18,6.0,11.5,1.17,5.8,13.0,1.18,7.0,15.0,1.22,6.0,12.0,2015/16,€70.43m,€10.28m,1.18,7.5,15.0,85.4701,84.7458,81.9672,85.4701,84.7458,84.7458,13.3333,16.6667,16.6667,17.2414,13.3333,14.2857,7.6923,8.6957,8.3333,7.6923,6.6667,6.6667,H,84.5241,1.3019,15.2545,1.8032,7.6245,0.8359,ScotishPremierLeague
SC0,31/10/2015,Celtic,Aberdeen,H,1.4,5.0,6.5,1.4,4.5,6.0,1.45,3.9,6.5,1.4,4.5,6.5,1.44,4.5,7.0,2015/16,€70.43m,€12.33m,1.45,4.8,7.0,71.4286,71.4286,69.4444,68.9655,68.9655,71.4286,20.0,22.2222,22.2222,25.641,20.8333,22.2222,15.3846,16.6667,14.2857,15.3846,14.2857,15.3846,H,70.2769,1.2737,22.1902,1.9261,15.232,0.8853,ScotishPremierLeague
SC0,31/10/2015,Dundee United,Ross County,H,2.8,3.4,2.4,2.5,3.3,2.5,2.6,3.2,2.5,2.62,3.4,2.5,2.8,3.1,2.62,2015/16,€10.28m,€7.75m,2.75,3.5,2.55,35.7143,40.0,35.7143,38.4615,36.3636,38.1679,29.4118,30.303,32.2581,31.25,28.5714,29.4118,41.6667,40.0,38.1679,40.0,39.2157,40.0,A,37.4036,1.7455,30.201,1.3597,39.8417,1.1489,ScotishPremierLeague
SC0,31/10/2015,Hamilton,St Johnstone,A,2.5,3.2,2.88,2.35,3.4,2.6,2.5,3.2,2.6,2.4,3.25,2.9,2.4,3.1,3.1,2015/16,€6.68m,€9.38m,2.4,3.4,3.0,40.0,42.5532,41.6667,40.0,41.6667,41.6667,31.25,29.4118,32.2581,31.25,29.4118,30.7692,34.7222,38.4615,32.2581,38.4615,33.3333,34.4828,H,41.2589,1.0338,30.7252,1.1272,35.2866,2.612,ScotishPremierLeague
SC0,31/10/2015,Inverness C,Dundee,D,2.05,3.25,3.75,2.05,3.25,3.3,2.0,3.3,3.3,2.1,3.4,3.3,2.15,3.25,3.5,2015/16,€6.08m,€6.68m,2.15,3.5,3.5,48.7805,48.7805,46.5116,50.0,46.5116,47.619,30.7692,30.7692,30.7692,30.303,28.5714,29.4118,26.6667,30.303,28.5714,30.303,28.5714,30.303,H,48.0339,1.3991,30.099,0.916,29.1198,1.471,ScotishPremierLeague
SC0,31/10/2015,Kilmarnock,Motherwell,A,2.7,3.4,2.5,2.5,3.3,2.5,2.6,3.2,2.5,2.7,3.3,2.5,2.8,3.1,2.62,2015/16,€7.95m,€7.18m,2.7,3.5,2.63,37.037,40.0,35.7143,38.4615,37.037,37.037,29.4118,30.303,32.2581,31.25,28.5714,30.303,40.0,40.0,38.1679,40.0,38.0228,40.0,A,37.5478,1.4827,30.3496,1.3038,39.3651,0.9846,ScotishPremierLeague
SC0,31/10/2015,Partick,Hearts,A,2.5,3.5,2.63,2.65,3.3,2.4,2.7,3.2,2.4,2.6,3.2,2.7,2.7,3.1,2.7,2015/16,€6.10m,€10.38m,2.55,3.4,2.8,40.0,37.7358,37.037,37.037,39.2157,38.4615,28.5714,30.303,32.2581,31.25,29.4118,31.25,38.0228,41.6667,37.037,41.6667,35.7143,37.037,H,38.2478,1.2039,30.5074,1.3534,38.5241,2.5425,ScotishPremierLeague
SC0,07/11/2015,Aberdeen,Dundee United,H,1.45,4.5,6.5,1.42,4.1,6.75,1.45,3.9,6.5,1.48,4.33,6.5,1.53,4.0,6.0,2015/16,€12.33m,€10.28m,1.45,4.6,7.0,68.9655,70.4225,65.3595,68.9655,68.9655,67.5676,22.2222,24.3902,25.0,25.641,21.7391,23.0947,15.3846,14.8148,16.6667,15.3846,14.2857,15.3846,H,68.3744,1.7311,23.6812,1.5702,15.3202,0.7939,ScotishPremierLeague
SC0,07/11/2015,Dundee,Partick,D,2.38,3.3,2.9,2.15,3.3,3.0,2.2,3.2,3.0,2.3,3.3,3.0,2.5,3.1,2.9,2015/16,€6.68m,€6.10m,2.38,3.4,3.1,42.0168,46.5116,40.0,45.4545,42.0168,43.4783,30.303,30.303,32.2581,31.25,29.4118,30.303,34.4828,33.3333,34.4828,33.3333,32.2581,33.3333,H,43.2463,2.4147,30.6382,0.9838,33.5373,0.8425,ScotishPremierLeague
SC0,07/11/2015,Hearts,Hamilton,H,2.0,3.5,3.6,1.9,3.3,3.7,2.0,3.3,3.3,1.95,3.6,3.6,2.05,3.2,3.8,2015/16,€10.38m,€6.68m,1.95,3.75,3.8,50.0,52.6316,48.7805,50.0,51.2821,51.2821,28.5714,30.303,31.25,30.303,26.6667,27.7778,27.7778,27.027,26.3158,30.303,26.3158,27.7778,H,50.6627,1.3465,29.1453,1.758,27.5862,1.4829,ScotishPremierLeague
SC0,07/11/2015,Motherwell,Inverness C,A,2.6,3.4,2.6,2.6,3.3,2.4,2.6,3.1,2.6,2.62,3.2,2.7,2.7,3.1,2.7,2015/16,€7.18m,€6.08m,2.7,3.25,2.75,38.4615,38.4615,37.037,38.4615,37.037,38.1679,29.4118,30.303,32.2581,32.2581,30.7692,31.25,38.4615,41.6667,37.037,38.4615,36.3636,37.037,A,37.9377,0.7069,31.0417,1.1206,38.1712,1.9093,ScotishPremierLeague
SC0,07/11/2015,St Johnstone,Kilmarnock,H,1.65,3.75,5.25,1.67,3.5,4.6,1.7,3.5,4.4,1.7,3.8,4.5,1.75,3.6,4.5,2015/16,€9.38m,€7.95m,1.73,4.0,4.75,60.6061,59.8802,57.1429,58.8235,57.8035,58.8235,26.6667,28.5714,27.7778,28.5714,25.0,26.3158,19.0476,21.7391,22.2222,22.7273,21.0526,22.2222,H,58.8466,1.2772,27.1505,1.4133,21.5018,1.3282,ScotishPremierLeague
SC0,08/11/2015,Ross County,Celtic,A,9.0,5.0,1.33,7.5,4.75,1.33,7.3,4.5,1.37,8.0,5.0,1.36,9.0,4.5,1.36,2015/16,€7.75m,€70.43m,8.5,5.4,1.36,11.1111,13.3333,11.1111,13.6986,11.7647,12.5,20.0,21.0526,22.2222,22.2222,18.5185,20.0,75.188,75.188,73.5294,72.9927,73.5294,73.5294,A,12.2531,1.1103,20.6693,1.4486,73.9928,0.9488,ScotishPremierLeague
SC0,21/11/2015,Celtic,Kilmarnock,D,1.13,8.0,19.0,1.1,8.0,16.0,1.1,7.5,16.0,1.1,11.0,26.0,1.12,7.5,26.0,2015/16,€70.43m,€7.95m,1.14,9.0,19.0,88.4956,90.9091,89.2857,90.9091,87.7193,90.9091,12.5,12.5,13.3333,13.3333,11.1111,9.0909,5.2632,6.25,3.8462,6.25,5.2632,3.8462,H,89.7046,1.4093,11.9781,1.6313,5.1198,1.0807,ScotishPremierLeague
SC0,21/11/2015,Dundee United,St Johnstone,A,3.2,3.4,2.2,3.0,3.4,2.1,3.0,3.2,2.2,3.0,3.5,2.25,3.0,3.4,2.3,2015/16,€10.28m,€9.38m,3.13,3.6,2.25,31.25,33.3333,33.3333,33.3333,31.9489,33.3333,29.4118,29.4118,29.4118,31.25,27.7778,28.5714,45.4545,47.619,43.4783,45.4545,44.4444,44.4444,A,32.7554,0.9222,29.3058,1.1565,45.1492,1.4193,ScotishPremierLeague
SC0,21/11/2015,Hearts,Dundee,D,1.8,3.6,4.33,1.72,3.5,4.33,1.85,3.4,3.8,1.75,3.75,4.33,1.83,3.5,4.33,2015/16,€10.38m,€6.68m,1.8,3.8,4.5,55.5556,58.1395,54.6448,54.0541,55.5556,57.1429,27.7778,28.5714,28.5714,29.4118,26.3158,26.6667,23.0947,23.0947,23.0947,26.3158,22.2222,23.0947,H,55.8488,1.5339,27.8858,1.2026,23.4861,1.4295,ScotishPremierLeague
SC0,21/11/2015,Partick,Inverness C,H,2.25,3.4,3.1,2.15,3.1,3.2,2.3,3.2,2.8,2.25,3.1,3.3,2.4,3.2,3.0,2015/16,€6.10m,€6.08m,2.3,3.25,3.4,44.4444,46.5116,41.6667,43.4783,43.4783,44.4444,29.4118,32.2581,31.25,31.25,30.7692,32.2581,32.2581,31.25,33.3333,35.7143,29.4118,30.303,H,44.0039,1.5932,31.1995,1.0609,32.0451,2.2702,ScotishPremierLeague
SC0,21/11/2015,Ross County,Motherwell,H,1.83,3.75,4.0,1.78,3.6,3.9,1.85,3.4,3.8,1.85,3.6,4.0,1.91,3.5,4.0,2015/16,€7.75m,€7.18m,1.87,3.7,4.3,54.6448,56.1798,52.356,54.0541,53.4759,54.0541,26.6667,27.7778,28.5714,29.4118,27.027,27.7778,25.0,25.641,25.0,26.3158,23.2558,25.0,H,54.1274,1.2691,27.8721,1.0045,25.0354,1.0175,ScotishPremierLeague
SC0,22/11/2015,Hamilton,Aberdeen,D,3.75,3.4,2.0,3.5,3.4,1.91,3.7,3.3,1.9,3.6,3.4,2.05,4.0,3.4,1.95,2015/16,€6.68m,€12.33m,3.8,3.6,2.0,26.6667,28.5714,25.0,27.027,26.3158,27.7778,29.4118,29.4118,29.4118,30.303,27.7778,29.4118,50.0,52.356,51.2821,52.6316,50.0,48.7805,A,26.8931,1.2317,29.288,0.8212,50.8417,1.5071,ScotishPremierLeague
SC0,27/11/2015,St Johnstone,Dundee,D,1.8,3.5,4.0,1.87,3.4,3.7,1.9,3.3,3.7,1.95,3.5,3.8,1.91,3.5,4.0,2015/16,€9.38m,€6.68m,1.93,3.7,4.0,55.5556,53.4759,52.356,52.6316,51.8135,51.2821,28.5714,29.4118,28.5714,30.303,27.027,28.5714,25.0,27.027,25.0,27.027,25.0,26.3158,H,52.8524,1.519,28.7427,1.0876,25.895,1.0142,ScotishPremierLeague
SC0,28/11/2015,Aberdeen,Ross County,H,1.8,3.5,4.5,1.8,3.5,3.8,1.65,3.5,4.6,1.83,3.8,4.0,1.73,3.8,4.5,2015/16,€12.33m,€7.75m,1.83,3.8,4.4,55.5556,55.5556,57.8035,60.6061,54.6448,54.6448,28.5714,28.5714,26.3158,28.5714,26.3158,26.3158,22.2222,26.3158,22.2222,21.7391,22.7273,25.0,H,56.4684,2.3333,27.4436,1.2354,23.3711,1.8462,ScotishPremierLeague
SC0,28/11/2015,Dundee United,Hamilton,A,2.8,3.4,2.4,2.8,3.25,2.3,2.6,3.2,2.5,2.8,3.4,2.4,2.8,3.3,2.5,2015/16,€10.28m,€6.68m,2.88,3.5,2.5,35.7143,35.7143,35.7143,38.4615,34.7222,35.7143,29.4118,30.7692,30.303,31.25,28.5714,29.4118,41.6667,43.4783,40.0,40.0,40.0,41.6667,A,36.0068,1.2663,29.9529,0.9965,41.1353,1.4086,ScotishPremierLeague
SC0,28/11/2015,Kilmarnock,Partick,A,2.8,3.4,2.4,2.6,3.3,2.4,2.6,3.2,2.5,2.75,3.4,2.4,2.9,3.3,2.4,2015/16,€7.95m,€6.10m,2.8,3.5,2.5,35.7143,38.4615,34.4828,38.4615,35.7143,36.3636,29.4118,30.303,30.303,31.25,28.5714,29.4118,41.6667,41.6667,41.6667,40.0,40.0,41.6667,A,36.533,1.6131,29.8752,0.9365,41.1111,0.8607,ScotishPremierLeague
SC0,28/11/2015,Motherwell,Hearts,D,3.2,3.5,2.15,3.3,3.4,2.0,3.1,3.3,2.1,3.4,3.3,2.15,3.4,3.3,2.15,2015/16,€7.18m,€10.38m,3.3,3.5,2.2,31.25,30.303,29.4118,32.2581,30.303,29.4118,28.5714,29.4118,30.303,30.303,28.5714,30.303,46.5116,50.0,46.5116,47.619,45.4545,46.5116,A,30.4896,1.1044,29.5773,0.8522,47.1014,1.5764,ScotishPremierLeague
SC0,29/11/2015,Inverness C,Celtic,A,11.0,5.75,1.25,10.0,4.75,1.26,7.8,4.6,1.33,10.0,5.25,1.3,11.0,5.0,1.3,2015/16,€6.08m,€70.43m,11.5,5.75,1.29,9.0909,10.0,9.0909,12.8205,8.6957,10.0,17.3913,21.0526,20.0,21.7391,17.3913,19.0476,80.0,79.3651,76.9231,75.188,77.5194,76.9231,A,9.9497,1.5029,19.437,1.8302,77.6531,1.7663,ScotishPremierLeague
SC0,05/12/2015,Dundee,Aberdeen,A,3.8,3.3,2.0,3.7,3.4,1.87,3.7,3.3,1.9,3.6,3.4,2.0,4.0,3.3,1.95,2015/16,€6.68m,€12.33m,3.75,3.5,2.05,26.3158,27.027,25.0,27.027,26.6667,27.7778,30.303,29.4118,30.303,30.303,28.5714,29.4118,50.0,53.4759,51.2821,52.6316,48.7805,50.0,A,26.6357,0.937,29.7173,0.7112,51.0283,1.7773,ScotishPremierLeague
SC0,05/12/2015,Kilmarnock,Dundee United,D,2.5,3.4,2.7,2.4,3.3,2.6,2.5,3.2,2.6,2.5,3.5,2.6,2.5,3.4,2.7,2015/16,€7.95m,€10.28m,2.6,3.7,2.6,40.0,41.6667,40.0,40.0,38.4615,40.0,29.4118,30.303,29.4118,31.25,27.027,28.5714,37.037,38.4615,37.037,38.4615,38.4615,38.4615,H,40.0214,1.0141,29.3292,1.4509,37.9867,0.7356,ScotishPremierLeague
SC0,05/12/2015,Ross County,St Johnstone,A,2.2,3.3,3.25,2.15,3.2,3.1,2.1,3.3,3.1,2.25,3.4,3.0,2.3,3.2,3.1,2015/16,€7.75m,€9.38m,2.25,3.5,3.25,45.4545,46.5116,43.4783,47.619,44.4444,44.4444,30.303,31.25,31.25,30.303,28.5714,29.4118,30.7692,32.2581,32.2581,32.2581,30.7692,33.3333,H,45.3254,1.5263,30.1815,1.0486,31.941,0.9986,ScotishPremierLeague
SC0,12/12/2015,Aberdeen,Hearts,H,1.91,3.6,3.75,1.85,3.4,3.8,1.9,3.3,3.7,1.95,3.6,3.6,1.95,3.6,3.75,2015/16,€12.33m,€10.38m,1.95,3.6,3.9,52.356,54.0541,51.2821,52.6316,51.2821,51.2821,27.7778,29.4118,27.7778,30.303,27.7778,27.7778,26.6667,26.3158,26.6667,27.027,25.641,27.7778,H,52.148,1.1099,28.471,1.1103,26.6825,0.7125,ScotishPremierLeague
SC0,12/12/2015,Dundee United,Partick,A,2.4,3.6,2.7,2.35,3.25,2.75,2.4,3.2,2.7,2.5,3.3,2.75,2.5,3.3,2.8,2015/16,€10.28m,€6.10m,2.5,3.6,2.75,41.6667,42.5532,40.0,41.6667,40.0,40.0,27.7778,30.7692,30.303,31.25,27.7778,30.303,37.037,36.3636,35.7143,37.037,36.3636,36.3636,H,40.9811,1.1224,29.6968,1.5273,36.4798,0.4995,ScotishPremierLeague
SC0,12/12/2015,Hamilton,Ross County,A,2.38,3.4,2.88,2.35,3.4,2.6,2.5,3.2,2.6,2.5,3.3,2.8,2.5,3.3,2.8,2015/16,€6.68m,€7.75m,2.45,3.5,2.88,42.0168,42.5532,40.0,40.0,40.8163,40.0,29.4118,29.4118,30.303,31.25,28.5714,30.303,34.7222,38.4615,35.7143,38.4615,34.7222,35.7143,H,40.8977,1.1329,29.8752,0.9365,36.2993,1.7326,ScotishPremierLeague
SC0,12/12/2015,Inverness C,Kilmarnock,H,1.8,3.75,4.2,1.75,3.6,4.0,1.8,3.4,4.0,1.75,3.75,4.33,1.75,3.8,4.33,2015/16,€6.08m,€7.95m,1.8,3.8,4.6,55.5556,57.1429,57.1429,55.5556,55.5556,57.1429,26.6667,27.7778,26.3158,29.4118,26.3158,26.6667,23.8095,25.0,23.0947,25.0,21.7391,23.0947,H,56.3492,0.8694,27.1924,1.2131,23.623,1.2597,ScotishPremierLeague
SC0,12/12/2015,Motherwell,Dundee,H,2.4,3.5,2.75,2.3,3.4,2.7,2.4,3.2,2.7,2.5,3.3,2.75,2.5,3.3,2.8,2015/16,€7.18m,€6.68m,2.5,3.4,2.88,41.6667,43.4783,40.0,41.6667,40.0,40.0,28.5714,29.4118,30.303,31.25,29.4118,30.303,36.3636,37.037,35.7143,37.037,34.7222,36.3636,H,41.1353,1.4086,29.8752,0.9365,36.2063,0.8803,ScotishPremierLeague
SC0,13/12/2015,St Johnstone,Celtic,A,9.5,4.75,1.33,8.5,4.4,1.33,7.3,4.5,1.35,9.5,4.75,1.35,10.0,4.5,1.36,2015/16,€9.38m,€70.43m,9.0,5.2,1.36,10.5263,11.7647,10.0,13.6986,11.1111,10.5263,21.0526,22.7273,22.2222,22.2222,19.2308,21.0526,75.188,75.188,73.5294,74.0741,73.5294,74.0741,A,11.2712,1.3332,21.418,1.2695,74.2638,0.7562,ScotishPremierLeague
SC0,19/12/2015,Celtic,Motherwell,A,1.13,8.0,19.0,1.13,7.0,14.5,1.15,6.2,14.0,1.14,8.5,21.0,1.14,8.0,17.0,2015/16,€70.43m,€7.18m,1.13,10.0,21.0,88.4956,88.4956,87.7193,86.9565,88.4956,87.7193,12.5,14.2857,12.5,16.129,10.0,11.7647,5.2632,6.8966,5.8824,7.1429,4.7619,4.7619,H,87.9803,0.6294,12.8632,2.1146,5.7848,1.0445,ScotishPremierLeague
SC0,19/12/2015,Dundee,Hamilton,H,2.4,3.5,2.75,2.35,3.1,2.85,2.4,3.2,2.7,2.5,3.25,2.75,2.62,3.2,2.75,2015/16,€6.68m,€6.68m,2.55,3.4,2.8,41.6667,42.5532,38.1679,41.6667,39.2157,40.0,28.5714,32.2581,31.25,31.25,29.4118,30.7692,36.3636,35.0877,36.3636,37.037,35.7143,36.3636,H,40.545,1.689,30.5851,1.3527,36.155,0.6696,ScotishPremierLeague
SC0,19/12/2015,Inverness C,Dundee United,D,2.2,3.3,3.3,2.2,3.3,2.95,2.1,3.3,3.1,2.1,3.6,3.2,2.1,3.5,3.3,2015/16,€6.08m,€10.28m,2.2,3.5,3.3,45.4545,45.4545,47.619,47.619,45.4545,47.619,30.303,30.303,28.5714,30.303,28.5714,27.7778,30.303,33.8983,30.303,32.2581,30.303,31.25,H,46.5368,1.1855,29.3049,1.1311,31.3859,1.4567,ScotishPremierLeague
SC0,19/12/2015,Kilmarnock,Aberdeen,A,5.5,4.0,1.57,4.5,3.7,1.65,4.6,3.5,1.65,5.25,3.8,1.65,5.5,3.8,1.62,2015/16,€7.95m,€12.33m,5.25,4.0,1.67,18.1818,22.2222,18.1818,21.7391,19.0476,19.0476,25.0,27.027,26.3158,28.5714,25.0,26.3158,63.6943,60.6061,61.7284,60.6061,59.8802,60.6061,A,19.7367,1.7873,26.3717,1.3444,61.1869,1.3638,ScotishPremierLeague
SC0,19/12/2015,Partick,Ross County,H,2.7,3.25,2.6,2.45,3.2,2.65,2.6,3.0,2.6,2.75,3.2,2.6,2.7,3.1,2.7,2015/16,€6.10m,€7.75m,2.7,3.4,2.7,37.037,40.8163,37.037,38.4615,37.037,36.3636,30.7692,31.25,32.2581,33.3333,29.4118,31.25,38.4615,37.7358,37.037,38.4615,37.037,38.4615,A,37.7921,1.6337,31.3787,1.3317,37.8657,0.7008,ScotishPremierLeague
SC0,19/12/2015,St Johnstone,Hearts,D,2.4,3.5,2.75,2.4,3.2,2.7,2.4,3.2,2.7,2.5,3.3,2.75,2.7,3.1,2.7,2015/16,€9.38m,€10.38m,2.55,3.5,2.75,41.6667,41.6667,37.037,41.6667,39.2157,40.0,28.5714,31.25,32.2581,31.25,28.5714,30.303,36.3636,37.037,37.037,37.037,36.3636,36.3636,H,40.2088,1.869,30.3673,1.5224,36.7003,0.3688,ScotishPremierLeague
SC0,26/12/2015,Aberdeen,Inverness C,D,1.55,3.75,6.5,1.48,3.8,6.25,1.55,3.7,5.4,1.55,3.8,6.5,1.57,3.75,6.5,2015/16,€12.33m,€6.08m,1.57,4.0,7.0,64.5161,67.5676,63.6943,64.5161,63.6943,64.5161,26.6667,26.3158,26.6667,27.027,25.0,26.3158,15.3846,16.0,15.3846,18.5185,14.2857,15.3846,H,64.7508,1.4375,26.332,0.7045,15.8263,1.4309,ScotishPremierLeague
SC0,26/12/2015,Hamilton,Kilmarnock,A,1.8,3.75,4.2,1.72,3.6,4.2,1.8,3.4,4.0,1.75,3.6,4.33,1.83,3.4,4.5,2015/16,€6.68m,€7.95m,1.83,3.9,4.5,55.5556,58.1395,54.6448,55.5556,54.6448,57.1429,26.6667,27.7778,29.4118,29.4118,25.641,27.7778,23.8095,23.8095,22.2222,25.0,22.2222,23.0947,H,55.9472,1.4096,27.7811,1.4927,23.3597,1.0727,ScotishPremierLeague
SC0,26/12/2015,Ross County,Dundee,H,2.0,3.5,3.6,1.95,3.4,3.4,2.0,3.3,3.3,1.95,3.4,3.75,2.0,3.2,4.0,2015/16,€7.75m,€6.68m,2.05,3.6,3.9,50.0,51.2821,50.0,50.0,48.7805,51.2821,28.5714,29.4118,31.25,30.303,27.7778,29.4118,27.7778,29.4118,25.0,30.303,25.641,26.6667,H,50.2241,0.9459,29.4543,1.2279,27.4667,2.0968,ScotishPremierLeague
SC0,27/12/2015,Hearts,Celtic,D,5.75,4.2,1.53,5.0,4.1,1.53,4.6,3.5,1.65,5.5,4.2,1.55,6.0,3.75,1.6,2015/16,€10.38m,€70.43m,5.75,4.5,1.6,17.3913,20.0,16.6667,21.7391,17.3913,18.1818,23.8095,24.3902,26.6667,28.5714,22.2222,23.8095,65.3595,65.3595,62.5,60.6061,62.5,64.5161,A,18.5617,1.9308,24.9116,2.2982,63.4735,1.9141,ScotishPremierLeague
SC0,29/12/2015,Ross County,Kilmarnock,H,1.57,4.0,5.5,1.62,3.7,4.75,1.65,3.5,4.6,1.6,4.0,5.25,1.62,4.2,5.0,2015/16,€7.75m,€7.95m,1.6,4.3,5.5,63.6943,61.7284,61.7284,60.6061,62.5,62.5,25.0,27.027,23.8095,28.5714,23.2558,25.0,18.1818,21.0526,20.0,21.7391,18.1818,19.0476,H,62.1262,1.0359,25.444,2.007,19.7005,1.4908,ScotishPremierLeague
SC0,30/12/2015,Aberdeen,Partick,D,1.53,4.0,6.0,1.53,3.8,5.5,1.5,3.8,5.7,1.57,3.8,6.0,1.53,3.8,7.0,2015/16,€12.33m,€6.10m,1.57,4.1,6.25,65.3595,65.3595,65.3595,66.6667,63.6943,63.6943,25.0,26.3158,26.3158,26.3158,24.3902,26.3158,16.6667,18.1818,14.2857,17.5439,16.0,16.6667,H,65.0223,1.1465,25.7756,0.8589,16.5575,1.3496,ScotishPremierLeague
SC0,30/12/2015,Hamilton,Inverness C,A,2.15,3.4,3.3,2.25,3.25,2.85,2.3,3.2,2.8,2.25,3.25,3.25,2.3,3.3,3.1,2015/16,€6.68m,€6.08m,2.25,3.5,3.3,46.5116,44.4444,43.4783,43.4783,44.4444,44.4444,29.4118,30.7692,30.303,31.25,28.5714,30.7692,30.303,35.0877,32.2581,35.7143,30.303,30.7692,H,44.4669,1.1079,30.1791,1.0032,32.4059,2.4365,ScotishPremierLeague
SC0,30/12/2015,Hearts,Dundee United,H,1.75,4.0,4.2,1.7,3.5,4.5,1.6,3.6,5.0,1.83,3.6,4.2,1.83,3.6,4.2,2015/16,€10.38m,€10.28m,1.8,3.9,4.4,57.1429,58.8235,54.6448,62.5,55.5556,54.6448,25.0,28.5714,27.7778,27.7778,25.641,27.7778,23.8095,22.2222,23.8095,20.0,22.7273,23.8095,H,57.2186,3.0492,27.091,1.42,22.7297,1.4971,ScotishPremierLeague
SC0,30/12/2015,Motherwell,St Johnstone,H,2.9,3.4,2.38,2.6,3.25,2.45,2.7,3.2,2.4,2.88,3.25,2.4,2.9,3.25,2.4,2015/16,€7.18m,€9.38m,2.88,3.4,2.5,34.4828,38.4615,34.4828,37.037,34.7222,34.7222,29.4118,30.7692,30.7692,31.25,29.4118,30.7692,42.0168,40.8163,41.6667,41.6667,40.0,41.6667,A,35.6514,1.6897,30.3969,0.7854,41.3055,0.7538,ScotishPremierLeague
SC0,02/01/2016,Celtic,Partick,H,1.22,6.5,11.0,1.2,5.75,10.5,1.25,5.0,10.0,1.22,6.0,12.0,1.22,6.5,12.0,2015/16,€70.43m,€6.10m,1.25,6.5,12.0,81.9672,83.3333,81.9672,80.0,80.0,81.9672,15.3846,17.3913,15.3846,20.0,15.3846,16.6667,9.0909,9.5238,8.3333,10.0,8.3333,8.3333,H,81.5391,1.3043,16.702,1.8199,8.9358,0.7199,ScotishPremierLeague
SC0,02/01/2016,Dundee,Dundee United,H,2.2,3.4,3.2,2.2,3.25,2.95,2.1,3.3,3.1,2.25,3.3,3.1,2.3,3.2,3.2,2015/16,€6.68m,€10.28m,2.3,3.5,3.13,45.4545,45.4545,43.4783,47.619,43.4783,44.4444,29.4118,30.7692,31.25,30.303,28.5714,30.303,31.25,33.8983,31.25,32.2581,31.9489,32.2581,H,44.9882,1.5628,30.1014,0.9657,32.1439,0.9737,ScotishPremierLeague
SC0,02/01/2016,Inverness C,Ross County,H,2.63,3.6,2.45,2.45,3.4,2.5,2.3,3.2,2.8,2.75,3.25,2.5,2.7,3.3,2.6,2015/16,€6.08m,€7.75m,2.75,3.5,2.55,38.0228,40.8163,37.037,43.4783,36.3636,36.3636,27.7778,29.4118,30.303,31.25,28.5714,30.7692,40.8163,40.0,38.4615,35.7143,39.2157,40.0,A,38.6803,2.8792,29.6805,1.3386,39.0346,1.8124,ScotishPremierLeague
SC0,02/01/2016,Kilmarnock,Hearts,D,4.5,3.8,1.73,4.1,3.5,1.75,3.8,3.4,1.85,4.75,3.8,1.7,4.4,3.6,1.8,2015/16,€7.95m,€10.38m,4.6,3.9,1.78,22.2222,24.3902,22.7273,26.3158,21.7391,21.0526,26.3158,28.5714,27.7778,29.4118,25.641,26.3158,57.8035,57.1429,55.5556,54.0541,56.1798,58.8235,A,23.0745,1.9471,27.3389,1.4822,56.5932,1.6992,ScotishPremierLeague
SC0,02/01/2016,Motherwell,Hamilton,D,2.25,3.5,3.0,2.15,3.4,2.9,2.1,3.3,3.1,2.3,3.3,3.0,2.3,3.4,3.0,2015/16,€7.18m,€6.68m,2.3,3.5,3.13,44.4444,46.5116,43.4783,47.619,43.4783,43.4783,28.5714,29.4118,29.4118,30.303,28.5714,30.303,33.3333,34.4828,33.3333,32.2581,31.9489,33.3333,H,44.835,1.802,29.4287,0.7745,33.115,0.9064,ScotishPremierLeague
SC0,15/01/2016,Dundee United,Celtic,A,9.5,5.25,1.3,9.0,5.0,1.26,7.3,4.5,1.35,8.5,5.0,1.33,11.0,4.8,1.3,2015/16,€10.28m,€70.43m,10.0,5.75,1.3,10.5263,11.1111,9.0909,13.6986,10.0,11.7647,19.0476,20.0,20.8333,22.2222,17.3913,20.0,76.9231,79.3651,76.9231,74.0741,76.9231,75.188,A,11.0319,1.5964,19.9157,1.6311,76.5661,1.807,ScotishPremierLeague
SC0,16/01/2016,Hearts,Motherwell,H,1.73,3.6,4.75,1.75,3.5,4.2,1.7,3.5,4.4,1.8,3.6,4.33,1.75,3.5,4.8,2015/16,€10.38m,€7.18m,1.8,3.8,4.5,57.8035,57.1429,57.1429,58.8235,55.5556,55.5556,27.7778,28.5714,28.5714,28.5714,26.3158,27.7778,21.0526,23.8095,20.8333,22.7273,22.2222,23.0947,H,57.004,1.2794,27.9309,0.8816,22.2899,1.1667,ScotishPremierLeague
SC0,16/01/2016,Kilmarnock,Inverness C,H,3.4,3.25,2.15,3.4,3.25,2.0,3.1,3.3,2.1,3.3,3.4,2.15,3.3,3.1,2.3,2015/16,€7.95m,€6.08m,3.25,3.6,2.2,29.4118,29.4118,30.303,32.2581,30.7692,30.303,30.7692,30.7692,32.2581,30.303,27.7778,29.4118,46.5116,50.0,43.4783,47.619,45.4545,46.5116,A,30.4095,1.0545,30.2148,1.5087,46.5958,2.1758,ScotishPremierLeague
SC0,16/01/2016,Partick,Dundee,A,2.05,3.3,3.6,1.95,3.2,3.6,1.9,3.3,3.7,2.05,3.3,3.6,2.2,3.1,3.5,2015/16,€6.10m,€6.68m,2.05,3.5,3.75,48.7805,51.2821,45.4545,52.6316,48.7805,48.7805,30.303,31.25,32.2581,30.303,28.5714,30.303,27.7778,27.7778,28.5714,27.027,26.6667,27.7778,H,49.285,2.4749,30.4981,1.2239,27.5998,0.669,ScotishPremierLeague
SC0,16/01/2016,St Johnstone,Hamilton,D,1.91,3.6,3.8,1.91,3.25,3.75,1.9,3.3,3.7,1.95,3.4,3.8,1.95,3.5,3.8,2015/16,€9.38m,€6.68m,1.95,3.7,3.9,52.356,52.356,51.2821,52.6316,51.2821,51.2821,27.7778,30.7692,28.5714,30.303,27.027,29.4118,26.3158,26.6667,26.3158,27.027,25.641,26.3158,H,51.865,0.6464,28.9767,1.4536,26.3803,0.4603,ScotishPremierLeague
SC0,17/01/2016,Ross County,Aberdeen,A,3.5,3.3,2.1,3.1,3.1,2.2,3.0,3.2,2.2,3.3,3.3,2.15,3.3,3.1,2.3,2015/16,€7.75m,€12.33m,3.3,3.5,2.2,28.5714,32.2581,30.303,33.3333,30.303,30.303,30.303,32.2581,32.2581,31.25,28.5714,30.303,47.619,45.4545,43.4783,45.4545,45.4545,46.5116,A,30.8453,1.6875,30.8239,1.408,45.6621,1.3747,ScotishPremierLeague
SC0,19/01/2016,Celtic,Hamilton,H,1.17,7.5,13.0,1.15,7.0,11.0,1.15,6.2,14.0,1.2,7.0,13.0,1.17,7.0,15.0,2015/16,€70.43m,€6.68m,1.14,8.5,19.0,85.4701,86.9565,85.4701,86.9565,87.7193,83.3333,13.3333,14.2857,14.2857,16.129,11.7647,14.2857,7.6923,9.0909,6.6667,7.1429,5.2632,7.6923,H,85.9843,1.5784,14.014,1.4295,7.2581,1.2711,ScotishPremierLeague
SC0,22/01/2016,Aberdeen,Dundee,H,1.53,4.0,6.5,1.5,3.9,5.5,1.5,3.8,5.7,1.57,4.0,6.0,1.5,4.2,6.5,2015/16,€12.33m,€6.68m,1.57,4.2,6.0,65.3595,66.6667,66.6667,66.6667,63.6943,63.6943,25.0,25.641,23.8095,26.3158,23.8095,25.0,15.3846,18.1818,15.3846,17.5439,16.6667,16.6667,H,65.458,1.457,24.9293,0.9947,16.638,1.1267,ScotishPremierLeague
SC0,23/01/2016,Celtic,St Johnstone,H,1.18,7.0,13.0,1.22,5.5,10.5,1.22,5.3,11.0,1.2,6.5,15.0,1.25,5.5,13.0,2015/16,€70.43m,€9.38m,1.2,7.0,15.0,84.7458,81.9672,80.0,81.9672,83.3333,83.3333,14.2857,18.1818,18.1818,18.8679,14.2857,15.3846,7.6923,9.5238,7.6923,9.0909,6.6667,6.6667,H,82.5578,1.6267,16.5313,2.1123,7.8888,1.1985,ScotishPremierLeague
SC0,23/01/2016,Dundee United,Kilmarnock,H,2.0,3.6,3.5,1.91,3.4,3.5,2.1,3.3,3.1,2.05,3.6,3.3,2.1,3.2,3.75,2015/16,€10.28m,€7.95m,2.05,3.9,3.4,50.0,52.356,47.619,47.619,48.7805,48.7805,27.7778,29.4118,31.25,30.303,25.641,27.7778,28.5714,28.5714,26.6667,32.2581,29.4118,30.303,H,49.1925,1.7861,28.6936,2.0316,29.2971,1.8849,ScotishPremierLeague
SC0,23/01/2016,Inverness C,Partick,D,2.38,3.3,2.9,2.3,3.1,2.95,2.3,3.2,2.8,2.5,3.1,2.9,2.4,3.1,3.1,2015/16,€6.08m,€6.10m,2.45,3.3,3.0,42.0168,43.4783,41.6667,43.4783,40.8163,40.0,30.303,32.2581,32.2581,31.25,30.303,32.2581,34.4828,33.8983,32.2581,35.7143,33.3333,34.4828,H,41.9094,1.4024,31.4384,0.9622,34.0283,1.1738,ScotishPremierLeague
SC0,23/01/2016,Motherwell,Ross County,A,2.75,3.4,2.45,2.85,3.3,2.25,2.7,3.2,2.4,2.75,3.4,2.4,2.9,3.2,2.5,2015/16,€7.18m,€7.75m,2.8,3.6,2.45,36.3636,35.0877,34.4828,37.037,35.7143,36.3636,29.4118,30.303,31.25,31.25,27.7778,29.4118,40.8163,44.4444,40.0,41.6667,40.8163,41.6667,A,35.8415,0.9386,29.9007,1.3257,41.5684,1.5416,ScotishPremierLeague
SC0,24/01/2016,Hamilton,Hearts,D,3.5,3.6,2.0,3.3,3.4,2.0,3.1,3.3,2.1,3.5,3.5,2.0,3.75,3.3,2.05,2015/16,€6.68m,€10.38m,3.6,3.6,2.05,28.5714,30.303,26.6667,32.2581,27.7778,28.5714,27.7778,29.4118,30.303,30.303,27.7778,28.5714,50.0,50.0,48.7805,47.619,48.7805,50.0,A,29.0247,1.9806,29.0241,1.1604,49.1967,0.9769,ScotishPremierLeague
SC0,30/01/2016,Dundee,Motherwell,D,2.3,3.4,3.0,2.15,3.3,3.0,2.3,3.2,2.8,2.38,3.4,2.88,2.4,3.2,3.0,2015/16,€6.68m,€7.18m,2.38,3.6,2.9,43.4783,46.5116,41.6667,43.4783,42.0168,42.0168,29.4118,30.303,31.25,31.25,27.7778,29.4118,33.3333,33.3333,33.3333,35.7143,34.4828,34.7222,H,43.1948,1.804,29.9007,1.3257,34.1532,0.9885,ScotishPremierLeague
SC0,30/01/2016,Kilmarnock,Hamilton,A,2.7,3.4,2.5,2.55,3.2,2.55,2.6,3.0,2.6,2.7,3.4,2.5,2.5,3.25,2.62,2015/16,€7.95m,€6.68m,2.7,3.5,2.6,37.037,39.2157,40.0,38.4615,37.037,37.037,29.4118,31.25,30.7692,33.3333,28.5714,29.4118,40.0,39.2157,38.1679,38.4615,38.4615,40.0,A,38.1314,1.2938,30.4579,1.717,39.0511,0.8128,ScotishPremierLeague
SC0,02/02/2016,Partick,Motherwell,H,2.05,3.4,3.6,2.05,3.1,3.4,2.1,3.3,3.1,2.05,3.4,3.5,2.1,3.3,3.5,2015/16,€6.10m,€7.18m,2.1,3.5,3.6,48.7805,48.7805,47.619,47.619,47.619,48.7805,29.4118,32.2581,30.303,30.303,28.5714,29.4118,27.7778,29.4118,28.5714,32.2581,27.7778,28.5714,H,48.1998,0.6362,30.0432,1.2653,29.0614,1.6803,ScotishPremierLeague
SC0,03/02/2016,Aberdeen,Celtic,H,4.5,3.75,1.75,4.0,3.4,1.8,4.3,3.4,1.75,4.33,3.75,1.75,4.33,3.6,1.8,2015/16,€12.33m,€70.43m,4.6,3.8,1.8,22.2222,25.0,23.0947,23.2558,21.7391,23.0947,26.6667,29.4118,27.7778,29.4118,26.3158,26.6667,57.1429,55.5556,55.5556,57.1429,55.5556,57.1429,A,23.0678,1.1181,27.7084,1.4084,56.3492,0.8694,ScotishPremierLeague
SC0,06/02/2016,St Johnstone,Aberdeen,A,3.6,3.6,2.0,3.25,3.25,2.05,3.3,3.3,2.0,3.6,3.4,2.0,3.5,3.4,2.1,2015/16,€9.38m,€12.33m,3.6,3.6,2.05,27.7778,30.7692,28.5714,30.303,27.7778,27.7778,27.7778,30.7692,29.4118,30.303,27.7778,29.4118,50.0,48.7805,47.619,50.0,48.7805,50.0,A,28.8295,1.3652,29.2419,1.2493,49.1967,0.9769,ScotishPremierLeague
SC0,10/02/2016,Ross County,Hearts,A,2.2,3.5,3.1,2.25,3.25,2.9,2.5,3.2,2.6,2.25,3.4,3.1,2.3,3.3,3.1,2015/16,€7.75m,€10.38m,2.25,3.6,3.13,45.4545,44.4444,43.4783,40.0,44.4444,44.4444,28.5714,30.7692,30.303,31.25,27.7778,29.4118,32.2581,34.4828,32.2581,38.4615,31.9489,32.2581,H,43.711,1.9225,29.6805,1.3386,33.6113,2.5511,ScotishPremierLeague
SC0,12/02/2016,Dundee,St Johnstone,H,2.5,3.4,2.7,2.5,3.25,2.75,2.55,3.2,2.55,2.5,3.25,2.75,2.6,3.2,2.75,2015/16,€6.68m,€9.38m,2.6,3.4,2.75,40.0,40.0,38.4615,39.2157,38.4615,40.0,29.4118,30.7692,31.25,31.25,29.4118,30.7692,37.037,36.3636,36.3636,39.2157,36.3636,36.3636,H,39.3564,0.7569,30.477,0.8527,36.9512,1.1416,ScotishPremierLeague
SC0,13/02/2016,Celtic,Ross County,H,1.22,6.0,13.0,1.22,5.75,9.0,1.25,5.0,10.0,1.25,5.75,12.0,1.29,5.0,12.0,2015/16,€70.43m,€7.75m,1.25,6.25,11.5,81.9672,81.9672,77.5194,80.0,80.0,80.0,16.6667,17.3913,20.0,20.0,16.0,17.3913,7.6923,11.1111,8.3333,10.0,8.6957,8.3333,H,80.2423,1.6457,17.9082,1.7011,9.0276,1.2762,ScotishPremierLeague
SC0,13/02/2016,Hamilton,Dundee United,D,2.8,3.5,2.38,2.65,3.4,2.35,2.7,3.2,2.4,2.8,3.4,2.4,2.8,3.3,2.5,2015/16,€6.68m,€10.28m,2.88,3.5,2.45,35.7143,37.7358,35.7143,37.037,34.7222,35.7143,28.5714,29.4118,30.303,31.25,28.5714,29.4118,42.0168,42.5532,40.0,41.6667,40.8163,41.6667,A,36.1063,1.0861,29.5866,1.0395,41.4533,0.9095,ScotishPremierLeague
SC0,13/02/2016,Motherwell,Kilmarnock,A,1.8,3.6,4.33,1.75,3.4,4.2,1.8,3.4,4.0,1.83,3.6,4.2,1.83,3.5,4.33,2015/16,€7.18m,€7.95m,1.83,3.8,4.3,55.5556,57.1429,54.6448,55.5556,54.6448,54.6448,27.7778,29.4118,28.5714,29.4118,26.3158,27.7778,23.0947,23.8095,23.0947,25.0,23.2558,23.8095,H,55.3647,0.9787,28.2111,1.1816,23.6774,0.7268,ScotishPremierLeague
SC0,15/02/2016,Inverness C,Aberdeen,H,4.0,3.4,1.91,3.75,3.3,1.9,3.7,3.3,1.9,4.0,3.4,1.91,4.0,3.4,1.91,2015/16,€6.08m,€12.33m,4.2,3.5,1.93,25.0,26.6667,25.0,27.027,23.8095,25.0,29.4118,30.303,29.4118,30.303,28.5714,29.4118,52.356,52.6316,52.356,52.6316,51.8135,52.356,A,25.4172,1.205,29.5688,0.6553,52.3574,0.2987,ScotishPremierLeague
SC0,16/02/2016,Dundee United,Motherwell,A,2.0,3.5,3.6,2.0,3.4,3.25,2.0,3.3,3.3,2.0,3.6,3.5,2.05,3.5,3.5,2015/16,€10.28m,€7.18m,2.0,3.75,3.7,50.0,50.0,48.7805,50.0,50.0,50.0,28.5714,29.4118,28.5714,30.303,26.6667,27.7778,27.7778,30.7692,28.5714,30.303,27.027,28.5714,H,49.7968,0.4979,28.5504,1.2617,28.8366,1.4437,ScotishPremierLeague
SC0,20/02/2016,Celtic,Inverness C,H,1.17,7.0,15.0,1.16,6.0,14.0,1.17,5.8,13.0,1.18,6.5,17.0,1.22,6.0,13.0,2015/16,€70.43m,€6.08m,1.2,7.0,17.0,85.4701,86.2069,81.9672,85.4701,83.3333,84.7458,14.2857,16.6667,16.6667,17.2414,14.2857,15.3846,6.6667,7.1429,7.6923,7.6923,5.8824,5.8824,H,84.5322,1.5891,15.7551,1.2905,6.8265,0.8255,ScotishPremierLeague
SC0,20/02/2016,Dundee United,Hearts,H,3.25,3.25,2.25,2.8,3.25,2.3,2.7,3.2,2.4,3.0,3.4,2.25,3.2,3.3,2.25,2015/16,€10.28m,€10.38m,3.13,3.5,2.3,30.7692,35.7143,31.25,37.037,31.9489,33.3333,30.7692,30.7692,30.303,31.25,28.5714,29.4118,44.4444,43.4783,44.4444,41.6667,43.4783,44.4444,A,33.3421,2.5384,30.1791,1.0032,43.6594,1.0849,ScotishPremierLeague
SC0,20/02/2016,Kilmarnock,Dundee,D,3.0,3.25,2.38,2.85,3.1,2.35,2.7,3.2,2.4,3.0,3.4,2.3,3.1,3.1,2.4,2015/16,€7.95m,€6.68m,2.9,3.6,2.38,33.3333,35.0877,32.2581,37.037,34.4828,33.3333,30.7692,32.2581,32.2581,31.25,27.7778,29.4118,42.0168,42.5532,41.6667,41.6667,42.0168,43.4783,A,34.2554,1.6835,30.6208,1.7506,42.2331,0.6911,ScotishPremierLeague
SC0,20/02/2016,Ross County,Hamilton,H,1.83,3.5,4.33,1.83,3.4,3.9,1.8,3.4,4.0,1.83,3.6,4.2,1.83,3.6,4.2,2015/16,€7.75m,€6.68m,1.87,3.8,4.1,54.6448,54.6448,54.6448,55.5556,53.4759,54.6448,28.5714,29.4118,27.7778,29.4118,26.3158,27.7778,23.0947,25.641,23.8095,25.0,24.3902,23.8095,H,54.6018,0.661,28.2111,1.1816,24.2908,0.9198,ScotishPremierLeague
SC0,20/02/2016,St Johnstone,Motherwell,H,2.0,3.4,3.8,2.0,3.25,3.4,1.9,3.3,3.7,2.05,3.4,3.5,2.0,3.6,3.5,2015/16,€9.38m,€7.18m,2.05,3.6,3.6,50.0,50.0,50.0,52.6316,48.7805,48.7805,29.4118,30.7692,27.7778,30.303,27.7778,29.4118,26.3158,29.4118,28.5714,27.027,27.7778,28.5714,H,50.0321,1.4067,29.2419,1.2493,27.9459,1.1368,ScotishPremierLeague
SC0,23/02/2016,Partick,St Johnstone,H,2.25,3.25,3.2,2.2,3.2,3.0,2.2,3.2,3.0,2.3,3.1,3.3,2.3,3.2,3.2,2015/16,€6.10m,€9.38m,2.3,3.3,3.3,44.4444,45.4545,43.4783,45.4545,43.4783,43.4783,30.7692,31.25,31.25,31.25,30.303,32.2581,31.25,33.3333,31.25,33.3333,30.303,30.303,H,44.298,0.9708,31.1801,0.6504,31.6288,1.3866,ScotishPremierLeague
SC0,26/02/2016,Hamilton,Celtic,D,13.0,6.0,1.22,9.75,6.0,1.2,11.0,5.3,1.22,13.0,6.0,1.22,13.0,6.0,1.22,2015/16,€6.68m,€70.43m,13.0,6.5,1.22,7.6923,10.2564,7.6923,9.0909,7.6923,7.6923,16.6667,16.6667,16.6667,18.8679,15.3846,16.6667,81.9672,83.3333,81.9672,81.9672,81.9672,81.9672,A,8.3528,1.0875,16.8199,1.1268,82.1949,0.5577,ScotishPremierLeague
SC0,27/02/2016,Aberdeen,St Johnstone,D,1.57,3.8,6.0,1.57,3.7,5.25,1.55,3.7,5.4,1.55,3.8,6.0,1.6,3.75,6.0,2015/16,€12.33m,€9.38m,1.55,4.2,6.5,63.6943,63.6943,62.5,64.5161,64.5161,64.5161,26.3158,27.027,26.6667,27.027,23.8095,26.3158,16.6667,19.0476,16.6667,18.5185,15.3846,16.6667,H,63.9062,0.7979,26.1936,1.2105,17.1585,1.3631,ScotishPremierLeague
SC0,27/02/2016,Dundee,Inverness C,D,2.5,3.25,2.8,2.45,3.3,2.55,2.4,3.2,2.7,2.5,3.2,2.88,2.6,3.2,2.75,2015/16,€6.68m,€6.08m,2.55,3.3,2.9,40.0,40.8163,38.4615,41.6667,39.2157,40.0,30.7692,30.303,31.25,31.25,30.303,31.25,35.7143,39.2157,36.3636,37.037,34.4828,34.7222,H,40.0267,1.1333,30.8542,0.4658,36.2559,1.7419,ScotishPremierLeague
SC0,27/02/2016,Hearts,Kilmarnock,H,1.57,4.0,5.75,1.53,3.9,5.25,1.55,3.7,5.4,1.55,4.0,6.0,1.6,4.0,5.5,2015/16,€10.38m,€7.95m,1.57,4.3,5.75,63.6943,65.3595,62.5,64.5161,63.6943,64.5161,25.0,25.641,25.0,27.027,23.2558,25.0,17.3913,19.0476,18.1818,18.5185,17.3913,16.6667,H,64.0467,0.9803,25.154,1.2182,17.8662,0.873,ScotishPremierLeague
SC0,27/02/2016,Motherwell,Partick,H,2.63,3.2,2.7,2.35,3.25,2.7,2.4,3.2,2.7,2.62,3.1,2.75,2.5,3.2,2.88,2015/16,€7.18m,€6.10m,2.63,3.3,2.8,38.0228,42.5532,40.0,41.6667,38.0228,38.1679,31.25,30.7692,31.25,31.25,30.303,32.2581,37.037,37.037,34.7222,37.037,35.7143,36.3636,H,39.7389,2.0031,31.1801,0.6504,36.3185,0.9449,ScotishPremierLeague
SC0,27/02/2016,Ross County,Dundee United,A,1.95,3.5,3.8,2.0,3.3,3.4,2.0,3.3,3.3,1.95,3.5,3.6,2.0,3.6,3.6,2015/16,€7.75m,€10.28m,2.0,3.8,3.6,51.2821,50.0,50.0,50.0,50.0,51.2821,28.5714,30.303,27.7778,30.303,26.3158,28.5714,26.3158,29.4118,27.7778,30.303,27.7778,27.7778,H,50.4274,0.6621,28.6404,1.5288,28.2273,1.4122,ScotishPremierLeague
SC0,01/03/2016,Hearts,Inverness C,H,1.91,3.5,4.0,1.87,3.5,3.6,1.8,3.4,4.0,1.91,3.4,4.2,1.91,3.5,4.0,2015/16,€10.38m,€6.08m,1.91,3.6,4.2,52.356,53.4759,52.356,55.5556,52.356,52.356,28.5714,28.5714,28.5714,29.4118,27.7778,29.4118,25.0,27.7778,25.0,25.0,23.8095,23.8095,H,53.0759,1.2948,28.7193,0.6182,25.0661,1.4508,ScotishPremierLeague
SC0,01/03/2016,Kilmarnock,Ross County,A,3.5,3.4,2.05,3.5,3.3,1.95,3.1,3.3,2.1,3.3,3.5,2.1,3.5,3.3,2.1,2015/16,€7.95m,€7.75m,3.4,3.6,2.15,28.5714,28.5714,28.5714,32.2581,29.4118,30.303,29.4118,30.303,30.303,30.303,27.7778,28.5714,48.7805,51.2821,47.619,47.619,46.5116,47.619,A,29.6145,1.4675,29.445,1.0726,48.2385,1.6547,ScotishPremierLeague
SC0,02/03/2016,Celtic,Dundee,D,1.17,7.0,15.0,1.16,6.5,12.0,1.17,5.8,13.0,1.17,7.0,19.0,1.17,7.0,17.0,2015/16,€70.43m,€6.68m,1.18,8.0,15.0,85.4701,86.2069,85.4701,85.4701,84.7458,85.4701,14.2857,15.3846,14.2857,17.2414,12.5,14.2857,6.6667,8.3333,5.8824,7.6923,6.6667,5.2632,H,85.4722,0.4621,14.6639,1.5668,6.7508,1.1289,ScotishPremierLeague
SC0,02/03/2016,Dundee United,Aberdeen,A,3.6,3.5,2.0,3.5,3.4,1.91,3.3,3.3,2.0,3.5,3.4,2.05,3.6,3.4,2.05,2015/16,€10.28m,€12.33m,3.7,3.5,2.05,27.7778,28.5714,27.7778,30.303,27.027,28.5714,28.5714,29.4118,29.4118,30.303,28.5714,29.4118,50.0,52.356,48.7805,50.0,48.7805,48.7805,A,28.3381,1.124,29.2802,0.6485,49.7829,1.395,ScotishPremierLeague
SC0,02/03/2016,St Johnstone,Partick,A,2.25,3.5,3.0,2.3,3.1,2.95,2.3,3.2,2.8,2.4,3.2,3.0,2.3,3.2,3.2,2015/16,€9.38m,€6.10m,2.4,3.3,3.1,44.4444,43.4783,43.4783,43.4783,41.6667,41.6667,28.5714,32.2581,31.25,31.25,30.303,31.25,33.3333,33.8983,31.25,35.7143,32.2581,33.3333,H,43.0354,1.1243,30.8138,1.2606,33.2979,1.5151,ScotishPremierLeague
SC0,05/03/2016,Hamilton,Motherwell,A,2.3,3.4,3.0,2.5,3.1,2.65,2.4,3.2,2.7,2.4,3.3,2.8,2.45,3.25,2.9,2015/16,€6.68m,€7.18m,2.5,3.4,2.9,43.4783,40.0,40.8163,41.6667,40.0,41.6667,29.4118,32.2581,30.7692,31.25,29.4118,30.303,33.3333,37.7358,34.4828,37.037,34.4828,35.7143,H,41.2713,1.3132,30.5673,1.1051,35.4643,1.6831,ScotishPremierLeague
SC0,05/03/2016,Hearts,Partick,H,1.83,3.6,4.2,1.67,3.4,4.75,1.75,3.4,4.3,1.85,3.4,4.2,1.83,3.4,4.5,2015/16,€10.38m,€6.10m,1.87,3.6,4.4,54.6448,59.8802,54.6448,57.1429,53.4759,54.0541,27.7778,29.4118,29.4118,29.4118,27.7778,29.4118,23.8095,21.0526,22.2222,23.2558,22.7273,23.8095,H,55.6405,2.4256,28.8671,0.8438,22.8128,1.0618,ScotishPremierLeague
SC0,08/03/2016,Partick,Aberdeen,A,3.4,3.25,2.15,3.4,3.1,2.05,3.7,3.3,1.9,3.4,3.2,2.2,3.3,3.0,2.2,2015/16,€6.10m,€12.33m,3.5,3.3,2.2,29.4118,29.4118,30.303,27.027,28.5714,29.4118,30.7692,32.2581,33.3333,30.303,30.303,31.25,46.5116,48.7805,45.4545,52.6316,45.4545,45.4545,A,29.0228,1.1207,31.3694,1.2079,47.3812,2.8781,ScotishPremierLeague
SC0,09/03/2016,St Johnstone,Inverness C,H,2.3,3.4,3.0,2.2,3.25,2.95,2.3,3.2,2.8,2.4,3.1,3.1,2.3,3.4,3.0,2015/16,€9.38m,€6.08m,2.4,3.3,3.13,43.4783,45.4545,43.4783,43.4783,41.6667,41.6667,29.4118,30.7692,29.4118,31.25,30.303,32.2581,33.3333,33.8983,33.3333,35.7143,31.9489,32.2581,H,43.2038,1.4154,30.5673,1.1051,33.4144,1.3432,ScotishPremierLeague
SC0,11/03/2016,Motherwell,Dundee United,H,2.3,3.4,3.0,2.4,3.2,2.7,2.4,3.2,2.7,2.3,3.4,2.9,2.4,3.4,2.8,2015/16,€7.18m,€10.28m,2.38,3.5,3.0,43.4783,41.6667,41.6667,41.6667,42.0168,43.4783,29.4118,31.25,29.4118,31.25,28.5714,29.4118,33.3333,37.037,35.7143,37.037,33.3333,34.4828,H,42.3289,0.9006,29.8845,1.1067,35.1563,1.7021,ScotishPremierLeague
SC0,12/03/2016,Aberdeen,Kilmarnock,H,1.36,4.75,8.5,1.3,4.75,8.25,1.37,4.3,7.2,1.36,4.75,9.0,1.36,4.5,10.0,2015/16,€12.33m,€7.95m,1.4,4.8,8.5,73.5294,76.9231,73.5294,72.9927,71.4286,73.5294,21.0526,21.0526,22.2222,23.2558,20.8333,21.0526,11.7647,12.1212,10.0,13.8889,11.7647,11.1111,H,73.6554,1.7957,21.5782,0.9605,11.7751,1.2791,ScotishPremierLeague
SC0,12/03/2016,Dundee,Hearts,A,3.0,3.25,2.38,2.7,3.1,2.45,2.7,3.2,2.4,2.9,3.2,2.4,2.88,3.2,2.5,2015/16,€6.68m,€10.38m,3.0,3.4,2.4,33.3333,37.037,34.7222,37.037,33.3333,34.4828,30.7692,32.2581,31.25,31.25,29.4118,31.25,42.0168,40.8163,40.0,41.6667,41.6667,41.6667,A,34.9909,1.6852,31.0315,0.9317,41.3055,0.7538,ScotishPremierLeague
SC0,12/03/2016,Inverness C,Hamilton,A,2.05,3.4,3.5,1.95,3.3,3.5,2.0,3.3,3.3,2.1,3.3,3.6,2.15,3.2,3.6,2015/16,€6.08m,€6.68m,2.15,3.4,3.6,48.7805,51.2821,46.5116,50.0,46.5116,47.619,29.4118,30.303,31.25,30.303,29.4118,30.303,28.5714,28.5714,27.7778,30.303,27.7778,27.7778,H,48.4508,1.9359,30.1638,0.6883,28.4632,0.9816,ScotishPremierLeague
SC0,12/03/2016,Partick,Celtic,A,7.5,5.0,1.36,6.75,4.75,1.35,7.0,4.1,1.4,8.0,4.75,1.4,8.0,4.5,1.4,2015/16,€6.10m,€70.43m,8.0,5.0,1.4,13.3333,14.8148,12.5,14.2857,12.5,12.5,20.0,21.0526,22.2222,24.3902,20.0,21.0526,73.5294,74.0741,71.4286,71.4286,71.4286,71.4286,A,13.3223,1.0183,21.4529,1.659,72.2197,1.2375,ScotishPremierLeague
SC0,16/03/2016,St Johnstone,Ross County,D,2.5,3.2,2.88,2.35,3.2,2.8,2.3,3.2,2.8,2.4,3.25,2.8,2.5,3.3,2.8,2015/16,€9.38m,€7.75m,2.5,3.4,2.88,40.0,42.5532,40.0,43.4783,40.0,41.6667,31.25,31.25,30.303,31.25,29.4118,30.7692,34.7222,35.7143,35.7143,35.7143,34.7222,35.7143,H,41.283,1.5178,30.7057,0.7388,35.3836,0.5123,ScotishPremierLeague
SC0,19/03/2016,Hamilton,Partick,A,2.63,3.3,2.63,2.55,3.1,2.6,2.5,3.2,2.6,2.7,3.0,2.75,2.8,2.9,2.8,2015/16,€6.68m,€6.10m,2.75,3.2,2.75,38.0228,39.2157,35.7143,40.0,36.3636,37.037,30.303,32.2581,34.4828,31.25,31.25,33.3333,38.0228,38.4615,35.7143,38.4615,36.3636,36.3636,No Consensus,37.7256,1.6647,32.1462,1.5418,37.2312,1.2215,ScotishPremierLeague
SC0,19/03/2016,Hearts,St Johnstone,A,1.8,3.5,4.5,1.85,3.3,3.9,1.9,3.3,3.7,1.8,3.5,4.5,1.85,3.4,4.5,2015/16,€10.38m,€9.38m,1.83,3.6,4.6,55.5556,54.0541,54.0541,52.6316,54.6448,55.5556,28.5714,30.303,29.4118,30.303,27.7778,28.5714,22.2222,25.641,22.2222,27.027,21.7391,22.2222,H,54.416,1.1042,29.1564,1.0276,23.5123,2.237,ScotishPremierLeague
SC0,19/03/2016,Kilmarnock,Celtic,A,13.0,6.5,1.2,11.5,5.5,1.2,11.0,5.3,1.22,12.0,6.0,1.22,15.0,5.0,1.25,2015/16,€7.95m,€70.43m,13.0,6.5,1.22,7.6923,8.6957,6.6667,9.0909,7.6923,8.3333,15.3846,18.1818,20.0,18.8679,15.3846,16.6667,83.3333,83.3333,80.0,81.9672,81.9672,81.9672,A,8.0285,0.8657,17.4143,1.9072,82.0947,1.2251,ScotishPremierLeague
SC0,19/03/2016,Motherwell,Aberdeen,H,5.0,3.75,1.67,4.75,3.5,1.65,4.6,3.5,1.65,5.0,3.8,1.67,5.0,3.75,1.7,2015/16,€7.18m,€12.33m,5.25,3.9,1.7,20.0,21.0526,20.0,21.7391,19.0476,20.0,26.6667,28.5714,26.6667,28.5714,25.641,26.3158,59.8802,60.6061,58.8235,60.6061,58.8235,59.8802,A,20.3065,0.9461,27.0722,1.2202,59.7699,0.8018,ScotishPremierLeague
SC0,19/03/2016,Ross County,Inverness C,A,2.1,3.4,3.4,2.0,3.2,3.5,2.0,3.3,3.3,2.05,3.3,3.6,2.15,3.25,3.5,2015/16,€7.75m,€6.08m,2.1,3.5,3.6,47.619,50.0,46.5116,50.0,47.619,48.7805,29.4118,31.25,30.7692,30.303,28.5714,30.303,29.4118,28.5714,28.5714,30.303,27.7778,27.7778,H,48.4217,1.4176,30.1014,0.9657,28.7355,0.9801,ScotishPremierLeague
SC0,20/03/2016,Dundee United,Dundee,D,2.38,3.4,2.88,2.3,3.2,2.85,2.55,3.2,2.55,2.4,3.3,2.9,2.4,3.1,3.1,2015/16,€10.28m,€6.68m,2.45,3.5,2.9,42.0168,43.4783,41.6667,39.2157,40.8163,41.6667,29.4118,31.25,32.2581,31.25,28.5714,30.303,34.7222,35.0877,32.2581,39.2157,34.4828,34.4828,H,41.4768,1.4084,30.5074,1.3534,35.0416,2.2759,ScotishPremierLeague
SC0,02/04/2016,Celtic,Hearts,H,1.25,6.0,10.0,1.22,5.5,10.0,1.22,5.3,11.0,1.29,5.5,11.0,1.3,5.0,11.0,2015/16,€70.43m,€10.38m,1.29,6.0,10.5,80.0,81.9672,76.9231,81.9672,77.5194,77.5194,16.6667,18.1818,20.0,18.8679,16.6667,18.1818,10.0,10.0,9.0909,9.0909,9.5238,9.0909,H,79.316,2.3112,18.0941,1.2901,9.4661,0.4463,ScotishPremierLeague
SC0,02/04/2016,Dundee,Ross County,H,2.3,3.4,3.0,2.3,3.2,2.85,2.3,3.2,2.8,2.3,3.4,2.9,2.38,3.4,2.9,2015/16,€6.68m,€7.75m,2.3,3.6,3.0,43.4783,43.4783,42.0168,43.4783,43.4783,43.4783,29.4118,31.25,29.4118,31.25,27.7778,29.4118,33.3333,35.0877,34.4828,35.7143,33.3333,34.4828,H,43.2347,0.5967,29.7522,1.3216,34.4057,0.9476,ScotishPremierLeague
SC0,02/04/2016,Inverness C,Motherwell,A,2.38,3.2,3.0,2.2,3.1,3.1,2.2,3.2,3.0,2.3,3.25,3.1,2.38,3.1,3.2,2015/16,€6.08m,€7.18m,2.38,3.4,3.1,42.0168,45.4545,42.0168,45.4545,42.0168,43.4783,31.25,32.2581,32.2581,31.25,29.4118,30.7692,33.3333,32.2581,31.25,33.3333,32.2581,32.2581,H,43.4063,1.6845,31.1995,1.0609,32.4485,0.7888,ScotishPremierLeague
SC0,02/04/2016,Partick,Kilmarnock,D,1.83,3.5,4.33,1.75,3.4,4.25,1.75,3.4,4.3,1.85,3.4,4.33,1.91,3.3,4.2,2015/16,€6.10m,€7.95m,1.87,3.6,4.4,54.6448,57.1429,52.356,57.1429,53.4759,54.0541,28.5714,29.4118,30.303,29.4118,27.7778,29.4118,23.0947,23.5294,23.8095,23.2558,22.7273,23.0947,H,54.8028,1.9639,29.1479,0.8663,23.2519,0.3775,ScotishPremierLeague
SC0,02/04/2016,St Johnstone,Dundee United,A,2.2,3.2,3.4,2.05,3.25,3.25,2.1,3.3,3.1,2.2,3.4,3.1,2.25,3.2,3.3,2015/16,€9.38m,€10.28m,2.25,3.6,3.13,45.4545,48.7805,44.4444,47.619,44.4444,45.4545,31.25,30.7692,31.25,30.303,27.7778,29.4118,29.4118,30.7692,30.303,32.2581,31.9489,32.2581,H,46.0329,1.7766,30.127,1.3413,31.1582,1.1813,ScotishPremierLeague
SC0,03/04/2016,Aberdeen,Hamilton,H,1.5,3.75,7.5,1.4,4.2,6.75,1.4,4.1,7.0,1.5,4.0,6.5,1.44,4.33,7.0,2015/16,€12.33m,€6.68m,1.5,4.4,6.5,66.6667,71.4286,69.4444,71.4286,66.6667,66.6667,26.6667,23.8095,23.0947,24.3902,22.7273,25.0,13.3333,14.8148,14.2857,14.2857,15.3846,15.3846,H,68.717,2.3599,24.2814,1.4328,14.5815,0.7845,ScotishPremierLeague
SC0,05/04/2016,Dundee,Celtic,D,7.5,5.0,1.36,7.0,4.75,1.34,7.3,4.5,1.35,7.5,4.75,1.4,7.5,5.0,1.36,2015/16,€6.68m,€70.43m,7.5,5.2,1.4,13.3333,14.2857,13.3333,13.6986,13.3333,13.3333,20.0,21.0526,20.0,22.2222,19.2308,21.0526,73.5294,74.6269,73.5294,74.0741,71.4286,71.4286,A,13.5529,0.3876,20.593,1.0617,73.1028,1.3591,ScotishPremierLeague
SC0,05/04/2016,Partick,Dundee United,H,2.4,3.25,2.9,2.15,3.2,3.1,2.1,3.3,3.1,2.4,3.25,2.9,2.3,3.3,3.1,2015/16,€6.10m,€10.28m,2.4,3.4,3.0,41.6667,46.5116,43.4783,47.619,41.6667,41.6667,30.7692,31.25,30.303,30.303,29.4118,30.7692,34.4828,32.2581,32.2581,32.2581,33.3333,34.4828,H,43.7682,2.6716,30.4677,0.6266,33.1789,1.0925,ScotishPremierLeague
SC0,08/04/2016,Hearts,Aberdeen,H,3.25,3.4,2.15,3.25,3.4,2.0,3.1,3.3,2.1,3.3,3.3,2.15,3.25,3.25,2.1,2015/16,€10.38m,€12.33m,3.3,3.4,2.15,30.7692,30.7692,30.7692,32.2581,30.303,30.303,29.4118,29.4118,30.7692,30.303,29.4118,30.303,46.5116,50.0,47.619,47.619,46.5116,46.5116,A,30.862,0.7211,29.9351,0.598,47.4621,1.3565,ScotishPremierLeague
SC0,09/04/2016,Dundee United,Inverness C,A,2.15,3.5,3.2,2.05,3.3,3.2,2.2,3.2,3.0,2.15,3.3,3.3,2.15,3.2,3.2,2015/16,€10.28m,€6.08m,2.2,3.5,3.3,46.5116,48.7805,46.5116,45.4545,45.4545,46.5116,28.5714,30.303,31.25,31.25,28.5714,30.303,31.25,31.25,31.25,33.3333,30.303,30.303,H,46.5374,1.2148,30.0415,1.2149,31.2816,1.107,ScotishPremierLeague
SC0,09/04/2016,Hamilton,Dundee,H,2.8,3.4,2.4,2.7,3.25,2.35,2.7,3.2,2.4,2.9,3.4,2.3,2.88,3.25,2.3,2015/16,€6.68m,€6.68m,2.9,3.5,2.4,35.7143,37.037,34.7222,37.037,34.4828,34.4828,29.4118,30.7692,30.7692,31.25,28.5714,29.4118,41.6667,42.5532,43.4783,41.6667,41.6667,43.4783,A,35.5794,1.2171,30.0306,1.0462,42.4183,0.89,ScotishPremierLeague
SC0,09/04/2016,Kilmarnock,St Johnstone,H,2.8,3.4,2.4,3.0,3.2,2.2,2.8,3.2,2.3,3.0,3.25,2.38,3.0,3.1,2.3,2015/16,€7.95m,€9.38m,3.0,3.4,2.45,35.7143,33.3333,33.3333,35.7143,33.3333,33.3333,29.4118,31.25,32.2581,31.25,29.4118,30.7692,41.6667,45.4545,43.4783,43.4783,40.8163,42.0168,A,34.127,1.2295,30.7252,1.1272,42.8185,1.6612,ScotishPremierLeague
SC0,09/04/2016,Motherwell,Celtic,A,8.0,4.75,1.36,7.25,4.75,1.33,7.3,4.5,1.35,7.5,4.75,1.4,7.5,4.8,1.33,2015/16,€7.18m,€70.43m,7.5,5.2,1.4,12.5,13.7931,13.3333,13.6986,13.3333,13.3333,21.0526,21.0526,20.8333,22.2222,19.2308,21.0526,73.5294,75.188,75.188,74.0741,71.4286,71.4286,A,13.3319,0.4559,20.9074,0.96,73.4728,1.7092,ScotishPremierLeague
SC0,09/04/2016,Ross County,Partick,H,2.15,3.5,3.2,2.2,3.25,3.0,2.2,3.2,3.0,2.15,3.4,3.25,2.25,3.2,3.0,2015/16,€7.75m,€6.10m,2.2,3.5,3.3,46.5116,45.4545,44.4444,45.4545,45.4545,46.5116,28.5714,30.7692,31.25,31.25,28.5714,29.4118,31.25,33.3333,33.3333,33.3333,30.303,30.7692,H,45.6385,0.7813,29.9706,1.2759,32.0537,1.4334,ScotishPremierLeague
SC0,12/04/2016,Inverness C,Hearts,D,2.55,3.4,2.63,2.6,3.0,2.6,2.65,3.3,2.4,2.62,3.25,2.62,2.6,3.2,2.75,2015/16,€6.08m,€10.38m,2.7,3.4,2.7,39.2157,38.4615,38.4615,37.7358,37.037,38.1679,29.4118,33.3333,31.25,30.303,29.4118,30.7692,38.0228,38.4615,36.3636,41.6667,37.037,38.1679,H,38.1799,0.7396,30.7465,1.4632,38.2866,1.833,ScotishPremierLeague
SC0,22/04/2016,St Johnstone,Aberdeen,H,4.33,3.4,1.85,4.5,3.5,1.85,3.3,3.3,2.0,4.0,3.4,1.85,4.0,3.5,1.91,2015/16,€9.38m,€12.33m,4.3,3.6,1.9,23.0947,22.2222,25.0,30.303,23.2558,25.0,29.4118,28.5714,28.5714,30.303,27.7778,29.4118,54.0541,54.0541,52.356,50.0,52.6316,54.0541,A,24.8126,2.9086,29.0079,0.8829,52.8583,1.5977,ScotishPremierLeague
SC0,23/04/2016,Motherwell,Hearts,H,3.0,3.25,2.38,2.8,3.2,2.35,2.7,3.2,2.4,3.0,3.3,2.3,3.1,3.1,2.4,2015/16,€7.18m,€10.38m,3.1,3.4,2.38,33.3333,35.7143,32.2581,37.037,32.2581,33.3333,30.7692,31.25,32.2581,31.25,29.4118,30.303,42.0168,42.5532,41.6667,41.6667,42.0168,43.4783,A,33.989,1.9554,30.8737,0.9668,42.2331,0.6911,ScotishPremierLeague
SC0,23/04/2016,Partick,Dundee,A,2.5,3.3,2.75,2.5,3.1,2.65,2.5,3.1,2.7,2.4,3.25,2.9,2.4,3.1,3.1,2015/16,€6.10m,€6.68m,2.5,3.4,2.9,40.0,40.0,41.6667,40.0,40.0,41.6667,30.303,32.2581,32.2581,32.2581,29.4118,30.7692,36.3636,37.7358,32.2581,37.037,34.4828,34.4828,H,40.5556,0.8607,31.2097,1.2285,35.3934,2.0307,ScotishPremierLeague
SC0,24/04/2016,Celtic,Ross County,D,1.18,7.0,13.0,1.18,6.0,11.5,1.2,5.5,12.0,1.22,6.5,12.0,1.22,6.0,13.0,2015/16,€70.43m,€7.75m,1.22,7.0,13.0,84.7458,84.7458,81.9672,83.3333,81.9672,81.9672,14.2857,16.6667,16.6667,18.1818,14.2857,15.3846,7.6923,8.6957,7.6923,8.3333,7.6923,8.3333,H,83.1211,1.3652,15.9119,1.5401,8.0732,0.4377,ScotishPremierLeague
SC0,24/04/2016,Dundee United,Hamilton,A,2.0,3.3,3.8,2.0,3.25,3.4,2.2,3.2,3.0,2.05,3.5,3.4,2.1,3.4,3.4,2015/16,€10.28m,€6.68m,2.1,3.6,3.5,50.0,50.0,47.619,45.4545,47.619,48.7805,30.303,30.7692,29.4118,31.25,27.7778,28.5714,26.3158,29.4118,29.4118,33.3333,28.5714,29.4118,H,48.2455,1.7331,29.6805,1.3386,29.4093,2.2658,ScotishPremierLeague
SC0,24/04/2016,Inverness C,Kilmarnock,H,2.0,3.5,3.6,1.91,3.25,3.7,2.0,3.3,3.3,2.0,3.3,3.8,2.1,3.4,3.4,2015/16,€6.08m,€7.95m,2.05,3.5,3.75,50.0,52.356,47.619,50.0,48.7805,50.0,28.5714,30.7692,29.4118,30.303,28.5714,30.303,27.7778,27.027,29.4118,30.303,26.6667,26.3158,H,49.7926,1.5779,29.655,0.9475,27.917,1.6041,ScotishPremierLeague
SC0,30/04/2016,Aberdeen,Motherwell,H,1.53,4.0,6.0,1.55,3.7,5.5,1.55,3.7,5.4,1.55,4.0,6.0,1.55,4.0,6.0,2015/16,€12.33m,€7.18m,1.55,4.3,6.25,65.3595,64.5161,64.5161,64.5161,64.5161,64.5161,25.0,27.027,25.0,27.027,23.2558,25.0,16.6667,18.1818,16.6667,18.5185,16.0,16.6667,H,64.6567,0.3443,25.385,1.4402,17.1167,0.9954,ScotishPremierLeague
SC0,30/04/2016,Hamilton,Kilmarnock,A,2.0,3.4,3.75,2.1,3.3,3.1,2.1,3.3,3.1,2.05,3.4,3.6,2.1,3.2,3.75,2015/16,€6.68m,€7.95m,2.1,3.6,3.6,50.0,47.619,47.619,47.619,47.619,48.7805,29.4118,30.303,31.25,30.303,27.7778,29.4118,26.6667,32.2581,26.6667,32.2581,27.7778,27.7778,H,48.2094,0.9926,29.7429,1.1815,28.9009,2.6475,ScotishPremierLeague
SC0,30/04/2016,Hearts,Celtic,A,5.25,4.2,1.57,5.5,4.0,1.5,5.0,3.6,1.6,5.0,4.0,1.62,5.0,4.2,1.62,2015/16,€10.38m,€70.43m,5.25,4.3,1.62,19.0476,18.1818,20.0,20.0,19.0476,20.0,23.8095,25.0,23.8095,27.7778,23.2558,25.0,63.6943,66.6667,61.7284,62.5,61.7284,61.7284,A,19.3795,0.7496,24.7754,1.6304,63.0077,1.9508,ScotishPremierLeague
SC0,30/04/2016,Partick,Inverness C,A,2.4,3.4,2.8,2.35,3.2,2.75,2.4,3.2,2.7,2.5,3.1,2.9,2.4,3.1,3.1,2015/16,€6.10m,€6.08m,2.55,3.3,2.9,41.6667,42.5532,41.6667,41.6667,39.2157,40.0,29.4118,31.25,32.2581,31.25,30.303,32.2581,35.7143,36.3636,32.2581,37.037,34.4828,34.4828,H,41.1282,1.2515,31.1218,1.1144,35.0564,1.706,ScotishPremierLeague
SC0,30/04/2016,Ross County,St Johnstone,A,2.15,3.5,3.2,2.25,3.25,2.9,2.3,3.2,2.8,2.2,3.4,3.1,2.3,3.1,3.3,2015/16,€7.75m,€9.38m,2.25,3.6,3.13,46.5116,44.4444,43.4783,43.4783,44.4444,45.4545,28.5714,30.7692,32.2581,31.25,27.7778,29.4118,31.25,34.4828,30.303,35.7143,31.9489,32.2581,H,44.6353,1.1783,30.0064,1.7075,32.6595,2.0426,ScotishPremierLeague
SC0,06/05/2016,Inverness C,Dundee United,A,1.67,3.75,5.0,1.65,3.6,4.6,1.7,3.5,4.4,1.7,3.75,4.75,1.7,3.8,4.8,2015/16,€6.08m,€10.28m,1.67,4.0,5.25,59.8802,60.6061,58.8235,58.8235,59.8802,58.8235,26.6667,27.7778,26.3158,28.5714,25.0,26.6667,20.0,21.7391,20.8333,22.7273,19.0476,21.0526,H,59.4728,0.7591,26.8331,1.2327,20.9,1.2894,ScotishPremierLeague
SC0,07/05/2016,Dundee,Hamilton,A,1.83,3.5,4.33,1.87,3.5,3.6,2.0,3.3,3.3,1.85,3.6,4.0,1.95,3.3,4.0,2015/16,€6.68m,€6.68m,1.9,3.75,4.0,54.6448,53.4759,51.2821,50.0,52.6316,54.0541,28.5714,28.5714,30.303,30.303,26.6667,27.7778,23.0947,27.7778,25.0,30.303,25.0,25.0,H,52.6814,1.7619,28.6989,1.4253,26.0292,2.5734,ScotishPremierLeague
SC0,07/05/2016,Hearts,Ross County,D,1.8,3.75,4.2,1.78,3.6,3.8,1.8,3.5,3.9,1.8,3.6,4.2,1.91,3.3,4.2,2015/16,€10.38m,€7.75m,1.83,3.75,4.4,55.5556,56.1798,52.356,55.5556,54.6448,55.5556,26.6667,27.7778,30.303,28.5714,26.6667,27.7778,23.8095,26.3158,23.8095,25.641,22.7273,23.8095,H,54.9746,1.3734,27.9606,1.362,24.3521,1.3447,ScotishPremierLeague
SC0,07/05/2016,Kilmarnock,Partick,A,2.4,3.4,2.8,2.3,3.2,2.85,2.3,3.2,2.8,2.4,3.25,2.9,2.6,3.1,2.8,2015/16,€7.95m,€6.10m,2.4,3.4,3.0,41.6667,43.4783,38.4615,43.4783,41.6667,41.6667,29.4118,31.25,32.2581,31.25,29.4118,30.7692,35.7143,35.0877,35.7143,35.7143,33.3333,34.4828,H,41.7364,1.8335,30.7252,1.1272,35.0078,0.9574,ScotishPremierLeague
SC0,07/05/2016,Motherwell,St Johnstone,A,2.5,3.4,2.7,2.4,3.1,2.75,2.4,3.2,2.7,2.5,3.25,2.75,2.7,3.1,2.7,2015/16,€7.18m,€9.38m,2.63,3.4,2.75,40.0,41.6667,37.037,41.6667,38.0228,40.0,29.4118,32.2581,32.2581,31.25,29.4118,30.7692,37.037,36.3636,37.037,37.037,36.3636,36.3636,H,39.7322,1.8875,30.8932,1.2851,36.7003,0.3688,ScotishPremierLeague
SC0,08/05/2016,Celtic,Aberdeen,H,1.44,4.5,6.5,1.48,4.1,5.5,1.45,3.9,6.5,1.5,4.33,6.5,1.53,4.0,6.0,2015/16,€70.43m,€12.33m,1.5,4.6,6.5,69.4444,67.5676,65.3595,68.9655,66.6667,66.6667,22.2222,24.3902,25.0,25.641,21.7391,23.0947,15.3846,18.1818,16.6667,15.3846,15.3846,15.3846,H,67.4451,1.5418,23.6812,1.5702,16.0645,1.1571,ScotishPremierLeague
SC0,10/05/2016,Dundee United,Partick,D,2.4,3.4,2.8,2.5,3.3,2.5,2.4,3.2,2.7,2.4,3.4,2.8,2.5,3.4,2.75,2015/16,€10.28m,€6.10m,2.4,3.6,2.9,41.6667,40.0,40.0,41.6667,41.6667,41.6667,29.4118,30.303,29.4118,31.25,27.7778,29.4118,35.7143,40.0,36.3636,37.037,34.4828,35.7143,H,41.1111,0.8607,29.5944,1.1527,36.552,1.8892,ScotishPremierLeague
SC0,11/05/2016,Dundee,Kilmarnock,D,2.05,3.5,3.4,2.05,3.25,3.3,2.1,3.3,3.1,2.1,3.5,3.3,2.05,3.5,3.5,2015/16,€6.68m,€7.95m,2.1,3.6,3.5,48.7805,48.7805,48.7805,47.619,47.619,47.619,28.5714,30.7692,28.5714,30.303,27.7778,28.5714,29.4118,30.303,28.5714,32.2581,28.5714,30.303,H,48.1997,0.6362,29.094,1.1679,29.9031,1.3895,ScotishPremierLeague
SC0,11/05/2016,Hamilton,Inverness C,A,2.8,3.3,2.5,2.6,3.2,2.5,2.5,3.3,2.5,2.8,3.3,2.4,2.8,3.3,2.5,2015/16,€6.68m,€6.08m,2.88,3.5,2.45,35.7143,38.4615,35.7143,40.0,34.7222,35.7143,30.303,31.25,30.303,30.303,28.5714,30.303,40.0,40.0,40.0,40.0,40.8163,41.6667,A,36.7211,2.0404,30.1722,0.8709,40.4138,0.6952,ScotishPremierLeague
SC0,11/05/2016,Ross County,Motherwell,A,2.2,3.5,3.1,2.2,3.5,2.8,2.2,3.2,3.0,2.2,3.5,3.1,2.25,3.4,3.1,2015/16,€7.75m,€7.18m,2.2,3.7,3.2,45.4545,45.4545,44.4444,45.4545,45.4545,45.4545,28.5714,28.5714,29.4118,31.25,27.027,28.5714,32.2581,35.7143,32.2581,33.3333,31.25,32.2581,H,45.2862,0.4124,28.9005,1.3868,32.8453,1.5523,ScotishPremierLeague
SC0,11/05/2016,St Johnstone,Celtic,H,7.0,4.33,1.44,6.5,4.4,1.4,5.0,3.9,1.55,6.5,4.5,1.44,6.0,4.4,1.5,2015/16,€9.38m,€70.43m,7.0,4.6,1.45,14.2857,15.3846,16.6667,20.0,14.2857,15.3846,23.0947,22.7273,22.7273,25.641,21.7391,22.2222,69.4444,71.4286,66.6667,64.5161,68.9655,69.4444,A,16.0012,2.1485,23.0253,1.3655,68.411,2.4398,ScotishPremierLeague
SC0,12/05/2016,Aberdeen,Hearts,A,1.95,3.5,3.75,1.9,3.4,3.6,2.0,3.3,3.3,1.95,3.6,3.6,2.05,3.6,3.4,2015/16,€12.33m,€10.38m,2.0,3.8,3.6,51.2821,52.6316,48.7805,50.0,50.0,51.2821,28.5714,29.4118,27.7778,30.303,26.3158,27.7778,26.6667,27.7778,29.4118,30.303,27.7778,27.7778,H,50.6627,1.3465,28.3596,1.3988,28.2858,1.3216,ScotishPremierLeague
SC0,14/05/2016,Inverness C,Dundee,H,2.05,3.6,3.4,2.0,3.4,3.25,2.0,3.4,3.2,2.05,3.5,3.5,2.1,3.3,3.5,2015/16,€6.08m,€6.68m,2.1,3.6,3.5,48.7805,50.0,47.619,50.0,47.619,48.7805,27.7778,29.4118,30.303,29.4118,27.7778,28.5714,29.4118,30.7692,28.5714,31.25,28.5714,28.5714,H,48.7998,1.0649,28.8756,1.0115,29.5242,1.2054,ScotishPremierLeague
SC0,14/05/2016,Kilmarnock,Dundee United,A,2.5,3.4,2.7,2.55,3.4,2.4,2.5,3.3,2.5,2.4,3.5,2.7,2.6,3.1,2.8,2015/16,€7.95m,€10.28m,2.5,3.6,2.7,40.0,39.2157,38.4615,40.0,40.0,41.6667,29.4118,29.4118,32.2581,30.303,27.7778,28.5714,37.037,41.6667,35.7143,40.0,37.037,37.037,H,39.8906,1.0666,29.6223,1.5496,38.082,2.2544,ScotishPremierLeague
SC0,14/05/2016,Partick,Hamilton,D,2.38,3.25,3.0,2.25,3.4,2.75,2.3,3.3,2.75,2.38,3.4,2.88,2.4,3.1,3.1,2015/16,€6.10m,€6.68m,2.4,3.5,3.0,42.0168,44.4444,41.6667,43.4783,41.6667,42.0168,30.7692,29.4118,32.2581,30.303,28.5714,29.4118,33.3333,36.3636,32.2581,36.3636,33.3333,34.7222,H,42.5483,1.1471,30.1209,1.2983,34.3957,1.7134,ScotishPremierLeague
SC0,15/05/2016,Aberdeen,Ross County,A,1.62,4.0,5.0,1.62,3.8,4.5,1.65,3.8,4.2,1.62,4.0,5.25,1.62,4.2,5.0,2015/16,€12.33m,€7.75m,1.65,4.2,5.25,61.7284,61.7284,61.7284,60.6061,60.6061,61.7284,25.0,26.3158,23.8095,26.3158,23.8095,25.0,20.0,22.2222,20.0,23.8095,19.0476,19.0476,H,61.3543,0.5796,25.0418,1.1213,20.6878,1.9197,ScotishPremierLeague
SC0,15/05/2016,Celtic,Motherwell,H,1.22,6.5,11.0,1.17,6.5,11.5,1.25,5.5,9.0,1.22,6.5,12.0,1.25,6.0,11.0,2015/16,€70.43m,€7.18m,1.22,6.5,13.0,81.9672,85.4701,80.0,80.0,81.9672,81.9672,15.3846,15.3846,16.6667,18.1818,15.3846,15.3846,9.0909,8.6957,9.0909,11.1111,7.6923,8.3333,H,81.8953,1.999,16.0645,1.1571,9.0024,1.1593,ScotishPremierLeague
SC0,15/05/2016,Hearts,St Johnstone,D,1.95,3.5,3.75,1.8,3.6,3.8,1.9,3.4,3.6,1.95,3.5,3.8,2.0,3.4,3.75,2015/16,€10.38m,€9.38m,1.95,3.75,3.8,51.2821,55.5556,50.0,52.6316,51.2821,51.2821,28.5714,27.7778,29.4118,29.4118,26.6667,28.5714,26.6667,26.3158,26.6667,27.7778,26.3158,26.3158,H,52.0056,1.9281,28.4018,1.0486,26.6764,0.5663,ScotishPremierLeague
SC0,06/08/2016,Kilmarnock,Motherwell,A,2.63,3.3,2.63,2.55,3.25,2.5,2.65,3.2,2.45,2.75,3.1,2.62,2.7,3.1,2.7,2016/17,€7.58m,€7.13m,2.75,3.4,2.63,38.0228,39.2157,37.037,37.7358,36.3636,36.3636,30.303,30.7692,32.2581,31.25,29.4118,32.2581,38.0228,40.0,37.037,40.8163,38.0228,38.1679,A,37.4564,1.1008,31.0417,1.1206,38.6778,1.4235,ScotishPremierLeague
SC0,06/08/2016,Partick,Inverness C,H,2.6,3.2,2.75,2.35,3.25,2.7,2.5,3.2,2.6,2.7,3.0,2.75,2.7,3.1,2.7,2016/17,€7.23m,€6.70m,2.75,3.3,2.7,38.4615,42.5532,37.037,40.0,36.3636,37.037,31.25,30.7692,32.2581,31.25,30.303,33.3333,36.3636,37.037,37.037,38.4615,37.037,36.3636,H,38.5754,2.3448,31.5273,1.0976,37.05,0.7662,ScotishPremierLeague
SC0,06/08/2016,Rangers,Hamilton,D,1.36,5.0,7.5,1.36,4.25,7.5,1.35,4.5,7.3,1.36,4.75,8.5,1.4,4.5,8.0,2016/17,€15.95m,€8.78m,1.4,5.0,8.5,73.5294,73.5294,71.4286,74.0741,71.4286,73.5294,20.0,23.5294,22.2222,22.2222,20.0,21.0526,13.3333,13.3333,12.5,13.6986,11.7647,11.7647,H,72.9199,1.1743,21.5044,1.4044,12.7324,0.8465,ScotishPremierLeague
SC0,06/08/2016,Ross County,Dundee,A,2.25,3.4,3.1,2.2,3.3,2.9,2.3,3.2,2.8,2.25,3.3,3.1,2.3,3.2,3.2,2016/17,€8.63m,€7.53m,2.3,3.4,3.2,44.4444,45.4545,43.4783,43.4783,43.4783,44.4444,29.4118,30.303,31.25,31.25,29.4118,30.303,32.2581,34.4828,31.25,35.7143,31.25,32.2581,H,44.1297,0.8033,30.3216,0.8222,32.8689,1.827,ScotishPremierLeague
SC0,07/08/2016,Hearts,Celtic,A,5.0,4.0,1.62,4.75,3.7,1.62,4.4,3.5,1.7,5.0,3.8,1.67,5.0,3.8,1.67,2016/17,€15.25m,€67.98m,5.2,4.1,1.67,20.0,21.0526,20.0,22.7273,19.2308,20.0,25.0,27.027,26.3158,28.5714,24.3902,26.3158,61.7284,61.7284,59.8802,58.8235,59.8802,59.8802,A,20.5018,1.2351,26.27,1.4846,60.3202,1.1651,ScotishPremierLeague
SC0,07/08/2016,St Johnstone,Aberdeen,D,3.6,3.3,2.05,3.75,3.3,1.9,3.1,3.3,2.1,3.5,3.25,2.1,3.5,3.25,2.15,2016/17,€7.60m,€12.03m,3.6,3.4,2.15,27.7778,26.6667,28.5714,32.2581,27.7778,28.5714,30.303,30.303,30.7692,30.303,29.4118,30.7692,48.7805,52.6316,46.5116,47.619,46.5116,47.619,A,28.6039,1.9221,30.3099,0.4957,48.2789,2.2941,ScotishPremierLeague
SC0,13/08/2016,Aberdeen,Hearts,D,1.95,3.6,3.6,1.95,3.3,3.5,2.0,3.3,3.3,1.95,3.4,3.8,2.05,3.1,4.0,2016/17,€12.03m,€15.25m,1.95,3.6,4.0,51.2821,51.2821,48.7805,50.0,51.2821,51.2821,27.7778,30.303,32.2581,30.303,27.7778,29.4118,27.7778,28.5714,25.0,30.303,25.0,26.3158,H,50.6515,1.0503,29.6386,1.7159,27.1613,2.1117,ScotishPremierLeague
SC0,13/08/2016,Dundee,Rangers,A,4.75,3.75,1.7,4.75,3.75,1.6,4.2,3.5,1.75,4.5,3.8,1.7,4.5,3.8,1.73,2016/17,€7.53m,€15.95m,4.75,4.0,1.73,21.0526,21.0526,22.2222,23.8095,21.0526,22.2222,26.6667,26.6667,26.3158,28.5714,25.0,26.3158,58.8235,62.5,57.8035,57.1429,57.8035,58.8235,A,21.902,1.0962,26.5894,1.1503,58.8162,1.9195,ScotishPremierLeague
SC0,13/08/2016,Hamilton,Kilmarnock,A,2.1,3.75,3.1,2.1,3.4,3.0,2.2,3.2,3.0,2.2,3.4,3.2,2.25,3.4,3.1,2016/17,€8.78m,€7.58m,2.2,3.6,3.25,47.619,47.619,44.4444,45.4545,45.4545,45.4545,26.6667,29.4118,29.4118,31.25,27.7778,29.4118,32.2581,33.3333,32.2581,33.3333,30.7692,31.25,H,46.0077,1.308,28.9883,1.5817,32.2003,1.0512,ScotishPremierLeague
SC0,13/08/2016,Inverness C,Ross County,A,2.3,3.5,2.88,2.2,3.2,3.0,2.3,3.2,2.8,2.3,3.2,3.1,2.4,3.2,3.0,2016/17,€6.70m,€8.63m,2.3,3.4,3.13,43.4783,45.4545,41.6667,43.4783,43.4783,43.4783,28.5714,31.25,31.25,31.25,29.4118,31.25,34.7222,33.3333,33.3333,35.7143,31.9489,32.2581,H,43.5057,1.1986,30.4972,1.1961,33.5517,1.4412,ScotishPremierLeague
SC0,13/08/2016,Motherwell,St Johnstone,A,2.5,3.5,2.63,2.35,3.2,2.75,2.4,3.2,2.7,2.62,3.2,2.7,2.7,3.1,2.7,2016/17,€7.13m,€7.60m,2.7,3.4,2.7,40.0,42.5532,37.037,41.6667,37.037,38.1679,28.5714,31.25,32.2581,31.25,29.4118,31.25,38.0228,36.3636,37.037,37.037,37.037,37.037,H,39.4103,2.3717,30.6652,1.3797,37.0891,0.5308,ScotishPremierLeague
SC0,19/08/2016,Dundee,Hamilton,D,1.95,3.3,3.9,1.95,3.25,3.6,2.0,3.3,3.3,2.1,3.4,3.5,2.0,3.3,3.5,2016/17,€7.53m,€8.78m,2.15,3.5,3.5,51.2821,51.2821,50.0,50.0,46.5116,47.619,30.303,30.7692,30.303,30.303,28.5714,29.4118,25.641,27.7778,28.5714,30.303,28.5714,28.5714,H,49.4491,1.9649,29.9436,0.8043,28.2393,1.5201,ScotishPremierLeague
SC0,20/08/2016,Aberdeen,Partick,H,1.57,3.6,6.5,1.57,3.7,5.25,1.6,3.6,5.0,1.57,3.8,6.0,1.57,4.0,6.0,2016/17,€12.03m,€7.23m,1.57,4.1,6.25,63.6943,63.6943,63.6943,62.5,63.6943,63.6943,27.7778,27.027,25.0,27.7778,24.3902,26.3158,15.3846,19.0476,16.6667,20.0,16.0,16.6667,H,63.4952,0.4876,26.3814,1.4279,17.2943,1.8169,ScotishPremierLeague
SC0,20/08/2016,Hearts,Inverness C,H,1.95,3.4,3.9,1.78,3.4,4.1,2.0,3.3,3.3,1.91,3.4,4.0,2.0,3.4,3.8,2016/17,€15.25m,€6.70m,1.95,3.5,4.1,51.2821,56.1798,50.0,50.0,51.2821,52.356,29.4118,29.4118,29.4118,30.303,28.5714,29.4118,25.641,24.3902,26.3158,30.303,24.3902,25.0,H,51.85,2.3019,29.4203,0.5477,26.0067,2.2328,ScotishPremierLeague
SC0,20/08/2016,Rangers,Motherwell,H,1.3,5.5,9.0,1.34,4.5,7.5,1.35,4.5,7.3,1.36,4.75,8.5,1.36,4.8,8.5,2016/17,€15.95m,€7.13m,1.36,5.25,8.5,76.9231,74.6269,73.5294,74.0741,73.5294,73.5294,18.1818,22.2222,20.8333,22.2222,19.0476,21.0526,11.1111,13.3333,11.7647,13.6986,11.7647,11.7647,H,74.3687,1.326,20.5933,1.6601,12.2395,1.0271,ScotishPremierLeague
SC0,20/08/2016,Ross County,Kilmarnock,H,1.75,3.5,4.75,1.8,3.4,4.0,1.8,3.4,4.0,1.8,3.6,4.33,1.8,3.6,4.4,2016/17,€8.63m,€7.58m,1.83,3.8,4.33,57.1429,55.5556,55.5556,55.5556,54.6448,55.5556,28.5714,29.4118,27.7778,29.4118,26.3158,27.7778,21.0526,25.0,22.7273,25.0,23.0947,23.0947,H,55.6684,0.809,28.2111,1.1816,23.3282,1.4992,ScotishPremierLeague
SC0,20/08/2016,St Johnstone,Celtic,A,5.75,3.75,1.6,4.6,3.6,1.65,4.6,3.5,1.65,5.0,3.8,1.67,5.0,3.8,1.67,2016/17,€7.60m,€67.98m,5.25,4.0,1.67,17.3913,21.7391,20.0,21.7391,19.0476,20.0,26.6667,27.7778,26.3158,28.5714,25.0,26.3158,62.5,60.6061,59.8802,60.6061,59.8802,59.8802,A,19.9862,1.6589,26.7746,1.2503,60.5588,1.0153,ScotishPremierLeague
SC0,26/08/2016,Kilmarnock,Rangers,D,7.0,4.33,1.44,6.75,4.2,1.4,5.5,4.0,1.5,7.0,4.5,1.44,7.0,4.4,1.44,2016/17,€7.58m,€15.95m,7.5,4.75,1.44,14.2857,14.8148,14.2857,18.1818,13.3333,14.2857,23.0947,23.8095,22.7273,25.0,21.0526,22.2222,69.4444,71.4286,69.4444,66.6667,69.4444,69.4444,A,14.8645,1.6945,22.9844,1.3516,69.3121,1.5197,ScotishPremierLeague
SC0,27/08/2016,Celtic,Aberdeen,H,1.44,4.33,7.0,1.45,4.1,6.0,1.45,3.9,6.5,1.48,4.33,6.5,1.5,4.4,6.0,2016/17,€67.98m,€12.03m,1.5,4.6,6.5,69.4444,68.9655,66.6667,68.9655,66.6667,67.5676,23.0947,24.3902,22.7273,25.641,21.7391,23.0947,14.2857,16.6667,16.6667,15.3846,15.3846,15.3846,H,68.0461,1.2394,23.4478,1.3701,15.6288,0.9096,ScotishPremierLeague
SC0,27/08/2016,Hamilton,Ross County,H,3.0,3.4,2.3,3.0,3.2,2.2,3.0,3.2,2.2,3.0,3.3,2.3,3.2,3.3,2.25,2016/17,€8.78m,€8.63m,3.0,3.5,2.38,33.3333,33.3333,31.25,33.3333,33.3333,33.3333,29.4118,31.25,30.303,31.25,28.5714,30.303,43.4783,45.4545,44.4444,45.4545,42.0168,43.4783,A,32.9861,0.8505,30.1815,1.0486,44.0545,1.3333,ScotishPremierLeague
SC0,27/08/2016,Inverness C,St Johnstone,H,2.63,3.4,2.55,2.65,3.0,2.55,2.6,3.2,2.5,2.8,3.2,2.5,2.75,3.2,2.62,2016/17,€6.70m,€7.60m,2.8,3.4,2.55,38.0228,37.7358,36.3636,38.4615,35.7143,35.7143,29.4118,33.3333,31.25,31.25,29.4118,31.25,39.2157,39.2157,38.1679,40.0,39.2157,40.0,A,37.0021,1.2194,30.9845,1.4612,39.3025,0.6757,ScotishPremierLeague
SC0,27/08/2016,Motherwell,Dundee,D,2.4,3.5,2.75,2.45,3.1,2.7,2.4,3.2,2.7,2.5,3.25,2.88,2.5,3.3,2.8,2016/17,€7.13m,€7.53m,2.45,3.5,2.9,41.6667,40.8163,40.0,41.6667,40.8163,40.0,28.5714,32.2581,30.303,31.25,28.5714,30.7692,36.3636,37.037,35.7143,37.037,34.4828,34.7222,H,40.8277,0.7454,30.2872,1.4786,35.8928,1.1163,ScotishPremierLeague
SC0,27/08/2016,Partick,Hearts,A,3.4,3.4,2.1,3.0,3.2,2.2,3.1,3.3,2.1,3.4,3.3,2.15,3.3,3.3,2.2,2016/17,€7.23m,€15.25m,3.4,3.5,2.15,29.4118,33.3333,30.303,32.2581,29.4118,29.4118,29.4118,31.25,30.303,30.303,28.5714,30.303,47.619,45.4545,45.4545,47.619,46.5116,46.5116,A,30.6883,1.7028,30.0237,0.9189,46.5284,0.9681,ScotishPremierLeague
SC0,10/09/2016,Aberdeen,Inverness C,D,1.8,3.6,4.33,1.67,3.6,4.5,1.8,3.4,4.0,1.8,3.5,4.5,1.83,3.2,5.0,2016/17,€12.03m,€6.70m,1.8,3.75,4.6,55.5556,59.8802,54.6448,55.5556,55.5556,55.5556,27.7778,27.7778,31.25,29.4118,26.6667,28.5714,23.0947,22.2222,20.0,25.0,21.7391,22.2222,H,56.1246,1.8756,28.5759,1.598,22.3797,1.6432,ScotishPremierLeague
SC0,10/09/2016,Celtic,Rangers,H,1.6,4.0,5.25,1.62,4.0,5.5,1.65,3.5,4.6,1.62,4.2,5.5,1.62,4.0,5.5,2016/17,€67.98m,€15.95m,1.6,4.33,5.4,62.5,61.7284,61.7284,60.6061,62.5,61.7284,25.0,25.0,25.0,28.5714,23.0947,23.8095,19.0476,18.1818,18.1818,21.7391,18.5185,18.1818,H,61.7986,0.6958,25.0793,1.8849,18.9751,1.3958,ScotishPremierLeague
SC0,10/09/2016,Dundee,Kilmarnock,D,1.91,3.4,4.0,1.85,3.3,3.9,1.9,3.3,3.7,1.85,3.5,4.0,1.95,3.1,4.33,2016/17,€7.53m,€7.58m,1.93,3.7,4.0,52.356,54.0541,51.2821,52.6316,51.8135,54.0541,29.4118,30.303,32.2581,30.303,27.027,28.5714,25.0,25.641,23.0947,27.027,25.0,25.0,H,52.6986,1.1477,29.6457,1.7751,25.1271,1.2691,ScotishPremierLeague
SC0,10/09/2016,Hearts,Hamilton,H,1.62,3.75,5.5,1.6,3.6,5.0,1.65,3.5,4.6,1.62,3.8,5.5,1.62,3.8,5.5,2016/17,€15.25m,€8.78m,1.62,4.1,5.4,61.7284,62.5,61.7284,60.6061,61.7284,61.7284,26.6667,27.7778,26.3158,28.5714,24.3902,26.3158,18.1818,20.0,18.1818,21.7391,18.5185,18.1818,H,61.67,0.6057,26.673,1.4346,19.1338,1.4585,ScotishPremierLeague
SC0,10/09/2016,Partick,St Johnstone,A,2.7,3.4,2.5,2.8,3.1,2.4,2.8,3.2,2.3,2.8,3.2,2.5,2.7,3.2,2.62,2016/17,€7.23m,€7.60m,2.8,3.4,2.55,37.037,35.7143,37.037,35.7143,35.7143,35.7143,29.4118,32.2581,31.25,31.25,29.4118,31.25,40.0,41.6667,38.1679,43.4783,39.2157,40.0,A,36.1552,0.683,30.8053,1.1478,40.4214,1.8859,ScotishPremierLeague
SC0,10/09/2016,Ross County,Motherwell,D,2.0,3.5,3.6,2.0,3.25,3.4,2.0,3.3,3.3,2.0,3.5,3.6,2.05,3.4,3.6,2016/17,€8.63m,€7.13m,2.05,3.6,3.75,50.0,50.0,48.7805,50.0,48.7805,50.0,28.5714,30.7692,29.4118,30.303,27.7778,28.5714,27.7778,29.4118,27.7778,30.303,26.6667,27.7778,H,49.5935,0.6297,29.2341,1.1428,28.2858,1.3216,ScotishPremierLeague
SC0,17/09/2016,Kilmarnock,Partick,D,2.9,3.3,2.38,2.65,3.1,2.5,2.7,3.2,2.4,2.9,3.25,2.4,2.8,3.1,2.6,2016/17,€7.58m,€7.23m,3.0,3.3,2.5,34.4828,37.7358,35.7143,37.037,33.3333,34.4828,30.303,32.2581,32.2581,31.25,30.303,30.7692,42.0168,40.0,38.4615,41.6667,40.0,41.6667,A,35.4643,1.6831,31.1902,0.8984,40.6353,1.3834,ScotishPremierLeague
SC0,17/09/2016,Motherwell,Hamilton,H,2.15,3.25,3.4,2.05,3.1,3.4,2.1,3.3,3.1,2.2,3.25,3.3,2.2,3.2,3.4,2016/17,€7.13m,€8.78m,2.25,3.4,3.3,46.5116,48.7805,45.4545,47.619,44.4444,45.4545,30.7692,32.2581,31.25,30.303,29.4118,30.7692,29.4118,29.4118,29.4118,32.2581,30.303,30.303,H,46.3774,1.5984,30.7936,0.9491,30.1832,1.1063,ScotishPremierLeague
SC0,17/09/2016,Rangers,Ross County,D,1.44,4.33,7.0,1.42,4.2,6.5,1.45,3.9,6.5,1.44,4.5,6.5,1.5,4.0,7.0,2016/17,€15.95m,€8.63m,1.45,4.8,7.0,69.4444,70.4225,66.6667,68.9655,68.9655,69.4444,23.0947,23.8095,25.0,25.641,20.8333,22.2222,14.2857,15.3846,14.2857,15.3846,14.2857,15.3846,H,68.9848,1.2541,23.4335,1.7783,14.8352,0.6019,ScotishPremierLeague
SC0,17/09/2016,St Johnstone,Hearts,H,3.0,3.3,2.3,2.75,3.1,2.4,2.7,3.2,2.4,3.0,3.25,2.3,2.9,3.1,2.5,2016/17,€7.60m,€15.25m,3.1,3.3,2.4,33.3333,36.3636,34.4828,37.037,32.2581,33.3333,30.303,32.2581,32.2581,31.25,30.303,30.7692,43.4783,41.6667,40.0,41.6667,41.6667,43.4783,A,34.468,1.8789,31.1902,0.8984,41.9928,1.3194,ScotishPremierLeague
SC0,18/09/2016,Dundee,Aberdeen,A,3.6,3.5,2.0,3.5,3.3,1.95,3.3,3.3,2.0,3.6,3.3,2.05,3.75,3.4,2.0,2016/17,€7.53m,€12.03m,3.75,3.5,2.05,27.7778,28.5714,26.6667,30.303,26.6667,27.7778,28.5714,30.303,29.4118,30.303,28.5714,30.303,50.0,51.2821,50.0,50.0,48.7805,48.7805,A,27.9606,1.362,29.5773,0.8522,49.8072,0.9376,ScotishPremierLeague
SC0,18/09/2016,Inverness C,Celtic,D,10.0,4.75,1.33,8.0,4.75,1.3,7.3,4.5,1.35,8.5,4.75,1.36,11.0,3.8,1.4,2016/17,€6.70m,€67.98m,9.0,5.2,1.4,10.0,12.5,9.0909,13.6986,11.1111,11.7647,21.0526,21.0526,26.3158,22.2222,19.2308,21.0526,75.188,76.9231,71.4286,74.0741,71.4286,73.5294,A,11.3609,1.6729,21.8211,2.4019,73.762,2.1479,ScotishPremierLeague
SC0,24/09/2016,Celtic,Kilmarnock,H,1.14,7.5,19.0,1.12,7.5,14.5,1.2,5.5,12.0,1.12,9.0,23.0,1.17,6.5,19.0,2016/17,€67.98m,€7.58m,1.14,7.5,15.0,87.7193,89.2857,85.4701,83.3333,87.7193,89.2857,13.3333,13.3333,15.3846,18.1818,13.3333,11.1111,5.2632,6.8966,5.2632,8.3333,6.6667,4.3478,H,87.1356,2.3306,14.1129,2.4086,6.1285,1.4429,ScotishPremierLeague
SC0,24/09/2016,Hearts,Ross County,D,1.75,3.5,4.75,1.8,3.5,3.8,1.75,3.4,4.3,1.75,3.8,4.5,1.8,3.6,4.5,2016/17,€15.25m,€8.63m,1.8,3.9,4.4,57.1429,55.5556,55.5556,57.1429,55.5556,57.1429,28.5714,28.5714,27.7778,29.4118,25.641,26.3158,21.0526,26.3158,22.2222,23.2558,22.7273,22.2222,H,56.3492,0.8694,27.7149,1.4567,22.966,1.7961,ScotishPremierLeague
SC0,24/09/2016,Inverness C,Dundee,H,2.0,3.3,3.8,2.1,3.3,3.1,2.2,3.2,3.0,2.0,3.4,3.6,2.1,3.2,3.75,2016/17,€6.70m,€7.53m,2.05,3.5,3.75,50.0,47.619,47.619,45.4545,48.7805,50.0,30.303,30.303,31.25,31.25,28.5714,29.4118,26.3158,32.2581,26.6667,33.3333,26.6667,27.7778,H,48.2455,1.7331,30.1815,1.0486,28.8364,3.1247,ScotishPremierLeague
SC0,24/09/2016,Partick,Motherwell,D,2.1,3.4,3.4,2.1,3.4,3.0,2.3,3.2,2.8,2.2,3.3,3.3,2.2,3.2,3.4,2016/17,€7.23m,€7.13m,2.2,3.4,3.4,47.619,47.619,45.4545,43.4783,45.4545,45.4545,29.4118,29.4118,31.25,31.25,29.4118,30.303,29.4118,33.3333,29.4118,35.7143,29.4118,30.303,H,45.8466,1.5718,30.1731,0.9028,31.2643,2.6572,ScotishPremierLeague
SC0,25/09/2016,Aberdeen,Rangers,H,2.88,3.2,2.45,2.55,3.25,2.5,2.6,3.2,2.5,2.8,3.2,2.5,2.75,3.2,2.6,2016/17,€12.03m,€15.95m,2.8,3.3,2.55,34.7222,39.2157,36.3636,38.4615,35.7143,35.7143,31.25,30.7692,31.25,31.25,30.303,31.25,40.8163,40.0,38.4615,40.0,39.2157,40.0,A,36.6986,1.755,31.012,0.397,39.7489,0.8087,ScotishPremierLeague
SC0,25/09/2016,Hamilton,St Johnstone,D,2.9,3.3,2.38,3.0,3.2,2.2,3.0,3.2,2.2,2.9,3.2,2.4,2.9,3.1,2.5,2016/17,€8.78m,€7.60m,3.0,3.3,2.5,34.4828,33.3333,34.4828,33.3333,33.3333,34.4828,30.303,31.25,32.2581,31.25,30.303,31.25,42.0168,45.4545,40.0,45.4545,40.0,41.6667,A,33.908,0.6296,31.1024,0.732,42.4321,2.4843,ScotishPremierLeague
SC0,30/09/2016,Motherwell,Hearts,A,4.0,3.6,1.85,3.5,3.5,1.9,3.7,3.3,1.9,4.0,3.6,1.85,4.0,3.75,1.91,2016/17,€7.13m,€15.25m,4.1,3.75,1.9,25.0,28.5714,25.0,27.027,24.3902,25.0,27.7778,28.5714,26.6667,30.303,26.6667,27.7778,54.0541,52.6316,52.356,52.6316,52.6316,54.0541,A,25.8314,1.6179,27.9606,1.362,53.0598,0.7775,ScotishPremierLeague
SC0,01/10/2016,Dundee,Celtic,A,12.0,6.0,1.22,9.25,5.75,1.22,10.0,5.0,1.25,11.0,6.0,1.25,13.0,6.0,1.25,2016/17,€7.53m,€67.98m,11.5,6.5,1.22,8.3333,10.8108,7.6923,10.0,8.6957,9.0909,16.6667,17.3913,16.6667,20.0,15.3846,16.6667,81.9672,81.9672,80.0,80.0,81.9672,80.0,A,9.1038,1.1375,17.1293,1.5489,80.9836,1.0775,ScotishPremierLeague
SC0,01/10/2016,Hamilton,Inverness C,D,2.88,3.5,2.3,2.8,3.2,2.3,2.8,3.2,2.3,3.1,3.3,2.3,3.1,3.3,2.4,2016/17,€8.78m,€6.70m,3.13,3.5,2.3,34.7222,35.7143,32.2581,35.7143,31.9489,32.2581,28.5714,31.25,30.303,31.25,28.5714,30.303,43.4783,43.4783,41.6667,43.4783,43.4783,43.4783,A,33.7693,1.8086,30.0415,1.2149,43.1764,0.7396,ScotishPremierLeague
SC0,01/10/2016,Kilmarnock,Aberdeen,A,5.75,4.2,1.53,5.25,3.8,1.55,5.0,3.6,1.6,6.0,4.0,1.55,6.5,4.0,1.57,2016/17,€7.58m,€12.03m,6.5,4.2,1.55,17.3913,19.0476,15.3846,20.0,15.3846,16.6667,23.8095,26.3158,25.0,27.7778,23.8095,25.0,65.3595,64.5161,63.6943,62.5,64.5161,64.5161,A,17.3125,1.9021,25.2854,1.5358,64.1837,0.9786,ScotishPremierLeague
SC0,01/10/2016,Rangers,Partick,H,1.33,5.0,8.5,1.3,4.6,8.5,1.35,4.5,7.3,1.36,4.75,8.0,1.4,4.8,8.5,2016/17,€15.95m,€7.23m,1.36,5.2,9.0,75.188,76.9231,71.4286,74.0741,73.5294,73.5294,20.0,21.7391,20.8333,22.2222,19.2308,21.0526,11.7647,11.7647,11.7647,13.6986,11.1111,12.5,H,74.1121,1.8407,20.8463,1.1008,12.1006,0.8979,ScotishPremierLeague
SC0,01/10/2016,Ross County,St Johnstone,A,2.4,3.5,2.75,2.4,3.3,2.65,2.4,3.2,2.7,2.5,3.3,2.8,2.5,3.5,2.8,2016/17,€8.63m,€7.60m,2.5,3.5,2.8,41.6667,41.6667,40.0,41.6667,40.0,40.0,28.5714,30.303,28.5714,31.25,28.5714,30.303,36.3636,37.7358,35.7143,37.037,35.7143,35.7143,H,40.8334,0.9129,29.595,1.1734,36.3799,0.8485,ScotishPremierLeague
SC0,14/10/2016,Inverness C,Rangers,A,4.33,3.4,1.85,4.1,3.5,1.91,3.7,3.3,1.9,3.8,3.4,1.91,4.2,3.5,1.95,2016/17,€6.70m,€15.95m,4.0,3.5,1.95,23.0947,24.3902,23.8095,27.027,25.0,26.3158,29.4118,28.5714,28.5714,30.303,28.5714,29.4118,54.0541,52.356,51.2821,52.6316,51.2821,52.356,A,24.9395,1.4992,29.1401,0.7029,52.327,1.0258,ScotishPremierLeague
SC0,15/10/2016,Aberdeen,Ross County,H,1.5,4.0,7.0,1.5,3.7,6.0,1.5,3.8,5.7,1.5,4.0,6.5,1.57,3.5,7.0,2016/17,€12.03m,€8.63m,1.55,4.2,6.5,66.6667,66.6667,63.6943,66.6667,64.5161,66.6667,25.0,27.027,28.5714,26.3158,23.8095,25.0,14.2857,16.6667,14.2857,17.5439,15.3846,15.3846,H,65.8129,1.348,25.954,1.706,15.5919,1.3011,ScotishPremierLeague
SC0,15/10/2016,Celtic,Motherwell,H,1.13,8.0,19.0,1.12,7.25,14.5,1.15,6.2,14.0,1.12,9.5,23.0,1.14,7.0,21.0,2016/17,€67.98m,€7.13m,1.14,9.0,19.0,88.4956,89.2857,87.7193,86.9565,87.7193,89.2857,12.5,13.7931,14.2857,16.129,11.1111,10.5263,5.2632,6.8966,4.7619,7.1429,5.2632,4.3478,H,88.2437,0.9425,13.0575,2.0971,5.6126,1.1453,ScotishPremierLeague
SC0,15/10/2016,Hearts,Dundee,H,1.44,4.2,7.5,1.44,3.9,6.75,1.45,3.9,6.5,1.5,4.2,6.0,1.5,4.0,7.0,2016/17,€15.25m,€7.53m,1.53,4.5,6.0,69.4444,69.4444,66.6667,68.9655,65.3595,66.6667,23.8095,25.641,25.0,25.641,22.2222,23.8095,13.3333,14.8148,14.2857,15.3846,16.6667,16.6667,H,67.7579,1.7482,24.3539,1.3317,15.192,1.327,ScotishPremierLeague
SC0,15/10/2016,Partick,Hamilton,D,2.05,3.4,3.5,2.1,3.2,3.25,2.2,3.2,3.0,2.05,3.3,3.6,2.2,3.2,3.4,2016/17,€7.23m,€8.78m,2.15,3.4,3.6,48.7805,47.619,45.4545,45.4545,46.5116,48.7805,29.4118,31.25,31.25,31.25,29.4118,30.303,28.5714,30.7692,29.4118,33.3333,27.7778,27.7778,H,47.1001,1.5283,30.4794,0.9047,29.6069,2.1466,ScotishPremierLeague
SC0,15/10/2016,St Johnstone,Kilmarnock,A,1.5,4.33,6.0,1.48,3.9,6.0,1.55,3.7,5.4,1.5,4.0,6.5,1.57,3.75,6.0,2016/17,€7.60m,€7.58m,1.5,4.4,7.0,66.6667,67.5676,63.6943,64.5161,66.6667,66.6667,23.0947,25.641,26.6667,27.027,22.7273,25.0,16.6667,16.6667,16.6667,18.5185,14.2857,15.3846,H,65.963,1.5034,25.0261,1.7938,16.3648,1.428,ScotishPremierLeague
SC0,22/10/2016,Inverness C,Kilmarnock,D,1.53,4.0,6.0,1.5,3.75,6.0,1.5,3.8,5.7,1.55,3.8,6.0,1.57,3.8,6.0,2016/17,€6.70m,€7.58m,1.55,4.3,6.25,65.3595,66.6667,63.6943,66.6667,64.5161,64.5161,25.0,26.6667,26.3158,26.3158,23.2558,26.3158,16.6667,16.6667,16.6667,17.5439,16.0,16.6667,H,65.2366,1.2266,25.645,1.3052,16.7018,0.4912,ScotishPremierLeague
SC0,22/10/2016,Partick,Ross County,D,2.15,3.5,3.2,2.25,3.4,2.75,2.2,3.2,3.0,2.2,3.4,3.2,2.3,3.3,3.1,2016/17,€7.23m,€8.63m,2.25,3.5,3.25,46.5116,44.4444,43.4783,45.4545,44.4444,45.4545,28.5714,29.4118,30.303,31.25,28.5714,29.4118,31.25,36.3636,32.2581,33.3333,30.7692,31.25,H,44.9646,1.0605,29.5866,1.0395,32.5374,2.0877,ScotishPremierLeague
SC0,23/10/2016,St Johnstone,Dundee,H,1.83,3.75,4.0,1.8,3.4,4.0,1.7,3.5,4.4,1.85,3.5,4.33,1.83,3.75,4.33,2016/17,€7.60m,€7.53m,1.87,3.75,4.2,54.6448,55.5556,54.6448,58.8235,53.4759,54.0541,26.6667,29.4118,26.6667,28.5714,26.6667,28.5714,25.0,25.0,23.0947,22.7273,23.8095,23.0947,H,55.1998,1.9057,27.7591,1.2354,23.7877,1.0025,ScotishPremierLeague
SC0,25/10/2016,Hamilton,Aberdeen,H,5.25,4.2,1.57,5.0,3.8,1.57,5.0,3.9,1.55,5.75,4.0,1.57,6.0,3.8,1.57,2016/17,€8.78m,€12.03m,5.75,4.2,1.6,19.0476,20.0,16.6667,20.0,17.3913,17.3913,23.8095,26.3158,26.3158,25.641,23.8095,25.0,63.6943,63.6943,63.6943,64.5161,62.5,63.6943,A,18.4162,1.4544,25.1486,1.1468,63.6322,0.6448,ScotishPremierLeague
SC0,26/10/2016,Dundee,Partick,A,2.5,3.3,2.75,2.4,3.1,2.75,2.4,3.2,2.7,2.5,3.2,2.8,2.5,3.2,2.9,2016/17,€7.53m,€7.23m,2.55,3.4,2.8,40.0,41.6667,40.0,41.6667,39.2157,40.0,30.303,32.2581,31.25,31.25,29.4118,31.25,36.3636,36.3636,34.4828,37.037,35.7143,35.7143,H,40.4248,1.0088,30.9538,0.9763,35.9459,0.8703,ScotishPremierLeague
SC0,26/10/2016,Kilmarnock,Hearts,H,6.5,4.1,1.5,5.75,3.7,1.53,5.0,3.6,1.6,6.0,4.0,1.53,6.0,4.0,1.55,2016/17,€7.58m,€15.25m,6.25,4.33,1.53,15.3846,17.3913,16.6667,20.0,16.0,16.6667,24.3902,27.027,25.0,27.7778,23.0947,25.0,66.6667,65.3595,64.5161,62.5,65.3595,65.3595,A,17.0182,1.6114,25.3816,1.7293,64.9602,1.3885,ScotishPremierLeague
SC0,26/10/2016,Motherwell,Inverness C,A,3.0,3.25,2.38,2.65,3.2,2.45,2.6,3.2,2.5,2.88,3.4,2.38,2.9,3.2,2.5,2016/17,€7.13m,€6.70m,2.9,3.5,2.45,33.3333,37.7358,34.4828,38.4615,34.4828,34.7222,30.7692,31.25,31.25,31.25,28.5714,29.4118,42.0168,40.8163,40.0,40.0,40.8163,42.0168,A,35.5364,2.0557,30.4171,1.1509,40.9444,0.9074,ScotishPremierLeague
SC0,26/10/2016,Rangers,St Johnstone,D,1.55,4.0,5.75,1.6,3.7,5.0,1.6,3.6,5.0,1.62,4.0,5.5,1.62,3.8,5.5,2016/17,€15.95m,€7.60m,1.6,4.1,5.75,64.5161,62.5,61.7284,62.5,62.5,61.7284,25.0,27.027,26.3158,27.7778,24.3902,25.0,17.3913,20.0,18.1818,20.0,17.3913,18.1818,H,62.5788,1.0216,25.9185,1.3317,18.5244,1.1964,ScotishPremierLeague
SC0,26/10/2016,Ross County,Celtic,A,11.0,5.75,1.25,9.0,5.25,1.25,8.5,4.8,1.3,11.0,6.0,1.25,11.0,5.5,1.3,2016/17,€8.63m,€67.98m,12.0,6.25,1.25,9.0909,11.1111,9.0909,11.7647,8.3333,9.0909,17.3913,19.0476,18.1818,20.8333,16.0,16.6667,80.0,80.0,76.9231,76.9231,80.0,80.0,A,9.747,1.3581,18.0201,1.7495,78.9744,1.5889,ScotishPremierLeague
SC0,29/10/2016,Aberdeen,Celtic,A,5.0,4.0,1.62,5.25,3.9,1.67,4.3,3.4,1.75,5.0,3.8,1.67,5.5,3.8,1.67,2016/17,€12.03m,€67.98m,5.0,4.0,1.65,20.0,19.0476,18.1818,23.2558,20.0,20.0,25.0,25.641,26.3158,29.4118,25.0,26.3158,61.7284,59.8802,59.8802,57.1429,60.6061,59.8802,A,20.0809,1.7189,26.2807,1.6429,59.853,1.512,ScotishPremierLeague
SC0,29/10/2016,Hamilton,Dundee,A,2.2,3.3,3.25,2.1,3.4,3.0,2.1,3.3,3.1,2.25,3.3,3.1,2.3,3.2,3.2,2016/17,€8.78m,€7.53m,2.25,3.5,3.2,45.4545,47.619,43.4783,47.619,44.4444,44.4444,30.303,29.4118,31.25,30.303,28.5714,30.303,30.7692,33.3333,31.25,32.2581,31.25,32.2581,H,45.5099,1.7492,30.0237,0.9189,31.8531,0.9404,ScotishPremierLeague
SC0,29/10/2016,Inverness C,Hearts,D,2.88,3.4,2.38,3.0,3.4,2.1,3.0,3.2,2.2,3.0,3.3,2.3,3.1,3.1,2.4,2016/17,€6.70m,€15.25m,3.0,3.5,2.2,34.7222,33.3333,32.2581,33.3333,33.3333,33.3333,29.4118,29.4118,32.2581,31.25,28.5714,30.303,42.0168,47.619,41.6667,45.4545,45.4545,43.4783,A,33.3856,0.7834,30.201,1.3597,44.2816,2.3023,ScotishPremierLeague
SC0,29/10/2016,Motherwell,Ross County,H,2.38,3.5,2.8,2.3,3.4,2.7,2.2,3.2,3.0,2.5,3.3,2.75,2.5,3.3,2.8,2016/17,€7.13m,€8.63m,2.5,3.5,2.8,42.0168,43.4783,40.0,45.4545,40.0,40.0,28.5714,29.4118,30.303,31.25,28.5714,30.303,35.7143,37.037,35.7143,33.3333,35.7143,36.3636,H,41.8249,2.2775,29.7351,1.0726,35.6461,1.25,ScotishPremierLeague
SC0,29/10/2016,Rangers,Kilmarnock,H,1.33,5.5,7.5,1.35,4.75,6.75,1.4,4.1,7.0,1.35,5.0,8.5,1.36,4.5,9.5,2016/17,€15.95m,€7.58m,1.33,5.5,9.5,75.188,74.0741,73.5294,71.4286,75.188,74.0741,18.1818,21.0526,22.2222,24.3902,18.1818,20.0,13.3333,14.8148,10.5263,14.2857,10.5263,11.7647,H,73.9137,1.3873,20.6714,2.4177,12.5418,1.8742,ScotishPremierLeague
SC0,29/10/2016,St Johnstone,Partick,A,1.85,3.5,4.2,1.83,3.4,3.8,1.8,3.4,4.0,1.91,3.4,4.0,1.95,3.5,3.8,2016/17,€7.60m,€7.23m,1.95,3.75,3.75,54.0541,54.6448,51.2821,55.5556,51.2821,52.356,28.5714,29.4118,28.5714,29.4118,26.6667,29.4118,23.8095,26.3158,26.3158,25.0,26.6667,25.0,H,53.1958,1.813,28.6742,1.0661,25.518,1.0998,ScotishPremierLeague
SC0,04/11/2016,Partick,Aberdeen,A,4.33,3.6,1.8,4.33,3.5,1.72,3.8,3.4,1.85,4.2,3.6,1.83,4.5,3.6,1.83,2016/17,€7.23m,€12.03m,4.4,3.75,1.83,23.0947,23.0947,22.2222,26.3158,22.7273,23.8095,27.7778,28.5714,27.7778,29.4118,26.6667,27.7778,55.5556,58.1395,54.6448,54.0541,54.6448,54.6448,A,23.544,1.454,27.9972,0.9215,55.2806,1.4809,ScotishPremierLeague
SC0,05/11/2016,Celtic,Inverness C,H,1.17,7.0,15.0,1.16,6.5,12.5,1.17,5.8,13.0,1.18,7.0,15.0,1.17,6.5,19.0,2016/17,€67.98m,€6.70m,1.17,8.0,17.0,85.4701,86.2069,85.4701,85.4701,85.4701,84.7458,14.2857,15.3846,15.3846,17.2414,12.5,14.2857,6.6667,8.0,5.2632,7.6923,5.8824,6.6667,H,85.4722,0.4621,14.847,1.578,6.6952,1.0402,ScotishPremierLeague
SC0,05/11/2016,Dundee,Motherwell,H,2.38,3.4,2.88,2.2,3.3,2.9,2.3,3.2,2.8,2.25,3.4,3.0,2.4,3.1,3.1,2016/17,€7.53m,€7.13m,2.3,3.5,3.13,42.0168,45.4545,41.6667,43.4783,43.4783,44.4444,29.4118,30.303,32.2581,31.25,28.5714,29.4118,34.7222,34.4828,32.2581,35.7143,31.9489,33.3333,H,43.4232,1.431,30.201,1.3597,33.7433,1.4821,ScotishPremierLeague
SC0,05/11/2016,Hearts,St Johnstone,D,1.8,3.6,4.33,1.8,3.4,4.0,1.8,3.4,4.0,1.83,3.5,4.33,1.73,3.75,4.5,2016/17,€15.25m,€7.60m,1.87,3.6,4.4,55.5556,55.5556,57.8035,55.5556,53.4759,54.6448,27.7778,29.4118,26.6667,29.4118,27.7778,28.5714,23.0947,25.0,22.2222,25.0,22.7273,23.0947,H,55.4318,1.4224,28.2696,1.0727,23.5232,1.1879,ScotishPremierLeague
SC0,05/11/2016,Kilmarnock,Hamilton,D,2.7,3.4,2.5,2.5,3.25,2.55,2.5,3.2,2.6,2.62,3.3,2.6,2.8,3.1,2.62,2016/17,€7.58m,€8.78m,2.75,3.4,2.63,37.037,40.0,35.7143,40.0,36.3636,38.1679,29.4118,30.7692,32.2581,31.25,29.4118,30.303,40.0,39.2157,38.1679,38.4615,38.0228,38.4615,A,37.8805,1.8315,30.5673,1.1051,38.7216,0.7495,ScotishPremierLeague
SC0,06/11/2016,Ross County,Rangers,D,5.0,3.8,1.65,4.6,3.75,1.62,4.6,3.5,1.65,4.75,4.0,1.67,5.5,3.6,1.7,2016/17,€8.63m,€15.95m,5.0,4.2,1.67,20.0,21.7391,18.1818,21.7391,20.0,21.0526,26.3158,26.6667,27.7778,28.5714,23.8095,25.0,60.6061,61.7284,58.8235,60.6061,59.8802,59.8802,A,20.4521,1.3591,26.3569,1.7522,60.2541,0.9744,ScotishPremierLeague
SC0,18/11/2016,Kilmarnock,Celtic,A,15.0,8.0,1.14,13.5,6.75,1.14,12.0,5.5,1.2,21.0,8.5,1.14,19.0,8.5,1.15,2016/17,€7.58m,€67.98m,18.0,8.5,1.15,6.6667,7.4074,5.2632,8.3333,5.5556,4.7619,12.5,14.8148,11.7647,18.1818,11.7647,11.7647,87.7193,87.7193,86.9565,83.3333,86.9565,87.7193,A,6.3313,1.3772,13.4651,2.5952,86.734,1.7074,ScotishPremierLeague
SC0,19/11/2016,Inverness C,Aberdeen,A,3.75,3.4,2.0,3.25,3.4,2.0,3.3,3.3,2.0,3.8,3.4,1.95,4.0,3.2,2.0,2016/17,€6.70m,€12.03m,3.9,3.5,2.0,26.6667,30.7692,25.0,30.303,25.641,26.3158,29.4118,29.4118,31.25,30.303,28.5714,29.4118,50.0,50.0,50.0,50.0,50.0,51.2821,A,27.4493,2.463,29.7266,0.9257,50.2137,0.5234,ScotishPremierLeague
SC0,19/11/2016,Motherwell,Partick,H,2.75,3.2,2.6,2.45,3.3,2.55,2.55,3.2,2.55,2.75,3.3,2.5,2.8,3.1,2.62,2016/17,€7.13m,€7.23m,2.75,3.4,2.6,36.3636,40.8163,35.7143,39.2157,36.3636,36.3636,31.25,30.303,32.2581,31.25,29.4118,30.303,38.4615,39.2157,38.1679,39.2157,38.4615,40.0,A,37.4728,2.0494,30.796,0.9952,38.9204,0.6823,ScotishPremierLeague
SC0,19/11/2016,Rangers,Dundee,H,1.36,5.0,7.5,1.33,4.5,7.75,1.4,4.1,7.0,1.36,4.75,7.5,1.4,4.5,8.0,2016/17,€15.95m,€7.53m,1.36,5.2,8.5,73.5294,75.188,71.4286,71.4286,73.5294,73.5294,20.0,22.2222,22.2222,24.3902,19.2308,21.0526,13.3333,12.9032,12.5,14.2857,11.7647,13.3333,H,73.1056,1.4491,21.5197,1.8436,13.02,0.8554,ScotishPremierLeague
SC0,19/11/2016,St Johnstone,Ross County,A,1.83,3.6,4.1,1.83,3.5,3.75,1.9,3.3,3.7,1.85,3.6,4.0,1.85,3.5,4.2,2016/17,€7.60m,€8.63m,1.85,3.8,4.2,54.6448,54.6448,54.0541,52.6316,54.0541,54.0541,27.7778,28.5714,28.5714,30.303,26.3158,27.7778,24.3902,26.6667,23.8095,27.027,23.8095,25.0,H,54.0139,0.7364,28.2195,1.3117,25.1172,1.415,ScotishPremierLeague
SC0,21/11/2016,Hamilton,Hearts,D,4.33,3.6,1.8,3.8,3.5,1.8,3.8,3.4,1.85,4.33,3.6,1.8,4.33,3.5,1.83,2016/17,€8.78m,€15.25m,4.5,3.8,1.8,23.0947,26.3158,23.0947,26.3158,22.2222,23.0947,27.7778,28.5714,28.5714,29.4118,26.3158,27.7778,55.5556,55.5556,54.6448,54.0541,55.5556,55.5556,A,24.023,1.8079,28.071,1.0537,55.1536,0.6503,ScotishPremierLeague
SC0,26/11/2016,Dundee,Inverness C,H,2.6,3.25,2.7,2.5,3.3,2.5,2.5,3.2,2.6,2.62,3.1,2.75,2.7,3.1,2.7,2016/17,€7.53m,€6.70m,2.7,3.1,2.8,38.4615,40.0,37.037,40.0,37.037,38.1679,30.7692,30.303,32.2581,31.25,32.2581,32.2581,37.037,40.0,37.037,38.4615,35.7143,36.3636,H,38.4506,1.3325,31.5161,0.8663,37.4356,1.553,ScotishPremierLeague
SC0,26/11/2016,Hearts,Motherwell,H,1.53,4.33,5.5,1.5,3.9,5.75,1.55,3.7,5.4,1.55,4.2,5.5,1.57,3.8,6.0,2016/17,€15.25m,€7.13m,1.57,4.4,5.75,65.3595,66.6667,63.6943,64.5161,63.6943,64.5161,23.0947,25.641,26.3158,27.027,22.7273,23.8095,18.1818,17.3913,16.6667,18.5185,17.3913,18.1818,H,64.7412,1.1299,24.7692,1.7969,17.7219,0.6913,ScotishPremierLeague
SC0,26/11/2016,Partick,Rangers,A,4.75,3.6,1.73,4.33,3.5,1.72,4.0,3.4,1.8,4.33,3.8,1.75,4.5,3.6,1.8,2016/17,€7.23m,€15.95m,4.5,3.9,1.8,21.0526,23.0947,22.2222,25.0,22.2222,23.0947,27.7778,28.5714,27.7778,29.4118,25.641,26.3158,57.8035,58.1395,55.5556,55.5556,55.5556,57.1429,A,22.7811,1.3216,27.5826,1.3982,56.6254,1.215,ScotishPremierLeague
SC0,26/11/2016,Ross County,Hamilton,D,2.05,3.3,3.6,1.91,3.3,3.6,2.0,3.3,3.3,2.1,3.3,3.5,2.1,3.4,3.5,2016/17,€8.63m,€8.78m,2.1,3.5,3.6,48.7805,52.356,47.619,50.0,47.619,47.619,30.303,30.303,29.4118,30.303,28.5714,30.303,27.7778,27.7778,28.5714,30.303,27.7778,28.5714,H,48.9989,1.8991,29.8659,0.7275,28.4632,0.9816,ScotishPremierLeague
SC0,30/11/2016,Hearts,Rangers,H,2.88,3.4,2.38,2.65,3.3,2.4,2.7,3.2,2.4,2.8,3.4,2.4,2.8,3.3,2.5,2016/17,€15.25m,€15.95m,2.8,3.5,2.5,34.7222,37.7358,35.7143,37.037,35.7143,35.7143,29.4118,30.303,30.303,31.25,28.5714,29.4118,42.0168,41.6667,40.0,41.6667,40.0,41.6667,A,36.1063,1.0861,29.8752,0.9365,41.1695,0.916,ScotishPremierLeague
SC0,03/12/2016,Hamilton,Partick,D,2.75,3.3,2.5,2.5,3.3,2.5,2.6,3.2,2.5,2.8,3.3,2.5,2.8,3.3,2.5,2016/17,€8.78m,€7.23m,2.8,3.4,2.55,36.3636,40.0,35.7143,38.4615,35.7143,35.7143,30.303,30.303,30.303,31.25,29.4118,30.303,40.0,40.0,40.0,40.0,39.2157,40.0,A,36.9947,1.8166,30.3123,0.5815,39.8693,0.3202,ScotishPremierLeague
SC0,03/12/2016,Kilmarnock,Dundee,H,2.88,3.3,2.4,2.5,3.3,2.5,2.7,3.2,2.4,2.8,3.25,2.5,2.8,3.3,2.5,2016/17,€7.58m,€7.53m,2.9,3.3,2.55,34.7222,40.0,35.7143,37.037,34.4828,35.7143,30.303,30.303,30.303,31.25,30.303,30.7692,41.6667,40.0,40.0,41.6667,39.2157,40.0,A,36.2784,2.0351,30.5385,0.3953,40.4248,1.0088,ScotishPremierLeague
SC0,03/12/2016,Motherwell,Celtic,A,15.0,6.0,1.2,10.5,6.25,1.18,12.0,5.5,1.2,15.0,7.0,1.2,11.0,6.0,1.25,2016/17,€7.13m,€67.98m,13.0,7.5,1.2,6.6667,9.5238,9.0909,8.3333,7.6923,6.6667,16.6667,16.0,16.6667,18.1818,13.3333,14.2857,83.3333,84.7458,80.0,83.3333,83.3333,83.3333,A,7.9956,1.2061,15.8557,1.7649,83.0132,1.5806,ScotishPremierLeague
SC0,03/12/2016,Rangers,Aberdeen,H,2.15,3.4,3.25,2.1,3.3,3.1,2.1,3.3,3.1,2.25,3.25,3.2,2.3,3.2,3.2,2016/17,€15.95m,€12.03m,2.3,3.4,3.2,46.5116,47.619,43.4783,47.619,43.4783,44.4444,29.4118,30.303,31.25,30.303,29.4118,30.7692,30.7692,32.2581,31.25,32.2581,31.25,31.25,H,45.5251,1.9641,30.2415,0.7321,31.5059,0.6117,ScotishPremierLeague
SC0,03/12/2016,Ross County,Hearts,D,3.75,3.5,1.95,3.4,3.3,2.0,3.1,3.3,2.1,3.4,3.5,2.05,3.4,3.4,2.1,2016/17,€8.63m,€15.25m,3.5,3.6,2.1,26.6667,29.4118,29.4118,32.2581,28.5714,29.4118,28.5714,30.303,29.4118,30.303,27.7778,28.5714,51.2821,50.0,47.619,47.619,47.619,48.7805,A,29.2886,1.8029,29.1564,1.0276,48.8199,1.5351,ScotishPremierLeague
SC0,03/12/2016,St Johnstone,Inverness C,H,2.0,3.3,3.75,1.91,3.3,3.6,2.0,3.3,3.3,2.0,3.4,3.6,2.1,3.4,3.4,2016/17,€7.60m,€6.70m,2.05,3.5,3.75,50.0,52.356,47.619,50.0,48.7805,50.0,30.303,30.303,29.4118,30.303,28.5714,29.4118,26.6667,27.7778,29.4118,30.303,26.6667,27.7778,H,49.7926,1.5779,29.7173,0.7112,28.1006,1.4758,ScotishPremierLeague
SC0,06/12/2016,Aberdeen,Kilmarnock,H,1.3,5.25,9.5,1.36,4.33,7.5,1.4,4.1,7.0,1.33,5.0,9.5,1.33,4.8,10.0,2016/17,€12.03m,€7.58m,1.33,5.25,10.0,76.9231,73.5294,75.188,71.4286,75.188,75.188,19.0476,23.0947,20.8333,24.3902,19.0476,20.0,10.5263,13.3333,10.0,14.2857,10.0,10.5263,H,74.5742,1.878,21.0689,2.2138,11.4453,1.8708,ScotishPremierLeague
SC0,09/12/2016,Partick,Celtic,A,11.0,5.75,1.25,8.75,5.5,1.25,10.0,5.0,1.25,10.0,5.75,1.29,10.0,5.5,1.29,2016/17,€7.23m,€67.98m,10.5,6.0,1.29,9.0909,11.4286,10.0,10.0,9.5238,10.0,17.3913,18.1818,18.1818,20.0,16.6667,17.3913,80.0,80.0,77.5194,80.0,77.5194,77.5194,A,10.0072,0.7866,17.9688,1.1471,78.7597,1.3587,ScotishPremierLeague
SC0,10/12/2016,Aberdeen,St Johnstone,D,1.62,3.9,5.25,1.65,3.7,4.5,1.75,3.4,4.3,1.67,3.8,5.0,1.7,3.75,5.0,2016/17,€12.03m,€7.60m,1.65,4.0,5.4,61.7284,60.6061,58.8235,57.1429,60.6061,59.8802,25.641,27.027,26.6667,29.4118,25.0,26.3158,19.0476,22.2222,20.0,23.2558,18.5185,20.0,H,59.7979,1.6148,26.677,1.5243,20.5074,1.8491,ScotishPremierLeague
SC0,10/12/2016,Dundee,Ross County,D,2.4,3.6,2.7,2.35,3.25,2.7,2.3,3.2,2.8,2.5,3.3,2.7,2.62,3.2,2.75,2016/17,€7.53m,€8.63m,2.55,3.5,2.75,41.6667,42.5532,38.1679,43.4783,39.2157,40.0,27.7778,30.7692,31.25,31.25,28.5714,30.303,37.037,37.037,36.3636,35.7143,36.3636,37.037,H,40.847,2.0525,29.9869,1.4688,36.5921,0.542,ScotishPremierLeague
SC0,10/12/2016,Inverness C,Hamilton,D,2.05,3.8,3.2,2.0,3.3,3.4,2.0,3.3,3.3,2.1,3.4,3.4,2.1,3.4,3.4,2016/17,€6.70m,€8.78m,2.1,3.6,3.5,48.7805,50.0,47.619,50.0,47.619,47.619,26.3158,30.303,29.4118,30.303,27.7778,29.4118,31.25,29.4118,29.4118,30.303,28.5714,29.4118,H,48.6062,1.1696,28.9205,1.5745,29.7266,0.9257,ScotishPremierLeague
SC0,10/12/2016,Motherwell,Kilmarnock,D,1.95,3.4,3.9,1.91,3.3,3.6,1.9,3.3,3.7,1.95,3.5,3.75,2.0,3.4,3.8,2016/17,€7.13m,€7.58m,2.0,3.6,3.8,51.2821,52.356,50.0,52.6316,50.0,51.2821,29.4118,30.303,29.4118,30.303,27.7778,28.5714,25.641,27.7778,26.3158,27.027,26.3158,26.6667,H,51.2586,1.1188,29.2965,0.9884,26.624,0.7283,ScotishPremierLeague
SC0,10/12/2016,Rangers,Hearts,H,1.8,3.6,4.33,1.8,3.4,4.0,1.9,3.3,3.7,1.85,3.6,4.0,1.91,3.5,4.0,2016/17,€15.95m,€15.25m,1.9,3.75,4.0,55.5556,55.5556,52.356,52.6316,52.6316,54.0541,27.7778,29.4118,28.5714,30.303,26.6667,27.7778,23.0947,25.0,25.0,27.027,25.0,25.0,H,53.7974,1.4862,28.4181,1.3001,25.0203,1.2439,ScotishPremierLeague
SC0,13/12/2016,Celtic,Hamilton,H,1.1,9.0,21.0,1.11,7.5,16.0,1.15,6.2,14.0,1.12,9.5,21.0,1.12,8.0,21.0,2016/17,€67.98m,€8.78m,1.11,10.5,22.0,90.9091,90.0901,89.2857,86.9565,90.0901,89.2857,11.1111,13.3333,12.5,16.129,9.5238,10.5263,4.7619,6.25,4.7619,7.1429,4.5455,4.7619,H,89.4362,1.3579,12.1872,2.3647,5.3707,1.0683,ScotishPremierLeague
SC0,16/12/2016,Hamilton,Rangers,A,5.75,4.2,1.53,5.25,4.0,1.6,5.0,4.0,1.6,5.5,4.0,1.57,6.0,4.0,1.6,2016/17,€8.78m,€15.95m,5.75,4.2,1.6,17.3913,19.0476,16.6667,20.0,17.3913,18.1818,23.8095,25.0,25.0,25.0,23.8095,25.0,65.3595,62.5,62.5,62.5,62.5,63.6943,A,18.1131,1.2306,24.6032,0.6148,63.1756,1.1717,ScotishPremierLeague
SC0,17/12/2016,Celtic,Dundee,H,1.13,8.0,21.0,1.12,7.25,15.0,1.15,7.0,15.0,1.13,9.0,21.0,1.14,7.5,21.0,2016/17,€67.98m,€7.53m,1.12,9.5,26.0,88.4956,89.2857,87.7193,86.9565,89.2857,88.4956,12.5,13.7931,13.3333,14.2857,10.5263,11.1111,4.7619,6.6667,4.7619,6.6667,3.8462,4.7619,H,88.3731,0.9088,12.5916,1.5053,5.2442,1.1575,ScotishPremierLeague
SC0,17/12/2016,Hearts,Partick,D,1.67,3.75,5.0,1.67,3.6,4.5,1.6,4.0,5.0,1.67,3.8,4.75,1.7,3.6,5.0,2016/17,€15.25m,€7.23m,1.67,4.0,5.2,59.8802,59.8802,58.8235,62.5,59.8802,59.8802,26.6667,27.7778,27.7778,25.0,25.0,26.3158,20.0,22.2222,20.0,20.0,19.2308,21.0526,H,60.1407,1.2307,26.423,1.2483,20.4176,1.0575,ScotishPremierLeague
SC0,17/12/2016,Kilmarnock,Inverness C,D,2.88,3.3,2.4,2.6,3.2,2.5,2.6,3.2,2.6,2.9,3.3,2.4,2.9,3.3,2.4,2016/17,€7.58m,€6.70m,2.9,3.4,2.5,34.7222,38.4615,34.4828,38.4615,34.4828,34.4828,30.303,31.25,30.303,31.25,29.4118,30.303,41.6667,40.0,41.6667,38.4615,40.0,41.6667,A,35.8489,2.0258,30.4701,0.6957,40.5769,1.3194,ScotishPremierLeague
SC0,17/12/2016,Ross County,Aberdeen,H,4.75,3.5,1.75,4.0,3.4,1.8,4.2,3.5,1.8,4.0,3.6,1.83,4.2,3.6,1.83,2016/17,€8.63m,€12.03m,4.3,3.8,1.83,21.0526,25.0,23.8095,23.8095,23.2558,25.0,28.5714,29.4118,27.7778,28.5714,26.3158,27.7778,57.1429,55.5556,54.6448,55.5556,54.6448,54.6448,A,23.6546,1.4559,28.071,1.0537,55.3647,0.9787,ScotishPremierLeague
SC0,17/12/2016,St Johnstone,Motherwell,D,1.75,3.6,4.6,1.72,3.5,4.33,1.85,3.45,4.0,1.75,3.5,4.75,1.83,3.6,4.2,2016/17,€7.60m,€7.13m,1.8,3.75,4.6,57.1429,58.1395,54.6448,54.0541,55.5556,57.1429,27.7778,28.5714,27.7778,28.9855,26.6667,28.5714,21.7391,23.0947,23.8095,25.0,21.7391,21.0526,H,56.1133,1.6083,28.0584,0.8343,22.7392,1.4985,ScotishPremierLeague
SC0,20/12/2016,Celtic,Partick,H,1.14,8.0,15.0,1.13,8.5,15.0,1.12,8.0,16.0,1.15,8.0,19.0,1.15,7.5,17.0,2016/17,€67.98m,€7.23m,1.15,8.5,17.0,87.7193,88.4956,86.9565,89.2857,86.9565,86.9565,12.5,11.7647,13.3333,12.5,11.7647,12.5,6.6667,6.6667,5.8824,6.25,5.8824,5.2632,H,87.7284,0.9799,12.3938,0.5845,6.1019,0.5403,ScotishPremierLeague
SC0,23/12/2016,Dundee,Hearts,H,3.8,3.4,1.95,3.8,3.4,1.95,3.6,3.3,2.0,3.8,3.6,1.95,3.6,3.5,2.0,2016/17,€7.53m,€15.25m,3.8,3.6,2.0,26.3158,26.3158,27.7778,27.7778,26.3158,26.3158,29.4118,29.4118,28.5714,30.303,27.7778,27.7778,51.2821,51.2821,50.0,50.0,50.0,51.2821,A,26.8031,0.755,28.8756,1.0115,50.641,0.7022,ScotishPremierLeague
SC0,23/12/2016,Kilmarnock,St Johnstone,A,3.6,3.2,2.1,3.6,3.3,2.05,3.1,3.3,2.2,3.5,3.25,2.1,3.6,3.25,2.1,2016/17,€7.58m,€7.60m,3.5,3.5,2.15,27.7778,27.7778,27.7778,32.2581,28.5714,28.5714,31.25,30.303,30.7692,30.303,28.5714,30.7692,47.619,48.7805,47.619,45.4545,46.5116,47.619,A,28.7891,1.7434,30.3276,0.9302,47.2673,1.1418,ScotishPremierLeague
SC0,23/12/2016,Motherwell,Aberdeen,A,5.25,3.6,1.67,4.75,3.5,1.75,4.7,3.6,1.7,4.75,3.8,1.73,5.0,3.5,1.73,2016/17,€7.13m,€12.03m,4.8,3.8,1.75,19.0476,21.0526,20.0,21.2766,20.8333,21.0526,27.7778,28.5714,28.5714,27.7778,26.3158,26.3158,59.8802,57.1429,57.8035,58.8235,57.1429,57.8035,A,20.5438,0.8571,27.555,1.0234,58.0994,1.0678,ScotishPremierLeague
SC0,23/12/2016,Ross County,Partick,A,2.25,3.3,3.2,2.15,3.4,3.25,2.2,3.3,3.1,2.2,3.3,3.25,2.25,3.4,3.1,2016/17,€8.63m,€7.23m,2.25,3.4,3.3,44.4444,46.5116,44.4444,45.4545,44.4444,45.4545,30.303,29.4118,29.4118,30.303,29.4118,30.303,31.25,30.7692,32.2581,32.2581,30.303,30.7692,H,45.1256,0.8402,29.8574,0.4881,31.2679,0.8234,ScotishPremierLeague
SC0,24/12/2016,Hamilton,Celtic,A,13.0,6.5,1.2,14.5,6.0,1.2,10.3,5.5,1.25,13.0,6.0,1.22,13.0,5.5,1.25,2016/17,€8.78m,€67.98m,15.0,6.5,1.22,7.6923,6.8966,7.6923,9.7087,6.6667,7.6923,15.3846,16.6667,18.1818,18.1818,15.3846,16.6667,83.3333,83.3333,80.0,80.0,81.9672,81.9672,A,7.7248,1.0719,16.7444,1.2524,81.7668,1.4988,ScotishPremierLeague
SC0,24/12/2016,Rangers,Inverness C,H,1.4,4.5,7.5,1.45,4.33,6.75,1.45,4.0,7.0,1.4,4.33,8.0,1.44,4.5,7.0,2016/17,€15.95m,€6.70m,1.44,4.6,7.5,71.4286,68.9655,69.4444,68.9655,69.4444,71.4286,22.2222,23.0947,22.2222,25.0,21.7391,23.0947,13.3333,14.8148,14.2857,14.2857,13.3333,12.5,H,69.9462,1.1681,22.8955,1.1621,13.7588,0.8505,ScotishPremierLeague
SC0,27/12/2016,Aberdeen,Hamilton,H,1.33,4.75,10.0,1.35,4.4,9.75,1.4,4.4,7.3,1.35,4.75,9.0,1.36,4.6,9.0,2016/17,€12.03m,€8.78m,1.36,5.0,9.5,75.188,74.0741,73.5294,71.4286,73.5294,74.0741,21.0526,22.7273,21.7391,22.7273,20.0,21.0526,10.0,10.2564,11.1111,13.6986,10.5263,11.1111,H,73.6373,1.24,21.5498,1.0682,11.1172,1.3418,ScotishPremierLeague
SC0,27/12/2016,Hearts,Kilmarnock,H,1.44,4.2,7.5,1.5,4.1,6.25,1.5,4.0,6.1,1.44,4.33,7.0,1.5,4.2,6.5,2016/17,€15.25m,€7.58m,1.5,4.5,7.0,69.4444,66.6667,66.6667,66.6667,66.6667,69.4444,23.8095,24.3902,23.8095,25.0,22.2222,23.0947,13.3333,16.0,15.3846,16.3934,14.2857,14.2857,H,67.5926,1.4344,23.721,0.9734,14.9471,1.1723,ScotishPremierLeague
SC0,28/12/2016,Celtic,Ross County,H,1.13,8.5,17.0,1.12,8.25,18.0,1.12,8.0,16.0,1.15,8.0,17.0,1.14,7.5,19.0,2016/17,€67.98m,€8.63m,1.13,9.5,19.0,88.4956,89.2857,87.7193,89.2857,88.4956,86.9565,11.7647,12.1212,13.3333,12.5,10.5263,12.5,5.8824,5.5556,5.2632,6.25,5.2632,5.8824,H,88.3731,0.9088,12.1242,0.9409,5.6828,0.3924,ScotishPremierLeague
SC0,28/12/2016,Inverness C,Motherwell,A,2.05,3.5,3.4,2.05,3.4,3.5,2.1,3.3,3.3,2.0,3.4,3.6,2.05,3.6,3.4,2016/17,€6.70m,€7.13m,2.1,3.5,3.6,48.7805,48.7805,48.7805,47.619,47.619,50.0,28.5714,29.4118,27.7778,30.303,28.5714,29.4118,29.4118,28.5714,29.4118,30.303,27.7778,27.7778,H,48.5966,0.8925,29.0079,0.8829,28.8756,1.0115,ScotishPremierLeague
SC0,28/12/2016,Partick,Dundee,H,2.05,3.3,3.6,2.05,3.5,3.4,2.1,3.3,3.3,2.05,3.25,3.8,2.1,3.25,3.6,2016/17,€7.23m,€7.53m,2.05,3.5,3.75,48.7805,48.7805,47.619,47.619,48.7805,48.7805,30.303,28.5714,30.7692,30.303,28.5714,30.7692,27.7778,29.4118,27.7778,30.303,26.6667,26.3158,H,48.3933,0.5998,29.8812,1.0358,28.0421,1.5491,ScotishPremierLeague
SC0,28/12/2016,St Johnstone,Rangers,D,4.0,3.4,1.91,3.8,3.4,1.95,3.8,3.45,1.9,3.8,3.4,1.95,3.8,3.4,2.0,2016/17,€7.60m,€15.95m,3.9,3.6,2.0,25.0,26.3158,26.3158,26.3158,25.641,26.3158,29.4118,29.4118,29.4118,28.9855,27.7778,29.4118,52.356,51.2821,50.0,52.6316,50.0,51.2821,A,25.984,0.5525,29.0684,0.6549,51.2586,1.1188,ScotishPremierLeague
SC0,30/12/2016,Hearts,Aberdeen,A,2.6,3.4,2.6,2.55,3.4,2.6,2.6,3.2,2.6,2.6,3.3,2.62,2.7,3.1,2.7,2016/17,€15.25m,€12.03m,2.6,3.5,2.7,38.4615,39.2157,37.037,38.4615,38.4615,38.4615,29.4118,29.4118,32.2581,31.25,28.5714,30.303,38.4615,38.4615,37.037,38.4615,37.037,38.1679,H,38.3498,0.7104,30.201,1.3597,37.9377,0.7069,ScotishPremierLeague
SC0,31/12/2016,Dundee,St Johnstone,H,3.1,3.3,2.3,3.1,3.2,2.3,2.9,3.3,2.3,3.2,3.3,2.25,3.2,3.2,2.3,2016/17,€7.53m,€7.60m,3.2,3.4,2.3,32.2581,32.2581,31.25,34.4828,31.25,31.25,30.303,31.25,31.25,30.303,29.4118,30.303,43.4783,43.4783,43.4783,43.4783,43.4783,44.4444,A,32.1248,1.2563,30.4701,0.6957,43.6393,0.3944,ScotishPremierLeague
SC0,31/12/2016,Hamilton,Motherwell,D,2.55,3.3,2.7,2.55,3.25,2.7,2.5,3.3,2.65,2.5,3.25,2.8,2.6,3.3,2.7,2016/17,€8.78m,€7.13m,2.55,3.4,2.8,39.2157,39.2157,38.4615,40.0,39.2157,40.0,30.303,30.7692,30.303,30.303,29.4118,30.7692,37.037,37.037,37.037,37.7358,35.7143,35.7143,H,39.3514,0.5811,30.3099,0.4957,36.7126,0.8192,ScotishPremierLeague
SC0,31/12/2016,Partick,Kilmarnock,D,1.8,3.4,4.75,1.8,3.6,4.2,1.85,3.45,4.0,1.8,3.6,4.33,1.85,3.5,4.33,2016/17,€7.23m,€7.58m,1.83,3.7,4.5,55.5556,55.5556,54.0541,54.0541,54.6448,55.5556,29.4118,27.7778,28.5714,28.9855,27.027,27.7778,21.0526,23.8095,23.0947,25.0,22.2222,23.0947,H,54.9033,0.7464,28.2586,0.8872,23.0456,1.346,ScotishPremierLeague
SC0,31/12/2016,Rangers,Celtic,A,4.5,3.75,1.75,4.6,3.8,1.75,4.5,3.5,1.75,4.5,3.8,1.73,5.0,3.75,1.75,2016/17,€15.95m,€67.98m,4.6,4.1,1.73,22.2222,21.7391,20.0,22.2222,21.7391,22.2222,26.6667,26.3158,26.6667,28.5714,24.3902,26.3158,57.1429,57.1429,57.1429,57.1429,57.8035,57.8035,A,21.6908,0.8615,26.4878,1.3315,57.3631,0.3411,ScotishPremierLeague
SC0,31/12/2016,Ross County,Inverness C,H,2.35,3.2,3.0,2.45,3.2,2.85,2.3,3.3,2.9,2.4,3.3,2.88,2.5,3.3,2.8,2016/17,€8.63m,€6.70m,2.45,3.5,2.9,42.5532,40.8163,40.0,43.4783,40.8163,41.6667,31.25,31.25,30.303,30.303,28.5714,30.303,33.3333,35.0877,35.7143,34.4828,34.4828,34.7222,H,41.5551,1.282,30.3301,0.9785,34.6372,0.7897,ScotishPremierLeague
SC0,25/01/2017,Celtic,St Johnstone,H,1.22,6.5,11.0,1.19,6.5,12.5,1.2,5.8,13.0,1.22,6.0,12.0,1.22,6.0,13.0,2016/17,€67.98m,€7.60m,1.22,7.0,13.0,81.9672,84.0336,81.9672,83.3333,81.9672,81.9672,15.3846,15.3846,16.6667,17.2414,14.2857,16.6667,9.0909,8.0,7.6923,7.6923,7.6923,8.3333,H,82.5393,0.9135,15.9383,1.1048,8.0835,0.5556,ScotishPremierLeague
SC0,27/01/2017,Aberdeen,Dundee,H,1.36,4.75,8.0,1.36,4.75,7.75,1.4,4.4,7.3,1.4,4.5,8.0,1.36,5.0,8.0,2016/17,€12.03m,€7.53m,1.4,5.0,8.0,73.5294,73.5294,73.5294,71.4286,71.4286,71.4286,21.0526,21.0526,20.0,22.7273,20.0,22.2222,12.5,12.9032,12.5,13.6986,12.5,12.5,H,72.479,1.1507,21.1758,1.1223,12.767,0.4841,ScotishPremierLeague
SC0,28/01/2017,Inverness C,Partick,D,2.45,3.4,2.75,2.4,3.4,2.8,2.4,3.3,2.75,2.5,3.3,2.8,2.7,3.1,2.7,2016/17,€6.70m,€7.23m,2.5,3.4,2.88,40.8163,41.6667,37.037,41.6667,40.0,40.0,29.4118,29.4118,32.2581,30.303,29.4118,30.303,36.3636,35.7143,37.037,36.3636,34.7222,35.7143,H,40.1978,1.7185,30.1832,1.1063,35.9858,0.7918,ScotishPremierLeague
SC0,28/01/2017,Kilmarnock,Ross County,H,3.2,3.4,2.2,3.0,3.3,2.3,2.75,3.3,2.4,3.1,3.3,2.25,3.2,3.2,2.3,2016/17,€7.58m,€8.63m,3.2,3.4,2.3,31.25,33.3333,31.25,36.3636,31.25,32.2581,29.4118,30.303,31.25,30.303,29.4118,30.303,45.4545,43.4783,43.4783,41.6667,43.4783,44.4444,A,32.6175,2.0142,30.1638,0.6883,43.6668,1.2576,ScotishPremierLeague
SC0,28/01/2017,Motherwell,Rangers,A,5.25,4.2,1.57,5.0,4.0,1.6,5.4,3.7,1.6,5.0,4.0,1.62,5.0,3.8,1.67,2016/17,€7.13m,€15.95m,5.4,4.2,1.62,19.0476,20.0,20.0,18.5185,18.5185,20.0,23.8095,25.0,26.3158,27.027,23.8095,25.0,63.6943,62.5,59.8802,62.5,61.7284,61.7284,A,19.3474,0.7405,25.1603,1.3054,62.0052,1.2658,ScotishPremierLeague
SC0,28/01/2017,St Johnstone,Hamilton,H,1.57,3.75,6.0,1.6,3.8,5.5,1.65,3.6,5.1,1.62,3.8,5.75,1.62,3.8,5.5,2016/17,€7.60m,€8.78m,1.65,3.8,6.0,63.6943,62.5,61.7284,60.6061,60.6061,61.7284,26.6667,26.3158,26.3158,27.7778,26.3158,26.3158,16.6667,18.1818,18.1818,19.6078,16.6667,17.3913,H,61.8106,1.178,26.6179,0.5853,17.7827,1.1219,ScotishPremierLeague
SC0,29/01/2017,Celtic,Hearts,H,1.29,5.5,10.0,1.3,5.5,8.5,1.25,5.5,10.3,1.3,5.5,9.5,1.3,5.0,11.0,2016/17,€67.98m,€15.25m,1.29,6.0,10.5,77.5194,76.9231,76.9231,80.0,77.5194,76.9231,18.1818,18.1818,20.0,18.1818,16.6667,18.1818,10.0,11.7647,9.0909,9.7087,9.5238,10.5263,H,77.6347,1.195,18.2323,1.057,10.1024,0.9451,ScotishPremierLeague
SC0,31/01/2017,Hamilton,Inverness C,H,2.7,3.2,2.6,2.7,3.2,2.6,2.65,3.3,2.5,2.62,3.25,2.7,2.7,3.1,2.7,2016/17,€8.78m,€6.70m,2.7,3.25,2.75,37.037,37.037,37.037,37.7358,37.037,38.1679,31.25,31.25,32.2581,30.303,30.7692,30.7692,38.4615,38.4615,37.037,40.0,36.3636,37.037,A,37.342,0.4918,31.0999,0.6694,37.8934,1.3334,ScotishPremierLeague
SC0,31/01/2017,Ross County,Motherwell,A,2.0,3.4,3.75,2.0,3.4,3.6,2.0,3.3,3.6,2.0,3.5,3.6,2.05,3.6,3.4,2016/17,€8.63m,€7.13m,2.05,3.6,3.6,50.0,50.0,48.7805,50.0,48.7805,50.0,29.4118,29.4118,27.7778,30.303,27.7778,28.5714,26.6667,27.7778,29.4118,27.7778,27.7778,27.7778,H,49.5935,0.6297,28.8756,1.0115,27.865,0.8785,ScotishPremierLeague
SC0,01/02/2017,Celtic,Aberdeen,H,1.36,4.75,8.5,1.3,5.0,9.5,1.4,4.4,7.3,1.4,4.5,8.0,1.4,4.5,8.5,2016/17,€67.98m,€12.03m,1.4,5.0,8.0,73.5294,76.9231,71.4286,71.4286,71.4286,71.4286,21.0526,20.0,22.2222,22.7273,20.0,22.2222,11.7647,10.5263,11.7647,13.6986,12.5,12.5,H,72.6945,2.2355,21.3707,1.1958,12.1257,1.0557,ScotishPremierLeague
SC0,01/02/2017,Hearts,Rangers,H,2.8,3.4,2.4,2.9,3.2,2.4,2.75,3.3,2.4,2.75,3.4,2.4,2.8,3.3,2.5,2016/17,€15.25m,€15.95m,2.9,3.4,2.5,35.7143,34.4828,35.7143,36.3636,34.4828,36.3636,29.4118,31.25,30.303,30.303,29.4118,29.4118,41.6667,41.6667,40.0,41.6667,40.0,41.6667,A,35.5202,0.8544,30.0152,0.746,41.1111,0.8607,ScotishPremierLeague
SC0,01/02/2017,Partick,St Johnstone,A,2.63,3.25,2.63,2.65,3.2,2.65,2.6,3.2,2.6,2.75,3.1,2.62,2.7,3.1,2.7,2016/17,€7.23m,€7.60m,2.8,3.25,2.7,38.0228,37.7358,37.037,38.4615,35.7143,36.3636,30.7692,31.25,32.2581,31.25,30.7692,32.2581,38.0228,37.7358,37.037,38.4615,37.037,38.1679,A,37.2225,1.0475,31.4258,0.6796,37.7437,0.5953,ScotishPremierLeague
SC0,04/02/2017,Aberdeen,Partick,H,1.5,4.33,6.0,1.57,4.0,5.5,1.55,3.9,5.6,1.55,3.8,6.0,1.57,3.8,6.0,2016/17,€12.03m,€7.23m,1.55,4.3,6.25,66.6667,63.6943,63.6943,64.5161,64.5161,64.5161,23.0947,25.0,26.3158,25.641,23.2558,26.3158,16.6667,18.1818,16.6667,17.8571,16.0,16.6667,H,64.6006,1.0893,24.9372,1.4507,17.0065,0.8324,ScotishPremierLeague
SC0,04/02/2017,Hamilton,Kilmarnock,D,2.1,3.3,3.5,2.1,3.25,3.5,2.2,3.3,3.1,2.15,3.3,3.4,2.2,3.3,3.3,2016/17,€8.78m,€7.58m,2.15,3.4,3.5,47.619,47.619,45.4545,45.4545,46.5116,46.5116,30.303,30.7692,30.303,30.303,29.4118,30.303,28.5714,28.5714,30.303,32.2581,28.5714,29.4118,H,46.5284,0.9681,30.2322,0.4431,29.6145,1.4675,ScotishPremierLeague
SC0,04/02/2017,Inverness C,Dundee,D,2.15,3.3,3.4,2.1,3.25,3.5,2.1,3.3,3.3,2.05,3.25,3.75,2.2,3.3,3.3,2016/17,€6.70m,€7.53m,2.1,3.4,3.7,46.5116,47.619,45.4545,47.619,47.619,48.7805,30.303,30.7692,30.303,30.303,29.4118,30.7692,29.4118,28.5714,30.303,30.303,27.027,26.6667,H,47.2673,1.1418,30.3099,0.4957,28.7138,1.5871,ScotishPremierLeague
SC0,04/02/2017,Motherwell,Hearts,A,4.0,3.4,1.91,3.9,3.5,1.9,3.6,3.3,2.0,3.75,3.8,1.85,3.75,3.6,1.95,2016/17,€7.13m,€15.25m,3.8,3.8,1.93,25.0,25.641,26.6667,27.7778,26.3158,26.6667,29.4118,28.5714,27.7778,30.303,26.3158,26.3158,52.356,52.6316,51.2821,50.0,51.8135,54.0541,A,26.3447,0.9556,28.1159,1.6288,52.0229,1.3632,ScotishPremierLeague
SC0,04/02/2017,Rangers,Ross County,D,1.4,4.5,7.5,1.4,4.75,7.0,1.45,4.0,7.0,1.44,4.5,6.5,1.44,4.5,7.0,2016/17,€15.95m,€8.63m,1.45,4.75,7.0,71.4286,71.4286,69.4444,68.9655,68.9655,69.4444,22.2222,21.0526,22.2222,25.0,21.0526,22.2222,13.3333,14.2857,14.2857,14.2857,14.2857,15.3846,H,69.9462,1.1681,22.2953,1.4436,14.3101,0.6498,ScotishPremierLeague
SC0,05/02/2017,St Johnstone,Celtic,A,7.0,4.33,1.44,6.5,4.33,1.45,7.0,4.0,1.45,7.0,4.33,1.44,8.0,4.2,1.44,2016/17,€7.60m,€67.98m,7.5,4.5,1.45,14.2857,15.3846,12.5,14.2857,13.3333,14.2857,23.0947,23.0947,23.8095,25.0,22.2222,23.0947,69.4444,68.9655,69.4444,68.9655,68.9655,69.4444,A,14.0125,0.9854,23.386,0.9374,69.205,0.2623,ScotishPremierLeague
SC0,11/02/2017,Dundee,Kilmarnock,D,2.1,3.3,3.5,2.0,3.4,3.6,2.0,3.3,3.6,2.15,3.3,3.4,2.1,3.3,3.6,2016/17,€7.53m,€7.58m,2.15,3.4,3.5,47.619,50.0,47.619,50.0,46.5116,46.5116,30.303,29.4118,30.303,30.303,29.4118,30.303,28.5714,27.7778,27.7778,27.7778,28.5714,29.4118,H,48.0435,1.5943,30.0059,0.4602,28.3147,0.6634,ScotishPremierLeague
SC0,15/02/2017,Aberdeen,Motherwell,H,1.33,5.0,8.5,1.4,5.0,6.5,1.4,4.4,7.3,1.36,4.75,8.0,1.4,4.5,8.0,2016/17,€12.03m,€7.13m,1.36,5.0,9.0,75.188,71.4286,71.4286,71.4286,73.5294,73.5294,20.0,20.0,22.2222,22.7273,20.0,21.0526,11.7647,15.3846,12.5,13.6986,11.1111,12.5,H,72.7554,1.5746,21.0004,1.2231,12.8265,1.5223,ScotishPremierLeague
SC0,18/02/2017,Celtic,Motherwell,H,1.07,10.0,29.0,1.1,8.75,21.0,1.1,8.0,20.0,1.09,11.0,29.0,1.08,10.0,26.0,2016/17,€67.98m,€7.13m,1.07,11.0,31.0,93.4579,90.9091,92.5926,90.9091,93.4579,91.7431,10.0,11.4286,10.0,12.5,9.0909,9.0909,3.4483,4.7619,3.8462,5.0,3.2258,3.4483,H,92.1783,1.1711,10.3517,1.3566,3.9551,0.7484,ScotishPremierLeague
SC0,18/02/2017,Hearts,Inverness C,D,1.53,4.0,6.0,1.55,4.0,5.75,1.6,3.7,5.4,1.55,4.0,6.0,1.53,4.2,6.0,2016/17,€15.25m,€6.70m,1.53,4.4,6.25,65.3595,64.5161,65.3595,62.5,65.3595,64.5161,25.0,25.0,23.8095,27.027,22.7273,25.0,16.6667,17.3913,16.6667,18.5185,16.0,16.6667,H,64.6018,1.1095,24.7606,1.4386,16.985,0.8707,ScotishPremierLeague
SC0,18/02/2017,Partick,Hamilton,H,1.75,3.5,4.75,1.83,3.5,4.25,1.8,3.5,4.2,1.8,3.5,4.5,1.8,3.5,4.6,2016/17,€7.23m,€8.78m,1.83,3.7,4.5,57.1429,54.6448,55.5556,55.5556,54.6448,55.5556,28.5714,28.5714,28.5714,28.5714,27.027,28.5714,21.0526,23.5294,21.7391,23.8095,22.2222,22.2222,H,55.5166,0.9132,28.314,0.6305,22.4292,1.0557,ScotishPremierLeague
SC0,18/02/2017,Ross County,St Johnstone,A,2.9,3.3,2.4,2.75,3.25,2.5,2.75,3.3,2.4,2.8,3.3,2.4,2.8,3.3,2.5,2016/17,€8.63m,€7.60m,2.9,3.4,2.5,34.4828,36.3636,35.7143,36.3636,34.4828,35.7143,30.303,30.7692,30.303,30.303,29.4118,30.303,41.6667,40.0,40.0,41.6667,40.0,41.6667,A,35.5202,0.8544,30.2322,0.4431,40.8333,0.9129,ScotishPremierLeague
SC0,19/02/2017,Dundee,Rangers,H,5.5,3.8,1.62,5.0,3.9,1.62,5.1,3.6,1.65,5.25,3.8,1.62,5.0,3.8,1.67,2016/17,€7.53m,€15.95m,5.75,4.0,1.62,18.1818,20.0,20.0,19.6078,17.3913,19.0476,26.3158,25.641,26.3158,27.7778,25.0,26.3158,61.7284,61.7284,59.8802,60.6061,61.7284,61.7284,A,19.0381,1.0602,26.2277,0.9249,61.2333,0.8006,ScotishPremierLeague
SC0,19/02/2017,Kilmarnock,Aberdeen,A,7.0,4.33,1.44,6.5,3.75,1.53,5.6,3.9,1.55,7.0,4.33,1.44,7.0,4.0,1.5,2016/17,€7.58m,€12.03m,7.5,4.5,1.45,14.2857,15.3846,14.2857,17.8571,13.3333,14.2857,23.0947,26.6667,25.0,25.641,22.2222,23.0947,69.4444,65.3595,66.6667,64.5161,68.9655,69.4444,A,14.9054,1.5853,24.2866,1.7385,67.3994,2.183,ScotishPremierLeague
SC0,24/02/2017,Inverness C,Rangers,H,4.0,3.75,1.83,4.1,3.6,1.83,4.0,3.45,1.85,4.0,3.6,1.85,4.0,3.5,1.91,2016/17,€6.70m,€15.95m,4.1,3.75,1.9,25.0,24.3902,25.0,25.0,24.3902,25.0,26.6667,27.7778,28.5714,28.9855,26.6667,27.7778,54.6448,54.6448,52.356,54.0541,52.6316,54.0541,A,24.7967,0.3149,27.741,0.9539,53.7309,0.9978,ScotishPremierLeague
SC0,25/02/2017,Aberdeen,Ross County,H,1.4,4.75,7.0,1.44,4.75,6.0,1.4,4.6,7.0,1.4,4.5,7.0,1.44,4.5,7.0,2016/17,€12.03m,€8.63m,1.44,4.8,7.0,71.4286,69.4444,69.4444,71.4286,69.4444,71.4286,21.0526,21.0526,22.2222,21.7391,20.8333,22.2222,14.2857,16.6667,14.2857,14.2857,14.2857,14.2857,H,70.4365,1.0868,21.5203,0.6233,14.6825,0.972,ScotishPremierLeague
SC0,25/02/2017,Celtic,Hamilton,H,1.08,10.0,23.0,1.08,10.0,23.0,1.1,8.0,20.0,1.08,11.0,34.0,1.1,11.0,26.0,2016/17,€67.98m,€8.78m,1.06,12.0,26.0,92.5926,92.5926,90.9091,90.9091,94.3396,92.5926,10.0,10.0,9.0909,12.5,8.3333,9.0909,4.3478,4.3478,3.8462,5.0,3.8462,2.9412,H,92.3226,1.2871,9.8358,1.4505,4.0549,0.6917,ScotishPremierLeague
SC0,25/02/2017,Motherwell,Dundee,A,2.6,3.4,2.63,2.6,3.3,2.6,2.6,3.2,2.6,2.62,3.4,2.6,2.62,3.3,2.62,2016/17,€7.13m,€7.53m,2.7,3.5,2.6,38.4615,38.4615,38.1679,38.4615,37.037,38.1679,29.4118,30.303,30.303,31.25,28.5714,29.4118,38.0228,38.4615,38.1679,38.4615,38.4615,38.4615,H,38.1262,0.5527,29.8752,0.9365,38.3394,0.1946,ScotishPremierLeague
SC0,25/02/2017,Partick,Hearts,H,2.8,3.4,2.4,2.9,3.4,2.3,2.9,3.3,2.3,2.9,3.3,2.4,2.9,3.4,2.4,2016/17,€7.23m,€15.25m,3.0,3.4,2.45,35.7143,34.4828,34.4828,34.4828,33.3333,34.4828,29.4118,29.4118,29.4118,30.303,29.4118,30.303,41.6667,43.4783,41.6667,43.4783,40.8163,41.6667,A,34.4965,0.7532,29.7089,0.4602,42.1288,1.096,ScotishPremierLeague
SC0,25/02/2017,St Johnstone,Kilmarnock,A,1.62,4.0,5.0,1.62,3.8,5.25,1.65,3.7,4.9,1.67,3.8,5.25,1.7,3.75,5.0,2016/17,€7.60m,€7.58m,1.65,4.0,5.4,61.7284,61.7284,58.8235,60.6061,60.6061,59.8802,25.0,26.3158,26.6667,27.027,25.0,26.3158,20.0,19.0476,20.0,20.4082,18.5185,19.0476,H,60.5621,1.1146,26.0542,0.858,19.5037,0.7345,ScotishPremierLeague
SC0,28/02/2017,Hamilton,Aberdeen,H,7.0,4.0,1.5,6.0,3.75,1.57,6.1,4.0,1.5,6.5,3.8,1.53,6.0,4.0,1.55,2016/17,€8.78m,€12.03m,7.0,4.0,1.55,14.2857,16.6667,16.6667,16.3934,14.2857,15.3846,25.0,26.6667,25.0,25.0,25.0,26.3158,66.6667,63.6943,64.5161,66.6667,64.5161,65.3595,A,15.6138,1.1318,25.4971,0.778,65.2366,1.2266,ScotishPremierLeague
SC0,01/03/2017,Dundee,Partick,A,2.8,3.2,2.5,2.75,3.25,2.5,2.65,3.3,2.5,2.8,3.1,2.5,2.7,3.2,2.62,2016/17,€7.53m,€7.23m,2.88,3.3,2.6,35.7143,36.3636,37.037,37.7358,34.7222,35.7143,31.25,30.7692,31.25,30.303,30.303,32.2581,40.0,40.0,38.1679,40.0,38.4615,40.0,A,36.2145,1.0715,31.0222,0.7389,39.4382,0.8752,ScotishPremierLeague
SC0,01/03/2017,Hearts,Ross County,A,1.67,3.8,5.0,1.65,3.7,5.25,1.6,3.9,5.0,1.67,3.8,4.75,1.67,3.8,5.0,2016/17,€15.25m,€8.63m,1.7,4.0,5.0,59.8802,60.6061,59.8802,62.5,58.8235,59.8802,26.3158,27.027,26.3158,25.641,25.0,26.3158,20.0,19.0476,20.0,20.0,20.0,21.0526,H,60.2617,1.2356,26.1026,0.6957,20.0167,0.6346,ScotishPremierLeague
SC0,01/03/2017,Inverness C,Celtic,A,12.0,5.5,1.25,11.5,5.5,1.25,10.3,5.5,1.25,12.0,5.75,1.25,9.0,5.5,1.3,2016/17,€6.70m,€67.98m,11.0,5.5,1.29,8.3333,8.6957,11.1111,9.7087,9.0909,8.3333,18.1818,18.1818,18.1818,18.1818,18.1818,17.3913,80.0,80.0,76.9231,80.0,77.5194,80.0,A,9.2122,1.0657,18.05,0.3227,79.0738,1.4473,ScotishPremierLeague
SC0,01/03/2017,Rangers,St Johnstone,H,1.62,3.8,5.5,1.6,3.8,5.5,1.6,3.9,5.0,1.62,3.8,5.5,1.7,3.6,5.0,2016/17,€15.95m,€7.60m,1.62,4.0,5.75,61.7284,62.5,58.8235,62.5,61.7284,61.7284,26.3158,26.3158,27.7778,25.641,25.0,26.3158,18.1818,18.1818,20.0,20.0,17.3913,18.1818,H,61.5014,1.3653,26.2277,0.9249,18.6561,1.0851,ScotishPremierLeague
SC0,04/03/2017,Kilmarnock,Motherwell,A,2.15,3.5,3.2,2.15,3.3,3.3,2.2,3.3,3.1,2.15,3.4,3.25,2.2,3.3,3.3,2016/17,€7.58m,€7.13m,2.2,3.5,3.3,46.5116,46.5116,45.4545,45.4545,45.4545,46.5116,28.5714,30.303,30.303,30.303,28.5714,29.4118,31.25,30.303,30.303,32.2581,30.303,30.7692,H,45.983,0.579,29.5773,0.8522,30.8644,0.7805,ScotishPremierLeague
SC0,11/03/2017,Aberdeen,Motherwell,H,1.3,5.25,9.5,1.33,5.25,8.0,1.3,5.0,9.0,1.29,5.5,10.0,1.33,5.0,9.0,2016/17,€12.03m,€7.13m,1.3,5.5,11.0,76.9231,75.188,75.188,76.9231,76.9231,77.5194,19.0476,19.0476,20.0,20.0,18.1818,18.1818,10.5263,12.5,11.1111,11.1111,9.0909,10.0,H,76.4441,1.0,19.0765,0.8134,10.7232,1.1562,ScotishPremierLeague
SC0,11/03/2017,Hearts,Hamilton,H,1.62,4.0,5.0,1.62,3.9,5.0,1.65,3.8,4.7,1.62,3.8,5.25,1.67,3.6,5.5,2016/17,€15.25m,€8.78m,1.65,4.0,5.4,61.7284,61.7284,59.8802,60.6061,60.6061,61.7284,25.0,25.641,27.7778,26.3158,25.0,26.3158,20.0,20.0,18.1818,21.2766,18.5185,19.0476,H,61.0463,0.7929,26.0084,1.0477,19.5041,1.1456,ScotishPremierLeague
SC0,11/03/2017,Partick,Inverness C,D,1.95,3.5,3.8,2.0,3.3,3.75,1.9,3.45,3.8,1.95,3.3,3.8,2.0,3.4,3.8,2016/17,€7.23m,€6.70m,2.0,3.5,3.9,51.2821,50.0,50.0,52.6316,50.0,51.2821,28.5714,30.303,29.4118,28.9855,28.5714,30.303,26.3158,26.6667,26.3158,26.3158,25.641,26.3158,H,50.866,1.069,29.3577,0.7956,26.2618,0.335,ScotishPremierLeague
SC0,11/03/2017,Ross County,Kilmarnock,A,1.91,3.5,4.0,1.95,3.3,3.9,1.85,3.45,4.0,1.95,3.5,3.8,2.0,3.4,3.8,2016/17,€8.63m,€7.58m,2.0,3.6,3.8,52.356,51.2821,50.0,54.0541,50.0,51.2821,28.5714,30.303,29.4118,28.9855,27.7778,28.5714,25.0,25.641,26.3158,25.0,26.3158,26.3158,H,51.4957,1.5395,28.9368,0.8608,25.7647,0.6475,ScotishPremierLeague
SC0,11/03/2017,St Johnstone,Dundee,H,1.91,3.5,4.0,1.95,3.4,3.8,1.9,3.45,3.8,2.0,3.4,3.75,2.0,3.4,3.8,2016/17,€7.60m,€7.53m,2.0,3.5,3.9,52.356,51.2821,50.0,52.6316,50.0,50.0,28.5714,29.4118,29.4118,28.9855,28.5714,29.4118,25.0,26.3158,26.3158,26.3158,25.641,26.6667,H,51.045,1.2303,29.0606,0.4134,26.0425,0.6102,ScotishPremierLeague
SC0,12/03/2017,Celtic,Rangers,D,1.33,5.25,8.5,1.36,5.25,8.0,1.4,4.4,7.3,1.36,4.75,8.5,1.4,4.8,9.0,2016/17,€67.98m,€15.95m,1.4,5.0,8.5,75.188,73.5294,71.4286,71.4286,71.4286,73.5294,19.0476,19.0476,20.8333,22.7273,20.0,21.0526,11.7647,12.5,11.1111,13.6986,11.7647,11.7647,H,72.7554,1.5746,20.4514,1.4023,12.1006,0.8979,ScotishPremierLeague
SC0,18/03/2017,Aberdeen,Hearts,H,1.73,3.5,5.0,1.75,3.6,4.5,1.7,3.6,4.7,1.75,3.6,4.75,1.8,3.6,4.5,2016/17,€12.03m,€15.25m,1.75,3.75,4.8,57.8035,57.1429,55.5556,58.8235,57.1429,57.1429,28.5714,27.7778,27.7778,27.7778,26.6667,27.7778,20.0,22.2222,22.2222,21.2766,20.8333,21.0526,H,57.2686,1.0664,27.7249,0.6079,21.2678,0.8561,ScotishPremierLeague
SC0,18/03/2017,Inverness C,Ross County,D,2.55,3.4,2.63,2.5,3.4,2.65,2.5,3.3,2.65,2.62,3.3,2.62,2.5,3.3,2.8,2016/17,€6.70m,€8.63m,2.63,3.4,2.75,39.2157,40.0,40.0,40.0,38.0228,38.1679,29.4118,29.4118,30.303,30.303,29.4118,30.303,38.0228,37.7358,35.7143,37.7358,36.3636,38.1679,H,39.2344,0.9343,29.8574,0.4881,37.29,1.0046,ScotishPremierLeague
SC0,18/03/2017,Kilmarnock,Partick,D,2.88,3.3,2.45,3.0,3.3,2.3,3.1,3.3,2.2,2.9,3.1,2.4,3.0,3.25,2.38,2016/17,€7.58m,€7.23m,3.0,3.25,2.5,34.7222,33.3333,33.3333,32.2581,33.3333,34.4828,30.303,30.303,30.7692,30.303,30.7692,32.2581,40.8163,43.4783,42.0168,45.4545,40.0,41.6667,A,33.5772,0.9,30.7843,0.7573,42.2388,1.9641,ScotishPremierLeague
SC0,18/03/2017,Motherwell,St Johnstone,A,3.5,3.4,2.05,3.4,3.3,2.1,3.1,3.3,2.2,3.4,3.4,2.1,3.2,3.4,2.2,2016/17,€7.13m,€7.60m,3.5,3.5,2.15,28.5714,29.4118,31.25,32.2581,28.5714,29.4118,29.4118,30.303,29.4118,30.303,28.5714,29.4118,48.7805,47.619,45.4545,45.4545,46.5116,47.619,A,29.9124,1.5093,29.5688,0.6553,46.9065,1.3341,ScotishPremierLeague
SC0,18/03/2017,Rangers,Hamilton,H,1.3,5.25,9.5,1.3,5.25,9.25,1.3,5.0,9.0,1.33,5.0,9.5,1.36,4.8,8.5,2016/17,€15.95m,€8.78m,1.33,5.5,9.5,76.9231,76.9231,73.5294,76.9231,75.188,75.188,19.0476,19.0476,20.8333,20.0,18.1818,20.0,10.5263,10.8108,11.7647,11.1111,10.5263,10.5263,H,75.7791,1.3918,19.5184,0.9405,10.8776,0.4932,ScotishPremierLeague
SC0,19/03/2017,Dundee,Celtic,A,15.0,6.5,1.18,14.5,6.75,1.17,12.0,6.0,1.2,15.0,6.5,1.2,13.0,6.0,1.22,2016/17,€7.53m,€67.98m,15.0,7.0,1.2,6.6667,6.8966,7.6923,8.3333,6.6667,6.6667,15.3846,14.8148,16.6667,16.6667,14.2857,15.3846,84.7458,85.4701,81.9672,83.3333,83.3333,83.3333,A,7.1537,0.7013,15.5338,0.9681,83.6972,1.2355,ScotishPremierLeague
SC0,31/03/2017,Dundee,Aberdeen,A,6.0,4.0,1.55,5.75,3.9,1.57,5.4,3.7,1.6,5.75,3.8,1.6,6.0,3.8,1.6,2016/17,€7.53m,€12.03m,6.0,4.0,1.6,16.6667,17.3913,16.6667,18.5185,16.6667,17.3913,25.0,25.641,26.3158,27.027,25.0,26.3158,64.5161,63.6943,62.5,62.5,62.5,62.5,A,17.2169,0.7298,25.8833,0.8126,63.0351,0.8687,ScotishPremierLeague
SC0,01/04/2017,Hamilton,St Johnstone,H,3.1,3.5,2.2,3.1,3.4,2.2,2.9,3.3,2.3,3.3,3.2,2.25,3.3,3.2,2.25,2016/17,€8.78m,€7.60m,3.3,3.4,2.25,32.2581,32.2581,30.303,34.4828,30.303,30.303,28.5714,29.4118,31.25,30.303,29.4118,31.25,45.4545,45.4545,44.4444,43.4783,44.4444,44.4444,A,31.6513,1.6857,30.033,1.0902,44.6201,0.7468,ScotishPremierLeague
SC0,01/04/2017,Inverness C,Kilmarnock,D,2.0,3.5,3.6,2.0,3.5,3.5,2.1,3.3,3.3,2.05,3.4,3.6,2.1,3.4,3.5,2016/17,€6.70m,€7.58m,2.05,3.5,3.7,50.0,50.0,47.619,47.619,48.7805,48.7805,28.5714,28.5714,29.4118,30.303,28.5714,29.4118,27.7778,28.5714,28.5714,30.303,27.027,27.7778,H,48.7998,1.0649,29.1401,0.7029,28.3381,1.124,ScotishPremierLeague
SC0,01/04/2017,Partick,Ross County,H,2.0,3.6,3.5,2.0,3.5,3.5,2.0,3.3,3.6,2.05,3.3,3.6,2.05,3.4,3.6,2016/17,€7.23m,€8.63m,2.05,3.6,3.6,50.0,50.0,48.7805,50.0,48.7805,48.7805,27.7778,28.5714,29.4118,30.303,27.7778,30.303,28.5714,28.5714,27.7778,27.7778,27.7778,27.7778,H,49.3903,0.6679,29.0241,1.1604,28.0423,0.4098,ScotishPremierLeague
SC0,01/04/2017,Rangers,Motherwell,D,1.25,5.5,12.0,1.28,5.25,10.5,1.3,5.0,9.0,1.25,5.75,11.0,1.3,5.0,11.0,2016/17,€15.95m,€7.13m,1.3,5.75,10.5,80.0,78.125,76.9231,76.9231,76.9231,80.0,18.1818,19.0476,20.0,20.0,17.3913,17.3913,8.3333,9.5238,9.0909,11.1111,9.5238,9.0909,H,78.149,1.5074,18.6687,1.1991,9.4456,0.9247,ScotishPremierLeague
SC0,02/04/2017,Hearts,Celtic,A,6.5,4.5,1.44,6.5,4.4,1.45,7.0,4.0,1.45,6.5,4.33,1.48,7.0,4.5,1.44,2016/17,€15.25m,€67.98m,7.0,4.5,1.5,15.3846,15.3846,14.2857,14.2857,14.2857,15.3846,22.2222,22.7273,22.2222,25.0,22.2222,23.0947,69.4444,68.9655,69.4444,68.9655,66.6667,67.5676,A,14.8352,0.6019,22.9148,1.0821,68.509,1.1355,ScotishPremierLeague
SC0,04/04/2017,Aberdeen,Inverness C,H,1.25,5.5,12.0,1.22,5.75,12.5,1.25,5.5,10.3,1.25,5.75,13.0,1.22,6.0,13.0,2016/17,€12.03m,€6.70m,1.29,5.75,11.5,80.0,81.9672,81.9672,80.0,77.5194,80.0,18.1818,17.3913,16.6667,18.1818,17.3913,17.3913,8.3333,8.0,7.6923,9.7087,8.6957,7.6923,H,80.2423,1.6457,17.534,0.5749,8.3537,0.7686,ScotishPremierLeague
SC0,04/04/2017,Ross County,Dundee,H,1.95,3.6,3.75,2.0,3.4,3.6,2.1,3.3,3.3,1.95,3.5,3.6,2.0,3.5,3.6,2016/17,€8.63m,€7.53m,2.0,3.6,3.8,51.2821,50.0,50.0,47.619,50.0,51.2821,27.7778,29.4118,28.5714,30.303,27.7778,28.5714,26.6667,27.7778,27.7778,30.303,26.3158,27.7778,H,50.0305,1.338,28.7355,0.9801,27.7698,1.3963,ScotishPremierLeague
SC0,05/04/2017,Celtic,Partick,D,1.17,7.5,13.0,1.17,7.0,14.5,1.2,5.8,13.0,1.2,6.5,17.0,1.2,6.0,17.0,2016/17,€67.98m,€7.23m,1.18,7.5,15.0,85.4701,85.4701,83.3333,83.3333,84.7458,83.3333,13.3333,14.2857,16.6667,17.2414,13.3333,15.3846,7.6923,6.8966,5.8824,7.6923,6.6667,5.8824,H,84.281,1.0713,15.0408,1.6737,6.7854,0.8127,ScotishPremierLeague
SC0,05/04/2017,Kilmarnock,Rangers,D,5.5,4.0,1.57,5.5,3.8,1.6,5.6,3.9,1.55,5.25,4.0,1.62,5.0,4.0,1.65,2016/17,€7.58m,€15.95m,5.5,4.1,1.62,18.1818,18.1818,20.0,17.8571,18.1818,19.0476,25.0,26.3158,25.0,25.641,24.3902,25.0,63.6943,62.5,60.6061,64.5161,61.7284,61.7284,A,18.575,0.8041,25.2245,0.6651,62.4622,1.4325,ScotishPremierLeague
SC0,05/04/2017,Motherwell,Hamilton,D,2.45,3.4,2.75,2.45,3.3,2.8,2.2,3.3,3.1,2.4,3.3,2.75,2.5,3.3,2.8,2016/17,€7.13m,€8.78m,2.55,3.5,2.8,40.8163,40.8163,40.0,45.4545,39.2157,41.6667,29.4118,30.303,30.303,30.303,28.5714,30.303,36.3636,35.7143,35.7143,32.2581,35.7143,36.3636,H,41.3282,2.1859,29.8659,0.7275,35.3547,1.55,ScotishPremierLeague
SC0,05/04/2017,St Johnstone,Hearts,H,2.88,3.5,2.3,2.85,3.3,2.4,2.75,3.3,2.4,3.0,3.3,2.38,2.9,3.3,2.4,2016/17,€7.60m,€15.25m,2.9,3.5,2.45,34.7222,35.0877,34.4828,36.3636,34.4828,33.3333,28.5714,30.303,30.303,30.303,28.5714,30.303,43.4783,41.6667,41.6667,41.6667,40.8163,42.0168,A,34.7454,0.9867,29.7258,0.8942,41.8852,0.8765,ScotishPremierLeague
SC0,08/04/2017,Celtic,Kilmarnock,H,1.13,8.5,17.0,1.12,8.5,16.5,1.17,6.5,14.0,1.13,8.5,21.0,1.14,8.0,17.0,2016/17,€67.98m,€7.58m,1.13,8.5,23.0,88.4956,89.2857,87.7193,85.4701,88.4956,88.4956,11.7647,11.7647,12.5,15.3846,11.7647,11.7647,5.8824,6.0606,5.8824,7.1429,4.3478,4.7619,H,87.9936,1.3318,12.4906,1.448,5.6797,0.9985,ScotishPremierLeague
SC0,08/04/2017,Hamilton,Ross County,D,2.55,3.3,2.7,2.55,3.2,2.75,2.4,3.3,2.75,2.62,3.25,2.62,2.62,3.2,2.75,2016/17,€8.78m,€8.63m,2.75,3.3,2.7,39.2157,39.2157,38.1679,41.6667,36.3636,38.1679,30.303,31.25,31.25,30.303,30.303,30.7692,37.037,36.3636,36.3636,36.3636,37.037,38.1679,H,38.7996,1.7492,30.6964,0.4653,36.8888,0.7082,ScotishPremierLeague
SC0,08/04/2017,Hearts,Dundee,H,1.53,3.8,6.5,1.6,3.8,5.5,1.55,4.0,5.5,1.57,3.8,6.0,1.57,3.75,6.5,2016/17,€15.25m,€7.53m,1.55,4.0,6.25,65.3595,62.5,63.6943,64.5161,64.5161,63.6943,26.3158,26.3158,26.6667,25.0,25.0,26.3158,15.3846,18.1818,15.3846,18.1818,16.0,16.6667,H,64.0467,0.9803,25.9357,0.7374,16.6332,1.2897,ScotishPremierLeague
SC0,08/04/2017,Inverness C,St Johnstone,A,2.63,3.25,2.63,2.65,3.2,2.65,2.75,3.3,2.4,2.7,3.1,2.62,2.7,3.1,2.7,2016/17,€6.70m,€7.60m,2.7,3.25,2.75,38.0228,37.7358,37.037,36.3636,37.037,37.037,30.7692,31.25,32.2581,30.303,30.7692,32.2581,38.0228,37.7358,37.037,41.6667,36.3636,38.1679,A,37.2055,0.5905,31.2679,0.8234,38.1656,1.843,ScotishPremierLeague
SC0,08/04/2017,Partick,Motherwell,H,1.73,3.6,4.75,1.75,3.5,4.6,1.85,3.45,4.0,1.75,3.5,4.75,1.83,3.4,4.5,2016/17,€7.23m,€7.13m,1.8,3.6,4.75,57.8035,57.1429,54.6448,54.0541,55.5556,57.1429,27.7778,28.5714,29.4118,28.9855,27.7778,28.5714,21.0526,21.7391,22.2222,25.0,21.0526,21.0526,H,56.0573,1.5275,28.516,0.651,22.0199,1.5367,ScotishPremierLeague
SC0,09/04/2017,Aberdeen,Rangers,A,2.0,3.4,3.75,2.0,3.3,3.75,2.0,3.3,3.6,2.0,3.5,3.6,2.0,3.4,3.8,2016/17,€12.03m,€15.95m,2.05,3.5,3.8,50.0,50.0,50.0,50.0,48.7805,50.0,29.4118,30.303,29.4118,30.303,28.5714,28.5714,26.6667,26.6667,26.3158,27.7778,26.3158,27.7778,H,49.7968,0.4979,29.4287,0.7745,26.9201,0.6827,ScotishPremierLeague
SC0,14/04/2017,Kilmarnock,Hearts,D,4.0,3.4,1.91,4.0,3.4,1.9,3.5,3.4,2.0,3.8,3.5,1.91,3.8,3.5,1.95,2016/17,€7.58m,€15.25m,4.1,3.6,1.93,25.0,25.0,26.3158,28.5714,24.3902,26.3158,29.4118,29.4118,28.5714,29.4118,27.7778,28.5714,52.356,52.6316,51.2821,50.0,51.8135,52.356,A,25.9322,1.5083,28.8593,0.671,51.7399,0.9794,ScotishPremierLeague
SC0,15/04/2017,Dundee,Hamilton,A,2.2,3.3,3.3,2.05,3.3,3.6,2.0,3.3,3.6,2.25,3.25,3.2,2.15,3.3,3.4,2016/17,€7.53m,€8.78m,2.3,3.3,3.3,45.4545,48.7805,46.5116,50.0,43.4783,44.4444,30.303,30.303,30.303,30.303,30.303,30.7692,30.303,27.7778,29.4118,27.7778,30.303,31.25,H,46.4449,2.5251,30.3807,0.1903,29.4706,1.4343,ScotishPremierLeague
SC0,15/04/2017,Motherwell,Inverness C,H,2.4,3.25,3.0,2.35,3.3,2.9,2.3,3.3,2.9,2.4,3.3,2.9,2.45,3.4,2.8,2016/17,€7.13m,€6.70m,2.5,3.4,2.9,41.6667,42.5532,40.8163,43.4783,40.0,41.6667,30.7692,30.303,29.4118,30.303,29.4118,30.303,33.3333,34.4828,35.7143,34.4828,34.4828,34.4828,H,41.6969,1.2299,30.0836,0.5508,34.4965,0.7532,ScotishPremierLeague
SC0,15/04/2017,Rangers,Partick,H,1.6,3.75,5.75,1.62,3.7,5.5,1.6,3.9,5.0,1.62,3.75,5.5,1.62,3.6,6.0,2016/17,€15.95m,€7.23m,1.67,3.8,5.75,62.5,61.7284,61.7284,62.5,59.8802,61.7284,26.6667,27.027,27.7778,25.641,26.3158,26.6667,17.3913,18.1818,16.6667,20.0,17.3913,18.1818,H,61.6776,0.9582,26.6825,0.7125,17.9688,1.1471,ScotishPremierLeague
SC0,15/04/2017,St Johnstone,Aberdeen,A,5.5,3.75,1.62,5.25,3.7,1.65,4.5,3.5,1.75,5.25,3.6,1.67,5.0,3.5,1.75,2016/17,€7.60m,€12.03m,5.75,3.75,1.67,18.1818,19.0476,20.0,22.2222,17.3913,19.0476,26.6667,27.027,28.5714,28.5714,26.6667,27.7778,61.7284,60.6061,57.1429,57.1429,59.8802,59.8802,A,19.3151,1.6762,27.5468,0.8913,59.3968,1.8722,ScotishPremierLeague
SC0,16/04/2017,Ross County,Celtic,D,9.0,5.0,1.33,8.5,5.0,1.33,7.3,4.4,1.4,7.5,5.0,1.36,8.0,4.75,1.36,2016/17,€8.63m,€67.98m,8.0,5.5,1.36,11.1111,11.7647,12.5,13.6986,12.5,13.3333,20.0,20.0,21.0526,22.7273,18.1818,20.0,75.188,75.188,73.5294,71.4286,73.5294,73.5294,A,12.4846,0.9591,20.327,1.4974,73.7321,1.3906,ScotishPremierLeague
SC0,28/04/2017,Ross County,Inverness C,H,1.91,3.6,3.75,1.91,3.4,3.9,2.0,3.3,3.6,1.95,3.6,3.6,1.95,3.6,3.75,2016/17,€8.63m,€6.70m,2.05,3.6,3.6,52.356,52.356,51.2821,50.0,48.7805,51.2821,27.7778,29.4118,27.7778,30.303,27.7778,27.7778,26.6667,25.641,26.6667,27.7778,27.7778,27.7778,H,51.0095,1.3973,28.471,1.1103,27.0513,0.8796,ScotishPremierLeague
SC0,29/04/2017,Aberdeen,St Johnstone,A,1.44,4.0,8.5,1.44,4.2,7.25,1.45,4.0,7.0,1.4,4.33,8.0,1.44,4.33,7.5,2016/17,€12.03m,€7.60m,1.45,4.33,8.0,69.4444,69.4444,69.4444,68.9655,68.9655,71.4286,25.0,23.8095,23.0947,25.0,23.0947,23.0947,11.7647,13.7931,13.3333,14.2857,12.5,12.5,H,69.6155,0.9187,23.8489,0.9336,13.0295,0.9396,ScotishPremierLeague
SC0,29/04/2017,Hamilton,Kilmarnock,A,2.25,3.4,3.1,2.25,3.1,3.3,2.3,3.3,2.9,2.3,3.3,3.1,2.3,3.2,3.2,2016/17,€8.78m,€7.58m,2.4,3.4,3.0,44.4444,44.4444,43.4783,43.4783,41.6667,43.4783,29.4118,32.2581,31.25,30.303,29.4118,30.303,32.2581,30.303,31.25,34.4828,33.3333,32.2581,H,43.4984,1.0145,30.4896,1.1044,32.3142,1.4782,ScotishPremierLeague
SC0,29/04/2017,Hearts,Partick,D,1.91,3.4,4.0,1.91,3.4,4.0,1.9,3.45,3.8,1.9,3.5,3.9,1.91,3.5,4.0,2016/17,€15.25m,€7.23m,2.0,3.5,3.9,52.356,52.356,52.356,52.6316,50.0,52.6316,29.4118,29.4118,28.5714,28.9855,28.5714,28.5714,25.0,25.0,25.0,26.3158,25.641,25.641,H,52.0552,1.0159,28.9206,0.4129,25.433,0.5345,ScotishPremierLeague
SC0,29/04/2017,Motherwell,Dundee,A,2.2,3.3,3.3,2.1,3.4,3.3,2.2,3.3,3.1,2.2,3.4,3.1,2.2,3.4,3.2,2016/17,€7.13m,€7.53m,2.3,3.5,3.13,45.4545,47.619,45.4545,45.4545,43.4783,45.4545,30.303,29.4118,29.4118,30.303,28.5714,29.4118,30.303,30.303,31.25,32.2581,31.9489,32.2581,H,45.4859,1.3103,29.5688,0.6553,31.3868,0.9168,ScotishPremierLeague
SC0,29/04/2017,Rangers,Celtic,A,4.75,4.0,1.67,4.75,3.8,1.67,4.7,3.6,1.7,4.2,3.75,1.66,4.6,3.8,1.73,2016/17,€15.95m,€67.98m,4.75,4.0,1.73,21.0526,21.0526,21.7391,21.2766,21.0526,23.8095,25.0,26.3158,26.3158,27.7778,25.0,26.6667,59.8802,59.8802,57.8035,58.8235,57.8035,60.241,A,21.6638,1.0845,26.1794,1.0594,59.072,1.0911,ScotishPremierLeague
SC0,06/05/2017,Celtic,St Johnstone,H,1.2,6.5,13.0,1.18,6.25,15.5,1.22,5.5,12.0,1.15,6.5,17.0,1.22,6.0,13.0,2016/17,€67.98m,€7.60m,1.2,6.5,13.0,83.3333,84.7458,81.9672,81.9672,83.3333,86.9565,15.3846,16.0,16.6667,18.1818,15.3846,15.3846,7.6923,6.4516,7.6923,8.3333,7.6923,5.8824,H,83.7172,1.8958,16.167,1.1112,7.2907,0.9228,ScotishPremierLeague
SC0,06/05/2017,Inverness C,Hamilton,H,2.15,3.25,3.4,2.2,3.25,3.25,2.2,3.3,3.1,2.2,3.2,3.3,2.2,3.3,3.3,2016/17,€6.70m,€8.78m,2.25,3.3,3.4,46.5116,45.4545,45.4545,45.4545,44.4444,45.4545,30.7692,30.7692,30.303,30.303,30.303,31.25,29.4118,30.7692,30.303,32.2581,29.4118,30.303,H,45.4623,0.6538,30.6162,0.3854,30.4095,1.0545,ScotishPremierLeague
SC0,06/05/2017,Kilmarnock,Dundee,A,2.15,3.3,3.4,2.2,3.2,3.3,2.2,3.3,3.1,2.15,3.2,3.2,2.2,3.3,3.3,2016/17,€7.58m,€7.53m,2.2,3.4,3.4,46.5116,45.4545,45.4545,45.4545,45.4545,46.5116,30.303,31.25,30.303,30.303,29.4118,31.25,29.4118,30.303,30.303,32.2581,29.4118,31.25,H,45.8069,0.5459,30.4701,0.6957,30.4896,1.1044,ScotishPremierLeague
SC0,06/05/2017,Motherwell,Ross County,A,2.63,3.4,2.55,2.6,3.3,2.6,2.6,3.2,2.6,2.55,3.5,2.55,2.5,3.6,2.62,2016/17,€7.13m,€8.63m,2.63,3.6,2.63,38.0228,38.4615,40.0,38.4615,38.0228,39.2157,29.4118,30.303,27.7778,31.25,27.7778,28.5714,39.2157,38.4615,38.1679,38.4615,38.0228,39.2157,A,38.6974,0.7729,29.182,1.4073,38.5908,0.513,ScotishPremierLeague
SC0,07/05/2017,Hearts,Aberdeen,A,3.3,3.4,2.15,3.7,3.25,2.05,3.3,3.3,2.1,3.4,3.3,2.1,3.25,3.5,2.15,2016/17,€15.25m,€12.03m,3.4,3.5,2.15,30.303,27.027,30.7692,30.303,29.4118,29.4118,29.4118,30.7692,28.5714,30.303,28.5714,30.303,46.5116,48.7805,46.5116,47.619,46.5116,47.619,A,29.5376,1.3434,29.655,0.9475,47.2589,0.922,ScotishPremierLeague
SC0,07/05/2017,Partick,Rangers,A,3.5,3.4,2.05,3.5,3.4,2.05,3.6,3.3,2.0,3.3,3.4,2.05,3.4,3.4,2.1,2016/17,€7.23m,€15.95m,3.6,3.4,2.15,28.5714,28.5714,29.4118,27.7778,27.7778,30.303,29.4118,29.4118,29.4118,30.303,29.4118,29.4118,48.7805,48.7805,47.619,50.0,46.5116,48.7805,A,28.7355,0.9801,29.5603,0.3638,48.412,1.1975,ScotishPremierLeague
SC0,12/05/2017,Aberdeen,Celtic,A,4.75,3.6,1.73,4.75,3.75,1.75,4.7,3.6,1.7,4.6,3.75,1.8,4.5,3.75,1.75,2016/17,€12.03m,€67.98m,4.6,3.75,1.8,21.0526,21.0526,22.2222,21.2766,21.7391,21.7391,27.7778,26.6667,26.6667,27.7778,26.6667,26.6667,57.8035,57.1429,57.1429,58.8235,55.5556,55.5556,A,21.5137,0.4658,27.0371,0.5738,57.004,1.2794,ScotishPremierLeague
SC0,13/05/2017,Dundee,Ross County,D,2.6,3.25,2.7,2.55,3.3,2.7,2.5,3.3,2.65,2.5,3.4,2.62,2.6,3.3,2.7,2016/17,€7.53m,€8.63m,2.75,3.4,2.63,38.4615,39.2157,38.4615,40.0,36.3636,40.0,30.7692,30.303,30.303,30.303,29.4118,29.4118,37.037,37.037,37.037,37.7358,38.0228,38.1679,H,38.7504,1.3567,30.0836,0.5508,37.5062,0.5325,ScotishPremierLeague
SC0,13/05/2017,Hamilton,Motherwell,A,2.4,3.25,2.9,2.4,3.25,2.9,2.3,3.3,2.9,2.3,3.3,2.87,2.4,3.3,2.9,2016/17,€8.78m,€7.13m,2.5,3.3,3.0,41.6667,41.6667,41.6667,43.4783,40.0,43.4783,30.7692,30.7692,30.303,30.303,30.303,30.303,34.4828,34.4828,34.4828,34.4828,33.3333,34.8432,H,41.9928,1.3194,30.4584,0.2407,34.3513,0.5191,ScotishPremierLeague
SC0,13/05/2017,Kilmarnock,Inverness C,H,2.3,3.25,3.1,2.3,3.25,3.1,2.4,3.3,2.75,2.37,3.3,3.0,2.38,3.2,3.0,2016/17,€7.58m,€6.70m,2.4,3.3,3.1,43.4783,43.4783,42.0168,41.6667,41.6667,42.1941,30.7692,30.7692,31.25,30.303,30.303,30.303,32.2581,32.2581,33.3333,36.3636,32.2581,33.3333,H,42.4168,0.8472,30.6162,0.3854,33.3008,1.5903,ScotishPremierLeague
SC0,13/05/2017,Rangers,Hearts,H,1.83,3.5,4.2,1.85,3.5,4.1,1.85,3.45,4.0,1.8,3.4,4.2,1.85,3.5,4.2,2016/17,€15.95m,€15.25m,1.87,3.75,4.2,54.6448,54.0541,54.0541,54.0541,53.4759,55.5556,28.5714,28.5714,28.5714,28.9855,26.6667,29.4118,23.8095,24.3902,23.8095,25.0,23.8095,23.8095,H,54.3064,0.7149,28.463,0.9418,24.1047,0.4963,ScotishPremierLeague
SC0,13/05/2017,St Johnstone,Partick,H,2.3,3.4,3.0,2.25,3.1,3.3,2.1,3.3,3.3,2.2,3.2,3.2,2.3,3.2,3.2,2016/17,€7.60m,€7.23m,2.25,3.4,3.3,43.4783,44.4444,43.4783,47.619,44.4444,45.4545,29.4118,32.2581,31.25,30.303,29.4118,31.25,33.3333,30.303,31.25,30.303,30.303,31.25,H,44.8198,1.5569,30.6474,1.1395,31.1237,1.1777,ScotishPremierLeague
SC0,16/05/2017,Motherwell,Kilmarnock,H,1.85,3.6,4.0,1.91,3.4,3.9,1.8,3.5,4.2,1.91,3.5,4.2,1.95,3.3,4.0,2016/17,€7.13m,€7.58m,1.83,3.75,4.2,54.0541,52.356,51.2821,55.5556,54.6448,52.356,27.7778,29.4118,30.303,28.5714,26.6667,28.5714,25.0,25.641,25.0,23.8095,23.8095,23.8095,H,53.3748,1.6301,28.5504,1.2617,24.5116,0.8039,ScotishPremierLeague
SC0,16/05/2017,Ross County,Hamilton,H,2.25,3.3,3.2,2.2,3.5,3.0,2.3,3.5,2.75,2.35,3.5,3.2,2.3,3.3,3.1,2016/17,€8.63m,€8.78m,2.3,3.5,3.13,44.4444,45.4545,43.4783,43.4783,43.4783,42.5532,30.303,28.5714,30.303,28.5714,28.5714,28.5714,31.25,33.3333,32.2581,36.3636,31.9489,31.25,H,43.8145,1.0016,29.1486,0.8942,32.734,1.9381,ScotishPremierLeague
SC0,17/05/2017,Dundee,Inverness C,A,2.38,3.3,2.9,2.55,3.4,2.6,2.3,3.3,2.9,2.4,3.4,2.75,2.5,3.4,2.75,2016/17,€7.53m,€6.70m,2.5,3.4,2.9,42.0168,39.2157,40.0,43.4783,40.0,41.6667,30.303,29.4118,29.4118,30.303,29.4118,29.4118,34.4828,38.4615,36.3636,34.4828,34.4828,36.3636,H,41.0629,1.5988,29.7089,0.4602,35.7728,1.6075,ScotishPremierLeague
SC0,17/05/2017,Rangers,Aberdeen,A,2.4,3.4,2.8,2.45,3.4,2.7,2.5,3.3,2.65,2.4,3.25,2.88,2.4,3.5,2.8,2016/17,€15.95m,€12.03m,2.5,3.4,2.88,41.6667,40.8163,41.6667,40.0,40.0,41.6667,29.4118,29.4118,28.5714,30.303,29.4118,30.7692,35.7143,37.037,35.7143,37.7358,34.7222,34.7222,H,40.9694,0.82,29.6465,0.7762,35.941,1.2244,ScotishPremierLeague
SC0,17/05/2017,St Johnstone,Hearts,H,2.38,3.3,2.9,2.4,3.25,2.9,2.4,3.3,2.75,2.38,3.3,3.0,2.5,3.3,2.8,2016/17,€7.60m,€15.25m,2.38,3.5,3.0,42.0168,41.6667,40.0,41.6667,42.0168,42.0168,30.303,30.7692,30.303,30.303,28.5714,30.303,34.4828,34.4828,35.7143,36.3636,33.3333,33.3333,H,41.564,0.7851,30.0921,0.768,34.6184,1.2318,ScotishPremierLeague
SC0,18/05/2017,Partick,Celtic,A,9.0,5.75,1.29,9.75,5.0,1.3,9.0,6.0,1.25,9.5,4.8,1.29,10.0,4.8,1.33,2016/17,€7.23m,€67.98m,10.5,5.75,1.3,11.1111,10.2564,10.0,11.1111,9.5238,10.5263,17.3913,20.0,20.8333,16.6667,17.3913,20.8333,77.5194,76.9231,75.188,80.0,76.9231,77.5194,A,10.4214,0.6282,18.8526,1.9085,77.3455,1.5568,ScotishPremierLeague
SC0,20/05/2017,Hamilton,Dundee,H,1.73,3.6,4.75,1.78,3.6,4.33,1.65,3.6,5.1,1.7,3.75,4.33,1.8,3.75,4.2,2016/17,€8.78m,€7.53m,1.8,3.75,4.6,57.8035,56.1798,55.5556,60.6061,55.5556,58.8235,27.7778,27.7778,26.6667,27.7778,26.6667,26.6667,21.0526,23.0947,23.8095,19.6078,21.7391,23.0947,H,57.4207,2.0376,27.2222,0.6086,22.0664,1.5705,ScotishPremierLeague
SC0,20/05/2017,Inverness C,Motherwell,H,1.65,3.75,5.25,1.67,3.8,4.75,1.6,3.7,5.4,1.6,3.9,4.6,1.7,4.0,4.5,2016/17,€6.70m,€7.13m,1.73,4.0,4.8,60.6061,59.8802,58.8235,62.5,57.8035,62.5,26.6667,26.3158,25.0,27.027,25.0,25.641,19.0476,21.0526,22.2222,18.5185,20.8333,21.7391,H,60.3522,1.9155,25.9418,0.8611,20.5689,1.4782,ScotishPremierLeague
SC0,20/05/2017,Kilmarnock,Ross County,A,2.63,3.25,2.63,2.65,3.2,2.65,2.6,3.2,2.6,2.65,3.2,2.6,2.7,3.3,2.6,2016/17,€7.58m,€8.63m,2.75,3.4,2.6,38.0228,37.7358,37.037,38.4615,36.3636,37.7358,30.7692,31.25,30.303,31.25,29.4118,31.25,38.0228,37.7358,38.4615,38.4615,38.4615,38.4615,A,37.5594,0.7475,30.7057,0.7388,38.2674,0.314,ScotishPremierLeague
SC0,21/05/2017,Celtic,Hearts,H,1.17,7.0,15.0,1.17,6.75,14.0,1.2,5.8,13.0,1.2,6.5,13.0,1.17,6.0,10.0,2016/17,€67.98m,€15.25m,1.22,7.0,13.0,85.4701,85.4701,85.4701,83.3333,81.9672,83.3333,14.2857,14.8148,16.6667,17.2414,14.2857,15.3846,6.6667,7.1429,10.0,7.6923,7.6923,7.6923,H,84.174,1.5049,15.4465,1.2497,7.8144,1.148,ScotishPremierLeague
SC0,21/05/2017,Partick,Aberdeen,A,4.33,3.6,1.8,4.5,3.6,1.75,4.0,3.45,1.85,4.2,3.4,1.8,3.6,3.3,1.83,2016/17,€7.23m,€12.03m,4.5,3.6,1.85,23.0947,22.2222,27.7778,25.0,22.2222,23.8095,27.7778,27.7778,30.303,28.9855,27.7778,29.4118,55.5556,57.1429,54.6448,54.0541,54.0541,55.5556,A,24.0211,2.1188,28.6723,1.0681,55.1679,1.1795,ScotishPremierLeague
SC0,21/05/2017,St Johnstone,Rangers,A,3.25,3.3,2.2,3.2,3.25,2.2,3.1,3.3,2.2,3.1,3.3,2.15,2.8,3.2,2.2,2016/17,€7.60m,€15.95m,3.3,3.4,2.25,30.7692,31.25,35.7143,32.2581,30.303,32.2581,30.303,30.7692,31.25,30.303,29.4118,30.303,45.4545,45.4545,45.4545,45.4545,44.4444,46.5116,A,32.0921,1.9409,30.39,0.6104,45.4623,0.6538,ScotishPremierLeague
SC0,05/08/2017,Celtic,Hearts,H,1.2,7.0,11.0,1.2,6.5,12.5,1.2,5.8,13.0,1.2,6.0,15.0,1.2,6.0,15.0,2017/18,€77.48m,€14.40m,1.18,6.5,13.0,83.3333,83.3333,83.3333,83.3333,84.7458,83.3333,14.2857,15.3846,16.6667,17.2414,15.3846,16.6667,9.0909,8.0,6.6667,7.6923,7.6923,6.6667,H,83.5687,0.5767,15.9383,1.1048,7.6348,0.9094,ScotishPremierLeague
SC0,05/08/2017,Dundee,Ross County,A,2.5,3.4,2.7,2.45,3.25,2.8,2.4,3.3,2.75,2.5,3.1,2.75,2.5,3.2,2.9,2017/18,€9.50m,€7.88m,2.45,3.3,2.75,40.0,40.8163,40.0,41.6667,40.8163,40.0,29.4118,30.7692,31.25,30.303,30.303,32.2581,37.037,35.7143,34.4828,36.3636,36.3636,36.3636,H,40.5499,0.6777,30.7158,0.9704,36.0542,0.8761,ScotishPremierLeague
SC0,05/08/2017,Hibernian,Partick,H,1.8,3.6,4.33,1.78,3.5,4.5,1.85,3.45,4.0,1.83,3.25,4.25,1.83,3.4,4.5,2017/18,€12.48m,€7.65m,1.8,3.5,4.3,55.5556,56.1798,54.6448,54.0541,55.5556,54.6448,27.7778,28.5714,29.4118,28.9855,28.5714,30.7692,23.0947,22.2222,22.2222,25.0,23.2558,23.5294,H,55.1058,0.786,29.0145,1.0159,23.2207,1.0269,ScotishPremierLeague
SC0,05/08/2017,Kilmarnock,St Johnstone,A,2.6,3.3,2.63,2.6,3.2,2.65,2.5,3.3,2.65,2.65,3.0,2.6,2.7,3.1,2.7,2017/18,€9.43m,€8.68m,2.7,3.2,2.55,38.4615,38.4615,37.037,40.0,37.037,37.7358,30.303,31.25,32.2581,30.303,31.25,33.3333,38.0228,37.7358,37.037,37.7358,39.2157,38.4615,H,38.1221,1.119,31.4496,1.1757,38.0348,0.7418,ScotishPremierLeague
SC0,06/08/2017,Aberdeen,Hamilton,H,1.3,5.0,10.0,1.28,5.5,9.75,1.3,5.0,9.0,1.33,4.75,9.5,1.33,4.8,10.0,2017/18,€12.25m,€8.08m,1.3,5.0,9.5,76.9231,78.125,75.188,76.9231,76.9231,75.188,20.0,18.1818,20.8333,20.0,20.0,21.0526,10.0,10.2564,10.0,11.1111,10.5263,10.5263,H,76.545,1.1496,20.0113,1.0107,10.4034,0.4191,ScotishPremierLeague
SC0,06/08/2017,Motherwell,Rangers,A,5.25,4.0,1.6,5.25,3.7,1.65,5.4,3.7,1.6,5.2,3.8,1.61,5.0,3.8,1.67,2017/18,€7.53m,€26.10m,5.0,3.9,1.62,19.0476,19.0476,20.0,18.5185,20.0,19.2308,25.0,27.027,26.3158,27.027,25.641,26.3158,62.5,60.6061,59.8802,62.5,61.7284,62.1118,A,19.3074,0.587,26.2211,0.793,61.5544,1.08,ScotishPremierLeague
SC0,11/08/2017,Partick,Celtic,A,11.0,6.25,1.22,13.0,6.5,1.22,10.5,6.0,1.22,13.0,6.0,1.22,12.0,6.0,1.22,2017/18,€7.65m,€77.48m,13.0,6.5,1.22,9.0909,7.6923,8.3333,9.5238,7.6923,7.6923,16.0,15.3846,16.6667,16.6667,15.3846,16.6667,81.9672,81.9672,81.9672,81.9672,81.9672,81.9672,A,8.3375,0.803,16.1282,0.6312,81.9672,0.0,ScotishPremierLeague
SC0,12/08/2017,Hamilton,Dundee,H,2.38,3.25,3.0,2.35,3.3,2.95,2.3,3.3,2.9,2.3,3.2,3.1,2.4,3.1,3.1,2017/18,€8.08m,€9.50m,2.25,3.3,3.1,42.0168,42.5532,41.6667,43.4783,44.4444,43.4783,30.7692,30.303,32.2581,30.303,30.303,31.25,33.3333,33.8983,32.2581,34.4828,32.2581,32.2581,H,42.9396,1.0456,30.8644,0.7805,33.0814,0.9724,ScotishPremierLeague
SC0,12/08/2017,Kilmarnock,Hearts,A,3.1,3.4,2.25,3.0,3.4,2.25,3.0,3.3,2.25,3.1,3.3,2.25,3.2,3.2,2.3,2017/18,€9.43m,€14.40m,3.13,3.4,2.15,32.2581,33.3333,31.25,33.3333,31.9489,32.2581,29.4118,29.4118,31.25,30.303,29.4118,30.303,44.4444,44.4444,43.4783,44.4444,46.5116,44.4444,A,32.397,0.8134,30.0152,0.746,44.6279,1.0005,ScotishPremierLeague
SC0,12/08/2017,Rangers,Hibernian,A,1.73,3.75,4.5,1.72,3.6,4.75,1.65,3.6,5.1,1.75,3.6,4.5,1.75,3.5,5.0,2017/18,€26.10m,€12.48m,1.73,3.75,4.3,57.8035,58.1395,57.1429,60.6061,57.8035,57.1429,26.6667,27.7778,28.5714,27.7778,26.6667,27.7778,22.2222,21.0526,20.0,19.6078,23.2558,22.2222,H,58.1064,1.2876,27.5397,0.7428,21.3934,1.4205,ScotishPremierLeague
SC0,12/08/2017,Ross County,Aberdeen,A,4.75,3.6,1.73,4.75,3.6,1.72,4.7,3.6,1.7,4.5,3.7,1.75,5.0,3.5,1.75,2017/18,€7.88m,€12.25m,4.3,3.8,1.73,21.0526,21.0526,20.0,21.2766,23.2558,22.2222,27.7778,27.7778,28.5714,27.7778,26.3158,27.027,57.8035,58.1395,57.1429,58.8235,57.8035,57.1429,A,21.4766,1.1226,27.5413,0.774,57.8093,0.6365,ScotishPremierLeague
SC0,12/08/2017,St Johnstone,Motherwell,H,1.75,3.5,4.75,1.8,3.4,4.5,1.75,3.5,4.5,1.8,3.6,4.4,1.83,3.4,4.5,2017/18,€8.68m,€7.53m,1.75,3.6,4.3,57.1429,55.5556,54.6448,57.1429,57.1429,55.5556,28.5714,29.4118,29.4118,28.5714,27.7778,27.7778,21.0526,22.2222,22.2222,22.2222,23.2558,22.7273,H,56.1974,1.0878,28.587,0.7308,22.2837,0.7306,ScotishPremierLeague
SC0,19/08/2017,Aberdeen,Dundee,H,1.3,5.25,9.5,1.3,5.25,9.25,1.35,4.8,7.6,1.33,5.0,9.5,1.33,4.5,11.0,2017/18,€12.25m,€9.50m,1.3,5.0,9.0,76.9231,76.9231,75.188,74.0741,76.9231,75.188,19.0476,19.0476,22.2222,20.8333,20.0,20.0,10.5263,10.8108,9.0909,13.1579,11.1111,10.5263,H,75.8699,1.2233,20.1918,1.2022,10.8706,1.3189,ScotishPremierLeague
SC0,19/08/2017,Hibernian,Hamilton,A,1.44,4.2,7.5,1.45,4.2,7.0,1.55,4.0,5.5,1.53,4.0,6.5,1.53,4.0,6.5,2017/18,€12.48m,€8.08m,1.5,4.1,6.0,69.4444,68.9655,65.3595,64.5161,66.6667,65.3595,23.8095,23.8095,25.0,25.0,24.3902,25.0,13.3333,14.2857,15.3846,18.1818,16.6667,15.3846,H,66.7186,2.0507,24.5015,0.5858,15.5395,1.717,ScotishPremierLeague
SC0,19/08/2017,Kilmarnock,Celtic,A,15.0,7.0,1.17,14.0,6.75,1.18,10.3,5.5,1.25,19.0,7.0,1.18,15.0,7.5,1.17,2017/18,€9.43m,€77.48m,15.0,7.0,1.15,6.6667,7.1429,6.6667,9.7087,6.6667,5.2632,14.2857,14.8148,13.3333,18.1818,14.2857,14.2857,85.4701,84.7458,85.4701,80.0,86.9565,84.7458,A,7.0192,1.4632,14.8645,1.6945,84.5647,2.3775,ScotishPremierLeague
SC0,19/08/2017,Motherwell,Ross County,H,2.88,3.4,2.38,2.65,3.4,2.5,2.75,3.3,2.4,2.65,3.4,2.5,2.7,3.3,2.6,2017/18,€7.53m,€7.88m,2.7,3.5,2.4,34.7222,37.7358,37.037,36.3636,37.037,37.7358,29.4118,29.4118,30.303,30.303,28.5714,29.4118,42.0168,40.0,38.4615,41.6667,41.6667,40.0,A,36.7719,1.1284,29.5688,0.6553,40.6353,1.3834,ScotishPremierLeague
SC0,19/08/2017,Rangers,Hearts,D,1.62,3.75,5.5,1.62,3.9,5.0,1.65,3.6,5.1,1.67,3.9,5.0,1.67,3.8,5.0,2017/18,€26.10m,€14.40m,1.62,4.0,4.75,61.7284,61.7284,59.8802,60.6061,61.7284,59.8802,26.6667,25.641,26.3158,27.7778,25.0,25.641,18.1818,20.0,20.0,19.6078,21.0526,20.0,H,60.9253,0.9188,26.1737,0.9779,19.807,0.9321,ScotishPremierLeague
SC0,19/08/2017,St Johnstone,Partick,H,2.05,3.4,3.5,1.95,3.4,3.8,2.1,3.3,3.3,2.05,3.2,3.7,2.05,3.3,3.75,2017/18,€8.68m,€7.65m,2.05,3.3,3.5,48.7805,51.2821,48.7805,47.619,48.7805,48.7805,29.4118,29.4118,30.303,30.303,30.303,31.25,28.5714,26.3158,26.6667,30.303,28.5714,27.027,H,49.0038,1.2089,30.1638,0.6883,27.9092,1.5145,ScotishPremierLeague
SC0,26/08/2017,Celtic,St Johnstone,D,1.17,7.5,13.0,1.18,6.75,14.0,1.2,6.0,12.0,1.17,6.5,19.0,1.17,7.0,17.0,2017/18,€77.48m,€8.68m,1.15,7.0,15.0,85.4701,84.7458,85.4701,83.3333,86.9565,85.4701,13.3333,14.8148,14.2857,16.6667,14.2857,15.3846,7.6923,7.1429,5.8824,8.3333,6.6667,5.2632,H,85.241,1.1819,14.7951,1.1408,6.8301,1.1385,ScotishPremierLeague
SC0,26/08/2017,Kilmarnock,Hamilton,D,2.4,3.4,2.8,2.45,3.4,2.7,2.4,3.3,2.75,2.37,3.1,2.87,2.5,3.2,2.9,2017/18,€9.43m,€8.08m,2.38,3.3,2.88,41.6667,40.8163,40.0,41.6667,42.0168,42.1941,29.4118,29.4118,31.25,30.303,30.303,32.2581,35.7143,37.037,34.4828,36.3636,34.7222,34.8432,H,41.3934,0.8311,30.4896,1.1044,35.5272,1.0218,ScotishPremierLeague
SC0,26/08/2017,Motherwell,Hearts,H,3.3,3.5,2.1,3.4,3.5,2.05,3.3,3.3,2.1,3.1,3.4,2.15,3.3,3.5,2.1,2017/18,€7.53m,€14.40m,3.2,3.5,2.1,30.303,29.4118,30.303,30.303,31.25,32.2581,28.5714,28.5714,28.5714,30.303,28.5714,29.4118,47.619,48.7805,47.619,47.619,47.619,46.5116,A,30.6381,0.9838,29.0001,0.7214,47.628,0.7176,ScotishPremierLeague
SC0,26/08/2017,Partick,Aberdeen,A,4.75,4.0,1.67,4.33,4.0,1.7,4.7,3.6,1.7,4.6,3.6,1.7,4.5,3.8,1.73,2017/18,€7.65m,€12.25m,4.5,3.75,1.7,21.0526,23.0947,22.2222,21.2766,22.2222,21.7391,25.0,25.0,26.3158,27.7778,26.6667,27.7778,59.8802,58.8235,57.8035,58.8235,58.8235,58.8235,A,21.9346,0.743,26.423,1.2483,58.8296,0.6568,ScotishPremierLeague
SC0,27/08/2017,Dundee,Hibernian,D,3.6,3.5,2.0,3.7,3.3,2.0,3.6,3.3,2.0,3.6,3.25,2.0,3.8,3.3,2.0,2017/18,€9.50m,€12.48m,3.6,3.4,2.0,27.7778,27.027,26.3158,27.7778,27.7778,27.7778,28.5714,30.303,30.303,30.303,29.4118,30.7692,50.0,50.0,50.0,50.0,50.0,50.0,A,27.409,0.614,29.9436,0.8043,50.0,0.0,ScotishPremierLeague
SC0,27/08/2017,Ross County,Rangers,A,5.0,4.0,1.62,5.0,3.75,1.65,4.7,3.6,1.7,4.8,3.8,1.61,4.8,4.0,1.67,2017/18,€7.88m,€26.10m,4.8,4.0,1.62,20.0,20.0,20.8333,21.2766,20.8333,20.8333,25.0,26.6667,25.0,27.7778,25.0,26.3158,61.7284,60.6061,59.8802,58.8235,61.7284,62.1118,A,20.6294,0.5169,25.96,1.1572,60.8131,1.2833,ScotishPremierLeague
SC0,08/09/2017,Hamilton,Celtic,A,12.0,6.0,1.22,12.0,6.0,1.22,10.3,5.5,1.25,13.0,5.75,1.25,13.0,6.0,1.22,2017/18,€8.08m,€77.48m,11.5,6.0,1.22,8.3333,8.3333,7.6923,9.7087,8.6957,7.6923,16.6667,16.6667,16.6667,18.1818,16.6667,17.3913,81.9672,81.9672,81.9672,80.0,81.9672,80.0,A,8.4093,0.7497,17.04,0.63,81.3115,1.0159,ScotishPremierLeague
SC0,09/09/2017,Hearts,Aberdeen,D,3.6,3.6,1.95,3.5,3.5,2.0,3.6,3.3,2.0,3.6,3.5,2.0,3.5,3.5,2.05,2017/18,€14.40m,€12.25m,3.5,3.6,1.95,27.7778,28.5714,28.5714,27.7778,28.5714,27.7778,27.7778,28.5714,28.5714,30.303,27.7778,28.5714,51.2821,50.0,48.7805,50.0,51.2821,50.0,A,28.1746,0.4347,28.5955,0.9224,50.2241,0.9459,ScotishPremierLeague
SC0,09/09/2017,Motherwell,Kilmarnock,H,2.05,3.4,3.6,2.1,3.3,3.4,2.1,3.3,3.3,2.1,3.3,3.4,2.1,3.4,3.4,2017/18,€7.53m,€9.43m,2.05,3.5,3.3,48.7805,47.619,47.619,47.619,48.7805,47.619,29.4118,30.303,29.4118,30.303,28.5714,30.303,27.7778,29.4118,29.4118,30.303,30.303,29.4118,H,48.0062,0.5998,29.7173,0.7112,29.4365,0.9225,ScotishPremierLeague
SC0,09/09/2017,Rangers,Dundee,H,1.3,5.0,10.0,1.33,5.0,8.5,1.35,4.8,7.6,1.33,5.0,9.5,1.33,5.0,9.0,2017/18,€26.10m,€9.50m,1.3,5.25,8.5,76.9231,75.188,75.188,74.0741,76.9231,75.188,20.0,20.0,20.0,20.8333,19.0476,20.0,10.0,11.7647,11.1111,13.1579,11.7647,10.5263,H,75.5807,1.1257,19.9802,0.5655,11.3874,1.1101,ScotishPremierLeague
SC0,09/09/2017,Ross County,Partick,D,2.5,3.4,2.7,2.45,3.3,2.75,2.5,3.3,2.65,2.6,3.25,2.65,2.6,3.25,2.75,2017/18,€7.88m,€7.65m,2.5,3.4,2.63,40.0,40.8163,38.4615,40.0,40.0,38.4615,29.4118,30.303,30.7692,30.303,29.4118,30.7692,37.037,36.3636,36.3636,37.7358,38.0228,37.7358,H,39.6232,0.9538,30.1613,0.6169,37.2098,0.7316,ScotishPremierLeague
SC0,09/09/2017,St Johnstone,Hibernian,D,3.1,3.4,2.25,2.9,3.4,2.3,2.75,3.3,2.4,2.87,3.25,2.45,2.88,3.4,2.38,2017/18,€8.68m,€12.48m,2.88,3.4,2.3,32.2581,34.4828,34.7222,36.3636,34.7222,34.8432,29.4118,29.4118,29.4118,30.303,29.4118,30.7692,44.4444,43.4783,42.0168,41.6667,43.4783,40.8163,A,34.5654,1.3184,29.7866,0.599,42.6501,1.3655,ScotishPremierLeague
SC0,15/09/2017,Partick,Rangers,D,7.5,4.2,1.44,7.5,4.5,1.44,5.5,4.0,1.55,5.8,4.0,1.5,7.0,4.33,1.44,2017/18,€7.65m,€26.10m,6.5,4.4,1.44,13.3333,13.3333,14.2857,18.1818,15.3846,17.2414,23.8095,22.2222,23.0947,25.0,22.7273,25.0,69.4444,69.4444,69.4444,64.5161,69.4444,66.6667,A,15.2934,2.0418,23.6423,1.172,68.1601,2.1027,ScotishPremierLeague
SC0,16/09/2017,Aberdeen,Kilmarnock,D,1.33,5.0,9.0,1.3,5.0,9.5,1.33,4.8,8.3,1.33,4.8,10.0,1.33,5.0,9.0,2017/18,€12.25m,€9.43m,1.33,5.0,8.5,75.188,76.9231,75.188,75.188,75.188,75.188,20.0,20.0,20.0,20.8333,20.0,20.8333,11.1111,10.5263,11.1111,12.0482,11.7647,10.0,H,75.4772,0.7084,20.2778,0.4303,11.0936,0.759,ScotishPremierLeague
SC0,16/09/2017,Celtic,Ross County,H,1.13,8.5,17.0,1.14,7.25,17.5,1.15,7.0,15.0,1.14,8.0,23.0,1.12,8.0,21.0,2017/18,€77.48m,€7.88m,1.12,8.0,17.0,88.4956,87.7193,89.2857,86.9565,89.2857,87.7193,11.7647,13.7931,12.5,14.2857,12.5,12.5,5.8824,5.7143,4.7619,6.6667,5.8824,4.3478,H,88.2437,0.9425,12.8906,0.9472,5.5426,0.8439,ScotishPremierLeague
SC0,16/09/2017,Dundee,St Johnstone,H,2.75,3.3,2.5,2.8,3.4,2.4,2.75,3.3,2.4,3.0,3.3,2.35,3.0,3.2,2.4,2017/18,€9.50m,€8.68m,2.75,3.4,2.38,36.3636,35.7143,33.3333,36.3636,36.3636,33.3333,30.303,29.4118,31.25,30.303,29.4118,30.303,40.0,41.6667,41.6667,41.6667,42.0168,42.5532,A,35.2453,1.5022,30.1638,0.6883,41.595,0.855,ScotishPremierLeague
SC0,16/09/2017,Hamilton,Hearts,A,3.5,3.4,2.05,3.6,3.4,2.0,3.3,3.3,2.1,3.4,3.4,2.1,3.3,3.3,2.2,2017/18,€8.08m,€14.40m,3.2,3.5,2.1,28.5714,27.7778,30.303,30.303,31.25,29.4118,29.4118,29.4118,30.303,30.303,28.5714,29.4118,48.7805,50.0,45.4545,47.619,47.619,47.619,A,29.6028,1.2747,29.5688,0.6553,47.8487,1.5091,ScotishPremierLeague
SC0,16/09/2017,Hibernian,Motherwell,D,1.62,3.75,5.5,1.65,3.8,5.0,1.6,3.7,5.4,1.67,3.8,5.2,1.67,3.8,5.0,2017/18,€12.48m,€7.53m,1.62,4.0,4.8,61.7284,60.6061,59.8802,62.5,61.7284,59.8802,26.6667,26.3158,26.3158,27.027,25.0,26.3158,18.1818,20.0,20.0,18.5185,20.8333,19.2308,H,61.0539,1.0915,26.2735,0.6855,19.4607,1.0042,ScotishPremierLeague
SC0,23/09/2017,Kilmarnock,Dundee,D,2.4,3.3,2.88,2.35,3.4,2.85,2.4,3.3,2.75,2.5,3.2,2.87,2.5,3.2,2.9,2017/18,€9.43m,€9.50m,2.45,3.3,3.0,41.6667,42.5532,40.0,41.6667,40.8163,40.0,30.303,29.4118,31.25,30.303,30.303,31.25,34.7222,35.0877,34.4828,36.3636,33.3333,34.8432,H,41.1172,1.025,30.4701,0.6957,34.8055,0.9785,ScotishPremierLeague
SC0,23/09/2017,Partick,Hearts,D,3.4,3.3,2.15,3.4,3.25,2.15,3.1,3.3,2.2,3.4,3.25,2.15,3.2,3.3,2.25,2017/18,€7.65m,€14.40m,3.4,3.4,2.15,29.4118,29.4118,31.25,32.2581,29.4118,29.4118,30.303,30.7692,30.303,30.303,29.4118,30.7692,46.5116,46.5116,44.4444,45.4545,46.5116,46.5116,A,30.1926,1.2508,30.3099,0.4957,45.9909,0.8676,ScotishPremierLeague
SC0,23/09/2017,Rangers,Celtic,A,4.75,3.8,1.7,4.6,3.8,1.7,4.5,3.5,1.75,4.6,3.9,1.67,4.5,3.8,1.73,2017/18,€26.10m,€77.48m,4.4,4.1,1.73,21.0526,21.7391,22.2222,22.2222,22.7273,21.7391,26.3158,26.3158,26.3158,28.5714,24.3902,25.641,58.8235,58.8235,57.8035,57.1429,57.8035,59.8802,A,21.9504,0.5739,26.2583,1.3588,58.3795,0.9838,ScotishPremierLeague
SC0,23/09/2017,Ross County,Hibernian,A,4.75,3.6,1.73,3.9,3.7,1.85,3.7,3.5,1.9,4.2,3.7,1.8,3.9,3.6,1.91,2017/18,€7.88m,€12.48m,4.2,3.8,1.83,21.0526,25.641,25.641,27.027,23.8095,23.8095,27.7778,27.027,27.7778,28.5714,26.3158,27.027,57.8035,54.0541,52.356,52.6316,54.6448,55.5556,A,24.4968,2.0894,27.4161,0.7886,54.5076,2.0167,ScotishPremierLeague
SC0,23/09/2017,St Johnstone,Hamilton,H,1.85,3.5,4.2,1.85,3.5,4.1,1.85,3.45,4.0,1.91,3.3,4.0,1.91,3.5,4.0,2017/18,€8.68m,€8.08m,1.9,3.5,4.2,54.0541,54.0541,52.356,54.0541,52.6316,52.356,28.5714,28.5714,28.5714,28.9855,28.5714,30.303,23.8095,24.3902,25.0,25.0,23.8095,25.0,H,53.251,0.8855,28.929,0.6932,24.5015,0.5858,ScotishPremierLeague
SC0,24/09/2017,Motherwell,Aberdeen,A,4.0,3.75,1.83,4.2,3.6,1.8,4.9,3.7,1.65,4.0,3.6,1.85,3.8,3.6,1.91,2017/18,€7.53m,€12.25m,4.0,3.75,1.8,25.0,23.8095,26.3158,20.4082,25.0,25.0,26.6667,27.7778,27.7778,27.027,26.6667,27.7778,54.6448,55.5556,52.356,60.6061,55.5556,54.0541,A,24.2556,2.0449,27.2823,0.5585,55.462,2.7848,ScotishPremierLeague
SC0,29/09/2017,Hamilton,Rangers,A,6.5,4.5,1.45,6.25,4.1,1.5,7.0,4.0,1.45,6.0,4.25,1.5,7.0,4.4,1.44,2017/18,€8.08m,€26.10m,6.0,4.6,1.5,15.3846,16.0,14.2857,14.2857,16.6667,16.6667,22.2222,24.3902,22.7273,25.0,21.7391,23.5294,68.9655,66.6667,69.4444,68.9655,66.6667,66.6667,A,15.5482,1.0882,23.268,1.2689,67.8959,1.3578,ScotishPremierLeague
SC0,30/09/2017,Aberdeen,St Johnstone,H,1.55,3.75,6.5,1.57,3.75,6.0,1.6,3.7,5.4,1.53,3.9,6.0,1.6,4.0,5.5,2017/18,€12.25m,€8.68m,1.53,4.0,5.75,64.5161,63.6943,62.5,62.5,65.3595,65.3595,26.6667,26.6667,25.0,27.027,25.0,25.641,15.3846,16.6667,18.1818,18.5185,17.3913,16.6667,H,63.9882,1.3081,26.0002,0.9025,17.1349,1.147,ScotishPremierLeague
SC0,30/09/2017,Celtic,Hibernian,D,1.25,6.0,11.0,1.22,6.25,11.5,1.25,5.5,10.3,1.25,5.75,11.0,1.22,6.0,12.0,2017/18,€77.48m,€12.48m,1.25,5.75,10.0,80.0,81.9672,81.9672,80.0,80.0,80.0,16.6667,16.0,16.6667,18.1818,17.3913,17.3913,9.0909,8.6957,8.3333,9.7087,10.0,9.0909,H,80.6557,1.0159,17.0496,0.7629,9.1532,0.6189,ScotishPremierLeague
SC0,30/09/2017,Dundee,Hearts,H,3.75,3.4,2.0,3.5,3.25,2.1,3.3,3.3,2.1,3.4,3.3,2.1,3.5,3.5,2.05,2017/18,€9.50m,€14.40m,3.3,3.4,2.1,26.6667,28.5714,28.5714,30.303,30.303,29.4118,29.4118,30.7692,28.5714,30.303,29.4118,30.303,50.0,47.619,48.7805,47.619,47.619,47.619,A,28.9712,1.3691,29.795,0.807,48.2094,0.9926,ScotishPremierLeague
SC0,30/09/2017,Kilmarnock,Ross County,A,2.6,3.25,2.7,2.55,3.25,2.7,2.6,3.2,2.6,2.65,3.25,2.65,2.62,3.4,2.62,2017/18,€9.43m,€7.88m,2.6,3.3,2.6,38.4615,39.2157,38.1679,38.4615,38.4615,37.7358,30.7692,30.7692,29.4118,31.25,30.303,30.7692,37.037,37.037,38.1679,38.4615,38.4615,37.7358,H,38.4173,0.4837,30.5454,0.631,37.8168,0.6599,ScotishPremierLeague
SC0,30/09/2017,Motherwell,Partick,H,2.1,3.25,3.5,2.0,3.3,3.7,2.0,3.3,3.6,2.1,3.4,3.4,2.05,3.5,3.5,2017/18,€7.53m,€7.65m,2.05,3.5,3.3,47.619,50.0,48.7805,50.0,48.7805,47.619,30.7692,30.303,28.5714,30.303,28.5714,29.4118,28.5714,27.027,28.5714,27.7778,30.303,29.4118,H,48.7998,1.0649,29.655,0.9475,28.6104,1.1585,ScotishPremierLeague
SC0,13/10/2017,St Johnstone,Rangers,A,4.75,3.8,1.7,4.5,3.9,1.7,4.5,3.5,1.75,4.5,3.75,1.75,4.8,3.8,1.7,2017/18,€8.68m,€26.10m,4.6,3.9,1.73,21.0526,22.2222,20.8333,22.2222,21.7391,22.2222,26.3158,25.641,26.3158,28.5714,25.641,26.6667,58.8235,58.8235,58.8235,57.1429,57.8035,57.1429,A,21.7153,0.6306,26.5253,1.0824,58.0933,0.8355,ScotishPremierLeague
SC0,14/10/2017,Celtic,Dundee,H,1.1,10.0,21.0,1.08,10.5,19.5,1.12,8.0,16.0,1.11,10.0,29.0,1.1,9.5,21.0,2017/18,€77.48m,€9.50m,1.08,11.0,29.0,90.9091,92.5926,90.9091,89.2857,92.5926,90.0901,10.0,9.5238,10.5263,12.5,9.0909,10.0,4.7619,5.1282,4.7619,6.25,3.4483,3.4483,H,91.0632,1.3291,10.2735,1.1943,4.6331,1.0677,ScotishPremierLeague
SC0,14/10/2017,Hamilton,Motherwell,A,2.9,3.5,2.3,2.85,3.3,2.4,2.65,3.3,2.5,3.0,3.4,2.3,2.88,3.4,2.38,2017/18,€8.08m,€7.53m,3.0,3.4,2.38,34.4828,35.0877,34.7222,37.7358,33.3333,33.3333,28.5714,30.303,29.4118,30.303,29.4118,29.4118,43.4783,41.6667,42.0168,40.0,42.0168,43.4783,A,34.7825,1.6192,29.5688,0.6553,42.1095,1.297,ScotishPremierLeague
SC0,14/10/2017,Hibernian,Aberdeen,A,2.25,3.6,2.9,2.4,3.5,2.75,2.6,3.2,2.6,2.4,3.3,2.87,2.45,3.4,2.8,2017/18,€12.48m,€12.25m,2.45,3.4,2.88,44.4444,41.6667,40.8163,38.4615,40.8163,41.6667,27.7778,28.5714,29.4118,31.25,29.4118,30.303,34.4828,36.3636,35.7143,38.4615,34.7222,34.8432,H,41.312,1.9329,29.4543,1.2279,35.7646,1.4975,ScotishPremierLeague
SC0,14/10/2017,Partick,Kilmarnock,A,2.1,3.4,3.5,2.05,3.4,3.5,2.2,3.3,3.1,2.15,3.2,3.5,2.15,3.3,3.4,2017/18,€7.65m,€9.43m,2.2,3.4,3.3,47.619,48.7805,46.5116,45.4545,45.4545,46.5116,29.4118,29.4118,30.303,30.303,29.4118,31.25,28.5714,28.5714,29.4118,32.2581,30.303,28.5714,H,46.722,1.2918,30.0152,0.746,29.6145,1.4675,ScotishPremierLeague
SC0,14/10/2017,Ross County,Hearts,A,2.8,3.4,2.4,2.8,3.4,2.4,2.75,3.3,2.4,2.87,3.3,2.4,2.75,3.6,2.4,2017/18,€7.88m,€14.40m,2.88,3.5,2.4,35.7143,35.7143,36.3636,36.3636,34.7222,34.8432,29.4118,29.4118,27.7778,30.303,28.5714,30.303,41.6667,41.6667,41.6667,41.6667,41.6667,41.6667,A,35.6202,0.7118,29.2965,0.9884,41.6667,0.0,ScotishPremierLeague
SC0,21/10/2017,Hearts,St Johnstone,H,1.83,3.5,4.33,1.9,3.4,4.0,1.85,3.45,4.0,1.87,3.5,4.2,1.91,3.5,4.0,2017/18,€14.40m,€8.68m,1.93,3.6,4.0,54.6448,52.6316,52.356,54.0541,51.8135,53.4759,28.5714,29.4118,28.5714,28.9855,27.7778,28.5714,23.0947,25.0,25.0,25.0,25.0,23.8095,H,53.1627,1.081,28.6482,0.5426,24.484,0.8307,ScotishPremierLeague
SC0,21/10/2017,Partick,Dundee,H,2.37,3.29,2.89,2.35,3.2,3.0,2.2,3.3,3.1,2.35,3.2,3.1,2.3,3.3,3.1,2017/18,€7.65m,€9.50m,2.38,3.3,3.1,42.1941,42.5532,43.4783,45.4545,42.0168,42.5532,30.3951,31.25,30.303,30.303,30.303,31.25,34.6021,33.3333,32.2581,32.2581,32.2581,32.2581,H,43.0417,1.2852,30.634,0.4785,32.828,0.9697,ScotishPremierLeague
SC0,21/10/2017,Ross County,Hamilton,H,1.85,3.79,4.0,1.9,3.5,3.9,1.85,3.45,4.0,1.91,3.5,3.8,1.95,3.5,3.8,2017/18,€7.88m,€8.08m,1.9,3.8,3.8,54.0541,52.6316,51.2821,54.0541,52.6316,52.356,26.3852,28.5714,28.5714,28.9855,26.3158,28.5714,25.0,25.641,26.3158,25.0,26.3158,26.3158,H,52.8349,1.0673,27.9001,1.2112,25.7647,0.6475,ScotishPremierLeague
SC0,24/10/2017,Hamilton,Partick,D,2.45,3.29,2.79,2.5,3.25,2.75,2.6,3.2,2.6,2.6,3.2,2.75,2.6,3.3,2.7,2017/18,€8.08m,€7.65m,2.55,3.4,2.75,40.8163,40.0,38.4615,38.4615,39.2157,38.4615,30.3951,30.7692,30.303,31.25,29.4118,31.25,35.8423,36.3636,37.037,38.4615,36.3636,36.3636,H,39.2361,0.988,30.5632,0.6939,36.7386,0.9255,ScotishPremierLeague
SC0,24/10/2017,Hibernian,Hearts,H,1.95,3.39,3.89,2.05,3.4,3.5,2.0,3.3,3.6,2.05,3.3,3.6,2.05,3.3,3.75,2017/18,€12.48m,€14.40m,2.05,3.5,3.6,51.2821,48.7805,48.7805,50.0,48.7805,48.7805,29.4985,29.4118,30.303,30.303,28.5714,30.303,25.7069,28.5714,26.6667,27.7778,27.7778,27.7778,H,49.4007,1.0428,29.7318,0.7046,27.3797,1.02,ScotishPremierLeague
SC0,24/10/2017,St Johnstone,Ross County,D,2.29,3.29,3.1,2.25,3.25,3.1,2.2,3.3,3.1,2.35,3.2,3.2,2.3,3.3,3.1,2017/18,€8.68m,€7.88m,2.38,3.3,3.1,43.6681,44.4444,43.4783,45.4545,42.0168,42.5532,30.3951,30.7692,30.303,30.303,30.303,31.25,32.2581,32.2581,32.2581,32.2581,32.2581,31.25,H,43.6026,1.2469,30.5539,0.386,32.0901,0.4116,ScotishPremierLeague
SC0,25/10/2017,Aberdeen,Celtic,A,7.0,4.0,1.5,6.25,3.7,1.57,5.0,3.9,1.6,6.0,4.0,1.53,6.5,4.0,1.53,2017/18,€12.25m,€77.48m,6.25,4.2,1.53,14.2857,16.0,15.3846,20.0,16.0,16.6667,25.0,27.027,25.0,25.641,23.8095,25.0,66.6667,63.6943,65.3595,62.5,65.3595,65.3595,A,16.3895,1.9417,25.2463,1.0558,64.8233,1.4787,ScotishPremierLeague
SC0,25/10/2017,Dundee,Motherwell,A,2.75,3.25,2.54,2.7,3.3,2.5,2.6,3.2,2.6,2.7,3.4,2.5,2.75,3.4,2.5,2017/18,€9.50m,€7.53m,2.75,3.5,2.5,36.3636,37.037,36.3636,38.4615,36.3636,37.037,30.7692,30.303,29.4118,31.25,28.5714,29.4118,39.3701,40.0,40.0,38.4615,40.0,40.0,A,36.9377,0.8161,29.9529,0.9965,39.6386,0.6293,ScotishPremierLeague
SC0,25/10/2017,Rangers,Kilmarnock,D,1.25,5.75,11.0,1.26,5.5,10.5,1.27,5.2,10.0,1.28,5.5,11.0,1.25,6.0,11.0,2017/18,€26.10m,€9.43m,1.25,6.0,11.0,80.0,79.3651,80.0,78.7402,80.0,78.125,17.3913,18.1818,16.6667,19.2308,16.6667,18.1818,9.0909,9.5238,9.0909,10.0,9.0909,9.0909,H,79.3717,0.7921,17.7198,1.0036,9.3146,0.3778,ScotishPremierLeague
SC0,28/10/2017,Aberdeen,Ross County,H,1.5,4.2,6.25,1.44,4.4,6.75,1.45,4.0,7.0,1.5,4.2,6.5,1.5,4.2,6.5,2017/18,€12.25m,€7.88m,1.5,4.5,6.25,66.6667,69.4444,66.6667,68.9655,66.6667,66.6667,23.8095,22.7273,23.8095,25.0,22.2222,23.8095,16.0,14.8148,15.3846,14.2857,16.0,15.3846,H,67.5128,1.3195,23.563,0.974,15.3116,0.672,ScotishPremierLeague
SC0,28/10/2017,Celtic,Kilmarnock,D,1.12,8.0,19.0,1.11,8.5,18.0,1.15,7.0,15.0,1.11,9.0,29.0,1.1,9.0,26.0,2017/18,€77.48m,€9.43m,1.1,10.0,23.0,89.2857,90.0901,90.9091,86.9565,90.9091,90.0901,12.5,11.7647,11.1111,14.2857,10.0,11.1111,5.2632,5.5556,3.8462,6.6667,4.3478,3.4483,H,89.7068,1.4783,11.7954,1.4737,4.8546,1.1995,ScotishPremierLeague
SC0,28/10/2017,Dundee,Hamilton,A,2.04,3.39,3.5,2.1,3.3,3.4,2.0,3.3,3.6,2.05,3.4,3.5,2.0,3.6,3.6,2017/18,€9.50m,€8.08m,2.1,3.6,3.4,49.0196,47.619,50.0,50.0,47.619,48.7805,29.4985,30.303,27.7778,30.303,27.7778,29.4118,28.5714,29.4118,27.7778,27.7778,29.4118,28.5714,H,48.8397,1.0685,29.1786,1.1498,28.587,0.7308,ScotishPremierLeague
SC0,28/10/2017,Hearts,Rangers,A,3.29,3.5,2.1,3.4,3.5,2.05,3.6,3.3,2.0,3.4,3.4,2.1,3.3,3.5,2.1,2017/18,€14.40m,€26.10m,3.3,3.7,2.1,30.3951,29.4118,30.303,27.7778,30.303,29.4118,28.5714,28.5714,28.5714,30.303,27.027,29.4118,47.619,48.7805,47.619,50.0,47.619,47.619,A,29.6004,1.0012,28.7427,1.0876,48.2094,0.9926,ScotishPremierLeague
SC0,28/10/2017,Motherwell,Hibernian,A,3.2,3.39,2.2,3.2,3.2,2.25,2.9,3.3,2.3,3.1,3.4,2.2,3.3,3.4,2.15,2017/18,€7.53m,€12.48m,3.13,3.6,2.2,31.25,31.25,30.303,34.4828,31.9489,32.2581,29.4985,31.25,29.4118,30.303,27.7778,29.4118,45.4545,44.4444,46.5116,43.4783,45.4545,45.4545,A,31.9155,1.428,29.6088,1.1505,45.133,1.0414,ScotishPremierLeague
SC0,28/10/2017,Partick,St Johnstone,H,2.62,3.39,2.54,2.7,3.0,2.7,2.75,3.3,2.4,2.75,3.0,2.7,2.75,3.2,2.62,2017/18,€7.65m,€8.68m,2.7,3.2,2.7,38.1679,37.037,36.3636,36.3636,37.037,36.3636,29.4985,33.3333,31.25,30.303,31.25,33.3333,39.3701,37.037,38.1679,41.6667,37.037,37.037,A,36.8888,0.7082,31.4947,1.5675,38.386,1.8568,ScotishPremierLeague
SC0,31/10/2017,Kilmarnock,Hibernian,A,5.25,3.75,1.64,5.0,3.75,1.65,3.8,3.45,1.9,5.5,3.5,1.67,5.0,3.6,1.7,2017/18,€9.43m,€12.48m,5.5,3.75,1.67,19.0476,20.0,20.0,26.3158,18.1818,18.1818,26.6667,26.6667,27.7778,28.9855,26.6667,28.5714,60.9756,60.6061,58.8235,52.6316,59.8802,59.8802,A,20.2878,3.063,27.5558,1.0485,58.7995,3.1106,ScotishPremierLeague
SC0,04/11/2017,Hamilton,Aberdeen,D,5.75,3.75,1.6,5.25,3.8,1.62,5.0,3.9,1.6,5.5,3.8,1.61,5.5,3.8,1.62,2017/18,€8.08m,€12.25m,5.2,4.0,1.65,17.3913,19.0476,18.1818,20.0,19.2308,18.1818,26.6667,26.3158,26.3158,25.641,25.0,26.3158,62.5,61.7284,61.7284,62.5,60.6061,62.1118,A,18.6722,0.9314,26.0425,0.6102,61.8624,0.7056,ScotishPremierLeague
SC0,04/11/2017,Hibernian,Dundee,H,1.39,4.5,8.0,1.4,4.25,8.0,1.4,4.4,7.3,1.44,4.4,7.5,1.44,4.5,7.0,2017/18,€12.48m,€9.50m,1.45,4.6,7.0,71.9424,71.4286,69.4444,71.4286,68.9655,69.4444,22.2222,23.5294,22.2222,22.7273,21.7391,22.7273,12.5,12.5,14.2857,13.6986,14.2857,13.3333,H,70.4423,1.2937,22.5279,0.6151,13.4339,0.8094,ScotishPremierLeague
SC0,04/11/2017,Rangers,Partick,H,1.36,4.75,8.5,1.34,4.6,9.5,1.4,4.4,7.3,1.33,5.0,9.5,1.33,5.0,9.0,2017/18,€26.10m,€7.65m,1.33,5.25,9.0,73.5294,74.6269,75.188,71.4286,75.188,75.188,21.0526,21.7391,20.0,22.7273,19.0476,20.0,11.7647,10.5263,11.1111,13.6986,11.1111,10.5263,H,74.1915,1.4994,20.7611,1.3418,11.4564,1.1909,ScotishPremierLeague
SC0,04/11/2017,Ross County,Motherwell,H,2.5,3.39,2.7,2.55,3.25,2.7,2.4,3.3,2.75,2.5,3.4,2.7,2.5,3.4,2.7,2017/18,€7.88m,€7.53m,2.5,3.6,2.7,40.0,39.2157,40.0,41.6667,40.0,40.0,29.4985,30.7692,29.4118,30.303,27.7778,29.4118,37.037,37.037,37.037,36.3636,37.037,37.037,H,40.1471,0.8079,29.5287,1.023,36.9248,0.2749,ScotishPremierLeague
SC0,04/11/2017,St Johnstone,Celtic,A,13.0,6.5,1.19,12.5,5.75,1.22,10.3,5.5,1.25,15.0,6.0,1.22,11.0,6.0,1.25,2017/18,€8.68m,€77.48m,13.0,6.5,1.22,7.6923,8.0,9.0909,9.7087,7.6923,6.6667,15.3846,17.3913,16.6667,18.1818,15.3846,16.6667,84.0336,81.9672,80.0,80.0,81.9672,81.9672,A,8.1418,1.0914,16.6126,1.1037,81.6559,1.5118,ScotishPremierLeague
SC0,05/11/2017,Hearts,Kilmarnock,A,1.75,4.0,4.09,1.78,3.6,4.4,1.8,3.5,4.2,1.73,3.7,4.5,1.73,3.8,4.5,2017/18,€14.40m,€9.43m,1.67,3.8,4.6,57.1429,56.1798,57.8035,55.5556,59.8802,57.8035,25.0,27.7778,26.3158,28.5714,26.3158,27.027,24.4499,22.7273,22.2222,23.8095,21.7391,22.2222,H,57.3942,1.5122,26.8346,1.2528,22.8617,1.0504,ScotishPremierLeague
SC0,18/11/2017,Aberdeen,Motherwell,A,1.72,3.75,4.5,1.7,3.8,4.5,1.65,3.6,5.1,1.75,3.7,4.6,1.75,3.75,4.5,2017/18,€12.25m,€7.53m,1.73,3.9,4.6,58.1395,58.8235,57.1429,60.6061,57.8035,57.1429,26.6667,26.3158,26.6667,27.7778,25.641,27.027,22.2222,22.2222,22.2222,19.6078,21.7391,21.7391,H,58.2764,1.3068,26.6825,0.7125,21.6254,1.0164,ScotishPremierLeague
SC0,18/11/2017,Dundee,Kilmarnock,D,2.39,3.2,2.89,2.45,3.25,2.85,2.2,3.3,3.1,2.5,3.2,2.8,2.5,3.2,2.9,2017/18,€9.50m,€9.43m,2.5,3.3,2.88,41.841,40.8163,40.0,45.4545,40.0,40.0,31.25,30.7692,31.25,30.303,30.303,31.25,34.6021,35.0877,34.4828,32.2581,34.7222,35.7143,H,41.352,2.1373,30.8542,0.4658,34.4779,1.175,ScotishPremierLeague
SC0,18/11/2017,Hibernian,St Johnstone,A,1.57,3.79,6.0,1.6,3.75,5.5,1.55,3.9,5.6,1.6,3.8,5.8,1.57,3.8,6.0,2017/18,€12.48m,€8.68m,1.57,4.1,6.0,63.6943,62.5,63.6943,64.5161,63.6943,62.5,26.3852,26.6667,26.3158,25.641,24.3902,26.3158,16.6667,18.1818,16.6667,17.8571,16.6667,17.2414,H,63.4332,0.7898,25.9524,0.8366,17.2134,0.6708,ScotishPremierLeague
SC0,18/11/2017,Rangers,Hamilton,A,1.3,5.25,9.0,1.3,5.25,9.0,1.3,5.0,9.0,1.36,5.0,8.5,1.33,5.0,9.0,2017/18,€26.10m,€8.08m,1.33,5.25,8.5,76.9231,76.9231,75.188,76.9231,75.188,73.5294,19.0476,19.0476,20.0,20.0,19.0476,20.0,11.1111,11.1111,11.1111,11.1111,11.7647,11.7647,H,75.7791,1.3918,19.5238,0.5217,11.329,0.3375,ScotishPremierLeague
SC0,18/11/2017,Ross County,Celtic,A,13.0,6.5,1.19,13.0,6.5,1.19,12.0,5.5,1.22,13.0,6.5,1.22,13.0,6.0,1.22,2017/18,€7.88m,€77.48m,13.0,7.0,1.2,7.6923,7.6923,7.6923,8.3333,7.6923,7.6923,15.3846,15.3846,16.6667,18.1818,14.2857,15.3846,84.0336,84.0336,81.9672,81.9672,83.3333,81.9672,A,7.7991,0.2617,15.8813,1.3561,82.8837,1.036,ScotishPremierLeague
SC0,24/11/2017,Dundee,Rangers,H,7.0,4.33,1.44,6.0,4.25,1.5,5.4,3.7,1.6,6.5,4.4,1.44,6.0,4.4,1.5,2017/18,€9.50m,€26.10m,6.5,4.6,1.45,14.2857,16.6667,16.6667,18.5185,15.3846,15.3846,23.0947,23.5294,22.7273,27.027,21.7391,22.7273,69.4444,66.6667,66.6667,62.5,68.9655,69.4444,A,16.1511,1.4691,23.4741,1.8382,67.2813,2.6762,ScotishPremierLeague
SC0,25/11/2017,Hamilton,Hibernian,D,5.25,3.75,1.64,4.25,3.9,1.72,4.5,3.5,1.75,4.8,3.75,1.7,5.0,3.4,1.75,2017/18,€8.08m,€12.48m,5.0,3.9,1.67,19.0476,23.5294,20.0,22.2222,20.0,20.8333,26.6667,25.641,29.4118,28.5714,25.641,26.6667,60.9756,58.1395,57.1429,57.1429,59.8802,58.8235,A,20.9388,1.6558,27.0998,1.5584,58.6841,1.5329,ScotishPremierLeague
SC0,25/11/2017,Hearts,Ross County,D,1.9,3.5,4.0,1.85,3.4,4.25,1.9,3.45,3.8,1.91,3.4,4.0,1.91,3.4,4.0,2017/18,€14.40m,€7.88m,1.91,3.6,4.0,52.6316,54.0541,52.356,52.6316,52.356,52.356,28.5714,29.4118,29.4118,28.9855,27.7778,29.4118,25.0,23.5294,25.0,26.3158,25.0,25.0,H,52.7309,0.6622,28.9284,0.6566,24.9742,0.882,ScotishPremierLeague
SC0,26/11/2017,Kilmarnock,Aberdeen,A,4.33,3.39,1.85,4.5,3.3,1.83,4.0,3.45,1.85,4.0,3.4,1.91,4.0,3.3,1.95,2017/18,€9.43m,€12.25m,3.8,3.5,1.9,23.0947,22.2222,25.0,25.0,26.3158,25.0,29.4985,30.303,30.303,28.9855,28.5714,29.4118,54.0541,54.6448,51.2821,54.0541,52.6316,52.356,A,24.4388,1.4959,29.5122,0.6962,53.1704,1.2849,ScotishPremierLeague
SC0,29/11/2017,Motherwell,Celtic,D,11.0,5.75,1.25,9.75,5.75,1.26,10.3,5.5,1.25,11.0,5.75,1.25,12.0,6.0,1.22,2017/18,€7.53m,€77.48m,11.0,6.0,1.25,9.0909,10.2564,8.3333,9.7087,9.0909,9.0909,17.3913,17.3913,16.6667,18.1818,16.6667,17.3913,80.0,79.3651,81.9672,80.0,80.0,80.0,A,9.2618,0.654,17.2815,0.5662,80.222,0.8919,ScotishPremierLeague
SC0,29/11/2017,Rangers,Aberdeen,H,1.95,3.6,3.6,1.95,3.5,3.7,2.1,3.3,3.3,2.0,3.4,3.5,2.05,3.5,3.5,2017/18,€26.10m,€12.25m,2.0,3.6,3.6,51.2821,51.2821,48.7805,47.619,50.0,50.0,27.7778,28.5714,28.5714,30.303,27.7778,29.4118,27.7778,27.027,28.5714,30.303,27.7778,28.5714,H,49.8273,1.4328,28.7355,0.9801,28.3381,1.124,ScotishPremierLeague
SC0,02/12/2017,Celtic,Motherwell,H,1.14,8.5,13.0,1.16,7.25,14.0,1.15,7.0,15.0,1.17,7.0,19.0,1.17,7.0,15.0,2017/18,€77.48m,€7.53m,1.15,8.0,17.0,87.7193,86.2069,85.4701,86.9565,86.9565,85.4701,11.7647,13.7931,14.2857,14.2857,12.5,14.2857,7.6923,7.1429,6.6667,6.6667,5.8824,5.2632,H,86.4632,0.9058,13.4858,1.0907,6.5524,0.8701,ScotishPremierLeague
SC0,02/12/2017,Hearts,Hamilton,D,1.7,3.5,5.25,1.7,3.7,4.75,1.8,3.5,4.2,1.7,3.6,5.0,1.75,3.5,4.8,2017/18,€14.40m,€8.08m,1.7,3.9,4.8,58.8235,58.8235,57.1429,55.5556,58.8235,58.8235,28.5714,27.027,28.5714,28.5714,25.641,27.7778,19.0476,21.0526,20.8333,23.8095,20.8333,20.0,H,57.9988,1.3728,27.6933,1.1812,20.9294,1.5958,ScotishPremierLeague
SC0,02/12/2017,Partick,Hibernian,A,5.0,3.75,1.66,4.75,3.6,1.72,4.4,3.6,1.75,4.8,3.6,1.73,4.8,3.5,1.75,2017/18,€7.65m,€12.48m,4.75,3.75,1.75,20.0,21.0526,20.8333,22.7273,21.0526,20.8333,26.6667,27.7778,28.5714,27.7778,26.6667,27.7778,60.241,58.1395,57.1429,57.1429,57.1429,57.8035,A,21.0832,0.8948,27.5397,0.7428,57.9354,1.2049,ScotishPremierLeague
SC0,02/12/2017,Ross County,Dundee,A,2.25,3.39,3.1,2.2,3.3,3.2,2.1,3.3,3.3,2.2,3.4,3.1,2.25,3.2,3.2,2017/18,€7.88m,€9.50m,2.3,3.5,3.0,44.4444,45.4545,44.4444,47.619,43.4783,45.4545,29.4985,30.303,31.25,30.303,28.5714,29.4118,32.2581,31.25,31.25,30.303,33.3333,32.2581,H,45.1492,1.4193,29.8896,0.9286,31.7754,1.0595,ScotishPremierLeague
SC0,02/12/2017,St Johnstone,Kilmarnock,A,2.1,3.29,3.5,2.2,3.1,3.4,2.1,3.3,3.3,2.2,3.1,3.4,2.25,3.2,3.3,2017/18,€8.68m,€9.43m,2.25,3.3,3.3,47.619,45.4545,44.4444,47.619,44.4444,45.4545,30.3951,32.2581,31.25,30.303,30.303,32.2581,28.5714,29.4118,30.303,30.303,30.303,29.4118,H,45.8393,1.4507,31.1279,0.9453,29.7173,0.7112,ScotishPremierLeague
SC0,03/12/2017,Aberdeen,Rangers,A,2.75,3.29,2.5,2.75,3.4,2.4,2.75,3.3,2.4,2.75,3.3,2.45,2.8,3.5,2.4,2017/18,€12.25m,€26.10m,2.63,3.5,2.45,36.3636,36.3636,35.7143,36.3636,38.0228,36.3636,30.3951,29.4118,28.5714,30.303,28.5714,30.303,40.0,41.6667,41.6667,41.6667,40.8163,40.8163,A,36.5319,0.7752,29.5926,0.8685,41.1054,0.6833,ScotishPremierLeague
SC0,08/12/2017,Dundee,Aberdeen,A,4.33,3.75,1.75,4.33,3.6,1.78,3.8,3.45,1.9,4.25,3.5,1.83,4.2,3.6,1.83,2017/18,€9.50m,€12.25m,4.2,3.75,1.83,23.0947,23.0947,23.8095,26.3158,23.8095,23.5294,26.6667,27.7778,27.7778,28.9855,26.6667,28.5714,57.1429,56.1798,54.6448,52.6316,54.6448,54.6448,A,23.9423,1.2063,27.741,0.9539,54.9814,1.5472,ScotishPremierLeague
SC0,09/12/2017,Hamilton,St Johnstone,A,2.54,3.25,2.75,2.65,3.25,2.6,2.6,3.2,2.6,2.65,3.2,2.65,2.7,3.1,2.7,2017/18,€8.08m,€8.68m,2.63,3.3,2.75,39.3701,37.7358,37.037,38.4615,38.0228,37.7358,30.7692,30.7692,32.2581,31.25,30.303,31.25,36.3636,38.4615,37.037,38.4615,36.3636,37.7358,H,38.0605,0.7919,31.0999,0.6694,37.4038,0.964,ScotishPremierLeague
SC0,09/12/2017,Hearts,Motherwell,H,2.1,3.25,3.6,2.15,3.3,3.3,2.1,3.3,3.3,2.15,3.3,3.4,2.2,3.3,3.3,2017/18,€14.40m,€7.53m,2.15,3.4,3.4,47.619,46.5116,45.4545,47.619,46.5116,46.5116,30.7692,30.303,30.303,30.303,29.4118,30.303,27.7778,30.303,30.303,30.303,29.4118,29.4118,H,46.7046,0.8181,30.2322,0.4431,29.5851,0.9872,ScotishPremierLeague
SC0,09/12/2017,Kilmarnock,Partick,H,2.2,3.25,3.29,2.25,3.2,3.2,2.3,3.2,3.0,2.25,3.1,3.4,2.25,3.2,3.3,2017/18,€9.43m,€7.65m,2.2,3.3,3.4,45.4545,44.4444,44.4444,43.4783,45.4545,44.4444,30.7692,31.25,31.25,31.25,30.303,32.2581,30.3951,31.25,30.303,33.3333,29.4118,29.4118,H,44.6201,0.7468,31.1801,0.6504,30.6842,1.47,ScotishPremierLeague
SC0,09/12/2017,Rangers,Ross County,H,1.36,4.5,9.0,1.35,4.75,8.25,1.4,4.5,7.0,1.36,4.8,8.0,1.36,5.0,8.0,2017/18,€26.10m,€7.88m,1.36,5.0,8.5,73.5294,74.0741,73.5294,71.4286,73.5294,73.5294,22.2222,21.0526,20.0,22.2222,20.0,20.8333,11.1111,12.1212,12.5,14.2857,11.7647,12.5,H,73.2701,0.9281,21.055,1.0,12.3805,1.0692,ScotishPremierLeague
SC0,10/12/2017,Hibernian,Celtic,D,6.5,4.5,1.44,6.75,4.25,1.45,6.1,4.0,1.5,6.5,4.33,1.44,7.0,4.5,1.44,2017/18,€12.48m,€77.48m,6.25,4.5,1.44,15.3846,14.8148,14.2857,16.3934,16.0,15.3846,22.2222,23.5294,22.2222,25.0,22.2222,23.0947,69.4444,68.9655,69.4444,66.6667,69.4444,69.4444,A,15.3772,0.7653,23.0484,1.1036,68.9016,1.1115,ScotishPremierLeague
SC0,12/12/2017,Hearts,Dundee,H,1.85,3.5,4.2,1.8,3.5,4.33,1.75,3.5,4.5,1.83,3.5,4.25,1.83,3.4,4.5,2017/18,€14.40m,€9.50m,1.87,3.5,4.4,54.0541,55.5556,54.6448,57.1429,53.4759,54.6448,28.5714,28.5714,29.4118,28.5714,28.5714,28.5714,23.8095,23.0947,22.2222,22.2222,22.7273,23.5294,H,54.9197,1.2909,28.7115,0.3431,22.9342,0.6638,ScotishPremierLeague
SC0,12/12/2017,Ross County,Kilmarnock,D,2.45,3.29,2.79,2.5,3.2,2.8,2.4,3.3,2.75,2.5,3.1,2.87,2.5,3.2,2.88,2017/18,€7.88m,€9.43m,2.5,3.3,2.88,40.8163,40.0,40.0,41.6667,40.0,40.0,30.3951,31.25,31.25,30.303,30.303,32.2581,35.8423,35.7143,34.7222,36.3636,34.7222,34.8432,H,40.4138,0.6952,30.9599,0.7792,35.368,0.6994,ScotishPremierLeague
SC0,13/12/2017,Celtic,Hamilton,H,1.11,9.0,17.0,1.11,8.75,19.5,1.15,7.0,15.0,1.13,8.0,23.0,1.14,8.0,17.0,2017/18,€77.48m,€8.08m,1.13,9.0,20.0,90.0901,90.0901,87.7193,86.9565,88.4956,88.4956,11.1111,11.4286,12.5,14.2857,11.1111,12.5,5.8824,5.1282,5.8824,6.6667,5.0,4.3478,H,88.6412,1.2593,12.1561,1.2235,5.4846,0.8207,ScotishPremierLeague
SC0,13/12/2017,Hibernian,Rangers,A,2.89,3.29,2.37,3.0,3.3,2.3,2.75,3.3,2.4,2.87,3.3,2.4,2.9,3.4,2.4,2017/18,€12.48m,€26.10m,2.8,3.4,2.5,34.6021,33.3333,34.4828,36.3636,35.7143,34.8432,30.3951,30.303,29.4118,30.303,29.4118,30.303,42.1941,43.4783,41.6667,41.6667,40.0,41.6667,A,34.8899,1.0512,30.0213,0.4734,41.7787,1.1192,ScotishPremierLeague
SC0,13/12/2017,Partick,Motherwell,H,2.89,3.29,2.37,2.9,3.2,2.45,2.75,3.3,2.4,3.0,3.1,2.45,2.9,3.4,2.4,2017/18,€7.65m,€7.53m,3.0,3.3,2.45,34.6021,34.4828,34.4828,36.3636,33.3333,33.3333,30.3951,31.25,29.4118,30.303,30.303,32.2581,42.1941,40.8163,41.6667,41.6667,40.8163,40.8163,A,34.433,1.1117,30.6535,0.9782,41.3294,0.5941,ScotishPremierLeague
SC0,13/12/2017,St Johnstone,Aberdeen,A,3.5,3.29,2.1,3.6,3.25,2.05,3.1,3.3,2.2,3.8,3.2,2.05,3.6,3.3,2.1,2017/18,€8.68m,€12.25m,3.7,3.3,2.1,28.5714,27.7778,27.7778,32.2581,27.027,26.3158,30.3951,30.7692,30.303,30.303,30.303,31.25,47.619,48.7805,47.619,45.4545,47.619,48.7805,A,28.288,2.0901,30.5539,0.386,47.6454,1.2148,ScotishPremierLeague
SC0,16/12/2017,Aberdeen,Hibernian,H,2.39,3.39,2.79,2.35,3.4,2.85,2.3,3.3,2.9,2.5,3.25,2.8,2.5,3.3,2.8,2017/18,€12.25m,€12.48m,2.5,3.4,2.8,41.841,42.5532,40.0,43.4783,40.0,40.0,29.4985,29.4118,30.303,30.303,29.4118,30.7692,35.8423,35.0877,35.7143,34.4828,35.7143,35.7143,H,41.3121,1.5282,29.9496,0.5837,35.426,0.5342,ScotishPremierLeague
SC0,16/12/2017,Dundee,Partick,H,2.2,3.25,3.29,2.2,3.25,3.25,2.2,3.3,3.1,2.3,3.2,3.2,2.3,3.2,3.2,2017/18,€9.50m,€7.65m,2.3,3.4,3.13,45.4545,45.4545,43.4783,45.4545,43.4783,43.4783,30.7692,30.7692,31.25,30.303,29.4118,31.25,30.3951,30.7692,31.25,32.2581,31.9489,31.25,H,44.4664,1.0824,30.6255,0.6926,31.3119,0.6991,ScotishPremierLeague
SC0,16/12/2017,Hamilton,Ross County,H,2.39,3.5,2.75,2.4,3.4,2.8,2.3,3.3,2.9,2.5,3.2,2.8,2.5,3.2,2.9,2017/18,€8.08m,€7.88m,2.5,3.4,2.8,41.841,41.6667,40.0,43.4783,40.0,40.0,28.5714,29.4118,31.25,30.303,29.4118,31.25,36.3636,35.7143,34.4828,34.4828,35.7143,35.7143,H,41.1643,1.4235,30.033,1.0902,35.412,0.7624,ScotishPremierLeague
SC0,16/12/2017,Kilmarnock,Motherwell,H,2.39,3.25,2.89,2.4,3.25,2.9,2.4,3.3,2.75,2.4,3.2,2.9,2.5,3.2,2.9,2017/18,€9.43m,€7.53m,2.5,3.4,2.88,41.841,41.6667,40.0,41.6667,40.0,41.6667,30.7692,30.7692,31.25,30.303,29.4118,31.25,34.6021,34.4828,34.4828,36.3636,34.7222,34.4828,H,41.1402,0.8858,30.6255,0.6926,34.8561,0.7447,ScotishPremierLeague
SC0,16/12/2017,Rangers,St Johnstone,A,1.36,4.5,9.0,1.36,4.5,9.0,1.4,4.4,7.3,1.4,4.6,8.0,1.4,4.5,8.0,2017/18,€26.10m,€8.68m,1.4,4.8,8.0,73.5294,73.5294,71.4286,71.4286,71.4286,71.4286,22.2222,22.2222,22.2222,22.7273,20.8333,21.7391,11.1111,11.1111,12.5,13.6986,12.5,12.5,H,72.1289,1.0848,21.9944,0.649,12.2368,0.9878,ScotishPremierLeague
SC0,17/12/2017,Hearts,Celtic,H,8.5,4.75,1.36,8.25,4.6,1.36,7.3,4.4,1.4,9.0,4.8,1.36,8.0,5.0,1.36,2017/18,€14.40m,€77.48m,8.0,5.0,1.33,11.7647,12.1212,12.5,13.6986,12.5,11.1111,21.0526,21.7391,20.0,22.7273,20.0,20.8333,73.5294,73.5294,73.5294,71.4286,75.188,73.5294,A,12.2826,0.8679,21.0587,1.0526,73.4557,1.1943,ScotishPremierLeague
SC0,20/12/2017,Celtic,Partick,H,1.1,9.0,25.0,1.08,10.5,20.0,1.12,8.0,16.0,1.11,9.5,34.0,1.1,9.0,26.0,2017/18,€77.48m,€7.65m,1.09,10.5,26.0,90.9091,92.5926,90.9091,89.2857,91.7431,90.0901,11.1111,9.5238,11.1111,12.5,9.5238,10.5263,4.0,5.0,3.8462,6.25,3.8462,2.9412,H,90.9216,1.1692,10.716,1.129,4.3139,1.1523,ScotishPremierLeague
SC0,23/12/2017,Celtic,Aberdeen,H,1.36,4.75,8.5,1.28,5.5,9.25,1.4,4.5,7.0,1.36,4.8,9.0,1.33,5.0,9.0,2017/18,€77.48m,€12.25m,1.33,5.0,9.5,73.5294,78.125,75.188,71.4286,75.188,73.5294,21.0526,18.1818,20.0,22.2222,20.0,20.8333,11.7647,10.8108,11.1111,14.2857,10.5263,11.1111,H,74.4981,2.2541,20.3817,1.3544,11.6016,1.378,ScotishPremierLeague
SC0,23/12/2017,Hibernian,Ross County,H,1.53,4.2,5.75,1.48,4.33,6.25,1.55,4.0,5.5,1.5,4.2,6.5,1.5,4.33,6.0,2017/18,€12.48m,€7.88m,1.5,4.33,6.5,65.3595,67.5676,66.6667,64.5161,66.6667,66.6667,23.8095,23.0947,23.0947,25.0,23.0947,23.8095,17.3913,16.0,16.6667,18.1818,15.3846,15.3846,H,66.2406,1.1005,23.6505,0.7481,16.5015,1.1304,ScotishPremierLeague
SC0,23/12/2017,Kilmarnock,Rangers,H,4.75,4.0,1.64,4.6,3.9,1.67,4.9,3.7,1.65,4.6,3.75,1.7,4.5,3.8,1.73,2017/18,€9.43m,€26.10m,4.6,4.0,1.73,21.0526,21.7391,22.2222,20.4082,21.7391,21.7391,25.0,25.641,26.3158,27.027,25.0,26.6667,60.9756,59.8802,57.8035,60.6061,57.8035,58.8235,A,21.4834,0.6455,25.9418,0.8611,59.3154,1.3824,ScotishPremierLeague
SC0,23/12/2017,Motherwell,Dundee,D,2.2,3.39,3.2,2.2,3.3,3.2,2.1,3.3,3.3,2.3,3.3,3.0,2.25,3.3,3.2,2017/18,€7.53m,€9.50m,2.38,3.4,3.0,45.4545,45.4545,44.4444,47.619,42.0168,43.4783,29.4985,30.303,30.303,30.303,29.4118,30.303,31.25,31.25,31.25,30.303,33.3333,33.3333,H,44.7446,1.9186,30.0204,0.4387,31.7866,1.253,ScotishPremierLeague
SC0,23/12/2017,Partick,Hamilton,H,2.37,3.5,2.79,2.45,3.3,2.8,2.4,3.3,2.75,2.55,3.1,2.87,2.5,3.3,2.8,2017/18,€7.65m,€8.08m,2.45,3.4,2.88,42.1941,40.8163,40.0,41.6667,40.8163,39.2157,28.5714,30.303,30.303,30.303,29.4118,32.2581,35.8423,35.7143,35.7143,36.3636,34.7222,34.8432,H,40.7848,1.0811,30.1917,1.2281,35.5333,0.63,ScotishPremierLeague
SC0,23/12/2017,St Johnstone,Hearts,D,3.0,3.2,2.39,2.9,3.25,2.4,2.75,3.3,2.4,3.0,3.1,2.45,2.9,3.2,2.5,2017/18,€8.68m,€14.40m,3.0,3.2,2.45,33.3333,34.4828,34.4828,36.3636,33.3333,33.3333,31.25,30.7692,31.25,30.303,31.25,32.2581,41.841,41.6667,40.0,41.6667,40.8163,40.8163,A,34.2215,1.191,31.1801,0.6504,41.1345,0.7149,ScotishPremierLeague
SC0,26/12/2017,Dundee,Celtic,A,13.0,6.5,1.19,11.5,7.0,1.19,10.3,5.5,1.25,15.0,6.0,1.22,13.0,6.5,1.2,2017/18,€9.50m,€77.48m,13.0,6.5,1.22,7.6923,8.6957,7.6923,9.7087,7.6923,6.6667,15.3846,14.2857,15.3846,18.1818,15.3846,16.6667,84.0336,84.0336,83.3333,80.0,81.9672,81.9672,A,8.0247,1.0452,15.8813,1.3561,82.5558,1.5619,ScotishPremierLeague
SC0,27/12/2017,Aberdeen,Partick,H,1.33,4.75,9.5,1.3,5.0,9.5,1.3,5.0,9.0,1.36,4.5,9.5,1.33,5.0,9.0,2017/18,€12.25m,€7.65m,1.33,4.6,8.5,75.188,76.9231,75.188,76.9231,75.188,73.5294,21.0526,20.0,20.0,20.0,21.7391,22.2222,10.5263,10.5263,11.1111,11.1111,11.7647,10.5263,H,75.4899,1.2826,20.8356,0.988,10.9276,0.5002,ScotishPremierLeague
SC0,27/12/2017,Hearts,Hibernian,D,2.79,3.39,2.39,2.7,3.4,2.45,2.6,3.2,2.6,2.8,3.25,2.45,2.8,3.4,2.45,2017/18,€14.40m,€12.48m,2.75,3.4,2.4,35.8423,37.037,35.7143,38.4615,36.3636,35.7143,29.4985,29.4118,29.4118,31.25,29.4118,30.7692,41.841,40.8163,40.8163,38.4615,41.6667,40.8163,A,36.5222,1.0788,29.9588,0.8287,40.7363,1.2066,ScotishPremierLeague
SC0,27/12/2017,Rangers,Motherwell,H,1.39,4.59,7.5,1.4,4.5,7.5,1.4,4.4,7.3,1.4,4.5,7.5,1.4,4.5,8.0,2017/18,€26.10m,€7.53m,1.4,4.6,7.0,71.9424,71.4286,71.4286,71.4286,71.4286,71.4286,21.7865,22.2222,22.2222,22.7273,21.7391,22.2222,13.3333,13.3333,12.5,13.6986,14.2857,13.3333,H,71.5142,0.2098,22.1533,0.3605,13.414,0.5824,ScotishPremierLeague
SC0,27/12/2017,Ross County,St Johnstone,D,2.62,3.39,2.54,2.65,3.3,2.55,2.75,3.3,2.4,2.75,3.2,2.6,2.9,3.2,2.5,2017/18,€7.88m,€8.68m,2.63,3.3,2.55,38.1679,37.7358,34.4828,36.3636,38.0228,36.3636,29.4985,30.303,31.25,30.303,30.303,31.25,39.3701,39.2157,40.0,41.6667,39.2157,38.4615,A,36.8561,1.4123,30.4846,0.6698,39.655,1.1007,ScotishPremierLeague
SC0,30/12/2017,Aberdeen,Hearts,D,1.75,3.75,4.5,1.8,3.6,4.25,1.8,3.5,4.2,1.8,3.4,4.6,1.85,3.4,4.4,2017/18,€12.25m,€14.40m,1.8,3.7,4.5,57.1429,55.5556,54.0541,55.5556,55.5556,55.5556,26.6667,27.7778,29.4118,28.5714,27.027,29.4118,22.2222,23.5294,22.7273,23.8095,22.2222,21.7391,H,55.5699,0.977,28.1444,1.18,22.7083,0.8123,ScotishPremierLeague
SC0,30/12/2017,Celtic,Rangers,D,1.33,5.0,9.0,1.35,4.75,8.5,1.4,4.5,7.0,1.36,4.8,9.0,1.33,4.8,8.5,2017/18,€77.48m,€26.10m,1.36,5.2,8.5,75.188,74.0741,75.188,71.4286,73.5294,73.5294,20.0,21.0526,20.8333,22.2222,19.2308,20.8333,11.1111,11.7647,11.7647,14.2857,11.7647,11.1111,H,73.8229,1.3925,20.6954,1.0125,11.967,1.1802,ScotishPremierLeague
SC0,30/12/2017,Hibernian,Kilmarnock,D,1.75,3.29,5.25,1.75,3.5,4.6,1.8,3.5,4.2,1.75,3.5,4.8,1.8,3.6,4.2,2017/18,€12.48m,€9.43m,1.75,3.7,4.8,57.1429,57.1429,55.5556,55.5556,57.1429,57.1429,30.3951,28.5714,27.7778,28.5714,27.027,28.5714,19.0476,21.7391,23.8095,23.8095,20.8333,20.8333,H,56.6138,0.8197,28.4857,1.1222,21.6787,1.8674,ScotishPremierLeague
SC0,30/12/2017,Motherwell,Hamilton,A,2.04,3.5,3.39,2.1,3.3,3.4,2.2,3.2,3.2,2.1,3.3,3.5,2.05,3.5,3.4,2017/18,€7.53m,€8.08m,2.1,3.5,3.5,49.0196,47.619,48.7805,45.4545,47.619,47.619,28.5714,30.303,28.5714,31.25,28.5714,30.303,29.4985,29.4118,29.4118,31.25,28.5714,28.5714,H,47.6853,1.2625,29.595,1.1734,29.4525,0.9787,ScotishPremierLeague
SC0,30/12/2017,Partick,Ross County,H,2.37,3.25,3.0,2.3,3.2,3.1,2.3,3.2,3.0,2.35,3.1,3.1,2.4,3.1,3.1,2017/18,€7.65m,€7.88m,2.38,3.3,3.1,42.1941,43.4783,41.6667,43.4783,42.0168,42.5532,30.7692,31.25,32.2581,31.25,30.303,32.2581,33.3333,32.2581,32.2581,33.3333,32.2581,32.2581,H,42.5646,0.7633,31.3481,0.7878,32.6165,0.5552,ScotishPremierLeague
SC0,30/12/2017,St Johnstone,Dundee,A,2.14,3.2,3.6,2.15,3.25,3.4,2.1,3.3,3.3,2.2,3.2,3.3,2.25,3.2,3.3,2017/18,€8.68m,€9.50m,2.2,3.4,3.3,46.729,46.5116,44.4444,47.619,45.4545,45.4545,31.25,30.7692,31.25,30.303,29.4118,31.25,27.7778,29.4118,30.303,30.303,30.303,30.303,H,46.0355,1.1333,30.7057,0.7388,29.7336,1.0223,ScotishPremierLeague
SC0,23/01/2018,Partick,Celtic,A,13.0,7.0,1.18,16.5,7.0,1.16,13.0,5.8,1.2,17.0,6.5,1.2,17.0,6.0,1.2,2017/18,€7.65m,€77.48m,17.0,7.0,1.18,7.6923,6.0606,5.8824,7.6923,5.8824,5.8824,14.2857,14.2857,16.6667,17.2414,14.2857,15.3846,84.7458,86.2069,83.3333,83.3333,84.7458,83.3333,A,6.5154,0.9142,15.3583,1.3199,84.2831,1.1692,ScotishPremierLeague
SC0,24/01/2018,Dundee,Hibernian,A,4.33,3.6,1.8,4.2,3.5,1.83,3.8,3.45,1.9,4.2,3.4,1.91,4.0,3.5,1.91,2017/18,€9.50m,€12.48m,4.2,3.5,1.9,23.0947,23.8095,25.0,26.3158,23.8095,23.8095,27.7778,28.5714,28.5714,28.9855,28.5714,29.4118,55.5556,54.6448,52.356,52.6316,52.6316,52.356,A,24.3065,1.16,28.6482,0.5426,53.3626,1.3819,ScotishPremierLeague
SC0,24/01/2018,Hamilton,Hearts,A,3.39,3.39,2.1,3.4,3.2,2.15,3.1,3.3,2.2,3.4,3.1,2.2,3.3,3.3,2.2,2017/18,€8.08m,€14.40m,3.4,3.3,2.2,29.4985,29.4118,30.303,32.2581,29.4118,29.4118,29.4985,31.25,30.303,30.303,30.303,32.2581,47.619,46.5116,45.4545,45.4545,45.4545,45.4545,A,30.0492,1.1372,30.6526,0.9626,45.9914,0.9025,ScotishPremierLeague
SC0,24/01/2018,Motherwell,Ross County,H,2.04,3.39,3.5,2.1,3.25,3.5,2.2,3.3,3.1,2.05,3.25,3.7,2.1,3.3,3.5,2017/18,€7.53m,€7.88m,2.05,3.4,3.75,49.0196,47.619,47.619,45.4545,48.7805,48.7805,29.4985,30.7692,30.303,30.303,29.4118,30.7692,28.5714,28.5714,28.5714,32.2581,26.6667,27.027,H,47.8788,1.3371,30.1758,0.5965,28.611,1.9797,ScotishPremierLeague
SC0,24/01/2018,Rangers,Aberdeen,H,1.85,3.39,4.33,1.85,3.5,4.1,1.9,3.45,3.8,1.91,3.4,4.0,1.83,3.5,4.33,2017/18,€26.10m,€12.25m,1.91,3.6,4.0,54.0541,54.0541,54.6448,52.6316,52.356,52.356,29.4985,28.5714,28.5714,28.9855,27.7778,29.4118,23.0947,24.3902,23.0947,26.3158,25.0,25.0,H,53.3494,1.0159,28.8027,0.6397,24.4826,1.2456,ScotishPremierLeague
SC0,27/01/2018,Aberdeen,Kilmarnock,H,1.61,4.0,5.0,1.65,3.75,5.0,1.6,3.7,5.4,1.7,3.6,5.0,1.73,3.6,5.0,2017/18,€12.25m,€9.43m,1.7,3.8,5.0,62.1118,60.6061,57.8035,62.5,58.8235,58.8235,25.0,26.6667,27.7778,27.027,26.3158,27.7778,20.0,20.0,20.0,18.5185,20.0,20.0,H,60.1114,1.9285,26.7609,1.0437,19.7531,0.6048,ScotishPremierLeague
SC0,27/01/2018,Celtic,Hibernian,H,1.28,5.75,9.0,1.26,5.5,10.5,1.22,5.5,12.0,1.3,5.2,10.0,1.3,5.0,11.0,2017/18,€77.48m,€12.48m,1.3,5.5,10.0,78.125,79.3651,76.9231,81.9672,76.9231,76.9231,17.3913,18.1818,20.0,18.1818,18.1818,19.2308,11.1111,9.5238,9.0909,8.3333,10.0,10.0,H,78.3711,2.0135,18.5279,0.9287,9.6765,0.9421,ScotishPremierLeague
SC0,27/01/2018,Hamilton,Dundee,A,2.39,3.39,2.79,2.45,3.2,2.85,2.2,3.3,3.1,2.5,3.2,2.8,2.5,3.2,2.9,2017/18,€8.08m,€9.50m,2.5,3.4,2.88,41.841,40.8163,40.0,45.4545,40.0,40.0,29.4985,31.25,31.25,30.303,29.4118,31.25,35.8423,35.0877,34.4828,32.2581,34.7222,35.7143,H,41.352,2.1373,30.4939,0.8847,34.6846,1.3033,ScotishPremierLeague
SC0,27/01/2018,Hearts,Motherwell,D,2.0,3.29,3.79,1.87,3.4,4.1,2.0,3.3,3.6,2.05,3.2,3.75,2.05,3.3,3.75,2017/18,€14.40m,€7.53m,2.05,3.4,3.75,50.0,53.4759,48.7805,50.0,48.7805,48.7805,30.3951,29.4118,30.303,30.303,29.4118,31.25,26.3852,24.3902,26.6667,27.7778,26.6667,26.6667,H,49.9696,1.8187,30.1791,0.6931,26.4256,1.1088,ScotishPremierLeague
SC0,27/01/2018,St Johnstone,Partick,A,2.2,3.29,3.29,2.15,3.2,3.4,2.0,3.3,3.6,2.25,3.1,3.4,2.3,3.2,3.2,2017/18,€8.68m,€7.65m,2.25,3.25,3.4,45.4545,46.5116,43.4783,50.0,44.4444,44.4444,30.3951,31.25,31.25,30.303,30.7692,32.2581,30.3951,29.4118,31.25,27.7778,29.4118,29.4118,H,45.7222,2.3365,31.0376,0.7217,29.6097,1.1645,ScotishPremierLeague
SC0,28/01/2018,Ross County,Rangers,A,6.0,4.33,1.5,6.25,4.25,1.48,7.3,4.4,1.4,6.0,4.2,1.53,6.5,4.2,1.5,2017/18,€7.88m,€26.10m,5.75,4.3,1.5,16.6667,16.0,15.3846,13.6986,17.3913,16.6667,23.0947,23.5294,23.8095,22.7273,23.2558,23.8095,66.6667,67.5676,66.6667,71.4286,66.6667,65.3595,A,15.968,1.3034,23.371,0.4275,67.3926,2.0992,ScotishPremierLeague
SC0,30/01/2018,Celtic,Hearts,H,1.22,6.0,13.0,1.25,5.5,11.0,1.25,6.0,9.0,1.28,5.25,12.0,1.22,6.0,13.0,2017/18,€77.48m,€14.40m,1.25,5.75,13.0,81.9672,80.0,81.9672,80.0,80.0,78.125,16.6667,18.1818,16.6667,16.6667,17.3913,19.0476,7.6923,9.0909,7.6923,11.1111,7.6923,8.3333,H,80.3432,1.4525,17.4368,0.9931,8.602,1.3483,ScotishPremierLeague
SC0,31/01/2018,Hibernian,Motherwell,H,1.61,3.75,5.5,1.72,3.5,5.0,1.75,3.5,4.5,1.7,3.6,5.0,1.7,3.6,5.0,2017/18,€12.48m,€7.53m,1.73,3.75,5.0,62.1118,58.1395,58.8235,57.1429,57.8035,58.8235,26.6667,28.5714,27.7778,28.5714,26.6667,27.7778,18.1818,20.0,20.0,22.2222,20.0,20.0,H,58.8075,1.7403,27.672,0.8557,20.0673,1.2819,ScotishPremierLeague
SC0,31/01/2018,Ross County,Aberdeen,A,5.25,3.5,1.7,5.25,3.6,1.67,4.2,3.5,1.8,4.8,3.7,1.7,5.0,3.6,1.73,2017/18,€7.88m,€12.25m,4.8,3.8,1.73,19.0476,19.0476,20.0,23.8095,20.8333,20.8333,28.5714,27.7778,27.7778,28.5714,26.3158,27.027,58.8235,59.8802,57.8035,55.5556,57.8035,58.8235,A,20.5952,1.7658,27.6735,0.8827,58.115,1.4741,ScotishPremierLeague
SC0,03/02/2018,Aberdeen,Hamilton,H,1.33,4.75,9.5,1.35,4.6,8.75,1.5,4.0,6.1,1.36,4.6,9.0,1.36,4.6,9.0,2017/18,€12.25m,€8.08m,1.36,4.8,9.0,75.188,74.0741,73.5294,66.6667,73.5294,73.5294,21.0526,21.7391,21.7391,25.0,20.8333,21.7391,10.5263,11.4286,11.1111,16.3934,11.1111,11.1111,H,72.7528,3.0504,22.0172,1.514,11.9469,2.1979,ScotishPremierLeague
SC0,03/02/2018,Dundee,Ross County,A,2.14,3.39,3.29,2.15,3.4,3.2,2.1,3.2,3.45,2.15,3.3,3.3,2.2,3.3,3.3,2017/18,€9.50m,€7.88m,2.15,3.5,3.3,46.729,46.5116,45.4545,47.619,46.5116,46.5116,29.4985,29.4118,30.303,31.25,28.5714,30.303,30.3951,31.25,30.303,28.9855,30.303,30.303,H,46.5562,0.6898,29.8896,0.9286,30.2566,0.725,ScotishPremierLeague
SC0,03/02/2018,Hearts,St Johnstone,H,1.72,3.75,4.5,1.72,3.6,4.75,1.75,3.5,4.5,1.8,3.3,4.75,1.83,3.4,4.5,2017/18,€14.40m,€8.68m,1.8,3.5,4.75,58.1395,58.1395,54.6448,57.1429,55.5556,55.5556,26.6667,27.7778,29.4118,28.5714,28.5714,30.303,22.2222,21.0526,22.2222,22.2222,21.0526,21.0526,H,56.5296,1.4839,28.5504,1.2617,21.6374,0.6406,ScotishPremierLeague
SC0,03/02/2018,Kilmarnock,Celtic,H,11.0,5.75,1.25,12.5,5.75,1.22,10.3,5.5,1.25,12.0,5.5,1.28,13.0,5.5,1.25,2017/18,€9.43m,€77.48m,11.0,6.0,1.25,9.0909,8.0,7.6923,9.7087,9.0909,8.3333,17.3913,17.3913,18.1818,18.1818,16.6667,18.1818,80.0,81.9672,80.0,80.0,80.0,78.125,A,8.6527,0.7681,17.6658,0.6241,80.0154,1.2152,ScotishPremierLeague
SC0,03/02/2018,Motherwell,Partick,D,2.04,3.29,3.6,2.0,3.3,3.75,2.0,3.3,3.6,2.1,3.2,3.6,2.1,3.25,3.6,2017/18,€7.53m,€7.65m,2.1,3.4,3.6,49.0196,50.0,47.619,50.0,47.619,47.619,30.3951,30.303,30.7692,30.303,29.4118,31.25,27.7778,26.6667,27.7778,27.7778,27.7778,27.7778,H,48.6461,1.1807,30.4054,0.6089,27.5926,0.4536,ScotishPremierLeague
SC0,03/02/2018,Rangers,Hibernian,A,1.9,3.5,4.0,1.95,3.3,3.9,2.0,3.3,3.6,1.95,3.5,3.8,1.91,3.5,4.0,2017/18,€26.10m,€12.48m,1.95,3.6,3.9,52.6316,51.2821,52.356,50.0,51.2821,51.2821,28.5714,30.303,28.5714,30.303,27.7778,28.5714,25.0,25.641,25.0,27.7778,25.641,26.3158,H,51.4723,0.9382,29.0163,1.043,25.8959,1.0443,ScotishPremierLeague
SC0,06/02/2018,Motherwell,St Johnstone,H,2.04,3.39,3.5,2.1,3.25,3.5,2.1,3.3,3.3,2.15,3.1,3.5,2.1,3.3,3.5,2017/18,€7.53m,€8.68m,2.15,3.3,3.5,49.0196,47.619,47.619,47.619,46.5116,46.5116,29.4985,30.7692,30.303,30.303,30.303,32.2581,28.5714,28.5714,28.5714,30.303,28.5714,28.5714,H,47.4833,0.9278,30.5725,0.9221,28.86,0.7069,ScotishPremierLeague
SC0,06/02/2018,Partick,Rangers,A,6.0,3.79,1.57,5.25,3.9,1.6,4.2,3.5,1.8,5.75,3.8,1.6,5.5,4.0,1.57,2017/18,€7.65m,€26.10m,5.75,4.0,1.6,16.6667,19.0476,18.1818,23.8095,17.3913,17.3913,26.3852,25.641,25.0,28.5714,25.0,26.3158,63.6943,62.5,63.6943,55.5556,62.5,62.5,A,18.748,2.6093,26.1522,1.3304,61.7407,3.086,ScotishPremierLeague
SC0,13/02/2018,Kilmarnock,Dundee,H,2.0,3.39,3.75,1.95,3.25,4.0,2.0,3.3,3.6,1.95,3.3,4.0,2.0,3.4,3.8,2017/18,€9.43m,€9.50m,1.95,3.5,4.0,50.0,51.2821,50.0,50.0,51.2821,51.2821,29.4985,30.7692,29.4118,30.303,28.5714,30.303,26.6667,25.0,26.3158,27.7778,25.0,25.0,H,50.6411,0.7022,29.8095,0.7995,25.96,1.1572,ScotishPremierLeague
SC0,17/02/2018,Hibernian,Aberdeen,H,2.5,3.39,2.7,2.5,3.25,2.75,2.6,3.2,2.6,2.65,3.1,2.75,2.62,3.2,2.75,2017/18,€12.48m,€12.25m,2.63,3.25,2.75,40.0,40.0,38.1679,38.4615,38.0228,37.7358,29.4985,30.7692,31.25,31.25,30.7692,32.2581,37.037,36.3636,36.3636,38.4615,36.3636,36.3636,H,38.7313,1.0102,30.9658,0.9013,36.8255,0.8455,ScotishPremierLeague
SC0,17/02/2018,Motherwell,Kilmarnock,A,2.37,3.29,2.89,2.35,3.2,3.0,2.5,3.2,2.75,2.4,3.1,3.0,2.4,3.2,3.0,2017/18,€7.53m,€9.43m,2.4,3.3,3.0,42.1941,42.5532,41.6667,40.0,41.6667,41.6667,30.3951,31.25,31.25,31.25,30.303,32.2581,34.6021,33.3333,33.3333,36.3636,33.3333,33.3333,H,41.6246,0.8754,31.1177,0.7126,34.0498,1.2419,ScotishPremierLeague
SC0,17/02/2018,Partick,Dundee,A,2.35,3.25,3.0,2.3,3.2,3.1,2.2,3.2,3.2,2.37,3.1,3.1,2.38,3.2,3.1,2017/18,€7.65m,€9.50m,2.4,3.3,3.0,42.5532,43.4783,42.0168,45.4545,41.6667,42.1941,30.7692,31.25,31.25,31.25,30.303,32.2581,33.3333,32.2581,32.2581,31.25,33.3333,32.2581,H,42.8939,1.3985,31.1801,0.6504,32.4485,0.7888,ScotishPremierLeague
SC0,17/02/2018,Ross County,Hearts,D,3.1,3.25,2.29,3.1,3.3,2.25,3.3,3.3,2.1,3.0,3.2,2.37,3.0,3.3,2.38,2017/18,€7.88m,€14.40m,3.0,3.3,2.4,32.2581,32.2581,33.3333,30.303,33.3333,33.3333,30.7692,30.303,30.303,30.303,30.303,31.25,43.6681,44.4444,42.0168,47.619,41.6667,42.1941,A,32.4698,1.185,30.5385,0.3953,43.6015,2.2401,ScotishPremierLeague
SC0,18/02/2018,Celtic,St Johnstone,D,1.16,7.5,13.0,1.16,7.5,14.0,1.2,5.8,13.0,1.18,7.0,21.0,1.2,6.5,13.0,2017/18,€77.48m,€8.68m,1.15,7.0,15.0,86.2069,86.2069,83.3333,83.3333,86.9565,84.7458,13.3333,13.3333,15.3846,17.2414,14.2857,14.2857,7.6923,7.1429,7.6923,7.6923,6.6667,4.7619,H,85.1304,1.5658,14.644,1.4824,6.9414,1.1452,ScotishPremierLeague
SC0,18/02/2018,Hamilton,Rangers,A,7.5,4.5,1.39,7.25,4.6,1.4,6.1,4.0,1.5,8.0,4.4,1.4,7.0,4.5,1.44,2017/18,€8.08m,€26.10m,7.0,4.6,1.4,13.3333,13.7931,14.2857,16.3934,14.2857,12.5,22.2222,21.7391,22.2222,25.0,21.7391,22.7273,71.9424,71.4286,69.4444,66.6667,71.4286,71.4286,A,14.0985,1.3092,22.6083,1.2283,70.3899,2.0201,ScotishPremierLeague
SC0,24/02/2018,Dundee,Motherwell,A,2.39,3.25,2.89,2.45,3.3,2.75,2.6,3.2,2.6,2.5,3.25,2.75,2.6,3.2,2.75,2017/18,€9.50m,€7.53m,2.5,3.4,2.8,41.841,40.8163,38.4615,38.4615,40.0,40.0,30.7692,30.303,31.25,31.25,29.4118,30.7692,34.6021,36.3636,36.3636,38.4615,35.7143,36.3636,H,39.93,1.3236,30.6255,0.6926,36.3114,1.2577,ScotishPremierLeague
SC0,24/02/2018,Hamilton,Partick,H,2.89,3.2,2.45,2.65,3.2,2.6,2.6,3.2,2.6,2.87,3.1,2.55,2.88,3.2,2.5,2017/18,€8.08m,€7.65m,2.88,3.25,2.55,34.6021,37.7358,34.7222,38.4615,34.7222,34.8432,31.25,31.25,31.25,31.25,30.7692,32.2581,40.8163,38.4615,40.0,38.4615,39.2157,39.2157,A,35.8478,1.7602,31.3379,0.4901,39.3618,0.9151,ScotishPremierLeague
SC0,24/02/2018,Kilmarnock,Hibernian,D,3.75,3.29,2.0,3.4,3.3,2.1,3.3,3.3,2.1,3.6,3.25,2.1,3.6,3.25,2.1,2017/18,€9.43m,€12.48m,3.7,3.4,2.05,26.6667,29.4118,27.7778,30.303,27.027,27.7778,30.3951,30.303,30.7692,30.303,29.4118,30.7692,50.0,47.619,47.619,47.619,48.7805,47.619,A,28.1607,1.4118,30.3252,0.4969,48.2094,0.9926,ScotishPremierLeague
SC0,24/02/2018,Rangers,Hearts,H,1.5,4.09,6.5,1.53,4.1,5.75,1.55,4.0,5.5,1.57,3.9,6.0,1.55,4.0,6.0,2017/18,€26.10m,€14.40m,1.57,4.1,6.0,66.6667,65.3595,64.5161,64.5161,63.6943,63.6943,24.4499,24.3902,25.0,25.0,24.3902,25.641,15.3846,17.3913,16.6667,18.1818,16.6667,16.6667,H,64.7412,1.1299,24.8119,0.499,16.8263,0.9286,ScotishPremierLeague
SC0,24/02/2018,St Johnstone,Ross County,H,2.2,3.39,3.25,2.15,3.3,3.3,2.2,3.3,3.1,2.25,3.2,3.2,2.25,3.3,3.2,2017/18,€8.68m,€7.88m,2.25,3.4,3.2,45.4545,46.5116,44.4444,45.4545,44.4444,44.4444,29.4985,30.303,30.303,30.303,29.4118,31.25,30.7692,30.303,31.25,32.2581,31.25,31.25,H,45.1256,0.8402,30.1782,0.6701,31.1801,0.6504,ScotishPremierLeague
SC0,25/02/2018,Aberdeen,Celtic,A,5.0,3.75,1.66,4.75,3.75,1.7,4.5,3.5,1.75,5.0,3.7,1.7,4.5,3.75,1.75,2017/18,€12.25m,€77.48m,4.75,3.75,1.67,20.0,21.0526,22.2222,22.2222,21.0526,20.0,26.6667,26.6667,26.6667,28.5714,26.6667,27.027,60.241,58.8235,57.1429,57.1429,59.8802,58.8235,A,21.0916,0.9943,27.0442,0.7619,58.6757,1.3148,ScotishPremierLeague
SC0,27/02/2018,Hearts,Kilmarnock,D,2.04,3.2,3.79,2.1,3.2,3.5,2.1,3.3,3.3,2.15,3.1,3.6,2.1,3.1,3.75,2017/18,€14.40m,€9.43m,2.15,3.25,3.6,49.0196,47.619,47.619,47.619,46.5116,46.5116,31.25,31.25,32.2581,30.303,30.7692,32.2581,26.3852,28.5714,26.6667,30.303,27.7778,27.7778,H,47.4833,0.9278,31.3481,0.7878,27.9136,1.4191,ScotishPremierLeague
SC0,27/02/2018,St Johnstone,Rangers,A,7.0,4.0,1.5,6.5,4.0,1.5,5.4,3.7,1.6,6.5,4.0,1.53,6.5,4.2,1.5,2017/18,€8.68m,€26.10m,6.5,4.2,1.53,14.2857,15.3846,15.3846,18.5185,15.3846,15.3846,25.0,25.0,23.8095,27.027,23.8095,25.0,66.6667,66.6667,66.6667,62.5,65.3595,65.3595,A,15.7238,1.438,24.941,1.1766,65.5365,1.6196,ScotishPremierLeague
SC0,07/03/2018,Kilmarnock,St Johnstone,H,2.04,3.39,3.5,2.05,3.4,3.5,2.0,3.3,3.6,2.0,3.2,4.0,2.05,3.2,3.75,2017/18,€9.43m,€8.68m,2.0,3.25,3.75,49.0196,48.7805,48.7805,50.0,50.0,50.0,29.4985,29.4118,31.25,30.303,30.7692,31.25,28.5714,28.5714,26.6667,27.7778,26.6667,25.0,H,49.4301,0.6304,30.4138,0.822,27.209,1.3787,ScotishPremierLeague
SC0,09/03/2018,Hibernian,Hearts,H,1.72,3.5,5.0,1.83,3.3,4.5,1.8,3.5,4.2,1.8,3.3,4.75,1.8,3.3,5.0,2017/18,€12.48m,€14.40m,1.8,3.5,4.8,58.1395,54.6448,55.5556,55.5556,55.5556,55.5556,28.5714,30.303,30.303,28.5714,28.5714,30.303,20.0,22.2222,20.0,23.8095,20.8333,21.0526,H,55.8344,1.1866,29.4372,0.9484,21.3196,1.47,ScotishPremierLeague
SC0,10/03/2018,Dundee,St Johnstone,A,2.39,3.1,3.1,2.45,3.0,3.0,2.3,3.1,3.1,2.4,3.1,3.1,2.5,3.2,2.9,2017/18,€9.50m,€8.68m,2.45,3.2,3.0,41.841,40.8163,40.0,43.4783,40.8163,41.6667,32.2581,33.3333,31.25,32.2581,31.25,32.2581,32.2581,33.3333,34.4828,32.2581,33.3333,32.2581,H,41.4364,1.2015,32.1013,0.7799,32.9873,0.9023,ScotishPremierLeague
SC0,10/03/2018,Hamilton,Motherwell,H,4.33,3.5,1.85,3.9,3.3,1.95,3.1,3.3,2.2,4.2,3.3,1.91,4.0,3.5,1.91,2017/18,€8.08m,€7.53m,4.2,3.5,1.9,23.0947,25.641,25.0,32.2581,23.8095,23.8095,28.5714,30.303,28.5714,30.303,28.5714,30.303,54.0541,51.2821,52.356,45.4545,52.6316,52.356,A,25.6021,3.3876,29.4372,0.9484,51.3557,3.0246,ScotishPremierLeague
SC0,10/03/2018,Kilmarnock,Ross County,H,2.0,3.29,3.79,2.0,3.3,3.7,2.0,3.3,3.6,2.05,3.25,3.7,2.0,3.4,3.8,2017/18,€9.43m,€7.88m,2.05,3.4,3.7,50.0,50.0,50.0,50.0,48.7805,48.7805,30.3951,30.303,29.4118,30.303,29.4118,30.7692,26.3852,27.027,26.3158,27.7778,27.027,27.027,H,49.5935,0.6297,30.099,0.5594,26.9266,0.5331,ScotishPremierLeague
SC0,10/03/2018,Partick,Aberdeen,D,4.33,3.6,1.8,4.75,3.6,1.72,4.2,3.5,1.8,4.6,3.4,1.8,4.5,3.5,1.8,2017/18,€7.65m,€12.25m,4.6,3.6,1.8,23.0947,21.0526,22.2222,23.8095,21.7391,21.7391,27.7778,27.7778,28.5714,28.5714,27.7778,29.4118,55.5556,58.1395,55.5556,55.5556,55.5556,55.5556,A,22.2762,1.0098,28.3147,0.6634,55.9862,1.0549,ScotishPremierLeague
SC0,11/03/2018,Rangers,Celtic,A,3.79,3.6,1.9,3.8,3.5,1.91,3.6,3.3,2.0,3.7,3.5,2.0,4.0,3.4,1.95,2017/18,€26.10m,€77.48m,3.6,3.6,1.93,26.3852,26.3158,25.0,27.7778,27.7778,27.027,27.7778,28.5714,29.4118,30.303,27.7778,28.5714,52.6316,52.356,51.2821,50.0,51.8135,50.0,A,26.7139,1.0551,28.7355,0.9801,51.3472,1.1418,ScotishPremierLeague
SC0,16/03/2018,St Johnstone,Hibernian,D,4.0,3.2,2.0,4.2,3.25,1.9,3.6,3.3,2.0,4.0,3.25,1.95,4.2,3.1,2.0,2017/18,€8.68m,€12.48m,4.1,3.4,1.95,25.0,23.8095,23.8095,27.7778,24.3902,25.0,31.25,30.7692,32.2581,30.303,29.4118,30.7692,50.0,52.6316,50.0,50.0,51.2821,51.2821,A,24.9645,1.4775,30.7936,0.9491,50.866,1.069,ScotishPremierLeague
SC0,17/03/2018,Aberdeen,Dundee,H,1.5,4.33,6.0,1.5,4.2,6.0,1.45,4.0,7.0,1.53,4.0,6.0,1.5,4.2,6.5,2017/18,€12.25m,€9.50m,1.53,4.33,6.0,66.6667,66.6667,66.6667,68.9655,65.3595,65.3595,23.0947,23.8095,23.8095,25.0,23.0947,25.0,16.6667,16.6667,15.3846,14.2857,16.6667,16.6667,H,66.6141,1.318,23.9681,0.8609,16.0562,1.0076,ScotishPremierLeague
SC0,17/03/2018,Hearts,Partick,H,2.14,3.29,3.39,2.1,3.2,3.5,1.9,3.45,3.8,2.15,3.1,3.6,2.2,3.1,3.5,2017/18,€14.40m,€7.65m,2.15,3.3,3.6,46.729,47.619,45.4545,52.6316,46.5116,46.5116,30.3951,31.25,32.2581,28.9855,30.303,32.2581,29.4985,28.5714,28.5714,26.3158,27.7778,27.7778,H,47.5762,2.5708,30.9083,1.2718,28.0854,1.0761,ScotishPremierLeague
SC0,17/03/2018,Rangers,Kilmarnock,A,1.39,4.75,7.5,1.4,4.4,7.5,1.45,4.0,7.0,1.4,4.4,7.5,1.4,4.5,8.0,2017/18,€26.10m,€9.43m,1.4,4.6,8.0,71.9424,71.4286,71.4286,68.9655,71.4286,71.4286,21.0526,22.7273,22.2222,25.0,21.7391,22.7273,13.3333,13.3333,12.5,14.2857,12.5,13.3333,H,71.1037,1.0675,22.5781,1.3467,13.2143,0.665,ScotishPremierLeague
SC0,17/03/2018,Ross County,Hamilton,D,1.9,3.5,3.89,1.95,3.4,3.8,1.85,3.45,4.0,1.95,3.4,3.9,1.91,3.5,4.0,2017/18,€7.88m,€8.08m,1.95,3.5,4.0,52.6316,51.2821,52.356,54.0541,51.2821,51.2821,28.5714,29.4118,28.5714,28.9855,28.5714,29.4118,25.7069,26.3158,25.0,25.0,25.0,25.641,H,52.148,1.1099,28.9206,0.4129,25.444,0.5403,ScotishPremierLeague
SC0,18/03/2018,Motherwell,Celtic,D,9.5,5.25,1.28,10.0,5.25,1.28,10.0,5.2,1.27,11.0,5.2,1.3,11.0,5.5,1.29,2017/18,€7.53m,€77.48m,9.0,5.2,1.3,10.5263,10.0,9.0909,10.0,11.1111,9.0909,19.0476,19.0476,18.1818,19.2308,19.2308,19.2308,78.125,78.125,77.5194,78.7402,76.9231,76.9231,A,9.9699,0.7949,18.9949,0.4083,77.726,0.732,ScotishPremierLeague
SC0,28/03/2018,St Johnstone,Hamilton,H,1.8,3.5,4.5,1.8,3.4,4.5,1.9,3.45,3.8,1.8,3.3,4.6,1.8,3.4,4.8,2017/18,€8.68m,€8.08m,1.8,3.4,4.4,55.5556,55.5556,55.5556,52.6316,55.5556,55.5556,28.5714,29.4118,29.4118,28.9855,29.4118,30.303,22.2222,22.2222,20.8333,26.3158,22.7273,21.7391,H,55.0683,1.1937,29.3492,0.576,22.6766,1.894,ScotishPremierLeague
SC0,31/03/2018,Aberdeen,St Johnstone,H,1.57,3.89,5.75,1.62,3.75,5.5,1.55,3.9,5.6,1.61,3.7,6.0,1.62,3.6,6.0,2017/18,€12.25m,€8.68m,1.6,3.75,5.5,63.6943,61.7284,61.7284,64.5161,62.5,62.1118,25.7069,26.6667,27.7778,25.641,26.6667,27.027,17.3913,18.1818,16.6667,17.8571,18.1818,16.6667,H,62.7132,1.1454,26.581,0.8116,17.4909,0.701,ScotishPremierLeague
SC0,31/03/2018,Celtic,Ross County,H,1.16,7.0,15.0,1.16,7.25,15.0,1.2,5.8,13.0,1.2,6.5,17.0,1.2,6.5,13.0,2017/18,€77.48m,€7.88m,1.17,7.0,13.0,86.2069,86.2069,83.3333,83.3333,85.4701,83.3333,14.2857,13.7931,15.3846,17.2414,14.2857,15.3846,6.6667,6.6667,7.6923,7.6923,7.6923,5.8824,H,84.6473,1.4643,15.0625,1.2469,7.0488,0.7609,ScotishPremierLeague
SC0,31/03/2018,Hibernian,Partick,H,1.53,4.0,6.0,1.53,3.8,6.5,1.5,4.0,6.1,1.6,3.7,6.0,1.6,3.75,6.0,2017/18,€12.48m,€7.65m,1.57,3.8,5.75,65.3595,65.3595,62.5,66.6667,63.6943,62.5,25.0,26.3158,26.6667,25.0,26.3158,27.027,16.6667,15.3846,16.6667,16.3934,17.3913,16.6667,H,64.3467,1.7135,26.0542,0.858,16.5282,0.6525,ScotishPremierLeague
SC0,31/03/2018,Kilmarnock,Hamilton,H,1.72,3.5,5.0,1.75,3.4,5.0,1.85,3.45,4.0,1.73,3.5,4.75,1.75,3.5,4.8,2017/18,€9.43m,€8.08m,1.7,3.6,4.8,58.1395,57.1429,57.1429,54.0541,58.8235,57.8035,28.5714,29.4118,28.5714,28.9855,27.7778,28.5714,20.0,20.0,20.8333,25.0,20.8333,21.0526,H,57.1844,1.6604,28.6482,0.5426,21.2865,1.8743,ScotishPremierLeague
SC0,31/03/2018,Motherwell,Rangers,D,5.25,3.6,1.66,5.0,3.75,1.65,4.2,3.5,1.8,4.8,3.75,1.7,5.0,3.6,1.67,2017/18,€7.53m,€26.10m,4.6,3.8,1.67,19.0476,20.0,20.0,23.8095,21.7391,20.8333,27.7778,26.6667,27.7778,28.5714,26.3158,26.6667,60.241,60.6061,59.8802,55.5556,59.8802,58.8235,A,20.9049,1.6867,27.296,0.8768,59.1644,1.8656,ScotishPremierLeague
SC0,01/04/2018,Dundee,Hearts,D,2.62,3.25,2.62,2.5,3.1,2.85,2.6,3.2,2.6,2.65,3.1,2.7,2.5,3.2,2.8,2017/18,€9.50m,€14.40m,2.6,3.25,2.6,38.1679,40.0,40.0,38.4615,38.4615,37.7358,30.7692,32.2581,31.25,31.25,30.7692,32.2581,38.1679,35.0877,35.7143,38.4615,38.4615,37.037,H,38.8044,0.9634,31.4258,0.6796,37.155,1.4699,ScotishPremierLeague
SC0,03/04/2018,Hibernian,Hamilton,H,1.44,4.2,7.5,1.4,4.33,8.25,1.45,4.0,7.0,1.4,4.33,8.5,1.4,4.4,8.5,2017/18,€12.48m,€8.08m,1.4,4.6,8.5,69.4444,71.4286,71.4286,68.9655,71.4286,71.4286,23.8095,23.0947,22.7273,25.0,21.7391,23.0947,13.3333,12.1212,11.7647,14.2857,11.7647,11.7647,H,70.6874,1.1582,23.2442,1.0936,12.5057,1.0629,ScotishPremierLeague
SC0,03/04/2018,Motherwell,Aberdeen,A,3.75,3.2,2.04,3.7,3.2,2.05,3.3,3.3,2.1,3.6,3.1,2.15,3.6,3.25,2.1,2017/18,€7.53m,€12.25m,3.6,3.3,2.15,26.6667,27.027,27.7778,30.303,27.7778,27.7778,31.25,31.25,30.7692,30.303,30.303,32.2581,49.0196,48.7805,47.619,47.619,46.5116,46.5116,A,27.8884,1.2729,31.0222,0.7389,47.6769,1.0718,ScotishPremierLeague
SC0,03/04/2018,Ross County,Partick,H,2.37,3.25,3.0,2.4,3.2,2.9,2.4,3.3,2.75,2.55,3.1,2.87,2.5,3.1,3.0,2017/18,€7.88m,€7.65m,2.5,3.25,2.9,42.1941,41.6667,40.0,41.6667,40.0,39.2157,30.7692,31.25,32.2581,30.303,30.7692,32.2581,33.3333,34.4828,33.3333,36.3636,34.4828,34.8432,H,40.7905,1.2029,31.2679,0.8234,34.4732,1.1233,ScotishPremierLeague
SC0,04/04/2018,Celtic,Dundee,D,1.16,7.0,15.0,1.16,7.0,15.5,1.15,7.0,15.0,1.18,6.5,17.0,1.17,7.0,17.0,2017/18,€77.48m,€9.50m,1.18,7.0,17.0,86.2069,86.2069,85.4701,86.9565,84.7458,84.7458,14.2857,14.2857,14.2857,14.2857,14.2857,15.3846,6.6667,6.4516,5.8824,6.6667,5.8824,5.8824,H,85.722,0.8904,14.4689,0.4486,6.2387,0.3981,ScotishPremierLeague
SC0,07/04/2018,Hearts,Aberdeen,H,3.75,3.39,2.0,3.5,3.2,2.1,3.6,3.3,2.0,3.7,3.1,2.1,3.8,3.25,2.05,2017/18,€14.40m,€12.25m,3.9,3.3,2.05,26.6667,28.5714,26.3158,27.7778,25.641,27.027,29.4985,31.25,30.7692,30.303,30.303,32.2581,50.0,47.619,48.7805,50.0,48.7805,47.619,A,27.0,1.0489,30.7303,0.9474,48.7998,1.0649,ScotishPremierLeague
SC0,07/04/2018,Partick,Kilmarnock,A,3.6,3.2,2.1,3.4,3.1,2.2,3.1,3.3,2.2,3.2,3.1,2.35,3.3,3.2,2.25,2017/18,€7.65m,€9.43m,3.4,3.3,2.2,27.7778,29.4118,30.303,32.2581,29.4118,31.25,31.25,32.2581,31.25,30.303,30.303,32.2581,47.619,45.4545,44.4444,45.4545,45.4545,42.5532,A,30.0688,1.5719,31.2704,0.8745,45.1634,1.6501,ScotishPremierLeague
SC0,07/04/2018,Rangers,Dundee,H,1.33,5.0,9.0,1.33,5.0,8.5,1.4,4.4,7.3,1.33,5.0,9.5,1.33,5.0,9.0,2017/18,€26.10m,€9.50m,1.33,5.25,9.0,75.188,75.188,75.188,71.4286,75.188,75.188,20.0,20.0,20.0,22.7273,19.0476,20.0,11.1111,11.7647,11.1111,13.6986,11.1111,10.5263,H,74.5614,1.5348,20.2958,1.2506,11.5538,1.1215,ScotishPremierLeague
SC0,07/04/2018,Ross County,Hibernian,D,4.33,3.6,1.8,3.8,3.4,1.95,4.0,3.45,1.85,3.75,3.4,2.0,4.0,3.5,1.91,2017/18,€7.88m,€12.48m,4.0,3.5,1.95,23.0947,26.3158,25.0,25.0,25.0,26.6667,27.7778,29.4118,28.5714,28.9855,28.5714,29.4118,55.5556,51.2821,52.356,54.0541,51.2821,50.0,A,25.1795,1.2606,28.7883,0.6215,52.4216,2.0471,ScotishPremierLeague
SC0,07/04/2018,St Johnstone,Motherwell,D,2.62,3.1,2.75,2.45,3.2,2.85,2.5,3.3,2.65,2.6,3.0,2.87,2.5,3.2,2.9,2017/18,€8.68m,€7.53m,2.63,3.25,2.75,38.1679,40.8163,40.0,40.0,38.0228,38.4615,32.2581,31.25,31.25,30.303,30.7692,33.3333,36.3636,35.0877,34.4828,37.7358,36.3636,34.8432,H,39.2447,1.1728,31.5273,1.0976,35.8128,1.228,ScotishPremierLeague
SC0,08/04/2018,Hamilton,Celtic,A,17.0,6.5,1.16,12.5,6.25,1.2,10.3,5.5,1.25,15.0,6.0,1.22,13.0,6.0,1.22,2017/18,€8.08m,€77.48m,13.0,6.5,1.18,5.8824,8.0,7.6923,9.7087,7.6923,6.6667,15.3846,16.0,16.6667,18.1818,15.3846,16.6667,86.2069,83.3333,81.9672,80.0,84.7458,81.9672,A,7.6071,1.2996,16.3807,1.0523,83.0367,2.2167,ScotishPremierLeague
SC0,14/04/2018,Hamilton,Kilmarnock,A,4.0,3.6,1.85,4.4,3.5,1.8,4.1,3.35,1.85,4.6,3.4,1.8,4.33,3.2,1.91,2017/18,€8.08m,€9.43m,4.6,3.6,1.8,25.0,22.7273,23.0947,24.3902,21.7391,21.7391,27.7778,28.5714,31.25,29.8507,27.7778,29.4118,54.0541,55.5556,52.356,54.0541,55.5556,55.5556,A,23.1151,1.3503,29.1066,1.346,54.5218,1.2911,ScotishPremierLeague
SC0,21/04/2018,Dundee,St Johnstone,H,2.37,3.1,3.2,2.35,3.0,3.2,2.4,3.0,3.05,2.45,3.0,3.1,2.38,3.1,3.1,2017/18,€9.50m,€8.68m,2.45,3.2,3.0,42.1941,42.5532,42.0168,41.6667,40.8163,40.8163,32.2581,33.3333,32.2581,33.3333,31.25,33.3333,31.25,31.25,32.2581,32.7869,33.3333,32.2581,H,41.6772,0.7256,32.6277,0.8561,32.1894,0.8294,ScotishPremierLeague
SC0,21/04/2018,Hibernian,Celtic,H,6.5,4.33,1.5,5.75,4.1,1.53,5.6,3.9,1.55,6.5,4.0,1.5,6.5,4.2,1.5,2017/18,€12.48m,€77.48m,6.5,4.33,1.5,15.3846,17.3913,15.3846,17.8571,15.3846,15.3846,23.0947,24.3902,23.8095,25.641,23.0947,25.0,66.6667,65.3595,66.6667,64.5161,66.6667,66.6667,A,16.1311,1.1659,24.1717,1.0338,66.0904,0.9318,ScotishPremierLeague
SC0,21/04/2018,Kilmarnock,Aberdeen,A,3.1,3.2,2.37,3.2,3.2,2.25,3.05,3.05,2.35,3.1,3.1,2.4,3.0,3.25,2.4,2017/18,€9.43m,€12.25m,3.1,3.2,2.4,32.2581,31.25,33.3333,32.7869,32.2581,32.2581,31.25,31.25,30.7692,32.7869,31.25,32.2581,42.1941,44.4444,41.6667,42.5532,41.6667,41.6667,A,32.3574,0.6918,31.594,0.7615,42.3653,1.0818,ScotishPremierLeague
SC0,21/04/2018,Partick,Hamilton,H,1.95,3.29,4.0,1.95,3.3,3.9,1.87,3.35,4.05,1.95,3.2,4.2,2.0,3.25,4.0,2017/18,€7.65m,€8.08m,1.93,3.4,4.2,51.2821,51.2821,50.0,53.4759,51.8135,51.2821,30.3951,30.303,30.7692,29.8507,29.4118,31.25,25.0,25.641,25.0,24.6914,23.8095,23.8095,H,51.5226,1.1306,30.33,0.6507,24.6586,0.7268,ScotishPremierLeague
SC0,21/04/2018,Ross County,Motherwell,D,2.54,3.29,2.7,2.6,3.2,2.65,2.65,3.15,2.6,2.7,3.1,2.65,2.6,3.4,2.62,2017/18,€7.88m,€7.53m,2.7,3.3,2.7,39.3701,38.4615,38.4615,37.7358,37.037,37.037,30.3951,31.25,29.4118,31.746,30.303,32.2581,37.037,37.7358,38.1679,38.4615,37.037,37.7358,H,38.0172,0.9193,30.894,1.0496,37.6958,0.5797,ScotishPremierLeague
SC0,22/04/2018,Rangers,Hearts,H,1.44,4.0,8.0,1.44,4.25,7.25,1.4,4.5,7.0,1.5,4.0,7.5,1.5,4.0,7.0,2017/18,€26.10m,€14.40m,1.45,4.1,7.0,69.4444,69.4444,66.6667,71.4286,68.9655,66.6667,25.0,23.5294,25.0,22.2222,24.3902,25.0,12.5,13.7931,14.2857,14.2857,14.2857,13.3333,H,68.7694,1.8365,24.1903,1.124,13.7472,0.721,ScotishPremierLeague
SC0,27/04/2018,Aberdeen,Hearts,H,1.53,4.0,6.5,1.53,3.9,6.25,1.53,3.55,6.8,1.53,3.6,7.0,1.57,3.6,7.0,2017/18,€12.25m,€14.40m,1.53,3.9,7.0,65.3595,65.3595,63.6943,65.3595,65.3595,65.3595,25.0,25.641,27.7778,28.169,25.641,27.7778,15.3846,16.0,14.2857,14.7059,14.2857,14.2857,H,65.082,0.6798,26.6678,1.3862,14.8246,0.7184,ScotishPremierLeague
SC0,28/04/2018,Hamilton,Ross County,H,2.75,3.29,2.5,2.75,3.2,2.55,2.7,3.15,2.55,2.8,3.1,2.6,2.8,3.2,2.5,2017/18,€8.08m,€7.88m,2.8,3.3,2.55,36.3636,36.3636,35.7143,37.037,35.7143,35.7143,30.3951,31.25,31.25,31.746,30.303,32.2581,40.0,39.2157,40.0,39.2157,39.2157,38.4615,A,36.1512,0.5381,31.2004,0.7583,39.3514,0.5811,ScotishPremierLeague
SC0,28/04/2018,Hibernian,Kilmarnock,H,1.66,3.6,5.25,1.7,3.6,5.0,1.7,3.6,4.75,1.72,3.5,5.0,1.75,3.4,5.0,2017/18,€12.48m,€9.43m,1.73,3.75,4.8,60.241,58.8235,57.1429,58.8235,57.8035,58.1395,27.7778,27.7778,29.4118,27.7778,26.6667,28.5714,19.0476,20.0,20.0,21.0526,20.8333,20.0,H,58.4956,1.0674,27.9972,0.9215,20.1556,0.7161,ScotishPremierLeague
SC0,28/04/2018,Motherwell,Dundee,H,2.1,3.29,3.5,2.25,3.4,3.0,2.15,3.3,3.2,2.2,3.2,3.4,2.2,3.3,3.3,2017/18,€7.53m,€9.50m,2.2,3.4,3.3,47.619,44.4444,45.4545,46.5116,45.4545,45.4545,30.3951,29.4118,30.303,30.303,29.4118,31.25,28.5714,33.3333,30.303,31.25,30.303,29.4118,H,45.8231,1.0961,30.1791,0.6931,30.5288,1.6472,ScotishPremierLeague
SC0,28/04/2018,St Johnstone,Partick,D,2.25,3.2,3.25,2.3,3.1,3.2,2.3,3.05,3.15,2.37,3.0,3.2,2.4,3.1,3.1,2017/18,€8.68m,€7.65m,2.38,3.25,3.13,44.4444,43.4783,41.6667,43.4783,42.0168,42.1941,31.25,32.2581,32.2581,32.7869,30.7692,33.3333,30.7692,31.25,32.2581,31.746,31.9489,31.25,H,42.8798,1.0818,32.1093,0.9525,31.537,0.5455,ScotishPremierLeague
SC0,29/04/2018,Celtic,Rangers,H,1.53,4.33,6.0,1.5,4.25,6.0,1.6,3.9,5.0,1.53,4.0,5.8,1.6,3.6,6.0,2017/18,€77.48m,€26.10m,1.53,4.2,5.4,65.3595,66.6667,62.5,62.5,65.3595,65.3595,23.0947,23.5294,27.7778,25.641,23.8095,25.0,16.6667,16.6667,16.6667,20.0,18.5185,17.2414,H,64.6242,1.7215,24.8087,1.7388,17.6267,1.3668,ScotishPremierLeague
SC0,04/05/2018,Partick,Ross County,D,2.29,3.29,3.1,2.3,3.1,3.2,2.3,3.05,3.2,2.35,3.0,3.2,2.25,3.1,3.1,2017/18,€7.65m,€7.88m,2.38,3.25,3.13,43.6681,43.4783,44.4444,43.4783,42.0168,42.5532,30.3951,32.2581,32.2581,32.7869,30.7692,33.3333,32.2581,31.25,32.2581,31.25,31.9489,31.25,H,43.2732,0.8612,31.9668,1.1501,31.7025,0.5084,ScotishPremierLeague
SC0,05/05/2018,Aberdeen,Hibernian,D,2.14,3.39,3.29,2.2,3.3,3.25,2.2,3.15,3.25,2.25,3.1,3.3,2.25,3.2,3.3,2017/18,€12.25m,€12.48m,2.25,3.3,3.3,46.729,45.4545,44.4444,45.4545,44.4444,44.4444,29.4985,30.303,31.25,31.746,30.303,32.2581,30.3951,30.7692,30.303,30.7692,30.303,30.303,H,45.1619,0.9134,30.8931,1.0353,30.4738,0.2316,ScotishPremierLeague
SC0,05/05/2018,Dundee,Hamilton,H,1.9,3.39,4.0,1.87,3.5,4.0,1.87,3.35,4.0,1.91,3.3,4.2,2.0,3.3,3.75,2017/18,€9.50m,€8.08m,1.93,3.5,4.1,52.6316,53.4759,50.0,53.4759,51.8135,52.356,29.4985,28.5714,30.303,29.8507,28.5714,30.303,25.0,25.0,26.6667,25.0,24.3902,23.8095,H,52.2922,1.2965,29.5163,0.7919,24.9777,0.9554,ScotishPremierLeague
SC0,05/05/2018,Motherwell,St Johnstone,A,2.14,3.39,3.29,2.1,3.25,3.5,2.2,3.05,3.35,2.25,3.0,3.5,2.25,3.2,3.3,2017/18,€7.53m,€8.68m,2.2,3.25,3.5,46.729,47.619,44.4444,45.4545,45.4545,44.4444,29.4985,30.7692,31.25,32.7869,30.7692,33.3333,30.3951,28.5714,30.303,29.8507,28.5714,28.5714,H,45.691,1.2661,31.4012,1.4209,29.3772,0.9017,ScotishPremierLeague
SC0,05/05/2018,Rangers,Kilmarnock,H,1.39,4.5,8.0,1.42,4.5,7.0,1.4,4.4,7.3,1.4,4.5,7.5,1.44,4.2,7.5,2017/18,€26.10m,€9.43m,1.4,4.8,8.0,71.9424,70.4225,69.4444,71.4286,71.4286,71.4286,22.2222,22.2222,23.8095,22.7273,20.8333,22.2222,12.5,14.2857,13.3333,13.6986,12.5,13.3333,H,71.0159,0.9155,22.3394,0.9614,13.2751,0.6941,ScotishPremierLeague
SC0,06/05/2018,Hearts,Celtic,A,10.0,5.25,1.28,9.0,4.6,1.35,7.0,4.0,1.45,13.0,5.0,1.28,9.0,4.5,1.36,2017/18,€14.40m,€77.48m,11.0,5.0,1.29,10.0,11.1111,11.1111,14.2857,9.0909,7.6923,19.0476,21.7391,22.2222,25.0,20.0,20.0,78.125,74.0741,73.5294,68.9655,77.5194,78.125,A,10.5485,2.2442,21.3348,2.1531,75.0564,3.6137,ScotishPremierLeague
SC0,08/05/2018,Aberdeen,Rangers,D,2.39,3.29,2.87,2.45,3.25,2.8,2.5,3.2,2.75,2.5,3.25,2.8,2.5,3.25,2.6,2017/18,€12.25m,€26.10m,2.5,3.4,2.8,41.841,40.8163,40.0,40.0,40.0,40.0,30.3951,30.7692,30.7692,31.25,29.4118,30.7692,34.8432,35.7143,38.4615,36.3636,35.7143,35.7143,H,40.4429,0.7588,30.5608,0.625,36.1352,1.2381,ScotishPremierLeague
SC0,08/05/2018,Hamilton,St Johnstone,A,2.5,3.2,2.79,2.55,3.1,2.85,2.1,3.3,3.3,2.6,3.0,2.8,2.6,3.1,2.88,2017/18,€8.08m,€8.68m,2.63,3.2,2.8,40.0,39.2157,38.4615,47.619,38.0228,38.4615,31.25,32.2581,32.2581,30.303,31.25,33.3333,35.8423,35.0877,34.7222,30.303,35.7143,35.7143,H,40.2967,3.6546,31.7754,1.0595,34.564,2.1324,ScotishPremierLeague
SC0,08/05/2018,Partick,Motherwell,A,2.2,3.2,3.39,2.15,3.3,3.3,2.15,3.2,3.25,2.2,3.1,3.4,2.25,3.1,3.4,2017/18,€7.65m,€7.53m,2.25,3.25,3.4,45.4545,46.5116,44.4444,46.5116,44.4444,45.4545,31.25,30.303,32.2581,31.25,30.7692,32.2581,29.4985,30.303,29.4118,30.7692,29.4118,29.4118,H,45.4702,0.9246,31.3481,0.7878,29.801,0.5891,ScotishPremierLeague
SC0,08/05/2018,Ross County,Dundee,A,1.95,3.7,3.5,2.05,3.5,3.4,2.1,3.3,3.3,2.0,3.4,3.7,2.0,3.6,3.6,2017/18,€7.88m,€9.50m,2.0,3.7,3.6,51.2821,48.7805,50.0,47.619,50.0,50.0,27.027,28.5714,27.7778,30.303,27.027,29.4118,28.5714,29.4118,27.7778,30.303,27.7778,27.027,H,49.6136,1.2573,28.353,1.3281,28.4781,1.2081,ScotishPremierLeague
SC0,09/05/2018,Celtic,Kilmarnock,D,1.16,7.0,15.0,1.22,6.75,9.5,1.2,6.0,12.5,1.2,6.5,15.0,1.2,6.5,13.0,2017/18,€77.48m,€9.43m,1.2,7.0,13.0,86.2069,81.9672,83.3333,83.3333,83.3333,83.3333,14.2857,14.8148,15.3846,16.6667,14.2857,15.3846,6.6667,10.5263,7.6923,8.0,7.6923,6.6667,H,83.5846,1.3961,15.137,0.8962,7.874,1.4165,ScotishPremierLeague
SC0,09/05/2018,Hearts,Hibernian,H,4.33,3.39,1.85,4.0,3.4,1.9,3.9,3.3,1.9,4.0,3.25,1.95,4.0,3.4,1.95,2017/18,€14.40m,€12.48m,4.1,3.4,1.95,23.0947,25.0,25.0,25.641,24.3902,25.0,29.4985,29.4118,29.4118,30.303,29.4118,30.7692,54.0541,52.6316,51.2821,52.6316,51.2821,51.2821,A,24.6876,0.8749,29.801,0.5891,52.1939,1.1258,ScotishPremierLeague
SC0,12/05/2018,Dundee,Partick,A,2.7,3.29,2.6,2.65,3.25,2.6,2.55,3.3,2.55,2.65,3.2,2.62,2.62,3.25,2.62,2017/18,€9.50m,€7.65m,2.7,3.4,2.6,37.037,37.7358,38.1679,39.2157,37.037,37.7358,30.3951,30.7692,30.7692,30.303,29.4118,31.25,38.4615,38.4615,38.1679,39.2157,38.4615,38.1679,A,37.8215,0.8136,30.483,0.6228,38.4893,0.3838,ScotishPremierLeague
SC0,12/05/2018,Motherwell,Hamilton,H,1.9,3.75,3.6,1.87,3.4,4.1,1.8,3.55,4.1,1.83,3.4,4.4,1.83,3.5,4.33,2017/18,€7.53m,€8.08m,1.83,3.7,4.33,52.6316,53.4759,54.6448,55.5556,54.6448,54.6448,26.6667,29.4118,28.5714,28.169,27.027,29.4118,27.7778,24.3902,23.0947,24.3902,23.0947,22.7273,H,54.2662,1.0382,28.2096,1.1664,24.2458,1.8694,ScotishPremierLeague
SC0,12/05/2018,St Johnstone,Ross County,D,2.6,3.5,2.54,2.6,3.5,2.5,2.65,3.2,2.6,2.7,3.1,2.65,2.7,3.1,2.7,2017/18,€8.68m,€7.88m,2.7,3.3,2.7,38.4615,38.4615,37.037,37.7358,37.037,37.037,28.5714,28.5714,32.2581,31.25,30.303,32.2581,39.3701,40.0,37.037,38.4615,37.037,37.7358,A,37.6283,0.6998,30.5353,1.6861,38.2736,1.2301,ScotishPremierLeague
SC0,13/05/2018,Celtic,Aberdeen,A,1.39,4.75,7.0,1.42,4.33,7.25,1.45,4.3,6.5,1.44,4.33,6.5,1.44,4.33,7.0,2017/18,€77.48m,€12.25m,1.44,4.4,6.5,71.9424,70.4225,69.4444,68.9655,69.4444,69.4444,21.0526,23.0947,23.0947,23.2558,22.7273,23.0947,14.2857,13.7931,14.2857,15.3846,15.3846,15.3846,H,69.9439,1.0889,22.72,0.8353,14.7531,0.7148,ScotishPremierLeague
SC0,13/05/2018,Hibernian,Rangers,D,2.62,3.5,2.5,2.55,3.5,2.55,2.6,3.4,2.45,2.7,3.3,2.5,2.7,3.2,2.6,2017/18,€12.48m,€26.10m,2.63,3.5,2.45,38.1679,39.2157,37.037,38.4615,38.0228,37.037,28.5714,28.5714,31.25,29.4118,28.5714,30.303,40.0,39.2157,38.4615,40.8163,40.8163,40.0,A,37.9903,0.8454,29.4465,1.1211,39.885,0.9204,ScotishPremierLeague
SC0,13/05/2018,Kilmarnock,Hearts,H,1.8,3.6,4.5,1.87,3.5,4.0,1.8,3.4,4.3,1.83,3.4,4.5,1.91,3.3,4.2,2017/18,€9.43m,€14.40m,1.8,3.5,4.2,55.5556,53.4759,52.356,55.5556,55.5556,54.6448,27.7778,28.5714,30.303,29.4118,28.5714,29.4118,22.2222,25.0,23.8095,23.2558,23.8095,22.2222,H,54.5239,1.3421,29.0079,0.8829,23.3865,1.0667,ScotishPremierLeague
