Div,Date,HomeTeam,AwayTeam,FTR,B365H,B365D,B365A,BWH,BWD,BWA,Season,HomeValue,AwayValue
T1,06/08/2004,Rizespor,Fenerbahce,D,6.0,3.4,1.5,6.0,3.6,1.5,2004/5,€22.85m,€90.60m
T1,07/08/2004,Denizlispor,Gaziantepspor,H,2.2,3.25,2.75,2.1,3.3,3.0,2004/5,€27.24m,€38.60m
T1,07/08/2004,Genclerbirligi,Sakaryaspor,H,1.5,3.4,6.0,1.45,3.7,6.5,2004/5,€46.95m,€14.85m
T1,07/08/2004,Kayserispor,Trabzonspor,A,4.33,3.4,1.66,5.0,3.5,1.6,2004/5,€30.03m,€63.60m
T1,07/08/2004,Malatyaspor,Besiktas,D,3.2,3.2,2.0,3.3,3.2,2.0,2004/5,€33.95m,€76.25m
T1,08/08/2004,A. Sebatspor,Ankaraspor,A,2.2,3.25,2.75,2.2,3.35,2.75,2004/5,€26.73m,€32.75m
T1,08/08/2004,Galatasaray,Konyaspor,H,1.36,4.0,7.0,1.35,4.1,7.75,2004/5,€79.65m,€37.25m
T1,08/08/2004,Istanbulspor,Diyarbakirspor,D,2.2,3.25,2.75,2.25,3.15,2.8,2004/5,€27.55m,€22.93m
T1,08/08/2004,Samsunspor,Ankaragucu,D,1.83,3.25,3.6,2.0,3.3,3.2,2004/5,€34.65m,€32.76m
T1,13/08/2004,Gaziantepspor,Galatasaray,H,3.0,3.2,2.1,3.35,3.3,1.95,2004/5,€38.60m,€79.65m
T1,14/08/2004,Ankaragucu,Istanbulspor,D,1.72,3.4,4.0,1.85,3.3,3.7,2004/5,€32.76m,€27.55m
T1,14/08/2004,Ankaraspor,Malatyaspor,A,2.25,3.2,2.75,2.3,3.35,2.6,2004/5,€32.75m,€33.95m
T1,14/08/2004,Diyarbakirspor,Kayserispor,H,1.72,3.4,4.0,1.75,3.15,4.45,2004/5,€22.93m,€30.03m
T1,14/08/2004,Fenerbahce,Samsunspor,H,1.2,5.0,11.0,1.3,4.5,8.25,2004/5,€90.60m,€34.65m
T1,15/08/2004,Genclerbirligi,Besiktas,D,3.0,3.2,2.1,2.95,3.4,2.1,2004/5,€46.95m,€76.25m
T1,15/08/2004,Konyaspor,Rizespor,D,1.9,3.2,3.5,2.0,3.0,3.6,2004/5,€37.25m,€22.85m
T1,15/08/2004,Sakaryaspor,Denizlispor,A,2.6,3.2,2.37,2.75,3.4,2.2,2004/5,€14.85m,€27.24m
T1,15/08/2004,Trabzonspor,A. Sebatspor,H,1.22,5.0,9.0,1.3,4.5,8.25,2004/5,€63.60m,€26.73m
T1,21/08/2004,Denizlispor,Besiktas,H,3.0,3.25,2.1,3.1,3.2,2.1,2004/5,€27.24m,€76.25m
T1,21/08/2004,Genclerbirligi,Ankaraspor,D,1.615,3.5,4.5,1.55,3.5,5.5,2004/5,€46.95m,€32.75m
T1,21/08/2004,Istanbulspor,Fenerbahce,A,6.0,3.75,1.444,6.75,3.65,1.45,2004/5,€27.55m,€90.60m
T1,21/08/2004,Malatyaspor,Trabzonspor,A,3.25,3.25,2.0,3.55,3.3,1.9,2004/5,€33.95m,€63.60m
T1,21/08/2004,Samsunspor,Konyaspor,D,1.833,3.25,3.75,1.9,3.4,3.4,2004/5,€34.65m,€37.25m
T1,22/08/2004,A. Sebatspor,Diyarbakirspor,D,2.25,3.25,2.75,2.4,3.3,2.55,2004/5,€26.73m,€22.93m
T1,22/08/2004,Galatasaray,Rizespor,H,1.25,5.0,8.5,1.3,4.5,8.25,2004/5,€79.65m,€22.85m
T1,22/08/2004,Gaziantepspor,Sakaryaspor,H,1.4,3.75,7.0,1.55,3.5,5.5,2004/5,€38.60m,€14.85m
T1,22/08/2004,Kayserispor,Ankaragucu,D,2.4,3.4,2.4,2.6,3.3,2.35,2004/5,€30.03m,€32.76m
T1,28/08/2004,Ankaraspor,Denizlispor,H,2.75,3.2,2.2,3.0,3.3,2.1,2004/5,€32.75m,€27.24m
T1,28/08/2004,Kayserispor,Fenerbahce,A,7.0,3.75,1.4,8.25,4.5,1.3,2004/5,€30.03m,€90.60m
T1,28/08/2004,Konyaspor,Istanbulspor,H,1.83,3.2,3.75,1.85,3.4,3.6,2004/5,€37.25m,€27.55m
T1,28/08/2004,Rizespor,Samsunspor,H,2.0,3.2,3.2,2.1,3.3,3.0,2004/5,€22.85m,€34.65m
T1,28/08/2004,Sakaryaspor,Galatasaray,A,5.0,3.5,1.57,6.0,3.6,1.5,2004/5,€14.85m,€79.65m
T1,29/08/2004,Ankaragucu,A. Sebatspor,H,1.66,3.4,4.33,1.7,3.4,4.3,2004/5,€32.76m,€26.73m
T1,29/08/2004,Besiktas,Gaziantepspor,A,1.66,3.4,4.33,1.6,3.5,5.0,2004/5,€76.25m,€38.60m
T1,29/08/2004,Diyarbakirspor,Malatyaspor,A,2.37,3.1,2.62,2.3,3.4,2.6,2004/5,€22.93m,€33.95m
T1,29/08/2004,Trabzonspor,Genclerbirligi,H,1.66,3.4,4.33,1.65,3.4,4.75,2004/5,€63.60m,€46.95m
T1,11/09/2004,A. Sebatspor,Fenerbahce,A,7.0,3.75,1.4,6.7,4.0,1.4,2004/5,€26.73m,€90.60m
T1,11/09/2004,Denizlispor,Trabzonspor,A,2.625,3.2,2.375,3.0,3.3,2.1,2004/5,€27.24m,€63.60m
T1,11/09/2004,Gaziantepspor,Ankaraspor,H,1.571,3.5,5.0,1.65,3.5,4.5,2004/5,€38.60m,€32.75m
T1,11/09/2004,Genclerbirligi,Diyarbakirspor,H,1.727,3.2,4.333,1.85,3.4,3.6,2004/5,€46.95m,€22.93m
T1,12/09/2004,Galatasaray,Samsunspor,H,1.25,5.0,8.0,1.25,5.0,9.0,2004/5,€79.65m,€34.65m
T1,12/09/2004,Istanbulspor,Rizespor,A,2.1,3.0,3.2,2.35,3.3,2.6,2004/5,€27.55m,€22.85m
T1,12/09/2004,Kayserispor,Konyaspor,D,2.2,3.2,2.8,2.1,3.3,3.0,2004/5,€30.03m,€37.25m
T1,12/09/2004,Malatyaspor,Ankaragucu,H,1.833,3.4,3.5,1.75,3.5,4.0,2004/5,€33.95m,€32.76m
T1,12/09/2004,Sakaryaspor,Besiktas,A,5.0,3.5,1.571,6.0,3.9,1.45,2004/5,€14.85m,€76.25m
T1,17/09/2004,Diyarbakirspor,Denizlispor,A,2.5,3.2,2.5,2.65,3.15,2.4,2004/5,€22.93m,€27.24m
T1,18/09/2004,Ankaraspor,Sakaryaspor,D,1.57,3.5,5.0,1.55,3.5,5.5,2004/5,€32.75m,€14.85m
T1,18/09/2004,Fenerbahce,Malatyaspor,H,1.36,4.0,7.5,1.3,4.5,8.25,2004/5,€90.60m,€33.95m
T1,18/09/2004,Konyaspor,A. Sebatspor,D,1.66,3.4,4.33,1.55,3.5,5.5,2004/5,€37.25m,€26.73m
T1,18/09/2004,Samsunspor,Istanbulspor,H,1.72,3.5,4.0,1.65,3.4,4.7,2004/5,€34.65m,€27.55m
T1,19/09/2004,Ankaragucu,Genclerbirligi,H,2.25,3.2,2.75,2.3,3.2,2.75,2004/5,€32.76m,€46.95m
T1,19/09/2004,Besiktas,Galatasaray,D,2.25,3.0,2.87,2.1,3.2,3.1,2004/5,€76.25m,€79.65m
T1,19/09/2004,Rizespor,Kayserispor,H,1.66,3.4,4.33,1.5,3.6,6.0,2004/5,€22.85m,€30.03m
T1,19/09/2004,Trabzonspor,Gaziantepspor,D,1.57,3.5,5.0,1.65,3.5,4.5,2004/5,€63.60m,€38.60m
T1,24/09/2004,Genclerbirligi,Fenerbahce,A,3.6,3.4,1.8,4.5,3.5,1.65,2004/5,€46.95m,€90.60m
T1,25/09/2004,A. Sebatspor,Rizespor,D,2.5,3.1,2.5,2.75,3.4,2.2,2004/5,€26.73m,€22.85m
T1,25/09/2004,Besiktas,Ankaraspor,A,1.33,4.33,7.0,1.3,4.3,8.5,2004/5,€76.25m,€32.75m
T1,25/09/2004,Kayserispor,Samsunspor,A,2.37,3.2,2.6,2.4,3.4,2.5,2004/5,€30.03m,€34.65m
T1,25/09/2004,Sakaryaspor,Trabzonspor,A,7.0,3.75,1.4,8.25,4.5,1.3,2004/5,€14.85m,€63.60m
T1,26/09/2004,Denizlispor,Ankaragucu,H,1.72,3.2,4.33,1.8,3.35,3.85,2004/5,€27.24m,€32.76m
T1,26/09/2004,Galatasaray,Istanbulspor,H,1.2,5.0,11.0,1.15,6.5,11.5,2004/5,€79.65m,€27.55m
T1,26/09/2004,Gaziantepspor,Diyarbakirspor,D,1.5,3.6,5.5,1.5,3.6,6.0,2004/5,€38.60m,€22.93m
T1,26/09/2004,Malatyaspor,Konyaspor,H,1.61,3.6,4.33,1.45,3.9,6.0,2004/5,€33.95m,€37.25m
T1,01/10/2004,Ankaraspor,Galatasaray,A,4.5,3.5,1.61,4.5,3.5,1.65,2004/5,€32.75m,€79.65m
T1,02/10/2004,Ankaragucu,Gaziantepspor,H,2.6,3.2,2.4,2.55,3.2,2.45,2004/5,€32.76m,€38.60m
T1,02/10/2004,Diyarbakirspor,Sakaryaspor,H,1.53,3.5,5.5,1.55,3.5,5.5,2004/5,€22.93m,€14.85m
T1,02/10/2004,Fenerbahce,Denizlispor,H,1.36,4.0,7.0,1.35,4.2,7.5,2004/5,€90.60m,€27.24m
T1,02/10/2004,Rizespor,Malatyaspor,A,2.2,3.2,2.8,2.25,3.3,2.75,2004/5,€22.85m,€33.95m
T1,03/10/2004,Istanbulspor,Kayserispor,H,2.1,3.25,3.0,2.0,3.45,3.1,2004/5,€27.55m,€30.03m
T1,03/10/2004,Konyaspor,Genclerbirligi,H,2.4,3.2,2.6,2.5,3.4,2.4,2004/5,€37.25m,€46.95m
T1,03/10/2004,Samsunspor,A. Sebatspor,H,1.66,3.4,4.33,1.65,3.5,4.5,2004/5,€34.65m,€26.73m
T1,03/10/2004,Trabzonspor,Besiktas,H,2.0,3.2,3.2,1.9,3.35,3.5,2004/5,€63.60m,€76.25m
T1,16/10/2004,Besiktas,Diyarbakirspor,H,1.5,3.4,6.0,1.4,4.0,6.75,2004/5,€76.25m,€22.93m
T1,16/10/2004,Gaziantepspor,Fenerbahce,A,3.5,3.2,1.9,4.0,3.45,1.75,2004/5,€38.60m,€90.60m
T1,16/10/2004,Genclerbirligi,Rizespor,H,1.8,3.3,3.75,1.8,3.45,3.75,2004/5,€46.95m,€22.85m
T1,16/10/2004,Sakaryaspor,Ankaragucu,H,3.0,3.2,2.1,3.6,3.4,1.85,2004/5,€14.85m,€32.76m
T1,17/10/2004,A. Sebatspor,Istanbulspor,D,2.0,3.2,3.2,2.1,3.5,2.85,2004/5,€26.73m,€27.55m
T1,17/10/2004,Ankaraspor,Trabzonspor,D,4.5,3.5,1.61,4.3,3.4,1.7,2004/5,€32.75m,€63.60m
T1,17/10/2004,Denizlispor,Konyaspor,H,1.57,3.5,5.0,1.55,3.5,5.5,2004/5,€27.24m,€37.25m
T1,17/10/2004,Galatasaray,Kayserispor,H,1.16,6.0,10.0,1.15,6.0,13.0,2004/5,€79.65m,€30.03m
T1,17/10/2004,Malatyaspor,Samsunspor,A,1.72,3.4,4.0,1.8,3.35,3.85,2004/5,€33.95m,€34.65m
T1,23/10/2004,Istanbulspor,Malatyaspor,A,2.75,3.25,2.2,2.85,3.35,2.15,2004/5,€27.55m,€33.95m
T1,23/10/2004,Konyaspor,Gaziantepspor,D,2.4,3.4,2.4,2.35,3.15,2.7,2004/5,€37.25m,€38.60m
T1,23/10/2004,Samsunspor,Genclerbirligi,H,1.8,3.4,3.75,1.85,3.35,3.7,2004/5,€34.65m,€46.95m
T1,23/10/2004,Trabzonspor,Galatasaray,A,2.2,3.25,2.75,2.35,3.25,2.65,2004/5,€63.60m,€79.65m
T1,24/10/2004,Ankaragucu,Besiktas,A,3.2,3.4,1.9,3.3,3.55,1.9,2004/5,€32.76m,€76.25m
T1,24/10/2004,Diyarbakirspor,Ankaraspor,H,2.0,3.2,3.2,2.15,3.2,3.0,2004/5,€22.93m,€32.75m
T1,24/10/2004,Fenerbahce,Sakaryaspor,H,1.14,6.0,13.0,1.15,6.0,13.0,2004/5,€90.60m,€14.85m
T1,24/10/2004,Kayserispor,A. Sebatspor,H,2.1,3.25,3.0,2.15,3.3,2.9,2004/5,€30.03m,€26.73m
T1,24/10/2004,Rizespor,Denizlispor,H,2.25,3.2,2.75,2.2,3.2,2.9,2004/5,€22.85m,€27.24m
T1,29/10/2004,Trabzonspor,Diyarbakirspor,H,1.3,4.33,8.0,1.35,4.2,7.5,2004/5,€63.60m,€22.93m
T1,30/10/2004,Besiktas,Fenerbahce,H,2.62,3.1,2.37,2.6,3.3,2.35,2004/5,€76.25m,€90.60m
T1,30/10/2004,Denizlispor,Samsunspor,H,1.9,3.25,3.4,1.95,3.25,3.4,2004/5,€27.24m,€34.65m
T1,30/10/2004,Gaziantepspor,Rizespor,A,1.72,3.4,4.0,1.85,3.35,3.65,2004/5,€38.60m,€22.85m
T1,30/10/2004,Genclerbirligi,Istanbulspor,H,1.57,3.5,5.0,1.65,3.5,4.5,2004/5,€46.95m,€27.55m
T1,31/10/2004,Ankaraspor,Ankaragucu,H,2.37,3.1,2.62,2.3,3.25,2.7,2004/5,€32.75m,€32.76m
T1,31/10/2004,Galatasaray,A. Sebatspor,H,1.08,7.5,15.0,1.08,8.0,16.0,2004/5,€79.65m,€26.73m
T1,31/10/2004,Malatyaspor,Kayserispor,A,1.36,4.0,7.0,1.45,3.9,6.0,2004/5,€33.95m,€30.03m
T1,31/10/2004,Sakaryaspor,Konyaspor,A,2.3,3.25,2.62,2.55,3.2,2.45,2004/5,€14.85m,€37.25m
T1,05/11/2004,Diyarbakirspor,Galatasaray,H,5.5,3.6,1.5,6.0,3.6,1.5,2004/5,€22.93m,€79.65m
T1,06/11/2004,A. Sebatspor,Malatyaspor,D,3.4,3.25,1.9,3.6,3.4,1.85,2004/5,€26.73m,€33.95m
T1,06/11/2004,Fenerbahce,Ankaraspor,H,1.22,5.0,9.0,1.2,5.5,10.5,2004/5,€90.60m,€32.75m
T1,06/11/2004,Istanbulspor,Denizlispor,D,3.2,3.2,2.0,3.5,3.35,1.9,2004/5,€27.55m,€27.24m
T1,06/11/2004,Samsunspor,Gaziantepspor,A,1.9,3.25,3.4,1.75,3.45,4.0,2004/5,€34.65m,€38.60m
T1,07/11/2004,Ankaragucu,Trabzonspor,A,3.75,3.2,1.8,3.6,3.4,1.85,2004/5,€32.76m,€63.60m
T1,07/11/2004,Kayserispor,Genclerbirligi,A,2.4,3.1,2.6,2.3,3.25,2.7,2004/5,€30.03m,€46.95m
T1,07/11/2004,Konyaspor,Besiktas,D,3.4,3.6,1.8,4.15,3.5,1.7,2004/5,€37.25m,€76.25m
T1,07/11/2004,Rizespor,Sakaryaspor,H,1.44,3.75,6.0,1.4,4.0,6.75,2004/5,€22.85m,€14.85m
T1,20/11/2004,Ankaraspor,Konyaspor,A,2.0,3.2,3.2,2.0,3.3,3.25,2004/5,€32.75m,€37.25m
T1,20/11/2004,Galatasaray,Malatyaspor,D,1.4,3.75,7.0,1.45,3.85,6.05,2004/5,€79.65m,€33.95m
T1,20/11/2004,Sakaryaspor,Samsunspor,H,3.2,3.2,2.0,3.6,3.4,1.85,2004/5,€14.85m,€34.65m
T1,20/11/2004,Trabzonspor,Fenerbahce,A,2.37,3.2,2.6,2.3,3.2,2.75,2004/5,€63.60m,€90.60m
T1,21/11/2004,Besiktas,Rizespor,D,1.5,3.6,5.5,1.45,3.7,6.5,2004/5,€76.25m,€22.85m
T1,21/11/2004,Denizlispor,Kayserispor,H,1.4,3.75,7.0,1.45,3.7,6.5,2004/5,€27.24m,€30.03m
T1,21/11/2004,Diyarbakirspor,Ankaragucu,A,1.9,3.25,3.5,1.85,3.5,3.5,2004/5,€22.93m,€32.76m
T1,21/11/2004,Gaziantepspor,Istanbulspor,A,1.5,3.6,5.5,1.5,3.6,6.0,2004/5,€38.60m,€27.55m
T1,21/11/2004,Genclerbirligi,A. Sebatspor,D,1.4,3.75,7.0,1.55,3.5,5.5,2004/5,€46.95m,€26.73m
T1,26/11/2004,Ankaragucu,Galatasaray,A,4.5,3.5,1.61,4.7,3.4,1.65,2004/5,€32.76m,€79.65m
T1,27/11/2004,Fenerbahce,Diyarbakirspor,H,1.16,5.5,11.0,1.15,6.0,13.0,2004/5,€90.60m,€22.93m
T1,27/11/2004,Kayserispor,Gaziantepspor,H,3.0,3.2,2.1,3.15,3.4,2.0,2004/5,€30.03m,€38.60m
T1,27/11/2004,Konyaspor,Trabzonspor,D,3.75,3.3,1.8,3.95,3.45,1.75,2004/5,€37.25m,€63.60m
T1,27/11/2004,Rizespor,Ankaraspor,H,1.61,3.5,4.5,1.6,3.5,4.9,2004/5,€22.85m,€32.75m
T1,28/11/2004,A. Sebatspor,Denizlispor,H,3.6,3.25,1.83,3.95,3.3,1.8,2004/5,€26.73m,€27.24m
T1,28/11/2004,Istanbulspor,Sakaryaspor,H,1.72,3.4,4.0,1.85,3.4,3.6,2004/5,€27.55m,€14.85m
T1,28/11/2004,Malatyaspor,Genclerbirligi,A,1.8,3.3,3.75,1.85,3.4,3.6,2004/5,€33.95m,€46.95m
T1,28/11/2004,Samsunspor,Besiktas,A,4.33,3.4,1.66,3.75,3.45,1.8,2004/5,€34.65m,€76.25m
T1,03/12/2004,Fenerbahce,Ankaragucu,H,1.2,5.5,9.0,1.12,7.0,13.0,2004/5,€90.60m,€32.76m
T1,04/12/2004,Denizlispor,Malatyaspor,D,1.83,3.25,3.6,1.85,3.4,3.6,2004/5,€27.24m,€33.95m
T1,04/12/2004,Diyarbakirspor,Konyaspor,D,2.2,3.1,2.87,2.1,3.3,3.0,2004/5,€22.93m,€37.25m
T1,04/12/2004,Genclerbirligi,Galatasaray,A,3.3,3.1,2.0,3.45,3.35,1.9,2004/5,€46.95m,€79.65m
T1,04/12/2004,Trabzonspor,Rizespor,H,1.57,3.5,5.0,1.55,3.45,5.6,2004/5,€63.60m,€22.85m
T1,05/12/2004,Ankaraspor,Samsunspor,A,2.1,3.2,3.0,2.0,3.35,3.2,2004/5,€32.75m,€34.65m
T1,05/12/2004,Besiktas,Istanbulspor,H,1.36,4.0,7.0,1.25,4.8,9.5,2004/5,€76.25m,€27.55m
T1,05/12/2004,Gaziantepspor,A. Sebatspor,H,1.5,3.6,5.5,1.55,3.5,5.5,2004/5,€38.60m,€26.73m
T1,05/12/2004,Sakaryaspor,Kayserispor,H,2.3,3.1,2.7,2.3,3.2,2.75,2004/5,€14.85m,€30.03m
T1,10/12/2004,Kayserispor,Besiktas,A,5.5,3.4,1.53,6.0,3.6,1.5,2004/5,€30.03m,€76.25m
T1,11/12/2004,A. Sebatspor,Sakaryaspor,A,1.83,3.25,3.6,1.85,3.4,3.6,2004/5,€26.73m,€14.85m
T1,11/12/2004,Istanbulspor,Ankaraspor,D,2.0,3.2,3.2,2.0,3.3,3.25,2004/5,€27.55m,€32.75m
T1,11/12/2004,Malatyaspor,Gaziantepspor,H,2.1,3.2,3.0,2.1,3.3,3.0,2004/5,€33.95m,€38.60m
T1,11/12/2004,Samsunspor,Trabzonspor,A,3.6,3.4,1.8,4.0,3.45,1.75,2004/5,€34.65m,€63.60m
T1,12/12/2004,Galatasaray,Fenerbahce,H,2.25,3.2,2.75,2.35,3.3,2.6,2004/5,€79.65m,€90.60m
T1,12/12/2004,Genclerbirligi,Denizlispor,A,2.0,3.2,3.2,1.9,3.35,3.45,2004/5,€46.95m,€27.24m
T1,12/12/2004,Konyaspor,Ankaragucu,A,1.72,3.3,4.2,1.75,3.45,4.0,2004/5,€37.25m,€32.76m
T1,12/12/2004,Rizespor,Diyarbakirspor,H,1.61,3.5,4.5,1.6,3.5,4.9,2004/5,€22.85m,€22.93m
T1,17/12/2004,Denizlispor,Galatasaray,D,3.5,3.2,1.9,3.6,3.4,1.85,2004/5,€27.24m,€79.65m
T1,18/12/2004,Ankaragucu,Rizespor,D,2.4,3.1,2.6,2.3,3.2,2.75,2004/5,€32.76m,€22.85m
T1,18/12/2004,Fenerbahce,Konyaspor,H,1.2,5.0,11.0,1.15,6.0,13.0,2004/5,€90.60m,€37.25m
T1,18/12/2004,Gaziantepspor,Genclerbirligi,H,1.83,3.2,3.75,1.75,3.45,3.95,2004/5,€38.60m,€46.95m
T1,18/12/2004,Trabzonspor,Istanbulspor,D,1.25,4.5,9.5,1.25,4.8,9.5,2004/5,€63.60m,€27.55m
T1,19/12/2004,Ankaraspor,Kayserispor,H,1.8,3.25,3.75,1.75,3.4,4.05,2004/5,€32.75m,€30.03m
T1,19/12/2004,Besiktas,A. Sebatspor,H,1.16,5.5,11.0,1.15,6.0,13.0,2004/5,€76.25m,€26.73m
T1,19/12/2004,Diyarbakirspor,Samsunspor,H,2.0,3.2,3.2,1.9,3.35,3.45,2004/5,€22.93m,€34.65m
T1,19/12/2004,Sakaryaspor,Malatyaspor,H,2.8,3.2,2.2,3.0,3.3,2.1,2004/5,€14.85m,€33.95m
T1,28/01/2005,Konyaspor,Galatasaray,A,5.0,3.5,1.57,5.1,3.45,1.6,2004/5,€37.25m,€79.65m
T1,29/01/2005,Ankaraspor,A. Sebatspor,H,1.5,3.6,5.5,1.4,3.9,7.0,2004/5,€32.75m,€26.73m
T1,29/01/2005,Besiktas,Malatyaspor,H,1.44,3.75,6.0,1.55,3.5,5.5,2004/5,€76.25m,€33.95m
T1,29/01/2005,Diyarbakirspor,Istanbulspor,H,1.5,3.39,6.5,1.7,3.3,4.5,2004/5,€22.93m,€27.55m
T1,29/01/2005,Sakaryaspor,Genclerbirligi,D,2.62,3.2,2.37,2.35,3.5,2.5,2004/5,€14.85m,€46.95m
T1,30/01/2005,Ankaragucu,Samsunspor,A,1.9,3.39,3.39,2.0,3.2,3.35,2004/5,€32.76m,€34.65m
T1,30/01/2005,Fenerbahce,Rizespor,H,1.16,5.5,13.0,1.25,4.75,9.6,2004/5,€90.60m,€22.85m
T1,30/01/2005,Gaziantepspor,Denizlispor,H,2.2,3.2,2.79,2.15,3.2,3.0,2004/5,€38.60m,€27.24m
T1,30/01/2005,Trabzonspor,Kayserispor,H,1.19,5.5,9.0,1.2,5.5,10.5,2004/5,€63.60m,€30.03m
T1,04/02/2005,Galatasaray,Gaziantepspor,H,1.25,4.5,10.0,1.2,5.5,10.5,2004/5,€79.65m,€38.60m
T1,05/02/2005,Kayserispor,Diyarbakirspor,H,2.5,3.2,2.5,2.55,3.2,2.45,2004/5,€30.03m,€22.93m
T1,05/02/2005,Malatyaspor,Ankaraspor,H,1.9,3.0,3.75,1.9,3.35,3.45,2004/5,€33.95m,€32.75m
T1,05/02/2005,Rizespor,Konyaspor,D,1.53,3.5,5.5,1.55,3.6,5.25,2004/5,€22.85m,€37.25m
T1,05/02/2005,Samsunspor,Fenerbahce,D,6.5,3.75,1.44,6.0,3.6,1.5,2004/5,€34.65m,€90.60m
T1,06/02/2005,A. Sebatspor,Trabzonspor,A,7.0,4.0,1.36,8.15,4.5,1.3,2004/5,€26.73m,€63.60m
T1,06/02/2005,Denizlispor,Sakaryaspor,H,1.4,3.75,7.0,1.35,4.2,7.4,2004/5,€27.24m,€14.85m
T1,12/02/2005,Ankaragucu,Kayserispor,D,1.72,3.4,4.0,1.7,3.3,4.5,2004/5,€32.76m,€30.03m
T1,12/02/2005,Besiktas,Denizlispor,H,1.5,3.6,5.5,1.5,3.6,6.0,2004/5,€76.25m,€27.24m
T1,12/02/2005,Konyaspor,Samsunspor,H,2.25,3.2,2.75,2.2,3.5,2.7,2004/5,€37.25m,€34.65m
T1,12/02/2005,Rizespor,Galatasaray,A,4.33,3.4,1.66,4.65,3.45,1.65,2004/5,€22.85m,€79.65m
T1,13/02/2005,Ankaraspor,Genclerbirligi,H,2.2,3.25,2.75,2.25,3.2,2.8,2004/5,€32.75m,€46.95m
T1,13/02/2005,Diyarbakirspor,A. Sebatspor,H,1.4,3.75,7.0,1.4,3.9,7.0,2004/5,€22.93m,€26.73m
T1,13/02/2005,Fenerbahce,Istanbulspor,H,1.12,6.5,12.0,1.1,7.5,14.0,2004/5,€90.60m,€27.55m
T1,13/02/2005,Sakaryaspor,Gaziantepspor,D,2.5,3.1,2.5,2.5,3.5,2.35,2004/5,€14.85m,€38.60m
T1,13/02/2005,Trabzonspor,Malatyaspor,H,1.44,3.75,6.0,1.45,3.85,6.05,2004/5,€63.60m,€33.95m
T1,18/02/2005,Gaziantepspor,Besiktas,A,3.4,3.25,1.9,3.65,3.35,1.85,2004/5,€38.60m,€76.25m
T1,19/02/2005,A. Sebatspor,Ankaragucu,D,2.5,3.1,2.5,2.75,3.2,2.3,2004/5,€26.73m,€32.76m
T1,19/02/2005,Denizlispor,Ankaraspor,D,1.61,3.5,4.5,1.55,3.5,5.5,2004/5,€27.24m,€32.75m
T1,19/02/2005,Galatasaray,Sakaryaspor,H,1.12,6.5,12.0,1.1,7.5,14.0,2004/5,€79.65m,€14.85m
T1,19/02/2005,Istanbulspor,Konyaspor,D,2.37,3.1,2.62,2.4,3.25,2.6,2004/5,€27.55m,€37.25m
T1,20/02/2005,Fenerbahce,Kayserispor,H,1.1,7.0,13.0,1.08,8.5,15.0,2004/5,€90.60m,€30.03m
T1,20/02/2005,Genclerbirligi,Trabzonspor,A,3.75,3.3,1.8,3.75,3.45,1.8,2004/5,€46.95m,€63.60m
T1,20/02/2005,Malatyaspor,Diyarbakirspor,H,1.66,3.4,4.33,1.65,3.5,4.5,2004/5,€33.95m,€22.93m
T1,20/02/2005,Samsunspor,Rizespor,A,2.2,3.1,2.87,2.1,3.3,3.0,2004/5,€34.65m,€22.85m
T1,26/02/2005,Ankaragucu,Malatyaspor,H,2.37,3.1,2.62,2.35,3.5,2.5,2004/5,€32.76m,€33.95m
T1,26/02/2005,Diyarbakirspor,Genclerbirligi,A,1.9,3.4,3.25,2.0,3.45,3.1,2004/5,€22.93m,€46.95m
T1,26/02/2005,Rizespor,Istanbulspor,D,1.53,3.4,5.5,1.5,3.6,6.0,2004/5,€22.85m,€27.55m
T1,26/02/2005,Samsunspor,Galatasaray,H,5.5,3.4,1.53,6.0,3.6,1.5,2004/5,€34.65m,€79.65m
T1,27/02/2005,Ankaraspor,Gaziantepspor,H,2.2,3.2,2.8,2.15,3.2,3.0,2004/5,€32.75m,€38.60m
T1,27/02/2005,Besiktas,Sakaryaspor,H,1.2,5.5,9.0,1.15,6.0,13.0,2004/5,€76.25m,€14.85m
T1,27/02/2005,Fenerbahce,A. Sebatspor,H,1.08,7.5,15.0,1.05,9.5,18.0,2004/5,€90.60m,€26.73m
T1,27/02/2005,Konyaspor,Kayserispor,H,1.57,3.5,5.0,1.45,3.85,6.05,2004/5,€37.25m,€30.03m
T1,27/02/2005,Trabzonspor,Denizlispor,H,1.44,3.75,6.0,1.4,3.9,7.0,2004/5,€63.60m,€27.24m
T1,05/03/2005,Galatasaray,Besiktas,H,1.83,3.2,3.75,1.9,3.35,3.45,2004/5,€79.65m,€76.25m
T1,05/03/2005,Genclerbirligi,Ankaragucu,H,2.0,3.2,3.2,1.95,3.25,3.45,2004/5,€46.95m,€32.76m
T1,05/03/2005,Istanbulspor,Samsunspor,D,2.2,3.25,2.75,2.35,3.25,2.65,2004/5,€27.55m,€34.65m
T1,05/03/2005,Sakaryaspor,Ankaraspor,D,2.25,3.2,2.75,2.2,3.2,2.9,2004/5,€14.85m,€32.75m
T1,06/03/2005,A. Sebatspor,Konyaspor,A,2.75,3.25,2.2,2.9,3.2,2.2,2004/5,€26.73m,€37.25m
T1,06/03/2005,Denizlispor,Diyarbakirspor,D,1.5,3.4,6.0,1.55,3.5,5.5,2004/5,€27.24m,€22.93m
T1,06/03/2005,Gaziantepspor,Trabzonspor,H,4.5,3.5,1.61,4.5,3.3,1.7,2004/5,€38.60m,€63.60m
T1,06/03/2005,Kayserispor,Rizespor,H,2.2,3.25,2.75,2.2,3.2,2.9,2004/5,€30.03m,€22.85m
T1,06/03/2005,Malatyaspor,Fenerbahce,A,5.5,3.4,1.53,6.0,3.6,1.5,2004/5,€33.95m,€90.60m
T1,09/03/2005,Besiktas,Genclerbirligi,D,1.36,4.0,7.0,1.35,4.2,7.4,2004/5,€76.25m,€46.95m
T1,09/03/2005,Istanbulspor,Ankaragucu,A,2.3,3.2,2.62,2.2,3.2,2.9,2004/5,€27.55m,€32.76m
T1,12/03/2005,Ankaragucu,Denizlispor,D,2.1,3.1,3.1,2.1,3.3,3.0,2004/5,€32.76m,€27.24m
T1,12/03/2005,Konyaspor,Malatyaspor,H,1.9,3.25,3.4,2.25,3.2,2.8,2004/5,€37.25m,€33.95m
T1,12/03/2005,Trabzonspor,Sakaryaspor,H,1.16,6.0,10.0,1.15,6.0,13.0,2004/5,€63.60m,€14.85m
T1,13/03/2005,Ankaraspor,Besiktas,A,3.75,3.3,1.8,3.95,3.45,1.75,2004/5,€32.75m,€76.25m
T1,13/03/2005,Diyarbakirspor,Gaziantepspor,H,2.2,3.25,2.75,2.15,3.2,3.0,2004/5,€22.93m,€38.60m
T1,13/03/2005,Fenerbahce,Genclerbirligi,H,1.22,5.0,9.0,1.25,4.8,9.5,2004/5,€90.60m,€46.95m
T1,13/03/2005,Rizespor,A. Sebatspor,H,1.36,4.2,6.5,1.3,4.5,8.25,2004/5,€22.85m,€26.73m
T1,13/03/2005,Samsunspor,Kayserispor,D,1.61,3.5,4.5,1.6,3.5,4.9,2004/5,€34.65m,€30.03m
T1,18/03/2005,Denizlispor,Fenerbahce,H,4.0,3.4,1.72,4.5,3.5,1.65,2004/5,€27.24m,€90.60m
T1,19/03/2005,Besiktas,Trabzonspor,H,2.1,3.2,3.0,1.95,3.35,3.25,2004/5,€76.25m,€63.60m
T1,19/03/2005,Gaziantepspor,Ankaragucu,H,1.72,3.4,4.0,1.75,3.45,3.95,2004/5,€38.60m,€32.76m
T1,19/03/2005,Kayserispor,Istanbulspor,D,1.9,3.2,3.5,1.85,3.3,3.75,2004/5,€30.03m,€27.55m
T1,19/03/2005,Malatyaspor,Rizespor,A,2.0,3.2,3.2,2.15,3.2,3.0,2004/5,€33.95m,€22.85m
T1,20/03/2005,A. Sebatspor,Samsunspor,H,2.75,3.2,2.25,2.65,3.25,2.35,2004/5,€26.73m,€34.65m
T1,20/03/2005,Galatasaray,Ankaraspor,H,1.2,5.0,11.0,1.2,5.5,10.5,2004/5,€79.65m,€32.75m
T1,20/03/2005,Genclerbirligi,Konyaspor,H,1.9,3.2,3.5,2.0,3.3,3.25,2004/5,€46.95m,€37.25m
T1,02/04/2005,Ankaragucu,Sakaryaspor,A,1.8,3.4,3.6,1.75,3.45,3.95,2004/5,€32.76m,€14.85m
T1,02/04/2005,Fenerbahce,Gaziantepspor,H,1.2,5.0,11.0,1.18,5.5,12.0,2004/5,€90.60m,€38.60m
T1,02/04/2005,Istanbulspor,A. Sebatspor,H,1.72,3.4,4.0,1.7,3.45,4.25,2004/5,€27.55m,€26.73m
T1,02/04/2005,Rizespor,Genclerbirligi,D,1.9,3.25,3.4,2.1,3.3,3.0,2004/5,€22.85m,€46.95m
T1,03/04/2005,Diyarbakirspor,Besiktas,D,4.0,3.4,1.72,4.5,3.3,1.7,2004/5,€22.93m,€76.25m
T1,03/04/2005,Kayserispor,Galatasaray,D,6.0,3.75,1.44,6.05,3.85,1.45,2004/5,€30.03m,€79.65m
T1,03/04/2005,Konyaspor,Denizlispor,D,2.0,3.2,3.2,1.9,3.35,3.45,2004/5,€37.25m,€27.24m
T1,03/04/2005,Samsunspor,Malatyaspor,A,2.0,3.25,3.2,2.1,3.3,3.0,2004/5,€34.65m,€33.95m
T1,03/04/2005,Trabzonspor,Ankaraspor,D,1.25,4.5,10.0,1.25,4.8,9.5,2004/5,€63.60m,€32.75m
T1,08/04/2005,Besiktas,Ankaragucu,H,1.2,5.5,9.5,1.2,5.5,10.5,2004/5,€76.25m,€32.76m
T1,09/04/2005,A. Sebatspor,Kayserispor,D,2.62,3.1,2.37,2.65,3.25,2.4,2004/5,€26.73m,€30.03m
T1,09/04/2005,Ankaraspor,Diyarbakirspor,H,1.72,3.4,4.0,1.85,3.35,3.65,2004/5,€32.75m,€22.93m
T1,09/04/2005,Malatyaspor,Istanbulspor,H,1.66,3.4,4.33,1.6,3.5,4.9,2004/5,€33.95m,€27.55m
T1,09/04/2005,Sakaryaspor,Fenerbahce,A,6.0,3.75,1.44,7.0,3.9,1.4,2004/5,€14.85m,€90.60m
T1,10/04/2005,Denizlispor,Rizespor,H,1.83,3.2,3.75,1.9,3.35,3.45,2004/5,€27.24m,€22.85m
T1,10/04/2005,Galatasaray,Trabzonspor,A,1.66,3.4,4.33,1.7,3.3,4.5,2004/5,€79.65m,€63.60m
T1,10/04/2005,Gaziantepspor,Konyaspor,H,2.0,3.2,3.2,2.0,3.3,3.25,2004/5,€38.60m,€37.25m
T1,10/04/2005,Genclerbirligi,Samsunspor,D,1.66,3.4,4.33,1.75,3.45,3.95,2004/5,€46.95m,€34.65m
T1,15/04/2005,Diyarbakirspor,Trabzonspor,A,4.5,3.5,1.61,4.35,3.55,1.65,2004/5,€22.93m,€63.60m
T1,16/04/2005,A. Sebatspor,Galatasaray,A,8.0,5.0,1.25,7.5,4.75,1.3,2004/5,€26.73m,€79.65m
T1,16/04/2005,Kayserispor,Malatyaspor,D,2.0,3.2,3.2,1.95,3.45,3.25,2004/5,€30.03m,€33.95m
T1,16/04/2005,Konyaspor,Sakaryaspor,H,1.8,3.4,3.6,1.7,3.35,4.45,2004/5,€37.25m,€14.85m
T1,16/04/2005,Samsunspor,Denizlispor,H,2.2,3.2,2.8,2.25,3.2,2.8,2004/5,€34.65m,€27.24m
T1,17/04/2005,Ankaragucu,Ankaraspor,A,2.1,3.25,3.0,2.15,3.2,3.0,2004/5,€32.76m,€32.75m
T1,17/04/2005,Fenerbahce,Besiktas,A,1.72,3.4,4.0,1.7,3.3,4.5,2004/5,€90.60m,€76.25m
T1,17/04/2005,Istanbulspor,Genclerbirligi,A,2.25,3.25,2.75,2.35,3.25,2.65,2004/5,€27.55m,€46.95m
T1,17/04/2005,Rizespor,Gaziantepspor,D,1.9,3.25,3.5,1.9,3.35,3.45,2004/5,€22.85m,€38.60m
T1,23/04/2005,Besiktas,Konyaspor,H,1.28,4.5,8.0,1.3,4.5,8.25,2004/5,€76.25m,€37.25m
T1,23/04/2005,Gaziantepspor,Samsunspor,A,1.72,3.4,4.0,1.85,3.4,3.6,2004/5,€38.60m,€34.65m
T1,23/04/2005,Genclerbirligi,Kayserispor,D,1.72,3.4,4.0,1.7,3.3,4.5,2004/5,€46.95m,€30.03m
T1,23/04/2005,Malatyaspor,A. Sebatspor,D,1.36,4.0,7.0,1.4,3.9,7.0,2004/5,€33.95m,€26.73m
T1,24/04/2005,Ankaraspor,Fenerbahce,A,5.0,3.5,1.57,5.5,3.6,1.55,2004/5,€32.75m,€90.60m
T1,24/04/2005,Denizlispor,Istanbulspor,D,1.57,3.5,5.0,1.6,3.5,4.9,2004/5,€27.24m,€27.55m
T1,24/04/2005,Galatasaray,Diyarbakirspor,H,1.16,6.0,10.0,1.2,5.5,10.5,2004/5,€79.65m,€22.93m
T1,24/04/2005,Sakaryaspor,Rizespor,H,1.72,3.4,4.0,1.75,3.5,3.95,2004/5,€14.85m,€22.85m
T1,24/04/2005,Trabzonspor,Ankaragucu,H,1.25,5.0,8.0,1.25,4.8,9.5,2004/5,€63.60m,€32.76m
T1,29/04/2005,Istanbulspor,Gaziantepspor,A,2.1,3.2,3.0,1.95,3.35,3.35,2004/5,€27.55m,€38.60m
T1,29/04/2005,Rizespor,Besiktas,A,4.33,3.4,1.66,4.5,3.3,1.7,2004/5,€22.85m,€76.25m
T1,30/04/2005,Ankaragucu,Diyarbakirspor,H,1.8,3.2,4.0,1.7,3.3,4.5,2004/5,€32.76m,€22.93m
T1,30/04/2005,Fenerbahce,Trabzonspor,H,1.66,3.4,4.33,1.7,3.3,4.5,2004/5,€90.60m,€63.60m
T1,30/04/2005,Kayserispor,Denizlispor,H,1.66,3.4,4.33,1.9,3.35,3.45,2004/5,€30.03m,€27.24m
T1,30/04/2005,Samsunspor,Sakaryaspor,D,2.0,3.3,3.1,1.9,3.35,3.45,2004/5,€34.65m,€14.85m
T1,01/05/2005,A. Sebatspor,Genclerbirligi,A,3.75,3.3,1.8,2.7,3.25,2.3,2004/5,€26.73m,€46.95m
T1,01/05/2005,Konyaspor,Ankaraspor,A,1.83,3.25,3.75,1.9,3.35,3.45,2004/5,€37.25m,€32.75m
T1,01/05/2005,Malatyaspor,Galatasaray,A,6.0,3.4,1.5,6.0,3.6,1.5,2004/5,€33.95m,€79.65m
T1,07/05/2005,Ankaraspor,Rizespor,H,1.66,3.4,4.33,1.8,3.45,3.75,2004/5,€32.75m,€22.85m
T1,07/05/2005,Diyarbakirspor,Fenerbahce,A,6.0,3.75,1.44,7.0,3.9,1.4,2004/5,€22.93m,€90.60m
T1,07/05/2005,Galatasaray,Ankaragucu,H,1.12,6.5,12.0,1.1,7.5,14.0,2004/5,€79.65m,€32.76m
T1,07/05/2005,Gaziantepspor,Kayserispor,A,1.9,3.5,3.2,1.85,3.4,3.6,2004/5,€38.60m,€30.03m
T1,07/05/2005,Trabzonspor,Konyaspor,H,1.2,5.5,9.0,1.25,4.8,9.5,2004/5,€63.60m,€37.25m
T1,08/05/2005,Besiktas,Samsunspor,H,1.2,5.5,9.0,1.25,4.8,9.5,2004/5,€76.25m,€34.65m
T1,08/05/2005,Genclerbirligi,Malatyaspor,H,1.66,3.4,4.33,1.85,3.4,3.6,2004/5,€46.95m,€33.95m
T1,14/05/2005,Malatyaspor,Denizlispor,D,2.1,3.2,3.0,2.0,3.35,3.2,2004/5,€33.95m,€27.24m
T1,14/05/2005,Samsunspor,Ankaraspor,D,2.1,3.2,3.0,2.15,3.2,3.0,2004/5,€34.65m,€32.75m
T1,15/05/2005,Ankaragucu,Fenerbahce,H,6.5,4.0,1.4,8.25,4.5,1.3,2004/5,€32.76m,€90.60m
T1,15/05/2005,Galatasaray,Genclerbirligi,A,1.22,5.0,9.5,1.25,4.8,9.5,2004/5,€79.65m,€46.95m
T1,15/05/2005,Istanbulspor,Besiktas,D,5.5,3.6,1.5,7.0,3.9,1.4,2004/5,€27.55m,€76.25m
T1,15/05/2005,Kayserispor,Sakaryaspor,H,1.8,3.3,3.75,1.8,3.35,3.85,2004/5,€30.03m,€14.85m
T1,15/05/2005,Konyaspor,Diyarbakirspor,H,2.2,3.4,2.62,2.1,3.3,3.0,2004/5,€37.25m,€22.93m
T1,15/05/2005,Rizespor,Trabzonspor,A,5.0,3.75,1.53,6.0,3.6,1.5,2004/5,€22.85m,€63.60m
T1,21/05/2005,Ankaragucu,Konyaspor,D,1.72,3.4,4.0,1.85,3.35,3.65,2004/5,€32.76m,€37.25m
T1,21/05/2005,Besiktas,Kayserispor,H,1.4,3.75,7.0,1.3,4.55,8.0,2004/5,€76.25m,€30.03m
T1,21/05/2005,Diyarbakirspor,Rizespor,D,1.53,3.4,5.5,1.5,3.6,5.9,2004/5,€22.93m,€22.85m
T1,21/05/2005,Gaziantepspor,Malatyaspor,H,2.0,3.2,3.2,1.85,3.4,3.6,2004/5,€38.60m,€33.95m
T1,22/05/2005,Denizlispor,Genclerbirligi,D,2.2,3.25,2.75,2.25,3.2,2.8,2004/5,€27.24m,€46.95m
T1,22/05/2005,Fenerbahce,Galatasaray,H,2.2,3.25,2.75,2.15,3.25,2.95,2004/5,€90.60m,€79.65m
T1,22/05/2005,Trabzonspor,Samsunspor,H,1.2,5.0,11.0,1.25,4.8,9.5,2004/5,€63.60m,€34.65m
T1,29/05/2005,A. Sebatspor,Besiktas,D,6.5,4.2,1.36,7.0,3.9,1.4,2004/5,€26.73m,€76.25m
T1,29/05/2005,Galatasaray,Denizlispor,H,1.19,5.5,9.0,1.25,4.8,9.5,2004/5,€79.65m,€27.24m
T1,29/05/2005,Genclerbirligi,Gaziantepspor,H,1.57,3.5,5.0,1.7,3.3,4.5,2004/5,€46.95m,€38.60m
T1,29/05/2005,Kayserispor,Ankaraspor,D,1.8,2.87,4.5,1.75,3.15,4.5,2004/5,€30.03m,€32.75m
T1,29/05/2005,Rizespor,Ankaragucu,A,2.25,2.87,3.0,1.7,3.3,4.5,2004/5,€22.85m,€32.76m
T1,05/08/2005,Genclerbirligi,Fenerbahce,D,5.0,3.6,1.57,5.0,3.5,1.6,2005/6,€25.68m,€73.00m
T1,06/08/2005,Diyarbakirspor,Rizespor,H,2.1,3.2,3.0,2.0,3.3,3.25,2005/6,€21.98m,€17.42m
T1,06/08/2005,Erciyesspor,Besiktas,D,5.0,3.5,1.57,5.5,3.5,1.55,2005/6,€22.76m,€69.65m
T1,06/08/2005,Sivasspor,Malatyaspor,D,2.25,3.2,2.75,2.25,3.2,2.8,2005/6,€21.15m,€25.08m
T1,06/08/2005,Trabzonspor,Kayserispor,H,1.28,4.5,8.0,1.25,5.0,9.0,2005/6,€64.14m,€23.43m
T1,07/08/2005,Denizlispor,Ankaraspor,D,1.8,3.3,3.75,1.9,3.35,3.45,2005/6,€29.21m,€32.53m
T1,07/08/2005,Galatasaray,Konyaspor,H,1.28,4.5,8.0,1.25,5.0,9.0,2005/6,€64.95m,€28.52m
T1,07/08/2005,Manisaspor,Ankaragucu,D,2.25,3.2,2.75,2.35,3.25,2.65,2005/6,€22.87m,€27.16m
T1,07/08/2005,Samsunspor,Gaziantepspor,A,2.2,3.25,2.75,2.0,3.3,3.25,2005/6,€25.79m,€32.20m
T1,12/08/2005,Ankaragucu,Galatasaray,A,5.0,3.6,1.53,7.0,3.9,1.4,2005/6,€27.16m,€64.95m
T1,13/08/2005,Fenerbahce,Diyarbakirspor,D,1.14,6.0,12.0,1.08,7.5,19.0,2005/6,€73.00m,€21.98m
T1,13/08/2005,Gaziantepspor,Sivasspor,D,1.61,3.5,4.5,1.55,3.5,5.5,2005/6,€32.20m,€21.15m
T1,13/08/2005,Malatyaspor,Manisaspor,A,1.66,3.3,4.5,1.65,3.5,4.5,2005/6,€25.08m,€22.87m
T1,13/08/2005,Rizespor,Samsunspor,A,1.9,3.2,3.5,1.85,3.25,3.75,2005/6,€17.42m,€25.79m
T1,14/08/2005,Ankaraspor,Genclerbirligi,D,2.25,3.2,2.75,2.3,3.25,2.7,2005/6,€32.53m,€25.68m
T1,14/08/2005,Besiktas,Denizlispor,H,1.22,5.0,9.0,1.2,5.5,10.5,2005/6,€69.65m,€29.21m
T1,14/08/2005,Kayserispor,Erciyesspor,A,2.25,3.2,2.75,2.3,3.2,2.75,2005/6,€23.43m,€22.76m
T1,14/08/2005,Konyaspor,Trabzonspor,D,3.5,3.4,1.83,4.0,3.45,1.75,2005/6,€28.52m,€64.14m
T1,20/08/2005,Denizlispor,Kayserispor,A,1.53,3.6,5.0,1.5,3.6,6.0,2005/6,€29.21m,€23.43m
T1,20/08/2005,Genclerbirligi,Besiktas,A,3.75,3.3,1.8,3.7,3.35,1.85,2005/6,€25.68m,€69.65m
T1,20/08/2005,Samsunspor,Sivasspor,A,1.83,3.25,3.6,1.7,3.3,4.5,2005/6,€25.79m,€21.15m
T1,20/08/2005,Trabzonspor,Ankaragucu,H,1.28,4.5,8.0,1.3,4.5,8.25,2005/6,€64.14m,€27.16m
T1,21/08/2005,Diyarbakirspor,Ankaraspor,A,2.25,3.2,2.75,2.2,3.35,2.8,2005/6,€21.98m,€32.53m
T1,21/08/2005,Erciyesspor,Konyaspor,D,2.1,3.3,2.87,2.3,3.35,2.65,2005/6,€22.76m,€28.52m
T1,21/08/2005,Galatasaray,Malatyaspor,H,1.16,5.5,11.0,1.1,7.5,14.0,2005/6,€64.95m,€25.08m
T1,21/08/2005,Manisaspor,Gaziantepspor,A,2.25,3.2,2.75,2.25,3.2,2.8,2005/6,€22.87m,€32.20m
T1,21/08/2005,Rizespor,Fenerbahce,A,6.0,3.75,1.44,7.0,3.9,1.4,2005/6,€17.42m,€73.00m
T1,26/08/2005,Gaziantepspor,Galatasaray,D,4.0,3.4,1.72,4.5,3.5,1.65,2005/6,€32.20m,€64.95m
T1,27/08/2005,Ankaraspor,Rizespor,D,1.66,3.3,4.5,1.6,3.5,4.9,2005/6,€32.53m,€17.42m
T1,27/08/2005,Fenerbahce,Samsunspor,H,1.16,5.5,12.0,1.12,7.0,13.0,2005/6,€73.00m,€25.79m
T1,27/08/2005,Konyaspor,Denizlispor,H,1.9,3.2,3.5,1.9,3.35,3.45,2005/6,€28.52m,€29.21m
T1,27/08/2005,Sivasspor,Manisaspor,H,2.1,3.2,3.0,2.0,3.3,3.25,2005/6,€21.15m,€22.87m
T1,28/08/2005,Ankaragucu,Erciyesspor,A,2.1,3.2,3.0,2.1,3.25,3.05,2005/6,€27.16m,€22.76m
T1,28/08/2005,Besiktas,Diyarbakirspor,D,1.2,5.5,9.0,1.15,6.5,11.0,2005/6,€69.65m,€21.98m
T1,28/08/2005,Kayserispor,Genclerbirligi,H,2.3,3.2,2.62,2.25,3.2,2.8,2005/6,€23.43m,€25.68m
T1,28/08/2005,Malatyaspor,Trabzonspor,D,4.0,3.4,1.72,4.9,3.5,1.6,2005/6,€25.08m,€64.14m
T1,10/09/2005,Diyarbakirspor,Kayserispor,A,2.0,3.2,3.25,1.9,3.35,3.45,2005/6,€21.98m,€23.43m
T1,10/09/2005,Erciyesspor,Malatyaspor,D,1.9,3.25,3.5,1.9,3.35,3.45,2005/6,€22.76m,€25.08m
T1,10/09/2005,Fenerbahce,Ankaraspor,H,1.25,5.0,9.0,1.15,6.5,11.0,2005/6,€73.00m,€32.53m
T1,10/09/2005,Rizespor,Besiktas,H,5.0,3.4,1.61,5.5,3.5,1.55,2005/6,€17.42m,€69.65m
T1,11/09/2005,Denizlispor,Ankaragucu,D,1.83,3.25,3.75,1.85,3.4,3.6,2005/6,€29.21m,€27.16m
T1,11/09/2005,Galatasaray,Sivasspor,H,1.2,5.5,10.0,1.1,7.0,16.0,2005/6,€64.95m,€21.15m
T1,11/09/2005,Genclerbirligi,Konyaspor,D,2.0,3.2,3.25,1.9,3.35,3.45,2005/6,€25.68m,€28.52m
T1,11/09/2005,Samsunspor,Manisaspor,D,2.0,3.2,3.25,1.75,3.45,3.95,2005/6,€25.79m,€22.87m
T1,11/09/2005,Trabzonspor,Gaziantepspor,H,1.44,3.75,6.5,1.35,4.2,7.4,2005/6,€64.14m,€32.20m
T1,16/09/2005,Sivasspor,Trabzonspor,H,4.5,3.4,1.66,4.5,3.3,1.7,2005/6,€21.15m,€64.14m
T1,17/09/2005,Ankaragucu,Genclerbirligi,D,2.37,3.3,2.5,2.65,3.25,2.35,2005/6,€27.16m,€25.68m
T1,17/09/2005,Kayserispor,Rizespor,H,1.8,3.3,3.75,1.9,3.35,3.45,2005/6,€23.43m,€17.42m
T1,17/09/2005,Konyaspor,Diyarbakirspor,H,1.72,3.4,4.0,1.65,3.5,4.5,2005/6,€28.52m,€21.98m
T1,17/09/2005,Malatyaspor,Denizlispor,A,2.0,3.2,3.2,1.9,3.35,3.45,2005/6,€25.08m,€29.21m
T1,18/09/2005,Ankaraspor,Samsunspor,D,1.72,3.4,4.0,1.7,3.3,4.5,2005/6,€32.53m,€25.79m
T1,18/09/2005,Besiktas,Fenerbahce,A,2.37,3.1,2.62,2.35,3.25,2.65,2005/6,€69.65m,€73.00m
T1,18/09/2005,Gaziantepspor,Erciyesspor,A,2.0,3.2,3.2,1.85,3.25,3.75,2005/6,€32.20m,€22.76m
T1,18/09/2005,Manisaspor,Galatasaray,A,5.5,3.6,1.5,7.0,3.9,1.4,2005/6,€22.87m,€64.95m
T1,23/09/2005,Trabzonspor,Manisaspor,A,1.33,4.33,7.5,1.3,4.5,8.25,2005/6,€64.14m,€22.87m
T1,24/09/2005,Denizlispor,Gaziantepspor,A,2.2,3.2,2.8,2.0,3.3,3.25,2005/6,€29.21m,€32.20m
T1,24/09/2005,Fenerbahce,Kayserispor,H,1.25,5.0,8.5,1.2,5.25,11.0,2005/6,€73.00m,€23.43m
T1,24/09/2005,Genclerbirligi,Malatyaspor,H,1.83,3.25,3.75,1.85,3.4,3.6,2005/6,€25.68m,€25.08m
T1,25/09/2005,Ankaraspor,Besiktas,H,3.5,3.25,1.9,3.95,3.45,1.75,2005/6,€32.53m,€69.65m
T1,25/09/2005,Diyarbakirspor,Ankaragucu,A,2.1,3.25,3.0,1.9,3.35,3.45,2005/6,€21.98m,€27.16m
T1,25/09/2005,Erciyesspor,Sivasspor,D,2.1,3.25,3.0,1.85,3.4,3.6,2005/6,€22.76m,€21.15m
T1,25/09/2005,Rizespor,Konyaspor,D,2.4,3.2,2.6,2.35,3.25,2.65,2005/6,€17.42m,€28.52m
T1,25/09/2005,Samsunspor,Galatasaray,A,7.0,3.5,1.44,7.0,3.9,1.4,2005/6,€25.79m,€64.95m
T1,30/09/2005,Gaziantepspor,Genclerbirligi,D,1.9,3.2,3.5,1.9,3.35,3.45,2005/6,€32.20m,€25.68m
T1,01/10/2005,Konyaspor,Fenerbahce,A,5.0,3.3,1.61,5.5,3.5,1.55,2005/6,€28.52m,€73.00m
T1,01/10/2005,Manisaspor,Erciyesspor,A,2.25,3.2,2.75,2.25,3.2,2.8,2005/6,€22.87m,€22.76m
T1,01/10/2005,Sivasspor,Denizlispor,H,1.83,3.3,3.6,1.9,3.35,3.45,2005/6,€21.15m,€29.21m
T1,02/10/2005,Ankaragucu,Rizespor,H,1.9,3.25,3.4,1.9,3.35,3.45,2005/6,€27.16m,€17.42m
T1,02/10/2005,Besiktas,Samsunspor,H,1.33,4.2,7.5,1.25,4.8,9.5,2005/6,€69.65m,€25.79m
T1,02/10/2005,Galatasaray,Trabzonspor,H,1.53,3.6,5.0,1.45,3.7,6.5,2005/6,€64.95m,€64.14m
T1,02/10/2005,Kayserispor,Ankaraspor,H,2.1,3.2,3.0,1.85,3.4,3.6,2005/6,€23.43m,€32.53m
T1,02/10/2005,Malatyaspor,Diyarbakirspor,A,1.9,3.25,3.4,1.9,3.35,3.45,2005/6,€25.08m,€21.98m
T1,15/10/2005,Ankaraspor,Konyaspor,D,2.0,3.25,3.25,1.9,3.35,3.45,2005/6,€32.53m,€28.52m
T1,15/10/2005,Diyarbakirspor,Gaziantepspor,A,2.37,3.25,2.5,2.35,3.25,2.65,2005/6,€21.98m,€32.20m
T1,15/10/2005,Erciyesspor,Galatasaray,A,4.33,3.4,1.66,5.5,3.5,1.55,2005/6,€22.76m,€64.95m
T1,15/10/2005,Fenerbahce,Ankaragucu,H,1.16,6.0,10.0,1.1,7.5,14.0,2005/6,€73.00m,€27.16m
T1,16/10/2005,Besiktas,Kayserispor,D,1.4,3.75,7.0,1.45,3.85,6.05,2005/6,€69.65m,€23.43m
T1,16/10/2005,Denizlispor,Manisaspor,D,2.1,3.2,3.0,2.05,3.25,3.15,2005/6,€29.21m,€22.87m
T1,16/10/2005,Genclerbirligi,Sivasspor,A,2.0,3.2,3.2,2.05,3.25,3.15,2005/6,€25.68m,€21.15m
T1,16/10/2005,Rizespor,Malatyaspor,H,2.0,3.2,3.2,1.9,3.35,3.45,2005/6,€17.42m,€25.08m
T1,16/10/2005,Samsunspor,Trabzonspor,H,3.6,3.4,1.8,3.95,3.45,1.75,2005/6,€25.79m,€64.14m
T1,21/10/2005,Trabzonspor,Erciyesspor,D,1.72,3.25,4.33,1.7,3.5,4.2,2005/6,€64.14m,€22.76m
T1,22/10/2005,Ankaragucu,Ankaraspor,H,2.4,3.2,2.6,2.45,3.2,2.55,2005/6,€27.16m,€32.53m
T1,22/10/2005,Galatasaray,Denizlispor,D,1.16,5.5,13.0,1.12,7.0,13.0,2005/6,€64.95m,€29.21m
T1,22/10/2005,Kayserispor,Samsunspor,H,1.66,3.4,4.5,1.65,3.5,4.5,2005/6,€23.43m,€25.79m
T1,23/10/2005,Gaziantepspor,Rizespor,D,1.66,3.4,4.5,1.6,3.5,4.9,2005/6,€32.20m,€17.42m
T1,23/10/2005,Konyaspor,Besiktas,A,3.25,3.25,2.0,3.45,3.35,1.9,2005/6,€28.52m,€69.65m
T1,23/10/2005,Malatyaspor,Fenerbahce,A,6.5,3.75,1.44,7.0,3.9,1.4,2005/6,€25.08m,€73.00m
T1,23/10/2005,Manisaspor,Genclerbirligi,A,2.2,3.2,2.87,2.0,3.3,3.25,2005/6,€22.87m,€25.68m
T1,23/10/2005,Sivasspor,Diyarbakirspor,H,1.66,3.4,4.5,1.65,3.5,4.5,2005/6,€21.15m,€21.98m
T1,28/10/2005,Denizlispor,Trabzonspor,A,2.87,3.25,2.15,3.15,3.25,2.05,2005/6,€29.21m,€64.14m
T1,29/10/2005,Ankaraspor,Malatyaspor,A,1.72,3.2,4.33,1.6,3.5,4.9,2005/6,€32.53m,€25.08m
T1,29/10/2005,Fenerbahce,Gaziantepspor,H,1.25,4.5,10.0,1.2,5.5,10.5,2005/6,€73.00m,€32.20m
T1,30/10/2005,Besiktas,Ankaragucu,H,1.44,3.5,7.0,1.4,3.9,7.0,2005/6,€69.65m,€27.16m
T1,30/10/2005,Diyarbakirspor,Manisaspor,A,2.1,3.2,3.0,2.1,3.15,3.15,2005/6,€21.98m,€22.87m
T1,30/10/2005,Genclerbirligi,Galatasaray,H,5.0,3.5,1.57,5.5,3.5,1.55,2005/6,€25.68m,€64.95m
T1,30/10/2005,Kayserispor,Konyaspor,H,1.8,3.2,4.0,1.75,3.4,4.0,2005/6,€23.43m,€28.52m
T1,30/10/2005,Rizespor,Sivasspor,H,2.5,3.1,2.5,2.65,3.25,2.35,2005/6,€17.42m,€21.15m
T1,30/10/2005,Samsunspor,Erciyesspor,D,2.5,3.1,2.5,2.5,3.2,2.5,2005/6,€25.79m,€22.76m
T1,04/11/2005,Galatasaray,Diyarbakirspor,H,1.2,5.5,11.0,1.12,7.0,13.0,2005/6,€64.95m,€21.98m
T1,05/11/2005,Erciyesspor,Denizlispor,H,1.72,3.4,4.33,1.65,3.5,4.5,2005/6,€22.76m,€29.21m
T1,05/11/2005,Gaziantepspor,Ankaraspor,D,1.8,3.3,4.0,1.7,3.3,4.5,2005/6,€32.20m,€32.53m
T1,05/11/2005,Trabzonspor,Genclerbirligi,D,1.8,3.3,4.0,1.7,3.3,4.5,2005/6,€64.14m,€25.68m
T1,06/11/2005,Ankaragucu,Kayserispor,H,2.3,3.25,2.75,2.15,3.2,3.0,2005/6,€27.16m,€23.43m
T1,06/11/2005,Konyaspor,Samsunspor,H,1.8,3.3,4.0,1.9,3.35,3.45,2005/6,€28.52m,€25.79m
T1,06/11/2005,Malatyaspor,Besiktas,D,4.5,3.5,1.66,5.0,3.45,1.6,2005/6,€25.08m,€69.65m
T1,06/11/2005,Manisaspor,Rizespor,D,2.1,3.2,3.1,2.15,3.2,3.0,2005/6,€22.87m,€17.42m
T1,06/11/2005,Sivasspor,Fenerbahce,A,4.33,3.4,1.72,4.5,3.3,1.7,2005/6,€21.15m,€73.00m
T1,19/11/2005,Diyarbakirspor,Trabzonspor,H,3.2,3.3,2.0,3.6,3.4,1.85,2005/6,€21.98m,€64.14m
T1,19/11/2005,Fenerbahce,Manisaspor,H,1.2,5.5,10.0,1.14,6.5,12.0,2005/6,€73.00m,€22.87m
T1,19/11/2005,Genclerbirligi,Erciyesspor,H,2.2,3.2,2.87,2.1,3.15,3.15,2005/6,€25.68m,€22.76m
T1,19/11/2005,Samsunspor,Denizlispor,A,2.0,3.25,3.25,1.85,3.4,3.6,2005/6,€25.79m,€29.21m
T1,20/11/2005,Ankaraspor,Sivasspor,D,2.2,3.1,3.0,2.25,3.2,2.8,2005/6,€32.53m,€21.15m
T1,20/11/2005,Besiktas,Gaziantepspor,A,1.53,3.5,5.5,1.45,3.85,6.05,2005/6,€69.65m,€32.20m
T1,20/11/2005,Kayserispor,Malatyaspor,H,1.5,3.5,6.0,1.5,3.6,6.0,2005/6,€23.43m,€25.08m
T1,20/11/2005,Konyaspor,Ankaragucu,H,1.9,3.3,3.5,1.9,3.2,3.6,2005/6,€28.52m,€27.16m
T1,20/11/2005,Rizespor,Galatasaray,A,5.0,3.2,1.66,5.5,3.5,1.55,2005/6,€17.42m,€64.95m
T1,25/11/2005,Trabzonspor,Rizespor,H,1.57,3.4,5.5,1.55,3.5,5.5,2005/6,€64.14m,€17.42m
T1,26/11/2005,Malatyaspor,Konyaspor,H,2.4,3.2,2.6,2.45,3.2,2.55,2005/6,€25.08m,€28.52m
T1,26/11/2005,Manisaspor,Ankaraspor,H,2.2,3.2,2.87,2.15,3.25,2.95,2005/6,€22.87m,€32.53m
T1,26/11/2005,Sivasspor,Besiktas,A,2.6,3.2,2.4,2.85,3.15,2.25,2005/6,€21.15m,€69.65m
T1,27/11/2005,Ankaragucu,Samsunspor,D,1.83,3.4,3.6,1.85,3.4,3.6,2005/6,€27.16m,€25.79m
T1,27/11/2005,Denizlispor,Genclerbirligi,A,2.5,3.2,2.5,2.55,3.2,2.45,2005/6,€29.21m,€25.68m
T1,27/11/2005,Erciyesspor,Diyarbakirspor,A,1.72,3.2,4.5,1.7,3.3,4.5,2005/6,€22.76m,€21.98m
T1,27/11/2005,Galatasaray,Fenerbahce,A,2.37,3.2,2.62,2.45,3.2,2.55,2005/6,€64.95m,€73.00m
T1,27/11/2005,Gaziantepspor,Kayserispor,A,2.1,3.1,3.2,2.05,3.3,3.1,2005/6,€32.20m,€23.43m
T1,02/12/2005,Fenerbahce,Trabzonspor,D,1.4,3.75,7.5,1.4,3.9,7.0,2005/6,€73.00m,€64.14m
T1,03/12/2005,Ankaraspor,Galatasaray,A,5.0,3.4,1.61,4.5,3.5,1.65,2005/6,€32.53m,€64.95m
T1,03/12/2005,Konyaspor,Gaziantepspor,H,2.15,3.2,3.0,2.15,3.2,3.0,2005/6,€28.52m,€32.20m
T1,03/12/2005,Rizespor,Erciyesspor,D,2.3,3.2,2.75,2.35,3.25,2.65,2005/6,€17.42m,€22.76m
T1,04/12/2005,Besiktas,Manisaspor,H,1.4,3.75,7.5,1.35,4.35,7.0,2005/6,€69.65m,€22.87m
T1,04/12/2005,Diyarbakirspor,Denizlispor,H,2.0,3.25,3.25,1.9,3.35,3.45,2005/6,€21.98m,€29.21m
T1,04/12/2005,Genclerbirligi,Samsunspor,A,1.61,3.4,5.0,1.65,3.5,4.5,2005/6,€25.68m,€25.79m
T1,04/12/2005,Kayserispor,Sivasspor,D,1.9,3.25,3.5,1.85,3.4,3.6,2005/6,€23.43m,€21.15m
T1,05/12/2005,Malatyaspor,Ankaragucu,D,2.3,3.2,2.75,2.25,3.1,2.9,2005/6,€25.08m,€27.16m
T1,09/12/2005,Manisaspor,Kayserispor,H,2.5,3.2,2.4,2.6,3.2,2.4,2005/6,€22.87m,€23.43m
T1,10/12/2005,Denizlispor,Rizespor,H,2.1,3.2,3.0,2.25,3.2,2.8,2005/6,€29.21m,€17.42m
T1,10/12/2005,Galatasaray,Besiktas,H,1.8,3.4,3.6,1.75,3.45,3.95,2005/6,€64.95m,€69.65m
T1,10/12/2005,Gaziantepspor,Ankaragucu,D,1.9,3.25,3.4,1.75,3.45,3.95,2005/6,€32.20m,€27.16m
T1,11/12/2005,Erciyesspor,Fenerbahce,A,4.33,3.4,1.66,5.0,3.45,1.6,2005/6,€22.76m,€73.00m
T1,11/12/2005,Genclerbirligi,Diyarbakirspor,H,1.72,3.2,4.33,1.7,3.3,4.5,2005/6,€25.68m,€21.98m
T1,11/12/2005,Samsunspor,Malatyaspor,A,2.0,3.2,3.2,1.85,3.4,3.6,2005/6,€25.79m,€25.08m
T1,11/12/2005,Sivasspor,Konyaspor,D,1.9,3.25,3.4,1.85,3.3,3.6,2005/6,€21.15m,€28.52m
T1,11/12/2005,Trabzonspor,Ankaraspor,A,1.5,3.6,5.5,1.45,3.85,6.05,2005/6,€64.14m,€32.53m
T1,16/12/2005,Kayserispor,Galatasaray,A,4.0,3.25,1.8,4.0,3.45,1.75,2005/6,€23.43m,€64.95m
T1,17/12/2005,Ankaragucu,Sivasspor,D,2.1,3.25,3.0,2.15,3.2,3.0,2005/6,€27.16m,€21.15m
T1,17/12/2005,Fenerbahce,Denizlispor,H,1.2,5.5,9.5,1.12,7.0,13.0,2005/6,€73.00m,€29.21m
T1,17/12/2005,Malatyaspor,Gaziantepspor,H,2.5,3.2,2.5,2.6,3.2,2.4,2005/6,€25.08m,€32.20m
T1,18/12/2005,Ankaraspor,Erciyesspor,D,2.25,3.2,2.8,2.3,3.25,2.7,2005/6,€32.53m,€22.76m
T1,18/12/2005,Besiktas,Trabzonspor,A,1.66,3.4,4.5,1.65,3.5,4.5,2005/6,€69.65m,€64.14m
T1,18/12/2005,Diyarbakirspor,Samsunspor,D,2.0,3.25,3.25,1.95,3.3,3.35,2005/6,€21.98m,€25.79m
T1,18/12/2005,Konyaspor,Manisaspor,D,1.8,3.4,3.75,1.85,3.4,3.6,2005/6,€28.52m,€22.87m
T1,18/12/2005,Rizespor,Genclerbirligi,D,2.5,3.3,2.4,2.65,3.25,2.35,2005/6,€17.42m,€25.68m
T1,20/01/2006,Fenerbahce,Genclerbirligi,H,1.28,4.33,9.5,1.25,4.8,9.5,2005/6,€73.00m,€25.68m
T1,21/01/2006,Ankaragucu,Manisaspor,A,2.0,3.25,3.25,2.0,3.25,3.3,2005/6,€27.16m,€22.87m
T1,21/01/2006,Besiktas,Erciyesspor,D,1.5,3.4,6.5,1.46,3.75,6.35,2005/6,€69.65m,€22.76m
T1,21/01/2006,Gaziantepspor,Samsunspor,A,1.72,3.25,4.33,1.7,3.4,4.35,2005/6,€32.20m,€25.79m
T1,22/01/2006,Ankaraspor,Denizlispor,A,2.0,3.25,3.25,1.9,3.35,3.45,2005/6,€32.53m,€29.21m
T1,22/01/2006,Kayserispor,Trabzonspor,H,2.62,3.2,2.37,2.45,3.3,2.5,2005/6,€23.43m,€64.14m
T1,22/01/2006,Konyaspor,Galatasaray,A,5.5,3.2,1.61,5.0,3.5,1.6,2005/6,€28.52m,€64.95m
T1,22/01/2006,Malatyaspor,Sivasspor,D,2.4,3.2,2.6,2.35,3.2,2.7,2005/6,€25.08m,€21.15m
T1,22/01/2006,Rizespor,Diyarbakirspor,H,2.1,3.2,3.1,2.0,3.3,3.25,2005/6,€17.42m,€21.98m
T1,03/02/2006,Fenerbahce,Rizespor,D,1.16,5.5,13.0,1.12,7.0,13.0,2005/6,€73.00m,€17.42m
T1,04/02/2006,Ankaraspor,Diyarbakirspor,D,2.0,3.25,3.25,2.15,3.2,3.0,2005/6,€32.53m,€21.98m
T1,04/02/2006,Besiktas,Genclerbirligi,H,1.61,3.4,5.0,1.45,3.85,6.05,2005/6,€69.65m,€25.68m
T1,04/02/2006,Kayserispor,Denizlispor,D,1.66,3.4,4.5,1.5,3.6,6.0,2005/6,€23.43m,€29.21m
T1,05/02/2006,Ankaragucu,Trabzonspor,A,2.62,3.2,2.37,2.8,3.2,2.25,2005/6,€27.16m,€64.14m
T1,05/02/2006,Gaziantepspor,Manisaspor,D,2.2,3.25,2.8,2.25,3.2,2.8,2005/6,€32.20m,€22.87m
T1,05/02/2006,Konyaspor,Erciyesspor,H,2.0,3.25,3.25,2.15,3.2,3.0,2005/6,€28.52m,€22.76m
T1,05/02/2006,Malatyaspor,Galatasaray,D,4.5,3.4,1.66,5.35,3.85,1.5,2005/6,€25.08m,€64.95m
T1,05/02/2006,Sivasspor,Samsunspor,A,1.8,3.25,4.0,1.7,3.3,4.5,2005/6,€21.15m,€25.79m
T1,10/02/2006,Diyarbakirspor,Besiktas,A,4.0,3.25,1.8,4.5,3.3,1.7,2005/6,€21.98m,€69.65m
T1,11/02/2006,Erciyesspor,Ankaragucu,A,1.9,3.25,3.5,1.9,3.35,3.45,2005/6,€22.76m,€27.16m
T1,11/02/2006,Manisaspor,Sivasspor,H,2.0,3.25,3.25,1.95,3.3,3.35,2005/6,€22.87m,€21.15m
T1,11/02/2006,Samsunspor,Fenerbahce,A,5.0,3.6,1.57,6.0,3.6,1.5,2005/6,€25.79m,€73.00m
T1,12/02/2006,Denizlispor,Konyaspor,H,2.2,3.2,2.87,2.35,3.25,2.65,2005/6,€29.21m,€28.52m
T1,12/02/2006,Genclerbirligi,Kayserispor,H,2.1,3.25,3.0,2.05,3.3,3.1,2005/6,€25.68m,€23.43m
T1,12/02/2006,Rizespor,Ankaraspor,D,2.0,3.25,3.25,1.95,3.3,3.35,2005/6,€17.42m,€32.53m
T1,12/02/2006,Trabzonspor,Malatyaspor,H,1.61,3.4,5.0,1.6,3.5,4.9,2005/6,€64.14m,€25.08m
T1,17/02/2006,Besiktas,Rizespor,A,1.4,3.75,7.0,1.3,4.5,8.75,2005/6,€69.65m,€17.42m
T1,18/02/2006,Ankaraspor,Fenerbahce,H,6.5,3.75,1.44,6.05,3.85,1.45,2005/6,€32.53m,€73.00m
T1,19/02/2006,Ankaragucu,Denizlispor,D,2.1,3.2,3.1,2.0,3.3,3.25,2005/6,€27.16m,€29.21m
T1,19/02/2006,Gaziantepspor,Trabzonspor,A,2.87,3.2,2.2,3.0,3.2,2.15,2005/6,€32.20m,€64.14m
T1,19/02/2006,Kayserispor,Diyarbakirspor,H,1.57,3.4,5.5,1.45,3.85,6.05,2005/6,€23.43m,€21.98m
T1,19/02/2006,Konyaspor,Genclerbirligi,A,2.1,3.2,3.1,2.0,3.3,3.25,2005/6,€28.52m,€25.68m
T1,19/02/2006,Malatyaspor,Erciyesspor,D,2.1,3.2,3.1,2.25,3.2,2.8,2005/6,€25.08m,€22.76m
T1,19/02/2006,Manisaspor,Samsunspor,H,1.8,3.1,4.2,1.85,3.4,3.6,2005/6,€22.87m,€25.79m
T1,19/02/2006,Sivasspor,Galatasaray,D,4.5,3.4,1.66,5.0,3.5,1.6,2005/6,€21.15m,€64.95m
T1,25/02/2006,Erciyesspor,Gaziantepspor,H,2.1,3.25,3.0,2.15,3.2,3.0,2005/6,€22.76m,€32.20m
T1,25/02/2006,Galatasaray,Manisaspor,H,1.28,4.5,8.5,1.3,4.5,8.25,2005/6,€64.95m,€22.87m
T1,26/02/2006,Denizlispor,Malatyaspor,H,1.9,3.25,3.5,1.9,3.35,3.45,2005/6,€29.21m,€25.08m
T1,26/02/2006,Diyarbakirspor,Konyaspor,A,2.37,3.2,2.62,2.5,3.2,2.5,2005/6,€21.98m,€28.52m
T1,26/02/2006,Fenerbahce,Besiktas,D,1.66,3.4,4.5,1.65,3.5,4.5,2005/6,€73.00m,€69.65m
T1,26/02/2006,Genclerbirligi,Ankaragucu,D,1.83,3.25,3.75,1.75,3.45,3.95,2005/6,€25.68m,€27.16m
T1,26/02/2006,Rizespor,Kayserispor,D,2.37,3.2,2.62,2.45,3.2,2.55,2005/6,€17.42m,€23.43m
T1,26/02/2006,Samsunspor,Ankaraspor,A,2.2,3.2,2.87,2.15,3.2,3.0,2005/6,€25.79m,€32.53m
T1,26/02/2006,Trabzonspor,Sivasspor,D,1.57,3.6,5.0,1.55,3.5,5.5,2005/6,€64.14m,€21.15m
T1,04/03/2006,Galatasaray,Samsunspor,H,1.2,5.0,13.0,1.12,7.0,13.0,2005/6,€64.95m,€25.79m
T1,04/03/2006,Manisaspor,Trabzonspor,A,2.5,3.2,2.5,2.65,3.15,2.4,2005/6,€22.87m,€64.14m
T1,05/03/2006,Ankaragucu,Diyarbakirspor,H,1.8,3.2,4.0,1.75,3.3,4.2,2005/6,€27.16m,€21.98m
T1,05/03/2006,Besiktas,Ankaraspor,H,1.4,3.75,7.5,1.4,3.9,7.0,2005/6,€69.65m,€32.53m
T1,05/03/2006,Gaziantepspor,Denizlispor,H,2.3,3.1,2.8,2.25,3.2,2.8,2005/6,€32.20m,€29.21m
T1,05/03/2006,Kayserispor,Fenerbahce,H,4.0,3.25,1.8,3.8,3.4,1.8,2005/6,€23.43m,€73.00m
T1,05/03/2006,Konyaspor,Rizespor,H,1.9,3.2,3.6,1.8,3.35,3.85,2005/6,€28.52m,€17.42m
T1,05/03/2006,Malatyaspor,Genclerbirligi,A,2.6,3.0,2.5,2.7,3.15,2.35,2005/6,€25.08m,€25.68m
T1,05/03/2006,Sivasspor,Erciyesspor,H,2.0,3.2,3.3,2.05,3.3,3.1,2005/6,€21.15m,€22.76m
T1,10/03/2006,Erciyesspor,Manisaspor,H,2.25,3.25,2.75,2.15,3.2,3.0,2005/6,€22.76m,€22.87m
T1,11/03/2006,Fenerbahce,Konyaspor,H,1.25,4.5,11.0,1.2,5.5,10.5,2005/6,€73.00m,€28.52m
T1,11/03/2006,Genclerbirligi,Gaziantepspor,H,1.66,3.4,4.5,1.65,3.5,4.5,2005/6,€25.68m,€32.20m
T1,11/03/2006,Rizespor,Ankaragucu,H,2.1,3.2,3.1,2.15,3.2,3.0,2005/6,€17.42m,€27.16m
T1,12/03/2006,Ankaraspor,Kayserispor,A,2.4,3.2,2.6,2.25,3.2,2.8,2005/6,€32.53m,€23.43m
T1,12/03/2006,Denizlispor,Sivasspor,H,2.0,3.2,3.3,1.95,3.3,3.35,2005/6,€29.21m,€21.15m
T1,12/03/2006,Diyarbakirspor,Malatyaspor,H,2.4,3.1,2.7,2.4,3.3,2.55,2005/6,€21.98m,€25.08m
T1,12/03/2006,Samsunspor,Besiktas,A,4.2,3.4,1.72,4.5,3.3,1.7,2005/6,€25.79m,€69.65m
T1,12/03/2006,Trabzonspor,Galatasaray,D,3.1,3.2,2.1,3.25,3.3,2.0,2005/6,€64.14m,€64.95m
T1,17/03/2006,Kayserispor,Besiktas,A,2.62,3.2,2.37,2.85,3.15,2.25,2005/6,€23.43m,€69.65m
T1,18/03/2006,Ankaragucu,Fenerbahce,A,5.0,3.6,1.57,5.3,3.6,1.55,2005/6,€27.16m,€73.00m
T1,18/03/2006,Manisaspor,Denizlispor,H,2.0,3.4,3.25,1.9,3.35,3.5,2005/6,€22.87m,€29.21m
T1,19/03/2006,Galatasaray,Erciyesspor,H,1.2,5.5,10.0,1.25,4.8,9.5,2005/6,€64.95m,€22.76m
T1,19/03/2006,Gaziantepspor,Diyarbakirspor,H,1.8,3.25,4.0,1.75,3.3,4.2,2005/6,€32.20m,€21.98m
T1,19/03/2006,Konyaspor,Ankaraspor,D,1.83,3.25,3.75,1.75,3.3,4.2,2005/6,€28.52m,€32.53m
T1,19/03/2006,Malatyaspor,Rizespor,H,2.0,3.25,3.2,2.15,3.2,3.0,2005/6,€25.08m,€17.42m
T1,19/03/2006,Sivasspor,Genclerbirligi,H,2.3,3.2,2.7,2.25,3.2,2.8,2005/6,€21.15m,€25.68m
T1,19/03/2006,Trabzonspor,Samsunspor,H,1.4,4.0,6.5,1.35,4.35,7.0,2005/6,€64.14m,€25.79m
T1,24/03/2006,Besiktas,Konyaspor,A,1.4,3.75,7.0,1.35,4.35,7.0,2005/6,€69.65m,€28.52m
T1,25/03/2006,Denizlispor,Galatasaray,A,4.33,3.4,1.66,4.5,3.5,1.65,2005/6,€29.21m,€64.95m
T1,25/03/2006,Diyarbakirspor,Sivasspor,D,2.37,3.2,2.62,2.15,3.2,3.0,2005/6,€21.98m,€21.15m
T1,25/03/2006,Genclerbirligi,Manisaspor,H,1.83,3.25,3.75,1.8,3.35,3.85,2005/6,€25.68m,€22.87m
T1,26/03/2006,Ankaraspor,Ankaragucu,A,2.3,3.1,2.7,2.25,3.2,2.8,2005/6,€32.53m,€27.16m
T1,26/03/2006,Erciyesspor,Trabzonspor,H,2.75,3.25,2.25,2.8,3.2,2.25,2005/6,€22.76m,€64.14m
T1,26/03/2006,Fenerbahce,Malatyaspor,H,1.2,5.5,10.0,1.16,5.9,12.0,2005/6,€73.00m,€25.08m
T1,26/03/2006,Rizespor,Gaziantepspor,D,2.1,3.2,3.0,2.15,3.2,3.0,2005/6,€17.42m,€32.20m
T1,26/03/2006,Samsunspor,Kayserispor,D,2.62,3.25,2.37,2.6,3.15,2.45,2005/6,€25.79m,€23.43m
T1,29/03/2006,Denizlispor,Besiktas,D,3.25,3.25,2.0,3.85,3.35,1.8,2005/6,€29.21m,€69.65m
T1,29/03/2006,Erciyesspor,Kayserispor,D,2.62,3.2,2.37,2.5,3.3,2.45,2005/6,€22.76m,€23.43m
T1,29/03/2006,Galatasaray,Ankaragucu,H,1.16,6.0,11.0,1.12,7.0,13.0,2005/6,€64.95m,€27.16m
T1,29/03/2006,Genclerbirligi,Ankaraspor,H,1.66,3.4,4.5,1.7,3.3,4.5,2005/6,€25.68m,€32.53m
T1,29/03/2006,Manisaspor,Malatyaspor,H,1.8,3.25,4.0,1.7,3.3,4.5,2005/6,€22.87m,€25.08m
T1,29/03/2006,Samsunspor,Rizespor,D,2.2,3.25,2.8,2.15,3.2,3.0,2005/6,€25.79m,€17.42m
T1,29/03/2006,Sivasspor,Gaziantepspor,D,1.9,3.25,3.5,1.9,3.35,3.45,2005/6,€21.15m,€32.20m
T1,30/03/2006,Diyarbakirspor,Fenerbahce,A,6.5,3.75,1.44,9.5,4.8,1.25,2005/6,€21.98m,€73.00m
T1,30/03/2006,Trabzonspor,Konyaspor,A,1.5,3.75,5.5,1.4,3.9,7.0,2005/6,€64.14m,€28.52m
T1,01/04/2006,Ankaragucu,Besiktas,A,3.4,3.25,1.9,3.85,3.35,1.8,2005/6,€27.16m,€69.65m
T1,01/04/2006,Galatasaray,Genclerbirligi,H,1.3,4.33,8.5,1.25,4.8,9.5,2005/6,€64.95m,€25.68m
T1,02/04/2006,Erciyesspor,Samsunspor,D,1.72,3.25,4.33,1.7,3.3,4.5,2005/6,€22.76m,€25.79m
T1,02/04/2006,Gaziantepspor,Fenerbahce,A,6.0,3.5,1.5,7.0,4.35,1.35,2005/6,€32.20m,€73.00m
T1,02/04/2006,Konyaspor,Kayserispor,H,2.4,3.2,2.6,2.25,3.2,2.8,2005/6,€28.52m,€23.43m
T1,02/04/2006,Malatyaspor,Ankaraspor,A,2.0,3.25,3.25,2.15,3.2,3.0,2005/6,€25.08m,€32.53m
T1,02/04/2006,Manisaspor,Diyarbakirspor,A,1.66,3.4,4.5,1.65,3.5,4.5,2005/6,€22.87m,€21.98m
T1,02/04/2006,Sivasspor,Rizespor,A,1.9,3.25,3.5,1.8,3.35,3.85,2005/6,€21.15m,€17.42m
T1,02/04/2006,Trabzonspor,Denizlispor,H,1.5,3.75,5.5,1.4,3.9,7.0,2005/6,€64.14m,€29.21m
T1,07/04/2006,Diyarbakirspor,Galatasaray,A,7.5,4.5,1.28,8.25,4.5,1.3,2005/6,€21.98m,€64.95m
T1,08/04/2006,Ankaraspor,Gaziantepspor,H,2.1,3.2,3.1,2.15,3.2,3.0,2005/6,€32.53m,€32.20m
T1,08/04/2006,Besiktas,Malatyaspor,D,1.33,4.2,8.0,1.25,4.8,9.5,2005/6,€69.65m,€25.08m
T1,09/04/2006,Denizlispor,Erciyesspor,D,1.9,3.2,3.6,1.85,3.35,3.65,2005/6,€29.21m,€22.76m
T1,09/04/2006,Fenerbahce,Sivasspor,H,1.16,5.5,13.0,1.12,7.0,13.0,2005/6,€73.00m,€21.15m
T1,09/04/2006,Genclerbirligi,Trabzonspor,H,2.3,3.2,2.7,2.35,3.25,2.65,2005/6,€25.68m,€64.14m
T1,09/04/2006,Kayserispor,Ankaragucu,A,1.61,3.4,5.0,1.6,3.5,4.9,2005/6,€23.43m,€27.16m
T1,09/04/2006,Rizespor,Manisaspor,H,2.2,3.2,2.9,2.15,3.2,3.0,2005/6,€17.42m,€22.87m
T1,09/04/2006,Samsunspor,Konyaspor,D,2.2,3.2,2.87,2.25,3.2,2.8,2005/6,€25.79m,€28.52m
T1,15/04/2006,Denizlispor,Samsunspor,A,1.72,3.2,4.33,1.6,3.5,4.9,2005/6,€29.21m,€25.79m
T1,15/04/2006,Malatyaspor,Kayserispor,H,2.25,3.2,2.8,2.15,3.2,3.0,2005/6,€25.08m,€23.43m
T1,15/04/2006,Manisaspor,Fenerbahce,H,6.5,3.75,1.4,8.5,4.45,1.3,2005/6,€22.87m,€73.00m
T1,16/04/2006,Ankaragucu,Konyaspor,H,2.1,3.2,3.0,2.25,3.2,2.8,2005/6,€27.16m,€28.52m
T1,16/04/2006,Erciyesspor,Genclerbirligi,H,2.6,3.2,2.37,2.65,3.25,2.35,2005/6,€22.76m,€25.68m
T1,16/04/2006,Galatasaray,Rizespor,H,1.14,6.0,13.0,1.12,7.0,13.0,2005/6,€64.95m,€17.42m
T1,16/04/2006,Gaziantepspor,Besiktas,D,3.2,3.2,2.0,3.45,3.35,1.9,2005/6,€32.20m,€69.65m
T1,16/04/2006,Sivasspor,Ankaraspor,D,2.25,3.0,2.87,2.15,3.2,3.0,2005/6,€21.15m,€32.53m
T1,16/04/2006,Trabzonspor,Diyarbakirspor,H,1.4,4.0,6.5,1.4,3.9,7.0,2005/6,€64.14m,€21.98m
T1,22/04/2006,Ankaraspor,Manisaspor,H,2.0,3.2,3.2,1.9,3.35,3.45,2005/6,€32.53m,€22.87m
T1,22/04/2006,Fenerbahce,Galatasaray,H,2.1,3.2,3.0,1.95,3.3,3.4,2005/6,€73.00m,€64.95m
T1,23/04/2006,Besiktas,Sivasspor,A,1.4,3.75,7.0,1.35,4.35,7.0,2005/6,€69.65m,€21.15m
T1,23/04/2006,Diyarbakirspor,Erciyesspor,H,2.1,3.2,3.0,1.95,3.3,3.35,2005/6,€21.98m,€22.76m
T1,23/04/2006,Genclerbirligi,Denizlispor,D,1.66,3.4,4.33,1.6,3.5,4.9,2005/6,€25.68m,€29.21m
T1,23/04/2006,Kayserispor,Gaziantepspor,A,1.72,3.4,4.0,1.7,3.3,4.5,2005/6,€23.43m,€32.20m
T1,23/04/2006,Konyaspor,Malatyaspor,A,1.9,3.25,3.4,1.85,3.4,3.6,2005/6,€28.52m,€25.08m
T1,23/04/2006,Rizespor,Trabzonspor,A,2.75,3.25,2.2,3.0,3.2,2.15,2005/6,€17.42m,€64.14m
T1,23/04/2006,Samsunspor,Ankaragucu,H,1.9,3.25,3.4,1.9,3.35,3.45,2005/6,€25.79m,€27.16m
T1,28/04/2006,Manisaspor,Besiktas,A,3.25,3.25,2.0,3.35,3.45,1.9,2005/6,€22.87m,€69.65m
T1,29/04/2006,Ankaragucu,Malatyaspor,A,2.25,3.25,2.75,2.25,3.2,2.8,2005/6,€27.16m,€25.08m
T1,29/04/2006,Denizlispor,Diyarbakirspor,H,1.83,3.25,3.75,1.8,3.35,3.85,2005/6,€29.21m,€21.98m
T1,29/04/2006,Erciyesspor,Rizespor,A,2.3,3.2,2.7,2.25,3.2,2.8,2005/6,€22.76m,€17.42m
T1,29/04/2006,Galatasaray,Ankaraspor,H,1.12,6.5,12.0,1.1,7.5,14.0,2005/6,€64.95m,€32.53m
T1,29/04/2006,Gaziantepspor,Konyaspor,H,1.61,3.4,5.0,1.55,3.5,5.5,2005/6,€32.20m,€28.52m
T1,29/04/2006,Samsunspor,Genclerbirligi,H,2.3,3.2,2.7,2.15,3.2,3.0,2005/6,€25.79m,€25.68m
T1,29/04/2006,Trabzonspor,Fenerbahce,A,4.2,3.3,1.72,4.85,3.55,1.6,2005/6,€64.14m,€73.00m
T1,30/04/2006,Sivasspor,Kayserispor,A,2.2,3.2,2.87,2.25,3.2,2.8,2005/6,€21.15m,€23.43m
T1,06/05/2006,Ankaraspor,Trabzonspor,A,3.25,3.25,2.0,3.2,3.35,2.0,2005/6,€32.53m,€64.14m
T1,06/05/2006,Diyarbakirspor,Genclerbirligi,A,2.37,3.4,2.5,2.75,3.25,2.3,2005/6,€21.98m,€25.68m
T1,06/05/2006,Kayserispor,Manisaspor,H,1.44,3.75,6.5,1.5,3.6,6.0,2005/6,€23.43m,€22.87m
T1,06/05/2006,Malatyaspor,Samsunspor,H,2.1,3.25,3.0,2.15,3.2,3.0,2005/6,€25.08m,€25.79m
T1,06/05/2006,Rizespor,Denizlispor,A,3.4,3.3,1.9,3.25,3.4,1.95,2005/6,€17.42m,€29.21m
T1,07/05/2006,Ankaragucu,Gaziantepspor,H,2.25,2.87,3.1,2.35,2.85,3.0,2005/6,€27.16m,€32.20m
T1,07/05/2006,Besiktas,Galatasaray,A,4.0,3.5,1.72,4.6,3.45,1.65,2005/6,€69.65m,€64.95m
T1,07/05/2006,Fenerbahce,Erciyesspor,H,1.08,7.5,17.0,1.08,7.75,17.0,2005/6,€73.00m,€22.76m
T1,07/05/2006,Konyaspor,Sivasspor,H,2.0,3.25,3.25,1.9,3.35,3.45,2005/6,€28.52m,€21.15m
T1,13/05/2006,Sivasspor,Ankaragucu,H,2.1,3.2,3.0,2.1,3.3,3.0,2005/6,€21.15m,€27.16m
T1,14/05/2006,Denizlispor,Fenerbahce,D,7.0,4.0,1.36,9.0,5.0,1.25,2005/6,€29.21m,€73.00m
T1,14/05/2006,Erciyesspor,Ankaraspor,A,4.2,3.25,1.72,4.1,3.4,1.75,2005/6,€22.76m,€32.53m
T1,14/05/2006,Galatasaray,Kayserispor,H,1.16,5.5,11.0,1.18,5.75,11.0,2005/6,€64.95m,€23.43m
T1,14/05/2006,Gaziantepspor,Malatyaspor,H,2.1,3.2,3.0,3.3,2.1,3.0,2005/6,€32.20m,€25.08m
T1,14/05/2006,Genclerbirligi,Rizespor,A,1.28,4.5,8.0,1.3,4.75,7.5,2005/6,€25.68m,€17.42m
T1,14/05/2006,Samsunspor,Diyarbakirspor,H,1.57,3.5,5.0,1.5,3.65,5.8,2005/6,€25.79m,€21.98m
T1,14/05/2006,Trabzonspor,Besiktas,A,1.83,3.4,3.5,1.8,3.4,3.8,2005/6,€64.14m,€69.65m
T1,04/08/2006,Ankaraspor,Galatasaray,D,5.0,3.5,1.57,5.75,3.7,1.5,2006/7,€39.90m,€76.88m
T1,05/08/2006,Fenerbahce,Erciyesspor,H,1.2,5.25,11.0,1.16,5.55,14.0,2006/7,€114.20m,€35.35m
T1,05/08/2006,Kayserispor,Trabzonspor,H,2.6,3.2,2.4,2.8,3.2,2.25,2006/7,€35.65m,€67.40m
T1,06/08/2006,Antalyaspor,Rizespor,D,2.25,3.2,2.8,2.3,3.25,2.7,2006/7,€25.44m,€26.00m
T1,06/08/2006,Bursaspor,Ankaragucu,D,1.83,3.25,3.75,1.85,3.35,3.65,2006/7,€29.95m,€37.79m
T1,06/08/2006,Gaziantepspor,Denizlispor,D,2.0,3.2,3.3,1.9,3.25,3.6,2006/7,€33.40m,€29.93m
T1,06/08/2006,Konyaspor,Sakaryaspor,D,1.72,3.2,4.5,1.65,3.45,4.65,2006/7,€36.45m,€36.65m
T1,06/08/2006,Manisaspor,Besiktas,H,4.0,3.25,1.8,4.25,3.45,1.7,2006/7,€37.10m,€70.07m
T1,06/08/2006,Sivasspor,Genclerbirligi,A,2.25,3.2,2.8,2.25,3.2,2.8,2006/7,€37.15m,€35.53m
T1,11/08/2006,Besiktas,Gaziantepspor,H,1.4,4.0,7.0,1.35,4.35,7.0,2006/7,€70.07m,€33.40m
T1,12/08/2006,Genclerbirligi,Fenerbahce,A,4.5,3.6,1.61,4.9,3.5,1.6,2006/7,€35.53m,€114.20m
T1,13/08/2006,Ankaragucu,Ankaraspor,D,2.37,3.2,2.62,2.35,3.25,2.65,2006/7,€37.79m,€39.90m
T1,13/08/2006,Denizlispor,Konyaspor,A,2.37,3.2,2.62,2.5,3.2,2.5,2006/7,€29.93m,€36.45m
T1,13/08/2006,Erciyesspor,Bursaspor,H,2.1,3.25,3.0,2.35,3.25,2.65,2006/7,€35.35m,€29.95m
T1,13/08/2006,Galatasaray,Kayserispor,H,1.25,5.0,9.0,1.25,4.85,9.5,2006/7,€76.88m,€35.65m
T1,13/08/2006,Rizespor,Sivasspor,D,2.1,3.25,3.0,2.15,3.2,3.0,2006/7,€26.00m,€37.15m
T1,13/08/2006,Sakaryaspor,Antalyaspor,D,2.2,3.25,2.8,2.15,3.2,3.0,2006/7,€36.65m,€25.44m
T1,13/08/2006,Trabzonspor,Manisaspor,D,1.57,3.6,5.0,1.6,3.5,4.9,2006/7,€67.40m,€37.10m
T1,19/08/2006,Ankaraspor,Erciyesspor,D,1.9,3.2,3.5,1.9,3.35,3.45,2006/7,€39.90m,€35.35m
T1,19/08/2006,Fenerbahce,Rizespor,H,1.14,6.0,12.0,1.13,6.6,13.0,2006/7,€114.20m,€26.00m
T1,19/08/2006,Manisaspor,Galatasaray,D,4.33,3.4,1.66,5.15,3.4,1.6,2006/7,€37.10m,€76.88m
T1,20/08/2006,Bursaspor,Genclerbirligi,D,2.37,3.1,2.62,2.35,3.15,2.7,2006/7,€29.95m,€35.53m
T1,20/08/2006,Denizlispor,Besiktas,A,5.5,3.5,1.53,4.8,3.35,1.65,2006/7,€29.93m,€70.07m
T1,20/08/2006,Gaziantepspor,Trabzonspor,H,2.7,3.1,2.3,3.0,3.2,2.15,2006/7,€33.40m,€67.40m
T1,20/08/2006,Kayserispor,Ankaragucu,H,1.66,3.3,4.5,1.7,3.3,4.5,2006/7,€35.65m,€37.79m
T1,20/08/2006,Konyaspor,Antalyaspor,D,1.8,3.2,4.0,1.9,3.35,3.45,2006/7,€36.45m,€25.44m
T1,20/08/2006,Sivasspor,Sakaryaspor,A,2.0,3.2,3.2,2.1,3.2,3.1,2006/7,€37.15m,€36.65m
T1,25/08/2006,Besiktas,Konyaspor,H,1.4,4.0,6.5,1.3,4.5,8.25,2006/7,€70.07m,€36.45m
T1,26/08/2006,Galatasaray,Gaziantepspor,D,1.2,5.5,10.0,1.16,5.9,12.0,2006/7,€76.88m,€33.40m
T1,26/08/2006,Genclerbirligi,Ankaraspor,H,2.1,3.25,3.0,2.0,3.3,3.25,2006/7,€35.53m,€39.90m
T1,27/08/2006,Ankaragucu,Manisaspor,A,2.25,3.25,2.75,2.25,3.2,2.8,2006/7,€37.79m,€37.10m
T1,27/08/2006,Antalyaspor,Sivasspor,A,2.0,3.25,3.25,1.85,3.4,3.6,2006/7,€25.44m,€37.15m
T1,27/08/2006,Erciyesspor,Kayserispor,A,2.75,3.1,2.3,2.8,3.2,2.25,2006/7,€35.35m,€35.65m
T1,27/08/2006,Rizespor,Bursaspor,A,2.1,3.25,3.0,2.0,3.3,3.25,2006/7,€26.00m,€29.95m
T1,27/08/2006,Sakaryaspor,Fenerbahce,H,5.5,3.5,1.53,7.0,3.9,1.4,2006/7,€36.65m,€114.20m
T1,27/08/2006,Trabzonspor,Denizlispor,H,1.5,3.75,5.5,1.45,3.85,6.05,2006/7,€67.40m,€29.93m
T1,09/09/2006,Denizlispor,Galatasaray,D,6.0,3.75,1.44,6.0,3.6,1.5,2006/7,€29.93m,€76.88m
T1,09/09/2006,Fenerbahce,Antalyaspor,H,1.14,6.0,13.0,1.13,6.6,13.0,2006/7,€114.20m,€25.44m
T1,09/09/2006,Kayserispor,Genclerbirligi,D,2.0,3.25,3.25,1.9,3.35,3.45,2006/7,€35.65m,€35.53m
T1,10/09/2006,Ankaraspor,Rizespor,H,1.9,3.25,3.5,1.85,3.4,3.6,2006/7,€39.90m,€26.00m
T1,10/09/2006,Besiktas,Trabzonspor,A,1.66,3.4,4.5,1.55,3.65,5.15,2006/7,€70.07m,€67.40m
T1,10/09/2006,Bursaspor,Sakaryaspor,H,2.2,3.2,2.87,2.2,3.3,2.8,2006/7,€29.95m,€36.65m
T1,10/09/2006,Gaziantepspor,Ankaragucu,D,1.8,3.25,4.0,1.8,3.35,3.85,2006/7,€33.40m,€37.79m
T1,10/09/2006,Konyaspor,Sivasspor,H,1.9,3.25,3.5,1.9,3.35,3.45,2006/7,€36.45m,€37.15m
T1,10/09/2006,Manisaspor,Erciyesspor,H,1.72,3.25,4.33,1.7,3.3,4.5,2006/7,€37.10m,€35.35m
T1,15/09/2006,Genclerbirligi,Manisaspor,A,2.25,3.25,2.75,2.35,3.25,2.65,2006/7,€35.53m,€37.10m
T1,16/09/2006,Ankaragucu,Denizlispor,D,2.0,3.25,3.25,2.0,3.3,3.25,2006/7,€37.79m,€29.93m
T1,16/09/2006,Antalyaspor,Bursaspor,H,2.3,3.2,2.7,2.35,3.15,2.7,2006/7,€25.44m,€29.95m
T1,16/09/2006,Sakaryaspor,Ankaraspor,D,2.1,3.25,3.0,1.95,3.3,3.35,2006/7,€36.65m,€39.90m
T1,17/09/2006,Erciyesspor,Gaziantepspor,D,2.3,3.2,2.7,2.35,3.25,2.65,2006/7,€35.35m,€33.40m
T1,17/09/2006,Galatasaray,Besiktas,H,2.0,3.25,3.25,2.0,3.3,3.25,2006/7,€76.88m,€70.07m
T1,17/09/2006,Rizespor,Kayserispor,H,2.6,3.2,2.4,2.6,3.15,2.45,2006/7,€26.00m,€35.65m
T1,17/09/2006,Sivasspor,Fenerbahce,D,6.5,4.0,1.4,7.0,3.9,1.4,2006/7,€37.15m,€114.20m
T1,17/09/2006,Trabzonspor,Konyaspor,D,1.61,3.4,5.0,1.55,3.5,5.5,2006/7,€67.40m,€36.45m
T1,22/09/2006,Konyaspor,Fenerbahce,A,5.0,3.8,1.53,5.5,3.6,1.53,2006/7,€36.45m,€114.20m
T1,23/09/2006,Trabzonspor,Galatasaray,H,2.87,3.1,2.25,3.15,3.25,2.05,2006/7,€67.40m,€76.88m
T1,24/09/2006,Ankaraspor,Antalyaspor,D,2.0,3.2,3.2,1.95,3.3,3.35,2006/7,€39.90m,€25.44m
T1,24/09/2006,Besiktas,Ankaragucu,H,1.36,4.0,7.5,1.35,4.35,7.0,2006/7,€70.07m,€37.79m
T1,24/09/2006,Bursaspor,Sivasspor,A,1.95,3.2,3.6,1.95,3.3,3.35,2006/7,€29.95m,€37.15m
T1,24/09/2006,Denizlispor,Erciyesspor,H,2.0,3.2,3.2,1.95,3.3,3.35,2006/7,€29.93m,€35.35m
T1,24/09/2006,Gaziantepspor,Genclerbirligi,H,2.2,3.2,2.8,2.25,3.2,2.8,2006/7,€33.40m,€35.53m
T1,24/09/2006,Kayserispor,Sakaryaspor,H,1.8,3.2,4.0,1.75,3.3,4.2,2006/7,€35.65m,€36.65m
T1,24/09/2006,Manisaspor,Rizespor,H,1.57,3.5,5.0,1.5,3.65,5.85,2006/7,€37.10m,€26.00m
T1,30/09/2006,Galatasaray,Konyaspor,D,1.33,4.33,7.0,1.25,4.6,10.5,2006/7,€76.88m,€36.45m
T1,30/09/2006,Genclerbirligi,Denizlispor,H,1.72,3.4,4.0,1.7,3.3,4.5,2006/7,€35.53m,€29.93m
T1,30/09/2006,Rizespor,Gaziantepspor,H,2.3,3.25,2.7,2.25,3.2,2.8,2006/7,€26.00m,€33.40m
T1,30/09/2006,Sivasspor,Ankaraspor,A,2.05,3.2,3.1,2.0,3.3,3.25,2006/7,€37.15m,€39.90m
T1,01/10/2006,Antalyaspor,Kayserispor,H,2.5,3.1,2.5,2.45,3.15,2.6,2006/7,€25.44m,€35.65m
T1,01/10/2006,Erciyesspor,Besiktas,D,4.5,3.25,1.66,4.7,3.65,1.6,2006/7,€35.35m,€70.07m
T1,01/10/2006,Fenerbahce,Bursaspor,A,1.22,5.0,9.5,1.16,5.9,12.0,2006/7,€114.20m,€29.95m
T1,01/10/2006,Sakaryaspor,Manisaspor,A,2.87,3.25,2.15,2.8,3.2,2.25,2006/7,€36.65m,€37.10m
T1,02/10/2006,Ankaragucu,Trabzonspor,D,3.2,3.2,2.0,3.45,3.4,1.9,2006/7,€37.79m,€67.40m
T1,14/10/2006,Galatasaray,Ankaragucu,D,1.25,5.0,8.0,1.16,5.9,12.0,2006/7,€76.88m,€37.79m
T1,14/10/2006,Gaziantepspor,Sakaryaspor,H,1.8,3.25,4.0,1.8,3.35,3.85,2006/7,€33.40m,€36.65m
T1,14/10/2006,Konyaspor,Bursaspor,H,1.95,3.2,3.4,2.0,3.3,3.25,2006/7,€36.45m,€29.95m
T1,14/10/2006,Trabzonspor,Erciyesspor,H,1.36,3.75,8.0,1.35,4.35,7.0,2006/7,€67.40m,€35.35m
T1,15/10/2006,Ankaraspor,Fenerbahce,D,5.5,3.4,1.57,4.9,3.5,1.6,2006/7,€39.90m,€114.20m
T1,15/10/2006,Besiktas,Genclerbirligi,H,1.5,3.5,6.0,1.45,3.7,6.5,2006/7,€70.07m,€35.53m
T1,15/10/2006,Denizlispor,Rizespor,H,2.25,3.2,2.75,2.0,3.3,3.25,2006/7,€29.93m,€26.00m
T1,15/10/2006,Kayserispor,Sivasspor,D,1.72,3.4,4.2,1.65,3.5,4.5,2006/7,€35.65m,€37.15m
T1,15/10/2006,Manisaspor,Antalyaspor,H,1.57,3.5,5.0,1.5,3.65,5.75,2006/7,€37.10m,€25.44m
T1,20/10/2006,Genclerbirligi,Trabzonspor,H,2.62,3.4,2.3,2.9,3.2,2.2,2006/7,€35.53m,€67.40m
T1,20/10/2006,Sivasspor,Manisaspor,H,3.1,3.2,2.1,3.3,3.2,2.05,2006/7,€37.15m,€37.10m
T1,21/10/2006,Bursaspor,Ankaraspor,D,2.05,3.4,3.0,2.1,3.2,3.1,2006/7,€29.95m,€39.90m
T1,21/10/2006,Erciyesspor,Galatasaray,A,5.0,3.5,1.6,4.85,3.55,1.6,2006/7,€35.35m,€76.88m
T1,21/10/2006,Sakaryaspor,Denizlispor,A,1.95,3.25,3.5,2.0,3.3,3.25,2006/7,€36.65m,€29.93m
T1,22/10/2006,Ankaragucu,Konyaspor,H,2.2,3.25,2.8,2.25,3.2,2.8,2006/7,€37.79m,€36.45m
T1,22/10/2006,Antalyaspor,Gaziantepspor,D,2.1,3.25,3.1,2.1,3.2,3.1,2006/7,€25.44m,€33.40m
T1,22/10/2006,Fenerbahce,Kayserispor,H,1.28,4.5,8.5,1.25,4.8,9.5,2006/7,€114.20m,€35.65m
T1,22/10/2006,Rizespor,Besiktas,A,4.0,3.25,1.8,4.6,3.2,1.72,2006/7,€26.00m,€70.07m
T1,28/10/2006,Galatasaray,Genclerbirligi,H,1.36,4.75,5.75,1.32,4.5,7.5,2006/7,€76.88m,€35.53m
T1,29/10/2006,Ankaragucu,Erciyesspor,H,2.05,3.25,3.1,1.8,3.35,3.85,2006/7,€37.79m,€35.35m
T1,29/10/2006,Besiktas,Sakaryaspor,D,1.33,4.5,7.0,1.2,5.25,11.0,2006/7,€70.07m,€36.65m
T1,29/10/2006,Denizlispor,Antalyaspor,D,2.15,3.25,2.9,2.05,3.2,3.25,2006/7,€29.93m,€25.44m
T1,29/10/2006,Gaziantepspor,Sivasspor,H,1.85,3.25,3.6,1.75,3.3,4.2,2006/7,€33.40m,€37.15m
T1,29/10/2006,Kayserispor,Bursaspor,H,1.75,3.3,4.0,1.75,3.3,4.2,2006/7,€35.65m,€29.95m
T1,29/10/2006,Konyaspor,Ankaraspor,D,2.15,3.25,2.9,2.0,3.3,3.25,2006/7,€36.45m,€39.90m
T1,29/10/2006,Manisaspor,Fenerbahce,A,3.25,3.25,2.0,3.85,3.35,1.8,2006/7,€37.10m,€114.20m
T1,30/10/2006,Trabzonspor,Rizespor,A,1.4,4.0,6.5,1.4,3.9,7.0,2006/7,€67.40m,€26.00m
T1,03/11/2006,Fenerbahce,Gaziantepspor,H,1.25,5.0,8.5,1.18,5.5,12.0,2006/7,€114.20m,€33.40m
T1,04/11/2006,Ankaraspor,Kayserispor,D,2.15,3.25,2.9,2.1,3.2,3.1,2006/7,€39.90m,€35.65m
T1,04/11/2006,Erciyesspor,Konyaspor,A,2.37,3.2,2.7,2.45,3.15,2.6,2006/7,€35.35m,€36.45m
T1,04/11/2006,Sakaryaspor,Trabzonspor,H,3.4,3.25,1.95,3.85,3.35,1.8,2006/7,€36.65m,€67.40m
T1,04/11/2006,Sivasspor,Denizlispor,A,1.75,3.3,4.0,1.85,3.4,3.6,2006/7,€37.15m,€29.93m
T1,05/11/2006,Antalyaspor,Besiktas,D,3.6,3.25,1.85,3.7,3.3,1.85,2006/7,€25.44m,€70.07m
T1,05/11/2006,Bursaspor,Manisaspor,H,2.5,3.2,2.45,2.8,3.2,2.25,2006/7,€29.95m,€37.10m
T1,05/11/2006,Genclerbirligi,Ankaragucu,A,2.05,3.25,3.1,1.9,3.35,3.45,2006/7,€35.53m,€37.79m
T1,05/11/2006,Rizespor,Galatasaray,H,5.25,3.5,1.57,6.0,3.6,1.5,2006/7,€26.00m,€76.88m
T1,10/11/2006,Denizlispor,Fenerbahce,D,6.5,3.8,1.44,5.5,3.7,1.51,2006/7,€29.93m,€114.20m
T1,11/11/2006,Besiktas,Sivasspor,A,1.25,5.0,8.5,1.2,5.25,11.0,2006/7,€70.07m,€37.15m
T1,12/11/2006,Ankaragucu,Rizespor,H,1.95,3.25,3.4,1.9,3.35,3.45,2006/7,€37.79m,€26.00m
T1,12/11/2006,Erciyesspor,Genclerbirligi,A,2.4,3.2,2.6,2.6,3.15,2.45,2006/7,€35.35m,€35.53m
T1,12/11/2006,Galatasaray,Sakaryaspor,H,1.25,5.0,8.5,1.2,5.25,11.0,2006/7,€76.88m,€36.65m
T1,12/11/2006,Gaziantepspor,Bursaspor,A,1.9,3.25,3.4,1.75,3.3,4.2,2006/7,€33.40m,€29.95m
T1,12/11/2006,Konyaspor,Kayserispor,D,2.1,3.25,3.0,2.1,3.2,3.1,2006/7,€36.45m,€35.65m
T1,12/11/2006,Manisaspor,Ankaraspor,A,1.75,3.3,4.0,1.65,3.5,4.5,2006/7,€37.10m,€39.90m
T1,12/11/2006,Trabzonspor,Antalyaspor,D,1.5,3.5,6.0,1.55,3.65,5.15,2006/7,€67.40m,€25.44m
T1,18/11/2006,Antalyaspor,Galatasaray,A,4.75,3.5,1.61,5.15,3.65,1.55,2006/7,€25.44m,€76.88m
T1,18/11/2006,Genclerbirligi,Konyaspor,H,2.05,3.2,3.1,2.1,3.2,3.1,2006/7,€35.53m,€36.45m
T1,18/11/2006,Kayserispor,Manisaspor,D,1.9,3.25,3.6,1.85,3.4,3.6,2006/7,€35.65m,€37.10m
T1,18/11/2006,Sakaryaspor,Ankaragucu,D,2.25,3.2,2.8,2.45,3.15,2.6,2006/7,€36.65m,€37.79m
T1,19/11/2006,Ankaraspor,Gaziantepspor,H,1.95,3.25,3.4,2.0,3.3,3.25,2006/7,€39.90m,€33.40m
T1,19/11/2006,Bursaspor,Denizlispor,H,1.95,3.3,3.25,1.95,3.3,3.35,2006/7,€29.95m,€29.93m
T1,19/11/2006,Fenerbahce,Besiktas,D,1.7,3.4,4.5,1.65,3.5,4.5,2006/7,€114.20m,€70.07m
T1,19/11/2006,Rizespor,Erciyesspor,D,1.75,3.25,4.33,1.65,3.5,4.5,2006/7,€26.00m,€35.35m
T1,19/11/2006,Sivasspor,Trabzonspor,H,3.0,3.2,2.15,3.0,3.2,2.15,2006/7,€37.15m,€67.40m
T1,24/11/2006,Besiktas,Bursaspor,H,1.6,3.3,5.5,1.4,3.9,7.0,2006/7,€70.07m,€29.95m
T1,25/11/2006,Denizlispor,Ankaraspor,D,2.4,3.2,2.62,2.15,3.2,3.0,2006/7,€29.93m,€39.90m
T1,25/11/2006,Galatasaray,Sivasspor,H,1.33,4.0,9.0,1.22,5.0,11.0,2006/7,€76.88m,€37.15m
T1,25/11/2006,Gaziantepspor,Kayserispor,A,2.05,3.2,3.2,1.9,3.35,3.45,2006/7,€33.40m,€35.65m
T1,25/11/2006,Manisaspor,Konyaspor,A,1.8,3.25,4.0,1.7,3.3,4.5,2006/7,€37.10m,€36.45m
T1,26/11/2006,Ankaragucu,Antalyaspor,H,1.8,3.1,4.2,1.75,3.3,4.2,2006/7,€37.79m,€25.44m
T1,26/11/2006,Erciyesspor,Sakaryaspor,H,2.05,3.1,3.3,2.25,3.2,2.8,2006/7,€35.35m,€36.65m
T1,26/11/2006,Rizespor,Genclerbirligi,A,2.3,3.2,2.75,2.25,3.2,2.8,2006/7,€26.00m,€35.53m
T1,26/11/2006,Trabzonspor,Fenerbahce,A,3.6,2.9,2.0,3.85,3.35,1.8,2006/7,€67.40m,€114.20m
T1,01/12/2006,Bursaspor,Trabzonspor,H,2.45,3.2,2.55,2.4,3.2,2.6,2006/7,€29.95m,€67.40m
T1,02/12/2006,Ankaraspor,Besiktas,D,3.1,3.2,2.1,3.35,3.3,1.95,2006/7,€39.90m,€70.07m
T1,02/12/2006,Kayserispor,Denizlispor,H,1.7,3.3,4.5,1.75,3.3,4.2,2006/7,€35.65m,€29.93m
T1,02/12/2006,Konyaspor,Rizespor,H,1.83,3.1,4.0,1.75,3.3,4.2,2006/7,€36.45m,€26.00m
T1,02/12/2006,Sivasspor,Ankaragucu,H,2.25,3.25,2.7,2.15,3.2,3.0,2006/7,€37.15m,€37.79m
T1,03/12/2006,Antalyaspor,Erciyesspor,H,1.83,3.3,3.75,1.8,3.35,3.85,2006/7,€25.44m,€35.35m
T1,03/12/2006,Fenerbahce,Galatasaray,H,1.85,3.3,3.6,1.95,3.3,3.45,2006/7,€114.20m,€76.88m
T1,03/12/2006,Manisaspor,Gaziantepspor,H,1.75,3.3,4.0,1.65,3.5,4.5,2006/7,€37.10m,€33.40m
T1,03/12/2006,Sakaryaspor,Genclerbirligi,D,2.62,3.2,2.37,2.8,3.2,2.25,2006/7,€36.65m,€35.53m
T1,08/12/2006,Ankaragucu,Fenerbahce,A,6.5,3.75,1.45,6.5,3.7,1.45,2006/7,€37.79m,€114.20m
T1,09/12/2006,Besiktas,Kayserispor,H,1.6,3.5,5.0,1.5,3.6,6.0,2006/7,€70.07m,€35.65m
T1,09/12/2006,Erciyesspor,Sivasspor,D,2.37,3.2,2.7,2.35,3.15,2.7,2006/7,€35.35m,€37.15m
T1,09/12/2006,Rizespor,Sakaryaspor,H,1.9,3.25,3.6,1.9,3.35,3.45,2006/7,€26.00m,€36.65m
T1,10/12/2006,Denizlispor,Manisaspor,D,2.45,3.2,2.55,2.5,3.2,2.5,2006/7,€29.93m,€37.10m
T1,10/12/2006,Galatasaray,Bursaspor,H,1.3,4.33,8.5,1.28,4.5,9.0,2006/7,€76.88m,€29.95m
T1,10/12/2006,Gaziantepspor,Konyaspor,H,2.1,3.3,3.0,2.15,3.2,3.0,2006/7,€33.40m,€36.45m
T1,10/12/2006,Genclerbirligi,Antalyaspor,H,1.75,3.2,4.33,1.75,3.3,4.2,2006/7,€35.53m,€25.44m
T1,10/12/2006,Trabzonspor,Ankaraspor,H,1.8,3.25,4.0,1.75,3.3,4.2,2006/7,€67.40m,€39.90m
T1,27/01/2007,Ankaragucu,Bursaspor,D,2.0,3.1,3.6,2.15,3.0,3.2,2006/7,€37.79m,€29.95m
T1,27/01/2007,Besiktas,Manisaspor,H,1.66,3.2,5.0,1.65,3.5,4.5,2006/7,€70.07m,€37.10m
T1,27/01/2007,Denizlispor,Gaziantepspor,A,2.0,3.2,3.3,1.95,3.3,3.4,2006/7,€29.93m,€33.40m
T1,27/01/2007,Erciyesspor,Fenerbahce,D,8.0,4.2,1.36,8.8,4.55,1.28,2006/7,€35.35m,€114.20m
T1,27/01/2007,Galatasaray,Ankaraspor,H,1.33,4.0,8.5,1.2,5.25,11.0,2006/7,€76.88m,€39.90m
T1,27/01/2007,Genclerbirligi,Sivasspor,A,1.7,3.1,5.0,1.6,3.55,4.85,2006/7,€35.53m,€37.15m
T1,27/01/2007,Rizespor,Antalyaspor,H,1.9,3.1,4.0,1.9,3.35,3.45,2006/7,€26.00m,€25.44m
T1,27/01/2007,Sakaryaspor,Konyaspor,D,2.62,3.0,2.5,2.65,3.15,2.4,2006/7,€36.65m,€36.45m
T1,27/01/2007,Trabzonspor,Kayserispor,D,1.7,3.2,4.75,1.65,3.5,4.5,2006/7,€67.40m,€35.65m
T1,02/02/2007,Fenerbahce,Genclerbirligi,H,1.33,4.75,9.5,1.3,4.4,8.5,2006/7,€114.20m,€35.53m
T1,03/02/2007,Antalyaspor,Sakaryaspor,H,1.9,3.3,3.4,1.9,3.35,3.45,2006/7,€25.44m,€36.65m
T1,03/02/2007,Konyaspor,Denizlispor,H,1.83,3.25,3.75,1.75,3.3,4.2,2006/7,€36.45m,€29.93m
T1,03/02/2007,Manisaspor,Trabzonspor,D,2.05,3.25,3.1,1.95,3.35,3.3,2006/7,€37.10m,€67.40m
T1,04/02/2007,Ankaraspor,Ankaragucu,H,2.3,3.2,2.75,2.45,3.15,2.6,2006/7,€39.90m,€37.79m
T1,04/02/2007,Bursaspor,Erciyesspor,D,1.75,3.4,4.0,1.65,3.5,4.5,2006/7,€29.95m,€35.35m
T1,04/02/2007,Gaziantepspor,Besiktas,D,3.5,3.3,1.9,3.4,3.4,1.9,2006/7,€33.40m,€70.07m
T1,04/02/2007,Kayserispor,Galatasaray,D,3.75,3.25,1.83,3.85,3.35,1.8,2006/7,€35.65m,€76.88m
T1,04/02/2007,Sivasspor,Rizespor,H,1.83,3.3,3.75,1.9,3.35,3.45,2006/7,€37.15m,€26.00m
T1,10/02/2007,Ankaragucu,Kayserispor,A,2.62,3.0,2.55,2.25,3.2,2.8,2006/7,€37.79m,€35.65m
T1,10/02/2007,Besiktas,Denizlispor,H,1.33,4.0,9.0,1.3,4.4,8.5,2006/7,€70.07m,€29.93m
T1,10/02/2007,Rizespor,Fenerbahce,H,5.25,3.5,1.57,6.0,3.6,1.5,2006/7,€26.00m,€114.20m
T1,11/02/2007,Antalyaspor,Konyaspor,H,2.3,3.2,2.75,2.35,3.15,2.7,2006/7,€25.44m,€36.45m
T1,11/02/2007,Erciyesspor,Ankaraspor,H,2.25,3.0,3.0,2.15,3.2,3.0,2006/7,€35.35m,€39.90m
T1,11/02/2007,Galatasaray,Manisaspor,H,1.4,3.75,7.5,1.35,4.25,7.25,2006/7,€76.88m,€37.10m
T1,11/02/2007,Genclerbirligi,Bursaspor,H,1.8,3.25,4.0,1.8,3.35,3.85,2006/7,€35.53m,€29.95m
T1,11/02/2007,Sakaryaspor,Sivasspor,A,2.6,3.2,2.4,2.5,3.2,2.5,2006/7,€36.65m,€37.15m
T1,11/02/2007,Trabzonspor,Gaziantepspor,H,1.65,3.4,4.75,1.6,3.5,4.9,2006/7,€67.40m,€33.40m
T1,16/02/2007,Konyaspor,Besiktas,H,3.75,3.2,2.0,3.45,3.35,1.9,2006/7,€36.45m,€70.07m
T1,17/02/2007,Bursaspor,Rizespor,H,1.85,3.4,3.6,1.9,3.35,3.45,2006/7,€29.95m,€26.00m
T1,17/02/2007,Gaziantepspor,Galatasaray,H,5.0,3.2,1.8,4.5,3.3,1.7,2006/7,€33.40m,€76.88m
T1,18/02/2007,Ankaraspor,Genclerbirligi,A,2.8,3.0,2.37,2.7,3.15,2.35,2006/7,€39.90m,€35.53m
T1,18/02/2007,Denizlispor,Trabzonspor,A,4.2,3.1,1.9,3.3,3.25,2.0,2006/7,€29.93m,€67.40m
T1,18/02/2007,Fenerbahce,Sakaryaspor,H,1.16,6.5,15.0,1.12,6.75,14.0,2006/7,€114.20m,€36.65m
T1,18/02/2007,Kayserispor,Erciyesspor,H,1.83,3.1,4.2,1.8,3.3,3.9,2006/7,€35.65m,€35.35m
T1,18/02/2007,Manisaspor,Ankaragucu,A,1.66,3.25,5.0,1.7,3.3,4.5,2006/7,€37.10m,€37.79m
T1,18/02/2007,Sivasspor,Antalyaspor,A,1.83,3.1,4.2,1.75,3.3,4.2,2006/7,€37.15m,€25.44m
T1,23/02/2007,Erciyesspor,Manisaspor,H,2.3,3.25,2.7,2.25,3.2,2.8,2006/7,€35.35m,€37.10m
T1,23/02/2007,Galatasaray,Denizlispor,D,1.2,5.5,11.0,1.18,5.5,12.0,2006/7,€76.88m,€29.93m
T1,24/02/2007,Ankaragucu,Gaziantepspor,H,2.2,3.2,2.9,2.1,3.2,3.1,2006/7,€37.79m,€33.40m
T1,24/02/2007,Trabzonspor,Besiktas,H,2.5,3.2,2.55,2.9,3.2,2.2,2006/7,€67.40m,€70.07m
T1,25/02/2007,Antalyaspor,Fenerbahce,H,4.5,3.3,1.7,5.15,3.65,1.55,2006/7,€25.44m,€114.20m
T1,25/02/2007,Genclerbirligi,Kayserispor,D,2.2,3.2,3.0,2.1,3.2,3.1,2006/7,€35.53m,€35.65m
T1,25/02/2007,Rizespor,Ankaraspor,D,2.05,3.2,3.2,2.0,3.1,3.45,2006/7,€26.00m,€39.90m
T1,25/02/2007,Sakaryaspor,Bursaspor,A,2.45,3.2,2.55,2.35,3.15,2.7,2006/7,€36.65m,€29.95m
T1,25/02/2007,Sivasspor,Konyaspor,A,2.15,3.2,3.0,2.1,3.2,3.1,2006/7,€37.15m,€36.45m
T1,02/03/2007,Bursaspor,Antalyaspor,D,1.9,3.25,3.4,1.9,3.15,3.75,2006/7,€29.95m,€25.44m
T1,03/03/2007,Besiktas,Galatasaray,H,2.37,3.2,2.6,2.45,3.15,2.65,2006/7,€70.07m,€76.88m
T1,03/03/2007,Denizlispor,Ankaragucu,H,2.2,3.2,2.75,2.1,3.2,3.1,2006/7,€29.93m,€37.79m
T1,03/03/2007,Kayserispor,Rizespor,H,1.66,3.4,4.33,1.6,3.45,5.0,2006/7,€35.65m,€26.00m
T1,04/03/2007,Ankaraspor,Sakaryaspor,H,1.83,3.25,3.6,1.8,3.35,3.85,2006/7,€39.90m,€36.65m
T1,04/03/2007,Fenerbahce,Sivasspor,D,1.28,4.5,8.0,1.2,5.25,11.0,2006/7,€114.20m,€37.15m
T1,04/03/2007,Gaziantepspor,Erciyesspor,A,1.8,3.25,3.75,1.75,3.3,4.2,2006/7,€33.40m,€35.35m
T1,04/03/2007,Konyaspor,Trabzonspor,A,2.5,3.1,2.5,2.5,3.2,2.5,2006/7,€36.45m,€67.40m
T1,04/03/2007,Manisaspor,Genclerbirligi,A,2.37,3.1,2.62,2.35,3.15,2.7,2006/7,€37.10m,€35.53m
T1,09/03/2007,Sakaryaspor,Kayserispor,D,4.0,3.25,1.9,3.35,3.2,2.0,2006/7,€36.65m,€35.65m
T1,10/03/2007,Fenerbahce,Konyaspor,H,1.4,4.33,7.5,1.33,4.25,8.0,2006/7,€114.20m,€36.45m
T1,10/03/2007,Genclerbirligi,Gaziantepspor,D,1.7,3.25,4.75,1.6,3.45,5.0,2006/7,€35.53m,€33.40m
T1,10/03/2007,Sivasspor,Bursaspor,H,2.15,3.2,3.1,2.05,3.2,3.2,2006/7,€37.15m,€29.95m
T1,11/03/2007,Ankaragucu,Besiktas,A,4.0,3.25,1.95,3.85,3.35,1.8,2006/7,€37.79m,€70.07m
T1,11/03/2007,Antalyaspor,Ankaraspor,D,2.0,3.1,3.6,1.95,3.3,3.35,2006/7,€25.44m,€39.90m
T1,11/03/2007,Erciyesspor,Denizlispor,H,1.85,3.25,3.75,1.9,3.25,3.6,2006/7,€35.35m,€29.93m
T1,11/03/2007,Galatasaray,Trabzonspor,H,1.83,3.3,4.5,1.65,3.45,4.6,2006/7,€76.88m,€67.40m
T1,11/03/2007,Rizespor,Manisaspor,H,1.9,3.4,3.4,1.9,3.25,3.6,2006/7,€26.00m,€37.10m
T1,16/03/2007,Konyaspor,Galatasaray,D,4.0,3.2,1.95,3.6,3.25,1.9,2006/7,€36.45m,€76.88m
T1,17/03/2007,Ankaraspor,Sivasspor,H,2.25,3.2,2.87,2.25,3.2,2.8,2006/7,€39.90m,€37.15m
T1,17/03/2007,Bursaspor,Fenerbahce,A,5.0,3.4,1.72,4.5,3.5,1.65,2006/7,€29.95m,€114.20m
T1,17/03/2007,Denizlispor,Genclerbirligi,H,2.55,3.1,2.55,2.65,3.15,2.4,2006/7,€29.93m,€35.53m
T1,17/03/2007,Gaziantepspor,Rizespor,H,1.95,3.25,3.5,1.9,3.25,3.6,2006/7,€33.40m,€26.00m
T1,17/03/2007,Kayserispor,Antalyaspor,D,1.72,3.25,4.5,1.7,3.3,4.5,2006/7,€35.65m,€25.44m
T1,17/03/2007,Manisaspor,Sakaryaspor,A,1.61,3.6,4.75,1.7,3.3,4.5,2006/7,€37.10m,€36.65m
T1,17/03/2007,Trabzonspor,Ankaragucu,A,1.57,3.5,6.0,1.45,3.6,7.0,2006/7,€67.40m,€37.79m
T1,18/03/2007,Besiktas,Erciyesspor,H,1.4,4.33,7.5,1.3,4.4,8.5,2006/7,€70.07m,€35.35m
T1,01/04/2007,Ankaragucu,Galatasaray,A,3.75,3.2,1.85,4.0,3.35,1.8,2006/7,€37.79m,€76.88m
T1,01/04/2007,Antalyaspor,Manisaspor,H,1.75,3.25,4.2,1.8,3.35,4.0,2006/7,€25.44m,€37.10m
T1,01/04/2007,Bursaspor,Konyaspor,H,2.15,3.2,3.0,2.05,3.2,3.3,2006/7,€29.95m,€36.45m
T1,01/04/2007,Fenerbahce,Ankaraspor,H,1.25,4.75,10.0,1.22,5.25,11.0,2006/7,€114.20m,€39.90m
T1,01/04/2007,Rizespor,Denizlispor,D,1.8,3.25,4.0,1.9,3.25,3.7,2006/7,€26.00m,€29.93m
T1,01/04/2007,Sakaryaspor,Gaziantepspor,A,2.55,3.2,2.45,2.65,3.15,2.45,2006/7,€36.65m,€33.40m
T1,01/04/2007,Sivasspor,Kayserispor,H,2.4,3.2,2.62,2.35,3.15,2.8,2006/7,€37.15m,€35.65m
T1,02/04/2007,Erciyesspor,Trabzonspor,A,2.8,3.2,2.3,3.0,3.2,2.2,2006/7,€35.35m,€67.40m
T1,02/04/2007,Genclerbirligi,Besiktas,A,3.0,3.2,2.1,3.2,3.2,2.1,2006/7,€35.53m,€70.07m
T1,06/04/2007,Galatasaray,Erciyesspor,A,1.28,5.0,10.0,1.22,5.25,11.0,2006/7,€76.88m,€35.35m
T1,07/04/2007,Kayserispor,Fenerbahce,D,4.0,3.2,1.95,4.4,3.3,1.75,2006/7,€35.65m,€114.20m
T1,07/04/2007,Trabzonspor,Genclerbirligi,H,1.66,3.4,4.75,1.7,3.3,4.75,2006/7,€67.40m,€35.53m
T1,08/04/2007,Ankaraspor,Bursaspor,D,2.05,3.2,3.3,2.15,3.2,3.1,2006/7,€39.90m,€29.95m
T1,08/04/2007,Besiktas,Rizespor,H,1.28,5.0,10.0,1.25,5.0,10.0,2006/7,€70.07m,€26.00m
T1,08/04/2007,Denizlispor,Sakaryaspor,H,1.55,3.6,5.5,1.5,3.55,6.5,2006/7,€29.93m,€36.65m
T1,08/04/2007,Gaziantepspor,Antalyaspor,D,1.95,3.2,3.6,2.05,3.2,3.3,2006/7,€33.40m,€25.44m
T1,08/04/2007,Konyaspor,Ankaragucu,H,1.9,3.2,3.8,1.9,3.15,3.85,2006/7,€36.45m,€37.79m
T1,08/04/2007,Manisaspor,Sivasspor,H,2.05,3.2,3.1,2.2,3.1,3.1,2006/7,€37.10m,€37.15m
T1,13/04/2007,Genclerbirligi,Galatasaray,A,3.6,3.25,2.0,3.7,3.25,1.9,2006/7,€35.53m,€76.88m
T1,14/04/2007,Sakaryaspor,Besiktas,D,7.0,3.75,1.44,7.25,4.0,1.4,2006/7,€36.65m,€70.07m
T1,15/04/2007,Ankaraspor,Konyaspor,H,2.1,3.2,3.1,2.15,3.2,3.1,2006/7,€39.90m,€36.45m
T1,15/04/2007,Antalyaspor,Denizlispor,D,1.83,3.25,3.75,1.75,3.25,4.5,2006/7,€25.44m,€29.93m
T1,15/04/2007,Bursaspor,Kayserispor,A,2.45,3.1,2.62,2.4,3.15,2.7,2006/7,€29.95m,€35.65m
T1,15/04/2007,Erciyesspor,Ankaragucu,A,2.0,3.2,3.3,2.15,3.2,3.1,2006/7,€35.35m,€37.79m
T1,15/04/2007,Fenerbahce,Manisaspor,D,1.2,5.5,10.0,1.18,5.5,14.0,2006/7,€114.20m,€37.10m
T1,15/04/2007,Rizespor,Trabzonspor,H,2.62,3.2,2.4,2.8,3.15,2.35,2006/7,€26.00m,€67.40m
T1,15/04/2007,Sivasspor,Gaziantepspor,H,1.8,3.3,4.0,1.85,3.25,3.9,2006/7,€37.15m,€33.40m
T1,20/04/2007,Gaziantepspor,Fenerbahce,A,5.0,3.5,1.7,5.0,3.35,1.65,2006/7,€33.40m,€114.20m
T1,21/04/2007,Besiktas,Antalyaspor,H,1.36,4.0,7.0,1.45,3.75,7.0,2006/7,€70.07m,€25.44m
T1,22/04/2007,Ankaragucu,Genclerbirligi,D,2.25,3.2,2.8,2.3,3.1,2.9,2006/7,€37.79m,€35.53m
T1,22/04/2007,Galatasaray,Rizespor,H,1.3,4.5,8.5,1.22,5.5,10.0,2006/7,€76.88m,€26.00m
T1,22/04/2007,Kayserispor,Ankaraspor,D,1.65,3.5,4.75,1.7,3.0,5.5,2006/7,€35.65m,€39.90m
T1,22/04/2007,Konyaspor,Erciyesspor,D,2.0,3.1,3.4,1.95,3.1,3.75,2006/7,€36.45m,€35.35m
T1,22/04/2007,Manisaspor,Bursaspor,H,1.83,3.3,3.8,1.85,3.2,4.0,2006/7,€37.10m,€29.95m
T1,22/04/2007,Trabzonspor,Sakaryaspor,H,1.33,4.2,7.5,1.25,5.0,10.0,2006/7,€67.40m,€36.65m
T1,28/04/2007,Ankaraspor,Manisaspor,D,2.0,3.2,3.2,2.15,3.2,3.1,2006/7,€39.90m,€37.10m
T1,28/04/2007,Antalyaspor,Trabzonspor,A,2.25,3.1,2.75,2.2,3.2,3.0,2006/7,€25.44m,€67.40m
T1,28/04/2007,Bursaspor,Gaziantepspor,D,2.1,3.1,3.1,2.1,3.2,3.2,2006/7,€29.95m,€33.40m
T1,28/04/2007,Genclerbirligi,Erciyesspor,A,1.95,3.2,3.4,2.3,3.2,2.8,2006/7,€35.53m,€35.35m
T1,28/04/2007,Kayserispor,Konyaspor,H,1.72,3.4,4.0,1.7,3.4,4.5,2006/7,€35.65m,€36.45m
T1,28/04/2007,Rizespor,Ankaragucu,H,1.95,3.2,3.3,1.95,3.2,3.6,2006/7,€26.00m,€37.79m
T1,28/04/2007,Sakaryaspor,Galatasaray,A,6.0,3.75,1.44,7.25,4.0,1.4,2006/7,€36.65m,€76.88m
T1,29/04/2007,Fenerbahce,Denizlispor,D,1.18,5.0,13.0,1.2,5.35,12.0,2006/7,€114.20m,€29.93m
T1,29/04/2007,Sivasspor,Besiktas,A,4.0,3.1,1.8,4.3,3.35,1.75,2006/7,€37.15m,€70.07m
T1,04/05/2007,Trabzonspor,Sivasspor,H,1.61,3.4,4.75,1.65,3.35,5.0,2006/7,€67.40m,€37.15m
T1,05/05/2007,Ankaragucu,Sakaryaspor,H,1.3,4.33,8.5,1.3,4.5,9.0,2006/7,€37.79m,€36.65m
T1,05/05/2007,Besiktas,Fenerbahce,A,2.3,3.1,2.75,2.2,3.2,3.0,2006/7,€70.07m,€114.20m
T1,05/05/2007,Denizlispor,Bursaspor,D,1.83,3.2,3.8,1.85,3.25,3.9,2006/7,€29.93m,€29.95m
T1,05/05/2007,Erciyesspor,Rizespor,D,1.8,3.2,3.8,1.8,3.25,4.15,2006/7,€35.35m,€26.00m
T1,05/05/2007,Gaziantepspor,Ankaraspor,A,1.66,3.4,4.2,1.85,3.25,3.9,2006/7,€33.40m,€39.90m
T1,05/05/2007,Konyaspor,Genclerbirligi,H,1.95,3.2,3.3,2.0,3.2,3.45,2006/7,€36.45m,€35.53m
T1,05/05/2007,Manisaspor,Kayserispor,H,1.95,3.2,3.3,1.95,3.25,3.55,2006/7,€37.10m,€35.65m
T1,06/05/2007,Galatasaray,Antalyaspor,D,1.3,4.33,8.5,1.25,4.75,11.0,2006/7,€76.88m,€25.44m
T1,13/05/2007,Ankaraspor,Denizlispor,D,2.5,3.2,2.45,2.5,3.15,2.6,2006/7,€39.90m,€29.93m
T1,13/05/2007,Antalyaspor,Ankaragucu,A,1.9,3.2,3.75,1.9,3.25,3.7,2006/7,€25.44m,€37.79m
T1,13/05/2007,Bursaspor,Besiktas,H,3.5,3.2,1.95,4.1,3.3,1.8,2006/7,€29.95m,€70.07m
T1,13/05/2007,Fenerbahce,Trabzonspor,D,1.53,3.5,5.5,1.5,3.7,6.0,2006/7,€114.20m,€67.40m
T1,13/05/2007,Genclerbirligi,Rizespor,H,1.95,3.25,3.3,2.0,3.2,3.45,2006/7,€35.53m,€26.00m
T1,13/05/2007,Kayserispor,Gaziantepspor,A,1.83,3.25,3.8,1.85,3.25,3.85,2006/7,€35.65m,€33.40m
T1,13/05/2007,Konyaspor,Manisaspor,H,2.37,3.1,2.75,2.2,3.2,3.0,2006/7,€36.45m,€37.10m
T1,19/05/2007,Besiktas,Ankaraspor,H,1.4,4.0,6.5,1.4,4.0,7.25,2006/7,€70.07m,€39.90m
T1,19/05/2007,Galatasaray,Fenerbahce,A,2.1,3.25,3.0,2.05,3.25,3.25,2006/7,€76.88m,€114.20m
T1,19/05/2007,Genclerbirligi,Sakaryaspor,H,1.25,5.0,8.5,1.2,5.35,12.0,2006/7,€35.53m,€36.65m
T1,20/05/2007,Ankaragucu,Sivasspor,A,2.25,2.87,3.1,2.3,2.75,3.2,2006/7,€37.79m,€37.15m
T1,20/05/2007,Denizlispor,Kayserispor,H,1.83,3.25,3.75,1.8,3.25,4.15,2006/7,€29.93m,€35.65m
T1,20/05/2007,Erciyesspor,Antalyaspor,D,1.8,3.25,4.0,1.75,3.25,4.5,2006/7,€35.35m,€25.44m
T1,20/05/2007,Gaziantepspor,Manisaspor,D,2.37,3.1,2.7,2.3,3.15,2.85,2006/7,€33.40m,€37.10m
T1,20/05/2007,Rizespor,Konyaspor,H,1.5,3.75,5.5,1.5,3.7,6.0,2006/7,€26.00m,€36.45m
T1,20/05/2007,Trabzonspor,Bursaspor,H,1.53,3.5,5.5,1.5,3.7,6.0,2006/7,€67.40m,€29.95m
T1,25/05/2007,Ankaraspor,Trabzonspor,H,2.55,3.1,2.45,2.7,3.15,2.4,2006/7,€39.90m,€67.40m
T1,25/05/2007,Bursaspor,Galatasaray,H,2.4,3.2,2.7,2.85,3.2,2.25,2006/7,€29.95m,€76.88m
T1,25/05/2007,Kayserispor,Besiktas,H,1.9,3.4,3.4,2.1,3.15,3.25,2006/7,€35.65m,€70.07m
T1,26/05/2007,Antalyaspor,Genclerbirligi,A,1.3,4.33,8.0,1.25,5.0,10.0,2006/7,€25.44m,€35.53m
T1,26/05/2007,Fenerbahce,Ankaragucu,H,1.33,4.5,6.5,1.35,4.2,8.0,2006/7,€114.20m,€37.79m
T1,26/05/2007,Konyaspor,Gaziantepspor,A,6.5,3.75,1.44,7.0,3.7,1.45,2006/7,€36.45m,€33.40m
T1,26/05/2007,Manisaspor,Denizlispor,D,2.3,3.25,2.7,2.15,3.2,3.1,2006/7,€37.10m,€29.93m
T1,26/05/2007,Sakaryaspor,Rizespor,D,8.0,4.5,1.28,10.0,4.6,1.27,2006/7,€36.65m,€26.00m
T1,26/05/2007,Sivasspor,Erciyesspor,H,4.33,3.4,1.66,4.3,3.55,1.7,2006/7,€37.15m,€35.35m
T1,10/08/2007,Buyuksehyr,Fenerbahce,H,6.5,4.0,1.4,7.75,4.2,1.35,2007/8,€39.95m,€95.20m
T1,11/08/2007,Ankaraspor,Ankaragucu,A,2.3,3.2,2.7,2.3,3.15,2.85,2007/8,€43.70m,€30.75m
T1,11/08/2007,Besiktas,Konyaspor,H,1.36,4.5,8.5,1.3,4.5,9.0,2007/8,€78.20m,€37.05m
T1,12/08/2007,Denizlispor,Bursaspor,D,2.2,3.2,2.8,2.35,3.2,2.75,2007/8,€31.95m,€37.30m
T1,12/08/2007,Galatasaray,Rizespor,H,1.3,5.0,9.0,1.25,5.0,10.0,2007/8,€86.35m,€29.35m
T1,12/08/2007,Gaziantepspor,Kasimpasa,H,1.7,3.3,4.5,1.65,3.35,5.0,2007/8,€36.00m,€22.20m
T1,12/08/2007,Genclerbirligi,Oftasspor,A,1.6,3.4,5.25,1.6,3.5,5.25,2007/8,€35.85m,€27.45m
T1,12/08/2007,Kayserispor,Manisaspor,H,1.72,3.25,4.33,1.75,3.25,4.5,2007/8,€38.50m,€46.00m
T1,12/08/2007,Trabzonspor,Sivasspor,A,1.6,3.5,6.5,1.5,3.7,6.0,2007/8,€55.90m,€43.85m
T1,17/08/2007,Oftasspor,Trabzonspor,A,3.0,3.2,2.1,2.9,3.2,2.25,2007/8,€27.45m,€55.90m
T1,18/08/2007,Fenerbahce,Gaziantepspor,H,1.28,4.5,8.5,1.25,5.0,10.0,2007/8,€95.20m,€36.00m
T1,19/08/2007,Ankaragucu,Denizlispor,H,1.9,3.25,3.5,2.05,3.2,3.3,2007/8,€30.75m,€31.95m
T1,19/08/2007,Bursaspor,Galatasaray,A,4.2,3.3,1.75,4.3,3.2,1.8,2007/8,€37.30m,€86.35m
T1,19/08/2007,Kasimpasa,Besiktas,A,5.5,3.6,1.53,5.5,3.4,1.6,2007/8,€22.20m,€78.20m
T1,19/08/2007,Konyaspor,Kayserispor,D,2.3,3.2,2.75,2.2,3.2,3.0,2007/8,€37.05m,€38.50m
T1,19/08/2007,Manisaspor,Ankaraspor,H,2.05,3.2,3.25,1.95,3.35,3.5,2007/8,€46.00m,€43.70m
T1,19/08/2007,Rizespor,Genclerbirligi,A,2.25,3.2,2.8,2.25,3.2,2.9,2007/8,€29.35m,€35.85m
T1,19/08/2007,Sivasspor,Buyuksehyr,H,1.9,3.25,3.5,1.9,3.25,3.65,2007/8,€43.85m,€39.95m
T1,25/08/2007,Fenerbahce,Sivasspor,H,1.33,4.33,7.5,1.2,5.35,12.0,2007/8,€95.20m,€43.85m
T1,25/08/2007,Gaziantepspor,Besiktas,A,3.4,3.2,1.95,3.9,3.25,1.85,2007/8,€36.00m,€78.20m
T1,25/08/2007,Genclerbirligi,Bursaspor,A,1.9,3.2,3.5,1.8,3.35,4.0,2007/8,€35.85m,€37.30m
T1,26/08/2007,Ankaraspor,Konyaspor,D,2.15,3.2,2.9,2.1,3.2,3.2,2007/8,€43.70m,€37.05m
T1,26/08/2007,Buyuksehyr,Oftasspor,H,2.0,3.2,3.2,2.0,3.2,3.45,2007/8,€39.95m,€27.45m
T1,26/08/2007,Denizlispor,Manisaspor,H,2.25,3.2,2.8,2.25,3.1,3.0,2007/8,€31.95m,€46.00m
T1,26/08/2007,Galatasaray,Ankaragucu,H,1.33,4.33,7.5,1.2,5.35,12.0,2007/8,€86.35m,€30.75m
T1,26/08/2007,Kayserispor,Kasimpasa,H,1.4,3.6,7.5,1.45,3.7,7.0,2007/8,€38.50m,€22.20m
T1,26/08/2007,Trabzonspor,Rizespor,H,1.45,3.6,6.5,1.4,4.0,7.25,2007/8,€55.90m,€29.35m
T1,31/08/2007,Bursaspor,Trabzonspor,D,2.7,3.1,2.45,3.0,3.2,2.2,2007/8,€37.30m,€55.90m
T1,01/09/2007,Ankaragucu,Genclerbirligi,D,2.0,3.3,3.25,2.2,3.2,3.0,2007/8,€30.75m,€35.85m
T1,01/09/2007,Besiktas,Kayserispor,D,1.6,3.3,5.25,1.5,3.5,6.75,2007/8,€78.20m,€38.50m
T1,01/09/2007,Konyaspor,Denizlispor,D,1.85,3.3,3.75,1.8,3.35,4.0,2007/8,€37.05m,€31.95m
T1,01/09/2007,Rizespor,Buyuksehyr,H,2.15,3.25,3.0,2.35,3.15,2.8,2007/8,€29.35m,€39.95m
T1,02/09/2007,Kasimpasa,Ankaraspor,H,2.55,3.1,2.55,2.4,3.15,2.7,2007/8,€22.20m,€43.70m
T1,02/09/2007,Manisaspor,Galatasaray,D,4.33,3.4,1.75,4.9,3.4,1.65,2007/8,€46.00m,€86.35m
T1,02/09/2007,Oftasspor,Fenerbahce,D,6.0,3.6,1.45,7.25,4.0,1.4,2007/8,€27.45m,€95.20m
T1,02/09/2007,Sivasspor,Gaziantepspor,H,1.95,3.3,3.4,2.0,3.2,3.45,2007/8,€43.85m,€36.00m
T1,15/09/2007,Ankaraspor,Besiktas,D,5.0,3.4,1.61,4.9,3.4,1.65,2007/8,€43.70m,€78.20m
T1,15/09/2007,Denizlispor,Kasimpasa,A,1.61,3.5,4.75,1.65,3.5,4.75,2007/8,€31.95m,€22.20m
T1,15/09/2007,Fenerbahce,Rizespor,D,1.16,5.5,13.0,1.2,5.25,13.0,2007/8,€95.20m,€29.35m
T1,15/09/2007,Sivasspor,Oftasspor,H,1.61,3.5,4.75,1.6,3.6,5.0,2007/8,€43.85m,€27.45m
T1,16/09/2007,Buyuksehyr,Bursaspor,H,2.3,3.2,2.7,2.45,3.2,2.65,2007/8,€39.95m,€37.30m
T1,16/09/2007,Galatasaray,Konyaspor,H,1.2,5.0,13.0,1.2,5.25,13.0,2007/8,€86.35m,€37.05m
T1,16/09/2007,Gaziantepspor,Kayserispor,H,2.3,3.2,2.7,2.45,3.15,2.65,2007/8,€36.00m,€38.50m
T1,16/09/2007,Genclerbirligi,Manisaspor,A,2.1,3.25,3.0,2.15,3.2,3.1,2007/8,€35.85m,€46.00m
T1,16/09/2007,Trabzonspor,Ankaragucu,D,1.5,3.6,6.0,1.5,3.7,6.0,2007/8,€55.90m,€30.75m
T1,21/09/2007,Ankaragucu,Buyuksehyr,H,1.83,3.3,3.6,1.85,3.25,3.9,2007/8,€30.75m,€39.95m
T1,21/09/2007,Manisaspor,Trabzonspor,D,2.8,3.25,2.5,2.7,3.15,2.4,2007/8,€46.00m,€55.90m
T1,22/09/2007,Besiktas,Denizlispor,H,1.28,4.5,8.5,1.3,4.6,8.5,2007/8,€78.20m,€31.95m
T1,22/09/2007,Kayserispor,Ankaraspor,H,1.57,3.5,5.0,1.6,3.6,5.0,2007/8,€38.50m,€43.70m
T1,22/09/2007,Konyaspor,Genclerbirligi,D,2.2,3.1,2.87,2.15,3.2,3.1,2007/8,€37.05m,€35.85m
T1,23/09/2007,Bursaspor,Fenerbahce,D,4.5,3.5,1.61,4.75,3.5,1.65,2007/8,€37.30m,€95.20m
T1,23/09/2007,Kasimpasa,Galatasaray,A,5.5,3.5,1.53,5.75,3.5,1.55,2007/8,€22.20m,€86.35m
T1,23/09/2007,Oftasspor,Gaziantepspor,A,2.4,3.25,2.5,2.55,3.15,2.55,2007/8,€27.45m,€36.00m
T1,23/09/2007,Rizespor,Sivasspor,A,2.2,3.2,2.8,2.2,3.2,3.0,2007/8,€29.35m,€43.85m
T1,28/09/2007,Fenerbahce,Ankaragucu,H,1.3,4.2,9.0,1.25,4.75,11.0,2007/8,€95.20m,€30.75m
T1,29/09/2007,Galatasaray,Besiktas,H,1.9,3.25,3.6,2.05,3.2,3.3,2007/8,€86.35m,€78.20m
T1,29/09/2007,Oftasspor,Rizespor,H,2.2,3.1,2.9,2.15,3.2,3.1,2007/8,€27.45m,€29.35m
T1,30/09/2007,Buyuksehyr,Manisaspor,H,2.3,3.2,2.75,2.25,3.2,2.9,2007/8,€39.95m,€46.00m
T1,30/09/2007,Denizlispor,Kayserispor,H,2.37,3.1,2.75,2.4,3.15,2.7,2007/8,€31.95m,€38.50m
T1,30/09/2007,Gaziantepspor,Ankaraspor,H,1.7,3.4,4.33,1.75,3.25,4.5,2007/8,€36.00m,€43.70m
T1,30/09/2007,Genclerbirligi,Kasimpasa,H,1.8,3.25,4.0,1.8,3.25,4.2,2007/8,€35.85m,€22.20m
T1,30/09/2007,Sivasspor,Bursaspor,H,1.72,3.2,4.5,1.75,3.25,4.5,2007/8,€43.85m,€37.30m
T1,30/09/2007,Trabzonspor,Konyaspor,H,1.44,3.6,7.0,1.45,3.8,6.6,2007/8,€55.90m,€37.05m
T1,05/10/2007,Kasimpasa,Trabzonspor,D,3.4,3.3,1.9,3.4,3.25,2.0,2007/8,€22.20m,€55.90m
T1,06/10/2007,Ankaraspor,Denizlispor,D,2.1,3.2,3.1,2.0,3.2,3.45,2007/8,€43.70m,€31.95m
T1,06/10/2007,Bursaspor,Oftasspor,D,1.76,3.25,4.2,1.75,3.25,4.5,2007/8,€37.30m,€27.45m
T1,06/10/2007,Manisaspor,Fenerbahce,D,4.2,3.3,1.76,4.5,3.25,1.75,2007/8,€46.00m,€95.20m
T1,07/10/2007,Ankaragucu,Sivasspor,D,2.1,3.2,3.1,2.1,3.2,3.2,2007/8,€30.75m,€43.85m
T1,07/10/2007,Besiktas,Genclerbirligi,H,1.33,4.33,8.0,1.3,4.5,9.0,2007/8,€78.20m,€35.85m
T1,07/10/2007,Kayserispor,Galatasaray,D,3.4,3.2,2.0,3.45,3.2,2.0,2007/8,€38.50m,€86.35m
T1,07/10/2007,Konyaspor,Buyuksehyr,H,2.1,3.2,3.1,2.1,3.2,3.2,2007/8,€37.05m,€39.95m
T1,07/10/2007,Rizespor,Gaziantepspor,H,2.3,3.25,2.7,2.25,3.2,2.9,2007/8,€29.35m,€36.00m
T1,20/10/2007,Buyuksehyr,Kasimpasa,H,1.9,3.3,3.75,1.85,3.25,3.9,2007/8,€39.95m,€22.20m
T1,20/10/2007,Fenerbahce,Konyaspor,H,1.22,5.0,13.0,1.2,5.25,13.0,2007/8,€95.20m,€37.05m
T1,20/10/2007,Gaziantepspor,Denizlispor,A,1.9,3.3,3.75,1.9,3.25,3.7,2007/8,€36.00m,€31.95m
T1,20/10/2007,Genclerbirligi,Kayserispor,D,2.3,3.3,2.8,2.4,3.15,2.7,2007/8,€35.85m,€38.50m
T1,20/10/2007,Rizespor,Bursaspor,H,2.1,3.25,3.25,2.1,3.2,3.2,2007/8,€29.35m,€37.30m
T1,20/10/2007,Trabzonspor,Besiktas,A,2.4,3.25,2.7,2.8,3.15,2.35,2007/8,€55.90m,€78.20m
T1,21/10/2007,Galatasaray,Ankaraspor,D,1.16,6.0,15.0,1.12,7.0,15.0,2007/8,€86.35m,€43.70m
T1,22/10/2007,Oftasspor,Ankaragucu,H,2.5,3.25,2.55,2.6,3.15,2.5,2007/8,€27.45m,€30.75m
T1,22/10/2007,Sivasspor,Manisaspor,H,1.8,3.3,4.2,1.7,3.35,4.65,2007/8,€43.85m,€46.00m
T1,26/10/2007,Kayserispor,Trabzonspor,H,2.37,3.25,2.75,2.4,3.15,2.7,2007/8,€38.50m,€55.90m
T1,27/10/2007,Ankaraspor,Genclerbirligi,H,2.5,3.1,2.7,2.4,3.15,2.7,2007/8,€43.70m,€35.85m
T1,27/10/2007,Bursaspor,Gaziantepspor,D,2.2,3.1,3.1,2.15,3.2,3.1,2007/8,€37.30m,€36.00m
T1,27/10/2007,Kasimpasa,Fenerbahce,A,5.5,3.6,1.57,6.0,3.7,1.5,2007/8,€22.20m,€95.20m
T1,27/10/2007,Manisaspor,Oftasspor,A,1.72,3.4,4.5,1.75,3.25,4.5,2007/8,€46.00m,€27.45m
T1,28/10/2007,Ankaragucu,Rizespor,H,1.83,3.25,4.2,1.8,3.25,4.2,2007/8,€30.75m,€29.35m
T1,28/10/2007,Besiktas,Buyuksehyr,D,1.33,4.33,9.0,1.3,4.55,9.0,2007/8,€78.20m,€39.95m
T1,28/10/2007,Denizlispor,Galatasaray,A,4.2,3.25,1.83,4.5,3.25,1.75,2007/8,€31.95m,€86.35m
T1,28/10/2007,Konyaspor,Sivasspor,H,2.7,3.1,2.5,2.7,3.15,2.4,2007/8,€37.05m,€43.85m
T1,02/11/2007,Trabzonspor,Ankaraspor,H,1.72,3.3,4.75,1.4,4.0,7.25,2007/8,€55.90m,€43.70m
T1,03/11/2007,Fenerbahce,Besiktas,H,2.0,3.25,3.5,1.9,3.25,3.7,2007/8,€95.20m,€78.20m
T1,03/11/2007,Oftasspor,Konyaspor,A,2.37,3.2,2.8,2.0,3.2,3.45,2007/8,€27.45m,€37.05m
T1,04/11/2007,Bursaspor,Ankaragucu,H,2.2,3.3,3.0,2.25,3.2,2.9,2007/8,€37.30m,€30.75m
T1,04/11/2007,Buyuksehyr,Kayserispor,D,2.4,3.2,2.7,2.25,3.2,2.9,2007/8,€39.95m,€38.50m
T1,04/11/2007,Gaziantepspor,Galatasaray,D,4.0,3.4,1.8,4.5,3.35,1.72,2007/8,€36.00m,€86.35m
T1,04/11/2007,Genclerbirligi,Denizlispor,A,2.1,3.25,3.25,2.25,3.2,2.9,2007/8,€35.85m,€31.95m
T1,04/11/2007,Rizespor,Manisaspor,A,2.05,3.3,3.4,2.0,3.2,3.45,2007/8,€29.35m,€46.00m
T1,04/11/2007,Sivasspor,Kasimpasa,H,1.6,3.6,5.25,1.55,3.55,5.65,2007/8,€43.85m,€22.20m
T1,09/11/2007,Denizlispor,Trabzonspor,H,2.7,3.2,2.45,2.7,3.15,2.4,2007/8,€31.95m,€55.90m
T1,10/11/2007,Ankaragucu,Gaziantepspor,H,2.05,3.2,3.4,1.9,3.25,3.7,2007/8,€30.75m,€36.00m
T1,10/11/2007,Ankaraspor,Buyuksehyr,D,2.2,3.2,3.0,2.3,3.15,2.85,2007/8,€43.70m,€39.95m
T1,10/11/2007,Besiktas,Sivasspor,A,1.75,3.5,4.0,1.6,3.7,4.8,2007/8,€78.20m,€43.85m
T1,10/11/2007,Kasimpasa,Oftasspor,A,2.2,3.2,3.0,2.25,3.2,2.9,2007/8,€22.20m,€27.45m
T1,10/11/2007,Konyaspor,Rizespor,H,1.75,3.4,4.33,1.8,3.35,4.0,2007/8,€37.05m,€29.35m
T1,10/11/2007,Manisaspor,Bursaspor,D,1.9,3.25,3.75,1.85,3.25,3.9,2007/8,€46.00m,€37.30m
T1,11/11/2007,Galatasaray,Genclerbirligi,H,1.25,5.0,10.0,1.25,4.75,11.0,2007/8,€86.35m,€35.85m
T1,11/11/2007,Kayserispor,Fenerbahce,H,3.4,3.2,2.05,3.45,3.2,2.0,2007/8,€38.50m,€95.20m
T1,24/11/2007,Buyuksehyr,Denizlispor,A,2.05,3.3,3.3,2.15,3.2,3.1,2007/8,€39.95m,€31.95m
T1,24/11/2007,Fenerbahce,Ankaraspor,H,1.3,4.5,8.0,1.25,5.0,10.0,2007/8,€95.20m,€43.70m
T1,24/11/2007,Oftasspor,Besiktas,A,3.6,3.2,1.95,3.9,3.25,1.85,2007/8,€27.45m,€78.20m
T1,25/11/2007,Ankaragucu,Manisaspor,H,1.9,3.2,3.8,1.85,3.25,3.9,2007/8,€30.75m,€46.00m
T1,25/11/2007,Bursaspor,Konyaspor,H,2.1,3.3,3.2,2.15,3.2,3.1,2007/8,€37.30m,€37.05m
T1,25/11/2007,Gaziantepspor,Genclerbirligi,D,2.0,3.3,3.4,1.9,3.25,3.7,2007/8,€36.00m,€35.85m
T1,25/11/2007,Rizespor,Kasimpasa,H,1.65,3.6,4.75,1.7,3.4,4.5,2007/8,€29.35m,€22.20m
T1,25/11/2007,Sivasspor,Kayserispor,H,2.05,3.2,3.5,1.8,3.35,4.0,2007/8,€43.85m,€38.50m
T1,25/11/2007,Trabzonspor,Galatasaray,A,2.7,3.2,2.45,2.9,3.2,2.25,2007/8,€55.90m,€86.35m
T1,30/11/2007,Genclerbirligi,Trabzonspor,H,3.1,3.25,2.3,2.75,3.1,2.4,2007/8,€35.85m,€55.90m
T1,01/12/2007,Denizlispor,Fenerbahce,A,3.75,3.25,2.1,3.4,3.25,2.0,2007/8,€31.95m,€95.20m
T1,01/12/2007,Kasimpasa,Bursaspor,A,2.9,3.25,2.25,2.95,3.1,2.25,2007/8,€22.20m,€37.30m
T1,01/12/2007,Konyaspor,Ankaragucu,H,1.9,3.3,3.6,2.2,3.0,3.2,2007/8,€37.05m,€30.75m
T1,02/12/2007,Ankaraspor,Sivasspor,H,2.62,3.2,2.37,2.85,3.25,2.25,2007/8,€43.70m,€43.85m
T1,02/12/2007,Besiktas,Rizespor,D,1.4,4.33,8.5,1.25,5.0,10.0,2007/8,€78.20m,€29.35m
T1,02/12/2007,Galatasaray,Buyuksehyr,D,1.33,4.5,9.5,1.2,5.5,12.0,2007/8,€86.35m,€39.95m
T1,02/12/2007,Kayserispor,Oftasspor,D,1.7,3.4,4.33,1.8,3.2,4.3,2007/8,€38.50m,€27.45m
T1,02/12/2007,Manisaspor,Gaziantepspor,H,2.05,3.25,3.3,2.0,3.15,3.5,2007/8,€46.00m,€36.00m
T1,07/12/2007,Bursaspor,Besiktas,A,2.9,3.1,2.37,3.3,3.2,2.05,2007/8,€37.30m,€78.20m
T1,08/12/2007,Ankaragucu,Kasimpasa,D,1.55,3.6,5.75,1.5,3.7,6.0,2007/8,€30.75m,€22.20m
T1,08/12/2007,Fenerbahce,Galatasaray,H,2.1,3.25,3.25,2.0,3.25,3.4,2007/8,€95.20m,€86.35m
T1,08/12/2007,Rizespor,Kayserispor,D,2.37,3.25,2.75,2.4,3.15,2.7,2007/8,€29.35m,€38.50m
T1,09/12/2007,Buyuksehyr,Genclerbirligi,D,2.1,3.25,3.25,2.0,3.2,3.45,2007/8,€39.95m,€35.85m
T1,09/12/2007,Konyaspor,Manisaspor,H,1.9,3.3,3.75,2.0,3.2,3.45,2007/8,€37.05m,€46.00m
T1,09/12/2007,Oftasspor,Ankaraspor,D,2.15,3.2,3.1,1.9,3.15,3.9,2007/8,€27.45m,€43.70m
T1,09/12/2007,Sivasspor,Denizlispor,H,1.9,3.3,3.75,1.9,3.25,3.7,2007/8,€43.85m,€31.95m
T1,09/12/2007,Trabzonspor,Gaziantepspor,H,1.66,3.5,4.75,1.65,3.5,4.75,2007/8,€55.90m,€36.00m
T1,14/12/2007,Galatasaray,Sivasspor,H,1.53,4.0,6.0,1.45,3.95,6.25,2007/8,€86.35m,€43.85m
T1,15/12/2007,Ankaraspor,Rizespor,A,1.85,3.4,3.8,1.85,3.25,3.95,2007/8,€43.70m,€29.35m
T1,15/12/2007,Gaziantepspor,Konyaspor,H,2.3,3.25,2.8,2.25,3.2,2.9,2007/8,€36.00m,€37.05m
T1,15/12/2007,Trabzonspor,Buyuksehyr,H,1.55,3.5,5.5,1.6,3.5,5.2,2007/8,€55.90m,€39.95m
T1,16/12/2007,Besiktas,Ankaragucu,H,1.53,3.8,5.75,1.45,3.95,6.25,2007/8,€78.20m,€30.75m
T1,16/12/2007,Denizlispor,Oftasspor,H,1.9,3.3,3.75,1.8,3.35,4.0,2007/8,€31.95m,€27.45m
T1,16/12/2007,Genclerbirligi,Fenerbahce,A,4.5,3.3,1.72,4.75,3.5,1.65,2007/8,€35.85m,€95.20m
T1,16/12/2007,Kasimpasa,Manisaspor,D,2.9,3.2,2.3,2.7,3.15,2.4,2007/8,€22.20m,€46.00m
T1,16/12/2007,Kayserispor,Bursaspor,H,1.85,3.5,3.8,1.8,3.35,4.0,2007/8,€38.50m,€37.30m
T1,21/12/2007,Manisaspor,Besiktas,A,3.3,3.25,2.05,3.7,3.25,1.9,2007/8,€46.00m,€78.20m
T1,22/12/2007,Ankaragucu,Kayserispor,D,2.25,3.2,3.0,2.15,3.2,3.1,2007/8,€30.75m,€38.50m
T1,22/12/2007,Fenerbahce,Trabzonspor,H,1.55,3.75,5.5,1.4,4.0,7.25,2007/8,€95.20m,€55.90m
T1,22/12/2007,Konyaspor,Kasimpasa,H,1.55,3.6,5.75,1.55,3.55,5.65,2007/8,€37.05m,€22.20m
T1,23/12/2007,Bursaspor,Ankaraspor,D,2.0,3.2,3.5,1.9,3.25,3.7,2007/8,€37.30m,€43.70m
T1,23/12/2007,Buyuksehyr,Gaziantepspor,A,2.2,3.1,3.2,2.0,3.2,3.45,2007/8,€39.95m,€36.00m
T1,23/12/2007,Oftasspor,Galatasaray,D,5.0,3.5,1.72,4.5,3.4,1.7,2007/8,€27.45m,€86.35m
T1,23/12/2007,Rizespor,Denizlispor,H,2.37,3.25,2.8,2.4,3.15,2.7,2007/8,€29.35m,€31.95m
T1,23/12/2007,Sivasspor,Genclerbirligi,H,1.66,3.4,4.75,1.57,3.55,5.4,2007/8,€43.85m,€35.85m
T1,12/01/2008,Kasimpasa,Gaziantepspor,A,3.0,3.1,2.3,2.5,3.2,2.5,2007/8,€22.20m,€36.00m
T1,12/01/2008,Konyaspor,Besiktas,A,3.2,3.2,2.1,2.9,3.2,2.2,2007/8,€37.05m,€78.20m
T1,12/01/2008,Rizespor,Galatasaray,A,4.2,3.2,1.85,3.95,3.3,1.8,2007/8,€29.35m,€86.35m
T1,13/01/2008,Ankaragucu,Ankaraspor,D,2.0,3.25,3.5,1.85,3.3,3.75,2007/8,€30.75m,€43.70m
T1,13/01/2008,Bursaspor,Denizlispor,D,2.25,3.2,3.0,2.4,3.2,2.6,2007/8,€37.30m,€31.95m
T1,13/01/2008,Fenerbahce,Buyuksehyr,D,1.3,4.75,8.5,1.25,4.8,9.5,2007/8,€95.20m,€39.95m
T1,13/01/2008,Manisaspor,Kayserispor,A,2.55,3.2,2.55,2.5,3.2,2.5,2007/8,€46.00m,€38.50m
T1,13/01/2008,Sivasspor,Trabzonspor,H,2.25,3.2,3.0,2.0,3.2,3.35,2007/8,€43.85m,€55.90m
T1,19/01/2008,Besiktas,Kasimpasa,H,1.22,5.5,10.0,1.15,6.5,13.0,2007/8,€78.20m,€22.20m
T1,19/01/2008,Buyuksehyr,Sivasspor,A,3.0,3.2,2.3,2.55,3.25,2.5,2007/8,€39.95m,€43.85m
T1,19/01/2008,Trabzonspor,Oftasspor,A,1.55,3.6,5.75,1.55,3.5,5.5,2007/8,€55.90m,€27.45m
T1,20/01/2008,Ankaraspor,Manisaspor,H,1.95,3.4,3.6,2.1,3.25,3.15,2007/8,€43.70m,€46.00m
T1,20/01/2008,Denizlispor,Ankaragucu,D,2.05,3.25,3.4,1.95,3.2,3.6,2007/8,€31.95m,€30.75m
T1,20/01/2008,Galatasaray,Bursaspor,H,1.22,5.5,10.0,1.2,6.0,10.0,2007/8,€86.35m,€37.30m
T1,20/01/2008,Gaziantepspor,Fenerbahce,A,4.33,3.4,1.75,4.0,3.25,1.85,2007/8,€36.00m,€95.20m
T1,20/01/2008,Genclerbirligi,Rizespor,H,1.83,3.5,4.0,1.9,3.25,3.75,2007/8,€35.85m,€29.35m
T1,20/01/2008,Kayserispor,Konyaspor,H,1.9,3.3,3.8,1.8,3.0,4.65,2007/8,€38.50m,€37.05m
T1,26/01/2008,Besiktas,Gaziantepspor,H,1.33,4.33,8.0,1.4,4.0,7.25,2007/8,€78.20m,€36.00m
T1,26/01/2008,Oftasspor,Buyuksehyr,H,2.05,3.3,3.3,2.1,3.2,3.2,2007/8,€27.45m,€39.95m
T1,27/01/2008,Ankaragucu,Galatasaray,A,3.6,3.25,1.95,4.25,3.15,1.8,2007/8,€30.75m,€86.35m
T1,27/01/2008,Kasimpasa,Kayserispor,A,4.0,3.3,1.83,3.7,3.25,1.9,2007/8,€22.20m,€38.50m
T1,27/01/2008,Konyaspor,Ankaraspor,A,1.9,3.2,4.0,1.7,3.2,5.0,2007/8,€37.05m,€43.70m
T1,27/01/2008,Manisaspor,Denizlispor,H,2.3,3.2,2.87,2.5,3.2,2.55,2007/8,€46.00m,€31.95m
T1,27/01/2008,Sivasspor,Fenerbahce,A,2.62,3.25,2.45,2.7,3.25,2.3,2007/8,€43.85m,€95.20m
T1,28/01/2008,Bursaspor,Genclerbirligi,H,2.25,3.2,2.8,2.25,3.1,3.0,2007/8,€37.30m,€35.85m
T1,28/01/2008,Rizespor,Trabzonspor,A,2.55,3.2,2.62,2.3,3.2,2.8,2007/8,€29.35m,€55.90m
T1,09/02/2008,Ankaraspor,Kasimpasa,H,1.44,3.8,7.5,1.45,3.75,7.0,2007/8,€43.70m,€22.20m
T1,09/02/2008,Buyuksehyr,Rizespor,H,1.95,3.3,3.5,2.15,3.2,3.1,2007/8,€39.95m,€29.35m
T1,09/02/2008,Galatasaray,Manisaspor,H,1.25,5.0,10.0,1.25,5.0,10.0,2007/8,€86.35m,€46.00m
T1,09/02/2008,Kayserispor,Besiktas,H,2.8,3.2,2.37,2.5,3.2,2.5,2007/8,€38.50m,€78.20m
T1,10/02/2008,Denizlispor,Konyaspor,H,1.95,3.25,3.6,2.0,3.2,3.45,2007/8,€31.95m,€37.05m
T1,10/02/2008,Fenerbahce,Oftasspor,H,1.28,5.0,8.5,1.3,4.5,8.5,2007/8,€95.20m,€27.45m
T1,10/02/2008,Gaziantepspor,Sivasspor,D,2.7,3.2,2.45,2.7,3.2,2.4,2007/8,€36.00m,€43.85m
T1,10/02/2008,Genclerbirligi,Ankaragucu,H,2.37,3.25,2.75,2.4,3.2,2.7,2007/8,€35.85m,€30.75m
T1,10/02/2008,Trabzonspor,Bursaspor,H,1.7,3.6,4.5,1.65,3.4,5.0,2007/8,€55.90m,€37.30m
T1,15/02/2008,Rizespor,Fenerbahce,A,7.0,3.75,1.53,7.25,4.0,1.4,2007/8,€29.35m,€95.20m
T1,16/02/2008,Besiktas,Ankaraspor,H,1.44,3.8,7.5,1.3,4.5,9.0,2007/8,€78.20m,€43.70m
T1,16/02/2008,Bursaspor,Buyuksehyr,D,1.9,3.25,3.8,2.1,3.25,3.15,2007/8,€37.30m,€39.95m
T1,16/02/2008,Oftasspor,Sivasspor,A,3.4,3.1,2.05,3.1,3.2,2.15,2007/8,€27.45m,€43.85m
T1,17/02/2008,Ankaragucu,Trabzonspor,A,2.62,3.1,2.55,2.4,3.2,2.7,2007/8,€30.75m,€55.90m
T1,17/02/2008,Kasimpasa,Denizlispor,H,3.8,3.25,1.9,3.35,3.35,2.0,2007/8,€22.20m,€31.95m
T1,17/02/2008,Kayserispor,Gaziantepspor,H,1.55,3.6,5.75,1.5,3.75,6.0,2007/8,€38.50m,€36.00m
T1,17/02/2008,Manisaspor,Genclerbirligi,A,2.25,3.1,3.0,2.4,3.05,2.8,2007/8,€46.00m,€35.85m
T1,17/02/2008,Konyaspor,Galatasaray,A,3.6,3.2,1.95,3.8,3.2,1.9,2007/8,€37.05m,€86.35m
T1,22/02/2008,Denizlispor,Besiktas,A,3.6,3.3,1.95,3.85,3.5,1.8,2007/8,€31.95m,€78.20m
T1,23/02/2008,Fenerbahce,Bursaspor,A,1.25,5.0,10.0,1.25,5.0,10.0,2007/8,€95.20m,€37.30m
T1,23/02/2008,Gaziantepspor,Oftasspor,D,2.05,3.2,3.6,2.05,3.2,3.3,2007/8,€36.00m,€27.45m
T1,23/02/2008,Genclerbirligi,Konyaspor,H,2.0,3.3,3.5,2.2,3.2,3.0,2007/8,€35.85m,€37.05m
T1,24/02/2008,Ankaraspor,Kayserispor,A,2.37,3.25,2.75,2.6,3.25,2.45,2007/8,€43.70m,€38.50m
T1,24/02/2008,Buyuksehyr,Ankaragucu,A,2.2,3.25,3.1,2.25,3.2,2.9,2007/8,€39.95m,€30.75m
T1,24/02/2008,Galatasaray,Kasimpasa,A,1.14,7.0,13.0,1.15,6.5,13.0,2007/8,€86.35m,€22.20m
T1,24/02/2008,Sivasspor,Rizespor,D,1.5,3.75,6.5,1.45,3.85,6.5,2007/8,€43.85m,€29.35m
T1,24/02/2008,Trabzonspor,Manisaspor,D,1.53,3.75,5.75,1.6,3.45,5.35,2007/8,€55.90m,€46.00m
T1,29/02/2008,Konyaspor,Trabzonspor,H,2.8,3.3,2.25,2.65,3.2,2.45,2007/8,€37.05m,€55.90m
T1,01/03/2008,Ankaragucu,Fenerbahce,D,3.6,3.25,1.95,3.9,3.3,1.85,2007/8,€30.75m,€95.20m
T1,01/03/2008,Kasimpasa,Genclerbirligi,D,3.6,3.2,2.0,2.9,3.2,2.25,2007/8,€22.20m,€35.85m
T1,01/03/2008,Manisaspor,Buyuksehyr,D,2.0,3.3,3.4,2.1,3.2,3.2,2007/8,€46.00m,€39.95m
T1,02/03/2008,Ankaraspor,Gaziantepspor,D,1.95,3.3,3.75,2.2,3.2,3.0,2007/8,€43.70m,€36.00m
T1,02/03/2008,Besiktas,Galatasaray,H,2.37,3.1,2.87,2.4,3.2,2.7,2007/8,€78.20m,€86.35m
T1,02/03/2008,Bursaspor,Sivasspor,A,2.7,3.2,2.4,2.75,3.1,2.4,2007/8,€37.30m,€43.85m
T1,02/03/2008,Kayserispor,Denizlispor,D,1.53,3.75,5.75,1.5,3.75,6.0,2007/8,€38.50m,€31.95m
T1,02/03/2008,Rizespor,Oftasspor,D,2.3,3.2,2.9,2.3,3.2,2.85,2007/8,€29.35m,€27.45m
T1,07/03/2008,Genclerbirligi,Besiktas,A,3.5,3.4,2.0,3.45,3.2,2.0,2007/8,€35.85m,€78.20m
T1,08/03/2008,Buyuksehyr,Konyaspor,H,2.05,3.25,3.25,2.0,3.15,3.5,2007/8,€39.95m,€37.05m
T1,08/03/2008,Denizlispor,Ankaraspor,H,2.0,3.25,3.6,1.95,3.2,3.5,2007/8,€31.95m,€43.70m
T1,08/03/2008,Galatasaray,Kayserispor,H,1.4,4.2,7.0,1.4,4.0,7.2,2007/8,€86.35m,€38.50m
T1,09/03/2008,Fenerbahce,Manisaspor,H,1.22,5.5,10.0,1.25,5.5,7.75,2007/8,€95.20m,€46.00m
T1,09/03/2008,Gaziantepspor,Rizespor,D,1.9,3.25,3.75,2.0,3.25,3.4,2007/8,€36.00m,€29.35m
T1,09/03/2008,Oftasspor,Bursaspor,D,2.0,3.25,3.5,2.05,3.2,3.3,2007/8,€27.45m,€37.30m
T1,09/03/2008,Sivasspor,Ankaragucu,H,1.61,3.5,5.5,1.5,3.75,6.0,2007/8,€43.85m,€30.75m
T1,09/03/2008,Trabzonspor,Kasimpasa,H,1.36,4.33,7.5,1.3,4.5,9.0,2007/8,€55.90m,€22.20m
T1,14/03/2008,Manisaspor,Sivasspor,D,3.25,3.2,2.1,3.8,3.2,1.9,2007/8,€46.00m,€43.85m
T1,15/03/2008,Ankaraspor,Galatasaray,A,4.33,3.4,1.75,4.5,3.4,1.7,2007/8,€43.70m,€86.35m
T1,15/03/2008,Bursaspor,Rizespor,H,1.8,3.5,4.2,1.85,3.2,4.0,2007/8,€37.30m,€29.35m
T1,15/03/2008,Kayserispor,Genclerbirligi,H,1.6,3.4,5.75,1.5,3.55,6.5,2007/8,€38.50m,€35.85m
T1,16/03/2008,Ankaragucu,Oftasspor,H,2.1,3.2,3.3,2.1,3.2,3.2,2007/8,€30.75m,€27.45m
T1,16/03/2008,Besiktas,Trabzonspor,H,1.6,3.25,6.0,1.55,3.5,5.75,2007/8,€78.20m,€55.90m
T1,16/03/2008,Denizlispor,Gaziantepspor,H,2.05,3.2,3.5,1.9,3.3,3.7,2007/8,€31.95m,€36.00m
T1,16/03/2008,Kasimpasa,Buyuksehyr,H,2.87,3.2,2.3,2.8,3.2,2.3,2007/8,€22.20m,€39.95m
T1,16/03/2008,Konyaspor,Fenerbahce,A,5.75,3.4,1.6,5.0,3.6,1.6,2007/8,€37.05m,€95.20m
T1,21/03/2008,Fenerbahce,Kasimpasa,H,1.16,6.5,17.0,1.2,5.35,11.0,2007/8,€95.20m,€22.20m
T1,22/03/2008,Buyuksehyr,Besiktas,H,4.5,3.5,1.7,4.2,3.3,1.75,2007/8,€39.95m,€78.20m
T1,22/03/2008,Gaziantepspor,Bursaspor,H,2.1,3.25,3.25,2.1,3.2,3.1,2007/8,€36.00m,€37.30m
T1,22/03/2008,Oftasspor,Manisaspor,H,2.1,3.3,3.2,1.8,3.25,4.0,2007/8,€27.45m,€46.00m
T1,23/03/2008,Galatasaray,Denizlispor,H,1.33,4.75,7.5,1.35,4.1,7.75,2007/8,€86.35m,€31.95m
T1,23/03/2008,Genclerbirligi,Ankaraspor,A,2.1,3.4,3.2,2.15,3.2,3.0,2007/8,€35.85m,€43.70m
T1,23/03/2008,Rizespor,Ankaragucu,D,2.2,3.3,3.0,2.25,3.2,2.8,2007/8,€29.35m,€30.75m
T1,23/03/2008,Sivasspor,Konyaspor,H,1.44,4.0,7.0,1.5,3.5,6.25,2007/8,€43.85m,€37.05m
T1,23/03/2008,Trabzonspor,Kayserispor,H,2.37,3.3,2.75,2.2,3.1,3.0,2007/8,€55.90m,€38.50m
T1,29/03/2008,Ankaraspor,Trabzonspor,H,2.2,3.3,3.0,2.4,3.2,2.7,2007/8,€43.70m,€55.90m
T1,29/03/2008,Besiktas,Fenerbahce,A,2.37,3.3,2.7,2.4,3.1,2.75,2007/8,€78.20m,€95.20m
T1,29/03/2008,Denizlispor,Genclerbirligi,H,2.55,3.2,2.55,2.2,3.15,2.9,2007/8,€31.95m,€35.85m
T1,30/03/2008,Ankaragucu,Bursaspor,H,2.37,3.0,2.9,2.1,3.0,3.4,2007/8,€30.75m,€37.30m
T1,30/03/2008,Galatasaray,Gaziantepspor,D,1.28,5.0,10.0,1.2,5.5,12.0,2007/8,€86.35m,€36.00m
T1,30/03/2008,Kasimpasa,Sivasspor,A,4.33,3.4,1.8,4.2,3.4,1.75,2007/8,€22.20m,€43.85m
T1,30/03/2008,Kayserispor,Buyuksehyr,A,1.55,3.5,6.0,1.5,3.55,6.5,2007/8,€38.50m,€39.95m
T1,30/03/2008,Konyaspor,Oftasspor,A,1.95,3.4,3.5,2.15,3.2,3.1,2007/8,€37.05m,€27.45m
T1,30/03/2008,Manisaspor,Rizespor,H,2.0,3.25,3.4,2.05,3.35,3.15,2007/8,€46.00m,€29.35m
T1,04/04/2008,Trabzonspor,Denizlispor,H,1.61,3.75,5.5,1.6,3.4,5.5,2007/8,€55.90m,€31.95m
T1,05/04/2008,Fenerbahce,Kayserispor,H,1.4,4.0,7.0,1.4,4.0,7.25,2007/8,€95.20m,€38.50m
T1,05/04/2008,Oftasspor,Kasimpasa,A,1.53,3.5,5.5,1.6,3.65,4.95,2007/8,€27.45m,€22.20m
T1,06/04/2008,Bursaspor,Manisaspor,H,1.9,3.25,3.75,1.75,3.3,4.4,2007/8,€37.30m,€46.00m
T1,06/04/2008,Buyuksehyr,Ankaraspor,A,2.1,3.2,3.25,2.0,3.3,3.35,2007/8,€39.95m,€43.70m
T1,06/04/2008,Gaziantepspor,Ankaragucu,H,2.1,3.2,3.25,2.1,3.2,3.2,2007/8,€36.00m,€30.75m
T1,06/04/2008,Genclerbirligi,Galatasaray,A,4.2,3.25,1.8,4.75,3.3,1.7,2007/8,€35.85m,€86.35m
T1,06/04/2008,Rizespor,Konyaspor,D,2.1,3.0,3.4,1.85,3.2,4.0,2007/8,€29.35m,€37.05m
T1,06/04/2008,Sivasspor,Besiktas,A,2.35,3.2,2.8,2.3,3.2,2.85,2007/8,€43.85m,€78.20m
T1,11/04/2008,Besiktas,Oftasspor,A,1.3,4.75,10.0,1.4,4.0,7.25,2007/8,€78.20m,€27.45m
T1,12/04/2008,Denizlispor,Buyuksehyr,A,1.9,3.25,3.6,1.9,3.3,3.65,2007/8,€31.95m,€39.95m
T1,12/04/2008,Galatasaray,Trabzonspor,H,1.4,4.0,7.0,1.45,3.75,7.0,2007/8,€86.35m,€55.90m
T1,12/04/2008,Genclerbirligi,Gaziantepspor,H,1.9,3.3,3.6,1.85,3.2,4.0,2007/8,€35.85m,€36.00m
T1,13/04/2008,Ankaraspor,Fenerbahce,D,5.0,3.5,1.61,6.0,3.75,1.5,2007/8,€43.70m,€95.20m
T1,13/04/2008,Kasimpasa,Rizespor,A,2.37,3.2,2.75,2.4,3.3,2.6,2007/8,€22.20m,€29.35m
T1,13/04/2008,Kayserispor,Sivasspor,A,2.37,3.2,2.75,2.4,3.2,2.7,2007/8,€38.50m,€43.85m
T1,13/04/2008,Manisaspor,Ankaragucu,A,2.2,3.2,3.0,2.15,3.2,3.1,2007/8,€46.00m,€30.75m
T1,19/04/2008,Ankaragucu,Konyaspor,A,1.9,3.3,3.6,1.8,3.4,4.0,2007/8,€30.75m,€37.05m
T1,19/04/2008,Bursaspor,Kasimpasa,H,1.44,4.0,6.5,1.4,4.0,7.25,2007/8,€37.30m,€22.20m
T1,19/04/2008,Fenerbahce,Denizlispor,H,1.2,5.5,11.0,1.15,6.5,13.0,2007/8,€95.20m,€31.95m
T1,19/04/2008,Gaziantepspor,Manisaspor,H,1.9,3.3,3.6,1.75,3.3,4.4,2007/8,€36.00m,€46.00m
T1,19/04/2008,Sivasspor,Ankaraspor,H,1.44,3.75,7.0,1.4,4.0,7.25,2007/8,€43.85m,€43.70m
T1,19/04/2008,Trabzonspor,Genclerbirligi,D,1.83,3.25,4.0,1.75,3.4,4.25,2007/8,€55.90m,€35.85m
T1,20/04/2008,Buyuksehyr,Galatasaray,A,4.75,3.4,1.66,4.65,3.35,1.7,2007/8,€39.95m,€86.35m
T1,20/04/2008,Oftasspor,Kayserispor,D,2.6,3.0,2.6,2.55,3.15,2.55,2007/8,€27.45m,€38.50m
T1,20/04/2008,Rizespor,Besiktas,A,3.6,3.3,1.9,3.75,3.4,1.85,2007/8,€29.35m,€78.20m
T1,26/04/2008,Ankaraspor,Oftasspor,H,1.8,3.4,4.0,1.6,3.5,5.0,2007/8,€43.70m,€27.45m
T1,26/04/2008,Besiktas,Bursaspor,H,1.44,3.6,7.0,1.5,3.75,5.65,2007/8,€78.20m,€37.30m
T1,26/04/2008,Denizlispor,Sivasspor,A,3.75,3.4,1.83,4.0,3.45,1.75,2007/8,€31.95m,€43.85m
T1,26/04/2008,Gaziantepspor,Trabzonspor,D,2.5,3.2,2.62,2.5,3.2,2.5,2007/8,€36.00m,€55.90m
T1,26/04/2008,Genclerbirligi,Buyuksehyr,H,1.57,3.6,5.0,1.6,3.5,4.9,2007/8,€35.85m,€39.95m
T1,26/04/2008,Kasimpasa,Ankaragucu,D,2.75,3.2,2.37,2.8,3.2,2.25,2007/8,€22.20m,€30.75m
T1,26/04/2008,Manisaspor,Konyaspor,H,2.37,3.25,2.8,2.3,3.2,2.75,2007/8,€46.00m,€37.05m
T1,27/04/2008,Galatasaray,Fenerbahce,H,2.37,3.2,2.75,2.35,3.15,2.7,2007/8,€86.35m,€95.20m
T1,03/05/2008,Buyuksehyr,Trabzonspor,A,2.4,3.1,2.6,2.4,3.25,2.65,2007/8,€39.95m,€55.90m
T1,03/05/2008,Oftasspor,Denizlispor,A,2.2,3.2,2.8,2.15,3.3,3.0,2007/8,€27.45m,€31.95m
T1,03/05/2008,Rizespor,Ankaraspor,A,2.1,3.2,3.0,2.2,3.2,3.0,2007/8,€29.35m,€43.70m
T1,04/05/2008,Ankaragucu,Besiktas,A,4.2,3.25,1.75,4.8,3.5,1.65,2007/8,€30.75m,€78.20m
T1,04/05/2008,Bursaspor,Kayserispor,A,2.1,3.2,3.0,2.3,3.3,2.75,2007/8,€37.30m,€38.50m
T1,04/05/2008,Fenerbahce,Genclerbirligi,H,1.25,4.75,9.0,1.25,4.85,10.25,2007/8,€95.20m,€35.85m
T1,04/05/2008,Konyaspor,Gaziantepspor,D,1.83,3.0,4.0,1.85,3.05,4.25,2007/8,€37.05m,€36.00m
T1,04/05/2008,Manisaspor,Kasimpasa,A,1.5,3.5,6.0,1.45,3.95,6.25,2007/8,€46.00m,€22.20m
T1,04/05/2008,Sivasspor,Galatasaray,A,2.8,3.2,2.2,3.0,3.2,2.2,2007/8,€43.85m,€86.35m
T1,10/05/2008,Ankaraspor,Bursaspor,D,2.2,3.2,3.1,2.2,3.05,3.15,2007/8,€43.70m,€37.30m
T1,10/05/2008,Besiktas,Manisaspor,H,1.16,6.0,12.0,1.18,6.0,12.0,2007/8,€78.20m,€46.00m
T1,10/05/2008,Denizlispor,Rizespor,H,1.57,3.6,5.5,1.55,3.65,5.5,2007/8,€31.95m,€29.35m
T1,10/05/2008,Galatasaray,Oftasspor,H,1.16,7.0,15.0,1.15,6.5,13.0,2007/8,€86.35m,€27.45m
T1,10/05/2008,Gaziantepspor,Buyuksehyr,H,2.1,3.25,3.2,2.1,3.1,3.3,2007/8,€36.00m,€39.95m
T1,10/05/2008,Genclerbirligi,Sivasspor,A,5.0,3.6,1.65,5.25,3.6,1.55,2007/8,€35.85m,€43.85m
T1,10/05/2008,Kasimpasa,Konyaspor,H,2.5,3.2,2.62,2.4,3.2,2.7,2007/8,€22.20m,€37.05m
T1,10/05/2008,Kayserispor,Ankaragucu,A,1.57,3.6,5.5,1.62,3.6,4.8,2007/8,€38.50m,€30.75m
T1,10/05/2008,Trabzonspor,Fenerbahce,H,4.33,3.25,1.8,4.8,3.5,1.65,2007/8,€55.90m,€95.20m
T1,23/08/2008,Buyuksehyr,Eskisehirspor,D,1.95,3.3,3.6,1.9,3.3,3.65,2008/9,€24.90m,€24.95m
T1,23/08/2008,Galatasaray,Denizlispor,H,1.36,4.33,7.5,1.25,5.0,10.0,2008/9,€119.60m,€21.80m
T1,23/08/2008,Gaziantepspor,Fenerbahce,H,4.5,3.5,1.7,4.5,3.4,1.7,2008/9,€26.35m,€106.75m
T1,23/08/2008,Hacettepespor,Bursaspor,A,2.3,3.2,2.88,2.12,3.25,3.1,2008/9,€21.30m,€29.50m
T1,23/08/2008,Sivasspor,Kayserispor,D,2.05,3.1,3.6,1.8,3.4,4.0,2008/9,€36.70m,€33.50m
T1,24/08/2008,Antalyaspor,Besiktas,A,5.5,3.5,1.6,5.25,3.5,1.6,2008/9,€20.75m,€83.55m
T1,24/08/2008,Genclerbirligi,Kocaelispor,D,1.67,3.4,4.75,1.65,3.4,5.0,2008/9,€27.30m,€26.80m
T1,24/08/2008,Konyaspor,Ankaragucu,H,2.15,3.25,3.1,2.2,3.2,3.0,2008/9,€26.90m,€29.95m
T1,24/08/2008,Trabzonspor,Ankaraspor,H,1.6,3.5,5.5,1.55,3.65,5.5,2008/9,€57.25m,€35.38m
T1,29/08/2008,Ankaragucu,Trabzonspor,A,2.9,3.25,2.3,2.85,3.3,2.25,2008/9,€29.95m,€57.25m
T1,30/08/2008,Ankaraspor,Gaziantepspor,A,2.3,3.25,2.9,1.97,3.3,3.4,2008/9,€35.38m,€26.35m
T1,30/08/2008,Fenerbahce,Buyuksehyr,H,1.29,4.75,9.0,1.2,5.4,12.0,2008/9,€106.75m,€24.90m
T1,30/08/2008,Kocaelispor,Sivasspor,A,2.7,3.2,2.45,2.9,3.3,2.2,2008/9,€26.80m,€36.70m
T1,31/08/2008,Bursaspor,Genclerbirligi,H,2.25,3.2,3.0,2.1,3.35,3.05,2008/9,€29.50m,€27.30m
T1,31/08/2008,Denizlispor,Antalyaspor,H,2.1,3.25,3.25,2.15,3.25,3.05,2008/9,€21.80m,€20.75m
T1,31/08/2008,Eskisehirspor,Hacettepespor,D,1.95,3.25,3.6,2.0,3.35,3.3,2008/9,€24.95m,€21.30m
T1,31/08/2008,Kayserispor,Galatasaray,D,3.5,3.3,2.0,2.9,3.3,2.2,2008/9,€33.50m,€119.60m
T1,01/09/2008,Besiktas,Konyaspor,H,1.3,4.5,8.5,1.25,5.0,10.0,2008/9,€83.55m,€26.90m
T1,13/09/2008,Galatasaray,Antalyaspor,D,1.17,6.0,13.0,1.15,6.0,15.0,2008/9,€119.60m,€20.75m
T1,13/09/2008,Hacettepespor,Fenerbahce,H,6.5,4.0,1.4,7.7,4.5,1.34,2008/9,€21.30m,€106.75m
T1,13/09/2008,Kayserispor,Kocaelispor,H,1.5,3.8,6.5,1.37,4.1,7.75,2008/9,€33.50m,€26.80m
T1,13/09/2008,Konyaspor,Denizlispor,D,2.0,3.25,3.5,2.05,3.25,3.25,2008/9,€26.90m,€21.80m
T1,14/09/2008,Buyuksehyr,Ankaraspor,A,2.45,3.2,2.7,2.25,3.2,2.9,2008/9,€24.90m,€35.38m
T1,14/09/2008,Gaziantepspor,Ankaragucu,D,1.7,3.4,4.33,1.67,3.4,4.75,2008/9,€26.35m,€29.95m
T1,14/09/2008,Genclerbirligi,Eskisehirspor,H,1.8,3.25,4.2,1.8,3.25,4.15,2008/9,€27.30m,€24.95m
T1,14/09/2008,Sivasspor,Bursaspor,H,1.53,3.8,5.5,1.6,3.5,5.25,2008/9,€36.70m,€29.50m
T1,14/09/2008,Trabzonspor,Besiktas,D,2.6,3.25,2.5,2.65,3.25,2.4,2008/9,€57.25m,€83.55m
T1,19/09/2008,Denizlispor,Trabzonspor,A,3.25,3.3,2.2,2.75,3.3,2.3,2008/9,€21.80m,€57.25m
T1,20/09/2008,Ankaragucu,Buyuksehyr,D,1.8,3.3,4.2,1.7,3.3,4.7,2008/9,€29.95m,€24.90m
T1,20/09/2008,Eskisehirspor,Sivasspor,D,3.1,3.2,2.2,3.75,3.25,1.9,2008/9,€24.95m,€36.70m
T1,20/09/2008,Fenerbahce,Genclerbirligi,H,1.33,4.5,8.0,1.3,4.75,8.5,2008/9,€106.75m,€27.30m
T1,21/09/2008,Ankaraspor,Hacettepespor,H,1.67,3.4,4.75,1.55,3.55,5.5,2008/9,€35.38m,€21.30m
T1,21/09/2008,Antalyaspor,Konyaspor,A,2.1,3.25,3.25,1.9,3.25,3.75,2008/9,€20.75m,€26.90m
T1,21/09/2008,Besiktas,Gaziantepspor,H,1.4,4.2,6.5,1.37,4.0,8.25,2008/9,€83.55m,€26.35m
T1,21/09/2008,Bursaspor,Kayserispor,H,2.3,3.2,2.88,2.6,3.3,2.4,2008/9,€29.50m,€33.50m
T1,21/09/2008,Kocaelispor,Galatasaray,A,6.0,3.4,1.57,6.5,3.9,1.45,2008/9,€26.80m,€119.60m
T1,26/09/2008,Sivasspor,Fenerbahce,H,3.2,3.4,2.2,3.3,3.2,2.05,2008/9,€36.70m,€106.75m
T1,27/09/2008,Buyuksehyr,Besiktas,D,5.5,3.75,1.62,5.5,3.35,1.6,2008/9,€24.90m,€83.55m
T1,27/09/2008,Genclerbirligi,Ankaraspor,D,2.1,3.3,3.2,2.25,3.25,2.85,2008/9,€27.30m,€35.38m
T1,27/09/2008,Kocaelispor,Bursaspor,A,2.5,3.25,2.6,2.5,3.3,2.5,2008/9,€26.80m,€29.50m
T1,27/09/2008,Trabzonspor,Antalyaspor,H,1.36,4.5,9.0,1.4,4.1,7.0,2008/9,€57.25m,€20.75m
T1,28/09/2008,Galatasaray,Konyaspor,H,1.25,5.25,12.0,1.2,5.5,11.0,2008/9,€119.60m,€26.90m
T1,28/09/2008,Gaziantepspor,Denizlispor,H,1.75,3.3,4.2,1.72,3.4,4.3,2008/9,€26.35m,€21.80m
T1,28/09/2008,Hacettepespor,Ankaragucu,A,2.55,3.2,2.55,2.2,3.25,3.0,2008/9,€21.30m,€29.95m
T1,28/09/2008,Kayserispor,Eskisehirspor,H,1.5,3.6,6.5,1.4,3.75,8.15,2008/9,€33.50m,€24.95m
T1,04/10/2008,Ankaraspor,Sivasspor,H,2.88,3.2,2.3,2.95,3.25,2.2,2008/9,€35.38m,€36.70m
T1,04/10/2008,Antalyaspor,Gaziantepspor,A,2.62,3.2,2.5,2.55,3.3,2.5,2008/9,€20.75m,€26.35m
T1,04/10/2008,Konyaspor,Trabzonspor,A,3.0,3.25,2.2,3.25,3.25,2.05,2008/9,€26.90m,€57.25m
T1,05/10/2008,Ankaragucu,Genclerbirligi,A,2.38,3.2,2.8,2.3,3.3,2.75,2008/9,€29.95m,€27.30m
T1,05/10/2008,Bursaspor,Galatasaray,H,4.5,3.4,1.73,3.8,3.4,1.85,2008/9,€29.50m,€119.60m
T1,05/10/2008,Denizlispor,Buyuksehyr,H,1.95,3.25,3.6,1.9,3.25,3.75,2008/9,€21.80m,€24.90m
T1,05/10/2008,Eskisehirspor,Kocaelispor,H,2.05,3.25,3.4,2.0,3.25,3.4,2008/9,€24.95m,€26.80m
T1,05/10/2008,Fenerbahce,Kayserispor,A,1.44,4.0,6.5,1.4,4.0,7.25,2008/9,€106.75m,€33.50m
T1,06/10/2008,Besiktas,Hacettepespor,H,1.25,5.0,10.0,1.2,5.5,12.0,2008/9,€83.55m,€21.30m
T1,18/10/2008,Bursaspor,Eskisehirspor,A,1.5,4.0,5.75,1.4,4.0,7.25,2008/9,€29.50m,€24.95m
T1,18/10/2008,Buyuksehyr,Antalyaspor,H,2.1,3.3,3.5,1.9,3.3,3.7,2008/9,€24.90m,€20.75m
T1,18/10/2008,Hacettepespor,Denizlispor,H,2.4,3.3,2.88,2.4,3.4,2.55,2008/9,€21.30m,€21.80m
T1,18/10/2008,Kocaelispor,Fenerbahce,A,5.5,3.75,1.62,5.0,3.4,1.65,2008/9,€26.80m,€106.75m
T1,19/10/2008,Galatasaray,Trabzonspor,H,1.73,3.5,4.5,1.7,3.4,4.5,2008/9,€119.60m,€57.25m
T1,19/10/2008,Gaziantepspor,Konyaspor,A,1.8,3.3,4.33,1.8,3.4,4.0,2008/9,€26.35m,€26.90m
T1,19/10/2008,Genclerbirligi,Besiktas,A,4.2,3.25,1.83,3.9,3.3,1.85,2008/9,€27.30m,€83.55m
T1,19/10/2008,Kayserispor,Ankaraspor,A,1.67,3.4,5.0,1.65,3.4,5.0,2008/9,€33.50m,€35.38m
T1,19/10/2008,Sivasspor,Ankaragucu,H,1.5,3.75,6.5,1.4,4.0,7.25,2008/9,€36.70m,€29.95m
T1,24/10/2008,Besiktas,Sivasspor,D,1.53,4.0,6.25,1.6,3.4,5.5,2008/9,€83.55m,€36.70m
T1,25/10/2008,Ankaraspor,Kocaelispor,H,1.62,3.6,5.0,1.5,3.75,6.0,2008/9,€35.38m,€26.80m
T1,25/10/2008,Denizlispor,Genclerbirligi,D,2.25,3.2,3.0,2.1,3.2,3.2,2008/9,€21.80m,€27.30m
T1,25/10/2008,Fenerbahce,Bursaspor,H,1.5,3.75,6.5,1.45,3.75,7.0,2008/9,€106.75m,€29.50m
T1,26/10/2008,Ankaragucu,Kayserispor,A,2.7,3.2,2.4,3.0,3.2,2.2,2008/9,€29.95m,€33.50m
T1,26/10/2008,Antalyaspor,Hacettepespor,D,2.2,3.25,3.0,2.1,3.3,3.1,2008/9,€20.75m,€21.30m
T1,26/10/2008,Eskisehirspor,Galatasaray,H,5.5,3.75,1.57,5.75,3.5,1.55,2008/9,€24.95m,€119.60m
T1,26/10/2008,Konyaspor,Buyuksehyr,A,1.91,3.3,3.75,1.85,3.2,4.0,2008/9,€26.90m,€24.90m
T1,26/10/2008,Trabzonspor,Gaziantepspor,D,1.67,3.5,4.75,1.65,3.4,5.0,2008/9,€57.25m,€26.35m
T1,01/11/2008,Buyuksehyr,Trabzonspor,A,2.88,3.2,2.2,3.2,3.1,2.15,2008/9,€24.90m,€57.25m
T1,01/11/2008,Eskisehirspor,Fenerbahce,D,4.33,3.4,1.73,5.0,3.4,1.65,2008/9,€24.95m,€106.75m
T1,01/11/2008,Hacettepespor,Konyaspor,A,2.3,3.2,2.8,2.2,3.3,2.9,2008/9,€21.30m,€26.90m
T1,02/11/2008,Bursaspor,Ankaraspor,A,2.0,3.2,3.5,2.1,3.2,3.2,2008/9,€29.50m,€35.38m
T1,02/11/2008,Galatasaray,Gaziantepspor,H,1.33,4.5,8.0,1.3,4.5,9.0,2008/9,€119.60m,€26.35m
T1,02/11/2008,Genclerbirligi,Antalyaspor,A,1.73,3.4,4.33,1.7,3.4,4.5,2008/9,€27.30m,€20.75m
T1,02/11/2008,Kayserispor,Besiktas,H,3.2,3.2,2.1,3.0,3.2,2.2,2008/9,€33.50m,€83.55m
T1,02/11/2008,Kocaelispor,Ankaragucu,D,2.3,3.2,2.8,2.5,3.3,2.5,2008/9,€26.80m,€29.95m
T1,02/11/2008,Sivasspor,Denizlispor,H,1.5,3.6,6.0,1.6,3.5,5.25,2008/9,€36.70m,€21.80m
T1,07/11/2008,Besiktas,Kocaelispor,H,1.22,6.0,13.0,1.2,5.5,12.0,2008/9,€83.55m,€26.80m
T1,08/11/2008,Ankaragucu,Bursaspor,D,2.6,3.2,2.5,2.9,3.2,2.25,2008/9,€29.95m,€29.50m
T1,08/11/2008,Trabzonspor,Hacettepespor,H,1.33,4.5,8.0,1.35,4.2,8.0,2008/9,€57.25m,€21.30m
T1,09/11/2008,Ankaraspor,Eskisehirspor,H,1.73,3.4,4.33,1.6,3.5,5.25,2008/9,€35.38m,€24.95m
T1,09/11/2008,Antalyaspor,Sivasspor,H,3.6,3.3,1.91,4.0,3.4,1.8,2008/9,€20.75m,€36.70m
T1,09/11/2008,Denizlispor,Kayserispor,H,2.6,3.2,2.5,2.7,3.2,2.4,2008/9,€21.80m,€33.50m
T1,09/11/2008,Fenerbahce,Galatasaray,H,2.3,3.2,2.8,2.2,3.3,2.9,2008/9,€106.75m,€119.60m
T1,09/11/2008,Gaziantepspor,Buyuksehyr,A,1.73,3.4,4.33,1.85,3.2,4.0,2008/9,€26.35m,€24.90m
T1,09/11/2008,Konyaspor,Genclerbirligi,D,2.1,3.2,3.2,2.1,3.2,3.2,2008/9,€26.90m,€27.30m
T1,14/11/2008,Genclerbirligi,Trabzonspor,A,3.4,3.3,2.1,4.0,3.2,1.85,2008/9,€27.30m,€57.25m
T1,15/11/2008,Fenerbahce,Ankaraspor,H,1.55,3.75,5.5,1.45,4.0,6.25,2008/9,€106.75m,€35.38m
T1,15/11/2008,Kocaelispor,Denizlispor,H,2.25,3.25,2.9,2.55,3.3,2.45,2008/9,€26.80m,€21.80m
T1,16/11/2008,Bursaspor,Besiktas,D,3.75,3.25,1.91,3.75,3.25,1.9,2008/9,€29.50m,€83.55m
T1,16/11/2008,Eskisehirspor,Ankaragucu,A,1.91,3.25,3.75,1.7,3.4,4.5,2008/9,€24.95m,€29.95m
T1,16/11/2008,Galatasaray,Buyuksehyr,H,1.25,5.0,11.0,1.25,5.0,10.0,2008/9,€119.60m,€24.90m
T1,16/11/2008,Hacettepespor,Gaziantepspor,D,2.5,3.2,2.6,2.4,3.3,2.6,2008/9,€21.30m,€26.35m
T1,16/11/2008,Kayserispor,Antalyaspor,D,1.5,3.8,6.0,1.45,4.0,6.25,2008/9,€33.50m,€20.75m
T1,16/11/2008,Sivasspor,Konyaspor,H,1.55,3.75,5.5,1.5,3.75,6.0,2008/9,€36.70m,€26.90m
T1,22/11/2008,Ankaragucu,Fenerbahce,D,5.0,3.6,1.62,5.25,3.5,1.6,2008/9,€29.95m,€106.75m
T1,22/11/2008,Ankaraspor,Galatasaray,D,3.1,3.3,2.15,3.1,3.3,2.1,2008/9,€35.38m,€119.60m
T1,22/11/2008,Antalyaspor,Kocaelispor,D,1.85,3.4,4.33,1.75,3.3,4.4,2008/9,€20.75m,€26.80m
T1,22/11/2008,Gaziantepspor,Genclerbirligi,H,2.0,3.4,3.75,2.0,3.25,3.4,2008/9,€26.35m,€27.30m
T1,23/11/2008,Besiktas,Eskisehirspor,H,1.3,4.5,10.0,1.3,4.5,9.0,2008/9,€83.55m,€24.95m
T1,23/11/2008,Buyuksehyr,Hacettepespor,H,1.95,3.3,3.6,1.95,3.25,3.55,2008/9,€24.90m,€21.30m
T1,23/11/2008,Denizlispor,Bursaspor,H,2.55,3.3,2.5,2.3,3.3,2.75,2008/9,€21.80m,€29.50m
T1,23/11/2008,Konyaspor,Kayserispor,D,2.5,3.25,2.62,2.8,3.2,2.3,2008/9,€26.90m,€33.50m
T1,23/11/2008,Trabzonspor,Sivasspor,D,1.91,3.4,3.6,1.85,3.2,4.0,2008/9,€57.25m,€36.70m
T1,28/11/2008,Kayserispor,Trabzonspor,D,2.62,3.25,2.62,2.5,3.1,2.65,2008/9,€33.50m,€57.25m
T1,29/11/2008,Ankaraspor,Ankaragucu,A,1.8,3.4,4.5,1.7,3.4,4.6,2008/9,€35.38m,€29.95m
T1,29/11/2008,Eskisehirspor,Denizlispor,H,2.1,3.25,3.6,2.1,3.3,3.1,2008/9,€24.95m,€21.80m
T1,29/11/2008,Fenerbahce,Besiktas,H,2.38,3.25,3.0,2.1,3.25,3.15,2008/9,€106.75m,€83.55m
T1,29/11/2008,Sivasspor,Gaziantepspor,H,1.73,3.5,5.0,1.6,3.5,5.25,2008/9,€36.70m,€26.35m
T1,30/11/2008,Bursaspor,Antalyaspor,D,1.73,3.5,4.5,1.75,3.3,4.4,2008/9,€29.50m,€20.75m
T1,30/11/2008,Galatasaray,Hacettepespor,H,1.2,6.0,11.0,1.15,6.5,13.0,2008/9,€119.60m,€21.30m
T1,30/11/2008,Genclerbirligi,Buyuksehyr,D,2.1,3.25,3.25,2.1,3.3,3.1,2008/9,€27.30m,€24.90m
T1,30/11/2008,Kocaelispor,Konyaspor,H,2.5,3.25,2.6,2.7,3.3,2.3,2008/9,€26.80m,€26.90m
T1,05/12/2008,Denizlispor,Fenerbahce,A,4.75,3.6,1.75,4.45,3.45,1.7,2008/9,€21.80m,€106.75m
T1,06/12/2008,Antalyaspor,Eskisehirspor,D,2.0,3.25,3.5,2.0,3.25,3.4,2008/9,€20.75m,€24.95m
T1,06/12/2008,Besiktas,Ankaraspor,A,1.44,4.0,7.0,1.5,3.75,5.85,2008/9,€83.55m,€35.38m
T1,06/12/2008,Gaziantepspor,Kayserispor,D,2.62,3.25,2.5,2.35,3.25,2.7,2008/9,€26.35m,€33.50m
T1,06/12/2008,Hacettepespor,Genclerbirligi,A,2.75,3.2,2.4,2.8,3.25,2.25,2008/9,€21.30m,€27.30m
T1,07/12/2008,Ankaragucu,Galatasaray,A,4.75,3.5,1.67,4.75,3.5,1.65,2008/9,€29.95m,€119.60m
T1,07/12/2008,Buyuksehyr,Sivasspor,A,3.1,3.25,2.15,2.95,3.15,2.25,2008/9,€24.90m,€36.70m
T1,07/12/2008,Konyaspor,Bursaspor,D,2.2,3.25,3.0,2.3,3.2,2.8,2008/9,€26.90m,€29.50m
T1,07/12/2008,Trabzonspor,Kocaelispor,H,1.25,5.0,11.0,1.25,5.0,10.0,2008/9,€57.25m,€26.80m
T1,12/12/2008,Genclerbirligi,Galatasaray,A,5.25,3.4,1.62,4.4,3.5,1.7,2008/9,€27.30m,€119.60m
T1,13/12/2008,Besiktas,Ankaragucu,H,1.25,5.5,12.0,1.25,5.0,10.0,2008/9,€83.55m,€29.95m
T1,13/12/2008,Bursaspor,Trabzonspor,H,3.1,3.25,2.3,3.0,3.2,2.2,2008/9,€29.50m,€57.25m
T1,13/12/2008,Kayserispor,Buyuksehyr,H,1.67,3.4,5.0,1.6,3.5,5.25,2008/9,€33.50m,€24.90m
T1,13/12/2008,Sivasspor,Hacettepespor,H,1.33,4.5,8.0,1.35,4.5,7.25,2008/9,€36.70m,€21.30m
T1,14/12/2008,Ankaraspor,Denizlispor,H,1.73,3.4,4.5,1.8,3.25,4.15,2008/9,€35.38m,€21.80m
T1,14/12/2008,Eskisehirspor,Konyaspor,D,2.1,3.2,3.2,2.2,3.2,3.0,2008/9,€24.95m,€26.90m
T1,14/12/2008,Fenerbahce,Antalyaspor,H,1.25,5.5,9.0,1.25,5.0,10.0,2008/9,€106.75m,€20.75m
T1,14/12/2008,Kocaelispor,Gaziantepspor,A,2.5,3.3,2.5,2.5,3.15,2.6,2008/9,€26.80m,€26.35m
T1,19/12/2008,Konyaspor,Fenerbahce,A,5.0,3.6,1.7,5.0,3.6,1.6,2008/9,€26.90m,€106.75m
T1,20/12/2008,Buyuksehyr,Kocaelispor,H,1.83,3.3,4.33,1.75,3.4,4.25,2008/9,€24.90m,€26.80m
T1,20/12/2008,Hacettepespor,Kayserispor,A,3.25,3.25,2.1,3.3,3.1,2.1,2008/9,€21.30m,€33.50m
T1,20/12/2008,Trabzonspor,Eskisehirspor,H,1.33,4.2,10.0,1.35,4.0,9.0,2008/9,€57.25m,€24.95m
T1,21/12/2008,Antalyaspor,Ankaraspor,D,2.9,3.2,2.3,2.9,3.3,2.2,2008/9,€20.75m,€35.38m
T1,21/12/2008,Denizlispor,Ankaragucu,D,2.0,3.3,3.5,2.0,3.25,3.4,2008/9,€21.80m,€29.95m
T1,21/12/2008,Galatasaray,Besiktas,H,1.8,3.4,4.2,1.8,3.4,4.0,2008/9,€119.60m,€83.55m
T1,21/12/2008,Gaziantepspor,Bursaspor,H,2.0,3.25,3.5,2.0,3.25,3.4,2008/9,€26.35m,€29.50m
T1,21/12/2008,Genclerbirligi,Sivasspor,A,3.6,3.25,2.0,3.1,3.3,2.1,2008/9,€27.30m,€36.70m
T1,23/01/2009,Ankaraspor,Konyaspor,H,1.65,3.6,5.5,1.5,3.85,5.5,2008/9,€35.38m,€26.90m
T1,24/01/2009,Ankaragucu,Antalyaspor,A,2.05,3.2,3.4,2.05,3.2,3.3,2008/9,€29.95m,€20.75m
T1,24/01/2009,Besiktas,Denizlispor,H,1.33,4.5,8.0,1.3,4.2,10.0,2008/9,€83.55m,€21.80m
T1,24/01/2009,Eskisehirspor,Gaziantepspor,D,2.3,3.25,2.8,2.3,3.3,2.75,2008/9,€24.95m,€26.35m
T1,24/01/2009,Kayserispor,Genclerbirligi,A,1.61,3.6,5.0,1.65,3.4,5.0,2008/9,€33.50m,€27.30m
T1,24/01/2009,Sivasspor,Galatasaray,H,2.62,3.2,2.5,2.6,3.3,2.4,2008/9,€36.70m,€119.60m
T1,25/01/2009,Bursaspor,Buyuksehyr,H,1.8,3.3,4.2,1.75,3.3,4.4,2008/9,€29.50m,€24.90m
T1,25/01/2009,Fenerbahce,Trabzonspor,D,1.8,3.3,4.33,1.75,3.4,4.2,2008/9,€106.75m,€57.25m
T1,25/01/2009,Kocaelispor,Hacettepespor,H,2.15,3.2,3.1,2.1,3.2,3.15,2008/9,€26.80m,€21.30m
T1,31/01/2009,Ankaraspor,Trabzonspor,A,2.62,3.25,2.37,2.65,3.15,2.45,2008/9,€35.38m,€57.25m
T1,31/01/2009,Denizlispor,Galatasaray,A,4.33,3.5,1.7,5.0,3.4,1.65,2008/9,€21.80m,€119.60m
T1,31/01/2009,Kayserispor,Sivasspor,D,2.6,3.25,2.4,2.65,3.25,2.35,2008/9,€33.50m,€36.70m
T1,31/01/2009,Kocaelispor,Genclerbirligi,A,2.75,3.3,2.3,2.7,3.2,2.4,2008/9,€26.80m,€27.30m
T1,01/02/2009,Ankaragucu,Konyaspor,A,2.0,3.3,3.25,2.2,3.2,3.0,2008/9,€29.95m,€26.90m
T1,01/02/2009,Besiktas,Antalyaspor,H,1.3,4.33,10.0,1.3,4.5,9.0,2008/9,€83.55m,€20.75m
T1,01/02/2009,Bursaspor,Hacettepespor,D,1.53,3.5,6.0,1.55,3.5,5.75,2008/9,€29.50m,€21.30m
T1,01/02/2009,Eskisehirspor,Buyuksehyr,H,2.05,3.25,3.25,2.15,3.05,3.25,2008/9,€24.95m,€24.90m
T1,01/02/2009,Fenerbahce,Gaziantepspor,D,1.33,4.2,9.0,1.35,4.25,8.0,2008/9,€106.75m,€26.35m
T1,06/02/2009,Trabzonspor,Ankaragucu,H,1.28,5.0,12.0,1.3,4.5,9.0,2008/9,€57.25m,€29.95m
T1,07/02/2009,Galatasaray,Kayserispor,D,1.36,4.2,7.5,1.35,4.0,9.0,2008/9,€119.60m,€33.50m
T1,07/02/2009,Hacettepespor,Eskisehirspor,D,2.7,3.2,2.4,2.65,3.25,2.4,2008/9,€21.30m,€24.95m
T1,07/02/2009,Sivasspor,Kocaelispor,H,1.22,5.25,12.0,1.2,6.0,10.0,2008/9,€36.70m,€26.80m
T1,08/02/2009,Antalyaspor,Denizlispor,H,1.8,3.5,4.2,1.83,3.25,4.0,2008/9,€20.75m,€21.80m
T1,08/02/2009,Buyuksehyr,Fenerbahce,H,5.75,3.8,1.55,5.15,3.5,1.6,2008/9,€24.90m,€106.75m
T1,08/02/2009,Gaziantepspor,Ankaraspor,H,2.25,3.25,2.9,2.25,3.25,2.85,2008/9,€26.35m,€35.38m
T1,08/02/2009,Genclerbirligi,Bursaspor,A,2.0,3.2,3.6,2.0,3.25,3.4,2008/9,€27.30m,€29.50m
T1,08/02/2009,Konyaspor,Besiktas,D,4.33,3.5,1.72,4.5,3.4,1.7,2008/9,€26.90m,€83.55m
T1,14/02/2009,Ankaragucu,Gaziantepspor,H,2.8,3.25,2.37,2.7,3.2,2.4,2008/9,€29.95m,€26.35m
T1,14/02/2009,Antalyaspor,Galatasaray,H,5.75,3.6,1.57,5.0,3.4,1.65,2008/9,€20.75m,€119.60m
T1,14/02/2009,Eskisehirspor,Genclerbirligi,D,2.2,3.25,3.0,2.05,3.25,3.25,2008/9,€24.95m,€27.30m
T1,14/02/2009,Fenerbahce,Hacettepespor,H,1.2,6.0,11.0,1.2,6.0,10.0,2008/9,€106.75m,€21.30m
T1,15/02/2009,Ankaraspor,Buyuksehyr,A,1.57,3.6,5.75,1.65,3.4,5.0,2008/9,€35.38m,€24.90m
T1,15/02/2009,Besiktas,Trabzonspor,D,2.1,3.4,3.1,2.15,3.3,3.0,2008/9,€83.55m,€57.25m
T1,15/02/2009,Bursaspor,Sivasspor,D,3.4,3.3,2.0,3.4,3.25,2.0,2008/9,€29.50m,€36.70m
T1,15/02/2009,Denizlispor,Konyaspor,H,2.1,3.4,3.1,2.1,3.3,3.1,2008/9,€21.80m,€26.90m
T1,15/02/2009,Kocaelispor,Kayserispor,A,3.4,3.4,2.0,2.85,3.25,2.25,2008/9,€26.80m,€33.50m
T1,20/02/2009,Gaziantepspor,Besiktas,A,3.2,3.3,2.25,2.68,3.25,2.25,2008/9,€26.35m,€83.55m
T1,21/02/2009,Buyuksehyr,Ankaragucu,A,2.5,3.2,2.7,2.4,3.25,2.65,2008/9,€24.90m,€29.95m
T1,21/02/2009,Genclerbirligi,Fenerbahce,H,4.33,3.6,1.7,5.0,3.4,1.65,2008/9,€27.30m,€106.75m
T1,21/02/2009,Kayserispor,Bursaspor,D,2.1,3.2,3.3,2.0,3.25,3.4,2008/9,€33.50m,€29.50m
T1,21/02/2009,Konyaspor,Antalyaspor,H,2.2,3.2,3.1,2.1,3.2,3.2,2008/9,€26.90m,€20.75m
T1,21/02/2009,Trabzonspor,Denizlispor,A,1.25,5.0,9.5,1.25,5.0,10.0,2008/9,€57.25m,€21.80m
T1,22/02/2009,Galatasaray,Kocaelispor,A,1.25,5.0,10.0,1.2,6.0,10.0,2008/9,€119.60m,€26.80m
T1,22/02/2009,Hacettepespor,Ankaraspor,H,3.3,3.3,2.05,3.1,3.3,2.1,2008/9,€21.30m,€35.38m
T1,22/02/2009,Sivasspor,Eskisehirspor,H,1.33,4.33,9.0,1.35,4.0,9.0,2008/9,€36.70m,€24.95m
T1,27/02/2009,Besiktas,Buyuksehyr,H,1.36,4.5,9.5,1.35,4.0,9.0,2008/9,€83.55m,€24.90m
T1,28/02/2009,Ankaraspor,Genclerbirligi,D,2.4,3.0,2.9,2.15,3.25,3.0,2008/9,€35.38m,€27.30m
T1,28/02/2009,Denizlispor,Gaziantepspor,H,2.3,3.3,2.8,2.4,3.2,2.7,2008/9,€21.80m,€26.35m
T1,28/02/2009,Eskisehirspor,Kayserispor,H,2.5,3.1,2.7,2.4,3.2,2.7,2008/9,€24.95m,€33.50m
T1,28/02/2009,Fenerbahce,Sivasspor,H,1.9,3.2,3.75,1.85,3.3,3.85,2008/9,€106.75m,€36.70m
T1,01/03/2009,Ankaragucu,Hacettepespor,H,1.66,3.4,5.0,1.65,3.4,5.0,2008/9,€29.95m,€21.30m
T1,01/03/2009,Antalyaspor,Trabzonspor,A,3.5,3.2,2.0,3.4,3.25,2.0,2008/9,€20.75m,€57.25m
T1,01/03/2009,Bursaspor,Kocaelispor,D,1.61,3.4,5.5,1.7,3.3,4.75,2008/9,€29.50m,€26.80m
T1,01/03/2009,Konyaspor,Galatasaray,A,4.5,3.4,1.72,4.75,3.3,1.7,2008/9,€26.90m,€119.60m
T1,06/03/2009,Galatasaray,Bursaspor,H,1.36,4.5,9.0,1.35,4.25,8.0,2008/9,€119.60m,€29.50m
T1,07/03/2009,Buyuksehyr,Denizlispor,A,2.1,3.2,3.3,2.1,3.0,3.45,2008/9,€24.90m,€21.80m
T1,07/03/2009,Gaziantepspor,Antalyaspor,D,1.9,3.3,3.75,1.85,3.2,4.0,2008/9,€26.35m,€20.75m
T1,07/03/2009,Hacettepespor,Besiktas,A,6.0,3.75,1.53,5.75,3.85,1.5,2008/9,€21.30m,€83.55m
T1,07/03/2009,Trabzonspor,Konyaspor,A,1.4,4.0,8.0,1.4,4.0,7.25,2008/9,€57.25m,€26.90m
T1,08/03/2009,Genclerbirligi,Ankaragucu,H,2.4,3.2,2.75,2.3,3.2,2.8,2008/9,€27.30m,€29.95m
T1,08/03/2009,Kayserispor,Fenerbahce,A,3.1,3.2,2.2,3.1,3.2,2.15,2008/9,€33.50m,€106.75m
T1,08/03/2009,Kocaelispor,Eskisehirspor,H,2.3,3.2,2.9,2.3,3.15,2.85,2008/9,€26.80m,€24.95m
T1,08/03/2009,Sivasspor,Ankaraspor,D,1.53,3.75,6.0,1.5,3.65,6.15,2008/9,€36.70m,€35.38m
T1,13/03/2009,Fenerbahce,Kocaelispor,D,1.22,6.0,13.0,1.2,6.0,10.0,2008/9,€106.75m,€26.80m
T1,14/03/2009,Ankaragucu,Sivasspor,A,3.0,3.25,2.2,3.05,3.25,2.15,2008/9,€29.95m,€36.70m
T1,14/03/2009,Antalyaspor,Buyuksehyr,H,2.1,3.25,3.25,2.1,3.3,3.1,2008/9,€20.75m,€24.90m
T1,14/03/2009,Besiktas,Genclerbirligi,H,1.44,3.8,7.0,1.4,4.1,7.0,2008/9,€83.55m,€27.30m
T1,14/03/2009,Konyaspor,Gaziantepspor,A,2.3,3.25,2.88,2.1,3.3,3.1,2008/9,€26.90m,€26.35m
T1,15/03/2009,Ankaraspor,Kayserispor,D,2.2,3.25,3.0,2.0,3.25,3.4,2008/9,€35.38m,€33.50m
T1,15/03/2009,Denizlispor,Hacettepespor,D,1.53,3.5,6.0,1.65,3.45,4.85,2008/9,€21.80m,€21.30m
T1,15/03/2009,Eskisehirspor,Bursaspor,A,2.38,3.2,2.8,2.25,3.25,2.85,2008/9,€24.95m,€29.50m
T1,15/03/2009,Trabzonspor,Galatasaray,D,2.62,3.2,2.5,2.5,3.2,2.6,2008/9,€57.25m,€119.60m
T1,20/03/2009,Bursaspor,Fenerbahce,H,4.75,3.4,1.75,4.05,3.35,1.8,2008/9,€29.50m,€106.75m
T1,21/03/2009,Buyuksehyr,Konyaspor,H,2.15,3.25,3.4,2.1,3.25,3.15,2008/9,€24.90m,€26.90m
T1,21/03/2009,Gaziantepspor,Trabzonspor,H,3.1,3.25,2.3,2.95,3.25,2.2,2008/9,€26.35m,€57.25m
T1,21/03/2009,Hacettepespor,Antalyaspor,A,2.75,3.1,2.6,2.55,3.15,2.55,2008/9,€21.30m,€20.75m
T1,21/03/2009,Kayserispor,Ankaragucu,H,2.1,3.25,3.6,1.95,3.25,3.6,2008/9,€33.50m,€29.95m
T1,21/03/2009,Kocaelispor,Ankaraspor,H,2.35,3.25,3.0,2.3,3.2,2.85,2008/9,€26.80m,€35.38m
T1,21/03/2009,Sivasspor,Besiktas,D,2.6,3.1,2.75,2.4,3.2,2.7,2008/9,€36.70m,€83.55m
T1,22/03/2009,Galatasaray,Eskisehirspor,A,1.33,4.75,9.5,1.3,4.75,8.0,2008/9,€119.60m,€24.95m
T1,22/03/2009,Genclerbirligi,Denizlispor,D,2.1,3.2,3.6,2.0,3.25,3.4,2008/9,€27.30m,€21.80m
T1,04/04/2009,Ankaraspor,Bursaspor,A,2.4,3.2,3.0,2.4,3.1,2.7,2008/9,€35.38m,€29.50m
T1,04/04/2009,Besiktas,Kayserispor,H,1.44,4.0,8.0,1.38,4.0,8.0,2008/9,€83.55m,€33.50m
T1,04/04/2009,Denizlispor,Sivasspor,A,3.1,3.2,2.35,2.75,3.1,2.35,2008/9,€21.80m,€36.70m
T1,04/04/2009,Konyaspor,Hacettepespor,H,1.61,3.6,6.0,1.65,3.5,4.6,2008/9,€26.90m,€21.30m
T1,05/04/2009,Ankaragucu,Kocaelispor,H,2.3,3.2,2.8,2.3,3.2,2.75,2008/9,€29.95m,€26.80m
T1,05/04/2009,Antalyaspor,Genclerbirligi,H,2.2,3.2,3.0,2.2,3.2,2.9,2008/9,€20.75m,€27.30m
T1,05/04/2009,Fenerbahce,Eskisehirspor,H,1.36,4.2,8.0,1.35,4.0,8.5,2008/9,€106.75m,€24.95m
T1,05/04/2009,Trabzonspor,Buyuksehyr,D,1.44,3.75,7.0,1.45,3.75,6.5,2008/9,€57.25m,€24.90m
T1,06/04/2009,Gaziantepspor,Galatasaray,A,3.2,3.2,2.1,3.4,3.25,2.0,2008/9,€26.35m,€119.60m
T1,10/04/2009,Kocaelispor,Besiktas,A,5.5,3.75,1.61,4.6,3.6,1.65,2008/9,€26.80m,€83.55m
T1,11/04/2009,Bursaspor,Ankaragucu,H,2.5,3.2,2.8,2.3,3.2,2.75,2008/9,€29.50m,€29.95m
T1,11/04/2009,Buyuksehyr,Gaziantepspor,D,2.2,3.2,3.1,2.15,3.2,3.1,2008/9,€24.90m,€26.35m
T1,11/04/2009,Hacettepespor,Trabzonspor,A,6.5,3.8,1.53,5.6,3.75,1.52,2008/9,€21.30m,€57.25m
T1,11/04/2009,Sivasspor,Antalyaspor,H,1.44,4.0,8.0,1.45,3.9,6.4,2008/9,€36.70m,€20.75m
T1,12/04/2009,Eskisehirspor,Ankaraspor,H,2.0,3.2,3.5,2.1,3.3,3.1,2008/9,€24.95m,€35.38m
T1,12/04/2009,Galatasaray,Fenerbahce,D,2.2,3.2,3.1,2.2,3.2,3.0,2008/9,€119.60m,€106.75m
T1,12/04/2009,Genclerbirligi,Konyaspor,H,1.91,3.2,3.8,2.0,3.25,3.4,2008/9,€27.30m,€26.90m
T1,12/04/2009,Kayserispor,Denizlispor,H,2.05,3.2,3.4,2.1,3.15,3.2,2008/9,€33.50m,€21.80m
T1,17/04/2009,Trabzonspor,Genclerbirligi,H,1.5,3.6,6.5,1.45,3.75,6.5,2008/9,€57.25m,€27.30m
T1,18/04/2009,Ankaraspor,Fenerbahce,H,4.0,3.4,1.8,4.15,3.3,1.8,2008/9,€35.38m,€106.75m
T1,18/04/2009,Konyaspor,Sivasspor,D,3.6,3.3,1.91,3.4,3.25,2.0,2008/9,€26.90m,€36.70m
T1,19/04/2009,Ankaragucu,Eskisehirspor,H,2.0,3.25,3.4,1.9,3.2,3.75,2008/9,€29.95m,€24.95m
T1,19/04/2009,Antalyaspor,Kayserispor,H,2.3,3.2,2.9,2.2,3.2,2.9,2008/9,€20.75m,€33.50m
T1,19/04/2009,Besiktas,Bursaspor,D,1.44,3.75,7.0,1.44,4.25,6.0,2008/9,€83.55m,€29.50m
T1,19/04/2009,Buyuksehyr,Galatasaray,A,4.0,3.4,1.8,3.95,3.35,1.78,2008/9,€24.90m,€119.60m
T1,19/04/2009,Denizlispor,Kocaelispor,H,1.73,3.5,4.33,1.75,3.35,4.3,2008/9,€21.80m,€26.80m
T1,19/04/2009,Gaziantepspor,Hacettepespor,D,1.33,4.5,8.0,1.35,4.1,8.0,2008/9,€26.35m,€21.30m
T1,25/04/2009,Fenerbahce,Ankaragucu,A,1.44,4.0,7.0,1.5,3.5,6.3,2008/9,€106.75m,€29.95m
T1,25/04/2009,Hacettepespor,Buyuksehyr,H,5.75,3.5,1.6,5.35,3.55,1.58,2008/9,€21.30m,€24.90m
T1,25/04/2009,Sivasspor,Trabzonspor,H,2.25,3.25,3.0,2.3,3.2,2.8,2008/9,€36.70m,€57.25m
T1,26/04/2009,Bursaspor,Denizlispor,H,1.83,3.4,4.0,1.8,3.35,4.0,2008/9,€29.50m,€21.80m
T1,26/04/2009,Eskisehirspor,Besiktas,A,4.0,3.4,1.83,3.6,3.35,1.9,2008/9,€24.95m,€83.55m
T1,26/04/2009,Galatasaray,Ankaraspor,D,1.36,4.33,8.0,1.35,4.0,9.0,2008/9,€119.60m,€35.38m
T1,26/04/2009,Genclerbirligi,Gaziantepspor,H,1.8,3.4,4.0,1.9,3.3,3.75,2008/9,€27.30m,€26.35m
T1,26/04/2009,Kayserispor,Konyaspor,D,2.0,3.25,3.5,1.85,3.35,3.8,2008/9,€33.50m,€26.90m
T1,26/04/2009,Kocaelispor,Antalyaspor,H,2.5,3.25,2.6,2.4,3.15,2.7,2008/9,€26.80m,€20.75m
T1,01/05/2009,Hacettepespor,Galatasaray,H,8.0,4.5,1.4,6.85,4.0,1.4,2008/9,€21.30m,€119.60m
T1,02/05/2009,Trabzonspor,Kayserispor,H,1.5,3.75,5.75,1.55,3.8,5.0,2008/9,€57.25m,€33.50m
T1,03/05/2009,Ankaragucu,Ankaraspor,H,1.5,3.75,5.75,1.45,3.75,7.0,2008/9,€29.95m,€35.38m
T1,03/05/2009,Antalyaspor,Bursaspor,A,2.37,3.2,2.75,2.35,3.2,2.7,2008/9,€20.75m,€29.50m
T1,03/05/2009,Besiktas,Fenerbahce,A,1.83,3.3,4.0,1.83,3.3,3.8,2008/9,€83.55m,€106.75m
T1,03/05/2009,Buyuksehyr,Genclerbirligi,H,2.25,3.3,2.87,2.2,3.2,2.9,2008/9,€24.90m,€27.30m
T1,03/05/2009,Denizlispor,Eskisehirspor,H,1.9,3.25,3.75,2.0,3.25,3.4,2008/9,€21.80m,€24.95m
T1,03/05/2009,Gaziantepspor,Sivasspor,H,3.8,3.3,1.9,3.9,3.25,1.85,2008/9,€26.35m,€36.70m
T1,03/05/2009,Konyaspor,Kocaelispor,H,1.8,3.5,4.0,1.75,3.4,4.15,2008/9,€26.90m,€26.80m
T1,09/05/2009,Ankaraspor,Besiktas,A,4.5,3.6,1.67,4.4,3.5,1.7,2008/9,€35.38m,€83.55m
T1,09/05/2009,Bursaspor,Konyaspor,H,1.53,3.75,6.0,1.5,3.75,6.0,2008/9,€29.50m,€26.90m
T1,09/05/2009,Eskisehirspor,Antalyaspor,H,1.83,3.4,3.8,2.0,3.3,3.35,2008/9,€24.95m,€20.75m
T1,09/05/2009,Fenerbahce,Denizlispor,H,1.5,4.2,5.5,1.5,4.25,5.0,2008/9,€106.75m,€21.80m
T1,09/05/2009,Galatasaray,Ankaragucu,H,1.55,3.75,5.5,1.55,3.75,5.25,2008/9,€119.60m,€29.95m
T1,09/05/2009,Genclerbirligi,Hacettepespor,H,1.29,5.0,9.0,1.25,5.0,9.0,2008/9,€27.30m,€21.30m
T1,09/05/2009,Kocaelispor,Trabzonspor,A,5.0,3.8,1.57,4.2,4.2,1.6,2008/9,€26.80m,€57.25m
T1,09/05/2009,Sivasspor,Buyuksehyr,A,1.3,5.0,8.0,1.3,5.35,6.85,2008/9,€36.70m,€24.90m
T1,10/05/2009,Kayserispor,Gaziantepspor,H,2.1,3.1,3.4,2.05,2.9,3.75,2008/9,€33.50m,€26.35m
T1,16/05/2009,Hacettepespor,Sivasspor,A,7.0,4.2,1.4,6.85,4.0,1.4,2008/9,€21.30m,€36.70m
T1,17/05/2009,Ankaragucu,Besiktas,A,6.5,4.0,1.45,6.5,3.75,1.45,2008/9,€29.95m,€83.55m
T1,17/05/2009,Antalyaspor,Fenerbahce,D,3.5,3.25,2.0,3.15,3.25,2.1,2008/9,€20.75m,€106.75m
T1,17/05/2009,Buyuksehyr,Kayserispor,H,1.67,3.6,4.75,1.72,3.45,4.4,2008/9,€24.90m,€33.50m
T1,17/05/2009,Denizlispor,Ankaraspor,H,1.75,3.4,4.5,1.8,3.4,3.95,2008/9,€21.80m,€35.38m
T1,17/05/2009,Galatasaray,Genclerbirligi,H,1.33,4.5,8.5,1.3,4.35,9.0,2008/9,€119.60m,€27.30m
T1,17/05/2009,Gaziantepspor,Kocaelispor,H,1.33,4.5,8.5,1.5,3.8,5.8,2008/9,€26.35m,€26.80m
T1,17/05/2009,Konyaspor,Eskisehirspor,A,2.0,3.25,3.5,2.0,3.25,3.4,2008/9,€26.90m,€24.95m
T1,17/05/2009,Trabzonspor,Bursaspor,H,1.8,3.5,4.0,1.8,3.4,3.9,2008/9,€57.25m,€29.50m
T1,23/05/2009,Kayserispor,Hacettepespor,H,1.29,4.75,10.0,1.23,5.25,9.0,2008/9,€33.50m,€21.30m
T1,24/05/2009,Ankaragucu,Denizlispor,H,1.85,3.4,4.0,1.85,3.4,3.75,2008/9,€29.95m,€21.80m
T1,24/05/2009,Ankaraspor,Antalyaspor,D,2.75,3.2,2.4,3.0,3.25,2.15,2008/9,€35.38m,€20.75m
T1,24/05/2009,Besiktas,Galatasaray,H,2.0,3.25,3.5,2.0,3.25,3.4,2008/9,€83.55m,€119.60m
T1,24/05/2009,Bursaspor,Gaziantepspor,D,1.53,3.75,6.0,1.6,3.55,5.1,2008/9,€29.50m,€26.35m
T1,24/05/2009,Eskisehirspor,Trabzonspor,A,3.75,3.3,1.91,3.9,3.35,1.8,2008/9,€24.95m,€57.25m
T1,24/05/2009,Fenerbahce,Konyaspor,H,1.5,3.8,6.0,1.45,3.75,6.5,2008/9,€106.75m,€26.90m
T1,24/05/2009,Kocaelispor,Buyuksehyr,A,6.5,4.0,1.44,5.75,4.0,1.45,2008/9,€26.80m,€24.90m
T1,24/05/2009,Sivasspor,Genclerbirligi,H,1.44,4.0,6.5,1.4,3.85,8.0,2008/9,€36.70m,€27.30m
T1,29/05/2009,Gaziantepspor,Eskisehirspor,D,1.62,3.8,5.25,1.5,3.75,5.75,2008/9,€26.35m,€24.95m
T1,29/05/2009,Hacettepespor,Kocaelispor,A,1.91,3.6,3.75,1.8,3.5,3.75,2008/9,€21.30m,€26.80m
T1,30/05/2009,Antalyaspor,Ankaragucu,H,1.3,5.5,7.0,1.35,4.6,6.6,2008/9,€20.75m,€29.95m
T1,30/05/2009,Buyuksehyr,Bursaspor,A,3.8,3.4,1.85,3.4,3.3,1.95,2008/9,€24.90m,€29.50m
T1,30/05/2009,Denizlispor,Besiktas,A,9.0,4.75,1.33,9.0,4.5,1.3,2008/9,€21.80m,€83.55m
T1,30/05/2009,Galatasaray,Sivasspor,H,2.15,3.4,3.2,2.0,3.25,3.4,2008/9,€119.60m,€36.70m
T1,30/05/2009,Genclerbirligi,Kayserispor,A,1.6,3.3,6.0,1.7,3.45,4.45,2008/9,€27.30m,€33.50m
T1,30/05/2009,Konyaspor,Ankaraspor,H,1.3,5.0,8.0,1.35,4.35,7.0,2008/9,€26.90m,€35.38m
T1,30/05/2009,Trabzonspor,Fenerbahce,A,1.75,3.5,4.0,1.9,3.3,3.75,2008/9,€57.25m,€106.75m
T1,07/08/2009,Buyuksehyr,Besiktas,D,4.75,3.6,1.8,4.5,3.5,1.7,2009/10,€24.00m,€93.60m
T1,08/08/2009,Diyarbakirspor,Ankaragucu,D,2.38,3.2,2.8,2.3,3.2,2.8,2009/10,€17.75m,€44.70m
T1,08/08/2009,Sivasspor,Trabzonspor,A,2.7,3.2,2.5,2.5,3.1,2.55,2009/10,€33.65m,€66.95m
T1,09/08/2009,Bursaspor,Kasimpasa,H,1.44,3.8,7.5,1.45,4.0,6.25,2009/10,€51.75m,€20.20m
T1,09/08/2009,Denizlispor,Fenerbahce,A,4.0,3.4,1.83,3.85,3.35,1.8,2009/10,€18.35m,€119.45m
T1,09/08/2009,Gaziantepspor,Galatasaray,A,4.0,3.4,1.83,4.3,3.35,1.75,2009/10,€32.45m,€129.23m
T1,09/08/2009,Genclerbirligi,Kayserispor,D,2.2,3.2,3.1,2.25,3.2,2.9,2009/10,€29.00m,€38.50m
T1,09/08/2009,Manisaspor,Eskisehirspor,D,2.15,3.2,3.2,2.15,3.2,3.1,2009/10,€19.88m,€24.70m
T1,15/08/2009,Ankaragucu,Manisaspor,D,2.0,3.3,3.8,2.0,3.25,3.4,2009/10,€44.70m,€19.88m
T1,15/08/2009,Galatasaray,Denizlispor,H,1.22,5.5,15.0,1.2,5.5,11.0,2009/10,€129.23m,€18.35m
T1,15/08/2009,Trabzonspor,Diyarbakirspor,A,1.3,5.0,11.0,1.3,4.35,9.0,2009/10,€66.95m,€17.75m
T1,16/08/2009,Eskisehirspor,Bursaspor,H,2.8,3.25,2.5,2.5,3.25,2.5,2009/10,€24.70m,€51.75m
T1,16/08/2009,Fenerbahce,Sivasspor,H,1.44,4.2,7.5,1.5,3.75,5.75,2009/10,€119.45m,€33.65m
T1,16/08/2009,Kasimpasa,Buyuksehyr,A,2.8,3.2,2.5,2.5,3.25,2.5,2009/10,€20.20m,€24.00m
T1,16/08/2009,Kayserispor,Gaziantepspor,D,2.05,3.3,3.6,2.0,3.25,3.4,2009/10,€38.50m,€32.45m
T1,17/08/2009,Besiktas,Antalyaspor,H,1.3,5.25,10.0,1.25,4.8,10.0,2009/10,€93.60m,€23.95m
T1,22/08/2009,Bursaspor,Ankaragucu,H,1.75,3.4,4.33,1.75,3.35,4.3,2009/10,€51.75m,€44.70m
T1,22/08/2009,Buyuksehyr,Eskisehirspor,D,2.25,3.2,3.0,2.25,3.2,2.85,2009/10,€24.00m,€24.70m
T1,22/08/2009,Genclerbirligi,Besiktas,D,4.33,3.25,1.8,4.1,3.3,1.8,2009/10,€29.00m,€93.60m
T1,23/08/2009,Antalyaspor,Kasimpasa,H,1.9,3.25,3.8,1.9,3.25,3.65,2009/10,€23.95m,€20.20m
T1,23/08/2009,Galatasaray,Kayserispor,H,1.3,4.75,9.0,1.3,4.5,8.5,2009/10,€129.23m,€38.50m
T1,23/08/2009,Manisaspor,Trabzonspor,H,3.3,3.2,2.1,3.2,3.2,2.05,2009/10,€19.88m,€66.95m
T1,24/08/2009,Diyarbakirspor,Fenerbahce,A,5.5,3.6,1.57,5.1,3.5,1.6,2009/10,€17.75m,€119.45m
T1,28/08/2009,Besiktas,Gaziantepspor,D,1.33,5.0,9.0,1.35,4.45,7.0,2009/10,€93.60m,€32.45m
T1,29/08/2009,Ankaragucu,Buyuksehyr,D,2.0,3.25,3.5,2.0,3.25,3.4,2009/10,€44.70m,€24.00m
T1,29/08/2009,Eskisehirspor,Antalyaspor,H,1.8,3.4,4.0,1.8,3.35,4.0,2009/10,€24.70m,€23.95m
T1,29/08/2009,Kayserispor,Denizlispor,H,1.67,3.5,4.75,1.65,3.5,4.75,2009/10,€38.50m,€18.35m
T1,30/08/2009,Fenerbahce,Manisaspor,H,1.2,5.5,13.0,1.2,5.5,11.0,2009/10,€119.45m,€19.88m
T1,30/08/2009,Kasimpasa,Genclerbirligi,A,3.1,3.1,2.2,3.0,3.2,2.2,2009/10,€20.20m,€29.00m
T1,30/08/2009,Sivasspor,Diyarbakirspor,A,1.75,3.4,4.33,1.85,3.35,3.75,2009/10,€33.65m,€17.75m
T1,30/08/2009,Trabzonspor,Bursaspor,D,2.0,3.2,3.6,1.9,3.25,3.65,2009/10,€66.95m,€51.75m
T1,12/09/2009,Denizlispor,Diyarbakirspor,D,2.4,3.2,3.0,2.55,3.2,2.5,2009/10,€18.35m,€17.75m
T1,12/09/2009,Galatasaray,Besiktas,H,1.8,3.5,4.33,1.65,3.55,4.5,2009/10,€129.23m,€93.60m
T1,12/09/2009,Manisaspor,Sivasspor,H,2.1,3.3,3.5,2.1,3.05,3.35,2009/10,€19.88m,€33.65m
T1,13/09/2009,Antalyaspor,Ankaragucu,H,2.5,3.1,2.9,2.5,3.2,2.55,2009/10,€23.95m,€44.70m
T1,13/09/2009,Bursaspor,Fenerbahce,A,3.75,3.4,2.0,3.4,3.25,2.0,2009/10,€51.75m,€119.45m
T1,13/09/2009,Buyuksehyr,Trabzonspor,A,3.0,3.25,2.38,2.95,3.2,2.2,2009/10,€24.00m,€66.95m
T1,13/09/2009,Gaziantepspor,Kasimpasa,H,1.53,3.75,7.0,1.5,3.75,5.75,2009/10,€32.45m,€20.20m
T1,13/09/2009,Genclerbirligi,Eskisehirspor,D,2.38,3.25,3.0,2.4,3.2,2.65,2009/10,€29.00m,€24.70m
T1,16/09/2009,Denizlispor,Sivasspor,D,2.4,3.25,2.6,2.4,3.2,2.7,2009/10,€18.35m,€33.65m
T1,18/09/2009,Trabzonspor,Antalyaspor,H,1.5,4.0,6.75,1.45,3.85,6.5,2009/10,€66.95m,€23.95m
T1,19/09/2009,Ankaragucu,Genclerbirligi,A,2.65,3.2,2.65,2.45,3.2,2.6,2009/10,€44.70m,€29.00m
T1,19/09/2009,Besiktas,Kayserispor,A,1.4,4.2,8.5,1.45,3.85,6.5,2009/10,€93.60m,€38.50m
T1,19/09/2009,Diyarbakirspor,Manisaspor,D,2.3,3.3,3.1,2.25,3.25,2.8,2009/10,€17.75m,€19.88m
T1,19/09/2009,Eskisehirspor,Gaziantepspor,H,2.1,3.25,3.6,2.1,3.3,3.1,2009/10,€24.70m,€32.45m
T1,19/09/2009,Sivasspor,Bursaspor,A,2.65,3.1,2.65,2.25,3.25,2.8,2009/10,€33.65m,€51.75m
T1,20/09/2009,Fenerbahce,Buyuksehyr,H,1.2,6.25,13.0,1.2,6.0,9.0,2009/10,€119.45m,€24.00m
T1,21/09/2009,Kasimpasa,Galatasaray,A,12.0,5.75,1.22,7.25,5.0,1.3,2009/10,€20.20m,€129.23m
T1,25/09/2009,Genclerbirligi,Trabzonspor,D,2.9,3.3,2.4,2.9,3.25,2.2,2009/10,€29.00m,€66.95m
T1,26/09/2009,Antalyaspor,Fenerbahce,A,6.0,3.75,1.57,5.0,3.6,1.6,2009/10,€23.95m,€119.45m
T1,26/09/2009,Bursaspor,Diyarbakirspor,H,1.57,3.75,6.0,1.6,3.6,4.75,2009/10,€51.75m,€17.75m
T1,26/09/2009,Buyuksehyr,Sivasspor,H,2.38,3.2,3.0,2.1,3.3,3.1,2009/10,€24.00m,€33.65m
T1,26/09/2009,Gaziantepspor,Ankaragucu,A,2.05,3.25,3.75,1.85,3.35,3.75,2009/10,€32.45m,€44.70m
T1,27/09/2009,Denizlispor,Manisaspor,D,2.5,3.25,2.8,2.25,3.25,2.8,2009/10,€18.35m,€19.88m
T1,27/09/2009,Galatasaray,Eskisehirspor,D,1.25,5.5,12.0,1.2,6.0,9.0,2009/10,€129.23m,€24.70m
T1,27/09/2009,Kayserispor,Kasimpasa,D,1.36,4.5,9.0,1.45,3.85,6.5,2009/10,€38.50m,€20.20m
T1,02/10/2009,Trabzonspor,Gaziantepspor,D,1.44,4.2,7.5,1.4,4.0,7.0,2009/10,€66.95m,€32.45m
T1,03/10/2009,Besiktas,Denizlispor,H,1.25,5.0,10.0,1.25,4.85,10.0,2009/10,€93.60m,€18.35m
T1,03/10/2009,Diyarbakirspor,Buyuksehyr,A,2.38,3.2,2.75,2.2,3.25,2.9,2009/10,€17.75m,€24.00m
T1,03/10/2009,Manisaspor,Bursaspor,A,2.5,3.2,2.6,2.5,3.2,2.5,2009/10,€19.88m,€51.75m
T1,04/10/2009,Ankaragucu,Galatasaray,H,7.5,4.0,1.4,5.5,3.9,1.5,2009/10,€44.70m,€129.23m
T1,04/10/2009,Eskisehirspor,Kayserispor,A,2.0,3.25,3.4,2.0,3.3,3.35,2009/10,€24.70m,€38.50m
T1,04/10/2009,Fenerbahce,Genclerbirligi,H,1.33,4.5,8.0,1.3,4.25,10.0,2009/10,€119.45m,€29.00m
T1,04/10/2009,Sivasspor,Antalyaspor,H,1.91,3.3,3.6,1.85,3.35,3.75,2009/10,€33.65m,€23.95m
T1,17/10/2009,Besiktas,Kasimpasa,H,1.3,4.5,9.0,1.25,5.0,10.0,2009/10,€93.60m,€20.20m
T1,17/10/2009,Denizlispor,Bursaspor,A,3.4,3.25,2.0,3.25,3.2,2.05,2009/10,€18.35m,€51.75m
T1,18/10/2009,Antalyaspor,Diyarbakirspor,H,2.0,3.2,3.4,2.1,3.3,3.1,2009/10,€23.95m,€17.75m
T1,18/10/2009,Buyuksehyr,Manisaspor,H,2.3,3.2,2.8,2.3,3.2,2.8,2009/10,€24.00m,€19.88m
T1,18/10/2009,Galatasaray,Trabzonspor,H,1.6,3.6,5.0,1.6,3.5,5.25,2009/10,€129.23m,€66.95m
T1,18/10/2009,Gaziantepspor,Fenerbahce,H,5.0,3.6,1.6,6.0,3.75,1.5,2009/10,€32.45m,€119.45m
T1,18/10/2009,Genclerbirligi,Sivasspor,H,2.1,3.2,3.2,2.1,3.3,3.1,2009/10,€29.00m,€33.65m
T1,18/10/2009,Kayserispor,Ankaragucu,H,2.1,3.2,3.2,2.2,3.25,2.9,2009/10,€38.50m,€44.70m
T1,23/10/2009,Trabzonspor,Kayserispor,H,1.83,3.4,4.5,1.85,3.2,3.9,2009/10,€66.95m,€38.50m
T1,24/10/2009,Bursaspor,Buyuksehyr,H,1.62,3.75,5.5,1.65,3.45,4.8,2009/10,€51.75m,€24.00m
T1,24/10/2009,Eskisehirspor,Besiktas,A,3.0,3.2,2.4,3.0,3.2,2.2,2009/10,€24.70m,€93.60m
T1,25/10/2009,Diyarbakirspor,Genclerbirligi,H,3.0,3.2,2.4,2.9,3.1,2.3,2009/10,€17.75m,€29.00m
T1,25/10/2009,Fenerbahce,Galatasaray,H,2.25,3.25,3.25,2.25,3.4,3.2,2009/10,€119.45m,€129.23m
T1,25/10/2009,Kasimpasa,Denizlispor,H,2.3,3.2,3.2,2.4,3.2,2.65,2009/10,€20.20m,€18.35m
T1,25/10/2009,Manisaspor,Antalyaspor,A,1.83,3.4,4.5,1.8,3.2,4.25,2009/10,€19.88m,€23.95m
T1,25/10/2009,Sivasspor,Gaziantepspor,H,2.2,3.25,3.3,2.15,3.2,3.1,2009/10,€33.65m,€32.45m
T1,31/10/2009,Antalyaspor,Bursaspor,D,2.6,3.25,2.4,3.0,3.2,2.2,2009/10,€23.95m,€51.75m
T1,31/10/2009,Besiktas,Ankaragucu,H,1.3,4.33,8.5,1.35,4.3,8.0,2009/10,€93.60m,€44.70m
T1,01/11/2009,Denizlispor,Buyuksehyr,A,2.38,3.25,2.63,2.35,3.25,2.7,2009/10,€18.35m,€24.00m
T1,01/11/2009,Galatasaray,Sivasspor,H,1.3,4.33,8.5,1.25,5.0,10.0,2009/10,€129.23m,€33.65m
T1,01/11/2009,Gaziantepspor,Diyarbakirspor,H,1.73,3.4,4.33,1.6,3.5,5.25,2009/10,€32.45m,€17.75m
T1,01/11/2009,Genclerbirligi,Manisaspor,A,1.75,3.4,4.0,1.75,3.45,4.0,2009/10,€29.00m,€19.88m
T1,01/11/2009,Kasimpasa,Eskisehirspor,D,2.63,3.25,2.38,2.5,3.2,2.5,2009/10,€20.20m,€24.70m
T1,01/11/2009,Kayserispor,Fenerbahce,D,3.6,3.3,1.85,3.85,3.4,1.8,2009/10,€38.50m,€119.45m
T1,06/11/2009,Bursaspor,Genclerbirligi,A,1.75,3.5,4.75,1.65,3.45,4.8,2009/10,€51.75m,€29.00m
T1,07/11/2009,Buyuksehyr,Antalyaspor,H,2.4,3.2,3.0,2.4,3.2,2.65,2009/10,€24.00m,€23.95m
T1,07/11/2009,Trabzonspor,Besiktas,A,2.5,3.25,2.8,2.4,3.2,2.65,2009/10,€66.95m,€93.60m
T1,08/11/2009,Ankaragucu,Kasimpasa,D,1.75,3.5,4.75,1.7,3.4,4.5,2009/10,€44.70m,€20.20m
T1,08/11/2009,Diyarbakirspor,Galatasaray,A,7.0,4.33,1.44,6.35,3.85,1.45,2009/10,€17.75m,€129.23m
T1,08/11/2009,Eskisehirspor,Denizlispor,H,1.62,3.75,5.5,1.55,3.6,5.4,2009/10,€24.70m,€18.35m
T1,08/11/2009,Manisaspor,Gaziantepspor,A,2.05,3.25,3.75,2.2,3.2,2.95,2009/10,€19.88m,€32.45m
T1,08/11/2009,Sivasspor,Kayserispor,A,2.75,3.2,2.6,2.4,3.2,2.65,2009/10,€33.65m,€38.50m
T1,21/11/2009,Besiktas,Fenerbahce,H,2.88,3.2,2.5,2.75,3.4,2.55,2009/10,€93.60m,€119.45m
T1,21/11/2009,Gaziantepspor,Bursaspor,A,2.8,3.25,2.5,2.5,3.2,2.5,2009/10,€32.45m,€51.75m
T1,22/11/2009,Denizlispor,Antalyaspor,D,2.1,3.25,3.6,2.0,3.2,3.35,2009/10,€18.35m,€23.95m
T1,22/11/2009,Eskisehirspor,Ankaragucu,D,1.83,3.4,4.5,1.8,3.35,3.95,2009/10,€24.70m,€44.70m
T1,22/11/2009,Galatasaray,Manisaspor,D,1.25,5.5,12.0,1.25,5.0,10.0,2009/10,€129.23m,€19.88m
T1,22/11/2009,Genclerbirligi,Buyuksehyr,H,1.83,3.4,4.5,1.9,3.3,3.65,2009/10,€29.00m,€24.00m
T1,22/11/2009,Kasimpasa,Trabzonspor,H,3.5,3.4,2.05,3.35,3.2,2.0,2009/10,€20.20m,€66.95m
T1,22/11/2009,Kayserispor,Diyarbakirspor,H,1.55,3.75,6.5,1.6,3.6,5.0,2009/10,€38.50m,€17.75m
T1,27/11/2009,Bursaspor,Galatasaray,H,2.9,3.25,2.2,3.35,3.2,2.0,2009/10,€51.75m,€129.23m
T1,28/11/2009,Fenerbahce,Kasimpasa,A,1.2,5.5,11.0,1.2,6.0,9.0,2009/10,€119.45m,€20.20m
T1,29/11/2009,Ankaragucu,Denizlispor,H,1.7,3.4,4.5,1.75,3.5,3.9,2009/10,€44.70m,€18.35m
T1,29/11/2009,Antalyaspor,Genclerbirligi,H,2.38,3.2,2.7,2.15,3.2,3.05,2009/10,€23.95m,€29.00m
T1,29/11/2009,Buyuksehyr,Gaziantepspor,D,2.25,3.2,2.9,2.25,3.2,2.85,2009/10,€24.00m,€32.45m
T1,29/11/2009,Manisaspor,Kayserispor,A,2.5,3.1,2.63,2.35,3.2,2.7,2009/10,€19.88m,€38.50m
T1,29/11/2009,Sivasspor,Besiktas,A,4.0,3.4,1.8,4.0,3.35,1.8,2009/10,€33.65m,€93.60m
T1,29/11/2009,Trabzonspor,Eskisehirspor,H,1.73,3.4,4.5,1.65,3.5,4.75,2009/10,€66.95m,€24.70m
T1,04/12/2009,Besiktas,Diyarbakirspor,D,1.22,5.75,14.0,1.2,6.0,10.0,2009/10,€93.60m,€17.75m
T1,05/12/2009,Eskisehirspor,Fenerbahce,H,3.5,3.2,2.0,3.55,3.25,1.95,2009/10,€24.70m,€119.45m
T1,05/12/2009,Kasimpasa,Sivasspor,D,2.0,3.2,3.5,1.9,3.25,3.75,2009/10,€20.20m,€33.65m
T1,06/12/2009,Galatasaray,Buyuksehyr,D,1.3,4.5,9.0,1.3,4.5,9.0,2009/10,€129.23m,€24.00m
T1,06/12/2009,Gaziantepspor,Antalyaspor,D,1.91,3.25,3.75,1.9,3.25,3.75,2009/10,€32.45m,€23.95m
T1,06/12/2009,Genclerbirligi,Denizlispor,H,1.5,3.75,6.0,1.5,3.75,6.0,2009/10,€29.00m,€18.35m
T1,06/12/2009,Kayserispor,Bursaspor,H,2.3,3.25,2.8,2.3,3.2,2.8,2009/10,€38.50m,€51.75m
T1,06/12/2009,Trabzonspor,Ankaragucu,H,1.62,3.5,5.0,1.6,3.5,5.25,2009/10,€66.95m,€44.70m
T1,11/12/2009,Antalyaspor,Galatasaray,A,4.75,3.6,1.73,4.35,3.5,1.7,2009/10,€23.95m,€129.23m
T1,12/12/2009,Fenerbahce,Ankaragucu,H,1.36,4.5,9.0,1.3,4.75,8.0,2009/10,€119.45m,€44.70m
T1,13/12/2009,Buyuksehyr,Kayserispor,A,3.25,3.25,2.25,3.0,3.2,2.2,2009/10,€24.00m,€38.50m
T1,13/12/2009,Denizlispor,Trabzonspor,A,4.33,3.5,1.83,3.85,3.3,1.85,2009/10,€18.35m,€66.95m
T1,13/12/2009,Diyarbakirspor,Kasimpasa,D,2.2,3.3,3.25,2.1,3.2,3.2,2009/10,€17.75m,€20.20m
T1,13/12/2009,Genclerbirligi,Gaziantepspor,D,2.0,3.4,3.75,1.9,3.2,3.8,2009/10,€29.00m,€32.45m
T1,13/12/2009,Manisaspor,Besiktas,D,4.33,3.5,1.83,3.8,3.35,1.85,2009/10,€19.88m,€93.60m
T1,13/12/2009,Sivasspor,Eskisehirspor,H,2.4,3.2,3.0,2.3,3.15,2.85,2009/10,€33.65m,€24.70m
T1,18/12/2009,Besiktas,Bursaspor,A,1.62,3.75,5.75,1.5,3.75,6.0,2009/10,€93.60m,€51.75m
T1,19/12/2009,Ankaragucu,Sivasspor,A,2.2,3.2,3.4,2.2,3.2,3.0,2009/10,€44.70m,€33.65m
T1,19/12/2009,Eskisehirspor,Diyarbakirspor,D,1.73,3.5,5.0,1.65,3.4,4.95,2009/10,€24.70m,€17.75m
T1,19/12/2009,Galatasaray,Genclerbirligi,H,1.36,4.5,9.0,1.35,4.35,7.5,2009/10,€129.23m,€29.00m
T1,19/12/2009,Gaziantepspor,Denizlispor,H,1.62,3.75,5.75,1.55,3.6,5.55,2009/10,€32.45m,€18.35m
T1,19/12/2009,Kasimpasa,Manisaspor,H,2.15,3.25,3.4,2.25,3.2,2.9,2009/10,€20.20m,€19.88m
T1,19/12/2009,Kayserispor,Antalyaspor,A,1.57,3.75,6.0,1.6,3.45,5.35,2009/10,€38.50m,€23.95m
T1,20/12/2009,Trabzonspor,Fenerbahce,A,2.7,3.2,2.6,2.8,3.25,2.3,2009/10,€66.95m,€119.45m
T1,22/01/2010,Fenerbahce,Denizlispor,H,1.22,5.75,11.0,1.15,6.5,13.0,2009/10,€119.45m,€18.35m
T1,23/01/2010,Eskisehirspor,Manisaspor,H,1.83,3.3,4.0,1.8,3.3,4.1,2009/10,€24.70m,€19.88m
T1,24/01/2010,Ankaragucu,Diyarbakirspor,D,1.8,3.4,4.0,1.85,3.3,3.85,2009/10,€44.70m,€17.75m
T1,24/01/2010,Galatasaray,Gaziantepspor,H,1.25,5.0,10.0,1.28,4.75,8.75,2009/10,€129.23m,€32.45m
T1,24/01/2010,Kayserispor,Genclerbirligi,D,1.75,3.4,4.33,1.75,3.45,4.11,2009/10,€38.50m,€29.00m
T1,24/01/2010,Trabzonspor,Sivasspor,H,1.5,3.75,6.0,1.5,3.75,5.75,2009/10,€66.95m,€33.65m
T1,29/01/2010,Antalyaspor,Besiktas,A,4.0,3.4,1.91,3.5,3.3,1.95,2009/10,€23.95m,€93.60m
T1,30/01/2010,Buyuksehyr,Kasimpasa,H,2.25,3.25,3.25,2.1,3.2,3.15,2009/10,€24.00m,€20.20m
T1,30/01/2010,Diyarbakirspor,Trabzonspor,A,3.75,3.4,2.0,3.45,3.2,2.0,2009/10,€17.75m,€66.95m
T1,31/01/2010,Bursaspor,Eskisehirspor,H,1.67,3.6,5.25,1.7,3.35,4.6,2009/10,€51.75m,€24.70m
T1,31/01/2010,Denizlispor,Galatasaray,A,6.0,3.75,1.57,6.5,3.75,1.45,2009/10,€18.35m,€129.23m
T1,31/01/2010,Gaziantepspor,Kayserispor,A,2.7,3.1,2.7,2.6,3.2,2.45,2009/10,€32.45m,€38.50m
T1,31/01/2010,Manisaspor,Ankaragucu,D,2.2,3.2,3.4,2.1,3.2,3.15,2009/10,€19.88m,€44.70m
T1,31/01/2010,Sivasspor,Fenerbahce,A,4.0,3.4,1.91,3.8,3.3,1.85,2009/10,€33.65m,€119.45m
T1,05/02/2010,Besiktas,Genclerbirligi,H,1.53,3.7,7.0,1.45,3.75,6.5,2009/10,€93.60m,€29.00m
T1,06/02/2010,Eskisehirspor,Buyuksehyr,H,2.15,3.25,3.4,2.0,3.2,3.35,2009/10,€24.70m,€24.00m
T1,06/02/2010,Kayserispor,Galatasaray,D,3.4,3.25,2.15,3.2,3.3,2.05,2009/10,€38.50m,€129.23m
T1,07/02/2010,Ankaragucu,Bursaspor,D,2.8,3.25,2.5,2.75,3.2,2.3,2009/10,€44.70m,€51.75m
T1,07/02/2010,Fenerbahce,Diyarbakirspor,D,1.17,6.5,16.0,1.15,6.0,15.0,2009/10,€119.45m,€17.75m
T1,07/02/2010,Kasimpasa,Antalyaspor,D,2.35,3.3,3.0,2.25,3.2,2.85,2009/10,€20.20m,€23.95m
T1,07/02/2010,Sivasspor,Denizlispor,H,1.67,3.6,5.5,1.65,3.5,4.75,2009/10,€33.65m,€18.35m
T1,07/02/2010,Trabzonspor,Manisaspor,H,1.5,3.75,7.5,1.4,4.0,7.0,2009/10,€66.95m,€19.88m
T1,13/02/2010,Diyarbakirspor,Sivasspor,D,2.4,3.2,2.75,2.4,3.15,2.7,2009/10,€17.75m,€33.65m
T1,13/02/2010,Gaziantepspor,Besiktas,H,3.5,3.25,2.0,3.55,3.25,1.95,2009/10,€32.45m,€93.60m
T1,14/02/2010,Antalyaspor,Eskisehirspor,A,2.25,3.2,3.0,2.2,3.25,2.95,2009/10,€23.95m,€24.70m
T1,14/02/2010,Buyuksehyr,Ankaragucu,D,2.25,3.2,3.0,2.25,3.3,2.8,2009/10,€24.00m,€44.70m
T1,14/02/2010,Denizlispor,Kayserispor,H,4.33,3.4,1.75,4.5,3.4,1.7,2009/10,€18.35m,€38.50m
T1,14/02/2010,Genclerbirligi,Kasimpasa,A,1.75,3.4,4.33,1.75,3.4,4.25,2009/10,€29.00m,€20.20m
T1,14/02/2010,Manisaspor,Fenerbahce,D,4.0,3.4,1.8,4.4,3.3,1.75,2009/10,€19.88m,€119.45m
T1,15/02/2010,Bursaspor,Trabzonspor,D,2.5,3.2,2.63,2.5,3.2,2.55,2009/10,€51.75m,€66.95m
T1,20/02/2010,Eskisehirspor,Genclerbirligi,D,2.2,3.2,3.1,2.15,3.2,3.0,2009/10,€24.70m,€29.00m
T1,20/02/2010,Sivasspor,Manisaspor,H,2.0,3.25,3.5,2.0,3.2,3.35,2009/10,€33.65m,€19.88m
T1,20/02/2010,Trabzonspor,Buyuksehyr,D,1.53,3.6,6.0,1.55,3.65,5.25,2009/10,€66.95m,€24.00m
T1,21/02/2010,Ankaragucu,Antalyaspor,D,2.1,3.25,3.25,2.1,3.25,3.1,2009/10,€44.70m,€23.95m
T1,21/02/2010,Besiktas,Galatasaray,D,2.4,3.2,2.75,2.45,3.35,2.9,2009/10,€93.60m,€129.23m
T1,21/02/2010,Diyarbakirspor,Denizlispor,A,1.7,3.4,4.75,1.6,3.55,5.0,2009/10,€17.75m,€18.35m
T1,21/02/2010,Kasimpasa,Gaziantepspor,H,2.4,3.2,2.75,2.3,3.2,2.8,2009/10,€20.20m,€32.45m
T1,22/02/2010,Fenerbahce,Bursaspor,A,1.53,3.6,6.0,1.5,3.75,5.75,2009/10,€119.45m,€51.75m
T1,26/02/2010,Antalyaspor,Trabzonspor,D,3.5,3.2,2.15,3.5,3.25,1.95,2009/10,€23.95m,€66.95m
T1,27/02/2010,Bursaspor,Sivasspor,H,1.57,3.75,6.0,1.55,3.6,5.5,2009/10,€51.75m,€33.65m
T1,27/02/2010,Kayserispor,Besiktas,A,2.5,3.2,2.88,2.6,3.2,2.45,2009/10,€38.50m,€93.60m
T1,28/02/2010,Buyuksehyr,Fenerbahce,H,4.5,3.5,1.8,4.2,3.4,1.75,2009/10,€24.00m,€119.45m
T1,28/02/2010,Galatasaray,Kasimpasa,H,1.29,5.25,11.0,1.25,5.25,9.0,2009/10,€129.23m,€20.20m
T1,28/02/2010,Gaziantepspor,Eskisehirspor,D,2.3,3.1,3.3,2.2,3.2,2.95,2009/10,€32.45m,€24.70m
T1,28/02/2010,Genclerbirligi,Ankaragucu,A,2.2,3.2,3.4,1.9,3.25,3.65,2009/10,€29.00m,€44.70m
T1,28/02/2010,Manisaspor,Diyarbakirspor,H,2.05,3.2,3.8,2.15,3.2,3.05,2009/10,€19.88m,€17.75m
T1,06/03/2010,Diyarbakirspor,Bursaspor,A,4.5,3.5,1.8,4.1,3.4,1.75,2009/10,€17.75m,€51.75m
T1,06/03/2010,Kasimpasa,Kayserispor,D,2.88,3.3,2.4,3.05,3.2,2.15,2009/10,€20.20m,€38.50m
T1,06/03/2010,Sivasspor,Buyuksehyr,A,2.05,3.3,3.6,2.15,3.2,3.05,2009/10,€33.65m,€24.00m
T1,06/03/2010,Trabzonspor,Genclerbirligi,H,1.62,3.75,5.5,1.65,3.5,4.75,2009/10,€66.95m,€29.00m
T1,07/03/2010,Ankaragucu,Gaziantepspor,D,2.1,3.3,3.5,1.9,3.25,3.65,2009/10,€44.70m,€32.45m
T1,07/03/2010,Fenerbahce,Antalyaspor,H,1.44,4.33,7.0,1.35,4.25,7.5,2009/10,€119.45m,€23.95m
T1,07/03/2010,Manisaspor,Denizlispor,D,1.91,3.4,4.0,1.85,3.3,3.8,2009/10,€19.88m,€18.35m
T1,08/03/2010,Eskisehirspor,Galatasaray,H,4.2,3.4,1.85,3.8,3.3,1.85,2009/10,€24.70m,€129.23m
T1,10/03/2010,Besiktas,Buyuksehyr,H,1.5,4.0,7.0,1.45,3.85,6.5,2009/10,€93.60m,€24.00m
T1,10/03/2010,Kasimpasa,Bursaspor,A,3.25,3.3,2.2,3.35,3.2,2.0,2009/10,€20.20m,€51.75m
T1,12/03/2010,Gaziantepspor,Trabzonspor,D,3.1,3.1,2.4,2.8,3.2,2.3,2009/10,€32.45m,€66.95m
T1,13/03/2010,Genclerbirligi,Fenerbahce,D,4.33,3.5,1.83,4.45,3.35,1.7,2009/10,€29.00m,€119.45m
T1,14/03/2010,Antalyaspor,Sivasspor,H,2.0,3.25,3.75,1.95,3.3,3.5,2009/10,€23.95m,€33.65m
T1,14/03/2010,Bursaspor,Manisaspor,H,1.4,4.5,8.0,1.4,3.9,7.25,2009/10,€51.75m,€19.88m
T1,14/03/2010,Buyuksehyr,Diyarbakirspor,H,1.83,3.4,4.5,1.7,3.5,4.25,2009/10,€24.00m,€17.75m
T1,14/03/2010,Galatasaray,Ankaragucu,H,1.33,4.75,10.0,1.3,4.5,9.0,2009/10,€129.23m,€44.70m
T1,14/03/2010,Kayserispor,Eskisehirspor,A,2.0,3.3,3.8,1.8,3.3,4.0,2009/10,€38.50m,€24.70m
T1,15/03/2010,Denizlispor,Besiktas,A,5.25,3.6,1.67,5.5,3.55,1.55,2009/10,€18.35m,€93.60m
T1,19/03/2010,Kasimpasa,Besiktas,D,4.2,3.5,1.85,4.0,3.35,1.8,2009/10,€20.20m,€93.60m
T1,20/03/2010,Fenerbahce,Gaziantepspor,H,1.44,4.2,7.5,1.35,4.25,7.5,2009/10,€119.45m,€32.45m
T1,20/03/2010,Manisaspor,Buyuksehyr,H,2.1,3.3,3.6,2.05,3.2,3.3,2009/10,€19.88m,€24.00m
T1,21/03/2010,Ankaragucu,Kayserispor,H,2.5,3.25,2.88,2.45,3.2,2.6,2009/10,€44.70m,€38.50m
T1,21/03/2010,Sivasspor,Genclerbirligi,A,2.15,3.3,3.3,2.1,3.25,3.1,2009/10,€33.65m,€29.00m
T1,21/03/2010,Trabzonspor,Galatasaray,H,2.7,3.3,2.6,2.6,3.2,2.45,2009/10,€66.95m,€129.23m
T1,22/03/2010,Bursaspor,Denizlispor,H,1.29,5.5,9.0,1.25,5.0,10.0,2009/10,€51.75m,€18.35m
T1,26/03/2010,Buyuksehyr,Bursaspor,H,4.0,3.4,1.91,3.6,3.3,1.9,2009/10,€24.00m,€51.75m
T1,27/03/2010,Besiktas,Eskisehirspor,H,1.53,3.8,6.5,1.5,3.8,5.75,2009/10,€93.60m,€24.70m
T1,27/03/2010,Genclerbirligi,Diyarbakirspor,H,1.83,3.4,4.5,1.75,3.4,4.2,2009/10,€29.00m,€17.75m
T1,28/03/2010,Antalyaspor,Manisaspor,D,2.0,3.2,4.0,2.0,3.25,3.3,2009/10,€23.95m,€19.88m
T1,28/03/2010,Denizlispor,Kasimpasa,D,2.5,3.1,2.9,2.5,3.2,2.5,2009/10,€18.35m,€20.20m
T1,28/03/2010,Galatasaray,Fenerbahce,A,2.25,3.2,3.3,2.3,3.2,2.8,2009/10,€129.23m,€119.45m
T1,28/03/2010,Gaziantepspor,Sivasspor,D,1.91,3.4,4.0,1.9,3.25,3.65,2009/10,€32.45m,€33.65m
T1,29/03/2010,Kayserispor,Trabzonspor,H,2.88,3.0,2.63,2.6,3.2,2.45,2009/10,€38.50m,€66.95m
T1,02/04/2010,Ankaragucu,Besiktas,D,4.0,3.4,1.91,3.65,3.25,1.9,2009/10,€44.70m,€93.60m
T1,03/04/2010,Bursaspor,Antalyaspor,H,1.44,4.2,7.5,1.45,3.85,6.5,2009/10,€51.75m,€23.95m
T1,03/04/2010,Buyuksehyr,Denizlispor,H,1.73,3.5,5.0,1.7,3.45,4.4,2009/10,€24.00m,€18.35m
T1,04/04/2010,Diyarbakirspor,Gaziantepspor,A,2.8,3.25,2.5,2.45,3.2,2.6,2009/10,€17.75m,€32.45m
T1,04/04/2010,Eskisehirspor,Kasimpasa,H,1.67,3.6,5.25,1.7,3.45,4.4,2009/10,€24.70m,€20.20m
T1,04/04/2010,Fenerbahce,Kayserispor,H,1.44,4.2,7.5,1.45,3.85,6.5,2009/10,€119.45m,€38.50m
T1,04/04/2010,Manisaspor,Genclerbirligi,D,2.2,3.25,3.3,2.25,3.25,2.85,2009/10,€19.88m,€29.00m
T1,05/04/2010,Sivasspor,Galatasaray,D,5.25,3.6,1.67,4.75,3.5,1.65,2009/10,€33.65m,€129.23m
T1,09/04/2010,Gaziantepspor,Manisaspor,D,2.1,3.2,3.6,2.0,3.25,3.3,2009/10,€32.45m,€19.88m
T1,10/04/2010,Antalyaspor,Buyuksehyr,A,2.25,3.2,3.3,2.2,3.25,2.9,2009/10,€23.95m,€24.00m
T1,10/04/2010,Besiktas,Trabzonspor,D,1.83,3.4,4.5,1.8,3.35,4.0,2009/10,€93.60m,€66.95m
T1,11/04/2010,Denizlispor,Eskisehirspor,H,3.0,3.2,2.4,2.7,3.25,2.35,2009/10,€18.35m,€24.70m
T1,11/04/2010,Galatasaray,Diyarbakirspor,H,1.25,5.25,13.0,1.2,5.5,11.0,2009/10,€129.23m,€17.75m
T1,11/04/2010,Genclerbirligi,Bursaspor,D,3.6,3.3,2.05,3.15,3.25,2.1,2009/10,€29.00m,€51.75m
T1,11/04/2010,Kasimpasa,Ankaragucu,H,2.6,3.2,2.75,2.45,3.2,2.6,2009/10,€20.20m,€44.70m
T1,12/04/2010,Kayserispor,Sivasspor,D,1.8,3.4,4.75,1.85,3.3,3.85,2009/10,€38.50m,€33.65m
T1,16/04/2010,Bursaspor,Gaziantepspor,H,1.4,4.33,8.5,1.4,4.25,6.5,2009/10,€51.75m,€32.45m
T1,17/04/2010,Buyuksehyr,Genclerbirligi,A,2.0,3.3,3.75,1.95,3.25,3.5,2009/10,€24.00m,€29.00m
T1,17/04/2010,Manisaspor,Galatasaray,A,5.25,3.6,1.67,4.75,3.5,1.65,2009/10,€19.88m,€129.23m
T1,18/04/2010,Ankaragucu,Eskisehirspor,H,2.25,3.25,3.25,2.3,3.25,2.75,2009/10,€44.70m,€24.70m
T1,18/04/2010,Antalyaspor,Denizlispor,H,1.85,3.4,4.2,1.8,3.35,4.0,2009/10,€23.95m,€18.35m
T1,18/04/2010,Diyarbakirspor,Kayserispor,A,2.63,3.25,2.63,2.45,3.2,2.6,2009/10,€17.75m,€38.50m
T1,18/04/2010,Fenerbahce,Besiktas,H,2.0,3.3,3.75,2.0,3.6,3.75,2009/10,€119.45m,€93.60m
T1,19/04/2010,Trabzonspor,Kasimpasa,H,1.5,4.0,7.0,1.4,4.25,6.5,2009/10,€66.95m,€20.20m
T1,24/04/2010,Besiktas,Sivasspor,D,1.44,4.2,7.5,1.42,4.2,6.25,2009/10,€93.60m,€33.65m
T1,24/04/2010,Denizlispor,Ankaragucu,D,2.4,3.2,3.0,2.35,3.2,2.75,2009/10,€18.35m,€44.70m
T1,24/04/2010,Genclerbirligi,Antalyaspor,A,2.0,3.3,4.0,1.85,3.3,3.85,2009/10,€29.00m,€23.95m
T1,24/04/2010,Kayserispor,Manisaspor,A,1.91,3.25,4.2,1.85,3.3,3.85,2009/10,€38.50m,€19.88m
T1,25/04/2010,Galatasaray,Bursaspor,D,1.75,3.5,4.75,1.7,3.45,4.45,2009/10,€129.23m,€51.75m
T1,25/04/2010,Gaziantepspor,Buyuksehyr,A,2.7,3.1,2.7,2.4,3.2,2.65,2009/10,€32.45m,€24.00m
T1,25/04/2010,Kasimpasa,Fenerbahce,A,7.0,4.33,1.44,6.0,4.0,1.45,2009/10,€20.20m,€119.45m
T1,26/04/2010,Eskisehirspor,Trabzonspor,H,2.88,3.2,2.5,2.6,3.2,2.45,2009/10,€24.70m,€66.95m
T1,01/05/2010,Ankaragucu,Trabzonspor,H,2.45,3.25,2.88,2.6,3.2,2.45,2009/10,€44.70m,€66.95m
T1,01/05/2010,Bursaspor,Kayserispor,H,1.4,4.33,8.0,1.35,4.4,7.5,2009/10,€51.75m,€38.50m
T1,01/05/2010,Buyuksehyr,Galatasaray,A,4.5,3.5,1.8,4.15,3.45,1.75,2009/10,€24.00m,€129.23m
T1,01/05/2010,Fenerbahce,Eskisehirspor,H,1.2,6.5,13.0,1.25,5.0,9.0,2009/10,€119.45m,€24.70m
T1,02/05/2010,Antalyaspor,Gaziantepspor,H,2.05,3.3,3.6,2.0,3.25,3.3,2009/10,€23.95m,€32.45m
T1,02/05/2010,Denizlispor,Genclerbirligi,H,2.88,3.3,2.4,2.7,3.25,2.35,2009/10,€18.35m,€29.00m
T1,02/05/2010,Diyarbakirspor,Besiktas,A,4.8,3.5,1.75,4.4,3.5,1.7,2009/10,€17.75m,€93.60m
T1,02/05/2010,Sivasspor,Kasimpasa,D,1.75,3.5,4.8,1.85,3.3,3.85,2009/10,€33.65m,€20.20m
T1,07/05/2010,Besiktas,Manisaspor,H,1.3,4.75,11.0,1.3,4.5,9.0,2009/10,€93.60m,€19.88m
T1,08/05/2010,Galatasaray,Antalyaspor,A,1.25,5.5,12.0,1.3,4.5,9.0,2009/10,€129.23m,€23.95m
T1,08/05/2010,Gaziantepspor,Genclerbirligi,D,2.3,3.2,3.2,2.2,3.2,3.0,2009/10,€32.45m,€29.00m
T1,09/05/2010,Ankaragucu,Fenerbahce,A,7.5,4.2,1.44,6.5,3.85,1.45,2009/10,€44.70m,€119.45m
T1,09/05/2010,Eskisehirspor,Sivasspor,D,1.91,3.3,4.2,1.75,3.4,4.2,2009/10,€24.70m,€33.65m
T1,09/05/2010,Kasimpasa,Diyarbakirspor,H,2.2,3.3,3.3,2.15,3.2,3.1,2009/10,€20.20m,€17.75m
T1,09/05/2010,Kayserispor,Buyuksehyr,D,2.3,3.2,3.2,2.15,3.2,3.1,2009/10,€38.50m,€24.00m
T1,10/05/2010,Trabzonspor,Denizlispor,H,1.33,4.75,10.0,1.37,4.33,7.25,2009/10,€66.95m,€18.35m
T1,15/05/2010,Antalyaspor,Kayserispor,H,2.1,3.4,3.4,2.0,3.2,3.35,2009/10,€23.95m,€38.50m
T1,15/05/2010,Denizlispor,Gaziantepspor,D,2.63,3.3,2.6,2.5,3.25,2.5,2009/10,€18.35m,€32.45m
T1,15/05/2010,Diyarbakirspor,Eskisehirspor,A,2.8,3.25,2.5,2.85,3.3,2.2,2009/10,€17.75m,€24.70m
T1,15/05/2010,Sivasspor,Ankaragucu,D,2.1,3.3,3.5,2.0,3.3,3.35,2009/10,€33.65m,€44.70m
T1,16/05/2010,Bursaspor,Besiktas,H,1.8,3.5,4.5,1.7,3.45,4.5,2009/10,€51.75m,€93.60m
T1,16/05/2010,Fenerbahce,Trabzonspor,D,1.22,5.75,13.0,1.22,5.5,9.0,2009/10,€119.45m,€66.95m
T1,16/05/2010,Genclerbirligi,Galatasaray,H,3.5,3.3,2.1,3.6,3.3,1.9,2009/10,€29.00m,€129.23m
T1,16/05/2010,Manisaspor,Kasimpasa,D,2.15,3.3,3.3,2.1,3.3,3.1,2009/10,€19.88m,€20.20m
T1,14/08/2010,Bucaspor,Besiktas,A,6.0,3.8,1.57,6.0,3.75,1.5,2010/11,€20.95m,€128.25m
T1,14/08/2010,Eskisehirspor,Genclerbirligi,D,2.0,3.4,3.75,1.88,3.3,3.8,2010/11,€30.75m,€32.90m
T1,14/08/2010,Gaziantepspor,Kasimpasa,D,1.91,3.4,4.0,2.0,3.2,3.5,2010/11,€38.30m,€17.20m
T1,14/08/2010,Sivasspor,Galatasaray,H,5.25,3.6,1.67,4.25,3.4,1.75,2010/11,€30.30m,€117.45m
T1,15/08/2010,Ankaragucu,Trabzonspor,A,3.75,3.4,2.0,3.5,3.4,1.91,2010/11,€37.45m,€80.38m
T1,15/08/2010,Fenerbahce,Antalyaspor,H,1.44,4.33,7.0,1.35,4.4,7.5,2010/11,€140.65m,€23.35m
T1,15/08/2010,Karabukspor,Manisaspor,H,2.3,3.2,3.2,2.2,3.2,3.0,2010/11,€21.30m,€25.15m
T1,16/08/2010,Bursaspor,Konyaspor,H,1.33,5.0,9.0,1.37,4.33,7.25,2010/11,€65.55m,€23.00m
T1,16/08/2010,Buyuksehyr,Kayserispor,A,2.1,3.3,3.5,2.1,3.2,3.2,2010/11,€35.25m,€39.80m
T1,20/08/2010,Kayserispor,Karabukspor,H,1.83,3.4,4.5,1.75,3.4,4.25,2010/11,€39.80m,€21.30m
T1,20/08/2010,Konyaspor,Eskisehirspor,H,2.55,3.25,2.75,2.6,3.0,2.6,2010/11,€23.00m,€30.75m
T1,21/08/2010,Antalyaspor,Sivasspor,D,2.2,3.3,3.25,2.1,3.2,3.2,2010/11,€23.35m,€30.30m
T1,21/08/2010,Besiktas,Buyuksehyr,A,1.4,4.33,8.0,1.35,4.2,8.25,2010/11,€128.25m,€35.25m
T1,22/08/2010,Galatasaray,Bursaspor,A,1.83,3.5,4.33,1.72,3.5,4.25,2010/11,€117.45m,€65.55m
T1,22/08/2010,Genclerbirligi,Gaziantepspor,D,1.95,3.3,4.0,1.88,3.2,3.9,2010/11,€32.90m,€38.30m
T1,22/08/2010,Manisaspor,Ankaragucu,A,2.5,3.25,2.8,2.4,3.1,2.8,2010/11,€25.15m,€37.45m
T1,23/08/2010,Kasimpasa,Bucaspor,D,1.91,3.3,4.2,1.75,3.3,4.4,2010/11,€17.20m,€20.95m
T1,23/08/2010,Trabzonspor,Fenerbahce,H,2.8,3.25,2.5,2.5,3.2,2.6,2010/11,€80.38m,€140.65m
T1,27/08/2010,Ankaragucu,Kayserispor,D,2.8,3.1,2.6,2.65,3.0,2.55,2010/11,€37.45m,€39.80m
T1,27/08/2010,Gaziantepspor,Konyaspor,D,1.95,3.2,4.2,1.91,3.2,3.8,2010/11,€38.30m,€23.00m
T1,28/08/2010,Bucaspor,Genclerbirligi,H,2.5,3.1,2.9,2.6,3.1,2.55,2010/11,€20.95m,€32.90m
T1,28/08/2010,Buyuksehyr,Kasimpasa,H,2.25,3.25,3.2,2.1,3.1,3.3,2010/11,€35.25m,€17.20m
T1,28/08/2010,Sivasspor,Bursaspor,A,2.88,3.2,2.5,2.65,3.0,2.55,2010/11,€30.30m,€65.55m
T1,29/08/2010,Eskisehirspor,Galatasaray,A,3.4,3.3,2.15,3.3,3.2,2.05,2010/11,€30.75m,€117.45m
T1,29/08/2010,Fenerbahce,Manisaspor,H,1.29,5.25,10.0,1.22,5.25,11.0,2010/11,€140.65m,€25.15m
T1,29/08/2010,Karabukspor,Besiktas,A,4.75,3.5,1.75,4.75,3.5,1.65,2010/11,€21.30m,€128.25m
T1,30/08/2010,Antalyaspor,Trabzonspor,D,4.5,3.4,1.83,3.75,3.3,1.88,2010/11,€23.35m,€80.38m
T1,10/09/2010,Bursaspor,Eskisehirspor,H,1.5,4.0,7.0,1.44,4.0,6.5,2010/11,€65.55m,€30.75m
T1,11/09/2010,Besiktas,Ankaragucu,H,1.44,4.2,7.5,1.35,4.25,8.0,2010/11,€128.25m,€37.45m
T1,11/09/2010,Kayserispor,Fenerbahce,H,3.4,3.25,2.15,3.2,3.2,2.1,2010/11,€39.80m,€140.65m
T1,11/09/2010,Konyaspor,Bucaspor,D,2.38,3.1,3.1,2.1,3.2,3.2,2010/11,€23.00m,€20.95m
T1,11/09/2010,Manisaspor,Antalyaspor,A,2.4,3.1,3.1,2.4,3.1,2.75,2010/11,€25.15m,€23.35m
T1,13/09/2010,Galatasaray,Gaziantepspor,H,1.44,4.2,7.5,1.35,4.5,7.25,2010/11,€117.45m,€38.30m
T1,13/09/2010,Genclerbirligi,Buyuksehyr,H,2.38,3.1,3.1,2.2,3.1,3.1,2010/11,€32.90m,€35.25m
T1,13/09/2010,Kasimpasa,Karabukspor,A,2.1,3.3,3.5,2.0,3.25,3.4,2010/11,€17.20m,€21.30m
T1,13/09/2010,Trabzonspor,Sivasspor,H,1.44,4.2,7.5,1.45,4.1,6.0,2010/11,€80.38m,€30.30m
T1,17/09/2010,Trabzonspor,Manisaspor,A,1.36,4.5,8.5,1.31,4.6,8.25,2010/11,€80.38m,€25.15m
T1,18/09/2010,Ankaragucu,Kasimpasa,H,1.83,3.4,4.0,1.7,3.5,4.4,2010/11,€37.45m,€17.20m
T1,18/09/2010,Antalyaspor,Kayserispor,H,2.7,3.25,2.4,2.75,3.1,2.4,2010/11,€23.35m,€39.80m
T1,18/09/2010,Bucaspor,Galatasaray,A,4.0,3.4,1.8,3.75,3.4,1.85,2010/11,€20.95m,€117.45m
T1,18/09/2010,Sivasspor,Eskisehirspor,D,2.1,3.25,3.2,2.0,3.25,3.4,2010/11,€30.30m,€30.75m
T1,19/09/2010,Buyuksehyr,Konyaspor,H,2.0,3.3,3.4,1.88,3.25,3.8,2010/11,€35.25m,€23.00m
T1,19/09/2010,Fenerbahce,Besiktas,D,2.1,3.25,3.2,2.1,3.2,3.1,2010/11,€140.65m,€128.25m
T1,19/09/2010,Karabukspor,Genclerbirligi,H,2.25,3.2,3.0,2.3,3.2,2.85,2010/11,€21.30m,€32.90m
T1,20/09/2010,Gaziantepspor,Bursaspor,A,3.0,3.25,2.2,3.0,3.1,2.25,2010/11,€38.30m,€65.55m
T1,24/09/2010,Bursaspor,Bucaspor,H,1.44,4.33,7.0,1.42,3.9,7.25,2010/11,€65.55m,€20.95m
T1,25/09/2010,Besiktas,Antalyaspor,H,1.4,4.33,8.5,1.38,4.2,7.25,2010/11,€128.25m,€23.35m
T1,25/09/2010,Eskisehirspor,Gaziantepspor,A,2.1,3.2,3.6,2.1,3.2,3.2,2010/11,€30.75m,€38.30m
T1,25/09/2010,Genclerbirligi,Ankaragucu,H,2.88,3.2,2.5,2.5,3.1,2.65,2010/11,€32.90m,€37.45m
T1,26/09/2010,Galatasaray,Buyuksehyr,H,1.44,4.2,7.5,1.38,4.2,7.25,2010/11,€117.45m,€35.25m
T1,26/09/2010,Kayserispor,Trabzonspor,D,2.7,3.2,2.63,2.4,3.2,2.7,2010/11,€39.80m,€80.38m
T1,26/09/2010,Konyaspor,Karabukspor,D,2.7,3.2,2.63,2.4,3.2,2.7,2010/11,€23.00m,€21.30m
T1,26/09/2010,Manisaspor,Sivasspor,H,2.3,3.2,3.2,2.3,3.25,2.8,2010/11,€25.15m,€30.30m
T1,27/09/2010,Kasimpasa,Fenerbahce,A,6.5,3.8,1.53,5.25,3.5,1.6,2010/11,€17.20m,€140.65m
T1,01/10/2010,Bucaspor,Eskisehirspor,D,2.25,3.25,3.2,2.1,3.2,3.2,2010/11,€20.95m,€30.75m
T1,01/10/2010,Karabukspor,Galatasaray,H,4.0,3.4,1.91,3.75,3.4,1.85,2010/11,€21.30m,€117.45m
T1,02/10/2010,Ankaragucu,Konyaspor,H,1.83,3.4,4.5,1.8,3.4,4.0,2010/11,€37.45m,€23.00m
T1,02/10/2010,Fenerbahce,Genclerbirligi,H,1.33,5.0,9.0,1.35,4.5,7.25,2010/11,€140.65m,€32.90m
T1,02/10/2010,Manisaspor,Kayserispor,A,2.5,3.3,2.75,2.55,3.25,2.5,2010/11,€25.15m,€39.80m
T1,03/10/2010,Antalyaspor,Kasimpasa,H,1.73,3.5,5.0,1.7,3.5,4.4,2010/11,€23.35m,€17.20m
T1,03/10/2010,Buyuksehyr,Bursaspor,D,3.1,3.4,2.25,2.9,3.1,2.3,2010/11,€35.25m,€65.55m
T1,03/10/2010,Sivasspor,Gaziantepspor,D,2.25,3.2,3.25,2.1,3.2,3.2,2010/11,€30.30m,€38.30m
T1,03/10/2010,Trabzonspor,Besiktas,H,2.5,3.25,2.8,2.3,3.25,2.8,2010/11,€80.38m,€128.25m
T1,15/10/2010,Bursaspor,Karabukspor,D,1.75,3.4,4.33,1.6,3.6,5.0,2010/11,€65.55m,€21.30m
T1,16/10/2010,Besiktas,Manisaspor,A,1.36,4.2,8.0,1.25,5.0,10.0,2010/11,€128.25m,€25.15m
T1,16/10/2010,Eskisehirspor,Buyuksehyr,H,2.05,3.25,3.25,2.1,3.2,3.2,2010/11,€30.75m,€35.25m
T1,16/10/2010,Gaziantepspor,Bucaspor,H,2.05,3.2,3.4,2.0,3.0,3.75,2010/11,€38.30m,€20.95m
T1,17/10/2010,Galatasaray,Ankaragucu,A,1.44,3.8,7.0,1.35,4.33,7.75,2010/11,€117.45m,€37.45m
T1,17/10/2010,Genclerbirligi,Antalyaspor,A,2.38,3.2,2.8,2.4,3.1,2.8,2010/11,€32.90m,€23.35m
T1,17/10/2010,Kasimpasa,Trabzonspor,A,4.2,3.5,1.75,3.9,3.3,1.85,2010/11,€17.20m,€80.38m
T1,17/10/2010,Kayserispor,Sivasspor,H,1.5,3.75,7.0,1.5,3.7,6.25,2010/11,€39.80m,€30.30m
T1,18/10/2010,Konyaspor,Fenerbahce,A,5.75,3.5,1.57,5.75,3.9,1.5,2010/11,€23.00m,€140.65m
T1,22/10/2010,Karabukspor,Eskisehirspor,A,1.91,3.5,3.9,1.8,3.5,3.9,2010/11,€21.30m,€30.75m
T1,22/10/2010,Sivasspor,Bucaspor,D,2.1,3.3,3.5,1.95,3.2,3.6,2010/11,€30.30m,€20.95m
T1,23/10/2010,Antalyaspor,Konyaspor,H,1.75,3.6,4.6,1.75,3.4,4.25,2010/11,€23.35m,€23.00m
T1,23/10/2010,Buyuksehyr,Gaziantepspor,H,2.3,3.2,3.1,2.25,3.1,3.0,2010/11,€35.25m,€38.30m
T1,23/10/2010,Trabzonspor,Genclerbirligi,H,1.4,4.33,8.0,1.35,4.5,7.25,2010/11,€80.38m,€32.90m
T1,24/10/2010,Ankaragucu,Bursaspor,A,2.75,3.2,2.55,2.7,3.1,2.45,2010/11,€37.45m,€65.55m
T1,24/10/2010,Fenerbahce,Galatasaray,D,1.75,3.6,4.5,1.7,3.7,4.2,2010/11,€140.65m,€117.45m
T1,24/10/2010,Manisaspor,Kasimpasa,H,1.62,3.75,5.5,1.55,3.8,5.1,2010/11,€25.15m,€17.20m
T1,25/10/2010,Kayserispor,Besiktas,H,2.6,3.2,2.7,2.6,3.1,2.55,2010/11,€39.80m,€128.25m
T1,29/10/2010,Bursaspor,Fenerbahce,D,2.3,3.25,3.1,2.5,3.25,2.55,2010/11,€65.55m,€140.65m
T1,30/10/2010,Eskisehirspor,Ankaragucu,D,2.1,3.25,3.5,2.0,3.2,3.5,2010/11,€30.75m,€37.45m
T1,30/10/2010,Galatasaray,Antalyaspor,H,1.53,3.8,6.5,1.42,4.2,6.25,2010/11,€117.45m,€23.35m
T1,30/10/2010,Gaziantepspor,Karabukspor,D,2.38,3.25,2.9,2.1,3.2,3.2,2010/11,€38.30m,€21.30m
T1,31/10/2010,Besiktas,Sivasspor,H,1.4,4.33,8.0,1.31,4.6,8.25,2010/11,€128.25m,€30.30m
T1,31/10/2010,Bucaspor,Buyuksehyr,A,2.5,3.25,2.8,2.4,3.1,2.8,2010/11,€20.95m,€35.25m
T1,31/10/2010,Genclerbirligi,Manisaspor,H,2.45,3.25,2.8,2.25,3.2,2.8,2010/11,€32.90m,€25.15m
T1,31/10/2010,Kasimpasa,Kayserispor,A,4.5,3.5,1.8,4.25,3.4,1.75,2010/11,€17.20m,€39.80m
T1,01/11/2010,Konyaspor,Trabzonspor,A,5.0,3.75,1.67,5.0,3.8,1.57,2010/11,€23.00m,€80.38m
T1,05/11/2010,Kayserispor,Genclerbirligi,D,1.62,3.75,5.5,1.6,3.5,5.25,2010/11,€39.80m,€32.90m
T1,06/11/2010,Ankaragucu,Gaziantepspor,A,2.1,3.3,3.5,2.1,3.2,3.2,2010/11,€37.45m,€38.30m
T1,06/11/2010,Antalyaspor,Bursaspor,D,2.63,3.2,2.7,2.6,3.1,2.55,2010/11,€23.35m,€65.55m
T1,06/11/2010,Fenerbahce,Eskisehirspor,H,1.36,4.75,8.5,1.3,4.75,8.25,2010/11,€140.65m,€30.75m
T1,06/11/2010,Karabukspor,Bucaspor,H,1.75,3.5,4.75,1.75,3.3,4.4,2010/11,€21.30m,€20.95m
T1,07/11/2010,Manisaspor,Konyaspor,A,1.62,3.75,5.5,1.7,3.5,4.4,2010/11,€25.15m,€23.00m
T1,07/11/2010,Sivasspor,Buyuksehyr,A,2.6,3.2,2.75,2.55,3.1,2.6,2010/11,€30.30m,€35.25m
T1,07/11/2010,Trabzonspor,Galatasaray,H,2.25,3.25,3.2,2.15,3.4,2.95,2010/11,€80.38m,€117.45m
T1,08/11/2010,Besiktas,Kasimpasa,D,1.25,5.75,11.0,1.2,5.5,12.0,2010/11,€128.25m,€17.20m
T1,12/11/2010,Konyaspor,Kayserispor,A,4.0,3.4,1.91,3.6,3.1,2.0,2010/11,€23.00m,€39.80m
T1,13/11/2010,Bucaspor,Ankaragucu,D,2.8,3.25,2.5,2.6,3.1,2.55,2010/11,€20.95m,€37.45m
T1,13/11/2010,Bursaspor,Trabzonspor,A,2.7,3.25,2.55,2.3,3.1,2.9,2010/11,€65.55m,€80.38m
T1,13/11/2010,Eskisehirspor,Antalyaspor,D,2.3,3.25,3.1,2.25,3.1,3.0,2010/11,€30.75m,€23.35m
T1,13/11/2010,Gaziantepspor,Fenerbahce,H,4.5,3.5,1.8,3.9,3.5,1.8,2010/11,€38.30m,€140.65m
T1,14/11/2010,Buyuksehyr,Karabukspor,H,2.1,3.25,3.5,1.95,3.2,3.6,2010/11,€35.25m,€21.30m
T1,14/11/2010,Galatasaray,Manisaspor,A,1.53,3.75,6.5,1.5,4.0,5.5,2010/11,€117.45m,€25.15m
T1,14/11/2010,Genclerbirligi,Besiktas,A,3.75,3.3,2.0,3.5,3.2,2.0,2010/11,€32.90m,€128.25m
T1,14/11/2010,Kasimpasa,Sivasspor,H,2.55,3.25,2.7,2.6,3.1,2.55,2010/11,€17.20m,€30.30m
T1,20/11/2010,Besiktas,Konyaspor,D,1.3,4.5,9.0,1.31,4.6,8.5,2010/11,€128.25m,€23.00m
T1,20/11/2010,Kasimpasa,Genclerbirligi,D,2.5,3.2,2.88,2.45,3.2,2.65,2010/11,€17.20m,€32.90m
T1,20/11/2010,Manisaspor,Bursaspor,A,3.0,3.25,2.38,3.05,3.05,2.25,2010/11,€25.15m,€65.55m
T1,20/11/2010,Sivasspor,Karabukspor,H,2.6,3.1,2.8,2.65,3.1,2.5,2010/11,€30.30m,€21.30m
T1,21/11/2010,Ankaragucu,Buyuksehyr,D,2.1,3.3,3.6,2.0,3.25,3.4,2010/11,€37.45m,€35.25m
T1,21/11/2010,Antalyaspor,Gaziantepspor,A,2.2,3.2,3.4,1.95,3.1,3.8,2010/11,€23.35m,€38.30m
T1,21/11/2010,Kayserispor,Galatasaray,D,2.3,3.2,3.2,2.15,3.1,3.2,2010/11,€39.80m,€117.45m
T1,21/11/2010,Trabzonspor,Eskisehirspor,D,1.25,5.0,9.5,1.25,5.0,10.0,2010/11,€80.38m,€30.75m
T1,22/11/2010,Fenerbahce,Bucaspor,H,1.25,5.0,9.5,1.25,5.0,10.0,2010/11,€140.65m,€20.95m
T1,26/11/2010,Eskisehirspor,Manisaspor,H,2.2,3.25,3.25,2.25,3.15,2.95,2010/11,€30.75m,€25.15m
T1,27/11/2010,Buyuksehyr,Fenerbahce,A,3.5,3.3,2.1,3.25,3.25,2.05,2010/11,€35.25m,€140.65m
T1,27/11/2010,Gaziantepspor,Trabzonspor,A,3.25,3.25,2.2,3.1,3.2,2.15,2010/11,€38.30m,€80.38m
T1,27/11/2010,Genclerbirligi,Sivasspor,D,2.05,3.3,3.6,2.0,3.3,3.35,2010/11,€32.90m,€30.30m
T1,27/11/2010,Konyaspor,Kasimpasa,D,2.2,3.25,3.25,2.1,3.3,3.1,2010/11,€23.00m,€17.20m
T1,28/11/2010,Bucaspor,Antalyaspor,H,2.75,3.3,2.5,2.65,3.15,2.45,2010/11,€20.95m,€23.35m
T1,28/11/2010,Galatasaray,Besiktas,A,2.45,3.25,2.88,2.5,3.3,2.85,2010/11,€117.45m,€128.25m
T1,28/11/2010,Karabukspor,Ankaragucu,H,2.2,3.25,3.25,2.25,3.2,2.95,2010/11,€21.30m,€37.45m
T1,29/11/2010,Bursaspor,Kayserispor,H,2.05,3.3,3.6,2.1,3.2,3.2,2010/11,€65.55m,€39.80m
T1,03/12/2010,Trabzonspor,Bucaspor,H,1.17,7.0,15.0,1.16,6.0,14.0,2010/11,€80.38m,€20.95m
T1,04/12/2010,Ankaragucu,Sivasspor,D,2.0,3.3,3.8,1.88,3.3,3.8,2010/11,€37.45m,€30.30m
T1,04/12/2010,Kasimpasa,Galatasaray,A,4.33,3.5,1.83,4.75,3.5,1.65,2010/11,€17.20m,€117.45m
T1,04/12/2010,Manisaspor,Gaziantepspor,H,2.3,3.1,3.25,2.4,3.1,2.75,2010/11,€25.15m,€38.30m
T1,05/12/2010,Antalyaspor,Buyuksehyr,H,2.2,3.2,3.4,2.2,3.2,3.0,2010/11,€23.35m,€35.25m
T1,05/12/2010,Besiktas,Bursaspor,H,2.0,3.3,3.8,1.85,3.4,3.75,2010/11,€128.25m,€65.55m
T1,05/12/2010,Fenerbahce,Karabukspor,H,1.36,4.75,8.0,1.3,4.75,8.25,2010/11,€140.65m,€21.30m
T1,05/12/2010,Konyaspor,Genclerbirligi,H,2.5,3.1,2.9,2.15,3.2,3.1,2010/11,€23.00m,€32.90m
T1,06/12/2010,Kayserispor,Eskisehirspor,D,1.67,3.6,5.25,1.57,3.5,5.5,2010/11,€39.80m,€30.75m
T1,10/12/2010,Eskisehirspor,Besiktas,H,4.2,3.4,1.91,3.8,3.25,1.88,2010/11,€30.75m,€128.25m
T1,11/12/2010,Bucaspor,Manisaspor,D,2.8,3.25,2.5,2.9,2.95,2.4,2010/11,€20.95m,€25.15m
T1,11/12/2010,Galatasaray,Genclerbirligi,A,1.5,4.0,6.5,1.4,4.0,7.25,2010/11,€117.45m,€32.90m
T1,11/12/2010,Karabukspor,Antalyaspor,H,2.05,3.3,3.6,2.1,3.1,3.3,2010/11,€21.30m,€23.35m
T1,12/12/2010,Ankaragucu,Fenerbahce,H,4.5,3.5,1.8,4.25,3.4,1.75,2010/11,€37.45m,€140.65m
T1,12/12/2010,Buyuksehyr,Trabzonspor,A,4.0,3.4,1.91,3.8,3.2,1.91,2010/11,€35.25m,€80.38m
T1,12/12/2010,Gaziantepspor,Kayserispor,H,2.63,3.2,2.6,2.7,2.95,2.55,2010/11,€38.30m,€39.80m
T1,12/12/2010,Sivasspor,Konyaspor,H,2.0,3.3,3.75,2.0,3.1,3.6,2010/11,€30.30m,€23.00m
T1,13/12/2010,Bursaspor,Kasimpasa,H,1.33,5.0,8.5,1.25,5.0,10.0,2010/11,€65.55m,€17.20m
T1,17/12/2010,Trabzonspor,Karabukspor,H,1.3,5.5,9.0,1.3,4.6,9.0,2010/11,€80.38m,€21.30m
T1,18/12/2010,Antalyaspor,Ankaragucu,D,1.75,3.5,4.75,1.8,3.2,4.33,2010/11,€23.35m,€37.45m
T1,18/12/2010,Fenerbahce,Sivasspor,H,1.33,5.0,9.0,1.33,4.5,8.0,2010/11,€140.65m,€30.30m
T1,18/12/2010,Genclerbirligi,Bursaspor,A,3.5,3.3,2.1,3.5,3.2,2.0,2010/11,€32.90m,€65.55m
T1,18/12/2010,Kayserispor,Bucaspor,H,1.4,4.33,8.5,1.4,4.0,7.5,2010/11,€39.80m,€20.95m
T1,19/12/2010,Besiktas,Gaziantepspor,D,1.67,3.5,5.5,1.5,3.7,6.0,2010/11,€128.25m,€38.30m
T1,19/12/2010,Kasimpasa,Eskisehirspor,A,2.6,3.1,2.8,2.6,3.1,2.55,2010/11,€17.20m,€30.75m
T1,19/12/2010,Konyaspor,Galatasaray,A,3.6,3.3,2.05,3.5,3.2,2.0,2010/11,€23.00m,€117.45m
T1,19/12/2010,Manisaspor,Buyuksehyr,H,2.5,3.2,2.88,2.3,3.1,2.9,2010/11,€25.15m,€35.25m
T1,21/01/2011,Besiktas,Bucaspor,H,1.25,5.25,13.0,1.25,5.25,9.0,2010/11,€128.25m,€20.95m
T1,22/01/2011,Antalyaspor,Fenerbahce,A,3.75,3.3,2.0,3.5,3.3,1.95,2010/11,€23.35m,€140.65m
T1,22/01/2011,Genclerbirligi,Eskisehirspor,A,2.5,3.2,2.8,2.4,3.2,2.7,2010/11,€32.90m,€30.75m
T1,22/01/2011,Manisaspor,Karabukspor,H,2.3,3.3,3.0,2.25,3.2,2.9,2010/11,€25.15m,€21.30m
T1,22/01/2011,Trabzonspor,Ankaragucu,D,1.25,5.5,12.0,1.25,5.25,9.0,2010/11,€80.38m,€37.45m
T1,23/01/2011,Galatasaray,Sivasspor,H,1.57,3.8,6.0,1.5,3.85,5.75,2010/11,€117.45m,€30.30m
T1,23/01/2011,Kasimpasa,Gaziantepspor,A,2.8,3.2,2.5,2.65,3.2,2.45,2010/11,€17.20m,€38.30m
T1,23/01/2011,Konyaspor,Bursaspor,D,4.2,3.5,1.85,3.9,3.2,1.88,2010/11,€23.00m,€65.55m
T1,24/01/2011,Kayserispor,Buyuksehyr,H,2.0,3.25,3.5,2.0,3.2,3.45,2010/11,€39.80m,€35.25m
T1,29/01/2011,Bucaspor,Kasimpasa,H,2.2,3.25,3.25,2.15,3.2,3.1,2010/11,€20.95m,€17.20m
T1,29/01/2011,Bursaspor,Galatasaray,H,2.2,3.25,3.25,2.25,3.25,2.85,2010/11,€65.55m,€117.45m
T1,29/01/2011,Karabukspor,Kayserispor,D,3.25,3.2,2.25,3.0,3.1,2.25,2010/11,€21.30m,€39.80m
T1,29/01/2011,Sivasspor,Antalyaspor,D,2.3,3.2,3.1,2.25,3.2,2.9,2010/11,€30.30m,€23.35m
T1,30/01/2011,Ankaragucu,Manisaspor,A,2.4,3.2,3.0,2.3,3.15,2.85,2010/11,€37.45m,€25.15m
T1,30/01/2011,Buyuksehyr,Besiktas,H,4.5,3.5,1.8,4.25,3.3,1.78,2010/11,€35.25m,€128.25m
T1,30/01/2011,Fenerbahce,Trabzonspor,H,2.05,3.3,3.6,2.05,3.2,3.3,2010/11,€140.65m,€80.38m
T1,30/01/2011,Gaziantepspor,Genclerbirligi,D,1.75,3.5,4.75,1.75,3.3,4.4,2010/11,€38.30m,€32.90m
T1,31/01/2011,Eskisehirspor,Konyaspor,H,1.75,3.4,5.0,1.75,3.3,4.4,2010/11,€30.75m,€23.00m
T1,04/02/2011,Bursaspor,Sivasspor,H,1.36,4.33,9.0,1.35,4.25,8.0,2010/11,€65.55m,€30.30m
T1,05/02/2011,Besiktas,Karabukspor,D,1.29,5.25,10.0,1.3,4.65,8.5,2010/11,€128.25m,€21.30m
T1,05/02/2011,Kasimpasa,Buyuksehyr,A,3.1,3.3,2.3,2.85,3.2,2.3,2010/11,€17.20m,€35.25m
T1,05/02/2011,Kayserispor,Ankaragucu,H,1.7,3.5,5.0,1.7,3.45,4.5,2010/11,€39.80m,€37.45m
T1,05/02/2011,Manisaspor,Fenerbahce,A,3.8,3.4,1.95,3.5,3.3,1.95,2010/11,€25.15m,€140.65m
T1,06/02/2011,Galatasaray,Eskisehirspor,H,1.75,3.5,4.75,1.7,3.4,4.6,2010/11,€117.45m,€30.75m
T1,06/02/2011,Genclerbirligi,Bucaspor,H,1.91,3.4,4.0,1.9,3.3,3.7,2010/11,€32.90m,€20.95m
T1,06/02/2011,Konyaspor,Gaziantepspor,A,2.88,3.3,2.4,2.65,3.1,2.5,2010/11,€23.00m,€38.30m
T1,06/02/2011,Trabzonspor,Antalyaspor,D,1.33,5.0,8.5,1.35,4.4,7.5,2010/11,€80.38m,€23.35m
T1,12/02/2011,Bucaspor,Konyaspor,H,2.05,3.3,3.6,2.15,3.2,3.1,2010/11,€20.95m,€23.00m
T1,12/02/2011,Buyuksehyr,Genclerbirligi,A,1.83,3.4,4.5,1.83,3.3,3.95,2010/11,€35.25m,€32.90m
T1,12/02/2011,Gaziantepspor,Galatasaray,H,2.63,3.1,2.75,2.55,3.1,2.6,2010/11,€38.30m,€117.45m
T1,12/02/2011,Sivasspor,Trabzonspor,A,4.33,3.4,1.85,3.75,3.25,1.9,2010/11,€30.30m,€80.38m
T1,13/02/2011,Ankaragucu,Besiktas,H,4.5,3.5,1.8,4.1,3.5,1.75,2010/11,€37.45m,€128.25m
T1,13/02/2011,Antalyaspor,Manisaspor,A,2.25,3.25,3.2,2.25,3.2,2.9,2010/11,€23.35m,€25.15m
T1,13/02/2011,Eskisehirspor,Bursaspor,D,3.2,3.2,2.3,2.9,3.2,2.25,2010/11,€30.75m,€65.55m
T1,13/02/2011,Karabukspor,Kasimpasa,A,1.62,3.75,5.5,1.6,3.7,4.9,2010/11,€21.30m,€17.20m
T1,14/02/2011,Fenerbahce,Kayserispor,H,1.57,3.75,6.0,1.57,3.7,5.2,2010/11,€140.65m,€39.80m
T1,18/02/2011,Eskisehirspor,Sivasspor,H,1.9,3.4,4.0,1.9,3.2,3.8,2010/11,€30.75m,€30.30m
T1,19/02/2011,Bursaspor,Gaziantepspor,A,1.8,3.5,4.5,1.7,3.4,4.6,2010/11,€65.55m,€38.30m
T1,19/02/2011,Galatasaray,Bucaspor,H,1.44,4.2,7.0,1.4,4.2,6.75,2010/11,€117.45m,€20.95m
T1,19/02/2011,Genclerbirligi,Karabukspor,A,2.38,3.25,3.0,2.3,3.2,2.85,2010/11,€32.90m,€21.30m
T1,19/02/2011,Kasimpasa,Ankaragucu,H,2.8,3.25,2.45,2.65,3.2,2.45,2010/11,€17.20m,€37.45m
T1,20/02/2011,Besiktas,Fenerbahce,A,2.4,3.25,2.88,2.55,3.2,2.55,2010/11,€128.25m,€140.65m
T1,20/02/2011,Kayserispor,Antalyaspor,H,1.75,3.5,4.75,1.7,3.4,4.6,2010/11,€39.80m,€23.35m
T1,20/02/2011,Konyaspor,Buyuksehyr,D,2.75,3.25,2.55,2.55,3.25,2.5,2010/11,€23.00m,€35.25m
T1,21/02/2011,Manisaspor,Trabzonspor,A,4.1,3.5,1.85,3.65,3.4,1.88,2010/11,€25.15m,€80.38m
T1,25/02/2011,Bucaspor,Bursaspor,A,3.8,3.3,2.0,3.3,3.2,2.05,2010/11,€20.95m,€65.55m
T1,26/02/2011,Ankaragucu,Genclerbirligi,A,2.3,3.1,3.3,2.35,3.15,2.8,2010/11,€37.45m,€32.90m
T1,26/02/2011,Buyuksehyr,Galatasaray,H,2.9,3.1,2.5,2.7,3.1,2.45,2010/11,€35.25m,€117.45m
T1,26/02/2011,Fenerbahce,Kasimpasa,H,1.22,6.0,13.0,1.2,6.0,10.0,2010/11,€140.65m,€17.20m
T1,26/02/2011,Gaziantepspor,Eskisehirspor,H,2.05,3.2,3.75,1.95,3.2,3.6,2010/11,€38.30m,€30.75m
T1,27/02/2011,Karabukspor,Konyaspor,H,1.75,3.5,4.75,1.8,3.4,4.0,2010/11,€21.30m,€23.00m
T1,27/02/2011,Sivasspor,Manisaspor,H,2.38,3.25,3.0,2.4,3.25,2.65,2010/11,€30.30m,€25.15m
T1,27/02/2011,Trabzonspor,Kayserispor,D,1.57,4.0,5.5,1.6,3.6,5.0,2010/11,€80.38m,€39.80m
T1,28/02/2011,Antalyaspor,Besiktas,A,3.5,3.25,2.1,3.2,3.2,2.1,2010/11,€23.35m,€128.25m
T1,04/03/2011,Kayserispor,Manisaspor,A,1.62,3.8,5.5,1.7,3.5,4.4,2010/11,€39.80m,€25.15m
T1,05/03/2011,Galatasaray,Karabukspor,D,1.57,3.75,6.0,1.6,3.75,4.75,2010/11,€117.45m,€21.30m
T1,05/03/2011,Gaziantepspor,Sivasspor,H,1.8,3.5,4.33,1.75,3.4,4.25,2010/11,€38.30m,€30.30m
T1,05/03/2011,Konyaspor,Ankaragucu,A,2.3,3.2,3.1,2.3,3.1,2.9,2010/11,€23.00m,€37.45m
T1,06/03/2011,Besiktas,Trabzonspor,A,2.1,3.4,3.25,2.3,3.6,3.0,2010/11,€128.25m,€80.38m
T1,06/03/2011,Bursaspor,Buyuksehyr,D,1.62,3.6,5.5,1.67,3.5,4.6,2010/11,€65.55m,€35.25m
T1,06/03/2011,Eskisehirspor,Bucaspor,H,1.8,3.4,4.5,1.78,3.25,4.3,2010/11,€30.75m,€20.95m
T1,06/03/2011,Kasimpasa,Antalyaspor,A,2.63,3.2,2.6,2.55,3.15,2.55,2010/11,€17.20m,€23.35m
T1,07/03/2011,Genclerbirligi,Fenerbahce,A,5.0,3.6,1.67,4.5,3.65,1.65,2010/11,€32.90m,€140.65m
T1,11/03/2011,Manisaspor,Besiktas,D,3.6,3.5,2.0,3.0,3.4,2.1,2010/11,€25.15m,€128.25m
T1,12/03/2011,Buyuksehyr,Eskisehirspor,A,2.4,3.2,3.0,2.2,3.1,3.1,2010/11,€35.25m,€30.75m
T1,12/03/2011,Karabukspor,Bursaspor,D,3.0,3.2,2.38,2.85,3.1,2.35,2010/11,€21.30m,€65.55m
T1,12/03/2011,Trabzonspor,Kasimpasa,H,1.25,5.5,9.0,1.25,5.3,9.0,2010/11,€80.38m,€17.20m
T1,13/03/2011,Ankaragucu,Galatasaray,H,3.0,3.25,2.38,2.85,3.2,2.3,2010/11,€37.45m,€117.45m
T1,13/03/2011,Antalyaspor,Genclerbirligi,D,2.15,3.25,3.4,2.15,3.1,3.2,2010/11,€23.35m,€32.90m
T1,13/03/2011,Bucaspor,Gaziantepspor,H,3.4,3.3,2.15,3.2,3.0,2.2,2010/11,€20.95m,€38.30m
T1,13/03/2011,Fenerbahce,Konyaspor,H,1.17,6.5,12.0,1.15,6.75,12.0,2010/11,€140.65m,€23.00m
T1,13/03/2011,Sivasspor,Kayserispor,H,3.0,3.2,2.4,2.6,3.15,2.5,2010/11,€30.30m,€39.80m
T1,18/03/2011,Galatasaray,Fenerbahce,A,3.25,3.3,2.2,3.2,3.1,2.1,2010/11,€117.45m,€140.65m
T1,19/03/2011,Besiktas,Kayserispor,H,1.8,3.5,4.5,1.78,3.3,4.25,2010/11,€128.25m,€39.80m
T1,19/03/2011,Gaziantepspor,Buyuksehyr,H,1.75,3.4,4.75,1.8,3.25,4.2,2010/11,€38.30m,€35.25m
T1,19/03/2011,Kasimpasa,Manisaspor,H,2.8,3.25,2.5,2.7,3.3,2.35,2010/11,€17.20m,€25.15m
T1,19/03/2011,Konyaspor,Antalyaspor,D,2.63,3.25,2.63,2.55,3.15,2.55,2010/11,€23.00m,€23.35m
T1,20/03/2011,Bucaspor,Sivasspor,A,2.38,3.25,2.9,2.5,3.1,2.65,2010/11,€20.95m,€30.30m
T1,20/03/2011,Eskisehirspor,Karabukspor,H,2.1,3.25,3.5,2.1,3.0,3.4,2010/11,€30.75m,€21.30m
T1,20/03/2011,Genclerbirligi,Trabzonspor,A,4.5,3.4,1.8,3.9,3.3,1.85,2010/11,€32.90m,€80.38m
T1,21/03/2011,Bursaspor,Ankaragucu,D,1.55,3.7,6.5,1.55,3.75,5.25,2010/11,€65.55m,€37.45m
T1,02/04/2011,Ankaragucu,Eskisehirspor,D,2.5,3.1,2.88,2.4,3.2,2.7,2010/11,€37.45m,€30.75m
T1,02/04/2011,Karabukspor,Gaziantepspor,H,2.7,3.25,2.55,2.55,3.2,2.55,2010/11,€21.30m,€38.30m
T1,02/04/2011,Sivasspor,Besiktas,H,3.1,3.25,2.3,3.1,3.1,2.2,2010/11,€30.30m,€128.25m
T1,02/04/2011,Trabzonspor,Konyaspor,H,1.22,6.25,11.0,1.22,5.75,9.25,2010/11,€80.38m,€23.00m
T1,03/04/2011,Buyuksehyr,Bucaspor,H,1.85,3.3,4.33,1.75,3.25,4.5,2010/11,€35.25m,€20.95m
T1,03/04/2011,Fenerbahce,Bursaspor,D,1.65,3.6,5.25,1.6,3.5,5.25,2010/11,€140.65m,€65.55m
T1,03/04/2011,Kayserispor,Kasimpasa,A,1.5,4.0,6.5,1.48,3.9,6.0,2010/11,€39.80m,€17.20m
T1,03/04/2011,Manisaspor,Genclerbirligi,A,2.05,3.25,3.6,2.0,3.2,3.5,2010/11,€25.15m,€32.90m
T1,04/04/2011,Antalyaspor,Galatasaray,H,2.8,3.25,2.45,2.85,3.1,2.35,2010/11,€23.35m,€117.45m
T1,08/04/2011,Bursaspor,Antalyaspor,A,1.67,3.5,5.5,1.62,3.5,5.0,2010/11,€65.55m,€23.35m
T1,09/04/2011,Bucaspor,Karabukspor,H,2.4,3.2,3.0,2.35,3.15,2.8,2010/11,€20.95m,€21.30m
T1,09/04/2011,Eskisehirspor,Fenerbahce,A,4.33,3.5,1.83,4.3,3.35,1.75,2010/11,€30.75m,€140.65m
T1,09/04/2011,Konyaspor,Manisaspor,D,2.5,3.25,2.8,2.4,3.2,2.7,2010/11,€23.00m,€25.15m
T1,10/04/2011,Buyuksehyr,Sivasspor,A,2.6,3.1,2.8,2.45,3.15,2.65,2010/11,€35.25m,€30.30m
T1,10/04/2011,Galatasaray,Trabzonspor,A,3.5,3.3,2.1,3.1,3.2,2.15,2010/11,€117.45m,€80.38m
T1,10/04/2011,Gaziantepspor,Ankaragucu,H,1.7,3.5,5.25,1.72,3.4,4.4,2010/11,€38.30m,€37.45m
T1,10/04/2011,Genclerbirligi,Kayserispor,H,2.5,3.1,2.9,2.35,3.2,2.75,2010/11,€32.90m,€39.80m
T1,11/04/2011,Kasimpasa,Besiktas,A,3.75,3.4,2.0,3.35,3.3,2.0,2010/11,€17.20m,€128.25m
T1,15/04/2011,Besiktas,Genclerbirligi,D,1.55,3.75,6.5,1.57,3.75,5.0,2010/11,€128.25m,€32.90m
T1,16/04/2011,Ankaragucu,Bucaspor,H,1.91,3.4,4.0,1.95,3.4,3.4,2010/11,€37.45m,€20.95m
T1,16/04/2011,Fenerbahce,Gaziantepspor,H,1.5,4.0,6.5,1.45,4.0,6.25,2010/11,€140.65m,€38.30m
T1,16/04/2011,Karabukspor,Buyuksehyr,A,2.05,3.3,3.6,2.0,3.35,3.3,2010/11,€21.30m,€35.25m
T1,17/04/2011,Antalyaspor,Eskisehirspor,D,2.4,3.3,2.88,2.4,3.1,2.75,2010/11,€23.35m,€30.75m
T1,17/04/2011,Kayserispor,Konyaspor,A,1.5,3.8,7.0,1.5,3.75,6.0,2010/11,€39.80m,€23.00m
T1,17/04/2011,Sivasspor,Kasimpasa,D,1.73,3.5,5.0,1.67,3.5,4.6,2010/11,€30.30m,€17.20m
T1,17/04/2011,Trabzonspor,Bursaspor,H,1.53,3.8,6.5,1.53,3.7,5.75,2010/11,€80.38m,€65.55m
T1,18/04/2011,Manisaspor,Galatasaray,A,2.6,3.2,2.5,2.6,3.1,2.55,2010/11,€25.15m,€117.45m
T1,22/04/2011,Eskisehirspor,Trabzonspor,D,4.75,3.5,1.75,4.5,3.25,1.75,2010/11,€30.75m,€80.38m
T1,23/04/2011,Bursaspor,Manisaspor,H,1.57,3.8,6.0,1.53,3.7,5.6,2010/11,€65.55m,€25.15m
T1,23/04/2011,Galatasaray,Kayserispor,D,1.67,3.5,5.5,1.7,3.4,4.5,2010/11,€117.45m,€39.80m
T1,23/04/2011,Karabukspor,Sivasspor,H,2.4,3.2,3.0,2.35,3.1,2.85,2010/11,€21.30m,€30.30m
T1,24/04/2011,Bucaspor,Fenerbahce,A,9.0,4.5,1.36,7.5,4.25,1.36,2010/11,€20.95m,€140.65m
T1,24/04/2011,Buyuksehyr,Ankaragucu,A,2.2,3.25,3.25,2.2,3.2,3.0,2010/11,€35.25m,€37.45m
T1,24/04/2011,Gaziantepspor,Antalyaspor,H,1.75,3.5,4.75,1.7,3.5,4.4,2010/11,€38.30m,€23.35m
T1,24/04/2011,Genclerbirligi,Kasimpasa,D,1.8,3.5,4.5,1.8,3.4,4.0,2010/11,€32.90m,€17.20m
T1,25/04/2011,Konyaspor,Besiktas,D,4.5,3.5,1.8,4.1,3.3,1.8,2010/11,€23.00m,€128.25m
T1,29/04/2011,Sivasspor,Genclerbirligi,D,2.0,3.4,3.75,1.88,3.4,3.7,2010/11,€30.30m,€32.90m
T1,30/04/2011,Antalyaspor,Bucaspor,D,1.83,3.5,4.33,1.91,3.4,3.5,2010/11,€23.35m,€20.95m
T1,30/04/2011,Besiktas,Galatasaray,H,1.91,3.4,4.0,1.83,3.3,3.95,2010/11,€128.25m,€117.45m
T1,30/04/2011,Kasimpasa,Konyaspor,D,2.3,3.25,3.1,2.35,3.35,2.65,2010/11,€17.20m,€23.00m
T1,01/05/2011,Fenerbahce,Buyuksehyr,H,1.22,5.75,13.0,1.2,6.0,10.0,2010/11,€140.65m,€35.25m
T1,01/05/2011,Kayserispor,Bursaspor,H,3.1,3.25,2.3,2.75,3.1,2.4,2010/11,€39.80m,€65.55m
T1,01/05/2011,Manisaspor,Eskisehirspor,H,2.6,3.2,2.7,2.5,3.3,2.5,2010/11,€25.15m,€30.75m
T1,01/05/2011,Trabzonspor,Gaziantepspor,H,1.5,4.0,6.5,1.55,3.75,5.3,2010/11,€80.38m,€38.30m
T1,02/05/2011,Ankaragucu,Karabukspor,D,2.1,3.4,3.4,2.05,3.3,3.2,2010/11,€37.45m,€21.30m
T1,06/05/2011,Eskisehirspor,Kayserispor,A,2.2,3.25,3.25,2.1,3.1,3.3,2010/11,€30.75m,€39.80m
T1,07/05/2011,Bursaspor,Besiktas,A,2.2,3.4,3.2,2.15,3.2,3.1,2010/11,€65.55m,€128.25m
T1,07/05/2011,Buyuksehyr,Antalyaspor,D,3.2,3.25,2.25,2.8,3.25,2.3,2010/11,€35.25m,€23.35m
T1,07/05/2011,Gaziantepspor,Manisaspor,H,1.53,3.8,6.5,1.53,3.9,5.2,2010/11,€38.30m,€25.15m
T1,08/05/2011,Bucaspor,Trabzonspor,A,10.0,5.25,1.29,8.0,4.75,1.3,2010/11,€20.95m,€80.38m
T1,08/05/2011,Genclerbirligi,Konyaspor,H,1.8,3.5,4.5,1.85,3.3,3.9,2010/11,€32.90m,€23.00m
T1,08/05/2011,Karabukspor,Fenerbahce,A,8.5,5.0,1.33,7.25,5.0,1.31,2010/11,€21.30m,€140.65m
T1,08/05/2011,Sivasspor,Ankaragucu,D,2.0,3.4,3.75,2.0,3.35,3.3,2010/11,€30.30m,€37.45m
T1,09/05/2011,Galatasaray,Kasimpasa,H,1.53,4.0,6.5,1.55,3.9,5.0,2010/11,€117.45m,€17.20m
T1,13/05/2011,Antalyaspor,Karabukspor,A,2.0,3.4,3.75,2.0,3.4,3.25,2010/11,€23.35m,€21.30m
T1,14/05/2011,Genclerbirligi,Galatasaray,A,2.9,3.3,2.38,2.6,3.3,2.4,2010/11,€32.90m,€117.45m
T1,14/05/2011,Konyaspor,Sivasspor,D,2.6,3.25,2.7,2.4,3.25,2.65,2010/11,€23.00m,€30.30m
T1,14/05/2011,Manisaspor,Bucaspor,H,1.83,3.4,4.5,1.8,3.4,4.0,2010/11,€25.15m,€20.95m
T1,15/05/2011,Fenerbahce,Ankaragucu,H,1.22,6.0,12.0,1.2,6.0,10.0,2010/11,€140.65m,€37.45m
T1,15/05/2011,Kasimpasa,Bursaspor,A,5.75,3.75,1.6,4.6,3.75,1.62,2010/11,€17.20m,€65.55m
T1,15/05/2011,Kayserispor,Gaziantepspor,A,2.2,3.25,3.25,2.25,3.3,2.85,2010/11,€39.80m,€38.30m
T1,15/05/2011,Trabzonspor,Buyuksehyr,H,1.22,6.0,12.0,1.2,6.0,10.0,2010/11,€80.38m,€35.25m
T1,16/05/2011,Besiktas,Eskisehirspor,H,1.75,3.5,4.75,1.75,3.4,4.25,2010/11,€128.25m,€30.75m
T1,20/05/2011,Buyuksehyr,Manisaspor,D,2.2,3.4,3.2,2.2,3.4,2.85,2010/11,€35.25m,€25.15m
T1,20/05/2011,Galatasaray,Konyaspor,H,1.4,4.5,7.5,1.35,4.6,7.0,2010/11,€117.45m,€23.00m
T1,21/05/2011,Ankaragucu,Antalyaspor,A,2.15,3.4,3.0,2.2,3.35,2.85,2010/11,€37.45m,€23.35m
T1,21/05/2011,Bucaspor,Kayserispor,D,2.25,3.2,3.0,2.5,3.3,2.5,2010/11,€20.95m,€39.80m
T1,21/05/2011,Bursaspor,Genclerbirligi,H,1.62,3.5,5.25,1.65,3.8,4.33,2010/11,€65.55m,€32.90m
T1,21/05/2011,Gaziantepspor,Besiktas,D,1.65,3.75,4.5,1.7,3.7,4.1,2010/11,€38.30m,€128.25m
T1,22/05/2011,Eskisehirspor,Kasimpasa,H,1.57,3.75,5.5,1.57,3.95,4.7,2010/11,€30.75m,€17.20m
T1,22/05/2011,Karabukspor,Trabzonspor,A,8.0,6.0,1.25,8.25,5.5,1.25,2010/11,€21.30m,€80.38m
T1,22/05/2011,Sivasspor,Fenerbahce,A,12.0,6.5,1.17,11.5,6.0,1.18,2010/11,€30.30m,€140.65m
T1,10/09/2011,Ankaragucu,Mersin Idman Yurdu,A,2.75,3.2,2.6,2.65,3.05,2.65,2011/12,€21.83m,€24.15m
T1,10/09/2011,Eskisehirspor,Besiktas,H,4.0,3.4,1.91,4.1,3.4,1.85,2011/12,€40.15m,€107.15m
T1,10/09/2011,Manisaspor,Trabzonspor,D,3.75,3.4,2.0,4.1,3.4,1.85,2011/12,€31.00m,€99.95m
T1,10/09/2011,Samsunspor,Genclerbirligi,H,2.5,3.25,2.8,2.35,3.2,2.9,2011/12,€27.80m,€30.83m
T1,11/09/2011,Antalyaspor,Gaziantepspor,H,2.4,3.25,2.9,2.5,3.2,2.75,2011/12,€30.65m,€50.85m
T1,11/09/2011,Bursaspor,Kayserispor,H,1.83,3.4,4.5,1.85,3.3,4.25,2011/12,€62.80m,€47.75m
T1,11/09/2011,Buyuksehyr,Galatasaray,H,4.75,3.6,1.73,4.33,3.6,1.75,2011/12,€37.65m,€124.50m
T1,11/09/2011,Karabukspor,Sivasspor,H,2.3,3.25,3.1,2.2,3.3,3.1,2011/12,€31.10m,€38.23m
T1,12/09/2011,Fenerbahce,Orduspor,H,1.33,5.0,9.0,1.3,5.0,9.0,2011/12,€132.50m,€33.90m
T1,16/09/2011,Gaziantepspor,Fenerbahce,A,3.6,3.25,2.1,3.7,3.25,2.0,2011/12,€50.85m,€132.50m
T1,16/09/2011,Kayserispor,Antalyaspor,A,2.2,3.2,3.4,2.15,3.2,3.3,2011/12,€47.75m,€30.65m
T1,17/09/2011,Genclerbirligi,Karabukspor,H,2.2,3.3,3.3,2.1,3.3,3.3,2011/12,€30.83m,€31.10m
T1,17/09/2011,Orduspor,Manisaspor,H,2.3,3.3,3.1,2.3,3.25,2.95,2011/12,€33.90m,€31.00m
T1,17/09/2011,Trabzonspor,Buyuksehyr,A,1.44,4.2,7.5,1.44,4.25,6.75,2011/12,€99.95m,€37.65m
T1,18/09/2011,Galatasaray,Samsunspor,H,1.36,4.75,8.5,1.38,4.6,7.25,2011/12,€124.50m,€27.80m
T1,18/09/2011,Mersin Idman Yurdu,Bursaspor,A,2.8,3.3,2.5,2.75,3.25,2.45,2011/12,€24.15m,€62.80m
T1,18/09/2011,Sivasspor,Eskisehirspor,A,2.63,3.3,2.63,2.6,3.2,2.6,2011/12,€38.23m,€40.15m
T1,19/09/2011,Besiktas,Ankaragucu,H,1.4,4.5,8.0,1.35,4.6,8.25,2011/12,€107.15m,€21.83m
T1,20/09/2011,Buyuksehyr,Orduspor,D,1.91,3.4,4.0,1.88,3.3,4.1,2011/12,€37.65m,€33.90m
T1,20/09/2011,Fenerbahce,Manisaspor,D,1.29,5.0,11.0,1.31,5.0,8.5,2011/12,€132.50m,€31.00m
T1,20/09/2011,Gaziantepspor,Kayserispor,A,1.91,3.4,4.0,1.88,3.3,4.1,2011/12,€50.85m,€47.75m
T1,21/09/2011,Antalyaspor,Mersin Idman Yurdu,A,2.1,3.25,3.5,2.05,3.3,3.5,2011/12,€30.65m,€24.15m
T1,21/09/2011,Eskisehirspor,Genclerbirligi,D,1.83,3.4,4.5,1.78,3.35,4.5,2011/12,€40.15m,€30.83m
T1,21/09/2011,Karabukspor,Galatasaray,D,3.75,3.3,2.0,3.8,3.5,2.0,2011/12,€31.10m,€124.50m
T1,21/09/2011,Samsunspor,Trabzonspor,D,3.75,3.3,2.0,3.8,3.3,1.95,2011/12,€27.80m,€99.95m
T1,22/09/2011,Ankaragucu,Sivasspor,A,2.5,3.3,2.75,2.55,3.35,2.55,2011/12,€21.83m,€38.23m
T1,22/09/2011,Bursaspor,Besiktas,A,2.2,3.25,3.25,2.35,3.3,3.1,2011/12,€62.80m,€107.15m
T1,23/09/2011,Kayserispor,Fenerbahce,A,4.5,3.5,1.8,4.5,3.5,1.75,2011/12,€47.75m,€132.50m
T1,24/09/2011,Manisaspor,Buyuksehyr,A,2.2,3.25,3.25,2.2,3.1,3.3,2011/12,€31.00m,€37.65m
T1,24/09/2011,Mersin Idman Yurdu,Gaziantepspor,H,2.38,3.25,3.0,2.15,3.25,3.25,2011/12,€24.15m,€50.85m
T1,24/09/2011,Trabzonspor,Karabukspor,H,1.4,4.5,7.5,1.45,4.0,7.0,2011/12,€99.95m,€31.10m
T1,25/09/2011,Besiktas,Antalyaspor,H,1.5,4.0,7.0,1.45,4.1,7.0,2011/12,€107.15m,€30.65m
T1,25/09/2011,Genclerbirligi,Ankaragucu,D,2.1,3.4,3.4,2.15,3.25,3.25,2011/12,€30.83m,€21.83m
T1,25/09/2011,Orduspor,Samsunspor,D,2.2,3.4,3.2,2.2,3.2,3.2,2011/12,€33.90m,€27.80m
T1,25/09/2011,Sivasspor,Bursaspor,H,4.0,3.4,1.91,3.9,3.3,1.91,2011/12,€38.23m,€62.80m
T1,26/09/2011,Galatasaray,Eskisehirspor,H,1.44,4.2,7.5,1.53,3.9,6.0,2011/12,€124.50m,€40.15m
T1,30/09/2011,Bursaspor,Genclerbirligi,H,1.53,3.8,6.5,1.45,4.1,6.75,2011/12,€62.80m,€30.83m
T1,01/10/2011,Antalyaspor,Sivasspor,D,2.0,3.4,3.75,2.0,3.3,3.6,2011/12,€30.65m,€38.23m
T1,01/10/2011,Fenerbahce,Buyuksehyr,H,1.44,4.33,7.0,1.35,4.75,7.75,2011/12,€132.50m,€37.65m
T1,01/10/2011,Karabukspor,Orduspor,A,2.3,3.2,3.2,2.2,3.2,3.2,2011/12,€31.10m,€33.90m
T1,02/10/2011,Ankaragucu,Galatasaray,A,4.33,3.6,1.8,4.75,3.8,1.65,2011/12,€21.83m,€124.50m
T1,02/10/2011,Eskisehirspor,Trabzonspor,A,3.4,3.2,2.2,3.1,3.2,2.25,2011/12,€40.15m,€99.95m
T1,02/10/2011,Kayserispor,Mersin Idman Yurdu,D,2.3,3.2,3.2,2.3,3.2,3.0,2011/12,€47.75m,€24.15m
T1,02/10/2011,Samsunspor,Manisaspor,A,2.15,3.3,3.4,2.05,3.3,3.4,2011/12,€27.80m,€31.00m
T1,03/10/2011,Gaziantepspor,Besiktas,D,3.3,3.25,2.2,3.5,3.3,2.05,2011/12,€50.85m,€107.15m
T1,14/10/2011,Trabzonspor,Ankaragucu,H,1.3,5.0,11.0,1.25,5.5,10.0,2011/12,€99.95m,€21.83m
T1,15/10/2011,Besiktas,Kayserispor,A,1.62,3.8,5.5,1.45,4.25,6.5,2011/12,€107.15m,€47.75m
T1,15/10/2011,Orduspor,Eskisehirspor,H,2.4,3.2,3.0,2.35,3.1,3.0,2011/12,€33.90m,€40.15m
T1,15/10/2011,Sivasspor,Gaziantepspor,D,2.4,3.3,2.9,2.2,3.3,3.1,2011/12,€38.23m,€50.85m
T1,16/10/2011,Buyuksehyr,Samsunspor,H,1.91,3.3,4.2,1.85,3.3,4.25,2011/12,€37.65m,€27.80m
T1,16/10/2011,Galatasaray,Bursaspor,H,1.75,3.6,4.75,1.75,3.7,4.75,2011/12,€124.50m,€62.80m
T1,16/10/2011,Genclerbirligi,Antalyaspor,H,2.4,3.2,3.0,2.4,3.2,2.85,2011/12,€30.83m,€30.65m
T1,16/10/2011,Manisaspor,Karabukspor,H,2.15,3.3,3.4,2.05,3.4,3.4,2011/12,€31.00m,€31.10m
T1,17/10/2011,Mersin Idman Yurdu,Fenerbahce,A,3.75,3.4,2.0,3.8,3.5,2.0,2011/12,€24.15m,€132.50m
T1,21/10/2011,Antalyaspor,Galatasaray,D,4.5,3.5,1.8,4.2,3.4,1.83,2011/12,€30.65m,€124.50m
T1,22/10/2011,Bursaspor,Trabzonspor,D,2.6,3.0,2.88,2.5,3.3,2.65,2011/12,€62.80m,€99.95m
T1,22/10/2011,Eskisehirspor,Manisaspor,A,1.91,3.3,4.2,1.91,3.25,4.0,2011/12,€40.15m,€31.00m
T1,22/10/2011,Karabukspor,Buyuksehyr,H,2.6,3.1,2.8,2.65,3.3,2.5,2011/12,€31.10m,€37.65m
T1,23/10/2011,Ankaragucu,Orduspor,A,2.9,3.0,2.6,2.65,3.3,2.5,2011/12,€21.83m,€33.90m
T1,23/10/2011,Fenerbahce,Samsunspor,D,1.33,5.0,9.0,1.25,5.25,11.0,2011/12,€132.50m,€27.80m
T1,23/10/2011,Gaziantepspor,Genclerbirligi,H,1.73,3.4,5.25,1.8,3.4,4.3,2011/12,€50.85m,€30.83m
T1,23/10/2011,Kayserispor,Sivasspor,H,2.05,3.4,3.5,1.95,3.3,3.8,2011/12,€47.75m,€38.23m
T1,24/10/2011,Mersin Idman Yurdu,Besiktas,A,3.4,3.4,2.1,3.4,3.3,2.05,2011/12,€24.15m,€107.15m
T1,26/10/2011,Buyuksehyr,Eskisehirspor,D,1.91,3.4,4.0,1.91,3.3,4.0,2011/12,€37.65m,€40.15m
T1,26/10/2011,Galatasaray,Gaziantepspor,A,1.36,4.75,8.0,1.35,4.75,7.75,2011/12,€124.50m,€50.85m
T1,26/10/2011,Orduspor,Bursaspor,D,2.63,3.3,2.63,2.4,3.4,2.7,2011/12,€33.90m,€62.80m
T1,26/10/2011,Samsunspor,Karabukspor,D,2.1,3.4,3.4,2.15,3.25,3.25,2011/12,€27.80m,€31.10m
T1,26/10/2011,Trabzonspor,Antalyaspor,D,1.4,4.5,7.5,1.4,4.5,7.0,2011/12,€99.95m,€30.65m
T1,27/10/2011,Besiktas,Fenerbahce,D,2.6,3.25,2.7,2.75,3.5,2.5,2011/12,€107.15m,€132.50m
T1,27/10/2011,Genclerbirligi,Kayserispor,H,2.5,3.25,2.8,2.55,3.3,2.6,2011/12,€30.83m,€47.75m
T1,27/10/2011,Manisaspor,Ankaragucu,H,1.8,3.6,4.33,1.8,3.5,4.2,2011/12,€31.00m,€21.83m
T1,27/10/2011,Sivasspor,Mersin Idman Yurdu,H,2.6,3.2,2.75,2.4,3.4,2.7,2011/12,€38.23m,€24.15m
T1,29/10/2011,Antalyaspor,Orduspor,D,2.25,3.2,3.0,2.25,3.2,3.1,2011/12,€30.65m,€33.90m
T1,29/10/2011,Eskisehirspor,Samsunspor,H,1.8,3.3,4.2,1.85,3.3,4.25,2011/12,€40.15m,€27.80m
T1,29/10/2011,Gaziantepspor,Trabzonspor,A,2.55,3.2,2.55,2.65,3.2,2.55,2011/12,€50.85m,€99.95m
T1,30/10/2011,Ankaragucu,Buyuksehyr,A,3.5,3.25,2.0,3.0,3.3,2.25,2011/12,€21.83m,€37.65m
T1,30/10/2011,Besiktas,Sivasspor,H,1.44,4.0,6.5,1.45,4.2,6.5,2011/12,€107.15m,€38.23m
T1,30/10/2011,Bursaspor,Manisaspor,D,1.57,3.6,5.5,1.55,3.75,6.0,2011/12,€62.80m,€31.00m
T1,30/10/2011,Kayserispor,Galatasaray,A,3.0,3.2,2.25,3.1,3.2,2.25,2011/12,€47.75m,€124.50m
T1,31/10/2011,Fenerbahce,Karabukspor,H,1.25,5.5,9.0,1.28,5.0,10.0,2011/12,€132.50m,€31.10m
T1,31/10/2011,Mersin Idman Yurdu,Genclerbirligi,H,1.9,3.25,2.75,1.95,3.4,3.7,2011/12,€24.15m,€30.83m
T1,04/11/2011,Samsunspor,Ankaragucu,D,1.73,3.5,5.0,1.72,3.5,4.75,2011/12,€27.80m,€21.83m
T1,04/11/2011,Sivasspor,Fenerbahce,H,4.33,3.5,1.83,4.33,3.5,1.88,2011/12,€38.23m,€132.50m
T1,05/11/2011,Galatasaray,Mersin Idman Yurdu,D,1.44,4.2,7.5,1.42,4.25,7.25,2011/12,€124.50m,€24.15m
T1,05/11/2011,Karabukspor,Eskisehirspor,A,2.5,3.25,2.8,2.55,3.2,2.65,2011/12,€31.10m,€40.15m
T1,05/11/2011,Manisaspor,Antalyaspor,H,2.0,3.3,3.75,2.0,3.3,3.6,2011/12,€31.00m,€30.65m
T1,05/11/2011,Orduspor,Gaziantepspor,D,2.1,3.25,3.5,2.2,3.2,3.2,2011/12,€33.90m,€50.85m
T1,06/11/2011,Buyuksehyr,Bursaspor,D,2.5,3.25,2.8,2.5,3.25,2.7,2011/12,€37.65m,€62.80m
T1,06/11/2011,Genclerbirligi,Besiktas,H,3.75,3.3,2.0,3.5,3.3,2.05,2011/12,€30.83m,€107.15m
T1,06/11/2011,Trabzonspor,Kayserispor,H,1.67,3.5,5.5,1.62,3.7,5.25,2011/12,€99.95m,€47.75m
T1,18/11/2011,Mersin Idman Yurdu,Trabzonspor,D,3.0,3.25,2.38,3.0,3.2,2.3,2011/12,€24.15m,€99.95m
T1,19/11/2011,Ankaragucu,Karabukspor,H,2.7,3.3,2.55,2.7,3.2,2.5,2011/12,€21.83m,€31.10m
T1,19/11/2011,Fenerbahce,Eskisehirspor,H,1.4,4.5,8.0,1.42,4.2,7.25,2011/12,€132.50m,€40.15m
T1,19/11/2011,Kayserispor,Orduspor,H,2.25,3.25,3.25,2.2,3.1,3.3,2011/12,€47.75m,€33.90m
T1,20/11/2011,Antalyaspor,Buyuksehyr,H,2.55,3.3,2.7,2.35,3.2,2.95,2011/12,€30.65m,€37.65m
T1,20/11/2011,Besiktas,Galatasaray,D,2.3,3.3,3.1,2.3,3.2,3.0,2011/12,€107.15m,€124.50m
T1,20/11/2011,Gaziantepspor,Manisaspor,D,2.15,3.2,3.5,2.15,3.2,3.3,2011/12,€50.85m,€31.00m
T1,20/11/2011,Sivasspor,Genclerbirligi,D,2.1,3.3,3.5,2.05,3.4,3.4,2011/12,€38.23m,€30.83m
T1,21/11/2011,Bursaspor,Samsunspor,H,1.53,3.75,7.0,1.5,3.8,6.75,2011/12,€62.80m,€27.80m
T1,25/11/2011,Genclerbirligi,Fenerbahce,D,4.2,3.3,1.91,3.6,3.3,2.0,2011/12,€30.83m,€132.50m
T1,26/11/2011,Galatasaray,Sivasspor,H,1.5,4.0,6.5,1.5,3.9,6.5,2011/12,€124.50m,€38.23m
T1,26/11/2011,Orduspor,Mersin Idman Yurdu,A,2.2,3.25,3.3,2.3,3.1,3.1,2011/12,€33.90m,€24.15m
T1,26/11/2011,Samsunspor,Antalyaspor,H,2.4,3.25,2.9,2.3,3.1,3.1,2011/12,€27.80m,€30.65m
T1,27/11/2011,Buyuksehyr,Gaziantepspor,H,2.05,3.3,3.6,2.05,3.2,3.6,2011/12,€37.65m,€50.85m
T1,27/11/2011,Eskisehirspor,Ankaragucu,H,1.62,3.75,5.5,1.62,3.7,5.25,2011/12,€40.15m,€21.83m
T1,27/11/2011,Manisaspor,Kayserispor,H,2.25,3.25,3.2,2.2,3.1,3.3,2011/12,€31.00m,€47.75m
T1,27/11/2011,Trabzonspor,Besiktas,A,2.0,3.3,3.8,2.15,3.3,3.5,2011/12,€99.95m,€107.15m
T1,28/11/2011,Karabukspor,Bursaspor,H,3.75,3.3,2.0,3.4,3.2,2.1,2011/12,€31.10m,€62.80m
T1,02/12/2011,Sivasspor,Trabzonspor,D,3.75,3.4,2.0,3.6,3.4,2.1,2011/12,€38.23m,€99.95m
T1,03/12/2011,Fenerbahce,Ankaragucu,H,1.2,6.5,13.0,1.2,6.25,11.5,2011/12,€132.50m,€21.83m
T1,03/12/2011,Gaziantepspor,Samsunspor,H,1.73,3.5,5.0,1.78,3.3,4.6,2011/12,€50.85m,€27.80m
T1,03/12/2011,Genclerbirligi,Galatasaray,A,3.5,3.3,2.1,3.5,3.25,2.05,2011/12,€30.83m,€124.50m
T1,04/12/2011,Antalyaspor,Karabukspor,H,2.0,3.3,3.75,1.95,3.25,3.8,2011/12,€30.65m,€31.10m
T1,04/12/2011,Bursaspor,Eskisehirspor,A,1.83,3.25,4.75,1.83,3.3,4.33,2011/12,€62.80m,€40.15m
T1,04/12/2011,Kayserispor,Buyuksehyr,H,2.25,3.25,3.2,2.25,3.2,3.1,2011/12,€47.75m,€37.65m
T1,04/12/2011,Mersin Idman Yurdu,Manisaspor,D,2.3,3.25,3.1,2.35,3.1,3.0,2011/12,€24.15m,€31.00m
T1,05/12/2011,Besiktas,Orduspor,H,1.67,3.5,5.5,1.55,3.7,6.0,2011/12,€107.15m,€33.90m
T1,07/12/2011,Eskisehirspor,Antalyaspor,H,1.85,3.4,4.33,1.78,3.3,4.6,2011/12,€40.15m,€30.65m
T1,07/12/2011,Galatasaray,Fenerbahce,H,2.5,3.25,2.8,2.5,3.2,2.75,2011/12,€124.50m,€132.50m
T1,07/12/2011,Karabukspor,Gaziantepspor,D,2.4,3.3,2.9,2.35,3.2,2.95,2011/12,€31.10m,€50.85m
T1,08/12/2011,Ankaragucu,Bursaspor,D,4.33,3.5,1.83,4.2,3.5,1.8,2011/12,€21.83m,€62.80m
T1,08/12/2011,Buyuksehyr,Mersin Idman Yurdu,D,2.1,3.3,3.5,2.1,3.2,3.4,2011/12,€37.65m,€24.15m
T1,08/12/2011,Manisaspor,Besiktas,A,3.1,3.2,2.3,3.2,3.1,2.25,2011/12,€31.00m,€107.15m
T1,08/12/2011,Orduspor,Sivasspor,A,2.25,3.25,3.2,2.2,3.2,3.2,2011/12,€33.90m,€38.23m
T1,08/12/2011,Samsunspor,Kayserispor,A,2.6,3.2,2.7,2.45,3.2,2.8,2011/12,€27.80m,€47.75m
T1,10/12/2011,Gaziantepspor,Eskisehirspor,A,2.4,3.2,3.0,2.25,3.1,3.2,2011/12,€50.85m,€40.15m
T1,11/12/2011,Antalyaspor,Ankaragucu,H,1.73,3.6,4.75,1.72,3.4,5.0,2011/12,€30.65m,€21.83m
T1,11/12/2011,Besiktas,Buyuksehyr,D,1.75,3.5,4.75,1.7,3.4,5.0,2011/12,€107.15m,€37.65m
T1,11/12/2011,Genclerbirligi,Orduspor,H,2.2,3.1,3.5,2.15,3.1,3.4,2011/12,€30.83m,€33.90m
T1,11/12/2011,Mersin Idman Yurdu,Samsunspor,H,1.95,3.2,4.2,1.91,3.2,4.1,2011/12,€24.15m,€27.80m
T1,11/12/2011,Trabzonspor,Galatasaray,A,2.38,3.2,3.0,2.5,3.2,2.75,2011/12,€99.95m,€124.50m
T1,12/12/2011,Bursaspor,Fenerbahce,A,2.88,3.2,2.5,2.9,3.1,2.4,2011/12,€62.80m,€132.50m
T1,12/12/2011,Kayserispor,Karabukspor,H,1.83,3.4,4.5,1.78,3.4,4.5,2011/12,€47.75m,€31.10m
T1,12/12/2011,Sivasspor,Manisaspor,D,2.3,3.2,3.1,2.35,3.1,3.0,2011/12,€38.23m,€31.00m
T1,14/12/2011,Trabzonspor,Genclerbirligi,A,1.62,3.75,5.5,1.57,3.7,5.75,2011/12,€99.95m,€30.83m
T1,16/12/2011,Orduspor,Galatasaray,A,4.0,3.4,1.91,4.25,3.3,1.85,2011/12,€33.90m,€124.50m
T1,17/12/2011,Ankaragucu,Gaziantepspor,D,3.8,3.3,2.0,3.6,3.2,2.05,2011/12,€21.83m,€50.85m
T1,17/12/2011,Bursaspor,Antalyaspor,D,1.73,3.5,5.0,1.67,3.5,5.0,2011/12,€62.80m,€30.65m
T1,17/12/2011,Eskisehirspor,Kayserispor,H,2.0,3.3,3.75,2.0,3.1,3.9,2011/12,€40.15m,€47.75m
T1,17/12/2011,Karabukspor,Mersin Idman Yurdu,A,2.6,3.1,2.8,2.55,3.1,2.75,2011/12,€31.10m,€24.15m
T1,18/12/2011,Buyuksehyr,Sivasspor,D,1.85,3.5,4.2,1.91,3.25,4.0,2011/12,€37.65m,€38.23m
T1,18/12/2011,Fenerbahce,Trabzonspor,H,1.85,3.4,4.33,1.95,3.4,4.1,2011/12,€132.50m,€99.95m
T1,18/12/2011,Manisaspor,Genclerbirligi,A,2.0,3.3,3.75,2.05,3.1,3.7,2011/12,€31.00m,€30.83m
T1,18/12/2011,Samsunspor,Besiktas,D,4.2,3.3,1.91,3.9,3.3,1.91,2011/12,€27.80m,€107.15m
T1,21/12/2011,Antalyaspor,Fenerbahce,D,4.2,3.3,1.91,4.0,3.25,1.91,2011/12,€30.65m,€132.50m
T1,21/12/2011,Galatasaray,Manisaspor,H,1.4,4.5,8.0,1.4,4.25,7.75,2011/12,€124.50m,€31.00m
T1,21/12/2011,Kayserispor,Ankaragucu,H,1.62,3.75,5.5,1.6,3.6,5.5,2011/12,€47.75m,€21.83m
T1,21/12/2011,Mersin Idman Yurdu,Eskisehirspor,D,2.5,3.1,2.9,2.45,3.0,2.95,2011/12,€24.15m,€40.15m
T1,21/12/2011,Sivasspor,Samsunspor,H,1.91,3.25,4.33,1.85,3.2,4.4,2011/12,€38.23m,€27.80m
T1,22/12/2011,Besiktas,Karabukspor,H,1.4,4.5,8.0,1.4,4.2,7.75,2011/12,€107.15m,€31.10m
T1,22/12/2011,Gaziantepspor,Bursaspor,D,2.5,3.0,3.0,2.35,3.0,3.1,2011/12,€50.85m,€62.80m
T1,22/12/2011,Genclerbirligi,Buyuksehyr,H,2.38,3.25,3.0,2.3,3.1,3.1,2011/12,€30.83m,€37.65m
T1,22/12/2011,Trabzonspor,Orduspor,H,1.53,3.75,7.0,1.5,3.8,6.75,2011/12,€99.95m,€33.90m
T1,03/01/2012,Galatasaray,Buyuksehyr,H,1.5,4.0,7.0,1.48,4.0,6.5,2011/12,€124.50m,€37.65m
T1,03/01/2012,Kayserispor,Bursaspor,A,2.5,3.1,2.9,2.45,3.0,2.95,2011/12,€47.75m,€62.80m
T1,03/01/2012,Mersin Idman Yurdu,Ankaragucu,A,1.36,4.5,9.0,1.4,4.0,8.75,2011/12,€24.15m,€21.83m
T1,03/01/2012,Sivasspor,Karabukspor,H,1.83,3.5,4.33,1.91,3.5,4.2,2011/12,€38.23m,€31.10m
T1,03/01/2012,Trabzonspor,Manisaspor,H,1.67,3.5,5.5,1.6,3.6,5.75,2011/12,€99.95m,€31.00m
T1,04/01/2012,Besiktas,Eskisehirspor,H,1.67,3.5,5.5,1.72,3.4,5.0,2011/12,€107.15m,€40.15m
T1,04/01/2012,Gaziantepspor,Antalyaspor,H,2.25,3.1,3.4,2.15,3.1,3.4,2011/12,€50.85m,€30.65m
T1,04/01/2012,Genclerbirligi,Samsunspor,D,1.67,3.5,5.5,1.75,3.4,5.5,2011/12,€30.83m,€27.80m
T1,04/01/2012,Orduspor,Fenerbahce,D,5.5,3.5,1.67,5.5,3.75,1.67,2011/12,€33.90m,€132.50m
T1,07/01/2012,Bursaspor,Mersin Idman Yurdu,H,1.83,3.25,4.75,1.8,3.3,4.5,2011/12,€62.80m,€24.15m
T1,07/01/2012,Buyuksehyr,Trabzonspor,A,3.4,3.2,2.2,3.4,3.1,2.3,2011/12,€37.65m,€99.95m
T1,07/01/2012,Samsunspor,Galatasaray,A,6.0,3.6,1.62,5.75,3.5,1.62,2011/12,€27.80m,€124.50m
T1,08/01/2012,Ankaragucu,Besiktas,D,9.0,5.0,1.33,11.5,5.0,1.26,2011/12,€21.83m,€107.15m
T1,08/01/2012,Antalyaspor,Kayserispor,H,2.5,3.2,2.88,2.45,3.0,2.95,2011/12,€30.65m,€47.75m
T1,08/01/2012,Eskisehirspor,Sivasspor,D,2.05,3.3,3.6,2.05,3.2,3.6,2011/12,€40.15m,€38.23m
T1,08/01/2012,Karabukspor,Genclerbirligi,H,2.6,3.1,2.8,2.55,3.2,2.65,2011/12,€31.10m,€30.83m
T1,08/01/2012,Manisaspor,Orduspor,D,2.05,3.3,3.6,1.95,3.1,4.1,2011/12,€31.00m,€33.90m
T1,09/01/2012,Fenerbahce,Gaziantepspor,H,1.44,4.2,7.5,1.44,4.1,7.0,2011/12,€132.50m,€50.85m
T1,14/01/2012,Galatasaray,Karabukspor,H,1.29,5.25,10.0,1.2,5.75,13.5,2011/12,€124.50m,€31.10m
T1,14/01/2012,Genclerbirligi,Eskisehirspor,H,2.2,3.2,3.4,2.1,3.1,3.6,2011/12,€30.83m,€40.15m
T1,15/01/2012,Besiktas,Bursaspor,H,1.8,3.5,4.5,1.85,3.3,4.25,2011/12,€107.15m,€62.80m
T1,15/01/2012,Mersin Idman Yurdu,Antalyaspor,A,2.0,3.3,3.75,2.05,3.1,3.7,2011/12,€24.15m,€30.65m
T1,15/01/2012,Orduspor,Buyuksehyr,H,2.4,3.2,3.0,2.4,3.1,2.95,2011/12,€33.90m,€37.65m
T1,15/01/2012,Sivasspor,Ankaragucu,H,1.44,4.2,6.0,1.4,4.33,7.5,2011/12,€38.23m,€21.83m
T1,15/01/2012,Trabzonspor,Samsunspor,H,1.3,5.0,10.0,1.35,4.4,9.0,2011/12,€99.95m,€27.80m
T1,16/01/2012,Kayserispor,Gaziantepspor,D,2.0,3.3,3.75,2.1,3.0,3.7,2011/12,€47.75m,€50.85m
T1,16/01/2012,Manisaspor,Fenerbahce,A,4.0,3.4,1.91,4.1,3.1,1.95,2011/12,€31.00m,€132.50m
T1,20/01/2012,Antalyaspor,Besiktas,A,3.75,3.3,2.0,3.9,3.0,2.05,2011/12,€30.65m,€107.15m
T1,20/01/2012,Gaziantepspor,Mersin Idman Yurdu,H,2.1,3.2,3.6,2.05,3.0,3.9,2011/12,€50.85m,€24.15m
T1,21/01/2012,Bursaspor,Sivasspor,A,1.83,3.4,4.5,1.91,3.25,4.0,2011/12,€62.80m,€38.23m
T1,21/01/2012,Buyuksehyr,Manisaspor,H,2.2,3.1,3.5,2.15,3.0,3.5,2011/12,€37.65m,€31.00m
T1,21/01/2012,Fenerbahce,Kayserispor,H,1.36,4.33,10.0,1.4,4.1,8.25,2011/12,€132.50m,€47.75m
T1,21/01/2012,Karabukspor,Trabzonspor,H,4.75,3.25,1.83,4.1,3.3,1.88,2011/12,€31.10m,€99.95m
T1,21/01/2012,Samsunspor,Orduspor,H,2.63,3.1,2.75,2.45,3.0,2.95,2011/12,€27.80m,€33.90m
T1,22/01/2012,Ankaragucu,Genclerbirligi,A,5.5,3.8,1.62,5.75,4.0,1.53,2011/12,€21.83m,€30.83m
T1,22/01/2012,Eskisehirspor,Galatasaray,D,4.5,3.3,1.85,4.5,3.4,1.88,2011/12,€40.15m,€124.50m
T1,24/01/2012,Besiktas,Gaziantepspor,H,1.4,4.33,8.5,1.42,4.1,7.5,2011/12,€107.15m,€50.85m
T1,24/01/2012,Manisaspor,Samsunspor,D,1.91,3.25,4.33,1.91,3.1,4.25,2011/12,€31.00m,€27.80m
T1,24/01/2012,Mersin Idman Yurdu,Kayserispor,A,2.3,3.1,3.2,2.45,2.95,3.0,2011/12,€24.15m,€47.75m
T1,24/01/2012,Sivasspor,Antalyaspor,H,1.91,3.25,4.2,2.0,3.2,3.75,2011/12,€38.23m,€30.65m
T1,25/01/2012,Buyuksehyr,Fenerbahce,H,4.5,3.5,1.8,4.33,3.4,1.8,2011/12,€37.65m,€132.50m
T1,25/01/2012,Galatasaray,Ankaragucu,H,1.07,11.0,26.0,1.06,10.0,29.0,2011/12,€124.50m,€21.83m
T1,25/01/2012,Genclerbirligi,Bursaspor,D,2.4,3.2,3.0,2.25,3.2,3.1,2011/12,€30.83m,€62.80m
T1,25/01/2012,Orduspor,Karabukspor,H,2.1,3.25,3.6,2.15,3.1,3.4,2011/12,€33.90m,€31.10m
T1,25/01/2012,Trabzonspor,Eskisehirspor,H,1.62,3.75,5.5,1.62,3.65,5.25,2011/12,€99.95m,€40.15m
T1,28/01/2012,Antalyaspor,Genclerbirligi,D,2.3,3.2,3.2,2.25,3.1,3.2,2011/12,€30.65m,€30.83m
T1,28/01/2012,Bursaspor,Galatasaray,H,4.0,3.2,2.0,3.9,3.3,2.05,2011/12,€62.80m,€124.50m
T1,29/01/2012,Ankaragucu,Trabzonspor,A,14.0,6.0,1.2,15.0,6.0,1.18,2011/12,€21.83m,€99.95m
T1,29/01/2012,Eskisehirspor,Orduspor,A,1.73,3.4,5.25,1.72,3.3,5.0,2011/12,€40.15m,€33.90m
T1,29/01/2012,Fenerbahce,Mersin Idman Yurdu,H,1.33,4.75,10.0,1.3,4.75,10.0,2011/12,€132.50m,€24.15m
T1,29/01/2012,Gaziantepspor,Sivasspor,H,2.6,3.2,2.75,2.55,3.25,2.85,2011/12,€50.85m,€38.23m
T1,29/01/2012,Karabukspor,Manisaspor,H,2.2,3.25,3.3,2.15,3.1,3.4,2011/12,€31.10m,€31.00m
T1,29/01/2012,Samsunspor,Buyuksehyr,A,2.38,3.1,3.1,2.35,3.1,3.0,2011/12,€27.80m,€37.65m
T1,30/01/2012,Kayserispor,Besiktas,H,3.6,3.2,2.1,3.6,3.2,2.05,2011/12,€47.75m,€107.15m
T1,01/02/2012,Galatasaray,Antalyaspor,D,1.33,4.75,10.0,1.37,4.5,7.75,2011/12,€124.50m,€30.65m
T1,01/02/2012,Genclerbirligi,Gaziantepspor,H,1.91,3.4,4.0,1.91,3.3,3.9,2011/12,€30.83m,€50.85m
T1,01/02/2012,Trabzonspor,Bursaspor,H,1.7,3.6,5.0,1.75,3.6,4.33,2011/12,€99.95m,€62.80m
T1,02/02/2012,Besiktas,Mersin Idman Yurdu,A,1.36,4.5,9.0,1.38,4.33,8.0,2011/12,€107.15m,€24.15m
T1,02/02/2012,Manisaspor,Eskisehirspor,A,2.6,3.2,2.75,2.35,3.0,3.1,2011/12,€31.00m,€40.15m
T1,02/02/2012,Samsunspor,Fenerbahce,H,6.0,3.75,1.57,6.0,3.75,1.55,2011/12,€27.80m,€132.50m
T1,02/02/2012,Sivasspor,Kayserispor,D,1.91,3.5,4.0,1.91,3.3,3.9,2011/12,€38.23m,€47.75m
T1,04/02/2012,Antalyaspor,Trabzonspor,H,3.2,3.4,2.2,3.2,3.2,2.2,2011/12,€30.65m,€99.95m
T1,04/02/2012,Gaziantepspor,Galatasaray,A,3.5,3.3,2.1,3.5,3.25,2.05,2011/12,€50.85m,€124.50m
T1,05/02/2012,Bursaspor,Orduspor,D,1.8,3.5,4.5,1.83,3.25,4.4,2011/12,€62.80m,€33.90m
T1,05/02/2012,Fenerbahce,Besiktas,H,2.0,3.4,3.75,2.0,3.4,3.9,2011/12,€132.50m,€107.15m
T1,05/02/2012,Kayserispor,Genclerbirligi,A,2.3,3.25,3.1,2.2,3.2,3.2,2011/12,€47.75m,€30.83m
T1,05/02/2012,Mersin Idman Yurdu,Sivasspor,A,2.63,3.3,2.63,2.6,3.2,2.6,2011/12,€24.15m,€38.23m
T1,06/02/2012,Eskisehirspor,Buyuksehyr,H,2.5,3.2,2.88,2.4,3.2,2.85,2011/12,€40.15m,€37.65m
T1,06/02/2012,Karabukspor,Samsunspor,H,2.0,3.4,3.75,1.95,3.4,3.7,2011/12,€31.10m,€27.80m
T1,09/02/2012,Buyuksehyr,Karabukspor,D,1.73,3.6,4.75,1.72,3.6,4.6,2011/12,€37.65m,€31.10m
T1,09/02/2012,Sivasspor,Besiktas,D,2.5,3.25,2.8,2.5,3.2,2.75,2011/12,€38.23m,€107.15m
T1,10/02/2012,Trabzonspor,Gaziantepspor,H,1.44,4.2,7.5,1.42,4.2,7.25,2011/12,€99.95m,€50.85m
T1,11/02/2012,Galatasaray,Kayserispor,H,1.44,4.33,7.0,1.42,4.1,7.5,2011/12,€124.50m,€47.75m
T1,11/02/2012,Genclerbirligi,Mersin Idman Yurdu,A,1.83,3.5,4.33,1.83,3.3,4.33,2011/12,€30.83m,€24.15m
T1,12/02/2012,Buyuksehyr,Ankaragucu,H,1.3,5.0,10.0,1.25,5.25,11.0,2011/12,€37.65m,€21.83m
T1,12/02/2012,Karabukspor,Fenerbahce,H,4.5,3.5,1.8,4.2,3.5,1.8,2011/12,€31.10m,€132.50m
T1,12/02/2012,Manisaspor,Bursaspor,A,2.8,3.25,2.5,2.9,3.1,2.4,2011/12,€31.00m,€62.80m
T1,12/02/2012,Orduspor,Antalyaspor,H,2.25,3.25,3.2,2.3,3.0,3.2,2011/12,€33.90m,€30.65m
T1,12/02/2012,Samsunspor,Eskisehirspor,H,2.6,3.25,2.7,2.45,3.1,2.85,2011/12,€27.80m,€40.15m
T1,17/02/2012,Mersin Idman Yurdu,Galatasaray,A,5.5,3.4,1.7,5.25,3.5,1.65,2011/12,€24.15m,€124.50m
T1,18/02/2012,Antalyaspor,Manisaspor,H,1.83,3.4,4.5,1.8,3.3,4.5,2011/12,€30.65m,€31.00m
T1,18/02/2012,Fenerbahce,Sivasspor,H,1.57,3.6,6.5,1.48,4.1,6.25,2011/12,€132.50m,€38.23m
T1,19/02/2012,Besiktas,Genclerbirligi,H,1.67,3.6,5.25,1.65,3.5,5.25,2011/12,€107.15m,€30.83m
T1,19/02/2012,Eskisehirspor,Karabukspor,A,1.75,3.4,5.0,1.8,3.5,4.2,2011/12,€40.15m,€31.10m
T1,19/02/2012,Gaziantepspor,Orduspor,H,2.0,3.3,3.75,2.1,3.1,3.6,2011/12,€50.85m,€33.90m
T1,19/02/2012,Kayserispor,Trabzonspor,D,3.6,3.0,2.2,3.3,3.2,2.15,2011/12,€47.75m,€99.95m
T1,20/02/2012,Bursaspor,Buyuksehyr,H,1.91,3.4,4.0,1.91,3.3,3.9,2011/12,€62.80m,€37.65m
T1,24/02/2012,Orduspor,Kayserispor,H,2.1,3.2,3.6,2.05,3.1,3.7,2011/12,€33.90m,€47.75m
T1,25/02/2012,Eskisehirspor,Fenerbahce,H,3.5,3.3,2.1,3.6,3.3,2.0,2011/12,€40.15m,€132.50m
T1,25/02/2012,Karabukspor,Ankaragucu,H,1.1,7.5,17.0,1.12,7.75,17.0,2011/12,€31.10m,€21.83m
T1,25/02/2012,Manisaspor,Gaziantepspor,A,2.63,3.2,2.7,2.7,3.1,2.6,2011/12,€31.00m,€50.85m
T1,25/02/2012,Samsunspor,Bursaspor,A,2.6,3.2,2.75,2.55,3.2,2.65,2011/12,€27.80m,€62.80m
T1,26/02/2012,Buyuksehyr,Antalyaspor,H,2.1,3.3,3.5,2.0,3.3,3.6,2011/12,€37.65m,€30.65m
T1,26/02/2012,Galatasaray,Besiktas,H,1.85,3.4,4.33,1.88,3.4,3.9,2011/12,€124.50m,€107.15m
T1,26/02/2012,Genclerbirligi,Sivasspor,D,2.3,3.3,3.0,2.35,3.3,2.85,2011/12,€30.83m,€38.23m
T1,26/02/2012,Trabzonspor,Mersin Idman Yurdu,A,1.44,4.33,7.0,1.45,4.2,6.5,2011/12,€99.95m,€24.15m
T1,03/03/2012,Ankaragucu,Eskisehirspor,A,9.0,5.0,1.33,10.0,5.5,1.25,2011/12,€21.83m,€40.15m
T1,03/03/2012,Antalyaspor,Samsunspor,A,1.83,3.4,4.5,1.8,3.4,4.33,2011/12,€30.65m,€27.80m
T1,03/03/2012,Fenerbahce,Genclerbirligi,H,1.53,4.0,6.0,1.5,4.0,6.0,2011/12,€132.50m,€30.83m
T1,03/03/2012,Mersin Idman Yurdu,Orduspor,H,2.5,3.2,2.8,2.6,3.0,2.75,2011/12,€24.15m,€33.90m
T1,04/03/2012,Besiktas,Trabzonspor,A,2.3,3.25,3.1,2.2,3.3,3.1,2011/12,€107.15m,€99.95m
T1,04/03/2012,Bursaspor,Karabukspor,H,1.75,3.5,4.75,1.72,3.6,4.5,2011/12,€62.80m,€31.10m
T1,04/03/2012,Gaziantepspor,Buyuksehyr,H,2.38,3.2,3.0,2.3,3.2,3.0,2011/12,€50.85m,€37.65m
T1,04/03/2012,Kayserispor,Manisaspor,H,1.73,3.5,5.0,1.75,3.3,4.75,2011/12,€47.75m,€31.00m
T1,05/03/2012,Sivasspor,Galatasaray,A,3.4,3.4,2.1,3.1,3.4,2.15,2011/12,€38.23m,€124.50m
T1,09/03/2012,Ankaragucu,Fenerbahce,A,26.0,8.5,1.06,29.0,10.5,1.05,2011/12,€21.83m,€132.50m
T1,10/03/2012,Buyuksehyr,Kayserispor,H,2.1,3.3,3.5,2.1,3.3,3.3,2011/12,€37.65m,€47.75m
T1,10/03/2012,Galatasaray,Genclerbirligi,H,1.36,4.33,10.0,1.4,4.4,7.25,2011/12,€124.50m,€30.83m
T1,11/03/2012,Eskisehirspor,Bursaspor,D,2.4,3.25,2.9,2.35,3.2,2.9,2011/12,€40.15m,€62.80m
T1,11/03/2012,Karabukspor,Antalyaspor,H,2.15,3.3,3.4,2.15,3.3,3.2,2011/12,€31.10m,€30.65m
T1,11/03/2012,Manisaspor,Mersin Idman Yurdu,H,2.4,3.3,2.88,2.45,3.1,2.85,2011/12,€31.00m,€24.15m
T1,11/03/2012,Orduspor,Besiktas,D,3.1,3.25,2.3,3.2,3.2,2.2,2011/12,€33.90m,€107.15m
T1,11/03/2012,Samsunspor,Gaziantepspor,D,2.3,3.25,3.1,2.3,3.1,3.1,2011/12,€27.80m,€50.85m
T1,12/03/2012,Trabzonspor,Sivasspor,H,1.8,3.5,4.5,1.78,3.6,4.2,2011/12,€99.95m,€38.23m
T1,16/03/2012,Genclerbirligi,Trabzonspor,D,2.88,3.4,2.38,2.9,3.3,2.3,2011/12,€30.83m,€99.95m
T1,17/03/2012,Antalyaspor,Eskisehirspor,D,2.38,3.25,3.0,2.45,3.2,2.8,2011/12,€30.65m,€40.15m
T1,17/03/2012,Fenerbahce,Galatasaray,D,2.3,3.4,3.0,2.4,3.3,3.0,2011/12,€132.50m,€124.50m
T1,17/03/2012,Sivasspor,Orduspor,D,1.91,3.5,4.0,1.91,3.25,4.0,2011/12,€38.23m,€33.90m
T1,18/03/2012,Gaziantepspor,Karabukspor,H,1.83,3.5,4.33,1.88,3.4,3.9,2011/12,€50.85m,€31.10m
T1,18/03/2012,Kayserispor,Samsunspor,H,2.2,3.2,3.4,2.1,3.1,3.5,2011/12,€47.75m,€27.80m
T1,18/03/2012,Mersin Idman Yurdu,Buyuksehyr,H,2.38,3.25,3.0,2.4,3.2,2.85,2011/12,€24.15m,€37.65m
T1,19/03/2012,Besiktas,Manisaspor,H,1.4,4.33,8.0,1.4,4.33,7.5,2011/12,€107.15m,€31.00m
T1,24/03/2012,Fenerbahce,Bursaspor,H,1.67,3.75,5.0,1.57,3.9,5.25,2011/12,€132.50m,€62.80m
T1,25/03/2012,Eskisehirspor,Gaziantepspor,A,2.1,3.2,3.6,2.05,3.2,3.6,2011/12,€40.15m,€50.85m
T1,25/03/2012,Galatasaray,Trabzonspor,D,1.73,3.6,4.75,1.72,3.7,4.4,2011/12,€124.50m,€99.95m
T1,25/03/2012,Karabukspor,Kayserispor,H,2.0,3.4,3.75,1.95,3.3,3.8,2011/12,€31.10m,€47.75m
T1,25/03/2012,Manisaspor,Sivasspor,A,2.88,3.2,2.5,2.75,3.25,2.45,2011/12,€31.00m,€38.23m
T1,25/03/2012,Orduspor,Genclerbirligi,D,2.1,3.25,3.5,2.1,3.1,3.5,2011/12,€33.90m,€30.83m
T1,25/03/2012,Samsunspor,Mersin Idman Yurdu,H,2.38,3.2,3.0,2.4,3.1,2.95,2011/12,€27.80m,€24.15m
T1,26/03/2012,Buyuksehyr,Besiktas,D,3.1,3.2,2.3,2.95,3.2,2.35,2011/12,€37.65m,€107.15m
T1,30/03/2012,Mersin Idman Yurdu,Karabukspor,A,1.91,3.4,4.0,2.0,3.3,3.6,2011/12,€24.15m,€31.10m
T1,31/03/2012,Galatasaray,Orduspor,H,1.25,6.0,10.0,1.23,5.25,13.0,2011/12,€124.50m,€33.90m
T1,31/03/2012,Genclerbirligi,Manisaspor,H,1.29,5.0,8.0,1.3,5.0,9.0,2011/12,€30.83m,€31.00m
T1,31/03/2012,Kayserispor,Eskisehirspor,D,2.88,3.2,2.5,2.95,3.1,2.4,2011/12,€47.75m,€40.15m
T1,31/03/2012,Sivasspor,Buyuksehyr,A,1.95,3.5,3.75,1.91,3.5,3.7,2011/12,€38.23m,€37.65m
T1,01/04/2012,Antalyaspor,Bursaspor,A,2.75,3.3,2.5,2.8,3.2,2.45,2011/12,€30.65m,€62.80m
T1,01/04/2012,Besiktas,Samsunspor,A,1.33,4.4,8.0,1.31,5.25,8.0,2011/12,€107.15m,€27.80m
T1,01/04/2012,Trabzonspor,Fenerbahce,D,2.3,3.4,3.0,2.4,3.5,2.9,2011/12,€99.95m,€132.50m
T1,06/04/2012,Karabukspor,Besiktas,D,5.25,4.2,1.5,6.5,4.2,1.45,2011/12,€31.10m,€107.15m
T1,07/04/2012,Bursaspor,Gaziantepspor,A,2.1,3.3,3.5,2.0,3.4,3.5,2011/12,€62.80m,€50.85m
T1,07/04/2012,Buyuksehyr,Genclerbirligi,H,2.05,3.4,3.5,2.0,3.3,3.6,2011/12,€37.65m,€30.83m
T1,07/04/2012,Eskisehirspor,Mersin Idman Yurdu,H,1.29,5.25,8.0,1.25,5.85,9.0,2011/12,€40.15m,€24.15m
T1,07/04/2012,Fenerbahce,Antalyaspor,H,1.33,4.6,8.0,1.3,5.0,9.0,2011/12,€132.50m,€30.65m
T1,07/04/2012,Samsunspor,Sivasspor,A,2.4,3.4,2.8,2.3,3.5,2.8,2011/12,€27.80m,€38.23m
T1,08/04/2012,Manisaspor,Galatasaray,A,13.0,8.0,1.13,16.0,8.0,1.12,2011/12,€31.00m,€124.50m
T1,08/04/2012,Orduspor,Trabzonspor,D,7.0,4.2,1.4,6.0,4.45,1.45,2011/12,€33.90m,€99.95m
T1,17/08/2012,Eskisehirspor,Akhisar Belediyespor,A,1.67,3.6,5.25,1.62,3.55,5.65,2012/13,€45.20m,€13.33m
T1,18/08/2012,Elazigspor,Fenerbahce,D,5.5,3.75,1.62,5.75,3.8,1.55,2012/13,€16.68m,€142.05m
T1,18/08/2012,Gaziantepspor,Sivasspor,A,2.0,3.4,3.75,1.87,3.4,4.0,2012/13,€45.20m,€41.08m
T1,18/08/2012,Karabukspor,Trabzonspor,D,4.0,3.5,1.91,3.9,3.5,1.85,2012/13,€30.90m,€77.35m
T1,19/08/2012,Buyuksehyr,Besiktas,D,2.9,3.25,2.4,2.8,3.2,2.45,2012/13,€36.95m,€93.20m
T1,19/08/2012,Kayserispor,Bursaspor,A,2.5,3.2,2.88,2.5,3.2,2.7,2012/13,€42.60m,€68.10m
T1,19/08/2012,Mersin Idman Yurdu,Orduspor,D,2.5,3.1,2.9,2.55,3.1,2.75,2012/13,€29.05m,€28.45m
T1,20/08/2012,Galatasaray,Kasimpasa,H,1.4,4.33,8.5,1.4,4.25,7.75,2012/13,€152.10m,€45.30m
T1,20/08/2012,Genclerbirligi,Antalyaspor,H,1.85,3.4,4.33,1.91,3.4,3.8,2012/13,€44.95m,€31.75m
T1,24/08/2012,Kasimpasa,Karabukspor,H,2.2,3.25,3.25,2.15,3.3,3.2,2012/13,€45.30m,€30.90m
T1,25/08/2012,Akhisar Belediyespor,Genclerbirligi,D,2.7,3.2,2.6,2.6,3.1,2.65,2012/13,€13.33m,€44.95m
T1,25/08/2012,Fenerbahce,Gaziantepspor,H,1.4,4.5,8.0,1.4,4.25,7.75,2012/13,€142.05m,€45.20m
T1,25/08/2012,Orduspor,Eskisehirspor,H,2.5,3.1,2.9,2.45,3.0,2.95,2012/13,€28.45m,€45.20m
T1,25/08/2012,Sivasspor,Mersin Idman Yurdu,D,1.73,3.5,5.0,1.8,3.4,4.33,2012/13,€41.08m,€29.05m
T1,26/08/2012,Besiktas,Galatasaray,D,3.1,3.25,2.3,3.0,3.2,2.3,2012/13,€93.20m,€152.10m
T1,26/08/2012,Bursaspor,Buyuksehyr,A,1.85,3.4,4.33,1.85,3.4,4.1,2012/13,€68.10m,€36.95m
T1,26/08/2012,Trabzonspor,Elazigspor,H,1.57,3.75,6.0,1.55,3.7,6.0,2012/13,€77.35m,€16.68m
T1,27/08/2012,Antalyaspor,Kayserispor,H,2.38,3.1,3.1,2.4,3.1,2.9,2012/13,€31.75m,€42.60m
T1,31/08/2012,Genclerbirligi,Orduspor,D,2.1,3.2,3.6,2.0,3.2,3.7,2012/13,€44.95m,€28.45m
T1,31/08/2012,Mersin Idman Yurdu,Eskisehirspor,A,2.63,3.2,2.7,2.6,3.1,2.7,2012/13,€29.05m,€45.20m
T1,01/09/2012,Buyuksehyr,Antalyaspor,A,1.75,3.6,4.75,1.75,3.4,4.6,2012/13,€36.95m,€31.75m
T1,01/09/2012,Elazigspor,Kasimpasa,A,2.1,3.25,3.5,2.05,3.2,3.6,2012/13,€16.68m,€45.30m
T1,01/09/2012,Karabukspor,Besiktas,A,3.1,3.3,2.3,2.95,3.25,2.3,2012/13,€30.90m,€93.20m
T1,01/09/2012,Kayserispor,Akhisar Belediyespor,D,1.91,3.25,4.2,1.95,3.1,4.1,2012/13,€42.60m,€13.33m
T1,02/09/2012,Galatasaray,Bursaspor,H,1.53,4.0,6.0,1.5,3.9,6.5,2012/13,€152.10m,€68.10m
T1,02/09/2012,Gaziantepspor,Trabzonspor,H,2.8,3.25,2.5,2.75,3.1,2.55,2012/13,€45.20m,€77.35m
T1,02/09/2012,Sivasspor,Fenerbahce,D,4.2,3.5,1.83,4.2,3.5,1.91,2012/13,€41.08m,€142.05m
T1,15/09/2012,Antalyaspor,Galatasaray,A,5.0,3.75,1.67,5.5,3.6,1.62,2012/13,€31.75m,€152.10m
T1,15/09/2012,Bursaspor,Karabukspor,H,1.62,3.75,5.5,1.67,3.5,5.0,2012/13,€68.10m,€30.90m
T1,15/09/2012,Kasimpasa,Gaziantepspor,H,2.2,3.2,3.4,2.15,3.1,3.4,2012/13,€45.30m,€45.20m
T1,16/09/2012,Akhisar Belediyespor,Buyuksehyr,A,3.2,3.2,2.3,3.1,3.1,2.3,2012/13,€13.33m,€36.95m
T1,16/09/2012,Eskisehirspor,Genclerbirligi,H,1.91,3.5,4.0,1.91,3.3,3.9,2012/13,€45.20m,€44.95m
T1,16/09/2012,Fenerbahce,Mersin Idman Yurdu,H,1.33,4.75,10.0,1.34,4.4,9.5,2012/13,€142.05m,€29.05m
T1,16/09/2012,Trabzonspor,Sivasspor,H,1.67,3.75,5.0,1.7,3.6,4.6,2012/13,€77.35m,€41.08m
T1,17/09/2012,Besiktas,Elazigspor,H,1.57,3.8,6.0,1.6,3.6,5.75,2012/13,€93.20m,€16.68m
T1,17/09/2012,Orduspor,Kayserispor,H,2.15,3.2,3.5,2.0,3.1,3.9,2012/13,€28.45m,€42.60m
T1,21/09/2012,Karabukspor,Antalyaspor,H,2.4,3.3,2.9,2.4,3.2,2.85,2012/13,€30.90m,€31.75m
T1,22/09/2012,Buyuksehyr,Orduspor,D,2.0,3.4,3.75,2.05,3.2,3.6,2012/13,€36.95m,€28.45m
T1,22/09/2012,Gaziantepspor,Besiktas,H,2.9,3.3,2.4,2.9,3.1,2.4,2012/13,€45.20m,€93.20m
T1,22/09/2012,Kayserispor,Eskisehirspor,H,2.8,3.4,2.4,2.7,3.2,2.5,2012/13,€42.60m,€45.20m
T1,22/09/2012,Mersin Idman Yurdu,Genclerbirligi,D,2.4,3.4,2.8,2.45,3.1,2.85,2012/13,€29.05m,€44.95m
T1,23/09/2012,Elazigspor,Bursaspor,D,4.0,3.3,1.95,3.8,3.3,1.95,2012/13,€16.68m,€68.10m
T1,23/09/2012,Galatasaray,Akhisar Belediyespor,H,1.25,6.0,10.0,1.3,5.0,9.0,2012/13,€152.10m,€13.33m
T1,23/09/2012,Sivasspor,Kasimpasa,H,2.1,3.2,3.6,2.15,3.3,3.2,2012/13,€41.08m,€45.30m
T1,24/09/2012,Fenerbahce,Trabzonspor,D,1.73,3.5,5.0,1.83,3.6,4.6,2012/13,€142.05m,€77.35m
T1,28/09/2012,Orduspor,Galatasaray,H,4.75,3.5,1.75,4.5,3.6,1.72,2012/13,€28.45m,€152.10m
T1,29/09/2012,Akhisar Belediyespor,Karabukspor,A,2.38,3.25,3.0,2.2,3.2,3.2,2012/13,€13.33m,€30.90m
T1,29/09/2012,Bursaspor,Gaziantepspor,D,1.67,3.75,5.0,1.7,3.5,4.75,2012/13,€68.10m,€45.20m
T1,29/09/2012,Kasimpasa,Fenerbahce,H,3.75,3.4,2.0,3.5,3.25,2.05,2012/13,€45.30m,€142.05m
T1,30/09/2012,Antalyaspor,Elazigspor,H,1.91,3.4,4.1,1.87,3.3,4.1,2012/13,€31.75m,€16.68m
T1,30/09/2012,Eskisehirspor,Buyuksehyr,H,2.0,3.4,3.75,2.0,3.25,3.7,2012/13,€45.20m,€36.95m
T1,30/09/2012,Genclerbirligi,Kayserispor,H,2.2,3.3,3.3,2.2,3.2,3.2,2012/13,€44.95m,€42.60m
T1,30/09/2012,Trabzonspor,Mersin Idman Yurdu,D,1.44,4.2,7.5,1.53,3.75,6.25,2012/13,€77.35m,€29.05m
T1,01/10/2012,Besiktas,Sivasspor,A,1.73,3.6,4.75,1.7,3.6,4.6,2012/13,€93.20m,€41.08m
T1,05/10/2012,Gaziantepspor,Antalyaspor,A,2.1,3.2,3.6,2.1,3.2,3.4,2012/13,€45.20m,€31.75m
T1,05/10/2012,Karabukspor,Orduspor,D,3.1,3.25,2.3,3.1,3.1,2.3,2012/13,€30.90m,€28.45m
T1,05/10/2012,Trabzonspor,Kasimpasa,H,1.83,3.4,4.5,1.83,3.25,4.4,2012/13,€77.35m,€45.30m
T1,06/10/2012,Buyuksehyr,Genclerbirligi,A,2.0,3.4,3.75,2.0,3.3,3.6,2012/13,€36.95m,€44.95m
T1,06/10/2012,Elazigspor,Akhisar Belediyespor,D,2.0,3.3,3.8,2.0,3.2,3.75,2012/13,€16.68m,€13.33m
T1,06/10/2012,Galatasaray,Eskisehirspor,D,1.44,4.33,7.0,1.4,4.5,7.0,2012/13,€152.10m,€45.20m
T1,07/10/2012,Fenerbahce,Besiktas,H,2.0,3.4,3.75,2.1,3.5,3.6,2012/13,€142.05m,€93.20m
T1,07/10/2012,Mersin Idman Yurdu,Kayserispor,A,2.3,3.25,3.1,2.3,3.2,3.0,2012/13,€29.05m,€42.60m
T1,07/10/2012,Sivasspor,Bursaspor,D,2.4,3.25,2.9,2.3,3.25,2.95,2012/13,€41.08m,€68.10m
T1,19/10/2012,Genclerbirligi,Galatasaray,D,3.6,3.5,2.0,3.8,3.4,1.91,2012/13,€44.95m,€152.10m
T1,20/10/2012,Antalyaspor,Sivasspor,H,2.25,3.25,3.2,2.3,3.2,3.0,2012/13,€31.75m,€41.08m
T1,20/10/2012,Bursaspor,Fenerbahce,D,2.75,3.3,2.5,2.85,3.2,2.4,2012/13,€68.10m,€142.05m
T1,20/10/2012,Orduspor,Elazigspor,D,1.44,4.33,7.0,1.48,3.9,6.75,2012/13,€28.45m,€16.68m
T1,21/10/2012,Akhisar Belediyespor,Gaziantepspor,D,3.5,3.4,2.05,3.5,3.25,2.05,2012/13,€13.33m,€45.20m
T1,21/10/2012,Besiktas,Trabzonspor,D,2.3,3.25,3.1,2.35,3.25,2.9,2012/13,€93.20m,€77.35m
T1,21/10/2012,Eskisehirspor,Karabukspor,H,1.67,3.6,5.25,1.67,3.5,5.0,2012/13,€45.20m,€30.90m
T1,21/10/2012,Kasimpasa,Mersin Idman Yurdu,D,1.73,3.5,5.0,1.62,3.7,5.25,2012/13,€45.30m,€29.05m
T1,22/10/2012,Kayserispor,Buyuksehyr,A,2.5,3.2,2.88,2.5,3.2,2.7,2012/13,€42.60m,€36.95m
T1,26/10/2012,Elazigspor,Eskisehirspor,D,3.75,3.4,2.0,3.4,3.2,2.1,2012/13,€16.68m,€45.20m
T1,26/10/2012,Kasimpasa,Besiktas,A,3.0,3.4,2.3,2.95,3.25,2.3,2012/13,€45.30m,€93.20m
T1,27/10/2012,Galatasaray,Kayserispor,H,1.36,4.75,8.5,1.33,4.75,8.5,2012/13,€152.10m,€42.60m
T1,27/10/2012,Mersin Idman Yurdu,Buyuksehyr,H,2.5,3.3,2.8,2.4,3.1,2.9,2012/13,€29.05m,€36.95m
T1,27/10/2012,Sivasspor,Akhisar Belediyespor,A,1.5,4.0,7.0,1.5,3.9,6.5,2012/13,€41.08m,€13.33m
T1,28/10/2012,Gaziantepspor,Orduspor,H,2.5,3.2,2.88,2.35,3.1,3.0,2012/13,€45.20m,€28.45m
T1,28/10/2012,Karabukspor,Genclerbirligi,D,2.75,3.3,2.5,2.65,3.3,2.5,2012/13,€30.90m,€44.95m
T1,28/10/2012,Trabzonspor,Bursaspor,A,1.91,3.4,4.0,2.0,3.25,3.7,2012/13,€77.35m,€68.10m
T1,29/10/2012,Fenerbahce,Antalyaspor,A,1.5,4.0,7.0,1.5,3.9,6.5,2012/13,€142.05m,€31.75m
T1,02/11/2012,Buyuksehyr,Galatasaray,A,4.5,3.75,1.73,5.0,3.7,1.65,2012/13,€36.95m,€152.10m
T1,03/11/2012,Akhisar Belediyespor,Fenerbahce,A,6.5,4.2,1.5,6.75,3.9,1.48,2012/13,€13.33m,€142.05m
T1,03/11/2012,Eskisehirspor,Gaziantepspor,H,1.83,3.5,4.2,1.85,3.4,4.1,2012/13,€45.20m,€45.20m
T1,03/11/2012,Kayserispor,Karabukspor,H,1.8,3.5,4.5,1.8,3.5,4.2,2012/13,€42.60m,€30.90m
T1,04/11/2012,Besiktas,Mersin Idman Yurdu,H,1.57,3.8,6.0,1.53,3.75,6.25,2012/13,€93.20m,€29.05m
T1,04/11/2012,Genclerbirligi,Elazigspor,A,1.75,3.4,5.0,1.75,3.5,4.5,2012/13,€44.95m,€16.68m
T1,04/11/2012,Orduspor,Sivasspor,H,2.0,3.4,3.75,1.9,3.3,4.0,2012/13,€28.45m,€41.08m
T1,05/11/2012,Antalyaspor,Trabzonspor,H,2.6,3.3,2.63,2.6,3.1,2.65,2012/13,€31.75m,€77.35m
T1,05/11/2012,Bursaspor,Kasimpasa,A,1.8,3.6,4.33,1.85,3.4,4.1,2012/13,€68.10m,€45.30m
T1,09/11/2012,Besiktas,Bursaspor,D,1.95,3.6,3.6,2.05,3.25,3.5,2012/13,€93.20m,€68.10m
T1,09/11/2012,Sivasspor,Eskisehirspor,H,2.55,3.3,2.7,2.5,3.25,2.7,2012/13,€41.08m,€45.20m
T1,10/11/2012,Karabukspor,Buyuksehyr,H,2.63,3.2,2.7,2.5,3.2,2.7,2012/13,€30.90m,€36.95m
T1,10/11/2012,Kasimpasa,Antalyaspor,D,2.5,3.4,2.7,2.4,3.25,2.8,2012/13,€45.30m,€31.75m
T1,10/11/2012,Trabzonspor,Akhisar Belediyespor,H,1.44,4.2,7.5,1.45,4.1,6.75,2012/13,€77.35m,€13.33m
T1,11/11/2012,Elazigspor,Kayserispor,A,2.3,3.3,3.1,2.35,3.2,2.9,2012/13,€16.68m,€42.60m
T1,11/11/2012,Fenerbahce,Orduspor,H,1.62,3.75,5.5,1.62,3.7,5.25,2012/13,€142.05m,€28.45m
T1,11/11/2012,Gaziantepspor,Genclerbirligi,A,2.38,3.3,2.9,2.55,3.3,2.9,2012/13,€45.20m,€44.95m
T1,11/11/2012,Mersin Idman Yurdu,Galatasaray,D,5.0,4.0,1.62,5.25,3.8,1.6,2012/13,€29.05m,€152.10m
T1,16/11/2012,Galatasaray,Karabukspor,A,1.33,5.0,9.0,1.3,5.0,8.75,2012/13,€152.10m,€30.90m
T1,17/11/2012,Buyuksehyr,Elazigspor,D,1.91,3.4,4.0,1.85,3.4,4.1,2012/13,€36.95m,€16.68m
T1,17/11/2012,Eskisehirspor,Fenerbahce,D,2.8,3.25,2.5,2.85,3.4,2.5,2012/13,€45.20m,€142.05m
T1,17/11/2012,Genclerbirligi,Sivasspor,D,2.0,3.3,3.75,2.0,3.4,3.5,2012/13,€44.95m,€41.08m
T1,18/11/2012,Akhisar Belediyespor,Kasimpasa,A,3.75,3.4,2.0,3.9,3.5,1.85,2012/13,€13.33m,€45.30m
T1,18/11/2012,Antalyaspor,Besiktas,A,2.25,3.2,3.2,2.25,3.3,3.0,2012/13,€31.75m,€93.20m
T1,18/11/2012,Bursaspor,Mersin Idman Yurdu,H,1.62,3.75,5.5,1.62,3.6,5.5,2012/13,€68.10m,€29.05m
T1,18/11/2012,Kayserispor,Gaziantepspor,D,1.95,3.3,4.0,1.91,3.4,3.8,2012/13,€42.60m,€45.20m
T1,19/11/2012,Orduspor,Trabzonspor,A,2.9,3.1,2.5,2.85,3.3,2.35,2012/13,€28.45m,€77.35m
T1,23/11/2012,Besiktas,Akhisar Belediyespor,H,1.33,5.0,9.0,1.36,4.4,8.5,2012/13,€93.20m,€13.33m
T1,23/11/2012,Mersin Idman Yurdu,Karabukspor,H,2.3,3.1,3.3,2.25,3.3,3.0,2012/13,€29.05m,€30.90m
T1,24/11/2012,Bursaspor,Antalyaspor,D,2.0,3.4,3.75,2.05,3.5,3.25,2012/13,€68.10m,€31.75m
T1,24/11/2012,Elazigspor,Galatasaray,A,7.0,4.33,1.44,7.5,4.33,1.4,2012/13,€16.68m,€152.10m
T1,24/11/2012,Kasimpasa,Orduspor,D,2.2,3.3,3.3,2.1,3.3,3.3,2012/13,€45.30m,€28.45m
T1,25/11/2012,Fenerbahce,Genclerbirligi,H,1.62,3.75,5.5,1.55,3.6,6.25,2012/13,€142.05m,€44.95m
T1,25/11/2012,Gaziantepspor,Buyuksehyr,H,2.15,3.3,3.4,2.15,3.3,3.2,2012/13,€45.20m,€36.95m
T1,25/11/2012,Sivasspor,Kayserispor,H,2.3,3.2,3.2,2.25,3.3,3.0,2012/13,€41.08m,€42.60m
T1,26/11/2012,Trabzonspor,Eskisehirspor,A,1.95,3.5,3.75,2.0,3.3,3.6,2012/13,€77.35m,€45.20m
T1,30/11/2012,Galatasaray,Gaziantepspor,D,1.36,5.0,7.5,1.3,5.0,9.0,2012/13,€152.10m,€45.20m
T1,01/12/2012,Akhisar Belediyespor,Bursaspor,D,4.33,3.5,1.83,4.33,3.4,1.8,2012/13,€13.33m,€68.10m
T1,01/12/2012,Karabukspor,Elazigspor,A,1.91,3.5,4.0,1.87,3.4,4.0,2012/13,€30.90m,€16.68m
T1,01/12/2012,Orduspor,Besiktas,A,3.4,3.4,2.1,3.5,3.4,2.0,2012/13,€28.45m,€93.20m
T1,02/12/2012,Antalyaspor,Mersin Idman Yurdu,H,1.62,4.0,5.0,1.62,3.8,5.0,2012/13,€31.75m,€29.05m
T1,02/12/2012,Buyuksehyr,Sivasspor,H,2.4,3.2,3.0,2.25,3.2,3.1,2012/13,€36.95m,€41.08m
T1,02/12/2012,Eskisehirspor,Kasimpasa,D,1.95,3.5,3.75,1.95,3.3,3.8,2012/13,€45.20m,€45.30m
T1,02/12/2012,Kayserispor,Fenerbahce,D,4.0,3.4,1.91,4.0,3.3,1.9,2012/13,€42.60m,€142.05m
T1,03/12/2012,Genclerbirligi,Trabzonspor,A,2.38,3.2,3.0,2.4,3.2,2.85,2012/13,€44.95m,€77.35m
T1,07/12/2012,Besiktas,Eskisehirspor,D,1.7,3.75,4.75,1.8,3.5,4.2,2012/13,€93.20m,€45.20m
T1,07/12/2012,Elazigspor,Mersin Idman Yurdu,H,2.15,3.25,3.4,2.35,3.25,2.9,2012/13,€16.68m,€29.05m
T1,08/12/2012,Bursaspor,Orduspor,H,1.8,3.5,4.5,1.75,3.5,4.5,2012/13,€68.10m,€28.45m
T1,08/12/2012,Gaziantepspor,Karabukspor,A,2.1,3.3,3.5,2.0,3.2,3.75,2012/13,€45.20m,€30.90m
T1,08/12/2012,Kasimpasa,Genclerbirligi,D,2.38,3.6,2.75,2.3,3.4,2.85,2012/13,€45.30m,€44.95m
T1,08/12/2012,Sivasspor,Galatasaray,A,3.75,3.5,1.95,4.1,3.4,1.85,2012/13,€41.08m,€152.10m
T1,09/12/2012,Fenerbahce,Buyuksehyr,H,1.44,4.33,7.0,1.4,4.33,7.5,2012/13,€142.05m,€36.95m
T1,09/12/2012,Trabzonspor,Kayserispor,D,1.85,3.3,4.5,1.83,3.4,4.2,2012/13,€77.35m,€42.60m
T1,14/12/2012,Eskisehirspor,Bursaspor,D,2.3,3.4,3.0,2.3,3.3,2.9,2012/13,€45.20m,€68.10m
T1,15/12/2012,Elazigspor,Gaziantepspor,D,2.4,3.3,2.9,2.3,3.25,2.95,2012/13,€16.68m,€45.20m
T1,15/12/2012,Genclerbirligi,Besiktas,D,3.0,3.4,2.3,3.2,3.2,2.2,2012/13,€44.95m,€93.20m
T1,15/12/2012,Mersin Idman Yurdu,Akhisar Belediyespor,H,2.0,3.4,3.75,1.95,3.3,3.8,2012/13,€29.05m,€13.33m
T1,16/12/2012,Buyuksehyr,Trabzonspor,H,2.88,3.3,2.4,2.65,3.3,2.5,2012/13,€36.95m,€77.35m
T1,16/12/2012,Galatasaray,Fenerbahce,H,2.0,3.4,3.75,1.95,3.3,3.8,2012/13,€152.10m,€142.05m
T1,16/12/2012,Karabukspor,Sivasspor,H,2.5,3.3,2.75,2.45,3.25,2.75,2012/13,€30.90m,€41.08m
T1,16/12/2012,Orduspor,Antalyaspor,D,2.5,3.3,2.75,2.5,3.25,2.7,2012/13,€28.45m,€31.75m
T1,17/12/2012,Kayserispor,Kasimpasa,H,2.05,3.4,3.5,2.15,3.25,3.25,2012/13,€42.60m,€45.30m
T1,21/12/2012,Akhisar Belediyespor,Orduspor,D,3.0,3.2,2.4,2.8,3.1,2.5,2012/13,€13.33m,€28.45m
T1,21/12/2012,Besiktas,Kayserispor,H,1.67,4.0,4.75,1.6,3.9,5.0,2012/13,€93.20m,€42.60m
T1,22/12/2012,Fenerbahce,Karabukspor,A,1.36,4.5,9.0,1.36,4.5,8.25,2012/13,€142.05m,€30.90m
T1,22/12/2012,Kasimpasa,Buyuksehyr,A,2.0,3.4,3.75,2.0,3.4,3.5,2012/13,€45.30m,€36.95m
T1,23/12/2012,Antalyaspor,Eskisehirspor,H,2.2,3.4,3.2,2.2,3.3,3.1,2012/13,€31.75m,€45.20m
T1,23/12/2012,Bursaspor,Genclerbirligi,D,1.75,3.6,4.6,1.78,3.5,4.33,2012/13,€68.10m,€44.95m
T1,23/12/2012,Gaziantepspor,Mersin Idman Yurdu,H,2.1,3.2,3.6,2.05,3.25,3.5,2012/13,€45.20m,€29.05m
T1,23/12/2012,Sivasspor,Elazigspor,H,1.8,3.5,4.5,1.75,3.5,4.5,2012/13,€41.08m,€16.68m
T1,23/12/2012,Trabzonspor,Galatasaray,D,3.1,3.3,2.3,3.1,3.3,2.2,2012/13,€77.35m,€152.10m
T1,09/01/2013,Akhisar Belediyespor,Antalyaspor,H,3.5,3.25,2.0,3.7,3.25,2.0,2012/13,€13.33m,€31.75m
T1,18/01/2013,Kasimpasa,Galatasaray,H,4.75,3.5,1.75,3.9,3.7,1.8,2012/13,€45.30m,€152.10m
T1,19/01/2013,Besiktas,Buyuksehyr,D,1.62,4.0,5.0,1.5,3.9,6.5,2012/13,€93.20m,€36.95m
T1,19/01/2013,Bursaspor,Kayserispor,H,1.75,3.6,4.75,1.72,3.5,4.75,2012/13,€68.10m,€42.60m
T1,19/01/2013,Sivasspor,Gaziantepspor,D,1.91,3.4,4.0,1.9,3.3,4.0,2012/13,€41.08m,€45.20m
T1,20/01/2013,Antalyaspor,Genclerbirligi,A,1.8,3.6,4.33,1.72,3.7,4.4,2012/13,€31.75m,€44.95m
T1,20/01/2013,Fenerbahce,Elazigspor,D,1.33,5.0,9.0,1.36,4.5,8.0,2012/13,€142.05m,€16.68m
T1,20/01/2013,Trabzonspor,Karabukspor,A,1.75,3.5,4.75,1.75,3.5,4.5,2012/13,€77.35m,€30.90m
T1,21/01/2013,Akhisar Belediyespor,Eskisehirspor,D,3.5,3.4,2.05,3.9,3.1,2.0,2012/13,€13.33m,€45.20m
T1,21/01/2013,Orduspor,Mersin Idman Yurdu,D,1.85,3.4,4.33,1.85,3.4,4.1,2012/13,€28.45m,€29.05m
T1,25/01/2013,Karabukspor,Kasimpasa,A,2.0,3.5,3.6,2.1,3.25,3.4,2012/13,€30.90m,€45.30m
T1,26/01/2013,Buyuksehyr,Bursaspor,H,3.1,3.3,2.25,2.9,3.3,2.3,2012/13,€36.95m,€68.10m
T1,26/01/2013,Gaziantepspor,Fenerbahce,A,4.5,3.75,1.73,4.75,3.5,1.7,2012/13,€45.20m,€142.05m
T1,26/01/2013,Genclerbirligi,Akhisar Belediyespor,H,1.57,3.75,6.0,1.55,3.8,5.75,2012/13,€44.95m,€13.33m
T1,27/01/2013,Elazigspor,Trabzonspor,H,3.8,3.5,1.95,3.9,3.3,1.91,2012/13,€16.68m,€77.35m
T1,27/01/2013,Galatasaray,Besiktas,H,1.8,3.6,4.33,1.85,3.5,3.9,2012/13,€152.10m,€93.20m
T1,27/01/2013,Kayserispor,Antalyaspor,H,2.3,3.4,3.0,2.25,3.3,3.0,2012/13,€42.60m,€31.75m
T1,27/01/2013,Mersin Idman Yurdu,Sivasspor,H,2.6,3.25,2.7,2.5,3.2,2.7,2012/13,€29.05m,€41.08m
T1,28/01/2013,Eskisehirspor,Orduspor,H,1.95,3.4,3.8,1.95,3.3,3.75,2012/13,€45.20m,€28.45m
T1,01/02/2013,Akhisar Belediyespor,Kayserispor,A,3.3,3.3,2.2,3.4,3.25,2.1,2012/13,€13.33m,€42.60m
T1,01/02/2013,Besiktas,Karabukspor,D,1.62,4.0,5.0,1.65,3.8,4.75,2012/13,€93.20m,€30.90m
T1,02/02/2013,Antalyaspor,Buyuksehyr,H,2.3,3.3,3.1,2.15,3.25,3.25,2012/13,€31.75m,€36.95m
T1,02/02/2013,Bursaspor,Galatasaray,D,3.4,3.4,2.1,3.5,3.4,2.0,2012/13,€68.10m,€152.10m
T1,02/02/2013,Kasimpasa,Elazigspor,D,1.83,3.5,4.33,1.87,3.3,4.1,2012/13,€45.30m,€16.68m
T1,03/02/2013,Eskisehirspor,Mersin Idman Yurdu,D,1.62,3.75,5.5,1.62,3.7,5.25,2012/13,€45.20m,€29.05m
T1,03/02/2013,Fenerbahce,Sivasspor,A,1.5,4.1,6.5,1.5,3.9,6.25,2012/13,€142.05m,€41.08m
T1,03/02/2013,Orduspor,Genclerbirligi,H,2.4,3.3,2.9,2.45,3.2,2.8,2012/13,€28.45m,€44.95m
T1,03/02/2013,Trabzonspor,Gaziantepspor,H,1.8,3.5,4.5,1.75,3.5,4.5,2012/13,€77.35m,€45.20m
T1,09/02/2013,Buyuksehyr,Akhisar Belediyespor,A,1.67,3.5,5.5,1.67,3.5,5.0,2012/13,€36.95m,€13.33m
T1,09/02/2013,Elazigspor,Besiktas,A,4.0,3.4,1.91,3.75,3.6,1.87,2012/13,€16.68m,€93.20m
T1,09/02/2013,Genclerbirligi,Eskisehirspor,A,2.3,3.4,3.0,2.3,3.25,2.95,2012/13,€44.95m,€45.20m
T1,09/02/2013,Karabukspor,Bursaspor,A,2.8,3.4,2.4,2.65,3.3,2.5,2012/13,€30.90m,€68.10m
T1,10/02/2013,Galatasaray,Antalyaspor,H,1.53,4.0,6.0,1.57,3.9,5.25,2012/13,€152.10m,€31.75m
T1,10/02/2013,Kayserispor,Orduspor,D,2.05,3.3,3.6,2.0,3.3,3.6,2012/13,€42.60m,€28.45m
T1,10/02/2013,Mersin Idman Yurdu,Fenerbahce,A,5.0,4.0,1.62,5.0,3.8,1.62,2012/13,€29.05m,€142.05m
T1,10/02/2013,Sivasspor,Trabzonspor,H,2.8,3.25,2.5,2.7,3.2,2.5,2012/13,€41.08m,€77.35m
T1,11/02/2013,Gaziantepspor,Kasimpasa,H,2.7,3.25,2.6,2.7,3.25,2.5,2012/13,€45.20m,€45.30m
T1,15/02/2013,Akhisar Belediyespor,Galatasaray,A,5.75,4.0,1.57,6.0,3.9,1.53,2012/13,€13.33m,€152.10m
T1,16/02/2013,Antalyaspor,Karabukspor,D,1.83,3.6,4.2,1.8,3.6,4.1,2012/13,€31.75m,€30.90m
T1,16/02/2013,Besiktas,Gaziantepspor,D,1.5,4.0,7.0,1.48,4.0,6.5,2012/13,€93.20m,€45.20m
T1,16/02/2013,Eskisehirspor,Kayserispor,A,2.0,3.5,3.6,2.0,3.4,3.5,2012/13,€45.20m,€42.60m
T1,17/02/2013,Bursaspor,Elazigspor,H,1.62,3.8,5.5,1.65,3.6,5.0,2012/13,€68.10m,€16.68m
T1,17/02/2013,Genclerbirligi,Mersin Idman Yurdu,H,1.91,3.5,4.0,1.9,3.4,3.9,2012/13,€44.95m,€29.05m
T1,17/02/2013,Orduspor,Buyuksehyr,D,2.0,3.3,3.8,2.0,3.4,3.5,2012/13,€28.45m,€36.95m
T1,17/02/2013,Trabzonspor,Fenerbahce,A,2.75,3.3,2.5,2.7,3.3,2.45,2012/13,€77.35m,€142.05m
T1,18/02/2013,Kasimpasa,Sivasspor,H,2.15,3.25,3.4,2.0,3.3,3.6,2012/13,€45.30m,€41.08m
T1,22/02/2013,Gaziantepspor,Bursaspor,H,3.25,3.3,2.2,3.4,3.2,2.1,2012/13,€45.20m,€68.10m
T1,23/02/2013,Buyuksehyr,Eskisehirspor,D,2.88,3.4,2.38,2.75,3.4,2.35,2012/13,€36.95m,€45.20m
T1,23/02/2013,Elazigspor,Antalyaspor,H,2.8,3.25,2.5,2.7,3.2,2.5,2012/13,€16.68m,€31.75m
T1,23/02/2013,Mersin Idman Yurdu,Trabzonspor,A,2.9,3.1,2.5,2.8,3.2,2.45,2012/13,€29.05m,€77.35m
T1,23/02/2013,Sivasspor,Besiktas,A,3.2,3.2,2.25,3.0,3.4,2.2,2012/13,€41.08m,€93.20m
T1,24/02/2013,Fenerbahce,Kasimpasa,H,1.57,3.75,6.0,1.6,3.8,5.25,2012/13,€142.05m,€45.30m
T1,24/02/2013,Karabukspor,Akhisar Belediyespor,A,1.95,3.3,4.0,1.9,3.3,4.0,2012/13,€30.90m,€13.33m
T1,24/02/2013,Kayserispor,Genclerbirligi,H,2.0,3.3,3.75,1.95,3.3,3.8,2012/13,€42.60m,€44.95m
T1,25/02/2013,Galatasaray,Orduspor,H,1.44,4.2,7.5,1.44,4.2,6.75,2012/13,€152.10m,€28.45m
T1,01/03/2013,Genclerbirligi,Buyuksehyr,D,2.2,3.3,3.3,2.2,3.2,3.2,2012/13,€44.95m,€36.95m
T1,02/03/2013,Akhisar Belediyespor,Elazigspor,A,2.15,3.2,3.5,2.2,3.1,3.3,2012/13,€13.33m,€16.68m
T1,02/03/2013,Eskisehirspor,Galatasaray,D,3.75,3.4,2.0,3.7,3.4,1.95,2012/13,€45.20m,€152.10m
T1,02/03/2013,Orduspor,Karabukspor,H,2.25,3.25,3.25,2.2,3.3,3.1,2012/13,€28.45m,€30.90m
T1,03/03/2013,Antalyaspor,Gaziantepspor,H,1.83,3.5,4.33,1.72,3.5,4.75,2012/13,€31.75m,€45.20m
T1,03/03/2013,Besiktas,Fenerbahce,H,2.4,3.4,2.8,2.45,3.4,2.65,2012/13,€93.20m,€142.05m
T1,03/03/2013,Bursaspor,Sivasspor,H,1.8,3.5,4.5,1.75,3.4,4.6,2012/13,€68.10m,€41.08m
T1,03/03/2013,Kayserispor,Mersin Idman Yurdu,H,1.73,3.5,5.0,1.75,3.4,4.6,2012/13,€42.60m,€29.05m
T1,04/03/2013,Kasimpasa,Trabzonspor,H,2.63,3.25,2.63,2.35,3.25,2.9,2012/13,€45.30m,€77.35m
T1,08/03/2013,Galatasaray,Genclerbirligi,A,1.4,4.5,8.0,1.4,4.6,6.75,2012/13,€152.10m,€44.95m
T1,09/03/2013,Buyuksehyr,Kayserispor,D,2.5,3.2,2.88,2.45,3.3,2.7,2012/13,€36.95m,€42.60m
T1,09/03/2013,Gaziantepspor,Akhisar Belediyespor,D,2.0,3.4,3.75,2.1,3.2,3.4,2012/13,€45.20m,€13.33m
T1,09/03/2013,Trabzonspor,Besiktas,D,2.3,3.2,3.1,2.45,3.3,2.7,2012/13,€77.35m,€93.20m
T1,10/03/2013,Elazigspor,Orduspor,H,2.4,3.2,3.0,2.3,3.2,3.0,2012/13,€16.68m,€28.45m
T1,10/03/2013,Fenerbahce,Bursaspor,H,1.73,3.5,5.0,1.8,3.5,4.2,2012/13,€142.05m,€68.10m
T1,10/03/2013,Karabukspor,Eskisehirspor,D,2.6,3.2,2.75,2.55,3.2,2.65,2012/13,€30.90m,€45.20m
T1,10/03/2013,Sivasspor,Antalyaspor,H,2.1,3.4,3.4,2.05,3.25,3.5,2012/13,€41.08m,€31.75m
T1,11/03/2013,Mersin Idman Yurdu,Kasimpasa,D,2.75,3.2,2.6,2.5,3.4,2.6,2012/13,€29.05m,€45.30m
T1,15/03/2013,Bursaspor,Trabzonspor,H,2.25,3.25,3.25,2.2,3.2,3.2,2012/13,€68.10m,€77.35m
T1,15/03/2013,Eskisehirspor,Elazigspor,D,1.67,3.5,5.5,1.62,3.6,5.5,2012/13,€45.20m,€16.68m
T1,16/03/2013,Besiktas,Kasimpasa,A,1.73,3.75,4.5,1.75,3.4,4.6,2012/13,€93.20m,€45.30m
T1,16/03/2013,Buyuksehyr,Mersin Idman Yurdu,H,1.91,3.3,4.2,1.95,3.4,3.7,2012/13,€36.95m,€29.05m
T1,16/03/2013,Genclerbirligi,Karabukspor,H,2.15,3.4,3.3,2.1,3.4,3.2,2012/13,€44.95m,€30.90m
T1,17/03/2013,Akhisar Belediyespor,Sivasspor,H,2.4,3.2,3.0,2.4,3.1,2.9,2012/13,€13.33m,€41.08m
T1,17/03/2013,Antalyaspor,Fenerbahce,A,3.4,3.5,2.05,3.25,3.5,2.05,2012/13,€31.75m,€142.05m
T1,17/03/2013,Kayserispor,Galatasaray,A,3.75,3.4,2.0,3.5,3.6,1.95,2012/13,€42.60m,€152.10m
T1,17/03/2013,Orduspor,Gaziantepspor,A,2.15,3.3,3.4,2.2,3.2,3.2,2012/13,€28.45m,€45.20m
T1,30/03/2013,Galatasaray,Buyuksehyr,H,1.5,4.0,6.5,1.5,4.1,6.0,2012/13,€152.10m,€36.95m
T1,30/03/2013,Gaziantepspor,Eskisehirspor,H,2.75,3.1,2.63,2.65,3.1,2.6,2012/13,€45.20m,€45.20m
T1,30/03/2013,Sivasspor,Orduspor,H,2.0,3.3,3.8,2.05,3.25,3.5,2012/13,€41.08m,€28.45m
T1,31/03/2013,Elazigspor,Genclerbirligi,D,2.8,3.1,2.6,2.7,3.2,2.5,2012/13,€16.68m,€44.95m
T1,31/03/2013,Fenerbahce,Akhisar Belediyespor,H,1.33,5.0,9.0,1.3,5.0,8.75,2012/13,€142.05m,€13.33m
T1,31/03/2013,Kasimpasa,Bursaspor,H,2.5,3.25,2.8,2.35,3.1,3.0,2012/13,€45.30m,€68.10m
T1,31/03/2013,Trabzonspor,Antalyaspor,H,1.85,3.4,4.33,1.85,3.4,4.1,2012/13,€77.35m,€31.75m
T1,01/04/2013,Karabukspor,Kayserispor,H,2.6,3.1,2.8,2.55,3.2,2.65,2012/13,€30.90m,€42.60m
T1,01/04/2013,Mersin Idman Yurdu,Besiktas,A,3.8,3.6,1.91,3.9,3.4,1.9,2012/13,€29.05m,€93.20m
T1,05/04/2013,Antalyaspor,Kasimpasa,H,2.4,3.3,2.88,2.45,3.25,2.75,2012/13,€31.75m,€45.30m
T1,06/04/2013,Buyuksehyr,Karabukspor,D,2.4,3.3,2.88,2.35,3.1,3.0,2012/13,€36.95m,€30.90m
T1,06/04/2013,Galatasaray,Mersin Idman Yurdu,H,1.4,4.2,8.5,1.4,4.1,8.25,2012/13,€152.10m,€29.05m
T1,06/04/2013,Kayserispor,Elazigspor,H,1.73,3.5,5.0,1.7,3.4,5.0,2012/13,€42.60m,€16.68m
T1,07/04/2013,Akhisar Belediyespor,Trabzonspor,H,2.88,3.3,2.4,2.85,3.3,2.35,2012/13,€13.33m,€77.35m
T1,07/04/2013,Eskisehirspor,Sivasspor,H,2.1,3.4,3.4,2.05,3.25,3.5,2012/13,€45.20m,€41.08m
T1,07/04/2013,Genclerbirligi,Gaziantepspor,D,2.0,3.3,3.75,2.05,3.1,3.7,2012/13,€44.95m,€45.20m
T1,07/04/2013,Orduspor,Fenerbahce,A,4.2,4.0,1.73,4.33,3.75,1.72,2012/13,€28.45m,€142.05m
T1,08/04/2013,Bursaspor,Besiktas,H,2.3,3.4,3.0,2.5,3.2,2.7,2012/13,€68.10m,€93.20m
T1,12/04/2013,Sivasspor,Genclerbirligi,D,2.1,3.3,3.5,2.1,3.2,3.4,2012/13,€41.08m,€44.95m
T1,12/04/2013,Trabzonspor,Orduspor,H,1.7,3.5,5.25,1.67,3.6,5.0,2012/13,€77.35m,€28.45m
T1,13/04/2013,Karabukspor,Galatasaray,A,4.5,3.8,1.73,4.1,3.8,1.75,2012/13,€30.90m,€152.10m
T1,13/04/2013,Mersin Idman Yurdu,Bursaspor,A,5.0,3.5,1.73,4.5,3.5,1.75,2012/13,€29.05m,€68.10m
T1,14/04/2013,Elazigspor,Buyuksehyr,H,2.6,3.2,2.75,2.5,3.1,2.8,2012/13,€16.68m,€36.95m
T1,14/04/2013,Fenerbahce,Eskisehirspor,H,1.62,3.8,5.5,1.6,3.5,6.0,2012/13,€142.05m,€45.20m
T1,14/04/2013,Gaziantepspor,Kayserispor,A,2.38,3.25,3.0,2.35,3.2,2.9,2012/13,€45.20m,€42.60m
T1,14/04/2013,Kasimpasa,Akhisar Belediyespor,A,1.85,3.4,4.33,1.83,3.4,4.2,2012/13,€45.30m,€13.33m
T1,15/04/2013,Besiktas,Antalyaspor,H,1.75,3.75,4.5,1.75,3.8,4.1,2012/13,€93.20m,€31.75m
T1,19/04/2013,Galatasaray,Elazigspor,H,1.2,6.5,13.0,1.17,6.5,14.0,2012/13,€152.10m,€16.68m
T1,20/04/2013,Akhisar Belediyespor,Besiktas,H,3.1,3.4,2.25,2.9,3.3,2.3,2012/13,€13.33m,€93.20m
T1,20/04/2013,Karabukspor,Mersin Idman Yurdu,H,1.57,3.75,6.0,1.6,3.6,5.75,2012/13,€30.90m,€29.05m
T1,20/04/2013,Orduspor,Kasimpasa,A,2.3,3.4,3.0,2.3,3.4,2.85,2012/13,€28.45m,€45.30m
T1,21/04/2013,Antalyaspor,Bursaspor,A,2.75,3.3,2.5,2.75,3.25,2.45,2012/13,€31.75m,€68.10m
T1,21/04/2013,Buyuksehyr,Gaziantepspor,A,2.1,3.4,3.4,2.1,3.3,3.3,2012/13,€36.95m,€45.20m
T1,21/04/2013,Genclerbirligi,Fenerbahce,H,4.75,3.6,1.75,4.6,3.4,1.75,2012/13,€44.95m,€142.05m
T1,21/04/2013,Kayserispor,Sivasspor,D,1.83,3.5,4.33,1.85,3.3,4.25,2012/13,€42.60m,€41.08m
T1,22/04/2013,Eskisehirspor,Trabzonspor,A,2.25,3.25,3.2,2.25,3.2,3.1,2012/13,€45.20m,€77.35m
T1,26/04/2013,Mersin Idman Yurdu,Antalyaspor,D,4.2,3.5,1.85,4.1,3.4,1.85,2012/13,€29.05m,€31.75m
T1,27/04/2013,Besiktas,Orduspor,H,1.57,3.8,6.0,1.55,3.9,5.5,2012/13,€93.20m,€28.45m
T1,27/04/2013,Bursaspor,Akhisar Belediyespor,D,1.67,3.75,5.0,1.65,3.3,5.75,2012/13,€68.10m,€13.33m
T1,27/04/2013,Elazigspor,Karabukspor,H,2.8,3.25,2.5,2.65,3.3,2.5,2012/13,€16.68m,€30.90m
T1,27/04/2013,Sivasspor,Buyuksehyr,H,2.0,3.4,3.75,2.05,3.2,3.6,2012/13,€41.08m,€36.95m
T1,27/04/2013,Trabzonspor,Genclerbirligi,H,1.91,3.4,4.0,1.9,3.25,4.1,2012/13,€77.35m,€44.95m
T1,28/04/2013,Fenerbahce,Kayserispor,H,1.62,3.75,5.5,1.62,3.8,5.0,2012/13,€142.05m,€42.60m
T1,28/04/2013,Gaziantepspor,Galatasaray,A,6.0,3.75,1.57,5.75,3.6,1.6,2012/13,€45.20m,€152.10m
T1,28/04/2013,Kasimpasa,Eskisehirspor,A,2.2,3.3,3.3,2.3,3.2,3.0,2012/13,€45.30m,€45.20m
T1,03/05/2013,Genclerbirligi,Kasimpasa,D,2.25,3.25,3.2,2.25,3.2,3.1,2012/13,€44.95m,€45.30m
T1,04/05/2013,Kayserispor,Trabzonspor,H,2.2,3.25,3.3,2.25,3.2,3.1,2012/13,€42.60m,€77.35m
T1,04/05/2013,Orduspor,Bursaspor,A,3.75,3.4,2.0,3.6,3.3,2.0,2012/13,€28.45m,€68.10m
T1,05/05/2013,Antalyaspor,Akhisar Belediyespor,H,2.4,3.25,2.9,2.3,3.25,2.95,2012/13,€31.75m,€13.33m
T1,05/05/2013,Buyuksehyr,Fenerbahce,H,3.5,3.4,2.05,3.7,3.5,1.91,2012/13,€36.95m,€142.05m
T1,05/05/2013,Eskisehirspor,Besiktas,A,2.6,3.4,2.6,2.6,3.2,2.6,2012/13,€45.20m,€93.20m
T1,05/05/2013,Galatasaray,Sivasspor,H,1.22,5.5,15.0,1.25,5.25,11.0,2012/13,€152.10m,€41.08m
T1,05/05/2013,Karabukspor,Gaziantepspor,A,2.3,3.2,3.2,2.3,3.1,3.1,2012/13,€30.90m,€45.20m
T1,05/05/2013,Mersin Idman Yurdu,Elazigspor,A,3.0,3.25,2.38,2.7,3.2,2.5,2012/13,€29.05m,€16.68m
T1,10/05/2013,Gaziantepspor,Elazigspor,D,1.95,3.3,4.0,2.1,3.0,3.7,2012/13,€45.20m,€16.68m
T1,10/05/2013,Kasimpasa,Kayserispor,A,2.2,3.25,3.3,2.25,3.1,3.2,2012/13,€45.30m,€42.60m
T1,11/05/2013,Antalyaspor,Orduspor,H,1.57,3.75,6.0,1.6,3.7,5.5,2012/13,€31.75m,€28.45m
T1,11/05/2013,Besiktas,Genclerbirligi,H,1.53,3.8,6.5,1.53,4.0,5.75,2012/13,€93.20m,€44.95m
T1,12/05/2013,Fenerbahce,Galatasaray,H,2.6,3.2,2.75,2.6,3.1,2.65,2012/13,€142.05m,€152.10m
T1,13/05/2013,Akhisar Belediyespor,Mersin Idman Yurdu,H,1.29,4.75,13.0,1.28,4.75,11.0,2012/13,€13.33m,€29.05m
T1,13/05/2013,Bursaspor,Eskisehirspor,D,1.62,3.8,5.5,1.62,3.75,5.0,2012/13,€68.10m,€45.20m
T1,13/05/2013,Sivasspor,Karabukspor,H,2.05,3.3,3.6,2.05,3.2,3.6,2012/13,€41.08m,€30.90m
T1,13/05/2013,Trabzonspor,Buyuksehyr,H,3.0,3.4,2.3,3.0,3.3,2.25,2012/13,€77.35m,€36.95m
T1,17/05/2013,Mersin Idman Yurdu,Gaziantepspor,A,2.75,3.3,2.5,2.75,3.25,2.45,2012/13,€29.05m,€45.20m
T1,18/05/2013,Buyuksehyr,Kasimpasa,A,1.57,4.0,5.75,1.62,4.1,4.6,2012/13,€36.95m,€45.30m
T1,18/05/2013,Galatasaray,Trabzonspor,H,1.5,4.33,6.0,1.48,4.33,5.75,2012/13,€152.10m,€77.35m
T1,18/05/2013,Karabukspor,Fenerbahce,H,2.3,3.4,3.0,2.25,3.3,3.0,2012/13,€30.90m,€142.05m
T1,18/05/2013,Orduspor,Akhisar Belediyespor,A,3.4,3.1,2.25,3.6,2.95,2.15,2012/13,€28.45m,€13.33m
T1,19/05/2013,Elazigspor,Sivasspor,D,2.3,3.4,3.0,2.3,3.3,2.9,2012/13,€16.68m,€41.08m
T1,19/05/2013,Eskisehirspor,Antalyaspor,H,2.1,3.4,3.4,2.2,3.3,3.1,2012/13,€45.20m,€31.75m
T1,19/05/2013,Genclerbirligi,Bursaspor,D,2.5,3.4,2.7,2.5,3.2,2.7,2012/13,€44.95m,€68.10m
T1,19/05/2013,Kayserispor,Besiktas,H,2.6,3.4,2.6,2.55,3.2,2.65,2012/13,€42.60m,€93.20m
T1,16/08/2013,Antalyaspor,Erciyesspor,D,2.0,3.4,3.75,2.0,3.4,3.5,2013/14,€46.00m,€33.68m
T1,17/08/2013,Karabukspor,Kasimpasa,H,2.5,3.3,2.75,2.45,3.25,2.75,2013/14,€41.43m,€49.53m
T1,17/08/2013,Konyaspor,Fenerbahce,H,5.0,3.75,1.67,4.6,3.75,1.67,2013/14,€27.85m,€146.95m
T1,17/08/2013,Rizespor,Genclerbirligi,H,2.3,3.3,3.1,2.4,3.5,2.65,2013/14,€30.90m,€45.88m
T1,18/08/2013,Akhisar Belediyespor,Elazigspor,H,2.2,3.3,3.3,2.2,3.3,3.1,2013/14,€19.23m,€23.00m
T1,18/08/2013,Besiktas,Trabzonspor,H,2.05,3.4,3.6,2.05,3.25,3.5,2013/14,€110.30m,€95.30m
T1,18/08/2013,Eskisehirspor,Bursaspor,H,2.38,3.25,3.0,2.35,3.2,2.9,2013/14,€52.28m,€60.28m
T1,19/08/2013,Galatasaray,Gaziantepspor,H,1.25,5.5,12.0,1.25,5.75,9.5,2013/14,€183.80m,€37.78m
T1,19/08/2013,Kayserispor,Sivasspor,H,2.05,3.3,3.6,2.0,3.25,3.7,2013/14,€44.85m,€43.33m
T1,23/08/2013,Genclerbirligi,Akhisar Belediyespor,H,2.0,3.5,3.6,2.0,3.4,3.5,2013/14,€45.88m,€19.23m
T1,24/08/2013,Fenerbahce,Eskisehirspor,H,1.57,3.8,6.0,1.67,3.75,4.75,2013/14,€146.95m,€52.28m
T1,24/08/2013,Gaziantepspor,Antalyaspor,D,2.1,3.4,3.4,2.2,3.4,3.0,2013/14,€37.78m,€46.00m
T1,24/08/2013,Kasimpasa,Kayserispor,H,2.2,3.3,3.2,2.2,3.4,3.0,2013/14,€49.53m,€44.85m
T1,25/08/2013,Bursaspor,Galatasaray,D,4.0,3.4,1.91,3.7,3.5,1.91,2013/14,€60.28m,€183.80m
T1,25/08/2013,Elazigspor,Karabukspor,D,2.5,3.3,2.75,2.5,3.1,2.8,2013/14,€23.00m,€41.43m
T1,25/08/2013,Sivasspor,Konyaspor,H,1.91,3.4,4.0,1.91,3.5,3.7,2013/14,€43.33m,€27.85m
T1,26/08/2013,Erciyesspor,Besiktas,A,3.4,3.4,2.1,3.25,3.4,2.1,2013/14,€33.68m,€110.30m
T1,26/08/2013,Trabzonspor,Rizespor,H,1.73,3.5,5.0,1.75,3.75,4.2,2013/14,€95.30m,€30.90m
T1,30/08/2013,Eskisehirspor,Galatasaray,D,3.75,3.4,2.0,3.75,3.5,1.9,2013/14,€52.28m,€183.80m
T1,30/08/2013,Konyaspor,Kasimpasa,A,3.2,3.4,2.2,2.9,3.25,2.35,2013/14,€27.85m,€49.53m
T1,31/08/2013,Antalyaspor,Bursaspor,A,2.45,3.3,2.8,2.45,3.2,2.75,2013/14,€46.00m,€60.28m
T1,31/08/2013,Fenerbahce,Sivasspor,H,1.57,4.0,5.5,1.62,3.9,4.75,2013/14,€146.95m,€43.33m
T1,31/08/2013,Kayserispor,Elazigspor,A,1.73,3.5,5.0,1.72,3.6,4.5,2013/14,€44.85m,€23.00m
T1,01/09/2013,Akhisar Belediyespor,Trabzonspor,H,3.0,3.4,2.3,2.8,3.25,2.4,2013/14,€19.23m,€95.30m
T1,01/09/2013,Besiktas,Gaziantepspor,H,1.62,3.8,5.5,1.57,3.7,5.75,2013/14,€110.30m,€37.78m
T1,01/09/2013,Karabukspor,Genclerbirligi,H,2.0,3.3,3.8,2.05,3.3,3.5,2013/14,€41.43m,€45.88m
T1,01/09/2013,Rizespor,Erciyesspor,H,2.2,3.3,3.3,2.2,3.3,3.1,2013/14,€30.90m,€33.68m
T1,13/09/2013,Galatasaray,Antalyaspor,D,1.45,4.33,7.0,1.4,4.4,7.25,2013/14,€183.80m,€46.00m
T1,14/09/2013,Erciyesspor,Akhisar Belediyespor,H,1.91,3.3,4.2,1.95,3.4,3.6,2013/14,€33.68m,€19.23m
T1,14/09/2013,Gaziantepspor,Rizespor,A,2.0,3.4,3.75,2.05,3.25,3.5,2013/14,€37.78m,€30.90m
T1,14/09/2013,Trabzonspor,Karabukspor,H,2.05,3.3,3.6,1.95,3.4,3.6,2013/14,€95.30m,€41.43m
T1,15/09/2013,Bursaspor,Besiktas,A,2.5,3.25,2.8,2.45,3.2,2.75,2013/14,€60.28m,€110.30m
T1,15/09/2013,Elazigspor,Konyaspor,H,2.3,3.2,3.2,2.25,3.2,3.1,2013/14,€23.00m,€27.85m
T1,15/09/2013,Genclerbirligi,Kayserispor,D,2.38,3.25,3.0,2.35,3.25,2.85,2013/14,€45.88m,€44.85m
T1,15/09/2013,Sivasspor,Eskisehirspor,H,2.3,3.2,3.2,2.3,3.4,2.85,2013/14,€43.33m,€52.28m
T1,16/09/2013,Kasimpasa,Fenerbahce,A,3.5,3.3,2.1,3.3,3.5,2.05,2013/14,€49.53m,€146.95m
T1,20/09/2013,Akhisar Belediyespor,Gaziantepspor,H,2.15,3.3,3.4,2.1,3.3,3.3,2013/14,€19.23m,€37.78m
T1,20/09/2013,Karabukspor,Erciyesspor,D,2.0,3.3,3.75,2.0,3.25,3.7,2013/14,€41.43m,€33.68m
T1,21/09/2013,Eskisehirspor,Antalyaspor,H,1.91,3.25,4.2,1.91,3.25,4.0,2013/14,€52.28m,€46.00m
T1,21/09/2013,Fenerbahce,Elazigspor,H,1.29,5.25,10.0,1.33,4.6,9.25,2013/14,€146.95m,€23.00m
T1,21/09/2013,Konyaspor,Genclerbirligi,H,2.5,3.1,2.9,2.5,3.2,2.7,2013/14,€27.85m,€45.88m
T1,21/09/2013,Sivasspor,Kasimpasa,A,2.38,3.1,3.1,2.35,3.25,2.85,2013/14,€43.33m,€49.53m
T1,22/09/2013,Besiktas,Galatasaray,A,2.75,3.1,2.63,2.55,3.25,2.65,2013/14,€110.30m,€183.80m
T1,22/09/2013,Rizespor,Bursaspor,H,2.9,3.1,2.5,2.75,3.3,2.4,2013/14,€30.90m,€60.28m
T1,23/09/2013,Kayserispor,Trabzonspor,A,2.5,3.1,2.9,2.45,3.25,2.75,2013/14,€44.85m,€95.30m
T1,27/09/2013,Bursaspor,Akhisar Belediyespor,D,1.6,3.75,5.75,1.65,3.7,5.0,2013/14,€60.28m,€19.23m
T1,28/09/2013,Galatasaray,Rizespor,D,1.44,4.2,7.5,1.45,4.2,6.5,2013/14,€183.80m,€30.90m
T1,28/09/2013,Gaziantepspor,Karabukspor,H,2.5,3.3,2.8,2.45,3.4,2.65,2013/14,€37.78m,€41.43m
T1,29/09/2013,Elazigspor,Sivasspor,A,2.5,3.3,2.75,2.3,3.2,3.0,2013/14,€23.00m,€43.33m
T1,29/09/2013,Genclerbirligi,Fenerbahce,A,5.0,3.5,1.73,4.1,3.6,1.78,2013/14,€45.88m,€146.95m
T1,29/09/2013,Kasimpasa,Eskisehirspor,A,2.4,3.25,2.9,2.3,3.3,2.9,2013/14,€49.53m,€52.28m
T1,29/09/2013,Trabzonspor,Konyaspor,H,1.5,4.0,7.0,1.53,4.0,5.75,2013/14,€95.30m,€27.85m
T1,30/09/2013,Antalyaspor,Besiktas,H,3.5,3.4,2.05,3.5,3.5,1.95,2013/14,€46.00m,€110.30m
T1,30/09/2013,Erciyesspor,Kayserispor,D,2.3,3.25,3.1,2.3,3.3,2.9,2013/14,€33.68m,€44.85m
T1,04/10/2013,Karabukspor,Bursaspor,A,2.38,3.25,3.0,2.35,3.2,2.9,2013/14,€41.43m,€60.28m
T1,05/10/2013,Eskisehirspor,Besiktas,A,3.3,3.5,2.1,3.25,3.4,2.1,2013/14,€52.28m,€110.30m
T1,05/10/2013,Kayserispor,Gaziantepspor,A,2.1,3.4,3.4,2.15,3.2,3.3,2013/14,€44.85m,€37.78m
T1,05/10/2013,Konyaspor,Erciyesspor,H,2.4,3.3,2.88,2.35,3.25,2.85,2013/14,€27.85m,€33.68m
T1,06/10/2013,Akhisar Belediyespor,Galatasaray,H,5.5,4.0,1.57,5.5,3.8,1.57,2013/14,€19.23m,€183.80m
T1,06/10/2013,Fenerbahce,Trabzonspor,D,1.67,3.8,5.0,1.72,3.5,4.75,2013/14,€146.95m,€95.30m
T1,06/10/2013,Kasimpasa,Elazigspor,H,1.6,4.0,5.25,1.65,3.75,4.75,2013/14,€49.53m,€23.00m
T1,06/10/2013,Rizespor,Antalyaspor,A,2.1,3.4,3.4,2.0,3.3,3.6,2013/14,€30.90m,€46.00m
T1,06/10/2013,Sivasspor,Genclerbirligi,H,2.05,3.2,3.8,2.0,3.4,3.5,2013/14,€43.33m,€45.88m
T1,19/10/2013,Elazigspor,Eskisehirspor,A,3.4,3.4,2.1,3.5,3.4,2.0,2013/14,€23.00m,€52.28m
T1,19/10/2013,Galatasaray,Karabukspor,H,1.36,4.5,9.5,1.36,4.25,8.75,2013/14,€183.80m,€41.43m
T1,19/10/2013,Genclerbirligi,Kasimpasa,A,2.55,3.5,2.6,2.5,3.25,2.7,2013/14,€45.88m,€49.53m
T1,20/10/2013,Antalyaspor,Akhisar Belediyespor,H,2.05,3.4,3.5,2.05,3.25,3.5,2013/14,€46.00m,€19.23m
T1,20/10/2013,Erciyesspor,Fenerbahce,A,5.0,3.75,1.67,4.75,3.75,1.65,2013/14,€33.68m,€146.95m
T1,20/10/2013,Gaziantepspor,Konyaspor,D,2.0,3.4,3.75,2.0,3.25,3.7,2013/14,€37.78m,€27.85m
T1,20/10/2013,Trabzonspor,Sivasspor,D,1.8,3.5,4.5,1.83,3.5,4.1,2013/14,€95.30m,€43.33m
T1,21/10/2013,Besiktas,Rizespor,D,1.53,3.75,7.0,1.48,3.9,6.75,2013/14,€110.30m,€30.90m
T1,21/10/2013,Bursaspor,Kayserispor,H,1.67,3.75,5.0,1.72,3.6,4.6,2013/14,€60.28m,€44.85m
T1,25/10/2013,Fenerbahce,Gaziantepspor,H,1.36,4.75,8.5,1.33,4.6,9.0,2013/14,€146.95m,€37.78m
T1,25/10/2013,Sivasspor,Erciyesspor,H,2.0,3.4,3.75,1.9,3.5,3.7,2013/14,€43.33m,€33.68m
T1,26/10/2013,Akhisar Belediyespor,Besiktas,D,3.75,3.4,2.0,3.5,3.4,2.0,2013/14,€19.23m,€110.30m
T1,26/10/2013,Elazigspor,Genclerbirligi,A,2.5,3.25,2.8,2.5,3.3,2.65,2013/14,€23.00m,€45.88m
T1,26/10/2013,Karabukspor,Antalyaspor,D,2.2,3.3,3.25,2.1,3.3,3.3,2013/14,€41.43m,€46.00m
T1,27/10/2013,Eskisehirspor,Rizespor,H,1.73,3.5,5.0,1.75,3.75,4.1,2013/14,€52.28m,€30.90m
T1,27/10/2013,Kayserispor,Galatasaray,A,7.5,4.2,1.44,6.75,4.2,1.44,2013/14,€44.85m,€183.80m
T1,27/10/2013,Konyaspor,Bursaspor,A,3.5,3.3,2.1,3.25,3.5,2.05,2013/14,€27.85m,€60.28m
T1,28/10/2013,Kasimpasa,Trabzonspor,H,2.4,3.3,2.88,2.35,3.3,2.85,2013/14,€49.53m,€95.30m
T1,01/11/2013,Galatasaray,Konyaspor,H,1.25,5.75,11.0,1.25,5.5,10.5,2013/14,€183.80m,€27.85m
T1,02/11/2013,Bursaspor,Fenerbahce,A,3.1,3.2,2.3,2.9,3.4,2.25,2013/14,€60.28m,€146.95m
T1,02/11/2013,Erciyesspor,Kasimpasa,A,3.1,3.25,2.3,3.0,3.3,2.25,2013/14,€33.68m,€49.53m
T1,03/11/2013,Besiktas,Karabukspor,D,1.5,4.0,7.0,1.48,3.8,7.0,2013/14,€110.30m,€41.43m
T1,03/11/2013,Rizespor,Akhisar Belediyespor,D,2.3,3.2,3.1,2.35,3.2,2.9,2013/14,€30.90m,€19.23m
T1,03/11/2013,Trabzonspor,Elazigspor,H,1.36,4.75,8.5,1.4,4.25,7.5,2013/14,€95.30m,€23.00m
T1,04/11/2013,Antalyaspor,Kayserispor,D,1.95,3.3,4.0,2.0,3.25,3.7,2013/14,€46.00m,€44.85m
T1,04/11/2013,Gaziantepspor,Sivasspor,A,2.63,3.1,2.75,2.55,3.4,2.55,2013/14,€37.78m,€43.33m
T1,04/11/2013,Genclerbirligi,Eskisehirspor,H,3.5,3.3,2.1,3.4,3.4,2.05,2013/14,€45.88m,€52.28m
T1,08/11/2013,Elazigspor,Erciyesspor,A,2.4,3.3,2.88,2.35,3.25,2.85,2013/14,€23.00m,€33.68m
T1,08/11/2013,Eskisehirspor,Akhisar Belediyespor,H,1.65,3.75,5.25,1.67,3.7,4.75,2013/14,€52.28m,€19.23m
T1,09/11/2013,Karabukspor,Rizespor,H,2.1,3.3,3.5,2.2,3.4,3.0,2013/14,€41.43m,€30.90m
T1,09/11/2013,Kasimpasa,Gaziantepspor,H,1.62,3.75,5.5,1.6,3.5,6.0,2013/14,€49.53m,€37.78m
T1,09/11/2013,Kayserispor,Besiktas,A,3.75,3.4,2.0,3.5,3.4,2.0,2013/14,€44.85m,€110.30m
T1,09/11/2013,Sivasspor,Bursaspor,H,2.3,3.3,3.1,2.3,3.25,2.95,2013/14,€43.33m,€60.28m
T1,10/11/2013,Fenerbahce,Galatasaray,H,2.05,3.5,3.4,2.0,3.5,3.4,2013/14,€146.95m,€183.80m
T1,10/11/2013,Genclerbirligi,Trabzonspor,H,3.3,3.3,2.2,3.0,3.4,2.2,2013/14,€45.88m,€95.30m
T1,10/11/2013,Konyaspor,Antalyaspor,H,2.5,3.2,2.88,2.5,3.3,2.65,2013/14,€27.85m,€46.00m
T1,23/11/2013,Bursaspor,Kasimpasa,D,2.6,3.2,2.75,2.5,3.1,2.8,2013/14,€60.28m,€49.53m
T1,23/11/2013,Galatasaray,Sivasspor,H,1.53,3.8,6.5,1.53,4.0,5.75,2013/14,€183.80m,€43.33m
T1,23/11/2013,Rizespor,Kayserispor,A,2.1,3.3,3.5,2.1,3.2,3.4,2013/14,€30.90m,€44.85m
T1,24/11/2013,Antalyaspor,Fenerbahce,A,5.0,3.6,1.7,4.4,3.7,1.72,2013/14,€46.00m,€146.95m
T1,24/11/2013,Erciyesspor,Genclerbirligi,H,2.4,3.2,3.0,2.5,3.1,2.8,2013/14,€33.68m,€45.88m
T1,24/11/2013,Gaziantepspor,Elazigspor,H,2.0,3.4,3.75,1.95,3.3,3.75,2013/14,€37.78m,€23.00m
T1,24/11/2013,Trabzonspor,Eskisehirspor,H,2.2,3.2,3.4,2.25,3.2,3.1,2013/14,€95.30m,€52.28m
T1,25/11/2013,Akhisar Belediyespor,Karabukspor,A,2.1,3.2,3.6,2.2,3.3,3.1,2013/14,€19.23m,€41.43m
T1,25/11/2013,Besiktas,Konyaspor,H,1.44,4.2,7.5,1.48,4.0,6.5,2013/14,€110.30m,€27.85m
T1,29/11/2013,Elazigspor,Bursaspor,A,4.0,3.6,1.85,4.0,3.5,1.83,2013/14,€23.00m,€60.28m
T1,29/11/2013,Sivasspor,Antalyaspor,A,1.85,3.5,4.2,1.83,3.6,3.9,2013/14,€43.33m,€46.00m
T1,30/11/2013,Fenerbahce,Besiktas,D,1.7,3.8,4.75,1.7,3.8,4.33,2013/14,€146.95m,€110.30m
T1,30/11/2013,Genclerbirligi,Gaziantepspor,A,2.0,3.5,3.6,1.95,3.4,3.7,2013/14,€45.88m,€37.78m
T1,30/11/2013,Kayserispor,Akhisar Belediyespor,D,2.0,3.4,3.75,2.0,3.4,3.5,2013/14,€44.85m,€19.23m
T1,01/12/2013,Eskisehirspor,Karabukspor,D,1.67,3.6,5.25,1.72,3.5,4.6,2013/14,€52.28m,€41.43m
T1,01/12/2013,Kasimpasa,Galatasaray,D,2.63,3.5,2.5,2.7,3.3,2.45,2013/14,€49.53m,€183.80m
T1,01/12/2013,Trabzonspor,Erciyesspor,H,1.67,3.6,5.25,1.7,3.5,4.75,2013/14,€95.30m,€33.68m
T1,02/12/2013,Konyaspor,Rizespor,H,2.1,3.3,3.5,2.1,3.3,3.3,2013/14,€27.85m,€30.90m
T1,06/12/2013,Galatasaray,Elazigspor,H,1.2,6.5,13.0,1.22,5.5,13.5,2013/14,€183.80m,€23.00m
T1,07/12/2013,Antalyaspor,Kasimpasa,D,3.4,3.4,2.1,3.3,3.3,2.1,2013/14,€46.00m,€49.53m
T1,07/12/2013,Rizespor,Fenerbahce,A,6.0,3.8,1.57,5.5,3.8,1.57,2013/14,€30.90m,€146.95m
T1,08/12/2013,Akhisar Belediyespor,Konyaspor,H,2.1,3.4,3.4,2.15,3.3,3.25,2013/14,€19.23m,€27.85m
T1,08/12/2013,Bursaspor,Genclerbirligi,D,1.73,3.6,4.75,1.75,3.7,4.25,2013/14,€60.28m,€45.88m
T1,08/12/2013,Gaziantepspor,Trabzonspor,H,2.8,3.4,2.4,2.65,3.2,2.55,2013/14,€37.78m,€95.30m
T1,08/12/2013,Karabukspor,Kayserispor,H,2.05,3.4,3.5,2.1,3.3,3.3,2013/14,€41.43m,€44.85m
T1,09/12/2013,Besiktas,Sivasspor,D,1.62,3.9,5.25,1.67,3.7,4.75,2013/14,€110.30m,€43.33m
T1,09/12/2013,Erciyesspor,Eskisehirspor,A,3.4,3.3,2.15,3.0,3.4,2.2,2013/14,€33.68m,€52.28m
T1,13/12/2013,Fenerbahce,Akhisar Belediyespor,H,1.25,5.5,12.0,1.25,5.25,11.5,2013/14,€146.95m,€19.23m
T1,13/12/2013,Konyaspor,Karabukspor,A,2.38,3.25,3.0,2.45,3.2,2.75,2013/14,€27.85m,€41.43m
T1,14/12/2013,Elazigspor,Antalyaspor,H,2.9,3.3,2.4,2.75,3.3,2.4,2013/14,€23.00m,€46.00m
T1,14/12/2013,Kayserispor,Eskisehirspor,D,3.0,3.2,2.38,2.85,3.25,2.35,2013/14,€44.85m,€52.28m
T1,14/12/2013,Sivasspor,Rizespor,H,1.73,3.75,4.5,1.7,3.5,4.75,2013/14,€43.33m,€30.90m
T1,15/12/2013,Gaziantepspor,Erciyesspor,H,2.0,3.4,3.75,2.0,3.3,3.6,2013/14,€37.78m,€33.68m
T1,15/12/2013,Genclerbirligi,Galatasaray,D,4.5,3.75,1.73,4.75,3.7,1.67,2013/14,€45.88m,€183.80m
T1,16/12/2013,Trabzonspor,Bursaspor,D,2.0,3.4,3.75,2.0,3.3,3.6,2013/14,€95.30m,€60.28m
T1,20/12/2013,Rizespor,Kasimpasa,D,3.6,3.5,2.0,3.4,3.3,2.05,2013/14,€30.90m,€49.53m
T1,21/12/2013,Besiktas,Elazigspor,H,1.33,4.75,10.0,1.36,4.6,8.0,2013/14,€110.30m,€23.00m
T1,22/12/2013,Antalyaspor,Genclerbirligi,A,2.4,3.4,2.8,2.4,3.3,2.75,2013/14,€46.00m,€45.88m
T1,22/12/2013,Eskisehirspor,Gaziantepspor,H,1.73,3.6,4.75,1.78,3.5,4.33,2013/14,€52.28m,€37.78m
T1,22/12/2013,Galatasaray,Trabzonspor,H,1.57,3.75,6.0,1.6,3.8,5.25,2013/14,€183.80m,€95.30m
T1,22/12/2013,Karabukspor,Fenerbahce,H,5.5,3.8,1.62,5.0,3.9,1.6,2013/14,€41.43m,€146.95m
T1,22/12/2013,Kayserispor,Konyaspor,D,1.85,3.4,4.33,1.9,3.3,4.0,2013/14,€44.85m,€27.85m
T1,23/12/2013,Akhisar Belediyespor,Sivasspor,H,2.5,3.4,2.7,2.45,3.25,2.75,2013/14,€19.23m,€43.33m
T1,23/12/2013,Bursaspor,Erciyesspor,H,1.73,3.5,5.0,1.72,3.5,4.6,2013/14,€60.28m,€33.68m
T1,27/12/2013,Genclerbirligi,Besiktas,H,3.6,3.5,2.0,3.4,3.5,2.0,2013/14,€45.88m,€110.30m
T1,27/12/2013,Kasimpasa,Akhisar Belediyespor,A,1.5,4.0,7.0,1.5,3.9,6.25,2013/14,€49.53m,€19.23m
T1,28/12/2013,Elazigspor,Rizespor,H,2.38,3.1,3.1,2.4,3.2,2.85,2013/14,€23.00m,€30.90m
T1,28/12/2013,Erciyesspor,Galatasaray,A,7.0,4.33,1.44,6.5,4.33,1.44,2013/14,€33.68m,€183.80m
T1,28/12/2013,Gaziantepspor,Bursaspor,D,2.5,3.1,2.9,2.45,3.3,2.7,2013/14,€37.78m,€60.28m
T1,29/12/2013,Fenerbahce,Kayserispor,H,1.33,5.0,9.0,1.3,5.0,8.75,2013/14,€146.95m,€44.85m
T1,29/12/2013,Konyaspor,Eskisehirspor,H,3.6,3.3,2.05,3.3,3.3,2.1,2013/14,€27.85m,€52.28m
T1,29/12/2013,Sivasspor,Karabukspor,H,1.83,3.5,4.33,1.87,3.3,4.1,2013/14,€43.33m,€41.43m
T1,29/12/2013,Trabzonspor,Antalyaspor,H,1.67,3.5,5.5,1.62,3.7,5.25,2013/14,€95.30m,€46.00m
T1,24/01/2014,Kasimpasa,Karabukspor,D,1.8,3.5,4.5,1.75,3.75,4.1,2013/14,€49.53m,€41.43m
T1,25/01/2014,Bursaspor,Eskisehirspor,H,2.4,3.3,2.9,2.3,3.2,3.0,2013/14,€60.28m,€52.28m
T1,25/01/2014,Genclerbirligi,Rizespor,H,2.0,3.4,3.75,1.95,3.3,3.8,2013/14,€45.88m,€30.90m
T1,25/01/2014,Trabzonspor,Besiktas,D,2.5,3.25,2.8,2.5,3.3,2.65,2013/14,€95.30m,€110.30m
T1,26/01/2014,Elazigspor,Akhisar Belediyespor,H,2.9,3.3,2.4,2.85,3.2,2.4,2013/14,€23.00m,€19.23m
T1,26/01/2014,Erciyesspor,Antalyaspor,A,2.5,3.25,2.8,2.35,3.2,2.9,2013/14,€33.68m,€46.00m
T1,26/01/2014,Gaziantepspor,Galatasaray,D,6.5,3.75,1.55,5.75,3.7,1.57,2013/14,€37.78m,€183.80m
T1,26/01/2014,Sivasspor,Kayserispor,H,1.8,3.6,4.33,1.75,3.7,4.25,2013/14,€43.33m,€44.85m
T1,27/01/2014,Fenerbahce,Konyaspor,H,1.25,6.0,10.0,1.25,5.25,11.0,2013/14,€146.95m,€27.85m
T1,31/01/2014,Besiktas,Erciyesspor,H,1.44,4.33,7.0,1.36,4.4,8.25,2013/14,€110.30m,€33.68m
T1,01/02/2014,Antalyaspor,Gaziantepspor,A,2.1,3.4,3.4,2.1,3.3,3.3,2013/14,€46.00m,€37.78m
T1,01/02/2014,Eskisehirspor,Fenerbahce,H,3.8,3.5,1.95,3.4,3.3,2.05,2013/14,€52.28m,€146.95m
T1,01/02/2014,Kayserispor,Kasimpasa,D,3.3,3.3,2.2,3.2,3.3,2.15,2013/14,€44.85m,€49.53m
T1,02/02/2014,Akhisar Belediyespor,Genclerbirligi,H,2.2,3.4,3.2,2.2,3.2,3.2,2013/14,€19.23m,€45.88m
T1,02/02/2014,Galatasaray,Bursaspor,H,1.5,4.0,7.0,1.55,3.8,5.75,2013/14,€183.80m,€60.28m
T1,02/02/2014,Karabukspor,Elazigspor,H,1.62,3.9,5.25,1.67,3.5,5.0,2013/14,€41.43m,€23.00m
T1,02/02/2014,Konyaspor,Sivasspor,H,2.9,3.3,2.4,2.8,3.3,2.4,2013/14,€27.85m,€43.33m
T1,03/02/2014,Rizespor,Trabzonspor,D,3.2,3.3,2.25,3.1,3.2,2.25,2013/14,€30.90m,€95.30m
T1,07/02/2014,Gaziantepspor,Besiktas,A,3.3,3.3,2.2,3.4,3.3,2.05,2013/14,€37.78m,€110.30m
T1,07/02/2014,Kasimpasa,Konyaspor,A,1.73,3.5,5.0,1.75,3.5,4.5,2013/14,€49.53m,€27.85m
T1,08/02/2014,Erciyesspor,Rizespor,D,2.3,3.2,3.2,2.3,3.3,2.9,2013/14,€33.68m,€30.90m
T1,08/02/2014,Galatasaray,Eskisehirspor,H,1.44,4.33,7.0,1.45,3.9,7.25,2013/14,€183.80m,€52.28m
T1,09/02/2014,Bursaspor,Antalyaspor,D,1.73,3.6,4.75,1.75,3.6,4.4,2013/14,€60.28m,€46.00m
T1,09/02/2014,Elazigspor,Kayserispor,H,2.5,3.2,2.8,2.5,3.1,2.8,2013/14,€23.00m,€44.85m
T1,09/02/2014,Sivasspor,Fenerbahce,H,4.2,3.6,1.83,3.5,3.5,1.95,2013/14,€43.33m,€146.95m
T1,09/02/2014,Trabzonspor,Akhisar Belediyespor,A,1.7,3.6,5.0,1.67,3.6,5.0,2013/14,€95.30m,€19.23m
T1,10/02/2014,Genclerbirligi,Karabukspor,A,2.3,3.25,3.1,2.35,3.4,2.8,2013/14,€45.88m,€41.43m
T1,11/02/2014,Kasimpasa,Besiktas,A,3.2,3.3,2.25,3.1,3.25,2.2,2013/14,€49.53m,€110.30m
T1,14/02/2014,Rizespor,Gaziantepspor,H,2.38,3.2,3.1,2.4,3.2,2.85,2013/14,€30.90m,€37.78m
T1,15/02/2014,Karabukspor,Trabzonspor,D,2.2,3.25,3.3,2.3,3.3,2.95,2013/14,€41.43m,€95.30m
T1,15/02/2014,Kayserispor,Genclerbirligi,H,2.2,3.3,3.3,2.25,3.4,2.9,2013/14,€44.85m,€45.88m
T1,16/02/2014,Akhisar Belediyespor,Erciyesspor,A,1.91,3.4,4.0,1.95,3.4,3.7,2013/14,€19.23m,€33.68m
T1,16/02/2014,Besiktas,Bursaspor,H,1.83,3.5,4.33,1.83,3.6,3.9,2013/14,€110.30m,€60.28m
T1,16/02/2014,Fenerbahce,Kasimpasa,H,1.44,4.2,7.5,1.48,4.0,6.5,2013/14,€146.95m,€49.53m
T1,17/02/2014,Antalyaspor,Galatasaray,D,5.5,4.0,1.57,5.5,3.8,1.57,2013/14,€46.00m,€183.80m
T1,17/02/2014,Eskisehirspor,Sivasspor,D,2.0,3.4,3.75,2.0,3.4,3.5,2013/14,€52.28m,€43.33m
T1,17/02/2014,Konyaspor,Elazigspor,A,1.67,3.75,5.0,1.72,3.5,4.6,2013/14,€27.85m,€23.00m
T1,21/02/2014,Bursaspor,Rizespor,H,1.8,3.5,4.5,1.75,3.4,4.6,2013/14,€60.28m,€30.90m
T1,22/02/2014,Erciyesspor,Karabukspor,H,2.9,3.3,2.38,2.75,3.2,2.45,2013/14,€33.68m,€41.43m
T1,22/02/2014,Galatasaray,Besiktas,H,1.85,3.6,4.0,1.85,3.5,4.0,2013/14,€183.80m,€110.30m
T1,22/02/2014,Gaziantepspor,Akhisar Belediyespor,D,2.3,3.3,3.1,2.3,3.25,2.95,2013/14,€37.78m,€19.23m
T1,23/02/2014,Antalyaspor,Eskisehirspor,D,2.5,3.3,2.75,2.45,3.3,2.7,2013/14,€46.00m,€52.28m
T1,23/02/2014,Genclerbirligi,Konyaspor,D,2.3,3.25,3.1,2.25,3.2,3.1,2013/14,€45.88m,€27.85m
T1,23/02/2014,Kasimpasa,Sivasspor,H,2.2,3.4,3.2,2.15,3.3,3.2,2013/14,€49.53m,€43.33m
T1,23/02/2014,Trabzonspor,Kayserispor,H,1.75,3.7,4.5,1.75,3.6,4.4,2013/14,€95.30m,€44.85m
T1,24/02/2014,Elazigspor,Fenerbahce,D,6.5,4.5,1.44,6.25,4.25,1.45,2013/14,€23.00m,€146.95m
T1,28/02/2014,Akhisar Belediyespor,Bursaspor,H,2.5,3.25,2.8,2.5,3.1,2.8,2013/14,€19.23m,€60.28m
T1,28/02/2014,Besiktas,Antalyaspor,D,1.5,4.2,6.5,1.5,4.0,6.25,2013/14,€110.30m,€46.00m
T1,01/03/2014,Eskisehirspor,Kasimpasa,D,2.15,3.4,3.25,2.15,3.3,3.2,2013/14,€52.28m,€49.53m
T1,01/03/2014,Fenerbahce,Genclerbirligi,H,1.33,5.0,9.0,1.28,5.25,9.0,2013/14,€146.95m,€45.88m
T1,01/03/2014,Karabukspor,Gaziantepspor,A,1.67,3.75,5.0,1.67,3.5,5.0,2013/14,€41.43m,€37.78m
T1,02/03/2014,Kayserispor,Erciyesspor,A,2.5,3.2,2.88,2.35,3.4,2.8,2013/14,€44.85m,€33.68m
T1,02/03/2014,Konyaspor,Trabzonspor,D,2.5,3.3,2.8,2.45,3.3,2.7,2013/14,€27.85m,€95.30m
T1,02/03/2014,Rizespor,Galatasaray,D,7.0,4.33,1.44,6.25,4.4,1.45,2013/14,€30.90m,€183.80m
T1,02/03/2014,Sivasspor,Elazigspor,A,1.73,3.75,4.5,1.72,3.6,4.6,2013/14,€43.33m,€23.00m
T1,08/03/2014,Bursaspor,Karabukspor,H,2.05,3.25,3.75,2.0,3.3,3.6,2013/14,€60.28m,€41.43m
T1,08/03/2014,Elazigspor,Kasimpasa,D,2.7,3.4,2.5,2.7,3.3,2.45,2013/14,€23.00m,€49.53m
T1,08/03/2014,Erciyesspor,Konyaspor,H,2.2,3.3,3.3,2.25,3.2,3.1,2013/14,€33.68m,€27.85m
T1,08/03/2014,Galatasaray,Akhisar Belediyespor,H,1.36,4.75,8.0,1.36,4.5,8.0,2013/14,€183.80m,€19.23m
T1,09/03/2014,Antalyaspor,Rizespor,A,2.0,3.5,3.6,2.15,3.25,3.3,2013/14,€46.00m,€30.90m
T1,09/03/2014,Besiktas,Eskisehirspor,H,1.62,3.75,5.5,1.6,3.75,5.25,2013/14,€110.30m,€52.28m
T1,09/03/2014,Gaziantepspor,Kayserispor,H,2.0,3.4,3.75,2.0,3.3,3.6,2013/14,€37.78m,€44.85m
T1,09/03/2014,Genclerbirligi,Sivasspor,H,2.25,3.4,3.1,2.4,3.4,2.7,2013/14,€45.88m,€43.33m
T1,10/03/2014,Trabzonspor,Fenerbahce,A,3.6,3.6,1.95,3.6,3.4,1.95,2013/14,€95.30m,€146.95m
T1,14/03/2014,Karabukspor,Galatasaray,D,4.2,3.5,1.85,4.4,3.6,1.75,2013/14,€41.43m,€183.80m
T1,15/03/2014,Akhisar Belediyespor,Antalyaspor,D,2.2,3.3,3.3,2.2,3.25,3.1,2013/14,€19.23m,€46.00m
T1,15/03/2014,Kasimpasa,Genclerbirligi,A,1.83,3.6,4.2,1.85,3.6,3.8,2013/14,€49.53m,€45.88m
T1,15/03/2014,Rizespor,Besiktas,D,3.5,3.5,2.05,3.4,3.3,2.05,2013/14,€30.90m,€110.30m
T1,16/03/2014,Eskisehirspor,Elazigspor,H,1.75,3.5,4.75,1.75,3.5,4.5,2013/14,€52.28m,€23.00m
T1,16/03/2014,Fenerbahce,Erciyesspor,H,1.4,4.5,8.0,1.4,4.5,7.0,2013/14,€146.95m,€33.68m
T1,16/03/2014,Konyaspor,Gaziantepspor,A,2.1,3.5,3.25,2.1,3.25,3.4,2013/14,€27.85m,€37.78m
T1,16/03/2014,Sivasspor,Trabzonspor,A,2.5,3.3,2.8,2.4,3.2,2.85,2013/14,€43.33m,€95.30m
T1,17/03/2014,Kayserispor,Bursaspor,H,3.0,3.4,2.3,3.0,3.3,2.25,2013/14,€44.85m,€60.28m
T1,21/03/2014,Trabzonspor,Kasimpasa,D,2.1,3.4,3.4,2.05,3.25,3.5,2013/14,€95.30m,€49.53m
T1,22/03/2014,Antalyaspor,Karabukspor,D,2.4,3.2,3.0,2.45,3.2,2.8,2013/14,€46.00m,€41.43m
T1,22/03/2014,Bursaspor,Konyaspor,A,1.95,3.3,4.0,1.95,3.25,3.8,2013/14,€60.28m,€27.85m
T1,22/03/2014,Galatasaray,Kayserispor,A,1.25,5.75,11.0,1.26,5.25,10.0,2013/14,€183.80m,€44.85m
T1,22/03/2014,Rizespor,Eskisehirspor,D,2.63,3.3,2.6,2.7,3.2,2.5,2013/14,€30.90m,€52.28m
T1,23/03/2014,Besiktas,Akhisar Belediyespor,H,1.67,3.75,5.0,1.67,3.6,5.0,2013/14,€110.30m,€19.23m
T1,23/03/2014,Erciyesspor,Sivasspor,D,2.0,3.5,3.6,2.0,3.3,3.6,2013/14,€33.68m,€43.33m
T1,23/03/2014,Genclerbirligi,Elazigspor,H,2.0,3.4,3.75,2.0,3.3,3.6,2013/14,€45.88m,€23.00m
T1,24/03/2014,Gaziantepspor,Fenerbahce,A,4.0,3.5,1.91,4.0,3.75,1.78,2013/14,€37.78m,€146.95m
T1,28/03/2014,Karabukspor,Besiktas,H,3.3,3.4,2.2,3.2,3.3,2.15,2013/14,€41.43m,€110.30m
T1,28/03/2014,Kasimpasa,Erciyesspor,H,1.83,3.6,4.2,1.78,3.5,4.25,2013/14,€49.53m,€33.68m
T1,29/03/2014,Akhisar Belediyespor,Rizespor,A,2.2,3.25,3.3,2.25,3.3,3.0,2013/14,€19.23m,€30.90m
T1,29/03/2014,Elazigspor,Trabzonspor,D,2.75,3.4,2.45,2.75,3.2,2.5,2013/14,€23.00m,€95.30m
T1,29/03/2014,Konyaspor,Galatasaray,D,6.0,3.8,1.57,5.25,3.9,1.57,2013/14,€27.85m,€183.80m
T1,29/03/2014,Sivasspor,Gaziantepspor,H,2.1,3.5,3.3,2.15,3.3,3.2,2013/14,€43.33m,€37.78m
T1,31/03/2014,Eskisehirspor,Genclerbirligi,A,1.83,3.6,4.2,1.85,3.4,4.1,2013/14,€52.28m,€45.88m
T1,31/03/2014,Fenerbahce,Bursaspor,H,1.33,5.0,8.5,1.33,4.6,9.0,2013/14,€146.95m,€60.28m
T1,31/03/2014,Kayserispor,Antalyaspor,H,2.1,3.4,3.4,2.15,3.3,3.2,2013/14,€44.85m,€46.00m
T1,04/04/2014,Gaziantepspor,Kasimpasa,D,2.9,3.3,2.4,2.8,3.25,2.4,2013/14,€37.78m,€49.53m
T1,05/04/2014,Akhisar Belediyespor,Eskisehirspor,D,2.2,3.25,3.3,2.2,3.25,3.1,2013/14,€19.23m,€52.28m
T1,05/04/2014,Antalyaspor,Konyaspor,D,2.15,3.3,3.4,2.2,3.25,3.1,2013/14,€46.00m,€27.85m
T1,05/04/2014,Besiktas,Kayserispor,H,1.67,3.5,5.5,1.62,3.6,5.5,2013/14,€110.30m,€44.85m
T1,05/04/2014,Rizespor,Karabukspor,A,2.4,3.5,2.8,2.4,3.3,2.8,2013/14,€30.90m,€41.43m
T1,06/04/2014,Bursaspor,Sivasspor,H,2.1,3.4,3.4,2.15,3.25,3.25,2013/14,€60.28m,€43.33m
T1,06/04/2014,Erciyesspor,Elazigspor,H,1.8,3.6,4.33,1.85,3.4,4.1,2013/14,€33.68m,€23.00m
T1,06/04/2014,Galatasaray,Fenerbahce,H,2.1,3.3,3.5,2.15,3.3,3.2,2013/14,€183.80m,€146.95m
T1,07/04/2014,Trabzonspor,Genclerbirligi,H,1.83,3.4,4.5,1.85,3.25,4.33,2013/14,€95.30m,€45.88m
T1,11/04/2014,Konyaspor,Besiktas,D,3.4,3.3,2.15,3.1,3.25,2.2,2013/14,€27.85m,€110.30m
T1,12/04/2014,Karabukspor,Akhisar Belediyespor,A,1.75,3.5,4.75,1.83,3.4,4.25,2013/14,€41.43m,€19.23m
T1,12/04/2014,Kasimpasa,Bursaspor,D,2.05,3.4,3.6,2.1,3.3,3.3,2013/14,€49.53m,€60.28m
T1,12/04/2014,Kayserispor,Rizespor,A,2.1,3.2,3.6,2.15,3.2,3.3,2013/14,€44.85m,€30.90m
T1,12/04/2014,Sivasspor,Galatasaray,H,4.33,3.6,1.8,4.0,3.5,1.83,2013/14,€43.33m,€183.80m
T1,13/04/2014,Eskisehirspor,Trabzonspor,D,2.1,3.4,3.4,2.15,3.3,3.2,2013/14,€52.28m,€95.30m
T1,13/04/2014,Fenerbahce,Antalyaspor,H,1.29,5.0,11.0,1.28,5.25,9.25,2013/14,€146.95m,€46.00m
T1,13/04/2014,Genclerbirligi,Erciyesspor,D,2.05,3.4,3.6,2.1,3.3,3.3,2013/14,€45.88m,€33.68m
T1,14/04/2014,Elazigspor,Gaziantepspor,H,2.38,3.3,2.9,2.3,3.6,2.75,2013/14,€23.00m,€37.78m
T1,18/04/2014,Erciyesspor,Trabzonspor,A,2.38,3.2,3.0,2.45,3.25,2.75,2013/14,€33.68m,€95.30m
T1,19/04/2014,Akhisar Belediyespor,Kayserispor,D,2.0,3.5,3.6,2.05,3.25,3.5,2013/14,€19.23m,€44.85m
T1,19/04/2014,Bursaspor,Elazigspor,H,1.75,3.75,4.33,1.75,3.5,4.4,2013/14,€60.28m,€23.00m
T1,19/04/2014,Galatasaray,Kasimpasa,A,1.5,4.0,7.0,1.5,3.8,6.5,2013/14,€183.80m,€49.53m
T1,19/04/2014,Gaziantepspor,Genclerbirligi,A,2.3,3.4,3.0,2.3,3.25,2.95,2013/14,€37.78m,€45.88m
T1,20/04/2014,Besiktas,Fenerbahce,D,2.38,3.4,2.88,2.5,3.3,2.65,2013/14,€110.30m,€146.95m
T1,20/04/2014,Rizespor,Konyaspor,H,2.4,3.3,2.88,2.3,3.25,2.95,2013/14,€30.90m,€27.85m
T1,21/04/2014,Antalyaspor,Sivasspor,A,2.1,3.3,3.5,2.05,3.25,3.5,2013/14,€46.00m,€43.33m
T1,21/04/2014,Karabukspor,Eskisehirspor,D,2.1,3.25,3.5,2.1,3.1,3.5,2013/14,€41.43m,€52.28m
T1,25/04/2014,Genclerbirligi,Bursaspor,H,2.4,3.3,2.9,2.4,3.3,2.75,2013/14,€45.88m,€60.28m
T1,26/04/2014,Trabzonspor,Gaziantepspor,H,1.62,3.8,5.5,1.65,3.5,5.25,2013/14,€95.30m,€37.78m
T1,27/04/2014,Elazigspor,Galatasaray,A,4.0,3.75,1.83,3.8,3.6,1.85,2013/14,€23.00m,€183.80m
T1,27/04/2014,Eskisehirspor,Erciyesspor,A,2.05,3.25,3.75,2.1,3.4,3.2,2013/14,€52.28m,€33.68m
T1,27/04/2014,Fenerbahce,Rizespor,D,1.36,5.0,7.5,1.4,4.25,7.75,2013/14,€146.95m,€30.90m
T1,27/04/2014,Kasimpasa,Antalyaspor,H,1.75,3.6,4.75,1.75,3.5,4.5,2013/14,€49.53m,€46.00m
T1,27/04/2014,Kayserispor,Karabukspor,A,2.38,3.25,3.0,2.25,3.3,3.0,2013/14,€44.85m,€41.43m
T1,27/04/2014,Konyaspor,Akhisar Belediyespor,H,2.0,3.4,3.75,2.0,3.3,3.6,2013/14,€27.85m,€19.23m
T1,27/04/2014,Sivasspor,Besiktas,H,3.0,3.4,2.3,3.1,3.4,2.15,2013/14,€43.33m,€110.30m
T1,03/05/2014,Antalyaspor,Elazigspor,A,2.1,3.4,3.4,2.2,3.2,3.2,2013/14,€46.00m,€23.00m
T1,03/05/2014,Besiktas,Kasimpasa,H,2.1,3.5,3.3,2.05,3.4,3.3,2013/14,€110.30m,€49.53m
T1,03/05/2014,Erciyesspor,Gaziantepspor,H,1.83,3.6,4.2,1.91,3.4,3.8,2013/14,€33.68m,€37.78m
T1,03/05/2014,Eskisehirspor,Kayserispor,A,2.0,3.5,3.6,2.0,3.25,3.7,2013/14,€52.28m,€44.85m
T1,03/05/2014,Galatasaray,Genclerbirligi,H,1.36,4.75,8.5,1.4,4.5,7.0,2013/14,€183.80m,€45.88m
T1,03/05/2014,Karabukspor,Konyaspor,D,1.91,3.5,4.0,2.0,3.2,3.8,2013/14,€41.43m,€27.85m
T1,04/05/2014,Akhisar Belediyespor,Fenerbahce,H,4.5,3.75,1.73,4.33,3.5,1.78,2013/14,€19.23m,€146.95m
T1,04/05/2014,Bursaspor,Trabzonspor,D,2.5,3.3,2.75,2.5,3.3,2.65,2013/14,€60.28m,€95.30m
T1,04/05/2014,Rizespor,Sivasspor,D,2.5,3.5,2.63,2.4,3.4,2.7,2013/14,€30.90m,€43.33m
T1,09/05/2014,Fenerbahce,Karabukspor,H,1.44,4.33,7.0,1.5,3.9,6.25,2013/14,€146.95m,€41.43m
T1,10/05/2014,Genclerbirligi,Antalyaspor,A,1.8,3.75,4.2,1.83,3.4,4.1,2013/14,€45.88m,€46.00m
T1,11/05/2014,Elazigspor,Besiktas,A,2.8,3.3,2.5,2.7,3.3,2.45,2013/14,€23.00m,€110.30m
T1,11/05/2014,Erciyesspor,Bursaspor,D,1.75,3.6,4.75,1.8,3.5,4.2,2013/14,€33.68m,€60.28m
T1,11/05/2014,Gaziantepspor,Eskisehirspor,D,1.75,3.8,4.33,1.75,3.6,4.4,2013/14,€37.78m,€52.28m
T1,11/05/2014,Kasimpasa,Rizespor,D,1.67,3.75,5.0,1.67,3.5,5.0,2013/14,€49.53m,€30.90m
T1,11/05/2014,Konyaspor,Kayserispor,H,1.85,3.6,4.0,1.85,3.6,3.8,2013/14,€27.85m,€44.85m
T1,11/05/2014,Sivasspor,Akhisar Belediyespor,H,1.67,3.8,5.0,1.65,3.8,4.75,2013/14,€43.33m,€19.23m
T1,11/05/2014,Trabzonspor,Galatasaray,A,2.75,3.5,2.4,2.6,3.4,2.5,2013/14,€95.30m,€183.80m
T1,16/05/2014,Eskisehirspor,Konyaspor,D,2.3,3.3,3.1,2.3,3.3,2.95,2013/14,€52.28m,€27.85m
T1,16/05/2014,Kayserispor,Fenerbahce,A,4.5,3.6,1.8,4.1,3.4,1.83,2013/14,€44.85m,€146.95m
T1,17/05/2014,Besiktas,Genclerbirligi,D,1.25,5.5,12.0,1.28,5.25,9.25,2013/14,€110.30m,€45.88m
T1,17/05/2014,Bursaspor,Gaziantepspor,H,2.0,3.4,3.75,2.05,3.1,3.75,2013/14,€60.28m,€37.78m
T1,17/05/2014,Galatasaray,Erciyesspor,H,1.2,6.5,13.0,1.2,6.0,12.0,2013/14,€183.80m,€33.68m
T1,17/05/2014,Rizespor,Elazigspor,H,2.0,3.5,3.6,2.0,3.4,3.5,2013/14,€30.90m,€23.00m
T1,18/05/2014,Akhisar Belediyespor,Kasimpasa,A,3.1,3.4,2.25,3.0,3.3,2.25,2013/14,€19.23m,€49.53m
T1,18/05/2014,Antalyaspor,Trabzonspor,A,5.0,4.0,1.62,4.6,3.9,1.65,2013/14,€46.00m,€95.30m
T1,18/05/2014,Karabukspor,Sivasspor,H,2.63,3.3,2.63,2.75,3.2,2.5,2013/14,€41.43m,€43.33m
T1,29/08/2014,Balikesirspor,Akhisar Belediyespor,A,2.38,3.2,3.0,2.25,3.2,3.1,2014/15,€23.53m,€31.10m
T1,29/08/2014,Rizespor,Genclerbirligi,D,2.1,3.2,3.6,2.2,3.1,3.3,2014/15,€37.15m,€46.40m
T1,30/08/2014,Bursaspor,Galatasaray,A,3.8,3.5,1.95,3.6,3.4,1.95,2014/15,€80.70m,€142.20m
T1,30/08/2014,Buyuksehyr,Kasimpasa,D,2.63,3.3,2.63,2.6,3.2,2.6,2014/15,€47.20m,€51.25m
T1,30/08/2014,Eskisehirspor,Konyaspor,H,2.2,3.3,3.3,2.05,3.25,3.5,2014/15,€55.63m,€32.83m
T1,30/08/2014,Mersin Idman Yurdu,Besiktas,A,4.0,3.6,1.85,3.9,3.6,1.83,2014/15,€24.20m,€117.93m
T1,31/08/2014,Erciyesspor,Trabzonspor,D,2.63,3.3,2.6,2.7,3.25,2.5,2014/15,€29.68m,€96.80m
T1,31/08/2014,Fenerbahce,Karabukspor,H,1.44,4.2,7.5,1.45,4.0,7.0,2014/15,€105.33m,€32.83m
T1,31/08/2014,Sivasspor,Gaziantepspor,A,1.91,3.4,4.0,1.95,3.4,3.7,2014/15,€35.90m,€33.75m
T1,13/09/2014,Galatasaray,Eskisehirspor,D,1.57,3.8,6.0,1.57,3.9,5.5,2014/15,€142.20m,€55.63m
T1,13/09/2014,Genclerbirligi,Bursaspor,A,2.6,3.2,2.7,2.55,3.3,2.6,2014/15,€46.40m,€80.70m
T1,13/09/2014,Karabukspor,Buyuksehyr,D,2.0,3.4,3.75,2.1,3.4,3.25,2014/15,€32.83m,€47.20m
T1,13/09/2014,Konyaspor,Balikesirspor,H,1.8,3.5,4.5,1.91,3.4,3.75,2014/15,€32.83m,€23.53m
T1,14/09/2014,Gaziantepspor,Erciyesspor,D,2.3,3.25,3.1,2.3,3.3,2.95,2014/15,€33.75m,€29.68m
T1,14/09/2014,Kasimpasa,Mersin Idman Yurdu,D,1.75,3.5,4.75,1.8,3.6,4.1,2014/15,€51.25m,€24.20m
T1,14/09/2014,Trabzonspor,Fenerbahce,D,2.9,3.25,2.4,2.75,3.3,2.4,2014/15,€96.80m,€105.33m
T1,15/09/2014,Akhisar Belediyespor,Sivasspor,D,2.6,3.2,2.75,2.55,3.4,2.55,2014/15,€31.10m,€35.90m
T1,15/09/2014,Besiktas,Rizespor,D,1.53,4.0,6.25,1.55,3.75,6.0,2014/15,€117.93m,€37.15m
T1,19/09/2014,Eskisehirspor,Genclerbirligi,A,1.83,3.4,4.5,1.9,3.4,3.9,2014/15,€55.63m,€46.40m
T1,20/09/2014,Balikesirspor,Galatasaray,H,7.0,4.33,1.44,7.0,4.1,1.44,2014/15,€23.53m,€142.20m
T1,20/09/2014,Erciyesspor,Akhisar Belediyespor,A,2.3,3.25,3.1,2.35,3.25,2.85,2014/15,€29.68m,€31.10m
T1,20/09/2014,Mersin Idman Yurdu,Rizespor,H,2.5,3.2,2.88,2.5,3.25,2.7,2014/15,€24.20m,€37.15m
T1,21/09/2014,Fenerbahce,Gaziantepspor,H,1.33,5.0,9.0,1.35,4.5,8.5,2014/15,€105.33m,€33.75m
T1,21/09/2014,Kasimpasa,Karabukspor,H,1.83,3.5,4.33,1.87,3.4,4.0,2014/15,€51.25m,€32.83m
T1,21/09/2014,Sivasspor,Konyaspor,D,2.0,3.6,3.5,2.0,3.5,3.4,2014/15,€35.90m,€32.83m
T1,22/09/2014,Buyuksehyr,Trabzonspor,D,2.75,3.3,2.5,2.75,3.2,2.45,2014/15,€47.20m,€96.80m
T1,26/09/2014,Galatasaray,Sivasspor,H,1.5,4.0,7.0,1.5,4.1,6.0,2014/15,€142.20m,€35.90m
T1,27/09/2014,Besiktas,Eskisehirspor,D,1.62,3.75,5.5,1.62,3.6,5.5,2014/15,€117.93m,€55.63m
T1,27/09/2014,Trabzonspor,Kasimpasa,D,2.4,3.25,2.9,2.45,3.2,2.75,2014/15,€96.80m,€51.25m
T1,28/09/2014,Akhisar Belediyespor,Fenerbahce,H,4.5,3.75,1.73,4.4,3.5,1.75,2014/15,€31.10m,€105.33m
T1,28/09/2014,Genclerbirligi,Balikesirspor,H,1.8,3.6,4.33,1.91,3.4,3.8,2014/15,€46.40m,€23.53m
T1,28/09/2014,Konyaspor,Erciyesspor,D,1.91,3.4,4.0,1.91,3.4,3.8,2014/15,€32.83m,€29.68m
T1,28/09/2014,Rizespor,Bursaspor,A,2.38,3.1,3.1,2.5,3.4,2.6,2014/15,€37.15m,€80.70m
T1,29/09/2014,Gaziantepspor,Buyuksehyr,D,2.7,3.25,2.6,2.6,3.2,2.6,2014/15,€33.75m,€47.20m
T1,29/09/2014,Karabukspor,Mersin Idman Yurdu,A,1.95,3.3,4.0,2.0,3.3,3.6,2014/15,€32.83m,€24.20m
T1,03/10/2014,Mersin Idman Yurdu,Bursaspor,H,3.25,3.2,2.25,2.75,3.2,2.45,2014/15,€24.20m,€80.70m
T1,04/10/2014,Erciyesspor,Galatasaray,A,5.5,3.8,1.62,4.75,4.1,1.6,2014/15,€29.68m,€142.20m
T1,04/10/2014,Fenerbahce,Konyaspor,H,1.4,4.33,8.5,1.42,4.5,6.5,2014/15,€105.33m,€32.83m
T1,04/10/2014,Kasimpasa,Gaziantepspor,H,1.5,4.2,6.25,1.55,4.0,5.5,2014/15,€51.25m,€33.75m
T1,04/10/2014,Sivasspor,Genclerbirligi,H,2.1,3.4,3.4,2.15,3.4,3.1,2014/15,€35.90m,€46.40m
T1,05/10/2014,Balikesirspor,Besiktas,A,4.75,3.5,1.75,4.1,3.8,1.75,2014/15,€23.53m,€117.93m
T1,05/10/2014,Buyuksehyr,Akhisar Belediyespor,H,2.1,3.3,3.5,2.25,3.4,2.9,2014/15,€47.20m,€31.10m
T1,05/10/2014,Eskisehirspor,Rizespor,A,1.85,3.5,4.2,1.91,3.3,3.9,2014/15,€55.63m,€37.15m
T1,05/10/2014,Karabukspor,Trabzonspor,H,2.7,3.2,2.63,2.65,3.2,2.55,2014/15,€32.83m,€96.80m
T1,18/10/2014,Galatasaray,Fenerbahce,H,2.1,3.5,3.3,2.15,3.3,3.2,2014/15,€142.20m,€105.33m
T1,18/10/2014,Gaziantepspor,Karabukspor,H,2.63,3.3,2.6,2.65,3.1,2.6,2014/15,€33.75m,€32.83m
T1,18/10/2014,Konyaspor,Buyuksehyr,D,2.2,3.3,3.25,2.25,3.3,3.0,2014/15,€32.83m,€47.20m
T1,19/10/2014,Akhisar Belediyespor,Kasimpasa,H,2.5,3.4,2.7,2.4,3.3,2.75,2014/15,€31.10m,€51.25m
T1,19/10/2014,Besiktas,Sivasspor,H,1.62,3.75,5.5,1.67,3.5,5.0,2014/15,€117.93m,€35.90m
T1,19/10/2014,Bursaspor,Eskisehirspor,D,2.2,3.3,3.3,2.1,3.25,3.4,2014/15,€80.70m,€55.63m
T1,19/10/2014,Trabzonspor,Mersin Idman Yurdu,H,1.75,3.5,4.75,1.91,3.3,3.9,2014/15,€96.80m,€24.20m
T1,20/10/2014,Genclerbirligi,Erciyesspor,D,2.3,3.3,3.1,2.2,3.25,3.1,2014/15,€46.40m,€29.68m
T1,20/10/2014,Rizespor,Balikesirspor,D,1.8,3.4,4.75,1.9,3.3,4.0,2014/15,€37.15m,€23.53m
T1,24/10/2014,Karabukspor,Akhisar Belediyespor,H,2.2,3.25,3.3,2.2,3.3,3.1,2014/15,€32.83m,€31.10m
T1,24/10/2014,Kasimpasa,Konyaspor,H,1.7,3.6,5.0,1.8,3.4,4.33,2014/15,€51.25m,€32.83m
T1,25/10/2014,Balikesirspor,Bursaspor,A,3.4,3.4,2.1,3.2,3.3,2.15,2014/15,€23.53m,€80.70m
T1,25/10/2014,Fenerbahce,Genclerbirligi,H,1.3,5.0,10.0,1.35,4.4,9.0,2014/15,€105.33m,€46.40m
T1,25/10/2014,Sivasspor,Rizespor,A,1.85,3.4,4.33,1.95,3.4,3.6,2014/15,€35.90m,€37.15m
T1,26/10/2014,Buyuksehyr,Galatasaray,H,4.0,3.4,1.91,4.0,3.4,1.87,2014/15,€47.20m,€142.20m
T1,26/10/2014,Mersin Idman Yurdu,Eskisehirspor,H,2.88,3.3,2.4,2.85,3.25,2.4,2014/15,€24.20m,€55.63m
T1,26/10/2014,Trabzonspor,Gaziantepspor,D,1.57,3.8,6.0,1.6,3.4,6.25,2014/15,€96.80m,€33.75m
T1,27/10/2014,Erciyesspor,Besiktas,H,4.0,3.6,1.85,4.0,3.5,1.83,2014/15,€29.68m,€117.93m
T1,31/10/2014,Galatasaray,Kasimpasa,H,1.8,3.5,4.5,1.75,3.6,4.4,2014/15,€142.20m,€51.25m
T1,01/11/2014,Akhisar Belediyespor,Trabzonspor,D,2.5,3.2,2.8,2.45,3.2,2.8,2014/15,€31.10m,€96.80m
T1,01/11/2014,Bursaspor,Sivasspor,H,1.8,3.6,4.33,1.83,3.5,4.1,2014/15,€80.70m,€35.90m
T1,01/11/2014,Genclerbirligi,Buyuksehyr,H,2.7,3.2,2.6,2.6,3.2,2.6,2014/15,€46.40m,€47.20m
T1,02/11/2014,Besiktas,Fenerbahce,A,2.6,3.25,2.7,2.6,3.4,2.5,2014/15,€117.93m,€105.33m
T1,02/11/2014,Gaziantepspor,Mersin Idman Yurdu,H,2.38,3.25,3.0,2.4,3.3,2.75,2014/15,€33.75m,€24.20m
T1,02/11/2014,Rizespor,Erciyesspor,D,2.15,3.3,3.4,2.1,3.3,3.3,2014/15,€37.15m,€29.68m
T1,03/11/2014,Eskisehirspor,Balikesirspor,D,1.57,3.75,6.0,1.62,3.4,6.0,2014/15,€55.63m,€23.53m
T1,03/11/2014,Konyaspor,Karabukspor,H,2.1,3.25,3.6,2.15,3.3,3.2,2014/15,€32.83m,€32.83m
T1,07/11/2014,Gaziantepspor,Akhisar Belediyespor,H,2.4,3.2,3.0,2.45,3.2,2.8,2014/15,€33.75m,€31.10m
T1,07/11/2014,Sivasspor,Eskisehirspor,D,2.5,3.25,2.8,2.4,3.25,2.8,2014/15,€35.90m,€55.63m
T1,08/11/2014,Fenerbahce,Rizespor,H,1.36,4.75,8.5,1.35,4.5,8.5,2014/15,€105.33m,€37.15m
T1,08/11/2014,Karabukspor,Galatasaray,A,3.8,3.3,2.0,3.25,3.25,2.15,2014/15,€32.83m,€142.20m
T1,08/11/2014,Mersin Idman Yurdu,Balikesirspor,H,1.8,3.5,4.5,1.85,3.4,4.1,2014/15,€24.20m,€23.53m
T1,09/11/2014,Buyuksehyr,Besiktas,A,2.8,3.25,2.5,2.95,3.0,2.45,2014/15,€47.20m,€117.93m
T1,09/11/2014,Erciyesspor,Bursaspor,D,2.88,3.3,2.4,2.8,3.1,2.5,2014/15,€29.68m,€80.70m
T1,09/11/2014,Kasimpasa,Genclerbirligi,D,1.5,4.0,7.0,1.55,3.7,6.0,2014/15,€51.25m,€46.40m
T1,09/11/2014,Trabzonspor,Konyaspor,H,1.67,3.6,5.25,1.75,3.5,4.5,2014/15,€96.80m,€32.83m
T1,22/11/2014,Akhisar Belediyespor,Mersin Idman Yurdu,D,2.0,3.3,3.8,2.05,3.25,3.5,2014/15,€31.10m,€24.20m
T1,22/11/2014,Galatasaray,Trabzonspor,A,1.8,3.6,4.33,1.83,3.5,4.1,2014/15,€142.20m,€96.80m
T1,22/11/2014,Rizespor,Buyuksehyr,A,2.88,3.2,2.45,2.7,3.1,2.6,2014/15,€37.15m,€47.20m
T1,23/11/2014,Besiktas,Kasimpasa,H,2.0,3.5,3.6,2.05,3.3,3.4,2014/15,€117.93m,€51.25m
T1,23/11/2014,Eskisehirspor,Erciyesspor,H,1.8,3.5,4.5,1.9,3.4,3.9,2014/15,€55.63m,€29.68m
T1,23/11/2014,Genclerbirligi,Karabukspor,D,2.3,3.25,3.1,2.3,3.1,3.1,2014/15,€46.40m,€32.83m
T1,23/11/2014,Konyaspor,Gaziantepspor,H,1.8,3.5,4.5,1.87,3.2,4.25,2014/15,€32.83m,€33.75m
T1,24/11/2014,Balikesirspor,Sivasspor,A,2.55,3.4,2.63,2.45,3.3,2.7,2014/15,€23.53m,€35.90m
T1,24/11/2014,Bursaspor,Fenerbahce,D,2.8,3.4,2.4,3.1,3.25,2.2,2014/15,€80.70m,€105.33m
T1,28/11/2014,Akhisar Belediyespor,Konyaspor,D,2.2,3.25,3.25,2.3,3.3,3.4,2014/15,€31.10m,€32.83m
T1,28/11/2014,Buyuksehyr,Bursaspor,D,2.2,3.3,3.3,2.4,3.25,3.25,2014/15,€47.20m,€80.70m
T1,29/11/2014,Erciyesspor,Balikesirspor,H,1.57,4.0,5.5,1.57,4.0,5.25,2014/15,€29.68m,€23.53m
T1,29/11/2014,Gaziantepspor,Galatasaray,A,4.33,3.5,1.83,4.1,3.6,1.8,2014/15,€33.75m,€142.20m
T1,29/11/2014,Kasimpasa,Rizespor,H,1.57,3.75,6.0,1.55,3.8,5.75,2014/15,€51.25m,€37.15m
T1,30/11/2014,Fenerbahce,Eskisehirspor,D,1.4,4.5,7.5,1.4,4.4,7.25,2014/15,€105.33m,€55.63m
T1,30/11/2014,Mersin Idman Yurdu,Sivasspor,H,2.4,3.2,3.0,2.3,3.2,3.0,2014/15,€24.20m,€35.90m
T1,01/12/2014,Karabukspor,Besiktas,A,3.3,3.5,2.1,3.4,3.4,2.05,2014/15,€32.83m,€117.93m
T1,01/12/2014,Trabzonspor,Genclerbirligi,H,1.5,4.0,7.0,1.5,3.9,6.5,2014/15,€96.80m,€46.40m
T1,06/12/2014,Balikesirspor,Fenerbahce,A,7.0,4.33,1.44,6.75,4.5,1.4,2014/15,€23.53m,€105.33m
T1,06/12/2014,Galatasaray,Akhisar Belediyespor,H,1.33,5.0,8.5,1.36,4.5,8.0,2014/15,€142.20m,€31.10m
T1,06/12/2014,Genclerbirligi,Gaziantepspor,H,2.25,3.2,3.25,2.2,3.1,3.3,2014/15,€46.40m,€33.75m
T1,06/12/2014,Konyaspor,Mersin Idman Yurdu,H,1.85,3.4,4.33,2.0,3.3,3.6,2014/15,€32.83m,€24.20m
T1,07/12/2014,Besiktas,Trabzonspor,H,2.05,3.4,3.5,2.15,3.3,3.25,2014/15,€117.93m,€96.80m
T1,07/12/2014,Bursaspor,Kasimpasa,H,2.2,3.3,3.25,2.15,3.2,3.3,2014/15,€80.70m,€51.25m
T1,07/12/2014,Eskisehirspor,Buyuksehyr,A,2.0,3.2,4.0,2.05,3.2,3.6,2014/15,€55.63m,€47.20m
T1,07/12/2014,Rizespor,Karabukspor,A,2.55,3.2,2.8,2.5,3.0,2.85,2014/15,€37.15m,€32.83m
T1,08/12/2014,Sivasspor,Erciyesspor,D,2.0,3.4,3.75,1.9,3.4,3.9,2014/15,€35.90m,€29.68m
T1,12/12/2014,Fenerbahce,Sivasspor,H,1.3,5.25,10.0,1.3,5.25,8.5,2014/15,€105.33m,€35.90m
T1,13/12/2014,Akhisar Belediyespor,Genclerbirligi,D,1.85,3.6,4.0,1.85,3.4,4.0,2014/15,€31.10m,€46.40m
T1,13/12/2014,Buyuksehyr,Balikesirspor,H,1.3,5.0,10.0,1.35,4.2,10.0,2014/15,€47.20m,€23.53m
T1,13/12/2014,Kasimpasa,Eskisehirspor,H,2.0,3.4,3.7,2.0,3.3,3.6,2014/15,€51.25m,€55.63m
T1,13/12/2014,Konyaspor,Galatasaray,A,3.75,3.3,2.0,3.6,3.3,2.0,2014/15,€32.83m,€142.20m
T1,14/12/2014,Gaziantepspor,Besiktas,A,4.75,3.6,1.75,4.75,3.3,1.75,2014/15,€33.75m,€117.93m
T1,14/12/2014,Karabukspor,Bursaspor,H,2.7,3.3,2.55,2.65,3.1,2.65,2014/15,€32.83m,€80.70m
T1,14/12/2014,Mersin Idman Yurdu,Erciyesspor,D,2.0,3.25,3.9,2.15,3.25,3.3,2014/15,€24.20m,€29.68m
T1,15/12/2014,Trabzonspor,Rizespor,H,1.33,5.0,8.5,1.42,4.0,8.0,2014/15,€96.80m,€37.15m
T1,19/12/2014,Erciyesspor,Fenerbahce,A,5.75,3.8,1.6,5.0,3.75,1.62,2014/15,€29.68m,€105.33m
T1,20/12/2014,Eskisehirspor,Karabukspor,D,2.0,3.2,4.0,2.1,3.1,3.6,2014/15,€55.63m,€32.83m
T1,20/12/2014,Galatasaray,Mersin Idman Yurdu,H,1.4,4.5,7.5,1.42,4.33,7.0,2014/15,€142.20m,€24.20m
T1,20/12/2014,Genclerbirligi,Konyaspor,H,2.5,3.1,2.9,2.3,3.2,3.0,2014/15,€46.40m,€32.83m
T1,20/12/2014,Sivasspor,Buyuksehyr,A,2.75,3.25,2.55,2.75,3.2,2.45,2014/15,€35.90m,€47.20m
T1,21/12/2014,Balikesirspor,Kasimpasa,H,4.75,3.6,1.75,4.25,3.5,1.78,2014/15,€23.53m,€51.25m
T1,21/12/2014,Besiktas,Akhisar Belediyespor,H,1.44,4.33,7.0,1.4,4.25,7.5,2014/15,€117.93m,€31.10m
T1,21/12/2014,Bursaspor,Trabzonspor,D,2.4,3.5,2.75,2.4,3.3,2.75,2014/15,€80.70m,€96.80m
T1,22/12/2014,Rizespor,Gaziantepspor,A,2.0,3.4,3.75,2.1,3.3,3.3,2014/15,€37.15m,€33.75m
T1,26/12/2014,Genclerbirligi,Galatasaray,D,4.0,3.6,1.85,3.9,3.5,1.85,2014/15,€46.40m,€142.20m
T1,27/12/2014,Buyuksehyr,Erciyesspor,H,1.73,3.5,5.0,1.73,3.5,4.75,2014/15,€47.20m,€29.68m
T1,27/12/2014,Fenerbahce,Mersin Idman Yurdu,H,1.33,5.0,9.0,1.35,4.75,7.75,2014/15,€105.33m,€24.20m
T1,27/12/2014,Karabukspor,Balikesirspor,A,1.53,4.0,6.0,1.55,3.75,6.0,2014/15,€32.83m,€23.53m
T1,28/12/2014,Akhisar Belediyespor,Rizespor,A,1.85,3.6,4.0,1.87,3.5,3.8,2014/15,€31.10m,€37.15m
T1,28/12/2014,Gaziantepspor,Bursaspor,A,2.88,3.25,2.45,2.75,3.2,2.5,2014/15,€33.75m,€80.70m
T1,28/12/2014,Kasimpasa,Sivasspor,D,1.67,3.75,5.0,1.75,3.5,4.4,2014/15,€51.25m,€35.90m
T1,28/12/2014,Konyaspor,Besiktas,A,4.0,3.5,1.91,3.7,3.4,1.95,2014/15,€32.83m,€117.93m
T1,29/12/2014,Trabzonspor,Eskisehirspor,A,1.73,3.6,4.75,1.75,3.6,4.4,2014/15,€96.80m,€55.63m
T1,03/01/2015,Bursaspor,Akhisar Belediyespor,H,1.62,3.8,5.5,1.67,3.6,5.0,2014/15,€80.70m,€31.10m
T1,03/01/2015,Fenerbahce,Buyuksehyr,H,1.62,3.8,5.5,1.55,4.0,5.5,2014/15,€105.33m,€47.20m
T1,03/01/2015,Rizespor,Konyaspor,D,2.3,3.3,3.1,2.4,3.3,2.75,2014/15,€37.15m,€32.83m
T1,04/01/2015,Besiktas,Galatasaray,A,2.4,3.2,3.0,2.4,3.1,2.9,2014/15,€117.93m,€142.20m
T1,04/01/2015,Erciyesspor,Kasimpasa,A,2.75,3.25,2.55,2.55,3.3,2.6,2014/15,€29.68m,€51.25m
T1,04/01/2015,Eskisehirspor,Gaziantepspor,A,1.75,3.6,4.6,1.8,3.4,4.33,2014/15,€55.63m,€33.75m
T1,04/01/2015,Sivasspor,Karabukspor,H,2.2,3.3,3.25,2.15,3.3,3.2,2014/15,€35.90m,€32.83m
T1,05/01/2015,Balikesirspor,Trabzonspor,D,4.0,3.6,1.85,4.2,3.5,1.8,2014/15,€23.53m,€96.80m
T1,05/01/2015,Mersin Idman Yurdu,Genclerbirligi,D,2.4,3.3,2.9,2.2,3.25,3.1,2014/15,€24.20m,€46.40m
T1,23/01/2015,Konyaspor,Bursaspor,A,2.88,3.3,2.4,2.7,3.1,2.6,2014/15,€32.83m,€80.70m
T1,23/01/2015,Trabzonspor,Sivasspor,H,1.75,3.6,4.5,1.75,3.8,4.0,2014/15,€96.80m,€35.90m
T1,24/01/2015,Akhisar Belediyespor,Eskisehirspor,D,2.88,3.3,2.4,2.6,3.2,2.6,2014/15,€31.10m,€55.63m
T1,24/01/2015,Buyuksehyr,Mersin Idman Yurdu,D,1.62,3.75,5.5,1.67,3.7,4.75,2014/15,€47.20m,€24.20m
T1,24/01/2015,Gaziantepspor,Balikesirspor,H,1.75,3.75,4.5,1.72,3.5,4.6,2014/15,€33.75m,€23.53m
T1,24/01/2015,Kasimpasa,Fenerbahce,A,2.9,3.2,2.45,2.95,3.4,2.25,2014/15,€51.25m,€105.33m
T1,25/01/2015,Galatasaray,Rizespor,H,1.33,5.0,8.5,1.3,5.25,8.5,2014/15,€142.20m,€37.15m
T1,25/01/2015,Karabukspor,Erciyesspor,A,1.83,3.75,4.0,1.91,3.6,3.6,2014/15,€32.83m,€29.68m
T1,26/01/2015,Genclerbirligi,Besiktas,A,3.5,3.4,2.05,3.5,3.25,2.05,2014/15,€46.40m,€117.93m
T1,30/01/2015,Akhisar Belediyespor,Balikesirspor,D,1.73,3.5,5.0,1.7,3.6,4.6,2014/15,€31.10m,€23.53m
T1,30/01/2015,Trabzonspor,Erciyesspor,H,1.55,3.75,6.0,1.6,3.7,5.5,2014/15,€96.80m,€29.68m
T1,31/01/2015,Gaziantepspor,Sivasspor,A,2.5,3.3,2.75,2.45,3.2,2.8,2014/15,€33.75m,€35.90m
T1,31/01/2015,Karabukspor,Fenerbahce,A,4.5,3.5,1.8,4.2,3.4,1.83,2014/15,€32.83m,€105.33m
T1,31/01/2015,Kasimpasa,Buyuksehyr,A,2.1,3.4,3.4,2.1,3.4,3.2,2014/15,€51.25m,€47.20m
T1,01/02/2015,Besiktas,Mersin Idman Yurdu,H,1.36,4.5,9.0,1.36,4.33,8.5,2014/15,€117.93m,€24.20m
T1,01/02/2015,Galatasaray,Bursaspor,D,1.75,3.4,5.0,1.78,3.5,4.33,2014/15,€142.20m,€80.70m
T1,01/02/2015,Genclerbirligi,Rizespor,A,2.15,3.4,3.3,2.0,3.3,3.6,2014/15,€46.40m,€37.15m
T1,01/02/2015,Konyaspor,Eskisehirspor,H,2.38,3.3,2.9,2.35,3.2,2.9,2014/15,€32.83m,€55.63m
T1,06/02/2015,Buyuksehyr,Karabukspor,D,1.75,3.6,4.75,1.72,3.5,4.6,2014/15,€47.20m,€32.83m
T1,07/02/2015,Erciyesspor,Gaziantepspor,A,2.1,3.3,3.5,2.2,3.2,3.2,2014/15,€29.68m,€33.75m
T1,07/02/2015,Fenerbahce,Trabzonspor,D,1.75,3.75,4.33,1.78,3.7,4.1,2014/15,€105.33m,€96.80m
T1,07/02/2015,Sivasspor,Akhisar Belediyespor,H,1.85,3.6,4.0,1.87,3.4,4.0,2014/15,€35.90m,€31.10m
T1,08/02/2015,Balikesirspor,Konyaspor,A,2.9,3.3,2.38,2.7,3.3,2.45,2014/15,€23.53m,€32.83m
T1,08/02/2015,Bursaspor,Genclerbirligi,H,1.45,4.2,7.5,1.5,4.1,5.75,2014/15,€80.70m,€46.40m
T1,08/02/2015,Mersin Idman Yurdu,Kasimpasa,H,2.9,3.3,2.4,2.85,3.2,2.4,2014/15,€24.20m,€51.25m
T1,08/02/2015,Rizespor,Besiktas,A,4.0,3.5,1.91,3.7,3.25,2.0,2014/15,€37.15m,€117.93m
T1,09/02/2015,Eskisehirspor,Galatasaray,A,3.1,3.4,2.25,3.0,3.2,2.3,2014/15,€55.63m,€142.20m
T1,14/02/2015,Akhisar Belediyespor,Erciyesspor,H,2.25,3.25,3.2,2.05,3.3,3.4,2014/15,€31.10m,€29.68m
T1,14/02/2015,Gaziantepspor,Fenerbahce,A,5.0,3.6,1.7,4.1,3.8,1.75,2014/15,€33.75m,€105.33m
T1,14/02/2015,Karabukspor,Kasimpasa,D,2.4,3.25,2.9,2.5,3.2,2.7,2014/15,€32.83m,€51.25m
T1,15/02/2015,Besiktas,Bursaspor,H,2.0,3.4,3.7,2.0,3.4,3.5,2014/15,€117.93m,€80.70m
T1,15/02/2015,Konyaspor,Sivasspor,A,2.25,3.25,3.2,2.45,3.25,2.75,2014/15,€32.83m,€35.90m
T1,15/02/2015,Rizespor,Mersin Idman Yurdu,A,2.38,3.25,3.0,2.3,3.25,2.95,2014/15,€37.15m,€24.20m
T1,15/02/2015,Trabzonspor,Buyuksehyr,H,2.1,3.3,3.5,2.0,3.4,3.5,2014/15,€96.80m,€47.20m
T1,16/02/2015,Galatasaray,Balikesirspor,H,1.22,6.0,13.0,1.22,6.0,10.5,2014/15,€142.20m,€23.53m
T1,16/02/2015,Genclerbirligi,Eskisehirspor,A,2.6,3.2,2.7,2.35,3.2,2.9,2014/15,€46.40m,€55.63m
T1,20/02/2015,Erciyesspor,Konyaspor,H,2.4,3.25,2.9,2.55,2.9,2.95,2014/15,€29.68m,€32.83m
T1,21/02/2015,Bursaspor,Rizespor,D,1.4,4.5,7.5,1.45,4.25,6.25,2014/15,€80.70m,€37.15m
T1,21/02/2015,Buyuksehyr,Gaziantepspor,H,1.62,3.6,6.0,1.62,3.6,5.5,2014/15,€47.20m,€33.75m
T1,21/02/2015,Sivasspor,Galatasaray,A,3.1,3.3,2.3,3.25,3.25,2.15,2014/15,€35.90m,€142.20m
T1,22/02/2015,Balikesirspor,Genclerbirligi,A,2.75,3.3,2.5,2.65,3.2,2.55,2014/15,€23.53m,€46.40m
T1,22/02/2015,Eskisehirspor,Besiktas,H,3.25,3.3,2.2,3.25,3.25,2.15,2014/15,€55.63m,€117.93m
T1,22/02/2015,Kasimpasa,Trabzonspor,D,2.2,3.4,3.2,2.25,3.3,3.0,2014/15,€51.25m,€96.80m
T1,22/02/2015,Mersin Idman Yurdu,Karabukspor,H,2.15,3.25,3.4,2.25,3.2,3.1,2014/15,€24.20m,€32.83m
T1,23/02/2015,Fenerbahce,Akhisar Belediyespor,A,1.29,5.5,9.5,1.28,5.25,9.5,2014/15,€105.33m,€31.10m
T1,27/02/2015,Galatasaray,Erciyesspor,H,1.4,4.5,7.0,1.4,4.5,7.0,2014/15,€142.20m,€29.68m
T1,28/02/2015,Genclerbirligi,Sivasspor,D,2.63,3.3,2.63,2.5,3.2,2.7,2014/15,€46.40m,€35.90m
T1,28/02/2015,Konyaspor,Fenerbahce,D,4.5,3.8,1.73,4.25,3.6,1.75,2014/15,€32.83m,€105.33m
T1,28/02/2015,Rizespor,Eskisehirspor,H,2.6,3.25,2.7,2.45,3.1,2.85,2014/15,€37.15m,€55.63m
T1,01/03/2015,Akhisar Belediyespor,Buyuksehyr,A,3.0,3.4,2.3,2.9,3.2,2.35,2014/15,€31.10m,€47.20m
T1,01/03/2015,Besiktas,Balikesirspor,D,1.3,5.25,9.5,1.33,4.6,9.0,2014/15,€117.93m,€23.53m
T1,01/03/2015,Bursaspor,Mersin Idman Yurdu,H,1.57,4.0,5.75,1.6,4.0,5.0,2014/15,€80.70m,€24.20m
T1,01/03/2015,Gaziantepspor,Kasimpasa,A,2.9,3.3,2.38,2.85,3.1,2.45,2014/15,€33.75m,€51.25m
T1,02/03/2015,Trabzonspor,Karabukspor,H,1.8,3.75,4.2,1.75,3.6,4.25,2014/15,€96.80m,€32.83m
T1,06/03/2015,Kasimpasa,Akhisar Belediyespor,D,1.67,3.75,5.0,1.72,3.6,4.6,2014/15,€51.25m,€31.10m
T1,07/03/2015,Balikesirspor,Rizespor,D,2.8,3.25,2.5,2.8,3.1,2.5,2014/15,€23.53m,€37.15m
T1,07/03/2015,Erciyesspor,Genclerbirligi,A,2.1,3.25,3.75,2.15,3.25,3.25,2014/15,€29.68m,€46.40m
T1,07/03/2015,Eskisehirspor,Bursaspor,D,2.9,3.25,2.4,2.75,3.2,2.45,2014/15,€55.63m,€80.70m
T1,08/03/2015,Buyuksehyr,Konyaspor,D,1.75,3.5,4.75,1.78,3.5,4.25,2014/15,€47.20m,€32.83m
T1,08/03/2015,Fenerbahce,Galatasaray,H,1.75,3.75,4.33,1.91,3.6,3.75,2014/15,€105.33m,€142.20m
T1,08/03/2015,Karabukspor,Gaziantepspor,D,1.91,3.4,4.0,2.0,3.25,3.7,2014/15,€32.83m,€33.75m
T1,08/03/2015,Sivasspor,Besiktas,A,2.75,3.3,2.5,2.8,3.2,2.45,2014/15,€35.90m,€117.93m
T1,09/03/2015,Mersin Idman Yurdu,Trabzonspor,A,2.9,3.4,2.3,2.8,3.3,2.4,2014/15,€24.20m,€96.80m
T1,13/03/2015,Bursaspor,Balikesirspor,H,1.3,5.0,11.0,1.34,4.75,8.25,2014/15,€80.70m,€23.53m
T1,13/03/2015,Konyaspor,Kasimpasa,H,2.7,3.25,2.6,2.65,3.2,2.55,2014/15,€32.83m,€51.25m
T1,14/03/2015,Akhisar Belediyespor,Karabukspor,H,2.63,3.2,2.7,2.5,3.1,2.8,2014/15,€31.10m,€32.83m
T1,14/03/2015,Galatasaray,Buyuksehyr,D,1.73,3.6,4.75,1.78,3.6,4.2,2014/15,€142.20m,€47.20m
T1,14/03/2015,Rizespor,Sivasspor,H,2.4,3.25,2.9,2.5,3.2,2.7,2014/15,€37.15m,€35.90m
T1,15/03/2015,Besiktas,Erciyesspor,H,1.44,4.5,6.5,1.45,4.0,7.0,2014/15,€117.93m,€29.68m
T1,15/03/2015,Eskisehirspor,Mersin Idman Yurdu,H,1.91,3.6,3.8,1.87,3.4,4.0,2014/15,€55.63m,€24.20m
T1,15/03/2015,Genclerbirligi,Fenerbahce,H,6.0,3.8,1.57,5.5,3.7,1.6,2014/15,€46.40m,€105.33m
T1,16/03/2015,Gaziantepspor,Trabzonspor,H,3.6,3.5,2.0,3.4,3.25,2.1,2014/15,€33.75m,€96.80m
T1,20/03/2015,Balikesirspor,Eskisehirspor,H,3.6,3.4,2.05,3.4,3.2,2.1,2014/15,€23.53m,€55.63m
T1,20/03/2015,Karabukspor,Konyaspor,A,2.1,3.4,3.4,2.1,3.2,3.4,2014/15,€32.83m,€32.83m
T1,21/03/2015,Erciyesspor,Rizespor,A,2.5,3.25,2.8,2.4,3.2,2.85,2014/15,€29.68m,€37.15m
T1,21/03/2015,Kasimpasa,Galatasaray,A,2.88,3.2,2.5,2.75,3.3,2.4,2014/15,€51.25m,€142.20m
T1,21/03/2015,Mersin Idman Yurdu,Gaziantepspor,A,1.95,3.5,3.8,1.95,3.25,3.8,2014/15,€24.20m,€33.75m
T1,21/03/2015,Sivasspor,Bursaspor,H,3.1,3.4,2.25,2.75,3.3,2.4,2014/15,€35.90m,€80.70m
T1,22/03/2015,Buyuksehyr,Genclerbirligi,H,1.73,3.5,5.0,1.75,3.5,4.5,2014/15,€47.20m,€46.40m
T1,22/03/2015,Fenerbahce,Besiktas,H,1.7,3.6,5.0,1.75,3.7,4.25,2014/15,€105.33m,€117.93m
T1,22/03/2015,Trabzonspor,Akhisar Belediyespor,H,1.65,3.8,5.25,1.67,3.7,4.75,2014/15,€96.80m,€31.10m
T1,04/04/2015,Balikesirspor,Mersin Idman Yurdu,A,2.9,3.3,2.38,2.85,3.3,2.35,2014/15,€23.53m,€24.20m
T1,04/04/2015,Eskisehirspor,Sivasspor,A,2.2,3.3,3.3,2.1,3.4,3.25,2014/15,€55.63m,€35.90m
T1,04/04/2015,Genclerbirligi,Kasimpasa,H,2.63,3.3,2.63,2.5,3.25,2.7,2014/15,€46.40m,€51.25m
T1,04/04/2015,Rizespor,Fenerbahce,A,5.0,3.75,1.67,4.75,3.75,1.67,2014/15,€37.15m,€105.33m
T1,05/04/2015,Akhisar Belediyespor,Gaziantepspor,H,2.1,3.4,3.4,2.05,3.25,3.5,2014/15,€31.10m,€33.75m
T1,05/04/2015,Bursaspor,Erciyesspor,H,1.5,4.33,6.0,1.55,4.2,5.0,2014/15,€80.70m,€29.68m
T1,05/04/2015,Galatasaray,Karabukspor,H,1.4,4.75,7.0,1.4,4.6,6.75,2014/15,€142.20m,€32.83m
T1,05/04/2015,Konyaspor,Trabzonspor,H,2.63,3.3,2.63,2.7,3.3,2.45,2014/15,€32.83m,€96.80m
T1,06/04/2015,Besiktas,Buyuksehyr,D,1.83,3.5,4.33,1.8,3.5,4.2,2014/15,€117.93m,€47.20m
T1,17/04/2015,Gaziantepspor,Konyaspor,D,2.6,3.2,2.7,2.45,3.2,2.8,2014/15,€33.75m,€32.83m
T1,18/04/2015,Karabukspor,Genclerbirligi,H,2.0,3.3,3.8,2.0,3.4,3.5,2014/15,€32.83m,€46.40m
T1,18/04/2015,Kasimpasa,Besiktas,A,3.0,3.25,2.38,2.85,3.3,2.35,2014/15,€51.25m,€117.93m
T1,19/04/2015,Buyuksehyr,Rizespor,H,1.75,3.6,4.75,1.75,3.6,4.33,2014/15,€47.20m,€37.15m
T1,19/04/2015,Erciyesspor,Eskisehirspor,A,2.9,3.25,2.4,2.75,3.2,2.45,2014/15,€29.68m,€55.63m
T1,19/04/2015,Sivasspor,Balikesirspor,D,1.53,4.0,6.0,1.55,4.0,5.5,2014/15,€35.90m,€23.53m
T1,19/04/2015,Trabzonspor,Galatasaray,H,2.5,3.5,2.63,2.65,3.3,2.5,2014/15,€96.80m,€142.20m
T1,20/04/2015,Fenerbahce,Bursaspor,H,1.62,4.0,5.0,1.57,3.9,5.25,2014/15,€105.33m,€80.70m
T1,20/04/2015,Mersin Idman Yurdu,Akhisar Belediyespor,D,2.2,3.3,3.25,2.15,3.3,3.2,2014/15,€24.20m,€31.10m
T1,24/04/2015,Sivasspor,Mersin Idman Yurdu,A,1.91,3.6,3.8,1.9,3.2,4.1,2014/15,€35.90m,€24.20m
T1,25/04/2015,Bursaspor,Buyuksehyr,H,2.0,3.5,3.6,2.05,3.4,3.3,2014/15,€80.70m,€47.20m
T1,25/04/2015,Eskisehirspor,Fenerbahce,D,4.33,3.75,1.75,4.5,3.3,1.8,2014/15,€55.63m,€105.33m
T1,25/04/2015,Rizespor,Kasimpasa,A,2.3,3.5,2.88,2.35,3.2,2.9,2014/15,€37.15m,€51.25m
T1,26/04/2015,Balikesirspor,Erciyesspor,D,2.3,3.4,3.0,2.45,3.2,2.8,2014/15,€23.53m,€29.68m
T1,26/04/2015,Galatasaray,Gaziantepspor,H,1.3,5.25,9.5,1.3,5.0,9.0,2014/15,€142.20m,€33.75m
T1,26/04/2015,Genclerbirligi,Trabzonspor,D,3.2,3.5,2.15,3.2,3.2,2.2,2014/15,€46.40m,€96.80m
T1,26/04/2015,Konyaspor,Akhisar Belediyespor,H,2.0,3.5,3.6,2.1,3.2,3.4,2014/15,€32.83m,€31.10m
T1,27/04/2015,Besiktas,Karabukspor,H,1.5,4.33,6.0,1.5,4.0,6.0,2014/15,€117.93m,€32.83m
T1,02/05/2015,Buyuksehyr,Eskisehirspor,D,1.83,3.6,4.2,1.87,3.3,4.1,2014/15,€47.20m,€55.63m
T1,02/05/2015,Fenerbahce,Balikesirspor,H,1.17,6.5,17.0,1.17,6.5,14.5,2014/15,€105.33m,€23.53m
T1,02/05/2015,Karabukspor,Rizespor,H,1.91,3.6,3.8,2.0,3.3,3.6,2014/15,€32.83m,€37.15m
T1,02/05/2015,Mersin Idman Yurdu,Konyaspor,H,2.2,3.3,3.3,2.2,3.1,3.25,2014/15,€24.20m,€32.83m
T1,03/05/2015,Gaziantepspor,Genclerbirligi,A,2.5,3.3,2.75,2.35,3.2,2.95,2014/15,€33.75m,€46.40m
T1,03/05/2015,Kasimpasa,Bursaspor,H,2.75,3.4,2.45,2.6,3.4,2.5,2014/15,€51.25m,€80.70m
T1,03/05/2015,Trabzonspor,Besiktas,A,2.55,3.3,2.7,2.55,3.25,2.65,2014/15,€96.80m,€117.93m
T1,04/05/2015,Akhisar Belediyespor,Galatasaray,A,4.0,3.6,1.85,4.1,3.4,1.85,2014/15,€31.10m,€142.20m
T1,04/05/2015,Erciyesspor,Sivasspor,A,2.88,3.4,2.38,2.8,3.3,2.4,2014/15,€29.68m,€35.90m
T1,08/05/2015,Erciyesspor,Mersin Idman Yurdu,D,2.8,3.4,2.45,2.75,3.2,2.45,2014/15,€29.68m,€24.20m
T1,08/05/2015,Eskisehirspor,Kasimpasa,H,2.38,3.3,2.9,2.25,3.2,3.1,2014/15,€55.63m,€51.25m
T1,08/05/2015,Galatasaray,Konyaspor,H,1.2,6.5,13.0,1.2,6.25,11.5,2014/15,€142.20m,€32.83m
T1,09/05/2015,Balikesirspor,Buyuksehyr,A,5.5,3.6,1.67,5.0,3.4,1.7,2014/15,€23.53m,€47.20m
T1,09/05/2015,Bursaspor,Karabukspor,H,1.73,3.6,4.75,1.65,3.9,4.6,2014/15,€80.70m,€32.83m
T1,09/05/2015,Genclerbirligi,Akhisar Belediyespor,D,1.91,3.4,4.0,1.91,3.25,4.0,2014/15,€46.40m,€31.10m
T1,09/05/2015,Sivasspor,Fenerbahce,A,4.75,3.75,1.7,4.75,3.5,1.7,2014/15,€35.90m,€105.33m
T1,10/05/2015,Besiktas,Gaziantepspor,D,1.22,6.0,12.0,1.26,5.75,8.75,2014/15,€117.93m,€33.75m
T1,10/05/2015,Rizespor,Trabzonspor,A,3.1,3.4,2.25,3.1,3.2,2.25,2014/15,€37.15m,€96.80m
T1,12/05/2015,Buyuksehyr,Sivasspor,H,1.55,4.0,6.0,1.57,3.8,5.5,2014/15,€47.20m,€35.90m
T1,12/05/2015,Karabukspor,Eskisehirspor,D,1.83,3.75,4.0,1.83,3.4,4.1,2014/15,€32.83m,€55.63m
T1,12/05/2015,Kasimpasa,Balikesirspor,A,1.44,4.5,6.5,1.5,4.25,5.5,2014/15,€51.25m,€23.53m
T1,12/05/2015,Konyaspor,Genclerbirligi,H,2.2,3.3,3.25,2.15,3.2,3.3,2014/15,€32.83m,€46.40m
T1,12/05/2015,Mersin Idman Yurdu,Galatasaray,A,5.75,4.33,1.45,6.0,4.5,1.44,2014/15,€24.20m,€142.20m
T1,13/05/2015,Fenerbahce,Erciyesspor,D,1.13,8.5,17.0,1.14,7.75,13.5,2014/15,€105.33m,€29.68m
T1,13/05/2015,Gaziantepspor,Rizespor,A,2.88,3.3,2.4,2.9,3.3,2.3,2014/15,€33.75m,€37.15m
T1,13/05/2015,Trabzonspor,Bursaspor,H,2.38,3.4,2.88,2.35,3.3,2.85,2014/15,€96.80m,€80.70m
T1,14/05/2015,Akhisar Belediyespor,Besiktas,D,6.5,4.2,1.5,6.25,4.25,1.45,2014/15,€31.10m,€117.93m
T1,16/05/2015,Balikesirspor,Karabukspor,H,4.2,3.75,1.8,3.8,3.7,1.83,2014/15,€23.53m,€32.83m
T1,16/05/2015,Galatasaray,Genclerbirligi,H,1.22,6.5,11.0,1.25,5.5,10.0,2014/15,€142.20m,€46.40m
T1,16/05/2015,Sivasspor,Kasimpasa,D,2.4,3.5,2.8,2.35,3.4,2.75,2014/15,€35.90m,€51.25m
T1,17/05/2015,Bursaspor,Gaziantepspor,H,1.36,4.75,9.0,1.4,4.6,6.75,2014/15,€80.70m,€33.75m
T1,17/05/2015,Erciyesspor,Buyuksehyr,A,5.5,4.0,1.57,5.0,4.0,1.6,2014/15,€29.68m,€47.20m
T1,17/05/2015,Eskisehirspor,Trabzonspor,H,3.8,3.6,1.91,3.5,3.6,1.95,2014/15,€55.63m,€96.80m
T1,17/05/2015,Mersin Idman Yurdu,Fenerbahce,A,7.5,5.0,1.36,7.5,4.75,1.36,2014/15,€24.20m,€105.33m
T1,18/05/2015,Besiktas,Konyaspor,A,1.2,6.0,15.0,1.17,6.5,13.5,2014/15,€117.93m,€32.83m
T1,18/05/2015,Rizespor,Akhisar Belediyespor,H,2.0,3.5,3.6,2.05,3.4,3.3,2014/15,€37.15m,€31.10m
T1,22/05/2015,Genclerbirligi,Mersin Idman Yurdu,A,2.1,3.4,3.4,2.15,3.3,3.2,2014/15,€46.40m,€24.20m
T1,23/05/2015,Kasimpasa,Erciyesspor,D,1.5,4.33,6.0,1.53,4.1,5.5,2014/15,€51.25m,€29.68m
T1,23/05/2015,Konyaspor,Rizespor,D,1.91,3.4,4.0,1.95,3.4,3.7,2014/15,€32.83m,€37.15m
T1,23/05/2015,Trabzonspor,Balikesirspor,H,1.33,5.0,8.5,1.33,5.0,7.75,2014/15,€96.80m,€23.53m
T1,24/05/2015,Galatasaray,Besiktas,H,1.85,3.75,3.9,1.91,3.4,3.8,2014/15,€142.20m,€117.93m
T1,24/05/2015,Gaziantepspor,Eskisehirspor,H,2.75,3.25,2.55,2.7,3.2,2.5,2014/15,€33.75m,€55.63m
T1,24/05/2015,Karabukspor,Sivasspor,H,2.5,3.5,2.63,2.65,3.3,2.5,2014/15,€32.83m,€35.90m
T1,25/05/2015,Akhisar Belediyespor,Bursaspor,A,5.0,3.75,1.67,4.5,3.8,1.67,2014/15,€31.10m,€80.70m
T1,25/05/2015,Buyuksehyr,Fenerbahce,D,3.3,3.25,2.2,3.2,3.3,2.15,2014/15,€47.20m,€105.33m
T1,29/05/2015,Balikesirspor,Gaziantepspor,D,2.25,3.75,2.8,2.2,3.6,2.85,2014/15,€23.53m,€33.75m
T1,29/05/2015,Besiktas,Genclerbirligi,H,1.95,3.8,3.4,2.0,3.5,3.4,2014/15,€117.93m,€46.40m
T1,29/05/2015,Erciyesspor,Karabukspor,H,2.45,3.5,2.7,2.55,3.4,2.55,2014/15,€29.68m,€32.83m
T1,29/05/2015,Eskisehirspor,Akhisar Belediyespor,A,1.8,3.75,4.2,1.9,3.4,3.9,2014/15,€55.63m,€31.10m
T1,30/05/2015,Bursaspor,Konyaspor,D,1.4,4.75,7.0,1.36,4.75,7.5,2014/15,€80.70m,€32.83m
T1,30/05/2015,Fenerbahce,Kasimpasa,H,1.8,3.6,4.33,1.8,3.8,3.8,2014/15,€105.33m,€51.25m
T1,30/05/2015,Mersin Idman Yurdu,Buyuksehyr,D,6.0,4.33,1.5,6.0,4.0,1.5,2014/15,€24.20m,€47.20m
T1,30/05/2015,Rizespor,Galatasaray,D,3.1,3.5,2.2,3.0,3.6,2.15,2014/15,€37.15m,€142.20m
T1,30/05/2015,Sivasspor,Trabzonspor,D,3.4,3.6,2.05,3.5,3.5,1.95,2014/15,€35.90m,€96.80m
T1,14/08/2015,Fenerbahce,Eskisehirspor,H,1.4,4.75,7.0,1.4,4.6,6.75,2015/16,€168.80m,€38.58m
T1,15/08/2015,Buyuksehyr,Antalyaspor,A,1.7,3.5,5.25,1.78,3.5,4.33,2015/16,€54.10m,€47.55m
T1,15/08/2015,Sivasspor,Galatasaray,D,3.4,3.5,2.05,3.4,3.25,2.1,2015/16,€32.05m,€117.23m
T1,15/08/2015,Trabzonspor,Bursaspor,H,2.25,3.4,3.1,2.25,3.4,2.9,2015/16,€107.30m,€81.00m
T1,16/08/2015,Gaziantepspor,Kasimpasa,A,2.63,3.3,2.6,2.6,3.4,2.5,2015/16,€38.30m,€55.65m
T1,16/08/2015,Konyaspor,Akhisar Belediyespor,D,1.91,3.4,4.0,1.91,3.25,4.0,2015/16,€36.05m,€34.75m
T1,16/08/2015,Mersin Idman Yurdu,Besiktas,A,3.4,3.3,2.15,3.4,3.2,2.1,2015/16,€21.68m,€127.95m
T1,16/08/2015,Osmanlispor,Kayserispor,D,2.3,3.2,3.2,2.3,3.2,3.0,2015/16,€44.60m,€39.35m
T1,17/08/2015,Genclerbirligi,Rizespor,A,2.1,3.3,3.5,2.05,3.3,3.4,2015/16,€37.35m,€36.65m
T1,21/08/2015,Kasimpasa,Buyuksehyr,H,2.38,3.4,2.88,2.3,3.25,2.95,2015/16,€55.65m,€54.10m
T1,22/08/2015,Akhisar Belediyespor,Mersin Idman Yurdu,H,2.38,3.2,3.0,2.2,3.1,3.25,2015/16,€34.75m,€21.68m
T1,22/08/2015,Besiktas,Trabzonspor,A,1.67,3.75,5.0,1.67,3.5,5.0,2015/16,€127.95m,€107.30m
T1,22/08/2015,Kayserispor,Konyaspor,D,2.3,3.25,3.1,2.15,3.3,3.25,2015/16,€39.35m,€36.05m
T1,23/08/2015,Antalyaspor,Genclerbirligi,H,2.25,3.4,3.1,2.25,3.3,3.0,2015/16,€47.55m,€37.35m
T1,23/08/2015,Bursaspor,Gaziantepspor,A,1.36,4.75,8.5,1.42,4.33,7.0,2015/16,€81.00m,€38.30m
T1,23/08/2015,Eskisehirspor,Sivasspor,H,2.15,3.75,3.0,2.2,3.6,2.9,2015/16,€38.58m,€32.05m
T1,23/08/2015,Rizespor,Fenerbahce,D,4.33,3.75,1.75,4.5,3.8,1.67,2015/16,€36.65m,€168.80m
T1,24/08/2015,Galatasaray,Osmanlispor,A,1.4,4.5,7.5,1.36,4.75,7.5,2015/16,€117.23m,€44.60m
T1,28/08/2015,Gaziantepspor,Besiktas,A,5.75,4.0,1.57,5.0,3.6,1.65,2015/16,€38.30m,€127.95m
T1,29/08/2015,Buyuksehyr,Bursaspor,H,2.38,3.25,3.0,2.35,3.25,2.9,2015/16,€54.10m,€81.00m
T1,29/08/2015,Genclerbirligi,Kasimpasa,H,2.5,3.3,2.8,2.3,3.2,3.0,2015/16,€37.35m,€55.65m
T1,29/08/2015,Konyaspor,Galatasaray,A,3.2,3.4,2.2,3.25,3.3,2.15,2015/16,€36.05m,€117.23m
T1,29/08/2015,Mersin Idman Yurdu,Kayserispor,A,2.6,3.2,2.7,2.45,3.1,2.85,2015/16,€21.68m,€39.35m
T1,30/08/2015,Eskisehirspor,Rizespor,D,1.91,3.3,4.2,1.87,3.3,4.1,2015/16,€38.58m,€36.65m
T1,30/08/2015,Fenerbahce,Antalyaspor,H,1.25,5.75,11.0,1.3,5.0,9.25,2015/16,€168.80m,€47.55m
T1,30/08/2015,Sivasspor,Osmanlispor,D,2.0,3.3,3.8,1.95,3.25,3.9,2015/16,€32.05m,€44.60m
T1,30/08/2015,Trabzonspor,Akhisar Belediyespor,D,1.62,3.75,5.5,1.67,3.75,4.6,2015/16,€107.30m,€34.75m
T1,12/09/2015,Akhisar Belediyespor,Gaziantepspor,D,1.95,3.6,3.6,2.0,3.3,3.6,2015/16,€34.75m,€38.30m
T1,12/09/2015,Antalyaspor,Eskisehirspor,H,2.3,3.3,3.1,2.3,3.3,2.95,2015/16,€47.55m,€38.58m
T1,12/09/2015,Bursaspor,Genclerbirligi,H,1.67,3.75,5.0,1.62,3.7,5.25,2015/16,€81.00m,€37.35m
T1,12/09/2015,Galatasaray,Mersin Idman Yurdu,D,1.33,5.0,8.5,1.3,5.0,8.75,2015/16,€117.23m,€21.68m
T1,13/09/2015,Besiktas,Buyuksehyr,H,1.67,3.75,5.0,1.67,3.7,4.75,2015/16,€127.95m,€54.10m
T1,13/09/2015,Kasimpasa,Fenerbahce,A,3.6,3.6,1.95,3.75,3.4,1.91,2015/16,€55.65m,€168.80m
T1,13/09/2015,Osmanlispor,Konyaspor,A,2.0,3.3,3.8,1.9,3.5,3.75,2015/16,€44.60m,€36.05m
T1,13/09/2015,Rizespor,Sivasspor,D,2.1,3.4,3.4,2.05,3.4,3.4,2015/16,€36.65m,€32.05m
T1,14/09/2015,Kayserispor,Trabzonspor,A,2.45,3.2,3.0,2.35,3.2,2.9,2015/16,€39.35m,€107.30m
T1,18/09/2015,Buyuksehyr,Akhisar Belediyespor,H,1.67,3.5,5.5,1.7,3.5,4.75,2015/16,€54.10m,€34.75m
T1,18/09/2015,Mersin Idman Yurdu,Osmanlispor,A,2.8,3.2,2.55,2.65,3.1,2.65,2015/16,€21.68m,€44.60m
T1,19/09/2015,Eskisehirspor,Kasimpasa,A,2.8,3.2,2.55,2.75,3.1,2.55,2015/16,€38.58m,€55.65m
T1,19/09/2015,Rizespor,Antalyaspor,H,2.2,3.4,3.2,2.2,3.1,3.3,2015/16,€36.65m,€47.55m
T1,19/09/2015,Sivasspor,Konyaspor,D,2.0,3.5,3.6,2.05,3.25,3.5,2015/16,€32.05m,€36.05m
T1,19/09/2015,Trabzonspor,Galatasaray,A,2.6,3.4,2.6,2.6,3.2,2.6,2015/16,€107.30m,€117.23m
T1,20/09/2015,Fenerbahce,Bursaspor,H,1.53,4.0,6.0,1.45,4.25,6.25,2015/16,€168.80m,€81.00m
T1,20/09/2015,Gaziantepspor,Kayserispor,H,2.7,3.4,2.5,2.9,3.1,2.4,2015/16,€38.30m,€39.35m
T1,21/09/2015,Genclerbirligi,Besiktas,D,3.75,3.6,1.91,3.9,3.5,1.85,2015/16,€37.35m,€127.95m
T1,26/09/2015,Akhisar Belediyespor,Genclerbirligi,H,2.4,3.2,3.0,2.4,3.1,2.9,2015/16,€34.75m,€37.35m
T1,26/09/2015,Galatasaray,Gaziantepspor,H,1.44,4.5,6.5,1.42,4.1,7.5,2015/16,€117.23m,€38.30m
T1,26/09/2015,Osmanlispor,Trabzonspor,H,2.55,3.4,2.63,2.5,3.25,2.7,2015/16,€44.60m,€107.30m
T1,27/09/2015,Antalyaspor,Sivasspor,D,2.25,3.5,3.0,2.2,3.3,3.1,2015/16,€47.55m,€32.05m
T1,27/09/2015,Besiktas,Fenerbahce,H,2.3,3.25,3.1,2.35,3.25,2.85,2015/16,€127.95m,€168.80m
T1,27/09/2015,Konyaspor,Mersin Idman Yurdu,H,1.73,3.6,5.0,1.7,3.7,4.5,2015/16,€36.05m,€21.68m
T1,28/09/2015,Bursaspor,Eskisehirspor,H,1.73,3.6,4.75,1.75,3.5,4.5,2015/16,€81.00m,€38.58m
T1,28/09/2015,Kasimpasa,Rizespor,D,1.83,3.5,4.33,1.87,3.4,4.0,2015/16,€55.65m,€36.65m
T1,28/09/2015,Kayserispor,Buyuksehyr,A,2.4,3.2,3.0,2.4,3.1,2.95,2015/16,€39.35m,€54.10m
T1,02/10/2015,Sivasspor,Mersin Idman Yurdu,D,1.91,3.5,4.0,1.9,3.5,3.8,2015/16,€32.05m,€21.68m
T1,02/10/2015,Trabzonspor,Konyaspor,A,1.7,3.75,4.75,1.65,3.8,4.75,2015/16,€107.30m,€36.05m
T1,03/10/2015,Buyuksehyr,Galatasaray,A,2.6,3.25,2.7,2.75,3.2,2.5,2015/16,€54.10m,€117.23m
T1,03/10/2015,Gaziantepspor,Osmanlispor,H,3.1,3.3,2.25,3.0,3.2,2.3,2015/16,€38.30m,€44.60m
T1,03/10/2015,Genclerbirligi,Kayserispor,H,2.63,3.1,2.75,2.5,3.2,2.7,2015/16,€37.35m,€39.35m
T1,04/10/2015,Antalyaspor,Kasimpasa,D,2.88,3.2,2.5,2.75,3.2,2.5,2015/16,€47.55m,€55.65m
T1,04/10/2015,Eskisehirspor,Besiktas,A,4.75,3.5,1.75,4.2,3.5,1.8,2015/16,€38.58m,€127.95m
T1,04/10/2015,Fenerbahce,Akhisar Belediyespor,D,1.33,4.5,11.0,1.36,4.6,8.0,2015/16,€168.80m,€34.75m
T1,04/10/2015,Rizespor,Bursaspor,A,2.75,3.25,2.55,2.65,3.1,2.6,2015/16,€36.65m,€81.00m
T1,17/10/2015,Bursaspor,Antalyaspor,A,1.67,3.75,5.0,1.65,3.6,5.0,2015/16,€81.00m,€47.55m
T1,17/10/2015,Galatasaray,Genclerbirligi,H,1.44,4.2,7.5,1.42,4.4,6.75,2015/16,€117.23m,€37.35m
T1,17/10/2015,Konyaspor,Gaziantepspor,H,1.75,3.5,4.75,1.75,3.4,4.6,2015/16,€36.05m,€38.30m
T1,18/10/2015,Akhisar Belediyespor,Eskisehirspor,H,2.25,3.25,3.25,2.15,3.25,3.3,2015/16,€34.75m,€38.58m
T1,18/10/2015,Besiktas,Rizespor,H,1.4,4.5,8.0,1.34,4.75,8.0,2015/16,€127.95m,€36.65m
T1,18/10/2015,Kasimpasa,Sivasspor,H,1.95,3.5,3.8,1.91,3.4,3.75,2015/16,€55.65m,€32.05m
T1,18/10/2015,Kayserispor,Fenerbahce,A,4.2,3.6,1.83,4.2,3.4,1.83,2015/16,€39.35m,€168.80m
T1,19/10/2015,Mersin Idman Yurdu,Trabzonspor,H,3.0,3.4,2.3,2.9,3.3,2.3,2015/16,€21.68m,€107.30m
T1,19/10/2015,Osmanlispor,Buyuksehyr,A,2.2,3.25,3.25,2.2,3.2,3.2,2015/16,€44.60m,€54.10m
T1,23/10/2015,Eskisehirspor,Kayserispor,A,2.7,3.2,2.6,2.5,3.1,2.8,2015/16,€38.58m,€39.35m
T1,23/10/2015,Rizespor,Akhisar Belediyespor,A,1.85,3.4,4.33,1.83,3.4,4.25,2015/16,€36.65m,€34.75m
T1,24/10/2015,Gaziantepspor,Mersin Idman Yurdu,H,2.4,3.2,3.0,2.2,3.4,3.0,2015/16,€38.30m,€21.68m
T1,24/10/2015,Genclerbirligi,Osmanlispor,H,2.75,3.2,2.55,2.55,3.25,2.6,2015/16,€37.35m,€44.60m
T1,24/10/2015,Kasimpasa,Bursaspor,A,2.55,3.3,2.7,2.4,3.3,2.75,2015/16,€55.65m,€81.00m
T1,24/10/2015,Sivasspor,Trabzonspor,A,2.6,3.3,2.63,2.55,3.25,2.65,2015/16,€32.05m,€107.30m
T1,25/10/2015,Buyuksehyr,Konyaspor,H,1.85,3.5,4.2,1.91,3.3,3.9,2015/16,€54.10m,€36.05m
T1,25/10/2015,Fenerbahce,Galatasaray,D,1.83,3.5,4.33,1.9,3.6,3.6,2015/16,€168.80m,€117.23m
T1,26/10/2015,Antalyaspor,Besiktas,A,5.0,3.8,1.67,4.25,3.6,1.75,2015/16,€47.55m,€127.95m
T1,28/10/2015,Bursaspor,Sivasspor,H,1.67,3.8,5.0,1.67,3.6,5.0,2015/16,€81.00m,€32.05m
T1,28/10/2015,Kayserispor,Rizespor,D,2.0,3.3,3.8,2.0,3.5,3.4,2015/16,€39.35m,€36.65m
T1,28/10/2015,Trabzonspor,Gaziantepspor,D,1.5,4.33,6.0,1.53,3.8,6.0,2015/16,€107.30m,€38.30m
T1,29/10/2015,Galatasaray,Eskisehirspor,H,1.44,4.33,7.0,1.48,4.2,6.0,2015/16,€117.23m,€38.58m
T1,29/10/2015,Mersin Idman Yurdu,Buyuksehyr,D,3.25,3.25,2.25,3.25,3.1,2.2,2015/16,€21.68m,€54.10m
T1,29/10/2015,Osmanlispor,Fenerbahce,A,3.8,3.25,2.0,3.4,3.5,2.0,2015/16,€44.60m,€168.80m
T1,30/10/2015,Besiktas,Kasimpasa,D,1.57,4.2,5.25,1.65,3.6,5.0,2015/16,€127.95m,€55.65m
T1,30/10/2015,Konyaspor,Genclerbirligi,D,1.95,3.5,3.8,1.95,3.3,3.75,2015/16,€36.05m,€37.35m
T1,06/11/2015,Eskisehirspor,Osmanlispor,A,3.1,3.3,2.3,3.0,3.2,2.3,2015/16,€38.58m,€44.60m
T1,06/11/2015,Genclerbirligi,Mersin Idman Yurdu,D,2.0,3.4,3.75,2.0,3.4,3.5,2015/16,€37.35m,€21.68m
T1,07/11/2015,Antalyaspor,Kayserispor,D,2.4,3.2,3.0,2.4,3.3,2.75,2015/16,€47.55m,€39.35m
T1,07/11/2015,Buyuksehyr,Trabzonspor,H,2.3,3.4,3.0,2.35,3.3,2.85,2015/16,€54.10m,€107.30m
T1,07/11/2015,Kasimpasa,Akhisar Belediyespor,H,1.75,3.75,4.33,1.75,3.5,4.5,2015/16,€55.65m,€34.75m
T1,07/11/2015,Rizespor,Galatasaray,H,3.6,3.6,1.95,3.6,3.3,2.0,2015/16,€36.65m,€117.23m
T1,08/11/2015,Bursaspor,Besiktas,A,2.88,3.4,2.38,2.8,3.25,2.4,2015/16,€81.00m,€127.95m
T1,08/11/2015,Fenerbahce,Konyaspor,H,1.36,4.75,8.0,1.36,4.5,8.0,2015/16,€168.80m,€36.05m
T1,08/11/2015,Sivasspor,Gaziantepspor,H,1.73,3.6,4.75,1.75,3.6,4.4,2015/16,€32.05m,€38.30m
T1,21/11/2015,Akhisar Belediyespor,Bursaspor,H,3.1,3.3,2.3,3.0,3.2,2.3,2015/16,€34.75m,€81.00m
T1,21/11/2015,Galatasaray,Antalyaspor,D,1.45,4.5,6.5,1.44,4.5,6.25,2015/16,€117.23m,€47.55m
T1,21/11/2015,Kayserispor,Kasimpasa,D,2.4,3.2,3.0,2.35,3.0,3.1,2015/16,€39.35m,€55.65m
T1,21/11/2015,Mersin Idman Yurdu,Fenerbahce,A,6.0,4.0,1.55,5.5,3.8,1.57,2015/16,€21.68m,€168.80m
T1,22/11/2015,Besiktas,Sivasspor,H,1.36,4.75,8.0,1.4,4.33,7.5,2015/16,€127.95m,€32.05m
T1,22/11/2015,Konyaspor,Eskisehirspor,H,2.0,3.3,3.75,1.9,3.3,4.0,2015/16,€36.05m,€38.58m
T1,22/11/2015,Osmanlispor,Rizespor,A,1.91,3.25,4.33,1.91,3.6,3.6,2015/16,€44.60m,€36.65m
T1,22/11/2015,Trabzonspor,Genclerbirligi,H,1.7,3.6,5.0,1.67,3.6,5.0,2015/16,€107.30m,€37.35m
T1,23/11/2015,Gaziantepspor,Buyuksehyr,A,3.8,3.3,2.0,3.5,3.25,2.05,2015/16,€38.30m,€54.10m
T1,27/11/2015,Antalyaspor,Osmanlispor,D,2.9,3.3,2.38,3.0,3.2,2.3,2015/16,€47.55m,€44.60m
T1,27/11/2015,Bursaspor,Kayserispor,A,2.1,3.3,3.5,2.1,3.2,3.4,2015/16,€81.00m,€39.35m
T1,27/11/2015,Rizespor,Konyaspor,D,2.3,3.25,3.1,2.3,3.1,3.1,2015/16,€36.65m,€36.05m
T1,28/11/2015,Eskisehirspor,Mersin Idman Yurdu,H,2.1,3.3,3.5,2.1,3.3,3.3,2015/16,€38.58m,€21.68m
T1,28/11/2015,Sivasspor,Buyuksehyr,D,2.7,3.4,2.5,2.65,3.25,2.55,2015/16,€32.05m,€54.10m
T1,29/11/2015,Besiktas,Akhisar Belediyespor,A,1.36,4.5,9.0,1.4,4.33,7.5,2015/16,€127.95m,€34.75m
T1,29/11/2015,Genclerbirligi,Gaziantepspor,D,1.75,3.6,4.75,1.75,3.5,4.5,2015/16,€37.35m,€38.30m
T1,29/11/2015,Kasimpasa,Galatasaray,D,3.2,3.4,2.2,3.6,3.3,2.0,2015/16,€55.65m,€117.23m
T1,30/11/2015,Fenerbahce,Trabzonspor,H,1.5,4.33,6.0,1.55,4.0,5.5,2015/16,€168.80m,€107.30m
T1,04/12/2015,Galatasaray,Bursaspor,H,1.62,4.0,5.0,1.6,3.75,5.25,2015/16,€117.23m,€81.00m
T1,05/12/2015,Kayserispor,Besiktas,A,3.6,3.6,1.95,3.5,3.4,2.0,2015/16,€39.35m,€127.95m
T1,05/12/2015,Konyaspor,Antalyaspor,H,2.05,3.3,3.6,2.0,3.2,3.7,2015/16,€36.05m,€47.55m
T1,05/12/2015,Osmanlispor,Kasimpasa,A,2.15,3.4,3.3,2.0,3.4,3.5,2015/16,€44.60m,€55.65m
T1,06/12/2015,Buyuksehyr,Genclerbirligi,H,1.85,3.6,4.0,1.85,3.5,4.0,2015/16,€54.10m,€37.35m
T1,06/12/2015,Gaziantepspor,Fenerbahce,D,7.0,4.33,1.44,7.25,4.0,1.45,2015/16,€38.30m,€168.80m
T1,06/12/2015,Mersin Idman Yurdu,Rizespor,H,2.9,3.3,2.38,2.9,3.1,2.4,2015/16,€21.68m,€36.65m
T1,07/12/2015,Akhisar Belediyespor,Sivasspor,H,2.15,3.4,3.3,2.2,3.2,3.2,2015/16,€34.75m,€32.05m
T1,07/12/2015,Trabzonspor,Eskisehirspor,H,1.73,3.8,4.5,1.7,3.6,4.75,2015/16,€107.30m,€38.58m
T1,11/12/2015,Bursaspor,Osmanlispor,A,2.05,3.4,3.25,2.15,3.2,3.3,2015/16,€81.00m,€44.60m
T1,12/12/2015,Antalyaspor,Mersin Idman Yurdu,H,1.91,3.6,3.75,2.0,3.4,3.5,2015/16,€47.55m,€21.68m
T1,12/12/2015,Eskisehirspor,Gaziantepspor,A,2.1,3.3,3.5,2.05,3.3,3.4,2015/16,€38.58m,€38.30m
T1,12/12/2015,Kasimpasa,Konyaspor,H,1.73,3.6,4.75,1.75,3.5,4.5,2015/16,€55.65m,€36.05m
T1,12/12/2015,Rizespor,Trabzonspor,H,2.6,3.3,2.63,2.45,3.3,2.7,2015/16,€36.65m,€107.30m
T1,13/12/2015,Fenerbahce,Buyuksehyr,H,1.57,3.75,6.0,1.5,4.0,6.0,2015/16,€168.80m,€54.10m
T1,13/12/2015,Genclerbirligi,Sivasspor,A,2.38,3.3,2.9,2.2,3.2,3.2,2015/16,€37.35m,€32.05m
T1,13/12/2015,Kayserispor,Akhisar Belediyespor,H,2.0,3.3,3.8,2.0,3.2,3.7,2015/16,€39.35m,€34.75m
T1,14/12/2015,Besiktas,Galatasaray,H,2.1,3.5,3.3,2.0,3.4,3.5,2015/16,€127.95m,€117.23m
T1,19/12/2015,Gaziantepspor,Rizespor,H,2.8,3.1,2.6,2.7,3.1,2.6,2015/16,€38.30m,€36.65m
T1,19/12/2015,Konyaspor,Bursaspor,H,2.38,3.25,3.0,2.4,3.2,2.85,2015/16,€36.05m,€81.00m
T1,19/12/2015,Mersin Idman Yurdu,Kasimpasa,A,4.2,3.3,1.91,3.6,3.3,2.0,2015/16,€21.68m,€55.65m
T1,19/12/2015,Trabzonspor,Antalyaspor,H,1.7,3.75,4.75,1.75,3.5,4.5,2015/16,€107.30m,€47.55m
T1,20/12/2015,Buyuksehyr,Eskisehirspor,H,1.57,3.8,6.0,1.6,3.7,5.5,2015/16,€54.10m,€38.58m
T1,20/12/2015,Galatasaray,Akhisar Belediyespor,H,1.44,4.5,6.5,1.45,4.25,6.25,2015/16,€117.23m,€34.75m
T1,20/12/2015,Genclerbirligi,Fenerbahce,A,6.0,3.8,1.57,5.75,3.75,1.57,2015/16,€37.35m,€168.80m
T1,20/12/2015,Sivasspor,Kayserispor,D,2.5,3.1,2.9,2.4,3.1,2.9,2015/16,€32.05m,€39.35m
T1,21/12/2015,Osmanlispor,Besiktas,A,3.5,3.3,2.1,3.7,3.25,2.0,2015/16,€44.60m,€127.95m
T1,26/12/2015,Antalyaspor,Gaziantepspor,D,2.0,3.5,3.6,2.0,3.25,3.7,2015/16,€47.55m,€38.30m
T1,26/12/2015,Kasimpasa,Trabzonspor,D,2.2,3.3,3.25,2.1,3.2,3.4,2015/16,€55.65m,€107.30m
T1,26/12/2015,Rizespor,Buyuksehyr,H,2.8,3.5,2.38,2.8,3.2,2.45,2015/16,€36.65m,€54.10m
T1,27/12/2015,Akhisar Belediyespor,Osmanlispor,D,2.3,3.5,2.88,2.5,3.2,2.75,2015/16,€34.75m,€44.60m
T1,27/12/2015,Besiktas,Konyaspor,H,1.36,4.75,8.5,1.36,4.75,7.5,2015/16,€127.95m,€36.05m
T1,27/12/2015,Bursaspor,Mersin Idman Yurdu,H,1.57,4.0,5.5,1.62,3.6,5.5,2015/16,€81.00m,€21.68m
T1,27/12/2015,Kayserispor,Galatasaray,D,3.2,3.5,2.15,3.2,3.3,2.15,2015/16,€39.35m,€117.23m
T1,28/12/2015,Eskisehirspor,Genclerbirligi,H,2.15,3.5,3.2,2.1,3.2,3.4,2015/16,€38.58m,€37.35m
T1,28/12/2015,Fenerbahce,Sivasspor,H,1.33,5.0,9.0,1.33,4.75,8.75,2015/16,€168.80m,€32.05m
T1,16/01/2016,Akhisar Belediyespor,Konyaspor,A,2.5,3.2,2.88,2.45,3.1,2.9,2015/16,€34.75m,€36.05m
T1,16/01/2016,Galatasaray,Sivasspor,H,1.55,4.2,5.5,1.55,4.1,5.25,2015/16,€117.23m,€32.05m
T1,16/01/2016,Kasimpasa,Gaziantepspor,A,1.62,3.75,5.5,1.6,3.9,5.0,2015/16,€55.65m,€38.30m
T1,16/01/2016,Kayserispor,Osmanlispor,H,2.25,3.2,3.3,2.2,3.1,3.25,2015/16,€39.35m,€44.60m
T1,17/01/2016,Antalyaspor,Buyuksehyr,A,3.4,3.3,2.15,3.25,3.3,2.15,2015/16,€47.55m,€54.10m
T1,17/01/2016,Bursaspor,Trabzonspor,H,2.25,3.4,3.1,2.25,3.2,3.1,2015/16,€81.00m,€107.30m
T1,17/01/2016,Rizespor,Genclerbirligi,A,2.2,3.3,3.3,2.3,3.2,3.0,2015/16,€36.65m,€37.35m
T1,18/01/2016,Eskisehirspor,Fenerbahce,A,6.5,3.8,1.53,5.5,3.9,1.57,2015/16,€38.58m,€168.80m
T1,23/01/2016,Konyaspor,Kayserispor,H,2.4,3.4,2.8,2.4,3.2,2.85,2015/16,€36.05m,€39.35m
T1,23/01/2016,Mersin Idman Yurdu,Akhisar Belediyespor,D,3.3,3.6,2.05,3.3,3.3,2.1,2015/16,€21.68m,€34.75m
T1,23/01/2016,Osmanlispor,Galatasaray,H,2.9,3.3,2.4,3.0,3.2,2.3,2015/16,€44.60m,€117.23m
T1,24/01/2016,Fenerbahce,Rizespor,H,1.29,5.5,11.0,1.3,5.0,9.0,2015/16,€168.80m,€36.65m
T1,24/01/2016,Gaziantepspor,Bursaspor,A,3.5,3.4,2.05,3.75,3.3,1.95,2015/16,€38.30m,€81.00m
T1,24/01/2016,Genclerbirligi,Antalyaspor,H,2.1,3.5,3.3,2.1,3.3,3.3,2015/16,€37.35m,€47.55m
T1,24/01/2016,Sivasspor,Eskisehirspor,A,1.75,3.75,4.33,1.7,3.6,4.75,2015/16,€32.05m,€38.58m
T1,25/01/2016,Buyuksehyr,Kasimpasa,D,2.15,3.4,3.3,2.2,3.4,3.0,2015/16,€54.10m,€55.65m
T1,05/02/2016,Antalyaspor,Fenerbahce,H,7.0,4.33,1.45,7.5,4.33,1.45,2015/16,€47.55m,€168.80m
T1,05/02/2016,Osmanlispor,Sivasspor,H,1.91,3.4,4.0,1.9,3.3,4.0,2015/16,€44.60m,€32.05m
T1,06/02/2016,Bursaspor,Buyuksehyr,D,2.25,3.4,3.1,2.2,3.3,3.1,2015/16,€81.00m,€54.10m
T1,06/02/2016,Galatasaray,Konyaspor,D,1.53,4.33,5.5,1.44,4.25,6.5,2015/16,€117.23m,€36.05m
T1,06/02/2016,Kayserispor,Mersin Idman Yurdu,A,1.57,4.0,5.75,1.6,3.6,5.5,2015/16,€39.35m,€21.68m
T1,07/02/2016,Akhisar Belediyespor,Trabzonspor,H,2.5,3.25,2.8,2.35,3.3,2.85,2015/16,€34.75m,€107.30m
T1,07/02/2016,Besiktas,Gaziantepspor,H,1.25,5.5,12.0,1.28,5.0,10.0,2015/16,€127.95m,€38.30m
T1,07/02/2016,Rizespor,Eskisehirspor,D,1.95,3.5,3.75,1.9,3.4,3.9,2015/16,€36.65m,€38.58m
T1,08/02/2016,Kasimpasa,Genclerbirligi,A,1.6,4.0,5.25,1.6,4.0,5.0,2015/16,€55.65m,€37.35m
T1,12/02/2016,Fenerbahce,Kasimpasa,H,1.53,4.2,6.0,1.5,4.33,6.5,2015/16,€168.80m,€55.65m
T1,13/02/2016,Genclerbirligi,Bursaspor,H,2.3,3.5,2.9,2.45,3.1,2.85,2015/16,€37.35m,€81.00m
T1,13/02/2016,Konyaspor,Osmanlispor,D,2.5,3.25,2.8,2.5,3.0,2.85,2015/16,€36.05m,€44.60m
T1,13/02/2016,Mersin Idman Yurdu,Galatasaray,H,4.33,3.6,1.8,4.25,3.6,1.75,2015/16,€21.68m,€117.23m
T1,14/02/2016,Buyuksehyr,Besiktas,D,3.2,3.4,2.2,3.0,3.2,2.3,2015/16,€54.10m,€127.95m
T1,14/02/2016,Eskisehirspor,Antalyaspor,H,2.3,3.3,3.1,2.35,3.4,2.75,2015/16,€38.58m,€47.55m
T1,14/02/2016,Gaziantepspor,Akhisar Belediyespor,A,2.7,3.2,2.63,2.6,3.1,2.7,2015/16,€38.30m,€34.75m
T1,14/02/2016,Sivasspor,Rizespor,H,2.2,3.3,3.3,2.2,3.4,3.0,2015/16,€32.05m,€36.65m
T1,15/02/2016,Trabzonspor,Kayserispor,H,2.1,3.3,3.5,2.15,3.25,3.25,2015/16,€107.30m,€39.35m
T1,17/02/2016,Besiktas,Mersin Idman Yurdu,H,1.25,6.0,10.0,1.28,5.25,9.5,2015/16,€127.95m,€21.68m
T1,19/02/2016,Konyaspor,Sivasspor,H,2.1,3.25,3.5,2.15,3.25,3.6,2015/16,€36.05m,€32.05m
T1,20/02/2016,Antalyaspor,Rizespor,H,2.25,3.25,3.2,2.3,3.25,3.0,2015/16,€47.55m,€36.65m
T1,20/02/2016,Bursaspor,Fenerbahce,D,4.33,3.75,1.8,4.25,3.7,1.75,2015/16,€81.00m,€168.80m
T1,20/02/2016,Kasimpasa,Eskisehirspor,H,1.65,3.75,5.25,1.67,3.6,5.0,2015/16,€55.65m,€38.58m
T1,21/02/2016,Akhisar Belediyespor,Buyuksehyr,D,2.6,3.2,2.75,2.6,3.0,2.75,2015/16,€34.75m,€54.10m
T1,21/02/2016,Galatasaray,Trabzonspor,H,1.75,3.5,4.75,1.67,3.8,4.5,2015/16,€117.23m,€107.30m
T1,21/02/2016,Kayserispor,Gaziantepspor,D,1.67,3.6,5.5,1.65,3.5,5.25,2015/16,€39.35m,€38.30m
T1,21/02/2016,Osmanlispor,Mersin Idman Yurdu,H,1.57,3.8,6.0,1.55,3.8,5.75,2015/16,€44.60m,€21.68m
T1,22/02/2016,Besiktas,Genclerbirligi,H,1.44,4.33,7.0,1.44,4.33,6.5,2015/16,€127.95m,€37.35m
T1,26/02/2016,Buyuksehyr,Kayserispor,H,1.8,3.5,4.5,1.75,3.5,4.4,2015/16,€54.10m,€39.35m
T1,27/02/2016,Eskisehirspor,Bursaspor,A,3.1,3.3,2.3,2.85,3.25,2.4,2015/16,€38.58m,€81.00m
T1,27/02/2016,Mersin Idman Yurdu,Konyaspor,A,2.9,3.2,2.45,2.85,3.2,2.4,2015/16,€21.68m,€36.05m
T1,27/02/2016,Rizespor,Kasimpasa,H,3.0,3.1,2.45,2.95,3.2,2.35,2015/16,€36.65m,€55.65m
T1,27/02/2016,Trabzonspor,Osmanlispor,A,3.3,3.3,2.2,3.1,3.25,2.2,2015/16,€107.30m,€44.60m
T1,28/02/2016,Gaziantepspor,Galatasaray,H,3.3,3.5,2.1,3.5,3.5,1.95,2015/16,€38.30m,€117.23m
T1,28/02/2016,Genclerbirligi,Akhisar Belediyespor,H,2.05,3.3,3.6,1.95,3.2,4.0,2015/16,€37.35m,€34.75m
T1,28/02/2016,Sivasspor,Antalyaspor,D,1.85,3.6,4.0,1.91,3.4,3.75,2015/16,€32.05m,€47.55m
T1,29/02/2016,Fenerbahce,Besiktas,H,2.1,3.4,3.4,2.05,3.25,3.5,2015/16,€168.80m,€127.95m
T1,04/03/2016,Mersin Idman Yurdu,Sivasspor,H,3.1,3.3,2.3,2.85,3.2,2.4,2015/16,€21.68m,€32.05m
T1,05/03/2016,Bursaspor,Rizespor,H,1.73,3.75,4.5,1.72,3.5,4.6,2015/16,€81.00m,€36.65m
T1,05/03/2016,Kayserispor,Genclerbirligi,A,2.1,3.2,3.6,2.0,3.3,3.6,2015/16,€39.35m,€37.35m
T1,05/03/2016,Osmanlispor,Gaziantepspor,D,1.55,3.8,6.0,1.55,3.7,6.25,2015/16,€44.60m,€38.30m
T1,06/03/2016,Akhisar Belediyespor,Fenerbahce,A,4.5,3.75,1.75,4.75,3.3,1.78,2015/16,€34.75m,€168.80m
T1,06/03/2016,Galatasaray,Buyuksehyr,D,2.1,3.4,3.4,2.15,3.2,3.3,2015/16,€117.23m,€54.10m
T1,06/03/2016,Kasimpasa,Antalyaspor,H,1.8,3.75,4.2,1.8,3.4,4.4,2015/16,€55.65m,€47.55m
T1,06/03/2016,Konyaspor,Trabzonspor,H,2.15,3.4,3.3,2.1,3.25,3.4,2015/16,€36.05m,€107.30m
T1,07/03/2016,Besiktas,Eskisehirspor,H,1.33,4.75,10.0,1.35,4.75,8.0,2015/16,€127.95m,€38.58m
T1,11/03/2016,Trabzonspor,Mersin Idman Yurdu,H,1.8,3.6,4.33,1.78,3.5,4.25,2015/16,€107.30m,€21.68m
T1,12/03/2016,Buyuksehyr,Osmanlispor,A,2.0,3.5,3.6,2.0,3.4,3.5,2015/16,€54.10m,€44.60m
T1,12/03/2016,Gaziantepspor,Konyaspor,A,2.88,3.4,2.38,3.1,3.2,2.25,2015/16,€38.30m,€36.05m
T1,12/03/2016,Rizespor,Besiktas,A,5.5,3.8,1.62,5.0,3.7,1.65,2015/16,€36.65m,€127.95m
T1,13/03/2016,Eskisehirspor,Akhisar Belediyespor,D,2.7,3.4,2.5,2.8,3.2,2.45,2015/16,€38.58m,€34.75m
T1,13/03/2016,Fenerbahce,Kayserispor,H,1.4,4.33,8.5,1.4,4.4,7.0,2015/16,€168.80m,€39.35m
T1,13/03/2016,Genclerbirligi,Galatasaray,D,2.6,3.4,2.6,2.6,3.25,2.6,2015/16,€37.35m,€117.23m
T1,14/03/2016,Antalyaspor,Bursaspor,H,3.3,3.4,2.15,3.1,3.3,2.2,2015/16,€47.55m,€81.00m
T1,14/03/2016,Sivasspor,Kasimpasa,H,2.3,3.3,3.1,2.4,3.2,2.85,2015/16,€32.05m,€55.65m
T1,15/03/2016,Trabzonspor,Besiktas,A,5.0,3.75,1.67,5.25,3.75,1.6,2015/16,€107.30m,€127.95m
T1,18/03/2016,Akhisar Belediyespor,Rizespor,D,2.0,3.4,3.75,2.0,3.25,3.7,2015/16,€34.75m,€36.65m
T1,18/03/2016,Kayserispor,Eskisehirspor,D,1.73,3.75,4.5,1.75,3.3,4.75,2015/16,€39.35m,€38.58m
T1,19/03/2016,Besiktas,Antalyaspor,H,1.33,4.75,9.5,1.33,4.75,8.25,2015/16,€127.95m,€47.55m
T1,19/03/2016,Osmanlispor,Genclerbirligi,H,2.0,3.2,4.0,2.1,3.1,3.5,2015/16,€44.60m,€37.35m
T1,19/03/2016,Trabzonspor,Sivasspor,H,2.3,3.2,3.2,2.35,3.1,3.0,2015/16,€107.30m,€32.05m
T1,20/03/2016,Bursaspor,Kasimpasa,H,2.05,3.5,3.4,2.0,3.3,3.6,2015/16,€81.00m,€55.65m
T1,20/03/2016,Konyaspor,Buyuksehyr,D,2.5,3.0,3.0,2.4,3.0,3.0,2015/16,€36.05m,€54.10m
T1,20/03/2016,Mersin Idman Yurdu,Gaziantepspor,D,2.1,3.5,3.25,2.25,3.3,3.0,2015/16,€21.68m,€38.30m
T1,02/04/2016,Eskisehirspor,Galatasaray,H,3.2,3.4,2.2,3.2,3.3,2.15,2015/16,€38.58m,€117.23m
T1,02/04/2016,Gaziantepspor,Trabzonspor,A,2.9,3.3,2.38,2.65,3.2,2.55,2015/16,€38.30m,€107.30m
T1,02/04/2016,Genclerbirligi,Konyaspor,A,2.25,3.2,3.25,2.3,3.1,3.1,2015/16,€37.35m,€36.05m
T1,03/04/2016,Antalyaspor,Akhisar Belediyespor,D,2.1,3.4,3.4,2.1,3.3,3.3,2015/16,€47.55m,€34.75m
T1,03/04/2016,Buyuksehyr,Mersin Idman Yurdu,H,1.53,3.8,6.5,1.55,3.8,5.75,2015/16,€54.10m,€21.68m
T1,03/04/2016,Fenerbahce,Osmanlispor,D,1.45,4.2,7.5,1.44,4.25,6.75,2015/16,€168.80m,€44.60m
T1,03/04/2016,Sivasspor,Bursaspor,A,2.4,3.2,3.0,2.45,3.2,2.75,2015/16,€32.05m,€81.00m
T1,04/04/2016,Kasimpasa,Besiktas,H,5.5,3.6,1.65,4.75,3.5,1.7,2015/16,€55.65m,€127.95m
T1,04/04/2016,Rizespor,Kayserispor,D,2.75,3.1,2.63,2.75,3.1,2.55,2015/16,€36.65m,€39.35m
T1,08/04/2016,Gaziantepspor,Sivasspor,A,3.0,3.3,2.35,3.0,3.2,2.3,2015/16,€38.30m,€32.05m
T1,09/04/2016,Galatasaray,Rizespor,D,1.67,3.75,5.0,1.65,3.9,4.6,2015/16,€117.23m,€36.65m
T1,09/04/2016,Konyaspor,Fenerbahce,H,4.33,3.5,1.83,4.1,3.4,1.85,2015/16,€36.05m,€168.80m
T1,09/04/2016,Osmanlispor,Eskisehirspor,D,1.65,3.75,5.25,1.7,3.3,5.25,2015/16,€44.60m,€38.58m
T1,10/04/2016,Kayserispor,Antalyaspor,D,2.05,3.3,3.6,2.0,3.2,3.75,2015/16,€39.35m,€47.55m
T1,10/04/2016,Mersin Idman Yurdu,Genclerbirligi,A,2.75,3.3,2.5,2.55,3.3,2.6,2015/16,€21.68m,€37.35m
T1,10/04/2016,Trabzonspor,Buyuksehyr,D,2.8,3.25,2.5,2.75,3.1,2.55,2015/16,€107.30m,€54.10m
T1,11/04/2016,Akhisar Belediyespor,Kasimpasa,A,2.5,3.25,2.8,2.35,3.2,2.95,2015/16,€34.75m,€55.65m
T1,11/04/2016,Besiktas,Bursaspor,H,1.44,4.2,7.5,1.45,4.1,6.75,2015/16,€127.95m,€81.00m
T1,13/04/2016,Galatasaray,Fenerbahce,D,3.8,3.5,1.95,3.4,3.5,2.0,2015/16,€117.23m,€168.80m
T1,16/04/2016,Antalyaspor,Galatasaray,H,2.3,3.1,3.3,2.35,3.2,2.95,2015/16,€47.55m,€117.23m
T1,16/04/2016,Eskisehirspor,Konyaspor,A,3.0,3.1,2.45,2.95,3.2,2.35,2015/16,€38.58m,€36.05m
T1,16/04/2016,Rizespor,Osmanlispor,A,3.3,3.3,2.2,3.25,3.1,2.2,2015/16,€36.65m,€44.60m
T1,16/04/2016,Sivasspor,Besiktas,A,4.5,3.75,1.73,4.6,3.75,1.67,2015/16,€32.05m,€127.95m
T1,17/04/2016,Bursaspor,Akhisar Belediyespor,A,1.7,3.5,5.25,1.6,3.75,5.25,2015/16,€81.00m,€34.75m
T1,17/04/2016,Buyuksehyr,Gaziantepspor,H,1.36,4.33,10.0,1.4,4.33,7.5,2015/16,€54.10m,€38.30m
T1,17/04/2016,Fenerbahce,Mersin Idman Yurdu,H,1.17,6.5,17.0,1.18,6.25,13.5,2015/16,€168.80m,€21.68m
T1,17/04/2016,Kasimpasa,Kayserispor,A,2.1,3.3,3.5,2.0,3.25,3.7,2015/16,€55.65m,€39.35m
T1,18/04/2016,Genclerbirligi,Trabzonspor,H,2.15,3.3,3.4,2.05,3.25,3.5,2015/16,€37.35m,€107.30m
T1,22/04/2016,Kayserispor,Bursaspor,H,1.95,3.5,3.8,1.95,3.3,3.75,2015/16,€39.35m,€81.00m
T1,23/04/2016,Akhisar Belediyespor,Besiktas,D,8.0,4.0,1.45,6.25,4.1,1.48,2015/16,€34.75m,€127.95m
T1,23/04/2016,Buyuksehyr,Sivasspor,D,1.8,3.6,4.33,1.72,3.6,4.5,2015/16,€54.10m,€32.05m
T1,23/04/2016,Osmanlispor,Antalyaspor,H,1.8,3.5,4.5,1.8,3.4,4.33,2015/16,€44.60m,€47.55m
T1,24/04/2016,Galatasaray,Kasimpasa,H,2.15,3.4,3.3,2.15,3.4,3.1,2015/16,€117.23m,€55.65m
T1,24/04/2016,Konyaspor,Rizespor,H,1.73,3.5,5.0,1.85,3.3,4.2,2015/16,€36.05m,€36.65m
T1,24/04/2016,Mersin Idman Yurdu,Eskisehirspor,A,2.38,3.4,2.9,2.4,3.4,2.7,2015/16,€21.68m,€38.58m
T1,24/04/2016,Trabzonspor,Fenerbahce,A,5.5,3.8,1.6,5.25,3.8,1.6,2015/16,€107.30m,€168.80m
T1,25/04/2016,Gaziantepspor,Genclerbirligi,A,3.1,3.25,2.3,2.9,3.2,2.35,2015/16,€38.30m,€37.35m
T1,29/04/2016,Bursaspor,Galatasaray,D,2.2,3.6,3.0,2.35,3.4,2.75,2015/16,€81.00m,€117.23m
T1,29/04/2016,Rizespor,Mersin Idman Yurdu,H,1.36,4.2,7.0,1.5,4.25,5.5,2015/16,€36.65m,€21.68m
T1,30/04/2016,Besiktas,Kayserispor,H,1.33,4.75,10.0,1.33,4.6,9.25,2015/16,€127.95m,€39.35m
T1,30/04/2016,Eskisehirspor,Trabzonspor,H,1.62,3.8,5.5,1.7,3.6,4.6,2015/16,€38.58m,€107.30m
T1,30/04/2016,Genclerbirligi,Buyuksehyr,D,3.1,3.5,2.2,2.95,3.4,2.25,2015/16,€37.35m,€54.10m
T1,01/05/2016,Antalyaspor,Konyaspor,H,2.5,3.3,2.8,2.35,3.3,2.85,2015/16,€47.55m,€36.05m
T1,01/05/2016,Fenerbahce,Gaziantepspor,H,1.17,6.5,17.0,1.17,6.25,15.5,2015/16,€168.80m,€38.30m
T1,01/05/2016,Sivasspor,Akhisar Belediyespor,D,1.73,3.6,4.75,1.75,3.5,4.5,2015/16,€32.05m,€34.75m
T1,02/05/2016,Kasimpasa,Osmanlispor,D,2.63,3.25,2.63,2.6,3.2,2.6,2015/16,€55.65m,€44.60m
T1,07/05/2016,Gaziantepspor,Eskisehirspor,D,3.5,3.25,2.1,3.5,3.25,2.05,2015/16,€38.30m,€38.58m
T1,07/05/2016,Osmanlispor,Bursaspor,D,1.67,3.8,5.0,1.72,3.6,4.5,2015/16,€44.60m,€81.00m
T1,07/05/2016,Sivasspor,Genclerbirligi,H,2.0,3.6,3.5,2.0,3.25,3.7,2015/16,€32.05m,€37.35m
T1,08/05/2016,Akhisar Belediyespor,Kayserispor,D,2.75,3.1,2.63,2.75,3.1,2.55,2015/16,€34.75m,€39.35m
T1,08/05/2016,Galatasaray,Besiktas,A,4.33,3.8,1.75,4.33,3.6,1.75,2015/16,€117.23m,€127.95m
T1,08/05/2016,Mersin Idman Yurdu,Antalyaspor,A,4.0,3.5,1.91,3.7,3.5,1.91,2015/16,€21.68m,€47.55m
T1,08/05/2016,Trabzonspor,Rizespor,H,2.88,3.3,2.4,2.7,3.2,2.5,2015/16,€107.30m,€36.65m
T1,09/05/2016,Buyuksehyr,Fenerbahce,H,3.6,3.6,1.95,3.7,3.4,1.95,2015/16,€54.10m,€168.80m
T1,09/05/2016,Konyaspor,Kasimpasa,H,2.0,3.5,3.6,2.0,3.3,3.6,2015/16,€36.05m,€55.65m
T1,13/05/2016,Antalyaspor,Trabzonspor,H,1.8,4.0,3.8,1.75,3.8,4.1,2015/16,€47.55m,€107.30m
T1,14/05/2016,Bursaspor,Konyaspor,D,2.3,3.4,3.0,2.3,3.25,3.0,2015/16,€81.00m,€36.05m
T1,14/05/2016,Eskisehirspor,Buyuksehyr,A,2.05,3.6,3.3,2.1,3.3,3.3,2015/16,€38.58m,€54.10m
T1,14/05/2016,Kayserispor,Sivasspor,D,2.1,3.3,3.5,1.91,3.4,3.8,2015/16,€39.35m,€32.05m
T1,14/05/2016,Rizespor,Gaziantepspor,H,1.57,4.0,5.5,1.62,4.0,4.6,2015/16,€36.65m,€38.30m
T1,15/05/2016,Akhisar Belediyespor,Galatasaray,A,2.75,3.4,2.45,2.5,3.3,2.65,2015/16,€34.75m,€117.23m
T1,15/05/2016,Besiktas,Osmanlispor,H,1.5,4.0,7.0,1.45,4.4,6.25,2015/16,€127.95m,€44.60m
T1,15/05/2016,Fenerbahce,Genclerbirligi,H,1.29,5.5,9.5,1.33,4.75,8.5,2015/16,€168.80m,€37.35m
T1,15/05/2016,Kasimpasa,Mersin Idman Yurdu,H,1.2,6.0,15.0,1.19,6.25,13.0,2015/16,€55.65m,€21.68m
T1,18/05/2016,Buyuksehyr,Rizespor,H,1.53,4.0,6.0,1.55,3.9,5.5,2015/16,€54.10m,€36.65m
T1,18/05/2016,Konyaspor,Besiktas,H,2.55,3.4,2.63,2.5,3.4,2.6,2015/16,€36.05m,€127.95m
T1,18/05/2016,Mersin Idman Yurdu,Bursaspor,A,4.33,3.8,1.75,4.2,3.8,1.72,2015/16,€21.68m,€81.00m
T1,19/05/2016,Galatasaray,Kayserispor,H,1.62,3.75,5.5,1.55,4.25,5.0,2015/16,€117.23m,€39.35m
T1,19/05/2016,Gaziantepspor,Antalyaspor,H,2.05,3.4,3.5,2.1,3.3,3.3,2015/16,€38.30m,€47.55m
T1,19/05/2016,Genclerbirligi,Eskisehirspor,H,2.5,3.3,2.75,2.6,3.4,2.5,2015/16,€37.35m,€38.58m
T1,19/05/2016,Osmanlispor,Akhisar Belediyespor,H,1.6,3.8,5.5,1.62,3.7,5.25,2015/16,€44.60m,€34.75m
T1,19/05/2016,Sivasspor,Fenerbahce,D,2.88,3.6,2.3,2.65,3.5,2.4,2015/16,€32.05m,€168.80m
T1,19/05/2016,Trabzonspor,Kasimpasa,A,4.5,3.75,1.75,4.2,3.4,1.83,2015/16,€107.30m,€55.65m
T1,19/08/2016,Adanaspor,Bursaspor,A,4.2,3.6,1.83,4.2,3.4,1.83,2016/17,€15.88m,€35.70m
T1,20/08/2016,Besiktas,Alanyaspor,H,1.36,4.75,8.5,1.36,4.6,7.75,2016/17,€136.80m,€31.78m
T1,20/08/2016,Rizespor,Konyaspor,D,3.0,3.2,2.4,2.75,3.1,2.55,2016/17,€28.75m,€31.80m
T1,20/08/2016,Trabzonspor,Kasimpasa,H,2.2,3.3,3.3,2.3,3.2,3.0,2016/17,€59.85m,€32.55m
T1,21/08/2016,Antalyaspor,Osmanlispor,D,2.45,3.3,2.8,2.45,3.25,2.75,2016/17,€29.00m,€48.30m
T1,21/08/2016,Buyuksehyr,Fenerbahce,H,3.25,3.25,2.2,3.1,3.2,2.25,2016/17,€60.00m,€103.95m
T1,21/08/2016,Genclerbirligi,Gaziantepspor,H,1.85,3.5,4.2,1.9,3.3,4.0,2016/17,€34.78m,€24.68m
T1,21/08/2016,Kayserispor,Akhisar Belediyespor,A,2.0,3.3,3.8,2.05,3.25,3.5,2016/17,€34.35m,€33.20m
T1,22/08/2016,Galatasaray,Karabukspor,H,1.62,3.75,5.5,1.57,3.8,5.5,2016/17,€88.35m,€22.58m
T1,26/08/2016,Alanyaspor,Antalyaspor,H,3.1,3.3,2.3,3.2,3.2,2.2,2016/17,€31.78m,€29.00m
T1,26/08/2016,Konyaspor,Besiktas,D,3.3,3.4,2.15,3.5,3.4,2.0,2016/17,€31.80m,€136.80m
T1,27/08/2016,Akhisar Belediyespor,Galatasaray,A,2.88,3.2,2.5,3.0,3.4,2.2,2016/17,€33.20m,€88.35m
T1,27/08/2016,Gaziantepspor,Trabzonspor,H,3.2,3.25,2.25,2.95,3.25,2.3,2016/17,€24.68m,€59.85m
T1,27/08/2016,Kasimpasa,Adanaspor,D,1.67,3.75,5.0,1.7,3.75,4.5,2016/17,€32.55m,€15.88m
T1,28/08/2016,Bursaspor,Buyuksehyr,A,2.1,3.4,3.4,2.1,3.4,3.25,2016/17,€35.70m,€60.00m
T1,28/08/2016,Fenerbahce,Kayserispor,D,1.4,4.33,8.5,1.36,4.6,8.0,2016/17,€103.95m,€34.35m
T1,28/08/2016,Karabukspor,Rizespor,H,2.0,3.3,3.8,2.0,3.3,3.6,2016/17,€22.58m,€28.75m
T1,28/08/2016,Osmanlispor,Genclerbirligi,D,1.91,3.4,4.0,1.85,3.4,4.0,2016/17,€48.30m,€34.78m
T1,10/09/2016,Adanaspor,Gaziantepspor,D,2.3,3.25,3.1,2.4,3.2,2.85,2016/17,€15.88m,€24.68m
T1,10/09/2016,Besiktas,Karabukspor,H,1.4,4.5,8.0,1.4,4.75,6.25,2016/17,€136.80m,€22.58m
T1,10/09/2016,Buyuksehyr,Kasimpasa,H,1.73,3.5,5.0,1.8,3.4,4.25,2016/17,€60.00m,€32.55m
T1,10/09/2016,Genclerbirligi,Alanyaspor,D,1.73,3.6,4.75,1.75,3.6,4.4,2016/17,€34.78m,€31.78m
T1,10/09/2016,Kayserispor,Galatasaray,D,3.3,3.4,2.15,2.9,3.3,2.3,2016/17,€34.35m,€88.35m
T1,11/09/2016,Antalyaspor,Konyaspor,A,2.63,3.2,2.7,2.6,3.2,2.6,2016/17,€29.00m,€31.80m
T1,11/09/2016,Fenerbahce,Bursaspor,A,1.44,4.33,7.0,1.42,4.6,6.25,2016/17,€103.95m,€35.70m
T1,11/09/2016,Rizespor,Akhisar Belediyespor,H,2.7,3.25,2.6,2.75,3.2,2.5,2016/17,€28.75m,€33.20m
T1,11/09/2016,Trabzonspor,Osmanlispor,A,2.15,3.2,3.5,2.05,3.5,3.25,2016/17,€59.85m,€48.30m
T1,16/09/2016,Bursaspor,Kayserispor,H,2.0,3.5,3.6,2.0,3.4,3.5,2016/17,€35.70m,€34.35m
T1,16/09/2016,Karabukspor,Antalyaspor,H,2.1,3.4,3.4,2.1,3.2,3.4,2016/17,€22.58m,€29.00m
T1,17/09/2016,Alanyaspor,Trabzonspor,H,3.0,3.2,2.4,2.95,3.2,2.35,2016/17,€31.78m,€59.85m
T1,17/09/2016,Galatasaray,Rizespor,H,1.36,4.33,9.5,1.4,4.33,7.25,2016/17,€88.35m,€28.75m
T1,18/09/2016,Akhisar Belediyespor,Besiktas,A,3.5,3.4,2.05,3.4,3.4,2.05,2016/17,€33.20m,€136.80m
T1,18/09/2016,Gaziantepspor,Buyuksehyr,A,5.0,3.4,1.75,5.0,3.4,1.72,2016/17,€24.68m,€60.00m
T1,18/09/2016,Konyaspor,Genclerbirligi,D,2.0,3.3,3.8,2.0,3.25,3.7,2016/17,€31.80m,€34.78m
T1,18/09/2016,Osmanlispor,Adanaspor,H,1.5,3.8,7.5,1.5,3.7,7.0,2016/17,€48.30m,€15.88m
T1,19/09/2016,Kasimpasa,Fenerbahce,A,4.75,3.6,1.75,4.4,3.6,1.75,2016/17,€32.55m,€103.95m
T1,23/09/2016,Antalyaspor,Akhisar Belediyespor,D,2.4,3.1,3.1,2.25,3.1,3.2,2016/17,€29.00m,€33.20m
T1,24/09/2016,Besiktas,Galatasaray,D,1.91,3.5,4.0,1.91,3.3,3.9,2016/17,€136.80m,€88.35m
T1,24/09/2016,Buyuksehyr,Osmanlispor,D,2.05,3.4,3.6,1.95,3.3,3.75,2016/17,€60.00m,€48.30m
T1,24/09/2016,Trabzonspor,Konyaspor,H,2.25,3.25,3.2,2.3,3.3,2.9,2016/17,€59.85m,€31.80m
T1,25/09/2016,Bursaspor,Kasimpasa,H,1.65,3.5,5.75,1.62,3.75,5.0,2016/17,€35.70m,€32.55m
T1,25/09/2016,Fenerbahce,Gaziantepspor,H,1.2,6.5,13.0,1.2,6.25,11.5,2016/17,€103.95m,€24.68m
T1,25/09/2016,Genclerbirligi,Karabukspor,H,2.05,3.2,3.8,2.0,3.4,3.5,2016/17,€34.78m,€22.58m
T1,25/09/2016,Kayserispor,Rizespor,H,1.73,3.5,5.0,1.83,3.5,4.1,2016/17,€34.35m,€28.75m
T1,26/09/2016,Adanaspor,Alanyaspor,H,2.75,3.3,2.5,2.6,3.3,2.55,2016/17,€15.88m,€31.78m
T1,30/09/2016,Akhisar Belediyespor,Genclerbirligi,D,2.45,3.2,2.88,2.35,3.2,2.9,2016/17,€33.20m,€34.78m
T1,01/10/2016,Gaziantepspor,Bursaspor,H,3.75,3.4,2.0,3.7,3.5,1.9,2016/17,€24.68m,€35.70m
T1,01/10/2016,Karabukspor,Trabzonspor,H,2.7,3.1,2.7,2.5,3.2,2.7,2016/17,€22.58m,€59.85m
T1,01/10/2016,Kasimpasa,Kayserispor,H,2.63,3.4,2.55,2.55,3.2,2.65,2016/17,€32.55m,€34.35m
T1,01/10/2016,Rizespor,Besiktas,A,7.0,4.0,1.5,6.0,4.1,1.5,2016/17,€28.75m,€136.80m
T1,02/10/2016,Alanyaspor,Buyuksehyr,A,3.5,3.3,2.1,3.5,3.3,2.05,2016/17,€31.78m,€60.00m
T1,02/10/2016,Galatasaray,Antalyaspor,H,1.4,4.5,7.5,1.45,4.25,6.25,2016/17,€88.35m,€29.00m
T1,02/10/2016,Konyaspor,Adanaspor,H,1.5,3.75,7.5,1.55,3.75,6.0,2016/17,€31.80m,€15.88m
T1,02/10/2016,Osmanlispor,Fenerbahce,D,2.9,3.25,2.4,3.0,3.3,2.25,2016/17,€48.30m,€103.95m
T1,15/10/2016,Adanaspor,Karabukspor,A,2.88,3.4,2.38,2.75,3.25,2.45,2016/17,€15.88m,€22.58m
T1,15/10/2016,Genclerbirligi,Galatasaray,A,3.0,3.4,2.3,2.9,3.3,2.3,2016/17,€34.78m,€88.35m
T1,15/10/2016,Kasimpasa,Gaziantepspor,D,1.91,3.6,3.8,1.95,3.4,3.6,2016/17,€32.55m,€24.68m
T1,15/10/2016,Kayserispor,Besiktas,A,4.33,4.0,1.7,4.4,3.75,1.7,2016/17,€34.35m,€136.80m
T1,16/10/2016,Bursaspor,Osmanlispor,D,2.88,3.3,2.4,2.6,3.2,2.6,2016/17,€35.70m,€48.30m
T1,16/10/2016,Buyuksehyr,Konyaspor,D,1.91,3.4,4.0,1.85,3.25,4.33,2016/17,€60.00m,€31.80m
T1,16/10/2016,Fenerbahce,Alanyaspor,D,1.25,6.0,10.0,1.25,5.75,9.5,2016/17,€103.95m,€31.78m
T1,16/10/2016,Trabzonspor,Akhisar Belediyespor,D,2.0,3.4,3.75,2.1,3.3,3.3,2016/17,€59.85m,€33.20m
T1,17/10/2016,Antalyaspor,Rizespor,D,2.0,3.3,3.8,2.05,3.3,3.5,2016/17,€29.00m,€28.75m
T1,21/10/2016,Gaziantepspor,Kayserispor,A,2.38,3.4,2.88,2.3,3.25,3.0,2016/17,€24.68m,€34.35m
T1,21/10/2016,Rizespor,Genclerbirligi,H,3.1,3.3,2.3,3.1,3.25,2.2,2016/17,€28.75m,€34.78m
T1,22/10/2016,Akhisar Belediyespor,Adanaspor,H,1.62,3.4,6.5,1.65,3.6,5.0,2016/17,€33.20m,€15.88m
T1,22/10/2016,Alanyaspor,Bursaspor,A,2.3,3.3,3.1,2.4,3.25,2.8,2016/17,€31.78m,€35.70m
T1,22/10/2016,Galatasaray,Trabzonspor,A,1.57,4.0,5.5,1.55,4.1,5.25,2016/17,€88.35m,€59.85m
T1,23/10/2016,Besiktas,Antalyaspor,H,1.36,4.75,8.0,1.4,4.5,7.0,2016/17,€136.80m,€29.00m
T1,23/10/2016,Karabukspor,Buyuksehyr,A,2.9,3.5,2.3,2.95,3.4,2.25,2016/17,€22.58m,€60.00m
T1,23/10/2016,Osmanlispor,Kasimpasa,A,1.53,4.0,6.0,1.55,4.0,5.5,2016/17,€48.30m,€32.55m
T1,24/10/2016,Konyaspor,Fenerbahce,A,4.0,3.3,1.95,3.4,3.5,2.0,2016/17,€31.80m,€103.95m
T1,28/10/2016,Genclerbirligi,Besiktas,D,3.4,3.4,2.1,3.4,3.2,2.1,2016/17,€34.78m,€136.80m
T1,29/10/2016,Adanaspor,Galatasaray,A,5.75,4.0,1.55,5.5,3.8,1.57,2016/17,€15.88m,€88.35m
T1,29/10/2016,Bursaspor,Konyaspor,H,2.15,3.1,3.6,2.1,3.2,3.4,2016/17,€35.70m,€31.80m
T1,29/10/2016,Gaziantepspor,Osmanlispor,H,3.8,3.3,2.0,3.4,3.25,2.1,2016/17,€24.68m,€48.30m
T1,30/10/2016,Buyuksehyr,Akhisar Belediyespor,H,1.55,3.6,7.0,1.57,3.8,5.5,2016/17,€60.00m,€33.20m
T1,30/10/2016,Fenerbahce,Karabukspor,H,1.4,4.75,7.0,1.36,4.6,7.75,2016/17,€103.95m,€22.58m
T1,30/10/2016,Trabzonspor,Rizespor,D,1.65,3.6,5.5,1.75,3.4,4.75,2016/17,€59.85m,€28.75m
T1,31/10/2016,Kasimpasa,Alanyaspor,H,2.1,3.25,3.5,2.1,3.4,3.2,2016/17,€32.55m,€31.78m
T1,31/10/2016,Kayserispor,Antalyaspor,A,2.05,3.3,3.6,2.05,3.25,3.5,2016/17,€34.35m,€29.00m
T1,04/11/2016,Galatasaray,Buyuksehyr,A,2.1,3.4,3.4,2.0,3.4,3.5,2016/17,€88.35m,€60.00m
T1,05/11/2016,Alanyaspor,Gaziantepspor,H,1.95,3.0,4.5,2.05,3.2,3.6,2016/17,€31.78m,€24.68m
T1,05/11/2016,Antalyaspor,Genclerbirligi,H,2.6,3.0,2.9,2.65,3.1,2.65,2016/17,€29.00m,€34.78m
T1,05/11/2016,Besiktas,Trabzonspor,H,1.44,4.33,7.0,1.48,4.0,6.5,2016/17,€136.80m,€59.85m
T1,05/11/2016,Karabukspor,Bursaspor,D,2.25,3.2,3.3,2.35,3.1,3.0,2016/17,€22.58m,€35.70m
T1,06/11/2016,Akhisar Belediyespor,Fenerbahce,A,6.5,3.75,1.55,5.5,3.6,1.6,2016/17,€33.20m,€103.95m
T1,06/11/2016,Konyaspor,Kasimpasa,H,1.85,3.3,4.5,1.75,3.4,4.6,2016/17,€31.80m,€32.55m
T1,06/11/2016,Osmanlispor,Kayserispor,D,1.62,3.6,6.0,1.62,3.7,5.25,2016/17,€48.30m,€34.35m
T1,06/11/2016,Rizespor,Adanaspor,D,1.73,3.4,5.25,1.75,3.4,4.6,2016/17,€28.75m,€15.88m
T1,19/11/2016,Adanaspor,Besiktas,A,8.5,4.6,1.36,7.25,4.4,1.4,2016/17,€15.88m,€136.80m
T1,19/11/2016,Bursaspor,Akhisar Belediyespor,D,1.85,3.5,4.2,1.8,3.4,4.25,2016/17,€35.70m,€33.20m
T1,19/11/2016,Gaziantepspor,Konyaspor,A,2.6,3.1,2.8,2.65,3.0,2.7,2016/17,€24.68m,€31.80m
T1,19/11/2016,Osmanlispor,Alanyaspor,H,1.62,3.8,5.5,1.65,3.75,4.75,2016/17,€48.30m,€31.78m
T1,20/11/2016,Fenerbahce,Galatasaray,H,1.7,3.6,5.0,1.78,3.75,4.5,2016/17,€103.95m,€88.35m
T1,20/11/2016,Kasimpasa,Karabukspor,D,2.25,3.2,3.25,2.1,3.25,3.4,2016/17,€32.55m,€22.58m
T1,20/11/2016,Kayserispor,Genclerbirligi,A,2.45,3.0,3.1,2.4,3.2,2.85,2016/17,€34.35m,€34.78m
T1,21/11/2016,Buyuksehyr,Rizespor,H,1.45,4.33,7.0,1.44,4.25,6.75,2016/17,€60.00m,€28.75m
T1,21/11/2016,Trabzonspor,Antalyaspor,A,1.73,3.5,5.0,1.7,3.7,4.6,2016/17,€59.85m,€29.00m
T1,25/11/2016,Alanyaspor,Kayserispor,H,2.1,3.4,3.4,2.1,3.4,3.2,2016/17,€31.78m,€34.35m
T1,25/11/2016,Galatasaray,Bursaspor,H,1.7,3.8,4.75,1.65,3.8,4.75,2016/17,€88.35m,€35.70m
T1,26/11/2016,Akhisar Belediyespor,Kasimpasa,H,2.25,3.1,3.4,2.2,3.1,3.25,2016/17,€33.20m,€32.55m
T1,26/11/2016,Antalyaspor,Adanaspor,H,1.57,3.6,6.5,1.62,3.7,5.25,2016/17,€29.00m,€15.88m
T1,26/11/2016,Besiktas,Buyuksehyr,D,1.75,3.6,4.75,1.72,3.7,4.4,2016/17,€136.80m,€60.00m
T1,26/11/2016,Karabukspor,Gaziantepspor,H,1.95,3.1,4.33,1.91,3.25,4.0,2016/17,€22.58m,€24.68m
T1,27/11/2016,Genclerbirligi,Trabzonspor,D,2.0,3.25,3.9,2.0,3.2,3.75,2016/17,€34.78m,€59.85m
T1,27/11/2016,Rizespor,Fenerbahce,A,7.0,3.75,1.53,5.5,3.8,1.57,2016/17,€28.75m,€103.95m
T1,28/11/2016,Konyaspor,Osmanlispor,D,2.6,3.0,2.9,2.6,2.8,2.95,2016/17,€31.80m,€48.30m
T1,03/12/2016,Buyuksehyr,Antalyaspor,D,1.5,4.2,6.25,1.53,4.0,5.75,2016/17,€60.00m,€29.00m
T1,03/12/2016,Fenerbahce,Besiktas,D,1.85,3.6,4.0,1.9,3.6,4.1,2016/17,€103.95m,€136.80m
T1,04/12/2016,Adanaspor,Genclerbirligi,A,4.33,3.5,1.83,4.0,3.4,1.85,2016/17,€15.88m,€34.78m
T1,04/12/2016,Alanyaspor,Konyaspor,A,2.6,3.2,2.75,2.55,3.2,2.65,2016/17,€31.78m,€31.80m
T1,04/12/2016,Gaziantepspor,Akhisar Belediyespor,A,2.4,3.1,3.1,2.45,3.1,2.85,2016/17,€24.68m,€33.20m
T1,04/12/2016,Kasimpasa,Galatasaray,A,3.8,3.6,1.91,3.6,3.6,1.91,2016/17,€32.55m,€88.35m
T1,04/12/2016,Osmanlispor,Karabukspor,H,1.75,3.5,4.75,1.72,3.7,4.33,2016/17,€48.30m,€22.58m
T1,05/12/2016,Bursaspor,Rizespor,H,1.67,3.6,5.25,1.67,3.6,5.0,2016/17,€35.70m,€28.75m
T1,05/12/2016,Kayserispor,Trabzonspor,A,2.3,3.25,3.1,2.3,3.3,2.9,2016/17,€34.35m,€59.85m
T1,09/12/2016,Trabzonspor,Adanaspor,H,1.4,4.5,7.5,1.45,4.2,6.5,2016/17,€59.85m,€15.88m
T1,10/12/2016,Besiktas,Bursaspor,H,1.45,4.33,7.0,1.48,4.1,6.25,2016/17,€136.80m,€35.70m
T1,10/12/2016,Genclerbirligi,Buyuksehyr,D,2.9,3.2,2.45,2.8,3.1,2.5,2016/17,€34.78m,€60.00m
T1,10/12/2016,Rizespor,Kasimpasa,A,2.3,3.2,3.1,2.35,3.2,2.95,2016/17,€28.75m,€32.55m
T1,11/12/2016,Akhisar Belediyespor,Osmanlispor,A,3.0,3.2,2.38,2.95,3.2,2.35,2016/17,€33.20m,€48.30m
T1,11/12/2016,Galatasaray,Gaziantepspor,H,1.33,5.0,8.5,1.33,5.0,8.0,2016/17,€88.35m,€24.68m
T1,11/12/2016,Karabukspor,Alanyaspor,A,1.91,3.4,4.0,1.9,3.3,4.0,2016/17,€22.58m,€31.78m
T1,11/12/2016,Konyaspor,Kayserispor,H,1.91,3.3,4.2,1.83,3.3,4.4,2016/17,€31.80m,€34.35m
T1,12/12/2016,Antalyaspor,Fenerbahce,H,5.25,3.5,1.7,4.75,3.8,1.65,2016/17,€29.00m,€103.95m
T1,17/12/2016,Buyuksehyr,Trabzonspor,H,1.75,3.75,4.33,1.67,3.75,4.6,2016/17,€60.00m,€59.85m
T1,17/12/2016,Kasimpasa,Besiktas,H,7.0,4.33,1.45,6.0,3.9,1.53,2016/17,€32.55m,€136.80m
T1,18/12/2016,Adanaspor,Kayserispor,H,3.1,3.3,2.3,2.95,3.25,2.3,2016/17,€15.88m,€34.35m
T1,18/12/2016,Alanyaspor,Akhisar Belediyespor,D,2.2,3.2,3.4,2.2,3.25,3.1,2016/17,€31.78m,€33.20m
T1,18/12/2016,Gaziantepspor,Rizespor,A,2.6,3.2,2.75,2.55,3.2,2.7,2016/17,€24.68m,€28.75m
T1,18/12/2016,Karabukspor,Konyaspor,D,2.3,3.2,3.2,2.35,3.1,3.0,2016/17,€22.58m,€31.80m
T1,18/12/2016,Osmanlispor,Galatasaray,D,2.5,3.2,2.8,2.65,3.3,2.5,2016/17,€48.30m,€88.35m
T1,19/12/2016,Bursaspor,Antalyaspor,H,2.05,3.4,3.6,1.91,3.4,3.75,2016/17,€35.70m,€29.00m
T1,19/12/2016,Fenerbahce,Genclerbirligi,H,1.44,4.2,7.5,1.42,4.2,7.5,2016/17,€103.95m,€34.78m
T1,24/12/2016,Adanaspor,Buyuksehyr,D,6.0,4.0,1.53,6.0,3.8,1.53,2016/17,€15.88m,€60.00m
T1,24/12/2016,Besiktas,Gaziantepspor,H,1.2,6.5,13.0,1.2,6.0,12.5,2016/17,€136.80m,€24.68m
T1,25/12/2016,Akhisar Belediyespor,Konyaspor,H,2.5,3.1,2.9,2.55,3.0,2.8,2016/17,€33.20m,€31.80m
T1,25/12/2016,Antalyaspor,Kasimpasa,H,1.95,3.5,3.75,2.0,3.4,3.5,2016/17,€29.00m,€32.55m
T1,25/12/2016,Galatasaray,Alanyaspor,H,1.44,4.5,6.5,1.45,4.5,6.0,2016/17,€88.35m,€31.78m
T1,25/12/2016,Kayserispor,Karabukspor,H,2.38,3.2,3.0,2.55,3.1,2.75,2016/17,€34.35m,€22.58m
T1,25/12/2016,Rizespor,Osmanlispor,A,3.5,3.4,2.05,3.3,3.3,2.1,2016/17,€28.75m,€48.30m
T1,26/12/2016,Genclerbirligi,Bursaspor,H,2.05,3.4,3.5,2.15,3.3,3.2,2016/17,€34.78m,€35.70m
T1,26/12/2016,Trabzonspor,Fenerbahce,A,3.8,3.6,1.91,4.1,3.5,1.83,2016/17,€59.85m,€103.95m
T1,13/01/2017,Bursaspor,Trabzonspor,A,2.4,3.3,2.9,2.3,3.3,2.95,2016/17,€35.70m,€59.85m
T1,14/01/2017,Alanyaspor,Rizespor,A,2.15,3.3,3.4,2.1,3.4,3.2,2016/17,€31.78m,€28.75m
T1,14/01/2017,Buyuksehyr,Kayserispor,H,1.4,4.33,8.5,1.4,4.33,7.25,2016/17,€60.00m,€34.35m
T1,14/01/2017,Karabukspor,Akhisar Belediyespor,H,2.3,3.1,3.3,2.2,3.2,3.2,2016/17,€22.58m,€33.20m
T1,14/01/2017,Konyaspor,Galatasaray,A,2.63,3.25,2.63,2.65,3.1,2.6,2016/17,€31.80m,€88.35m
T1,15/01/2017,Fenerbahce,Adanaspor,D,1.17,7.0,15.0,1.16,6.75,14.5,2016/17,€103.95m,€15.88m
T1,15/01/2017,Gaziantepspor,Antalyaspor,A,3.25,3.2,2.25,2.8,3.25,2.4,2016/17,€24.68m,€29.00m
T1,15/01/2017,Kasimpasa,Genclerbirligi,H,2.63,3.2,2.7,2.4,3.2,2.85,2016/17,€32.55m,€34.78m
T1,16/01/2017,Osmanlispor,Besiktas,A,3.1,3.2,2.3,2.75,3.3,2.4,2016/17,€48.30m,€136.80m
T1,21/01/2017,Akhisar Belediyespor,Kayserispor,D,1.91,3.4,4.0,1.91,3.25,4.0,2016/17,€33.20m,€34.35m
T1,21/01/2017,Bursaspor,Adanaspor,A,1.55,4.33,5.25,1.5,4.1,6.0,2016/17,€35.70m,€15.88m
T1,21/01/2017,Karabukspor,Galatasaray,H,3.75,3.4,2.0,3.5,3.25,2.05,2016/17,€22.58m,€88.35m
T1,21/01/2017,Konyaspor,Rizespor,H,1.91,3.4,4.0,1.91,3.3,3.9,2016/17,€31.80m,€28.75m
T1,22/01/2017,Fenerbahce,Buyuksehyr,H,1.95,3.5,3.75,1.91,3.25,4.0,2016/17,€103.95m,€60.00m
T1,22/01/2017,Kasimpasa,Trabzonspor,A,2.8,3.3,2.45,2.65,3.2,2.55,2016/17,€32.55m,€59.85m
T1,22/01/2017,Osmanlispor,Antalyaspor,A,1.7,3.6,5.0,1.72,3.6,4.5,2016/17,€48.30m,€29.00m
T1,23/01/2017,Alanyaspor,Besiktas,A,6.5,4.5,1.44,6.25,4.1,1.48,2016/17,€31.78m,€136.80m
T1,28/01/2017,Antalyaspor,Alanyaspor,H,1.62,4.0,5.0,1.67,3.75,4.75,2016/17,€29.00m,€31.78m
T1,28/01/2017,Galatasaray,Akhisar Belediyespor,H,1.45,4.33,7.0,1.42,4.33,7.0,2016/17,€88.35m,€33.20m
T1,28/01/2017,Rizespor,Karabukspor,H,2.38,3.25,3.0,2.3,3.25,3.0,2016/17,€28.75m,€22.58m
T1,29/01/2017,Buyuksehyr,Bursaspor,H,1.44,4.33,7.0,1.5,3.9,6.5,2016/17,€60.00m,€35.70m
T1,29/01/2017,Genclerbirligi,Osmanlispor,D,2.45,3.25,2.9,2.55,3.1,2.75,2016/17,€34.78m,€48.30m
T1,29/01/2017,Kayserispor,Fenerbahce,H,5.5,4.0,1.57,6.25,3.6,1.55,2016/17,€34.35m,€103.95m
T1,29/01/2017,Trabzonspor,Gaziantepspor,H,1.45,4.2,7.5,1.45,4.2,6.5,2016/17,€59.85m,€24.68m
T1,30/01/2017,Adanaspor,Kasimpasa,H,2.55,3.3,2.7,2.55,3.25,2.6,2016/17,€15.88m,€32.55m
T1,30/01/2017,Besiktas,Konyaspor,H,1.36,4.75,8.0,1.42,4.25,7.0,2016/17,€136.80m,€31.80m
T1,10/02/2017,Karabukspor,Besiktas,H,5.0,3.6,1.7,4.75,3.7,1.67,2016/17,€22.58m,€136.80m
T1,11/02/2017,Alanyaspor,Genclerbirligi,H,2.8,3.25,2.5,2.7,3.2,2.5,2016/17,€31.78m,€34.78m
T1,11/02/2017,Bursaspor,Fenerbahce,D,4.33,3.6,1.8,4.0,3.5,1.83,2016/17,€35.70m,€103.95m
T1,11/02/2017,Osmanlispor,Trabzonspor,A,2.0,3.3,3.75,2.1,3.2,3.4,2016/17,€48.30m,€59.85m
T1,12/02/2017,Akhisar Belediyespor,Rizespor,H,2.05,3.4,3.5,2.05,3.2,3.6,2016/17,€33.20m,€28.75m
T1,12/02/2017,Galatasaray,Kayserispor,A,1.5,4.33,6.0,1.44,4.4,6.25,2016/17,€88.35m,€34.35m
T1,12/02/2017,Kasimpasa,Buyuksehyr,H,4.33,3.6,1.8,4.2,3.5,1.8,2016/17,€32.55m,€60.00m
T1,12/02/2017,Konyaspor,Antalyaspor,D,2.45,3.25,2.88,2.4,3.1,2.9,2016/17,€31.80m,€29.00m
T1,13/02/2017,Gaziantepspor,Adanaspor,H,2.38,3.25,3.0,2.4,3.0,3.0,2016/17,€24.68m,€15.88m
T1,17/02/2017,Kayserispor,Bursaspor,H,2.1,3.2,3.6,2.25,3.3,3.0,2016/17,€34.35m,€35.70m
T1,18/02/2017,Antalyaspor,Karabukspor,H,2.05,3.2,3.8,1.95,3.3,3.75,2016/17,€29.00m,€22.58m
T1,18/02/2017,Buyuksehyr,Gaziantepspor,D,1.3,5.0,10.0,1.25,5.0,13.0,2016/17,€60.00m,€24.68m
T1,18/02/2017,Rizespor,Galatasaray,D,4.0,3.6,1.85,4.33,3.5,1.8,2016/17,€28.75m,€88.35m
T1,19/02/2017,Adanaspor,Osmanlispor,A,3.4,3.2,2.2,3.4,3.2,2.1,2016/17,€15.88m,€48.30m
T1,19/02/2017,Besiktas,Akhisar Belediyespor,H,1.36,4.75,8.0,1.36,4.5,8.5,2016/17,€136.80m,€33.20m
T1,19/02/2017,Fenerbahce,Kasimpasa,D,1.36,4.5,9.0,1.4,4.0,9.0,2016/17,€103.95m,€32.55m
T1,19/02/2017,Genclerbirligi,Konyaspor,H,2.05,3.2,3.8,2.1,3.1,3.5,2016/17,€34.78m,€31.80m
T1,20/02/2017,Trabzonspor,Alanyaspor,D,1.6,3.8,5.75,1.65,3.7,4.85,2016/17,€59.85m,€31.78m
T1,24/02/2017,Kasimpasa,Bursaspor,H,1.95,3.4,3.9,1.95,3.4,3.6,2016/17,€32.55m,€35.70m
T1,24/02/2017,Rizespor,Kayserispor,A,2.1,3.2,3.6,2.25,3.1,3.2,2016/17,€28.75m,€34.35m
T1,25/02/2017,Akhisar Belediyespor,Antalyaspor,H,2.45,3.25,2.88,2.45,3.1,2.9,2016/17,€33.20m,€29.00m
T1,25/02/2017,Alanyaspor,Adanaspor,H,1.95,3.5,3.8,2.0,3.6,3.3,2016/17,€31.78m,€15.88m
T1,25/02/2017,Konyaspor,Trabzonspor,D,2.9,3.1,2.5,2.9,3.1,2.45,2016/17,€31.80m,€59.85m
T1,26/02/2017,Gaziantepspor,Fenerbahce,D,4.75,3.6,1.73,5.0,3.5,1.67,2016/17,€24.68m,€103.95m
T1,26/02/2017,Karabukspor,Genclerbirligi,H,2.3,3.2,2.9,2.35,3.1,3.0,2016/17,€22.58m,€34.78m
T1,26/02/2017,Osmanlispor,Buyuksehyr,A,2.5,3.2,2.8,2.5,3.2,2.7,2016/17,€48.30m,€60.00m
T1,27/02/2017,Galatasaray,Besiktas,A,2.88,3.3,2.4,2.8,3.3,2.4,2016/17,€88.35m,€136.80m
T1,03/03/2017,Trabzonspor,Karabukspor,H,1.8,3.6,4.33,1.85,3.5,3.9,2016/17,€59.85m,€22.58m
T1,04/03/2017,Besiktas,Rizespor,H,1.3,5.0,10.0,1.34,4.6,8.75,2016/17,€136.80m,€28.75m
T1,04/03/2017,Bursaspor,Gaziantepspor,H,1.91,3.5,3.9,1.91,3.3,3.9,2016/17,€35.70m,€24.68m
T1,05/03/2017,Adanaspor,Konyaspor,A,2.9,3.25,2.45,2.8,3.1,2.5,2016/17,€15.88m,€31.80m
T1,05/03/2017,Buyuksehyr,Alanyaspor,H,1.45,4.33,7.0,1.44,4.33,6.5,2016/17,€60.00m,€31.78m
T1,05/03/2017,Fenerbahce,Osmanlispor,H,1.83,3.6,4.2,1.75,3.6,4.4,2016/17,€103.95m,€48.30m
T1,05/03/2017,Kayserispor,Kasimpasa,D,2.15,3.4,3.3,2.15,3.25,3.3,2016/17,€34.35m,€32.55m
T1,06/03/2017,Antalyaspor,Galatasaray,A,3.1,3.4,2.25,3.1,3.3,2.2,2016/17,€29.00m,€88.35m
T1,06/03/2017,Genclerbirligi,Akhisar Belediyespor,H,2.2,3.1,3.5,2.15,3.1,3.4,2016/17,€34.78m,€33.20m
T1,10/03/2017,Alanyaspor,Fenerbahce,A,4.0,3.5,1.91,3.8,3.6,1.85,2016/17,€31.78m,€103.95m
T1,11/03/2017,Galatasaray,Genclerbirligi,H,1.65,3.5,5.75,1.62,3.9,4.75,2016/17,€88.35m,€34.78m
T1,11/03/2017,Gaziantepspor,Kasimpasa,A,2.25,3.1,3.3,2.4,3.4,2.7,2016/17,€24.68m,€32.55m
T1,11/03/2017,Karabukspor,Adanaspor,H,1.62,3.6,6.0,1.62,3.75,5.0,2016/17,€22.58m,€15.88m
T1,11/03/2017,Osmanlispor,Bursaspor,D,1.57,3.8,6.0,1.6,3.75,5.25,2016/17,€48.30m,€35.70m
T1,12/03/2017,Besiktas,Kayserispor,D,1.36,4.75,8.5,1.33,4.6,8.75,2016/17,€136.80m,€34.35m
T1,12/03/2017,Konyaspor,Buyuksehyr,A,3.3,3.2,2.25,3.0,3.3,2.25,2016/17,€31.80m,€60.00m
T1,12/03/2017,Rizespor,Antalyaspor,A,2.5,3.3,2.8,2.4,3.4,2.7,2016/17,€28.75m,€29.00m
T1,13/03/2017,Akhisar Belediyespor,Trabzonspor,A,2.88,3.2,2.5,2.8,3.1,2.5,2016/17,€33.20m,€59.85m
T1,17/03/2017,Fenerbahce,Konyaspor,A,1.44,4.2,7.5,1.4,4.25,7.75,2016/17,€103.95m,€31.80m
T1,18/03/2017,Adanaspor,Akhisar Belediyespor,H,2.7,3.2,2.6,2.75,3.2,2.5,2016/17,€15.88m,€33.20m
T1,18/03/2017,Kasimpasa,Osmanlispor,H,2.7,3.4,2.5,2.5,3.3,2.65,2016/17,€32.55m,€48.30m
T1,18/03/2017,Kayserispor,Gaziantepspor,A,1.83,3.5,4.33,1.78,3.6,4.2,2016/17,€34.35m,€24.68m
T1,18/03/2017,Trabzonspor,Galatasaray,H,2.2,3.4,3.2,2.25,3.3,3.0,2016/17,€59.85m,€88.35m
T1,19/03/2017,Antalyaspor,Besiktas,D,4.33,3.6,1.8,4.0,3.5,1.85,2016/17,€29.00m,€136.80m
T1,19/03/2017,Bursaspor,Alanyaspor,A,2.05,3.6,3.3,2.0,3.6,3.3,2016/17,€35.70m,€31.78m
T1,19/03/2017,Buyuksehyr,Karabukspor,D,1.62,3.8,5.5,1.65,3.8,4.75,2016/17,€60.00m,€22.58m
T1,19/03/2017,Genclerbirligi,Rizespor,H,1.85,3.3,4.5,1.83,3.25,4.4,2016/17,€34.78m,€28.75m
T1,01/04/2017,Akhisar Belediyespor,Buyuksehyr,H,3.8,3.2,2.05,3.5,3.25,2.05,2016/17,€33.20m,€60.00m
T1,01/04/2017,Alanyaspor,Kasimpasa,H,2.1,3.5,3.3,2.05,3.5,3.25,2016/17,€31.78m,€32.55m
T1,01/04/2017,Antalyaspor,Kayserispor,H,2.1,3.4,3.4,2.1,3.3,3.3,2016/17,€29.00m,€34.35m
T1,01/04/2017,Karabukspor,Fenerbahce,A,3.6,3.2,2.1,3.25,3.3,2.15,2016/17,€22.58m,€103.95m
T1,02/04/2017,Besiktas,Genclerbirligi,H,1.44,4.33,7.0,1.45,4.25,6.5,2016/17,€136.80m,€34.78m
T1,02/04/2017,Konyaspor,Bursaspor,H,1.75,3.4,5.0,1.75,3.4,4.6,2016/17,€31.80m,€35.70m
T1,02/04/2017,Osmanlispor,Gaziantepspor,A,1.62,3.6,5.75,1.6,3.75,5.25,2016/17,€48.30m,€24.68m
T1,02/04/2017,Rizespor,Trabzonspor,A,3.0,3.4,2.3,2.9,3.25,2.35,2016/17,€28.75m,€59.85m
T1,03/04/2017,Galatasaray,Adanaspor,H,1.36,5.0,7.5,1.34,4.75,8.0,2016/17,€88.35m,€15.88m
T1,07/04/2017,Bursaspor,Karabukspor,H,2.15,3.3,3.4,2.15,3.25,3.25,2016/17,€35.70m,€22.58m
T1,08/04/2017,Gaziantepspor,Alanyaspor,A,2.38,3.2,3.0,2.3,3.2,3.0,2016/17,€24.68m,€31.78m
T1,08/04/2017,Genclerbirligi,Antalyaspor,D,2.05,3.3,3.6,2.0,3.3,3.6,2016/17,€34.78m,€29.00m
T1,08/04/2017,Trabzonspor,Besiktas,A,2.88,3.3,2.4,3.0,3.2,2.3,2016/17,€59.85m,€136.80m
T1,09/04/2017,Adanaspor,Rizespor,A,2.5,3.25,2.8,2.35,3.25,2.85,2016/17,€15.88m,€28.75m
T1,09/04/2017,Fenerbahce,Akhisar Belediyespor,H,1.36,4.33,10.0,1.34,4.5,9.25,2016/17,€103.95m,€33.20m
T1,09/04/2017,Kayserispor,Osmanlispor,A,2.45,3.25,2.88,2.4,3.2,2.85,2016/17,€34.35m,€48.30m
T1,10/04/2017,Buyuksehyr,Galatasaray,H,2.15,3.3,3.4,2.25,3.2,3.1,2016/17,€60.00m,€88.35m
T1,10/04/2017,Kasimpasa,Konyaspor,D,2.1,3.25,3.6,2.05,3.25,3.5,2016/17,€32.55m,€31.80m
T1,12/04/2017,Gaziantepspor,Genclerbirligi,A,3.1,3.1,2.4,2.95,3.3,2.3,2016/17,€24.68m,€34.78m
T1,21/04/2017,Karabukspor,Kasimpasa,D,2.15,3.4,3.25,2.15,3.25,3.25,2016/17,€22.58m,€32.55m
T1,21/04/2017,Konyaspor,Gaziantepspor,A,1.91,3.3,4.2,1.83,3.4,4.2,2016/17,€31.80m,€24.68m
T1,22/04/2017,Alanyaspor,Osmanlispor,A,2.38,3.5,2.8,2.4,3.3,2.8,2016/17,€31.78m,€48.30m
T1,22/04/2017,Antalyaspor,Trabzonspor,A,3.0,3.1,2.45,2.85,3.25,2.35,2016/17,€29.00m,€59.85m
T1,22/04/2017,Genclerbirligi,Kayserispor,H,2.05,3.2,3.8,2.05,3.25,3.5,2016/17,€34.78m,€34.35m
T1,22/04/2017,Rizespor,Buyuksehyr,D,4.0,3.2,2.0,3.7,3.25,2.0,2016/17,€28.75m,€60.00m
T1,23/04/2017,Akhisar Belediyespor,Bursaspor,H,2.0,3.2,4.0,2.0,3.4,3.5,2016/17,€33.20m,€35.70m
T1,23/04/2017,Galatasaray,Fenerbahce,A,2.63,3.1,2.75,2.5,3.4,2.8,2016/17,€88.35m,€103.95m
T1,24/04/2017,Besiktas,Adanaspor,H,1.17,6.5,17.0,1.2,6.75,9.75,2016/17,€136.80m,€15.88m
T1,28/04/2017,Gaziantepspor,Karabukspor,D,2.05,3.4,3.5,2.05,3.4,3.3,2016/17,€24.68m,€22.58m
T1,29/04/2017,Kayserispor,Alanyaspor,H,2.0,3.5,3.6,1.87,3.5,3.9,2016/17,€34.35m,€31.78m
T1,29/04/2017,Trabzonspor,Genclerbirligi,D,1.57,4.0,5.5,1.65,3.7,5.0,2016/17,€59.85m,€34.78m
T1,30/04/2017,Adanaspor,Antalyaspor,A,3.2,3.3,2.25,2.9,3.4,2.25,2016/17,€15.88m,€29.00m
T1,30/04/2017,Buyuksehyr,Besiktas,H,3.4,3.5,2.05,3.5,3.4,2.0,2016/17,€60.00m,€136.80m
T1,30/04/2017,Fenerbahce,Rizespor,H,1.36,4.75,8.5,1.35,4.75,7.75,2016/17,€103.95m,€28.75m
T1,30/04/2017,Kasimpasa,Akhisar Belediyespor,A,1.91,3.5,4.0,1.9,3.5,3.75,2016/17,€32.55m,€33.20m
T1,01/05/2017,Bursaspor,Galatasaray,A,3.75,3.4,2.0,3.4,3.5,2.0,2016/17,€35.70m,€88.35m
T1,01/05/2017,Osmanlispor,Konyaspor,D,1.65,3.8,5.25,1.65,3.7,5.0,2016/17,€48.30m,€31.80m
T1,05/05/2017,Antalyaspor,Buyuksehyr,A,3.3,3.5,2.1,3.3,3.1,2.2,2016/17,€29.00m,€60.00m
T1,06/05/2017,Galatasaray,Kasimpasa,A,1.44,4.33,7.0,1.45,4.33,6.25,2016/17,€88.35m,€32.55m
T1,06/05/2017,Genclerbirligi,Adanaspor,A,1.5,4.33,6.0,1.48,4.25,5.75,2016/17,€34.78m,€15.88m
T1,06/05/2017,Konyaspor,Alanyaspor,A,2.0,3.3,3.75,2.1,3.25,3.4,2016/17,€31.80m,€31.78m
T1,06/05/2017,Trabzonspor,Kayserispor,A,1.62,3.75,5.5,1.55,3.75,6.0,2016/17,€59.85m,€34.35m
T1,07/05/2017,Besiktas,Fenerbahce,D,1.8,3.6,4.33,1.87,3.5,4.4,2016/17,€136.80m,€103.95m
T1,07/05/2017,Rizespor,Bursaspor,H,1.8,3.6,4.33,1.85,3.3,4.2,2016/17,€28.75m,€35.70m
T1,08/05/2017,Akhisar Belediyespor,Gaziantepspor,H,2.0,3.4,3.75,1.95,3.4,3.7,2016/17,€33.20m,€24.68m
T1,08/05/2017,Karabukspor,Osmanlispor,H,2.63,3.4,2.55,2.65,3.25,2.55,2016/17,€22.58m,€48.30m
T1,12/05/2017,Kasimpasa,Rizespor,H,2.8,3.7,2.3,2.9,3.6,2.2,2016/17,€32.55m,€28.75m
T1,12/05/2017,Kayserispor,Konyaspor,H,1.44,4.5,6.5,1.5,4.1,6.0,2016/17,€34.35m,€31.80m
T1,13/05/2017,Adanaspor,Trabzonspor,D,5.5,3.8,1.62,5.0,4.1,1.57,2016/17,€15.88m,€59.85m
T1,13/05/2017,Buyuksehyr,Genclerbirligi,H,1.3,4.75,12.0,1.33,4.6,9.25,2016/17,€60.00m,€34.78m
T1,13/05/2017,Fenerbahce,Antalyaspor,A,1.53,4.33,5.5,1.55,4.1,5.25,2016/17,€103.95m,€29.00m
T1,14/05/2017,Alanyaspor,Karabukspor,H,1.75,3.75,4.5,1.75,3.6,4.33,2016/17,€31.78m,€22.58m
T1,14/05/2017,Gaziantepspor,Galatasaray,A,4.0,3.75,1.83,3.8,3.75,1.83,2016/17,€24.68m,€88.35m
T1,14/05/2017,Osmanlispor,Akhisar Belediyespor,A,1.91,3.4,4.0,1.91,3.3,3.9,2016/17,€48.30m,€33.20m
T1,15/05/2017,Bursaspor,Besiktas,A,13.0,5.25,1.25,10.5,5.5,1.25,2016/17,€35.70m,€136.80m
T1,19/05/2017,Galatasaray,Osmanlispor,H,1.4,4.5,6.5,1.45,4.2,6.5,2016/17,€88.35m,€48.30m
T1,20/05/2017,Antalyaspor,Bursaspor,H,1.33,5.0,8.5,1.36,4.75,7.25,2016/17,€29.00m,€35.70m
T1,20/05/2017,Besiktas,Kasimpasa,H,1.14,7.5,17.0,1.14,7.25,15.0,2016/17,€136.80m,€32.55m
T1,20/05/2017,Kayserispor,Adanaspor,D,1.3,4.75,9.0,1.35,4.6,8.0,2016/17,€34.35m,€15.88m
T1,20/05/2017,Rizespor,Gaziantepspor,H,1.62,4.0,5.0,1.67,3.8,4.5,2016/17,€28.75m,€24.68m
T1,21/05/2017,Konyaspor,Karabukspor,H,2.1,3.2,3.25,2.1,3.2,3.4,2016/17,€31.80m,€22.58m
T1,21/05/2017,Trabzonspor,Buyuksehyr,D,2.8,3.4,2.4,2.85,3.4,2.3,2016/17,€59.85m,€60.00m
T1,22/05/2017,Akhisar Belediyespor,Alanyaspor,H,1.91,3.4,4.0,1.9,3.4,3.9,2016/17,€33.20m,€31.78m
T1,22/05/2017,Genclerbirligi,Fenerbahce,A,4.0,3.4,1.91,3.8,3.7,1.83,2016/17,€34.78m,€103.95m
T1,27/05/2017,Buyuksehyr,Adanaspor,H,1.2,6.0,15.0,1.2,6.0,13.0,2016/17,€60.00m,€15.88m
T1,27/05/2017,Fenerbahce,Trabzonspor,D,1.8,3.4,4.75,1.78,3.5,4.33,2016/17,€103.95m,€59.85m
T1,27/05/2017,Kasimpasa,Antalyaspor,A,3.25,3.75,2.05,3.1,3.4,2.15,2016/17,€32.55m,€29.00m
T1,27/05/2017,Konyaspor,Akhisar Belediyespor,A,3.4,3.25,2.15,3.1,3.3,2.2,2016/17,€31.80m,€33.20m
T1,28/05/2017,Bursaspor,Genclerbirligi,A,1.57,4.2,5.25,1.7,3.7,4.6,2016/17,€35.70m,€34.78m
T1,28/05/2017,Gaziantepspor,Besiktas,A,16.0,8.0,1.14,19.5,7.25,1.12,2016/17,€24.68m,€136.80m
T1,28/05/2017,Karabukspor,Kayserispor,D,2.05,3.75,3.2,2.15,3.3,3.2,2016/17,€22.58m,€34.35m
T1,28/05/2017,Osmanlispor,Rizespor,A,3.0,3.4,2.3,2.85,3.4,2.3,2016/17,€48.30m,€28.75m
T1,29/05/2017,Alanyaspor,Galatasaray,A,4.75,4.0,1.65,4.75,3.7,1.67,2016/17,€31.78m,€88.35m
T1,02/06/2017,Akhisar Belediyespor,Karabukspor,A,1.33,5.0,8.5,1.36,4.75,7.5,2016/17,€33.20m,€22.58m
T1,02/06/2017,Antalyaspor,Gaziantepspor,H,1.36,5.0,7.5,1.4,4.75,6.5,2016/17,€29.00m,€24.68m
T1,02/06/2017,Genclerbirligi,Kasimpasa,H,1.91,3.75,3.6,1.95,3.6,3.5,2016/17,€34.78m,€32.55m
T1,03/06/2017,Adanaspor,Fenerbahce,A,8.5,5.5,1.3,9.25,5.25,1.28,2016/17,€15.88m,€103.95m
T1,03/06/2017,Besiktas,Osmanlispor,H,1.22,6.25,11.0,1.22,6.0,10.5,2016/17,€136.80m,€48.30m
T1,03/06/2017,Galatasaray,Konyaspor,H,1.2,7.0,11.0,1.25,5.75,9.75,2016/17,€88.35m,€31.80m
T1,03/06/2017,Kayserispor,Buyuksehyr,A,2.88,3.6,2.3,2.95,3.5,2.2,2016/17,€34.35m,€60.00m
T1,03/06/2017,Rizespor,Alanyaspor,H,1.29,6.0,8.0,1.33,5.25,7.25,2016/17,€28.75m,€31.78m
T1,03/06/2017,Trabzonspor,Bursaspor,A,2.9,3.5,2.3,2.6,3.75,2.35,2016/17,€59.85m,€35.70m
T1,11/08/2017,Buyuksehyr,Bursaspor,H,1.36,4.75,8.5,1.4,4.25,7.75,2017/18,€51.80m,€31.90m
T1,12/08/2017,Akhisar Belediyespor,Sivasspor,H,2.0,3.4,3.75,2.05,3.25,3.5,2017/18,€18.60m,€22.93m
T1,12/08/2017,Alanyaspor,Kasimpasa,A,2.15,3.4,3.3,2.2,3.4,3.0,2017/18,€29.18m,€23.80m
T1,12/08/2017,Genclerbirligi,Karabukspor,D,2.0,3.5,3.6,1.9,3.3,4.0,2017/18,€16.90m,€14.75m
T1,12/08/2017,Goztep,Fenerbahce,D,4.75,3.6,1.73,4.75,3.6,1.7,2017/18,€24.60m,€74.93m
T1,13/08/2017,Besiktas,Antalyaspor,H,1.4,4.5,7.5,1.4,4.5,6.75,2017/18,€122.55m,€30.15m
T1,13/08/2017,Trabzonspor,Konyaspor,H,1.65,3.5,5.75,1.67,3.7,4.75,2017/18,€64.55m,€26.28m
T1,13/08/2017,Yeni Malatyaspor,Osmanlispor,H,2.88,3.2,2.5,2.8,3.25,2.4,2017/18,€18.73m,€25.50m
T1,14/08/2017,Galatasaray,Kayserispor,H,1.53,3.75,7.0,1.55,4.25,5.0,2017/18,€96.05m,€22.65m
T1,18/08/2017,Kasimpasa,Besiktas,D,4.75,4.0,1.67,4.75,3.75,1.67,2017/18,€23.80m,€122.55m
T1,19/08/2017,Bursaspor,Alanyaspor,H,2.0,3.6,3.5,2.0,3.4,3.5,2017/18,€31.90m,€29.18m
T1,19/08/2017,Karabukspor,Buyuksehyr,H,3.5,3.4,2.05,3.6,3.3,2.0,2017/18,€14.75m,€51.80m
T1,19/08/2017,Osmanlispor,Galatasaray,A,4.5,3.5,1.8,4.0,3.5,1.85,2017/18,€25.50m,€96.05m
T1,19/08/2017,Sivasspor,Yeni Malatyaspor,H,2.1,3.3,3.5,2.1,3.2,3.4,2017/18,€22.93m,€18.73m
T1,20/08/2017,Antalyaspor,Akhisar Belediyespor,D,1.91,3.5,3.9,2.0,3.3,3.6,2017/18,€30.15m,€18.60m
T1,20/08/2017,Fenerbahce,Trabzonspor,D,1.8,3.5,4.5,1.8,3.4,4.25,2017/18,€74.93m,€64.55m
T1,20/08/2017,Kayserispor,Goztep,H,2.0,3.4,3.75,2.0,3.2,3.8,2017/18,€22.65m,€24.60m
T1,21/08/2017,Konyaspor,Genclerbirligi,H,2.2,3.2,3.4,2.2,3.1,3.3,2017/18,€26.28m,€16.90m
T1,25/08/2017,Alanyaspor,Karabukspor,D,2.1,3.5,3.3,2.1,3.25,3.4,2017/18,€29.18m,€14.75m
T1,25/08/2017,Galatasaray,Sivasspor,H,1.36,4.75,8.5,1.3,5.0,8.75,2017/18,€96.05m,€22.93m
T1,26/08/2017,Besiktas,Bursaspor,H,1.36,5.0,7.5,1.35,5.0,7.25,2017/18,€122.55m,€31.90m
T1,26/08/2017,Goztep,Trabzonspor,H,3.8,3.3,2.0,3.8,3.2,2.0,2017/18,€24.60m,€64.55m
T1,26/08/2017,Kayserispor,Osmanlispor,D,2.4,3.3,2.9,2.4,3.2,2.85,2017/18,€22.65m,€25.50m
T1,26/08/2017,Yeni Malatyaspor,Antalyaspor,D,3.0,3.1,2.45,2.85,3.2,2.4,2017/18,€18.73m,€30.15m
T1,27/08/2017,Akhisar Belediyespor,Kasimpasa,H,2.0,3.3,3.8,1.95,3.4,3.6,2017/18,€18.60m,€23.80m
T1,27/08/2017,Buyuksehyr,Konyaspor,H,1.44,4.75,6.0,1.48,4.5,5.5,2017/18,€51.80m,€26.28m
T1,27/08/2017,Genclerbirligi,Fenerbahce,A,4.0,3.5,1.95,3.8,3.4,1.91,2017/18,€16.90m,€74.93m
T1,09/09/2017,Fenerbahce,Buyuksehyr,A,2.05,3.25,3.75,2.0,3.3,3.6,2017/18,€74.93m,€51.80m
T1,09/09/2017,Karabukspor,Besiktas,A,4.33,3.4,1.85,3.9,3.5,1.85,2017/18,€14.75m,€122.55m
T1,09/09/2017,Konyaspor,Alanyaspor,A,2.0,3.3,3.75,2.0,3.4,3.5,2017/18,€26.28m,€29.18m
T1,09/09/2017,Sivasspor,Kayserispor,A,2.25,3.2,3.2,2.25,3.2,3.1,2017/18,€22.93m,€22.65m
T1,10/09/2017,Antalyaspor,Galatasaray,D,3.75,3.6,1.91,3.6,3.4,1.95,2017/18,€30.15m,€96.05m
T1,10/09/2017,Bursaspor,Akhisar Belediyespor,H,2.38,3.3,2.9,2.3,3.3,2.9,2017/18,€31.90m,€18.60m
T1,10/09/2017,Osmanlispor,Goztep,A,1.8,3.75,4.2,1.8,3.6,4.0,2017/18,€25.50m,€24.60m
T1,10/09/2017,Trabzonspor,Genclerbirligi,H,1.57,3.8,6.0,1.6,3.8,5.25,2017/18,€64.55m,€16.90m
T1,11/09/2017,Kasimpasa,Yeni Malatyaspor,H,1.8,3.75,4.2,1.85,3.5,4.0,2017/18,€23.80m,€18.73m
T1,15/09/2017,Kayserispor,Antalyaspor,H,2.38,3.3,2.9,2.45,3.4,2.65,2017/18,€22.65m,€30.15m
T1,16/09/2017,Akhisar Belediyespor,Karabukspor,H,1.85,3.6,4.0,1.83,3.6,3.9,2017/18,€18.60m,€14.75m
T1,16/09/2017,Galatasaray,Kasimpasa,H,1.3,5.75,8.5,1.28,5.75,8.0,2017/18,€96.05m,€23.80m
T1,16/09/2017,Yeni Malatyaspor,Bursaspor,A,2.4,3.4,2.8,2.3,3.5,2.8,2017/18,€18.73m,€31.90m
T1,17/09/2017,Alanyaspor,Fenerbahce,A,3.4,3.5,2.05,3.6,3.6,1.91,2017/18,€29.18m,€74.93m
T1,17/09/2017,Buyuksehyr,Trabzonspor,D,1.85,3.4,4.33,1.8,3.6,4.1,2017/18,€51.80m,€64.55m
T1,17/09/2017,Goztep,Genclerbirligi,H,2.0,3.4,3.75,1.95,3.4,3.7,2017/18,€24.60m,€16.90m
T1,17/09/2017,Osmanlispor,Sivasspor,A,1.85,3.3,4.5,1.85,3.4,4.0,2017/18,€25.50m,€22.93m
T1,18/09/2017,Besiktas,Konyaspor,H,1.4,4.5,7.5,1.4,4.5,7.0,2017/18,€122.55m,€26.28m
T1,22/09/2017,Trabzonspor,Alanyaspor,A,1.45,4.5,6.5,1.5,4.0,6.25,2017/18,€64.55m,€29.18m
T1,23/09/2017,Fenerbahce,Besiktas,H,2.6,3.2,2.75,2.45,3.25,2.75,2017/18,€74.93m,€122.55m
T1,23/09/2017,Genclerbirligi,Buyuksehyr,H,5.0,3.5,1.73,4.2,3.5,1.8,2017/18,€16.90m,€51.80m
T1,23/09/2017,Konyaspor,Akhisar Belediyespor,H,2.7,3.1,2.7,2.6,3.1,2.7,2017/18,€26.28m,€18.60m
T1,24/09/2017,Bursaspor,Galatasaray,A,5.75,3.8,1.6,4.75,3.9,1.62,2017/18,€31.90m,€96.05m
T1,24/09/2017,Karabukspor,Yeni Malatyaspor,A,1.85,3.5,4.2,1.91,3.4,3.8,2017/18,€14.75m,€18.73m
T1,24/09/2017,Kasimpasa,Kayserispor,D,2.15,3.5,3.2,1.95,3.5,3.5,2017/18,€23.80m,€22.65m
T1,24/09/2017,Sivasspor,Goztep,A,2.05,3.3,3.6,2.15,3.4,3.1,2017/18,€22.93m,€24.60m
T1,25/09/2017,Antalyaspor,Osmanlispor,H,2.0,3.4,3.75,2.0,3.4,3.5,2017/18,€30.15m,€25.50m
T1,29/09/2017,Akhisar Belediyespor,Fenerbahce,H,3.4,3.2,2.2,3.25,3.4,2.1,2017/18,€18.60m,€74.93m
T1,30/09/2017,Galatasaray,Karabukspor,H,1.3,5.0,10.0,1.26,5.75,8.75,2017/18,€96.05m,€14.75m
T1,30/09/2017,Kayserispor,Bursaspor,H,2.0,3.4,3.75,2.0,3.4,3.5,2017/18,€22.65m,€31.90m
T1,30/09/2017,Osmanlispor,Kasimpasa,H,1.95,3.75,3.5,2.1,3.4,3.2,2017/18,€25.50m,€23.80m
T1,30/09/2017,Sivasspor,Antalyaspor,H,2.38,3.3,2.9,2.45,3.25,2.75,2017/18,€22.93m,€30.15m
T1,01/10/2017,Alanyaspor,Genclerbirligi,H,2.0,3.5,3.6,1.91,3.5,3.7,2017/18,€29.18m,€16.90m
T1,01/10/2017,Besiktas,Trabzonspor,D,1.85,3.4,4.33,1.95,3.4,3.6,2017/18,€122.55m,€64.55m
T1,01/10/2017,Goztep,Buyuksehyr,A,3.6,3.6,1.95,3.6,3.5,1.95,2017/18,€24.60m,€51.80m
T1,01/10/2017,Yeni Malatyaspor,Konyaspor,D,2.38,3.2,3.0,2.55,3.25,2.65,2017/18,€18.73m,€26.28m
T1,13/10/2017,Genclerbirligi,Besiktas,H,5.5,4.0,1.57,5.25,3.9,1.57,2017/18,€16.90m,€122.55m
T1,14/10/2017,Antalyaspor,Goztep,A,2.0,3.5,3.6,2.0,3.7,3.25,2017/18,€30.15m,€24.60m
T1,14/10/2017,Buyuksehyr,Alanyaspor,H,1.5,4.33,6.0,1.45,4.4,6.0,2017/18,€51.80m,€29.18m
T1,14/10/2017,Karabukspor,Kayserispor,H,2.25,3.3,3.2,2.45,3.3,2.7,2017/18,€14.75m,€22.65m
T1,14/10/2017,Konyaspor,Galatasaray,A,5.0,3.8,1.65,4.75,3.7,1.67,2017/18,€26.28m,€96.05m
T1,15/10/2017,Fenerbahce,Yeni Malatyaspor,H,1.45,4.5,6.5,1.44,4.5,6.0,2017/18,€74.93m,€18.73m
T1,15/10/2017,Kasimpasa,Sivasspor,A,2.25,3.4,3.1,2.25,3.4,2.9,2017/18,€23.80m,€22.93m
T1,15/10/2017,Trabzonspor,Akhisar Belediyespor,A,1.7,3.75,4.75,1.7,3.5,4.75,2017/18,€64.55m,€18.60m
T1,16/10/2017,Bursaspor,Osmanlispor,H,2.5,3.2,2.8,2.4,3.3,2.75,2017/18,€31.90m,€25.50m
T1,20/10/2017,Antalyaspor,Kasimpasa,H,1.72,3.89,4.33,1.8,3.5,4.2,2017/18,€30.15m,€23.80m
T1,20/10/2017,Goztep,Alanyaspor,D,1.9,3.79,3.6,1.9,3.5,3.75,2017/18,€24.60m,€29.18m
T1,21/10/2017,Akhisar Belediyespor,Genclerbirligi,D,1.72,3.6,4.75,1.72,3.6,4.5,2017/18,€18.60m,€16.90m
T1,21/10/2017,Osmanlispor,Karabukspor,H,1.72,3.6,5.0,1.75,3.4,4.75,2017/18,€25.50m,€14.75m
T1,21/10/2017,Yeni Malatyaspor,Trabzonspor,H,3.39,3.25,2.14,3.4,3.5,2.0,2017/18,€18.73m,€64.55m
T1,22/10/2017,Galatasaray,Fenerbahce,D,1.83,3.39,4.5,1.91,3.4,3.8,2017/18,€96.05m,€74.93m
T1,22/10/2017,Kayserispor,Konyaspor,H,1.83,3.5,4.2,1.95,3.3,3.75,2017/18,€22.65m,€26.28m
T1,22/10/2017,Sivasspor,Bursaspor,D,1.95,3.39,3.79,2.05,3.4,3.4,2017/18,€22.93m,€31.90m
T1,23/10/2017,Besiktas,Buyuksehyr,D,1.75,3.5,4.75,1.72,3.7,4.4,2017/18,€122.55m,€51.80m
T1,27/10/2017,Kasimpasa,Goztep,H,2.37,3.39,2.87,2.3,3.3,2.9,2017/18,€23.80m,€24.60m
T1,28/10/2017,Alanyaspor,Besiktas,A,5.25,3.75,1.64,4.5,3.75,1.7,2017/18,€29.18m,€122.55m
T1,28/10/2017,Buyuksehyr,Akhisar Belediyespor,H,1.66,3.5,5.75,1.65,3.6,5.0,2017/18,€51.80m,€18.60m
T1,28/10/2017,Genclerbirligi,Yeni Malatyaspor,A,2.0,3.39,3.75,1.95,3.25,3.8,2017/18,€16.90m,€18.73m
T1,29/10/2017,Bursaspor,Antalyaspor,H,2.39,3.25,2.89,2.4,3.25,2.8,2017/18,€31.90m,€30.15m
T1,29/10/2017,Karabukspor,Sivasspor,A,2.5,3.25,2.79,2.35,3.3,2.85,2017/18,€14.75m,€22.93m
T1,29/10/2017,Konyaspor,Osmanlispor,H,2.7,3.1,2.7,2.5,3.2,2.75,2017/18,€26.28m,€25.50m
T1,29/10/2017,Trabzonspor,Galatasaray,H,3.89,3.89,1.8,3.75,3.6,1.87,2017/18,€64.55m,€96.05m
T1,30/10/2017,Fenerbahce,Kayserispor,D,1.44,4.33,7.0,1.48,4.2,6.0,2017/18,€74.93m,€22.65m
T1,03/11/2017,Galatasaray,Genclerbirligi,H,1.33,5.25,8.0,1.36,4.75,7.25,2017/18,€96.05m,€16.90m
T1,04/11/2017,Antalyaspor,Karabukspor,H,1.66,3.5,5.5,1.65,3.6,5.0,2017/18,€30.15m,€14.75m
T1,04/11/2017,Kasimpasa,Bursaspor,D,2.25,3.5,3.0,2.4,3.3,2.8,2017/18,€23.80m,€31.90m
T1,04/11/2017,Kayserispor,Trabzonspor,D,2.79,3.2,2.5,2.7,3.25,2.5,2017/18,€22.65m,€64.55m
T1,04/11/2017,Osmanlispor,Fenerbahce,D,3.7,3.6,1.95,3.4,3.4,2.05,2017/18,€25.50m,€74.93m
T1,05/11/2017,Akhisar Belediyespor,Alanyaspor,A,1.9,3.5,4.0,1.83,3.6,3.9,2017/18,€18.60m,€29.18m
T1,05/11/2017,Goztep,Besiktas,A,4.33,4.2,1.66,4.6,3.9,1.65,2017/18,€24.60m,€122.55m
T1,05/11/2017,Sivasspor,Konyaspor,H,2.2,3.2,3.39,2.15,3.2,3.3,2017/18,€22.93m,€26.28m
T1,05/11/2017,Yeni Malatyaspor,Buyuksehyr,A,3.5,3.39,2.04,3.5,3.4,2.0,2017/18,€18.73m,€51.80m
T1,17/11/2017,Besiktas,Akhisar Belediyespor,D,1.39,4.75,7.0,1.42,4.5,6.5,2017/18,€122.55m,€18.60m
T1,18/11/2017,Bursaspor,Goztep,D,1.95,3.75,3.5,1.95,3.75,3.3,2017/18,€31.90m,€24.60m
T1,18/11/2017,Buyuksehyr,Galatasaray,H,2.7,3.2,2.62,2.7,3.2,2.55,2017/18,€51.80m,€96.05m
T1,18/11/2017,Konyaspor,Antalyaspor,D,2.29,3.29,3.1,2.35,3.2,2.95,2017/18,€26.28m,€30.15m
T1,19/11/2017,Alanyaspor,Yeni Malatyaspor,H,1.95,3.5,3.7,1.95,3.4,3.7,2017/18,€29.18m,€18.73m
T1,19/11/2017,Fenerbahce,Sivasspor,H,1.66,3.79,5.0,1.62,3.75,5.0,2017/18,€74.93m,€22.93m
T1,19/11/2017,Genclerbirligi,Kayserispor,A,2.54,3.25,2.75,2.5,3.2,2.7,2017/18,€16.90m,€22.65m
T1,20/11/2017,Karabukspor,Kasimpasa,A,2.29,3.2,3.1,2.25,3.2,3.1,2017/18,€14.75m,€23.80m
T1,24/11/2017,Osmanlispor,Genclerbirligi,H,1.75,3.6,4.5,1.78,3.6,4.2,2017/18,€25.50m,€16.90m
T1,25/11/2017,Galatasaray,Alanyaspor,H,1.36,4.75,8.0,1.36,5.0,6.75,2017/18,€96.05m,€29.18m
T1,25/11/2017,Goztep,Akhisar Belediyespor,H,2.39,3.39,2.79,2.3,3.5,2.75,2017/18,€24.60m,€18.60m
T1,25/11/2017,Yeni Malatyaspor,Besiktas,D,5.5,4.0,1.57,5.5,4.0,1.55,2017/18,€18.73m,€122.55m
T1,26/11/2017,Antalyaspor,Fenerbahce,A,3.29,3.5,2.1,3.6,3.2,2.05,2017/18,€30.15m,€74.93m
T1,26/11/2017,Bursaspor,Karabukspor,H,1.72,3.79,4.5,1.75,3.7,4.2,2017/18,€31.90m,€14.75m
T1,26/11/2017,Kasimpasa,Konyaspor,H,2.25,3.5,3.0,2.2,3.3,3.1,2017/18,€23.80m,€26.28m
T1,26/11/2017,Sivasspor,Trabzonspor,A,2.5,3.2,2.87,2.45,3.3,2.7,2017/18,€22.93m,€64.55m
T1,27/11/2017,Kayserispor,Buyuksehyr,D,2.79,3.39,2.39,2.85,3.3,2.35,2017/18,€22.65m,€51.80m
T1,02/12/2017,Akhisar Belediyespor,Yeni Malatyaspor,D,1.75,3.5,4.75,1.72,3.5,4.75,2017/18,€18.60m,€18.73m
T1,02/12/2017,Besiktas,Galatasaray,H,1.8,3.75,4.2,1.87,3.4,4.0,2017/18,€122.55m,€96.05m
T1,02/12/2017,Karabukspor,Goztep,A,2.7,3.2,2.7,2.35,3.25,2.85,2017/18,€14.75m,€24.60m
T1,03/12/2017,Buyuksehyr,Osmanlispor,H,1.57,4.0,5.5,1.53,4.0,5.75,2017/18,€51.80m,€25.50m
T1,03/12/2017,Fenerbahce,Kasimpasa,H,1.44,4.5,6.5,1.45,4.5,6.0,2017/18,€74.93m,€23.80m
T1,03/12/2017,Genclerbirligi,Sivasspor,H,2.54,3.2,2.75,2.5,3.2,2.7,2017/18,€16.90m,€22.93m
T1,03/12/2017,Konyaspor,Bursaspor,A,2.04,3.25,3.75,2.05,3.2,3.6,2017/18,€26.28m,€31.90m
T1,04/12/2017,Alanyaspor,Kayserispor,A,2.54,3.25,2.75,2.45,3.25,2.75,2017/18,€29.18m,€22.65m
T1,04/12/2017,Trabzonspor,Antalyaspor,H,1.75,3.5,4.75,1.75,3.5,4.5,2017/18,€64.55m,€30.15m
T1,08/12/2017,Bursaspor,Fenerbahce,A,3.39,3.6,2.04,3.6,3.3,2.0,2017/18,€31.90m,€74.93m
T1,09/12/2017,Antalyaspor,Genclerbirligi,D,1.9,3.39,4.0,1.83,3.4,4.2,2017/18,€30.15m,€16.90m
T1,09/12/2017,Galatasaray,Akhisar Belediyespor,H,1.28,5.0,11.0,1.3,4.6,11.0,2017/18,€96.05m,€18.60m
T1,09/12/2017,Kasimpasa,Trabzonspor,A,3.1,3.39,2.25,3.0,3.4,2.2,2017/18,€23.80m,€64.55m
T1,09/12/2017,Yeni Malatyaspor,Goztep,A,2.5,3.29,2.79,2.35,3.4,2.8,2017/18,€18.73m,€24.60m
T1,10/12/2017,Kayserispor,Besiktas,D,4.5,3.75,1.72,4.25,3.7,1.75,2017/18,€22.65m,€122.55m
T1,10/12/2017,Osmanlispor,Alanyaspor,H,2.0,3.6,3.5,2.1,3.5,3.1,2017/18,€25.50m,€29.18m
T1,10/12/2017,Sivasspor,Buyuksehyr,H,3.39,3.29,2.14,3.3,3.3,2.1,2017/18,€22.93m,€51.80m
T1,11/12/2017,Konyaspor,Karabukspor,H,1.9,3.5,3.89,1.91,3.3,3.9,2017/18,€26.28m,€14.75m
T1,16/12/2017,Alanyaspor,Sivasspor,D,2.2,3.29,3.29,2.2,3.3,3.1,2017/18,€29.18m,€22.93m
T1,16/12/2017,Genclerbirligi,Kasimpasa,D,2.1,3.25,3.6,2.1,3.3,3.3,2017/18,€16.90m,€23.80m
T1,16/12/2017,Trabzonspor,Bursaspor,H,1.61,4.0,5.25,1.62,3.75,5.0,2017/18,€64.55m,€31.90m
T1,17/12/2017,Akhisar Belediyespor,Kayserispor,A,2.54,3.2,2.79,2.4,3.2,2.85,2017/18,€18.60m,€22.65m
T1,17/12/2017,Besiktas,Osmanlispor,H,1.22,5.75,13.0,1.2,5.75,14.5,2017/18,€122.55m,€25.50m
T1,17/12/2017,Buyuksehyr,Antalyaspor,H,1.5,4.33,6.0,1.5,3.9,6.25,2017/18,€51.80m,€30.15m
T1,17/12/2017,Yeni Malatyaspor,Galatasaray,H,5.0,3.75,1.66,4.6,3.8,1.67,2017/18,€18.73m,€96.05m
T1,18/12/2017,Fenerbahce,Karabukspor,H,1.22,6.0,12.0,1.25,5.5,10.5,2017/18,€74.93m,€14.75m
T1,18/12/2017,Goztep,Konyaspor,H,2.0,3.29,3.79,2.0,3.2,3.75,2017/18,€24.60m,€26.28m
T1,22/12/2017,Antalyaspor,Alanyaspor,H,2.39,3.6,2.79,2.5,3.3,2.65,2017/18,€30.15m,€29.18m
T1,23/12/2017,Bursaspor,Genclerbirligi,D,1.9,3.6,3.75,1.95,3.5,3.6,2017/18,€31.90m,€16.90m
T1,23/12/2017,Konyaspor,Fenerbahce,D,4.0,3.6,1.85,4.2,3.5,1.8,2017/18,€26.28m,€74.93m
T1,23/12/2017,Sivasspor,Besiktas,H,5.25,3.79,1.64,5.0,3.6,1.67,2017/18,€22.93m,€122.55m
T1,24/12/2017,Galatasaray,Goztep,H,1.33,5.0,9.0,1.34,4.75,8.25,2017/18,€96.05m,€24.60m
T1,24/12/2017,Karabukspor,Trabzonspor,D,4.33,3.5,1.83,3.9,3.5,1.87,2017/18,€14.75m,€64.55m
T1,24/12/2017,Kasimpasa,Buyuksehyr,A,4.2,3.6,1.83,3.9,3.5,1.87,2017/18,€23.80m,€51.80m
T1,24/12/2017,Kayserispor,Yeni Malatyaspor,A,1.66,3.75,5.0,1.75,3.6,4.4,2017/18,€22.65m,€18.73m
T1,25/12/2017,Osmanlispor,Akhisar Belediyespor,H,1.9,3.6,3.75,1.95,3.5,3.6,2017/18,€25.50m,€18.60m
T1,19/01/2018,Kasimpasa,Alanyaspor,H,2.2,3.6,3.0,2.15,3.6,3.0,2017/18,€23.80m,€29.18m
T1,20/01/2018,Fenerbahce,Goztep,H,1.36,5.25,7.0,1.36,5.0,6.75,2017/18,€74.93m,€24.60m
T1,20/01/2018,Karabukspor,Genclerbirligi,A,3.39,3.25,2.14,3.2,3.2,2.2,2017/18,€14.75m,€16.90m
T1,20/01/2018,Osmanlispor,Yeni Malatyaspor,D,1.9,3.39,4.0,1.95,3.25,3.8,2017/18,€25.50m,€18.73m
T1,21/01/2018,Antalyaspor,Besiktas,A,6.5,4.5,1.44,5.75,4.1,1.5,2017/18,€30.15m,€122.55m
T1,21/01/2018,Bursaspor,Buyuksehyr,A,3.89,3.5,1.9,3.6,3.6,1.91,2017/18,€31.90m,€51.80m
T1,21/01/2018,Konyaspor,Trabzonspor,D,2.75,3.29,2.5,2.65,3.4,2.45,2017/18,€26.28m,€64.55m
T1,21/01/2018,Sivasspor,Akhisar Belediyespor,D,2.0,3.5,3.6,2.05,3.4,3.4,2017/18,€22.93m,€18.60m
T1,22/01/2018,Kayserispor,Galatasaray,A,3.5,3.39,2.04,3.5,3.5,1.95,2017/18,€22.65m,€96.05m
T1,26/01/2018,Besiktas,Kasimpasa,H,1.28,5.75,8.5,1.3,5.25,8.25,2017/18,€122.55m,€23.80m
T1,26/01/2018,Genclerbirligi,Konyaspor,H,2.29,3.2,3.2,2.25,3.1,3.2,2017/18,€16.90m,€26.28m
T1,27/01/2018,Alanyaspor,Bursaspor,H,2.14,3.39,3.29,2.2,3.3,3.1,2017/18,€29.18m,€31.90m
T1,27/01/2018,Galatasaray,Osmanlispor,H,1.39,5.0,6.5,1.4,4.75,6.5,2017/18,€96.05m,€25.50m
T1,27/01/2018,Goztep,Kayserispor,D,2.5,3.25,2.79,2.4,3.3,2.8,2017/18,€24.60m,€22.65m
T1,28/01/2018,Akhisar Belediyespor,Antalyaspor,D,2.0,3.39,3.75,1.95,3.5,3.6,2017/18,€18.60m,€30.15m
T1,28/01/2018,Trabzonspor,Fenerbahce,D,2.37,3.2,3.0,2.4,3.3,2.8,2017/18,€64.55m,€74.93m
T1,28/01/2018,Yeni Malatyaspor,Sivasspor,H,2.37,3.2,3.0,2.25,3.2,3.1,2017/18,€18.73m,€22.93m
T1,29/01/2018,Buyuksehyr,Karabukspor,H,1.22,5.5,15.0,1.22,5.75,11.0,2017/18,€51.80m,€14.75m
T1,02/02/2018,Bursaspor,Besiktas,D,4.75,4.2,1.61,5.0,3.7,1.65,2017/18,€31.90m,€122.55m
T1,03/02/2018,Antalyaspor,Yeni Malatyaspor,H,2.45,3.25,2.87,2.35,3.2,2.9,2017/18,€30.15m,€18.73m
T1,03/02/2018,Fenerbahce,Genclerbirligi,D,1.44,4.33,7.0,1.48,4.1,6.25,2017/18,€74.93m,€16.90m
T1,03/02/2018,Karabukspor,Alanyaspor,H,3.75,3.6,1.9,3.6,3.75,1.87,2017/18,€14.75m,€29.18m
T1,04/02/2018,Kasimpasa,Akhisar Belediyespor,H,2.29,3.29,3.1,2.35,3.2,2.95,2017/18,€23.80m,€18.60m
T1,04/02/2018,Konyaspor,Buyuksehyr,D,4.0,3.29,1.95,3.8,3.4,1.91,2017/18,€26.28m,€51.80m
T1,04/02/2018,Osmanlispor,Kayserispor,A,2.25,3.39,3.1,2.3,3.4,2.85,2017/18,€25.50m,€22.65m
T1,04/02/2018,Sivasspor,Galatasaray,H,3.75,3.6,1.9,3.8,3.4,1.91,2017/18,€22.93m,€96.05m
T1,05/02/2018,Trabzonspor,Goztep,D,1.6,4.2,5.0,1.6,3.7,5.5,2017/18,€64.55m,€24.60m
T1,09/02/2018,Yeni Malatyaspor,Kasimpasa,D,2.2,3.25,3.29,2.1,3.3,3.3,2017/18,€18.73m,€23.80m
T1,10/02/2018,Besiktas,Karabukspor,H,1.1,9.0,21.0,1.13,7.25,17.5,2017/18,€122.55m,€14.75m
T1,10/02/2018,Genclerbirligi,Trabzonspor,D,2.7,3.25,2.6,2.6,3.1,2.65,2017/18,€16.90m,€64.55m
T1,10/02/2018,Goztep,Osmanlispor,D,1.95,3.5,3.79,2.0,3.4,3.5,2017/18,€24.60m,€25.50m
T1,11/02/2018,Akhisar Belediyespor,Bursaspor,H,2.29,3.29,3.1,2.3,3.2,3.0,2017/18,€18.60m,€31.90m
T1,11/02/2018,Alanyaspor,Konyaspor,A,2.29,3.29,3.1,2.2,3.3,3.1,2017/18,€29.18m,€26.28m
T1,11/02/2018,Buyuksehyr,Fenerbahce,A,1.85,3.5,4.2,1.91,3.4,3.8,2017/18,€51.80m,€74.93m
T1,11/02/2018,Kayserispor,Sivasspor,D,2.14,3.39,3.29,2.0,3.3,3.6,2017/18,€22.65m,€22.93m
T1,12/02/2018,Galatasaray,Antalyaspor,H,1.25,5.5,12.0,1.25,5.25,11.5,2017/18,€96.05m,€30.15m
T1,16/02/2018,Konyaspor,Besiktas,D,5.0,4.0,1.61,5.0,3.6,1.65,2017/18,€26.28m,€122.55m
T1,17/02/2018,Antalyaspor,Kayserispor,H,2.87,3.1,2.54,2.8,3.1,2.5,2017/18,€30.15m,€22.65m
T1,17/02/2018,Fenerbahce,Alanyaspor,H,1.36,5.0,7.5,1.35,5.0,7.0,2017/18,€74.93m,€29.18m
T1,17/02/2018,Sivasspor,Osmanlispor,H,2.04,3.25,3.75,1.95,3.25,3.8,2017/18,€22.93m,€25.50m
T1,18/02/2018,Karabukspor,Akhisar Belediyespor,A,3.75,3.39,2.0,3.6,3.3,2.0,2017/18,€14.75m,€18.60m
T1,18/02/2018,Kasimpasa,Galatasaray,H,4.75,3.5,1.75,4.4,3.6,1.75,2017/18,€23.80m,€96.05m
T1,18/02/2018,Trabzonspor,Buyuksehyr,A,2.6,3.2,2.75,2.6,3.1,2.7,2017/18,€64.55m,€51.80m
T1,19/02/2018,Genclerbirligi,Goztep,H,2.1,3.25,3.5,2.1,3.25,3.4,2017/18,€16.90m,€24.60m
T1,23/02/2018,Akhisar Belediyespor,Konyaspor,H,2.25,3.2,3.29,2.25,3.1,3.2,2017/18,€18.60m,€26.28m
T1,23/02/2018,Galatasaray,Bursaspor,H,1.25,5.5,12.0,1.3,5.25,8.5,2017/18,€96.05m,€31.90m
T1,24/02/2018,Alanyaspor,Trabzonspor,A,2.79,3.39,2.45,2.8,3.25,2.4,2017/18,€29.18m,€64.55m
T1,24/02/2018,Kayserispor,Kasimpasa,H,1.95,3.29,4.0,2.0,3.25,3.7,2017/18,€22.65m,€23.80m
T1,25/02/2018,Besiktas,Fenerbahce,H,2.14,3.29,3.39,2.15,3.3,3.2,2017/18,€122.55m,€74.93m
T1,25/02/2018,Goztep,Sivasspor,H,2.39,3.25,2.89,2.35,3.2,2.95,2017/18,€24.60m,€22.93m
T1,25/02/2018,Osmanlispor,Antalyaspor,D,1.75,3.5,4.75,1.8,3.3,4.6,2017/18,€25.50m,€30.15m
T1,25/02/2018,Yeni Malatyaspor,Karabukspor,H,1.44,4.33,7.0,1.44,4.2,6.75,2017/18,€18.73m,€14.75m
T1,26/02/2018,Buyuksehyr,Genclerbirligi,D,1.44,4.5,6.5,1.5,4.2,5.75,2017/18,€51.80m,€16.90m
T1,02/03/2018,Bursaspor,Kayserispor,H,2.45,3.29,2.87,2.45,3.2,2.75,2017/18,€31.90m,€22.65m
T1,03/03/2018,Buyuksehyr,Goztep,H,1.39,4.2,9.0,1.4,4.33,7.25,2017/18,€51.80m,€24.60m
T1,03/03/2018,Karabukspor,Galatasaray,A,10.0,6.0,1.25,9.25,5.5,1.26,2017/18,€14.75m,€96.05m
T1,03/03/2018,Kasimpasa,Osmanlispor,D,2.14,3.39,3.29,2.15,3.3,3.25,2017/18,€23.80m,€25.50m
T1,04/03/2018,Antalyaspor,Sivasspor,A,2.54,3.39,2.62,2.6,3.3,2.55,2017/18,€30.15m,€22.93m
T1,04/03/2018,Fenerbahce,Akhisar Belediyespor,A,1.33,5.0,9.0,1.36,4.75,7.25,2017/18,€74.93m,€18.60m
T1,04/03/2018,Genclerbirligi,Alanyaspor,A,1.75,3.6,4.59,1.85,3.5,4.0,2017/18,€16.90m,€29.18m
T1,04/03/2018,Konyaspor,Yeni Malatyaspor,A,1.9,3.39,4.0,1.9,3.25,4.1,2017/18,€26.28m,€18.73m
T1,05/03/2018,Trabzonspor,Besiktas,A,3.29,3.5,2.1,3.2,3.4,2.1,2017/18,€64.55m,€122.55m
T1,09/03/2018,Alanyaspor,Buyuksehyr,H,4.0,3.6,1.85,3.7,3.5,1.91,2017/18,€29.18m,€51.80m
T1,10/03/2018,Besiktas,Genclerbirligi,H,1.28,5.5,9.5,1.3,5.0,9.25,2017/18,€122.55m,€16.90m
T1,10/03/2018,Osmanlispor,Bursaspor,H,2.04,3.29,3.6,2.0,3.3,3.6,2017/18,€25.50m,€31.90m
T1,10/03/2018,Sivasspor,Kasimpasa,D,1.9,3.6,4.0,1.91,3.5,3.7,2017/18,€22.93m,€23.80m
T1,11/03/2018,Galatasaray,Konyaspor,H,1.22,6.5,11.0,1.22,5.75,11.0,2017/18,€96.05m,€26.28m
T1,11/03/2018,Goztep,Antalyaspor,H,2.25,3.39,3.1,2.2,3.2,3.2,2017/18,€24.60m,€30.15m
T1,11/03/2018,Kayserispor,Karabukspor,H,1.22,6.0,12.0,1.22,5.75,11.5,2017/18,€22.65m,€14.75m
T1,11/03/2018,Yeni Malatyaspor,Fenerbahce,A,4.0,3.6,1.85,3.75,3.3,1.95,2017/18,€18.73m,€74.93m
T1,12/03/2018,Akhisar Belediyespor,Trabzonspor,A,2.37,3.29,2.89,2.45,3.2,2.8,2017/18,€18.60m,€64.55m
T1,16/03/2018,Karabukspor,Osmanlispor,A,6.0,4.5,1.5,5.75,4.2,1.5,2017/18,€14.75m,€25.50m
T1,16/03/2018,Kasimpasa,Antalyaspor,A,2.0,3.6,3.5,1.95,3.6,3.4,2017/18,€23.80m,€30.15m
T1,17/03/2018,Bursaspor,Sivasspor,H,2.39,3.2,3.0,2.45,3.2,2.75,2017/18,€31.90m,€22.93m
T1,17/03/2018,Fenerbahce,Galatasaray,D,2.1,3.5,3.29,2.2,3.4,3.0,2017/18,€74.93m,€96.05m
T1,17/03/2018,Genclerbirligi,Akhisar Belediyespor,D,2.25,3.2,3.25,2.3,3.25,2.95,2017/18,€16.90m,€18.60m
T1,18/03/2018,Alanyaspor,Goztep,D,2.04,3.6,3.29,2.1,3.2,3.4,2017/18,€29.18m,€24.60m
T1,18/03/2018,Buyuksehyr,Besiktas,H,3.39,3.1,2.25,3.0,3.3,2.25,2017/18,€51.80m,€122.55m
T1,18/03/2018,Konyaspor,Kayserispor,H,2.39,3.2,3.0,2.5,3.2,2.7,2017/18,€26.28m,€22.65m
T1,18/03/2018,Trabzonspor,Yeni Malatyaspor,H,1.64,3.6,5.5,1.65,3.7,5.0,2017/18,€64.55m,€18.73m
T1,30/03/2018,Sivasspor,Karabukspor,H,1.28,5.5,10.0,1.26,5.75,8.75,2017/18,€22.93m,€14.75m
T1,31/03/2018,Antalyaspor,Bursaspor,H,2.2,3.2,3.39,2.2,3.4,3.0,2017/18,€30.15m,€31.90m
T1,31/03/2018,Besiktas,Alanyaspor,H,1.25,6.0,10.0,1.3,5.5,7.5,2017/18,€122.55m,€29.18m
T1,31/03/2018,Yeni Malatyaspor,Genclerbirligi,H,2.2,3.1,3.5,2.2,3.2,3.2,2017/18,€18.73m,€16.90m
T1,01/04/2018,Akhisar Belediyespor,Buyuksehyr,A,4.0,3.39,1.9,3.7,3.4,1.95,2017/18,€18.60m,€51.80m
T1,01/04/2018,Galatasaray,Trabzonspor,H,1.5,4.33,6.0,1.5,4.5,5.25,2017/18,€96.05m,€64.55m
T1,01/04/2018,Goztep,Kasimpasa,A,2.14,3.39,3.29,2.15,3.5,3.0,2017/18,€24.60m,€23.80m
T1,01/04/2018,Osmanlispor,Konyaspor,D,2.29,3.1,3.29,2.4,3.25,2.8,2017/18,€25.50m,€26.28m
T1,02/04/2018,Kayserispor,Fenerbahce,A,3.6,3.29,2.04,3.3,3.3,2.1,2017/18,€22.65m,€74.93m
T1,06/04/2018,Buyuksehyr,Yeni Malatyaspor,H,1.39,4.5,8.0,1.36,4.6,7.75,2017/18,€51.80m,€18.73m
T1,07/04/2018,Besiktas,Goztep,H,1.19,7.0,12.0,1.2,6.0,12.0,2017/18,€122.55m,€24.60m
T1,07/04/2018,Karabukspor,Antalyaspor,A,8.0,5.0,1.36,7.0,5.0,1.35,2017/18,€14.75m,€30.15m
T1,07/04/2018,Trabzonspor,Kayserispor,H,1.66,3.75,5.0,1.65,3.7,5.0,2017/18,€64.55m,€22.65m
T1,08/04/2018,Alanyaspor,Akhisar Belediyespor,H,1.9,3.5,4.0,2.0,3.3,3.6,2017/18,€29.18m,€18.60m
T1,08/04/2018,Bursaspor,Kasimpasa,A,2.0,3.29,3.75,2.1,3.3,3.3,2017/18,€31.90m,€23.80m
T1,08/04/2018,Fenerbahce,Osmanlispor,H,1.28,5.0,11.0,1.3,5.0,9.0,2017/18,€74.93m,€25.50m
T1,08/04/2018,Konyaspor,Sivasspor,H,1.95,3.29,4.0,2.0,3.25,3.7,2017/18,€26.28m,€22.93m
T1,09/04/2018,Genclerbirligi,Galatasaray,H,7.5,3.79,1.5,5.5,3.9,1.55,2017/18,€16.90m,€96.05m
T1,13/04/2018,Akhisar Belediyespor,Besiktas,A,7.5,4.5,1.39,6.25,4.5,1.44,2017/18,€18.60m,€122.55m
T1,14/04/2018,Kasimpasa,Karabukspor,H,1.33,5.75,7.5,1.28,5.5,8.75,2017/18,€23.80m,€14.75m
T1,14/04/2018,Sivasspor,Fenerbahce,A,5.75,4.0,1.57,5.0,3.8,1.62,2017/18,€22.93m,€74.93m
T1,14/04/2018,Yeni Malatyaspor,Alanyaspor,D,2.54,3.25,2.75,2.3,3.3,2.9,2017/18,€18.73m,€29.18m
T1,15/04/2018,Antalyaspor,Konyaspor,D,2.45,3.2,2.89,2.3,3.2,3.0,2017/18,€30.15m,€26.28m
T1,15/04/2018,Galatasaray,Buyuksehyr,H,1.8,3.75,4.2,1.78,3.7,4.1,2017/18,€96.05m,€51.80m
T1,15/04/2018,Goztep,Bursaspor,H,2.37,3.25,3.0,2.25,3.3,3.0,2017/18,€24.60m,€31.90m
T1,15/04/2018,Kayserispor,Genclerbirligi,H,2.29,3.2,3.1,2.2,3.2,3.2,2017/18,€22.65m,€16.90m
T1,16/04/2018,Osmanlispor,Trabzonspor,D,2.7,3.1,2.7,2.65,3.1,2.65,2017/18,€25.50m,€64.55m
T1,20/04/2018,Buyuksehyr,Kayserispor,H,1.33,5.25,8.0,1.3,5.25,8.25,2017/18,€51.80m,€22.65m
T1,21/04/2018,Alanyaspor,Galatasaray,A,4.75,4.2,1.61,5.0,4.1,1.57,2017/18,€29.18m,€96.05m
T1,21/04/2018,Genclerbirligi,Osmanlispor,A,2.29,3.25,3.1,2.2,3.1,3.25,2017/18,€16.90m,€25.50m
T1,21/04/2018,Trabzonspor,Sivasspor,A,1.61,3.75,5.5,1.6,3.75,5.25,2017/18,€64.55m,€22.93m
T1,22/04/2018,Akhisar Belediyespor,Goztep,D,1.9,3.6,3.79,1.95,3.3,3.75,2017/18,€18.60m,€24.60m
T1,22/04/2018,Besiktas,Yeni Malatyaspor,H,1.22,6.0,13.0,1.2,6.25,12.0,2017/18,€122.55m,€18.73m
T1,22/04/2018,Konyaspor,Kasimpasa,H,1.55,4.0,6.0,1.57,3.8,5.5,2017/18,€26.28m,€23.80m
T1,23/04/2018,Fenerbahce,Antalyaspor,H,1.28,5.5,9.5,1.3,5.0,9.25,2017/18,€74.93m,€30.15m
T1,27/04/2018,Goztep,Karabukspor,H,1.14,7.5,17.0,1.15,7.25,13.0,2017/18,€24.60m,€14.75m
T1,28/04/2018,Antalyaspor,Trabzonspor,A,2.45,3.39,2.75,2.45,3.5,2.6,2017/18,€30.15m,€64.55m
T1,28/04/2018,Kasimpasa,Fenerbahce,A,8.5,4.75,1.36,7.5,4.33,1.4,2017/18,€23.80m,€74.93m
T1,28/04/2018,Kayserispor,Alanyaspor,A,2.89,3.5,2.29,2.6,3.4,2.5,2017/18,€22.65m,€29.18m
T1,28/04/2018,Sivasspor,Genclerbirligi,H,2.0,3.39,3.75,2.1,3.2,3.4,2017/18,€22.93m,€16.90m
T1,29/04/2018,Galatasaray,Besiktas,H,2.45,3.5,2.7,2.4,3.4,2.7,2017/18,€96.05m,€122.55m
T1,29/04/2018,Osmanlispor,Buyuksehyr,A,3.39,3.75,2.0,3.5,3.4,2.0,2017/18,€25.50m,€51.80m
T1,29/04/2018,Yeni Malatyaspor,Akhisar Belediyespor,D,2.6,3.29,2.62,2.5,3.2,2.75,2017/18,€18.73m,€18.60m
T1,30/04/2018,Bursaspor,Konyaspor,H,2.75,3.29,2.5,2.5,3.4,2.6,2017/18,€31.90m,€26.28m
T1,04/05/2018,Buyuksehyr,Sivasspor,D,1.44,4.75,6.0,1.4,4.5,7.0,2017/18,€51.80m,€22.93m
T1,05/05/2018,Alanyaspor,Osmanlispor,D,1.9,3.39,4.0,1.9,3.4,3.9,2017/18,€29.18m,€25.50m
T1,05/05/2018,Karabukspor,Konyaspor,A,15.0,6.5,1.18,12.0,6.25,1.2,2017/18,€14.75m,€26.28m
T1,05/05/2018,Trabzonspor,Kasimpasa,A,1.39,4.5,8.0,1.44,4.4,6.5,2017/18,€64.55m,€23.80m
T1,06/05/2018,Akhisar Belediyespor,Galatasaray,A,8.5,4.33,1.39,6.75,4.33,1.42,2017/18,€18.60m,€96.05m
T1,06/05/2018,Fenerbahce,Bursaspor,H,1.18,7.0,13.0,1.2,6.5,11.0,2017/18,€74.93m,€31.90m
T1,06/05/2018,Genclerbirligi,Antalyaspor,A,2.1,3.39,3.39,2.15,3.4,3.1,2017/18,€16.90m,€30.15m
T1,07/05/2018,Besiktas,Kayserispor,H,1.18,6.5,15.0,1.18,6.5,13.0,2017/18,€122.55m,€22.65m
T1,07/05/2018,Goztep,Yeni Malatyaspor,D,1.95,3.5,3.79,1.91,3.4,3.8,2017/18,€24.60m,€18.73m
T1,11/05/2018,Antalyaspor,Buyuksehyr,A,6.0,4.2,1.44,5.75,4.4,1.48,2017/18,€30.15m,€51.80m
T1,12/05/2018,Galatasaray,Yeni Malatyaspor,H,1.12,9.0,17.0,1.12,8.0,15.0,2017/18,€96.05m,€18.73m
T1,12/05/2018,Kasimpasa,Genclerbirligi,H,2.2,3.39,3.2,2.3,3.5,2.75,2017/18,€23.80m,€16.90m
T1,12/05/2018,Konyaspor,Goztep,D,1.44,4.2,8.0,1.45,4.33,6.25,2017/18,€26.28m,€24.60m
T1,13/05/2018,Bursaspor,Trabzonspor,A,2.04,3.75,3.25,2.15,3.5,3.0,2017/18,€31.90m,€64.55m
T1,13/05/2018,Osmanlispor,Besiktas,A,4.5,3.79,1.7,4.25,3.8,1.72,2017/18,€25.50m,€122.55m
T1,13/05/2018,Sivasspor,Alanyaspor,D,2.89,3.29,2.37,2.7,3.4,2.4,2017/18,€22.93m,€29.18m
T1,14/05/2018,Kayserispor,Akhisar Belediyespor,A,3.75,3.39,2.0,3.2,3.3,2.15,2017/18,€22.65m,€18.60m
T1,18/05/2018,Akhisar Belediyespor,Osmanlispor,H,2.1,3.9,3.0,1.95,3.9,3.2,2017/18,€18.60m,€25.50m
T1,18/05/2018,Alanyaspor,Antalyaspor,H,2.04,4.0,3.1,2.1,3.9,2.9,2017/18,€29.18m,€30.15m
T1,18/05/2018,Genclerbirligi,Bursaspor,H,2.04,3.8,3.25,2.1,3.7,3.0,2017/18,€16.90m,€31.90m
T1,18/05/2018,Trabzonspor,Karabukspor,H,1.08,10.0,23.0,1.05,12.0,21.0,2017/18,€64.55m,€14.75m
T1,18/05/2018,Yeni Malatyaspor,Kayserispor,H,2.2,3.5,3.1,2.2,3.5,2.95,2017/18,€18.73m,€22.65m
T1,19/05/2018,Besiktas,Sivasspor,H,1.16,7.5,13.0,1.15,8.0,11.5,2017/18,€122.55m,€22.93m
T1,19/05/2018,Buyuksehyr,Kasimpasa,H,1.18,7.5,12.0,1.16,6.75,14.0,2017/18,€51.80m,€23.80m
T1,19/05/2018,Fenerbahce,Konyaspor,H,1.16,7.5,13.0,1.17,6.0,16.5,2017/18,€74.93m,€26.28m
T1,19/05/2018,Goztep,Galatasaray,A,8.5,4.75,1.36,7.5,4.75,1.36,2017/18,€24.60m,€96.05m
T1,10/08/2018,Ankaragucu,Galatasaray,A,4.5,4.0,1.72,4.6,3.9,1.65,2018/19,€21.08m,€129.80m
T1,11/08/2018,Fenerbahce,Bursaspor,H,1.36,5.0,7.5,1.33,5.0,7.75,2018/19,€103.50m,€28.15m
T1,11/08/2018,Rizespor,Kasimpasa,A,2.3,3.4,3.0,2.4,3.1,2.9,2018/19,€29.50m,€34.35m
T1,11/08/2018,Sivasspor,Alanyaspor,H,2.25,3.25,3.2,2.15,3.4,3.1,2018/19,€23.10m,€39.45m
T1,12/08/2018,Besiktas,Akhisar Belediyespor,H,1.4,5.0,6.5,1.33,5.25,7.5,2018/19,€77.75m,€11.78m
T1,12/08/2018,Buyuksehyr,Trabzonspor,H,1.8,3.6,4.5,1.72,3.6,4.5,2018/19,€54.63m,€60.30m
T1,12/08/2018,Goztep,Yeni Malatyaspor,A,1.95,3.3,4.0,1.95,3.4,3.6,2018/19,€19.25m,€24.75m
T1,12/08/2018,Konyaspor,Erzurum BB,H,1.75,3.5,4.75,1.75,3.6,4.25,2018/19,€22.53m,€16.03m
T1,13/08/2018,Kayserispor,Antalyaspor,H,1.95,3.4,3.9,1.87,3.4,4.0,2018/19,€19.38m,€21.23m
T1,17/08/2018,Trabzonspor,Sivasspor,H,1.75,3.75,4.5,1.83,3.4,4.1,2018/19,€60.30m,€23.10m
T1,18/08/2018,Antalyaspor,Konyaspor,D,2.87,3.1,2.54,2.65,3.1,2.65,2018/19,€21.23m,€22.53m
T1,18/08/2018,Bursaspor,Kayserispor,D,2.5,3.2,2.87,2.3,3.2,3.0,2018/19,€28.15m,€19.38m
T1,18/08/2018,Yeni Malatyaspor,Fenerbahce,H,5.0,3.5,1.72,4.4,3.4,1.8,2018/19,€24.75m,€103.50m
T1,19/08/2018,Akhisar Belediyespor,Rizespor,D,2.1,3.1,3.75,2.1,3.0,3.7,2018/19,€11.78m,€29.50m
T1,19/08/2018,Alanyaspor,Ankaragucu,A,2.0,3.3,3.8,2.05,3.25,3.5,2018/19,€39.45m,€21.08m
T1,19/08/2018,Erzurum BB,Besiktas,A,6.0,3.8,1.57,5.75,3.75,1.57,2018/19,€16.03m,€77.75m
T1,19/08/2018,Galatasaray,Goztep,H,1.25,5.5,12.0,1.25,5.25,11.5,2018/19,€129.80m,€19.25m
T1,20/08/2018,Kasimpasa,Buyuksehyr,H,4.2,3.75,1.8,4.25,3.4,1.83,2018/19,€34.35m,€54.63m
T1,24/08/2018,Rizespor,Erzurum BB,D,1.64,3.6,5.75,1.62,3.75,5.0,2018/19,€29.50m,€16.03m
T1,25/08/2018,Ankaragucu,Trabzonspor,D,3.4,3.25,2.14,3.2,3.2,2.2,2018/19,€21.08m,€60.30m
T1,25/08/2018,Goztep,Fenerbahce,H,4.75,3.5,1.75,4.75,3.5,1.7,2018/19,€19.25m,€103.50m
T1,25/08/2018,Kayserispor,Yeni Malatyaspor,D,2.04,3.1,4.0,2.1,3.1,3.6,2018/19,€19.38m,€24.75m
T1,26/08/2018,Besiktas,Antalyaspor,A,1.2,6.5,13.0,1.22,6.0,11.0,2018/19,€77.75m,€21.23m
T1,26/08/2018,Konyaspor,Bursaspor,D,1.8,3.4,4.75,1.87,3.25,4.2,2018/19,€22.53m,€28.15m
T1,26/08/2018,Sivasspor,Kasimpasa,A,1.95,3.3,4.0,2.05,3.25,3.5,2018/19,€23.10m,€34.35m
T1,27/08/2018,Buyuksehyr,Akhisar Belediyespor,H,1.44,4.5,6.5,1.36,4.4,8.25,2018/19,€54.63m,€11.78m
T1,27/08/2018,Galatasaray,Alanyaspor,H,1.25,5.75,11.0,1.22,5.75,12.0,2018/19,€129.80m,€39.45m
T1,31/08/2018,Yeni Malatyaspor,Konyaspor,A,2.2,3.2,3.5,2.25,3.1,3.2,2018/19,€24.75m,€22.53m
T1,01/09/2018,Akhisar Belediyespor,Sivasspor,D,2.0,3.5,3.6,2.05,3.4,3.4,2018/19,€11.78m,€23.10m
T1,01/09/2018,Alanyaspor,Goztep,H,2.45,3.3,2.8,2.4,3.4,2.7,2018/19,€39.45m,€19.25m
T1,01/09/2018,Fenerbahce,Kayserispor,A,1.44,4.33,7.0,1.42,4.33,7.0,2018/19,€103.50m,€19.38m
T1,01/09/2018,Trabzonspor,Galatasaray,H,3.5,3.6,2.0,3.1,3.5,2.1,2018/19,€60.30m,€129.80m
T1,02/09/2018,Antalyaspor,Rizespor,H,2.4,3.3,2.87,2.3,3.4,2.85,2018/19,€21.23m,€29.50m
T1,02/09/2018,Bursaspor,Besiktas,D,5.25,4.0,1.6,4.75,3.75,1.65,2018/19,€28.15m,€77.75m
T1,02/09/2018,Erzurum BB,Buyuksehyr,A,5.5,4.0,1.57,5.25,3.9,1.57,2018/19,€16.03m,€54.63m
T1,02/09/2018,Kasimpasa,Ankaragucu,H,1.9,3.6,3.8,1.9,3.5,3.75,2018/19,€34.35m,€21.08m
T1,14/09/2018,Galatasaray,Kasimpasa,H,1.55,4.33,5.25,1.53,4.25,5.25,2018/19,€129.80m,€34.35m
T1,15/09/2018,Ankaragucu,Akhisar Belediyespor,H,2.3,3.3,3.0,2.35,3.25,2.85,2018/19,€21.08m,€11.78m
T1,15/09/2018,Besiktas,Yeni Malatyaspor,H,1.33,5.25,8.0,1.33,5.25,7.25,2018/19,€77.75m,€24.75m
T1,15/09/2018,Goztep,Kayserispor,H,2.2,3.25,3.3,2.25,3.2,3.1,2018/19,€19.25m,€19.38m
T1,16/09/2018,Buyuksehyr,Antalyaspor,H,1.4,4.5,7.5,1.42,4.5,6.5,2018/19,€54.63m,€21.23m
T1,16/09/2018,Konyaspor,Fenerbahce,A,3.5,3.5,2.04,3.4,3.4,2.05,2018/19,€22.53m,€103.50m
T1,16/09/2018,Rizespor,Bursaspor,D,2.0,3.4,3.75,2.05,3.3,3.5,2018/19,€29.50m,€28.15m
T1,16/09/2018,Sivasspor,Erzurum BB,D,1.72,3.75,4.5,1.72,3.75,4.33,2018/19,€23.10m,€16.03m
T1,17/09/2018,Alanyaspor,Trabzonspor,H,3.0,3.5,2.25,2.85,3.5,2.25,2018/19,€39.45m,€60.30m
T1,21/09/2018,Bursaspor,Buyuksehyr,D,3.4,3.3,2.14,3.4,3.1,2.15,2018/19,€28.15m,€54.63m
T1,21/09/2018,Erzurum BB,Ankaragucu,A,2.0,3.6,3.5,2.0,3.3,3.6,2018/19,€16.03m,€21.08m
T1,22/09/2018,Kayserispor,Konyaspor,A,2.3,3.2,3.2,2.35,3.0,3.1,2018/19,€19.38m,€22.53m
T1,22/09/2018,Trabzonspor,Goztep,A,1.6,4.0,5.25,1.6,3.9,5.0,2018/19,€60.30m,€19.25m
T1,22/09/2018,Yeni Malatyaspor,Rizespor,H,1.83,3.6,4.2,1.85,3.5,3.9,2018/19,€24.75m,€29.50m
T1,23/09/2018,Akhisar Belediyespor,Galatasaray,H,5.0,3.6,1.7,4.2,3.7,1.75,2018/19,€11.78m,€129.80m
T1,23/09/2018,Antalyaspor,Sivasspor,H,2.4,3.4,2.8,2.35,3.25,2.85,2018/19,€21.23m,€23.10m
T1,23/09/2018,Kasimpasa,Alanyaspor,A,1.7,3.75,4.75,1.72,3.7,4.4,2018/19,€34.35m,€39.45m
T1,24/09/2018,Fenerbahce,Besiktas,D,2.4,3.4,2.87,2.3,3.3,2.9,2018/19,€103.50m,€77.75m
T1,28/09/2018,Galatasaray,Erzurum BB,H,1.28,5.5,10.0,1.28,5.5,8.75,2018/19,€129.80m,€16.03m
T1,29/09/2018,Alanyaspor,Akhisar Belediyespor,H,1.95,3.5,3.8,1.95,3.6,3.5,2018/19,€39.45m,€11.78m
T1,29/09/2018,Besiktas,Kayserispor,H,1.3,5.25,10.0,1.3,5.0,9.25,2018/19,€77.75m,€19.38m
T1,29/09/2018,Trabzonspor,Kasimpasa,H,1.83,4.0,3.75,1.87,3.8,3.6,2018/19,€60.30m,€34.35m
T1,30/09/2018,Goztep,Konyaspor,H,2.37,3.25,3.0,2.25,3.3,3.0,2018/19,€19.25m,€22.53m
T1,30/09/2018,Rizespor,Fenerbahce,H,3.8,3.6,1.9,3.75,3.3,1.95,2018/19,€29.50m,€103.50m
T1,30/09/2018,Sivasspor,Bursaspor,H,2.0,3.4,3.7,2.0,3.4,3.5,2018/19,€23.10m,€28.15m
T1,01/10/2018,Ankaragucu,Antalyaspor,A,2.1,3.4,3.4,2.05,3.4,3.3,2018/19,€21.08m,€21.23m
T1,01/10/2018,Buyuksehyr,Yeni Malatyaspor,D,1.33,5.25,8.0,1.35,4.75,8.0,2018/19,€54.63m,€24.75m
T1,05/10/2018,Kasimpasa,Goztep,H,2.25,3.6,2.9,2.25,3.3,3.0,2018/19,€34.35m,€19.25m
T1,06/10/2018,Antalyaspor,Galatasaray,A,5.0,3.8,1.66,4.5,3.9,1.67,2018/19,€21.23m,€129.80m
T1,06/10/2018,Bursaspor,Ankaragucu,H,2.04,3.4,3.6,1.91,3.3,3.9,2018/19,€28.15m,€21.08m
T1,06/10/2018,Erzurum BB,Alanyaspor,H,2.3,3.25,3.1,2.3,3.25,2.95,2018/19,€16.03m,€39.45m
T1,06/10/2018,Kayserispor,Rizespor,D,2.14,3.3,3.4,2.2,3.2,3.2,2018/19,€19.38m,€29.50m
T1,07/10/2018,Akhisar Belediyespor,Trabzonspor,A,3.4,3.2,2.2,3.2,3.2,2.2,2018/19,€11.78m,€60.30m
T1,07/10/2018,Fenerbahce,Buyuksehyr,D,2.37,3.2,3.0,2.25,3.4,2.9,2018/19,€103.50m,€54.63m
T1,07/10/2018,Konyaspor,Besiktas,D,5.0,3.8,1.64,5.0,4.0,1.6,2018/19,€22.53m,€77.75m
T1,07/10/2018,Yeni Malatyaspor,Sivasspor,D,2.3,3.3,3.1,2.25,3.3,3.0,2018/19,€24.75m,€23.10m
T1,19/10/2018,Galatasaray,Bursaspor,D,1.53,4.0,6.0,1.5,4.1,5.75,2018/19,€129.80m,€28.15m
T1,20/10/2018,Buyuksehyr,Kayserispor,H,1.44,4.2,7.5,1.45,4.33,6.25,2018/19,€54.63m,€19.38m
T1,20/10/2018,Kasimpasa,Akhisar Belediyespor,H,1.75,3.6,4.5,1.8,3.5,4.2,2018/19,€34.35m,€11.78m
T1,20/10/2018,Sivasspor,Fenerbahce,D,3.2,3.4,2.2,3.4,3.4,2.05,2018/19,€23.10m,€103.50m
T1,21/10/2018,Alanyaspor,Antalyaspor,A,2.0,3.5,3.6,1.95,3.5,3.6,2018/19,€39.45m,€21.23m
T1,21/10/2018,Ankaragucu,Yeni Malatyaspor,H,2.54,3.1,2.87,2.4,3.25,2.8,2018/19,€21.08m,€24.75m
T1,21/10/2018,Goztep,Besiktas,H,3.5,3.4,2.04,3.4,3.4,2.05,2018/19,€19.25m,€77.75m
T1,21/10/2018,Rizespor,Konyaspor,D,3.2,3.2,2.25,3.2,3.2,2.2,2018/19,€29.50m,€22.53m
T1,22/10/2018,Trabzonspor,Erzurum BB,D,1.44,4.33,7.0,1.44,4.25,6.75,2018/19,€60.30m,€16.03m
T1,26/10/2018,Bursaspor,Alanyaspor,H,1.8,3.5,4.5,1.85,3.5,4.0,2018/19,€28.15m,€39.45m
T1,27/10/2018,Antalyaspor,Trabzonspor,D,3.2,3.4,2.2,3.1,3.4,2.15,2018/19,€21.23m,€60.30m
T1,27/10/2018,Erzurum BB,Kasimpasa,D,2.7,3.4,2.5,2.7,3.4,2.4,2018/19,€16.03m,€34.35m
T1,27/10/2018,Konyaspor,Buyuksehyr,A,2.9,3.1,2.5,3.0,3.1,2.35,2018/19,€22.53m,€54.63m
T1,28/10/2018,Fenerbahce,Ankaragucu,A,1.44,4.5,6.5,1.4,4.33,7.5,2018/19,€103.50m,€21.08m
T1,28/10/2018,Kayserispor,Sivasspor,H,2.37,3.3,2.9,2.35,3.2,2.9,2018/19,€19.38m,€23.10m
T1,28/10/2018,Yeni Malatyaspor,Galatasaray,H,3.6,3.3,2.04,3.75,3.3,1.95,2018/19,€24.75m,€129.80m
T1,29/10/2018,Akhisar Belediyespor,Goztep,H,2.9,3.25,2.4,2.5,3.3,2.65,2018/19,€11.78m,€19.25m
T1,29/10/2018,Besiktas,Rizespor,H,1.2,6.0,15.0,1.17,6.5,14.5,2018/19,€77.75m,€29.50m
T1,02/11/2018,Galatasaray,Fenerbahce,D,2.0,3.4,3.75,2.0,3.3,4.0,2018/19,€129.80m,€103.50m
T1,03/11/2018,Akhisar Belediyespor,Erzurum BB,D,1.9,3.3,4.2,1.91,3.4,3.8,2018/19,€11.78m,€16.03m
T1,03/11/2018,Buyuksehyr,Besiktas,H,2.3,3.25,3.1,2.3,3.2,3.0,2018/19,€54.63m,€77.75m
T1,03/11/2018,Kasimpasa,Antalyaspor,A,1.85,3.4,4.33,1.87,3.6,3.75,2018/19,€34.35m,€21.23m
T1,04/11/2018,Alanyaspor,Yeni Malatyaspor,A,2.7,3.1,2.7,2.65,3.0,2.7,2018/19,€39.45m,€24.75m
T1,04/11/2018,Ankaragucu,Kayserispor,H,2.3,3.1,3.3,2.15,3.2,3.3,2018/19,€21.08m,€19.38m
T1,04/11/2018,Trabzonspor,Bursaspor,D,1.7,3.6,5.0,1.72,3.6,4.5,2018/19,€60.30m,€28.15m
T1,05/11/2018,Goztep,Rizespor,H,1.7,3.6,5.0,1.7,3.8,4.4,2018/19,€19.25m,€29.50m
T1,05/11/2018,Sivasspor,Konyaspor,D,2.37,3.1,3.1,2.4,3.2,2.85,2018/19,€23.10m,€22.53m
T1,09/11/2018,Yeni Malatyaspor,Trabzonspor,H,3.0,3.3,2.35,2.8,3.2,2.5,2018/19,€24.75m,€60.30m
T1,10/11/2018,Erzurum BB,Goztep,H,2.37,3.2,3.1,2.4,3.2,2.85,2018/19,€16.03m,€19.25m
T1,10/11/2018,Kayserispor,Galatasaray,A,2.37,3.4,2.9,2.45,3.1,2.85,2018/19,€19.38m,€129.80m
T1,10/11/2018,Konyaspor,Ankaragucu,H,1.72,3.4,5.25,1.83,3.4,4.25,2018/19,€22.53m,€21.08m
T1,10/11/2018,Rizespor,Buyuksehyr,A,4.0,3.5,1.9,4.0,3.5,1.83,2018/19,€29.50m,€54.63m
T1,11/11/2018,Antalyaspor,Akhisar Belediyespor,A,1.95,3.5,3.75,1.95,3.4,3.7,2018/19,€21.23m,€11.78m
T1,11/11/2018,Besiktas,Sivasspor,A,1.36,4.75,8.0,1.35,4.75,7.75,2018/19,€77.75m,€23.10m
T1,11/11/2018,Bursaspor,Kasimpasa,A,2.0,3.5,3.6,2.05,3.4,3.3,2018/19,€28.15m,€34.35m
T1,11/11/2018,Fenerbahce,Alanyaspor,H,1.44,4.33,7.0,1.45,4.25,6.5,2018/19,€103.50m,€39.45m
T1,23/11/2018,Galatasaray,Konyaspor,D,1.75,3.5,4.75,1.75,3.4,4.6,2018/19,€129.80m,€22.53m
T1,24/11/2018,Alanyaspor,Kayserispor,H,1.9,3.25,4.2,2.0,3.3,3.6,2018/19,€39.45m,€19.38m
T1,24/11/2018,Ankaragucu,Besiktas,A,4.5,3.75,1.75,4.33,3.6,1.75,2018/19,€21.08m,€77.75m
T1,24/11/2018,Erzurum BB,Antalyaspor,H,2.0,3.3,3.75,2.1,3.3,3.3,2018/19,€16.03m,€21.23m
T1,25/11/2018,Akhisar Belediyespor,Bursaspor,A,2.5,3.2,2.87,2.4,3.1,2.9,2018/19,€11.78m,€28.15m
T1,25/11/2018,Kasimpasa,Yeni Malatyaspor,H,2.04,3.5,3.4,2.0,3.4,3.5,2018/19,€34.35m,€24.75m
T1,25/11/2018,Sivasspor,Rizespor,D,1.75,3.5,4.75,1.78,3.5,4.25,2018/19,€23.10m,€29.50m
T1,25/11/2018,Trabzonspor,Fenerbahce,H,2.4,3.3,2.87,2.3,3.25,2.95,2018/19,€60.30m,€103.50m
T1,26/11/2018,Goztep,Buyuksehyr,A,2.87,3.2,2.5,2.75,3.1,2.55,2018/19,€19.25m,€54.63m
T1,30/11/2018,Konyaspor,Alanyaspor,H,1.7,3.6,5.0,1.67,3.5,5.0,2018/19,€22.53m,€39.45m
T1,30/11/2018,Rizespor,Ankaragucu,D,1.95,3.5,3.75,2.0,3.4,3.5,2018/19,€29.50m,€21.08m
T1,01/12/2018,Antalyaspor,Goztep,H,2.2,3.1,3.5,2.35,3.1,3.0,2018/19,€21.23m,€19.25m
T1,01/12/2018,Buyuksehyr,Sivasspor,A,1.5,4.33,6.0,1.45,4.1,6.75,2018/19,€54.63m,€23.10m
T1,01/12/2018,Kayserispor,Trabzonspor,A,3.75,3.5,1.95,3.25,3.4,2.1,2018/19,€19.38m,€60.30m
T1,02/12/2018,Besiktas,Galatasaray,H,1.75,3.75,4.33,1.72,3.5,4.75,2018/19,€77.75m,€129.80m
T1,02/12/2018,Bursaspor,Erzurum BB,H,1.75,3.5,4.75,1.75,3.4,4.6,2018/19,€28.15m,€16.03m
T1,03/12/2018,Fenerbahce,Kasimpasa,D,1.72,3.8,4.5,1.75,3.7,4.2,2018/19,€103.50m,€34.35m
T1,03/12/2018,Yeni Malatyaspor,Akhisar Belediyespor,D,1.83,3.4,4.5,1.78,3.4,4.4,2018/19,€24.75m,€11.78m
T1,07/12/2018,Alanyaspor,Besiktas,D,3.75,3.4,2.0,3.75,3.3,1.95,2018/19,€39.45m,€77.75m
T1,08/12/2018,Galatasaray,Rizespor,D,1.44,4.2,7.5,1.44,4.1,7.0,2018/19,€129.80m,€29.50m
T1,08/12/2018,Sivasspor,Goztep,H,2.1,3.3,3.5,2.1,3.2,3.4,2018/19,€23.10m,€19.25m
T1,08/12/2018,Trabzonspor,Konyaspor,H,1.85,3.4,4.33,1.87,3.3,4.1,2018/19,€60.30m,€22.53m
T1,09/12/2018,Akhisar Belediyespor,Fenerbahce,H,3.5,3.4,2.04,3.5,3.4,2.0,2018/19,€11.78m,€103.50m
T1,09/12/2018,Bursaspor,Antalyaspor,A,1.75,3.5,4.75,1.75,3.5,4.5,2018/19,€28.15m,€21.23m
T1,09/12/2018,Erzurum BB,Yeni Malatyaspor,A,2.1,3.25,3.6,2.1,3.2,3.4,2018/19,€16.03m,€24.75m
T1,10/12/2018,Ankaragucu,Buyuksehyr,A,4.33,3.6,1.8,4.1,3.6,1.8,2018/19,€21.08m,€54.63m
T1,10/12/2018,Kasimpasa,Kayserispor,A,1.44,4.33,7.0,1.55,4.1,5.25,2018/19,€34.35m,€19.38m
T1,14/12/2018,Goztep,Bursaspor,D,2.04,3.2,3.75,2.15,3.1,3.4,2018/19,€19.25m,€28.15m
T1,15/12/2018,Buyuksehyr,Galatasaray,D,1.9,3.4,4.1,1.95,3.4,3.6,2018/19,€54.63m,€129.80m
T1,15/12/2018,Konyaspor,Kasimpasa,H,1.95,3.75,3.5,2.0,3.5,3.4,2018/19,€22.53m,€34.35m
T1,15/12/2018,Rizespor,Alanyaspor,D,2.3,3.3,3.1,2.1,3.4,3.2,2018/19,€29.50m,€39.45m
T1,15/12/2018,Sivasspor,Ankaragucu,H,1.66,3.8,5.0,1.7,3.6,4.75,2018/19,€23.10m,€21.08m
T1,16/12/2018,Besiktas,Trabzonspor,D,1.85,3.8,3.8,1.8,3.6,4.1,2018/19,€77.75m,€60.30m
T1,16/12/2018,Kayserispor,Akhisar Belediyespor,H,2.2,3.25,3.3,2.2,3.2,3.2,2018/19,€19.38m,€11.78m
T1,16/12/2018,Yeni Malatyaspor,Antalyaspor,H,2.04,3.25,3.75,2.05,3.25,3.5,2018/19,€24.75m,€21.23m
T1,17/12/2018,Fenerbahce,Erzurum BB,D,1.5,4.0,7.0,1.5,4.0,6.0,2018/19,€103.50m,€16.03m
T1,22/12/2018,Alanyaspor,Buyuksehyr,D,3.75,3.4,2.0,3.6,3.3,2.0,2018/19,€39.45m,€54.63m
T1,22/12/2018,Ankaragucu,Goztep,A,3.25,3.25,2.2,2.9,3.1,2.4,2018/19,€21.08m,€19.25m
T1,22/12/2018,Kasimpasa,Besiktas,H,2.54,3.6,2.54,2.5,3.4,2.6,2018/19,€34.35m,€77.75m
T1,23/12/2018,Bursaspor,Yeni Malatyaspor,D,2.0,3.3,3.8,1.91,3.4,3.8,2018/19,€28.15m,€24.75m
T1,23/12/2018,Erzurum BB,Kayserispor,D,2.0,3.3,3.8,1.95,3.25,3.9,2018/19,€16.03m,€19.38m
T1,23/12/2018,Galatasaray,Sivasspor,H,1.66,4.0,4.75,1.7,3.6,4.6,2018/19,€129.80m,€23.10m
T1,23/12/2018,Trabzonspor,Rizespor,H,1.44,4.5,6.5,1.5,4.1,5.75,2018/19,€60.30m,€29.50m
T1,24/12/2018,Akhisar Belediyespor,Konyaspor,D,2.6,3.2,2.75,2.55,3.1,2.75,2018/19,€11.78m,€22.53m
T1,24/12/2018,Antalyaspor,Fenerbahce,D,4.75,3.6,1.75,3.8,3.8,1.8,2018/19,€21.23m,€103.50m
T1,18/01/2019,Akhisar Belediyespor,Besiktas,A,3.5,3.6,2.0,3.4,3.5,2.0,2018/19,€11.78m,€77.75m
T1,19/01/2019,Antalyaspor,Kayserispor,D,2.4,3.2,3.0,2.25,3.2,3.1,2018/19,€21.23m,€19.38m
T1,19/01/2019,Erzurum BB,Konyaspor,A,2.6,3.25,2.7,2.5,3.2,2.75,2018/19,€16.03m,€22.53m
T1,19/01/2019,Galatasaray,Ankaragucu,H,1.28,5.75,9.0,1.28,5.5,8.25,2018/19,€129.80m,€21.08m
T1,19/01/2019,Yeni Malatyaspor,Goztep,H,2.3,3.4,3.0,2.2,3.1,3.3,2018/19,€24.75m,€19.25m
T1,20/01/2019,Alanyaspor,Sivasspor,H,2.2,3.4,3.2,2.2,3.4,3.0,2018/19,€39.45m,€23.10m
T1,20/01/2019,Trabzonspor,Buyuksehyr,A,2.75,3.25,2.55,2.75,3.1,2.55,2018/19,€60.30m,€54.63m
T1,21/01/2019,Bursaspor,Fenerbahce,D,3.2,3.4,2.2,3.2,3.3,2.15,2018/19,€28.15m,€103.50m
T1,21/01/2019,Kasimpasa,Rizespor,A,1.66,4.0,4.75,1.65,4.0,4.5,2018/19,€34.35m,€29.50m
T1,25/01/2019,Besiktas,Erzurum BB,D,1.4,4.5,7.5,1.4,4.5,7.0,2018/19,€77.75m,€16.03m
T1,26/01/2019,Goztep,Galatasaray,A,3.1,3.4,2.25,2.95,3.4,2.25,2018/19,€19.25m,€129.80m
T1,26/01/2019,Kayserispor,Bursaspor,D,2.37,3.25,3.0,2.4,3.1,2.9,2018/19,€19.38m,€28.15m
T1,27/01/2019,Konyaspor,Antalyaspor,H,1.57,3.8,6.0,1.62,3.8,5.0,2018/19,€22.53m,€21.23m
T1,27/01/2019,Rizespor,Akhisar Belediyespor,H,2.0,3.5,3.6,2.0,3.5,3.4,2018/19,€29.50m,€11.78m
T1,27/01/2019,Sivasspor,Trabzonspor,D,2.6,3.4,2.6,2.55,3.4,2.55,2018/19,€23.10m,€60.30m
T1,28/01/2019,Ankaragucu,Alanyaspor,A,4.2,3.75,1.83,4.1,3.5,1.83,2018/19,€21.08m,€39.45m
T1,28/01/2019,Buyuksehyr,Kasimpasa,H,1.53,4.2,5.75,1.5,4.1,5.75,2018/19,€54.63m,€34.35m
T1,28/01/2019,Fenerbahce,Yeni Malatyaspor,H,1.61,4.0,5.0,1.6,3.6,5.75,2018/19,€103.50m,€24.75m
T1,01/02/2019,Fenerbahce,Goztep,H,1.72,3.6,4.75,1.7,3.7,4.6,2018/19,€103.50m,€19.25m
T1,02/02/2019,Alanyaspor,Galatasaray,D,3.3,3.25,2.2,3.0,3.3,2.25,2018/19,€39.45m,€129.80m
T1,02/02/2019,Kasimpasa,Sivasspor,A,2.1,3.5,3.25,1.95,3.6,3.4,2018/19,€34.35m,€23.10m
T1,02/02/2019,Trabzonspor,Ankaragucu,H,1.3,5.5,9.0,1.25,5.5,10.0,2018/19,€60.30m,€21.08m
T1,02/02/2019,Yeni Malatyaspor,Kayserispor,D,2.0,3.2,4.0,2.05,3.2,3.6,2018/19,€24.75m,€19.38m
T1,03/02/2019,Akhisar Belediyespor,Buyuksehyr,A,6.5,3.6,1.57,5.5,3.9,1.55,2018/19,€11.78m,€54.63m
T1,03/02/2019,Antalyaspor,Besiktas,A,5.0,3.5,1.72,4.4,3.5,1.75,2018/19,€21.23m,€77.75m
T1,03/02/2019,Erzurum BB,Rizespor,A,2.3,3.2,3.1,2.35,3.2,2.9,2018/19,€16.03m,€29.50m
T1,04/02/2019,Bursaspor,Konyaspor,D,2.37,3.1,3.1,2.3,3.1,3.1,2018/19,€28.15m,€22.53m
T1,08/02/2019,Kayserispor,Fenerbahce,H,3.5,3.4,2.05,3.3,3.3,2.1,2018/19,€19.38m,€103.50m
T1,09/02/2019,Besiktas,Bursaspor,H,1.53,3.8,6.5,1.53,3.9,6.0,2018/19,€77.75m,€28.15m
T1,09/02/2019,Buyuksehyr,Erzurum BB,D,1.28,5.25,11.0,1.26,5.25,10.5,2018/19,€54.63m,€16.03m
T1,09/02/2019,Rizespor,Antalyaspor,D,1.75,3.5,4.75,1.75,3.5,4.4,2018/19,€29.50m,€21.23m
T1,10/02/2019,Galatasaray,Trabzonspor,H,1.75,3.75,4.33,1.7,3.8,4.33,2018/19,€129.80m,€60.30m
T1,10/02/2019,Goztep,Alanyaspor,H,2.37,3.2,3.0,2.3,3.2,3.0,2018/19,€19.25m,€39.45m
T1,10/02/2019,Konyaspor,Yeni Malatyaspor,D,1.83,3.4,4.5,1.85,3.3,4.25,2018/19,€22.53m,€24.75m
T1,11/02/2019,Ankaragucu,Kasimpasa,H,3.4,3.75,2.0,3.5,3.7,1.9,2018/19,€21.08m,€34.35m
T1,11/02/2019,Sivasspor,Akhisar Belediyespor,H,1.75,3.4,5.0,1.8,3.5,4.2,2018/19,€23.10m,€11.78m
T1,15/02/2019,Yeni Malatyaspor,Besiktas,A,4.0,3.5,1.9,3.7,3.4,1.95,2018/19,€24.75m,€77.75m
T1,16/02/2019,Akhisar Belediyespor,Ankaragucu,D,1.8,3.6,4.33,1.87,3.4,4.0,2018/19,€11.78m,€21.08m
T1,16/02/2019,Bursaspor,Rizespor,A,1.83,3.5,4.33,1.83,3.4,4.2,2018/19,€28.15m,€29.50m
T1,16/02/2019,Fenerbahce,Konyaspor,D,1.9,3.6,3.8,1.83,3.5,4.1,2018/19,€103.50m,€22.53m
T1,17/02/2019,Erzurum BB,Sivasspor,H,2.3,3.4,3.0,2.45,3.3,2.7,2018/19,€16.03m,€23.10m
T1,17/02/2019,Kasimpasa,Galatasaray,A,4.5,3.75,1.72,4.1,3.7,1.78,2018/19,€34.35m,€129.80m
T1,17/02/2019,Kayserispor,Goztep,H,2.1,3.4,3.4,2.2,3.2,3.2,2018/19,€19.38m,€19.25m
T1,17/02/2019,Trabzonspor,Alanyaspor,A,1.9,3.75,3.6,1.87,3.7,3.6,2018/19,€60.30m,€39.45m
T1,18/02/2019,Antalyaspor,Buyuksehyr,A,5.5,3.8,1.61,5.25,3.75,1.6,2018/19,€21.23m,€54.63m
T1,22/02/2019,Goztep,Trabzonspor,A,2.4,3.4,2.8,2.5,3.2,2.8,2018/19,€19.25m,€60.30m
T1,22/02/2019,Rizespor,Yeni Malatyaspor,H,1.85,3.6,4.0,1.87,3.4,4.1,2018/19,€29.50m,€24.75m
T1,23/02/2019,Alanyaspor,Kasimpasa,H,1.75,4.2,3.8,1.72,3.8,4.4,2018/19,€39.45m,€34.35m
T1,23/02/2019,Buyuksehyr,Bursaspor,H,1.5,4.0,7.0,1.5,3.9,7.0,2018/19,€54.63m,€28.15m
T1,23/02/2019,Sivasspor,Antalyaspor,A,1.66,3.75,5.0,1.6,4.0,5.0,2018/19,€23.10m,€21.23m
T1,24/02/2019,Ankaragucu,Erzurum BB,H,2.5,3.2,2.87,2.5,3.2,2.8,2018/19,€21.08m,€16.03m
T1,24/02/2019,Galatasaray,Akhisar Belediyespor,H,1.28,6.0,8.0,1.28,5.25,10.0,2018/19,€129.80m,€11.78m
T1,24/02/2019,Konyaspor,Kayserispor,A,2.05,3.3,3.6,2.1,3.1,3.7,2018/19,€22.53m,€19.38m
T1,25/02/2019,Besiktas,Fenerbahce,D,1.75,3.8,4.33,1.72,3.6,4.75,2018/19,€77.75m,€103.50m
T1,01/03/2019,Antalyaspor,Ankaragucu,A,1.9,3.4,4.0,1.95,3.3,4.0,2018/19,€21.23m,€21.08m
T1,02/03/2019,Bursaspor,Sivasspor,H,2.1,3.25,3.5,2.25,3.2,3.2,2018/19,€28.15m,€23.10m
T1,02/03/2019,Fenerbahce,Rizespor,H,1.6,4.2,5.0,1.65,3.8,5.0,2018/19,€103.50m,€29.50m
T1,02/03/2019,Kayserispor,Besiktas,D,3.75,3.4,2.0,3.8,3.4,1.95,2018/19,€19.38m,€77.75m
T1,03/03/2019,Erzurum BB,Galatasaray,D,3.75,3.5,1.95,4.33,3.5,1.8,2018/19,€16.03m,€129.80m
T1,03/03/2019,Konyaspor,Goztep,D,2.0,3.1,4.2,2.05,3.1,3.8,2018/19,€22.53m,€19.25m
T1,03/03/2019,Yeni Malatyaspor,Buyuksehyr,A,4.5,3.5,1.8,4.75,3.5,1.75,2018/19,€24.75m,€54.63m
T1,04/03/2019,Akhisar Belediyespor,Alanyaspor,H,3.0,3.2,2.4,2.85,3.2,2.45,2018/19,€11.78m,€39.45m
T1,04/03/2019,Kasimpasa,Trabzonspor,D,3.3,3.6,2.05,3.1,3.5,2.15,2018/19,€34.35m,€60.30m
T1,08/03/2019,Sivasspor,Yeni Malatyaspor,H,1.9,3.4,4.0,1.83,3.5,4.2,2018/19,€23.10m,€24.75m
T1,09/03/2019,Ankaragucu,Bursaspor,D,2.87,3.2,2.5,2.85,2.9,2.65,2018/19,€21.08m,€28.15m
T1,09/03/2019,Buyuksehyr,Fenerbahce,H,1.95,3.4,3.9,2.0,3.25,3.75,2018/19,€54.63m,€103.50m
T1,09/03/2019,Trabzonspor,Akhisar Belediyespor,H,1.5,4.2,6.25,1.5,4.2,6.0,2018/19,€60.30m,€11.78m
T1,10/03/2019,Alanyaspor,Erzurum BB,H,1.75,3.6,4.75,1.78,3.5,4.5,2018/19,€39.45m,€16.03m
T1,10/03/2019,Besiktas,Konyaspor,H,1.57,3.75,6.0,1.6,4.0,5.0,2018/19,€77.75m,€22.53m
T1,10/03/2019,Goztep,Kasimpasa,D,1.95,3.6,3.6,1.91,3.6,3.7,2018/19,€19.25m,€34.35m
T1,10/03/2019,Rizespor,Kayserispor,H,2.15,3.3,3.4,2.2,3.25,3.3,2018/19,€29.50m,€19.38m
T1,11/03/2019,Galatasaray,Antalyaspor,H,1.28,6.0,8.5,1.3,5.0,10.0,2018/19,€129.80m,€21.23m
T1,15/03/2019,Fenerbahce,Sivasspor,H,1.45,4.75,6.0,1.48,4.4,6.0,2018/19,€103.50m,€23.10m
T1,16/03/2019,Akhisar Belediyespor,Kasimpasa,A,2.3,3.5,2.9,2.3,3.6,2.8,2018/19,€11.78m,€34.35m
T1,16/03/2019,Antalyaspor,Alanyaspor,H,3.25,3.5,2.1,3.2,3.4,2.15,2018/19,€21.23m,€39.45m
T1,16/03/2019,Besiktas,Goztep,H,1.44,4.5,6.5,1.45,4.6,6.25,2018/19,€77.75m,€19.25m
T1,16/03/2019,Erzurum BB,Trabzonspor,A,2.6,3.4,2.6,2.55,3.5,2.55,2018/19,€16.03m,€60.30m
T1,16/03/2019,Konyaspor,Rizespor,A,2.1,3.4,3.4,2.1,3.3,3.4,2018/19,€22.53m,€29.50m
T1,17/03/2019,Bursaspor,Galatasaray,A,3.4,3.4,2.1,3.1,3.4,2.2,2018/19,€28.15m,€129.80m
T1,17/03/2019,Kayserispor,Buyuksehyr,D,4.5,3.5,1.8,4.5,3.5,1.78,2018/19,€19.38m,€54.63m
T1,17/03/2019,Yeni Malatyaspor,Ankaragucu,H,2.1,3.3,3.5,2.1,3.3,3.4,2018/19,€24.75m,€21.08m
T1,05/04/2019,Trabzonspor,Antalyaspor,H,1.57,4.0,5.75,1.55,4.1,5.5,2018/19,€60.30m,€21.23m
T1,06/04/2019,Alanyaspor,Bursaspor,H,2.1,3.25,3.6,2.1,3.2,3.5,2018/19,€39.45m,€28.15m
T1,06/04/2019,Galatasaray,Yeni Malatyaspor,H,1.36,4.75,8.5,1.4,5.0,6.5,2018/19,€129.80m,€24.75m
T1,06/04/2019,Sivasspor,Kayserispor,A,1.75,3.6,4.75,1.72,3.75,4.6,2018/19,€23.10m,€19.38m
T1,07/04/2019,Ankaragucu,Fenerbahce,D,5.0,3.6,1.7,4.33,3.7,1.75,2018/19,€21.08m,€103.50m
T1,07/04/2019,Buyuksehyr,Konyaspor,H,1.44,3.8,9.0,1.48,4.0,7.0,2018/19,€54.63m,€22.53m
T1,07/04/2019,Goztep,Akhisar Belediyespor,A,1.9,3.5,4.0,1.91,3.5,3.8,2018/19,€19.25m,€11.78m
T1,07/04/2019,Kasimpasa,Erzurum BB,H,2.0,3.4,3.75,2.0,3.6,3.4,2018/19,€34.35m,€16.03m
T1,08/04/2019,Rizespor,Besiktas,A,3.8,3.5,1.95,3.8,3.6,1.9,2018/19,€29.50m,€77.75m
T1,12/04/2019,Bursaspor,Trabzonspor,A,2.37,3.3,3.0,2.4,3.4,2.75,2018/19,€28.15m,€60.30m
T1,13/04/2019,Besiktas,Buyuksehyr,H,2.2,3.4,3.2,2.2,3.3,3.2,2018/19,€77.75m,€54.63m
T1,13/04/2019,Konyaspor,Sivasspor,D,2.1,3.2,3.6,2.2,3.3,3.2,2018/19,€22.53m,€23.10m
T1,13/04/2019,Rizespor,Goztep,H,1.9,3.75,3.6,1.9,3.6,3.8,2018/19,€29.50m,€19.25m
T1,14/04/2019,Antalyaspor,Kasimpasa,H,2.55,3.6,2.5,2.55,3.5,2.55,2018/19,€21.23m,€34.35m
T1,14/04/2019,Fenerbahce,Galatasaray,D,2.4,3.5,2.7,2.25,3.4,3.0,2018/19,€103.50m,€129.80m
T1,14/04/2019,Kayserispor,Ankaragucu,A,1.8,3.75,4.2,1.8,3.5,4.35,2018/19,€19.38m,€21.08m
T1,14/04/2019,Yeni Malatyaspor,Alanyaspor,D,2.8,3.2,2.6,2.65,3.3,2.55,2018/19,€24.75m,€39.45m
T1,15/04/2019,Erzurum BB,Akhisar Belediyespor,H,1.85,3.75,3.8,1.95,3.5,3.75,2018/19,€16.03m,€11.78m
T1,19/04/2019,Kasimpasa,Bursaspor,D,2.45,3.4,2.8,2.35,3.4,2.85,2018/19,€34.35m,€28.15m
T1,20/04/2019,Akhisar Belediyespor,Antalyaspor,A,1.85,3.5,4.33,1.83,3.75,3.9,2018/19,€11.78m,€21.23m
T1,20/04/2019,Galatasaray,Kayserispor,H,1.36,4.75,8.0,1.33,5.25,8.0,2018/19,€129.80m,€19.38m
T1,20/04/2019,Goztep,Erzurum BB,A,2.1,3.3,3.5,2.1,3.2,3.5,2018/19,€19.25m,€16.03m
T1,20/04/2019,Trabzonspor,Yeni Malatyaspor,H,1.57,4.0,5.5,1.55,4.2,5.5,2018/19,€60.30m,€24.75m
T1,21/04/2019,Alanyaspor,Fenerbahce,H,2.4,3.3,2.9,2.5,3.2,2.8,2018/19,€39.45m,€103.50m
T1,21/04/2019,Ankaragucu,Konyaspor,D,2.37,3.25,3.0,2.4,3.2,2.95,2018/19,€21.08m,€22.53m
T1,21/04/2019,Buyuksehyr,Rizespor,D,1.36,4.75,8.5,1.3,5.25,9.0,2018/19,€54.63m,€29.50m
T1,22/04/2019,Sivasspor,Besiktas,A,3.75,3.6,1.9,3.4,3.75,1.95,2018/19,€23.10m,€77.75m
T1,26/04/2019,Buyuksehyr,Goztep,A,1.25,5.25,13.0,1.26,5.25,11.5,2018/19,€54.63m,€19.25m
T1,27/04/2019,Antalyaspor,Erzurum BB,D,2.55,3.3,2.7,2.4,3.25,2.9,2018/19,€21.23m,€16.03m
T1,27/04/2019,Fenerbahce,Trabzonspor,D,2.0,3.5,3.6,2.05,3.5,3.4,2018/19,€103.50m,€60.30m
T1,27/04/2019,Rizespor,Sivasspor,D,2.0,3.5,3.6,2.0,3.5,3.5,2018/19,€29.50m,€23.10m
T1,28/04/2019,Besiktas,Ankaragucu,H,1.33,5.25,8.0,1.36,5.0,7.5,2018/19,€77.75m,€21.08m
T1,28/04/2019,Bursaspor,Akhisar Belediyespor,D,1.61,3.8,5.5,1.67,3.7,5.0,2018/19,€28.15m,€11.78m
T1,28/04/2019,Kayserispor,Alanyaspor,D,2.75,3.4,2.45,2.75,3.2,2.55,2018/19,€19.38m,€39.45m
T1,29/04/2019,Konyaspor,Galatasaray,D,5.0,3.6,1.7,4.75,3.6,1.72,2018/19,€22.53m,€129.80m
T1,29/04/2019,Yeni Malatyaspor,Kasimpasa,H,2.4,3.4,2.75,2.45,3.25,2.85,2018/19,€24.75m,€34.35m
T1,03/05/2019,Sivasspor,Buyuksehyr,D,4.75,3.6,1.72,4.6,3.6,1.75,2018/19,€23.10m,€54.63m
T1,04/05/2019,Ankaragucu,Rizespor,D,2.55,3.4,2.62,2.5,3.4,2.65,2018/19,€21.08m,€29.50m
T1,04/05/2019,Erzurum BB,Bursaspor,H,2.3,3.2,3.1,2.35,3.2,3.0,2018/19,€16.03m,€28.15m
T1,04/05/2019,Kasimpasa,Fenerbahce,A,3.3,3.75,2.05,3.1,3.6,2.1,2018/19,€34.35m,€103.50m
T1,05/05/2019,Akhisar Belediyespor,Yeni Malatyaspor,A,1.9,3.5,4.0,1.87,3.6,3.9,2018/19,€11.78m,€24.75m
T1,05/05/2019,Galatasaray,Besiktas,H,1.9,4.0,3.5,1.87,3.9,3.9,2018/19,€129.80m,€77.75m
T1,05/05/2019,Goztep,Antalyaspor,H,1.57,4.0,5.5,1.57,4.0,5.5,2018/19,€19.25m,€21.23m
T1,06/05/2019,Alanyaspor,Konyaspor,A,2.05,3.4,3.5,2.0,3.25,3.75,2018/19,€39.45m,€22.53m
T1,06/05/2019,Trabzonspor,Kayserispor,H,1.45,4.5,6.5,1.45,4.5,6.25,2018/19,€60.30m,€19.38m
T1,10/05/2019,Antalyaspor,Bursaspor,A,3.4,3.4,2.1,3.3,3.4,2.1,2018/19,€21.23m,€28.15m
T1,11/05/2019,Fenerbahce,Akhisar Belediyespor,H,1.28,5.5,11.0,1.33,5.0,8.75,2018/19,€103.50m,€11.78m
T1,11/05/2019,Goztep,Sivasspor,D,1.72,4.0,4.2,1.7,3.9,4.5,2018/19,€19.25m,€23.10m
T1,11/05/2019,Rizespor,Galatasaray,A,5.25,3.9,1.61,4.6,4.0,1.65,2018/19,€29.50m,€129.80m
T1,12/05/2019,Buyuksehyr,Ankaragucu,H,1.25,5.5,12.0,1.25,5.5,12.0,2018/19,€54.63m,€21.08m
T1,12/05/2019,Kayserispor,Kasimpasa,H,2.3,3.4,3.0,2.4,3.3,2.85,2018/19,€19.38m,€34.35m
T1,12/05/2019,Konyaspor,Trabzonspor,D,3.5,3.25,2.1,3.4,3.2,2.15,2018/19,€22.53m,€60.30m
T1,12/05/2019,Yeni Malatyaspor,Erzurum BB,H,2.4,3.25,2.9,2.4,3.25,2.9,2018/19,€24.75m,€16.03m
T1,13/05/2019,Besiktas,Alanyaspor,H,1.44,4.2,7.5,1.5,4.0,6.5,2018/19,€77.75m,€39.45m
T1,17/05/2019,Kasimpasa,Konyaspor,D,2.4,3.6,2.7,2.55,3.5,2.55,2018/19,€34.35m,€22.53m
T1,18/05/2019,Antalyaspor,Yeni Malatyaspor,H,2.62,3.5,2.5,2.5,3.4,2.65,2018/19,€21.23m,€24.75m
T1,18/05/2019,Trabzonspor,Besiktas,H,2.75,3.75,2.3,2.65,3.7,2.35,2018/19,€60.30m,€77.75m
T1,19/05/2019,Akhisar Belediyespor,Kayserispor,D,3.4,3.4,2.1,3.4,3.5,2.05,2018/19,€11.78m,€19.38m
T1,19/05/2019,Alanyaspor,Rizespor,D,1.9,3.75,3.6,1.95,3.7,3.5,2018/19,€39.45m,€29.50m
T1,19/05/2019,Bursaspor,Goztep,D,2.1,3.3,3.5,2.05,3.25,3.6,2018/19,€28.15m,€19.25m
T1,19/05/2019,Galatasaray,Buyuksehyr,H,1.7,3.6,5.0,1.75,3.9,4.5,2018/19,€129.80m,€54.63m
T1,20/05/2019,Erzurum BB,Fenerbahce,A,2.3,3.75,2.75,2.35,3.5,2.75,2018/19,€16.03m,€103.50m
T1,24/05/2019,Besiktas,Kasimpasa,H,1.25,6.0,11.0,1.25,6.25,9.0,2018/19,€77.75m,€34.35m
T1,24/05/2019,Buyuksehyr,Alanyaspor,D,1.72,4.0,4.33,1.67,4.0,4.5,2018/19,€54.63m,€39.45m
T1,24/05/2019,Rizespor,Trabzonspor,A,2.8,3.8,2.25,2.85,3.5,2.3,2018/19,€29.50m,€60.30m
T1,24/05/2019,Sivasspor,Galatasaray,H,2.75,3.6,2.37,2.65,3.75,2.35,2018/19,€23.10m,€129.80m
T1,25/05/2019,Konyaspor,Akhisar Belediyespor,D,1.45,4.5,6.5,1.5,4.4,5.75,2018/19,€22.53m,€11.78m
T1,26/05/2019,Fenerbahce,Antalyaspor,H,1.66,4.0,4.75,1.57,4.4,4.75,2018/19,€103.50m,€21.23m
T1,26/05/2019,Goztep,Ankaragucu,H,1.36,4.75,8.0,1.35,4.75,8.25,2018/19,€19.25m,€21.08m
T1,26/05/2019,Kayserispor,Erzurum BB,A,2.62,3.4,2.55,2.55,3.4,2.6,2018/19,€19.38m,€16.03m
T1,26/05/2019,Yeni Malatyaspor,Bursaspor,A,3.0,3.3,2.35,2.9,3.3,2.35,2018/19,€24.75m,€28.15m
T1,16/08/2019,Denizlispor,Galatasaray,H,4.5,3.75,1.75,4.25,3.8,1.75,2019/20,€15.95m,€105.13m
T1,17/08/2019,Genclerbirligi,Rizespor,A,2.1,3.3,3.5,2.1,3.3,3.4,2019/20,€13.75m,€22.68m
T1,17/08/2019,Kayserispor,Alanyaspor,A,2.4,3.2,3.0,2.35,3.2,3.0,2019/20,€21.58m,€21.30m
T1,17/08/2019,Sivasspor,Besiktas,H,2.75,3.5,2.4,2.8,3.4,2.4,2019/20,€27.30m,€63.25m
T1,18/08/2019,Konyaspor,Ankaragucu,D,1.72,3.5,5.0,1.75,3.5,4.75,2019/20,€20.23m,€11.85m
T1,18/08/2019,Goztep,Antalyaspor,A,1.85,3.6,4.0,1.85,3.6,3.9,2019/20,€17.23m,€19.15m
T1,18/08/2019,Kasimpasa,Trabzonspor,D,3.3,3.5,2.1,3.1,3.6,2.15,2019/20,€30.00m,€87.03m
T1,18/08/2019,Yeni Malatyaspor,Buyuksehyr,H,3.5,3.25,2.1,3.3,3.3,2.15,2019/20,€22.33m,€53.85m
T1,19/08/2019,Fenerbahce,Gaziantep,H,1.44,4.2,7.5,1.44,4.4,6.75,2019/20,€75.90m,€20.10m
T1,23/08/2019,Besiktas,Goztep,H,1.44,4.2,7.5,1.5,4.1,6.25,2019/20,€63.25m,€17.23m
T1,24/08/2019,Ankaragucu,Kayserispor,D,2.37,3.2,3.0,2.25,3.3,3.1,2019/20,€11.85m,€21.58m
T1,24/08/2019,Alanyaspor,Kasimpasa,H,1.66,4.33,4.33,1.7,4.1,4.25,2019/20,€21.30m,€30.00m
T1,24/08/2019,Buyuksehyr,Fenerbahce,A,2.45,3.2,2.9,2.55,3.25,2.7,2019/20,€53.85m,€75.90m
T1,25/08/2019,Rizespor,Sivasspor,H,2.05,3.3,3.6,2.1,3.4,3.3,2019/20,€22.68m,€27.30m
T1,25/08/2019,Trabzonspor,Yeni Malatyaspor,H,1.65,3.75,5.25,1.6,4.1,5.0,2019/20,€87.03m,€22.33m
T1,25/08/2019,Antalyaspor,Denizlispor,A,2.62,3.2,2.75,2.45,3.25,2.8,2019/20,€19.15m,€15.95m
T1,25/08/2019,Galatasaray,Konyaspor,D,1.4,4.75,7.0,1.4,4.75,7.0,2019/20,€105.13m,€20.23m
T1,26/08/2019,Gaziantep,Genclerbirligi,H,2.37,3.25,3.0,2.4,3.2,2.95,2019/20,€20.10m,€13.75m
T1,30/08/2019,Kasimpasa,Ankaragucu,A,1.7,3.8,4.75,1.67,4.0,4.5,2019/20,€30.00m,€11.85m
T1,30/08/2019,Kayserispor,Galatasaray,A,4.75,3.6,1.72,4.33,3.75,1.75,2019/20,€21.58m,€105.13m
T1,31/08/2019,Konyaspor,Antalyaspor,D,1.57,3.75,6.0,1.62,3.6,5.75,2019/20,€20.23m,€19.15m
T1,31/08/2019,Besiktas,Rizespor,D,1.57,4.0,5.5,1.57,4.2,5.25,2019/20,€63.25m,€22.68m
T1,31/08/2019,Goztep,Denizlispor,D,2.4,3.2,3.0,2.35,3.25,3.0,2019/20,€17.23m,€15.95m
T1,01/09/2019,Genclerbirligi,Buyuksehyr,A,4.5,3.4,1.83,4.1,3.5,1.85,2019/20,€13.75m,€53.85m
T1,01/09/2019,Sivasspor,Gaziantep,D,1.44,4.2,7.5,1.5,4.1,6.25,2019/20,€27.30m,€20.10m
T1,01/09/2019,Fenerbahce,Trabzonspor,D,1.65,4.0,4.75,1.67,4.0,4.5,2019/20,€75.90m,€87.03m
T1,01/09/2019,Yeni Malatyaspor,Alanyaspor,A,3.1,3.3,2.3,2.85,3.3,2.4,2019/20,€22.33m,€21.30m
T1,13/09/2019,Galatasaray,Kasimpasa,H,1.28,5.75,9.5,1.3,5.5,8.5,2019/20,€105.13m,€30.00m
T1,14/09/2019,Buyuksehyr,Sivasspor,D,1.57,3.75,6.0,1.55,4.0,5.75,2019/20,€53.85m,€27.30m
T1,14/09/2019,Antalyaspor,Kayserispor,D,2.1,3.4,3.4,2.05,3.4,3.5,2019/20,€19.15m,€21.58m
T1,14/09/2019,Gaziantep,Besiktas,H,4.2,3.75,1.8,4.2,3.8,1.75,2019/20,€20.10m,€63.25m
T1,15/09/2019,Ankaragucu,Yeni Malatyaspor,A,2.7,3.2,2.6,2.7,3.2,2.6,2019/20,€11.85m,€22.33m
T1,15/09/2019,Rizespor,Goztep,D,1.9,3.5,4.0,1.95,3.4,3.8,2019/20,€22.68m,€17.23m
T1,15/09/2019,Denizlispor,Konyaspor,A,2.1,3.3,3.5,2.0,3.3,3.75,2019/20,€15.95m,€20.23m
T1,15/09/2019,Trabzonspor,Genclerbirligi,D,1.45,4.5,6.5,1.5,4.2,6.0,2019/20,€87.03m,€13.75m
T1,16/09/2019,Alanyaspor,Fenerbahce,H,2.87,3.4,2.37,2.7,3.5,2.4,2019/20,€21.30m,€75.90m
T1,20/09/2019,Goztep,Konyaspor,H,2.3,3.1,3.2,2.35,2.95,3.3,2019/20,€17.23m,€20.23m
T1,21/09/2019,Kasimpasa,Antalyaspor,H,2.4,3.4,2.8,2.3,3.4,2.9,2019/20,€30.00m,€19.15m
T1,21/09/2019,Kayserispor,Denizlispor,D,2.4,3.2,3.0,2.4,3.2,2.9,2019/20,€21.58m,€15.95m
T1,21/09/2019,Fenerbahce,Ankaragucu,H,1.25,5.5,12.0,1.25,5.75,10.5,2019/20,€75.90m,€11.85m
T1,22/09/2019,Rizespor,Gaziantep,A,1.9,3.4,4.0,1.91,3.4,3.9,2019/20,€22.68m,€20.10m
T1,22/09/2019,Genclerbirligi,Alanyaspor,D,3.75,3.4,2.0,3.5,3.5,2.0,2019/20,€13.75m,€21.30m
T1,22/09/2019,Yeni Malatyaspor,Galatasaray,D,4.2,3.6,1.83,4.1,3.75,1.78,2019/20,€22.33m,€105.13m
T1,23/09/2019,Besiktas,Buyuksehyr,D,2.25,3.5,3.0,2.35,3.4,2.85,2019/20,€63.25m,€53.85m
T1,23/09/2019,Sivasspor,Trabzonspor,H,2.37,3.5,2.8,2.4,3.6,2.65,2019/20,€27.30m,€87.03m
T1,27/09/2019,Buyuksehyr,Rizespor,H,1.6,3.75,6.0,1.65,3.7,5.25,2019/20,€53.85m,€22.68m
T1,28/09/2019,Denizlispor,Kasimpasa,A,1.95,3.5,3.8,2.0,3.4,3.6,2019/20,€15.95m,€30.00m
T1,28/09/2019,Alanyaspor,Sivasspor,D,1.75,3.6,4.75,1.78,3.6,4.4,2019/20,€21.30m,€27.30m
T1,28/09/2019,Galatasaray,Fenerbahce,D,2.05,3.3,3.6,2.15,3.3,3.3,2019/20,€105.13m,€75.90m
T1,29/09/2019,Konyaspor,Kayserispor,H,1.95,3.25,4.0,2.0,3.3,3.7,2019/20,€20.23m,€21.58m
T1,29/09/2019,Ankaragucu,Genclerbirligi,H,3.6,3.25,2.1,3.2,3.25,2.2,2019/20,€11.85m,€13.75m
T1,29/09/2019,Antalyaspor,Yeni Malatyaspor,H,2.37,3.2,3.0,2.5,3.2,2.8,2019/20,€19.15m,€22.33m
T1,29/09/2019,Trabzonspor,Besiktas,H,2.2,3.8,2.9,2.2,3.7,2.9,2019/20,€87.03m,€63.25m
T1,30/09/2019,Gaziantep,Goztep,D,2.3,3.2,3.2,2.25,3.2,3.2,2019/20,€20.10m,€17.23m
T1,04/10/2019,Fenerbahce,Antalyaspor,A,1.36,5.25,7.0,1.33,5.25,7.0,2019/20,€75.90m,€19.15m
T1,04/10/2019,Yeni Malatyaspor,Denizlispor,H,2.05,3.6,3.3,1.95,3.75,3.5,2019/20,€22.33m,€15.95m
T1,05/10/2019,Kasimpasa,Konyaspor,A,2.35,3.3,3.0,2.25,3.3,3.1,2019/20,€30.00m,€20.23m
T1,05/10/2019,Goztep,Kayserispor,H,1.75,3.6,4.75,1.8,3.5,4.4,2019/20,€17.23m,€21.58m
T1,05/10/2019,Genclerbirligi,Galatasaray,D,3.4,3.7,2.0,3.6,3.4,2.0,2019/20,€13.75m,€105.13m
T1,06/10/2019,Sivasspor,Ankaragucu,H,1.44,4.33,7.0,1.4,4.5,7.25,2019/20,€27.30m,€11.85m
T1,06/10/2019,Besiktas,Alanyaspor,H,2.0,3.6,3.5,1.9,3.75,3.6,2019/20,€63.25m,€21.30m
T1,06/10/2019,Gaziantep,Buyuksehyr,A,4.0,3.3,1.95,4.0,3.25,1.95,2019/20,€20.10m,€53.85m
T1,06/10/2019,Rizespor,Trabzonspor,A,2.62,3.25,2.62,2.65,3.2,2.65,2019/20,€22.68m,€87.03m
T1,18/10/2019,Galatasaray,Sivasspor,H,1.55,4.2,5.5,1.48,4.5,5.75,2019/20,€105.13m,€27.30m
T1,19/10/2019,Antalyaspor,Genclerbirligi,A,2.2,3.4,3.2,2.2,3.3,3.2,2019/20,€19.15m,€13.75m
T1,19/10/2019,Buyuksehyr,Goztep,H,1.57,4.0,5.75,1.62,3.8,5.25,2019/20,€53.85m,€17.23m
T1,19/10/2019,Trabzonspor,Gaziantep,H,1.57,4.2,5.25,1.62,4.0,5.0,2019/20,€87.03m,€20.10m
T1,19/10/2019,Ankaragucu,Besiktas,D,6.0,4.2,1.5,5.25,4.4,1.53,2019/20,€11.85m,€63.25m
T1,20/10/2019,Kayserispor,Kasimpasa,D,2.37,3.4,2.87,2.3,3.3,3.0,2019/20,€21.58m,€30.00m
T1,20/10/2019,Alanyaspor,Rizespor,H,1.65,3.75,5.25,1.7,3.7,4.75,2019/20,€21.30m,€22.68m
T1,20/10/2019,Denizlispor,Fenerbahce,A,4.0,3.6,1.85,4.0,3.6,1.85,2019/20,€15.95m,€75.90m
T1,21/10/2019,Konyaspor,Yeni Malatyaspor,A,2.05,3.3,3.6,2.15,3.2,3.4,2019/20,€20.23m,€22.33m
T1,25/10/2019,Rizespor,Ankaragucu,H,1.57,4.0,5.5,1.6,4.0,5.25,2019/20,€22.68m,€11.85m
T1,26/10/2019,Sivasspor,Antalyaspor,H,1.75,3.5,4.75,1.72,3.6,4.75,2019/20,€27.30m,€19.15m
T1,26/10/2019,Gaziantep,Alanyaspor,D,3.6,3.5,2.0,3.3,3.4,2.1,2019/20,€20.10m,€21.30m
T1,26/10/2019,Fenerbahce,Konyaspor,H,1.44,4.33,7.0,1.48,4.33,6.0,2019/20,€75.90m,€20.23m
T1,27/10/2019,Yeni Malatyaspor,Kayserispor,H,1.53,4.0,6.0,1.57,4.0,5.5,2019/20,€22.33m,€21.58m
T1,27/10/2019,Genclerbirligi,Denizlispor,A,1.8,3.6,4.5,1.8,3.5,4.4,2019/20,€13.75m,€15.95m
T1,27/10/2019,Goztep,Kasimpasa,A,1.83,3.5,4.33,1.87,3.6,3.9,2019/20,€17.23m,€30.00m
T1,27/10/2019,Besiktas,Galatasaray,H,2.8,3.3,2.45,2.55,3.6,2.5,2019/20,€63.25m,€105.13m
T1,28/10/2019,Buyuksehyr,Trabzonspor,D,2.0,3.5,3.6,2.0,3.5,3.5,2019/20,€53.85m,€87.03m
T1,01/11/2019,Galatasaray,Rizespor,H,1.5,4.2,5.75,1.53,4.0,6.0,2019/20,€105.13m,€22.68m
T1,02/11/2019,Konyaspor,Genclerbirligi,D,2.25,3.2,3.2,2.35,3.25,3.0,2019/20,€20.23m,€13.75m
T1,02/11/2019,Alanyaspor,Buyuksehyr,D,2.37,3.3,2.9,2.35,3.4,2.85,2019/20,€21.30m,€53.85m
T1,02/11/2019,Trabzonspor,Goztep,A,1.61,3.75,5.5,1.65,3.8,5.0,2019/20,€87.03m,€17.23m
T1,02/11/2019,Antalyaspor,Besiktas,A,3.2,3.3,2.25,3.1,3.5,2.15,2019/20,€19.15m,€63.25m
T1,03/11/2019,Denizlispor,Sivasspor,A,2.8,3.3,2.5,2.75,3.4,2.4,2019/20,€15.95m,€27.30m
T1,03/11/2019,Kasimpasa,Yeni Malatyaspor,D,2.15,3.6,3.1,2.3,3.6,2.8,2019/20,€30.00m,€22.33m
T1,03/11/2019,Kayserispor,Fenerbahce,H,7.0,4.33,1.44,6.25,4.25,1.48,2019/20,€21.58m,€75.90m
T1,04/11/2019,Ankaragucu,Gaziantep,A,2.87,3.4,2.37,2.7,3.4,2.45,2019/20,€11.85m,€20.10m
T1,08/11/2019,Fenerbahce,Kasimpasa,H,1.33,5.25,8.0,1.33,5.5,7.25,2019/20,€75.90m,€30.00m
T1,09/11/2019,Genclerbirligi,Kayserispor,H,1.57,4.33,5.0,1.62,4.0,5.0,2019/20,€13.75m,€21.58m
T1,09/11/2019,Rizespor,Antalyaspor,H,1.95,3.5,3.75,1.91,3.7,3.6,2019/20,€22.68m,€19.15m
T1,09/11/2019,Sivasspor,Konyaspor,H,1.8,3.6,4.33,1.8,3.6,4.2,2019/20,€27.30m,€20.23m
T1,09/11/2019,Gaziantep,Galatasaray,A,4.0,3.8,1.8,3.9,3.7,1.83,2019/20,€20.10m,€105.13m
T1,10/11/2019,Goztep,Yeni Malatyaspor,D,1.95,3.5,3.8,1.95,3.5,3.7,2019/20,€17.23m,€22.33m
T1,10/11/2019,Trabzonspor,Alanyaspor,H,2.37,3.6,2.75,2.3,3.6,2.8,2019/20,€87.03m,€21.30m
T1,10/11/2019,Besiktas,Denizlispor,H,1.57,4.2,5.25,1.55,4.2,5.5,2019/20,€63.25m,€15.95m
T1,10/11/2019,Buyuksehyr,Ankaragucu,H,1.25,5.5,12.0,1.25,5.25,12.0,2019/20,€53.85m,€11.85m
T1,22/11/2019,Galatasaray,Buyuksehyr,A,2.5,3.25,2.8,2.5,3.2,2.8,2019/20,€105.13m,€53.85m
T1,23/11/2019,Denizlispor,Rizespor,H,2.1,3.5,3.2,2.2,3.3,3.2,2019/20,€15.95m,€22.68m
T1,23/11/2019,Ankaragucu,Trabzonspor,A,3.8,3.6,1.9,3.8,3.75,1.85,2019/20,€11.85m,€87.03m
T1,23/11/2019,Konyaspor,Besiktas,A,2.9,3.25,2.45,2.85,3.4,2.35,2019/20,€20.23m,€63.25m
T1,24/11/2019,Kayserispor,Sivasspor,A,4.0,3.4,1.9,3.8,3.5,1.91,2019/20,€21.58m,€27.30m
T1,24/11/2019,Alanyaspor,Goztep,A,1.61,3.75,5.75,1.62,3.8,5.25,2019/20,€21.30m,€17.23m
T1,24/11/2019,Kasimpasa,Genclerbirligi,A,2.15,3.5,3.2,2.3,3.7,2.75,2019/20,€30.00m,€13.75m
T1,24/11/2019,Yeni Malatyaspor,Fenerbahce,D,2.62,3.4,2.55,2.6,3.5,2.5,2019/20,€22.33m,€75.90m
T1,25/11/2019,Antalyaspor,Gaziantep,D,2.0,3.5,3.6,2.1,3.4,3.3,2019/20,€19.15m,€20.10m
T1,29/11/2019,Genclerbirligi,Yeni Malatyaspor,D,2.15,3.5,3.2,2.15,3.4,3.2,2019/20,€13.75m,€22.33m
T1,30/11/2019,Rizespor,Konyaspor,H,2.25,3.2,3.3,2.3,3.1,3.2,2019/20,€22.68m,€20.23m
T1,30/11/2019,Sivasspor,Kasimpasa,H,1.6,4.0,5.25,1.6,4.1,5.0,2019/20,€27.30m,€30.00m
T1,30/11/2019,Alanyaspor,Ankaragucu,H,1.3,5.5,9.0,1.3,5.25,9.0,2019/20,€21.30m,€11.85m
T1,30/11/2019,Goztep,Fenerbahce,D,3.3,3.4,2.15,3.0,3.2,2.35,2019/20,€17.23m,€75.90m
T1,01/12/2019,Gaziantep,Denizlispor,A,2.0,3.4,3.8,2.0,3.4,3.6,2019/20,€20.10m,€15.95m
T1,01/12/2019,Buyuksehyr,Antalyaspor,H,1.45,4.2,8.0,1.44,4.25,7.0,2019/20,€53.85m,€19.15m
T1,01/12/2019,Trabzonspor,Galatasaray,D,2.3,3.4,3.0,2.3,3.4,2.9,2019/20,€87.03m,€105.13m
T1,02/12/2019,Besiktas,Kayserispor,H,1.25,6.0,10.0,1.25,5.75,10.0,2019/20,€63.25m,€21.58m
T1,06/12/2019,Fenerbahce,Genclerbirligi,H,1.45,4.5,6.5,1.45,4.6,6.0,2019/20,€75.90m,€13.75m
T1,07/12/2019,Yeni Malatyaspor,Sivasspor,A,2.2,3.6,3.0,2.25,3.5,2.95,2019/20,€22.33m,€27.30m
T1,07/12/2019,Ankaragucu,Goztep,A,3.75,3.3,2.0,3.4,3.3,2.1,2019/20,€11.85m,€17.23m
T1,07/12/2019,Galatasaray,Alanyaspor,H,1.85,3.8,3.75,1.87,3.5,4.0,2019/20,€105.13m,€21.30m
T1,08/12/2019,Konyaspor,Gaziantep,D,2.0,3.3,3.75,2.05,3.2,3.7,2019/20,€20.23m,€20.10m
T1,08/12/2019,Antalyaspor,Trabzonspor,A,2.7,3.5,2.45,2.5,3.3,2.7,2019/20,€19.15m,€87.03m
T1,08/12/2019,Denizlispor,Buyuksehyr,D,3.6,3.3,2.05,3.4,3.3,2.1,2019/20,€15.95m,€53.85m
T1,08/12/2019,Kasimpasa,Besiktas,A,3.75,3.8,1.85,3.75,3.9,1.83,2019/20,€30.00m,€63.25m
T1,09/12/2019,Kayserispor,Rizespor,H,2.9,3.4,2.3,3.0,3.4,2.25,2019/20,€21.58m,€22.68m
T1,13/12/2019,Alanyaspor,Antalyaspor,D,1.53,4.33,5.5,1.55,4.0,5.75,2019/20,€21.30m,€19.15m
T1,14/12/2019,Rizespor,Kasimpasa,A,2.05,3.6,3.4,2.0,3.6,3.4,2019/20,€22.68m,€30.00m
T1,14/12/2019,Genclerbirligi,Goztep,H,2.0,3.4,3.75,2.0,3.3,3.7,2019/20,€13.75m,€17.23m
T1,14/12/2019,Galatasaray,Ankaragucu,D,1.28,5.5,9.5,1.25,5.5,12.0,2019/20,€105.13m,€11.85m
T1,15/12/2019,Gaziantep,Kayserispor,H,1.57,4.2,5.25,1.5,4.25,6.0,2019/20,€20.10m,€21.58m
T1,15/12/2019,Sivasspor,Fenerbahce,H,2.75,3.4,2.45,2.6,3.3,2.6,2019/20,€27.30m,€75.90m
T1,15/12/2019,Besiktas,Yeni Malatyaspor,A,1.45,4.5,6.5,1.5,4.5,5.5,2019/20,€63.25m,€22.33m
T1,16/12/2019,Buyuksehyr,Konyaspor,D,1.44,4.33,7.5,1.48,4.2,6.25,2019/20,€53.85m,€20.23m
T1,16/12/2019,Trabzonspor,Denizlispor,A,1.57,4.2,5.25,1.6,4.1,5.0,2019/20,€87.03m,€15.95m
T1,20/12/2019,Antalyaspor,Ankaragucu,D,1.57,4.2,5.25,1.55,4.25,5.25,2019/20,€19.15m,€11.85m
T1,21/12/2019,Yeni Malatyaspor,Rizespor,A,1.66,4.0,4.75,1.62,4.1,4.75,2019/20,€22.33m,€22.68m
T1,21/12/2019,Kasimpasa,Gaziantep,A,2.0,3.5,3.6,2.05,3.4,3.5,2019/20,€30.00m,€20.10m
T1,21/12/2019,Goztep,Galatasaray,H,2.87,3.3,2.4,2.9,3.25,2.4,2019/20,€17.23m,€105.13m
T1,22/12/2019,Genclerbirligi,Sivasspor,D,2.6,3.4,2.6,2.45,3.6,2.6,2019/20,€13.75m,€27.30m
T1,22/12/2019,Kayserispor,Buyuksehyr,A,8.0,4.75,1.36,8.5,4.75,1.35,2019/20,€21.58m,€53.85m
T1,22/12/2019,Fenerbahce,Besiktas,H,2.0,3.6,3.5,2.1,3.4,3.3,2019/20,€75.90m,€63.25m
T1,23/12/2019,Denizlispor,Alanyaspor,A,3.3,3.3,2.2,3.3,3.3,2.15,2019/20,€15.95m,€21.30m
T1,23/12/2019,Konyaspor,Trabzonspor,A,2.9,3.3,2.4,3.1,3.25,2.3,2019/20,€20.23m,€87.03m
T1,27/12/2019,Besiktas,Genclerbirligi,H,1.5,4.75,5.75,1.5,4.33,5.75,2019/20,€63.25m,€13.75m
T1,28/12/2019,Ankaragucu,Denizlispor,D,2.9,3.25,2.4,2.85,3.3,2.4,2019/20,€11.85m,€15.95m
T1,28/12/2019,Buyuksehyr,Kasimpasa,H,1.36,5.0,7.5,1.4,4.75,6.75,2019/20,€53.85m,€30.00m
T1,28/12/2019,Trabzonspor,Kayserispor,H,1.12,7.5,21.0,1.12,8.5,17.0,2019/20,€87.03m,€21.58m
T1,28/12/2019,Galatasaray,Antalyaspor,H,1.4,4.75,7.0,1.42,4.33,7.25,2019/20,€105.13m,€19.15m
T1,29/12/2019,Sivasspor,Goztep,H,1.75,3.75,4.5,1.72,3.7,4.5,2019/20,€27.30m,€17.23m
T1,29/12/2019,Alanyaspor,Konyaspor,H,1.53,3.8,6.5,1.53,3.8,6.5,2019/20,€21.30m,€20.23m
T1,29/12/2019,Gaziantep,Yeni Malatyaspor,D,2.37,3.6,2.75,2.4,3.5,2.75,2019/20,€20.10m,€22.33m
T1,29/12/2019,Rizespor,Fenerbahce,A,5.0,3.8,1.66,4.5,3.75,1.72,2019/20,€22.68m,€75.90m
T1,17/01/2020,Ankaragucu,Konyaspor,A,2.87,3.2,2.5,2.8,3.1,2.55,2019/20,€11.85m,€20.23m
T1,18/01/2020,Alanyaspor,Kayserispor,H,1.18,7.0,13.0,1.18,7.0,13.0,2019/20,€21.30m,€21.58m
T1,18/01/2020,Buyuksehyr,Yeni Malatyaspor,H,1.53,4.33,5.5,1.55,4.1,5.5,2019/20,€53.85m,€22.33m
T1,18/01/2020,Gaziantep,Fenerbahce,A,4.2,4.2,1.7,4.0,3.9,1.78,2019/20,€20.10m,€75.90m
T1,19/01/2020,Antalyaspor,Goztep,A,2.5,3.1,2.9,2.45,3.1,2.95,2019/20,€19.15m,€17.23m
T1,19/01/2020,Galatasaray,Denizlispor,H,1.33,5.0,9.0,1.33,5.0,8.5,2019/20,€105.13m,€15.95m
T1,19/01/2020,Trabzonspor,Kasimpasa,H,1.4,5.0,6.5,1.45,5.0,5.5,2019/20,€87.03m,€30.00m
T1,19/01/2020,Besiktas,Sivasspor,A,1.83,3.8,4.0,1.9,3.6,3.75,2019/20,€63.25m,€27.30m
T1,20/01/2020,Rizespor,Genclerbirligi,H,2.3,3.4,3.0,2.35,3.3,2.9,2019/20,€22.68m,€13.75m
T1,24/01/2020,Genclerbirligi,Gaziantep,H,1.85,3.6,4.0,1.95,3.5,3.7,2019/20,€13.75m,€20.10m
T1,25/01/2020,Kayserispor,Ankaragucu,D,2.75,3.6,2.37,2.55,3.5,2.55,2019/20,€21.58m,€11.85m
T1,25/01/2020,Kasimpasa,Alanyaspor,A,3.6,3.75,1.9,3.6,3.75,1.9,2019/20,€30.00m,€21.30m
T1,25/01/2020,Fenerbahce,Buyuksehyr,H,2.1,3.6,3.2,2.2,3.3,3.2,2019/20,€75.90m,€53.85m
T1,26/01/2020,Denizlispor,Antalyaspor,A,2.2,3.4,3.25,2.2,3.4,3.1,2019/20,€15.95m,€19.15m
T1,26/01/2020,Goztep,Besiktas,H,2.87,3.3,2.4,2.8,3.25,2.45,2019/20,€17.23m,€63.25m
T1,26/01/2020,Konyaspor,Galatasaray,A,3.5,3.6,2.0,3.5,3.4,2.05,2019/20,€20.23m,€105.13m
T1,27/01/2020,Sivasspor,Rizespor,D,1.45,4.75,6.0,1.45,4.6,6.0,2019/20,€27.30m,€22.68m
T1,31/01/2020,Buyuksehyr,Genclerbirligi,H,1.44,4.33,7.0,1.4,4.5,7.25,2019/20,€53.85m,€13.75m
T1,01/02/2020,Antalyaspor,Konyaspor,D,2.15,3.2,3.5,2.3,3.2,3.1,2019/20,€19.15m,€20.23m
T1,01/02/2020,Rizespor,Besiktas,A,3.5,3.6,2.0,3.5,3.5,2.0,2019/20,€22.68m,€63.25m
T1,01/02/2020,Trabzonspor,Fenerbahce,H,2.5,3.75,2.5,2.4,3.7,2.6,2019/20,€87.03m,€75.90m
T1,02/02/2020,Ankaragucu,Kasimpasa,D,2.37,3.75,2.62,2.45,3.5,2.65,2019/20,€11.85m,€30.00m
T1,02/02/2020,Alanyaspor,Yeni Malatyaspor,H,1.45,4.5,6.5,1.53,4.33,5.5,2019/20,€21.30m,€22.33m
T1,02/02/2020,Gaziantep,Sivasspor,H,3.4,3.75,2.0,3.25,3.5,2.1,2019/20,€20.10m,€27.30m
T1,02/02/2020,Galatasaray,Kayserispor,H,1.14,8.5,13.0,1.15,8.0,13.5,2019/20,€105.13m,€21.58m
T1,03/02/2020,Denizlispor,Goztep,D,3.0,3.4,2.3,2.9,3.4,2.3,2019/20,€15.95m,€17.23m
T1,07/02/2020,Yeni Malatyaspor,Ankaragucu,A,1.57,4.0,5.5,1.57,4.0,5.5,2019/20,€22.33m,€11.85m
T1,08/02/2020,Konyaspor,Denizlispor,D,1.83,3.4,4.5,1.9,3.25,4.2,2019/20,€20.23m,€15.95m
T1,08/02/2020,Besiktas,Gaziantep,H,1.36,5.0,7.5,1.36,4.75,7.75,2019/20,€63.25m,€20.10m
T1,08/02/2020,Genclerbirligi,Trabzonspor,A,3.1,3.6,2.15,3.5,3.5,2.0,2019/20,€13.75m,€87.03m
T1,08/02/2020,Fenerbahce,Alanyaspor,D,1.8,3.6,4.33,1.83,3.6,4.1,2019/20,€75.90m,€21.30m
T1,09/02/2020,Kayserispor,Antalyaspor,D,3.3,3.3,2.2,2.9,3.4,2.3,2019/20,€21.58m,€19.15m
T1,09/02/2020,Sivasspor,Buyuksehyr,D,2.5,3.4,2.7,2.5,3.3,2.7,2019/20,€27.30m,€53.85m
T1,09/02/2020,Kasimpasa,Galatasaray,A,5.0,3.8,1.61,4.33,3.9,1.72,2019/20,€30.00m,€105.13m
T1,14/02/2020,Buyuksehyr,Besiktas,H,2.15,3.6,3.1,2.15,3.4,3.2,2019/20,€53.85m,€63.25m
T1,15/02/2020,Denizlispor,Kayserispor,A,1.7,3.75,4.75,1.72,3.8,4.4,2019/20,€15.95m,€21.58m
T1,15/02/2020,Konyaspor,Goztep,A,2.75,3.1,2.62,2.75,3.1,2.6,2019/20,€20.23m,€17.23m
T1,15/02/2020,Ankaragucu,Fenerbahce,H,8.0,4.0,1.44,6.75,4.33,1.45,2019/20,€11.85m,€75.90m
T1,16/02/2020,Alanyaspor,Genclerbirligi,A,1.44,4.33,7.0,1.44,4.33,7.0,2019/20,€21.30m,€13.75m
T1,16/02/2020,Trabzonspor,Sivasspor,H,1.9,3.6,3.75,1.85,3.6,4.0,2019/20,€87.03m,€27.30m
T1,16/02/2020,Galatasaray,Yeni Malatyaspor,H,1.44,4.5,6.5,1.44,4.5,6.5,2019/20,€105.13m,€22.33m
T1,17/02/2020,Antalyaspor,Kasimpasa,H,2.0,3.6,3.5,2.05,3.7,3.2,2019/20,€19.15m,€30.00m
T1,17/02/2020,Gaziantep,Rizespor,H,2.2,3.4,3.2,2.2,3.3,3.2,2019/20,€20.10m,€22.68m
T1,21/02/2020,Sivasspor,Alanyaspor,H,2.15,3.5,3.2,2.05,3.5,3.4,2019/20,€27.30m,€21.30m
T1,22/02/2020,Kayserispor,Konyaspor,D,2.7,3.25,2.6,2.7,3.2,2.6,2019/20,€21.58m,€20.23m
T1,22/02/2020,Goztep,Gaziantep,D,1.7,3.75,4.75,1.72,3.75,4.5,2019/20,€17.23m,€20.10m
T1,22/02/2020,Besiktas,Trabzonspor,D,2.1,3.75,3.25,2.15,3.7,3.0,2019/20,€63.25m,€87.03m
T1,23/02/2020,Yeni Malatyaspor,Antalyaspor,A,1.9,3.4,4.0,1.91,3.5,3.8,2019/20,€22.33m,€19.15m
T1,23/02/2020,Genclerbirligi,Ankaragucu,H,1.8,3.5,4.5,1.72,3.6,4.75,2019/20,€13.75m,€11.85m
T1,23/02/2020,Fenerbahce,Galatasaray,A,1.95,3.6,3.6,2.05,3.5,3.4,2019/20,€75.90m,€105.13m
T1,24/02/2020,Kasimpasa,Denizlispor,H,2.0,3.5,3.6,2.05,3.5,3.4,2019/20,€30.00m,€15.95m
T1,24/02/2020,Rizespor,Buyuksehyr,A,3.6,3.3,2.05,3.7,3.3,2.0,2019/20,€22.68m,€53.85m
T1,28/02/2020,Alanyaspor,Besiktas,A,2.4,3.6,2.7,2.3,3.5,2.9,2019/20,€21.30m,€63.25m
T1,29/02/2020,Konyaspor,Kasimpasa,D,2.0,3.5,3.6,1.95,3.5,3.7,2019/20,€20.23m,€30.00m
T1,29/02/2020,Trabzonspor,Rizespor,H,1.44,4.5,6.5,1.45,4.5,6.25,2019/20,€87.03m,€22.68m
T1,29/02/2020,Antalyaspor,Fenerbahce,D,3.6,3.5,2.0,3.5,3.5,2.0,2019/20,€19.15m,€75.90m
T1,01/03/2020,Denizlispor,Yeni Malatyaspor,H,2.37,3.5,2.8,2.4,3.4,2.8,2019/20,€15.95m,€22.33m
T1,01/03/2020,Ankaragucu,Sivasspor,A,4.0,3.75,1.83,4.0,3.75,1.8,2019/20,€11.85m,€27.30m
T1,01/03/2020,Galatasaray,Genclerbirligi,H,1.36,4.75,8.0,1.33,5.0,8.25,2019/20,€105.13m,€13.75m
T1,02/03/2020,Buyuksehyr,Gaziantep,H,1.4,4.5,8.0,1.4,4.5,7.25,2019/20,€53.85m,€20.10m
T1,02/03/2020,Kayserispor,Goztep,H,3.2,3.3,2.25,3.2,3.2,2.25,2019/20,€21.58m,€17.23m
T1,06/03/2020,Besiktas,Ankaragucu,H,1.22,6.5,11.0,1.25,5.5,11.0,2019/20,€63.25m,€11.85m
T1,07/03/2020,Yeni Malatyaspor,Konyaspor,D,2.25,3.2,3.25,2.4,3.2,2.9,2019/20,€22.33m,€20.23m
T1,07/03/2020,Gaziantep,Trabzonspor,D,3.75,3.6,1.9,3.5,3.7,1.95,2019/20,€20.10m,€87.03m
T1,07/03/2020,Goztep,Buyuksehyr,A,2.87,3.2,2.5,2.75,3.1,2.6,2019/20,€17.23m,€53.85m
T1,07/03/2020,Fenerbahce,Denizlispor,D,1.36,5.0,8.0,1.4,4.6,7.25,2019/20,€75.90m,€15.95m
T1,08/03/2020,Kasimpasa,Kayserispor,H,1.75,4.0,4.1,1.83,3.75,3.9,2019/20,€30.00m,€21.58m
T1,08/03/2020,Rizespor,Alanyaspor,D,2.75,3.4,2.45,2.85,3.3,2.4,2019/20,€22.68m,€21.30m
T1,08/03/2020,Sivasspor,Galatasaray,D,2.55,3.6,2.55,2.6,3.3,2.6,2019/20,€27.30m,€105.13m
T1,09/03/2020,Genclerbirligi,Antalyaspor,D,2.05,3.3,3.6,2.1,3.3,3.4,2019/20,€13.75m,€19.15m
T1,11/03/2020,Yeni Malatyaspor,Trabzonspor,A,3.6,3.5,2.0,3.1,3.5,2.1,2019/20,€22.33m,€87.03m
T1,13/03/2020,Ankaragucu,Rizespor,H,2.4,3.25,2.9,2.4,3.2,2.9,2019/20,€11.85m,€22.68m
T1,13/03/2020,Kasimpasa,Goztep,H,2.2,3.6,3.0,2.3,3.5,2.85,2019/20,€30.00m,€17.23m
T1,14/03/2020,Denizlispor,Genclerbirligi,H,2.37,3.3,2.87,2.4,3.25,2.9,2019/20,€15.95m,€13.75m
T1,14/03/2020,Alanyaspor,Gaziantep,H,1.53,4.0,6.0,1.53,4.25,5.5,2019/20,€21.30m,€20.10m
T1,14/03/2020,Konyaspor,Fenerbahce,H,3.4,3.2,2.2,3.5,3.25,2.1,2019/20,€20.23m,€75.90m
T1,15/03/2020,Kayserispor,Yeni Malatyaspor,H,2.55,3.3,2.7,2.55,3.3,2.65,2019/20,€21.58m,€22.33m
T1,15/03/2020,Trabzonspor,Buyuksehyr,D,2.3,3.4,3.0,2.3,3.4,2.9,2019/20,€87.03m,€53.85m
T1,15/03/2020,Galatasaray,Besiktas,D,1.95,3.5,3.75,1.9,3.6,3.8,2019/20,€105.13m,€63.25m
T1,16/03/2020,Antalyaspor,Sivasspor,H,3.0,3.5,2.25,2.85,3.5,2.3,2019/20,€19.15m,€27.30m
T1,17/03/2020,Goztep,Rizespor,H,1.95,3.5,3.8,1.91,3.4,4.1,2019/20,€17.23m,€22.68m
T1,12/06/2020,Fenerbahce,Kayserispor,H,1.33,5.5,8.0,1.33,5.5,7.5,2019/20,€75.90m,€21.58m
T1,12/06/2020,Goztep,Trabzonspor,A,3.5,3.5,2.0,3.2,3.5,2.1,2019/20,€17.23m,€87.03m
T1,13/06/2020,Buyuksehyr,Alanyaspor,H,1.83,3.75,4.0,1.8,3.75,4.0,2019/20,€53.85m,€21.30m
T1,13/06/2020,Besiktas,Antalyaspor,A,1.45,4.75,6.0,1.45,4.4,6.5,2019/20,€63.25m,€19.15m
T1,13/06/2020,Yeni Malatyaspor,Kasimpasa,A,2.1,3.5,3.3,2.1,3.5,3.2,2019/20,€22.33m,€30.00m
T1,14/06/2020,Genclerbirligi,Konyaspor,H,2.3,3.3,3.0,2.4,3.2,2.95,2019/20,€13.75m,€20.23m
T1,14/06/2020,Gaziantep,Ankaragucu,D,1.9,3.6,3.75,1.91,3.6,3.7,2019/20,€20.10m,€11.85m
T1,14/06/2020,Rizespor,Galatasaray,H,5.75,3.8,1.6,5.0,4.1,1.6,2019/20,€22.68m,€105.13m
T1,15/06/2020,Sivasspor,Denizlispor,H,1.44,4.33,7.0,1.48,4.25,6.25,2019/20,€27.30m,€15.95m
T1,19/06/2020,Ankaragucu,Buyuksehyr,A,4.75,4.0,1.66,5.0,3.75,1.65,2019/20,€11.85m,€53.85m
T1,20/06/2020,Kayserispor,Genclerbirligi,H,2.35,3.4,2.9,2.5,3.3,2.7,2019/20,€21.58m,€13.75m
T1,20/06/2020,Denizlispor,Besiktas,A,3.8,3.8,1.85,3.8,3.5,1.91,2019/20,€15.95m,€63.25m
T1,20/06/2020,Yeni Malatyaspor,Goztep,H,2.4,3.4,2.75,2.35,3.5,2.8,2019/20,€22.33m,€17.23m
T1,21/06/2020,Kasimpasa,Fenerbahce,H,3.6,3.4,2.0,3.4,3.6,2.0,2019/20,€30.00m,€75.90m
T1,21/06/2020,Galatasaray,Gaziantep,D,1.5,4.33,6.0,1.5,4.2,6.0,2019/20,€105.13m,€20.10m
T1,21/06/2020,Konyaspor,Sivasspor,D,2.7,3.3,2.55,2.75,3.2,2.55,2019/20,€20.23m,€27.30m
T1,22/06/2020,Alanyaspor,Trabzonspor,D,2.8,3.3,2.45,2.85,3.3,2.4,2019/20,€21.30m,€87.03m
T1,22/06/2020,Antalyaspor,Rizespor,H,2.3,3.3,3.1,2.3,3.25,3.1,2019/20,€19.15m,€22.68m
T1,26/06/2020,Besiktas,Konyaspor,H,1.66,4.0,4.75,1.6,3.9,5.25,2019/20,€63.25m,€20.23m
T1,27/06/2020,Fenerbahce,Yeni Malatyaspor,H,1.53,4.0,6.0,1.6,4.1,5.0,2019/20,€75.90m,€22.33m
T1,27/06/2020,Goztep,Alanyaspor,D,3.0,3.2,2.37,3.0,3.2,2.35,2019/20,€17.23m,€21.30m
T1,27/06/2020,Trabzonspor,Ankaragucu,D,1.33,5.5,7.5,1.36,5.0,7.25,2019/20,€87.03m,€11.85m
T1,28/06/2020,Rizespor,Denizlispor,D,1.95,3.4,3.8,1.95,3.4,3.8,2019/20,€22.68m,€15.95m
T1,28/06/2020,Sivasspor,Kayserispor,A,1.5,4.0,5.5,1.55,4.0,5.75,2019/20,€27.30m,€21.58m
T1,28/06/2020,Buyuksehyr,Galatasaray,D,2.1,3.4,3.4,2.05,3.4,3.5,2019/20,€53.85m,€105.13m
T1,28/06/2020,Gaziantep,Antalyaspor,D,2.4,3.3,2.8,2.4,3.4,2.75,2019/20,€20.10m,€19.15m
T1,29/06/2020,Genclerbirligi,Kasimpasa,A,2.5,3.25,2.75,2.45,3.25,2.85,2019/20,€13.75m,€30.00m
T1,03/07/2020,Denizlispor,Gaziantep,A,2.45,3.25,2.87,2.6,3.2,2.7,2019/20,€15.95m,€20.10m
T1,04/07/2020,Ankaragucu,Alanyaspor,A,3.8,3.75,1.85,3.75,3.6,1.91,2019/20,€11.85m,€21.30m
T1,04/07/2020,Yeni Malatyaspor,Genclerbirligi,D,2.25,3.4,3.1,2.25,3.4,3.0,2019/20,€22.33m,€13.75m
T1,04/07/2020,Antalyaspor,Buyuksehyr,A,3.3,3.5,2.05,3.5,3.4,2.05,2019/20,€19.15m,€53.85m
T1,04/07/2020,Fenerbahce,Goztep,H,1.6,4.0,5.25,1.6,4.1,5.0,2019/20,€75.90m,€17.23m
T1,05/07/2020,Kasimpasa,Sivasspor,D,2.3,3.5,2.87,2.35,3.6,2.7,2019/20,€30.00m,€27.30m
T1,05/07/2020,Galatasaray,Trabzonspor,A,2.15,3.5,3.2,2.2,3.5,3.0,2019/20,€105.13m,€87.03m
T1,05/07/2020,Konyaspor,Rizespor,H,2.15,3.2,3.5,2.1,3.3,3.4,2019/20,€20.23m,€22.68m
T1,06/07/2020,Kayserispor,Besiktas,H,5.0,3.6,1.7,4.1,3.8,1.78,2019/20,€21.58m,€63.25m
T1,07/07/2020,Genclerbirligi,Fenerbahce,D,3.75,3.6,1.9,3.7,3.6,1.91,2019/20,€13.75m,€75.90m
T1,07/07/2020,Buyuksehyr,Denizlispor,H,1.33,4.75,8.5,1.33,5.0,8.5,2019/20,€53.85m,€15.95m
T1,08/07/2020,Sivasspor,Yeni Malatyaspor,A,1.75,3.75,4.33,1.75,3.75,4.33,2019/20,€27.30m,€22.33m
T1,08/07/2020,Trabzonspor,Antalyaspor,D,1.36,5.25,7.5,1.35,5.5,6.75,2019/20,€87.03m,€19.15m
T1,08/07/2020,Alanyaspor,Galatasaray,H,2.25,3.5,3.0,2.3,3.5,2.85,2019/20,€21.30m,€105.13m
T1,08/07/2020,Goztep,Ankaragucu,D,2.1,3.5,3.25,2.1,3.5,3.2,2019/20,€17.23m,€11.85m
T1,09/07/2020,Rizespor,Kayserispor,H,2.3,3.4,3.0,2.35,3.3,2.9,2019/20,€22.68m,€21.58m
T1,09/07/2020,Besiktas,Kasimpasa,H,1.65,4.2,4.5,1.65,4.2,4.4,2019/20,€63.25m,€30.00m
T1,09/07/2020,Gaziantep,Konyaspor,H,2.62,3.25,2.62,2.65,3.2,2.65,2019/20,€20.10m,€20.23m
T1,11/07/2020,Goztep,Genclerbirligi,A,2.3,3.5,2.9,2.4,3.4,2.8,2019/20,€17.23m,€13.75m
T1,12/07/2020,Ankaragucu,Galatasaray,H,3.8,3.8,1.85,3.8,3.8,1.83,2019/20,€11.85m,€105.13m
T1,12/07/2020,Antalyaspor,Alanyaspor,H,3.5,3.6,2.0,3.4,3.6,2.0,2019/20,€19.15m,€21.30m
T1,12/07/2020,Fenerbahce,Sivasspor,A,1.9,3.6,3.75,2.0,3.5,3.5,2019/20,€75.90m,€27.30m
T1,13/07/2020,Kasimpasa,Rizespor,H,2.0,3.6,3.5,2.0,3.5,3.5,2019/20,€30.00m,€22.68m
T1,13/07/2020,Kayserispor,Gaziantep,D,1.75,3.75,4.2,1.83,3.8,3.8,2019/20,€21.58m,€20.10m
T1,13/07/2020,Denizlispor,Trabzonspor,H,5.5,4.33,1.53,5.5,4.33,1.53,2019/20,€15.95m,€87.03m
T1,13/07/2020,Konyaspor,Buyuksehyr,H,4.5,3.4,1.83,4.25,3.4,1.85,2019/20,€20.23m,€53.85m
T1,13/07/2020,Yeni Malatyaspor,Besiktas,A,3.75,3.6,1.9,3.75,3.6,1.9,2019/20,€22.33m,€63.25m
T1,18/07/2020,Galatasaray,Goztep,H,1.4,4.75,7.0,1.45,4.5,6.25,2019/20,€105.13m,€17.23m
T1,18/07/2020,Gaziantep,Kasimpasa,D,2.8,3.5,2.37,2.6,3.7,2.4,2019/20,€20.10m,€30.00m
T1,19/07/2020,Alanyaspor,Denizlispor,H,1.57,4.0,5.75,1.55,4.1,5.5,2019/20,€21.30m,€15.95m
T1,19/07/2020,Ankaragucu,Antalyaspor,A,1.8,3.5,3.75,1.83,3.7,4.0,2019/20,€11.85m,€19.15m
T1,19/07/2020,Besiktas,Fenerbahce,H,2.15,3.5,3.1,2.25,3.5,2.95,2019/20,€63.25m,€75.90m
T1,19/07/2020,Buyuksehyr,Kayserispor,H,1.4,5.0,6.5,1.4,5.0,6.5,2019/20,€53.85m,€21.58m
T1,19/07/2020,Rizespor,Yeni Malatyaspor,H,2.5,3.0,2.8,2.4,3.5,2.75,2019/20,€22.68m,€22.33m
T1,19/07/2020,Sivasspor,Genclerbirligi,H,1.66,3.8,4.75,1.7,3.8,4.6,2019/20,€27.30m,€13.75m
T1,19/07/2020,Trabzonspor,Konyaspor,A,1.53,4.5,5.5,1.5,4.5,5.5,2019/20,€87.03m,€20.23m
T1,24/07/2020,Antalyaspor,Galatasaray,D,3.25,3.75,2.05,3.2,3.7,2.05,2019/20,€19.15m,€105.13m
T1,25/07/2020,Denizlispor,Ankaragucu,A,1.5,4.33,5.0,1.53,4.4,5.25,2019/20,€15.95m,€11.85m
T1,25/07/2020,Fenerbahce,Rizespor,H,2.3,3.3,3.0,2.4,3.4,2.8,2019/20,€75.90m,€22.68m
T1,25/07/2020,Genclerbirligi,Besiktas,A,3.5,4.5,1.8,3.4,4.4,1.83,2019/20,€13.75m,€63.25m
T1,25/07/2020,Goztep,Sivasspor,H,4.75,3.8,1.61,4.6,3.8,1.7,2019/20,€17.23m,€27.30m
T1,25/07/2020,Kayserispor,Trabzonspor,A,2.9,3.6,2.25,3.0,3.8,2.1,2019/20,€21.58m,€87.03m
T1,25/07/2020,Konyaspor,Alanyaspor,A,2.87,3.5,2.3,2.95,3.5,2.25,2019/20,€20.23m,€21.30m
T1,25/07/2020,Yeni Malatyaspor,Gaziantep,A,1.61,4.0,4.0,1.67,4.0,4.5,2019/20,€22.33m,€20.10m
T1,26/07/2020,Kasimpasa,Buyuksehyr,H,2.87,3.5,2.3,3.1,3.6,2.15,2019/20,€30.00m,€53.85m
T1,11/09/2020,Rizespor,Fenerbahce,A,3.7,3.75,1.9,3.8,3.75,1.85,2020/21,€30.70m,€115.45m
T1,12/09/2020,Karagumruk,Yeni Malatyaspor,H,2.75,3.6,2.37,2.85,3.2,2.45,2020/21,€38.45m,€28.48m
T1,12/09/2020,Sivasspor,Alanyaspor,A,2.25,3.5,3.0,2.2,3.5,3.0,2020/21,€30.70m,€49.68m
T1,12/09/2020,Galatasaray,Gaziantep,H,1.45,4.5,6.5,1.5,4.33,5.75,2020/21,€107.63m,€27.48m
T1,12/09/2020,Goztep,Denizlispor,H,2.15,3.3,3.4,2.25,3.3,3.1,2020/21,€37.53m,€14.18m
T1,13/09/2020,Ankaragucu,Erzurum BB,A,2.37,3.3,2.9,2.4,3.3,2.85,2020/21,€20.70m,€15.53m
T1,13/09/2020,Kayserispor,Kasimpasa,H,2.75,3.5,2.4,2.65,3.6,2.4,2020/21,€23.03m,€38.88m
T1,13/09/2020,Antalyaspor,Genclerbirligi,H,2.1,3.6,3.25,2.2,3.3,3.2,2020/21,€30.23m,€16.23m
T1,13/09/2020,Trabzonspor,Besiktas,A,2.1,3.5,3.3,2.1,3.5,3.2,2020/21,€99.13m,€104.50m
T1,14/09/2020,Hatayspor,Buyuksehyr,H,4.5,3.8,1.72,4.75,3.7,1.7,2020/21,€36.15m,€69.23m
T1,18/09/2020,Yeni Malatyaspor,Goztep,D,2.7,3.3,2.5,2.6,3.3,2.6,2020/21,€28.48m,€37.53m
T1,19/09/2020,Genclerbirligi,Konyaspor,D,2.3,3.2,3.2,2.35,3.25,3.0,2020/21,€16.23m,€29.88m
T1,19/09/2020,Denizlispor,Trabzonspor,D,4.0,3.5,1.85,3.7,3.6,1.91,2020/21,€14.18m,€99.13m
T1,19/09/2020,Alanyaspor,Kayserispor,H,1.44,4.2,7.5,1.44,4.2,7.25,2020/21,€49.68m,€23.03m
T1,19/09/2020,Besiktas,Antalyaspor,D,1.6,4.2,5.0,1.6,4.0,5.25,2020/21,€104.50m,€30.23m
T1,20/09/2020,Erzurum BB,Sivasspor,A,3.0,3.1,2.45,2.8,3.1,2.55,2020/21,€15.53m,€30.70m
T1,20/09/2020,Kasimpasa,Rizespor,H,1.83,3.75,4.0,1.83,3.7,3.9,2020/21,€38.88m,€30.70m
T1,20/09/2020,Buyuksehyr,Galatasaray,A,2.3,3.4,3.0,2.3,3.3,3.0,2020/21,€69.23m,€107.63m
T1,20/09/2020,Gaziantep,Karagumruk,D,2.0,3.4,3.75,2.0,3.3,3.7,2020/21,€27.48m,€38.45m
T1,21/09/2020,Fenerbahce,Hatayspor,D,1.44,4.5,6.5,1.48,4.4,6.0,2020/21,€115.45m,€36.15m
T1,25/09/2020,Karagumruk,Buyuksehyr,H,4.33,3.75,1.75,4.33,3.5,1.8,2020/21,€38.45m,€69.23m
T1,26/09/2020,Kayserispor,Erzurum BB,A,2.4,3.3,2.87,2.4,3.25,2.9,2020/21,€23.03m,€15.53m
T1,26/09/2020,Goztep,Gaziantep,D,2.1,3.4,3.4,2.1,3.4,3.3,2020/21,€37.53m,€27.48m
T1,26/09/2020,Hatayspor,Kasimpasa,H,2.62,3.3,2.62,2.6,3.3,2.6,2020/21,€36.15m,€38.88m
T1,26/09/2020,Trabzonspor,Yeni Malatyaspor,H,1.5,4.5,5.75,1.55,4.1,5.5,2020/21,€99.13m,€28.48m
T1,27/09/2020,Rizespor,Alanyaspor,D,3.2,3.4,2.2,3.1,3.6,2.15,2020/21,€30.70m,€49.68m
T1,27/09/2020,Konyaspor,Besiktas,H,3.4,3.6,2.05,3.8,3.4,1.95,2020/21,€29.88m,€104.50m
T1,27/09/2020,Sivasspor,Ankaragucu,D,1.57,4.0,5.5,1.53,4.1,5.75,2020/21,€30.70m,€20.70m
T1,27/09/2020,Galatasaray,Fenerbahce,D,2.2,3.4,3.2,2.15,3.3,3.3,2020/21,€107.63m,€115.45m
T1,28/09/2020,Antalyaspor,Denizlispor,H,2.1,3.4,3.4,2.0,3.3,3.75,2020/21,€30.23m,€14.18m
T1,02/10/2020,Ankaragucu,Kayserispor,A,1.95,3.3,4.0,2.0,3.4,3.6,2020/21,€20.70m,€23.03m
T1,02/10/2020,Gaziantep,Trabzonspor,D,3.1,3.75,2.15,3.0,3.5,2.2,2020/21,€27.48m,€99.13m
T1,03/10/2020,Yeni Malatyaspor,Antalyaspor,H,2.4,3.25,2.9,2.4,3.3,2.85,2020/21,€28.48m,€30.23m
T1,03/10/2020,Buyuksehyr,Goztep,D,1.75,3.8,4.0,1.8,3.7,4.1,2020/21,€69.23m,€37.53m
T1,03/10/2020,Erzurum BB,Rizespor,D,2.0,3.3,3.75,2.05,3.4,3.5,2020/21,€15.53m,€30.70m
T1,03/10/2020,Fenerbahce,Karagumruk,H,1.57,4.0,5.25,1.6,4.0,5.0,2020/21,€115.45m,€38.45m
T1,04/10/2020,Denizlispor,Konyaspor,D,2.75,3.3,2.5,2.65,3.25,2.6,2020/21,€14.18m,€29.88m
T1,04/10/2020,Alanyaspor,Hatayspor,H,1.72,3.8,4.5,1.75,3.5,4.75,2020/21,€49.68m,€36.15m
T1,04/10/2020,Besiktas,Genclerbirligi,A,1.57,3.8,5.75,1.57,4.0,5.5,2020/21,€104.50m,€16.23m
T1,04/10/2020,Kasimpasa,Galatasaray,H,3.8,3.6,1.95,3.7,3.5,1.95,2020/21,€38.88m,€107.63m
T1,17/10/2020,Rizespor,Ankaragucu,H,1.95,3.3,4.0,1.95,3.4,3.8,2020/21,€30.70m,€20.70m
T1,17/10/2020,Kayserispor,Sivasspor,A,4.0,3.6,1.85,3.9,3.6,1.87,2020/21,€23.03m,€30.70m
T1,17/10/2020,Konyaspor,Yeni Malatyaspor,D,2.0,3.2,4.0,2.0,3.3,3.75,2020/21,€29.88m,€28.48m
T1,17/10/2020,Trabzonspor,Buyuksehyr,A,2.25,3.4,3.1,2.25,3.25,3.1,2020/21,€99.13m,€69.23m
T1,18/10/2020,Antalyaspor,Gaziantep,D,2.0,3.5,3.6,2.0,3.2,3.9,2020/21,€30.23m,€27.48m
T1,18/10/2020,Karagumruk,Kasimpasa,D,2.62,3.3,2.62,2.65,3.1,2.7,2020/21,€38.45m,€38.88m
T1,18/10/2020,Goztep,Fenerbahce,A,3.4,3.4,2.1,3.4,3.5,2.05,2020/21,€37.53m,€115.45m
T1,19/10/2020,Galatasaray,Alanyaspor,A,1.9,3.4,4.0,1.95,3.4,3.8,2020/21,€107.63m,€49.68m
T1,19/10/2020,Genclerbirligi,Denizlispor,A,2.05,3.3,3.6,2.0,3.4,3.6,2020/21,€16.23m,€14.18m
T1,23/10/2020,Kasimpasa,Goztep,D,2.1,3.6,3.2,2.1,3.5,3.25,2020/21,€38.88m,€37.53m
T1,24/10/2020,Gaziantep,Konyaspor,H,2.8,3.2,2.5,2.7,3.1,2.65,2020/21,€27.48m,€29.88m
T1,24/10/2020,Buyuksehyr,Antalyaspor,H,1.6,3.8,5.25,1.6,3.9,5.25,2020/21,€69.23m,€30.23m
T1,24/10/2020,Erzurum BB,Galatasaray,A,3.75,3.6,1.85,3.8,3.7,1.87,2020/21,€15.53m,€107.63m
T1,25/10/2020,Yeni Malatyaspor,Genclerbirligi,H,2.0,3.3,3.8,2.1,3.3,3.4,2020/21,€28.48m,€16.23m
T1,25/10/2020,Fenerbahce,Trabzonspor,H,1.75,3.8,4.2,1.78,3.8,4.0,2020/21,€115.45m,€99.13m
T1,26/10/2020,Sivasspor,Rizespor,A,1.8,3.75,4.0,1.8,3.75,4.0,2020/21,€30.70m,€30.70m
T1,30/10/2020,Karagumruk,Erzurum BB,H,2.3,3.0,3.4,2.3,3.0,3.3,2020/21,€38.45m,€15.53m
T1,30/10/2020,Trabzonspor,Kasimpasa,A,1.95,3.5,3.75,2.0,3.4,3.6,2020/21,€99.13m,€38.88m
T1,31/10/2020,Genclerbirligi,Gaziantep,D,2.45,3.3,2.8,2.35,3.25,3.0,2020/21,€16.23m,€27.48m
T1,31/10/2020,Galatasaray,Ankaragucu,H,1.25,6.0,10.0,1.3,5.5,8.75,2020/21,€107.63m,€20.70m
T1,01/11/2020,Rizespor,Kayserispor,H,2.0,3.0,4.2,2.0,3.0,4.2,2020/21,€30.70m,€23.03m
T1,01/11/2020,Besiktas,Yeni Malatyaspor,H,1.65,4.0,4.75,1.7,3.9,4.4,2020/21,€104.50m,€28.48m
T1,02/11/2020,Antalyaspor,Fenerbahce,A,4.5,4.0,1.61,4.6,4.0,1.65,2020/21,€30.23m,€115.45m
T1,02/11/2020,Hatayspor,Sivasspor,D,2.75,3.0,2.4,2.85,3.1,2.5,2020/21,€36.15m,€30.70m
T1,06/11/2020,Gaziantep,Besiktas,H,3.8,3.6,1.9,3.75,3.6,1.9,2020/21,€27.48m,€104.50m
T1,07/11/2020,Kasimpasa,Antalyaspor,D,1.8,3.6,3.75,1.8,4.0,3.75,2020/21,€38.88m,€30.23m
T1,07/11/2020,Alanyaspor,Trabzonspor,D,1.72,3.8,4.5,1.78,3.8,4.1,2020/21,€49.68m,€99.13m
T1,07/11/2020,Erzurum BB,Goztep,D,2.3,3.2,3.1,2.25,3.1,3.25,2020/21,€15.53m,€37.53m
T1,07/11/2020,Fenerbahce,Konyaspor,A,1.4,4.0,7.5,1.44,4.33,7.0,2020/21,€115.45m,€29.88m
T1,08/11/2020,Ankaragucu,Karagumruk,D,2.8,3.3,2.4,2.7,3.4,2.45,2020/21,€20.70m,€38.45m
T1,08/11/2020,Yeni Malatyaspor,Denizlispor,H,1.9,3.4,3.5,2.0,3.4,3.6,2020/21,€28.48m,€14.18m
T1,08/11/2020,Buyuksehyr,Genclerbirligi,H,1.4,4.75,7.0,1.45,4.5,6.25,2020/21,€69.23m,€16.23m
T1,08/11/2020,Kayserispor,Hatayspor,A,2.62,3.2,2.55,2.75,3.1,2.6,2020/21,€23.03m,€36.15m
T1,08/11/2020,Sivasspor,Galatasaray,A,2.7,3.3,2.37,2.7,3.5,2.4,2020/21,€30.70m,€107.63m
T1,21/11/2020,Karagumruk,Sivasspor,D,2.7,3.3,2.6,2.7,3.4,2.45,2020/21,€38.45m,€30.70m
T1,21/11/2020,Denizlispor,Gaziantep,A,2.62,3.3,2.62,2.55,3.3,2.65,2020/21,€14.18m,€27.48m
T1,21/11/2020,Genclerbirligi,Fenerbahce,A,6.0,4.33,1.5,5.25,4.4,1.53,2020/21,€16.23m,€115.45m
T1,21/11/2020,Besiktas,Buyuksehyr,H,3.4,3.4,2.1,3.3,3.4,2.1,2020/21,€104.50m,€69.23m
T1,22/11/2020,Hatayspor,Rizespor,D,2.37,3.25,3.0,2.35,3.3,2.9,2020/21,€36.15m,€30.70m
T1,22/11/2020,Goztep,Ankaragucu,H,1.95,3.4,3.8,2.0,3.5,3.5,2020/21,€37.53m,€20.70m
T1,22/11/2020,Konyaspor,Kasimpasa,H,2.35,3.3,2.9,2.3,3.3,3.0,2020/21,€29.88m,€38.88m
T1,22/11/2020,Antalyaspor,Alanyaspor,A,4.33,3.8,1.75,4.33,3.7,1.75,2020/21,€30.23m,€49.68m
T1,22/11/2020,Trabzonspor,Erzurum BB,H,1.83,3.6,4.2,1.83,3.4,4.33,2020/21,€99.13m,€15.53m
T1,23/11/2020,Galatasaray,Kayserispor,D,1.44,4.5,6.5,1.45,4.75,5.75,2020/21,€107.63m,€23.03m
T1,27/11/2020,Ankaragucu,Trabzonspor,A,3.5,3.3,2.1,3.5,3.4,2.05,2020/21,€20.70m,€99.13m
T1,28/11/2020,Gaziantep,Yeni Malatyaspor,D,2.25,3.25,3.25,2.2,3.3,3.2,2020/21,€27.48m,€28.48m
T1,28/11/2020,Buyuksehyr,Denizlispor,D,1.33,5.25,8.0,1.36,5.0,7.5,2020/21,€69.23m,€14.18m
T1,28/11/2020,Rizespor,Galatasaray,A,3.3,3.6,2.05,3.25,3.5,2.1,2020/21,€30.70m,€107.63m
T1,29/11/2020,Erzurum BB,Antalyaspor,D,2.05,3.5,3.4,1.95,3.6,3.6,2020/21,€15.53m,€30.23m
T1,29/11/2020,Alanyaspor,Konyaspor,H,1.66,3.8,5.0,1.62,3.8,5.25,2020/21,€49.68m,€29.88m
T1,29/11/2020,Kasimpasa,Genclerbirligi,H,1.72,3.6,4.75,1.83,3.4,4.33,2020/21,€38.88m,€16.23m
T1,29/11/2020,Fenerbahce,Besiktas,A,1.8,4.0,3.8,1.8,3.75,4.0,2020/21,€115.45m,€104.50m
T1,30/11/2020,Kayserispor,Karagumruk,D,3.2,3.3,2.2,3.1,3.4,2.2,2020/21,€23.03m,€38.45m
T1,30/11/2020,Sivasspor,Goztep,A,1.8,4.2,3.8,1.78,3.8,4.0,2020/21,€30.70m,€37.53m
T1,04/12/2020,Besiktas,Kasimpasa,H,1.75,4.0,4.0,1.75,3.9,4.1,2020/21,€104.50m,€38.88m
T1,05/12/2020,Genclerbirligi,Alanyaspor,H,5.25,4.0,1.6,4.75,3.8,1.67,2020/21,€16.23m,€49.68m
T1,05/12/2020,Goztep,Kayserispor,D,1.85,3.6,4.0,1.83,3.6,4.0,2020/21,€37.53m,€23.03m
T1,05/12/2020,Konyaspor,Erzurum BB,H,1.8,3.5,4.5,1.8,3.4,4.5,2020/21,€29.88m,€15.53m
T1,05/12/2020,Yeni Malatyaspor,Buyuksehyr,D,4.33,3.5,1.83,4.0,3.4,1.91,2020/21,€28.48m,€69.23m
T1,05/12/2020,Galatasaray,Hatayspor,H,1.45,4.5,6.5,1.5,4.25,6.0,2020/21,€107.63m,€36.15m
T1,06/12/2020,Karagumruk,Rizespor,H,2.25,3.4,3.1,2.25,3.3,3.1,2020/21,€38.45m,€30.70m
T1,06/12/2020,Antalyaspor,Ankaragucu,H,1.95,3.5,3.8,1.95,3.2,4.1,2020/21,€30.23m,€20.70m
T1,06/12/2020,Denizlispor,Fenerbahce,A,4.75,4.2,1.61,5.25,4.0,1.6,2020/21,€14.18m,€115.45m
T1,07/12/2020,Trabzonspor,Sivasspor,D,1.8,3.6,4.2,1.85,3.75,3.8,2020/21,€99.13m,€30.70m
T1,09/12/2020,Goztep,Alanyaspor,H,3.4,3.4,2.1,3.25,3.5,2.1,2020/21,€37.53m,€49.68m
T1,09/12/2020,Hatayspor,Erzurum BB,H,2.1,3.25,3.5,2.1,3.3,3.4,2020/21,€36.15m,€15.53m
T1,11/12/2020,Kasimpasa,Denizlispor,H,2.2,3.4,3.2,2.2,3.3,3.2,2020/21,€38.88m,€14.18m
T1,12/12/2020,Hatayspor,Karagumruk,H,2.45,3.1,2.75,2.55,3.1,2.85,2020/21,€36.15m,€38.45m
T1,12/12/2020,Kayserispor,Trabzonspor,D,3.75,3.6,1.9,4.0,3.25,1.95,2020/21,€23.03m,€99.13m
T1,12/12/2020,Rizespor,Goztep,H,2.37,3.4,2.87,2.4,3.25,2.9,2020/21,€30.70m,€37.53m
T1,12/12/2020,Ankaragucu,Konyaspor,H,3.1,3.3,2.3,3.1,3.3,2.25,2020/21,€20.70m,€29.88m
T1,12/12/2020,Fenerbahce,Yeni Malatyaspor,A,1.4,4.5,7.0,1.4,4.5,7.5,2020/21,€115.45m,€28.48m
T1,13/12/2020,Erzurum BB,Genclerbirligi,A,2.1,3.3,3.4,2.1,3.3,3.4,2020/21,€15.53m,€16.23m
T1,13/12/2020,Alanyaspor,Besiktas,H,2.3,3.5,2.9,2.35,3.6,2.7,2020/21,€49.68m,€104.50m
T1,13/12/2020,Buyuksehyr,Gaziantep,A,1.53,4.0,6.0,1.55,3.9,6.0,2020/21,€69.23m,€27.48m
T1,14/12/2020,Sivasspor,Antalyaspor,D,1.9,3.5,4.0,1.95,3.5,3.7,2020/21,€30.70m,€30.23m
T1,15/12/2020,Ankaragucu,Hatayspor,H,2.8,3.25,2.5,2.75,3.2,2.55,2020/21,€20.70m,€36.15m
T1,18/12/2020,Karagumruk,Galatasaray,H,5.0,4.2,1.6,4.75,4.1,1.62,2020/21,€38.45m,€107.63m
T1,19/12/2020,Goztep,Hatayspor,A,2.1,3.2,3.6,2.2,3.1,3.4,2020/21,€37.53m,€36.15m
T1,19/12/2020,Trabzonspor,Rizespor,H,1.75,3.75,4.5,1.78,3.6,4.33,2020/21,€99.13m,€30.70m
T1,19/12/2020,Yeni Malatyaspor,Kasimpasa,H,2.05,3.2,3.6,2.15,3.25,3.4,2020/21,€28.48m,€38.88m
T1,19/12/2020,Gaziantep,Fenerbahce,H,3.75,3.5,1.85,4.0,3.6,1.83,2020/21,€27.48m,€115.45m
T1,20/12/2020,Genclerbirligi,Ankaragucu,D,2.1,3.25,3.5,2.2,3.2,3.3,2020/21,€16.23m,€20.70m
T1,20/12/2020,Denizlispor,Alanyaspor,H,4.2,3.9,1.75,4.0,3.6,1.85,2020/21,€14.18m,€49.68m
T1,20/12/2020,Besiktas,Erzurum BB,H,1.5,4.5,5.75,1.5,4.33,5.75,2020/21,€104.50m,€15.53m
T1,21/12/2020,Antalyaspor,Kayserispor,H,1.9,3.4,4.0,1.95,3.4,3.8,2020/21,€30.23m,€23.03m
T1,21/12/2020,Konyaspor,Sivasspor,A,2.3,3.0,3.25,2.3,3.0,3.3,2020/21,€29.88m,€30.70m
T1,22/12/2020,Hatayspor,Trabzonspor,A,2.8,3.3,2.45,2.75,3.3,2.45,2020/21,€36.15m,€99.13m
T1,22/12/2020,Galatasaray,Goztep,H,1.4,4.33,8.0,1.44,4.5,6.5,2020/21,€107.63m,€37.53m
T1,23/12/2020,Alanyaspor,Yeni Malatyaspor,D,1.57,4.0,5.5,1.6,3.9,5.25,2020/21,€49.68m,€28.48m
T1,23/12/2020,Erzurum BB,Denizlispor,A,2.25,3.0,3.4,2.3,3.0,3.3,2020/21,€15.53m,€14.18m
T1,23/12/2020,Fenerbahce,Buyuksehyr,H,2.15,3.1,3.5,2.25,3.3,3.1,2020/21,€115.45m,€69.23m
T1,23/12/2020,Kasimpasa,Gaziantep,A,2.45,3.2,2.9,2.4,3.3,2.85,2020/21,€38.88m,€27.48m
T1,24/12/2020,Kayserispor,Konyaspor,A,3.25,3.4,2.15,3.3,3.3,2.15,2020/21,€23.03m,€29.88m
T1,24/12/2020,Sivasspor,Genclerbirligi,H,1.83,3.6,4.0,1.85,3.5,4.1,2020/21,€30.70m,€16.23m
T1,24/12/2020,Ankaragucu,Besiktas,A,4.75,3.75,1.66,4.4,3.8,1.72,2020/21,€20.70m,€104.50m
T1,24/12/2020,Rizespor,Antalyaspor,H,2.2,3.4,3.25,2.25,3.2,3.2,2020/21,€30.70m,€30.23m
T1,26/12/2020,Goztep,Karagumruk,D,2.05,3.6,3.2,2.1,3.5,3.25,2020/21,€37.53m,€38.45m
T1,26/12/2020,Trabzonspor,Galatasaray,A,3.3,3.5,2.1,3.2,3.7,2.05,2020/21,€99.13m,€107.63m
T1,27/12/2020,Gaziantep,Alanyaspor,H,2.9,3.6,2.25,3.0,3.5,2.2,2020/21,€27.48m,€49.68m
T1,27/12/2020,Denizlispor,Ankaragucu,A,2.15,3.4,3.3,2.2,3.2,3.3,2020/21,€14.18m,€20.70m
T1,27/12/2020,Yeni Malatyaspor,Erzurum BB,A,1.72,3.6,4.33,1.75,3.7,4.33,2020/21,€28.48m,€15.53m
T1,27/12/2020,Buyuksehyr,Kasimpasa,D,1.53,4.0,5.75,1.57,4.25,5.0,2020/21,€69.23m,€38.88m
T1,28/12/2020,Genclerbirligi,Kayserispor,H,2.25,3.25,3.2,2.2,3.2,3.3,2020/21,€16.23m,€23.03m
T1,28/12/2020,Konyaspor,Rizespor,D,2.0,3.3,3.6,2.05,3.2,3.7,2020/21,€29.88m,€30.70m
T1,28/12/2020,Besiktas,Sivasspor,H,1.75,3.8,4.2,1.8,3.8,4.0,2020/21,€104.50m,€30.70m
T1,29/12/2020,Antalyaspor,Hatayspor,A,2.25,3.4,3.0,2.3,3.2,3.1,2020/21,€30.23m,€36.15m
T1,02/01/2021,Erzurum BB,Gaziantep,D,3.8,3.0,2.15,3.3,3.0,2.3,2020/21,€15.53m,€27.48m
T1,02/01/2021,Sivasspor,Denizlispor,D,1.72,3.5,4.75,1.75,3.6,4.6,2020/21,€30.70m,€14.18m
T1,02/01/2021,Alanyaspor,Buyuksehyr,H,2.37,3.5,2.8,2.4,3.5,2.75,2020/21,€49.68m,€69.23m
T1,02/01/2021,Ankaragucu,Yeni Malatyaspor,H,2.37,3.2,3.0,2.4,3.2,2.95,2020/21,€20.70m,€28.48m
T1,02/01/2021,Galatasaray,Antalyaspor,D,1.4,4.5,7.5,1.4,4.75,7.0,2020/21,€107.63m,€30.23m
T1,02/01/2021,Hatayspor,Konyaspor,H,2.2,3.0,3.5,2.3,3.1,3.2,2020/21,€36.15m,€29.88m
T1,03/01/2021,Rizespor,Genclerbirligi,D,2.1,3.4,3.4,2.1,3.3,3.4,2020/21,€30.70m,€16.23m
T1,03/01/2021,Karagumruk,Trabzonspor,A,2.55,3.3,2.7,2.45,3.4,2.75,2020/21,€38.45m,€99.13m
T1,03/01/2021,Kayserispor,Besiktas,A,5.0,4.2,1.6,4.75,4.1,1.62,2020/21,€23.03m,€104.50m
T1,04/01/2021,Kasimpasa,Fenerbahce,A,3.5,3.75,2.0,3.5,3.7,1.95,2020/21,€38.88m,€115.45m
T1,05/01/2021,Gaziantep,Ankaragucu,H,1.9,3.6,3.8,1.87,3.5,4.0,2020/21,€27.48m,€20.70m
T1,05/01/2021,Yeni Malatyaspor,Sivasspor,D,2.7,3.2,2.7,2.55,3.1,2.8,2020/21,€28.48m,€30.70m
T1,05/01/2021,Konyaspor,Galatasaray,H,3.4,3.4,2.1,3.6,3.3,2.05,2020/21,€29.88m,€107.63m
T1,06/01/2021,Denizlispor,Kayserispor,A,2.05,3.5,3.6,2.05,3.5,3.4,2020/21,€14.18m,€23.03m
T1,06/01/2021,Buyuksehyr,Erzurum BB,H,1.44,4.75,6.0,1.4,5.0,6.5,2020/21,€69.23m,€15.53m
T1,06/01/2021,Genclerbirligi,Hatayspor,H,3.1,3.5,2.15,3.2,3.6,2.1,2020/21,€16.23m,€36.15m
T1,06/01/2021,Trabzonspor,Goztep,H,1.85,3.6,4.0,1.85,3.6,4.0,2020/21,€99.13m,€37.53m
T1,06/01/2021,Antalyaspor,Karagumruk,H,2.4,3.2,3.0,2.45,3.1,2.95,2020/21,€30.23m,€38.45m
T1,06/01/2021,Besiktas,Rizespor,H,1.45,4.75,6.0,1.48,4.5,5.75,2020/21,€104.50m,€30.70m
T1,09/01/2021,Sivasspor,Gaziantep,H,2.1,3.4,3.4,2.1,3.4,3.3,2020/21,€30.70m,€27.48m
T1,09/01/2021,Goztep,Antalyaspor,A,2.2,3.5,3.1,2.25,3.5,2.95,2020/21,€37.53m,€30.23m
T1,09/01/2021,Kayserispor,Yeni Malatyaspor,H,3.1,3.3,2.3,3.0,3.3,2.3,2020/21,€23.03m,€28.48m
T1,09/01/2021,Galatasaray,Genclerbirligi,H,1.33,5.0,9.0,1.33,5.0,8.5,2020/21,€107.63m,€16.23m
T1,10/01/2021,Karagumruk,Konyaspor,H,2.3,3.3,3.0,2.4,3.3,2.85,2020/21,€38.45m,€29.88m
T1,10/01/2021,Ankaragucu,Buyuksehyr,A,4.0,3.8,1.83,3.6,3.6,1.95,2020/21,€20.70m,€69.23m
T1,10/01/2021,Rizespor,Denizlispor,D,2.05,3.25,3.75,2.2,3.25,3.3,2020/21,€30.70m,€14.18m
T1,10/01/2021,Hatayspor,Besiktas,D,3.2,3.6,2.05,3.4,3.6,2.0,2020/21,€36.15m,€104.50m
T1,11/01/2021,Erzurum BB,Fenerbahce,A,5.0,4.1,1.6,5.75,3.9,1.57,2020/21,€15.53m,€115.45m
T1,11/01/2021,Alanyaspor,Kasimpasa,A,1.75,3.75,4.5,1.75,3.75,4.33,2020/21,€49.68m,€38.88m
T1,15/01/2021,Genclerbirligi,Karagumruk,A,3.1,3.4,2.25,3.0,3.5,2.2,2020/21,€16.23m,€38.45m
T1,16/01/2021,Konyaspor,Goztep,A,1.95,3.4,3.8,1.9,3.4,4.0,2020/21,€29.88m,€37.53m
T1,16/01/2021,Buyuksehyr,Sivasspor,D,1.85,4.0,3.75,1.85,3.8,3.75,2020/21,€69.23m,€30.70m
T1,16/01/2021,Gaziantep,Kayserispor,H,1.66,4.0,4.75,1.65,4.0,4.75,2020/21,€27.48m,€23.03m
T1,16/01/2021,Antalyaspor,Trabzonspor,D,3.25,3.4,2.15,3.0,3.4,2.25,2020/21,€30.23m,€99.13m
T1,17/01/2021,Denizlispor,Hatayspor,A,2.9,3.4,2.37,2.7,3.3,2.5,2020/21,€14.18m,€36.15m
T1,17/01/2021,Yeni Malatyaspor,Rizespor,H,2.05,3.4,3.5,2.15,2.95,3.8,2020/21,€28.48m,€30.70m
T1,17/01/2021,Besiktas,Galatasaray,H,2.05,3.4,3.5,2.1,3.3,3.4,2020/21,€104.50m,€107.63m
T1,18/01/2021,Fenerbahce,Ankaragucu,H,1.33,6.5,6.0,1.36,5.25,7.0,2020/21,€115.45m,€20.70m
T1,19/01/2021,Goztep,Genclerbirligi,H,1.72,3.75,4.5,1.75,3.7,4.4,2020/21,€37.53m,€16.23m
T1,19/01/2021,Kayserispor,Buyuksehyr,H,4.0,3.8,1.8,4.33,3.7,1.75,2020/21,€23.03m,€69.23m
T1,19/01/2021,Trabzonspor,Konyaspor,H,1.75,3.5,4.0,1.87,3.2,4.5,2020/21,€99.13m,€29.88m
T1,20/01/2021,Hatayspor,Yeni Malatyaspor,A,1.95,3.5,3.3,2.1,3.2,3.6,2020/21,€36.15m,€28.48m
T1,20/01/2021,Rizespor,Gaziantep,H,3.0,3.4,2.3,2.85,3.4,2.35,2020/21,€30.70m,€27.48m
T1,20/01/2021,Galatasaray,Denizlispor,H,1.33,5.25,8.0,1.33,5.25,8.0,2020/21,€107.63m,€14.18m
T1,21/01/2021,Erzurum BB,Alanyaspor,D,5.5,3.75,1.65,4.75,3.9,1.67,2020/21,€15.53m,€49.68m
T1,21/01/2021,Karagumruk,Besiktas,A,3.8,3.75,1.85,3.75,3.7,1.87,2020/21,€38.45m,€104.50m
T1,21/01/2021,Ankaragucu,Kasimpasa,H,2.37,3.4,2.75,2.45,3.3,2.8,2020/21,€20.70m,€38.88m
T1,21/01/2021,Sivasspor,Fenerbahce,D,3.3,3.5,2.1,3.3,3.4,2.1,2020/21,€30.70m,€115.45m
T1,23/01/2021,Genclerbirligi,Trabzonspor,A,4.5,4.0,1.61,4.25,4.0,1.72,2020/21,€16.23m,€99.13m
T1,23/01/2021,Buyuksehyr,Rizespor,D,1.36,4.75,8.5,1.36,4.75,7.75,2020/21,€69.23m,€30.70m
T1,24/01/2021,Konyaspor,Antalyaspor,D,2.0,3.3,3.4,2.1,3.2,3.6,2020/21,€29.88m,€30.23m
T1,24/01/2021,Denizlispor,Karagumruk,A,2.9,3.3,2.3,2.85,3.4,2.35,2020/21,€14.18m,€38.45m
T1,24/01/2021,Yeni Malatyaspor,Galatasaray,A,3.6,3.75,1.85,3.75,3.7,1.87,2020/21,€28.48m,€107.63m
T1,24/01/2021,Besiktas,Goztep,H,1.36,4.5,7.0,1.33,5.0,8.5,2020/21,€104.50m,€37.53m
T1,24/01/2021,Gaziantep,Hatayspor,D,2.15,3.3,3.0,2.25,3.1,3.25,2020/21,€27.48m,€36.15m
T1,25/01/2021,Kasimpasa,Sivasspor,H,3.1,3.2,2.3,2.95,3.2,2.4,2020/21,€38.88m,€30.70m
T1,25/01/2021,Alanyaspor,Ankaragucu,H,1.44,4.5,5.75,1.42,4.6,6.75,2020/21,€49.68m,€20.70m
T1,25/01/2021,Fenerbahce,Kayserispor,H,1.33,5.0,8.0,1.33,5.0,8.25,2020/21,€115.45m,€23.03m
T1,29/01/2021,Yeni Malatyaspor,Karagumruk,D,2.3,3.6,2.8,2.2,3.3,3.25,2020/21,€28.48m,€38.45m
T1,29/01/2021,Gaziantep,Galatasaray,A,3.8,3.8,1.85,3.8,3.7,1.85,2020/21,€27.48m,€107.63m
T1,30/01/2021,Kasimpasa,Kayserispor,A,1.95,3.6,3.6,1.9,3.6,3.8,2020/21,€38.88m,€23.03m
T1,30/01/2021,Buyuksehyr,Hatayspor,A,1.85,3.6,4.0,1.9,3.6,3.75,2020/21,€69.23m,€36.15m
T1,30/01/2021,Fenerbahce,Rizespor,H,1.33,5.0,8.5,1.36,4.75,7.75,2020/21,€115.45m,€30.70m
T1,31/01/2021,Erzurum BB,Ankaragucu,H,2.37,3.3,2.9,2.3,3.25,3.1,2020/21,€15.53m,€20.70m
T1,31/01/2021,Alanyaspor,Sivasspor,H,1.9,3.5,4.0,1.9,3.4,4.0,2020/21,€49.68m,€30.70m
T1,31/01/2021,Denizlispor,Goztep,H,2.87,3.3,2.4,2.75,3.25,2.5,2020/21,€14.18m,€37.53m
T1,31/01/2021,Genclerbirligi,Antalyaspor,A,2.75,3.3,2.5,2.65,3.4,2.5,2020/21,€16.23m,€30.23m
T1,31/01/2021,Besiktas,Trabzonspor,A,1.8,3.75,4.2,1.83,3.7,4.0,2020/21,€104.50m,€99.13m
T1,02/02/2021,Hatayspor,Fenerbahce,A,3.8,3.8,1.85,3.8,3.5,1.91,2020/21,€36.15m,€115.45m
T1,02/02/2021,Galatasaray,Buyuksehyr,H,1.65,4.1,4.6,1.65,4.0,4.75,2020/21,€107.63m,€69.23m
T1,02/02/2021,Rizespor,Kasimpasa,D,2.55,3.25,2.75,2.6,3.1,2.75,2020/21,€30.70m,€38.88m
T1,03/02/2021,Sivasspor,Erzurum BB,D,1.66,3.8,5.0,1.75,3.6,4.6,2020/21,€30.70m,€15.53m
T1,03/02/2021,Karagumruk,Gaziantep,H,2.37,3.2,3.0,2.4,3.2,2.95,2020/21,€38.45m,€27.48m
T1,03/02/2021,Kayserispor,Alanyaspor,D,3.75,3.6,1.9,4.0,3.75,1.8,2020/21,€23.03m,€49.68m
T1,03/02/2021,Antalyaspor,Besiktas,D,4.5,3.8,1.72,4.75,3.9,1.65,2020/21,€30.23m,€104.50m
T1,03/02/2021,Konyaspor,Genclerbirligi,D,1.75,3.7,4.5,1.78,3.6,4.4,2020/21,€29.88m,€16.23m
T1,04/02/2021,Goztep,Yeni Malatyaspor,D,2.3,3.6,2.8,2.4,3.5,2.75,2020/21,€37.53m,€28.48m
T1,04/02/2021,Trabzonspor,Denizlispor,H,1.5,4.0,6.5,1.53,4.0,6.0,2020/21,€99.13m,€14.18m
T1,06/02/2021,Kasimpasa,Hatayspor,A,2.55,3.4,2.62,2.4,3.4,2.8,2020/21,€38.88m,€36.15m
T1,06/02/2021,Alanyaspor,Rizespor,H,1.55,4.0,5.0,1.57,4.1,5.25,2020/21,€49.68m,€30.70m
T1,06/02/2021,Buyuksehyr,Karagumruk,A,1.95,3.7,3.4,2.0,3.7,3.3,2020/21,€69.23m,€38.45m
T1,06/02/2021,Fenerbahce,Galatasaray,A,2.37,3.4,2.8,2.4,3.4,2.8,2020/21,€115.45m,€107.63m
T1,07/02/2021,Erzurum BB,Kayserispor,D,2.05,3.3,3.3,2.1,3.3,3.4,2020/21,€15.53m,€23.03m
T1,07/02/2021,Ankaragucu,Sivasspor,A,2.8,3.3,2.25,3.0,3.3,2.3,2020/21,€20.70m,€30.70m
T1,07/02/2021,Denizlispor,Antalyaspor,D,2.55,3.2,2.55,2.6,3.3,2.6,2020/21,€14.18m,€30.23m
T1,07/02/2021,Besiktas,Konyaspor,H,1.55,4.0,5.75,1.53,4.2,5.5,2020/21,€104.50m,€29.88m
T1,08/02/2021,Gaziantep,Goztep,H,2.15,3.1,3.6,2.3,3.1,3.2,2020/21,€27.48m,€37.53m
T1,08/02/2021,Yeni Malatyaspor,Trabzonspor,A,3.2,3.25,2.25,3.2,3.2,2.25,2020/21,€28.48m,€99.13m
T1,12/02/2021,Rizespor,Erzurum BB,A,2.2,3.4,3.2,2.2,3.25,3.3,2020/21,€30.70m,€15.53m
T1,13/02/2021,Kayserispor,Ankaragucu,D,2.2,3.3,3.25,2.25,3.3,3.1,2020/21,€23.03m,€20.70m
T1,13/02/2021,Trabzonspor,Gaziantep,H,1.57,4.0,5.75,1.57,4.0,5.5,2020/21,€99.13m,€27.48m
T1,13/02/2021,Karagumruk,Fenerbahce,A,4.2,3.75,1.72,4.0,3.8,1.8,2020/21,€38.45m,€115.45m
T1,14/02/2021,Konyaspor,Denizlispor,H,1.95,3.4,3.8,1.95,3.1,4.2,2020/21,€29.88m,€14.18m
T1,14/02/2021,Galatasaray,Kasimpasa,H,1.4,5.0,6.5,1.44,4.6,6.25,2020/21,€107.63m,€38.88m
T1,14/02/2021,Goztep,Buyuksehyr,H,2.6,3.4,2.6,2.6,3.3,2.6,2020/21,€37.53m,€69.23m
T1,14/02/2021,Hatayspor,Alanyaspor,D,2.9,3.4,2.3,2.8,3.3,2.45,2020/21,€36.15m,€49.68m
T1,15/02/2021,Genclerbirligi,Besiktas,A,6.0,4.75,1.4,5.75,4.75,1.45,2020/21,€16.23m,€104.50m
T1,15/02/2021,Antalyaspor,Yeni Malatyaspor,D,2.4,3.25,2.87,2.6,2.85,3.0,2020/21,€30.23m,€28.48m
T1,19/02/2021,Buyuksehyr,Trabzonspor,A,2.05,3.4,3.5,2.1,3.3,3.4,2020/21,€69.23m,€99.13m
T1,20/02/2021,Kasimpasa,Karagumruk,H,2.75,3.5,2.37,2.65,3.4,2.5,2020/21,€38.88m,€38.45m
T1,20/02/2021,Denizlispor,Genclerbirligi,H,1.95,3.4,3.8,2.0,3.4,3.6,2020/21,€14.18m,€16.23m
T1,20/02/2021,Yeni Malatyaspor,Konyaspor,A,2.4,3.0,3.2,2.3,2.9,3.4,2020/21,€28.48m,€29.88m
T1,20/02/2021,Alanyaspor,Galatasaray,A,2.8,3.5,2.37,2.75,3.4,2.4,2020/21,€49.68m,€107.63m
T1,21/02/2021,Erzurum BB,Hatayspor,A,2.9,3.3,2.37,2.8,3.4,2.4,2020/21,€15.53m,€36.15m
T1,21/02/2021,Gaziantep,Antalyaspor,D,2.1,3.0,3.8,2.1,3.0,3.8,2020/21,€27.48m,€30.23m
T1,21/02/2021,Sivasspor,Kayserispor,H,1.8,3.75,4.33,1.8,3.6,4.25,2020/21,€30.70m,€23.03m
T1,21/02/2021,Fenerbahce,Goztep,A,1.5,4.2,6.5,1.5,4.2,6.0,2020/21,€115.45m,€37.53m
T1,22/02/2021,Ankaragucu,Rizespor,D,2.4,3.3,2.87,2.45,3.3,2.75,2020/21,€20.70m,€30.70m
T1,26/02/2021,Genclerbirligi,Yeni Malatyaspor,D,3.1,3.3,2.3,3.0,3.3,2.3,2020/21,€16.23m,€28.48m
T1,26/02/2021,Konyaspor,Gaziantep,D,2.5,2.9,3.1,2.5,2.95,3.0,2020/21,€29.88m,€27.48m
T1,26/02/2021,Besiktas,Denizlispor,H,1.3,5.5,8.5,1.3,5.5,8.5,2020/21,€104.50m,€14.18m
T1,27/02/2021,Hatayspor,Ankaragucu,H,1.8,3.4,4.0,1.8,3.75,4.0,2020/21,€36.15m,€20.70m
T1,27/02/2021,Karagumruk,Alanyaspor,H,2.87,3.4,2.37,2.95,3.6,2.2,2020/21,€38.45m,€49.68m
T1,27/02/2021,Antalyaspor,Buyuksehyr,D,2.62,3.1,2.75,2.6,3.0,2.85,2020/21,€30.23m,€69.23m
T1,27/02/2021,Rizespor,Sivasspor,D,2.9,3.0,2.37,2.95,2.95,2.55,2020/21,€30.70m,€30.70m
T1,27/02/2021,Galatasaray,Erzurum BB,H,1.33,4.5,7.5,1.36,5.0,7.25,2020/21,€107.63m,€15.53m
T1,28/02/2021,Goztep,Kasimpasa,H,2.1,3.5,3.0,2.25,3.1,3.3,2020/21,€37.53m,€38.88m
T1,28/02/2021,Trabzonspor,Fenerbahce,A,3.0,3.2,2.25,3.0,3.25,2.35,2020/21,€99.13m,€115.45m
T1,02/03/2021,Gaziantep,Genclerbirligi,H,1.7,3.75,4.75,1.78,3.6,4.25,2020/21,€27.48m,€16.23m
T1,02/03/2021,Yeni Malatyaspor,Besiktas,A,5.25,4.0,1.6,5.0,4.0,1.6,2020/21,€28.48m,€104.50m
T1,03/03/2021,Erzurum BB,Karagumruk,D,2.87,3.2,2.5,2.65,3.1,2.7,2020/21,€15.53m,€38.45m
T1,03/03/2021,Buyuksehyr,Konyaspor,D,2.0,3.5,3.6,2.0,3.1,4.0,2020/21,€69.23m,€29.88m
T1,03/03/2021,Sivasspor,Hatayspor,D,2.25,3.2,3.25,2.25,3.1,3.25,2020/21,€30.70m,€36.15m
T1,03/03/2021,Ankaragucu,Galatasaray,H,6.0,4.75,1.45,6.5,3.75,1.53,2020/21,€20.70m,€107.63m
T1,03/03/2021,Kayserispor,Rizespor,H,2.3,3.2,3.1,2.5,3.1,2.9,2020/21,€23.03m,€30.70m
T1,04/03/2021,Alanyaspor,Goztep,D,1.8,3.75,4.2,1.75,3.75,4.4,2020/21,€49.68m,€37.53m
T1,04/03/2021,Kasimpasa,Trabzonspor,A,3.3,3.7,2.0,3.5,3.5,2.0,2020/21,€38.88m,€99.13m
T1,04/03/2021,Fenerbahce,Antalyaspor,D,1.4,4.5,6.5,1.48,4.4,6.0,2020/21,€115.45m,€30.23m
T1,06/03/2021,Denizlispor,Yeni Malatyaspor,H,2.3,3.2,3.0,2.35,3.2,3.0,2020/21,€14.18m,€28.48m
T1,06/03/2021,Besiktas,Gaziantep,H,1.36,5.25,7.5,1.4,5.0,6.25,2020/21,€104.50m,€27.48m
T1,07/03/2021,Karagumruk,Ankaragucu,A,1.75,3.6,4.75,1.72,3.6,4.75,2020/21,€38.45m,€20.70m
T1,07/03/2021,Genclerbirligi,Buyuksehyr,A,3.8,3.8,1.83,3.9,3.7,1.83,2020/21,€16.23m,€69.23m
T1,07/03/2021,Hatayspor,Kayserispor,A,1.72,3.5,5.0,1.75,3.4,5.0,2020/21,€36.15m,€23.03m
T1,07/03/2021,Galatasaray,Sivasspor,D,1.65,3.75,5.25,1.65,3.7,5.25,2020/21,€107.63m,€30.70m
T1,08/03/2021,Antalyaspor,Kasimpasa,D,2.15,3.3,3.4,2.15,3.25,3.4,2020/21,€30.23m,€38.88m
T1,08/03/2021,Trabzonspor,Alanyaspor,A,1.95,3.5,3.8,2.1,3.2,3.5,2020/21,€99.13m,€49.68m
T1,08/03/2021,Goztep,Erzurum BB,H,1.9,3.5,4.0,1.95,3.3,3.9,2020/21,€37.53m,€15.53m
T1,08/03/2021,Konyaspor,Fenerbahce,A,3.9,3.75,1.85,4.1,3.6,1.83,2020/21,€29.88m,€115.45m
T1,12/03/2021,Buyuksehyr,Besiktas,A,4.33,3.6,1.8,4.1,3.6,1.83,2020/21,€69.23m,€104.50m
T1,13/03/2021,Sivasspor,Karagumruk,H,2.1,3.3,3.2,2.25,3.3,3.1,2020/21,€30.70m,€38.45m
T1,13/03/2021,Alanyaspor,Antalyaspor,H,1.65,3.6,4.5,1.7,3.7,4.75,2020/21,€49.68m,€30.23m
T1,13/03/2021,Rizespor,Hatayspor,H,3.0,3.3,2.3,2.75,3.4,2.4,2020/21,€30.70m,€36.15m
T1,13/03/2021,Kayserispor,Galatasaray,A,5.0,4.0,1.6,4.75,3.9,1.67,2020/21,€23.03m,€107.63m
T1,14/03/2021,Ankaragucu,Goztep,H,2.8,3.2,2.25,2.65,3.5,2.45,2020/21,€20.70m,€37.53m
T1,14/03/2021,Erzurum BB,Trabzonspor,D,4.2,3.0,2.0,3.5,3.25,2.1,2020/21,€15.53m,€99.13m
T1,14/03/2021,Gaziantep,Denizlispor,H,1.8,3.3,4.0,1.85,3.5,4.1,2020/21,€27.48m,€14.18m
T1,14/03/2021,Fenerbahce,Genclerbirligi,A,1.22,5.5,11.0,1.25,5.75,10.5,2020/21,€115.45m,€16.23m
T1,15/03/2021,Kasimpasa,Konyaspor,D,2.37,3.0,2.9,2.45,2.95,3.1,2020/21,€38.88m,€29.88m
T1,19/03/2021,Karagumruk,Kayserispor,H,1.65,4.0,4.75,1.67,3.9,4.6,2020/21,€38.45m,€23.03m
T1,19/03/2021,Galatasaray,Rizespor,A,1.3,5.0,10.0,1.3,5.25,9.25,2020/21,€107.63m,€30.70m
T1,20/03/2021,Genclerbirligi,Kasimpasa,H,3.0,3.2,2.35,2.9,3.2,2.45,2020/21,€16.23m,€38.88m
T1,20/03/2021,Goztep,Sivasspor,A,2.45,3.25,2.8,2.5,3.2,2.8,2020/21,€37.53m,€30.70m
T1,20/03/2021,Yeni Malatyaspor,Gaziantep,D,2.2,3.3,3.2,2.4,3.0,3.1,2020/21,€28.48m,€27.48m
T1,20/03/2021,Trabzonspor,Ankaragucu,H,1.55,3.8,6.0,1.53,4.1,5.75,2020/21,€99.13m,€20.70m
T1,21/03/2021,Antalyaspor,Erzurum BB,H,2.3,3.3,3.0,2.3,3.2,3.1,2020/21,€30.23m,€15.53m
T1,21/03/2021,Konyaspor,Alanyaspor,H,3.0,3.3,2.3,3.25,3.25,2.2,2020/21,€29.88m,€49.68m
T1,21/03/2021,Denizlispor,Buyuksehyr,D,3.25,3.3,2.15,3.4,3.2,2.15,2020/21,€14.18m,€69.23m
T1,21/03/2021,Besiktas,Fenerbahce,D,2.1,3.4,3.4,2.15,3.4,3.25,2020/21,€104.50m,€115.45m
T1,03/04/2021,Kayserispor,Goztep,D,2.55,3.3,2.7,2.6,3.2,2.7,2020/21,€23.03m,€37.53m
T1,03/04/2021,Rizespor,Karagumruk,D,2.87,3.3,2.4,2.95,3.1,2.45,2020/21,€30.70m,€38.45m
T1,03/04/2021,Sivasspor,Trabzonspor,D,2.7,2.9,2.8,2.8,2.85,2.75,2020/21,€30.70m,€99.13m
T1,03/04/2021,Hatayspor,Galatasaray,H,3.75,3.6,1.9,3.5,3.7,1.95,2020/21,€36.15m,€107.63m
T1,04/04/2021,Erzurum BB,Konyaspor,A,2.4,3.2,3.0,2.55,3.1,2.8,2020/21,€15.53m,€29.88m
T1,04/04/2021,Alanyaspor,Genclerbirligi,A,1.44,4.75,6.0,1.42,4.75,6.25,2020/21,€49.68m,€16.23m
T1,04/04/2021,Ankaragucu,Antalyaspor,H,2.37,3.1,3.0,2.4,3.0,3.1,2020/21,€20.70m,€30.23m
T1,04/04/2021,Buyuksehyr,Yeni Malatyaspor,H,1.75,3.75,4.5,1.83,3.5,4.25,2020/21,€69.23m,€28.48m
T1,04/04/2021,Kasimpasa,Besiktas,H,4.6,4.0,1.66,5.0,4.1,1.6,2020/21,€38.88m,€104.50m
T1,05/04/2021,Fenerbahce,Denizlispor,H,1.3,5.25,9.5,1.3,5.25,9.0,2020/21,€115.45m,€14.18m
T1,06/04/2021,Goztep,Rizespor,H,2.25,3.4,3.1,2.25,3.3,3.1,2020/21,€37.53m,€30.70m
T1,06/04/2021,Karagumruk,Hatayspor,H,2.25,3.3,3.0,2.4,3.3,2.85,2020/21,€38.45m,€36.15m
T1,06/04/2021,Trabzonspor,Kayserispor,D,1.65,3.75,5.25,1.65,3.75,5.0,2020/21,€99.13m,€23.03m
T1,07/04/2021,Genclerbirligi,Erzurum BB,D,2.8,3.1,2.55,3.0,3.1,2.4,2020/21,€16.23m,€15.53m
T1,07/04/2021,Konyaspor,Ankaragucu,D,2.05,3.1,4.0,2.05,3.1,3.9,2020/21,€29.88m,€20.70m
T1,07/04/2021,Antalyaspor,Sivasspor,A,2.8,3.1,2.6,2.75,3.1,2.6,2020/21,€30.23m,€30.70m
T1,07/04/2021,Besiktas,Alanyaspor,H,1.75,3.75,4.33,1.75,3.75,4.25,2020/21,€104.50m,€49.68m
T1,08/04/2021,Denizlispor,Kasimpasa,D,2.9,3.25,2.37,2.8,3.25,2.45,2020/21,€14.18m,€38.88m
T1,08/04/2021,Gaziantep,Buyuksehyr,H,2.75,3.4,2.45,2.65,3.3,2.55,2020/21,€27.48m,€69.23m
T1,08/04/2021,Yeni Malatyaspor,Fenerbahce,D,4.75,3.75,1.7,5.0,3.75,1.67,2020/21,€28.48m,€115.45m
T1,10/04/2021,Hatayspor,Goztep,A,1.95,3.6,3.6,1.95,3.5,3.75,2020/21,€36.15m,€37.53m
T1,10/04/2021,Rizespor,Trabzonspor,D,3.6,3.4,2.0,3.6,3.2,2.1,2020/21,€30.70m,€99.13m
T1,10/04/2021,Galatasaray,Karagumruk,D,1.5,4.2,6.0,1.45,4.33,6.5,2020/21,€107.63m,€38.45m
T1,11/04/2021,Sivasspor,Konyaspor,H,2.0,3.3,3.75,2.0,3.3,3.8,2020/21,€30.70m,€29.88m
T1,11/04/2021,Ankaragucu,Genclerbirligi,H,2.0,3.3,3.8,2.05,3.4,3.5,2020/21,€20.70m,€16.23m
T1,11/04/2021,Kayserispor,Antalyaspor,A,2.45,3.0,3.0,2.5,2.95,3.0,2020/21,€23.03m,€30.23m
T1,11/04/2021,Erzurum BB,Besiktas,A,5.0,3.75,1.66,5.0,3.8,1.65,2020/21,€15.53m,€104.50m
T1,12/04/2021,Kasimpasa,Yeni Malatyaspor,D,2.2,3.4,3.2,2.1,3.3,3.4,2020/21,€38.88m,€28.48m
T1,12/04/2021,Alanyaspor,Denizlispor,H,1.45,4.5,6.5,1.45,4.4,6.5,2020/21,€49.68m,€14.18m
T1,12/04/2021,Fenerbahce,Gaziantep,H,1.44,4.5,6.5,1.42,4.6,6.75,2020/21,€115.45m,€27.48m
T1,16/04/2021,Genclerbirligi,Sivasspor,A,3.8,3.6,1.9,3.8,3.5,1.91,2020/21,€16.23m,€30.70m
T1,16/04/2021,Konyaspor,Kayserispor,D,2.15,3.25,3.4,2.1,3.2,3.6,2020/21,€29.88m,€23.03m
T1,16/04/2021,Antalyaspor,Rizespor,A,2.5,3.1,2.9,2.5,3.1,2.9,2020/21,€30.23m,€30.70m
T1,16/04/2021,Besiktas,Ankaragucu,D,1.36,4.75,8.5,1.36,4.75,7.75,2020/21,€104.50m,€20.70m
T1,17/04/2021,Denizlispor,Erzurum BB,A,2.62,3.1,2.75,2.7,3.0,2.7,2020/21,€14.18m,€15.53m
T1,17/04/2021,Trabzonspor,Hatayspor,D,2.0,3.4,3.6,2.05,3.4,3.5,2020/21,€99.13m,€36.15m
T1,17/04/2021,Yeni Malatyaspor,Alanyaspor,H,3.2,3.5,2.15,3.0,3.3,2.3,2020/21,€28.48m,€49.68m
T1,17/04/2021,Goztep,Galatasaray,A,3.8,3.8,1.85,3.9,3.7,1.83,2020/21,€37.53m,€107.63m
T1,18/04/2021,Gaziantep,Kasimpasa,D,2.25,3.2,3.2,2.25,3.3,3.1,2020/21,€27.48m,€38.88m
T1,18/04/2021,Buyuksehyr,Fenerbahce,A,3.6,3.6,1.95,3.5,3.7,1.95,2020/21,€69.23m,€115.45m
T1,20/04/2021,Karagumruk,Goztep,D,2.75,3.4,2.45,5.0,4.1,1.5,2020/21,€38.45m,€37.53m
T1,20/04/2021,Kayserispor,Genclerbirligi,D,1.9,3.5,4.0,1.9,3.4,4.0,2020/21,€23.03m,€16.23m
T1,20/04/2021,Rizespor,Konyaspor,H,2.45,3.0,3.1,2.3,3.0,3.3,2020/21,€30.70m,€29.88m
T1,20/04/2021,Hatayspor,Antalyaspor,H,1.75,3.5,4.75,1.8,3.5,4.4,2020/21,€36.15m,€30.23m
T1,20/04/2021,Sivasspor,Besiktas,D,3.75,3.4,1.95,3.7,3.5,1.95,2020/21,€30.70m,€104.50m
T1,21/04/2021,Ankaragucu,Denizlispor,D,1.65,3.6,5.0,1.72,3.7,4.5,2020/21,€20.70m,€14.18m
T1,21/04/2021,Erzurum BB,Yeni Malatyaspor,H,2.37,3.25,3.0,2.4,3.2,2.95,2020/21,€15.53m,€28.48m
T1,21/04/2021,Galatasaray,Trabzonspor,D,1.8,3.6,4.33,1.8,3.6,4.25,2020/21,€107.63m,€99.13m
T1,22/04/2021,Alanyaspor,Gaziantep,H,1.65,3.8,5.0,1.67,3.8,4.75,2020/21,€49.68m,€27.48m
T1,22/04/2021,Kasimpasa,Buyuksehyr,A,2.5,3.3,2.75,2.5,3.25,2.75,2020/21,€38.88m,€69.23m
T1,23/04/2021,Genclerbirligi,Rizespor,H,2.62,3.4,2.37,2.6,3.5,2.5,2020/21,€16.23m,€30.70m
T1,24/04/2021,Konyaspor,Hatayspor,D,2.8,3.2,2.5,2.7,3.2,2.6,2020/21,€29.88m,€36.15m
T1,24/04/2021,Trabzonspor,Karagumruk,H,1.72,3.6,4.75,1.72,3.6,4.75,2020/21,€99.13m,€38.45m
T1,24/04/2021,Antalyaspor,Galatasaray,A,5.5,3.8,1.61,5.5,3.75,1.62,2020/21,€30.23m,€107.63m
T1,24/04/2021,Besiktas,Kayserispor,H,1.36,5.0,7.5,1.36,5.0,7.5,2020/21,€104.50m,€23.03m
T1,24/04/2021,Denizlispor,Sivasspor,D,4.0,3.4,1.9,3.9,3.2,2.0,2020/21,€14.18m,€30.70m
T1,25/04/2021,Yeni Malatyaspor,Ankaragucu,H,2.15,3.3,3.25,2.2,3.2,3.3,2020/21,€28.48m,€20.70m
T1,25/04/2021,Buyuksehyr,Alanyaspor,D,2.45,3.3,2.8,2.4,3.2,2.9,2020/21,€69.23m,€49.68m
T1,25/04/2021,Gaziantep,Erzurum BB,A,2.0,3.5,3.6,2.0,3.5,3.5,2020/21,€27.48m,€15.53m
T1,25/04/2021,Fenerbahce,Kasimpasa,H,1.4,4.5,7.0,1.44,4.5,6.5,2020/21,€115.45m,€38.88m
T1,27/04/2021,Hatayspor,Genclerbirligi,H,1.65,4.0,4.5,1.65,3.9,4.75,2020/21,€36.15m,€16.23m
T1,28/04/2021,Goztep,Trabzonspor,D,3.1,3.4,2.1,3.1,3.3,2.25,2020/21,€37.53m,€99.13m
T1,28/04/2021,Karagumruk,Antalyaspor,D,2.0,3.4,3.6,2.05,3.5,3.4,2020/21,€38.45m,€30.23m
T1,28/04/2021,Kayserispor,Denizlispor,H,1.6,3.6,4.75,1.7,3.9,4.5,2020/21,€23.03m,€14.18m
T1,28/04/2021,Galatasaray,Konyaspor,H,1.45,3.8,6.5,1.53,3.9,6.25,2020/21,€107.63m,€29.88m
T1,28/04/2021,Rizespor,Besiktas,A,4.33,3.75,1.7,4.25,3.6,1.8,2020/21,€30.70m,€104.50m
T1,29/04/2021,Erzurum BB,Buyuksehyr,A,3.3,3.2,2.1,3.2,3.25,2.2,2020/21,€15.53m,€69.23m
T1,29/04/2021,Sivasspor,Yeni Malatyaspor,H,1.83,3.5,3.8,1.87,3.6,3.9,2020/21,€30.70m,€28.48m
T1,29/04/2021,Alanyaspor,Fenerbahce,D,2.87,3.3,2.25,3.0,3.3,2.3,2020/21,€49.68m,€115.45m
T1,29/04/2021,Ankaragucu,Gaziantep,A,2.1,3.4,3.3,2.2,3.6,3.0,2020/21,€20.70m,€27.48m
T1,01/05/2021,Besiktas,Hatayspor,H,1.57,4.0,5.5,1.6,4.0,5.25,2020/21,€104.50m,€36.15m
T1,02/05/2021,Antalyaspor,Goztep,A,2.7,3.4,2.5,2.8,3.3,2.45,2020/21,€30.23m,€37.53m
T1,02/05/2021,Denizlispor,Rizespor,A,2.9,3.25,2.4,3.0,3.2,2.35,2020/21,€14.18m,€30.70m
T1,02/05/2021,Konyaspor,Karagumruk,H,2.3,3.25,3.1,2.3,3.25,3.1,2020/21,€29.88m,€38.45m
T1,02/05/2021,Genclerbirligi,Galatasaray,A,5.75,4.33,1.5,6.25,4.25,1.48,2020/21,€16.23m,€107.63m
T1,03/05/2021,Buyuksehyr,Ankaragucu,H,1.72,3.75,4.5,1.78,3.6,4.33,2020/21,€69.23m,€20.70m
T1,03/05/2021,Kasimpasa,Alanyaspor,H,3.2,3.4,2.2,3.1,3.4,2.2,2020/21,€38.88m,€49.68m
T1,03/05/2021,Yeni Malatyaspor,Kayserispor,D,2.25,3.5,3.0,2.25,3.4,3.0,2020/21,€28.48m,€23.03m
T1,03/05/2021,Fenerbahce,Erzurum BB,H,1.45,4.5,6.5,1.45,4.5,6.25,2020/21,€115.45m,€15.53m
T1,03/05/2021,Gaziantep,Sivasspor,A,2.87,3.4,2.37,2.85,3.3,2.4,2020/21,€27.48m,€30.70m
T1,08/05/2021,Ankaragucu,Fenerbahce,A,5.0,4.0,1.55,4.75,4.1,1.62,2020/21,€20.70m,€115.45m
T1,08/05/2021,Erzurum BB,Kasimpasa,A,2.75,3.3,2.5,2.75,3.2,2.55,2020/21,€15.53m,€38.88m
T1,08/05/2021,Galatasaray,Besiktas,H,2.37,3.2,3.0,2.35,3.2,3.0,2020/21,€107.63m,€104.50m
T1,08/05/2021,Goztep,Konyaspor,A,2.25,3.6,2.87,2.3,3.3,3.0,2020/21,€37.53m,€29.88m
T1,08/05/2021,Hatayspor,Denizlispor,H,1.44,4.33,6.5,1.48,4.33,6.25,2020/21,€36.15m,€14.18m
T1,08/05/2021,Karagumruk,Genclerbirligi,H,2.1,3.6,3.25,2.05,3.6,3.25,2020/21,€38.45m,€16.23m
T1,08/05/2021,Kayserispor,Gaziantep,D,2.1,3.5,3.3,2.25,3.3,3.1,2020/21,€23.03m,€27.48m
T1,08/05/2021,Rizespor,Yeni Malatyaspor,A,2.45,3.3,2.8,2.4,3.25,2.9,2020/21,€30.70m,€28.48m
T1,08/05/2021,Sivasspor,Buyuksehyr,D,2.37,3.25,3.0,2.45,3.1,2.95,2020/21,€30.70m,€69.23m
T1,08/05/2021,Trabzonspor,Antalyaspor,H,1.66,3.6,5.25,1.72,3.5,5.0,2020/21,€99.13m,€30.23m
T1,11/05/2021,Konyaspor,Trabzonspor,D,3.25,3.25,2.2,3.0,3.4,2.25,2020/21,€29.88m,€99.13m
T1,11/05/2021,Alanyaspor,Erzurum BB,A,1.53,4.1,6.0,1.55,4.1,5.5,2020/21,€49.68m,€15.53m
T1,11/05/2021,Besiktas,Karagumruk,A,1.22,6.5,11.0,1.25,5.75,10.5,2020/21,€104.50m,€38.45m
T1,11/05/2021,Buyuksehyr,Kayserispor,D,2.15,3.25,3.4,2.15,3.2,3.4,2020/21,€69.23m,€23.03m
T1,11/05/2021,Denizlispor,Galatasaray,A,13.0,6.5,1.18,12.0,6.5,1.2,2020/21,€14.18m,€107.63m
T1,11/05/2021,Fenerbahce,Sivasspor,A,1.5,4.33,5.75,1.5,4.5,5.5,2020/21,€115.45m,€30.70m
T1,11/05/2021,Gaziantep,Rizespor,A,1.95,3.6,3.6,1.87,3.8,3.7,2020/21,€27.48m,€30.70m
T1,11/05/2021,Genclerbirligi,Goztep,H,2.75,3.6,2.37,2.8,3.6,2.3,2020/21,€16.23m,€37.53m
T1,11/05/2021,Kasimpasa,Ankaragucu,H,2.2,3.6,3.0,2.2,3.6,3.0,2020/21,€38.88m,€20.70m
T1,11/05/2021,Yeni Malatyaspor,Hatayspor,D,2.62,3.4,2.55,2.75,3.3,2.5,2020/21,€28.48m,€36.15m
T1,15/05/2021,Ankaragucu,Alanyaspor,A,3.0,3.5,2.2,3.0,3.3,2.3,2020/21,€20.70m,€49.68m
T1,15/05/2021,Antalyaspor,Konyaspor,D,3.0,3.6,2.1,3.1,3.4,2.2,2020/21,€30.23m,€29.88m
T1,15/05/2021,Hatayspor,Gaziantep,A,1.5,4.0,6.5,1.53,4.0,6.0,2020/21,€36.15m,€27.48m
T1,15/05/2021,Karagumruk,Denizlispor,H,1.4,4.75,7.0,1.48,4.4,6.0,2020/21,€38.45m,€14.18m
T1,15/05/2021,Rizespor,Buyuksehyr,A,3.3,3.25,2.2,3.1,3.4,2.2,2020/21,€30.70m,€69.23m
T1,15/05/2021,Sivasspor,Kasimpasa,H,1.57,3.8,5.0,1.67,3.75,5.0,2020/21,€30.70m,€38.88m
T1,15/05/2021,Galatasaray,Yeni Malatyaspor,H,1.07,9.0,17.0,1.09,9.75,19.5,2020/21,€107.63m,€28.48m
T1,15/05/2021,Goztep,Besiktas,A,9.0,5.25,1.3,8.5,5.75,1.28,2020/21,€37.53m,€104.50m
T1,15/05/2021,Kayserispor,Fenerbahce,A,5.25,4.0,1.57,5.5,4.1,1.55,2020/21,€23.03m,€115.45m
T1,15/05/2021,Trabzonspor,Genclerbirligi,H,1.9,4.0,3.25,1.87,4.25,3.3,2020/21,€99.13m,€16.23m
T1,13/08/2021,Besiktas,Rizespor,H,1.45,4.2,5.75,1.53,4.25,5.5,2021/22,€101.53m,€24.00m
T1,14/08/2021,Karagumruk,Gaziantep,H,2.1,3.5,3.0,2.15,3.4,3.25,2021/22,€36.15m,€30.28m
T1,14/08/2021,Altay,Kayserispor,H,2.5,3.3,2.55,2.55,3.25,2.7,2021/22,€14.25m,€40.90m
T1,14/08/2021,Hatayspor,Kasimpasa,D,2.1,3.6,2.9,2.1,3.7,3.1,2021/22,€36.18m,€43.15m
T1,15/08/2021,Buyuksehyr,Alanyaspor,A,2.4,3.3,2.7,2.45,3.3,2.75,2021/22,€62.88m,€52.28m
T1,15/08/2021,Ad. Demirspor,Fenerbahce,A,4.0,4.0,1.66,4.2,4.1,1.7,2021/22,€46.00m,€152.13m
T1,15/08/2021,Antalyaspor,Goztep,D,2.3,3.3,2.8,2.35,3.4,2.85,2021/22,€37.65m,€24.68m
T1,16/08/2021,Sivasspor,Konyaspor,A,2.0,3.2,3.5,2.05,3.25,3.6,2021/22,€30.58m,€46.90m
T1,16/08/2021,Yeni Malatyaspor,Trabzonspor,A,3.6,3.3,1.95,3.8,3.4,1.95,2021/22,€20.38m,€123.88m
T1,16/08/2021,Giresunspor,Galatasaray,A,5.25,4.0,1.53,5.5,4.2,1.53,2021/22,€31.70m,€130.63m
T1,20/08/2021,Kayserispor,Ad. Demirspor,D,3.2,3.3,2.25,3.1,3.3,2.25,2021/22,€40.90m,€46.00m
T1,21/08/2021,Kasimpasa,Giresunspor,H,2.0,3.5,3.25,2.05,3.2,3.7,2021/22,€43.15m,€31.70m
T1,21/08/2021,Rizespor,Karagumruk,D,2.5,3.4,2.5,2.55,3.2,2.75,2021/22,€24.00m,€36.15m
T1,21/08/2021,Alanyaspor,Altay,A,2.0,3.3,3.6,2.0,3.2,3.9,2021/22,€52.28m,€14.25m
T1,21/08/2021,Gaziantep,Besiktas,D,4.0,3.75,1.75,4.4,3.8,1.72,2021/22,€30.28m,€101.53m
T1,22/08/2021,Konyaspor,Buyuksehyr,H,2.37,3.2,2.75,2.6,2.9,2.9,2021/22,€46.90m,€62.88m
T1,22/08/2021,Fenerbahce,Antalyaspor,H,1.5,4.33,5.0,1.5,4.2,6.0,2021/22,€152.13m,€37.65m
T1,22/08/2021,Goztep,Yeni Malatyaspor,A,2.05,3.5,3.1,2.15,3.25,3.4,2021/22,€24.68m,€20.38m
T1,23/08/2021,Trabzonspor,Sivasspor,H,1.75,3.5,4.0,1.85,3.5,4.1,2021/22,€123.88m,€30.58m
T1,23/08/2021,Galatasaray,Hatayspor,H,1.44,4.5,6.0,1.45,4.6,6.0,2021/22,€130.63m,€36.18m
T1,27/08/2021,Antalyaspor,Rizespor,H,1.85,3.6,4.1,1.85,3.6,4.0,2021/22,€37.65m,€24.00m
T1,27/08/2021,Ad. Demirspor,Konyaspor,D,2.0,3.4,3.6,2.05,3.3,3.6,2021/22,€46.00m,€46.90m
T1,28/08/2021,Buyuksehyr,Kayserispor,A,1.72,3.6,4.5,1.8,3.6,4.25,2021/22,€62.88m,€40.90m
T1,28/08/2021,Yeni Malatyaspor,Gaziantep,H,2.3,3.3,3.0,2.3,3.6,2.8,2021/22,€20.38m,€30.28m
T1,28/08/2021,Besiktas,Karagumruk,H,1.55,4.0,6.0,1.55,4.1,5.5,2021/22,€101.53m,€36.15m
T1,28/08/2021,Hatayspor,Alanyaspor,H,2.2,3.6,3.0,2.2,3.5,3.0,2021/22,€36.18m,€52.28m
T1,29/08/2021,Kasimpasa,Galatasaray,D,4.75,3.8,1.7,4.5,3.8,1.7,2021/22,€43.15m,€130.63m
T1,29/08/2021,Sivasspor,Goztep,D,2.0,3.5,3.6,2.05,3.4,3.5,2021/22,€30.58m,€24.68m
T1,29/08/2021,Altay,Fenerbahce,A,3.2,3.4,2.15,3.25,3.5,2.1,2021/22,€14.25m,€152.13m
T1,29/08/2021,Giresunspor,Trabzonspor,A,5.25,3.75,1.65,4.6,4.1,1.65,2021/22,€31.70m,€123.88m
T1,11/09/2021,Karagumruk,Ad. Demirspor,H,2.1,3.4,3.25,2.15,3.5,3.1,2021/22,€36.15m,€46.00m
T1,11/09/2021,Konyaspor,Altay,H,2.37,3.2,2.9,2.3,3.3,3.0,2021/22,€46.90m,€14.25m
T1,11/09/2021,Besiktas,Yeni Malatyaspor,H,1.33,4.75,8.0,1.36,5.0,7.5,2021/22,€101.53m,€20.38m
T1,11/09/2021,Kayserispor,Kasimpasa,H,2.6,3.2,2.6,2.65,3.2,2.65,2021/22,€40.90m,€43.15m
T1,12/09/2021,Fenerbahce,Sivasspor,D,1.57,4.0,5.5,1.55,4.1,5.5,2021/22,€152.13m,€30.58m
T1,12/09/2021,Rizespor,Hatayspor,A,2.8,3.3,2.25,2.85,3.5,2.3,2021/22,€24.00m,€36.18m
T1,12/09/2021,Goztep,Buyuksehyr,H,2.55,3.2,2.62,2.65,3.2,2.65,2021/22,€24.68m,€62.88m
T1,12/09/2021,Trabzonspor,Galatasaray,D,2.2,3.4,3.0,2.45,3.4,2.7,2021/22,€123.88m,€130.63m
T1,13/09/2021,Alanyaspor,Giresunspor,H,1.9,3.4,3.6,1.95,3.4,3.75,2021/22,€52.28m,€31.70m
T1,13/09/2021,Gaziantep,Antalyaspor,H,2.15,3.3,3.0,2.35,3.4,2.85,2021/22,€30.28m,€37.65m
T1,17/09/2021,Altay,Goztep,H,2.2,3.4,3.2,2.2,3.3,3.2,2021/22,€14.25m,€24.68m
T1,17/09/2021,Yeni Malatyaspor,Karagumruk,A,2.8,3.4,2.4,2.65,3.3,2.55,2021/22,€20.38m,€36.15m
T1,18/09/2021,Sivasspor,Gaziantep,D,1.9,3.4,4.0,1.9,3.4,4.0,2021/22,€30.58m,€30.28m
T1,18/09/2021,Kasimpasa,Trabzonspor,A,3.8,3.6,1.85,3.75,3.6,1.91,2021/22,€43.15m,€123.88m
T1,18/09/2021,Ad. Demirspor,Rizespor,H,1.83,3.5,4.0,1.85,3.5,4.1,2021/22,€46.00m,€24.00m
T1,18/09/2021,Antalyaspor,Besiktas,A,4.75,3.75,1.66,4.75,3.75,1.7,2021/22,€37.65m,€101.53m
T1,19/09/2021,Giresunspor,Konyaspor,D,2.6,3.2,2.75,2.7,3.2,2.6,2021/22,€31.70m,€46.90m
T1,19/09/2021,Galatasaray,Alanyaspor,A,1.44,4.5,6.0,1.5,4.25,6.0,2021/22,€130.63m,€52.28m
T1,19/09/2021,Buyuksehyr,Fenerbahce,H,3.5,3.4,2.0,3.5,3.4,2.05,2021/22,€62.88m,€152.13m
T1,19/09/2021,Hatayspor,Kayserispor,H,1.9,3.6,3.8,1.95,3.6,3.6,2021/22,€36.18m,€40.90m
T1,21/09/2021,Karagumruk,Antalyaspor,D,2.05,3.4,3.4,2.1,3.4,3.3,2021/22,€36.15m,€37.65m
T1,21/09/2021,Rizespor,Altay,A,3.4,3.4,2.1,3.25,3.4,2.15,2021/22,€24.00m,€14.25m
T1,21/09/2021,Besiktas,Ad. Demirspor,D,1.4,4.75,6.5,1.36,5.25,6.75,2021/22,€101.53m,€46.00m
T1,21/09/2021,Yeni Malatyaspor,Sivasspor,A,2.75,3.3,2.5,2.75,3.25,2.5,2021/22,€20.38m,€30.58m
T1,22/09/2021,Gaziantep,Buyuksehyr,H,2.6,3.4,2.6,2.6,3.3,2.6,2021/22,€30.28m,€62.88m
T1,22/09/2021,Goztep,Hatayspor,A,2.55,3.3,2.62,2.4,3.3,2.85,2021/22,€24.68m,€36.18m
T1,22/09/2021,Kayserispor,Galatasaray,H,4.5,3.75,1.72,4.6,3.75,1.7,2021/22,€40.90m,€130.63m
T1,23/09/2021,Konyaspor,Trabzonspor,D,3.5,3.5,2.0,3.25,3.5,2.1,2021/22,€46.90m,€123.88m
T1,23/09/2021,Alanyaspor,Kasimpasa,H,1.9,3.6,3.8,1.91,3.6,3.75,2021/22,€52.28m,€43.15m
T1,23/09/2021,Fenerbahce,Giresunspor,H,1.4,4.75,7.0,1.4,4.6,7.5,2021/22,€152.13m,€31.70m
T1,24/09/2021,Altay,Besiktas,H,2.7,3.4,2.5,2.7,3.25,2.55,2021/22,€14.25m,€101.53m
T1,25/09/2021,Sivasspor,Karagumruk,H,2.25,3.4,3.1,2.3,3.4,2.9,2021/22,€30.58m,€36.15m
T1,25/09/2021,Antalyaspor,Yeni Malatyaspor,H,2.0,3.5,3.5,2.05,3.3,3.6,2021/22,€37.65m,€20.38m
T1,25/09/2021,Ad. Demirspor,Gaziantep,H,2.15,3.3,3.5,2.2,3.3,3.2,2021/22,€46.00m,€30.28m
T1,26/09/2021,Giresunspor,Kayserispor,D,2.4,3.2,3.0,2.4,3.2,2.9,2021/22,€31.70m,€40.90m
T1,26/09/2021,Buyuksehyr,Rizespor,H,1.66,3.8,5.25,1.62,3.7,5.5,2021/22,€62.88m,€24.00m
T1,26/09/2021,Hatayspor,Fenerbahce,A,3.1,3.4,2.25,3.0,3.4,2.25,2021/22,€36.18m,€152.13m
T1,26/09/2021,Galatasaray,Goztep,H,1.53,4.2,6.0,1.5,4.33,5.75,2021/22,€130.63m,€24.68m
T1,27/09/2021,Kasimpasa,Konyaspor,D,2.3,3.2,2.7,2.4,3.3,2.85,2021/22,€43.15m,€46.90m
T1,27/09/2021,Trabzonspor,Alanyaspor,D,1.53,4.0,5.25,1.57,4.33,5.0,2021/22,€123.88m,€52.28m
T1,01/10/2021,Antalyaspor,Ad. Demirspor,A,2.4,3.4,2.75,2.4,3.4,2.75,2021/22,€37.65m,€46.00m
T1,01/10/2021,Karagumruk,Buyuksehyr,H,3.3,3.4,2.15,2.3,3.4,2.9,2021/22,€36.15m,€62.88m
T1,02/10/2021,Konyaspor,Alanyaspor,D,2.37,3.2,3.0,2.37,3.2,2.95,2021/22,€46.90m,€52.28m
T1,02/10/2021,Goztep,Giresunspor,A,1.9,3.4,4.0,1.9,3.4,4.0,2021/22,€24.68m,€31.70m
T1,02/10/2021,Kayserispor,Trabzonspor,A,4.0,3.5,1.83,3.9,3.5,1.88,2021/22,€40.90m,€123.88m
T1,02/10/2021,Besiktas,Sivasspor,H,1.83,3.5,4.0,1.83,3.5,4.0,2021/22,€101.53m,€30.58m
T1,03/10/2021,Yeni Malatyaspor,Hatayspor,A,3.5,3.3,2.1,3.25,3.5,2.05,2021/22,€20.38m,€36.18m
T1,03/10/2021,Fenerbahce,Kasimpasa,H,1.45,4.2,6.5,1.49,4.33,6.25,2021/22,€152.13m,€43.15m
T1,03/10/2021,Gaziantep,Altay,H,2.7,3.25,2.6,2.65,3.25,2.55,2021/22,€30.28m,€14.25m
T1,03/10/2021,Rizespor,Galatasaray,A,4.75,3.8,1.66,4.6,3.8,1.68,2021/22,€24.00m,€130.63m
T1,15/10/2021,Buyuksehyr,Besiktas,H,3.1,3.4,2.25,2.95,3.5,2.2,2021/22,€62.88m,€101.53m
T1,16/10/2021,Giresunspor,Rizespor,H,1.85,3.3,4.0,1.98,3.3,3.75,2021/22,€31.70m,€24.00m
T1,16/10/2021,Sivasspor,Antalyaspor,D,1.72,3.6,4.33,1.8,3.6,4.2,2021/22,€30.58m,€37.65m
T1,16/10/2021,Ad. Demirspor,Yeni Malatyaspor,A,1.7,3.6,4.5,1.73,3.8,4.33,2021/22,€46.00m,€20.38m
T1,17/10/2021,Kasimpasa,Goztep,A,2.15,3.2,3.2,2.3,3.25,3.0,2021/22,€43.15m,€24.68m
T1,17/10/2021,Galatasaray,Konyaspor,H,1.5,4.0,6.5,1.57,4.0,5.5,2021/22,€130.63m,€46.90m
T1,17/10/2021,Trabzonspor,Fenerbahce,H,2.2,3.2,3.1,2.3,3.3,2.9,2021/22,€123.88m,€152.13m
T1,18/10/2021,Alanyaspor,Kayserispor,H,1.65,3.6,4.75,1.7,3.7,4.75,2021/22,€52.28m,€40.90m
T1,18/10/2021,Hatayspor,Gaziantep,H,1.7,3.6,4.5,1.73,3.7,4.33,2021/22,€36.18m,€30.28m
T1,22/10/2021,Yeni Malatyaspor,Altay,H,2.55,3.5,2.62,2.45,3.4,2.65,2021/22,€20.38m,€14.25m
T1,23/10/2021,Rizespor,Kasimpasa,H,2.87,3.4,2.3,2.75,3.3,2.45,2021/22,€24.00m,€43.15m
T1,23/10/2021,Gaziantep,Giresunspor,D,2.2,3.25,3.3,2.25,3.1,3.25,2021/22,€30.28m,€31.70m
T1,23/10/2021,Konyaspor,Kayserispor,H,1.72,3.6,4.5,1.75,3.7,4.33,2021/22,€46.90m,€40.90m
T1,23/10/2021,Goztep,Trabzonspor,A,3.8,3.6,1.9,3.7,3.6,1.88,2021/22,€24.68m,€123.88m
T1,24/10/2021,Antalyaspor,Buyuksehyr,A,2.6,3.2,2.7,2.65,3.2,2.55,2021/22,€37.65m,€62.88m
T1,24/10/2021,Sivasspor,Ad. Demirspor,D,2.05,3.5,3.4,2.05,3.4,3.3,2021/22,€30.58m,€46.00m
T1,24/10/2021,Fenerbahce,Alanyaspor,A,1.8,3.75,4.2,1.75,3.5,4.5,2021/22,€152.13m,€52.28m
T1,25/10/2021,Besiktas,Galatasaray,H,2.25,3.5,2.9,2.3,3.5,2.75,2021/22,€101.53m,€130.63m
T1,29/10/2021,Trabzonspor,Rizespor,H,1.33,5.25,8.0,1.37,5.0,7.0,2021/22,€123.88m,€24.00m
T1,30/10/2021,Kasimpasa,Yeni Malatyaspor,H,2.0,3.4,3.75,1.98,3.3,3.7,2021/22,€43.15m,€20.38m
T1,30/10/2021,Altay,Sivasspor,D,2.62,3.3,2.62,2.5,3.3,2.7,2021/22,€14.25m,€30.58m
T1,30/10/2021,Hatayspor,Besiktas,H,2.75,3.6,2.3,2.8,3.5,2.3,2021/22,€36.18m,€101.53m
T1,30/10/2021,Konyaspor,Fenerbahce,H,3.0,3.4,2.2,3.0,3.4,2.25,2021/22,€46.90m,€152.13m
T1,31/10/2021,Alanyaspor,Goztep,D,1.65,3.8,5.0,1.68,3.9,4.5,2021/22,€52.28m,€24.68m
T1,31/10/2021,Galatasaray,Gaziantep,H,1.4,4.5,7.0,1.41,4.5,7.25,2021/22,€130.63m,€30.28m
T1,01/11/2021,Buyuksehyr,Ad. Demirspor,H,2.0,3.5,3.6,2.1,3.4,3.3,2021/22,€62.88m,€46.00m
T1,01/11/2021,Giresunspor,Antalyaspor,A,2.0,3.2,3.8,2.05,3.3,3.4,2021/22,€31.70m,€37.65m
T1,05/11/2021,Gaziantep,Kasimpasa,H,2.2,3.4,3.2,2.15,3.5,3.1,2021/22,€30.28m,€43.15m
T1,05/11/2021,Rizespor,Alanyaspor,H,3.2,3.5,2.15,3.2,3.5,2.1,2021/22,€24.00m,€52.28m
T1,06/11/2021,Sivasspor,Giresunspor,D,1.85,3.5,4.2,1.85,3.4,4.1,2021/22,€30.58m,€31.70m
T1,06/11/2021,Antalyaspor,Altay,H,2.45,3.2,2.9,2.5,3.2,2.8,2021/22,€37.65m,€14.25m
T1,06/11/2021,Yeni Malatyaspor,Buyuksehyr,A,3.8,3.2,2.05,3.4,3.25,2.15,2021/22,€20.38m,€62.88m
T1,06/11/2021,Besiktas,Trabzonspor,A,2.4,3.4,2.8,2.4,3.4,2.75,2021/22,€101.53m,€123.88m
T1,07/11/2021,Goztep,Konyaspor,A,2.4,3.1,3.1,2.5,3.1,2.85,2021/22,€24.68m,€46.90m
T1,07/11/2021,Ad. Demirspor,Hatayspor,H,2.3,3.2,3.1,2.45,3.2,2.8,2021/22,€46.00m,€36.18m
T1,07/11/2021,Karagumruk,Galatasaray,D,3.4,3.4,2.1,3.2,3.5,2.1,2021/22,€36.15m,€130.63m
T1,07/11/2021,Fenerbahce,Kayserispor,D,1.44,4.5,6.5,1.44,4.6,6.0,2021/22,€152.13m,€40.90m
T1,20/11/2021,Hatayspor,Antalyaspor,H,1.75,3.6,4.6,1.75,3.6,4.5,2021/22,€36.18m,€37.65m
T1,20/11/2021,Buyuksehyr,Sivasspor,H,1.9,3.3,4.2,1.93,3.25,4.0,2021/22,€62.88m,€30.58m
T1,20/11/2021,Giresunspor,Yeni Malatyaspor,H,1.75,3.5,4.75,1.85,3.5,4.1,2021/22,€31.70m,€20.38m
T1,20/11/2021,Alanyaspor,Besiktas,H,2.8,3.6,2.3,2.75,3.4,2.37,2021/22,€52.28m,€101.53m
T1,21/11/2021,Kasimpasa,Karagumruk,A,2.4,3.4,2.8,2.3,3.4,2.87,2021/22,€43.15m,€36.15m
T1,21/11/2021,Altay,Ad. Demirspor,A,2.1,3.5,3.3,2.2,3.4,3.1,2021/22,€14.25m,€46.00m
T1,21/11/2021,Konyaspor,Rizespor,H,1.65,3.75,5.5,1.66,3.75,4.8,2021/22,€46.90m,€24.00m
T1,21/11/2021,Galatasaray,Fenerbahce,A,2.05,3.4,3.5,2.15,3.4,3.1,2021/22,€130.63m,€152.13m
T1,22/11/2021,Kayserispor,Goztep,D,2.37,3.3,2.87,2.45,3.4,2.7,2021/22,€40.90m,€24.68m
T1,22/11/2021,Trabzonspor,Gaziantep,H,1.5,4.2,5.75,1.53,4.2,5.5,2021/22,€123.88m,€30.28m
T1,26/11/2021,Ad. Demirspor,Kasimpasa,D,1.75,3.8,4.33,1.71,3.6,4.75,2021/22,€46.00m,€43.15m
T1,26/11/2021,Buyuksehyr,Altay,D,1.65,3.75,5.25,1.68,3.6,5.0,2021/22,€62.88m,€14.25m
T1,27/11/2021,Antalyaspor,Alanyaspor,H,2.8,3.25,2.5,2.75,3.25,2.45,2021/22,€37.65m,€52.28m
T1,27/11/2021,Rizespor,Kayserispor,H,2.25,3.3,3.2,2.25,3.4,2.95,2021/22,€24.00m,€40.90m
T1,27/11/2021,Besiktas,Giresunspor,A,1.5,4.2,6.5,1.55,3.9,6.0,2021/22,€101.53m,€31.70m
T1,28/11/2021,Gaziantep,Konyaspor,H,2.7,3.1,2.7,2.8,3.2,2.5,2021/22,€30.28m,€46.90m
T1,28/11/2021,Karagumruk,Trabzonspor,A,3.3,3.4,2.1,3.25,3.3,2.15,2021/22,€36.15m,€123.88m
T1,28/11/2021,Sivasspor,Hatayspor,H,2.2,3.2,3.3,2.35,3.2,3.0,2021/22,€30.58m,€36.18m
T1,28/11/2021,Yeni Malatyaspor,Galatasaray,D,4.75,3.6,1.7,4.75,3.6,1.72,2021/22,€20.38m,€130.63m
T1,29/11/2021,Goztep,Fenerbahce,D,3.8,3.3,2.0,3.7,3.5,1.95,2021/22,€24.68m,€152.13m
T1,03/12/2021,Kasimpasa,Besiktas,D,3.5,3.75,1.95,3.3,3.8,1.98,2021/22,€43.15m,€101.53m
T1,04/12/2021,Alanyaspor,Sivasspor,A,2.3,3.25,3.2,2.15,3.4,3.1,2021/22,€52.28m,€30.58m
T1,04/12/2021,Trabzonspor,Ad. Demirspor,H,1.8,3.6,4.33,1.72,3.6,4.6,2021/22,€123.88m,€46.00m
T1,04/12/2021,Galatasaray,Altay,D,1.44,4.5,6.5,1.47,4.1,7.0,2021/22,€130.63m,€14.25m
T1,05/12/2021,Kayserispor,Antalyaspor,H,2.55,3.2,2.75,2.55,3.2,2.7,2021/22,€40.90m,€37.65m
T1,05/12/2021,Giresunspor,Karagumruk,H,2.3,3.3,3.0,2.35,3.3,2.9,2021/22,€31.70m,€36.15m
T1,05/12/2021,Hatayspor,Buyuksehyr,A,2.45,3.4,2.7,2.4,3.3,2.8,2021/22,€36.18m,€62.88m
T1,05/12/2021,Fenerbahce,Rizespor,H,1.44,4.5,7.5,1.4,4.6,7.25,2021/22,€152.13m,€24.00m
T1,06/12/2021,Goztep,Gaziantep,H,2.25,3.3,3.1,2.35,3.4,2.85,2021/22,€24.68m,€30.28m
T1,06/12/2021,Konyaspor,Yeni Malatyaspor,D,1.7,3.6,4.75,1.66,3.6,5.0,2021/22,€46.90m,€20.38m
T1,10/12/2021,Altay,Hatayspor,A,2.37,3.5,2.87,2.5,3.4,2.6,2021/22,€14.25m,€36.18m
T1,11/12/2021,Karagumruk,Konyaspor,A,2.37,3.5,2.8,2.4,3.4,2.75,2021/22,€36.15m,€46.90m
T1,11/12/2021,Buyuksehyr,Kasimpasa,H,1.61,4.0,5.0,1.6,4.0,5.25,2021/22,€62.88m,€43.15m
T1,11/12/2021,Rizespor,Goztep,H,2.45,3.5,2.7,2.37,3.5,2.75,2021/22,€24.00m,€24.68m
T1,11/12/2021,Antalyaspor,Trabzonspor,H,3.4,3.5,2.1,3.75,3.4,1.93,2021/22,€37.65m,€123.88m
T1,12/12/2021,Ad. Demirspor,Giresunspor,H,2.05,3.4,3.6,2.05,3.3,3.5,2021/22,€46.00m,€31.70m
T1,12/12/2021,Yeni Malatyaspor,Alanyaspor,A,3.2,3.3,2.25,3.0,3.3,2.25,2021/22,€20.38m,€52.28m
T1,12/12/2021,Besiktas,Kayserispor,H,1.5,4.2,6.5,1.55,4.2,5.25,2021/22,€101.53m,€40.90m
T1,13/12/2021,Sivasspor,Galatasaray,H,3.0,3.1,2.4,2.95,3.2,2.37,2021/22,€30.58m,€130.63m
T1,13/12/2021,Gaziantep,Fenerbahce,H,3.3,3.4,2.15,3.4,3.4,2.0,2021/22,€30.28m,€152.13m
T1,17/12/2021,Giresunspor,Altay,H,1.85,3.8,3.75,1.98,3.4,3.6,2021/22,€31.70m,€14.25m
T1,18/12/2021,Kasimpasa,Sivasspor,A,2.75,3.4,2.45,2.9,3.4,2.3,2021/22,€43.15m,€30.58m
T1,18/12/2021,Konyaspor,Antalyaspor,H,2.0,3.6,3.5,1.93,3.4,3.8,2021/22,€46.90m,€37.65m
T1,18/12/2021,Trabzonspor,Hatayspor,H,1.75,3.75,4.33,1.73,3.75,4.33,2021/22,€123.88m,€36.18m
T1,18/12/2021,Alanyaspor,Ad. Demirspor,A,2.2,3.5,3.0,2.1,3.5,3.2,2021/22,€52.28m,€46.00m
T1,18/12/2021,Galatasaray,Buyuksehyr,D,2.05,3.5,3.5,1.98,3.7,3.4,2021/22,€130.63m,€62.88m
T1,19/12/2021,Rizespor,Yeni Malatyaspor,H,2.2,3.3,3.3,2.1,3.4,3.2,2021/22,€24.00m,€20.38m
T1,19/12/2021,Goztep,Karagumruk,A,2.3,3.4,3.0,2.3,3.4,2.9,2021/22,€24.68m,€36.15m
T1,19/12/2021,Kayserispor,Gaziantep,D,2.6,3.25,2.7,2.5,3.3,2.7,2021/22,€40.90m,€30.28m
T1,19/12/2021,Fenerbahce,Besiktas,D,2.2,3.5,3.1,2.1,3.5,3.1,2021/22,€152.13m,€101.53m
T1,21/12/2021,Antalyaspor,Kasimpasa,D,1.85,3.5,3.8,1.93,3.6,3.6,2021/22,€37.65m,€43.15m
T1,21/12/2021,Buyuksehyr,Giresunspor,H,1.8,3.5,4.0,1.82,3.5,4.2,2021/22,€62.88m,€31.70m
T1,21/12/2021,Ad. Demirspor,Galatasaray,H,2.7,3.3,2.37,2.7,3.4,2.4,2021/22,€46.00m,€130.63m
T1,21/12/2021,Altay,Trabzonspor,A,3.1,3.5,2.05,3.25,3.6,2.05,2021/22,€14.25m,€123.88m
T1,22/12/2021,Hatayspor,Konyaspor,A,2.3,3.3,2.87,2.35,3.4,2.85,2021/22,€36.18m,€46.90m
T1,22/12/2021,Sivasspor,Rizespor,D,1.6,3.75,5.0,1.55,4.0,5.5,2021/22,€30.58m,€24.00m
T1,22/12/2021,Gaziantep,Alanyaspor,H,2.25,3.4,2.75,2.35,3.5,2.75,2021/22,€30.28m,€52.28m
T1,22/12/2021,Karagumruk,Fenerbahce,D,3.1,3.4,2.1,3.2,3.5,2.1,2021/22,€36.15m,€152.13m
T1,23/12/2021,Yeni Malatyaspor,Kayserispor,D,2.25,3.3,2.9,2.3,3.3,3.0,2021/22,€20.38m,€40.90m
T1,23/12/2021,Besiktas,Goztep,H,1.6,4.0,4.75,1.62,4.1,4.8,2021/22,€101.53m,€24.68m
T1,25/12/2021,Kasimpasa,Altay,H,2.2,3.3,3.1,2.15,3.4,3.1,2021/22,€43.15m,€14.25m
T1,25/12/2021,Galatasaray,Antalyaspor,H,1.6,3.8,5.0,1.55,4.0,5.75,2021/22,€130.63m,€37.65m
T1,25/12/2021,Giresunspor,Hatayspor,A,2.1,3.25,3.6,2.1,3.2,3.4,2021/22,€31.70m,€36.18m
T1,25/12/2021,Trabzonspor,Buyuksehyr,D,2.1,3.2,3.5,2.1,3.25,3.4,2021/22,€123.88m,€62.88m
T1,26/12/2021,Rizespor,Gaziantep,A,2.7,3.2,2.6,2.65,3.25,2.55,2021/22,€24.00m,€30.28m
T1,26/12/2021,Alanyaspor,Karagumruk,D,2.1,3.25,3.3,2.15,3.3,3.2,2021/22,€52.28m,€36.15m
T1,26/12/2021,Goztep,Ad. Demirspor,D,2.37,3.2,2.87,2.4,3.2,2.95,2021/22,€24.68m,€46.00m
T1,26/12/2021,Fenerbahce,Yeni Malatyaspor,H,1.36,4.5,8.0,1.37,4.6,8.25,2021/22,€152.13m,€20.38m
T1,27/12/2021,Kayserispor,Sivasspor,H,3.1,3.1,2.3,3.0,3.25,2.3,2021/22,€40.90m,€30.58m
T1,27/12/2021,Konyaspor,Besiktas,H,2.7,3.25,2.45,2.75,3.25,2.45,2021/22,€46.90m,€101.53m
T1,07/01/2022,Trabzonspor,Yeni Malatyaspor,H,1.36,5.0,8.0,1.32,5.0,9.25,2021/22,€123.88m,€20.38m
T1,08/01/2022,Gaziantep,Karagumruk,H,2.05,3.5,3.5,2.15,3.5,3.1,2021/22,€30.28m,€36.15m
T1,08/01/2022,Alanyaspor,Buyuksehyr,D,3.1,3.6,2.25,3.1,3.4,2.15,2021/22,€52.28m,€62.88m
T1,08/01/2022,Kasimpasa,Hatayspor,H,2.37,3.5,2.9,2.35,3.5,2.75,2021/22,€43.15m,€36.18m
T1,08/01/2022,Galatasaray,Giresunspor,A,1.66,4.0,4.75,1.63,3.9,4.8,2021/22,€130.63m,€31.70m
T1,09/01/2022,Konyaspor,Sivasspor,A,2.37,3.25,3.1,2.35,3.3,2.9,2021/22,€46.90m,€30.58m
T1,09/01/2022,Goztep,Antalyaspor,H,2.1,3.4,3.5,2.05,3.3,3.4,2021/22,€24.68m,€37.65m
T1,09/01/2022,Kayserispor,Altay,H,2.15,3.5,3.3,2.1,3.4,3.3,2021/22,€40.90m,€14.25m
T1,09/01/2022,Rizespor,Besiktas,D,3.0,3.4,2.3,3.0,3.3,2.25,2021/22,€24.00m,€101.53m
T1,10/01/2022,Fenerbahce,Ad. Demirspor,A,1.83,3.75,4.2,1.78,3.7,4.1,2021/22,€152.13m,€46.00m
T1,14/01/2022,Besiktas,Gaziantep,H,1.65,4.2,4.5,1.7,4.0,4.33,2021/22,€101.53m,€30.28m
T1,14/01/2022,Yeni Malatyaspor,Goztep,A,3.25,3.25,2.25,3.1,3.3,2.2,2021/22,€20.38m,€24.68m
T1,15/01/2022,Ad. Demirspor,Kayserispor,D,1.72,3.6,4.75,1.75,3.6,4.4,2021/22,€46.00m,€40.90m
T1,15/01/2022,Karagumruk,Rizespor,H,1.83,3.6,4.2,1.83,3.5,4.1,2021/22,€36.15m,€24.00m
T1,15/01/2022,Sivasspor,Trabzonspor,D,3.0,3.2,2.4,3.0,3.2,2.35,2021/22,€30.58m,€123.88m
T1,15/01/2022,Antalyaspor,Fenerbahce,D,3.25,3.4,2.15,3.3,3.4,2.05,2021/22,€37.65m,€152.13m
T1,16/01/2022,Altay,Alanyaspor,A,2.5,3.2,2.87,2.4,3.4,2.7,2021/22,€14.25m,€52.28m
T1,16/01/2022,Giresunspor,Kasimpasa,A,1.95,3.2,4.33,1.98,3.2,3.9,2021/22,€31.70m,€43.15m
T1,16/01/2022,Hatayspor,Galatasaray,H,3.4,3.25,2.2,3.4,3.25,2.1,2021/22,€36.18m,€130.63m
T1,18/01/2022,Karagumruk,Besiktas,A,3.4,3.4,2.15,3.0,3.5,2.15,2021/22,€36.15m,€101.53m
T1,18/01/2022,Konyaspor,Ad. Demirspor,H,2.1,3.4,3.5,2.15,3.4,3.2,2021/22,€46.90m,€46.00m
T1,19/01/2022,Goztep,Sivasspor,H,2.3,3.4,2.7,2.45,3.1,2.95,2021/22,€24.68m,€30.58m
T1,19/01/2022,Kayserispor,Buyuksehyr,H,3.3,3.4,2.15,3.4,3.0,2.2,2021/22,€40.90m,€62.88m
T1,19/01/2022,Fenerbahce,Altay,H,1.4,4.5,8.5,1.4,4.75,7.0,2021/22,€152.13m,€14.25m
T1,19/01/2022,Trabzonspor,Giresunspor,D,1.61,4.0,5.25,1.6,4.0,5.0,2021/22,€123.88m,€31.70m
T1,20/01/2022,Alanyaspor,Hatayspor,H,2.37,3.75,2.87,2.35,3.5,2.75,2021/22,€52.28m,€36.18m
T1,20/01/2022,Rizespor,Antalyaspor,H,2.62,3.25,2.62,2.55,3.3,2.6,2021/22,€24.00m,€37.65m
T1,20/01/2022,Galatasaray,Kasimpasa,A,1.7,4.0,5.0,1.71,3.7,4.6,2021/22,€130.63m,€43.15m
T1,22/01/2022,Yeni Malatyaspor,Besiktas,D,4.33,3.6,1.66,4.33,3.8,1.72,2021/22,€20.38m,€101.53m
T1,22/01/2022,Ad. Demirspor,Karagumruk,H,1.9,3.4,4.0,1.88,3.4,4.0,2021/22,€46.00m,€36.15m
T1,22/01/2022,Sivasspor,Fenerbahce,D,2.62,3.25,2.62,2.7,3.0,2.7,2021/22,€30.58m,€152.13m
T1,22/01/2022,Buyuksehyr,Goztep,A,1.95,3.3,4.0,1.93,3.3,4.0,2021/22,€62.88m,€24.68m
T1,23/01/2022,Hatayspor,Rizespor,D,1.8,3.6,4.5,1.82,3.7,3.9,2021/22,€36.18m,€24.00m
T1,23/01/2022,Kasimpasa,Kayserispor,H,2.0,3.3,3.4,2.05,3.5,3.25,2021/22,€43.15m,€40.90m
T1,23/01/2022,Altay,Konyaspor,A,3.0,3.2,2.2,3.0,3.4,2.25,2021/22,€14.25m,€46.90m
T1,23/01/2022,Antalyaspor,Gaziantep,D,2.2,3.25,3.2,2.2,3.25,3.2,2021/22,€37.65m,€30.28m
T1,23/01/2022,Giresunspor,Alanyaspor,A,2.4,3.2,2.8,2.37,3.25,2.87,2021/22,€31.70m,€52.28m
T1,23/01/2022,Galatasaray,Trabzonspor,A,2.4,3.2,2.8,2.45,3.3,2.75,2021/22,€130.63m,€123.88m
T1,04/02/2022,Kayserispor,Hatayspor,H,2.2,3.25,3.0,2.1,3.4,3.2,2021/22,€40.90m,€36.18m
T1,04/02/2022,Konyaspor,Giresunspor,H,2.0,3.1,3.8,1.85,3.3,4.33,2021/22,€46.90m,€31.70m
T1,05/02/2022,Gaziantep,Sivasspor,H,2.25,3.1,3.25,2.25,3.0,3.25,2021/22,€30.28m,€30.58m
T1,05/02/2022,Karagumruk,Yeni Malatyaspor,H,1.8,3.4,4.2,1.82,3.5,4.2,2021/22,€36.15m,€20.38m
T1,05/02/2022,Trabzonspor,Kasimpasa,H,1.75,3.4,4.33,1.8,3.5,4.2,2021/22,€123.88m,€43.15m
T1,05/02/2022,Fenerbahce,Buyuksehyr,A,2.15,3.4,3.2,2.2,3.3,3.1,2021/22,€152.13m,€62.88m
T1,06/02/2022,Alanyaspor,Galatasaray,D,2.5,3.25,2.62,2.5,3.4,2.65,2021/22,€52.28m,€130.63m
T1,06/02/2022,Rizespor,Ad. Demirspor,A,3.1,3.3,2.15,3.1,3.4,2.15,2021/22,€24.00m,€46.00m
T1,06/02/2022,Besiktas,Antalyaspor,D,1.66,3.6,4.75,1.7,3.8,4.5,2021/22,€101.53m,€37.65m
T1,06/02/2022,Goztep,Altay,A,1.8,3.5,4.0,1.83,3.6,3.9,2021/22,€24.68m,€14.25m
T1,11/02/2022,Altay,Rizespor,D,1.95,3.3,3.8,1.98,3.25,3.9,2021/22,€14.25m,€24.00m
T1,12/02/2022,Buyuksehyr,Gaziantep,H,1.75,3.5,4.2,1.82,3.6,4.1,2021/22,€62.88m,€30.28m
T1,12/02/2022,Giresunspor,Fenerbahce,A,3.3,3.1,2.1,3.4,3.25,2.1,2021/22,€31.70m,€152.13m
T1,12/02/2022,Galatasaray,Kayserispor,D,1.72,3.6,4.5,1.77,3.6,4.33,2021/22,€130.63m,€40.90m
T1,13/02/2022,Sivasspor,Yeni Malatyaspor,H,1.61,3.8,5.0,1.63,3.9,5.0,2021/22,€30.58m,€20.38m
T1,13/02/2022,Antalyaspor,Karagumruk,H,2.05,3.3,3.5,2.05,3.3,3.5,2021/22,€37.65m,€36.15m
T1,13/02/2022,Kasimpasa,Alanyaspor,D,2.45,3.3,2.7,2.55,3.2,2.75,2021/22,€43.15m,€52.28m
T1,13/02/2022,Trabzonspor,Konyaspor,H,1.9,3.3,3.8,1.95,3.2,4.0,2021/22,€123.88m,€46.90m
T1,14/02/2022,Ad. Demirspor,Besiktas,D,2.3,3.3,2.8,2.5,3.4,2.6,2021/22,€46.00m,€101.53m
T1,14/02/2022,Hatayspor,Goztep,H,2.45,3.25,2.75,2.4,3.25,2.8,2021/22,€36.18m,€24.68m
T1,18/02/2022,Konyaspor,Kasimpasa,D,2.1,3.3,3.1,2.1,3.3,3.3,2021/22,€46.90m,€43.15m
T1,18/02/2022,Rizespor,Buyuksehyr,A,4.0,3.25,1.8,4.2,3.4,1.85,2021/22,€24.00m,€62.88m
T1,19/02/2022,Yeni Malatyaspor,Antalyaspor,A,2.87,3.3,2.25,2.8,3.4,2.35,2021/22,€20.38m,€37.65m
T1,19/02/2022,Kayserispor,Giresunspor,H,2.25,3.1,3.1,2.2,3.25,3.2,2021/22,€40.90m,€31.70m
T1,19/02/2022,Besiktas,Altay,H,1.44,4.5,6.0,1.46,4.5,6.0,2021/22,€101.53m,€14.25m
T1,20/02/2022,Gaziantep,Ad. Demirspor,A,2.45,3.25,2.5,2.55,3.4,2.6,2021/22,€30.28m,€46.00m
T1,20/02/2022,Alanyaspor,Trabzonspor,A,2.8,3.2,2.25,2.95,3.1,2.4,2021/22,€52.28m,€123.88m
T1,20/02/2022,Karagumruk,Sivasspor,H,2.45,3.2,2.6,2.55,3.25,2.7,2021/22,€36.15m,€30.58m
T1,20/02/2022,Fenerbahce,Hatayspor,H,1.65,3.6,4.33,1.72,3.8,4.33,2021/22,€152.13m,€36.18m
T1,21/02/2022,Goztep,Galatasaray,A,2.75,3.2,2.37,3.0,3.1,2.37,2021/22,€24.68m,€130.63m
T1,23/02/2022,Gaziantep,Yeni Malatyaspor,D,1.7,3.8,4.5,1.62,4.0,5.0,2021/22,€30.28m,€20.38m
T1,22/02/2022,Buyuksehyr,Konyaspor,H,2.0,3.3,3.4,2.0,3.3,3.7,2021/22,€62.88m,€46.90m
T1,25/02/2022,Ad. Demirspor,Antalyaspor,D,1.9,3.4,3.75,1.83,3.4,4.2,2021/22,€46.00m,€37.65m
T1,25/02/2022,Trabzonspor,Kayserispor,H,1.53,4.2,6.0,1.51,4.0,6.25,2021/22,€123.88m,€40.90m
T1,26/02/2022,Buyuksehyr,Karagumruk,A,1.66,3.6,4.5,1.68,3.8,4.6,2021/22,€62.88m,€36.15m
T1,26/02/2022,Sivasspor,Besiktas,A,2.55,3.1,2.7,2.5,3.2,2.8,2021/22,€30.58m,€101.53m
T1,27/02/2022,Altay,Gaziantep,H,2.62,3.2,2.6,2.75,3.2,2.5,2021/22,€14.25m,€30.28m
T1,27/02/2022,Giresunspor,Goztep,H,2.3,3.1,2.9,2.45,3.1,2.87,2021/22,€31.70m,€24.68m
T1,27/02/2022,Alanyaspor,Konyaspor,H,2.37,3.25,2.8,2.35,3.2,3.0,2021/22,€52.28m,€46.90m
T1,27/02/2022,Hatayspor,Yeni Malatyaspor,H,1.65,3.75,4.5,1.62,3.9,5.0,2021/22,€36.18m,€20.38m
T1,27/02/2022,Galatasaray,Rizespor,H,1.4,4.5,7.0,1.47,4.2,6.75,2021/22,€130.63m,€24.00m
T1,28/02/2022,Kasimpasa,Fenerbahce,A,2.45,3.2,2.55,2.6,3.4,2.5,2021/22,€43.15m,€152.13m
T1,04/03/2022,Yeni Malatyaspor,Ad. Demirspor,H,4.5,3.5,1.72,4.33,3.7,1.77,2021/22,€20.38m,€46.00m
T1,05/03/2022,Goztep,Kasimpasa,A,2.25,3.4,2.9,2.35,3.3,2.9,2021/22,€24.68m,€43.15m
T1,05/03/2022,Rizespor,Giresunspor,A,2.7,3.4,2.45,2.6,3.4,2.55,2021/22,€24.00m,€31.70m
T1,05/03/2022,Konyaspor,Galatasaray,H,2.45,3.25,2.8,2.45,3.25,2.75,2021/22,€46.90m,€130.63m
T1,06/03/2022,Karagumruk,Altay,D,1.9,3.4,4.0,1.88,3.5,3.9,2021/22,€36.15m,€14.25m
T1,06/03/2022,Antalyaspor,Sivasspor,H,2.45,3.2,2.87,2.5,3.2,2.75,2021/22,€37.65m,€30.58m
T1,06/03/2022,Fenerbahce,Trabzonspor,D,2.2,3.3,3.0,2.3,3.0,3.25,2021/22,€152.13m,€123.88m
T1,07/03/2022,Besiktas,Buyuksehyr,D,2.15,3.5,3.2,2.2,3.5,2.95,2021/22,€101.53m,€62.88m
T1,07/03/2022,Gaziantep,Hatayspor,D,2.2,3.4,3.0,2.35,3.5,2.75,2021/22,€30.28m,€36.18m
T1,07/03/2022,Kayserispor,Alanyaspor,A,2.5,3.25,2.7,2.6,3.25,2.6,2021/22,€40.90m,€52.28m
T1,12/03/2022,Hatayspor,Karagumruk,H,1.9,3.4,4.0,1.98,3.5,3.5,2021/22,€36.18m,€36.15m
T1,12/03/2022,Altay,Yeni Malatyaspor,H,1.9,3.3,4.0,1.85,3.4,4.1,2021/22,€14.25m,€20.38m
T1,12/03/2022,Kasimpasa,Rizespor,H,1.6,4.0,5.25,1.62,4.0,4.8,2021/22,€43.15m,€24.00m
T1,12/03/2022,Trabzonspor,Goztep,H,1.57,3.75,5.0,1.62,3.9,5.0,2021/22,€123.88m,€24.68m
T1,13/03/2022,Kayserispor,Konyaspor,A,2.7,3.2,2.62,2.8,3.25,2.45,2021/22,€40.90m,€46.90m
T1,13/03/2022,Ad. Demirspor,Sivasspor,A,1.9,3.4,4.0,1.88,3.5,3.9,2021/22,€46.00m,€30.58m
T1,13/03/2022,Alanyaspor,Fenerbahce,A,2.62,3.3,2.6,2.6,3.4,2.55,2021/22,€52.28m,€152.13m
T1,14/03/2022,Buyuksehyr,Antalyaspor,A,1.72,3.5,4.75,1.8,3.5,4.33,2021/22,€62.88m,€37.65m
T1,14/03/2022,Galatasaray,Besiktas,H,2.45,3.3,2.75,2.45,3.3,2.75,2021/22,€130.63m,€101.53m
T1,14/03/2022,Giresunspor,Gaziantep,H,2.37,3.3,2.87,2.3,3.2,3.1,2021/22,€31.70m,€30.28m
T1,18/03/2022,Karagumruk,Kayserispor,H,1.95,3.6,3.6,2.0,3.4,3.6,2021/22,€36.15m,€40.90m
T1,18/03/2022,Rizespor,Trabzonspor,H,4.2,4.0,1.7,4.4,3.8,1.72,2021/22,€24.00m,€123.88m
T1,19/03/2022,Yeni Malatyaspor,Kasimpasa,A,3.75,3.6,1.9,3.6,3.6,1.9,2021/22,€20.38m,€43.15m
T1,19/03/2022,Ad. Demirspor,Buyuksehyr,H,2.3,3.3,2.9,2.37,3.4,2.8,2021/22,€46.00m,€62.88m
T1,19/03/2022,Goztep,Alanyaspor,A,2.3,3.4,2.87,2.4,3.25,2.85,2021/22,€24.68m,€52.28m
T1,19/03/2022,Besiktas,Hatayspor,D,1.7,4.0,4.33,1.7,3.9,4.4,2021/22,€101.53m,€36.18m
T1,20/03/2022,Antalyaspor,Giresunspor,H,2.1,3.3,3.4,2.05,3.25,3.6,2021/22,€37.65m,€31.70m
T1,20/03/2022,Sivasspor,Altay,H,1.8,3.5,4.33,1.8,3.6,4.2,2021/22,€30.58m,€14.25m
T1,20/03/2022,Gaziantep,Galatasaray,H,2.7,3.4,2.45,2.7,3.4,2.45,2021/22,€30.28m,€130.63m
T1,20/03/2022,Fenerbahce,Konyaspor,H,1.95,3.5,3.6,2.0,3.4,3.5,2021/22,€152.13m,€46.90m
T1,02/04/2022,Giresunspor,Sivasspor,D,2.3,3.0,2.87,2.4,3.1,2.95,2021/22,€31.70m,€30.58m
T1,02/04/2022,Altay,Antalyaspor,A,2.7,3.1,2.37,2.75,3.2,2.5,2021/22,€14.25m,€37.65m
T1,02/04/2022,Kayserispor,Fenerbahce,A,3.5,3.5,1.85,3.6,3.5,1.95,2021/22,€40.90m,€152.13m
T1,02/04/2022,Galatasaray,Karagumruk,H,1.65,3.6,4.33,1.68,3.75,4.75,2021/22,€130.63m,€36.15m
T1,03/04/2022,Kasimpasa,Gaziantep,H,1.95,3.4,3.25,2.0,3.5,3.5,2021/22,€43.15m,€30.28m
T1,03/04/2022,Alanyaspor,Rizespor,H,1.6,3.6,5.0,1.65,4.0,4.75,2021/22,€52.28m,€24.00m
T1,03/04/2022,Konyaspor,Goztep,H,1.8,3.5,3.6,1.78,3.7,4.2,2021/22,€46.90m,€24.68m
T1,03/04/2022,Trabzonspor,Besiktas,D,2.0,3.25,3.25,2.1,3.6,3.2,2021/22,€123.88m,€101.53m
T1,04/04/2022,Buyuksehyr,Yeni Malatyaspor,H,1.33,4.5,7.5,1.34,4.8,8.5,2021/22,€62.88m,€20.38m
T1,04/04/2022,Hatayspor,Ad. Demirspor,D,2.62,3.2,2.37,2.65,3.4,2.5,2021/22,€36.18m,€46.00m
T1,09/04/2022,Karagumruk,Kasimpasa,H,2.55,3.4,2.5,2.5,3.4,2.6,2021/22,€36.15m,€43.15m
T1,09/04/2022,Goztep,Kayserispor,A,2.05,3.5,3.1,2.1,3.5,3.2,2021/22,€24.68m,€40.90m
T1,09/04/2022,Rizespor,Konyaspor,H,3.5,3.5,1.95,3.6,3.5,1.98,2021/22,€24.00m,€46.90m
T1,09/04/2022,Besiktas,Alanyaspor,H,1.8,3.6,4.0,1.83,3.7,3.9,2021/22,€101.53m,€52.28m
T1,09/04/2022,Gaziantep,Trabzonspor,D,3.1,3.25,2.1,3.2,3.3,2.2,2021/22,€30.28m,€123.88m
T1,10/04/2022,Yeni Malatyaspor,Giresunspor,A,3.4,3.4,2.0,3.5,3.3,2.05,2021/22,€20.38m,€31.70m
T1,10/04/2022,Ad. Demirspor,Altay,H,1.57,4.0,4.75,1.61,3.9,5.25,2021/22,€46.00m,€14.25m
T1,10/04/2022,Sivasspor,Buyuksehyr,A,2.62,3.25,2.5,2.65,3.25,2.55,2021/22,€30.58m,€62.88m
T1,10/04/2022,Fenerbahce,Galatasaray,H,1.85,3.5,3.75,1.9,3.6,3.7,2021/22,€152.13m,€130.63m
T1,11/04/2022,Antalyaspor,Hatayspor,H,2.1,3.3,3.2,2.15,3.3,3.25,2021/22,€37.65m,€36.18m
T1,15/04/2022,Kayserispor,Rizespor,D,2.0,3.4,3.6,2.0,3.4,3.5,2021/22,€40.90m,€24.00m
T1,15/04/2022,Trabzonspor,Karagumruk,D,1.44,4.33,6.5,1.51,4.1,6.0,2021/22,€123.88m,€36.15m
T1,16/04/2022,Hatayspor,Sivasspor,D,2.5,3.2,2.62,2.5,3.3,2.65,2021/22,€36.18m,€30.58m
T1,16/04/2022,Alanyaspor,Antalyaspor,A,2.05,3.25,3.25,2.1,3.3,3.4,2021/22,€52.28m,€37.65m
T1,16/04/2022,Altay,Buyuksehyr,D,3.6,3.3,1.95,3.7,3.3,1.98,2021/22,€14.25m,€62.88m
T1,16/04/2022,Fenerbahce,Goztep,H,1.33,4.75,8.0,1.37,4.8,8.0,2021/22,€152.13m,€24.68m
T1,17/04/2022,Konyaspor,Gaziantep,H,1.75,3.6,4.0,1.8,3.8,3.9,2021/22,€46.90m,€30.28m
T1,17/04/2022,Kasimpasa,Ad. Demirspor,H,2.3,3.3,2.9,2.3,3.3,2.9,2021/22,€43.15m,€46.00m
T1,17/04/2022,Giresunspor,Besiktas,D,2.8,3.3,2.3,2.85,3.4,2.3,2021/22,€31.70m,€101.53m
T1,18/04/2022,Galatasaray,Yeni Malatyaspor,H,1.28,5.0,10.0,1.31,4.8,11.0,2021/22,€130.63m,€20.38m
T1,22/04/2022,Rizespor,Fenerbahce,A,6.0,3.8,1.53,5.0,4.1,1.58,2021/22,€24.00m,€152.13m
T1,23/04/2022,Gaziantep,Goztep,D,1.8,3.6,4.2,1.85,3.6,3.8,2021/22,€30.28m,€24.68m
T1,23/04/2022,Karagumruk,Giresunspor,H,2.3,3.4,2.87,2.3,3.3,2.9,2021/22,€36.15m,€31.70m
T1,23/04/2022,Ad. Demirspor,Trabzonspor,A,2.3,3.4,2.9,2.3,3.4,2.9,2021/22,€46.00m,€123.88m
T1,24/04/2022,Buyuksehyr,Hatayspor,H,1.65,3.6,5.25,1.65,3.75,5.0,2021/22,€62.88m,€36.18m
T1,24/04/2022,Yeni Malatyaspor,Konyaspor,A,4.75,4.2,1.6,5.25,3.9,1.61,2021/22,€20.38m,€46.90m
T1,24/04/2022,Altay,Galatasaray,A,4.0,3.4,1.85,3.9,3.5,1.9,2021/22,€14.25m,€130.63m
T1,24/04/2022,Antalyaspor,Kayserispor,D,1.66,3.6,4.75,1.72,3.7,4.6,2021/22,€37.65m,€40.90m
T1,25/04/2022,Besiktas,Kasimpasa,A,1.72,4.0,4.0,1.75,3.9,4.0,2021/22,€101.53m,€43.15m
T1,25/04/2022,Sivasspor,Alanyaspor,H,2.25,3.3,3.1,2.3,3.4,2.9,2021/22,€30.58m,€52.28m
T1,29/04/2022,Fenerbahce,Gaziantep,H,1.33,5.0,8.0,1.36,5.0,7.5,2021/22,€152.13m,€30.28m
T1,29/04/2022,Giresunspor,Ad. Demirspor,H,2.45,3.4,2.55,2.6,3.25,2.6,2021/22,€31.70m,€46.00m
T1,30/04/2022,Kasimpasa,Buyuksehyr,A,2.7,3.2,2.5,2.75,3.4,2.4,2021/22,€43.15m,€62.88m
T1,30/04/2022,Konyaspor,Karagumruk,A,1.66,3.6,4.5,1.73,3.8,4.33,2021/22,€46.90m,€36.15m
T1,30/04/2022,Hatayspor,Altay,A,1.75,3.5,4.2,1.77,3.7,4.2,2021/22,€36.18m,€14.25m
T1,30/04/2022,Trabzonspor,Antalyaspor,D,1.75,3.5,4.33,1.78,3.5,4.33,2021/22,€123.88m,€37.65m
T1,01/05/2022,Alanyaspor,Yeni Malatyaspor,H,1.25,5.25,11.0,1.29,5.5,9.75,2021/22,€52.28m,€20.38m
T1,01/05/2022,Kayserispor,Besiktas,A,3.5,3.75,1.85,3.4,3.75,1.95,2021/22,€40.90m,€101.53m
T1,01/05/2022,Galatasaray,Sivasspor,A,1.85,3.25,4.0,1.9,3.5,3.9,2021/22,€130.63m,€30.58m
T1,01/05/2022,Goztep,Rizespor,A,2.0,3.6,3.4,2.0,3.7,3.25,2021/22,€24.68m,€24.00m
T1,06/05/2022,Gaziantep,Kayserispor,D,1.72,3.6,3.8,1.78,3.6,4.2,2021/22,€30.28m,€40.90m
T1,06/05/2022,Hatayspor,Trabzonspor,D,2.4,3.5,2.5,2.55,3.4,2.55,2021/22,€36.18m,€123.88m
T1,07/05/2022,Karagumruk,Goztep,H,1.53,3.75,5.0,1.58,4.2,5.0,2021/22,€36.15m,€24.68m
T1,07/05/2022,Sivasspor,Kasimpasa,A,2.2,3.3,2.75,2.3,3.5,2.85,2021/22,€30.58m,€43.15m
T1,07/05/2022,Ad. Demirspor,Alanyaspor,A,1.9,3.6,3.25,1.95,3.75,3.4,2021/22,€46.00m,€52.28m
T1,07/05/2022,Buyuksehyr,Galatasaray,D,1.9,3.5,3.4,1.9,3.5,3.8,2021/22,€62.88m,€130.63m
T1,08/05/2022,Altay,Giresunspor,D,2.3,3.2,2.75,2.4,3.6,2.65,2021/22,€14.25m,€31.70m
T1,08/05/2022,Yeni Malatyaspor,Rizespor,A,3.75,3.4,1.8,3.6,3.6,1.9,2021/22,€20.38m,€24.00m
T1,08/05/2022,Besiktas,Fenerbahce,D,2.4,3.3,2.45,2.55,3.5,2.5,2021/22,€101.53m,€152.13m
T1,09/05/2022,Antalyaspor,Konyaspor,H,2.7,3.25,2.62,2.65,3.4,2.45,2021/22,€37.65m,€46.90m
T1,14/05/2022,Kayserispor,Yeni Malatyaspor,H,1.44,4.5,6.5,1.46,4.75,6.0,2021/22,€40.90m,€20.38m
T1,15/05/2022,Goztep,Besiktas,A,4.2,4.5,1.65,4.4,4.33,1.63,2021/22,€24.68m,€101.53m
T1,15/05/2022,Trabzonspor,Altay,H,1.4,4.75,7.0,1.39,5.0,7.0,2021/22,€123.88m,€14.25m
T1,15/05/2022,Alanyaspor,Gaziantep,H,1.65,4.0,4.75,1.6,4.2,4.8,2021/22,€52.28m,€30.28m
T1,15/05/2022,Fenerbahce,Karagumruk,D,1.5,4.5,5.5,1.47,4.6,5.75,2021/22,€152.13m,€36.15m
T1,15/05/2022,Giresunspor,Buyuksehyr,D,4.0,3.4,1.9,3.8,3.4,1.95,2021/22,€31.70m,€62.88m
T1,15/05/2022,Kasimpasa,Antalyaspor,A,1.9,3.75,3.5,1.98,3.75,3.3,2021/22,€43.15m,€37.65m
T1,15/05/2022,Konyaspor,Hatayspor,H,1.6,4.2,5.0,1.63,4.1,4.6,2021/22,€46.90m,€36.18m
T1,16/05/2022,Galatasaray,Ad. Demirspor,H,1.9,3.75,3.5,1.9,3.7,3.6,2021/22,€130.63m,€46.00m
T1,16/05/2022,Rizespor,Sivasspor,A,2.75,3.3,2.45,2.7,3.4,2.45,2021/22,€24.00m,€30.58m
T1,20/05/2022,Antalyaspor,Galatasaray,D,2.3,3.5,3.0,2.25,3.6,2.87,2021/22,€37.65m,€130.63m
T1,20/05/2022,Gaziantep,Rizespor,H,1.8,3.8,4.0,1.83,3.8,3.75,2021/22,€30.28m,€24.00m
T1,21/05/2022,Altay,Kasimpasa,A,3.1,3.6,2.1,3.0,3.7,2.1,2021/22,€14.25m,€43.15m
T1,21/05/2022,Sivasspor,Kayserispor,H,1.8,3.6,4.33,1.75,3.7,4.33,2021/22,€30.58m,€40.90m
T1,21/05/2022,Besiktas,Konyaspor,D,1.9,3.75,3.6,1.88,3.8,3.6,2021/22,€101.53m,€46.90m
T1,21/05/2022,Yeni Malatyaspor,Fenerbahce,A,12.0,5.75,1.22,11.5,6.75,1.22,2021/22,€20.38m,€152.13m
T1,22/05/2022,Buyuksehyr,Trabzonspor,H,1.8,3.6,4.33,1.8,3.6,4.1,2021/22,€62.88m,€123.88m
T1,22/05/2022,Karagumruk,Alanyaspor,A,3.1,3.6,2.2,2.95,3.6,2.15,2021/22,€36.15m,€52.28m
T1,22/05/2022,Ad. Demirspor,Goztep,H,1.4,5.0,6.0,1.41,5.0,6.25,2021/22,€46.00m,€24.68m
T1,22/05/2022,Hatayspor,Giresunspor,H,2.1,3.4,3.4,2.1,3.5,3.25,2021/22,€36.18m,€31.70m
T1,05/08/2022,Istanbulspor,Trabzonspor,A,4.7,3.75,1.61,4.6,3.75,1.7,2022/23,€18.43m,€135.30m
T1,06/08/2022,Sivasspor,Gaziantep,D,1.95,3.5,3.3,2.0,3.5,3.5,2022/23,€28.93m,€24.10m
T1,06/08/2022,Besiktas,Kayserispor,H,1.5,4.33,5.25,1.51,4.2,5.75,2022/23,€127.70m,€31.05m
T1,07/08/2022,Giresunspor,Ad. Demirspor,A,2.87,3.4,2.2,2.8,3.4,2.35,2022/23,€18.38m,€57.65m
T1,07/08/2022,Karagumruk,Alanyaspor,A,2.55,3.5,2.4,2.6,3.3,2.55,2022/23,€40.33m,€43.28m
T1,07/08/2022,Antalyaspor,Galatasaray,A,2.37,3.6,2.6,2.45,3.4,2.65,2022/23,€41.60m,€202.65m
T1,08/08/2022,Buyuksehyr,Kasimpasa,H,1.75,3.6,4.2,1.85,3.5,4.1,2022/23,€75.10m,€39.23m
T1,08/08/2022,Ankaragucu,Konyaspor,D,2.9,3.4,2.15,3.1,3.4,2.2,2022/23,€40.48m,€48.58m
T1,08/08/2022,Fenerbahce,Umraniyespor,D,1.33,5.0,7.5,1.35,5.0,8.0,2022/23,€193.23m,€12.05m
T1,12/08/2022,Trabzonspor,Hatayspor,H,1.5,4.5,6.5,1.49,4.33,6.0,2022/23,€135.30m,€23.03m
T1,13/08/2022,Kayserispor,Istanbulspor,H,1.85,3.8,4.0,1.87,3.7,3.7,2022/23,€31.05m,€18.43m
T1,13/08/2022,Ad. Demirspor,Sivasspor,H,1.9,3.6,4.0,1.88,3.6,3.7,2022/23,€57.65m,€28.93m
T1,13/08/2022,Galatasaray,Giresunspor,A,1.44,4.33,8.0,1.44,4.4,6.5,2022/23,€202.65m,€18.38m
T1,14/08/2022,Gaziantep,Ankaragucu,H,1.95,3.6,3.6,1.98,3.5,3.5,2022/23,€24.10m,€40.48m
T1,14/08/2022,Umraniyespor,Antalyaspor,A,3.1,3.3,2.25,2.95,3.2,2.35,2022/23,€12.05m,€41.60m
T1,14/08/2022,Alanyaspor,Besiktas,D,2.75,3.6,2.45,2.75,3.6,2.35,2022/23,€43.28m,€127.70m
T1,15/08/2022,Konyaspor,Buyuksehyr,D,2.75,3.4,2.5,2.65,3.4,2.5,2022/23,€48.58m,€75.10m
T1,15/08/2022,Kasimpasa,Fenerbahce,A,3.2,3.8,2.1,3.0,3.7,2.1,2022/23,€39.23m,€193.23m
T1,19/08/2022,Umraniyespor,Galatasaray,A,4.2,3.75,1.8,4.2,3.7,1.78,2022/23,€12.05m,€202.65m
T1,20/08/2022,Giresunspor,Kasimpasa,H,2.25,3.5,3.0,2.3,3.4,2.87,2022/23,€18.38m,€39.23m
T1,20/08/2022,Hatayspor,Gaziantep,A,2.1,3.5,3.25,2.05,3.5,3.3,2022/23,€23.03m,€24.10m
T1,20/08/2022,Antalyaspor,Trabzonspor,H,2.5,3.2,2.87,2.55,3.25,2.7,2022/23,€41.60m,€135.30m
T1,21/08/2022,Buyuksehyr,Kayserispor,H,1.55,3.8,6.5,1.57,3.9,5.75,2022/23,€75.10m,€31.05m
T1,21/08/2022,Besiktas,Karagumruk,H,1.57,4.2,5.0,1.55,4.1,5.25,2022/23,€127.70m,€40.33m
T1,22/08/2022,Istanbulspor,Konyaspor,A,3.6,3.5,2.0,3.5,3.4,2.05,2022/23,€18.43m,€48.58m
T1,22/08/2022,Sivasspor,Alanyaspor,D,2.5,3.4,2.75,2.37,3.3,2.85,2022/23,€28.93m,€43.28m
T1,22/08/2022,Fenerbahce,Ad. Demirspor,H,1.7,4.0,4.5,1.71,3.9,4.33,2022/23,€193.23m,€57.65m
T1,26/08/2022,Gaziantep,Antalyaspor,H,2.5,3.3,2.8,2.45,3.2,2.8,2022/23,€24.10m,€41.60m
T1,27/08/2022,Karagumruk,Ankaragucu,H,1.9,3.6,4.0,1.87,3.6,3.8,2022/23,€40.33m,€40.48m
T1,27/08/2022,Ad. Demirspor,Umraniyespor,H,1.55,4.33,5.75,1.55,4.2,5.5,2022/23,€57.65m,€12.05m
T1,27/08/2022,Alanyaspor,Istanbulspor,A,1.5,4.75,6.0,1.49,4.4,6.0,2022/23,€43.28m,€18.43m
T1,28/08/2022,Kasimpasa,Hatayspor,H,1.95,3.5,3.75,2.0,3.5,3.4,2022/23,€39.23m,€23.03m
T1,28/08/2022,Kayserispor,Giresunspor,H,2.15,3.4,3.3,2.1,3.4,3.3,2022/23,€31.05m,€18.38m
T1,28/08/2022,Trabzonspor,Galatasaray,D,2.37,3.5,2.9,2.3,3.3,2.9,2022/23,€135.30m,€202.65m
T1,29/08/2022,Konyaspor,Fenerbahce,H,3.4,3.6,2.05,3.2,3.5,2.1,2022/23,€48.58m,€193.23m
T1,29/08/2022,Besiktas,Sivasspor,H,1.5,4.2,5.5,1.52,4.2,5.75,2022/23,€127.70m,€28.93m
T1,02/09/2022,Umraniyespor,Trabzonspor,A,3.6,3.6,1.9,3.8,3.5,1.9,2022/23,€12.05m,€135.30m
T1,03/09/2022,Buyuksehyr,Alanyaspor,H,1.9,3.5,3.8,1.93,3.4,3.7,2022/23,€75.10m,€43.28m
T1,03/09/2022,Sivasspor,Karagumruk,D,2.2,3.3,3.1,2.2,3.3,3.2,2022/23,€28.93m,€40.33m
T1,03/09/2022,Fenerbahce,Kayserispor,H,1.4,4.75,5.75,1.4,4.8,6.75,2022/23,€193.23m,€31.05m
T1,03/09/2022,Giresunspor,Konyaspor,A,2.6,3.2,2.62,2.55,3.2,2.7,2022/23,€18.38m,€48.58m
T1,04/09/2022,Hatayspor,Ad. Demirspor,D,2.9,3.3,2.25,2.95,3.4,2.25,2022/23,€23.03m,€57.65m
T1,04/09/2022,Ankaragucu,Besiktas,A,4.0,3.5,1.8,3.9,3.5,1.87,2022/23,€40.48m,€127.70m
T1,04/09/2022,Antalyaspor,Kasimpasa,A,1.7,3.6,4.5,1.73,3.6,4.5,2022/23,€41.60m,€39.23m
T1,05/09/2022,Galatasaray,Gaziantep,H,1.57,3.75,5.25,1.63,3.7,5.25,2022/23,€202.65m,€24.10m
T1,09/09/2022,Alanyaspor,Ankaragucu,H,1.72,3.8,4.5,1.7,3.75,4.6,2022/23,€43.28m,€40.48m
T1,10/09/2022,Konyaspor,Hatayspor,H,1.7,4.0,4.75,1.73,3.75,4.4,2022/23,€48.58m,€23.03m
T1,10/09/2022,Karagumruk,Giresunspor,D,1.9,3.6,4.0,1.95,3.5,3.6,2022/23,€40.33m,€18.38m
T1,11/09/2022,Sivasspor,Istanbulspor,D,1.75,3.6,4.75,1.78,3.6,4.33,2022/23,€28.93m,€18.43m
T1,11/09/2022,Gaziantep,Umraniyespor,D,1.75,3.8,4.5,1.66,3.8,4.8,2022/23,€24.10m,€12.05m
T1,11/09/2022,Kasimpasa,Galatasaray,A,3.75,3.8,1.85,3.8,3.7,1.85,2022/23,€39.23m,€202.65m
T1,11/09/2022,Kayserispor,Antalyaspor,H,2.55,3.5,2.7,2.55,3.4,2.55,2022/23,€31.05m,€41.60m
T1,12/09/2022,Besiktas,Buyuksehyr,A,1.95,3.5,4.0,1.95,3.5,3.6,2022/23,€127.70m,€75.10m
T1,12/09/2022,Ad. Demirspor,Trabzonspor,H,2.2,3.6,3.0,2.25,3.4,2.9,2022/23,€57.65m,€135.30m
T1,16/09/2022,Galatasaray,Konyaspor,H,1.7,3.8,5.0,1.68,3.7,4.75,2022/23,€202.65m,€48.58m
T1,16/09/2022,Hatayspor,Kayserispor,A,2.25,3.5,3.2,2.2,3.3,3.1,2022/23,€23.03m,€31.05m
T1,17/09/2022,Umraniyespor,Kasimpasa,A,2.25,3.6,2.9,2.3,3.5,2.87,2022/23,€12.05m,€39.23m
T1,17/09/2022,Antalyaspor,Ad. Demirspor,A,2.05,3.8,3.3,2.1,3.4,3.25,2022/23,€41.60m,€57.65m
T1,17/09/2022,Istanbulspor,Besiktas,D,5.5,4.2,1.53,5.25,4.2,1.57,2022/23,€18.43m,€127.70m
T1,18/09/2022,Buyuksehyr,Karagumruk,D,1.55,4.2,6.0,1.55,4.0,5.5,2022/23,€75.10m,€40.33m
T1,18/09/2022,Trabzonspor,Gaziantep,H,1.66,4.0,4.75,1.66,3.8,4.75,2022/23,€135.30m,€24.10m
T1,18/09/2022,Ankaragucu,Sivasspor,H,2.37,3.6,2.87,2.3,3.4,2.87,2022/23,€40.48m,€28.93m
T1,18/09/2022,Fenerbahce,Alanyaspor,H,1.45,4.5,6.5,1.47,4.6,5.75,2022/23,€193.23m,€43.28m
T1,01/10/2022,Kasimpasa,Gaziantep,H,2.2,3.5,2.87,2.2,3.6,2.9,2022/23,€39.23m,€24.10m
T1,01/10/2022,Ankaragucu,Buyuksehyr,A,3.75,3.4,1.9,3.8,3.4,1.9,2022/23,€40.48m,€75.10m
T1,01/10/2022,Kayserispor,Trabzonspor,A,3.25,3.4,2.0,3.4,3.5,2.05,2022/23,€31.05m,€135.30m
T1,01/10/2022,Ad. Demirspor,Galatasaray,D,2.55,3.3,2.5,2.6,3.4,2.5,2022/23,€57.65m,€202.65m
T1,02/10/2022,Alanyaspor,Giresunspor,D,1.85,3.5,3.6,1.93,3.5,3.7,2022/23,€43.28m,€18.38m
T1,02/10/2022,Sivasspor,Hatayspor,A,1.95,3.3,3.5,2.05,3.3,3.5,2022/23,€28.93m,€23.03m
T1,02/10/2022,Konyaspor,Umraniyespor,H,1.6,3.8,5.0,1.61,3.8,5.25,2022/23,€48.58m,€12.05m
T1,02/10/2022,Besiktas,Fenerbahce,D,2.25,3.5,2.75,2.3,3.6,2.8,2022/23,€127.70m,€193.23m
T1,03/10/2022,Karagumruk,Istanbulspor,A,1.66,3.75,4.5,1.71,3.75,4.5,2022/23,€40.33m,€18.43m
T1,07/10/2022,Gaziantep,Ad. Demirspor,D,2.8,3.5,2.25,2.9,3.4,2.3,2022/23,€24.10m,€57.65m
T1,08/10/2022,Istanbulspor,Ankaragucu,A,2.5,3.4,2.62,2.5,3.3,2.65,2022/23,€18.43m,€40.48m
T1,08/10/2022,Antalyaspor,Konyaspor,D,2.4,3.4,2.7,2.37,3.2,2.95,2022/23,€41.60m,€48.58m
T1,08/10/2022,Giresunspor,Besiktas,A,4.0,3.6,1.8,4.2,3.4,1.83,2022/23,€18.38m,€127.70m
T1,09/10/2022,Umraniyespor,Kayserispor,D,2.55,3.5,2.6,2.6,3.3,2.6,2022/23,€12.05m,€31.05m
T1,09/10/2022,Hatayspor,Alanyaspor,H,2.45,3.5,2.55,2.5,3.3,2.65,2022/23,€23.03m,€43.28m
T1,09/10/2022,Fenerbahce,Karagumruk,H,1.36,5.0,6.5,1.39,5.0,6.75,2022/23,€193.23m,€40.33m
T1,10/10/2022,Buyuksehyr,Sivasspor,A,1.53,4.0,5.5,1.55,4.0,5.75,2022/23,€75.10m,€28.93m
T1,10/10/2022,Trabzonspor,Kasimpasa,D,1.4,4.75,7.0,1.46,4.4,6.25,2022/23,€135.30m,€39.23m
T1,14/10/2022,Alanyaspor,Antalyaspor,H,2.25,3.25,3.1,2.2,3.3,3.2,2022/23,€43.28m,€41.60m
T1,15/10/2022,Karagumruk,Hatayspor,H,1.9,3.6,3.6,1.95,3.6,3.5,2022/23,€40.33m,€23.03m
T1,15/10/2022,Kasimpasa,Ad. Demirspor,A,3.0,3.5,2.2,2.95,3.4,2.25,2022/23,€39.23m,€57.65m
T1,15/10/2022,Kayserispor,Galatasaray,H,4.2,3.6,1.83,3.8,3.6,1.88,2022/23,€31.05m,€202.65m
T1,15/10/2022,Konyaspor,Gaziantep,A,1.8,3.75,4.2,1.87,3.6,3.9,2022/23,€48.58m,€24.10m
T1,16/10/2022,Buyuksehyr,Istanbulspor,H,1.44,4.75,6.5,1.42,4.4,7.25,2022/23,€75.10m,€18.43m
T1,16/10/2022,Besiktas,Trabzonspor,D,2.05,3.6,3.4,2.05,3.5,3.3,2022/23,€127.70m,€135.30m
T1,17/10/2022,Ankaragucu,Fenerbahce,A,4.75,4.0,1.65,5.0,3.9,1.62,2022/23,€40.48m,€193.23m
T1,17/10/2022,Sivasspor,Giresunspor,H,2.05,3.3,3.5,2.1,3.3,3.3,2022/23,€28.93m,€18.38m
T1,21/10/2022,Antalyaspor,Istanbulspor,H,1.72,3.6,4.5,1.72,3.7,4.6,2022/23,€41.60m,€18.43m
T1,22/10/2022,Umraniyespor,Karagumruk,A,2.45,3.4,2.7,2.4,3.4,2.7,2022/23,€12.05m,€40.33m
T1,22/10/2022,Trabzonspor,Sivasspor,H,1.6,4.2,4.75,1.62,4.0,5.0,2022/23,€135.30m,€28.93m
T1,22/10/2022,Fenerbahce,Buyuksehyr,H,1.9,3.6,3.6,1.93,3.6,3.7,2022/23,€193.23m,€75.10m
T1,23/10/2022,Kasimpasa,Kayserispor,A,2.15,3.4,3.1,2.1,3.6,3.1,2022/23,€39.23m,€31.05m
T1,23/10/2022,Ad. Demirspor,Konyaspor,D,2.15,3.4,3.2,2.15,3.5,3.1,2022/23,€57.65m,€48.58m
T1,23/10/2022,Galatasaray,Alanyaspor,D,1.53,4.2,5.25,1.55,4.2,5.25,2022/23,€202.65m,€43.28m
T1,24/10/2022,Giresunspor,Ankaragucu,D,2.2,3.25,3.1,2.2,3.3,3.1,2022/23,€18.38m,€40.48m
T1,24/10/2022,Hatayspor,Besiktas,H,4.5,3.8,1.66,4.75,3.9,1.66,2022/23,€23.03m,€127.70m
T1,28/10/2022,Karagumruk,Galatasaray,A,4.33,3.5,1.75,3.9,3.75,1.83,2022/23,€40.33m,€202.65m
T1,29/10/2022,Konyaspor,Kasimpasa,D,1.66,3.8,4.5,1.7,3.8,4.5,2022/23,€48.58m,€39.23m
T1,29/10/2022,Alanyaspor,Gaziantep,H,1.9,3.75,3.5,1.95,3.5,3.6,2022/23,€43.28m,€24.10m
T1,30/10/2022,Ankaragucu,Hatayspor,H,1.95,3.5,3.5,2.05,3.5,3.4,2022/23,€40.48m,€23.03m
T1,30/10/2022,Besiktas,Umraniyespor,H,1.33,5.0,7.5,1.34,5.25,8.0,2022/23,€127.70m,€12.05m
T1,30/10/2022,Kayserispor,Ad. Demirspor,D,2.7,3.6,2.3,2.75,3.4,2.4,2022/23,€31.05m,€57.65m
T1,30/10/2022,Istanbulspor,Fenerbahce,A,5.75,4.33,1.45,6.0,4.4,1.47,2022/23,€18.43m,€193.23m
T1,31/10/2022,Buyuksehyr,Giresunspor,H,1.5,4.0,6.5,1.49,4.0,6.75,2022/23,€75.10m,€18.38m
T1,31/10/2022,Sivasspor,Antalyaspor,A,2.2,3.3,3.0,2.25,3.25,3.1,2022/23,€28.93m,€41.60m
T1,04/11/2022,Kasimpasa,Ankaragucu,D,2.25,3.5,3.0,2.45,3.5,2.6,2022/23,€39.23m,€40.48m
T1,04/11/2022,Umraniyespor,Alanyaspor,H,2.55,3.4,2.62,2.5,3.5,2.55,2022/23,€12.05m,€43.28m
T1,05/11/2022,Giresunspor,Istanbulspor,H,1.85,3.4,4.2,1.9,3.5,3.9,2022/23,€18.38m,€18.43m
T1,05/11/2022,Galatasaray,Besiktas,H,2.05,3.5,3.5,2.05,3.6,3.3,2022/23,€202.65m,€127.70m
T1,06/11/2022,Gaziantep,Kayserispor,A,2.2,3.4,3.2,2.2,3.5,3.0,2022/23,€24.10m,€31.05m
T1,06/11/2022,Antalyaspor,Karagumruk,H,1.9,3.5,4.0,1.98,3.5,3.5,2022/23,€41.60m,€40.33m
T1,06/11/2022,Trabzonspor,Konyaspor,D,1.85,3.4,4.2,1.88,3.5,3.9,2022/23,€135.30m,€48.58m
T1,07/11/2022,Fenerbahce,Sivasspor,H,1.36,5.0,8.0,1.36,5.0,7.75,2022/23,€193.23m,€28.93m
T1,07/11/2022,Hatayspor,Buyuksehyr,D,4.5,3.3,1.85,4.1,3.4,1.85,2022/23,€23.03m,€75.10m
T1,11/11/2022,Alanyaspor,Ad. Demirspor,D,3.0,3.6,2.2,2.7,3.5,2.37,2022/23,€43.28m,€57.65m
T1,11/11/2022,Ankaragucu,Trabzonspor,D,2.9,3.4,2.3,2.9,3.25,2.35,2022/23,€40.48m,€135.30m
T1,12/11/2022,Sivasspor,Umraniyespor,D,1.9,3.5,3.75,1.9,3.5,3.8,2022/23,€28.93m,€12.05m
T1,12/11/2022,Fenerbahce,Giresunspor,A,1.3,5.25,8.0,1.3,5.25,9.75,2022/23,€193.23m,€18.38m
T1,12/11/2022,Buyuksehyr,Galatasaray,A,2.7,3.3,2.45,2.75,3.3,2.45,2022/23,€75.10m,€202.65m
T1,13/11/2022,Karagumruk,Gaziantep,D,2.0,3.4,3.4,2.05,3.5,3.3,2022/23,€40.33m,€24.10m
T1,13/11/2022,Istanbulspor,Hatayspor,A,2.3,3.25,3.0,2.25,3.4,2.95,2022/23,€18.43m,€23.03m
T1,13/11/2022,Kayserispor,Konyaspor,A,2.6,3.25,2.6,2.6,3.25,2.65,2022/23,€31.05m,€48.58m
T1,23/12/2022,Antalyaspor,Ankaragucu,A,2.1,3.5,3.4,2.1,3.3,3.4,2022/23,€41.60m,€40.48m
T1,23/12/2022,Umraniyespor,Buyuksehyr,A,3.3,3.3,2.15,3.4,3.25,2.15,2022/23,€12.05m,€75.10m
T1,24/12/2022,Hatayspor,Giresunspor,D,2.15,3.6,3.1,2.1,3.6,3.1,2022/23,€23.03m,€18.38m
T1,24/12/2022,Kasimpasa,Sivasspor,A,2.2,3.5,3.1,2.2,3.5,2.95,2022/23,€39.23m,€28.93m
T1,24/12/2022,Trabzonspor,Fenerbahce,H,2.75,3.5,2.45,2.7,3.5,2.4,2022/23,€135.30m,€193.23m
T1,25/12/2022,Ad. Demirspor,Karagumruk,H,1.67,3.8,4.75,1.68,3.9,4.5,2022/23,€57.65m,€40.33m
T1,25/12/2022,Gaziantep,Besiktas,D,3.75,4.0,1.83,3.6,3.75,1.88,2022/23,€24.10m,€127.70m
T1,25/12/2022,Konyaspor,Alanyaspor,D,1.8,3.8,4.0,1.78,3.6,4.2,2022/23,€48.58m,€43.28m
T1,25/12/2022,Galatasaray,Istanbulspor,H,1.25,6.0,9.0,1.25,5.75,10.5,2022/23,€202.65m,€18.43m
T1,27/12/2022,Ankaragucu,Umraniyespor,A,1.91,3.6,3.8,1.82,3.6,4.1,2022/23,€40.48m,€12.05m
T1,27/12/2022,Buyuksehyr,Antalyaspor,H,1.85,3.5,4.0,1.93,3.4,3.8,2022/23,€75.10m,€41.60m
T1,27/12/2022,Fenerbahce,Hatayspor,H,1.29,5.5,8.0,1.28,5.75,8.75,2022/23,€193.23m,€23.03m
T1,28/12/2022,Alanyaspor,Kayserispor,H,2.05,3.6,3.1,2.05,3.6,3.25,2022/23,€43.28m,€31.05m
T1,28/12/2022,Istanbulspor,Kasimpasa,H,2.63,3.6,2.38,2.7,3.6,2.37,2022/23,€18.43m,€39.23m
T1,28/12/2022,Karagumruk,Trabzonspor,H,3.4,3.6,1.91,3.6,3.6,1.93,2022/23,€40.33m,€135.30m
T1,29/12/2022,Giresunspor,Gaziantep,H,2.2,3.4,3.1,2.25,3.4,2.95,2022/23,€18.38m,€24.10m
T1,29/12/2022,Sivasspor,Galatasaray,A,4.75,3.75,1.7,4.33,3.7,1.77,2022/23,€28.93m,€202.65m
T1,29/12/2022,Besiktas,Ad. Demirspor,H,1.73,3.8,4.0,1.8,3.9,3.9,2022/23,€127.70m,€57.65m
T1,03/01/2023,Umraniyespor,Hatayspor,D,2.2,3.3,3.1,2.2,3.4,3.1,2022/23,€12.05m,€23.03m
T1,03/01/2023,Antalyaspor,Fenerbahce,A,4.2,3.75,1.75,4.1,3.7,1.78,2022/23,€41.60m,€193.23m
T1,04/01/2023,Kasimpasa,Alanyaspor,H,2.25,3.3,2.9,2.3,3.6,2.75,2022/23,€39.23m,€43.28m
T1,04/01/2023,Kayserispor,Karagumruk,A,1.91,3.5,3.6,1.93,3.7,3.5,2022/23,€31.05m,€40.33m
T1,04/01/2023,Galatasaray,Ankaragucu,H,1.44,4.2,6.5,1.43,4.6,6.5,2022/23,€202.65m,€40.48m
T1,04/01/2023,Konyaspor,Sivasspor,D,1.85,3.4,4.0,1.95,3.4,3.75,2022/23,€48.58m,€28.93m
T1,05/01/2023,Gaziantep,Buyuksehyr,D,3.25,3.3,2.1,3.1,3.4,2.15,2022/23,€24.10m,€75.10m
T1,05/01/2023,Ad. Demirspor,Istanbulspor,H,1.4,4.33,6.5,1.44,4.6,6.25,2022/23,€57.65m,€18.43m
T1,05/01/2023,Trabzonspor,Giresunspor,H,1.45,4.2,6.5,1.5,4.2,6.0,2022/23,€135.30m,€18.38m
T1,07/01/2023,Hatayspor,Antalyaspor,D,2.7,3.4,2.5,2.65,3.4,2.45,2022/23,€23.03m,€41.60m
T1,07/01/2023,Besiktas,Kasimpasa,H,1.57,4.2,5.25,1.55,4.4,5.0,2022/23,€127.70m,€39.23m
T1,08/01/2023,Karagumruk,Konyaspor,D,2.7,3.4,2.5,2.65,3.4,2.45,2022/23,€40.33m,€48.58m
T1,08/01/2023,Ankaragucu,Kayserispor,H,2.25,3.5,3.0,2.15,3.4,3.25,2022/23,€40.48m,€31.05m
T1,08/01/2023,Giresunspor,Umraniyespor,A,2.1,3.5,3.3,2.1,3.5,3.2,2022/23,€18.38m,€12.05m
T1,08/01/2023,Fenerbahce,Galatasaray,A,2.05,3.5,3.4,2.1,3.5,3.2,2022/23,€193.23m,€202.65m
T1,09/01/2023,Buyuksehyr,Ad. Demirspor,H,2.0,3.5,3.6,2.05,3.5,3.4,2022/23,€75.10m,€57.65m
T1,09/01/2023,Alanyaspor,Trabzonspor,H,3.0,3.5,2.2,2.95,3.4,2.25,2022/23,€43.28m,€135.30m
T1,09/01/2023,Istanbulspor,Gaziantep,D,2.63,3.5,2.5,2.7,3.5,2.37,2022/23,€18.43m,€24.10m
T1,13/01/2023,Kayserispor,Sivasspor,H,2.25,3.4,3.1,2.3,3.4,2.9,2022/23,€31.05m,€28.93m
T1,13/01/2023,Galatasaray,Hatayspor,H,1.3,5.75,8.5,1.3,5.75,8.25,2022/23,€202.65m,€23.03m
T1,14/01/2023,Antalyaspor,Giresunspor,D,1.91,3.5,4.0,1.87,3.5,3.9,2022/23,€41.60m,€18.38m
T1,14/01/2023,Ad. Demirspor,Ankaragucu,H,1.8,3.8,4.2,1.77,3.8,4.1,2022/23,€57.65m,€40.48m
T1,14/01/2023,Konyaspor,Besiktas,A,2.8,3.4,2.45,2.75,3.5,2.37,2022/23,€48.58m,€127.70m
T1,14/01/2023,Trabzonspor,Buyuksehyr,H,2.1,3.4,3.4,2.25,3.5,2.9,2022/23,€135.30m,€75.10m
T1,15/01/2023,Umraniyespor,Istanbulspor,A,1.91,3.6,3.8,1.95,3.6,3.5,2022/23,€12.05m,€18.43m
T1,15/01/2023,Kasimpasa,Karagumruk,D,2.2,3.5,3.1,2.25,3.6,2.8,2022/23,€39.23m,€40.33m
T1,15/01/2023,Gaziantep,Fenerbahce,A,5.0,4.0,1.65,4.6,4.0,1.65,2022/23,€24.10m,€193.23m
T1,20/01/2023,Ad. Demirspor,Giresunspor,D,1.75,4.0,4.0,1.78,3.9,4.0,2022/23,€57.65m,€18.38m
T1,21/01/2023,Kasimpasa,Buyuksehyr,A,3.1,3.2,2.3,3.1,3.2,2.25,2022/23,€39.23m,€75.10m
T1,21/01/2023,Galatasaray,Antalyaspor,H,1.33,4.75,7.5,1.36,4.6,8.5,2022/23,€202.65m,€41.60m
T1,22/01/2023,Gaziantep,Sivasspor,A,2.63,3.4,2.55,2.7,3.3,2.45,2022/23,€24.10m,€28.93m
T1,22/01/2023,Alanyaspor,Karagumruk,D,1.91,4.0,3.5,1.93,3.75,3.5,2022/23,€43.28m,€40.33m
T1,22/01/2023,Kayserispor,Besiktas,A,3.3,3.5,2.05,3.3,3.6,2.05,2022/23,€31.05m,€127.70m
T1,22/01/2023,Trabzonspor,Istanbulspor,H,1.33,4.75,9.0,1.35,4.75,8.5,2022/23,€135.30m,€18.43m
T1,23/01/2023,Konyaspor,Ankaragucu,A,1.91,3.5,4.0,1.95,3.5,3.6,2022/23,€48.58m,€40.48m
T1,23/01/2023,Umraniyespor,Fenerbahce,A,6.0,4.5,1.5,5.75,4.2,1.51,2022/23,€12.05m,€193.23m
T1,27/01/2023,Besiktas,Alanyaspor,H,1.62,4.2,4.75,1.58,4.2,5.0,2022/23,€127.70m,€43.28m
T1,28/01/2023,Sivasspor,Ad. Demirspor,A,2.63,3.3,2.6,2.6,3.4,2.5,2022/23,€28.93m,€57.65m
T1,28/01/2023,Ankaragucu,Gaziantep,A,1.8,3.6,4.2,1.83,3.6,3.9,2022/23,€40.48m,€24.10m
T1,28/01/2023,Hatayspor,Trabzonspor,H,4.5,3.5,1.8,4.4,3.7,1.75,2022/23,€23.03m,€135.30m
T1,28/01/2023,Antalyaspor,Umraniyespor,H,1.83,3.6,4.2,1.87,3.6,3.8,2022/23,€41.60m,€12.05m
T1,28/01/2023,Giresunspor,Galatasaray,A,6.0,4.0,1.53,5.25,4.2,1.55,2022/23,€18.38m,€202.65m
T1,29/01/2023,Istanbulspor,Kayserispor,A,3.1,3.3,2.3,2.87,3.5,2.3,2022/23,€18.43m,€31.05m
T1,29/01/2023,Buyuksehyr,Konyaspor,H,1.85,3.4,4.0,1.93,3.5,3.7,2022/23,€75.10m,€48.58m
T1,29/01/2023,Fenerbahce,Kasimpasa,H,1.33,5.75,7.5,1.32,5.5,8.0,2022/23,€193.23m,€39.23m
T1,31/01/2023,Alanyaspor,Sivasspor,A,2.05,3.5,3.2,2.1,3.5,3.25,2022/23,€43.28m,€28.93m
T1,31/01/2023,Karagumruk,Besiktas,D,3.8,3.8,1.83,3.6,3.8,1.88,2022/23,€40.33m,€127.70m
T1,01/02/2023,Gaziantep,Hatayspor,H,2.0,3.5,3.6,2.0,3.5,3.5,2022/23,€24.10m,€23.03m
T1,01/02/2023,Kasimpasa,Giresunspor,H,1.95,3.6,3.6,2.0,3.5,3.4,2022/23,€39.23m,€18.38m
T1,01/02/2023,Galatasaray,Umraniyespor,H,1.2,7.5,11.0,1.19,7.0,12.5,2022/23,€202.65m,€12.05m
T1,01/02/2023,Trabzonspor,Antalyaspor,H,1.6,3.8,5.0,1.65,3.8,4.8,2022/23,€135.30m,€41.60m
T1,02/02/2023,Kayserispor,Buyuksehyr,H,2.9,3.25,2.38,2.87,3.2,2.45,2022/23,€31.05m,€75.10m
T1,02/02/2023,Konyaspor,Istanbulspor,A,1.45,4.2,6.5,1.5,4.4,5.75,2022/23,€48.58m,€18.43m
T1,02/02/2023,Ad. Demirspor,Fenerbahce,D,3.4,3.6,2.0,3.25,3.6,2.05,2022/23,€57.65m,€193.23m
T1,04/02/2023,Ankaragucu,Karagumruk,A,2.15,3.4,3.2,2.05,3.6,3.2,2022/23,€40.48m,€40.33m
T1,04/02/2023,Sivasspor,Besiktas,H,3.4,3.4,2.05,3.5,3.5,1.98,2022/23,€28.93m,€127.70m
T1,04/02/2023,Antalyaspor,Gaziantep,H,1.91,3.5,3.8,1.93,3.6,3.7,2022/23,€41.60m,€24.10m
T1,05/02/2023,Istanbulspor,Alanyaspor,H,3.2,3.5,2.1,3.1,3.5,2.1,2022/23,€18.43m,€43.28m
T1,05/02/2023,Hatayspor,Kasimpasa,H,2.3,3.5,2.7,2.4,3.5,2.7,2022/23,€23.03m,€39.23m
T1,05/02/2023,Galatasaray,Trabzonspor,H,1.62,3.75,4.75,1.66,3.9,4.6,2022/23,€202.65m,€135.30m
T1,25/02/2023,Fenerbahce,Konyaspor,H,1.5,4.5,6.0,1.49,4.33,6.0,2022/23,€193.23m,€48.58m
T1,25/02/2023,Giresunspor,Kayserispor,A,2.55,3.3,2.8,2.5,3.3,2.7,2022/23,€18.38m,€31.05m
T1,26/02/2023,Umraniyespor,Ad. Demirspor,D,3.6,3.5,2.0,3.25,3.6,2.05,2022/23,€12.05m,€57.65m
T1,26/02/2023,Besiktas,Antalyaspor,D,1.65,3.8,5.0,1.66,3.75,4.8,2022/23,€127.70m,€41.60m
T1,03/03/2023,Alanyaspor,Buyuksehyr,H,2.6,3.2,2.6,2.65,3.2,2.6,2022/23,€43.28m,€75.10m
T1,04/03/2023,Karagumruk,Sivasspor,H,2.15,3.3,3.1,2.15,3.5,3.1,2022/23,€40.33m,€28.93m
T1,04/03/2023,Trabzonspor,Umraniyespor,A,1.4,4.33,6.5,1.41,4.75,6.75,2022/23,€135.30m,€12.05m
T1,04/03/2023,Kayserispor,Fenerbahce,A,4.2,3.5,1.75,3.7,3.6,1.88,2022/23,€31.05m,€193.23m
T1,05/03/2023,Konyaspor,Giresunspor,D,1.8,3.75,3.6,1.82,3.6,4.0,2022/23,€48.58m,€18.38m
T1,05/03/2023,Besiktas,Ankaragucu,H,1.5,4.2,5.5,1.51,4.5,5.5,2022/23,€127.70m,€40.48m
T1,06/03/2023,Kasimpasa,Antalyaspor,H,2.25,3.4,2.8,2.3,3.5,2.8,2022/23,€39.23m,€41.60m
T1,10/03/2023,Giresunspor,Karagumruk,D,2.3,3.4,2.7,2.37,3.5,2.75,2022/23,€18.38m,€40.33m
T1,11/03/2023,Antalyaspor,Kayserispor,H,2.15,3.3,3.0,2.2,3.4,3.1,2022/23,€41.60m,€31.05m
T1,11/03/2023,Galatasaray,Kasimpasa,H,1.25,5.25,9.0,1.28,5.75,8.75,2022/23,€202.65m,€39.23m
T1,12/03/2023,Ankaragucu,Alanyaspor,H,2.2,3.4,2.88,2.35,3.5,2.8,2022/23,€40.48m,€43.28m
T1,12/03/2023,Trabzonspor,Ad. Demirspor,H,1.67,3.6,4.5,1.65,4.0,4.6,2022/23,€135.30m,€57.65m
T1,12/03/2023,Buyuksehyr,Besiktas,A,2.7,3.3,2.45,2.65,3.4,2.5,2022/23,€75.10m,€127.70m
T1,13/03/2023,Istanbulspor,Sivasspor,H,3.0,3.3,2.15,2.95,3.4,2.25,2022/23,€18.43m,€28.93m
T1,17/03/2023,Konyaspor,Galatasaray,H,4.33,3.6,1.8,4.0,3.7,1.82,2022/23,€48.58m,€202.65m
T1,18/03/2023,Kasimpasa,Umraniyespor,D,1.73,3.75,4.5,1.75,3.9,4.1,2022/23,€39.23m,€12.05m
T1,18/03/2023,Ad. Demirspor,Antalyaspor,H,1.75,3.8,4.33,1.78,3.75,4.1,2022/23,€57.65m,€41.60m
T1,18/03/2023,Besiktas,Istanbulspor,H,1.25,5.75,10.0,1.26,6.0,9.75,2022/23,€127.70m,€18.43m
T1,19/03/2023,Karagumruk,Buyuksehyr,D,2.8,3.25,2.5,2.8,3.3,2.37,2022/23,€40.33m,€75.10m
T1,19/03/2023,Sivasspor,Ankaragucu,H,2.15,3.25,3.4,2.15,3.4,3.25,2022/23,€28.93m,€40.48m
T1,19/03/2023,Alanyaspor,Fenerbahce,A,4.75,3.75,1.73,4.1,4.0,1.72,2022/23,€43.28m,€193.23m
T1,01/04/2023,Buyuksehyr,Ankaragucu,H,1.7,3.6,4.5,1.75,3.6,4.5,2022/23,€75.10m,€40.48m
T1,01/04/2023,Trabzonspor,Kayserispor,A,1.5,4.33,5.75,1.49,4.4,5.75,2022/23,€135.30m,€31.05m
T1,01/04/2023,Galatasaray,Ad. Demirspor,H,1.4,4.5,6.5,1.44,5.0,5.75,2022/23,€202.65m,€57.65m
T1,02/04/2023,Umraniyespor,Konyaspor,D,2.9,3.3,2.25,2.9,3.6,2.25,2022/23,€12.05m,€48.58m
T1,02/04/2023,Giresunspor,Alanyaspor,D,2.45,3.4,2.7,2.4,3.5,2.65,2022/23,€18.38m,€43.28m
T1,02/04/2023,Fenerbahce,Besiktas,A,1.83,3.5,4.0,1.8,3.8,3.9,2022/23,€193.23m,€127.70m
T1,03/04/2023,Istanbulspor,Karagumruk,A,3.25,3.3,2.15,3.0,3.6,2.1,2022/23,€18.43m,€40.33m
T1,07/04/2023,Konyaspor,Antalyaspor,D,2.25,3.3,3.25,2.2,3.3,3.1,2022/23,€48.58m,€41.60m
T1,08/04/2023,Ankaragucu,Istanbulspor,H,1.67,3.8,4.75,1.68,3.9,4.5,2022/23,€40.48m,€18.43m
T1,08/04/2023,Kasimpasa,Trabzonspor,H,3.1,3.6,2.15,3.0,3.7,2.15,2022/23,€39.23m,€135.30m
T1,09/04/2023,Sivasspor,Buyuksehyr,D,2.88,3.0,2.55,2.8,3.1,2.55,2022/23,€28.93m,€75.10m
T1,09/04/2023,Besiktas,Giresunspor,H,1.4,4.75,6.5,1.41,4.6,6.75,2022/23,€127.70m,€18.38m
T1,10/04/2023,Kayserispor,Umraniyespor,H,1.85,3.6,3.8,1.88,3.7,3.7,2022/23,€31.05m,€12.05m
T1,10/04/2023,Karagumruk,Fenerbahce,A,4.5,4.0,1.62,4.4,4.2,1.65,2022/23,€40.33m,€193.23m
T1,14/04/2023,Antalyaspor,Alanyaspor,H,1.85,3.5,4.2,1.9,3.6,3.6,2022/23,€41.60m,€43.28m
T1,14/04/2023,Galatasaray,Kayserispor,H,1.3,5.0,8.5,1.3,5.75,8.0,2022/23,€202.65m,€31.05m
T1,15/04/2023,Ad. Demirspor,Kasimpasa,H,1.7,3.8,4.5,1.72,4.1,4.0,2022/23,€57.65m,€39.23m
T1,15/04/2023,Istanbulspor,Buyuksehyr,H,4.33,3.5,1.73,4.33,3.5,1.8,2022/23,€18.43m,€75.10m
T1,15/04/2023,Fenerbahce,Ankaragucu,H,1.33,5.0,8.0,1.35,5.25,7.5,2022/23,€193.23m,€40.48m
T1,16/04/2023,Giresunspor,Sivasspor,H,2.5,3.3,2.75,2.5,3.3,2.7,2022/23,€18.38m,€28.93m
T1,16/04/2023,Trabzonspor,Besiktas,D,2.9,3.3,2.4,2.7,3.4,2.4,2022/23,€135.30m,€127.70m
T1,18/04/2023,Alanyaspor,Galatasaray,A,5.75,4.5,1.5,3.6,4.1,1.82,2022/23,€43.28m,€202.65m
T1,18/04/2023,Karagumruk,Umraniyespor,H,1.8,4.0,3.8,1.8,3.9,3.8,2022/23,€40.33m,€12.05m
T1,19/04/2023,Istanbulspor,Antalyaspor,D,3.0,3.4,2.2,3.1,3.4,2.2,2022/23,€18.43m,€41.60m
T1,19/04/2023,Kayserispor,Kasimpasa,D,2.25,3.3,2.9,2.3,3.6,2.75,2022/23,€31.05m,€39.23m
T1,19/04/2023,Buyuksehyr,Fenerbahce,A,4.0,3.6,1.8,4.0,3.6,1.83,2022/23,€75.10m,€193.23m
T1,19/04/2023,Konyaspor,Ad. Demirspor,A,2.38,3.4,2.7,2.37,3.5,2.7,2022/23,€48.58m,€57.65m
T1,20/04/2023,Ankaragucu,Giresunspor,H,1.91,3.6,3.5,1.95,3.7,3.5,2022/23,€40.48m,€18.38m
T1,20/04/2023,Sivasspor,Trabzonspor,H,2.63,3.2,2.55,2.7,3.25,2.55,2022/23,€28.93m,€135.30m
T1,22/04/2023,Umraniyespor,Besiktas,A,4.33,3.8,1.67,4.2,3.9,1.71,2022/23,€12.05m,€127.70m
T1,23/04/2023,Kasimpasa,Konyaspor,A,2.38,3.6,2.75,2.37,3.5,2.75,2022/23,€39.23m,€48.58m
T1,23/04/2023,Ad. Demirspor,Kayserispor,H,1.6,4.33,4.75,1.58,4.4,4.6,2022/23,€57.65m,€31.05m
T1,23/04/2023,Galatasaray,Karagumruk,D,1.25,5.75,8.5,1.27,6.0,8.75,2022/23,€202.65m,€40.33m
T1,24/04/2023,Giresunspor,Buyuksehyr,A,2.9,3.3,2.3,2.95,3.4,2.25,2022/23,€18.38m,€75.10m
T1,24/04/2023,Antalyaspor,Sivasspor,A,2.15,3.2,3.3,2.15,3.3,3.25,2022/23,€41.60m,€28.93m
T1,24/04/2023,Fenerbahce,Istanbulspor,D,1.22,5.75,11.0,1.23,6.5,10.5,2022/23,€193.23m,€18.43m
T1,28/04/2023,Alanyaspor,Umraniyespor,H,1.91,3.8,3.3,1.95,3.9,3.3,2022/23,€43.28m,€12.05m
T1,29/04/2023,Karagumruk,Antalyaspor,A,2.38,3.6,2.55,2.37,3.7,2.6,2022/23,€40.33m,€41.60m
T1,29/04/2023,Konyaspor,Trabzonspor,H,2.45,3.25,2.7,2.5,3.3,2.7,2022/23,€48.58m,€135.30m
T1,29/04/2023,Ankaragucu,Kasimpasa,D,1.85,3.4,3.6,2.3,3.4,2.85,2022/23,€40.48m,€39.23m
T1,29/04/2023,Sivasspor,Fenerbahce,A,4.33,3.75,1.7,4.1,3.9,1.75,2022/23,€28.93m,€193.23m
T1,30/04/2023,Besiktas,Galatasaray,H,2.6,3.4,2.38,2.6,3.5,2.45,2022/23,€127.70m,€202.65m
T1,01/05/2023,Istanbulspor,Giresunspor,H,2.4,3.3,2.7,2.37,3.4,2.75,2022/23,€18.43m,€18.38m
T1,06/05/2023,Antalyaspor,Besiktas,A,3.6,3.4,2.0,3.5,3.4,2.0,2022/23,€41.60m,€127.70m
T1,06/05/2023,Ad. Demirspor,Alanyaspor,H,1.53,4.5,5.0,1.55,4.4,5.0,2022/23,€57.65m,€43.28m
T1,07/05/2023,Umraniyespor,Sivasspor,H,2.88,3.4,2.3,2.8,3.4,2.3,2022/23,€12.05m,€28.93m
T1,07/05/2023,Konyaspor,Kayserispor,D,1.67,4.0,4.5,1.72,3.75,4.5,2022/23,€48.58m,€31.05m
T1,07/05/2023,Giresunspor,Fenerbahce,D,5.75,4.5,1.5,5.75,4.6,1.47,2022/23,€18.38m,€193.23m
T1,08/05/2023,Galatasaray,Buyuksehyr,H,1.44,4.33,6.5,1.44,4.5,6.5,2022/23,€202.65m,€75.10m
T1,08/05/2023,Trabzonspor,Ankaragucu,H,1.75,3.6,4.2,1.82,3.7,4.0,2022/23,€135.30m,€40.48m
T1,16/05/2023,Sivasspor,Kasimpasa,A,1.95,3.5,3.8,1.88,3.7,3.7,2022/23,€28.93m,€39.23m
T1,16/05/2023,Alanyaspor,Konyaspor,A,2.4,3.6,2.7,2.35,3.6,2.7,2022/23,€43.28m,€48.58m
T1,16/05/2023,Istanbulspor,Galatasaray,A,9.0,6.0,1.29,8.5,6.0,1.28,2022/23,€18.43m,€202.65m
T1,17/05/2023,Buyuksehyr,Umraniyespor,D,1.65,3.8,4.75,1.68,3.9,4.6,2022/23,€75.10m,€12.05m
T1,17/05/2023,Ankaragucu,Antalyaspor,D,2.3,3.3,2.88,2.3,3.4,2.85,2022/23,€40.48m,€41.60m
T1,17/05/2023,Karagumruk,Ad. Demirspor,A,3.0,3.75,2.05,2.95,3.9,2.1,2022/23,€40.33m,€57.65m
T1,18/05/2023,Fenerbahce,Trabzonspor,H,1.55,3.8,5.25,1.57,4.2,5.0,2022/23,€193.23m,€135.30m
T1,20/05/2023,Kasimpasa,Istanbulspor,H,1.8,3.6,3.6,1.85,3.7,3.8,2022/23,€39.23m,€18.43m
T1,20/05/2023,Galatasaray,Sivasspor,H,1.25,5.5,7.5,1.29,5.75,8.75,2022/23,€202.65m,€28.93m
T1,20/05/2023,Kayserispor,Alanyaspor,A,2.1,3.4,3.1,2.1,3.7,3.0,2022/23,€31.05m,€43.28m
T1,30/05/2023,Alanyaspor,Kasimpasa,A,2.1,3.75,3.0,2.2,3.75,2.8,2022/23,€43.28m,€39.23m
T1,30/05/2023,Ankaragucu,Galatasaray,A,5.25,4.75,1.45,5.25,4.8,1.49,2022/23,€40.48m,€202.65m
T1,30/05/2023,Fenerbahce,Antalyaspor,H,1.29,5.75,9.5,1.35,5.0,7.5,2022/23,€193.23m,€41.60m
T1,30/05/2023,Giresunspor,Trabzonspor,A,2.4,3.5,2.75,2.5,3.6,2.5,2022/23,€18.38m,€135.30m
T1,30/05/2023,Istanbulspor,Ad. Demirspor,A,2.0,4.5,2.88,2.1,4.0,2.85,2022/23,€18.43m,€57.65m
T1,30/05/2023,Karagumruk,Kayserispor,H,1.95,4.0,3.2,2.0,4.0,3.1,2022/23,€40.33m,€31.05m
T1,30/05/2023,Sivasspor,Konyaspor,H,1.91,3.6,3.75,2.0,3.6,3.4,2022/23,€28.93m,€48.58m
T1,03/06/2023,Konyaspor,Karagumruk,D,1.85,4.33,3.4,1.87,4.0,3.4,2022/23,€48.58m,€40.33m
T1,03/06/2023,Ad. Demirspor,Buyuksehyr,A,1.73,3.8,4.0,1.75,3.9,4.1,2022/23,€57.65m,€75.10m
T1,03/06/2023,Kasimpasa,Besiktas,A,4.0,4.2,1.65,4.0,4.5,1.66,2022/23,€39.23m,€127.70m
T1,03/06/2023,Kayserispor,Ankaragucu,A,2.25,3.5,2.9,2.25,3.6,2.87,2022/23,€31.05m,€40.48m
T1,03/06/2023,Trabzonspor,Alanyaspor,H,1.5,4.5,5.5,1.5,4.5,5.5,2022/23,€135.30m,€43.28m
T1,03/06/2023,Umraniyespor,Giresunspor,A,2.45,3.75,2.55,2.35,3.8,2.6,2022/23,€12.05m,€18.38m
T1,04/06/2023,Galatasaray,Fenerbahce,H,2.0,3.6,3.3,2.05,3.7,3.25,2022/23,€202.65m,€193.23m
T1,06/06/2023,Karagumruk,Kasimpasa,H,2.1,4.0,2.8,2.1,4.0,2.85,2022/23,€40.33m,€39.23m
T1,06/06/2023,Sivasspor,Kayserispor,D,1.65,4.0,4.2,1.7,4.1,4.2,2022/23,€28.93m,€31.05m
T1,06/06/2023,Buyuksehyr,Trabzonspor,H,2.38,3.6,2.6,2.25,3.6,2.8,2022/23,€75.10m,€135.30m
T1,07/06/2023,Ankaragucu,Ad. Demirspor,A,2.15,4.0,2.7,2.2,4.0,2.75,2022/23,€40.48m,€57.65m
T1,07/06/2023,Besiktas,Konyaspor,D,1.36,5.5,6.5,1.39,5.0,6.75,2022/23,€127.70m,€48.58m
T1,07/06/2023,Giresunspor,Antalyaspor,H,1.8,3.75,3.6,1.85,3.9,3.6,2022/23,€18.38m,€41.60m
T1,07/06/2023,Istanbulspor,Umraniyespor,H,1.45,4.5,5.25,1.49,4.6,5.5,2022/23,€18.43m,€12.05m
T1,11/08/2023,Trabzonspor,Antalyaspor,H,1.83,3.6,3.75,1.88,3.6,3.8,2023/24,€118.43m,€31.48m
T1,12/08/2023,Kasimpasa,Ankaragucu,H,2.2,3.5,2.88,2.25,3.6,2.8,2023/24,€28.98m,€33.38m
T1,12/08/2023,Konyaspor,Istanbulspor,D,1.73,3.75,4.2,1.78,3.7,4.1,2023/24,€32.28m,€12.93m
T1,12/08/2023,Kayserispor,Galatasaray,D,4.75,4.0,1.6,5.0,4.1,1.6,2023/24,€34.05m,€255.65m
T1,12/08/2023,Pendikspor,Hatayspor,A,2.15,3.5,3.0,2.1,3.5,3.2,2023/24,€23.38m,€28.90m
T1,13/08/2023,Sivasspor,Samsunspor,D,2.25,3.5,2.8,2.25,3.5,2.9,2023/24,€30.38m,€34.88m
T1,13/08/2023,Ad. Demirspor,Rizespor,H,1.55,4.0,5.25,1.61,4.1,4.8,2023/24,€53.30m,€34.15m
T1,13/08/2023,Fenerbahce,Gaziantep,H,1.3,5.25,8.0,1.31,5.25,8.75,2023/24,€218.30m,€24.03m
T1,14/08/2023,Alanyaspor,Buyuksehyr,H,2.7,3.5,2.38,2.7,3.5,2.37,2023/24,€32.53m,€54.15m
T1,14/08/2023,Karagumruk,Besiktas,A,4.33,4.0,1.65,4.4,4.0,1.68,2023/24,€32.33m,€146.88m
T1,18/08/2023,Antalyaspor,Konyaspor,D,2.15,3.4,3.0,2.2,3.4,3.0,2023/24,€31.48m,€32.28m
T1,18/08/2023,Istanbulspor,Kayserispor,D,2.5,3.4,2.6,2.55,3.5,2.55,2023/24,€12.93m,€34.05m
T1,19/08/2023,Rizespor,Alanyaspor,D,2.3,3.4,2.8,2.3,3.6,2.75,2023/24,€34.15m,€32.53m
T1,19/08/2023,Galatasaray,Trabzonspor,H,1.6,3.8,5.25,1.58,4.2,4.8,2023/24,€255.65m,€118.43m
T1,19/08/2023,Hatayspor,Kasimpasa,D,2.38,3.6,2.63,2.35,3.6,2.65,2023/24,€28.90m,€28.98m
T1,20/08/2023,Buyuksehyr,Karagumruk,A,1.62,4.0,5.0,1.65,4.0,4.6,2023/24,€54.15m,€32.33m
T1,20/08/2023,Besiktas,Pendikspor,D,1.25,5.5,10.0,1.25,6.0,10.5,2023/24,€146.88m,€23.38m
T1,20/08/2023,Gaziantep,Sivasspor,A,2.5,3.5,2.5,2.55,3.5,2.5,2023/24,€24.03m,€30.38m
T1,21/08/2023,Ankaragucu,Ad. Demirspor,D,2.6,3.6,2.45,2.65,3.8,2.3,2023/24,€33.38m,€53.30m
T1,21/08/2023,Samsunspor,Fenerbahce,A,5.25,4.2,1.55,5.0,4.2,1.58,2023/24,€34.88m,€218.30m
T1,01/09/2023,Kasimpasa,Trabzonspor,A,2.75,3.6,2.25,2.9,3.4,2.3,2023/24,€28.98m,€118.43m
T1,01/09/2023,Rizespor,Karagumruk,H,2.05,3.5,3.1,2.15,3.5,3.1,2023/24,€34.15m,€32.33m
T1,02/09/2023,Buyuksehyr,Konyaspor,A,2.2,3.4,2.88,2.37,3.3,2.85,2023/24,€54.15m,€32.28m
T1,02/09/2023,Pendikspor,Alanyaspor,D,2.25,3.5,2.75,2.35,3.4,2.8,2023/24,€23.38m,€32.53m
T1,02/09/2023,Antalyaspor,Kayserispor,D,1.91,3.8,3.3,1.93,3.6,3.6,2023/24,€31.48m,€34.05m
T1,02/09/2023,Gaziantep,Galatasaray,A,6.0,4.75,1.4,6.25,4.75,1.44,2023/24,€24.03m,€255.65m
T1,03/09/2023,Besiktas,Sivasspor,H,1.44,4.5,5.5,1.43,4.6,6.5,2023/24,€146.88m,€30.38m
T1,03/09/2023,Ankaragucu,Fenerbahce,A,4.2,4.0,1.67,4.4,3.9,1.7,2023/24,€33.38m,€218.30m
T1,03/09/2023,Hatayspor,Ad. Demirspor,D,3.0,4.0,2.0,3.1,3.7,2.05,2023/24,€28.90m,€53.30m
T1,16/09/2023,Kayserispor,Gaziantep,H,1.85,3.6,3.75,1.87,3.6,3.75,2023/24,€34.05m,€24.03m
T1,16/09/2023,Konyaspor,Rizespor,A,1.91,3.5,3.8,2.0,3.5,3.5,2023/24,€32.28m,€34.15m
T1,16/09/2023,Ad. Demirspor,Pendikspor,H,1.5,4.2,5.75,1.5,4.5,5.5,2023/24,€53.30m,€23.38m
T1,16/09/2023,Galatasaray,Samsunspor,H,1.33,5.0,7.5,1.35,5.25,7.75,2023/24,€255.65m,€34.88m
T1,17/09/2023,Fenerbahce,Antalyaspor,H,1.4,4.5,7.5,1.4,4.75,7.25,2023/24,€218.30m,€31.48m
T1,17/09/2023,Istanbulspor,Buyuksehyr,A,3.1,3.25,2.25,3.1,3.3,2.2,2023/24,€12.93m,€54.15m
T1,17/09/2023,Alanyaspor,Kasimpasa,D,2.05,3.4,3.3,2.05,3.6,3.2,2023/24,€32.53m,€28.98m
T1,17/09/2023,Trabzonspor,Besiktas,H,3.1,3.4,2.15,3.0,3.5,2.2,2023/24,€118.43m,€146.88m
T1,18/09/2023,Karagumruk,Hatayspor,D,1.91,3.4,3.8,1.98,3.5,3.5,2023/24,€32.33m,€28.90m
T1,18/09/2023,Sivasspor,Ankaragucu,A,2.3,3.3,2.9,2.3,3.25,2.95,2023/24,€30.38m,€33.38m
T1,22/09/2023,Gaziantep,Istanbulspor,H,1.83,3.6,4.2,1.83,3.7,3.9,2023/24,€24.03m,€12.93m
T1,23/09/2023,Pendikspor,Karagumruk,D,2.7,3.25,2.63,2.55,3.3,2.6,2023/24,€23.38m,€32.33m
T1,23/09/2023,Rizespor,Sivasspor,D,2.2,3.4,3.2,2.15,3.5,3.1,2023/24,€34.15m,€30.38m
T1,23/09/2023,Antalyaspor,Samsunspor,H,2.1,3.4,3.5,2.0,3.6,3.3,2023/24,€31.48m,€34.88m
T1,23/09/2023,Buyuksehyr,Galatasaray,A,4.5,3.6,1.8,3.9,3.7,1.83,2023/24,€54.15m,€255.65m
T1,24/09/2023,Ankaragucu,Konyaspor,D,2.3,3.25,3.1,2.3,3.5,2.87,2023/24,€33.38m,€32.28m
T1,24/09/2023,Besiktas,Kayserispor,H,1.36,4.75,8.5,1.38,5.0,7.25,2023/24,€146.88m,€34.05m
T1,24/09/2023,Alanyaspor,Fenerbahce,A,5.25,3.8,1.65,4.75,4.1,1.61,2023/24,€32.53m,€218.30m
T1,24/09/2023,Kasimpasa,Ad. Demirspor,H,3.2,3.5,2.15,2.95,3.75,2.15,2023/24,€28.98m,€53.30m
T1,25/09/2023,Hatayspor,Trabzonspor,H,3.2,3.4,2.25,2.95,3.6,2.2,2023/24,€28.90m,€118.43m
T1,26/09/2023,Istanbulspor,Galatasaray,A,9.5,5.25,1.3,8.25,5.5,1.31,2023/24,€12.93m,€255.65m
T1,27/09/2023,Ad. Demirspor,Besiktas,H,3.3,3.75,2.05,3.2,3.75,2.0,2023/24,€53.30m,€146.88m
T1,28/09/2023,Fenerbahce,Buyuksehyr,H,1.45,4.5,7.0,1.46,4.6,6.0,2023/24,€218.30m,€54.15m
T1,29/09/2023,Samsunspor,Gaziantep,A,1.85,3.75,3.8,1.88,3.5,3.9,2023/24,€34.88m,€24.03m
T1,30/09/2023,Sivasspor,Hatayspor,D,2.0,3.6,3.4,2.05,3.6,3.3,2023/24,€30.38m,€28.90m
T1,30/09/2023,Istanbulspor,Antalyaspor,A,3.2,3.5,2.15,3.1,3.5,2.15,2023/24,€12.93m,€31.48m
T1,30/09/2023,Trabzonspor,Pendikspor,H,1.5,4.2,6.0,1.5,4.4,5.75,2023/24,€118.43m,€23.38m
T1,30/09/2023,Galatasaray,Ankaragucu,H,1.3,5.75,8.0,1.29,5.75,8.5,2023/24,€255.65m,€33.38m
T1,01/10/2023,Karagumruk,Kasimpasa,A,2.3,3.5,2.9,2.25,3.6,2.87,2023/24,€32.33m,€28.98m
T1,01/10/2023,Fenerbahce,Rizespor,H,1.36,5.0,8.0,1.36,5.0,7.75,2023/24,€218.30m,€34.15m
T1,01/10/2023,Ad. Demirspor,Alanyaspor,H,1.73,4.0,4.33,1.73,4.0,4.0,2023/24,€53.30m,€32.53m
T1,01/10/2023,Konyaspor,Besiktas,A,3.4,3.6,2.05,3.2,3.6,2.05,2023/24,€32.28m,€146.88m
T1,02/10/2023,Kayserispor,Buyuksehyr,D,2.55,3.3,2.7,2.5,3.4,2.6,2023/24,€34.05m,€54.15m
T1,06/10/2023,Ad. Demirspor,Trabzonspor,H,1.95,3.3,3.5,2.0,3.8,3.2,2023/24,€53.30m,€118.43m
T1,06/10/2023,Alanyaspor,Karagumruk,H,2.2,3.0,3.2,2.2,3.3,3.1,2023/24,€32.53m,€32.33m
T1,07/10/2023,Pendikspor,Sivasspor,A,2.5,3.4,2.45,2.65,3.5,2.45,2023/24,€23.38m,€30.38m
T1,07/10/2023,Ankaragucu,Kayserispor,H,2.1,3.2,3.4,2.1,3.5,3.2,2023/24,€33.38m,€34.05m
T1,07/10/2023,Antalyaspor,Galatasaray,A,5.25,3.5,1.62,4.6,4.0,1.66,2023/24,€31.48m,€255.65m
T1,07/10/2023,Buyuksehyr,Gaziantep,H,1.75,3.3,4.33,1.8,3.6,4.2,2023/24,€54.15m,€24.03m
T1,08/10/2023,Rizespor,Samsunspor,H,2.1,3.2,3.3,2.05,3.4,3.4,2023/24,€34.15m,€34.88m
T1,08/10/2023,Besiktas,Istanbulspor,H,1.2,6.5,9.0,1.23,6.5,11.0,2023/24,€146.88m,€12.93m
T1,08/10/2023,Hatayspor,Konyaspor,H,2.5,3.3,2.55,2.65,3.25,2.55,2023/24,€28.90m,€32.28m
T1,08/10/2023,Kasimpasa,Fenerbahce,A,6.0,4.0,1.45,5.5,4.5,1.5,2023/24,€28.98m,€218.30m
T1,21/10/2023,Kayserispor,Rizespor,H,2.3,3.3,2.9,2.3,3.4,2.95,2023/24,€34.05m,€34.15m
T1,21/10/2023,Gaziantep,Antalyaspor,H,2.6,3.2,2.5,2.65,3.3,2.55,2023/24,€24.03m,€31.48m
T1,21/10/2023,Konyaspor,Pendikspor,A,1.67,3.75,4.5,1.75,3.7,4.4,2023/24,€32.28m,€23.38m
T1,21/10/2023,Galatasaray,Besiktas,H,1.6,4.0,4.75,1.62,4.1,4.75,2023/24,€255.65m,€146.88m
T1,22/10/2023,Sivasspor,Kasimpasa,A,2.15,3.4,3.1,2.15,3.5,3.0,2023/24,€30.38m,€28.98m
T1,22/10/2023,Istanbulspor,Ankaragucu,H,3.0,3.4,2.15,3.0,3.5,2.15,2023/24,€12.93m,€33.38m
T1,22/10/2023,Fenerbahce,Hatayspor,H,1.22,6.0,9.0,1.23,6.5,11.0,2023/24,€218.30m,€28.90m
T1,22/10/2023,Samsunspor,Buyuksehyr,D,2.3,3.3,2.9,2.3,3.4,2.9,2023/24,€34.88m,€54.15m
T1,23/10/2023,Karagumruk,Ad. Demirspor,H,3.25,3.75,2.0,3.2,3.75,2.05,2023/24,€32.33m,€53.30m
T1,23/10/2023,Trabzonspor,Alanyaspor,H,1.62,4.0,4.75,1.62,4.1,4.75,2023/24,€118.43m,€32.53m
T1,27/10/2023,Hatayspor,Kayserispor,A,2.2,3.4,3.1,2.25,3.4,3.0,2023/24,€28.90m,€34.05m
T1,27/10/2023,Kasimpasa,Istanbulspor,H,1.75,3.75,4.33,1.77,3.8,4.0,2023/24,€28.98m,€12.93m
T1,28/10/2023,Alanyaspor,Sivasspor,A,2.1,3.5,3.4,2.15,3.5,3.1,2023/24,€32.53m,€30.38m
T1,28/10/2023,Rizespor,Galatasaray,A,6.0,4.33,1.53,5.0,4.33,1.55,2023/24,€34.15m,€255.65m
T1,29/10/2023,Karagumruk,Trabzonspor,D,2.9,3.6,2.3,2.75,3.6,2.3,2023/24,€32.33m,€118.43m
T1,29/10/2023,Ankaragucu,Samsunspor,H,2.3,3.4,2.88,2.3,3.5,2.8,2023/24,€33.38m,€34.88m
T1,29/10/2023,Antalyaspor,Buyuksehyr,H,2.2,3.4,3.25,2.15,3.3,3.2,2023/24,€31.48m,€54.15m
T1,29/10/2023,Pendikspor,Fenerbahce,A,8.0,5.5,1.3,8.0,5.5,1.32,2023/24,€23.38m,€218.30m
T1,30/10/2023,Besiktas,Gaziantep,H,1.4,4.5,7.5,1.36,5.0,7.5,2023/24,€146.88m,€24.03m
T1,03/11/2023,Galatasaray,Kasimpasa,H,1.18,8.0,11.0,1.18,7.75,11.5,2023/24,€255.65m,€28.98m
T1,04/11/2023,Istanbulspor,Pendikspor,A,2.5,3.4,2.75,2.3,3.5,2.85,2023/24,€12.93m,€23.38m
T1,04/11/2023,Samsunspor,Hatayspor,H,2.2,3.4,3.2,2.1,3.3,3.3,2023/24,€34.88m,€28.90m
T1,04/11/2023,Fenerbahce,Trabzonspor,A,1.33,4.75,8.5,1.36,5.0,7.5,2023/24,€218.30m,€118.43m
T1,05/11/2023,Sivasspor,Ad. Demirspor,D,3.0,3.4,2.3,2.85,3.7,2.25,2023/24,€30.38m,€53.30m
T1,05/11/2023,Buyuksehyr,Ankaragucu,D,2.05,3.5,3.3,2.1,3.3,3.4,2023/24,€54.15m,€33.38m
T1,05/11/2023,Konyaspor,Karagumruk,D,2.1,3.4,3.3,2.1,3.4,3.3,2023/24,€32.28m,€32.33m
T1,05/11/2023,Antalyaspor,Besiktas,H,3.2,3.4,2.15,3.0,3.5,2.2,2023/24,€31.48m,€146.88m
T1,06/11/2023,Gaziantep,Rizespor,H,2.25,3.3,3.1,2.2,3.4,3.0,2023/24,€24.03m,€34.15m
T1,06/11/2023,Kayserispor,Alanyaspor,H,2.05,3.5,3.5,2.05,3.5,3.3,2023/24,€34.05m,€32.53m
T1,08/11/2023,Samsunspor,Istanbulspor,H,1.91,3.6,3.5,1.9,3.7,3.6,2023/24,€34.88m,€12.93m
T1,10/11/2023,Ankaragucu,Antalyaspor,A,2.38,3.2,2.88,2.45,3.3,2.7,2023/24,€33.38m,€31.48m
T1,10/11/2023,Trabzonspor,Konyaspor,H,1.65,3.75,5.0,1.66,3.75,5.0,2023/24,€118.43m,€32.28m
T1,11/11/2023,Kasimpasa,Kayserispor,A,2.15,3.6,2.8,2.2,3.6,2.95,2023/24,€28.98m,€34.05m
T1,11/11/2023,Alanyaspor,Gaziantep,A,2.2,3.4,3.2,2.15,3.5,3.1,2023/24,€32.53m,€24.03m
T1,11/11/2023,Karagumruk,Sivasspor,H,2.15,3.3,3.25,2.2,3.3,3.1,2023/24,€32.33m,€30.38m
T1,11/11/2023,Hatayspor,Galatasaray,H,6.0,5.0,1.4,6.25,4.8,1.42,2023/24,€28.90m,€255.65m
T1,12/11/2023,Pendikspor,Samsunspor,H,2.9,3.25,2.25,2.85,3.4,2.35,2023/24,€23.38m,€34.88m
T1,12/11/2023,Besiktas,Buyuksehyr,H,1.75,3.6,4.2,1.75,3.7,4.33,2023/24,€146.88m,€54.15m
T1,12/11/2023,Rizespor,Istanbulspor,H,1.7,3.6,5.0,1.75,3.8,4.33,2023/24,€34.15m,€12.93m
T1,12/11/2023,Ad. Demirspor,Fenerbahce,D,3.4,3.8,1.91,3.5,3.9,1.88,2023/24,€53.30m,€218.30m
T1,25/11/2023,Istanbulspor,Hatayspor,H,3.25,3.4,2.15,3.0,3.5,2.15,2023/24,€12.93m,€28.90m
T1,25/11/2023,Gaziantep,Ankaragucu,A,2.15,3.4,3.4,2.15,3.4,3.2,2023/24,€24.03m,€33.38m
T1,25/11/2023,Konyaspor,Kasimpasa,H,1.91,3.5,4.0,1.95,3.6,3.5,2023/24,€32.28m,€28.98m
T1,25/11/2023,Galatasaray,Alanyaspor,H,1.2,7.0,11.0,1.21,6.75,11.5,2023/24,€255.65m,€32.53m
T1,26/11/2023,Kayserispor,Ad. Demirspor,D,2.7,3.5,2.45,2.7,3.75,2.3,2023/24,€34.05m,€53.30m
T1,26/11/2023,Antalyaspor,Rizespor,D,1.8,3.6,4.33,1.78,3.6,4.33,2023/24,€31.48m,€34.15m
T1,26/11/2023,Samsunspor,Besiktas,A,3.3,3.4,2.15,3.1,3.5,2.15,2023/24,€34.88m,€146.88m
T1,26/11/2023,Fenerbahce,Karagumruk,H,1.25,6.5,9.5,1.24,6.25,10.5,2023/24,€218.30m,€32.33m
T1,27/11/2023,Buyuksehyr,Pendikspor,H,1.73,3.6,4.75,1.75,3.7,4.33,2023/24,€54.15m,€23.38m
T1,27/11/2023,Sivasspor,Trabzonspor,D,3.3,3.5,2.05,3.3,3.4,2.1,2023/24,€30.38m,€118.43m
T1,01/12/2023,Hatayspor,Antalyaspor,D,3.1,3.25,2.3,2.87,3.25,2.4,2023/24,€28.90m,€31.48m
T1,01/12/2023,Karagumruk,Istanbulspor,H,1.65,3.75,5.25,1.65,3.7,5.25,2023/24,€32.33m,€12.93m
T1,02/12/2023,Alanyaspor,Konyaspor,D,2.3,3.3,3.0,2.3,3.3,2.9,2023/24,€32.53m,€32.28m
T1,02/12/2023,Rizespor,Buyuksehyr,H,2.38,3.4,2.88,2.4,3.25,2.8,2023/24,€34.15m,€54.15m
T1,02/12/2023,Ad. Demirspor,Samsunspor,A,1.7,4.2,4.25,1.7,4.1,4.2,2023/24,€53.30m,€34.88m
T1,02/12/2023,Pendikspor,Galatasaray,A,7.5,5.5,1.33,8.0,5.5,1.32,2023/24,€23.38m,€255.65m
T1,03/12/2023,Kasimpasa,Gaziantep,H,2.2,3.5,3.1,2.15,3.5,3.1,2023/24,€28.98m,€24.03m
T1,03/12/2023,Trabzonspor,Kayserispor,A,1.75,3.8,4.33,1.77,3.7,4.2,2023/24,€118.43m,€34.05m
T1,03/12/2023,Ankaragucu,Besiktas,D,3.4,3.5,2.05,3.3,3.5,2.05,2023/24,€33.38m,€146.88m
T1,04/12/2023,Fenerbahce,Sivasspor,H,1.25,6.0,10.0,1.24,6.25,10.5,2023/24,€218.30m,€30.38m
T1,08/12/2023,Galatasaray,Ad. Demirspor,H,1.29,5.75,8.5,1.27,6.25,8.75,2023/24,€255.65m,€53.30m
T1,09/12/2023,Antalyaspor,Karagumruk,H,1.85,3.6,4.0,1.85,3.5,4.0,2023/24,€31.48m,€32.33m
T1,09/12/2023,Samsunspor,Kasimpasa,H,2.05,3.6,3.4,2.1,3.6,3.2,2023/24,€34.88m,€28.98m
T1,09/12/2023,Besiktas,Fenerbahce,A,4.0,3.6,1.85,3.9,3.6,1.87,2023/24,€146.88m,€218.30m
T1,10/12/2023,Istanbulspor,Alanyaspor,A,2.63,3.4,2.55,2.55,3.4,2.6,2023/24,€12.93m,€32.53m
T1,10/12/2023,Buyuksehyr,Hatayspor,H,1.91,3.5,4.0,1.9,3.6,3.75,2023/24,€54.15m,€28.90m
T1,10/12/2023,Kayserispor,Pendikspor,H,1.85,3.6,4.0,1.87,3.75,3.7,2023/24,€34.05m,€23.38m
T1,10/12/2023,Gaziantep,Trabzonspor,A,3.1,3.1,2.38,2.8,3.4,2.35,2023/24,€24.03m,€118.43m
T1,11/12/2023,Ankaragucu,Rizespor,D,2.05,3.5,3.5,2.05,3.4,3.4,2023/24,€33.38m,€34.15m
T1,11/12/2023,Konyaspor,Sivasspor,A,2.15,3.5,3.2,2.15,3.4,3.2,2023/24,€32.28m,€30.38m
T1,19/12/2023,Buyuksehyr,Sivasspor,H,2.2,3.5,3.1,2.2,3.3,3.1,2023/24,€54.15m,€30.38m
T1,19/12/2023,Gaziantep,Ad. Demirspor,D,2.7,3.6,2.45,2.65,3.5,2.37,2023/24,€24.03m,€53.30m
T1,19/12/2023,Istanbulspor,Trabzonspor,A,5.75,4.2,1.53,5.5,4.2,1.53,2023/24,€12.93m,€118.43m
T1,20/12/2023,Kayserispor,Fenerbahce,A,5.5,4.2,1.44,5.75,4.8,1.46,2023/24,€34.05m,€218.30m
T1,20/12/2023,Antalyaspor,Kasimpasa,D,1.73,3.5,4.0,1.71,4.0,4.2,2023/24,€31.48m,€28.98m
T1,20/12/2023,Galatasaray,Karagumruk,H,1.22,5.5,9.0,1.24,6.25,10.5,2023/24,€255.65m,€32.33m
T1,21/12/2023,Rizespor,Pendikspor,H,1.91,3.5,3.3,1.9,3.7,3.6,2023/24,€34.15m,€23.38m
T1,21/12/2023,Samsunspor,Konyaspor,D,2.0,3.4,3.1,2.0,3.5,3.4,2023/24,€34.88m,€32.28m
T1,21/12/2023,Ankaragucu,Hatayspor,D,1.91,3.75,3.1,1.93,3.6,3.6,2023/24,€33.38m,€28.90m
T1,21/12/2023,Besiktas,Alanyaspor,A,1.44,4.2,5.5,1.5,4.4,5.75,2023/24,€146.88m,€32.53m
T1,23/12/2023,Sivasspor,Istanbulspor,H,1.65,3.8,4.5,1.66,3.9,4.6,2023/24,€30.38m,€12.93m
T1,23/12/2023,Karagumruk,Gaziantep,A,1.91,3.5,3.6,1.95,3.5,3.6,2023/24,€32.33m,€24.03m
T1,23/12/2023,Trabzonspor,Buyuksehyr,D,1.65,3.75,4.5,1.66,3.75,4.8,2023/24,€118.43m,€54.15m
T1,24/12/2023,Konyaspor,Kayserispor,H,2.38,3.3,2.75,2.4,3.4,2.75,2023/24,€32.28m,€34.05m
T1,24/12/2023,Ad. Demirspor,Antalyaspor,H,2.05,3.6,3.1,2.05,3.7,3.2,2023/24,€53.30m,€31.48m
T1,24/12/2023,Fenerbahce,Galatasaray,D,2.1,3.6,3.0,2.2,3.7,2.9,2023/24,€218.30m,€255.65m
T1,25/12/2023,Alanyaspor,Samsunspor,H,2.15,3.4,3.1,2.3,3.3,2.95,2023/24,€32.53m,€34.88m
T1,25/12/2023,Kasimpasa,Rizespor,D,2.0,3.5,3.25,2.05,3.5,3.3,2023/24,€28.98m,€34.15m
T1,25/12/2023,Hatayspor,Besiktas,A,3.25,3.5,2.0,3.1,3.5,2.1,2023/24,€28.90m,€146.88m
T1,25/12/2023,Pendikspor,Ankaragucu,D,2.75,3.4,2.3,2.75,3.5,2.35,2023/24,€23.38m,€33.38m
T1,05/01/2024,Gaziantep,Pendikspor,D,1.91,3.5,3.4,1.98,3.6,3.5,2023/24,€24.03m,€23.38m
T1,05/01/2024,Antalyaspor,Alanyaspor,D,2.0,3.2,3.4,2.05,3.4,3.4,2023/24,€31.48m,€32.53m
T1,05/01/2024,Besiktas,Kasimpasa,A,1.53,4.2,4.75,1.55,4.4,5.0,2023/24,€146.88m,€28.98m
T1,06/01/2024,Rizespor,Hatayspor,H,2.05,3.4,3.2,2.1,3.5,3.25,2023/24,€34.15m,€28.90m
T1,06/01/2024,Buyuksehyr,Ad. Demirspor,D,1.91,3.6,3.4,1.93,3.7,3.5,2023/24,€54.15m,€53.30m
T1,06/01/2024,Ankaragucu,Trabzonspor,A,3.1,3.4,2.1,3.1,3.5,2.15,2023/24,€33.38m,€118.43m
T1,06/01/2024,Samsunspor,Karagumruk,H,2.0,3.3,3.4,2.05,3.4,3.4,2023/24,€34.88m,€32.33m
T1,07/01/2024,Kayserispor,Sivasspor,A,1.91,3.6,3.5,1.98,3.6,3.5,2023/24,€34.05m,€30.38m
T1,07/01/2024,Istanbulspor,Fenerbahce,A,11.0,6.0,1.2,11.0,6.5,1.23,2023/24,€12.93m,€218.30m
T1,07/01/2024,Galatasaray,Konyaspor,H,1.25,5.75,8.0,1.26,5.75,10.0,2023/24,€255.65m,€32.28m
T1,09/01/2024,Alanyaspor,Ankaragucu,D,2.2,3.3,3.2,2.2,3.25,3.2,2023/24,€32.53m,€33.38m
T1,09/01/2024,Pendikspor,Antalyaspor,A,2.8,3.4,2.38,2.95,3.3,2.3,2023/24,€23.38m,€31.48m
T1,09/01/2024,Kasimpasa,Buyuksehyr,A,2.25,3.6,2.88,2.3,3.5,2.8,2023/24,€28.98m,€54.15m
T1,09/01/2024,Rizespor,Besiktas,A,2.25,3.6,2.8,2.3,3.5,2.8,2023/24,€34.15m,€146.88m
T1,10/01/2024,Hatayspor,Gaziantep,D,2.0,3.5,3.5,2.05,3.4,3.5,2023/24,€28.90m,€24.03m
T1,10/01/2024,Karagumruk,Kayserispor,H,2.05,3.4,3.4,2.1,3.4,3.3,2023/24,€32.33m,€34.05m
T1,10/01/2024,Ad. Demirspor,Istanbulspor,D,1.3,5.25,8.0,1.31,5.5,8.25,2023/24,€53.30m,€12.93m
T1,10/01/2024,Fenerbahce,Konyaspor,H,1.22,6.5,10.0,1.23,6.0,12.0,2023/24,€218.30m,€32.28m
T1,11/01/2024,Sivasspor,Galatasaray,D,6.5,4.5,1.44,6.0,4.5,1.47,2023/24,€30.38m,€255.65m
T1,11/01/2024,Trabzonspor,Samsunspor,H,1.67,3.75,4.75,1.71,3.7,4.6,2023/24,€118.43m,€34.88m
T1,13/01/2024,Ankaragucu,Kasimpasa,H,2.15,3.5,3.2,2.15,3.5,3.1,2023/24,€33.38m,€28.98m
T1,13/01/2024,Hatayspor,Pendikspor,D,2.1,3.6,3.3,2.05,3.5,3.25,2023/24,€28.90m,€23.38m
T1,13/01/2024,Buyuksehyr,Alanyaspor,H,1.91,3.5,4.0,1.93,3.5,3.75,2023/24,€54.15m,€32.53m
T1,13/01/2024,Besiktas,Karagumruk,H,1.67,4.0,4.75,1.66,3.8,4.75,2023/24,€146.88m,€32.33m
T1,13/01/2024,Rizespor,Ad. Demirspor,H,2.15,3.6,3.0,2.15,3.75,2.95,2023/24,€34.15m,€53.30m
T1,14/01/2024,Istanbulspor,Konyaspor,D,3.4,3.5,2.05,3.3,3.5,2.05,2023/24,€12.93m,€32.28m
T1,14/01/2024,Antalyaspor,Trabzonspor,D,2.88,3.3,2.4,2.87,3.3,2.35,2023/24,€31.48m,€118.43m
T1,14/01/2024,Samsunspor,Sivasspor,H,2.2,3.4,3.3,2.2,3.3,3.2,2023/24,€34.88m,€30.38m
T1,14/01/2024,Gaziantep,Fenerbahce,A,7.5,5.5,1.33,8.0,5.25,1.33,2023/24,€24.03m,€218.30m
T1,15/01/2024,Galatasaray,Kayserispor,H,1.25,6.5,8.5,1.27,6.0,9.0,2023/24,€255.65m,€34.05m
T1,20/01/2024,Kasimpasa,Hatayspor,H,1.95,3.75,3.75,1.93,3.75,3.5,2023/24,€28.98m,€28.90m
T1,20/01/2024,Alanyaspor,Rizespor,H,2.4,3.3,3.0,2.3,3.4,2.9,2023/24,€32.53m,€34.15m
T1,20/01/2024,Karagumruk,Buyuksehyr,D,2.25,3.4,3.2,2.25,3.3,3.0,2023/24,€32.33m,€54.15m
T1,20/01/2024,Ad. Demirspor,Ankaragucu,D,2.1,3.5,3.5,2.0,3.6,3.4,2023/24,€53.30m,€33.38m
T1,20/01/2024,Pendikspor,Besiktas,H,3.8,3.6,1.95,3.7,3.7,1.88,2023/24,€23.38m,€146.88m
T1,21/01/2024,Sivasspor,Gaziantep,D,2.0,3.5,3.8,2.0,3.4,3.6,2023/24,€30.38m,€24.03m
T1,21/01/2024,Fenerbahce,Samsunspor,D,1.22,6.5,12.0,1.23,6.25,11.0,2023/24,€218.30m,€34.88m
T1,21/01/2024,Konyaspor,Antalyaspor,D,2.7,3.1,2.8,2.6,3.2,2.7,2023/24,€32.28m,€31.48m
T1,21/01/2024,Trabzonspor,Galatasaray,A,3.75,3.75,1.91,3.6,3.7,1.9,2023/24,€118.43m,€255.65m
T1,22/01/2024,Kayserispor,Istanbulspor,A,1.57,4.2,5.75,1.6,4.1,5.0,2023/24,€34.05m,€12.93m
T1,23/01/2024,Hatayspor,Alanyaspor,D,2.3,3.25,3.0,2.25,3.3,3.0,2023/24,€28.90m,€32.53m
T1,23/01/2024,Besiktas,Ad. Demirspor,D,1.75,3.8,4.0,1.75,3.9,4.1,2023/24,€146.88m,€53.30m
T1,23/01/2024,Pendikspor,Kasimpasa,H,2.6,3.2,2.63,2.5,3.6,2.55,2023/24,€23.38m,€28.98m
T1,24/01/2024,Ankaragucu,Karagumruk,H,2.25,3.2,3.2,2.25,3.2,3.1,2023/24,€33.38m,€32.33m
T1,24/01/2024,Gaziantep,Konyaspor,D,2.15,3.2,3.25,2.2,3.4,3.1,2023/24,€24.03m,€32.28m
T1,24/01/2024,Antalyaspor,Sivasspor,H,1.7,3.5,5.0,1.73,3.5,4.6,2023/24,€31.48m,€30.38m
T1,24/01/2024,Buyuksehyr,Fenerbahce,A,5.75,3.8,1.55,5.25,4.2,1.55,2023/24,€54.15m,€218.30m
T1,25/01/2024,Samsunspor,Kayserispor,H,2.0,3.5,3.4,2.0,3.5,3.4,2023/24,€34.88m,€34.05m
T1,25/01/2024,Galatasaray,Istanbulspor,H,1.13,8.0,21.0,1.16,7.75,14.0,2023/24,€255.65m,€12.93m
T1,25/01/2024,Rizespor,Trabzonspor,H,2.63,3.3,2.55,2.65,3.4,2.5,2023/24,€34.15m,€118.43m
T1,27/01/2024,Alanyaspor,Pendikspor,D,1.83,3.75,4.2,1.88,3.6,3.75,2023/24,€32.53m,€23.38m
T1,27/01/2024,Ad. Demirspor,Hatayspor,A,1.91,3.8,3.8,1.93,3.6,3.6,2023/24,€53.30m,€28.90m
T1,28/01/2024,Konyaspor,Buyuksehyr,A,2.45,3.3,2.9,2.4,3.25,2.8,2023/24,€32.28m,€54.15m
T1,28/01/2024,Karagumruk,Rizespor,H,2.45,3.3,2.9,2.4,3.4,2.75,2023/24,€32.33m,€34.15m
T1,28/01/2024,Sivasspor,Besiktas,H,3.8,3.6,1.95,3.4,3.5,2.0,2023/24,€30.38m,€146.88m
T1,28/01/2024,Fenerbahce,Ankaragucu,H,1.2,6.5,15.0,1.19,7.0,13.0,2023/24,€218.30m,€33.38m
T1,29/01/2024,Istanbulspor,Samsunspor,D,3.4,3.5,2.1,3.3,3.5,2.05,2023/24,€12.93m,€34.88m
T1,29/01/2024,Kayserispor,Antalyaspor,D,3.0,3.4,2.38,2.9,3.4,2.3,2023/24,€34.05m,€31.48m
T1,29/01/2024,Galatasaray,Gaziantep,H,1.2,8.0,11.0,1.19,7.0,13.5,2023/24,€255.65m,€24.03m
T1,29/01/2024,Trabzonspor,Kasimpasa,A,1.67,4.33,4.5,1.7,3.9,4.4,2023/24,€118.43m,€28.98m
T1,02/02/2024,Ankaragucu,Sivasspor,D,1.91,3.5,4.0,1.93,3.3,3.9,2023/24,€33.38m,€30.38m
T1,02/02/2024,Hatayspor,Karagumruk,H,2.8,3.1,2.5,2.75,3.1,2.6,2023/24,€28.90m,€32.33m
T1,02/02/2024,Samsunspor,Galatasaray,A,4.75,3.75,1.67,4.6,4.0,1.66,2023/24,€34.88m,€255.65m
T1,03/02/2024,Rizespor,Konyaspor,D,1.85,3.6,4.0,1.9,3.4,3.8,2023/24,€34.15m,€32.28m
T1,03/02/2024,Buyuksehyr,Istanbulspor,H,1.53,4.33,5.5,1.53,4.2,5.5,2023/24,€54.15m,€12.93m
T1,03/02/2024,Antalyaspor,Fenerbahce,A,5.75,4.0,1.55,5.5,4.0,1.57,2023/24,€31.48m,€218.30m
T1,03/02/2024,Gaziantep,Kayserispor,D,2.15,3.5,3.25,2.2,3.4,3.1,2023/24,€24.03m,€34.05m
T1,04/02/2024,Pendikspor,Ad. Demirspor,H,2.25,3.6,2.9,2.25,3.5,2.9,2023/24,€23.38m,€53.30m
T1,04/02/2024,Kasimpasa,Alanyaspor,H,2.25,3.6,2.8,2.35,3.5,2.75,2023/24,€28.98m,€32.53m
T1,04/02/2024,Besiktas,Trabzonspor,H,1.95,3.6,3.6,1.95,3.5,3.6,2023/24,€146.88m,€118.43m
T1,09/02/2024,Ad. Demirspor,Kasimpasa,A,2.2,4.0,2.9,2.25,3.7,2.85,2023/24,€53.30m,€28.98m
T1,10/02/2024,Karagumruk,Pendikspor,H,2.15,3.4,3.3,2.15,3.4,3.1,2023/24,€32.33m,€23.38m
T1,10/02/2024,Galatasaray,Buyuksehyr,H,1.3,5.5,10.0,1.28,5.5,9.5,2023/24,€255.65m,€54.15m
T1,11/02/2024,Sivasspor,Rizespor,H,2.38,3.3,3.1,2.37,3.4,2.8,2023/24,€30.38m,€34.15m
T1,11/02/2024,Istanbulspor,Gaziantep,A,3.0,3.1,2.55,2.75,3.3,2.45,2023/24,€12.93m,€24.03m
T1,11/02/2024,Konyaspor,Ankaragucu,H,2.55,3.3,2.8,2.5,3.2,2.75,2023/24,€32.28m,€33.38m
T1,11/02/2024,Fenerbahce,Alanyaspor,D,1.22,6.5,13.0,1.22,6.75,11.0,2023/24,€218.30m,€32.53m
T1,12/02/2024,Trabzonspor,Hatayspor,H,1.75,3.6,5.0,1.7,3.7,4.75,2023/24,€118.43m,€28.90m
T1,12/02/2024,Kayserispor,Besiktas,D,3.6,3.75,1.95,3.3,3.6,2.0,2023/24,€34.05m,€146.88m
T1,12/02/2024,Samsunspor,Antalyaspor,H,2.38,3.3,3.1,2.37,3.25,2.85,2023/24,€34.88m,€31.48m
T1,16/02/2024,Kasimpasa,Karagumruk,D,2.55,3.75,2.6,2.5,3.6,2.5,2023/24,€28.98m,€32.33m
T1,17/02/2024,Antalyaspor,Istanbulspor,D,1.5,4.33,6.5,1.47,4.33,6.25,2023/24,€31.48m,€12.93m
T1,17/02/2024,Hatayspor,Sivasspor,D,2.25,3.25,3.3,2.25,3.3,3.0,2023/24,€28.90m,€30.38m
T1,17/02/2024,Rizespor,Fenerbahce,A,6.0,4.75,1.45,6.25,4.5,1.46,2023/24,€34.15m,€218.30m
T1,18/02/2024,Alanyaspor,Ad. Demirspor,D,2.0,3.6,3.6,1.95,3.5,3.6,2023/24,€32.53m,€53.30m
T1,18/02/2024,Gaziantep,Samsunspor,D,2.55,3.1,3.0,2.55,3.25,2.65,2023/24,€24.03m,€34.88m
T1,18/02/2024,Pendikspor,Trabzonspor,A,3.1,3.6,2.2,3.1,3.5,2.15,2023/24,€23.38m,€118.43m
T1,18/02/2024,Ankaragucu,Galatasaray,A,6.0,4.5,1.5,6.0,4.33,1.49,2023/24,€33.38m,€255.65m
T1,19/02/2024,Besiktas,Konyaspor,H,1.57,4.2,5.75,1.57,4.0,5.25,2023/24,€146.88m,€32.28m
T1,19/02/2024,Buyuksehyr,Kayserispor,A,1.8,3.75,4.5,1.73,3.7,4.4,2023/24,€54.15m,€34.05m
T1,23/02/2024,Samsunspor,Rizespor,H,1.91,3.6,4.0,1.93,3.5,3.75,2023/24,€34.88m,€34.15m
T1,24/02/2024,Kayserispor,Ankaragucu,H,2.2,3.4,3.25,2.25,3.3,3.0,2023/24,€34.05m,€33.38m
T1,24/02/2024,Gaziantep,Buyuksehyr,A,2.75,3.2,2.7,2.7,3.2,2.6,2023/24,€24.03m,€54.15m
T1,24/02/2024,Fenerbahce,Kasimpasa,H,1.2,7.5,12.0,1.19,7.5,12.0,2023/24,€218.30m,€28.98m
T1,24/02/2024,Konyaspor,Hatayspor,H,2.3,3.25,3.25,2.3,3.2,3.1,2023/24,€32.28m,€28.90m
T1,25/02/2024,Sivasspor,Pendikspor,H,2.15,3.4,3.4,2.1,3.5,3.25,2023/24,€30.38m,€23.38m
T1,25/02/2024,Karagumruk,Alanyaspor,D,1.91,3.5,4.2,1.9,3.4,3.9,2023/24,€32.33m,€32.53m
T1,25/02/2024,Trabzonspor,Ad. Demirspor,H,1.73,4.0,4.75,1.75,3.75,4.33,2023/24,€118.43m,€53.30m
T1,25/02/2024,Istanbulspor,Besiktas,A,6.0,4.2,1.55,5.5,4.2,1.53,2023/24,€12.93m,€146.88m
T1,26/02/2024,Galatasaray,Antalyaspor,H,1.33,5.75,8.0,1.3,5.75,8.75,2023/24,€255.65m,€31.48m
T1,01/03/2024,Kasimpasa,Sivasspor,D,2.05,3.8,3.3,2.05,3.6,3.2,2023/24,€28.98m,€30.38m
T1,02/03/2024,Ankaragucu,Istanbulspor,D,1.45,4.2,8.0,1.47,4.2,6.5,2023/24,€33.38m,€12.93m
T1,02/03/2024,Rizespor,Kayserispor,H,2.0,3.6,3.6,1.98,3.6,3.4,2023/24,€34.15m,€34.05m
T1,02/03/2024,Hatayspor,Fenerbahce,A,8.0,5.5,1.33,8.5,5.25,1.32,2023/24,€28.90m,€218.30m
T1,03/03/2024,Buyuksehyr,Samsunspor,H,2.25,3.4,3.2,2.3,3.3,2.95,2023/24,€54.15m,€34.88m
T1,03/03/2024,Pendikspor,Konyaspor,A,2.2,3.4,3.3,2.2,3.5,3.0,2023/24,€23.38m,€32.28m
T1,03/03/2024,Besiktas,Galatasaray,A,3.75,3.75,1.91,3.6,3.8,1.88,2023/24,€146.88m,€255.65m
T1,04/03/2024,Ad. Demirspor,Karagumruk,H,2.25,3.5,3.1,2.2,3.5,2.95,2023/24,€53.30m,€32.33m
T1,04/03/2024,Alanyaspor,Trabzonspor,H,2.88,3.5,2.38,2.7,3.5,2.4,2023/24,€32.53m,€118.43m
T1,04/03/2024,Antalyaspor,Gaziantep,H,1.83,3.75,4.2,1.82,3.6,4.0,2023/24,€31.48m,€24.03m
T1,08/03/2024,Galatasaray,Rizespor,H,1.25,6.0,9.5,1.26,6.25,9.0,2023/24,€255.65m,€34.15m
T1,09/03/2024,Sivasspor,Alanyaspor,A,2.45,3.4,2.88,2.4,3.4,2.75,2023/24,€30.38m,€32.53m
T1,09/03/2024,Konyaspor,Ad. Demirspor,D,2.4,3.5,2.88,2.45,3.4,2.7,2023/24,€32.28m,€53.30m
T1,09/03/2024,Buyuksehyr,Antalyaspor,H,2.2,3.4,3.3,2.25,3.4,3.0,2023/24,€54.15m,€31.48m
T1,09/03/2024,Trabzonspor,Karagumruk,H,1.75,3.8,4.5,1.75,3.7,4.33,2023/24,€118.43m,€32.33m
T1,10/03/2024,Kayserispor,Hatayspor,D,1.95,3.6,3.8,1.95,3.5,3.6,2023/24,€34.05m,€28.90m
T1,10/03/2024,Istanbulspor,Kasimpasa,A,4.2,4.0,1.8,4.0,3.8,1.78,2023/24,€12.93m,€28.98m
T1,10/03/2024,Samsunspor,Ankaragucu,H,2.0,3.4,3.8,2.0,3.2,3.7,2023/24,€34.88m,€33.38m
T1,10/03/2024,Fenerbahce,Pendikspor,H,1.18,8.0,12.0,1.17,7.75,13.0,2023/24,€218.30m,€23.38m
T1,11/03/2024,Gaziantep,Besiktas,H,3.75,3.6,1.95,3.5,3.6,1.95,2023/24,€24.03m,€146.88m
T1,15/03/2024,Karagumruk,Konyaspor,D,1.95,3.3,4.2,1.95,3.3,3.75,2023/24,€32.33m,€32.28m
T1,15/03/2024,Pendikspor,Istanbulspor,H,1.6,4.2,5.5,1.58,4.1,5.0,2023/24,€23.38m,€12.93m
T1,16/03/2024,Alanyaspor,Kayserispor,H,2.1,3.5,3.5,2.05,3.5,3.4,2023/24,€32.53m,€34.05m
T1,16/03/2024,Ankaragucu,Buyuksehyr,H,2.5,3.25,3.0,2.45,3.2,2.85,2023/24,€33.38m,€54.15m
T1,16/03/2024,Ad. Demirspor,Sivasspor,H,1.8,3.5,4.75,1.82,3.5,4.2,2023/24,€53.30m,€30.38m
T1,16/03/2024,Besiktas,Antalyaspor,A,1.91,3.5,4.2,1.87,3.6,3.9,2023/24,€146.88m,€31.48m
T1,17/03/2024,Rizespor,Gaziantep,H,1.8,3.6,4.5,1.85,3.6,4.0,2023/24,€34.15m,€24.03m
T1,17/03/2024,Hatayspor,Samsunspor,H,2.9,3.4,2.4,2.87,3.2,2.4,2023/24,€28.90m,€34.88m
T1,17/03/2024,Kasimpasa,Galatasaray,A,6.0,5.0,1.45,5.75,4.75,1.46,2023/24,€28.98m,€255.65m
T1,17/03/2024,Trabzonspor,Fenerbahce,A,4.75,4.0,1.7,4.6,3.8,1.68,2023/24,€118.43m,€218.30m
T1,02/04/2024,Istanbulspor,Rizespor,A,4.5,3.8,1.75,4.1,3.8,1.77,2023/24,€12.93m,€34.15m
T1,02/04/2024,Antalyaspor,Ankaragucu,D,1.91,3.6,4.2,1.95,3.4,3.8,2023/24,€31.48m,€33.38m
T1,02/04/2024,Galatasaray,Hatayspor,H,1.2,7.5,12.0,1.18,7.5,13.5,2023/24,€255.65m,€28.90m
T1,02/04/2024,Gaziantep,Alanyaspor,A,2.25,3.3,3.25,2.2,3.25,3.2,2023/24,€24.03m,€32.53m
T1,03/04/2024,Sivasspor,Karagumruk,H,2.6,3.3,2.75,2.5,3.25,2.7,2023/24,€30.38m,€32.33m
T1,03/04/2024,Fenerbahce,Ad. Demirspor,H,1.25,7.0,9.0,1.28,5.75,9.0,2023/24,€218.30m,€53.30m
T1,03/04/2024,Kayserispor,Kasimpasa,A,2.15,3.75,3.1,2.1,3.8,2.95,2023/24,€34.05m,€28.98m
T1,03/04/2024,Konyaspor,Trabzonspor,A,3.5,3.4,2.1,3.4,3.4,2.05,2023/24,€32.28m,€118.43m
T1,04/04/2024,Buyuksehyr,Besiktas,D,2.55,3.3,2.8,2.45,3.4,2.65,2023/24,€54.15m,€146.88m
T1,04/04/2024,Samsunspor,Pendikspor,D,1.85,3.5,4.33,1.95,3.6,3.6,2023/24,€34.88m,€23.38m
T1,12/04/2024,Trabzonspor,Sivasspor,A,1.45,4.5,7.0,1.44,4.4,6.75,2023/24,€118.43m,€30.38m
T1,13/04/2024,Kasimpasa,Konyaspor,A,2.05,3.5,3.6,2.05,3.5,3.3,2023/24,€28.98m,€32.28m
T1,13/04/2024,Ankaragucu,Gaziantep,H,1.91,3.4,4.33,1.88,3.4,4.0,2023/24,€33.38m,€24.03m
T1,13/04/2024,Ad. Demirspor,Kayserispor,D,1.91,3.6,4.0,1.9,3.7,3.6,2023/24,€53.30m,€34.05m
T1,13/04/2024,Besiktas,Samsunspor,D,1.75,3.75,4.75,1.77,3.6,4.33,2023/24,€146.88m,€34.88m
T1,14/04/2024,Pendikspor,Buyuksehyr,A,2.6,3.4,2.7,2.5,3.4,2.6,2023/24,€23.38m,€54.15m
T1,14/04/2024,Hatayspor,Istanbulspor,A,1.45,4.5,6.5,1.46,4.4,6.5,2023/24,€28.90m,€12.93m
T1,14/04/2024,Rizespor,Antalyaspor,H,2.2,3.4,3.25,2.2,3.4,3.0,2023/24,€34.15m,€31.48m
T1,14/04/2024,Karagumruk,Fenerbahce,A,7.0,5.0,1.4,6.75,4.8,1.4,2023/24,€32.33m,€218.30m
T1,15/04/2024,Alanyaspor,Galatasaray,A,5.5,4.75,1.5,5.25,4.6,1.52,2023/24,€32.53m,€255.65m
T1,19/04/2024,Besiktas,Ankaragucu,H,1.8,3.8,4.2,1.78,3.6,4.2,2023/24,€146.88m,€33.38m
T1,20/04/2024,Istanbulspor,Karagumruk,A,5.0,3.8,1.65,5.0,3.8,1.65,2023/24,€12.93m,€32.33m
T1,20/04/2024,Konyaspor,Alanyaspor,A,2.2,3.5,3.1,2.2,3.3,3.1,2023/24,€32.28m,€32.53m
T1,20/04/2024,Kayserispor,Trabzonspor,A,3.2,3.5,2.15,3.1,3.6,2.1,2023/24,€34.05m,€118.43m
T1,20/04/2024,Samsunspor,Ad. Demirspor,D,2.2,3.3,3.2,2.2,3.4,3.1,2023/24,€34.88m,€53.30m
T1,21/04/2024,Buyuksehyr,Rizespor,H,2.1,3.6,3.4,2.1,3.6,3.2,2023/24,€54.15m,€34.15m
T1,21/04/2024,Antalyaspor,Hatayspor,H,1.91,3.5,4.2,1.9,3.4,3.8,2023/24,€31.48m,€28.90m
T1,21/04/2024,Galatasaray,Pendikspor,H,1.25,6.25,11.0,1.24,6.25,10.5,2023/24,€255.65m,€23.38m
T1,21/04/2024,Gaziantep,Kasimpasa,H,2.3,3.5,3.0,2.3,3.5,2.85,2023/24,€24.03m,€28.98m
T1,22/04/2024,Sivasspor,Fenerbahce,D,8.0,4.75,1.4,7.25,4.8,1.38,2023/24,€30.38m,€218.30m
T1,26/04/2024,Ad. Demirspor,Galatasaray,A,6.0,5.0,1.45,5.75,4.6,1.47,2023/24,€53.30m,€255.65m
T1,27/04/2024,Kasimpasa,Samsunspor,H,2.25,3.4,3.2,2.2,3.5,3.0,2023/24,€28.98m,€34.88m
T1,27/04/2024,Sivasspor,Konyaspor,H,2.5,3.2,3.0,2.4,3.2,2.9,2023/24,€30.38m,€32.28m
T1,27/04/2024,Fenerbahce,Besiktas,H,1.45,4.75,6.0,1.44,4.75,6.25,2023/24,€218.30m,€146.88m
T1,27/04/2024,Hatayspor,Buyuksehyr,A,3.0,3.3,2.4,2.75,3.3,2.45,2023/24,€28.90m,€54.15m
T1,28/04/2024,Alanyaspor,Istanbulspor,H,1.36,5.0,8.5,1.37,4.75,7.75,2023/24,€32.53m,€12.93m
T1,28/04/2024,Pendikspor,Kayserispor,A,2.1,3.4,3.5,2.1,3.5,3.2,2023/24,€23.38m,€34.05m
T1,28/04/2024,Rizespor,Ankaragucu,D,2.1,3.4,3.6,2.1,3.3,3.4,2023/24,€34.15m,€33.38m
T1,28/04/2024,Trabzonspor,Gaziantep,H,1.5,4.33,7.0,1.47,4.33,6.25,2023/24,€118.43m,€24.03m
T1,29/04/2024,Karagumruk,Antalyaspor,H,2.15,3.4,3.4,2.15,3.4,3.2,2023/24,€32.33m,€31.48m
T1,03/05/2024,Ankaragucu,Alanyaspor,D,2.15,3.4,3.4,2.1,3.4,3.25,2023/24,€33.38m,€32.53m
T1,03/05/2024,Besiktas,Rizespor,H,1.8,3.8,4.33,1.75,3.9,4.1,2023/24,€146.88m,€34.15m
T1,04/05/2024,Istanbulspor,Ad. Demirspor,A,5.0,4.5,1.57,4.6,4.33,1.6,2023/24,€12.93m,€53.30m
T1,04/05/2024,Kayserispor,Karagumruk,D,2.38,3.25,3.1,2.3,3.5,2.8,2023/24,€34.05m,€32.33m
T1,04/05/2024,Samsunspor,Trabzonspor,H,2.7,3.3,2.63,2.65,3.4,2.5,2023/24,€34.88m,€118.43m
T1,05/05/2024,Buyuksehyr,Kasimpasa,H,1.95,3.5,4.0,2.0,3.6,3.3,2023/24,€54.15m,€28.98m
T1,05/05/2024,Galatasaray,Sivasspor,H,1.17,8.5,13.0,1.15,8.25,15.0,2023/24,€255.65m,€30.38m
T1,05/05/2024,Gaziantep,Hatayspor,D,2.2,3.3,3.4,2.2,3.3,3.1,2023/24,€24.03m,€28.90m
T1,06/05/2024,Antalyaspor,Pendikspor,A,2.2,3.75,3.0,2.25,3.5,2.87,2023/24,€31.48m,€23.38m
T1,06/05/2024,Konyaspor,Fenerbahce,D,6.5,5.5,1.4,7.0,5.0,1.38,2023/24,€32.28m,€218.30m
T1,12/05/2024,Ad. Demirspor,Gaziantep,A,2.1,3.6,3.25,2.0,3.7,3.25,2023/24,€53.30m,€24.03m
T1,12/05/2024,Alanyaspor,Besiktas,D,2.55,3.5,2.6,2.55,3.5,2.5,2023/24,€32.53m,€146.88m
T1,12/05/2024,Fenerbahce,Kayserispor,H,1.18,7.5,12.0,1.17,7.75,13.0,2023/24,€218.30m,€34.05m
T1,12/05/2024,Hatayspor,Ankaragucu,H,2.45,3.4,2.75,2.4,3.5,2.7,2023/24,€28.90m,€33.38m
T1,12/05/2024,Karagumruk,Galatasaray,A,6.5,4.5,1.45,5.5,4.6,1.49,2023/24,€32.33m,€255.65m
T1,12/05/2024,Kasimpasa,Antalyaspor,H,2.0,3.75,3.4,2.0,3.7,3.3,2023/24,€28.98m,€31.48m
T1,12/05/2024,Konyaspor,Samsunspor,H,2.2,3.2,3.3,2.25,3.2,3.2,2023/24,€32.28m,€34.88m
T1,12/05/2024,Pendikspor,Rizespor,H,1.95,3.8,3.4,1.98,3.7,3.3,2023/24,€23.38m,€34.15m
T1,12/05/2024,Sivasspor,Buyuksehyr,A,3.4,3.4,2.1,3.1,3.4,2.2,2023/24,€30.38m,€54.15m
T1,12/05/2024,Trabzonspor,Istanbulspor,H,1.18,7.5,12.0,1.17,7.75,13.5,2023/24,€118.43m,€12.93m
T1,17/05/2024,Istanbulspor,Sivasspor,A,3.0,3.6,2.2,3.0,3.5,2.2,2023/24,€12.93m,€30.38m
T1,17/05/2024,Antalyaspor,Ad. Demirspor,H,2.2,3.6,3.1,2.15,3.75,2.95,2023/24,€31.48m,€53.30m
T1,18/05/2024,Ankaragucu,Pendikspor,D,1.95,3.5,3.8,1.98,3.6,3.4,2023/24,€33.38m,€23.38m
T1,18/05/2024,Besiktas,Hatayspor,D,1.53,4.33,6.0,1.52,4.33,5.5,2023/24,€146.88m,€28.90m
T1,18/05/2024,Buyuksehyr,Trabzonspor,A,2.6,3.4,2.6,2.5,3.4,2.6,2023/24,€54.15m,€118.43m
T1,18/05/2024,Gaziantep,Karagumruk,H,2.38,3.4,2.88,2.4,3.3,2.8,2023/24,€24.03m,€32.33m
T1,18/05/2024,Kayserispor,Konyaspor,D,3.0,2.4,3.1,2.9,2.45,3.1,2023/24,€34.05m,€32.28m
T1,18/05/2024,Rizespor,Kasimpasa,D,2.3,3.6,2.8,2.35,3.8,2.6,2023/24,€34.15m,€28.98m
T1,18/05/2024,Samsunspor,Alanyaspor,D,2.15,3.25,3.4,2.15,3.4,3.2,2023/24,€34.88m,€32.53m
T1,19/05/2024,Galatasaray,Fenerbahce,A,2.25,3.75,2.8,2.25,3.7,2.8,2023/24,€255.65m,€218.30m
T1,24/05/2024,Alanyaspor,Antalyaspor,D,1.67,4.0,4.75,1.63,4.2,4.5,2023/24,€32.53m,€31.48m
T1,25/05/2024,Karagumruk,Samsunspor,H,1.8,3.8,4.1,1.83,3.7,3.9,2023/24,€32.33m,€34.88m
T1,25/05/2024,Sivasspor,Kayserispor,H,1.91,4.0,3.4,1.95,3.6,3.5,2023/24,€30.38m,€34.05m
T1,26/05/2024,Ad. Demirspor,Buyuksehyr,A,3.5,3.9,1.75,3.7,3.9,1.82,2023/24,€53.30m,€54.15m
T1,26/05/2024,Fenerbahce,Istanbulspor,H,1.06,12.0,26.0,1.06,14.5,29.0,2023/24,€218.30m,€12.93m
T1,26/05/2024,Hatayspor,Rizespor,H,1.53,4.33,4.33,1.55,4.4,5.0,2023/24,€28.90m,€34.15m
T1,26/05/2024,Konyaspor,Galatasaray,A,9.0,1.95,2.05,5.5,2.75,1.9,2023/24,€32.28m,€255.65m
T1,26/05/2024,Pendikspor,Gaziantep,A,3.1,3.1,2.15,3.1,3.5,2.15,2023/24,€23.38m,€24.03m
T1,26/05/2024,Trabzonspor,Ankaragucu,H,2.75,3.4,2.15,2.8,3.6,2.25,2023/24,€118.43m,€33.38m
T1,09/08/2024,Galatasaray,Hatayspor,H,1.25,6.5,9.5,1.25,6.25,9.75,2024/25,€260.85m,€20.03m
T1,10/08/2024,Kasimpasa,Konyaspor,A,2.1,3.5,3.3,2.05,3.4,3.3,2024/25,€26.88m,€22.43m
T1,10/08/2024,Antalyaspor,Goztep,D,1.95,3.7,3.6,1.98,3.6,3.5,2024/25,€25.58m,€40.55m
T1,10/08/2024,Fenerbahce,Ad. Demirspor,H,1.14,8.5,14.0,1.15,8.5,14.5,2024/25,€219.90m,€16.10m
T1,11/08/2024,Sivasspor,Trabzonspor,D,3.4,3.5,2.05,3.25,3.6,2.05,2024/25,€20.05m,€94.70m
T1,11/08/2024,Alanyaspor,Eyupspor,D,1.91,3.8,3.6,1.98,3.5,3.5,2024/25,€22.05m,€29.15m
T1,11/08/2024,Samsunspor,Besiktas,A,3.8,3.7,1.9,3.8,3.5,1.9,2024/25,€31.18m,€129.40m
T1,12/08/2024,Bodrumspor,Gaziantep,A,2.3,3.5,2.9,2.35,3.4,2.8,2024/25,€19.60m,€21.15m
T1,12/08/2024,Rizespor,Buyuksehyr,D,3.0,3.4,2.3,2.87,3.4,2.3,2024/25,€35.18m,€46.55m
T1,16/08/2024,Konyaspor,Galatasaray,A,4.5,4.2,1.67,4.33,3.9,1.72,2024/25,€22.43m,€260.85m
T1,17/08/2024,Kayserispor,Sivasspor,A,2.4,3.2,3.0,2.3,3.3,2.9,2024/25,€22.23m,€20.05m
T1,17/08/2024,Ad. Demirspor,Rizespor,A,3.0,3.5,2.25,2.8,3.6,2.25,2024/25,€16.10m,€35.18m
T1,17/08/2024,Goztep,Fenerbahce,D,8.0,4.75,1.38,8.0,4.75,1.37,2024/25,€40.55m,€219.90m
T1,18/08/2024,Buyuksehyr,Alanyaspor,H,2.05,3.5,3.5,2.05,3.5,3.3,2024/25,€46.55m,€22.05m
T1,18/08/2024,Besiktas,Antalyaspor,H,1.5,4.33,5.75,1.52,4.2,5.5,2024/25,€129.40m,€25.58m
T1,18/08/2024,Gaziantep,Samsunspor,A,2.63,3.2,2.75,2.55,3.2,2.7,2024/25,€21.15m,€31.18m
T1,19/08/2024,Eyupspor,Bodrumspor,H,2.0,3.3,3.9,1.98,3.4,3.6,2024/25,€29.15m,€19.60m
T1,19/08/2024,Hatayspor,Kasimpasa,D,2.35,3.4,2.9,2.35,3.5,2.75,2024/25,€20.03m,€26.88m
T1,23/08/2024,Alanyaspor,Goztep,D,1.91,3.4,4.0,1.95,3.3,3.8,2024/25,€22.05m,€40.55m
T1,24/08/2024,Sivasspor,Eyupspor,A,2.3,3.3,3.1,2.3,3.3,3.0,2024/25,€20.05m,€29.15m
T1,24/08/2024,Bodrumspor,Konyaspor,H,2.9,3.1,2.5,2.85,3.25,2.4,2024/25,€19.60m,€22.43m
T1,25/08/2024,Kasimpasa,Ad. Demirspor,D,1.57,4.2,5.25,1.58,4.33,4.75,2024/25,€26.88m,€16.10m
T1,25/08/2024,Antalyaspor,Hatayspor,H,2.2,3.3,3.3,2.15,3.4,3.2,2024/25,€25.58m,€20.03m
T1,25/08/2024,Rizespor,Fenerbahce,A,4.75,3.8,1.7,4.6,4.0,1.65,2024/25,€35.18m,€219.90m
T1,30/08/2024,Fenerbahce,Alanyaspor,H,1.3,5.25,9.5,1.29,5.75,8.75,2024/25,€219.90m,€22.05m
T1,31/08/2024,Konyaspor,Kayserispor,D,1.83,3.5,4.33,1.88,3.5,3.9,2024/25,€22.43m,€22.23m
T1,31/08/2024,Rizespor,Kasimpasa,A,2.2,3.5,3.1,2.15,3.5,3.1,2024/25,€35.18m,€26.88m
T1,31/08/2024,Ad. Demirspor,Galatasaray,A,5.75,5.25,1.42,6.0,4.8,1.44,2024/25,€16.10m,€260.85m
T1,31/08/2024,Goztep,Bodrumspor,H,2.0,3.4,3.75,2.05,3.25,3.6,2024/25,€40.55m,€19.60m
T1,01/09/2024,Buyuksehyr,Antalyaspor,H,1.75,3.6,4.5,1.8,3.6,4.2,2024/25,€46.55m,€25.58m
T1,01/09/2024,Eyupspor,Trabzonspor,D,2.35,3.3,3.0,2.4,3.4,2.75,2024/25,€29.15m,€94.70m
T1,01/09/2024,Besiktas,Sivasspor,H,1.44,4.33,7.0,1.46,4.5,6.25,2024/25,€129.40m,€20.05m
T1,01/09/2024,Hatayspor,Samsunspor,A,2.8,3.25,2.5,2.7,3.2,2.5,2024/25,€20.03m,€31.18m
T1,14/09/2024,Samsunspor,Konyaspor,A,1.8,3.5,4.5,1.82,3.4,4.33,2024/25,€31.18m,€22.43m
T1,14/09/2024,Sivasspor,Gaziantep,H,2.15,3.3,3.3,2.15,3.3,3.25,2024/25,€20.05m,€21.15m
T1,14/09/2024,Bodrumspor,Buyuksehyr,A,3.1,3.2,2.38,2.95,3.1,2.4,2024/25,€19.60m,€46.55m
T1,14/09/2024,Galatasaray,Rizespor,H,1.25,7.0,9.0,1.23,6.75,9.75,2024/25,€260.85m,€35.18m
T1,15/09/2024,Kasimpasa,Fenerbahce,A,5.5,5.0,1.48,5.5,4.4,1.51,2024/25,€26.88m,€219.90m
T1,15/09/2024,Kayserispor,Eyupspor,D,3.0,3.5,2.25,3.0,3.4,2.25,2024/25,€22.23m,€29.15m
T1,15/09/2024,Alanyaspor,Hatayspor,D,1.75,3.75,4.5,1.75,3.7,4.33,2024/25,€22.05m,€20.03m
T1,15/09/2024,Trabzonspor,Besiktas,D,3.3,3.5,2.1,3.2,3.5,2.1,2024/25,€94.70m,€129.40m
T1,16/09/2024,Antalyaspor,Ad. Demirspor,H,1.73,3.9,4.33,1.73,3.9,4.2,2024/25,€25.58m,€16.10m
T1,17/09/2024,Galatasaray,Gaziantep,H,1.2,7.5,10.0,1.2,7.0,11.5,2024/25,€260.85m,€21.15m
T1,18/09/2024,Samsunspor,Buyuksehyr,H,2.4,3.2,3.0,2.37,3.2,2.9,2024/25,€31.18m,€46.55m
T1,19/09/2024,Trabzonspor,Kayserispor,D,1.65,3.75,5.25,1.63,4.1,4.75,2024/25,€94.70m,€22.23m
T1,20/09/2024,Hatayspor,Bodrumspor,A,2.63,3.1,2.8,2.5,3.0,2.9,2024/25,€20.03m,€19.60m
T1,21/09/2024,Konyaspor,Sivasspor,D,2.1,3.4,3.4,2.2,3.3,3.2,2024/25,€22.43m,€20.05m
T1,21/09/2024,Fenerbahce,Galatasaray,A,2.15,3.4,3.25,2.1,3.6,3.1,2024/25,€219.90m,€260.85m
T1,22/09/2024,Kasimpasa,Antalyaspor,D,1.9,3.75,3.8,1.85,3.75,3.8,2024/25,€26.88m,€25.58m
T1,22/09/2024,Rizespor,Samsunspor,A,2.3,3.5,2.9,2.35,3.4,2.85,2024/25,€35.18m,€31.18m
T1,22/09/2024,Ad. Demirspor,Alanyaspor,A,3.0,3.5,2.25,2.75,3.6,2.3,2024/25,€16.10m,€22.05m
T1,22/09/2024,Besiktas,Eyupspor,H,1.44,4.75,6.0,1.42,4.75,6.75,2024/25,€129.40m,€29.15m
T1,23/09/2024,Gaziantep,Trabzonspor,D,3.3,3.4,2.15,3.1,3.5,2.15,2024/25,€21.15m,€94.70m
T1,23/09/2024,Goztep,Kayserispor,H,1.83,3.7,4.2,1.85,3.6,3.9,2024/25,€40.55m,€22.23m
T1,27/09/2024,Sivasspor,Buyuksehyr,A,2.8,3.25,2.5,2.8,3.2,2.45,2024/25,€20.05m,€46.55m
T1,28/09/2024,Samsunspor,Goztep,H,1.95,3.3,3.9,1.95,3.25,4.0,2024/25,€31.18m,€40.55m
T1,28/09/2024,Alanyaspor,Rizespor,H,2.05,3.4,3.5,2.05,3.5,3.4,2024/25,€22.05m,€35.18m
T1,28/09/2024,Galatasaray,Kasimpasa,D,1.27,6.5,8.0,1.27,6.25,8.75,2024/25,€260.85m,€26.88m
T1,29/09/2024,Eyupspor,Gaziantep,H,1.9,3.5,4.1,1.93,3.5,3.7,2024/25,€29.15m,€21.15m
T1,29/09/2024,Trabzonspor,Konyaspor,H,1.85,3.4,4.33,1.93,3.4,3.9,2024/25,€94.70m,€22.43m
T1,29/09/2024,Antalyaspor,Fenerbahce,A,7.0,4.75,1.4,6.5,4.8,1.41,2024/25,€25.58m,€219.90m
T1,29/09/2024,Bodrumspor,Ad. Demirspor,H,1.75,3.7,4.5,1.82,3.6,4.1,2024/25,€19.60m,€16.10m
T1,30/09/2024,Kayserispor,Besiktas,A,5.0,4.0,1.62,5.0,4.2,1.57,2024/25,€22.23m,€129.40m
T1,04/10/2024,Rizespor,Antalyaspor,H,1.73,3.8,4.33,1.75,3.75,4.33,2024/25,€35.18m,€25.58m
T1,05/10/2024,Kasimpasa,Bodrumspor,D,1.95,3.4,4.0,1.95,3.4,3.75,2024/25,€26.88m,€19.60m
T1,05/10/2024,Goztep,Sivasspor,H,1.75,3.6,4.5,1.78,3.5,4.33,2024/25,€40.55m,€20.05m
T1,05/10/2024,Buyuksehyr,Kayserispor,D,1.57,4.0,5.75,1.6,4.1,5.0,2024/25,€46.55m,€22.23m
T1,05/10/2024,Hatayspor,Trabzonspor,D,3.75,3.3,2.05,3.5,3.25,2.05,2024/25,€20.03m,€94.70m
T1,06/10/2024,Konyaspor,Eyupspor,H,2.2,3.2,3.4,2.15,3.25,3.3,2024/25,€22.43m,€29.15m
T1,06/10/2024,Ad. Demirspor,Samsunspor,A,4.75,3.8,1.7,4.33,3.75,1.73,2024/25,€16.10m,€31.18m
T1,06/10/2024,Galatasaray,Alanyaspor,H,1.3,6.0,8.0,1.32,5.5,7.75,2024/25,€260.85m,€22.05m
T1,06/10/2024,Gaziantep,Besiktas,D,5.0,3.8,1.67,4.6,4.0,1.65,2024/25,€21.15m,€129.40m
T1,19/10/2024,Kayserispor,Gaziantep,D,2.15,3.5,3.2,2.15,3.6,3.0,2024/25,€22.23m,€21.15m
T1,19/10/2024,Trabzonspor,Buyuksehyr,H,2.0,3.5,3.6,2.05,3.4,3.4,2024/25,€94.70m,€46.55m
T1,19/10/2024,Antalyaspor,Galatasaray,A,6.5,5.25,1.38,7.0,5.0,1.38,2024/25,€25.58m,€260.85m
T1,19/10/2024,Eyupspor,Goztep,H,2.15,3.5,3.2,2.1,3.4,3.2,2024/25,€29.15m,€40.55m
T1,20/10/2024,Sivasspor,Hatayspor,H,2.15,3.4,3.25,2.15,3.3,3.3,2024/25,€20.05m,€20.03m
T1,20/10/2024,Besiktas,Konyaspor,H,1.4,5.0,6.5,1.43,4.5,6.75,2024/25,€129.40m,€22.43m
T1,20/10/2024,Alanyaspor,Kasimpasa,A,2.25,3.4,3.1,2.1,3.5,3.1,2024/25,€22.05m,€26.88m
T1,20/10/2024,Samsunspor,Fenerbahce,D,4.2,3.5,1.85,4.33,3.6,1.78,2024/25,€31.18m,€219.90m
T1,21/10/2024,Bodrumspor,Rizespor,A,2.38,3.2,3.1,2.37,3.2,2.95,2024/25,€19.60m,€35.18m
T1,25/10/2024,Ad. Demirspor,Sivasspor,A,2.75,3.4,2.45,2.75,3.5,2.37,2024/25,€16.10m,€20.05m
T1,26/10/2024,Hatayspor,Kayserispor,A,2.15,3.5,3.2,2.15,3.5,3.1,2024/25,€20.03m,€22.23m
T1,26/10/2024,Kasimpasa,Samsunspor,A,2.62,3.25,2.7,2.6,3.25,2.6,2024/25,€26.88m,€31.18m
T1,26/10/2024,Goztep,Trabzonspor,H,2.35,3.3,3.0,2.35,3.4,2.85,2024/25,€40.55m,€94.70m
T1,27/10/2024,Gaziantep,Konyaspor,H,2.5,3.3,2.8,2.5,3.1,2.8,2024/25,€21.15m,€22.43m
T1,27/10/2024,Alanyaspor,Antalyaspor,A,1.95,3.5,3.8,1.93,3.6,3.6,2024/25,€22.05m,€25.58m
T1,27/10/2024,Fenerbahce,Bodrumspor,H,1.22,6.5,11.0,1.22,6.25,12.0,2024/25,€219.90m,€19.60m
T1,28/10/2024,Buyuksehyr,Eyupspor,D,2.1,3.4,3.4,2.05,3.4,3.3,2024/25,€46.55m,€29.15m
T1,28/10/2024,Galatasaray,Besiktas,H,1.82,3.9,3.7,1.88,3.7,3.7,2024/25,€260.85m,€129.40m
T1,01/11/2024,Gaziantep,Goztep,H,2.45,3.5,2.75,2.37,3.3,2.85,2024/25,€21.15m,€40.55m
T1,02/11/2024,Sivasspor,Rizespor,H,2.55,3.3,2.75,2.45,3.3,2.75,2024/25,€20.05m,€35.18m
T1,02/11/2024,Kayserispor,Ad. Demirspor,D,1.6,4.5,4.75,1.6,4.33,4.6,2024/25,€22.23m,€16.10m
T1,02/11/2024,Besiktas,Kasimpasa,A,1.57,4.5,5.0,1.6,4.2,5.0,2024/25,€129.40m,€26.88m
T1,03/11/2024,Konyaspor,Buyuksehyr,H,2.45,3.2,2.8,2.45,3.1,2.87,2024/25,€22.43m,€46.55m
T1,03/11/2024,Bodrumspor,Alanyaspor,D,2.63,2.8,3.0,2.65,2.87,2.85,2024/25,€19.60m,€22.05m
T1,03/11/2024,Eyupspor,Hatayspor,H,1.7,3.75,4.75,1.73,3.7,4.4,2024/25,€29.15m,€20.03m
T1,03/11/2024,Trabzonspor,Fenerbahce,A,4.5,3.6,1.75,4.1,3.75,1.77,2024/25,€94.70m,€219.90m
T1,04/11/2024,Samsunspor,Antalyaspor,H,1.75,3.5,4.5,1.78,3.6,4.33,2024/25,€31.18m,€25.58m
T1,08/11/2024,Kasimpasa,Kayserispor,A,1.8,3.6,4.2,1.85,3.7,3.8,2024/25,€26.88m,€22.23m
T1,09/11/2024,Antalyaspor,Bodrumspor,H,2.4,3.0,3.25,2.5,3.0,2.87,2024/25,€25.58m,€19.60m
T1,09/11/2024,Hatayspor,Gaziantep,H,2.5,3.4,2.75,2.5,3.25,2.7,2024/25,€20.03m,€21.15m
T1,09/11/2024,Ad. Demirspor,Eyupspor,A,4.75,4.0,1.7,4.75,4.0,1.65,2024/25,€16.10m,€29.15m
T1,09/11/2024,Rizespor,Trabzonspor,H,2.7,3.4,2.5,2.7,3.5,2.4,2024/25,€35.18m,€94.70m
T1,10/11/2024,Goztep,Konyaspor,H,2.0,3.5,3.75,2.05,3.3,3.5,2024/25,€40.55m,€22.43m
T1,10/11/2024,Galatasaray,Samsunspor,H,1.42,4.75,6.5,1.43,4.75,6.25,2024/25,€260.85m,€31.18m
T1,10/11/2024,Buyuksehyr,Besiktas,D,3.0,3.3,2.38,2.8,3.4,2.35,2024/25,€46.55m,€129.40m
T1,10/11/2024,Fenerbahce,Sivasspor,H,1.2,7.0,12.0,1.21,6.75,12.0,2024/25,€219.90m,€20.05m
T1,23/11/2024,Eyupspor,Rizespor,A,1.95,3.4,3.8,2.0,3.4,3.5,2024/25,€29.15m,€35.18m
T1,23/11/2024,Gaziantep,Buyuksehyr,H,2.6,3.4,2.6,2.6,3.4,2.55,2024/25,€21.15m,€46.55m
T1,23/11/2024,Kayserispor,Fenerbahce,A,7.0,4.33,1.44,6.25,4.6,1.44,2024/25,€22.23m,€219.90m
T1,23/11/2024,Bodrumspor,Galatasaray,A,7.5,4.5,1.42,6.5,4.8,1.41,2024/25,€19.60m,€260.85m
T1,24/11/2024,Sivasspor,Kasimpasa,D,2.75,3.4,2.45,2.65,3.5,2.45,2024/25,€20.05m,€26.88m
T1,24/11/2024,Konyaspor,Hatayspor,D,1.95,3.5,3.8,1.93,3.4,3.9,2024/25,€22.43m,€20.03m
T1,24/11/2024,Samsunspor,Alanyaspor,D,1.73,3.6,4.75,1.77,3.6,4.33,2024/25,€31.18m,€22.05m
T1,24/11/2024,Besiktas,Goztep,A,1.48,4.33,6.25,1.5,4.33,6.0,2024/25,€129.40m,€40.55m
T1,25/11/2024,Trabzonspor,Ad. Demirspor,H,1.48,4.5,6.0,1.44,4.8,6.0,2024/25,€94.70m,€16.10m
T1,29/11/2024,Antalyaspor,Sivasspor,H,1.95,3.5,3.7,2.0,3.4,3.5,2024/25,€25.58m,€20.05m
T1,30/11/2024,Samsunspor,Bodrumspor,H,1.67,3.5,5.5,1.68,3.6,5.0,2024/25,€31.18m,€19.60m
T1,30/11/2024,Ad. Demirspor,Konyaspor,A,3.4,3.25,2.15,3.2,3.5,2.15,2024/25,€16.10m,€22.43m
T1,30/11/2024,Alanyaspor,Trabzonspor,H,2.5,3.25,2.8,2.45,3.3,2.7,2024/25,€22.05m,€94.70m
T1,30/11/2024,Buyuksehyr,Goztep,H,2.38,3.25,3.0,2.35,3.25,2.95,2024/25,€46.55m,€40.55m
T1,01/12/2024,Rizespor,Kayserispor,H,1.83,3.6,4.2,1.82,3.7,3.9,2024/25,€35.18m,€22.23m
T1,01/12/2024,Galatasaray,Eyupspor,D,1.25,7.0,8.5,1.26,6.25,9.25,2024/25,€260.85m,€29.15m
T1,02/12/2024,Fenerbahce,Gaziantep,H,1.25,6.5,9.0,1.24,6.5,10.0,2024/25,€219.90m,€21.15m
T1,02/12/2024,Hatayspor,Besiktas,D,4.1,3.6,1.83,3.8,3.8,1.83,2024/25,€20.03m,€129.40m
T1,06/12/2024,Trabzonspor,Kasimpasa,D,1.85,3.6,4.0,1.95,3.6,3.5,2024/25,€94.70m,€26.88m
T1,07/12/2024,Konyaspor,Antalyaspor,D,2.0,3.3,3.7,2.05,3.3,3.5,2024/25,€22.43m,€25.58m
T1,07/12/2024,Goztep,Ad. Demirspor,H,1.3,5.25,9.0,1.28,5.5,9.75,2024/25,€40.55m,€16.10m
T1,07/12/2024,Besiktas,Fenerbahce,H,3.6,3.5,1.85,3.5,3.7,1.93,2024/25,€129.40m,€219.90m
T1,08/12/2024,Eyupspor,Samsunspor,H,2.88,3.3,2.38,2.7,3.3,2.45,2024/25,€29.15m,€31.18m
T1,08/12/2024,Kayserispor,Alanyaspor,H,2.3,3.3,3.0,2.37,3.4,2.75,2024/25,€22.23m,€22.05m
T1,08/12/2024,Sivasspor,Galatasaray,A,5.75,5.0,1.42,5.75,5.25,1.43,2024/25,€20.05m,€260.85m
T1,08/12/2024,Buyuksehyr,Hatayspor,H,1.7,3.7,4.2,1.77,3.7,4.2,2024/25,€46.55m,€20.03m
T1,09/12/2024,Gaziantep,Rizespor,H,2.5,3.4,2.6,2.45,3.5,2.65,2024/25,€21.15m,€35.18m
T1,13/12/2024,Bodrumspor,Sivasspor,H,1.95,3.7,3.6,2.0,3.3,3.6,2024/25,€19.60m,€20.05m
T1,13/12/2024,Kasimpasa,Eyupspor,H,2.38,3.4,2.88,2.37,3.4,2.8,2024/25,€26.88m,€29.15m
T1,14/12/2024,Rizespor,Konyaspor,D,2.1,3.4,3.4,2.1,3.25,3.5,2024/25,€35.18m,€22.43m
T1,14/12/2024,Alanyaspor,Gaziantep,H,1.95,3.6,3.75,1.98,3.5,3.6,2024/25,€22.05m,€21.15m
T1,15/12/2024,Hatayspor,Goztep,D,2.9,3.4,2.35,2.85,3.4,2.35,2024/25,€20.03m,€40.55m
T1,15/12/2024,Antalyaspor,Kayserispor,H,2.05,3.5,3.4,2.05,3.5,3.3,2024/25,€25.58m,€22.23m
T1,15/12/2024,Fenerbahce,Buyuksehyr,H,1.38,5.75,6.25,1.36,5.0,7.5,2024/25,€219.90m,€46.55m
T1,16/12/2024,Ad. Demirspor,Besiktas,H,7.5,5.0,1.36,8.0,5.25,1.33,2024/25,€16.10m,€129.40m
T1,16/12/2024,Galatasaray,Trabzonspor,H,1.33,5.75,6.5,1.32,6.0,7.25,2024/25,€260.85m,€94.70m
T1,20/12/2024,Eyupspor,Fenerbahce,D,5.0,4.5,1.55,5.0,4.33,1.55,2024/25,€29.15m,€219.90m
T1,21/12/2024,Sivasspor,Samsunspor,D,3.75,3.5,1.95,3.5,3.3,2.05,2024/25,€20.05m,€31.18m
T1,21/12/2024,Besiktas,Alanyaspor,D,1.67,4.0,4.5,1.63,4.0,4.6,2024/25,€129.40m,€22.05m
T1,22/12/2024,Gaziantep,Antalyaspor,H,2.15,3.4,3.25,2.1,3.4,3.3,2024/25,€21.15m,€25.58m
T1,22/12/2024,Goztep,Rizespor,H,2.05,3.3,3.7,2.1,3.4,3.3,2024/25,€40.55m,€35.18m
T1,22/12/2024,Kayserispor,Galatasaray,A,7.5,5.0,1.36,7.25,5.25,1.35,2024/25,€22.23m,€260.85m
T1,22/12/2024,Trabzonspor,Bodrumspor,H,1.57,3.9,5.5,1.58,4.0,5.25,2024/25,€94.70m,€19.60m
T1,23/12/2024,Buyuksehyr,Kasimpasa,D,2.05,3.4,3.3,2.0,3.5,3.4,2024/25,€46.55m,€26.88m
T1,23/12/2024,Hatayspor,Ad. Demirspor,A,1.6,4.0,4.33,1.62,3.9,5.0,2024/25,€20.03m,€16.10m
T1,03/01/2025,Alanyaspor,Konyaspor,H,2.05,3.25,3.5,2.05,3.25,3.6,2024/25,€22.05m,€22.43m
T1,03/01/2025,Rizespor,Besiktas,D,2.5,3.4,2.5,2.5,3.4,2.6,2024/25,€35.18m,€129.40m
T1,04/01/2025,Ad. Demirspor,Buyuksehyr,A,4.75,4.0,1.57,5.0,4.0,1.61,2024/25,€16.10m,€46.55m
T1,04/01/2025,Antalyaspor,Eyupspor,A,2.4,3.4,2.63,2.5,3.4,2.6,2024/25,€25.58m,€29.15m
T1,04/01/2025,Galatasaray,Goztep,H,1.33,5.5,7.0,1.32,5.5,7.75,2024/25,€260.85m,€40.55m
T1,04/01/2025,Samsunspor,Trabzonspor,H,2.1,3.5,3.2,2.05,3.6,3.2,2024/25,€31.18m,€94.70m
T1,05/01/2025,Kasimpasa,Gaziantep,D,1.8,3.7,3.9,1.78,3.75,4.1,2024/25,€26.88m,€21.15m
T1,05/01/2025,Bodrumspor,Kayserispor,D,2.1,3.2,3.4,2.15,3.3,3.25,2024/25,€19.60m,€22.23m
T1,05/01/2025,Fenerbahce,Hatayspor,H,1.08,9.0,23.0,1.09,10.5,26.0,2024/25,€219.90m,€20.03m
