Div,Date,HomeTeam,AwayTeam,FTHG,FTAG,FTR,HTHG,HTAG,HTR,B365H,B365D,B365A,BWH,BWD,BWA,Season,HomeValue,AwayValue,HS,AS,HST,AST,HF,AF,HC,AC,HY,AY,HR,AR
P1,06/08/2017,AVS,Sp Lisbon,0.0,2.0,A,0.0,1.0,A,9.0,4.2,1.4,7.5,4.5,1.4,2017/18,€12.15m,€259.08m,12.0,12.0,2.0,9.0,15.0,16.0,6.0,3.0,1.0,0.0,0.0,0.0
P1,06/08/2017,Setubal,Moreirense,1.0,1.0,D,1.0,0.0,H,2.5,3.0,3.0,2.45,3.0,3.0,2017/18,€23.95m,€17.80m,6.0,12.0,2.0,4.0,18.0,22.0,4.0,8.0,1.0,3.0,1.0,0.0
P1,07/08/2017,Feirense,Tondela,1.0,1.0,D,0.0,1.0,A,2.2,3.2,3.4,2.0,3.25,3.8,2017/18,€12.85m,€17.48m,12.0,13.0,5.0,6.0,19.0,25.0,5.0,3.0,4.0,1.0,0.0,0.0
P1,07/08/2017,Portimonense,Boavista,2.0,1.0,H,0.0,1.0,A,2.4,2.9,3.25,2.4,3.0,3.1,2017/18,€35.78m,€16.43m,12.0,5.0,4.0,2.0,14.0,10.0,9.0,4.0,1.0,1.0,0.0,0.0
P1,07/08/2017,Rio Ave,Belenenses,1.0,0.0,H,1.0,0.0,H,1.91,3.4,4.0,1.87,3.3,4.4,2017/18,€32.95m,€19.88m,11.0,10.0,5.0,3.0,17.0,23.0,4.0,8.0,2.0,2.0,0.0,0.0
P1,08/08/2017,Maritimo,Pacos Ferreira,1.0,0.0,H,0.0,0.0,D,2.0,3.2,4.0,1.9,3.4,4.0,2017/18,€28.55m,€15.73m,7.0,4.0,3.0,1.0,13.0,14.0,0.0,7.0,2.0,2.0,0.0,0.0
P1,09/08/2017,Benfica,Sp Braga,3.0,1.0,H,2.0,1.0,H,1.36,4.75,8.5,1.28,5.25,9.75,2017/18,€229.08m,€94.80m,15.0,6.0,9.0,1.0,13.0,18.0,6.0,2.0,2.0,3.0,0.0,0.0
P1,09/08/2017,Porto,Estoril,4.0,0.0,H,1.0,0.0,H,1.18,6.5,15.0,1.18,6.5,14.5,2017/18,€276.50m,€26.20m,17.0,10.0,8.0,4.0,18.0,12.0,10.0,5.0,1.0,1.0,0.0,0.0
P1,10/08/2017,Guimaraes,Chaves,3.0,2.0,H,2.0,0.0,H,1.65,3.6,5.5,1.62,3.8,5.25,2017/18,€50.33m,€23.75m,16.0,15.0,8.0,3.0,21.0,13.0,9.0,7.0,1.0,4.0,0.0,0.0
P1,11/08/2017,Sp Lisbon,Setubal,1.0,0.0,H,0.0,0.0,D,1.2,6.5,13.0,1.2,6.25,13.0,2017/18,€259.08m,€23.95m,12.0,3.0,5.0,1.0,16.0,24.0,7.0,1.0,1.0,2.0,0.0,0.0
P1,12/08/2017,Belenenses,Maritimo,1.0,0.0,H,0.0,0.0,D,2.4,3.0,3.2,2.3,2.9,3.4,2017/18,€19.88m,€28.55m,10.0,7.0,4.0,5.0,20.0,18.0,9.0,4.0,3.0,1.0,0.0,0.0
P1,12/08/2017,Boavista,Rio Ave,1.0,2.0,A,0.0,1.0,A,3.0,3.0,2.5,3.0,2.9,2.55,2017/18,€16.43m,€32.95m,5.0,7.0,2.0,2.0,17.0,17.0,2.0,3.0,3.0,3.0,0.0,0.0
P1,12/08/2017,Moreirense,Feirense,0.0,0.0,D,0.0,0.0,D,2.4,3.0,3.2,2.35,2.95,3.25,2017/18,€17.80m,€12.85m,11.0,6.0,0.0,4.0,18.0,23.0,8.0,4.0,1.0,2.0,0.0,0.0
P1,13/08/2017,Pacos Ferreira,AVS,2.0,2.0,D,0.0,2.0,A,1.91,3.3,4.2,1.91,3.1,4.4,2017/18,€15.73m,€12.15m,16.0,7.0,5.0,3.0,17.0,20.0,2.0,3.0,1.0,3.0,0.0,0.0
P1,13/08/2017,Sp Braga,Portimonense,2.0,1.0,H,1.0,1.0,D,1.53,4.0,6.0,1.5,4.0,6.5,2017/18,€94.80m,€35.78m,8.0,8.0,4.0,1.0,14.0,21.0,5.0,7.0,3.0,3.0,0.0,0.0
P1,13/08/2017,Tondela,Porto,0.0,1.0,A,0.0,1.0,A,11.0,5.0,1.29,8.75,5.25,1.3,2017/18,€17.48m,€276.50m,5.0,15.0,2.0,6.0,22.0,10.0,2.0,6.0,3.0,2.0,0.0,0.0
P1,14/08/2017,Chaves,Benfica,0.0,1.0,A,0.0,0.0,D,7.0,4.75,1.4,7.75,4.75,1.36,2017/18,€23.75m,€229.08m,9.0,21.0,4.0,9.0,12.0,15.0,5.0,13.0,1.0,2.0,0.0,0.0
P1,14/08/2017,Estoril,Guimaraes,3.0,0.0,H,1.0,0.0,H,3.2,3.2,2.3,3.1,3.1,2.35,2017/18,€26.20m,€50.33m,18.0,11.0,5.0,1.0,16.0,13.0,4.0,7.0,2.0,3.0,1.0,2.0
P1,18/08/2017,Rio Ave,Portimonense,2.0,0.0,H,0.0,0.0,D,1.7,3.6,5.0,1.67,3.5,5.25,2017/18,€32.95m,€35.78m,11.0,11.0,7.0,4.0,15.0,11.0,4.0,6.0,0.0,0.0,0.0,0.0
P1,19/08/2017,Benfica,Belenenses,5.0,0.0,H,3.0,0.0,H,1.2,6.25,15.0,1.18,6.75,13.5,2017/18,€229.08m,€19.88m,20.0,7.0,14.0,4.0,22.0,11.0,6.0,2.0,0.0,1.0,0.0,0.0
P1,19/08/2017,Guimaraes,Sp Lisbon,0.0,5.0,A,0.0,3.0,A,4.75,3.6,1.75,5.0,3.6,1.7,2017/18,€50.33m,€259.08m,8.0,13.0,3.0,10.0,18.0,20.0,5.0,3.0,3.0,2.0,0.0,0.0
P1,19/08/2017,Tondela,Estoril,2.0,3.0,A,0.0,2.0,A,2.25,3.25,3.2,2.3,3.1,3.25,2017/18,€17.48m,€26.20m,14.0,8.0,7.0,4.0,23.0,18.0,6.0,1.0,3.0,2.0,0.0,0.0
P1,20/08/2017,AVS,Sp Braga,0.0,2.0,A,0.0,0.0,D,3.1,3.25,2.3,3.2,3.1,2.3,2017/18,€12.15m,€94.80m,9.0,18.0,4.0,9.0,14.0,10.0,4.0,8.0,1.0,0.0,1.0,0.0
P1,20/08/2017,Maritimo,Boavista,1.0,0.0,H,0.0,0.0,D,2.15,3.1,3.6,2.05,3.2,3.75,2017/18,€28.55m,€16.43m,10.0,9.0,2.0,1.0,20.0,10.0,2.0,6.0,0.0,1.0,0.0,0.0
P1,20/08/2017,Porto,Moreirense,3.0,0.0,H,2.0,0.0,H,1.14,7.5,17.0,1.15,7.25,17.0,2017/18,€276.50m,€17.80m,27.0,6.0,11.0,2.0,12.0,9.0,13.0,3.0,0.0,2.0,0.0,0.0
P1,20/08/2017,Setubal,Chaves,1.0,1.0,D,0.0,0.0,D,2.6,3.0,2.9,2.55,2.95,2.95,2017/18,€23.95m,€23.75m,19.0,5.0,9.0,2.0,16.0,16.0,8.0,1.0,1.0,4.0,0.0,1.0
P1,21/08/2017,Feirense,Pacos Ferreira,2.0,1.0,H,1.0,1.0,D,2.5,3.1,2.9,2.35,3.1,3.1,2017/18,€12.85m,€15.73m,12.0,12.0,7.0,3.0,20.0,18.0,5.0,5.0,2.0,2.0,0.0,0.0
P1,25/08/2017,Belenenses,Setubal,1.0,1.0,D,1.0,0.0,H,2.4,3.0,3.2,2.3,2.95,3.4,2017/18,€19.88m,€23.95m,12.0,12.0,5.0,4.0,24.0,16.0,6.0,6.0,3.0,2.0,1.0,0.0
P1,26/08/2017,Chaves,Feirense,0.0,2.0,A,0.0,1.0,A,1.91,3.3,4.2,1.9,3.1,4.5,2017/18,€23.75m,€12.85m,17.0,7.0,5.0,5.0,12.0,14.0,13.0,3.0,1.0,4.0,0.0,0.0
P1,26/08/2017,Moreirense,Tondela,0.0,3.0,A,0.0,1.0,A,2.1,3.0,4.0,2.1,3.0,3.9,2017/18,€17.80m,€17.48m,11.0,12.0,3.0,6.0,11.0,21.0,8.0,5.0,3.0,1.0,1.0,0.0
P1,26/08/2017,Pacos Ferreira,Guimaraes,0.0,0.0,D,0.0,0.0,D,2.6,2.88,3.0,2.45,3.2,2.85,2017/18,€15.73m,€50.33m,7.0,14.0,4.0,2.0,14.0,20.0,4.0,7.0,3.0,4.0,1.0,0.0
P1,26/08/2017,Rio Ave,Benfica,1.0,1.0,D,0.0,0.0,D,6.5,4.0,1.53,6.5,4.0,1.5,2017/18,€32.95m,€229.08m,9.0,10.0,3.0,4.0,16.0,26.0,4.0,5.0,4.0,2.0,0.0,0.0
P1,27/08/2017,Boavista,AVS,1.0,0.0,H,0.0,0.0,D,2.25,3.0,3.5,2.1,3.1,3.7,2017/18,€16.43m,€12.15m,12.0,14.0,3.0,4.0,26.0,12.0,2.0,2.0,2.0,1.0,0.0,1.0
P1,27/08/2017,Sp Braga,Porto,0.0,1.0,A,0.0,1.0,A,8.5,4.2,1.4,7.75,4.1,1.44,2017/18,€94.80m,€276.50m,14.0,21.0,0.0,7.0,21.0,10.0,5.0,7.0,3.0,4.0,0.0,0.0
P1,27/08/2017,Sp Lisbon,Estoril,2.0,1.0,H,2.0,0.0,H,1.14,8.0,15.0,1.18,6.5,14.5,2017/18,€259.08m,€26.20m,13.0,8.0,4.0,3.0,18.0,24.0,7.0,3.0,4.0,5.0,0.0,0.0
P1,28/08/2017,Portimonense,Maritimo,1.0,2.0,A,0.0,0.0,D,2.2,2.9,3.75,2.25,3.1,3.3,2017/18,€35.78m,€28.55m,13.0,7.0,3.0,3.0,11.0,15.0,4.0,5.0,1.0,3.0,0.0,0.0
P1,08/09/2017,Benfica,Portimonense,2.0,1.0,H,0.0,0.0,D,1.14,7.5,17.0,1.17,7.0,13.5,2017/18,€229.08m,€35.78m,15.0,5.0,8.0,2.0,11.0,16.0,5.0,3.0,0.0,4.0,0.0,1.0
P1,08/09/2017,Feirense,Sp Lisbon,2.0,3.0,A,0.0,0.0,D,9.5,4.5,1.36,8.75,4.5,1.36,2017/18,€12.85m,€259.08m,10.0,13.0,7.0,10.0,13.0,16.0,5.0,10.0,3.0,1.0,0.0,0.0
P1,09/09/2017,Maritimo,Rio Ave,1.0,0.0,H,0.0,0.0,D,2.88,3.0,2.63,2.75,3.1,2.6,2017/18,€28.55m,€32.95m,9.0,4.0,4.0,1.0,16.0,21.0,8.0,3.0,0.0,3.0,0.0,1.0
P1,09/09/2017,Porto,Chaves,3.0,0.0,H,0.0,0.0,D,1.14,7.5,19.0,1.14,7.5,17.5,2017/18,€276.50m,€23.75m,14.0,8.0,7.0,3.0,16.0,14.0,8.0,2.0,1.0,3.0,0.0,0.0
P1,09/09/2017,Tondela,Pacos Ferreira,2.0,2.0,D,1.0,0.0,H,2.4,3.1,3.1,2.45,3.1,2.95,2017/18,€17.48m,€15.73m,12.0,10.0,8.0,7.0,0.0,0.0,10.0,4.0,1.0,4.0,0.0,0.0
P1,10/09/2017,Estoril,Moreirense,0.0,2.0,A,0.0,1.0,A,1.95,3.1,4.33,1.95,3.2,4.1,2017/18,€26.20m,€17.80m,13.0,6.0,8.0,4.0,0.0,0.0,7.0,4.0,2.0,3.0,0.0,0.0
P1,10/09/2017,Guimaraes,Boavista,1.0,0.0,H,0.0,0.0,D,1.95,3.4,3.8,1.95,3.25,4.0,2017/18,€50.33m,€16.43m,7.0,5.0,4.0,5.0,0.0,0.0,10.0,5.0,1.0,1.0,0.0,0.0
P1,10/09/2017,Setubal,Sp Braga,2.0,0.0,H,2.0,0.0,H,3.1,3.0,2.45,2.95,3.0,2.5,2017/18,€23.95m,€94.80m,5.0,9.0,3.0,4.0,0.0,0.0,2.0,8.0,3.0,3.0,0.0,0.0
P1,11/09/2017,AVS,Belenenses,2.0,1.0,H,1.0,1.0,D,2.15,3.2,3.5,2.15,3.1,3.5,2017/18,€12.15m,€19.88m,13.0,7.0,4.0,4.0,17.0,18.0,4.0,3.0,2.0,3.0,0.0,0.0
P1,15/09/2017,Pacos Ferreira,Setubal,1.0,0.0,H,0.0,0.0,D,2.3,3.0,3.4,2.25,2.95,3.5,2017/18,€15.73m,€23.95m,5.0,9.0,3.0,4.0,17.0,12.0,5.0,4.0,4.0,3.0,0.0,0.0
P1,16/09/2017,Boavista,Benfica,2.0,1.0,H,0.0,1.0,A,7.5,4.5,1.4,7.0,4.2,1.45,2017/18,€16.43m,€229.08m,6.0,13.0,4.0,9.0,15.0,19.0,3.0,11.0,2.0,1.0,0.0,0.0
P1,16/09/2017,Maritimo,AVS,2.0,1.0,H,2.0,0.0,H,2.1,3.2,3.6,2.1,3.1,3.7,2017/18,€28.55m,€12.15m,7.0,11.0,5.0,6.0,18.0,12.0,3.0,7.0,3.0,2.0,0.0,0.0
P1,16/09/2017,Sp Lisbon,Tondela,2.0,0.0,H,1.0,0.0,H,1.14,7.5,17.0,1.14,7.5,17.5,2017/18,€259.08m,€17.48m,8.0,1.0,4.0,0.0,14.0,20.0,3.0,4.0,2.0,3.0,0.0,0.0
P1,17/09/2017,Belenenses,Estoril,2.0,1.0,H,0.0,0.0,D,2.3,3.1,3.3,2.2,3.1,3.4,2017/18,€19.88m,€26.20m,12.0,14.0,7.0,7.0,18.0,18.0,6.0,4.0,4.0,3.0,0.0,1.0
P1,17/09/2017,Rio Ave,Porto,1.0,2.0,A,0.0,0.0,D,9.0,4.5,1.36,9.0,4.5,1.36,2017/18,€32.95m,€276.50m,5.0,8.0,2.0,5.0,10.0,24.0,2.0,4.0,5.0,4.0,1.0,0.0
P1,17/09/2017,Sp Braga,Guimaraes,2.0,1.0,H,2.0,1.0,H,1.95,3.2,4.2,1.91,3.4,4.0,2017/18,€94.80m,€50.33m,8.0,5.0,3.0,2.0,24.0,18.0,1.0,1.0,3.0,3.0,0.0,0.0
P1,18/09/2017,Chaves,Moreirense,3.0,0.0,H,1.0,0.0,H,2.15,3.0,3.8,2.2,3.2,3.3,2017/18,€23.75m,€17.80m,9.0,9.0,4.0,4.0,15.0,15.0,3.0,2.0,0.0,2.0,0.0,0.0
P1,18/09/2017,Portimonense,Feirense,2.0,1.0,H,2.0,1.0,H,2.15,3.1,3.6,2.2,3.1,3.4,2017/18,€35.78m,€12.85m,12.0,5.0,7.0,1.0,18.0,13.0,7.0,4.0,2.0,3.0,0.0,0.0
P1,22/09/2017,Porto,Portimonense,5.0,2.0,H,3.0,1.0,H,1.14,8.0,15.0,1.11,8.25,19.5,2017/18,€276.50m,€35.78m,16.0,9.0,9.0,6.0,13.0,9.0,5.0,4.0,2.0,2.0,0.0,0.0
P1,23/09/2017,Benfica,Pacos Ferreira,2.0,0.0,H,1.0,0.0,H,1.17,7.5,15.0,1.17,6.75,15.5,2017/18,€229.08m,€15.73m,17.0,3.0,9.0,2.0,12.0,11.0,11.0,2.0,3.0,2.0,0.0,0.0
P1,23/09/2017,Estoril,Chaves,0.0,2.0,A,0.0,1.0,A,2.05,3.2,3.8,2.0,3.2,3.9,2017/18,€26.20m,€23.75m,7.0,10.0,1.0,5.0,15.0,13.0,10.0,6.0,2.0,0.0,0.0,0.0
P1,23/09/2017,Moreirense,Sp Lisbon,1.0,1.0,D,1.0,0.0,H,8.0,4.5,1.4,7.5,4.4,1.4,2017/18,€17.80m,€259.08m,11.0,5.0,6.0,1.0,25.0,15.0,3.0,8.0,3.0,4.0,0.0,0.0
P1,24/09/2017,AVS,Rio Ave,0.0,0.0,D,0.0,0.0,D,2.8,3.0,2.7,2.8,3.25,2.45,2017/18,€12.15m,€32.95m,10.0,9.0,6.0,1.0,17.0,10.0,2.0,3.0,3.0,2.0,0.0,0.0
P1,24/09/2017,Feirense,Belenenses,1.0,4.0,A,0.0,3.0,A,2.38,3.0,3.25,2.35,3.1,3.1,2017/18,€12.85m,€19.88m,7.0,14.0,3.0,7.0,17.0,15.0,8.0,1.0,1.0,3.0,0.0,0.0
P1,24/09/2017,Guimaraes,Maritimo,2.0,1.0,H,1.0,1.0,D,2.0,3.1,4.2,1.91,3.3,4.1,2017/18,€50.33m,€28.55m,12.0,5.0,5.0,2.0,17.0,19.0,10.0,4.0,2.0,2.0,1.0,1.0
P1,24/09/2017,Tondela,Sp Braga,1.0,2.0,A,1.0,1.0,D,3.2,3.2,2.25,3.0,3.2,2.35,2017/18,€17.48m,€94.80m,6.0,11.0,2.0,3.0,14.0,21.0,3.0,6.0,2.0,3.0,1.0,0.0
P1,25/09/2017,Setubal,Boavista,1.0,1.0,D,0.0,0.0,D,2.15,3.0,3.75,2.15,3.1,3.6,2017/18,€23.95m,€16.43m,7.0,9.0,4.0,4.0,11.0,20.0,4.0,6.0,0.0,1.0,0.0,0.0
P1,29/09/2017,Chaves,Tondela,1.0,1.0,D,1.0,1.0,D,1.75,3.4,5.0,1.8,3.4,4.6,2017/18,€23.75m,€17.48m,15.0,5.0,7.0,1.0,11.0,16.0,10.0,3.0,2.0,2.0,0.0,2.0
P1,30/09/2017,Boavista,Feirense,1.0,0.0,H,1.0,0.0,H,2.0,3.1,4.2,2.0,3.1,4.0,2017/18,€16.43m,€12.85m,9.0,5.0,2.0,3.0,15.0,15.0,6.0,8.0,3.0,4.0,0.0,0.0
P1,30/09/2017,Pacos Ferreira,Moreirense,3.0,2.0,H,2.0,1.0,H,2.05,3.1,4.0,2.0,3.2,3.9,2017/18,€15.73m,€17.80m,6.0,13.0,5.0,8.0,20.0,19.0,2.0,6.0,4.0,1.0,0.0,0.0
P1,30/09/2017,Portimonense,AVS,2.0,2.0,D,1.0,1.0,D,2.15,3.1,3.6,2.2,3.0,3.6,2017/18,€35.78m,€12.15m,15.0,8.0,5.0,2.0,15.0,7.0,11.0,1.0,3.0,2.0,0.0,0.0
P1,30/09/2017,Rio Ave,Setubal,2.0,1.0,H,0.0,0.0,D,1.91,3.25,4.33,1.8,3.3,4.75,2017/18,€32.95m,€23.95m,9.0,5.0,6.0,1.0,12.0,20.0,3.0,4.0,3.0,2.0,0.0,0.0
P1,01/10/2017,Belenenses,Guimaraes,1.0,0.0,H,1.0,0.0,H,2.38,3.1,3.1,2.45,3.2,2.85,2017/18,€19.88m,€50.33m,4.0,8.0,2.0,2.0,15.0,15.0,1.0,11.0,4.0,1.0,0.0,0.0
P1,01/10/2017,Maritimo,Benfica,1.0,1.0,D,0.0,1.0,A,8.0,4.0,1.45,6.75,3.9,1.5,2017/18,€28.55m,€229.08m,10.0,11.0,6.0,5.0,12.0,17.0,4.0,8.0,2.0,1.0,0.0,0.0
P1,01/10/2017,Sp Braga,Estoril,6.0,0.0,H,2.0,0.0,H,1.57,3.8,6.0,1.57,3.7,6.25,2017/18,€94.80m,€26.20m,12.0,10.0,9.0,3.0,21.0,17.0,4.0,5.0,0.0,2.0,0.0,0.0
P1,01/10/2017,Sp Lisbon,Porto,0.0,0.0,D,0.0,0.0,D,2.45,3.2,2.9,2.4,3.4,2.8,2017/18,€259.08m,€276.50m,3.0,9.0,1.0,6.0,13.0,17.0,10.0,2.0,2.0,3.0,0.0,0.0
P1,20/10/2017,Estoril,Boavista,0.0,3.0,A,0.0,2.0,A,2.2,3.0,3.6,2.25,3.0,3.4,2017/18,€26.20m,€16.43m,11.0,9.0,4.0,6.0,15.0,13.0,11.0,2.0,2.0,4.0,0.0,0.0
P1,21/10/2017,Feirense,Rio Ave,1.0,0.0,H,1.0,0.0,H,2.89,3.0,2.6,2.7,3.1,2.65,2017/18,€12.85m,€32.95m,6.0,6.0,2.0,3.0,18.0,12.0,5.0,5.0,5.0,5.0,1.0,2.0
P1,21/10/2017,Porto,Pacos Ferreira,6.0,1.0,H,4.0,1.0,H,1.12,8.5,23.0,1.11,8.0,23.0,2017/18,€276.50m,€15.73m,17.0,6.0,12.0,3.0,12.0,20.0,6.0,2.0,2.0,4.0,0.0,0.0
P1,21/10/2017,Setubal,Maritimo,3.0,1.0,H,0.0,1.0,A,2.37,3.0,3.25,2.3,2.9,3.4,2017/18,€23.95m,€28.55m,14.0,4.0,6.0,3.0,18.0,21.0,6.0,2.0,0.0,2.0,0.0,1.0
P1,22/10/2017,AVS,Benfica,1.0,3.0,A,0.0,1.0,A,8.0,4.75,1.36,9.75,5.0,1.3,2017/18,€12.15m,€229.08m,8.0,17.0,3.0,12.0,7.0,18.0,5.0,10.0,1.0,3.0,0.0,0.0
P1,22/10/2017,Sp Lisbon,Chaves,5.0,1.0,H,3.0,0.0,H,1.19,6.5,13.0,1.18,6.5,15.0,2017/18,€259.08m,€23.75m,8.0,7.0,5.0,2.0,15.0,11.0,4.0,4.0,1.0,1.0,0.0,0.0
P1,22/10/2017,Tondela,Belenenses,2.0,0.0,H,0.0,0.0,D,2.45,3.0,3.1,2.5,3.2,2.8,2017/18,€17.48m,€19.88m,16.0,8.0,5.0,2.0,19.0,23.0,2.0,1.0,4.0,4.0,0.0,1.0
P1,23/10/2017,Guimaraes,Portimonense,3.0,3.0,D,1.0,3.0,A,1.83,3.39,4.5,1.83,3.5,4.25,2017/18,€50.33m,€35.78m,14.0,8.0,8.0,6.0,16.0,18.0,8.0,3.0,1.0,2.0,0.0,0.0
P1,23/10/2017,Moreirense,Sp Braga,0.0,1.0,A,0.0,0.0,D,3.75,3.2,2.04,4.0,3.3,1.95,2017/18,€17.80m,€94.80m,1.0,13.0,1.0,6.0,21.0,22.0,4.0,7.0,3.0,2.0,0.0,0.0
P1,27/10/2017,Benfica,Feirense,1.0,0.0,H,1.0,0.0,H,1.14,8.5,13.0,1.14,7.75,16.0,2017/18,€229.08m,€12.85m,11.0,6.0,5.0,4.0,20.0,16.0,7.0,6.0,0.0,3.0,0.0,0.0
P1,27/10/2017,Rio Ave,Sp Lisbon,0.0,1.0,A,0.0,0.0,D,7.5,3.6,1.53,5.75,4.0,1.55,2017/18,€32.95m,€259.08m,19.0,5.0,5.0,1.0,12.0,12.0,8.0,3.0,0.0,2.0,0.0,0.0
P1,28/10/2017,Belenenses,Moreirense,3.0,0.0,H,1.0,0.0,H,2.1,3.0,4.0,2.15,3.1,3.5,2017/18,€19.88m,€17.80m,7.0,9.0,4.0,2.0,19.0,12.0,3.0,6.0,3.0,1.0,0.0,0.0
P1,28/10/2017,Boavista,Porto,0.0,3.0,A,0.0,0.0,D,9.0,4.5,1.36,8.0,4.75,1.36,2017/18,€16.43m,€276.50m,6.0,12.0,1.0,6.0,18.0,19.0,7.0,5.0,6.0,5.0,0.0,0.0
P1,28/10/2017,Maritimo,Tondela,2.0,0.0,H,1.0,0.0,H,1.95,3.2,4.2,1.95,3.25,4.0,2017/18,€28.55m,€17.48m,7.0,9.0,4.0,3.0,18.0,21.0,3.0,2.0,4.0,3.0,0.0,0.0
P1,29/10/2017,AVS,Guimaraes,1.0,3.0,A,1.0,2.0,A,2.45,3.0,3.1,2.4,3.1,3.0,2017/18,€12.15m,€50.33m,12.0,9.0,4.0,5.0,18.0,12.0,6.0,1.0,1.0,2.0,0.0,0.0
P1,29/10/2017,Pacos Ferreira,Estoril,1.0,0.0,H,1.0,0.0,H,2.04,3.1,4.0,2.0,3.3,3.7,2017/18,€15.73m,€26.20m,5.0,6.0,1.0,1.0,25.0,13.0,6.0,7.0,5.0,1.0,1.0,0.0
P1,29/10/2017,Sp Braga,Chaves,1.0,0.0,H,0.0,0.0,D,1.53,4.0,6.0,1.5,4.2,6.0,2017/18,€94.80m,€23.75m,8.0,6.0,5.0,2.0,20.0,12.0,12.0,5.0,3.0,1.0,0.0,0.0
P1,30/10/2017,Portimonense,Setubal,5.0,2.0,H,3.0,1.0,H,2.14,3.1,3.6,2.1,3.25,3.5,2017/18,€35.78m,€23.95m,13.0,7.0,11.0,4.0,23.0,9.0,4.0,2.0,3.0,3.0,0.0,1.0
P1,03/11/2017,Setubal,AVS,0.0,1.0,A,0.0,0.0,D,2.1,3.2,3.6,2.1,3.1,3.7,2017/18,€23.95m,€12.15m,7.0,6.0,4.0,5.0,12.0,23.0,2.0,7.0,3.0,4.0,1.0,0.0
P1,04/11/2017,Estoril,Rio Ave,0.0,2.0,A,0.0,1.0,A,3.6,3.1,2.14,3.4,3.1,2.2,2017/18,€26.20m,€32.95m,8.0,12.0,3.0,8.0,22.0,22.0,2.0,5.0,3.0,2.0,0.0,0.0
P1,04/11/2017,Moreirense,Portimonense,1.0,1.0,D,1.0,1.0,D,2.39,3.1,3.1,2.4,3.25,2.9,2017/18,€17.80m,€35.78m,7.0,12.0,5.0,4.0,18.0,9.0,3.0,4.0,2.0,1.0,0.0,0.0
P1,04/11/2017,Porto,Belenenses,2.0,0.0,H,1.0,0.0,H,1.1,9.0,21.0,1.11,8.25,20.0,2017/18,€276.50m,€19.88m,17.0,6.0,9.0,3.0,12.0,10.0,8.0,3.0,0.0,1.0,0.0,0.0
P1,04/11/2017,Tondela,Boavista,3.0,2.0,H,0.0,0.0,D,2.37,3.0,3.25,2.35,3.0,3.25,2017/18,€17.48m,€16.43m,15.0,11.0,6.0,4.0,14.0,18.0,3.0,9.0,1.0,2.0,0.0,0.0
P1,05/11/2017,Chaves,Pacos Ferreira,4.0,2.0,H,1.0,1.0,D,2.04,3.1,4.0,2.05,3.25,3.6,2017/18,€23.75m,€15.73m,12.0,12.0,7.0,6.0,10.0,19.0,7.0,4.0,3.0,2.0,0.0,0.0
P1,05/11/2017,Feirense,Maritimo,0.0,1.0,A,0.0,1.0,A,2.39,3.0,3.2,2.35,2.95,3.25,2017/18,€12.85m,€28.55m,8.0,6.0,1.0,4.0,15.0,17.0,9.0,4.0,3.0,6.0,0.0,1.0
P1,05/11/2017,Guimaraes,Benfica,1.0,3.0,A,0.0,1.0,A,6.5,3.6,1.57,5.5,4.0,1.57,2017/18,€50.33m,€229.08m,6.0,9.0,1.0,5.0,19.0,22.0,7.0,5.0,0.0,4.0,0.0,0.0
P1,05/11/2017,Sp Lisbon,Sp Braga,2.0,2.0,D,0.0,0.0,D,1.44,4.2,7.5,1.48,4.2,6.5,2017/18,€259.08m,€94.80m,11.0,8.0,6.0,4.0,15.0,22.0,5.0,9.0,1.0,3.0,0.0,0.0
P1,24/11/2017,Belenenses,Chaves,0.0,1.0,A,0.0,1.0,A,2.25,3.1,3.39,2.2,3.1,3.4,2017/18,€19.88m,€23.75m,8.0,8.0,4.0,1.0,17.0,27.0,10.0,4.0,4.0,2.0,1.0,0.0
P1,25/11/2017,AVS,Porto,1.0,1.0,D,0.0,1.0,A,11.0,5.0,1.3,10.5,5.25,1.28,2017/18,€12.15m,€276.50m,11.0,8.0,3.0,1.0,17.0,15.0,2.0,4.0,4.0,3.0,0.0,1.0
P1,25/11/2017,Boavista,Moreirense,1.0,0.0,H,1.0,0.0,H,2.04,3.25,3.75,2.0,3.1,4.0,2017/18,€16.43m,€17.80m,10.0,6.0,3.0,1.0,14.0,21.0,3.0,6.0,2.0,3.0,0.0,0.0
P1,25/11/2017,Portimonense,Tondela,2.0,0.0,H,1.0,0.0,H,1.9,3.5,3.89,1.9,3.4,4.0,2017/18,€35.78m,€17.48m,13.0,8.0,7.0,3.0,16.0,22.0,5.0,5.0,1.0,0.0,0.0,0.0
P1,26/11/2017,Benfica,Setubal,6.0,0.0,H,2.0,0.0,H,1.18,7.0,13.0,1.15,7.0,18.0,2017/18,€229.08m,€23.95m,17.0,3.0,12.0,2.0,20.0,15.0,12.0,2.0,2.0,2.0,0.0,1.0
P1,26/11/2017,Maritimo,Estoril,0.0,0.0,D,0.0,0.0,D,2.0,3.2,4.0,1.91,3.3,4.1,2017/18,€28.55m,€26.20m,2.0,13.0,1.0,4.0,13.0,18.0,2.0,6.0,1.0,2.0,0.0,0.0
P1,26/11/2017,Pacos Ferreira,Sp Lisbon,1.0,2.0,A,0.0,1.0,A,8.0,4.75,1.36,8.5,4.75,1.35,2017/18,€15.73m,€259.08m,12.0,7.0,5.0,5.0,14.0,16.0,10.0,5.0,5.0,5.0,0.0,0.0
P1,27/11/2017,Rio Ave,Guimaraes,0.0,1.0,A,0.0,1.0,A,2.0,3.39,3.75,2.05,3.25,3.7,2017/18,€32.95m,€50.33m,11.0,6.0,4.0,2.0,16.0,21.0,12.0,5.0,0.0,4.0,0.0,0.0
P1,27/11/2017,Sp Braga,Feirense,3.0,1.0,H,3.0,1.0,H,1.44,4.2,7.5,1.48,4.1,6.5,2017/18,€94.80m,€12.85m,10.0,8.0,7.0,4.0,16.0,20.0,6.0,3.0,0.0,2.0,0.0,0.0
P1,01/12/2017,Porto,Benfica,0.0,0.0,D,0.0,0.0,D,1.75,3.5,4.75,1.78,3.5,4.5,2017/18,€276.50m,€229.08m,9.0,3.0,5.0,1.0,5.0,15.0,7.0,5.0,1.0,3.0,0.0,1.0
P1,01/12/2017,Sp Lisbon,Belenenses,1.0,0.0,H,1.0,0.0,H,1.18,7.0,14.0,1.19,6.5,13.5,2017/18,€259.08m,€19.88m,8.0,8.0,4.0,3.0,15.0,16.0,5.0,3.0,1.0,3.0,0.0,0.0
P1,02/12/2017,Chaves,Boavista,0.0,0.0,D,0.0,0.0,D,2.04,3.0,4.09,2.05,3.1,3.8,2017/18,€23.75m,€16.43m,9.0,7.0,3.0,5.0,13.0,18.0,6.0,1.0,1.0,5.0,0.0,0.0
P1,02/12/2017,Moreirense,Maritimo,1.0,1.0,D,1.0,1.0,D,2.5,3.0,3.0,2.55,3.1,2.85,2017/18,€17.80m,€28.55m,11.0,2.0,5.0,2.0,15.0,15.0,8.0,3.0,3.0,1.0,1.0,0.0
P1,02/12/2017,Tondela,Rio Ave,1.0,3.0,A,0.0,1.0,A,2.89,3.25,2.39,3.0,3.1,2.4,2017/18,€17.48m,€32.95m,4.0,7.0,2.0,3.0,14.0,3.0,4.0,2.0,2.0,2.0,0.0,0.0
P1,03/12/2017,Feirense,AVS,0.0,1.0,A,0.0,0.0,D,2.45,3.1,3.0,2.55,3.0,2.9,2017/18,€12.85m,€12.15m,6.0,15.0,3.0,8.0,18.0,14.0,4.0,9.0,3.0,2.0,1.0,0.0
P1,03/12/2017,Setubal,Guimaraes,1.0,2.0,A,0.0,1.0,A,3.1,3.1,2.39,2.85,3.2,2.45,2017/18,€23.95m,€50.33m,13.0,6.0,4.0,2.0,17.0,25.0,7.0,3.0,2.0,5.0,0.0,0.0
P1,03/12/2017,Sp Braga,Pacos Ferreira,3.0,0.0,H,0.0,0.0,D,1.44,4.2,7.5,1.44,4.1,7.5,2017/18,€94.80m,€15.73m,11.0,2.0,6.0,1.0,15.0,20.0,8.0,4.0,2.0,3.0,0.0,1.0
P1,04/12/2017,Estoril,Portimonense,0.0,0.0,D,0.0,0.0,D,2.45,3.1,3.0,2.55,3.2,2.75,2017/18,€26.20m,€35.78m,14.0,7.0,6.0,2.0,8.0,17.0,7.0,4.0,1.0,4.0,0.0,0.0
P1,08/12/2017,Rio Ave,Moreirense,2.0,1.0,H,0.0,0.0,D,1.64,3.5,5.75,1.67,3.5,5.5,2017/18,€32.95m,€17.80m,11.0,4.0,6.0,2.0,8.0,23.0,3.0,1.0,3.0,4.0,0.0,0.0
P1,09/12/2017,AVS,Tondela,0.0,1.0,A,0.0,0.0,D,1.95,3.29,4.0,1.85,3.4,4.2,2017/18,€12.15m,€17.48m,16.0,10.0,8.0,4.0,16.0,18.0,1.0,4.0,3.0,2.0,1.0,0.0
P1,09/12/2017,Benfica,Estoril,3.0,1.0,H,2.0,1.0,H,1.12,8.0,21.0,1.11,8.75,19.5,2017/18,€229.08m,€26.20m,7.0,7.0,3.0,5.0,17.0,12.0,5.0,9.0,3.0,2.0,0.0,0.0
P1,09/12/2017,Boavista,Sp Lisbon,1.0,3.0,A,0.0,1.0,A,7.0,4.33,1.44,8.0,4.1,1.42,2017/18,€16.43m,€259.08m,4.0,9.0,2.0,6.0,18.0,16.0,2.0,5.0,1.0,2.0,0.0,0.0
P1,10/12/2017,Belenenses,Pacos Ferreira,1.0,1.0,D,0.0,1.0,A,1.95,3.2,4.2,2.0,3.2,3.9,2017/18,€19.88m,€15.73m,11.0,6.0,4.0,3.0,11.0,17.0,10.0,3.0,1.0,5.0,0.0,1.0
P1,10/12/2017,Portimonense,Chaves,0.0,1.0,A,0.0,0.0,D,2.04,3.39,3.5,2.05,3.4,3.5,2017/18,€35.78m,€23.75m,14.0,3.0,7.0,1.0,18.0,18.0,8.0,7.0,3.0,3.0,0.0,0.0
P1,10/12/2017,Setubal,Porto,0.0,5.0,A,0.0,3.0,A,15.0,6.5,1.18,21.0,6.5,1.15,2017/18,€23.95m,€276.50m,4.0,14.0,1.0,9.0,16.0,21.0,2.0,7.0,2.0,2.0,0.0,0.0
P1,11/12/2017,Guimaraes,Feirense,1.0,0.0,H,0.0,0.0,D,1.61,3.6,6.0,1.57,3.8,5.75,2017/18,€50.33m,€12.85m,9.0,2.0,3.0,0.0,22.0,24.0,8.0,2.0,3.0,4.0,0.0,0.0
P1,11/12/2017,Maritimo,Sp Braga,1.0,0.0,H,0.0,0.0,D,3.29,3.25,2.2,3.25,3.1,2.25,2017/18,€28.55m,€94.80m,5.0,7.0,2.0,2.0,31.0,22.0,2.0,4.0,2.0,3.0,0.0,0.0
P1,15/12/2017,Pacos Ferreira,Boavista,1.0,2.0,A,1.0,0.0,H,2.5,3.0,3.0,2.5,2.85,3.1,2017/18,€15.73m,€16.43m,11.0,5.0,6.0,4.0,23.0,9.0,4.0,4.0,3.0,1.0,0.0,0.0
P1,16/12/2017,Estoril,AVS,3.0,2.0,H,1.0,1.0,D,2.25,3.1,3.39,2.3,3.1,3.25,2017/18,€26.20m,€12.15m,17.0,6.0,11.0,4.0,17.0,14.0,5.0,3.0,3.0,1.0,0.0,0.0
P1,16/12/2017,Sp Braga,Belenenses,4.0,0.0,H,1.0,0.0,H,1.39,4.33,8.5,1.42,4.25,7.75,2017/18,€94.80m,€19.88m,12.0,3.0,6.0,2.0,18.0,17.0,1.0,3.0,0.0,0.0,0.0,0.0
P1,17/12/2017,Chaves,Rio Ave,1.0,1.0,D,0.0,1.0,A,2.75,3.0,2.75,2.7,3.0,2.7,2017/18,€23.75m,€32.95m,10.0,9.0,7.0,5.0,25.0,18.0,9.0,4.0,3.0,4.0,0.0,1.0
P1,17/12/2017,Feirense,Setubal,1.0,0.0,H,1.0,0.0,H,2.25,3.0,3.5,2.35,3.0,3.2,2017/18,€12.85m,€23.95m,3.0,4.0,1.0,2.0,29.0,18.0,4.0,2.0,4.0,2.0,0.0,0.0
P1,17/12/2017,Sp Lisbon,Portimonense,2.0,0.0,H,1.0,0.0,H,1.19,6.5,13.0,1.19,6.75,12.5,2017/18,€259.08m,€35.78m,11.0,6.0,6.0,1.0,10.0,11.0,3.0,2.0,1.0,3.0,0.0,1.0
P1,17/12/2017,Tondela,Benfica,1.0,5.0,A,0.0,3.0,A,9.5,4.33,1.36,9.75,4.6,1.33,2017/18,€17.48m,€229.08m,2.0,8.0,1.0,7.0,7.0,10.0,2.0,6.0,2.0,2.0,0.0,0.0
P1,18/12/2017,Moreirense,Guimaraes,2.0,1.0,H,2.0,0.0,H,3.0,3.0,2.5,2.75,3.1,2.6,2017/18,€17.80m,€50.33m,8.0,10.0,5.0,4.0,20.0,16.0,5.0,8.0,3.0,3.0,0.0,1.0
P1,18/12/2017,Porto,Maritimo,3.0,1.0,H,2.0,1.0,H,1.12,8.0,19.0,1.13,7.5,20.0,2017/18,€276.50m,€28.55m,15.0,4.0,5.0,2.0,13.0,11.0,9.0,1.0,1.0,3.0,0.0,1.0
P1,23/12/2017,Guimaraes,Tondela,0.0,1.0,A,0.0,0.0,D,1.55,3.75,6.5,1.6,3.6,6.0,2017/18,€50.33m,€17.48m,14.0,8.0,6.0,3.0,13.0,24.0,9.0,4.0,3.0,2.0,0.0,0.0
P1,03/01/2018,AVS,Moreirense,1.0,2.0,A,0.0,2.0,A,2.04,3.2,3.75,2.1,3.1,3.7,2017/18,€12.15m,€17.80m,17.0,8.0,7.0,3.0,20.0,16.0,6.0,5.0,3.0,3.0,0.0,0.0
P1,03/01/2018,Benfica,Sp Lisbon,1.0,1.0,D,0.0,1.0,A,2.1,3.2,3.6,2.05,3.4,3.5,2017/18,€229.08m,€259.08m,14.0,5.0,3.0,3.0,14.0,16.0,10.0,5.0,1.0,3.0,0.0,0.0
P1,03/01/2018,Boavista,Sp Braga,1.0,3.0,A,0.0,1.0,A,3.75,3.1,2.1,3.7,3.2,2.05,2017/18,€16.43m,€94.80m,6.0,5.0,5.0,4.0,19.0,15.0,6.0,2.0,5.0,6.0,1.0,1.0
P1,03/01/2018,Feirense,Porto,1.0,2.0,A,1.0,1.0,D,17.0,5.75,1.19,12.5,5.75,1.22,2017/18,€12.85m,€276.50m,2.0,10.0,2.0,5.0,19.0,18.0,2.0,10.0,4.0,5.0,0.0,1.0
P1,03/01/2018,Maritimo,Chaves,1.0,2.0,A,0.0,1.0,A,2.0,3.2,4.0,1.9,3.3,4.2,2017/18,€28.55m,€23.75m,13.0,10.0,7.0,5.0,14.0,14.0,6.0,3.0,4.0,2.0,0.0,0.0
P1,03/01/2018,Rio Ave,Pacos Ferreira,4.0,2.0,H,1.0,0.0,H,1.8,3.39,4.75,1.67,3.6,5.25,2017/18,€32.95m,€15.73m,15.0,8.0,8.0,5.0,12.0,21.0,5.0,3.0,0.0,1.0,1.0,0.0
P1,04/01/2018,Portimonense,Belenenses,0.0,0.0,D,0.0,0.0,D,2.2,3.2,3.39,2.1,3.25,3.5,2017/18,€35.78m,€19.88m,12.0,7.0,3.0,3.0,16.0,14.0,3.0,3.0,1.0,1.0,0.0,0.0
P1,04/01/2018,Setubal,Estoril,2.0,2.0,D,0.0,0.0,D,2.29,3.1,3.29,2.25,3.1,3.3,2017/18,€23.95m,€26.20m,5.0,8.0,3.0,3.0,25.0,20.0,8.0,4.0,2.0,2.0,0.0,0.0
P1,06/01/2018,Sp Braga,Rio Ave,2.0,1.0,H,1.0,1.0,D,1.8,3.5,4.5,1.78,3.5,4.5,2017/18,€94.80m,€32.95m,12.0,12.0,4.0,5.0,22.0,16.0,5.0,5.0,4.0,2.0,0.0,0.0
P1,07/01/2018,Chaves,AVS,1.0,1.0,D,0.0,1.0,A,2.0,3.2,4.0,1.95,3.2,4.1,2017/18,€23.75m,€12.15m,9.0,8.0,5.0,5.0,14.0,17.0,9.0,0.0,1.0,3.0,0.0,0.0
P1,07/01/2018,Moreirense,Benfica,0.0,2.0,A,0.0,1.0,A,11.0,5.75,1.25,10.5,5.75,1.25,2017/18,€17.80m,€229.08m,5.0,13.0,2.0,11.0,17.0,7.0,2.0,10.0,1.0,0.0,0.0,0.0
P1,07/01/2018,Porto,Guimaraes,4.0,2.0,H,0.0,1.0,A,1.14,8.0,15.0,1.14,7.0,20.0,2017/18,€276.50m,€50.33m,14.0,4.0,8.0,2.0,13.0,16.0,5.0,3.0,0.0,3.0,0.0,0.0
P1,07/01/2018,Sp Lisbon,Maritimo,5.0,0.0,H,1.0,0.0,H,1.19,6.5,13.0,1.18,6.5,14.5,2017/18,€259.08m,€28.55m,13.0,6.0,6.0,2.0,13.0,15.0,7.0,5.0,0.0,1.0,0.0,0.0
P1,08/01/2018,Estoril,Feirense,0.0,2.0,A,0.0,1.0,A,2.0,3.25,3.89,2.0,3.2,3.9,2017/18,€26.20m,€12.85m,6.0,2.0,1.0,2.0,19.0,24.0,5.0,4.0,2.0,4.0,0.0,0.0
P1,08/01/2018,Pacos Ferreira,Portimonense,1.0,1.0,D,0.0,0.0,D,2.5,3.1,2.89,2.35,3.25,3.0,2017/18,€15.73m,€35.78m,11.0,7.0,5.0,5.0,16.0,13.0,10.0,3.0,2.0,5.0,0.0,1.0
P1,09/01/2018,Belenenses,Boavista,1.0,1.0,D,1.0,0.0,H,2.29,3.0,3.29,2.25,2.9,3.5,2017/18,€19.88m,€16.43m,7.0,6.0,4.0,4.0,16.0,13.0,5.0,4.0,1.0,3.0,0.0,0.0
P1,09/01/2018,Tondela,Setubal,1.0,1.0,D,1.0,1.0,D,2.14,3.1,3.6,2.25,3.1,3.3,2017/18,€17.48m,€23.95m,11.0,5.0,2.0,2.0,17.0,16.0,4.0,7.0,1.0,2.0,0.0,0.0
P1,12/01/2018,Chaves,Guimaraes,4.0,3.0,H,3.0,3.0,D,2.39,3.25,2.89,2.45,3.25,2.85,2017/18,€23.75m,€50.33m,19.0,10.0,8.0,7.0,9.0,11.0,5.0,2.0,1.0,3.0,0.0,0.0
P1,13/01/2018,Pacos Ferreira,Maritimo,0.0,0.0,D,0.0,0.0,D,2.29,3.1,3.2,2.4,3.1,3.0,2017/18,€15.73m,€28.55m,9.0,3.0,1.0,2.0,13.0,9.0,8.0,1.0,1.0,2.0,0.0,0.0
P1,13/01/2018,Sp Braga,Benfica,1.0,3.0,A,0.0,1.0,A,3.79,3.2,2.04,3.8,3.4,1.95,2017/18,€94.80m,€229.08m,9.0,10.0,5.0,7.0,14.0,13.0,4.0,2.0,2.0,3.0,0.0,0.0
P1,14/01/2018,Belenenses,Rio Ave,1.0,2.0,A,0.0,1.0,A,2.89,3.0,2.6,2.9,3.0,2.55,2017/18,€19.88m,€32.95m,8.0,6.0,6.0,4.0,22.0,15.0,3.0,5.0,6.0,4.0,1.0,0.0
P1,14/01/2018,Boavista,Portimonense,2.0,0.0,H,2.0,0.0,H,2.39,3.1,3.1,2.35,3.2,3.0,2017/18,€16.43m,€35.78m,11.0,10.0,6.0,5.0,21.0,14.0,4.0,6.0,4.0,2.0,0.0,2.0
P1,14/01/2018,Sp Lisbon,AVS,3.0,0.0,H,1.0,0.0,H,1.14,8.0,19.0,1.16,7.0,16.0,2017/18,€259.08m,€12.15m,11.0,6.0,5.0,3.0,14.0,15.0,4.0,7.0,0.0,0.0,0.0,0.0
P1,14/01/2018,Tondela,Feirense,3.0,1.0,H,0.0,0.0,D,2.1,3.1,3.75,2.0,3.2,3.9,2017/18,€17.48m,€12.85m,11.0,8.0,6.0,4.0,19.0,13.0,4.0,9.0,5.0,4.0,0.0,1.0
P1,15/01/2018,Moreirense,Setubal,2.0,2.0,D,1.0,2.0,A,2.25,3.0,3.5,2.2,3.0,3.5,2017/18,€17.80m,€23.95m,9.0,5.0,6.0,3.0,24.0,27.0,7.0,2.0,2.0,6.0,0.0,0.0
P1,19/01/2018,Porto,Tondela,1.0,0.0,H,1.0,0.0,H,1.11,9.0,19.0,1.1,9.0,20.0,2017/18,€276.50m,€17.48m,17.0,2.0,10.0,0.0,13.0,14.0,12.0,7.0,0.0,1.0,0.0,0.0
P1,19/01/2018,Setubal,Sp Lisbon,1.0,1.0,D,0.0,1.0,A,8.5,4.75,1.36,9.25,4.75,1.33,2017/18,€23.95m,€259.08m,3.0,10.0,1.0,2.0,16.0,17.0,0.0,8.0,4.0,3.0,0.0,0.0
P1,20/01/2018,Benfica,Chaves,3.0,0.0,H,2.0,0.0,H,1.19,6.5,13.0,1.2,6.25,12.5,2017/18,€229.08m,€23.75m,11.0,6.0,8.0,1.0,14.0,10.0,8.0,2.0,0.0,0.0,0.0,0.0
P1,20/01/2018,Maritimo,Belenenses,0.0,0.0,D,0.0,0.0,D,2.29,3.0,3.39,2.3,3.1,3.25,2017/18,€28.55m,€19.88m,3.0,10.0,1.0,3.0,23.0,20.0,2.0,4.0,1.0,5.0,0.0,1.0
P1,20/01/2018,Portimonense,Sp Braga,1.0,2.0,A,0.0,2.0,A,3.75,3.39,2.0,3.5,3.4,2.05,2017/18,€35.78m,€94.80m,11.0,4.0,4.0,2.0,22.0,18.0,6.0,2.0,1.0,4.0,0.0,0.0
P1,21/01/2018,AVS,Pacos Ferreira,0.0,2.0,A,0.0,1.0,A,2.1,3.1,3.7,2.1,3.25,3.5,2017/18,€12.15m,€15.73m,10.0,8.0,4.0,5.0,17.0,26.0,12.0,7.0,3.0,5.0,0.0,0.0
P1,21/01/2018,Feirense,Moreirense,1.0,0.0,H,1.0,0.0,H,2.45,3.0,3.1,2.4,3.0,3.1,2017/18,€12.85m,€17.80m,1.0,9.0,1.0,4.0,16.0,19.0,2.0,6.0,3.0,4.0,0.0,0.0
P1,21/01/2018,Guimaraes,Estoril,3.0,1.0,H,1.0,1.0,D,1.75,3.5,4.75,1.75,3.5,4.6,2017/18,€50.33m,€26.20m,13.0,13.0,7.0,5.0,21.0,14.0,10.0,3.0,4.0,2.0,0.0,1.0
P1,21/01/2018,Rio Ave,Boavista,2.0,0.0,H,1.0,0.0,H,1.9,3.29,4.2,1.8,3.25,4.75,2017/18,€32.95m,€16.43m,12.0,7.0,9.0,3.0,14.0,16.0,3.0,7.0,2.0,3.0,0.0,0.0
P1,29/01/2018,Belenenses,Benfica,1.0,1.0,D,0.0,0.0,D,9.0,4.5,1.36,7.25,4.6,1.4,2017/18,€19.88m,€229.08m,5.0,6.0,2.0,2.0,15.0,12.0,7.0,6.0,3.0,1.0,0.0,0.0
P1,29/01/2018,Pacos Ferreira,Feirense,2.0,1.0,H,1.0,1.0,D,1.95,3.1,4.33,1.95,3.2,4.1,2017/18,€15.73m,€12.85m,8.0,6.0,3.0,5.0,18.0,20.0,6.0,6.0,0.0,2.0,0.0,0.0
P1,29/01/2018,Portimonense,Rio Ave,4.0,1.0,H,3.0,0.0,H,2.37,3.1,3.1,2.4,3.2,2.95,2017/18,€35.78m,€32.95m,10.0,5.0,7.0,1.0,25.0,10.0,1.0,3.0,3.0,4.0,0.0,0.0
P1,30/01/2018,Estoril,Tondela,3.0,0.0,H,2.0,0.0,H,2.04,3.0,4.09,2.1,3.0,3.9,2017/18,€26.20m,€17.48m,10.0,6.0,4.0,2.0,18.0,18.0,1.0,4.0,0.0,0.0,0.0,0.0
P1,30/01/2018,Moreirense,Porto,0.0,0.0,D,0.0,0.0,D,15.0,5.5,1.22,11.5,5.5,1.25,2017/18,€17.80m,€276.50m,1.0,12.0,0.0,2.0,20.0,11.0,2.0,4.0,4.0,1.0,1.0,0.0
P1,30/01/2018,Sp Braga,AVS,2.0,0.0,H,1.0,0.0,H,1.44,4.2,7.5,1.4,4.33,7.75,2017/18,€94.80m,€12.15m,15.0,6.0,8.0,2.0,21.0,18.0,4.0,6.0,0.0,1.0,0.0,0.0
P1,31/01/2018,Boavista,Maritimo,2.0,1.0,H,1.0,1.0,D,2.14,3.0,3.79,2.1,2.9,4.0,2017/18,€16.43m,€28.55m,12.0,6.0,8.0,2.0,13.0,21.0,2.0,3.0,1.0,2.0,0.0,0.0
P1,31/01/2018,Chaves,Setubal,2.0,2.0,D,1.0,1.0,D,2.0,3.2,4.0,2.0,3.2,3.9,2017/18,€23.75m,€23.95m,7.0,8.0,5.0,5.0,14.0,22.0,4.0,8.0,1.0,2.0,0.0,0.0
P1,31/01/2018,Sp Lisbon,Guimaraes,1.0,0.0,H,0.0,0.0,D,1.28,5.5,9.5,1.28,5.75,9.0,2017/18,€259.08m,€50.33m,12.0,7.0,5.0,4.0,7.0,17.0,9.0,3.0,0.0,2.0,0.0,0.0
P1,03/02/2018,Benfica,Rio Ave,5.0,1.0,H,0.0,1.0,A,1.25,5.5,12.0,1.25,5.5,11.5,2017/18,€229.08m,€32.95m,13.0,2.0,8.0,1.0,13.0,12.0,10.0,3.0,1.0,2.0,0.0,0.0
P1,03/02/2018,Porto,Sp Braga,3.0,1.0,H,2.0,1.0,H,1.3,5.0,11.0,1.3,5.0,9.5,2017/18,€276.50m,€94.80m,11.0,7.0,6.0,3.0,23.0,13.0,7.0,3.0,1.0,2.0,0.0,0.0
P1,04/02/2018,Estoril,Sp Lisbon,2.0,0.0,H,2.0,0.0,H,7.5,4.2,1.44,7.25,4.4,1.42,2017/18,€26.20m,€259.08m,13.0,11.0,6.0,7.0,18.0,11.0,10.0,16.0,0.0,3.0,0.0,0.0
P1,04/02/2018,Feirense,Chaves,1.0,2.0,A,1.0,1.0,D,2.7,3.0,2.75,2.6,2.95,2.9,2017/18,€12.85m,€23.75m,6.0,8.0,1.0,5.0,22.0,11.0,8.0,5.0,2.0,0.0,0.0,0.0
P1,04/02/2018,Guimaraes,Pacos Ferreira,3.0,2.0,H,2.0,1.0,H,1.66,3.6,5.25,1.72,3.6,4.75,2017/18,€50.33m,€15.73m,8.0,5.0,4.0,1.0,14.0,16.0,6.0,4.0,2.0,2.0,0.0,0.0
P1,04/02/2018,Tondela,Moreirense,1.0,2.0,A,1.0,1.0,D,2.2,3.1,3.5,2.15,3.1,3.6,2017/18,€17.48m,€17.80m,12.0,7.0,6.0,5.0,13.0,17.0,7.0,4.0,1.0,1.0,0.0,0.0
P1,05/02/2018,Maritimo,Portimonense,0.0,3.0,A,0.0,3.0,A,2.7,3.0,2.79,2.55,3.1,2.8,2017/18,€28.55m,€35.78m,9.0,8.0,2.0,3.0,18.0,18.0,7.0,1.0,4.0,1.0,0.0,0.0
P1,05/02/2018,Setubal,Belenenses,3.0,0.0,H,1.0,0.0,H,2.29,3.1,3.29,2.35,2.9,3.3,2017/18,€23.95m,€19.88m,11.0,4.0,4.0,2.0,18.0,12.0,3.0,7.0,0.0,3.0,0.0,0.0
P1,06/02/2018,AVS,Boavista,3.0,0.0,H,2.0,0.0,H,2.25,3.0,3.5,2.3,3.1,3.2,2017/18,€12.15m,€16.43m,14.0,3.0,7.0,1.0,21.0,13.0,5.0,5.0,4.0,5.0,0.0,0.0
P1,09/02/2018,Pacos Ferreira,Tondela,0.0,2.0,A,0.0,2.0,A,2.14,3.0,3.75,2.15,3.0,3.75,2017/18,€15.73m,€17.48m,7.0,6.0,2.0,3.0,15.0,16.0,2.0,7.0,4.0,2.0,1.0,1.0
P1,10/02/2018,Portimonense,Benfica,1.0,3.0,A,0.0,1.0,A,6.5,4.09,1.5,6.5,4.0,1.5,2017/18,€35.78m,€229.08m,6.0,11.0,2.0,7.0,16.0,19.0,5.0,4.0,3.0,2.0,0.0,0.0
P1,10/02/2018,Rio Ave,Maritimo,3.0,0.0,H,2.0,0.0,H,1.72,3.39,5.25,1.75,3.3,5.0,2017/18,€32.95m,€28.55m,7.0,4.0,5.0,2.0,10.0,18.0,4.0,2.0,1.0,6.0,0.0,1.0
P1,10/02/2018,Sp Braga,Setubal,3.0,1.0,H,1.0,0.0,H,1.39,4.0,10.0,1.44,4.0,8.25,2017/18,€94.80m,€23.95m,10.0,3.0,6.0,3.0,19.0,16.0,7.0,2.0,2.0,4.0,0.0,0.0
P1,11/02/2018,Belenenses,AVS,2.0,5.0,A,1.0,4.0,A,2.25,3.0,3.5,2.25,3.0,3.4,2017/18,€19.88m,€12.15m,9.0,6.0,3.0,4.0,7.0,16.0,4.0,5.0,0.0,3.0,0.0,0.0
P1,11/02/2018,Boavista,Guimaraes,1.0,0.0,H,0.0,0.0,D,2.62,2.89,3.0,2.75,2.85,2.85,2017/18,€16.43m,€50.33m,11.0,5.0,4.0,2.0,14.0,19.0,4.0,4.0,2.0,3.0,0.0,0.0
P1,11/02/2018,Chaves,Porto,0.0,4.0,A,0.0,2.0,A,7.5,4.75,1.36,7.25,5.0,1.36,2017/18,€23.75m,€276.50m,5.0,12.0,2.0,6.0,7.0,20.0,1.0,3.0,2.0,4.0,0.0,0.0
P1,11/02/2018,Sp Lisbon,Feirense,2.0,0.0,H,0.0,0.0,D,1.16,6.5,17.0,1.18,6.5,14.0,2017/18,€259.08m,€12.85m,17.0,5.0,10.0,1.0,11.0,22.0,15.0,5.0,4.0,7.0,0.0,0.0
P1,12/02/2018,Moreirense,Estoril,1.0,2.0,A,1.0,0.0,H,2.39,3.1,3.1,2.35,3.0,3.25,2017/18,€17.80m,€26.20m,7.0,7.0,2.0,4.0,20.0,4.0,1.0,3.0,3.0,2.0,0.0,0.0
P1,16/02/2018,Feirense,Portimonense,1.0,3.0,A,1.0,1.0,D,3.1,3.1,2.39,3.25,2.95,2.35,2017/18,€12.85m,€35.78m,10.0,10.0,4.0,7.0,19.0,22.0,6.0,3.0,4.0,3.0,0.0,0.0
P1,17/02/2018,AVS,Maritimo,0.0,0.0,D,0.0,0.0,D,1.75,3.39,5.0,1.75,3.4,5.0,2017/18,€12.15m,€28.55m,7.0,4.0,3.0,1.0,13.0,20.0,6.0,5.0,2.0,4.0,0.0,0.0
P1,17/02/2018,Benfica,Boavista,4.0,0.0,H,2.0,0.0,H,1.18,6.5,15.0,1.16,6.75,17.0,2017/18,€229.08m,€16.43m,15.0,4.0,11.0,1.0,11.0,10.0,9.0,6.0,2.0,0.0,0.0,0.0
P1,17/02/2018,Estoril,Belenenses,0.0,2.0,A,0.0,1.0,A,1.9,3.25,4.33,1.9,3.3,4.2,2017/18,€26.20m,€19.88m,10.0,8.0,3.0,4.0,11.0,12.0,6.0,4.0,1.0,0.0,1.0,0.0
P1,18/02/2018,Guimaraes,Sp Braga,0.0,5.0,A,0.0,3.0,A,2.45,3.2,2.89,2.5,3.3,2.7,2017/18,€50.33m,€94.80m,5.0,13.0,0.0,7.0,7.0,13.0,8.0,6.0,1.0,0.0,1.0,0.0
P1,18/02/2018,Moreirense,Chaves,0.0,1.0,A,0.0,0.0,D,2.54,3.2,2.79,2.55,3.2,2.75,2017/18,€17.80m,€23.75m,6.0,2.0,1.0,2.0,19.0,14.0,8.0,0.0,3.0,3.0,1.0,0.0
P1,18/02/2018,Porto,Rio Ave,5.0,0.0,H,3.0,0.0,H,1.16,7.0,15.0,1.15,7.25,16.0,2017/18,€276.50m,€32.95m,12.0,5.0,7.0,4.0,25.0,12.0,9.0,4.0,2.0,2.0,0.0,0.0
P1,18/02/2018,Setubal,Pacos Ferreira,1.0,0.0,H,0.0,0.0,D,2.25,3.2,3.29,2.2,3.2,3.3,2017/18,€23.95m,€15.73m,8.0,11.0,2.0,2.0,20.0,25.0,2.0,3.0,2.0,3.0,0.0,0.0
P1,19/02/2018,Tondela,Sp Lisbon,1.0,2.0,A,1.0,1.0,D,6.5,4.5,1.44,7.0,4.2,1.45,2017/18,€17.48m,€259.08m,7.0,16.0,3.0,6.0,23.0,12.0,5.0,9.0,5.0,3.0,1.0,1.0
P1,21/02/2018,Estoril,Porto,1.0,3.0,A,1.0,0.0,H,12.0,5.5,1.25,10.5,5.75,1.25,2017/18,€26.20m,€276.50m,11.0,24.0,3.0,13.0,27.0,19.0,3.0,7.0,3.0,3.0,0.0,0.0
P1,23/02/2018,Rio Ave,AVS,0.0,0.0,D,0.0,0.0,D,2.04,3.39,3.6,2.0,3.3,3.75,2017/18,€32.95m,€12.15m,13.0,8.0,6.0,4.0,9.0,17.0,8.0,2.0,1.0,4.0,1.0,0.0
P1,24/02/2018,Belenenses,Feirense,1.0,0.0,H,0.0,0.0,D,1.85,3.39,4.33,1.9,3.25,4.25,2017/18,€19.88m,€12.85m,7.0,3.0,4.0,1.0,23.0,13.0,9.0,2.0,1.0,1.0,0.0,0.0
P1,24/02/2018,Maritimo,Guimaraes,3.0,2.0,H,3.0,1.0,H,3.1,3.1,2.37,2.95,3.0,2.5,2017/18,€28.55m,€50.33m,7.0,4.0,4.0,2.0,20.0,13.0,6.0,1.0,1.0,3.0,0.0,0.0
P1,24/02/2018,Pacos Ferreira,Benfica,1.0,3.0,A,1.0,0.0,H,9.0,4.5,1.36,7.75,4.75,1.36,2017/18,€15.73m,€229.08m,7.0,11.0,3.0,7.0,16.0,14.0,2.0,12.0,2.0,2.0,1.0,0.0
P1,25/02/2018,Boavista,Setubal,4.0,0.0,H,2.0,0.0,H,2.14,3.1,3.6,2.0,3.2,3.9,2017/18,€16.43m,€23.95m,9.0,8.0,5.0,2.0,24.0,16.0,5.0,5.0,2.0,3.0,0.0,0.0
P1,25/02/2018,Chaves,Estoril,2.0,0.0,H,1.0,0.0,H,1.95,3.29,4.0,1.85,3.4,4.33,2017/18,€23.75m,€26.20m,6.0,12.0,4.0,3.0,12.0,13.0,7.0,10.0,2.0,3.0,0.0,0.0
P1,25/02/2018,Portimonense,Porto,1.0,5.0,A,0.0,3.0,A,8.0,4.75,1.36,7.75,4.75,1.36,2017/18,€35.78m,€276.50m,9.0,7.0,5.0,6.0,23.0,19.0,1.0,4.0,1.0,0.0,0.0,0.0
P1,26/02/2018,Sp Braga,Tondela,1.0,0.0,H,0.0,0.0,D,1.3,5.0,10.0,1.36,4.5,8.75,2017/18,€94.80m,€17.48m,16.0,6.0,11.0,2.0,12.0,12.0,9.0,4.0,3.0,2.0,0.0,0.0
P1,26/02/2018,Sp Lisbon,Moreirense,1.0,0.0,H,0.0,0.0,D,1.16,7.0,15.0,1.2,6.0,13.5,2017/18,€259.08m,€17.80m,13.0,8.0,7.0,3.0,15.0,17.0,4.0,5.0,5.0,4.0,2.0,0.0
P1,02/03/2018,Porto,Sp Lisbon,2.0,1.0,H,1.0,1.0,D,1.57,3.6,6.5,1.67,3.6,5.75,2017/18,€276.50m,€259.08m,8.0,11.0,3.0,5.0,23.0,10.0,7.0,9.0,2.0,2.0,0.0,0.0
P1,03/03/2018,Benfica,Maritimo,5.0,0.0,H,4.0,0.0,H,1.16,7.0,15.0,1.16,7.25,15.0,2017/18,€229.08m,€28.55m,14.0,4.0,7.0,1.0,10.0,17.0,6.0,2.0,1.0,3.0,0.0,1.0
P1,03/03/2018,Estoril,Sp Braga,0.0,6.0,A,0.0,3.0,A,4.2,3.29,1.9,4.0,3.4,1.91,2017/18,€26.20m,€94.80m,13.0,10.0,3.0,6.0,14.0,19.0,5.0,4.0,3.0,1.0,0.0,0.0
P1,03/03/2018,Feirense,Boavista,3.0,0.0,H,1.0,0.0,H,2.87,3.0,2.62,2.75,2.95,2.7,2017/18,€12.85m,€16.43m,14.0,6.0,8.0,5.0,21.0,20.0,7.0,8.0,1.0,2.0,0.0,0.0
P1,04/03/2018,Guimaraes,Belenenses,0.0,0.0,D,0.0,0.0,D,1.8,3.5,4.5,1.85,3.4,4.25,2017/18,€50.33m,€19.88m,10.0,6.0,6.0,3.0,17.0,21.0,4.0,5.0,3.0,2.0,0.0,0.0
P1,04/03/2018,Moreirense,Pacos Ferreira,2.0,0.0,H,1.0,0.0,H,2.25,3.25,3.2,2.2,3.2,3.3,2017/18,€17.80m,€15.73m,10.0,7.0,7.0,6.0,15.0,21.0,12.0,7.0,4.0,3.0,0.0,0.0
P1,04/03/2018,Setubal,Rio Ave,1.0,0.0,H,0.0,0.0,D,2.54,3.2,2.79,2.65,3.2,2.65,2017/18,€23.95m,€32.95m,7.0,6.0,4.0,2.0,21.0,20.0,5.0,5.0,3.0,2.0,1.0,0.0
P1,04/03/2018,Tondela,Chaves,2.0,0.0,H,1.0,0.0,H,2.75,3.2,2.6,2.65,3.25,2.6,2017/18,€17.48m,€23.75m,9.0,12.0,7.0,5.0,23.0,14.0,4.0,8.0,4.0,3.0,0.0,0.0
P1,05/03/2018,AVS,Portimonense,3.0,0.0,H,1.0,0.0,H,2.39,3.2,3.0,2.3,3.2,3.1,2017/18,€12.15m,€35.78m,11.0,9.0,6.0,2.0,19.0,13.0,3.0,4.0,2.0,3.0,0.0,0.0
P1,09/03/2018,Sp Braga,Moreirense,3.0,0.0,H,1.0,0.0,H,1.44,4.5,6.5,1.44,4.33,7.0,2017/18,€94.80m,€17.80m,12.0,9.0,4.0,0.0,13.0,10.0,4.0,15.0,1.0,2.0,0.0,0.0
P1,10/03/2018,Benfica,AVS,2.0,0.0,H,0.0,0.0,D,1.14,8.0,15.0,1.11,9.0,18.5,2017/18,€229.08m,€12.15m,12.0,6.0,7.0,1.0,14.0,16.0,14.0,1.0,2.0,4.0,0.0,0.0
P1,10/03/2018,Boavista,Estoril,1.0,0.0,H,0.0,0.0,D,2.04,3.2,3.79,2.2,3.0,3.5,2017/18,€16.43m,€26.20m,5.0,7.0,2.0,3.0,19.0,19.0,4.0,3.0,3.0,3.0,0.0,0.0
P1,10/03/2018,Rio Ave,Feirense,2.0,1.0,H,0.0,1.0,A,1.6,3.5,7.0,1.67,3.4,5.75,2017/18,€32.95m,€12.85m,10.0,7.0,6.0,6.0,17.0,22.0,6.0,3.0,3.0,5.0,0.0,0.0
P1,11/03/2018,Belenenses,Tondela,0.0,0.0,D,0.0,0.0,D,1.9,3.25,4.33,1.9,3.2,4.33,2017/18,€19.88m,€17.48m,8.0,8.0,1.0,2.0,16.0,18.0,4.0,7.0,1.0,1.0,0.0,0.0
P1,11/03/2018,Maritimo,Setubal,4.0,2.0,H,3.0,0.0,H,2.2,3.1,3.5,2.15,3.1,3.5,2017/18,€28.55m,€23.95m,10.0,6.0,8.0,5.0,14.0,17.0,3.0,3.0,3.0,3.0,0.0,0.0
P1,11/03/2018,Pacos Ferreira,Porto,1.0,0.0,H,1.0,0.0,H,11.0,5.75,1.25,9.75,5.5,1.28,2017/18,€15.73m,€276.50m,9.0,9.0,4.0,3.0,15.0,21.0,3.0,15.0,4.0,2.0,0.0,0.0
P1,11/03/2018,Portimonense,Guimaraes,2.0,1.0,H,1.0,1.0,D,2.04,3.29,3.6,2.1,3.25,3.5,2017/18,€35.78m,€50.33m,16.0,4.0,6.0,4.0,16.0,17.0,6.0,5.0,3.0,1.0,0.0,1.0
P1,12/03/2018,Chaves,Sp Lisbon,1.0,2.0,A,0.0,0.0,D,6.5,3.6,1.57,6.5,3.8,1.53,2017/18,€23.75m,€259.08m,10.0,10.0,6.0,6.0,12.0,15.0,9.0,5.0,0.0,1.0,0.0,0.0
P1,16/03/2018,Setubal,Portimonense,1.0,1.0,D,1.0,1.0,D,2.39,3.25,2.89,2.3,3.2,3.1,2017/18,€23.95m,€35.78m,7.0,5.0,3.0,4.0,16.0,21.0,5.0,7.0,1.0,2.0,0.0,0.0
P1,17/03/2018,Estoril,Pacos Ferreira,1.0,1.0,D,1.0,0.0,H,2.2,3.29,3.25,2.2,3.25,3.25,2017/18,€26.20m,€15.73m,10.0,6.0,4.0,4.0,15.0,16.0,4.0,3.0,2.0,5.0,0.0,0.0
P1,17/03/2018,Feirense,Benfica,0.0,2.0,A,0.0,0.0,D,15.0,6.0,1.19,13.5,5.75,1.22,2017/18,€12.85m,€229.08m,4.0,25.0,1.0,16.0,13.0,12.0,0.0,9.0,4.0,2.0,2.0,0.0
P1,17/03/2018,Porto,Boavista,2.0,0.0,H,1.0,0.0,H,1.11,8.5,21.0,1.1,8.5,21.0,2017/18,€276.50m,€16.43m,9.0,4.0,5.0,2.0,17.0,11.0,10.0,3.0,2.0,4.0,0.0,0.0
P1,17/03/2018,Tondela,Maritimo,1.0,2.0,A,1.0,1.0,D,2.25,3.1,3.39,2.3,3.1,3.25,2017/18,€17.48m,€28.55m,6.0,9.0,2.0,8.0,17.0,7.0,5.0,6.0,2.0,1.0,0.0,0.0
P1,18/03/2018,Chaves,Sp Braga,1.0,4.0,A,0.0,2.0,A,3.75,3.39,2.0,4.0,3.25,1.95,2017/18,€23.75m,€94.80m,11.0,12.0,5.0,8.0,11.0,21.0,2.0,6.0,1.0,1.0,0.0,0.0
P1,18/03/2018,Guimaraes,AVS,2.0,1.0,H,1.0,1.0,D,2.04,3.39,3.5,2.05,3.4,3.5,2017/18,€50.33m,€12.15m,9.0,10.0,5.0,6.0,19.0,21.0,2.0,2.0,2.0,1.0,0.0,0.0
P1,18/03/2018,Moreirense,Belenenses,2.0,1.0,H,1.0,0.0,H,2.45,3.0,3.1,2.45,3.0,3.0,2017/18,€17.80m,€19.88m,9.0,5.0,6.0,4.0,19.0,11.0,9.0,4.0,7.0,3.0,0.0,0.0
P1,18/03/2018,Sp Lisbon,Rio Ave,2.0,0.0,H,1.0,0.0,H,1.25,6.0,10.0,1.22,6.0,11.5,2017/18,€259.08m,€32.95m,11.0,3.0,6.0,1.0,25.0,12.0,7.0,1.0,3.0,1.0,0.0,0.0
P1,29/03/2018,AVS,Setubal,1.0,4.0,A,1.0,0.0,H,2.04,3.29,3.6,2.0,3.3,3.75,2017/18,€12.15m,€23.95m,5.0,10.0,2.0,6.0,12.0,13.0,7.0,3.0,0.0,2.0,0.0,0.0
P1,30/03/2018,Boavista,Tondela,1.0,1.0,D,1.0,1.0,D,2.0,3.25,3.89,1.95,3.2,4.1,2017/18,€16.43m,€17.48m,7.0,5.0,6.0,3.0,12.0,24.0,8.0,12.0,3.0,4.0,0.0,0.0
P1,30/03/2018,Maritimo,Feirense,4.0,1.0,H,0.0,0.0,D,1.75,3.39,5.0,1.72,3.3,5.25,2017/18,€28.55m,€12.85m,13.0,10.0,10.0,7.0,19.0,16.0,13.0,3.0,1.0,3.0,0.0,0.0
P1,30/03/2018,Rio Ave,Estoril,2.0,0.0,H,2.0,0.0,H,1.8,3.5,4.5,1.78,3.6,4.4,2017/18,€32.95m,€26.20m,9.0,11.0,9.0,5.0,25.0,20.0,3.0,6.0,3.0,2.0,0.0,1.0
P1,31/03/2018,Benfica,Guimaraes,2.0,0.0,H,1.0,0.0,H,1.16,7.0,15.0,1.15,7.5,14.0,2017/18,€229.08m,€50.33m,13.0,3.0,6.0,2.0,9.0,12.0,5.0,4.0,2.0,3.0,0.0,0.0
P1,31/03/2018,Pacos Ferreira,Chaves,2.0,0.0,H,1.0,0.0,H,2.45,3.1,3.0,2.45,3.1,2.95,2017/18,€15.73m,€23.75m,6.0,9.0,2.0,3.0,15.0,10.0,9.0,5.0,1.0,0.0,0.0,0.0
P1,31/03/2018,Portimonense,Moreirense,4.0,3.0,H,0.0,2.0,A,1.9,3.29,4.2,1.95,3.4,3.75,2017/18,€35.78m,€17.80m,8.0,9.0,5.0,7.0,10.0,17.0,5.0,1.0,1.0,5.0,0.0,3.0
P1,31/03/2018,Sp Braga,Sp Lisbon,1.0,0.0,H,0.0,0.0,D,2.87,3.39,2.37,2.85,3.3,2.4,2017/18,€94.80m,€259.08m,13.0,6.0,6.0,2.0,15.0,20.0,4.0,4.0,3.0,3.0,0.0,1.0
P1,02/04/2018,Belenenses,Porto,2.0,0.0,H,1.0,0.0,H,13.0,5.25,1.25,11.0,5.5,1.25,2017/18,€19.88m,€276.50m,4.0,17.0,3.0,8.0,10.0,15.0,0.0,9.0,1.0,3.0,0.0,0.0
P1,06/04/2018,Guimaraes,Rio Ave,3.0,0.0,H,3.0,0.0,H,2.2,3.29,3.29,2.25,3.3,3.1,2017/18,€50.33m,€32.95m,11.0,12.0,6.0,4.0,11.0,17.0,5.0,7.0,0.0,1.0,0.0,0.0
P1,07/04/2018,Estoril,Maritimo,1.0,1.0,D,1.0,0.0,H,2.2,3.1,3.5,2.2,3.25,3.25,2017/18,€26.20m,€28.55m,13.0,4.0,4.0,2.0,15.0,15.0,5.0,4.0,3.0,5.0,0.0,0.0
P1,07/04/2018,Feirense,Sp Braga,2.0,2.0,D,0.0,1.0,A,6.0,3.79,1.57,5.75,3.6,1.62,2017/18,€12.85m,€94.80m,15.0,10.0,4.0,4.0,20.0,13.0,4.0,6.0,2.0,5.0,0.0,0.0
P1,07/04/2018,Setubal,Benfica,1.0,2.0,A,1.0,1.0,D,11.0,5.25,1.28,9.25,5.25,1.3,2017/18,€23.95m,€229.08m,6.0,9.0,2.0,5.0,16.0,18.0,3.0,5.0,2.0,2.0,0.0,0.0
P1,07/04/2018,Tondela,Portimonense,2.0,2.0,D,2.0,1.0,H,2.45,3.0,3.1,2.55,3.3,2.7,2017/18,€17.48m,€35.78m,8.0,12.0,4.0,7.0,25.0,8.0,3.0,5.0,2.0,1.0,0.0,0.0
P1,08/04/2018,Chaves,Belenenses,1.0,1.0,D,0.0,0.0,D,2.2,3.0,3.6,2.15,3.2,3.4,2017/18,€23.75m,€19.88m,11.0,9.0,3.0,6.0,12.0,10.0,4.0,5.0,2.0,3.0,0.0,0.0
P1,08/04/2018,Porto,AVS,2.0,0.0,H,2.0,0.0,H,1.12,8.0,19.0,1.14,7.75,15.5,2017/18,€276.50m,€12.15m,16.0,4.0,8.0,0.0,11.0,22.0,7.0,4.0,0.0,2.0,0.0,0.0
P1,08/04/2018,Sp Lisbon,Pacos Ferreira,2.0,0.0,H,1.0,0.0,H,1.14,7.5,17.0,1.16,7.25,14.5,2017/18,€259.08m,€15.73m,8.0,4.0,5.0,2.0,11.0,10.0,5.0,4.0,1.0,2.0,0.0,0.0
P1,09/04/2018,Moreirense,Boavista,1.0,0.0,H,0.0,0.0,D,2.5,3.0,3.0,2.45,3.0,3.0,2017/18,€17.80m,€16.43m,7.0,5.0,4.0,3.0,10.0,20.0,7.0,7.0,2.0,4.0,0.0,0.0
P1,13/04/2018,Pacos Ferreira,Sp Braga,1.0,5.0,A,0.0,2.0,A,4.0,3.6,1.85,4.33,3.5,1.8,2017/18,€15.73m,€94.80m,6.0,13.0,3.0,10.0,4.0,14.0,7.0,10.0,1.0,4.0,1.0,0.0
P1,14/04/2018,AVS,Feirense,1.0,0.0,H,1.0,0.0,H,1.75,3.39,5.0,1.75,3.2,5.25,2017/18,€12.15m,€12.85m,4.0,7.0,2.0,1.0,18.0,21.0,5.0,6.0,4.0,2.0,0.0,0.0
P1,14/04/2018,Boavista,Chaves,3.0,3.0,D,2.0,1.0,H,2.25,3.1,3.39,2.2,3.2,3.3,2017/18,€16.43m,€23.75m,12.0,8.0,5.0,4.0,22.0,14.0,4.0,2.0,4.0,2.0,0.0,0.0
P1,14/04/2018,Guimaraes,Setubal,1.0,1.0,D,1.0,1.0,D,1.7,3.6,5.0,1.78,3.4,4.75,2017/18,€50.33m,€23.95m,5.0,6.0,4.0,1.0,22.0,18.0,3.0,6.0,2.0,3.0,0.0,0.0
P1,14/04/2018,Portimonense,Estoril,0.0,1.0,A,0.0,1.0,A,2.04,3.5,3.39,2.05,3.4,3.5,2017/18,€35.78m,€26.20m,8.0,9.0,3.0,4.0,16.0,15.0,7.0,7.0,1.0,3.0,0.0,1.0
P1,15/04/2018,Belenenses,Sp Lisbon,3.0,4.0,A,1.0,3.0,A,6.5,3.6,1.57,5.75,3.9,1.57,2017/18,€19.88m,€259.08m,9.0,10.0,6.0,6.0,14.0,16.0,3.0,4.0,3.0,6.0,2.0,0.0
P1,15/04/2018,Benfica,Porto,0.0,1.0,A,0.0,0.0,D,2.29,3.2,3.1,2.4,3.2,2.95,2017/18,€229.08m,€276.50m,5.0,6.0,2.0,2.0,19.0,15.0,7.0,3.0,2.0,5.0,0.0,0.0
P1,15/04/2018,Maritimo,Moreirense,1.0,1.0,D,0.0,0.0,D,2.04,3.29,3.6,2.0,3.2,3.9,2017/18,€28.55m,€17.80m,10.0,4.0,5.0,1.0,10.0,16.0,5.0,3.0,2.0,2.0,0.0,0.0
P1,16/04/2018,Rio Ave,Tondela,1.0,1.0,D,1.0,0.0,H,1.7,3.5,5.25,1.75,3.5,4.6,2017/18,€32.95m,€17.48m,8.0,6.0,3.0,4.0,11.0,28.0,9.0,5.0,3.0,2.0,0.0,0.0
P1,20/04/2018,Sp Braga,Maritimo,2.0,0.0,H,0.0,0.0,D,1.33,4.75,10.0,1.3,5.0,10.0,2017/18,€94.80m,€28.55m,11.0,3.0,4.0,2.0,17.0,14.0,9.0,8.0,2.0,3.0,0.0,0.0
P1,21/04/2018,Estoril,Benfica,1.0,2.0,A,0.0,1.0,A,8.5,5.0,1.36,8.25,5.0,1.34,2017/18,€26.20m,€229.08m,7.0,10.0,3.0,7.0,14.0,13.0,3.0,3.0,4.0,3.0,0.0,0.0
P1,21/04/2018,Feirense,Guimaraes,2.0,1.0,H,1.0,1.0,D,2.62,3.1,2.75,2.65,3.2,2.65,2017/18,€12.85m,€50.33m,13.0,9.0,7.0,3.0,21.0,18.0,5.0,4.0,2.0,3.0,0.0,0.0
P1,21/04/2018,Pacos Ferreira,Belenenses,1.0,1.0,D,1.0,0.0,H,2.0,3.2,4.0,2.05,3.25,3.6,2017/18,€15.73m,€19.88m,10.0,7.0,4.0,3.0,9.0,11.0,6.0,3.0,2.0,1.0,1.0,0.0
P1,22/04/2018,Chaves,Portimonense,2.0,1.0,H,0.0,0.0,D,2.2,3.25,3.29,2.2,3.4,3.1,2017/18,€23.75m,€35.78m,13.0,13.0,9.0,7.0,10.0,13.0,11.0,4.0,1.0,1.0,0.0,0.0
P1,22/04/2018,Moreirense,Rio Ave,2.0,1.0,H,1.0,1.0,D,2.45,3.1,3.0,2.45,3.1,2.95,2017/18,€17.80m,€32.95m,8.0,12.0,5.0,4.0,20.0,12.0,4.0,14.0,3.0,2.0,0.0,0.0
P1,22/04/2018,Sp Lisbon,Boavista,1.0,0.0,H,1.0,0.0,H,1.22,5.5,15.0,1.22,5.75,12.5,2017/18,€259.08m,€16.43m,13.0,1.0,8.0,0.0,18.0,20.0,9.0,3.0,1.0,5.0,0.0,0.0
P1,22/04/2018,Tondela,AVS,3.0,0.0,H,0.0,0.0,D,2.5,3.0,3.0,2.5,3.1,2.9,2017/18,€17.48m,€12.15m,5.0,9.0,4.0,4.0,16.0,7.0,5.0,10.0,0.0,1.0,0.0,0.0
P1,23/04/2018,Porto,Setubal,5.0,1.0,H,4.0,1.0,H,1.12,7.5,21.0,1.12,8.0,19.5,2017/18,€276.50m,€23.95m,6.0,7.0,5.0,3.0,21.0,13.0,3.0,3.0,2.0,1.0,0.0,0.0
P1,27/04/2018,Guimaraes,Moreirense,1.0,0.0,H,0.0,0.0,D,1.8,3.5,4.5,1.87,3.4,4.1,2017/18,€50.33m,€17.80m,10.0,2.0,3.0,2.0,13.0,10.0,2.0,3.0,0.0,0.0,0.0,0.0
P1,28/04/2018,Benfica,Tondela,2.0,3.0,A,1.0,2.0,A,1.12,8.0,19.0,1.08,9.5,23.0,2017/18,€229.08m,€17.48m,15.0,3.0,8.0,3.0,16.0,14.0,14.0,0.0,2.0,3.0,0.0,0.0
P1,28/04/2018,Portimonense,Sp Lisbon,1.0,2.0,A,1.0,1.0,D,8.5,4.75,1.36,8.0,5.25,1.33,2017/18,€35.78m,€259.08m,8.0,14.0,4.0,7.0,17.0,11.0,4.0,5.0,0.0,1.0,0.0,0.0
P1,28/04/2018,Setubal,Feirense,0.0,2.0,A,0.0,0.0,D,1.8,3.39,4.75,1.85,3.4,4.25,2017/18,€23.95m,€12.85m,9.0,7.0,3.0,4.0,12.0,24.0,6.0,4.0,2.0,2.0,0.0,0.0
P1,29/04/2018,Belenenses,Sp Braga,0.0,1.0,A,0.0,0.0,D,7.0,4.0,1.5,6.0,4.0,1.53,2017/18,€19.88m,€94.80m,8.0,14.0,2.0,7.0,11.0,9.0,5.0,5.0,1.0,2.0,0.0,0.0
P1,29/04/2018,Boavista,Pacos Ferreira,1.0,0.0,H,0.0,0.0,D,2.37,3.0,3.25,2.5,3.1,2.9,2017/18,€16.43m,€15.73m,7.0,2.0,3.0,1.0,19.0,18.0,1.0,7.0,2.0,3.0,0.0,0.0
P1,29/04/2018,Maritimo,Porto,0.0,1.0,A,0.0,0.0,D,13.0,6.0,1.22,14.5,6.0,1.2,2017/18,€28.55m,€276.50m,2.0,12.0,1.0,6.0,18.0,18.0,3.0,7.0,3.0,3.0,2.0,0.0
P1,29/04/2018,Rio Ave,Chaves,2.0,1.0,H,0.0,0.0,D,1.9,3.2,4.33,1.95,3.25,4.0,2017/18,€32.95m,€23.75m,10.0,4.0,5.0,2.0,22.0,21.0,1.0,6.0,7.0,4.0,0.0,2.0
P1,30/04/2018,AVS,Estoril,1.0,0.0,H,0.0,0.0,D,2.0,3.2,4.0,2.2,3.3,3.2,2017/18,€12.15m,€26.20m,5.0,8.0,3.0,3.0,13.0,16.0,7.0,7.0,3.0,3.0,0.0,0.0
P1,04/05/2018,Sp Braga,Boavista,1.0,1.0,D,0.0,1.0,A,1.22,6.0,12.0,1.26,5.5,10.5,2017/18,€94.80m,€16.43m,11.0,11.0,6.0,2.0,13.0,13.0,6.0,3.0,1.0,3.0,0.0,1.0
P1,05/05/2018,Belenenses,Portimonense,3.0,2.0,H,1.0,2.0,A,2.37,3.1,3.1,2.25,3.25,3.1,2017/18,€19.88m,€35.78m,8.0,10.0,6.0,5.0,13.0,21.0,4.0,5.0,1.0,4.0,0.0,0.0
P1,05/05/2018,Sp Lisbon,Benfica,0.0,0.0,D,0.0,0.0,D,2.14,3.0,3.79,2.15,3.25,3.4,2017/18,€259.08m,€229.08m,5.0,5.0,1.0,1.0,16.0,17.0,8.0,3.0,3.0,1.0,0.0,0.0
P1,05/05/2018,Tondela,Guimaraes,1.0,4.0,A,1.0,2.0,A,2.6,3.1,2.79,2.55,3.1,2.8,2017/18,€17.48m,€50.33m,8.0,7.0,2.0,4.0,10.0,13.0,2.0,4.0,1.0,2.0,0.0,0.0
P1,06/05/2018,Chaves,Maritimo,4.0,1.0,H,2.0,1.0,H,2.2,3.1,3.5,2.2,3.2,3.3,2017/18,€23.75m,€28.55m,14.0,15.0,5.0,3.0,12.0,20.0,6.0,3.0,1.0,3.0,0.0,0.0
P1,06/05/2018,Estoril,Setubal,2.0,1.0,H,1.0,0.0,H,2.1,3.2,3.6,2.2,3.25,3.25,2017/18,€26.20m,€23.95m,8.0,14.0,5.0,4.0,18.0,15.0,0.0,10.0,4.0,1.0,0.0,0.0
P1,06/05/2018,Moreirense,AVS,0.0,3.0,A,0.0,1.0,A,2.25,3.2,3.25,2.25,3.1,3.3,2017/18,€17.80m,€12.15m,7.0,11.0,2.0,8.0,20.0,21.0,4.0,6.0,2.0,1.0,0.0,0.0
P1,06/05/2018,Porto,Feirense,2.0,1.0,H,1.0,0.0,H,1.08,11.0,34.0,1.1,9.0,21.0,2017/18,€276.50m,€12.85m,16.0,6.0,4.0,1.0,11.0,16.0,3.0,5.0,1.0,3.0,0.0,0.0
P1,07/05/2018,Pacos Ferreira,Rio Ave,0.0,0.0,D,0.0,0.0,D,2.5,3.2,2.87,2.4,3.1,3.0,2017/18,€15.73m,€32.95m,10.0,5.0,4.0,1.0,23.0,17.0,7.0,6.0,3.0,3.0,0.0,0.0
P1,11/05/2018,AVS,Chaves,2.0,3.0,A,2.0,1.0,H,2.45,3.2,2.89,2.6,3.3,2.6,2017/18,€12.15m,€23.75m,12.0,13.0,5.0,7.0,15.0,19.0,2.0,7.0,2.0,2.0,0.0,0.0
P1,12/05/2018,Boavista,Belenenses,1.0,0.0,H,1.0,0.0,H,2.14,3.2,3.5,2.15,3.2,3.4,2017/18,€16.43m,€19.88m,13.0,7.0,6.0,4.0,21.0,13.0,4.0,4.0,3.0,4.0,0.0,1.0
P1,12/05/2018,Guimaraes,Porto,0.0,1.0,A,0.0,0.0,D,6.5,4.5,1.44,6.5,4.4,1.45,2017/18,€50.33m,€276.50m,5.0,16.0,2.0,8.0,21.0,16.0,0.0,8.0,1.0,0.0,0.0,0.0
P1,13/05/2018,Benfica,Moreirense,1.0,0.0,H,0.0,0.0,D,1.12,7.5,21.0,1.12,8.0,19.0,2017/18,€229.08m,€17.80m,8.0,2.0,2.0,1.0,16.0,13.0,6.0,3.0,3.0,4.0,0.0,0.0
P1,13/05/2018,Feirense,Estoril,0.0,0.0,D,0.0,0.0,D,2.0,3.5,3.6,2.05,3.5,3.4,2017/18,€12.85m,€26.20m,8.0,13.0,4.0,5.0,21.0,14.0,1.0,5.0,2.0,1.0,0.0,1.0
P1,13/05/2018,Maritimo,Sp Lisbon,2.0,1.0,H,1.0,1.0,D,10.0,5.25,1.3,14.0,5.5,1.22,2017/18,€28.55m,€259.08m,5.0,7.0,2.0,2.0,12.0,14.0,4.0,8.0,0.0,0.0,0.0,0.0
P1,13/05/2018,Portimonense,Pacos Ferreira,3.0,1.0,H,1.0,0.0,H,3.89,3.5,1.9,3.6,3.6,1.95,2017/18,€35.78m,€15.73m,11.0,9.0,5.0,4.0,14.0,12.0,6.0,10.0,2.0,3.0,0.0,0.0
P1,13/05/2018,Rio Ave,Sp Braga,1.0,0.0,H,1.0,0.0,H,4.33,3.6,1.8,4.4,3.7,1.75,2017/18,€32.95m,€94.80m,7.0,8.0,4.0,3.0,15.0,16.0,7.0,9.0,2.0,4.0,0.0,0.0
P1,13/05/2018,Setubal,Tondela,1.0,0.0,H,1.0,0.0,H,1.57,3.79,6.0,1.53,4.1,5.75,2017/18,€23.95m,€17.48m,7.0,2.0,2.0,1.0,17.0,31.0,8.0,6.0,2.0,4.0,0.0,0.0
P1,10/08/2018,Benfica,Guimaraes,3.0,2.0,H,3.0,0.0,H,1.25,5.75,11.0,1.22,6.25,11.5,2018/19,€383.00m,€51.80m,9.0,9.0,7.0,5.0,15.0,24.0,5.0,2.0,0.0,4.0,0.0,0.0
P1,11/08/2018,Porto,Chaves,5.0,0.0,H,3.0,0.0,H,1.14,7.0,21.0,1.13,8.0,16.0,2018/19,€347.15m,€23.55m,14.0,2.0,6.0,0.0,11.0,12.0,7.0,0.0,0.0,2.0,0.0,1.0
P1,11/08/2018,Setubal,AVS,2.0,0.0,H,1.0,0.0,H,2.25,3.1,3.4,2.3,3.2,3.1,2018/19,€17.98m,€14.65m,13.0,2.0,5.0,1.0,17.0,16.0,9.0,3.0,2.0,3.0,0.0,2.0
P1,11/08/2018,Tondela,Belenenses,0.0,1.0,A,0.0,0.0,D,2.25,3.1,3.4,2.2,3.2,3.25,2018/19,€16.53m,€18.18m,14.0,6.0,4.0,3.0,15.0,13.0,10.0,5.0,2.0,2.0,1.0,0.0
P1,12/08/2018,Feirense,Rio Ave,2.0,0.0,H,2.0,0.0,H,3.0,3.0,2.5,2.9,3.0,2.55,2018/19,€12.35m,€34.20m,12.0,7.0,5.0,1.0,17.0,9.0,3.0,4.0,1.0,2.0,0.0,0.0
P1,12/08/2018,Maritimo,Santa Clara,1.0,0.0,H,0.0,0.0,D,1.75,3.4,5.0,1.78,3.4,4.6,2018/19,€17.68m,€20.48m,10.0,9.0,4.0,5.0,16.0,9.0,7.0,3.0,0.0,3.0,0.0,0.0
P1,12/08/2018,Moreirense,Sp Lisbon,1.0,3.0,A,1.0,1.0,D,7.5,4.2,1.44,8.0,4.4,1.4,2018/19,€26.50m,€211.18m,3.0,6.0,3.0,4.0,21.0,15.0,6.0,4.0,5.0,5.0,0.0,0.0
P1,12/08/2018,Sp Braga,Nacional,4.0,2.0,H,2.0,2.0,D,1.33,5.0,8.5,1.35,4.75,8.25,2018/19,€99.00m,€11.68m,16.0,10.0,12.0,8.0,10.0,15.0,4.0,2.0,1.0,3.0,0.0,0.0
P1,13/08/2018,Portimonense,Boavista,0.0,2.0,A,0.0,0.0,D,2.14,3.1,3.6,2.3,3.2,3.1,2018/19,€56.38m,€18.80m,8.0,9.0,3.0,4.0,19.0,27.0,9.0,4.0,1.0,4.0,0.0,0.0
P1,17/08/2018,AVS,Tondela,2.0,2.0,D,1.0,1.0,D,2.14,3.0,3.8,2.2,3.1,3.4,2018/19,€14.65m,€16.53m,16.0,12.0,6.0,5.0,15.0,13.0,5.0,9.0,3.0,3.0,0.0,0.0
P1,18/08/2018,Boavista,Benfica,0.0,2.0,A,0.0,1.0,A,7.0,4.0,1.5,6.75,3.9,1.5,2018/19,€18.80m,€383.00m,4.0,17.0,1.0,8.0,12.0,21.0,2.0,9.0,4.0,1.0,0.0,0.0
P1,18/08/2018,Chaves,Portimonense,2.0,0.0,H,2.0,0.0,H,2.14,3.1,3.6,2.15,3.2,3.4,2018/19,€23.55m,€56.38m,12.0,9.0,5.0,2.0,16.0,21.0,2.0,11.0,3.0,4.0,0.0,0.0
P1,18/08/2018,Sp Lisbon,Setubal,2.0,1.0,H,1.0,1.0,D,1.25,5.5,12.0,1.22,6.5,10.0,2018/19,€211.18m,€17.98m,17.0,9.0,5.0,3.0,20.0,29.0,7.0,3.0,2.0,5.0,0.0,0.0
P1,19/08/2018,Belenenses,Porto,2.0,3.0,A,0.0,1.0,A,12.0,4.33,1.33,11.5,5.25,1.26,2018/19,€18.18m,€347.15m,12.0,16.0,5.0,6.0,17.0,11.0,6.0,5.0,2.0,3.0,0.0,0.0
P1,19/08/2018,Nacional,Moreirense,1.0,2.0,A,0.0,1.0,A,2.37,3.0,3.2,2.25,3.1,3.3,2018/19,€11.68m,€26.50m,17.0,14.0,8.0,8.0,11.0,24.0,8.0,2.0,0.0,5.0,0.0,0.0
P1,19/08/2018,Rio Ave,Maritimo,3.0,1.0,H,2.0,0.0,H,2.04,3.2,3.75,1.95,3.2,4.1,2018/19,€34.20m,€17.68m,13.0,16.0,5.0,4.0,11.0,23.0,4.0,3.0,1.0,3.0,0.0,0.0
P1,19/08/2018,Santa Clara,Sp Braga,3.0,3.0,D,0.0,3.0,A,5.5,3.75,1.61,6.0,3.75,1.57,2018/19,€20.48m,€99.00m,12.0,14.0,8.0,8.0,13.0,8.0,5.0,4.0,2.0,3.0,0.0,0.0
P1,20/08/2018,Guimaraes,Feirense,0.0,1.0,A,0.0,0.0,D,1.64,3.6,5.5,1.65,3.6,5.5,2018/19,€51.80m,€12.35m,10.0,7.0,3.0,4.0,17.0,21.0,8.0,5.0,1.0,3.0,0.0,0.0
P1,24/08/2018,Maritimo,Chaves,2.0,1.0,H,0.0,1.0,A,2.0,3.3,3.75,2.1,3.1,3.7,2018/19,€17.68m,€23.55m,13.0,10.0,6.0,3.0,12.0,9.0,5.0,2.0,4.0,4.0,0.0,0.0
P1,25/08/2018,Benfica,Sp Lisbon,1.0,1.0,D,0.0,0.0,D,2.0,3.2,4.0,1.83,3.25,4.6,2018/19,€383.00m,€211.18m,19.0,11.0,10.0,4.0,14.0,17.0,11.0,1.0,4.0,5.0,0.0,0.0
P1,25/08/2018,Portimonense,Santa Clara,2.0,2.0,D,0.0,1.0,A,2.1,3.2,3.6,2.1,3.3,3.4,2018/19,€56.38m,€20.48m,26.0,9.0,11.0,3.0,13.0,23.0,6.0,5.0,0.0,3.0,0.0,0.0
P1,25/08/2018,Porto,Guimaraes,2.0,3.0,A,2.0,0.0,H,1.14,7.5,17.0,1.14,7.5,17.0,2018/19,€347.15m,€51.80m,18.0,8.0,10.0,3.0,16.0,12.0,8.0,3.0,3.0,2.0,0.0,0.0
P1,26/08/2018,Feirense,Boavista,1.0,1.0,D,0.0,1.0,A,2.4,3.0,3.2,2.55,3.25,2.7,2018/19,€12.35m,€18.80m,17.0,7.0,5.0,4.0,15.0,25.0,4.0,1.0,2.0,5.0,0.0,1.0
P1,26/08/2018,Setubal,Nacional,1.0,2.0,A,0.0,1.0,A,2.0,3.2,4.0,2.0,3.4,3.6,2018/19,€17.98m,€11.68m,11.0,11.0,4.0,4.0,17.0,26.0,4.0,2.0,4.0,5.0,1.0,0.0
P1,26/08/2018,Sp Braga,AVS,3.0,1.0,H,0.0,0.0,D,1.3,5.25,9.5,1.3,5.25,9.0,2018/19,€99.00m,€14.65m,20.0,8.0,6.0,4.0,12.0,18.0,9.0,1.0,1.0,4.0,0.0,0.0
P1,26/08/2018,Tondela,Rio Ave,1.0,1.0,D,0.0,1.0,A,2.2,3.0,3.6,2.25,3.2,3.2,2018/19,€16.53m,€34.20m,12.0,14.0,5.0,4.0,23.0,6.0,3.0,7.0,2.0,2.0,1.0,0.0
P1,27/08/2018,Moreirense,Belenenses,1.0,1.0,D,0.0,0.0,D,2.14,3.1,3.6,2.2,3.2,3.25,2018/19,€26.50m,€18.18m,17.0,9.0,7.0,3.0,22.0,11.0,8.0,1.0,2.0,2.0,0.0,0.0
P1,31/08/2018,Chaves,Sp Braga,0.0,1.0,A,0.0,1.0,A,5.0,3.75,1.66,4.25,3.9,1.72,2018/19,€23.55m,€99.00m,17.0,9.0,2.0,3.0,19.0,22.0,9.0,4.0,2.0,5.0,0.0,0.0
P1,31/08/2018,Guimaraes,Tondela,1.0,0.0,H,1.0,0.0,H,1.61,3.6,6.0,1.65,3.6,5.5,2018/19,€51.80m,€16.53m,6.0,9.0,2.0,3.0,18.0,17.0,2.0,10.0,2.0,1.0,0.0,1.0
P1,01/09/2018,Belenenses,Setubal,0.0,0.0,D,0.0,0.0,D,2.4,3.1,3.1,2.2,3.25,3.25,2018/19,€18.18m,€17.98m,8.0,6.0,4.0,2.0,20.0,13.0,2.0,5.0,0.0,1.0,0.0,0.0
P1,01/09/2018,Santa Clara,Boavista,4.0,2.0,H,1.0,1.0,D,2.37,3.0,3.1,2.35,3.2,3.0,2018/19,€20.48m,€18.80m,11.0,15.0,5.0,6.0,22.0,19.0,9.0,6.0,4.0,3.0,0.0,0.0
P1,01/09/2018,Sp Lisbon,Feirense,1.0,0.0,H,0.0,0.0,D,1.3,5.25,9.5,1.3,5.5,8.5,2018/19,€211.18m,€12.35m,26.0,6.0,12.0,2.0,21.0,15.0,9.0,0.0,4.0,6.0,0.0,0.0
P1,02/09/2018,AVS,Maritimo,0.0,1.0,A,0.0,1.0,A,2.4,3.0,3.2,2.35,3.2,3.0,2018/19,€14.65m,€17.68m,12.0,16.0,2.0,3.0,22.0,15.0,4.0,4.0,2.0,3.0,0.0,0.0
P1,02/09/2018,Nacional,Benfica,0.0,4.0,A,0.0,2.0,A,8.5,4.75,1.36,9.0,4.75,1.34,2018/19,€11.68m,€383.00m,5.0,16.0,2.0,7.0,7.0,15.0,2.0,5.0,1.0,3.0,0.0,0.0
P1,02/09/2018,Porto,Moreirense,3.0,0.0,H,2.0,0.0,H,1.14,7.5,21.0,1.13,7.75,16.5,2018/19,€347.15m,€26.50m,15.0,7.0,5.0,3.0,16.0,11.0,11.0,4.0,2.0,1.0,0.0,0.0
P1,02/09/2018,Rio Ave,Portimonense,2.0,1.0,H,0.0,1.0,A,2.04,3.3,3.6,2.1,3.25,3.5,2018/19,€34.20m,€56.38m,22.0,11.0,5.0,4.0,13.0,16.0,8.0,3.0,3.0,2.0,0.0,2.0
P1,21/09/2018,Boavista,Chaves,1.0,2.0,A,0.0,1.0,A,2.2,3.1,3.5,2.2,3.2,3.3,2018/19,€18.80m,€23.55m,19.0,7.0,4.0,3.0,15.0,17.0,10.0,2.0,3.0,4.0,0.0,0.0
P1,22/09/2018,Maritimo,Belenenses,0.0,0.0,D,0.0,0.0,D,1.95,3.3,4.0,1.95,3.25,4.0,2018/19,€17.68m,€18.18m,10.0,16.0,3.0,5.0,12.0,16.0,7.0,9.0,1.0,1.0,0.0,0.0
P1,22/09/2018,Santa Clara,Rio Ave,1.0,3.0,A,0.0,0.0,D,2.5,3.1,2.9,2.55,3.1,2.8,2018/19,€20.48m,€34.20m,20.0,10.0,8.0,4.0,22.0,12.0,11.0,3.0,2.0,4.0,1.0,1.0
P1,22/09/2018,Setubal,Porto,0.0,2.0,A,0.0,1.0,A,12.0,5.0,1.28,8.5,5.5,1.3,2018/19,€17.98m,€347.15m,10.0,11.0,2.0,4.0,13.0,16.0,6.0,2.0,1.0,2.0,0.0,0.0
P1,23/09/2018,Benfica,AVS,2.0,0.0,H,1.0,0.0,H,1.16,7.0,15.0,1.14,7.5,17.0,2018/19,€383.00m,€14.65m,26.0,12.0,7.0,4.0,15.0,18.0,13.0,3.0,1.0,4.0,0.0,0.0
P1,23/09/2018,Feirense,Nacional,0.0,0.0,D,0.0,0.0,D,1.95,3.2,4.2,1.95,3.5,3.7,2018/19,€12.35m,€11.68m,4.0,10.0,0.0,2.0,14.0,25.0,4.0,3.0,2.0,2.0,0.0,0.0
P1,23/09/2018,Portimonense,Guimaraes,3.0,2.0,H,1.0,0.0,H,2.45,3.1,3.0,2.4,3.4,2.75,2018/19,€56.38m,€51.80m,13.0,9.0,6.0,3.0,19.0,12.0,5.0,6.0,2.0,4.0,0.0,0.0
P1,23/09/2018,Tondela,Moreirense,2.0,0.0,H,1.0,0.0,H,2.2,3.1,3.5,2.2,3.25,3.25,2018/19,€16.53m,€26.50m,9.0,12.0,4.0,0.0,17.0,15.0,0.0,6.0,0.0,0.0,0.0,0.0
P1,24/09/2018,Sp Braga,Sp Lisbon,1.0,0.0,H,0.0,0.0,D,2.5,3.2,2.87,2.6,3.4,2.55,2018/19,€99.00m,€211.18m,13.0,12.0,4.0,3.0,10.0,11.0,5.0,4.0,1.0,2.0,0.0,0.0
P1,27/09/2018,Chaves,Benfica,2.0,2.0,D,0.0,1.0,A,10.0,4.75,1.33,8.5,4.75,1.35,2018/19,€23.55m,€383.00m,10.0,12.0,5.0,5.0,12.0,21.0,3.0,3.0,3.0,1.0,0.0,1.0
P1,28/09/2018,Porto,Tondela,1.0,0.0,H,0.0,0.0,D,1.14,7.5,17.0,1.13,8.0,18.0,2018/19,€347.15m,€16.53m,31.0,7.0,9.0,0.0,19.0,22.0,11.0,2.0,3.0,5.0,0.0,0.0
P1,29/09/2018,Moreirense,Feirense,1.0,0.0,H,0.0,0.0,D,2.25,3.1,3.4,2.2,3.2,3.3,2018/19,€26.50m,€12.35m,19.0,6.0,5.0,2.0,22.0,16.0,7.0,6.0,1.0,2.0,0.0,0.0
P1,29/09/2018,Rio Ave,Boavista,2.0,1.0,H,2.0,0.0,H,1.9,3.25,4.2,1.9,3.25,4.25,2018/19,€34.20m,€18.80m,19.0,15.0,4.0,5.0,16.0,18.0,7.0,9.0,2.0,3.0,0.0,1.0
P1,29/09/2018,Sp Lisbon,Maritimo,2.0,0.0,H,2.0,0.0,H,1.33,5.0,9.0,1.3,5.0,9.5,2018/19,€211.18m,€17.68m,12.0,7.0,3.0,1.0,14.0,14.0,4.0,1.0,2.0,3.0,0.0,0.0
P1,30/09/2018,Belenenses,Sp Braga,0.0,3.0,A,0.0,2.0,A,4.75,3.6,1.72,4.6,3.7,1.72,2018/19,€18.18m,€99.00m,8.0,18.0,0.0,8.0,10.0,7.0,6.0,4.0,4.0,0.0,0.0,0.0
P1,30/09/2018,Guimaraes,Setubal,1.0,1.0,D,0.0,0.0,D,2.0,3.2,4.0,1.91,3.4,4.0,2018/19,€51.80m,€17.98m,14.0,15.0,5.0,4.0,15.0,16.0,3.0,3.0,2.0,3.0,0.0,0.0
P1,30/09/2018,Nacional,Santa Clara,0.0,3.0,A,0.0,1.0,A,2.04,3.2,3.75,2.05,3.4,3.5,2018/19,€11.68m,€20.48m,12.0,12.0,1.0,4.0,7.0,18.0,6.0,10.0,1.0,2.0,0.0,0.0
P1,01/10/2018,AVS,Portimonense,3.0,0.0,H,1.0,0.0,H,2.62,3.2,2.7,2.6,3.2,2.7,2018/19,€14.65m,€56.38m,12.0,17.0,4.0,2.0,12.0,10.0,6.0,5.0,2.0,1.0,0.0,0.0
P1,05/10/2018,Feirense,Belenenses,0.0,0.0,D,0.0,0.0,D,2.4,3.0,3.2,2.3,3.0,3.3,2018/19,€12.35m,€18.18m,11.0,9.0,1.0,1.0,18.0,17.0,10.0,2.0,3.0,2.0,0.0,0.0
P1,05/10/2018,Santa Clara,Chaves,1.0,0.0,H,0.0,0.0,D,2.25,3.1,3.4,2.25,3.2,3.2,2018/19,€20.48m,€23.55m,12.0,8.0,4.0,2.0,17.0,9.0,7.0,7.0,2.0,1.0,0.0,0.0
P1,05/10/2018,Tondela,Nacional,1.0,1.0,D,0.0,0.0,D,1.9,3.6,3.8,1.95,3.5,3.7,2018/19,€16.53m,€11.68m,16.0,16.0,3.0,4.0,11.0,10.0,3.0,7.0,1.0,2.0,0.0,0.0
P1,06/10/2018,Maritimo,Guimaraes,1.0,3.0,A,0.0,1.0,A,2.25,3.2,3.25,2.25,3.2,3.2,2018/19,€17.68m,€51.80m,20.0,15.0,5.0,6.0,15.0,10.0,7.0,6.0,1.0,0.0,0.0,0.0
P1,06/10/2018,Setubal,Moreirense,3.0,0.0,H,1.0,0.0,H,2.04,3.2,3.75,2.0,3.2,3.9,2018/19,€17.98m,€26.50m,12.0,11.0,5.0,3.0,23.0,20.0,3.0,2.0,2.0,3.0,0.0,2.0
P1,06/10/2018,Sp Braga,Rio Ave,1.0,1.0,D,1.0,1.0,D,1.4,4.5,7.5,1.42,4.4,7.25,2018/19,€99.00m,€34.20m,13.0,8.0,5.0,3.0,26.0,11.0,4.0,7.0,4.0,4.0,1.0,0.0
P1,07/10/2018,Benfica,Porto,1.0,0.0,H,0.0,0.0,D,2.45,3.1,3.0,2.3,3.3,3.0,2018/19,€383.00m,€347.15m,10.0,11.0,2.0,1.0,24.0,20.0,2.0,4.0,4.0,5.0,1.0,0.0
P1,07/10/2018,Boavista,AVS,1.0,0.0,H,0.0,0.0,D,2.0,3.4,3.75,1.9,3.25,4.2,2018/19,€18.80m,€14.65m,20.0,11.0,5.0,2.0,12.0,23.0,11.0,4.0,3.0,4.0,0.0,0.0
P1,07/10/2018,Portimonense,Sp Lisbon,4.0,2.0,H,2.0,0.0,H,4.75,3.6,1.72,4.4,3.6,1.78,2018/19,€56.38m,€211.18m,12.0,17.0,6.0,5.0,22.0,14.0,5.0,5.0,5.0,1.0,0.0,0.0
P1,26/10/2018,Guimaraes,Sp Braga,1.0,1.0,D,1.0,1.0,D,3.25,3.4,2.14,3.4,3.3,2.1,2018/19,€51.80m,€99.00m,13.0,15.0,4.0,1.0,18.0,12.0,7.0,4.0,1.0,2.0,0.0,0.0
P1,26/10/2018,Nacional,Portimonense,0.0,1.0,A,0.0,1.0,A,2.62,3.4,2.6,2.7,3.25,2.55,2018/19,€11.68m,€56.38m,8.0,7.0,3.0,2.0,10.0,17.0,1.0,1.0,1.0,1.0,0.0,0.0
P1,27/10/2018,AVS,Santa Clara,1.0,2.0,A,0.0,2.0,A,2.1,3.3,3.5,2.1,3.3,3.4,2018/19,€14.65m,€20.48m,17.0,9.0,6.0,4.0,18.0,15.0,8.0,9.0,2.0,2.0,0.0,1.0
P1,27/10/2018,Belenenses,Benfica,2.0,0.0,H,2.0,0.0,H,7.5,5.0,1.36,9.25,4.75,1.33,2018/19,€18.18m,€383.00m,7.0,24.0,6.0,7.0,14.0,13.0,5.0,11.0,2.0,2.0,0.0,0.0
P1,27/10/2018,Rio Ave,Chaves,1.0,0.0,H,0.0,0.0,D,1.95,3.5,3.75,1.95,3.4,3.8,2018/19,€34.20m,€23.55m,7.0,12.0,5.0,2.0,18.0,23.0,3.0,8.0,3.0,3.0,0.0,0.0
P1,28/10/2018,Moreirense,Maritimo,1.0,0.0,H,0.0,0.0,D,2.3,3.3,3.1,2.35,3.2,3.0,2018/19,€26.50m,€17.68m,19.0,11.0,5.0,2.0,15.0,11.0,4.0,4.0,1.0,2.0,0.0,0.0
P1,28/10/2018,Porto,Feirense,2.0,0.0,H,1.0,0.0,H,1.14,7.5,17.0,1.12,8.0,20.0,2018/19,€347.15m,€12.35m,17.0,6.0,7.0,3.0,21.0,11.0,4.0,6.0,1.0,3.0,0.0,0.0
P1,28/10/2018,Sp Lisbon,Boavista,3.0,0.0,H,1.0,0.0,H,1.3,5.25,9.5,1.3,5.25,8.75,2018/19,€211.18m,€18.80m,21.0,10.0,9.0,1.0,12.0,13.0,9.0,4.0,2.0,3.0,0.0,0.0
P1,28/10/2018,Tondela,Setubal,1.0,2.0,A,0.0,1.0,A,2.3,3.1,3.2,2.35,3.0,3.2,2018/19,€16.53m,€17.98m,10.0,9.0,6.0,3.0,18.0,24.0,7.0,6.0,3.0,3.0,0.0,0.0
P1,02/11/2018,Benfica,Moreirense,1.0,3.0,A,1.0,3.0,A,1.14,7.5,17.0,1.15,7.5,15.5,2018/19,€383.00m,€26.50m,21.0,9.0,8.0,4.0,17.0,12.0,8.0,2.0,2.0,3.0,1.0,0.0
P1,03/11/2018,Boavista,Guimaraes,0.0,0.0,D,0.0,0.0,D,2.8,3.1,2.6,2.65,3.2,2.65,2018/19,€18.80m,€51.80m,7.0,20.0,3.0,4.0,25.0,13.0,7.0,11.0,3.0,4.0,0.0,0.0
P1,03/11/2018,Maritimo,Porto,0.0,2.0,A,0.0,0.0,D,9.5,4.75,1.33,9.0,4.75,1.33,2018/19,€17.68m,€347.15m,6.0,15.0,2.0,4.0,16.0,15.0,4.0,11.0,4.0,2.0,1.0,0.0
P1,03/11/2018,Portimonense,Belenenses,1.0,1.0,D,0.0,0.0,D,2.0,3.3,3.8,2.05,3.4,3.5,2018/19,€56.38m,€18.18m,12.0,8.0,3.0,1.0,19.0,10.0,1.0,6.0,2.0,3.0,0.0,0.0
P1,04/11/2018,Feirense,Tondela,2.0,4.0,A,1.0,1.0,D,2.3,3.0,3.5,2.2,3.1,3.4,2018/19,€12.35m,€16.53m,12.0,15.0,5.0,7.0,17.0,22.0,7.0,5.0,4.0,3.0,0.0,0.0
P1,04/11/2018,Santa Clara,Sp Lisbon,1.0,2.0,A,1.0,0.0,H,6.0,4.0,1.55,6.0,4.0,1.53,2018/19,€20.48m,€211.18m,8.0,18.0,1.0,7.0,10.0,7.0,3.0,7.0,2.0,3.0,1.0,0.0
P1,04/11/2018,Sp Braga,Setubal,2.0,1.0,H,2.0,1.0,H,1.4,4.75,7.5,1.4,4.6,7.25,2018/19,€99.00m,€17.98m,17.0,13.0,3.0,5.0,18.0,20.0,2.0,5.0,1.0,3.0,0.0,0.0
P1,05/11/2018,Chaves,AVS,1.0,2.0,A,0.0,1.0,A,2.0,3.2,4.2,1.95,3.4,3.75,2018/19,€23.55m,€14.65m,13.0,11.0,2.0,5.0,10.0,15.0,6.0,4.0,3.0,3.0,0.0,0.0
P1,05/11/2018,Rio Ave,Nacional,3.0,3.0,D,2.0,1.0,H,1.64,3.8,5.0,1.62,3.75,5.25,2018/19,€34.20m,€11.68m,13.0,13.0,5.0,6.0,13.0,17.0,3.0,3.0,2.0,5.0,0.0,0.0
P1,09/11/2018,Moreirense,Portimonense,2.0,0.0,H,1.0,0.0,H,2.37,3.4,2.9,2.3,3.3,3.0,2018/19,€26.50m,€56.38m,12.0,12.0,4.0,4.0,17.0,15.0,8.0,6.0,2.0,1.0,0.0,0.0
P1,09/11/2018,Setubal,Feirense,2.0,1.0,H,1.0,1.0,D,1.83,3.4,4.5,1.83,3.3,4.5,2018/19,€17.98m,€12.35m,10.0,6.0,2.0,1.0,20.0,20.0,7.0,3.0,4.0,4.0,0.0,0.0
P1,10/11/2018,AVS,Rio Ave,2.0,1.0,H,2.0,0.0,H,2.75,3.4,2.45,2.8,3.25,2.45,2018/19,€14.65m,€34.20m,19.0,11.0,8.0,5.0,22.0,11.0,13.0,4.0,3.0,3.0,0.0,1.0
P1,10/11/2018,Belenenses,Boavista,0.0,0.0,D,0.0,0.0,D,2.25,3.2,3.25,2.3,3.1,3.2,2018/19,€18.18m,€18.80m,12.0,11.0,2.0,3.0,23.0,26.0,4.0,2.0,5.0,6.0,0.0,0.0
P1,10/11/2018,Nacional,Maritimo,1.0,0.0,H,0.0,0.0,D,2.4,3.3,2.87,2.35,3.3,2.95,2018/19,€11.68m,€17.68m,16.0,9.0,3.0,2.0,12.0,22.0,0.0,3.0,3.0,2.0,0.0,0.0
P1,10/11/2018,Porto,Sp Braga,1.0,0.0,H,0.0,0.0,D,1.4,4.5,7.5,1.45,4.5,6.25,2018/19,€347.15m,€99.00m,17.0,10.0,3.0,2.0,16.0,18.0,9.0,5.0,1.0,1.0,0.0,0.0
P1,11/11/2018,Guimaraes,Santa Clara,2.0,0.0,H,1.0,0.0,H,1.57,3.6,6.5,1.6,3.7,5.75,2018/19,€51.80m,€20.48m,20.0,7.0,6.0,1.0,15.0,11.0,10.0,3.0,1.0,2.0,0.0,0.0
P1,11/11/2018,Sp Lisbon,Chaves,2.0,1.0,H,1.0,0.0,H,1.33,5.0,10.0,1.36,4.75,7.75,2018/19,€211.18m,€23.55m,17.0,3.0,5.0,1.0,11.0,10.0,10.0,2.0,1.0,2.0,0.0,1.0
P1,11/11/2018,Tondela,Benfica,1.0,3.0,A,1.0,1.0,D,7.5,4.5,1.4,7.75,4.5,1.4,2018/19,€16.53m,€383.00m,7.0,15.0,4.0,5.0,14.0,12.0,2.0,7.0,4.0,3.0,2.0,0.0
P1,30/11/2018,Santa Clara,Belenenses,2.0,3.0,A,1.0,1.0,D,2.14,3.1,3.6,2.15,3.2,3.4,2018/19,€20.48m,€18.18m,14.0,10.0,4.0,6.0,13.0,14.0,5.0,7.0,3.0,0.0,1.0,0.0
P1,01/12/2018,Benfica,Feirense,4.0,0.0,H,0.0,0.0,D,1.16,7.5,13.0,1.15,7.75,13.5,2018/19,€383.00m,€12.35m,15.0,3.0,7.0,1.0,17.0,14.0,7.0,0.0,2.0,2.0,0.0,0.0
P1,01/12/2018,Maritimo,Setubal,0.0,1.0,A,0.0,0.0,D,2.37,3.1,3.1,2.35,3.1,3.1,2018/19,€17.68m,€17.98m,12.0,10.0,3.0,4.0,17.0,22.0,4.0,6.0,1.0,2.0,0.0,0.0
P1,01/12/2018,Sp Braga,Moreirense,2.0,0.0,H,2.0,0.0,H,1.36,4.75,8.0,1.36,4.75,7.75,2018/19,€99.00m,€26.50m,14.0,15.0,5.0,2.0,15.0,19.0,2.0,5.0,1.0,2.0,0.0,0.0
P1,02/12/2018,AVS,Nacional,2.0,3.0,A,1.0,1.0,D,2.0,3.3,3.8,1.95,3.3,3.9,2018/19,€14.65m,€11.68m,15.0,16.0,5.0,7.0,16.0,19.0,9.0,4.0,3.0,4.0,0.0,0.0
P1,02/12/2018,Boavista,Porto,0.0,1.0,A,0.0,0.0,D,11.0,4.5,1.33,9.75,4.6,1.33,2018/19,€18.80m,€347.15m,4.0,24.0,2.0,6.0,25.0,11.0,1.0,8.0,6.0,1.0,0.0,0.0
P1,02/12/2018,Chaves,Guimaraes,0.0,1.0,A,0.0,1.0,A,3.1,3.1,2.4,3.1,3.1,2.35,2018/19,€23.55m,€51.80m,13.0,15.0,8.0,7.0,12.0,17.0,7.0,4.0,1.0,0.0,0.0,0.0
P1,02/12/2018,Portimonense,Tondela,3.0,2.0,H,3.0,1.0,H,1.83,3.6,4.0,1.83,3.5,4.2,2018/19,€56.38m,€16.53m,16.0,10.0,6.0,5.0,16.0,19.0,8.0,9.0,3.0,6.0,0.0,1.0
P1,03/12/2018,Rio Ave,Sp Lisbon,1.0,3.0,A,1.0,2.0,A,4.5,3.5,1.8,4.1,3.8,1.78,2018/19,€34.20m,€211.18m,12.0,20.0,4.0,6.0,11.0,27.0,6.0,11.0,3.0,5.0,0.0,0.0
P1,07/12/2018,Porto,Portimonense,4.0,1.0,H,1.0,1.0,D,1.14,7.5,17.0,1.16,7.25,15.0,2018/19,€347.15m,€56.38m,25.0,8.0,9.0,4.0,10.0,10.0,8.0,0.0,2.0,1.0,0.0,0.0
P1,08/12/2018,Belenenses,Chaves,1.0,0.0,H,1.0,0.0,H,2.1,3.2,3.6,2.2,3.3,3.25,2018/19,€18.18m,€23.55m,10.0,12.0,4.0,4.0,12.0,19.0,5.0,6.0,1.0,1.0,0.0,0.0
P1,08/12/2018,Setubal,Benfica,0.0,1.0,A,0.0,1.0,A,7.5,4.2,1.44,7.75,4.0,1.45,2018/19,€17.98m,€383.00m,14.0,12.0,3.0,3.0,23.0,20.0,3.0,5.0,3.0,4.0,0.0,0.0
P1,08/12/2018,Tondela,Sp Braga,0.0,1.0,A,0.0,1.0,A,5.0,3.75,1.66,5.0,3.75,1.67,2018/19,€16.53m,€99.00m,8.0,6.0,3.0,3.0,15.0,19.0,6.0,2.0,3.0,1.0,0.0,0.0
P1,09/12/2018,Guimaraes,Rio Ave,3.0,2.0,H,2.0,1.0,H,2.0,3.5,3.6,2.05,3.4,3.5,2018/19,€51.80m,€34.20m,12.0,11.0,7.0,3.0,23.0,14.0,3.0,7.0,4.0,2.0,0.0,0.0
P1,09/12/2018,Moreirense,Santa Clara,0.0,1.0,A,0.0,0.0,D,1.95,3.2,4.2,1.9,3.4,4.0,2018/19,€26.50m,€20.48m,11.0,11.0,3.0,3.0,21.0,14.0,9.0,6.0,5.0,4.0,1.0,0.0
P1,09/12/2018,Nacional,Boavista,0.0,0.0,D,0.0,0.0,D,2.37,3.1,3.1,2.4,3.3,2.85,2018/19,€11.68m,€18.80m,26.0,5.0,7.0,1.0,15.0,24.0,16.0,1.0,2.0,2.0,0.0,0.0
P1,09/12/2018,Sp Lisbon,AVS,4.0,1.0,H,2.0,1.0,H,1.25,5.25,13.0,1.26,5.5,11.0,2018/19,€211.18m,€14.65m,10.0,15.0,5.0,4.0,15.0,12.0,3.0,6.0,2.0,5.0,1.0,0.0
P1,10/12/2018,Feirense,Maritimo,1.0,1.0,D,0.0,0.0,D,2.4,3.1,3.1,2.45,3.2,2.85,2018/19,€12.35m,€17.68m,10.0,9.0,5.0,4.0,25.0,20.0,3.0,5.0,3.0,4.0,0.0,0.0
P1,14/12/2018,Portimonense,Setubal,3.0,1.0,H,2.0,0.0,H,2.1,3.4,3.4,2.1,3.3,3.4,2018/19,€56.38m,€17.98m,18.0,15.0,7.0,7.0,16.0,20.0,5.0,5.0,1.0,4.0,0.0,0.0
P1,14/12/2018,Sp Braga,Feirense,4.0,0.0,H,2.0,0.0,H,1.3,5.5,9.0,1.28,5.25,9.75,2018/19,€99.00m,€12.35m,16.0,4.0,6.0,1.0,19.0,16.0,4.0,4.0,0.0,1.0,0.0,0.0
P1,15/12/2018,AVS,Guimaraes,1.0,1.0,D,1.0,1.0,D,3.1,3.25,2.3,3.0,3.3,2.3,2018/19,€14.65m,€51.80m,15.0,13.0,5.0,6.0,20.0,14.0,10.0,5.0,2.0,0.0,0.0,0.0
P1,15/12/2018,Boavista,Tondela,2.0,0.0,H,2.0,0.0,H,2.25,3.4,3.1,2.25,3.25,3.1,2018/19,€18.80m,€16.53m,18.0,10.0,6.0,3.0,25.0,19.0,5.0,10.0,2.0,4.0,0.0,0.0
P1,15/12/2018,Chaves,Moreirense,1.0,2.0,A,0.0,0.0,D,2.14,3.4,3.25,2.2,3.2,3.3,2018/19,€23.55m,€26.50m,8.0,13.0,1.0,5.0,18.0,18.0,2.0,6.0,0.0,2.0,0.0,0.0
P1,15/12/2018,Santa Clara,Porto,1.0,2.0,A,1.0,1.0,D,10.0,5.25,1.28,9.25,5.5,1.28,2018/19,€20.48m,€347.15m,10.0,14.0,3.0,8.0,21.0,24.0,6.0,8.0,1.0,3.0,0.0,0.0
P1,16/12/2018,Maritimo,Benfica,0.0,1.0,A,0.0,1.0,A,8.5,4.33,1.4,6.5,4.4,1.45,2018/19,€17.68m,€383.00m,6.0,14.0,0.0,5.0,18.0,12.0,4.0,7.0,5.0,3.0,0.0,0.0
P1,16/12/2018,Rio Ave,Belenenses,2.0,2.0,D,1.0,0.0,H,1.83,3.5,4.33,1.8,3.5,4.33,2018/19,€34.20m,€18.18m,8.0,12.0,1.0,4.0,20.0,19.0,6.0,6.0,3.0,1.0,0.0,0.0
P1,16/12/2018,Sp Lisbon,Nacional,5.0,2.0,H,1.0,2.0,A,1.16,7.5,13.0,1.19,6.5,13.0,2018/19,€211.18m,€11.68m,20.0,15.0,9.0,5.0,26.0,9.0,6.0,7.0,3.0,3.0,0.0,0.0
P1,22/12/2018,Belenenses,AVS,5.0,2.0,H,2.0,2.0,D,2.0,3.25,3.9,2.0,3.4,3.6,2018/19,€18.18m,€14.65m,12.0,7.0,8.0,4.0,13.0,20.0,3.0,5.0,0.0,1.0,0.0,0.0
P1,22/12/2018,Feirense,Portimonense,0.0,1.0,A,0.0,0.0,D,2.87,3.3,2.4,2.7,3.3,2.5,2018/19,€12.35m,€56.38m,12.0,16.0,2.0,6.0,19.0,13.0,1.0,5.0,4.0,4.0,0.0,0.0
P1,22/12/2018,Moreirense,Boavista,2.0,1.0,H,2.0,1.0,H,2.14,3.1,3.6,2.1,3.1,3.7,2018/19,€26.50m,€18.80m,13.0,12.0,6.0,4.0,21.0,14.0,7.0,2.0,3.0,5.0,0.0,1.0
P1,22/12/2018,Setubal,Santa Clara,0.0,2.0,A,0.0,1.0,A,1.95,3.3,4.0,1.95,3.4,3.8,2018/19,€17.98m,€20.48m,8.0,10.0,5.0,3.0,31.0,16.0,5.0,2.0,4.0,4.0,0.0,0.0
P1,22/12/2018,Tondela,Maritimo,2.0,1.0,H,1.0,1.0,D,2.4,3.2,3.0,2.45,3.1,2.95,2018/19,€16.53m,€17.68m,15.0,10.0,6.0,2.0,16.0,19.0,6.0,3.0,4.0,3.0,0.0,1.0
P1,23/12/2018,Benfica,Sp Braga,6.0,2.0,H,2.0,0.0,H,1.61,3.8,5.5,1.62,3.8,5.25,2018/19,€383.00m,€99.00m,13.0,11.0,8.0,5.0,15.0,17.0,8.0,2.0,1.0,3.0,0.0,0.0
P1,23/12/2018,Guimaraes,Sp Lisbon,1.0,0.0,H,1.0,0.0,H,3.6,3.75,1.9,3.6,3.7,1.91,2018/19,€51.80m,€211.18m,19.0,17.0,7.0,2.0,13.0,15.0,10.0,7.0,3.0,3.0,0.0,0.0
P1,23/12/2018,Nacional,Chaves,2.0,0.0,H,1.0,0.0,H,2.04,3.4,3.6,2.15,3.2,3.4,2018/19,€11.68m,€23.55m,10.0,11.0,3.0,3.0,18.0,20.0,7.0,4.0,3.0,4.0,0.0,0.0
P1,23/12/2018,Porto,Rio Ave,2.0,1.0,H,2.0,1.0,H,1.18,7.0,13.0,1.18,7.0,13.0,2018/19,€347.15m,€34.20m,17.0,7.0,4.0,4.0,16.0,18.0,4.0,2.0,1.0,4.0,0.0,1.0
P1,02/01/2019,Boavista,Setubal,1.0,0.0,H,0.0,0.0,D,2.5,3.1,2.9,2.35,3.1,3.1,2018/19,€18.80m,€17.98m,12.0,16.0,3.0,7.0,19.0,19.0,4.0,7.0,6.0,4.0,2.0,0.0
P1,02/01/2019,Nacional,Guimaraes,1.0,0.0,H,1.0,0.0,H,3.1,3.25,2.3,2.95,3.4,2.3,2018/19,€11.68m,€51.80m,11.0,6.0,3.0,2.0,17.0,15.0,4.0,3.0,3.0,4.0,0.0,0.0
P1,02/01/2019,Portimonense,Benfica,2.0,0.0,H,2.0,0.0,H,6.0,4.0,1.53,5.5,4.1,1.55,2018/19,€56.38m,€383.00m,9.0,14.0,5.0,3.0,15.0,13.0,3.0,8.0,2.0,2.0,0.0,1.0
P1,02/01/2019,Rio Ave,Moreirense,1.0,2.0,A,1.0,0.0,H,2.0,3.4,3.75,1.95,3.4,3.8,2018/19,€34.20m,€26.50m,12.0,15.0,3.0,4.0,12.0,17.0,5.0,10.0,3.0,3.0,0.0,0.0
P1,02/01/2019,Santa Clara,Tondela,1.0,2.0,A,0.0,0.0,D,2.1,3.4,3.4,2.05,3.3,3.6,2018/19,€20.48m,€16.53m,9.0,12.0,4.0,4.0,20.0,19.0,4.0,1.0,3.0,3.0,1.0,0.0
P1,02/01/2019,Sp Braga,Maritimo,2.0,0.0,H,2.0,0.0,H,1.28,5.25,10.0,1.28,5.5,9.0,2018/19,€99.00m,€17.68m,14.0,6.0,5.0,1.0,14.0,17.0,6.0,1.0,2.0,1.0,0.0,0.0
P1,03/01/2019,AVS,Porto,0.0,1.0,A,0.0,1.0,A,9.5,5.25,1.3,9.75,5.0,1.3,2018/19,€14.65m,€347.15m,13.0,10.0,2.0,4.0,22.0,20.0,4.0,4.0,2.0,1.0,0.0,0.0
P1,03/01/2019,Chaves,Feirense,0.0,0.0,D,0.0,0.0,D,2.04,3.2,3.75,2.1,3.2,3.5,2018/19,€23.55m,€12.35m,12.0,6.0,4.0,1.0,14.0,26.0,7.0,5.0,2.0,3.0,0.0,0.0
P1,03/01/2019,Sp Lisbon,Belenenses,2.0,1.0,H,0.0,0.0,D,1.28,5.25,10.0,1.26,5.75,10.0,2018/19,€211.18m,€18.18m,12.0,11.0,4.0,4.0,12.0,5.0,4.0,1.0,3.0,4.0,0.0,0.0
P1,05/01/2019,Maritimo,Portimonense,2.0,1.0,H,1.0,0.0,H,2.62,3.1,2.75,2.6,3.2,2.7,2018/19,€17.68m,€56.38m,9.0,17.0,4.0,8.0,17.0,13.0,2.0,5.0,4.0,4.0,0.0,0.0
P1,06/01/2019,Belenenses,Guimaraes,1.0,0.0,H,1.0,0.0,H,2.87,3.2,2.55,2.6,3.3,2.6,2018/19,€18.18m,€51.80m,5.0,16.0,4.0,2.0,17.0,13.0,1.0,5.0,0.0,1.0,0.0,0.0
P1,06/01/2019,Benfica,Rio Ave,4.0,2.0,H,2.0,2.0,D,1.22,6.0,12.0,1.2,6.5,12.0,2018/19,€383.00m,€34.20m,11.0,13.0,6.0,5.0,25.0,19.0,5.0,4.0,3.0,3.0,0.0,0.0
P1,06/01/2019,Feirense,Santa Clara,2.0,2.0,D,0.0,1.0,A,2.3,3.1,3.2,2.35,3.2,3.0,2018/19,€12.35m,€20.48m,6.0,11.0,4.0,3.0,23.0,15.0,8.0,6.0,4.0,2.0,0.0,0.0
P1,06/01/2019,Setubal,Chaves,0.0,0.0,D,0.0,0.0,D,2.0,3.2,4.0,1.95,3.3,3.9,2018/19,€17.98m,€23.55m,13.0,12.0,1.0,3.0,22.0,15.0,4.0,8.0,0.0,1.0,0.0,0.0
P1,06/01/2019,Sp Braga,Boavista,1.0,0.0,H,1.0,0.0,H,1.22,5.5,15.0,1.25,5.5,12.0,2018/19,€99.00m,€18.80m,9.0,20.0,5.0,3.0,17.0,13.0,6.0,4.0,3.0,4.0,0.0,1.0
P1,07/01/2019,Moreirense,AVS,1.0,0.0,H,0.0,0.0,D,1.95,3.3,4.0,1.95,3.3,3.9,2018/19,€26.50m,€14.65m,17.0,8.0,9.0,4.0,12.0,13.0,5.0,2.0,1.0,1.0,0.0,0.0
P1,07/01/2019,Porto,Nacional,3.0,1.0,H,2.0,1.0,H,1.14,7.5,17.0,1.13,8.0,16.5,2018/19,€347.15m,€11.68m,13.0,8.0,4.0,3.0,17.0,10.0,6.0,6.0,0.0,0.0,0.0,0.0
P1,07/01/2019,Tondela,Sp Lisbon,2.0,1.0,H,1.0,0.0,H,6.0,3.8,1.57,5.75,4.0,1.55,2018/19,€16.53m,€211.18m,7.0,22.0,5.0,7.0,25.0,16.0,4.0,11.0,5.0,4.0,1.0,0.0
P1,10/01/2019,Portimonense,Sp Braga,1.0,1.0,D,1.0,0.0,H,4.0,3.6,1.83,4.25,3.6,1.78,2018/19,€56.38m,€99.00m,11.0,14.0,5.0,6.0,14.0,11.0,4.0,9.0,3.0,2.0,1.0,0.0
P1,11/01/2019,AVS,Feirense,1.0,1.0,D,1.0,0.0,H,1.83,3.4,4.5,1.85,3.25,4.5,2018/19,€14.65m,€12.35m,21.0,7.0,7.0,3.0,18.0,25.0,6.0,1.0,0.0,3.0,0.0,0.0
P1,11/01/2019,Guimaraes,Moreirense,1.0,0.0,H,0.0,0.0,D,1.85,3.4,4.33,1.91,3.2,4.2,2018/19,€51.80m,€26.50m,9.0,8.0,3.0,0.0,13.0,19.0,6.0,6.0,3.0,2.0,1.0,0.0
P1,11/01/2019,Santa Clara,Benfica,0.0,2.0,A,0.0,1.0,A,8.0,4.75,1.36,6.75,4.6,1.42,2018/19,€20.48m,€383.00m,7.0,20.0,5.0,4.0,13.0,16.0,2.0,6.0,3.0,3.0,1.0,0.0
P1,12/01/2019,Boavista,Maritimo,0.0,1.0,A,0.0,0.0,D,2.05,3.0,4.2,2.15,3.1,3.6,2018/19,€18.80m,€17.68m,23.0,8.0,4.0,3.0,20.0,17.0,8.0,3.0,2.0,3.0,0.0,0.0
P1,12/01/2019,Sp Lisbon,Porto,0.0,0.0,D,0.0,0.0,D,3.3,3.2,2.25,3.1,3.2,2.3,2018/19,€211.18m,€347.15m,12.0,9.0,3.0,1.0,23.0,19.0,7.0,3.0,4.0,4.0,0.0,0.0
P1,13/01/2019,Chaves,Tondela,2.0,1.0,H,1.0,0.0,H,2.15,3.0,3.8,2.2,3.2,3.3,2018/19,€23.55m,€16.53m,12.0,14.0,3.0,3.0,23.0,15.0,4.0,8.0,3.0,1.0,0.0,1.0
P1,13/01/2019,Nacional,Belenenses,0.0,1.0,A,0.0,0.0,D,2.3,3.1,3.25,2.2,3.2,3.3,2018/19,€11.68m,€18.18m,20.0,11.0,4.0,4.0,16.0,18.0,5.0,6.0,3.0,3.0,0.0,0.0
P1,13/01/2019,Rio Ave,Setubal,1.0,1.0,D,1.0,0.0,H,1.95,3.3,4.0,1.91,3.5,3.8,2018/19,€34.20m,€17.98m,8.0,14.0,6.0,8.0,17.0,29.0,1.0,9.0,5.0,6.0,1.0,0.0
P1,18/01/2019,Chaves,Porto,1.0,4.0,A,0.0,2.0,A,9.0,4.5,1.36,9.5,4.4,1.35,2018/19,€23.55m,€347.15m,10.0,15.0,3.0,6.0,20.0,10.0,5.0,6.0,1.0,2.0,0.0,0.0
P1,18/01/2019,Guimaraes,Benfica,0.0,1.0,A,0.0,0.0,D,4.5,3.5,1.8,4.5,3.4,1.8,2018/19,€51.80m,€383.00m,10.0,11.0,2.0,3.0,13.0,11.0,6.0,6.0,4.0,2.0,0.0,0.0
P1,18/01/2019,Nacional,Sp Braga,0.0,3.0,A,0.0,0.0,D,4.75,3.75,1.72,4.6,3.7,1.72,2018/19,€11.68m,€99.00m,4.0,15.0,0.0,6.0,25.0,13.0,2.0,4.0,2.0,2.0,0.0,0.0
P1,19/01/2019,Belenenses,Tondela,2.0,2.0,D,1.0,2.0,A,2.1,3.1,3.75,2.0,3.3,3.7,2018/19,€18.18m,€16.53m,13.0,13.0,4.0,3.0,19.0,22.0,2.0,4.0,3.0,0.0,0.0,0.0
P1,19/01/2019,Santa Clara,Maritimo,0.0,1.0,A,0.0,1.0,A,2.37,3.1,3.1,2.2,3.2,3.3,2018/19,€20.48m,€17.68m,13.0,12.0,1.0,4.0,18.0,19.0,11.0,2.0,1.0,6.0,0.0,0.0
P1,19/01/2019,Sp Lisbon,Moreirense,2.0,1.0,H,2.0,1.0,H,1.4,4.5,8.0,1.4,4.33,7.75,2018/19,€211.18m,€26.50m,10.0,7.0,4.0,2.0,14.0,8.0,2.0,4.0,2.0,2.0,0.0,0.0
P1,20/01/2019,AVS,Setubal,2.0,1.0,H,1.0,0.0,H,2.4,3.3,2.87,2.3,3.3,3.0,2018/19,€14.65m,€17.98m,16.0,6.0,4.0,1.0,21.0,15.0,9.0,9.0,1.0,4.0,0.0,1.0
P1,20/01/2019,Boavista,Portimonense,0.0,2.0,A,0.0,1.0,A,2.4,3.0,3.2,2.3,3.1,3.2,2018/19,€18.80m,€56.38m,13.0,12.0,1.0,4.0,16.0,11.0,6.0,1.0,1.0,1.0,0.0,0.0
P1,20/01/2019,Rio Ave,Feirense,0.0,0.0,D,0.0,0.0,D,1.66,3.75,5.0,1.67,3.6,5.25,2018/19,€34.20m,€12.35m,12.0,7.0,2.0,3.0,15.0,34.0,11.0,2.0,0.0,4.0,0.0,0.0
P1,28/01/2019,Feirense,Guimaraes,1.0,2.0,A,1.0,2.0,A,4.0,3.2,2.05,3.9,3.1,2.05,2018/19,€12.35m,€51.80m,7.0,16.0,3.0,6.0,22.0,14.0,1.0,11.0,0.0,1.0,0.0,0.0
P1,28/01/2019,Maritimo,Rio Ave,0.0,2.0,A,0.0,0.0,D,2.45,3.1,3.0,2.3,3.2,3.1,2018/19,€17.68m,€34.20m,12.0,11.0,2.0,6.0,17.0,13.0,3.0,4.0,3.0,2.0,0.0,0.0
P1,28/01/2019,Moreirense,Nacional,2.0,1.0,H,1.0,0.0,H,1.95,3.3,4.0,1.95,3.4,3.75,2018/19,€26.50m,€11.68m,15.0,6.0,5.0,3.0,12.0,16.0,4.0,5.0,1.0,4.0,0.0,1.0
P1,28/01/2019,Tondela,AVS,0.0,2.0,A,0.0,0.0,D,1.95,3.2,4.2,2.0,3.2,3.9,2018/19,€16.53m,€14.65m,6.0,14.0,3.0,8.0,11.0,19.0,6.0,7.0,2.0,1.0,1.0,0.0
P1,29/01/2019,Benfica,Boavista,5.0,1.0,H,2.0,1.0,H,1.16,7.0,15.0,1.16,7.0,16.0,2018/19,€383.00m,€18.80m,18.0,7.0,9.0,3.0,17.0,15.0,16.0,4.0,0.0,1.0,0.0,0.0
P1,29/01/2019,Portimonense,Chaves,0.0,1.0,A,0.0,1.0,A,1.75,3.8,4.33,1.78,3.5,4.5,2018/19,€56.38m,€23.55m,14.0,10.0,4.0,5.0,18.0,12.0,8.0,5.0,4.0,6.0,0.0,0.0
P1,29/01/2019,Sp Braga,Santa Clara,1.0,0.0,H,0.0,0.0,D,1.25,5.5,12.0,1.28,5.5,9.25,2018/19,€99.00m,€20.48m,16.0,12.0,2.0,2.0,19.0,16.0,5.0,4.0,2.0,1.0,0.0,0.0
P1,30/01/2019,Porto,Belenenses,3.0,0.0,H,2.0,0.0,H,1.16,7.5,13.0,1.15,7.5,16.0,2018/19,€347.15m,€18.18m,17.0,12.0,8.0,2.0,18.0,17.0,4.0,2.0,1.0,2.0,0.0,1.0
P1,30/01/2019,Setubal,Sp Lisbon,1.0,1.0,D,1.0,0.0,H,5.25,4.0,1.61,5.5,3.7,1.62,2018/19,€17.98m,€211.18m,10.0,23.0,5.0,9.0,20.0,18.0,4.0,9.0,4.0,6.0,0.0,1.0
P1,01/02/2019,Rio Ave,Tondela,2.0,2.0,D,1.0,1.0,D,2.0,3.4,3.75,1.95,3.4,3.75,2018/19,€34.20m,€16.53m,7.0,13.0,4.0,4.0,23.0,16.0,5.0,7.0,4.0,4.0,1.0,1.0
P1,02/02/2019,AVS,Sp Braga,0.0,2.0,A,0.0,0.0,D,5.25,3.6,1.66,5.5,3.6,1.65,2018/19,€14.65m,€99.00m,7.0,13.0,0.0,5.0,20.0,13.0,3.0,5.0,3.0,4.0,0.0,0.0
P1,02/02/2019,Boavista,Feirense,2.0,0.0,H,0.0,0.0,D,1.95,3.1,4.33,2.05,3.25,3.6,2018/19,€18.80m,€12.35m,12.0,7.0,7.0,1.0,16.0,21.0,4.0,4.0,4.0,4.0,0.0,0.0
P1,02/02/2019,Chaves,Maritimo,1.0,0.0,H,0.0,0.0,D,2.2,3.1,3.5,2.15,3.1,3.5,2018/19,€23.55m,€17.68m,11.0,9.0,3.0,2.0,22.0,19.0,7.0,6.0,2.0,4.0,0.0,0.0
P1,03/02/2019,Guimaraes,Porto,0.0,0.0,D,0.0,0.0,D,6.0,3.75,1.57,5.5,3.8,1.6,2018/19,€51.80m,€347.15m,8.0,22.0,3.0,6.0,19.0,19.0,1.0,9.0,1.0,4.0,0.0,0.0
P1,03/02/2019,Nacional,Setubal,0.0,0.0,D,0.0,0.0,D,2.37,3.2,3.0,2.3,3.3,3.0,2018/19,€11.68m,€17.98m,16.0,8.0,1.0,2.0,20.0,21.0,8.0,5.0,2.0,4.0,0.0,0.0
P1,03/02/2019,Santa Clara,Portimonense,2.0,1.0,H,1.0,1.0,D,2.55,3.2,2.8,2.55,3.2,2.75,2018/19,€20.48m,€56.38m,23.0,14.0,11.0,6.0,7.0,12.0,7.0,6.0,2.0,1.0,0.0,1.0
P1,03/02/2019,Sp Lisbon,Benfica,2.0,4.0,A,1.0,2.0,A,3.1,3.1,2.37,2.95,3.4,2.4,2018/19,€211.18m,€383.00m,17.0,13.0,6.0,7.0,21.0,26.0,5.0,4.0,5.0,2.0,0.0,1.0
P1,04/02/2019,Belenenses,Moreirense,0.0,1.0,A,0.0,0.0,D,2.5,3.1,2.9,2.35,3.2,3.0,2018/19,€18.18m,€26.50m,7.0,14.0,3.0,4.0,16.0,16.0,3.0,7.0,2.0,1.0,0.0,0.0
P1,08/02/2019,Moreirense,Porto,1.0,1.0,D,0.0,0.0,D,7.5,4.0,1.5,7.0,4.0,1.48,2018/19,€26.50m,€347.15m,14.0,13.0,2.0,3.0,19.0,9.0,4.0,8.0,4.0,0.0,0.0,0.0
P1,09/02/2019,Maritimo,AVS,0.0,1.0,A,0.0,1.0,A,2.3,3.1,3.3,2.35,3.1,3.1,2018/19,€17.68m,€14.65m,8.0,14.0,0.0,4.0,18.0,19.0,4.0,8.0,2.0,2.0,0.0,0.0
P1,09/02/2019,Portimonense,Rio Ave,0.0,1.0,A,0.0,1.0,A,2.1,3.3,3.5,2.1,3.4,3.3,2018/19,€56.38m,€34.20m,14.0,8.0,4.0,3.0,31.0,21.0,4.0,4.0,5.0,1.0,1.0,0.0
P1,09/02/2019,Tondela,Guimaraes,1.0,0.0,H,0.0,0.0,D,3.2,3.1,2.3,3.2,3.2,2.25,2018/19,€16.53m,€51.80m,12.0,10.0,5.0,3.0,19.0,12.0,8.0,3.0,2.0,1.0,0.0,0.0
P1,10/02/2019,Benfica,Nacional,10.0,0.0,H,3.0,0.0,H,1.14,7.5,17.0,1.16,7.25,15.0,2018/19,€383.00m,€11.68m,24.0,5.0,14.0,2.0,13.0,13.0,8.0,2.0,1.0,0.0,0.0,0.0
P1,10/02/2019,Boavista,Santa Clara,1.0,0.0,H,0.0,0.0,D,2.15,3.0,3.8,2.1,3.1,3.7,2018/19,€18.80m,€20.48m,13.0,10.0,1.0,4.0,16.0,16.0,5.0,3.0,1.0,1.0,0.0,0.0
P1,10/02/2019,Feirense,Sp Lisbon,1.0,3.0,A,0.0,1.0,A,8.5,3.8,1.44,6.5,4.0,1.5,2018/19,€12.35m,€211.18m,10.0,6.0,5.0,5.0,19.0,25.0,8.0,6.0,6.0,2.0,0.0,0.0
P1,10/02/2019,Sp Braga,Chaves,2.0,1.0,H,0.0,0.0,D,1.33,4.75,11.0,1.3,5.0,9.75,2018/19,€99.00m,€23.55m,15.0,9.0,6.0,2.0,10.0,10.0,8.0,3.0,2.0,2.0,0.0,0.0
P1,11/02/2019,Setubal,Belenenses,0.0,0.0,D,0.0,0.0,D,2.1,3.2,3.6,2.15,3.1,3.5,2018/19,€17.98m,€18.18m,8.0,9.0,3.0,2.0,26.0,18.0,5.0,2.0,2.0,3.0,0.0,1.0
P1,15/02/2019,Rio Ave,Santa Clara,1.0,2.0,A,1.0,1.0,D,1.8,3.5,4.5,1.75,3.5,4.75,2018/19,€34.20m,€20.48m,15.0,9.0,4.0,4.0,16.0,14.0,7.0,0.0,2.0,2.0,0.0,0.0
P1,16/02/2019,Guimaraes,Portimonense,2.0,0.0,H,1.0,0.0,H,1.72,3.6,4.75,1.8,3.25,4.75,2018/19,€51.80m,€56.38m,14.0,9.0,9.0,1.0,13.0,23.0,2.0,3.0,2.0,4.0,0.0,0.0
P1,16/02/2019,Nacional,Feirense,4.0,0.0,H,1.0,0.0,H,2.05,3.25,3.75,1.91,3.4,3.9,2018/19,€11.68m,€12.35m,12.0,6.0,6.0,0.0,17.0,17.0,2.0,5.0,1.0,4.0,0.0,0.0
P1,16/02/2019,Porto,Setubal,2.0,0.0,H,1.0,0.0,H,1.14,7.5,17.0,1.13,8.0,16.0,2018/19,€347.15m,€17.98m,20.0,3.0,6.0,0.0,16.0,7.0,7.0,2.0,3.0,5.0,0.0,1.0
P1,17/02/2019,Belenenses,Maritimo,0.0,1.0,A,0.0,0.0,D,2.05,3.2,3.75,1.95,3.25,4.0,2018/19,€18.18m,€17.68m,15.0,14.0,1.0,5.0,14.0,17.0,6.0,3.0,4.0,1.0,0.0,0.0
P1,17/02/2019,Chaves,Boavista,1.0,1.0,D,1.0,0.0,H,2.1,3.2,3.6,2.1,3.2,3.5,2018/19,€23.55m,€18.80m,14.0,13.0,3.0,5.0,14.0,12.0,10.0,8.0,2.0,2.0,0.0,0.0
P1,17/02/2019,Moreirense,Tondela,2.0,0.0,H,1.0,0.0,H,1.85,3.4,4.33,1.78,3.4,4.6,2018/19,€26.50m,€16.53m,12.0,8.0,5.0,2.0,14.0,18.0,7.0,9.0,2.0,1.0,0.0,0.0
P1,17/02/2019,Sp Lisbon,Sp Braga,3.0,0.0,H,1.0,0.0,H,2.37,3.3,2.9,2.4,3.4,2.95,2018/19,€211.18m,€99.00m,13.0,5.0,7.0,1.0,21.0,18.0,5.0,2.0,5.0,3.0,0.0,0.0
P1,18/02/2019,AVS,Benfica,0.0,3.0,A,0.0,2.0,A,7.0,4.75,1.4,8.25,5.0,1.34,2018/19,€14.65m,€383.00m,15.0,12.0,4.0,6.0,15.0,16.0,8.0,6.0,1.0,3.0,0.0,1.0
P1,22/02/2019,Sp Braga,Belenenses,0.0,2.0,A,0.0,1.0,A,1.33,4.75,9.0,1.3,5.0,9.5,2018/19,€99.00m,€18.18m,17.0,6.0,5.0,4.0,10.0,10.0,12.0,3.0,1.0,3.0,0.0,0.0
P1,22/02/2019,Tondela,Porto,0.0,3.0,A,0.0,1.0,A,7.5,3.75,1.5,6.75,4.0,1.48,2018/19,€16.53m,€347.15m,11.0,15.0,2.0,5.0,13.0,25.0,3.0,6.0,1.0,1.0,0.0,0.0
P1,23/02/2019,Feirense,Moreirense,1.0,3.0,A,0.0,2.0,A,3.8,3.2,2.0,3.7,3.2,2.05,2018/19,€12.35m,€26.50m,11.0,10.0,4.0,5.0,24.0,17.0,5.0,5.0,2.0,0.0,0.0,0.0
P1,23/02/2019,Portimonense,AVS,1.0,1.0,D,0.0,1.0,A,1.9,3.4,4.0,1.95,3.4,3.8,2018/19,€56.38m,€14.65m,11.0,7.0,5.0,2.0,15.0,21.0,5.0,6.0,2.0,3.0,0.0,0.0
P1,23/02/2019,Setubal,Guimaraes,1.0,1.0,D,0.0,1.0,A,3.6,3.0,2.2,3.4,3.0,2.25,2018/19,€17.98m,€51.80m,14.0,21.0,5.0,6.0,16.0,19.0,5.0,7.0,2.0,4.0,0.0,1.0
P1,24/02/2019,Boavista,Rio Ave,1.0,0.0,H,1.0,0.0,H,2.2,3.1,3.5,2.2,3.1,3.4,2018/19,€18.80m,€34.20m,7.0,16.0,5.0,4.0,21.0,20.0,4.0,10.0,4.0,5.0,0.0,2.0
P1,24/02/2019,Santa Clara,Nacional,2.0,0.0,H,0.0,0.0,D,2.15,3.4,3.25,2.05,3.4,3.5,2018/19,€20.48m,€11.68m,7.0,13.0,3.0,3.0,22.0,12.0,7.0,3.0,3.0,4.0,0.0,1.0
P1,25/02/2019,Benfica,Chaves,4.0,0.0,H,3.0,0.0,H,1.14,7.5,17.0,1.13,8.25,16.5,2018/19,€383.00m,€23.55m,25.0,5.0,11.0,2.0,12.0,14.0,5.0,2.0,3.0,3.0,0.0,0.0
P1,25/02/2019,Maritimo,Sp Lisbon,0.0,0.0,D,0.0,0.0,D,4.33,3.6,1.8,4.5,3.6,1.75,2018/19,€17.68m,€211.18m,6.0,17.0,2.0,5.0,17.0,11.0,1.0,7.0,5.0,5.0,0.0,1.0
P1,01/03/2019,AVS,Boavista,2.0,0.0,H,0.0,0.0,D,2.05,3.1,4.0,2.1,3.2,3.6,2018/19,€14.65m,€18.80m,22.0,3.0,7.0,1.0,14.0,19.0,4.0,3.0,2.0,3.0,0.0,0.0
P1,02/03/2019,Moreirense,Setubal,1.0,1.0,D,1.0,1.0,D,1.83,3.2,4.75,1.91,3.3,4.1,2018/19,€26.50m,€17.98m,14.0,5.0,2.0,1.0,19.0,16.0,8.0,3.0,2.0,4.0,1.0,0.0
P1,02/03/2019,Nacional,Tondela,3.0,2.0,H,1.0,1.0,D,2.62,3.1,2.75,2.5,3.2,2.8,2018/19,€11.68m,€16.53m,19.0,13.0,6.0,4.0,11.0,22.0,8.0,7.0,2.0,4.0,0.0,0.0
P1,02/03/2019,Porto,Benfica,1.0,2.0,A,1.0,1.0,D,2.25,3.2,3.3,2.25,3.2,3.2,2018/19,€347.15m,€383.00m,21.0,9.0,7.0,4.0,12.0,21.0,4.0,3.0,2.0,6.0,0.0,1.0
P1,03/03/2019,Belenenses,Feirense,4.0,0.0,H,2.0,0.0,H,1.72,3.5,5.0,1.75,3.5,4.75,2018/19,€18.18m,€12.35m,12.0,13.0,6.0,2.0,18.0,22.0,3.0,1.0,1.0,1.0,0.0,0.0
P1,03/03/2019,Chaves,Santa Clara,0.0,0.0,D,0.0,0.0,D,2.1,3.1,3.8,2.1,3.2,3.5,2018/19,€23.55m,€20.48m,11.0,7.0,2.0,1.0,22.0,18.0,9.0,3.0,2.0,3.0,0.0,0.0
P1,03/03/2019,Rio Ave,Sp Braga,1.0,2.0,A,0.0,0.0,D,4.0,3.4,1.9,3.7,3.6,1.91,2018/19,€34.20m,€99.00m,8.0,14.0,2.0,3.0,11.0,17.0,1.0,6.0,3.0,4.0,1.0,0.0
P1,03/03/2019,Sp Lisbon,Portimonense,3.0,1.0,H,2.0,1.0,H,1.36,5.0,7.5,1.3,5.25,9.25,2018/19,€211.18m,€56.38m,15.0,15.0,5.0,7.0,20.0,18.0,8.0,7.0,3.0,2.0,0.0,0.0
P1,04/03/2019,Guimaraes,Maritimo,1.0,0.0,H,0.0,0.0,D,1.8,3.25,4.75,1.75,3.5,4.75,2018/19,€51.80m,€17.68m,18.0,15.0,7.0,4.0,20.0,9.0,11.0,6.0,4.0,1.0,0.0,0.0
P1,08/03/2019,Chaves,Rio Ave,1.0,1.0,D,0.0,1.0,A,2.3,3.1,3.25,2.4,3.0,3.1,2018/19,€23.55m,€34.20m,20.0,7.0,5.0,1.0,18.0,17.0,11.0,5.0,4.0,8.0,0.0,1.0
P1,09/03/2019,Boavista,Sp Lisbon,1.0,2.0,A,1.0,1.0,D,6.5,3.6,1.6,5.5,3.75,1.6,2018/19,€18.80m,€211.18m,7.0,22.0,2.0,4.0,23.0,15.0,7.0,11.0,4.0,1.0,0.0,0.0
P1,09/03/2019,Maritimo,Moreirense,3.0,2.0,H,1.0,2.0,A,2.6,3.0,2.9,2.65,3.1,2.7,2018/19,€17.68m,€26.50m,12.0,15.0,4.0,5.0,24.0,17.0,4.0,4.0,2.0,1.0,0.0,0.0
P1,09/03/2019,Sp Braga,Guimaraes,1.0,0.0,H,1.0,0.0,H,1.61,3.6,5.75,1.65,3.5,5.75,2018/19,€99.00m,€51.80m,10.0,11.0,6.0,3.0,25.0,16.0,5.0,8.0,1.0,2.0,0.0,0.0
P1,10/03/2019,Feirense,Porto,1.0,2.0,A,1.0,2.0,A,13.0,6.5,1.2,14.0,5.75,1.22,2018/19,€12.35m,€347.15m,5.0,17.0,1.0,5.0,18.0,15.0,3.0,10.0,2.0,0.0,0.0,0.0
P1,10/03/2019,Portimonense,Nacional,5.0,1.0,H,3.0,0.0,H,1.83,3.75,4.0,1.83,3.7,3.9,2018/19,€56.38m,€11.68m,20.0,12.0,12.0,5.0,8.0,17.0,7.0,7.0,1.0,6.0,0.0,1.0
P1,10/03/2019,Santa Clara,AVS,0.0,0.0,D,0.0,0.0,D,2.55,3.1,2.87,2.4,3.0,3.1,2018/19,€20.48m,€14.65m,10.0,9.0,2.0,2.0,20.0,14.0,9.0,4.0,2.0,2.0,0.0,0.0
P1,10/03/2019,Setubal,Tondela,0.0,0.0,D,0.0,0.0,D,2.0,3.2,4.0,2.05,3.25,3.7,2018/19,€17.98m,€16.53m,11.0,5.0,2.0,0.0,16.0,12.0,7.0,6.0,3.0,7.0,0.0,1.0
P1,11/03/2019,Benfica,Belenenses,2.0,2.0,D,0.0,0.0,D,1.18,7.0,13.0,1.17,7.25,13.5,2018/19,€383.00m,€18.18m,22.0,8.0,2.0,3.0,12.0,15.0,7.0,1.0,0.0,5.0,0.0,1.0
P1,15/03/2019,Sp Lisbon,Santa Clara,1.0,0.0,H,0.0,0.0,D,1.25,5.25,13.0,1.26,5.75,10.0,2018/19,€211.18m,€20.48m,16.0,6.0,7.0,2.0,16.0,13.0,14.0,2.0,2.0,1.0,0.0,0.0
P1,16/03/2019,Belenenses,Portimonense,2.0,2.0,D,0.0,2.0,A,2.37,3.2,3.0,2.3,3.2,3.1,2018/19,€18.18m,€56.38m,10.0,17.0,4.0,6.0,14.0,16.0,7.0,4.0,1.0,1.0,0.0,0.0
P1,16/03/2019,Guimaraes,Boavista,3.0,1.0,H,1.0,0.0,H,1.61,3.6,6.0,1.67,3.4,5.75,2018/19,€51.80m,€18.80m,16.0,10.0,10.0,3.0,18.0,18.0,6.0,2.0,2.0,1.0,0.0,0.0
P1,16/03/2019,Porto,Maritimo,3.0,0.0,H,0.0,0.0,D,1.16,7.0,15.0,1.16,7.0,16.0,2018/19,€347.15m,€17.68m,31.0,0.0,8.0,0.0,12.0,8.0,11.0,0.0,1.0,2.0,0.0,1.0
P1,16/03/2019,Setubal,Sp Braga,0.0,1.0,A,0.0,1.0,A,4.75,3.4,1.8,5.0,3.4,1.75,2018/19,€17.98m,€99.00m,15.0,13.0,8.0,6.0,19.0,12.0,11.0,4.0,1.0,2.0,0.0,0.0
P1,17/03/2019,AVS,Chaves,0.0,1.0,A,0.0,1.0,A,2.05,3.25,3.75,2.05,3.2,3.7,2018/19,€14.65m,€23.55m,26.0,7.0,5.0,2.0,13.0,12.0,11.0,7.0,2.0,2.0,0.0,0.0
P1,17/03/2019,Moreirense,Benfica,0.0,4.0,A,0.0,2.0,A,7.0,4.0,1.5,6.75,4.1,1.48,2018/19,€26.50m,€383.00m,11.0,9.0,3.0,4.0,17.0,10.0,4.0,6.0,4.0,0.0,0.0,0.0
P1,17/03/2019,Nacional,Rio Ave,0.0,1.0,A,0.0,1.0,A,2.7,3.1,2.75,2.5,3.4,2.65,2018/19,€11.68m,€34.20m,19.0,4.0,5.0,2.0,15.0,17.0,13.0,2.0,2.0,2.0,0.0,0.0
P1,17/03/2019,Tondela,Feirense,1.0,1.0,D,0.0,1.0,A,1.85,3.5,4.2,1.75,3.5,4.75,2018/19,€16.53m,€12.35m,12.0,12.0,3.0,4.0,22.0,21.0,1.0,6.0,8.0,1.0,1.0,0.0
P1,29/03/2019,Portimonense,Moreirense,0.0,2.0,A,0.0,1.0,A,2.0,3.4,3.75,2.05,3.5,3.4,2018/19,€56.38m,€26.50m,23.0,13.0,8.0,5.0,14.0,14.0,9.0,6.0,3.0,1.0,0.0,0.0
P1,30/03/2019,Benfica,Tondela,1.0,0.0,H,0.0,0.0,D,1.14,7.5,17.0,1.13,8.0,17.5,2018/19,€383.00m,€16.53m,15.0,12.0,4.0,4.0,9.0,13.0,5.0,3.0,1.0,4.0,0.0,0.0
P1,30/03/2019,Chaves,Sp Lisbon,1.0,3.0,A,0.0,1.0,A,4.5,3.4,1.83,4.5,3.25,1.85,2018/19,€23.55m,€211.18m,8.0,19.0,2.0,7.0,13.0,11.0,6.0,6.0,5.0,2.0,1.0,1.0
P1,30/03/2019,Santa Clara,Guimaraes,1.0,0.0,H,1.0,0.0,H,3.1,3.25,2.3,3.1,3.2,2.3,2018/19,€20.48m,€51.80m,9.0,11.0,4.0,2.0,11.0,15.0,4.0,4.0,3.0,1.0,0.0,0.0
P1,30/03/2019,Sp Braga,Porto,2.0,3.0,A,1.0,1.0,D,4.0,3.4,1.9,3.9,3.3,1.95,2018/19,€99.00m,€347.15m,9.0,14.0,3.0,6.0,22.0,11.0,4.0,5.0,1.0,4.0,0.0,0.0
P1,31/03/2019,Boavista,Belenenses,2.0,0.0,H,0.0,0.0,D,2.5,3.2,2.87,2.45,3.1,2.95,2018/19,€18.80m,€18.18m,14.0,6.0,4.0,3.0,25.0,10.0,6.0,6.0,2.0,1.0,0.0,0.0
P1,31/03/2019,Maritimo,Nacional,3.0,2.0,H,3.0,1.0,H,1.95,3.3,4.0,1.91,3.5,3.8,2018/19,€17.68m,€11.68m,11.0,20.0,5.0,6.0,15.0,16.0,6.0,8.0,2.0,3.0,0.0,0.0
P1,31/03/2019,Rio Ave,AVS,0.0,2.0,A,0.0,1.0,A,2.15,3.25,3.4,2.15,3.25,3.4,2018/19,€34.20m,€14.65m,20.0,17.0,3.0,5.0,13.0,16.0,12.0,7.0,1.0,4.0,0.0,0.0
P1,01/04/2019,Feirense,Setubal,0.0,1.0,A,0.0,0.0,D,2.5,3.2,2.8,2.6,3.2,2.7,2018/19,€12.35m,€17.98m,16.0,9.0,3.0,3.0,13.0,16.0,5.0,5.0,1.0,2.0,1.0,0.0
P1,05/04/2019,Porto,Boavista,2.0,0.0,H,1.0,0.0,H,1.14,8.0,15.0,1.16,7.0,15.0,2018/19,€347.15m,€18.80m,17.0,5.0,7.0,1.0,15.0,17.0,8.0,0.0,0.0,2.0,0.0,0.0
P1,06/04/2019,Belenenses,Santa Clara,1.0,1.0,D,1.0,1.0,D,2.1,3.1,3.8,2.1,3.2,3.6,2018/19,€18.18m,€20.48m,8.0,15.0,2.0,1.0,13.0,17.0,1.0,2.0,2.0,5.0,1.0,0.0
P1,06/04/2019,Guimaraes,Chaves,4.0,0.0,H,3.0,0.0,H,1.61,3.6,6.0,1.62,3.6,5.75,2018/19,€51.80m,€23.55m,13.0,18.0,6.0,6.0,12.0,13.0,4.0,9.0,0.0,1.0,0.0,0.0
P1,06/04/2019,Moreirense,Sp Braga,1.0,0.0,H,0.0,0.0,D,3.6,3.3,2.05,3.75,3.4,1.95,2018/19,€26.50m,€99.00m,8.0,6.0,2.0,2.0,18.0,11.0,8.0,7.0,1.0,1.0,0.0,0.0
P1,06/04/2019,Nacional,AVS,0.0,0.0,D,0.0,0.0,D,2.87,3.1,2.55,2.8,3.2,2.5,2018/19,€11.68m,€14.65m,14.0,9.0,5.0,2.0,10.0,17.0,11.0,5.0,4.0,3.0,1.0,1.0
P1,07/04/2019,Feirense,Benfica,1.0,4.0,A,1.0,2.0,A,15.0,6.0,1.2,13.0,5.75,1.22,2018/19,€12.35m,€383.00m,6.0,18.0,1.0,7.0,14.0,11.0,3.0,5.0,2.0,0.0,0.0,0.0
P1,07/04/2019,Setubal,Maritimo,1.0,0.0,H,1.0,0.0,H,2.1,3.25,3.6,2.15,3.2,3.4,2018/19,€17.98m,€17.68m,13.0,5.0,4.0,2.0,20.0,20.0,8.0,4.0,2.0,1.0,0.0,0.0
P1,07/04/2019,Sp Lisbon,Rio Ave,3.0,0.0,H,2.0,0.0,H,1.33,5.0,8.5,1.33,5.25,8.0,2018/19,€211.18m,€34.20m,12.0,8.0,5.0,3.0,19.0,11.0,7.0,4.0,0.0,0.0,0.0,0.0
P1,08/04/2019,Tondela,Portimonense,3.0,2.0,H,0.0,2.0,A,2.55,3.25,2.75,2.45,3.4,2.75,2018/19,€16.53m,€56.38m,27.0,12.0,8.0,5.0,7.0,13.0,7.0,8.0,2.0,4.0,1.0,0.0
P1,12/04/2019,Chaves,Belenenses,2.0,2.0,D,1.0,1.0,D,2.05,3.2,4.0,2.05,3.2,3.7,2018/19,€23.55m,€18.18m,13.0,22.0,3.0,4.0,12.0,10.0,4.0,4.0,1.0,3.0,2.0,1.0
P1,13/04/2019,AVS,Sp Lisbon,1.0,3.0,A,1.0,2.0,A,5.0,3.8,1.66,4.75,3.6,1.72,2018/19,€14.65m,€211.18m,21.0,13.0,5.0,8.0,19.0,11.0,11.0,3.0,3.0,3.0,0.0,1.0
P1,13/04/2019,Portimonense,Porto,0.0,3.0,A,0.0,1.0,A,7.5,4.0,1.45,6.25,4.33,1.48,2018/19,€56.38m,€347.15m,9.0,11.0,1.0,5.0,14.0,19.0,3.0,7.0,4.0,2.0,0.0,0.0
P1,13/04/2019,Santa Clara,Moreirense,1.0,1.0,D,1.0,1.0,D,2.7,3.2,2.62,2.6,3.25,2.65,2018/19,€20.48m,€26.50m,11.0,16.0,6.0,5.0,18.0,11.0,6.0,4.0,2.0,0.0,0.0,1.0
P1,14/04/2019,Benfica,Setubal,4.0,2.0,H,2.0,1.0,H,1.2,7.0,11.0,1.18,7.0,13.0,2018/19,€383.00m,€17.98m,20.0,15.0,8.0,4.0,18.0,16.0,4.0,5.0,2.0,4.0,0.0,0.0
P1,14/04/2019,Boavista,Nacional,1.0,0.0,H,1.0,0.0,H,1.9,3.25,4.33,1.9,3.5,3.9,2018/19,€18.80m,€11.68m,15.0,14.0,6.0,0.0,19.0,8.0,9.0,10.0,1.0,1.0,0.0,0.0
P1,14/04/2019,Maritimo,Feirense,2.0,0.0,H,2.0,0.0,H,1.7,3.6,5.0,1.72,3.5,5.0,2018/19,€17.68m,€12.35m,8.0,5.0,2.0,2.0,13.0,16.0,2.0,5.0,4.0,8.0,0.0,2.0
P1,14/04/2019,Rio Ave,Guimaraes,2.0,1.0,H,1.0,0.0,H,2.87,3.25,2.45,2.7,3.3,2.5,2018/19,€34.20m,€51.80m,8.0,13.0,7.0,7.0,26.0,16.0,8.0,3.0,4.0,3.0,1.0,0.0
P1,14/04/2019,Sp Braga,Tondela,3.0,0.0,H,1.0,0.0,H,1.33,4.75,9.5,1.33,4.75,9.0,2018/19,€99.00m,€16.53m,20.0,9.0,8.0,0.0,14.0,12.0,5.0,2.0,2.0,2.0,0.0,0.0
P1,19/04/2019,Guimaraes,AVS,0.0,2.0,A,0.0,1.0,A,1.8,3.4,4.75,1.8,3.3,4.75,2018/19,€51.80m,€14.65m,18.0,14.0,4.0,6.0,12.0,14.0,7.0,3.0,0.0,0.0,0.0,0.0
P1,19/04/2019,Nacional,Sp Lisbon,0.0,1.0,A,0.0,0.0,D,5.5,4.2,1.55,5.25,4.2,1.57,2018/19,€11.68m,€211.18m,3.0,23.0,1.0,10.0,8.0,13.0,2.0,9.0,2.0,3.0,0.0,0.0
P1,19/04/2019,Setubal,Portimonense,1.0,1.0,D,0.0,0.0,D,2.3,3.0,3.4,2.25,3.1,3.25,2018/19,€17.98m,€56.38m,10.0,11.0,2.0,5.0,18.0,13.0,6.0,5.0,2.0,4.0,0.0,0.0
P1,19/04/2019,Tondela,Boavista,1.0,0.0,H,1.0,0.0,H,2.15,3.1,3.6,2.15,3.1,3.6,2018/19,€16.53m,€18.80m,19.0,16.0,4.0,4.0,14.0,18.0,4.0,7.0,1.0,3.0,0.0,0.0
P1,20/04/2019,Belenenses,Rio Ave,1.0,3.0,A,0.0,2.0,A,2.15,3.2,3.5,2.15,3.2,3.4,2018/19,€18.18m,€34.20m,16.0,16.0,3.0,7.0,20.0,11.0,5.0,2.0,2.0,1.0,0.0,0.0
P1,20/04/2019,Feirense,Sp Braga,0.0,2.0,A,0.0,0.0,D,7.5,4.33,1.4,7.0,4.33,1.44,2018/19,€12.35m,€99.00m,8.0,21.0,4.0,5.0,13.0,14.0,4.0,9.0,0.0,2.0,0.0,0.0
P1,20/04/2019,Moreirense,Chaves,0.0,1.0,A,0.0,0.0,D,1.9,3.25,4.33,1.85,3.3,4.4,2018/19,€26.50m,€23.55m,18.0,7.0,4.0,2.0,23.0,19.0,5.0,6.0,4.0,3.0,0.0,0.0
P1,20/04/2019,Porto,Santa Clara,1.0,0.0,H,1.0,0.0,H,1.12,8.0,19.0,1.13,7.75,16.5,2018/19,€347.15m,€20.48m,14.0,6.0,5.0,2.0,14.0,13.0,4.0,2.0,2.0,1.0,0.0,0.0
P1,22/04/2019,Benfica,Maritimo,6.0,0.0,H,1.0,0.0,H,1.16,7.0,15.0,1.12,8.5,17.5,2018/19,€383.00m,€17.68m,25.0,1.0,11.0,0.0,8.0,17.0,10.0,1.0,0.0,3.0,0.0,0.0
P1,26/04/2019,Rio Ave,Porto,2.0,2.0,D,0.0,2.0,A,9.5,5.25,1.28,10.0,5.25,1.28,2018/19,€34.20m,€347.15m,10.0,10.0,4.0,4.0,12.0,14.0,3.0,4.0,3.0,1.0,1.0,0.0
P1,27/04/2019,AVS,Belenenses,3.0,0.0,H,0.0,0.0,D,1.85,3.3,4.5,1.83,3.4,4.4,2018/19,€14.65m,€18.18m,14.0,10.0,8.0,3.0,14.0,12.0,6.0,2.0,2.0,4.0,0.0,0.0
P1,27/04/2019,Portimonense,Feirense,1.0,0.0,H,1.0,0.0,H,1.36,4.75,8.0,1.4,4.5,7.25,2018/19,€56.38m,€12.35m,18.0,5.0,6.0,3.0,13.0,12.0,5.0,2.0,2.0,0.0,1.0,1.0
P1,27/04/2019,Santa Clara,Setubal,0.0,0.0,D,0.0,0.0,D,2.2,3.2,3.3,2.25,3.1,3.3,2018/19,€20.48m,€17.98m,10.0,9.0,4.0,2.0,14.0,21.0,2.0,3.0,3.0,3.0,0.0,0.0
P1,27/04/2019,Sp Lisbon,Guimaraes,2.0,0.0,H,1.0,0.0,H,1.4,5.0,6.5,1.4,4.75,7.0,2018/19,€211.18m,€51.80m,24.0,10.0,7.0,1.0,17.0,7.0,7.0,4.0,0.0,1.0,0.0,0.0
P1,28/04/2019,Boavista,Moreirense,3.0,1.0,H,1.0,0.0,H,2.3,3.2,3.2,2.4,3.1,3.0,2018/19,€18.80m,€26.50m,8.0,7.0,4.0,4.0,12.0,14.0,6.0,4.0,2.0,3.0,0.0,0.0
P1,28/04/2019,Chaves,Nacional,4.0,1.0,H,2.0,1.0,H,1.8,3.4,4.75,1.83,3.75,3.9,2018/19,€23.55m,€11.68m,12.0,17.0,4.0,4.0,17.0,15.0,1.0,11.0,2.0,2.0,0.0,0.0
P1,28/04/2019,Maritimo,Tondela,2.0,0.0,H,1.0,0.0,H,2.2,3.25,3.25,2.2,3.2,3.25,2018/19,€17.68m,€16.53m,8.0,9.0,2.0,3.0,9.0,7.0,3.0,11.0,2.0,0.0,0.0,0.0
P1,28/04/2019,Sp Braga,Benfica,1.0,4.0,A,1.0,0.0,H,5.25,3.75,1.65,4.75,3.9,1.65,2018/19,€99.00m,€383.00m,12.0,17.0,3.0,9.0,14.0,16.0,5.0,5.0,4.0,6.0,0.0,0.0
P1,03/05/2019,Moreirense,Rio Ave,1.0,2.0,A,1.0,1.0,D,2.25,3.5,3.0,2.3,3.4,2.9,2018/19,€26.50m,€34.20m,14.0,6.0,6.0,2.0,16.0,21.0,5.0,1.0,2.0,3.0,0.0,0.0
P1,04/05/2019,Benfica,Portimonense,5.0,1.0,H,0.0,0.0,D,1.12,8.5,17.0,1.1,9.0,20.0,2018/19,€383.00m,€56.38m,19.0,11.0,12.0,5.0,10.0,11.0,7.0,1.0,0.0,0.0,0.0,0.0
P1,04/05/2019,Feirense,Chaves,4.0,4.0,D,2.0,1.0,H,5.0,3.8,1.66,4.6,3.75,1.7,2018/19,€12.35m,€23.55m,12.0,13.0,6.0,7.0,20.0,20.0,5.0,4.0,5.0,1.0,0.0,0.0
P1,04/05/2019,Maritimo,Sp Braga,1.0,0.0,H,0.0,0.0,D,4.33,3.75,1.75,4.1,3.7,1.8,2018/19,€17.68m,€99.00m,6.0,20.0,3.0,5.0,10.0,10.0,3.0,13.0,0.0,1.0,1.0,0.0
P1,04/05/2019,Porto,AVS,4.0,0.0,H,2.0,0.0,H,1.16,7.5,13.0,1.14,7.5,17.0,2018/19,€347.15m,€14.65m,19.0,7.0,11.0,1.0,14.0,16.0,6.0,3.0,1.0,2.0,0.0,0.0
P1,05/05/2019,Belenenses,Sp Lisbon,1.0,8.0,A,0.0,2.0,A,7.0,4.75,1.4,6.0,4.4,1.48,2018/19,€18.18m,€211.18m,9.0,21.0,3.0,10.0,10.0,17.0,2.0,0.0,2.0,2.0,1.0,0.0
P1,05/05/2019,Guimaraes,Nacional,2.0,2.0,D,1.0,0.0,H,1.5,4.0,7.0,1.57,4.1,5.25,2018/19,€51.80m,€11.68m,10.0,12.0,5.0,5.0,13.0,25.0,4.0,7.0,5.0,5.0,1.0,0.0
P1,05/05/2019,Tondela,Santa Clara,1.0,3.0,A,0.0,1.0,A,1.72,3.6,4.75,1.75,3.75,4.25,2018/19,€16.53m,€20.48m,15.0,10.0,7.0,4.0,18.0,11.0,8.0,3.0,1.0,3.0,0.0,0.0
P1,06/05/2019,Setubal,Boavista,0.0,3.0,A,0.0,0.0,D,2.3,3.0,3.4,2.35,2.9,3.3,2018/19,€17.98m,€18.80m,11.0,12.0,2.0,5.0,16.0,24.0,6.0,3.0,3.0,2.0,3.0,0.0
P1,10/05/2019,AVS,Moreirense,0.0,1.0,A,0.0,0.0,D,2.2,3.2,3.4,2.1,3.3,3.4,2018/19,€14.65m,€26.50m,12.0,7.0,4.0,3.0,8.0,17.0,4.0,5.0,2.0,2.0,0.0,0.0
P1,11/05/2019,Boavista,Sp Braga,4.0,2.0,H,3.0,2.0,H,4.5,3.75,1.75,4.75,3.7,1.7,2018/19,€18.80m,€99.00m,14.0,25.0,6.0,9.0,19.0,23.0,2.0,9.0,4.0,1.0,0.0,0.0
P1,11/05/2019,Portimonense,Maritimo,3.0,2.0,H,1.0,2.0,A,1.8,3.6,4.5,1.83,3.6,4.1,2018/19,€56.38m,€17.68m,16.0,6.0,5.0,3.0,13.0,18.0,3.0,3.0,0.0,2.0,0.0,0.0
P1,11/05/2019,Santa Clara,Feirense,4.0,4.0,D,2.0,3.0,A,1.45,4.5,6.5,1.48,4.1,6.75,2018/19,€20.48m,€12.35m,11.0,9.0,5.0,6.0,13.0,18.0,6.0,7.0,1.0,2.0,0.0,0.0
P1,11/05/2019,Sp Lisbon,Tondela,1.0,1.0,D,1.0,0.0,H,1.3,5.5,8.5,1.3,5.5,8.25,2018/19,€211.18m,€16.53m,17.0,15.0,6.0,4.0,16.0,18.0,5.0,7.0,4.0,6.0,1.0,0.0
P1,12/05/2019,Chaves,Setubal,1.0,2.0,A,0.0,2.0,A,1.7,3.6,5.0,1.75,3.5,4.75,2018/19,€23.55m,€17.98m,9.0,8.0,2.0,4.0,21.0,14.0,7.0,6.0,4.0,4.0,0.0,0.0
P1,12/05/2019,Guimaraes,Belenenses,5.0,1.0,H,0.0,0.0,D,1.45,4.75,6.0,1.48,4.33,6.0,2018/19,€51.80m,€18.18m,14.0,8.0,8.0,2.0,8.0,18.0,6.0,1.0,1.0,2.0,0.0,0.0
P1,12/05/2019,Nacional,Porto,0.0,4.0,A,0.0,2.0,A,13.0,7.5,1.16,12.5,6.5,1.19,2018/19,€11.68m,€347.15m,11.0,17.0,3.0,6.0,15.0,17.0,5.0,4.0,1.0,0.0,0.0,0.0
P1,12/05/2019,Rio Ave,Benfica,2.0,3.0,A,0.0,2.0,A,12.0,7.0,1.18,12.0,7.0,1.19,2018/19,€34.20m,€383.00m,12.0,13.0,6.0,6.0,9.0,11.0,5.0,2.0,3.0,4.0,0.0,0.0
P1,16/05/2019,Belenenses,Nacional,3.0,0.0,H,1.0,0.0,H,1.95,3.5,3.75,2.0,3.5,3.5,2018/19,€18.18m,€11.68m,9.0,18.0,5.0,4.0,17.0,15.0,5.0,7.0,2.0,3.0,0.0,0.0
P1,17/05/2019,Sp Braga,Portimonense,2.0,0.0,H,1.0,0.0,H,1.3,5.5,8.5,1.33,5.0,8.25,2018/19,€99.00m,€56.38m,13.0,7.0,7.0,1.0,17.0,25.0,5.0,3.0,1.0,2.0,0.0,0.0
P1,18/05/2019,Benfica,Santa Clara,4.0,1.0,H,3.0,0.0,H,1.08,11.0,21.0,1.06,10.5,29.0,2018/19,€383.00m,€20.48m,21.0,17.0,8.0,3.0,10.0,3.0,4.0,8.0,0.0,1.0,0.0,0.0
P1,18/05/2019,Feirense,AVS,2.0,1.0,H,0.0,1.0,A,2.7,3.2,2.7,2.8,3.25,2.45,2018/19,€12.35m,€14.65m,17.0,15.0,8.0,4.0,20.0,14.0,5.0,4.0,3.0,1.0,0.0,0.0
P1,18/05/2019,Maritimo,Boavista,0.0,1.0,A,0.0,1.0,A,2.4,3.0,3.2,2.4,3.0,3.1,2018/19,€17.68m,€18.80m,17.0,9.0,5.0,3.0,18.0,16.0,7.0,3.0,1.0,3.0,0.0,0.0
P1,18/05/2019,Porto,Sp Lisbon,2.0,1.0,H,0.0,0.0,D,1.44,4.75,6.5,1.44,4.5,6.5,2018/19,€347.15m,€211.18m,29.0,2.0,8.0,1.0,18.0,11.0,17.0,1.0,4.0,4.0,1.0,1.0
P1,18/05/2019,Setubal,Rio Ave,1.0,3.0,A,0.0,0.0,D,2.4,3.3,2.87,2.5,3.4,2.65,2018/19,€17.98m,€34.20m,9.0,15.0,4.0,7.0,17.0,19.0,4.0,7.0,1.0,2.0,0.0,0.0
P1,19/05/2019,Moreirense,Guimaraes,1.0,3.0,A,1.0,1.0,D,2.6,3.0,2.9,2.55,3.1,2.8,2018/19,€26.50m,€51.80m,16.0,14.0,6.0,6.0,23.0,17.0,12.0,2.0,3.0,2.0,0.0,0.0
P1,19/05/2019,Tondela,Chaves,5.0,2.0,H,4.0,2.0,H,2.1,3.4,3.4,2.05,3.5,3.4,2018/19,€16.53m,€23.55m,13.0,18.0,7.0,5.0,19.0,29.0,6.0,3.0,5.0,3.0,0.0,0.0
P1,09/08/2019,Portimonense,Belenenses,0.0,0.0,D,0.0,0.0,D,1.9,3.2,4.33,2.0,3.3,3.75,2019/20,€23.00m,€15.08m,16.0,8.0,5.0,2.0,19.0,15.0,5.0,5.0,1.0,1.0,0.0,0.0
P1,10/08/2019,Santa Clara,Famalicao,0.0,2.0,A,0.0,1.0,A,2.0,3.3,3.75,2.0,3.3,3.7,2019/20,€14.70m,€38.95m,22.0,14.0,6.0,6.0,14.0,22.0,14.0,6.0,0.0,3.0,0.0,0.0
P1,10/08/2019,Gil Vicente,Porto,2.0,1.0,H,0.0,0.0,D,11.0,5.0,1.28,10.0,5.75,1.25,2019/20,€12.23m,€224.45m,13.0,16.0,7.0,5.0,15.0,19.0,4.0,6.0,3.0,3.0,0.0,0.0
P1,10/08/2019,Benfica,Pacos Ferreira,5.0,0.0,H,2.0,0.0,H,1.16,7.5,13.0,1.12,8.25,17.5,2019/20,€312.70m,€14.35m,15.0,7.0,7.0,0.0,15.0,11.0,10.0,3.0,0.0,4.0,0.0,1.0
P1,11/08/2019,Boavista,AVS,2.0,1.0,H,1.0,1.0,D,2.2,3.2,3.5,2.2,3.1,3.4,2019/20,€14.78m,€14.18m,8.0,17.0,3.0,2.0,24.0,20.0,3.0,8.0,5.0,3.0,0.0,0.0
P1,11/08/2019,Maritimo,Sp Lisbon,1.0,1.0,D,1.0,1.0,D,5.5,3.75,1.61,5.25,3.8,1.62,2019/20,€16.25m,€175.53m,10.0,17.0,3.0,2.0,14.0,14.0,2.0,8.0,4.0,4.0,0.0,0.0
P1,11/08/2019,Sp Braga,Moreirense,3.0,1.0,H,1.0,0.0,H,1.4,4.2,9.0,1.44,4.2,7.5,2019/20,€102.90m,€14.55m,19.0,11.0,9.0,4.0,14.0,11.0,7.0,4.0,2.0,2.0,0.0,0.0
P1,12/08/2019,Setubal,Tondela,0.0,0.0,D,0.0,0.0,D,2.2,3.2,3.4,2.15,3.1,3.2,2019/20,€13.75m,€13.28m,7.0,7.0,4.0,2.0,23.0,18.0,3.0,3.0,7.0,2.0,1.0,0.0
P1,16/08/2019,Famalicao,Rio Ave,1.0,0.0,H,0.0,0.0,D,3.0,3.2,2.4,2.75,3.2,2.55,2019/20,€38.95m,€20.95m,16.0,13.0,4.0,1.0,16.0,16.0,5.0,2.0,3.0,5.0,0.0,1.0
P1,17/08/2019,Moreirense,Gil Vicente,3.0,0.0,H,2.0,0.0,H,2.15,3.4,3.25,2.15,3.2,3.4,2019/20,€14.55m,€12.23m,12.0,16.0,4.0,2.0,17.0,16.0,3.0,5.0,0.0,3.0,0.0,0.0
P1,17/08/2019,Belenenses,Benfica,0.0,2.0,A,0.0,0.0,D,15.0,7.0,1.16,13.5,7.0,1.17,2019/20,€15.08m,€312.70m,7.0,21.0,1.0,5.0,11.0,10.0,5.0,4.0,7.0,1.0,0.0,0.0
P1,17/08/2019,Porto,Setubal,4.0,0.0,H,2.0,0.0,H,1.16,7.5,13.0,1.16,7.0,15.5,2019/20,€224.45m,€13.75m,23.0,6.0,10.0,5.0,16.0,16.0,7.0,0.0,0.0,2.0,0.0,0.0
P1,18/08/2019,AVS,Maritimo,3.0,1.0,H,2.0,1.0,H,2.3,3.2,3.2,2.3,3.1,3.25,2019/20,€14.18m,€16.25m,11.0,10.0,4.0,1.0,25.0,14.0,4.0,6.0,2.0,4.0,0.0,0.0
P1,18/08/2019,Pacos Ferreira,Santa Clara,0.0,1.0,A,0.0,1.0,A,2.37,3.3,2.9,2.35,3.2,3.0,2019/20,€14.35m,€14.70m,19.0,6.0,3.0,3.0,24.0,20.0,8.0,3.0,3.0,1.0,0.0,0.0
P1,18/08/2019,Guimaraes,Boavista,1.0,1.0,D,1.0,0.0,H,1.6,3.6,6.0,1.65,3.75,5.0,2019/20,€65.15m,€14.78m,16.0,5.0,4.0,2.0,14.0,13.0,4.0,2.0,3.0,3.0,0.0,0.0
P1,18/08/2019,Sp Lisbon,Sp Braga,2.0,1.0,H,2.0,0.0,H,1.95,3.3,4.0,1.95,3.4,3.75,2019/20,€175.53m,€102.90m,11.0,21.0,6.0,7.0,13.0,16.0,2.0,7.0,3.0,5.0,0.0,0.0
P1,19/08/2019,Tondela,Portimonense,1.0,2.0,A,0.0,2.0,A,2.7,3.4,2.5,2.65,3.3,2.55,2019/20,€13.28m,€23.00m,8.0,14.0,3.0,6.0,11.0,16.0,6.0,3.0,1.0,1.0,0.0,0.0
P1,23/08/2019,Setubal,Moreirense,0.0,0.0,D,0.0,0.0,D,2.5,3.0,3.0,2.55,3.1,2.85,2019/20,€13.75m,€14.55m,18.0,5.0,1.0,2.0,18.0,27.0,9.0,5.0,3.0,1.0,0.0,0.0
P1,23/08/2019,Rio Ave,AVS,5.0,1.0,H,2.0,0.0,H,1.75,3.4,5.25,1.83,3.5,4.25,2019/20,€20.95m,€14.18m,17.0,7.0,9.0,1.0,17.0,15.0,3.0,6.0,0.0,3.0,0.0,0.0
P1,24/08/2019,Benfica,Porto,0.0,2.0,A,0.0,1.0,A,1.9,3.25,4.33,1.9,3.5,3.9,2019/20,€312.70m,€224.45m,6.0,11.0,1.0,5.0,15.0,12.0,5.0,4.0,2.0,5.0,0.0,0.0
P1,24/08/2019,Boavista,Pacos Ferreira,1.0,1.0,D,1.0,1.0,D,2.1,3.1,3.8,2.0,3.25,3.8,2019/20,€14.78m,€14.35m,15.0,14.0,2.0,5.0,17.0,17.0,6.0,8.0,5.0,2.0,0.0,0.0
P1,25/08/2019,Maritimo,Tondela,2.0,3.0,A,0.0,1.0,A,1.95,3.1,4.33,1.95,3.3,3.9,2019/20,€16.25m,€13.28m,15.0,10.0,5.0,7.0,11.0,13.0,4.0,6.0,2.0,5.0,0.0,0.0
P1,25/08/2019,Santa Clara,Belenenses,0.0,0.0,D,0.0,0.0,D,2.05,3.2,3.75,2.15,3.1,3.6,2019/20,€14.70m,€15.08m,15.0,6.0,3.0,1.0,10.0,12.0,9.0,2.0,2.0,1.0,0.0,0.0
P1,25/08/2019,Portimonense,Sp Lisbon,1.0,3.0,A,1.0,2.0,A,4.5,3.5,1.8,4.25,3.4,1.85,2019/20,€23.00m,€175.53m,16.0,11.0,2.0,6.0,16.0,13.0,3.0,6.0,1.0,0.0,0.0,0.0
P1,25/08/2019,Gil Vicente,Sp Braga,1.0,1.0,D,0.0,1.0,A,4.75,3.5,1.75,5.0,3.6,1.7,2019/20,€12.23m,€102.90m,15.0,8.0,6.0,4.0,13.0,13.0,5.0,1.0,2.0,2.0,0.0,0.0
P1,25/08/2019,Guimaraes,Famalicao,1.0,1.0,D,0.0,0.0,D,1.72,3.5,5.0,1.7,3.6,5.0,2019/20,€65.15m,€38.95m,18.0,15.0,4.0,3.0,16.0,12.0,12.0,5.0,4.0,1.0,0.0,0.0
P1,30/08/2019,Moreirense,Portimonense,1.0,0.0,H,1.0,0.0,H,2.2,3.25,3.25,2.35,3.3,2.95,2019/20,€14.55m,€23.00m,9.0,10.0,3.0,2.0,21.0,23.0,0.0,3.0,2.0,5.0,0.0,1.0
P1,30/08/2019,Belenenses,Boavista,0.0,1.0,A,0.0,0.0,D,2.5,3.0,3.0,2.4,3.1,3.0,2019/20,€15.08m,€14.78m,9.0,12.0,3.0,7.0,17.0,20.0,5.0,1.0,3.0,4.0,1.0,0.0
P1,31/08/2019,AVS,Famalicao,2.0,3.0,A,1.0,1.0,D,2.45,3.1,3.0,2.4,3.3,2.85,2019/20,€14.18m,€38.95m,18.0,12.0,6.0,7.0,21.0,11.0,4.0,7.0,5.0,3.0,1.0,1.0
P1,31/08/2019,Pacos Ferreira,Maritimo,0.0,1.0,A,0.0,0.0,D,2.05,3.2,3.75,2.0,3.3,3.7,2019/20,€14.35m,€16.25m,21.0,9.0,3.0,2.0,19.0,15.0,7.0,0.0,1.0,4.0,0.0,1.0
P1,31/08/2019,Sp Lisbon,Rio Ave,2.0,3.0,A,1.0,1.0,D,1.36,4.75,8.5,1.36,4.75,8.0,2019/20,€175.53m,€20.95m,9.0,6.0,5.0,3.0,18.0,14.0,1.0,2.0,2.0,2.0,1.0,0.0
P1,31/08/2019,Gil Vicente,Setubal,0.0,0.0,D,0.0,0.0,D,2.15,3.0,3.7,2.2,3.2,3.25,2019/20,€12.23m,€13.75m,15.0,8.0,2.0,3.0,16.0,18.0,7.0,6.0,3.0,6.0,0.0,0.0
P1,01/09/2019,Tondela,Santa Clara,0.0,0.0,D,0.0,0.0,D,2.3,3.0,3.4,2.35,3.2,3.0,2019/20,€13.28m,€14.70m,11.0,13.0,4.0,4.0,9.0,11.0,7.0,10.0,2.0,2.0,1.0,0.0
P1,01/09/2019,Porto,Guimaraes,3.0,0.0,H,1.0,0.0,H,1.16,7.0,15.0,1.16,7.25,14.0,2019/20,€224.45m,€65.15m,18.0,8.0,10.0,3.0,19.0,7.0,7.0,5.0,3.0,3.0,0.0,2.0
P1,01/09/2019,Sp Braga,Benfica,0.0,4.0,A,0.0,1.0,A,6.0,3.75,1.6,5.25,3.7,1.65,2019/20,€102.90m,€312.70m,11.0,12.0,2.0,6.0,10.0,16.0,4.0,5.0,2.0,1.0,0.0,0.0
P1,08/09/2019,Rio Ave,Guimaraes,1.0,1.0,D,1.0,1.0,D,1.85,3.5,4.2,1.87,3.5,4.0,2019/20,€20.95m,€65.15m,6.0,15.0,2.0,5.0,13.0,16.0,5.0,8.0,2.0,2.0,1.0,0.0
P1,13/09/2019,Setubal,Sp Braga,1.0,0.0,H,0.0,0.0,D,5.0,3.5,1.75,5.0,3.5,1.72,2019/20,€13.75m,€102.90m,7.0,22.0,4.0,6.0,13.0,11.0,1.0,7.0,1.0,4.0,0.0,1.0
P1,14/09/2019,Famalicao,Pacos Ferreira,4.0,2.0,H,1.0,0.0,H,2.05,3.3,3.6,2.1,3.25,3.5,2019/20,€38.95m,€14.35m,11.0,15.0,5.0,3.0,20.0,18.0,1.0,9.0,3.0,2.0,0.0,0.0
P1,14/09/2019,Benfica,Gil Vicente,2.0,0.0,H,1.0,0.0,H,1.12,8.0,21.0,1.11,8.25,20.0,2019/20,€312.70m,€12.23m,13.0,8.0,4.0,1.0,13.0,14.0,9.0,7.0,1.0,4.0,0.0,0.0
P1,14/09/2019,Guimaraes,AVS,5.0,1.0,H,2.0,1.0,H,1.53,4.0,6.0,1.55,4.0,5.75,2019/20,€65.15m,€14.18m,18.0,12.0,8.0,2.0,12.0,15.0,9.0,6.0,3.0,2.0,0.0,0.0
P1,15/09/2019,Maritimo,Belenenses,1.0,3.0,A,0.0,2.0,A,2.0,3.3,3.75,2.1,3.2,3.5,2019/20,€16.25m,€15.08m,12.0,13.0,4.0,7.0,11.0,26.0,8.0,9.0,2.0,3.0,0.0,0.0
P1,15/09/2019,Rio Ave,Tondela,2.0,4.0,A,1.0,2.0,A,1.65,4.0,5.0,1.65,3.8,5.0,2019/20,€20.95m,€13.28m,23.0,5.0,6.0,4.0,15.0,18.0,8.0,0.0,2.0,3.0,0.0,0.0
P1,15/09/2019,Santa Clara,Moreirense,2.0,0.0,H,1.0,0.0,H,2.2,3.25,3.3,2.25,3.1,3.3,2019/20,€14.70m,€14.55m,18.0,12.0,5.0,2.0,13.0,20.0,6.0,3.0,3.0,2.0,0.0,0.0
P1,15/09/2019,Portimonense,Porto,2.0,3.0,A,0.0,2.0,A,7.0,4.5,1.4,6.75,4.75,1.4,2019/20,€23.00m,€224.45m,8.0,21.0,4.0,6.0,10.0,14.0,1.0,10.0,1.0,1.0,0.0,1.0
P1,15/09/2019,Boavista,Sp Lisbon,1.0,1.0,D,1.0,0.0,H,5.0,3.6,1.7,4.5,3.6,1.75,2019/20,€14.78m,€175.53m,11.0,13.0,4.0,3.0,22.0,17.0,5.0,8.0,2.0,6.0,0.0,1.0
P1,20/09/2019,Pacos Ferreira,AVS,2.0,1.0,H,0.0,1.0,A,1.85,3.4,4.33,1.9,3.4,4.0,2019/20,€14.35m,€14.18m,15.0,8.0,2.0,3.0,24.0,13.0,9.0,2.0,5.0,3.0,1.0,0.0
P1,21/09/2019,Belenenses,Rio Ave,0.0,2.0,A,0.0,1.0,A,3.5,3.1,2.2,3.1,3.2,2.3,2019/20,€15.08m,€20.95m,9.0,16.0,2.0,4.0,20.0,13.0,4.0,1.0,3.0,0.0,0.0,0.0
P1,21/09/2019,Moreirense,Benfica,1.0,2.0,A,0.0,0.0,D,9.0,5.0,1.33,8.25,5.0,1.34,2019/20,€14.55m,€312.70m,6.0,20.0,2.0,2.0,12.0,15.0,3.0,5.0,3.0,2.0,0.0,0.0
P1,22/09/2019,Gil Vicente,Boavista,0.0,0.0,D,0.0,0.0,D,2.25,3.1,3.4,2.2,3.2,3.25,2019/20,€12.23m,€14.78m,15.0,4.0,6.0,0.0,18.0,19.0,10.0,4.0,5.0,2.0,0.0,1.0
P1,22/09/2019,Setubal,Portimonense,0.0,0.0,D,0.0,0.0,D,2.87,3.1,2.55,2.65,3.2,2.6,2019/20,€13.75m,€23.00m,7.0,7.0,3.0,1.0,17.0,9.0,4.0,2.0,3.0,0.0,0.0,0.0
P1,22/09/2019,Tondela,Guimaraes,1.0,3.0,A,1.0,3.0,A,3.4,3.4,2.1,3.25,3.4,2.15,2019/20,€13.28m,€65.15m,5.0,20.0,3.0,6.0,9.0,21.0,5.0,5.0,2.0,4.0,0.0,0.0
P1,22/09/2019,Porto,Santa Clara,2.0,0.0,H,2.0,0.0,H,1.14,7.5,17.0,1.15,7.75,13.5,2019/20,€224.45m,€14.70m,19.0,6.0,7.0,2.0,25.0,11.0,9.0,0.0,4.0,4.0,0.0,0.0
P1,23/09/2019,Sp Braga,Maritimo,2.0,2.0,D,0.0,1.0,A,1.33,4.75,10.0,1.35,4.75,8.5,2019/20,€102.90m,€16.25m,26.0,6.0,6.0,3.0,15.0,17.0,9.0,3.0,2.0,5.0,0.0,1.0
P1,23/09/2019,Sp Lisbon,Famalicao,1.0,2.0,A,1.0,0.0,H,1.5,4.5,5.75,1.53,4.1,5.75,2019/20,€175.53m,€38.95m,20.0,13.0,5.0,7.0,16.0,14.0,6.0,6.0,3.0,2.0,0.0,0.0
P1,27/09/2019,Boavista,Tondela,0.0,0.0,D,0.0,0.0,D,2.05,3.25,3.75,2.0,3.25,3.75,2019/20,€14.78m,€13.28m,16.0,5.0,3.0,0.0,21.0,17.0,6.0,4.0,3.0,4.0,0.0,0.0
P1,28/09/2019,Maritimo,Moreirense,2.0,1.0,H,0.0,0.0,D,2.4,3.2,3.0,2.4,3.2,2.95,2019/20,€16.25m,€14.55m,12.0,12.0,4.0,4.0,13.0,21.0,6.0,2.0,4.0,6.0,0.0,0.0
P1,28/09/2019,Benfica,Setubal,1.0,0.0,H,0.0,0.0,D,1.12,8.0,21.0,1.14,7.5,16.0,2019/20,€312.70m,€13.75m,13.0,9.0,3.0,2.0,11.0,8.0,14.0,3.0,4.0,4.0,1.0,0.0
P1,28/09/2019,Famalicao,Belenenses,3.0,1.0,H,0.0,1.0,A,1.8,3.5,4.5,1.8,3.5,4.4,2019/20,€38.95m,€15.08m,16.0,9.0,6.0,3.0,15.0,10.0,6.0,2.0,2.0,2.0,0.0,0.0
P1,29/09/2019,Guimaraes,Pacos Ferreira,1.0,0.0,H,0.0,0.0,D,1.53,4.2,6.0,1.53,4.0,6.0,2019/20,€65.15m,€14.35m,14.0,5.0,4.0,1.0,16.0,23.0,10.0,3.0,1.0,6.0,0.0,1.0
P1,29/09/2019,Santa Clara,Gil Vicente,1.0,0.0,H,0.0,0.0,D,2.1,3.25,3.6,2.0,3.25,3.8,2019/20,€14.70m,€12.23m,14.0,7.0,6.0,5.0,17.0,15.0,6.0,6.0,4.0,1.0,0.0,1.0
P1,29/09/2019,Portimonense,Sp Braga,0.0,1.0,A,0.0,1.0,A,3.4,3.3,2.15,3.5,3.4,2.05,2019/20,€23.00m,€102.90m,12.0,9.0,5.0,3.0,11.0,23.0,2.0,7.0,3.0,4.0,0.0,0.0
P1,29/09/2019,Rio Ave,Porto,0.0,1.0,A,0.0,1.0,A,6.5,4.0,1.5,6.0,4.4,1.48,2019/20,€20.95m,€224.45m,8.0,13.0,1.0,5.0,15.0,15.0,0.0,6.0,3.0,3.0,0.0,0.0
P1,30/09/2019,AVS,Sp Lisbon,0.0,1.0,A,0.0,0.0,D,6.0,3.75,1.55,5.5,4.0,1.57,2019/20,€14.18m,€175.53m,7.0,15.0,2.0,3.0,12.0,19.0,3.0,7.0,3.0,2.0,0.0,0.0
P1,05/10/2019,AVS,Tondela,0.0,1.0,A,0.0,0.0,D,2.4,3.25,2.9,2.45,3.4,2.75,2019/20,€14.18m,€13.28m,12.0,11.0,1.0,2.0,12.0,14.0,6.0,8.0,1.0,1.0,0.0,0.0
P1,25/10/2019,Pacos Ferreira,Rio Ave,0.0,0.0,D,0.0,0.0,D,2.8,3.1,2.6,2.75,3.1,2.6,2019/20,€14.35m,€20.95m,16.0,4.0,3.0,0.0,19.0,15.0,2.0,4.0,0.0,1.0,0.0,0.0
P1,26/10/2019,Belenenses,AVS,3.0,2.0,H,2.0,2.0,D,2.1,3.2,3.6,2.1,3.2,3.6,2019/20,€15.08m,€14.18m,11.0,8.0,5.0,2.0,16.0,21.0,7.0,6.0,3.0,2.0,0.0,0.0
P1,26/10/2019,Gil Vicente,Portimonense,1.0,1.0,D,1.0,1.0,D,2.5,3.0,3.0,2.5,3.1,2.9,2019/20,€12.23m,€23.00m,6.0,10.0,2.0,4.0,22.0,20.0,2.0,3.0,3.0,2.0,1.0,0.0
P1,26/10/2019,Setubal,Maritimo,0.0,0.0,D,0.0,0.0,D,2.3,3.0,3.4,2.25,3.1,3.3,2019/20,€13.75m,€16.25m,11.0,10.0,2.0,3.0,14.0,20.0,5.0,5.0,0.0,1.0,0.0,0.0
P1,26/10/2019,Moreirense,Boavista,1.0,1.0,D,1.0,0.0,H,2.15,3.1,3.6,2.15,3.2,3.4,2019/20,€14.55m,€14.78m,9.0,23.0,4.0,4.0,18.0,20.0,1.0,10.0,3.0,4.0,1.0,0.0
P1,27/10/2019,Tondela,Benfica,0.0,1.0,A,0.0,1.0,A,10.0,5.25,1.28,10.0,5.25,1.28,2019/20,€13.28m,€312.70m,9.0,12.0,4.0,3.0,17.0,14.0,5.0,5.0,1.0,2.0,0.0,0.0
P1,27/10/2019,Porto,Famalicao,3.0,0.0,H,1.0,0.0,H,1.22,6.0,12.0,1.25,5.75,10.5,2019/20,€224.45m,€38.95m,19.0,5.0,9.0,2.0,14.0,12.0,4.0,3.0,0.0,3.0,0.0,0.0
P1,27/10/2019,Sp Lisbon,Guimaraes,3.0,1.0,H,2.0,0.0,H,1.72,3.75,4.75,1.75,3.75,4.33,2019/20,€175.53m,€65.15m,13.0,13.0,6.0,3.0,7.0,9.0,3.0,4.0,1.0,1.0,0.0,0.0
P1,28/10/2019,Sp Braga,Santa Clara,2.0,0.0,H,1.0,0.0,H,1.44,4.33,7.0,1.44,4.33,6.75,2019/20,€102.90m,€14.70m,20.0,8.0,12.0,5.0,18.0,7.0,4.0,6.0,1.0,1.0,0.0,0.0
P1,30/10/2019,Rio Ave,Moreirense,1.0,1.0,D,0.0,1.0,A,1.66,4.0,4.75,1.75,3.7,4.4,2019/20,€20.95m,€14.55m,20.0,8.0,7.0,4.0,14.0,14.0,13.0,3.0,1.0,1.0,0.0,0.0
P1,30/10/2019,Maritimo,Porto,1.0,1.0,D,1.0,0.0,H,10.0,4.75,1.3,8.75,4.75,1.34,2019/20,€16.25m,€224.45m,6.0,14.0,2.0,5.0,17.0,20.0,6.0,9.0,4.0,5.0,0.0,0.0
P1,30/10/2019,Guimaraes,Belenenses,5.0,0.0,H,2.0,0.0,H,1.45,4.2,7.5,1.44,4.33,6.75,2019/20,€65.15m,€15.08m,14.0,6.0,6.0,2.0,13.0,13.0,6.0,3.0,1.0,4.0,0.0,0.0
P1,30/10/2019,Benfica,Portimonense,4.0,0.0,H,1.0,0.0,H,1.16,7.5,13.0,1.2,6.25,13.5,2019/20,€312.70m,€23.00m,17.0,8.0,6.0,2.0,14.0,9.0,5.0,1.0,1.0,1.0,0.0,0.0
P1,30/10/2019,Famalicao,Gil Vicente,2.0,1.0,H,1.0,0.0,H,1.75,3.5,4.75,1.75,3.6,4.6,2019/20,€38.95m,€12.23m,10.0,12.0,2.0,4.0,17.0,15.0,9.0,2.0,3.0,1.0,0.0,0.0
P1,31/10/2019,Pacos Ferreira,Sp Lisbon,1.0,2.0,A,0.0,1.0,A,4.0,3.5,1.9,3.9,3.4,1.91,2019/20,€14.35m,€175.53m,12.0,12.0,5.0,4.0,19.0,25.0,10.0,4.0,5.0,7.0,0.0,0.0
P1,31/10/2019,Boavista,Sp Braga,2.0,0.0,H,1.0,0.0,H,4.0,3.3,1.95,3.9,3.4,1.91,2019/20,€14.78m,€102.90m,10.0,19.0,2.0,2.0,14.0,8.0,3.0,7.0,4.0,2.0,0.0,0.0
P1,31/10/2019,Santa Clara,Setubal,1.0,1.0,D,1.0,1.0,D,2.0,3.2,4.0,2.0,3.1,4.1,2019/20,€14.70m,€13.75m,20.0,13.0,4.0,3.0,9.0,17.0,7.0,6.0,3.0,5.0,0.0,1.0
P1,02/11/2019,Benfica,Rio Ave,2.0,0.0,H,1.0,0.0,H,1.33,5.0,9.0,1.3,5.25,9.0,2019/20,€312.70m,€20.95m,20.0,3.0,4.0,0.0,11.0,14.0,10.0,2.0,1.0,3.0,0.0,0.0
P1,02/11/2019,Moreirense,Guimaraes,1.0,1.0,D,0.0,0.0,D,3.6,3.3,2.05,3.7,3.3,2.0,2019/20,€14.55m,€65.15m,7.0,15.0,1.0,6.0,21.0,11.0,8.0,9.0,5.0,3.0,0.0,0.0
P1,03/11/2019,Gil Vicente,Maritimo,2.0,0.0,H,0.0,0.0,D,1.95,3.2,4.33,1.95,3.25,4.0,2019/20,€12.23m,€16.25m,15.0,8.0,6.0,1.0,18.0,14.0,4.0,3.0,0.0,0.0,0.0,0.0
P1,03/11/2019,Tondela,Sp Lisbon,1.0,0.0,H,0.0,0.0,D,4.5,4.0,1.7,4.4,3.8,1.72,2019/20,€13.28m,€175.53m,5.0,15.0,3.0,3.0,15.0,13.0,1.0,7.0,4.0,3.0,0.0,0.0
P1,03/11/2019,Porto,AVS,1.0,0.0,H,1.0,0.0,H,1.1,9.0,21.0,1.13,7.75,18.5,2019/20,€224.45m,€14.18m,12.0,9.0,4.0,0.0,21.0,15.0,6.0,2.0,1.0,1.0,0.0,0.0
P1,03/11/2019,Sp Braga,Famalicao,2.0,2.0,D,0.0,0.0,D,1.5,4.33,6.5,1.5,4.33,5.75,2019/20,€102.90m,€38.95m,18.0,6.0,5.0,4.0,11.0,15.0,11.0,2.0,5.0,4.0,0.0,1.0
P1,04/11/2019,Belenenses,Pacos Ferreira,1.0,0.0,H,0.0,0.0,D,2.5,3.1,2.9,2.45,3.2,2.9,2019/20,€15.08m,€14.35m,8.0,16.0,2.0,5.0,22.0,23.0,1.0,9.0,1.0,4.0,0.0,0.0
P1,04/11/2019,Portimonense,Santa Clara,1.0,1.0,D,1.0,0.0,H,2.05,3.2,3.75,2.2,3.1,3.4,2019/20,€23.00m,€14.70m,14.0,15.0,4.0,4.0,11.0,15.0,4.0,8.0,4.0,2.0,0.0,0.0
P1,04/11/2019,Setubal,Boavista,1.0,0.0,H,0.0,0.0,D,2.45,2.9,3.2,2.5,2.8,3.2,2019/20,€13.75m,€14.78m,7.0,27.0,2.0,5.0,8.0,9.0,2.0,11.0,3.0,4.0,0.0,0.0
P1,08/11/2019,AVS,Gil Vicente,1.0,2.0,A,1.0,2.0,A,2.75,3.0,2.75,2.7,3.0,2.7,2019/20,€14.18m,€12.23m,5.0,5.0,4.0,4.0,19.0,26.0,7.0,4.0,2.0,3.0,0.0,0.0
P1,09/11/2019,Rio Ave,Setubal,1.0,0.0,H,1.0,0.0,H,1.57,3.75,6.0,1.55,3.9,6.0,2019/20,€20.95m,€13.75m,7.0,10.0,3.0,3.0,14.0,10.0,9.0,4.0,0.0,1.0,0.0,0.0
P1,09/11/2019,Santa Clara,Benfica,1.0,2.0,A,1.0,0.0,H,6.5,4.5,1.44,6.5,4.4,1.45,2019/20,€14.70m,€312.70m,12.0,11.0,3.0,6.0,13.0,10.0,2.0,4.0,3.0,3.0,0.0,0.0
P1,09/11/2019,Famalicao,Moreirense,3.0,3.0,D,2.0,0.0,H,1.8,3.3,5.0,1.8,3.5,4.4,2019/20,€38.95m,€14.55m,17.0,9.0,14.0,5.0,15.0,10.0,2.0,2.0,3.0,3.0,1.0,0.0
P1,10/11/2019,Maritimo,Portimonense,1.0,1.0,D,0.0,1.0,A,2.45,3.2,2.9,2.5,3.1,2.9,2019/20,€16.25m,€23.00m,15.0,10.0,4.0,2.0,25.0,21.0,3.0,1.0,4.0,6.0,0.0,0.0
P1,10/11/2019,Pacos Ferreira,Tondela,1.0,0.0,H,1.0,0.0,H,2.0,3.4,3.75,1.95,3.25,4.0,2019/20,€14.35m,€13.28m,9.0,13.0,2.0,5.0,24.0,24.0,3.0,5.0,5.0,2.0,1.0,1.0
P1,10/11/2019,Sp Lisbon,Belenenses,2.0,0.0,H,0.0,0.0,D,1.36,4.75,8.0,1.3,5.0,9.5,2019/20,€175.53m,€15.08m,19.0,9.0,5.0,3.0,15.0,18.0,6.0,5.0,4.0,3.0,0.0,0.0
P1,10/11/2019,Guimaraes,Sp Braga,0.0,2.0,A,0.0,1.0,A,2.25,3.4,3.1,2.2,3.5,3.0,2019/20,€65.15m,€102.90m,14.0,9.0,2.0,5.0,17.0,16.0,11.0,2.0,5.0,2.0,0.0,0.0
P1,10/11/2019,Boavista,Porto,0.0,1.0,A,0.0,1.0,A,7.0,4.33,1.44,8.25,3.9,1.45,2019/20,€14.78m,€224.45m,7.0,9.0,1.0,1.0,14.0,16.0,3.0,6.0,3.0,1.0,0.0,0.0
P1,29/11/2019,Santa Clara,Boavista,1.0,2.0,A,0.0,2.0,A,2.05,3.1,4.0,2.1,3.0,3.8,2019/20,€14.70m,€14.78m,15.0,17.0,2.0,7.0,17.0,19.0,10.0,2.0,2.0,2.0,0.0,0.0
P1,30/11/2019,Moreirense,AVS,3.0,2.0,H,2.0,1.0,H,1.95,3.3,4.0,1.95,3.25,4.0,2019/20,€14.55m,€14.18m,18.0,12.0,5.0,3.0,11.0,18.0,11.0,5.0,1.0,2.0,0.0,1.0
P1,30/11/2019,Benfica,Maritimo,4.0,0.0,H,3.0,0.0,H,1.16,7.5,13.0,1.15,7.5,16.0,2019/20,€312.70m,€16.25m,12.0,12.0,9.0,1.0,12.0,13.0,4.0,3.0,3.0,2.0,1.0,0.0
P1,30/11/2019,Portimonense,Famalicao,2.0,1.0,H,1.0,0.0,H,2.0,3.5,3.6,2.0,3.6,3.4,2019/20,€23.00m,€38.95m,12.0,12.0,5.0,4.0,21.0,17.0,6.0,3.0,1.0,1.0,0.0,0.0
P1,01/12/2019,Tondela,Belenenses,0.0,1.0,A,0.0,0.0,D,2.0,3.3,3.75,2.0,3.25,3.8,2019/20,€13.28m,€15.08m,15.0,11.0,3.0,3.0,14.0,16.0,8.0,7.0,2.0,3.0,0.0,0.0
P1,01/12/2019,Setubal,Guimaraes,1.0,1.0,D,0.0,0.0,D,4.33,3.5,1.83,4.1,3.3,1.91,2019/20,€13.75m,€65.15m,17.0,13.0,4.0,3.0,16.0,15.0,10.0,7.0,2.0,1.0,0.0,0.0
P1,01/12/2019,Gil Vicente,Sp Lisbon,3.0,1.0,H,1.0,1.0,D,4.0,3.4,1.9,4.1,3.4,1.87,2019/20,€12.23m,€175.53m,7.0,9.0,4.0,2.0,14.0,13.0,1.0,3.0,4.0,2.0,0.0,0.0
P1,02/12/2019,Sp Braga,Rio Ave,2.0,0.0,H,1.0,0.0,H,1.57,3.75,6.0,1.6,3.9,5.25,2019/20,€102.90m,€20.95m,12.0,9.0,4.0,2.0,20.0,12.0,7.0,3.0,2.0,2.0,0.0,0.0
P1,02/12/2019,Porto,Pacos Ferreira,2.0,0.0,H,1.0,0.0,H,1.16,7.5,13.0,1.16,7.0,15.0,2019/20,€224.45m,€14.35m,8.0,5.0,6.0,4.0,18.0,13.0,8.0,1.0,2.0,3.0,0.0,0.0
P1,06/12/2019,Boavista,Benfica,1.0,4.0,A,1.0,1.0,D,7.0,3.6,1.55,7.25,3.9,1.48,2019/20,€14.78m,€312.70m,9.0,11.0,5.0,6.0,17.0,10.0,3.0,5.0,4.0,4.0,0.0,0.0
P1,07/12/2019,Maritimo,Santa Clara,2.0,2.0,D,1.0,1.0,D,2.5,3.2,2.9,2.4,3.2,2.95,2019/20,€16.25m,€14.70m,12.0,6.0,7.0,2.0,12.0,19.0,11.0,4.0,3.0,4.0,0.0,0.0
P1,07/12/2019,Famalicao,Tondela,2.0,3.0,A,1.0,2.0,A,1.95,3.5,3.8,1.9,3.6,3.75,2019/20,€38.95m,€13.28m,27.0,8.0,10.0,5.0,16.0,18.0,9.0,3.0,2.0,7.0,0.0,0.0
P1,07/12/2019,AVS,Sp Braga,1.0,0.0,H,1.0,0.0,H,6.5,4.75,1.45,5.75,4.33,1.5,2019/20,€14.18m,€102.90m,6.0,13.0,1.0,2.0,24.0,17.0,3.0,13.0,5.0,5.0,0.0,0.0
P1,08/12/2019,Guimaraes,Portimonense,2.0,0.0,H,1.0,0.0,H,1.5,4.0,7.0,1.53,4.2,5.75,2019/20,€65.15m,€23.00m,10.0,13.0,5.0,2.0,15.0,9.0,8.0,3.0,1.0,1.0,0.0,0.0
P1,08/12/2019,Pacos Ferreira,Setubal,2.0,3.0,A,0.0,1.0,A,2.0,3.1,4.2,2.05,3.1,3.8,2019/20,€14.35m,€13.75m,21.0,9.0,4.0,4.0,24.0,16.0,8.0,5.0,4.0,5.0,0.0,0.0
P1,08/12/2019,Sp Lisbon,Moreirense,1.0,0.0,H,0.0,0.0,D,1.33,5.0,9.0,1.35,4.6,8.75,2019/20,€175.53m,€14.55m,28.0,9.0,9.0,1.0,16.0,11.0,8.0,2.0,3.0,4.0,0.0,1.0
P1,08/12/2019,Belenenses,Porto,1.0,1.0,D,1.0,1.0,D,10.0,5.25,1.28,9.75,5.25,1.28,2019/20,€15.08m,€224.45m,5.0,16.0,3.0,7.0,21.0,18.0,2.0,4.0,7.0,2.0,0.0,0.0
P1,09/12/2019,Rio Ave,Gil Vicente,1.0,0.0,H,0.0,0.0,D,1.65,4.0,4.75,1.67,3.7,5.0,2019/20,€20.95m,€12.23m,9.0,8.0,2.0,4.0,20.0,18.0,7.0,1.0,3.0,2.0,1.0,0.0
P1,13/12/2019,Portimonense,Rio Ave,1.0,1.0,D,0.0,1.0,A,2.9,3.2,2.45,2.65,3.4,2.5,2019/20,€23.00m,€20.95m,16.0,9.0,6.0,2.0,18.0,14.0,5.0,1.0,4.0,3.0,1.0,0.0
P1,14/12/2019,Maritimo,Boavista,1.0,0.0,H,1.0,0.0,H,2.87,3.1,2.55,2.65,2.95,2.85,2019/20,€16.25m,€14.78m,9.0,11.0,3.0,1.0,19.0,26.0,4.0,6.0,2.0,1.0,0.0,1.0
P1,14/12/2019,Benfica,Famalicao,4.0,0.0,H,1.0,0.0,H,1.2,7.0,12.0,1.19,7.0,11.5,2019/20,€312.70m,€38.95m,17.0,8.0,6.0,4.0,7.0,7.0,8.0,3.0,0.0,2.0,0.0,0.0
P1,14/12/2019,Setubal,AVS,1.0,0.0,H,0.0,0.0,D,2.0,3.3,3.8,2.05,3.1,3.8,2019/20,€13.75m,€14.18m,11.0,11.0,2.0,5.0,19.0,18.0,7.0,6.0,4.0,3.0,0.0,0.0
P1,15/12/2019,Moreirense,Belenenses,2.0,1.0,H,0.0,1.0,A,2.0,3.3,3.8,2.05,3.3,3.6,2019/20,€14.55m,€15.08m,13.0,8.0,7.0,2.0,18.0,15.0,8.0,3.0,1.0,5.0,0.0,1.0
P1,15/12/2019,Gil Vicente,Guimaraes,2.0,2.0,D,2.0,0.0,H,3.6,3.4,2.05,3.75,3.5,1.95,2019/20,€12.23m,€65.15m,6.0,16.0,4.0,7.0,15.0,17.0,3.0,7.0,4.0,1.0,0.0,0.0
P1,15/12/2019,Sp Braga,Pacos Ferreira,0.0,1.0,A,0.0,1.0,A,1.4,4.5,8.0,1.4,4.5,7.5,2019/20,€102.90m,€14.35m,23.0,3.0,5.0,1.0,14.0,22.0,10.0,3.0,1.0,5.0,0.0,0.0
P1,16/12/2019,Santa Clara,Sp Lisbon,0.0,4.0,A,0.0,1.0,A,3.8,3.5,1.95,4.1,3.6,1.83,2019/20,€14.70m,€175.53m,12.0,19.0,3.0,7.0,12.0,6.0,2.0,8.0,1.0,1.0,0.0,0.0
P1,16/12/2019,Porto,Tondela,3.0,0.0,H,2.0,0.0,H,1.18,7.0,13.0,1.19,6.5,13.0,2019/20,€224.45m,€13.28m,12.0,2.0,5.0,0.0,16.0,9.0,8.0,0.0,0.0,0.0,0.0,0.0
P1,04/01/2020,AVS,Santa Clara,0.0,1.0,A,0.0,0.0,D,2.75,3.2,2.6,2.7,3.2,2.6,2019/20,€14.18m,€14.70m,10.0,3.0,4.0,3.0,16.0,10.0,7.0,9.0,4.0,2.0,0.0,0.0
P1,04/01/2020,Boavista,Portimonense,1.0,1.0,D,0.0,0.0,D,2.1,3.2,3.6,2.15,3.2,3.4,2019/20,€14.78m,€23.00m,5.0,6.0,2.0,5.0,16.0,15.0,4.0,5.0,1.0,2.0,0.0,0.0
P1,04/01/2020,Belenenses,Sp Braga,1.0,7.0,A,1.0,4.0,A,6.5,4.5,1.45,5.75,4.1,1.53,2019/20,€15.08m,€102.90m,3.0,18.0,2.0,15.0,11.0,13.0,2.0,4.0,4.0,1.0,1.0,0.0
P1,04/01/2020,Guimaraes,Benfica,0.0,1.0,A,0.0,1.0,A,4.5,4.2,1.66,4.1,3.9,1.75,2019/20,€65.15m,€312.70m,11.0,4.0,5.0,3.0,12.0,15.0,6.0,7.0,4.0,3.0,1.0,0.0
P1,05/01/2020,Pacos Ferreira,Moreirense,1.0,0.0,H,1.0,0.0,H,2.15,3.2,3.5,2.1,3.1,3.7,2019/20,€14.35m,€14.55m,6.0,5.0,3.0,1.0,20.0,16.0,2.0,5.0,4.0,4.0,0.0,0.0
P1,05/01/2020,Rio Ave,Maritimo,0.0,1.0,A,0.0,0.0,D,1.55,4.0,6.0,1.53,4.0,6.0,2019/20,€20.95m,€16.25m,6.0,6.0,3.0,3.0,11.0,25.0,3.0,2.0,1.0,5.0,0.0,0.0
P1,05/01/2020,Tondela,Gil Vicente,1.0,1.0,D,1.0,1.0,D,2.25,3.3,3.1,2.35,3.2,3.0,2019/20,€13.28m,€12.23m,7.0,10.0,1.0,9.0,19.0,21.0,3.0,5.0,2.0,2.0,0.0,0.0
P1,05/01/2020,Sp Lisbon,Porto,1.0,2.0,A,1.0,1.0,D,3.4,3.4,2.1,3.3,3.4,2.1,2019/20,€175.53m,€224.45m,11.0,9.0,2.0,7.0,21.0,16.0,4.0,3.0,5.0,5.0,0.0,0.0
P1,05/01/2020,Famalicao,Setubal,3.0,0.0,H,1.0,0.0,H,1.8,3.6,4.33,1.85,3.5,4.1,2019/20,€38.95m,€13.75m,13.0,4.0,7.0,2.0,24.0,13.0,3.0,2.0,2.0,1.0,0.0,0.0
P1,10/01/2020,Benfica,AVS,2.0,1.0,H,0.0,1.0,A,1.08,11.0,21.0,1.08,10.0,23.0,2019/20,€312.70m,€14.18m,28.0,6.0,11.0,3.0,12.0,11.0,17.0,2.0,4.0,2.0,0.0,0.0
P1,10/01/2020,Santa Clara,Rio Ave,0.0,1.0,A,0.0,0.0,D,2.87,3.2,2.5,2.9,3.2,2.4,2019/20,€14.70m,€20.95m,8.0,5.0,4.0,3.0,12.0,22.0,3.0,4.0,2.0,3.0,0.0,0.0
P1,10/01/2020,Moreirense,Porto,2.0,4.0,A,2.0,2.0,D,10.0,5.25,1.28,9.75,5.0,1.3,2019/20,€14.55m,€224.45m,8.0,14.0,5.0,6.0,11.0,11.0,4.0,7.0,2.0,4.0,0.0,1.0
P1,11/01/2020,Portimonense,Pacos Ferreira,0.0,0.0,D,0.0,0.0,D,2.1,3.25,3.6,2.2,3.2,3.3,2019/20,€23.00m,€14.35m,8.0,2.0,4.0,0.0,18.0,21.0,3.0,4.0,2.0,3.0,0.0,0.0
P1,11/01/2020,Boavista,Famalicao,0.0,1.0,A,0.0,0.0,D,2.3,3.4,3.0,2.3,3.3,3.0,2019/20,€14.78m,€38.95m,9.0,8.0,3.0,5.0,17.0,25.0,8.0,5.0,5.0,4.0,1.0,1.0
P1,11/01/2020,Setubal,Sp Lisbon,1.0,3.0,A,0.0,2.0,A,9.0,6.5,1.25,11.0,5.5,1.25,2019/20,€13.75m,€175.53m,10.0,9.0,2.0,5.0,7.0,13.0,3.0,5.0,3.0,3.0,0.0,0.0
P1,12/01/2020,Gil Vicente,Belenenses,2.0,0.0,H,0.0,0.0,D,1.75,3.4,5.0,1.8,3.4,4.5,2019/20,€12.23m,€15.08m,9.0,4.0,7.0,2.0,16.0,20.0,5.0,5.0,0.0,0.0,0.0,0.0
P1,12/01/2020,Maritimo,Guimaraes,0.0,0.0,D,0.0,0.0,D,4.75,3.6,1.72,4.2,3.6,1.8,2019/20,€16.25m,€65.15m,4.0,15.0,1.0,9.0,19.0,16.0,3.0,16.0,1.0,2.0,0.0,0.0
P1,12/01/2020,Sp Braga,Tondela,2.0,1.0,H,0.0,1.0,A,1.25,5.5,12.0,1.25,5.5,11.0,2019/20,€102.90m,€13.28m,17.0,6.0,6.0,2.0,10.0,10.0,9.0,1.0,4.0,3.0,0.0,0.0
P1,17/01/2020,Porto,Sp Braga,1.0,2.0,A,0.0,1.0,A,1.6,3.8,5.75,1.62,4.0,5.5,2019/20,€224.45m,€102.90m,7.0,2.0,3.0,1.0,21.0,14.0,10.0,5.0,5.0,6.0,0.0,0.0
P1,17/01/2020,Sp Lisbon,Benfica,0.0,2.0,A,0.0,0.0,D,3.75,3.4,2.0,3.6,3.7,2.0,2019/20,€175.53m,€312.70m,10.0,9.0,6.0,4.0,17.0,11.0,6.0,3.0,4.0,4.0,0.0,0.0
P1,18/01/2020,AVS,Portimonense,3.0,0.0,H,0.0,0.0,D,2.87,3.2,2.5,2.75,3.25,2.5,2019/20,€14.18m,€23.00m,12.0,9.0,7.0,1.0,12.0,12.0,5.0,7.0,3.0,3.0,0.0,0.0
P1,18/01/2020,Guimaraes,Santa Clara,1.0,0.0,H,0.0,0.0,D,1.33,5.0,8.5,1.33,5.0,8.25,2019/20,€65.15m,€14.70m,15.0,3.0,5.0,1.0,15.0,21.0,5.0,4.0,4.0,5.0,0.0,0.0
P1,18/01/2020,Tondela,Moreirense,1.0,1.0,D,0.0,0.0,D,2.15,3.25,3.4,2.15,3.25,3.4,2019/20,€13.28m,€14.55m,16.0,5.0,4.0,1.0,11.0,21.0,2.0,2.0,1.0,3.0,0.0,0.0
P1,18/01/2020,Belenenses,Setubal,0.0,1.0,A,0.0,1.0,A,2.25,3.2,3.3,2.35,3.2,3.0,2019/20,€15.08m,€13.75m,10.0,7.0,1.0,4.0,16.0,19.0,9.0,3.0,2.0,5.0,0.0,0.0
P1,19/01/2020,Pacos Ferreira,Gil Vicente,0.0,0.0,D,0.0,0.0,D,2.5,3.0,3.0,2.35,3.1,3.1,2019/20,€14.35m,€12.23m,8.0,8.0,5.0,3.0,16.0,13.0,7.0,4.0,1.0,1.0,0.0,0.0
P1,19/01/2020,Famalicao,Maritimo,1.0,1.0,D,0.0,1.0,A,1.66,3.8,5.0,1.67,3.9,4.6,2019/20,€38.95m,€16.25m,17.0,4.0,6.0,2.0,20.0,14.0,6.0,2.0,2.0,5.0,0.0,0.0
P1,19/01/2020,Rio Ave,Boavista,2.0,0.0,H,2.0,0.0,H,1.75,3.75,4.5,1.72,3.6,4.75,2019/20,€20.95m,€14.78m,3.0,6.0,2.0,2.0,15.0,21.0,4.0,5.0,1.0,4.0,0.0,0.0
P1,26/01/2020,Belenenses,Portimonense,2.0,1.0,H,1.0,0.0,H,2.5,3.2,2.87,2.5,3.2,2.8,2019/20,€15.08m,€23.00m,9.0,13.0,4.0,6.0,13.0,13.0,2.0,6.0,1.0,2.0,0.0,0.0
P1,26/01/2020,Famalicao,Santa Clara,0.0,1.0,A,0.0,1.0,A,1.65,3.75,5.5,1.67,3.7,5.0,2019/20,€38.95m,€14.70m,11.0,5.0,1.0,2.0,14.0,14.0,12.0,7.0,2.0,4.0,0.0,0.0
P1,26/01/2020,Tondela,Setubal,0.0,3.0,A,0.0,2.0,A,2.05,3.2,3.8,2.15,3.0,3.7,2019/20,€13.28m,€13.75m,12.0,5.0,6.0,4.0,17.0,16.0,11.0,2.0,1.0,2.0,0.0,0.0
P1,26/01/2020,Pacos Ferreira,Benfica,0.0,2.0,A,0.0,1.0,A,10.0,4.75,1.33,7.75,4.75,1.36,2019/20,€14.35m,€312.70m,6.0,11.0,2.0,6.0,17.0,16.0,6.0,7.0,3.0,2.0,0.0,0.0
P1,26/01/2020,AVS,Boavista,0.0,1.0,A,0.0,1.0,A,2.45,3.2,2.9,2.55,3.25,2.7,2019/20,€14.18m,€14.78m,3.0,9.0,2.0,3.0,15.0,24.0,4.0,4.0,4.0,5.0,0.0,0.0
P1,27/01/2020,Guimaraes,Rio Ave,1.0,2.0,A,0.0,2.0,A,1.61,3.75,5.75,1.62,3.8,5.25,2019/20,€65.15m,€20.95m,14.0,5.0,7.0,3.0,14.0,18.0,14.0,1.0,0.0,4.0,0.0,0.0
P1,27/01/2020,Sp Lisbon,Maritimo,1.0,0.0,H,0.0,0.0,D,1.36,4.75,8.5,1.33,5.0,8.5,2019/20,€175.53m,€16.25m,14.0,4.0,5.0,2.0,14.0,14.0,12.0,3.0,2.0,3.0,0.0,0.0
P1,28/01/2020,Porto,Gil Vicente,2.0,1.0,H,1.0,1.0,D,1.25,5.25,13.0,1.22,5.75,13.0,2019/20,€224.45m,€12.23m,6.0,6.0,2.0,2.0,24.0,24.0,5.0,2.0,2.0,3.0,0.0,1.0
P1,29/01/2020,Moreirense,Sp Braga,1.0,2.0,A,0.0,2.0,A,6.0,3.8,1.57,5.25,4.1,1.57,2019/20,€14.55m,€102.90m,6.0,11.0,4.0,6.0,14.0,15.0,2.0,6.0,3.0,3.0,0.0,1.0
P1,31/01/2020,Benfica,Belenenses,3.0,2.0,H,2.0,0.0,H,1.1,9.0,23.0,1.08,9.75,23.0,2019/20,€312.70m,€15.08m,12.0,15.0,6.0,5.0,8.0,11.0,10.0,9.0,2.0,4.0,0.0,0.0
P1,31/01/2020,Rio Ave,Famalicao,2.0,2.0,D,0.0,2.0,A,1.95,3.3,4.0,2.0,3.5,3.5,2019/20,€20.95m,€38.95m,7.0,17.0,3.0,7.0,13.0,20.0,4.0,6.0,4.0,3.0,0.0,0.0
P1,01/02/2020,Portimonense,Tondela,0.0,1.0,A,0.0,1.0,A,1.95,3.4,3.8,2.1,3.3,3.4,2019/20,€23.00m,€13.28m,11.0,9.0,4.0,2.0,18.0,13.0,4.0,2.0,3.0,3.0,0.0,0.0
P1,01/02/2020,Setubal,Porto,0.0,4.0,A,0.0,2.0,A,10.0,4.75,1.33,9.5,4.75,1.33,2019/20,€13.75m,€224.45m,7.0,20.0,2.0,6.0,13.0,11.0,3.0,5.0,1.0,2.0,0.0,0.0
P1,01/02/2020,Santa Clara,Pacos Ferreira,2.0,1.0,H,0.0,0.0,D,2.1,3.2,3.6,2.1,3.2,3.5,2019/20,€14.70m,€14.35m,10.0,7.0,4.0,2.0,12.0,16.0,3.0,2.0,2.0,4.0,0.0,0.0
P1,02/02/2020,Gil Vicente,Moreirense,1.0,5.0,A,0.0,2.0,A,1.8,3.5,4.5,1.8,3.4,4.5,2019/20,€12.23m,€14.55m,9.0,10.0,5.0,6.0,6.0,19.0,10.0,1.0,1.0,2.0,0.0,0.0
P1,02/02/2020,Maritimo,AVS,1.0,2.0,A,1.0,1.0,D,2.0,3.3,3.8,2.05,3.2,3.7,2019/20,€16.25m,€14.18m,11.0,9.0,4.0,2.0,19.0,13.0,8.0,2.0,2.0,3.0,0.0,0.0
P1,02/02/2020,Sp Braga,Sp Lisbon,1.0,0.0,H,0.0,0.0,D,1.75,3.6,4.75,1.8,3.7,4.1,2019/20,€102.90m,€175.53m,13.0,15.0,8.0,9.0,15.0,14.0,5.0,9.0,4.0,7.0,0.0,0.0
P1,02/02/2020,Boavista,Guimaraes,2.0,0.0,H,1.0,0.0,H,4.5,3.5,1.8,4.25,3.6,1.8,2019/20,€14.78m,€65.15m,9.0,18.0,5.0,8.0,21.0,14.0,1.0,11.0,5.0,2.0,0.0,0.0
P1,07/02/2020,Pacos Ferreira,Boavista,0.0,1.0,A,0.0,1.0,A,2.45,2.87,3.25,2.55,2.8,3.1,2019/20,€14.35m,€14.78m,20.0,7.0,5.0,3.0,16.0,20.0,13.0,2.0,2.0,4.0,0.0,0.0
P1,08/02/2020,Belenenses,Santa Clara,0.0,2.0,A,0.0,2.0,A,2.5,3.1,2.9,2.45,3.2,2.85,2019/20,€15.08m,€14.70m,13.0,9.0,1.0,3.0,10.0,23.0,7.0,8.0,0.0,2.0,0.0,0.0
P1,08/02/2020,Famalicao,Guimaraes,0.0,7.0,A,0.0,2.0,A,3.0,3.5,2.25,3.0,3.3,2.3,2019/20,€38.95m,€65.15m,6.0,19.0,3.0,10.0,11.0,14.0,1.0,6.0,2.0,3.0,1.0,0.0
P1,08/02/2020,Sp Braga,Gil Vicente,2.0,2.0,D,2.0,0.0,H,1.33,5.0,9.0,1.36,4.75,7.75,2019/20,€102.90m,€12.23m,10.0,13.0,7.0,7.0,8.0,18.0,3.0,6.0,2.0,4.0,1.0,0.0
P1,08/02/2020,Porto,Benfica,3.0,2.0,H,3.0,1.0,H,2.45,3.25,2.87,2.35,3.25,2.95,2019/20,€224.45m,€312.70m,17.0,9.0,4.0,3.0,12.0,19.0,4.0,4.0,4.0,6.0,0.0,0.0
P1,09/02/2020,Moreirense,Setubal,1.0,1.0,D,0.0,1.0,A,2.05,3.2,3.8,2.05,3.1,3.8,2019/20,€14.55m,€13.75m,19.0,8.0,6.0,1.0,16.0,21.0,8.0,4.0,2.0,4.0,0.0,0.0
P1,09/02/2020,Tondela,Maritimo,0.0,0.0,D,0.0,0.0,D,2.25,3.1,3.4,2.25,3.0,3.4,2019/20,€13.28m,€16.25m,10.0,10.0,1.0,5.0,23.0,28.0,3.0,4.0,1.0,3.0,0.0,0.0
P1,09/02/2020,Sp Lisbon,Portimonense,2.0,1.0,H,1.0,1.0,D,1.44,4.33,7.0,1.45,4.4,6.5,2019/20,€175.53m,€23.00m,20.0,10.0,4.0,3.0,9.0,18.0,3.0,2.0,1.0,1.0,0.0,0.0
P1,09/02/2020,AVS,Rio Ave,0.0,4.0,A,0.0,1.0,A,3.2,3.25,2.25,3.1,3.3,2.25,2019/20,€14.18m,€20.95m,7.0,12.0,2.0,6.0,15.0,17.0,5.0,10.0,5.0,1.0,1.0,0.0
P1,14/02/2020,Setubal,Gil Vicente,1.0,2.0,A,0.0,1.0,A,2.62,3.0,2.87,2.7,2.9,2.8,2019/20,€13.75m,€12.23m,7.0,7.0,2.0,3.0,18.0,17.0,5.0,3.0,1.0,3.0,0.0,0.0
P1,15/02/2020,Portimonense,Moreirense,1.0,1.0,D,1.0,1.0,D,2.0,3.3,3.75,2.1,3.25,3.5,2019/20,€23.00m,€14.55m,12.0,9.0,3.0,2.0,20.0,18.0,8.0,4.0,1.0,1.0,0.0,0.0
P1,15/02/2020,Santa Clara,Tondela,1.0,0.0,H,0.0,0.0,D,2.1,3.1,3.8,2.1,3.2,3.6,2019/20,€14.70m,€13.28m,16.0,6.0,3.0,1.0,17.0,14.0,8.0,4.0,1.0,2.0,0.0,0.0
P1,15/02/2020,Benfica,Sp Braga,0.0,1.0,A,0.0,1.0,A,1.61,3.8,5.5,1.6,4.0,5.0,2019/20,€312.70m,€102.90m,10.0,12.0,3.0,7.0,21.0,16.0,3.0,6.0,2.0,5.0,0.0,0.0
P1,15/02/2020,Rio Ave,Sp Lisbon,1.0,1.0,D,1.0,0.0,H,2.4,3.3,2.87,2.5,3.25,2.75,2019/20,€20.95m,€175.53m,15.0,7.0,6.0,2.0,16.0,14.0,9.0,1.0,3.0,3.0,0.0,1.0
P1,16/02/2020,Boavista,Belenenses,1.0,2.0,A,0.0,1.0,A,1.8,3.4,5.0,1.78,3.4,4.6,2019/20,€14.78m,€15.08m,19.0,11.0,4.0,4.0,16.0,13.0,9.0,6.0,1.0,2.0,0.0,1.0
P1,16/02/2020,Maritimo,Pacos Ferreira,3.0,0.0,H,1.0,0.0,H,2.3,3.1,3.2,2.2,3.0,3.5,2019/20,€16.25m,€14.35m,8.0,16.0,5.0,3.0,16.0,17.0,5.0,6.0,2.0,3.0,0.0,0.0
P1,16/02/2020,Guimaraes,Porto,1.0,2.0,A,0.0,1.0,A,3.8,3.4,1.95,4.0,3.5,1.87,2019/20,€65.15m,€224.45m,13.0,8.0,3.0,1.0,14.0,17.0,4.0,5.0,0.0,2.0,0.0,0.0
P1,16/02/2020,Famalicao,AVS,1.0,1.0,D,0.0,0.0,D,1.53,3.75,7.0,1.57,3.75,6.0,2019/20,€38.95m,€14.18m,17.0,12.0,7.0,4.0,20.0,10.0,10.0,5.0,6.0,1.0,1.0,0.0
P1,21/02/2020,AVS,Guimaraes,0.0,2.0,A,0.0,0.0,D,7.0,4.5,1.44,6.5,4.5,1.44,2019/20,€14.18m,€65.15m,8.0,9.0,2.0,4.0,18.0,21.0,6.0,5.0,2.0,1.0,0.0,0.0
P1,22/02/2020,Tondela,Rio Ave,1.0,2.0,A,0.0,0.0,D,4.0,3.3,1.95,4.0,3.25,1.95,2019/20,€13.28m,€20.95m,7.0,9.0,4.0,3.0,9.0,14.0,4.0,3.0,0.0,0.0,0.0,0.0
P1,22/02/2020,Belenenses,Maritimo,1.0,0.0,H,1.0,0.0,H,2.25,3.1,3.4,2.2,3.2,3.3,2019/20,€15.08m,€16.25m,9.0,18.0,3.0,1.0,18.0,15.0,0.0,2.0,4.0,4.0,0.0,0.0
P1,23/02/2020,Moreirense,Santa Clara,2.0,1.0,H,1.0,1.0,D,2.45,3.1,3.0,2.35,3.2,3.0,2019/20,€14.55m,€14.70m,9.0,11.0,4.0,4.0,18.0,20.0,1.0,2.0,1.0,3.0,0.0,1.0
P1,23/02/2020,Pacos Ferreira,Famalicao,2.0,1.0,H,0.0,0.0,D,3.1,3.1,2.4,2.85,3.1,2.5,2019/20,€14.35m,€38.95m,9.0,11.0,4.0,5.0,23.0,13.0,4.0,3.0,5.0,3.0,1.0,1.0
P1,23/02/2020,Sp Lisbon,Boavista,2.0,0.0,H,2.0,0.0,H,1.55,3.8,6.5,1.57,3.7,6.0,2019/20,€175.53m,€14.78m,7.0,9.0,4.0,4.0,10.0,18.0,6.0,5.0,2.0,2.0,0.0,0.0
P1,23/02/2020,Sp Braga,Setubal,3.0,1.0,H,0.0,0.0,D,1.3,5.0,10.0,1.3,5.0,9.75,2019/20,€102.90m,€13.75m,23.0,6.0,7.0,4.0,15.0,11.0,13.0,4.0,3.0,4.0,0.0,0.0
P1,23/02/2020,Porto,Portimonense,1.0,0.0,H,0.0,0.0,D,1.18,6.5,15.0,1.17,7.0,13.5,2019/20,€224.45m,€23.00m,24.0,6.0,4.0,0.0,13.0,18.0,8.0,3.0,2.0,5.0,0.0,0.0
P1,24/02/2020,Gil Vicente,Benfica,0.0,1.0,A,0.0,1.0,A,7.0,4.33,1.44,7.5,4.0,1.45,2019/20,€12.23m,€312.70m,16.0,10.0,7.0,4.0,20.0,17.0,9.0,6.0,1.0,1.0,0.0,0.0
P1,28/02/2020,Portimonense,Setubal,0.0,0.0,D,0.0,0.0,D,1.8,3.3,4.75,1.8,3.4,4.5,2019/20,€23.00m,€13.75m,15.0,12.0,5.0,4.0,15.0,11.0,9.0,3.0,3.0,2.0,0.0,0.0
P1,29/02/2020,Rio Ave,Belenenses,0.0,0.0,D,0.0,0.0,D,1.44,4.2,7.5,1.44,4.4,6.75,2019/20,€20.95m,€15.08m,10.0,5.0,2.0,0.0,13.0,19.0,12.0,1.0,3.0,5.0,0.0,0.0
P1,29/02/2020,Boavista,Gil Vicente,0.0,1.0,A,0.0,0.0,D,2.2,3.0,3.6,2.25,3.0,3.4,2019/20,€14.78m,€12.23m,15.0,9.0,2.0,4.0,19.0,18.0,4.0,2.0,2.0,2.0,0.0,0.0
P1,01/03/2020,AVS,Pacos Ferreira,1.0,3.0,A,1.0,1.0,D,2.7,3.0,2.8,2.45,3.25,2.8,2019/20,€14.18m,€14.35m,10.0,10.0,3.0,4.0,11.0,23.0,7.0,7.0,2.0,1.0,0.0,0.0
P1,01/03/2020,Maritimo,Sp Braga,1.0,2.0,A,0.0,1.0,A,5.0,3.75,1.66,4.75,3.9,1.65,2019/20,€16.25m,€102.90m,12.0,18.0,3.0,6.0,14.0,17.0,5.0,8.0,4.0,3.0,0.0,0.0
P1,01/03/2020,Guimaraes,Tondela,2.0,0.0,H,2.0,0.0,H,1.36,4.75,8.0,1.3,5.0,9.5,2019/20,€65.15m,€13.28m,12.0,9.0,5.0,2.0,19.0,16.0,7.0,4.0,1.0,2.0,0.0,0.0
P1,02/03/2020,Santa Clara,Porto,0.0,2.0,A,0.0,1.0,A,8.0,4.0,1.44,6.75,4.33,1.44,2019/20,€14.70m,€224.45m,11.0,7.0,1.0,2.0,17.0,15.0,2.0,3.0,2.0,3.0,0.0,0.0
P1,02/03/2020,Benfica,Moreirense,1.0,1.0,D,0.0,0.0,D,1.14,8.5,13.0,1.16,7.25,14.0,2019/20,€312.70m,€14.55m,26.0,7.0,9.0,1.0,13.0,15.0,10.0,0.0,1.0,3.0,0.0,0.0
P1,03/03/2020,Famalicao,Sp Lisbon,3.0,1.0,H,2.0,1.0,H,2.87,3.4,2.37,2.9,3.4,2.3,2019/20,€38.95m,€175.53m,13.0,13.0,3.0,3.0,18.0,18.0,6.0,6.0,3.0,3.0,0.0,0.0
P1,06/03/2020,Sp Braga,Portimonense,3.0,1.0,H,2.0,0.0,H,1.33,5.0,9.0,1.33,5.0,8.25,2019/20,€102.90m,€23.00m,19.0,13.0,9.0,5.0,17.0,20.0,3.0,7.0,0.0,3.0,0.0,0.0
P1,07/03/2020,Tondela,Boavista,1.0,1.0,D,1.0,1.0,D,2.55,3.0,3.0,2.5,3.1,2.9,2019/20,€13.28m,€14.78m,11.0,10.0,4.0,6.0,11.0,25.0,0.0,5.0,0.0,2.0,0.0,0.0
P1,07/03/2020,Setubal,Benfica,1.0,1.0,D,0.0,0.0,D,8.5,4.75,1.33,8.0,4.4,1.4,2019/20,€13.75m,€312.70m,3.0,15.0,2.0,6.0,13.0,12.0,1.0,8.0,4.0,3.0,0.0,0.0
P1,07/03/2020,Porto,Rio Ave,1.0,1.0,D,1.0,1.0,D,1.3,5.25,9.5,1.34,4.75,8.75,2019/20,€224.45m,€20.95m,23.0,6.0,5.0,3.0,11.0,9.0,9.0,3.0,1.0,4.0,0.0,0.0
P1,08/03/2020,Belenenses,Famalicao,0.0,0.0,D,0.0,0.0,D,2.87,3.3,2.4,2.65,3.5,2.45,2019/20,€15.08m,€38.95m,11.0,18.0,2.0,3.0,12.0,11.0,5.0,6.0,1.0,3.0,0.0,0.0
P1,08/03/2020,Moreirense,Maritimo,2.0,0.0,H,1.0,0.0,H,2.2,3.1,3.5,2.2,3.2,3.3,2019/20,€14.55m,€16.25m,15.0,13.0,4.0,3.0,12.0,16.0,8.0,3.0,0.0,4.0,0.0,0.0
P1,08/03/2020,Gil Vicente,Santa Clara,1.0,1.0,D,0.0,0.0,D,2.05,3.2,3.75,1.95,3.3,3.9,2019/20,€12.23m,€14.70m,9.0,4.0,3.0,2.0,21.0,15.0,6.0,5.0,1.0,0.0,0.0,0.0
P1,08/03/2020,Sp Lisbon,AVS,2.0,0.0,H,0.0,0.0,D,1.25,5.75,11.0,1.26,5.75,10.0,2019/20,€175.53m,€14.18m,22.0,3.0,5.0,3.0,16.0,7.0,14.0,0.0,1.0,2.0,0.0,2.0
P1,08/03/2020,Pacos Ferreira,Guimaraes,1.0,2.0,A,1.0,0.0,H,5.0,3.8,1.65,5.0,3.75,1.65,2019/20,€14.35m,€65.15m,12.0,13.0,5.0,4.0,15.0,13.0,5.0,5.0,2.0,2.0,0.0,0.0
P1,03/06/2020,Portimonense,Gil Vicente,1.0,0.0,H,0.0,0.0,D,2.45,3.3,2.8,2.6,3.1,2.9,2019/20,€23.00m,€12.23m,6.0,6.0,2.0,2.0,20.0,15.0,5.0,5.0,0.0,2.0,0.0,0.0
P1,03/06/2020,Famalicao,Porto,2.0,1.0,H,0.0,0.0,D,7.0,4.75,1.4,7.0,4.6,1.45,2019/20,€38.95m,€224.45m,7.0,16.0,2.0,6.0,20.0,15.0,1.0,7.0,4.0,1.0,0.0,0.0
P1,04/06/2020,Maritimo,Setubal,1.0,1.0,D,1.0,0.0,H,2.15,3.1,3.6,2.15,3.2,3.4,2019/20,€16.25m,€13.75m,20.0,12.0,4.0,3.0,22.0,22.0,10.0,1.0,3.0,1.0,0.0,0.0
P1,04/06/2020,Benfica,Tondela,0.0,0.0,D,0.0,0.0,D,1.16,7.0,15.0,1.17,6.75,15.0,2019/20,€312.70m,€13.28m,26.0,4.0,5.0,0.0,11.0,12.0,14.0,0.0,1.0,0.0,0.0,0.0
P1,04/06/2020,Guimaraes,Sp Lisbon,2.0,2.0,D,1.0,1.0,D,2.37,3.6,2.75,2.4,3.3,2.85,2019/20,€65.15m,€175.53m,13.0,17.0,3.0,5.0,23.0,21.0,7.0,3.0,4.0,2.0,1.0,0.0
P1,05/06/2020,Santa Clara,Sp Braga,3.0,2.0,H,1.0,1.0,D,5.5,4.0,1.57,5.75,3.9,1.57,2019/20,€14.70m,€102.90m,15.0,11.0,7.0,2.0,16.0,17.0,2.0,4.0,5.0,2.0,0.0,1.0
P1,05/06/2020,AVS,Belenenses,0.0,2.0,A,0.0,2.0,A,2.8,3.3,2.45,2.9,3.25,2.4,2019/20,€14.18m,€15.08m,10.0,11.0,2.0,4.0,17.0,15.0,5.0,4.0,5.0,2.0,0.0,0.0
P1,06/06/2020,Boavista,Moreirense,0.0,1.0,A,0.0,0.0,D,2.4,3.1,3.1,2.5,3.1,2.9,2019/20,€14.78m,€14.55m,26.0,5.0,9.0,3.0,21.0,24.0,7.0,2.0,4.0,6.0,1.0,0.0
P1,07/06/2020,Rio Ave,Pacos Ferreira,2.0,3.0,A,1.0,2.0,A,1.6,4.0,5.75,1.6,3.8,5.5,2019/20,€20.95m,€14.35m,23.0,9.0,8.0,6.0,13.0,20.0,8.0,7.0,4.0,5.0,1.0,1.0
P1,09/06/2020,Gil Vicente,Famalicao,1.0,3.0,A,0.0,2.0,A,2.8,3.2,2.55,2.8,3.2,2.6,2019/20,€12.23m,€38.95m,6.0,7.0,2.0,3.0,18.0,19.0,4.0,3.0,2.0,3.0,0.0,0.0
P1,10/06/2020,Setubal,Santa Clara,2.0,2.0,D,1.0,1.0,D,2.9,3.0,2.6,2.95,3.0,2.65,2019/20,€13.75m,€14.70m,6.0,8.0,4.0,3.0,21.0,14.0,4.0,3.0,6.0,1.0,0.0,0.0
P1,10/06/2020,Portimonense,Benfica,2.0,2.0,D,0.0,2.0,A,9.0,4.5,1.36,8.25,4.4,1.42,2019/20,€23.00m,€312.70m,10.0,11.0,4.0,4.0,18.0,17.0,5.0,3.0,5.0,3.0,0.0,0.0
P1,10/06/2020,Porto,Maritimo,1.0,0.0,H,1.0,0.0,H,1.16,7.0,15.0,1.15,7.75,19.0,2019/20,€224.45m,€16.25m,15.0,10.0,8.0,1.0,15.0,13.0,8.0,1.0,4.0,3.0,0.0,0.0
P1,11/06/2020,Belenenses,Guimaraes,1.0,1.0,D,1.0,1.0,D,4.75,3.75,1.7,5.0,3.7,1.72,2019/20,€15.08m,€65.15m,7.0,17.0,2.0,6.0,16.0,14.0,1.0,13.0,2.0,1.0,0.0,0.0
P1,11/06/2020,Tondela,AVS,2.0,0.0,H,1.0,0.0,H,1.75,3.6,4.5,1.83,3.6,4.5,2019/20,€13.28m,€14.18m,6.0,12.0,4.0,1.0,21.0,17.0,5.0,7.0,3.0,2.0,0.0,1.0
P1,12/06/2020,Moreirense,Rio Ave,0.0,1.0,A,0.0,1.0,A,2.9,3.4,2.35,2.9,3.3,2.35,2019/20,€14.55m,€20.95m,7.0,14.0,1.0,2.0,14.0,17.0,9.0,6.0,0.0,0.0,0.0,0.0
P1,12/06/2020,Sp Lisbon,Pacos Ferreira,1.0,0.0,H,0.0,0.0,D,1.33,5.0,9.0,1.33,5.0,8.25,2019/20,€175.53m,€14.35m,6.0,11.0,2.0,5.0,24.0,18.0,5.0,4.0,2.0,2.0,0.0,0.0
P1,13/06/2020,Sp Braga,Boavista,0.0,1.0,A,0.0,0.0,D,1.4,4.2,8.5,1.4,4.2,8.25,2019/20,€102.90m,€14.78m,9.0,7.0,3.0,3.0,22.0,16.0,9.0,6.0,2.0,3.0,0.0,0.0
P1,15/06/2020,Maritimo,Gil Vicente,2.0,1.0,H,2.0,1.0,H,2.5,2.9,3.1,2.5,3.0,3.2,2019/20,€16.25m,€12.23m,15.0,6.0,9.0,2.0,17.0,13.0,4.0,4.0,2.0,0.0,0.0,0.0
P1,16/06/2020,Santa Clara,Portimonense,1.0,1.0,D,0.0,0.0,D,2.4,3.1,3.1,2.35,3.1,3.1,2019/20,€14.70m,€23.00m,9.0,8.0,5.0,2.0,17.0,14.0,13.0,7.0,2.0,4.0,1.0,0.0
P1,16/06/2020,AVS,Porto,0.0,0.0,D,0.0,0.0,D,15.0,7.0,1.18,14.5,6.25,1.19,2019/20,€14.18m,€224.45m,5.0,24.0,0.0,8.0,21.0,20.0,1.0,12.0,6.0,3.0,0.0,0.0
P1,17/06/2020,Pacos Ferreira,Belenenses,2.0,1.0,H,0.0,1.0,A,2.2,3.2,3.4,2.2,3.2,3.4,2019/20,€14.35m,€15.08m,16.0,4.0,3.0,1.0,24.0,15.0,4.0,5.0,5.0,3.0,0.0,0.0
P1,17/06/2020,Rio Ave,Benfica,1.0,2.0,A,1.0,0.0,H,5.5,4.0,1.57,5.75,3.7,1.6,2019/20,€20.95m,€312.70m,5.0,16.0,1.0,4.0,16.0,21.0,4.0,10.0,3.0,2.0,3.0,0.0
P1,18/06/2020,Boavista,Setubal,3.0,1.0,H,2.0,0.0,H,2.05,3.2,4.0,2.05,3.1,3.8,2019/20,€14.78m,€13.75m,9.0,15.0,6.0,6.0,17.0,18.0,3.0,11.0,4.0,2.0,0.0,0.0
P1,18/06/2020,Sp Lisbon,Tondela,2.0,0.0,H,2.0,0.0,H,1.4,4.5,8.5,1.4,4.4,8.0,2019/20,€175.53m,€13.28m,8.0,7.0,2.0,3.0,16.0,20.0,4.0,6.0,0.0,3.0,0.0,0.0
P1,19/06/2020,Guimaraes,Moreirense,1.0,1.0,D,1.0,0.0,H,1.53,4.0,6.5,1.5,4.0,6.5,2019/20,€65.15m,€14.55m,13.0,11.0,4.0,4.0,15.0,11.0,6.0,5.0,3.0,0.0,1.0,0.0
P1,19/06/2020,Famalicao,Sp Braga,0.0,0.0,D,0.0,0.0,D,3.75,3.3,2.0,3.5,3.5,2.0,2019/20,€38.95m,€102.90m,7.0,14.0,2.0,0.0,19.0,12.0,3.0,5.0,3.0,1.0,1.0,0.0
P1,21/06/2020,Gil Vicente,AVS,3.0,0.0,H,2.0,0.0,H,1.57,3.6,6.5,1.57,3.75,6.0,2019/20,€12.23m,€14.18m,17.0,10.0,9.0,1.0,23.0,18.0,9.0,2.0,1.0,3.0,0.0,0.0
P1,22/06/2020,Portimonense,Maritimo,3.0,2.0,H,2.0,0.0,H,2.1,3.2,3.6,2.1,3.2,3.6,2019/20,€23.00m,€16.25m,11.0,11.0,5.0,5.0,25.0,13.0,3.0,6.0,5.0,1.0,0.0,0.0
P1,23/06/2020,Setubal,Rio Ave,1.0,2.0,A,1.0,1.0,D,4.2,3.3,1.9,4.4,3.25,1.95,2019/20,€13.75m,€20.95m,8.0,17.0,3.0,7.0,14.0,10.0,4.0,6.0,2.0,0.0,1.0,0.0
P1,23/06/2020,Benfica,Santa Clara,3.0,4.0,A,0.0,1.0,A,1.28,5.0,12.0,1.28,5.75,11.0,2019/20,€312.70m,€14.70m,15.0,8.0,8.0,6.0,15.0,13.0,4.0,7.0,2.0,1.0,0.0,0.0
P1,23/06/2020,Porto,Boavista,4.0,0.0,H,0.0,0.0,D,1.28,5.25,10.0,1.28,5.75,11.0,2019/20,€224.45m,€14.78m,12.0,6.0,7.0,2.0,17.0,19.0,6.0,3.0,2.0,3.0,0.0,0.0
P1,24/06/2020,Tondela,Pacos Ferreira,1.0,3.0,A,0.0,2.0,A,2.5,3.1,3.0,2.6,3.0,3.0,2019/20,€13.28m,€14.35m,12.0,14.0,4.0,5.0,20.0,22.0,10.0,4.0,3.0,4.0,0.0,0.0
P1,24/06/2020,Moreirense,Famalicao,1.0,1.0,D,0.0,0.0,D,2.8,3.4,2.4,2.9,3.5,2.4,2019/20,€14.55m,€38.95m,11.0,16.0,4.0,6.0,17.0,21.0,5.0,5.0,3.0,3.0,0.0,0.0
P1,25/06/2020,Sp Braga,Guimaraes,3.0,2.0,H,2.0,2.0,D,1.95,3.6,3.6,2.05,3.5,3.6,2019/20,€102.90m,€65.15m,14.0,15.0,3.0,4.0,11.0,12.0,0.0,10.0,2.0,2.0,0.0,0.0
P1,26/06/2020,Belenenses,Sp Lisbon,1.0,3.0,A,1.0,3.0,A,5.5,3.75,1.61,5.5,3.75,1.65,2019/20,€15.08m,€175.53m,11.0,10.0,3.0,7.0,25.0,10.0,8.0,7.0,4.0,1.0,0.0,0.0
P1,28/06/2020,Boavista,Santa Clara,1.0,0.0,H,1.0,0.0,H,2.5,3.0,3.0,2.5,2.85,3.1,2019/20,€14.78m,€14.70m,12.0,10.0,2.0,4.0,17.0,25.0,4.0,4.0,3.0,2.0,0.0,0.0
P1,29/06/2020,AVS,Moreirense,0.0,1.0,A,0.0,0.0,D,4.33,3.4,1.85,4.4,3.3,1.85,2019/20,€14.18m,€14.55m,14.0,7.0,3.0,2.0,20.0,26.0,8.0,3.0,2.0,1.0,0.0,0.0
P1,29/06/2020,Maritimo,Benfica,2.0,0.0,H,0.0,0.0,D,7.0,4.33,1.44,7.0,4.0,1.48,2019/20,€16.25m,€312.70m,6.0,20.0,2.0,7.0,18.0,19.0,1.0,11.0,3.0,1.0,0.0,0.0
P1,29/06/2020,Pacos Ferreira,Porto,0.0,1.0,A,0.0,1.0,A,9.0,4.1,1.4,8.5,4.2,1.4,2019/20,€14.35m,€224.45m,11.0,5.0,3.0,3.0,19.0,18.0,5.0,4.0,3.0,3.0,0.0,0.0
P1,30/06/2020,Famalicao,Portimonense,0.0,1.0,A,0.0,1.0,A,2.05,3.5,3.4,2.1,3.5,3.5,2019/20,€38.95m,€23.00m,13.0,12.0,5.0,4.0,12.0,25.0,3.0,5.0,4.0,2.0,0.0,0.0
P1,30/06/2020,Guimaraes,Setubal,2.0,0.0,H,1.0,0.0,H,1.4,4.33,8.0,1.4,4.75,8.25,2019/20,€65.15m,€13.75m,18.0,5.0,5.0,1.0,10.0,9.0,8.0,6.0,0.0,1.0,0.0,3.0
P1,30/06/2020,Rio Ave,Sp Braga,4.0,3.0,H,3.0,2.0,H,3.1,3.3,2.25,3.2,3.25,2.3,2019/20,€20.95m,€102.90m,13.0,11.0,8.0,6.0,16.0,23.0,1.0,4.0,2.0,2.0,0.0,1.0
P1,01/07/2020,Belenenses,Tondela,1.0,1.0,D,1.0,1.0,D,2.55,3.1,2.9,2.65,3.1,2.7,2019/20,€15.08m,€13.28m,11.0,11.0,3.0,4.0,19.0,15.0,2.0,5.0,3.0,5.0,0.0,1.0
P1,01/07/2020,Sp Lisbon,Gil Vicente,2.0,1.0,H,1.0,0.0,H,1.5,3.8,7.5,1.53,4.1,6.5,2019/20,€175.53m,€12.23m,12.0,8.0,4.0,3.0,23.0,14.0,4.0,3.0,0.0,2.0,0.0,0.0
P1,03/07/2020,Santa Clara,Maritimo,0.0,1.0,A,0.0,0.0,D,2.3,3.1,3.25,2.3,2.95,3.4,2019/20,€14.70m,€16.25m,13.0,13.0,4.0,7.0,17.0,24.0,5.0,6.0,2.0,2.0,0.0,0.0
P1,04/07/2020,Setubal,Pacos Ferreira,2.0,3.0,A,2.0,0.0,H,3.75,3.1,2.1,3.9,2.95,2.1,2019/20,€13.75m,€14.35m,7.0,21.0,3.0,8.0,10.0,16.0,3.0,7.0,1.0,2.0,0.0,0.0
P1,04/07/2020,Portimonense,Guimaraes,0.0,1.0,A,0.0,0.0,D,3.6,3.2,2.1,3.5,3.2,2.1,2019/20,€23.00m,€65.15m,13.0,9.0,3.0,3.0,21.0,13.0,5.0,3.0,1.0,1.0,0.0,0.0
P1,04/07/2020,Benfica,Boavista,3.0,1.0,H,3.0,0.0,H,1.28,5.0,11.0,1.3,5.25,10.5,2019/20,€312.70m,€14.78m,15.0,6.0,9.0,3.0,13.0,15.0,8.0,2.0,1.0,2.0,0.0,0.0
P1,04/07/2020,Sp Braga,AVS,4.0,0.0,H,0.0,0.0,D,1.16,7.5,13.0,1.18,7.0,12.5,2019/20,€102.90m,€14.18m,14.0,6.0,9.0,1.0,13.0,13.0,6.0,3.0,1.0,1.0,0.0,0.0
P1,05/07/2020,Gil Vicente,Rio Ave,1.0,0.0,H,1.0,0.0,H,4.0,3.2,2.0,3.8,3.1,2.05,2019/20,€12.23m,€20.95m,13.0,5.0,4.0,1.0,0.0,0.0,0.0,0.0,0.0,0.0,0.0,0.0
P1,05/07/2020,Tondela,Famalicao,0.0,1.0,A,0.0,0.0,D,3.6,3.1,2.15,3.5,3.1,2.15,2019/20,€13.28m,€38.95m,11.0,10.0,2.0,3.0,6.0,16.0,8.0,6.0,3.0,5.0,0.0,1.0
P1,05/07/2020,Porto,Belenenses,5.0,0.0,H,1.0,0.0,H,1.22,6.5,11.0,1.2,6.5,12.5,2019/20,€224.45m,€15.08m,17.0,10.0,7.0,1.0,18.0,14.0,3.0,5.0,2.0,3.0,0.0,0.0
P1,06/07/2020,Moreirense,Sp Lisbon,0.0,0.0,D,0.0,0.0,D,4.33,3.5,1.83,4.25,3.5,1.83,2019/20,€14.55m,€175.53m,9.0,14.0,0.0,2.0,16.0,19.0,5.0,9.0,3.0,4.0,1.0,0.0
P1,08/07/2020,Boavista,Maritimo,0.0,1.0,A,0.0,1.0,A,2.6,3.0,2.87,2.5,3.25,2.75,2019/20,€14.78m,€16.25m,11.0,11.0,1.0,6.0,22.0,17.0,2.0,4.0,3.0,1.0,2.0,0.0
P1,08/07/2020,AVS,Setubal,1.0,0.0,H,1.0,0.0,H,4.0,3.4,1.9,4.0,3.4,1.91,2019/20,€14.18m,€13.75m,7.0,14.0,4.0,3.0,20.0,17.0,5.0,4.0,5.0,4.0,1.0,1.0
P1,09/07/2020,Rio Ave,Portimonense,2.0,1.0,H,1.0,1.0,D,1.85,3.5,4.2,1.85,3.4,4.2,2019/20,€20.95m,€23.00m,7.0,8.0,2.0,2.0,12.0,21.0,8.0,7.0,1.0,2.0,0.0,0.0
P1,09/07/2020,Tondela,Porto,1.0,3.0,A,0.0,0.0,D,10.0,4.33,1.36,9.25,4.75,1.36,2019/20,€13.28m,€224.45m,9.0,13.0,2.0,4.0,15.0,17.0,3.0,3.0,3.0,4.0,0.0,0.0
P1,09/07/2020,Famalicao,Benfica,1.0,1.0,D,0.0,1.0,A,5.5,3.75,1.61,5.75,3.8,1.62,2019/20,€38.95m,€312.70m,12.0,20.0,6.0,9.0,12.0,16.0,4.0,8.0,2.0,3.0,0.0,0.0
P1,10/07/2020,Guimaraes,Gil Vicente,1.0,2.0,A,0.0,0.0,D,1.61,3.6,6.0,1.62,3.7,5.5,2019/20,€65.15m,€12.23m,12.0,10.0,1.0,4.0,16.0,13.0,3.0,1.0,2.0,0.0,0.0,0.0
P1,10/07/2020,Sp Lisbon,Santa Clara,1.0,0.0,H,0.0,0.0,D,1.61,3.6,5.75,1.67,3.5,5.5,2019/20,€175.53m,€14.70m,12.0,4.0,1.0,0.0,12.0,15.0,8.0,3.0,4.0,2.0,0.0,0.0
P1,10/07/2020,Pacos Ferreira,Sp Braga,1.0,5.0,A,0.0,3.0,A,4.0,3.6,1.85,4.0,3.6,1.85,2019/20,€14.35m,€102.90m,7.0,8.0,3.0,8.0,16.0,12.0,3.0,1.0,5.0,3.0,0.0,0.0
P1,11/07/2020,Belenenses,Moreirense,0.0,1.0,A,0.0,0.0,D,2.37,3.1,3.1,2.5,3.2,2.8,2019/20,€15.08m,€14.55m,10.0,16.0,0.0,7.0,20.0,21.0,11.0,4.0,4.0,2.0,0.0,0.0
P1,13/07/2020,Maritimo,Rio Ave,0.0,0.0,D,0.0,0.0,D,3.8,3.2,2.05,3.75,3.25,2.0,2019/20,€16.25m,€20.95m,16.0,9.0,3.0,2.0,19.0,20.0,4.0,5.0,0.0,2.0,0.0,0.0
P1,13/07/2020,Setubal,Famalicao,1.0,2.0,A,1.0,1.0,D,3.3,3.3,2.2,3.2,3.3,2.2,2019/20,€13.75m,€38.95m,8.0,11.0,1.0,3.0,15.0,14.0,5.0,8.0,4.0,4.0,0.0,0.0
P1,14/07/2020,Santa Clara,AVS,3.0,0.0,H,2.0,0.0,H,1.66,3.8,4.5,1.67,3.9,4.6,2019/20,€14.70m,€14.18m,12.0,9.0,4.0,3.0,13.0,19.0,4.0,11.0,0.0,1.0,0.0,0.0
P1,14/07/2020,Portimonense,Boavista,2.0,1.0,H,2.0,0.0,H,1.61,3.9,5.25,1.62,3.75,5.5,2019/20,€23.00m,€14.78m,15.0,16.0,6.0,5.0,18.0,22.0,9.0,3.0,1.0,5.0,0.0,1.0
P1,14/07/2020,Benfica,Guimaraes,2.0,0.0,H,1.0,0.0,H,1.61,4.0,5.0,1.57,3.8,5.75,2019/20,€312.70m,€65.15m,12.0,12.0,5.0,3.0,23.0,12.0,4.0,6.0,2.0,0.0,0.0,0.0
P1,14/07/2020,Gil Vicente,Tondela,3.0,2.0,H,1.0,0.0,H,2.5,3.1,2.9,2.3,3.2,3.1,2019/20,€12.23m,€13.28m,11.0,15.0,6.0,7.0,13.0,19.0,8.0,10.0,2.0,4.0,0.0,0.0
P1,15/07/2020,Moreirense,Pacos Ferreira,1.0,1.0,D,1.0,0.0,H,2.37,3.2,2.8,2.7,2.95,2.8,2019/20,€14.55m,€14.35m,12.0,6.0,3.0,2.0,16.0,13.0,4.0,4.0,2.0,5.0,0.0,0.0
P1,15/07/2020,Sp Braga,Belenenses,1.0,1.0,D,1.0,0.0,H,1.25,5.5,9.0,1.28,6.0,8.5,2019/20,€102.90m,€15.08m,32.0,7.0,7.0,1.0,17.0,17.0,11.0,1.0,2.0,2.0,0.0,0.0
P1,15/07/2020,Porto,Sp Lisbon,2.0,0.0,H,0.0,0.0,D,1.7,3.6,5.0,1.7,3.8,4.6,2019/20,€224.45m,€175.53m,8.0,8.0,4.0,2.0,16.0,20.0,5.0,8.0,4.0,2.0,0.0,0.0
P1,18/07/2020,Rio Ave,Santa Clara,2.0,2.0,D,1.0,1.0,D,1.53,4.0,6.0,1.53,4.0,6.0,2019/20,€20.95m,€14.70m,18.0,11.0,6.0,7.0,23.0,15.0,9.0,4.0,3.0,2.0,0.0,0.0
P1,18/07/2020,Famalicao,Boavista,2.0,2.0,D,2.0,0.0,H,1.53,4.0,6.0,1.53,4.0,6.0,2019/20,€38.95m,€14.78m,13.0,13.0,6.0,5.0,13.0,20.0,7.0,3.0,2.0,3.0,0.0,0.0
P1,19/07/2020,Belenenses,Gil Vicente,1.0,0.0,H,0.0,0.0,D,2.37,3.1,3.1,2.35,3.1,3.1,2019/20,€15.08m,€12.23m,7.0,8.0,2.0,3.0,18.0,23.0,3.0,3.0,4.0,4.0,0.0,0.0
P1,19/07/2020,Guimaraes,Maritimo,1.0,0.0,H,1.0,0.0,H,1.61,4.0,5.0,1.62,4.0,5.0,2019/20,€65.15m,€16.25m,10.0,7.0,4.0,2.0,24.0,14.0,3.0,1.0,2.0,4.0,0.0,0.0
P1,20/07/2020,Pacos Ferreira,Portimonense,2.0,1.0,H,2.0,1.0,H,2.8,3.1,2.62,2.75,3.25,2.5,2019/20,€14.35m,€23.00m,10.0,9.0,2.0,3.0,14.0,22.0,0.0,5.0,2.0,3.0,0.0,0.0
P1,20/07/2020,Tondela,Sp Braga,1.0,0.0,H,0.0,0.0,D,5.5,4.0,1.57,5.5,4.2,1.55,2019/20,€13.28m,€102.90m,8.0,7.0,2.0,1.0,22.0,18.0,4.0,5.0,5.0,0.0,1.0,0.0
P1,20/07/2020,Porto,Moreirense,6.0,1.0,H,1.0,1.0,D,1.36,4.75,8.0,1.33,5.0,8.75,2019/20,€224.45m,€14.55m,14.0,8.0,9.0,4.0,13.0,10.0,2.0,3.0,1.0,1.0,0.0,0.0
P1,21/07/2020,Sp Lisbon,Setubal,0.0,0.0,D,0.0,0.0,D,1.4,4.5,7.5,1.4,4.5,7.5,2019/20,€175.53m,€13.75m,13.0,3.0,3.0,1.0,15.0,18.0,6.0,0.0,1.0,3.0,0.0,0.0
P1,21/07/2020,AVS,Benfica,0.0,4.0,A,0.0,1.0,A,9.0,6.5,1.25,11.0,6.25,1.22,2019/20,€14.18m,€312.70m,8.0,21.0,2.0,11.0,12.0,22.0,1.0,6.0,1.0,0.0,0.0,0.0
P1,24/07/2020,Santa Clara,Guimaraes,2.0,2.0,D,2.0,1.0,H,3.3,3.4,2.15,3.3,3.3,2.15,2019/20,€14.70m,€65.15m,7.0,10.0,3.0,4.0,21.0,12.0,3.0,9.0,4.0,3.0,1.0,0.0
P1,24/07/2020,Gil Vicente,Pacos Ferreira,3.0,3.0,D,2.0,2.0,D,2.45,3.25,2.87,2.35,3.3,2.95,2019/20,€12.23m,€14.35m,13.0,13.0,5.0,7.0,22.0,20.0,7.0,5.0,3.0,2.0,0.0,0.0
P1,25/07/2020,Boavista,Rio Ave,0.0,2.0,A,0.0,1.0,A,5.0,3.6,1.7,4.75,3.7,1.7,2019/20,€14.78m,€20.95m,10.0,7.0,2.0,4.0,18.0,18.0,6.0,5.0,3.0,2.0,0.0,0.0
P1,25/07/2020,Maritimo,Famalicao,3.0,3.0,D,1.0,1.0,D,3.8,3.6,1.9,3.8,3.4,1.95,2019/20,€16.25m,€38.95m,8.0,17.0,5.0,5.0,19.0,17.0,1.0,10.0,5.0,3.0,2.0,2.0
P1,25/07/2020,Benfica,Sp Lisbon,2.0,1.0,H,1.0,0.0,H,1.9,3.4,4.1,1.9,3.4,4.0,2019/20,€312.70m,€175.53m,17.0,12.0,4.0,5.0,21.0,14.0,8.0,3.0,4.0,3.0,0.0,0.0
P1,25/07/2020,Sp Braga,Porto,2.0,1.0,H,0.0,1.0,A,2.75,3.75,2.3,2.75,3.7,2.3,2019/20,€102.90m,€224.45m,11.0,10.0,5.0,5.0,16.0,13.0,8.0,3.0,6.0,3.0,0.0,0.0
P1,26/07/2020,Moreirense,Tondela,1.0,2.0,A,0.0,1.0,A,3.25,2.7,2.6,3.2,2.55,2.75,2019/20,€14.55m,€13.28m,10.0,14.0,5.0,6.0,19.0,18.0,5.0,4.0,3.0,2.0,0.0,0.0
P1,26/07/2020,Portimonense,AVS,2.0,0.0,H,0.0,0.0,D,1.14,6.5,23.0,1.15,6.75,20.0,2019/20,€23.00m,€14.18m,13.0,10.0,5.0,3.0,19.0,20.0,6.0,4.0,2.0,3.0,0.0,0.0
P1,26/07/2020,Setubal,Belenenses,2.0,0.0,H,1.0,0.0,H,1.66,3.6,5.25,1.62,3.8,5.25,2019/20,€13.75m,€15.08m,11.0,8.0,4.0,2.0,15.0,9.0,2.0,4.0,3.0,1.0,0.0,0.0
P1,18/09/2020,Famalicao,Benfica,1.0,5.0,A,0.0,3.0,A,7.5,5.0,1.36,7.5,5.0,1.4,2020/21,€64.93m,€377.35m,6.0,13.0,2.0,7.0,14.0,10.0,3.0,4.0,1.0,2.0,0.0,0.0
P1,18/09/2020,Guimaraes,Belenenses,0.0,1.0,A,0.0,0.0,D,1.45,4.33,7.0,1.44,4.2,7.25,2020/21,€54.50m,€19.23m,11.0,4.0,2.0,3.0,14.0,20.0,7.0,2.0,1.0,4.0,0.0,0.0
P1,19/09/2020,Nacional,Boavista,3.0,3.0,D,2.0,2.0,D,2.55,3.1,2.87,2.55,3.1,2.85,2020/21,€12.95m,€35.15m,14.0,8.0,7.0,3.0,24.0,21.0,6.0,4.0,4.0,3.0,0.0,0.0
P1,19/09/2020,Porto,Sp Braga,3.0,1.0,H,2.0,1.0,H,1.61,4.0,5.0,1.62,4.0,5.5,2020/21,€327.60m,€142.95m,11.0,7.0,4.0,1.0,17.0,18.0,5.0,1.0,0.0,0.0,0.0,0.0
P1,20/09/2020,Santa Clara,Maritimo,2.0,0.0,H,0.0,0.0,D,2.1,3.2,3.6,2.2,3.1,3.4,2020/21,€22.80m,€23.45m,12.0,12.0,5.0,2.0,15.0,17.0,5.0,6.0,2.0,1.0,0.0,0.0
P1,20/09/2020,Moreirense,Farense,2.0,0.0,H,1.0,0.0,H,2.2,3.3,3.3,2.15,3.2,3.4,2020/21,€22.08m,€21.20m,13.0,10.0,5.0,2.0,17.0,13.0,4.0,6.0,2.0,4.0,0.0,1.0
P1,20/09/2020,Tondela,Rio Ave,1.0,1.0,D,1.0,0.0,H,3.75,3.3,2.0,3.5,3.2,2.1,2020/21,€13.60m,€32.88m,7.0,14.0,2.0,4.0,15.0,11.0,1.0,6.0,1.0,0.0,0.0,0.0
P1,21/09/2020,Portimonense,Pacos Ferreira,1.0,1.0,D,0.0,1.0,A,2.15,3.2,3.5,2.2,3.2,3.3,2020/21,€24.95m,€27.40m,12.0,16.0,3.0,5.0,23.0,16.0,4.0,9.0,1.0,1.0,0.0,0.0
P1,25/09/2020,Sp Braga,Santa Clara,0.0,1.0,A,0.0,1.0,A,1.4,4.5,8.0,1.4,4.5,7.5,2020/21,€142.95m,€22.80m,22.0,6.0,4.0,1.0,13.0,17.0,8.0,0.0,2.0,4.0,0.0,0.0
P1,26/09/2020,Maritimo,Tondela,2.0,1.0,H,2.0,1.0,H,2.2,3.0,3.6,2.2,3.2,3.3,2020/21,€23.45m,€13.60m,8.0,21.0,6.0,6.0,19.0,16.0,0.0,8.0,4.0,2.0,1.0,0.0
P1,26/09/2020,Benfica,Moreirense,2.0,0.0,H,1.0,0.0,H,1.14,7.5,17.0,1.13,8.5,21.0,2020/21,€377.35m,€22.08m,29.0,5.0,10.0,1.0,11.0,15.0,10.0,1.0,2.0,0.0,0.0,0.0
P1,26/09/2020,Boavista,Porto,0.0,5.0,A,0.0,0.0,D,7.5,4.33,1.4,7.25,4.6,1.44,2020/21,€35.15m,€327.60m,11.0,15.0,4.0,6.0,19.0,19.0,3.0,2.0,1.0,0.0,0.0,0.0
P1,27/09/2020,Farense,Nacional,0.0,1.0,A,0.0,0.0,D,2.05,3.3,3.6,2.1,3.2,3.6,2020/21,€21.20m,€12.95m,18.0,9.0,4.0,4.0,11.0,15.0,11.0,5.0,1.0,4.0,0.0,0.0
P1,27/09/2020,Gil Vicente,Portimonense,1.0,0.0,H,0.0,0.0,D,2.7,3.0,2.75,2.7,2.95,2.75,2020/21,€16.80m,€24.95m,9.0,13.0,3.0,2.0,14.0,12.0,10.0,7.0,2.0,3.0,0.0,0.0
P1,27/09/2020,Pacos Ferreira,Sp Lisbon,0.0,2.0,A,0.0,1.0,A,3.6,3.2,2.1,3.8,3.1,2.15,2020/21,€27.40m,€257.28m,9.0,11.0,0.0,5.0,18.0,12.0,4.0,8.0,0.0,0.0,0.0,0.0
P1,27/09/2020,Rio Ave,Guimaraes,0.0,0.0,D,0.0,0.0,D,2.87,3.1,2.55,2.75,3.0,2.65,2020/21,€32.88m,€54.50m,7.0,10.0,3.0,3.0,13.0,16.0,4.0,4.0,2.0,3.0,0.0,0.0
P1,28/09/2020,Belenenses,Famalicao,1.0,2.0,A,1.0,0.0,H,2.4,3.2,3.0,2.6,3.0,2.85,2020/21,€19.23m,€64.93m,10.0,6.0,5.0,2.0,17.0,24.0,5.0,2.0,3.0,5.0,0.0,0.0
P1,02/10/2020,Moreirense,Boavista,1.0,1.0,D,0.0,1.0,A,2.45,3.0,3.1,2.35,3.0,3.2,2020/21,€22.08m,€35.15m,14.0,16.0,6.0,5.0,10.0,19.0,5.0,3.0,1.0,1.0,0.0,0.0
P1,02/10/2020,Guimaraes,Pacos Ferreira,1.0,0.0,H,0.0,0.0,D,1.7,3.6,5.0,1.7,3.5,5.0,2020/21,€54.50m,€27.40m,8.0,16.0,1.0,7.0,11.0,28.0,2.0,7.0,4.0,2.0,0.0,0.0
P1,03/10/2020,Santa Clara,Gil Vicente,0.0,0.0,D,0.0,0.0,D,2.2,3.0,3.6,2.25,3.0,3.4,2020/21,€22.80m,€16.80m,12.0,8.0,3.0,1.0,14.0,18.0,8.0,3.0,1.0,3.0,0.0,0.0
P1,03/10/2020,Porto,Maritimo,2.0,3.0,A,1.0,1.0,D,1.16,7.0,15.0,1.16,8.0,16.5,2020/21,€327.60m,€23.45m,32.0,11.0,10.0,4.0,19.0,16.0,9.0,0.0,2.0,4.0,0.0,0.0
P1,03/10/2020,Tondela,Sp Braga,0.0,4.0,A,0.0,4.0,A,6.0,4.2,1.55,5.75,4.0,1.55,2020/21,€13.60m,€142.95m,13.0,18.0,4.0,8.0,13.0,15.0,5.0,8.0,1.0,0.0,0.0,0.0
P1,04/10/2020,Nacional,Belenenses,0.0,0.0,D,0.0,0.0,D,2.2,3.1,3.5,2.3,3.1,3.2,2020/21,€12.95m,€19.23m,18.0,7.0,4.0,2.0,9.0,15.0,7.0,2.0,1.0,2.0,0.0,0.0
P1,04/10/2020,Benfica,Farense,3.0,2.0,H,1.0,0.0,H,1.11,9.0,17.0,1.12,9.0,21.0,2020/21,€377.35m,€21.20m,12.0,14.0,7.0,9.0,12.0,12.0,3.0,2.0,3.0,3.0,0.0,0.0
P1,04/10/2020,Famalicao,Rio Ave,1.0,1.0,D,1.0,0.0,H,2.6,3.3,2.62,2.5,3.3,2.7,2020/21,€64.93m,€32.88m,13.0,13.0,5.0,4.0,11.0,9.0,3.0,5.0,2.0,0.0,0.0,0.0
P1,04/10/2020,Portimonense,Sp Lisbon,0.0,2.0,A,0.0,2.0,A,4.2,3.6,1.83,4.1,3.75,1.87,2020/21,€24.95m,€257.28m,14.0,10.0,6.0,4.0,17.0,20.0,7.0,2.0,1.0,1.0,0.0,0.0
P1,17/10/2020,Gil Vicente,Tondela,1.0,1.0,D,1.0,0.0,H,2.0,3.1,3.75,2.0,3.2,3.9,2020/21,€16.80m,€13.60m,13.0,2.0,4.0,1.0,17.0,18.0,5.0,1.0,2.0,3.0,0.0,1.0
P1,17/10/2020,Maritimo,Portimonense,1.0,2.0,A,0.0,0.0,D,2.4,3.1,3.1,2.4,3.1,3.0,2020/21,€23.45m,€24.95m,10.0,10.0,4.0,3.0,23.0,20.0,10.0,6.0,4.0,2.0,0.0,0.0
P1,17/10/2020,Sp Braga,Nacional,2.0,1.0,H,2.0,0.0,H,1.33,4.5,7.0,1.4,4.75,7.0,2020/21,€142.95m,€12.95m,20.0,5.0,7.0,2.0,11.0,15.0,4.0,2.0,1.0,4.0,0.0,0.0
P1,17/10/2020,Sp Lisbon,Porto,2.0,2.0,D,1.0,2.0,A,3.0,3.25,2.1,3.6,3.4,2.1,2020/21,€257.28m,€327.60m,13.0,10.0,5.0,5.0,18.0,20.0,4.0,1.0,5.0,4.0,1.0,0.0
P1,18/10/2020,Belenenses,Moreirense,0.0,0.0,D,0.0,0.0,D,2.3,3.1,3.25,2.35,2.95,3.25,2020/21,€19.23m,€22.08m,15.0,8.0,5.0,4.0,22.0,14.0,7.0,3.0,2.0,2.0,0.0,0.0
P1,18/10/2020,Pacos Ferreira,Santa Clara,2.0,1.0,H,1.0,0.0,H,2.5,2.9,2.87,2.55,3.1,2.85,2020/21,€27.40m,€22.80m,12.0,15.0,3.0,5.0,15.0,16.0,7.0,2.0,2.0,2.0,0.0,0.0
P1,18/10/2020,Farense,Famalicao,3.0,3.0,D,2.0,0.0,H,2.4,3.25,2.9,2.4,3.25,2.9,2020/21,€21.20m,€64.93m,13.0,13.0,5.0,5.0,19.0,14.0,6.0,9.0,2.0,2.0,0.0,1.0
P1,18/10/2020,Rio Ave,Benfica,0.0,3.0,A,0.0,2.0,A,5.0,4.0,1.5,5.5,4.4,1.55,2020/21,€32.88m,€377.35m,4.0,13.0,2.0,6.0,14.0,17.0,4.0,4.0,1.0,3.0,0.0,0.0
P1,19/10/2020,Boavista,Guimaraes,0.0,1.0,A,0.0,1.0,A,3.8,3.3,2.0,3.9,3.2,2.0,2020/21,€35.15m,€54.50m,19.0,9.0,2.0,1.0,21.0,22.0,9.0,4.0,4.0,2.0,0.0,0.0
P1,23/10/2020,Tondela,Portimonense,1.0,0.0,H,1.0,0.0,H,3.5,3.2,2.1,3.5,3.25,2.1,2020/21,€13.60m,€24.95m,8.0,10.0,3.0,4.0,10.0,18.0,5.0,6.0,2.0,2.0,0.0,0.0
P1,24/10/2020,Nacional,Pacos Ferreira,1.0,1.0,D,0.0,0.0,D,2.62,3.1,2.75,2.6,3.1,2.75,2020/21,€12.95m,€27.40m,7.0,18.0,2.0,6.0,23.0,9.0,3.0,6.0,3.0,1.0,1.0,0.0
P1,24/10/2020,Santa Clara,Sp Lisbon,1.0,2.0,A,1.0,1.0,D,4.0,3.4,1.9,4.33,3.5,1.87,2020/21,€22.80m,€257.28m,5.0,18.0,2.0,3.0,18.0,9.0,1.0,9.0,3.0,1.0,0.0,0.0
P1,24/10/2020,Porto,Gil Vicente,1.0,0.0,H,1.0,0.0,H,1.22,6.0,12.0,1.22,6.25,14.0,2020/21,€327.60m,€16.80m,18.0,13.0,7.0,2.0,17.0,15.0,8.0,3.0,6.0,2.0,1.0,0.0
P1,25/10/2020,Farense,Rio Ave,0.0,1.0,A,0.0,1.0,A,3.2,3.3,2.2,3.2,3.3,2.2,2020/21,€21.20m,€32.88m,13.0,6.0,1.0,2.0,17.0,19.0,6.0,1.0,4.0,6.0,0.0,0.0
P1,25/10/2020,Moreirense,Maritimo,2.0,1.0,H,2.0,0.0,H,2.6,3.2,2.75,2.55,2.85,3.1,2020/21,€22.08m,€23.45m,13.0,12.0,7.0,3.0,15.0,7.0,9.0,3.0,5.0,4.0,0.0,1.0
P1,25/10/2020,Famalicao,Boavista,2.0,2.0,D,0.0,0.0,D,2.35,3.25,3.0,2.4,3.2,2.95,2020/21,€64.93m,€35.15m,17.0,10.0,6.0,6.0,10.0,20.0,9.0,1.0,3.0,5.0,0.0,1.0
P1,25/10/2020,Guimaraes,Sp Braga,0.0,1.0,A,0.0,1.0,A,2.8,3.3,2.45,2.75,3.4,2.4,2020/21,€54.50m,€142.95m,11.0,16.0,1.0,8.0,11.0,20.0,4.0,9.0,3.0,2.0,1.0,2.0
P1,26/10/2020,Benfica,Belenenses,2.0,0.0,H,1.0,0.0,H,1.11,8.5,19.0,1.12,9.0,23.0,2020/21,€377.35m,€19.23m,15.0,6.0,6.0,2.0,15.0,8.0,7.0,2.0,0.0,0.0,0.0,0.0
P1,28/10/2020,Sp Lisbon,Gil Vicente,3.0,1.0,H,0.0,0.0,D,1.44,4.5,7.5,1.42,4.4,7.25,2020/21,€257.28m,€16.80m,13.0,4.0,6.0,1.0,15.0,19.0,9.0,4.0,5.0,4.0,0.0,0.0
P1,30/10/2020,Pacos Ferreira,Porto,3.0,2.0,H,2.0,1.0,H,6.5,4.2,1.5,6.5,4.1,1.53,2020/21,€27.40m,€327.60m,16.0,10.0,7.0,3.0,22.0,20.0,5.0,4.0,1.0,1.0,0.0,0.0
P1,31/10/2020,Belenenses,Farense,1.0,1.0,D,0.0,0.0,D,2.45,3.0,3.0,2.5,3.0,2.95,2020/21,€19.23m,€21.20m,7.0,10.0,3.0,2.0,15.0,12.0,8.0,6.0,3.0,0.0,0.0,1.0
P1,31/10/2020,Rio Ave,Moreirense,2.0,0.0,H,1.0,0.0,H,1.85,3.1,4.75,1.87,3.2,4.5,2020/21,€32.88m,€22.08m,11.0,7.0,6.0,1.0,20.0,18.0,3.0,5.0,1.0,4.0,0.0,0.0
P1,31/10/2020,Maritimo,Nacional,0.0,0.0,D,0.0,0.0,D,2.1,3.2,3.6,2.0,3.25,3.75,2020/21,€23.45m,€12.95m,15.0,9.0,4.0,3.0,20.0,24.0,3.0,6.0,1.0,3.0,0.0,0.0
P1,01/11/2020,Portimonense,Santa Clara,1.0,2.0,A,0.0,1.0,A,2.2,3.1,3.5,2.2,3.1,3.4,2020/21,€24.95m,€22.80m,12.0,13.0,2.0,7.0,21.0,13.0,7.0,5.0,3.0,6.0,0.0,0.0
P1,01/11/2020,Gil Vicente,Guimaraes,1.0,2.0,A,0.0,1.0,A,3.75,2.8,2.25,3.75,2.85,2.2,2020/21,€16.80m,€54.50m,21.0,7.0,4.0,5.0,14.0,11.0,8.0,4.0,1.0,2.0,0.0,0.0
P1,01/11/2020,Sp Lisbon,Tondela,4.0,0.0,H,1.0,0.0,H,1.4,4.5,8.0,1.4,4.6,8.25,2020/21,€257.28m,€13.60m,26.0,3.0,15.0,0.0,14.0,20.0,8.0,1.0,3.0,2.0,0.0,0.0
P1,02/11/2020,Sp Braga,Famalicao,1.0,0.0,H,0.0,0.0,D,1.36,4.75,8.0,1.36,4.75,7.75,2020/21,€142.95m,€64.93m,20.0,5.0,9.0,2.0,14.0,14.0,11.0,2.0,1.0,5.0,0.0,1.0
P1,02/11/2020,Boavista,Benfica,3.0,0.0,H,2.0,0.0,H,10.0,6.0,1.25,9.75,6.0,1.28,2020/21,€35.15m,€377.35m,14.0,5.0,7.0,2.0,31.0,15.0,4.0,6.0,3.0,4.0,0.0,0.0
P1,06/11/2020,Belenenses,Rio Ave,0.0,0.0,D,0.0,0.0,D,3.5,3.2,2.15,3.5,3.1,2.15,2020/21,€19.23m,€32.88m,11.0,6.0,1.0,2.0,17.0,17.0,6.0,2.0,2.0,2.0,0.0,0.0
P1,07/11/2020,Tondela,Santa Clara,2.0,0.0,H,1.0,0.0,H,2.87,3.2,2.5,2.7,3.2,2.6,2020/21,€13.60m,€22.80m,11.0,20.0,5.0,4.0,19.0,13.0,3.0,3.0,2.0,3.0,0.0,0.0
P1,07/11/2020,Famalicao,Maritimo,2.0,1.0,H,2.0,1.0,H,2.15,3.25,3.3,2.2,3.1,3.4,2020/21,€64.93m,€23.45m,18.0,10.0,8.0,4.0,18.0,18.0,4.0,2.0,3.0,2.0,0.0,0.0
P1,07/11/2020,Guimaraes,Sp Lisbon,0.0,4.0,A,0.0,2.0,A,3.8,3.0,2.1,3.8,3.25,2.1,2020/21,€54.50m,€257.28m,15.0,16.0,1.0,6.0,16.0,18.0,5.0,2.0,3.0,1.0,0.0,0.0
P1,08/11/2020,Farense,Boavista,3.0,1.0,H,1.0,1.0,D,2.5,3.1,2.9,2.6,3.1,2.75,2020/21,€21.20m,€35.15m,6.0,13.0,5.0,5.0,20.0,15.0,5.0,7.0,4.0,1.0,0.0,0.0
P1,08/11/2020,Nacional,Gil Vicente,2.0,1.0,H,0.0,1.0,A,2.55,3.0,2.9,2.6,2.9,2.9,2020/21,€12.95m,€16.80m,13.0,10.0,6.0,8.0,17.0,20.0,8.0,11.0,1.0,4.0,0.0,0.0
P1,08/11/2020,Porto,Portimonense,3.0,1.0,H,1.0,1.0,D,1.2,6.5,13.0,1.22,6.25,13.5,2020/21,€327.60m,€24.95m,18.0,8.0,7.0,1.0,15.0,21.0,11.0,4.0,3.0,3.0,0.0,0.0
P1,08/11/2020,Benfica,Sp Braga,2.0,3.0,A,0.0,1.0,A,1.57,4.2,5.25,1.62,4.33,5.0,2020/21,€377.35m,€142.95m,12.0,7.0,5.0,5.0,13.0,13.0,5.0,3.0,1.0,3.0,0.0,0.0
P1,27/11/2020,Pacos Ferreira,Famalicao,2.0,0.0,H,1.0,0.0,H,2.1,3.2,3.6,2.05,3.3,3.6,2020/21,€27.40m,€64.93m,11.0,9.0,4.0,1.0,22.0,17.0,3.0,3.0,4.0,4.0,0.0,0.0
P1,27/11/2020,Tondela,Guimaraes,0.0,2.0,A,0.0,0.0,D,4.33,3.6,1.8,4.33,3.5,1.8,2020/21,€13.60m,€54.50m,13.0,10.0,4.0,5.0,14.0,15.0,5.0,2.0,1.0,2.0,1.0,0.0
P1,28/11/2020,Santa Clara,Porto,0.0,1.0,A,0.0,1.0,A,6.5,4.25,1.5,6.5,3.8,1.57,2020/21,€22.80m,€327.60m,7.0,4.0,2.0,2.0,12.0,14.0,2.0,7.0,2.0,1.0,0.0,0.0
P1,28/11/2020,Sp Lisbon,Moreirense,2.0,1.0,H,1.0,1.0,D,1.25,5.75,11.0,1.3,5.5,10.5,2020/21,€257.28m,€22.08m,13.0,2.0,5.0,0.0,17.0,13.0,9.0,0.0,1.0,2.0,0.0,0.0
P1,29/11/2020,Gil Vicente,Rio Ave,2.0,0.0,H,1.0,0.0,H,2.9,3.4,2.3,3.0,3.0,2.45,2020/21,€16.80m,€32.88m,4.0,12.0,2.0,3.0,19.0,10.0,2.0,8.0,1.0,1.0,0.0,0.0
P1,29/11/2020,Portimonense,Nacional,1.0,0.0,H,0.0,0.0,D,2.1,3.5,3.3,2.05,3.4,3.5,2020/21,€24.95m,€12.95m,14.0,12.0,4.0,1.0,17.0,10.0,7.0,3.0,3.0,2.0,0.0,1.0
P1,29/11/2020,Boavista,Belenenses,0.0,0.0,D,0.0,0.0,D,2.1,3.1,3.75,2.1,3.2,3.5,2020/21,€35.15m,€19.23m,15.0,14.0,6.0,4.0,6.0,11.0,4.0,7.0,1.0,4.0,0.0,0.0
P1,29/11/2020,Sp Braga,Farense,1.0,0.0,H,0.0,0.0,D,1.33,5.0,9.0,1.4,4.4,8.0,2020/21,€142.95m,€21.20m,16.0,6.0,7.0,0.0,19.0,17.0,7.0,3.0,3.0,3.0,0.0,0.0
P1,30/11/2020,Maritimo,Benfica,1.0,2.0,A,1.0,1.0,D,9.0,5.5,1.3,9.5,4.75,1.36,2020/21,€23.45m,€377.35m,5.0,12.0,2.0,2.0,21.0,9.0,1.0,12.0,0.0,1.0,0.0,0.0
P1,01/12/2020,Moreirense,Pacos Ferreira,0.0,1.0,A,0.0,1.0,A,3.6,3.25,2.1,3.6,3.3,2.05,2020/21,€22.08m,€27.40m,10.0,12.0,2.0,4.0,18.0,26.0,2.0,2.0,1.0,0.0,0.0,0.0
P1,05/12/2020,Guimaraes,Portimonense,1.0,0.0,H,1.0,0.0,H,1.9,3.5,4.0,1.9,3.6,3.8,2020/21,€54.50m,€24.95m,10.0,7.0,3.0,1.0,20.0,17.0,5.0,3.0,6.0,4.0,0.0,0.0
P1,05/12/2020,Moreirense,Gil Vicente,1.0,1.0,D,0.0,0.0,D,3.1,3.2,2.45,2.9,3.2,2.4,2020/21,€22.08m,€16.80m,4.0,6.0,2.0,2.0,17.0,18.0,1.0,2.0,3.0,2.0,0.0,0.0
P1,05/12/2020,Famalicao,Sp Lisbon,2.0,2.0,D,1.0,2.0,A,5.75,4.2,1.53,5.5,4.5,1.55,2020/21,€64.93m,€257.28m,5.0,15.0,2.0,6.0,20.0,21.0,3.0,4.0,6.0,5.0,0.0,1.0
P1,05/12/2020,Porto,Tondela,4.0,3.0,H,2.0,2.0,D,1.18,7.0,15.0,1.2,6.75,14.0,2020/21,€327.60m,€13.60m,16.0,8.0,9.0,4.0,16.0,12.0,5.0,2.0,3.0,5.0,1.0,0.0
P1,06/12/2020,Nacional,Santa Clara,1.0,3.0,A,1.0,2.0,A,2.75,3.1,2.62,2.65,3.0,2.75,2020/21,€12.95m,€22.80m,15.0,13.0,4.0,8.0,13.0,9.0,7.0,12.0,3.0,2.0,0.0,0.0
P1,06/12/2020,Rio Ave,Boavista,0.0,0.0,D,0.0,0.0,D,1.9,3.3,4.2,1.87,3.3,4.25,2020/21,€32.88m,€35.15m,7.0,6.0,3.0,2.0,14.0,15.0,7.0,0.0,2.0,0.0,0.0,0.0
P1,06/12/2020,Belenenses,Sp Braga,2.0,1.0,H,2.0,0.0,H,6.0,3.8,1.57,5.75,3.9,1.57,2020/21,€19.23m,€142.95m,11.0,16.0,5.0,6.0,11.0,15.0,5.0,9.0,2.0,1.0,0.0,1.0
P1,06/12/2020,Benfica,Pacos Ferreira,2.0,1.0,H,0.0,1.0,A,1.25,5.5,12.0,1.26,5.75,12.0,2020/21,€377.35m,€27.40m,13.0,16.0,4.0,5.0,21.0,19.0,6.0,4.0,1.0,3.0,0.0,0.0
P1,07/12/2020,Farense,Maritimo,2.0,1.0,H,1.0,0.0,H,2.4,3.3,2.87,2.35,3.3,2.95,2020/21,€21.20m,€23.45m,4.0,10.0,4.0,4.0,17.0,16.0,1.0,4.0,4.0,5.0,0.0,1.0
P1,18/12/2020,Portimonense,Famalicao,0.0,0.0,D,0.0,0.0,D,2.4,3.2,3.0,2.35,3.2,3.0,2020/21,€24.95m,€64.93m,19.0,8.0,6.0,4.0,23.0,17.0,4.0,1.0,3.0,3.0,0.0,0.0
P1,19/12/2020,Maritimo,Belenenses,1.0,0.0,H,0.0,0.0,D,2.37,3.1,3.2,2.35,3.1,3.1,2020/21,€23.45m,€19.23m,10.0,7.0,2.0,2.0,15.0,19.0,4.0,2.0,3.0,6.0,0.0,2.0
P1,19/12/2020,Tondela,Moreirense,0.0,0.0,D,0.0,0.0,D,2.37,3.2,3.0,2.4,3.0,3.1,2020/21,€13.60m,€22.08m,6.0,10.0,1.0,2.0,17.0,11.0,1.0,6.0,4.0,3.0,1.0,0.0
P1,19/12/2020,Sp Lisbon,Farense,1.0,0.0,H,0.0,0.0,D,1.3,5.5,8.5,1.33,5.5,8.5,2020/21,€257.28m,€21.20m,18.0,8.0,3.0,3.0,20.0,24.0,7.0,2.0,4.0,6.0,0.0,1.0
P1,20/12/2020,Pacos Ferreira,Boavista,1.0,1.0,D,0.0,0.0,D,2.25,3.4,3.1,2.35,3.1,3.1,2020/21,€27.40m,€35.15m,7.0,8.0,3.0,4.0,13.0,13.0,5.0,3.0,1.0,3.0,0.0,0.0
P1,20/12/2020,Gil Vicente,Benfica,0.0,2.0,A,0.0,0.0,D,7.0,4.75,1.4,7.5,4.75,1.42,2020/21,€16.80m,€377.35m,14.0,11.0,5.0,6.0,10.0,8.0,4.0,3.0,3.0,2.0,1.0,0.0
P1,20/12/2020,Porto,Nacional,2.0,0.0,H,2.0,0.0,H,1.25,6.0,10.0,1.26,6.25,10.5,2020/21,€327.60m,€12.95m,14.0,4.0,5.0,2.0,14.0,18.0,8.0,1.0,0.0,2.0,0.0,0.0
P1,21/12/2020,Santa Clara,Guimaraes,0.0,4.0,A,0.0,3.0,A,2.8,3.2,2.5,2.8,3.2,2.5,2020/21,€22.80m,€54.50m,11.0,7.0,2.0,5.0,18.0,13.0,7.0,3.0,1.0,0.0,0.0,0.0
P1,22/12/2020,Sp Braga,Rio Ave,3.0,0.0,H,1.0,0.0,H,1.5,4.0,6.0,1.55,4.0,5.75,2020/21,€142.95m,€32.88m,10.0,8.0,5.0,2.0,24.0,12.0,3.0,4.0,1.0,0.0,0.0,0.0
P1,27/12/2020,Famalicao,Gil Vicente,0.0,1.0,A,0.0,1.0,A,2.45,3.0,3.1,2.4,2.9,3.25,2020/21,€64.93m,€16.80m,7.0,8.0,1.0,3.0,13.0,9.0,4.0,6.0,1.0,1.0,0.0,0.0
P1,27/12/2020,Nacional,Tondela,2.0,0.0,H,1.0,0.0,H,2.0,3.4,3.6,2.05,3.1,3.9,2020/21,€12.95m,€13.60m,10.0,13.0,4.0,2.0,16.0,18.0,2.0,6.0,1.0,6.0,0.0,2.0
P1,27/12/2020,Farense,Pacos Ferreira,1.0,1.0,D,0.0,0.0,D,2.75,3.25,2.55,2.75,3.2,2.55,2020/21,€21.20m,€27.40m,6.0,13.0,1.0,3.0,24.0,25.0,5.0,3.0,3.0,6.0,0.0,0.0
P1,27/12/2020,Belenenses,Sp Lisbon,1.0,2.0,A,1.0,2.0,A,7.0,4.33,1.45,6.25,4.2,1.48,2020/21,€19.23m,€257.28m,10.0,6.0,7.0,4.0,27.0,16.0,5.0,3.0,4.0,3.0,1.0,0.0
P1,28/12/2020,Rio Ave,Maritimo,1.0,3.0,A,1.0,0.0,H,1.85,3.4,4.33,1.85,3.4,4.33,2020/21,€32.88m,€23.45m,10.0,13.0,5.0,6.0,19.0,14.0,4.0,5.0,3.0,2.0,0.0,0.0
P1,28/12/2020,Boavista,Sp Braga,1.0,4.0,A,0.0,3.0,A,5.0,3.6,1.7,4.5,3.6,1.75,2020/21,€35.15m,€142.95m,13.0,11.0,5.0,7.0,18.0,15.0,8.0,6.0,1.0,1.0,0.0,0.0
P1,29/12/2020,Benfica,Portimonense,2.0,1.0,H,2.0,0.0,H,1.2,6.5,12.0,1.2,6.25,13.5,2020/21,€377.35m,€24.95m,15.0,13.0,6.0,2.0,18.0,12.0,3.0,2.0,3.0,4.0,0.0,0.0
P1,29/12/2020,Moreirense,Santa Clara,1.0,0.0,H,0.0,0.0,D,2.5,3.1,2.7,2.7,2.95,2.8,2020/21,€22.08m,€22.80m,12.0,8.0,2.0,1.0,15.0,24.0,2.0,0.0,1.0,5.0,0.0,0.0
P1,29/12/2020,Guimaraes,Porto,2.0,3.0,A,1.0,1.0,D,4.2,4.0,1.65,4.5,3.8,1.72,2020/21,€54.50m,€327.60m,4.0,17.0,2.0,7.0,15.0,10.0,0.0,3.0,2.0,1.0,0.0,0.0
P1,02/01/2021,Sp Lisbon,Sp Braga,2.0,0.0,H,0.0,0.0,D,2.0,3.6,3.5,2.05,3.7,3.4,2020/21,€257.28m,€142.95m,6.0,12.0,4.0,3.0,17.0,17.0,5.0,4.0,3.0,4.0,0.0,0.0
P1,03/01/2021,Tondela,Famalicao,1.0,0.0,H,0.0,0.0,D,3.0,3.0,2.5,3.0,2.95,2.5,2020/21,€13.60m,€64.93m,9.0,17.0,3.0,7.0,15.0,13.0,4.0,5.0,4.0,5.0,0.0,0.0
P1,03/01/2021,Maritimo,Boavista,0.0,0.0,D,0.0,0.0,D,2.6,3.0,2.9,2.7,3.0,2.7,2020/21,€23.45m,€35.15m,9.0,10.0,4.0,3.0,16.0,21.0,2.0,3.0,3.0,4.0,0.0,0.0
P1,03/01/2021,Santa Clara,Benfica,1.0,1.0,D,0.0,1.0,A,6.5,4.5,1.45,6.5,4.6,1.48,2020/21,€22.80m,€377.35m,12.0,7.0,4.0,2.0,15.0,14.0,3.0,10.0,3.0,1.0,0.0,0.0
P1,03/01/2021,Pacos Ferreira,Rio Ave,2.0,0.0,H,1.0,0.0,H,2.3,2.87,3.5,2.4,2.85,3.3,2020/21,€27.40m,€32.88m,15.0,12.0,4.0,2.0,14.0,9.0,3.0,4.0,0.0,0.0,0.0,0.0
P1,03/01/2021,Porto,Moreirense,3.0,0.0,H,1.0,0.0,H,1.2,6.0,13.0,1.22,6.25,14.0,2020/21,€327.60m,€22.08m,20.0,3.0,7.0,2.0,15.0,14.0,6.0,1.0,2.0,0.0,0.0,0.0
P1,04/01/2021,Gil Vicente,Belenenses,0.0,0.0,D,0.0,0.0,D,2.15,3.1,3.75,2.2,3.1,3.4,2020/21,€16.80m,€19.23m,13.0,7.0,5.0,1.0,10.0,19.0,8.0,3.0,2.0,1.0,0.0,0.0
P1,04/01/2021,Portimonense,Farense,2.0,0.0,H,0.0,0.0,D,2.15,3.25,3.4,2.15,3.2,3.4,2020/21,€24.95m,€21.20m,13.0,6.0,5.0,0.0,21.0,11.0,5.0,1.0,3.0,2.0,0.0,0.0
P1,07/01/2021,Sp Braga,Maritimo,2.0,1.0,H,1.0,0.0,H,1.33,5.25,8.5,1.33,5.0,8.25,2020/21,€142.95m,€23.45m,18.0,9.0,3.0,2.0,18.0,9.0,4.0,1.0,3.0,4.0,0.0,0.0
P1,08/01/2021,Nacional,Sp Lisbon,0.0,2.0,A,0.0,1.0,A,7.5,4.5,1.4,7.5,4.5,1.44,2020/21,€12.95m,€257.28m,6.0,24.0,1.0,5.0,10.0,10.0,1.0,10.0,3.0,1.0,0.0,0.0
P1,08/01/2021,Benfica,Tondela,2.0,0.0,H,0.0,0.0,D,1.11,9.0,19.0,1.13,9.25,19.0,2020/21,€377.35m,€13.60m,21.0,3.0,5.0,2.0,19.0,11.0,11.0,0.0,2.0,0.0,0.0,0.0
P1,08/01/2021,Rio Ave,Portimonense,3.0,0.0,H,0.0,0.0,D,2.1,3.0,4.0,2.1,2.85,4.1,2020/21,€32.88m,€24.95m,16.0,13.0,7.0,3.0,10.0,22.0,4.0,4.0,0.0,3.0,0.0,0.0
P1,08/01/2021,Famalicao,Porto,1.0,4.0,A,1.0,2.0,A,8.0,5.25,1.33,8.5,5.0,1.36,2020/21,€64.93m,€327.60m,8.0,9.0,3.0,5.0,21.0,9.0,3.0,3.0,5.0,1.0,0.0,0.0
P1,09/01/2021,Moreirense,Guimaraes,2.0,2.0,D,1.0,1.0,D,3.6,3.2,2.15,3.5,3.1,2.15,2020/21,€22.08m,€54.50m,7.0,9.0,6.0,3.0,19.0,12.0,2.0,3.0,2.0,3.0,0.0,0.0
P1,09/01/2021,Boavista,Santa Clara,1.0,1.0,D,1.0,1.0,D,2.37,3.0,3.2,2.35,2.8,3.5,2020/21,€35.15m,€22.80m,13.0,7.0,5.0,2.0,18.0,27.0,3.0,4.0,3.0,4.0,0.0,0.0
P1,10/01/2021,Farense,Gil Vicente,3.0,1.0,H,2.0,1.0,H,2.5,2.9,3.0,2.5,2.9,3.1,2020/21,€21.20m,€16.80m,10.0,7.0,4.0,3.0,15.0,18.0,7.0,6.0,1.0,2.0,1.0,0.0
P1,10/01/2021,Belenenses,Pacos Ferreira,0.0,2.0,A,0.0,1.0,A,3.1,3.0,2.4,3.1,2.95,2.45,2020/21,€19.23m,€27.40m,14.0,9.0,6.0,5.0,20.0,11.0,8.0,4.0,2.0,2.0,0.0,0.0
P1,15/01/2021,Porto,Benfica,1.0,1.0,D,1.0,1.0,D,2.15,3.4,3.25,2.2,3.5,3.2,2020/21,€327.60m,€377.35m,9.0,12.0,4.0,4.0,17.0,26.0,1.0,3.0,4.0,4.0,1.0,0.0
P1,16/01/2021,Pacos Ferreira,Sp Braga,2.0,0.0,H,0.0,0.0,D,4.33,3.5,1.83,4.33,3.4,1.83,2020/21,€27.40m,€142.95m,8.0,12.0,4.0,4.0,14.0,20.0,2.0,4.0,1.0,2.0,0.0,0.0
P1,16/01/2021,Tondela,Boavista,3.0,1.0,H,1.0,0.0,H,3.1,3.3,2.3,3.2,3.1,2.3,2020/21,€13.60m,€35.15m,18.0,8.0,7.0,2.0,16.0,7.0,7.0,5.0,1.0,0.0,0.0,2.0
P1,17/01/2021,Nacional,Moreirense,0.0,1.0,A,0.0,0.0,D,2.37,3.1,3.1,2.4,3.0,3.1,2020/21,€12.95m,€22.08m,18.0,15.0,3.0,4.0,11.0,19.0,5.0,6.0,4.0,5.0,0.0,0.0
P1,17/01/2021,Santa Clara,Famalicao,1.0,2.0,A,0.0,0.0,D,2.25,3.2,3.2,2.35,3.2,3.0,2020/21,€22.80m,€64.93m,11.0,9.0,2.0,4.0,16.0,23.0,1.0,4.0,5.0,4.0,0.0,0.0
P1,17/01/2021,Gil Vicente,Maritimo,0.0,1.0,A,0.0,0.0,D,2.2,3.1,3.5,2.15,3.1,3.6,2020/21,€16.80m,€23.45m,14.0,16.0,3.0,1.0,19.0,16.0,3.0,4.0,1.0,5.0,0.0,0.0
P1,18/01/2021,Portimonense,Belenenses,1.0,0.0,H,1.0,0.0,H,2.37,3.25,2.9,2.4,3.2,2.9,2020/21,€24.95m,€19.23m,15.0,7.0,7.0,2.0,19.0,15.0,7.0,2.0,3.0,3.0,0.0,1.0
P1,21/01/2021,Guimaraes,Nacional,3.0,1.0,H,1.0,1.0,D,1.6,3.8,4.75,1.62,3.9,5.0,2020/21,€54.50m,€12.95m,10.0,12.0,4.0,5.0,25.0,8.0,3.0,3.0,3.0,2.0,0.0,0.0
P1,24/01/2021,Maritimo,Pacos Ferreira,0.0,3.0,A,0.0,1.0,A,2.87,3.0,2.62,2.85,2.9,2.65,2020/21,€23.45m,€27.40m,13.0,11.0,4.0,5.0,15.0,27.0,5.0,2.0,2.0,3.0,0.0,0.0
P1,24/01/2021,Moreirense,Portimonense,2.0,2.0,D,2.0,1.0,H,2.7,3.2,2.62,2.65,3.2,2.65,2020/21,€22.08m,€24.95m,11.0,10.0,3.0,4.0,12.0,17.0,3.0,1.0,3.0,2.0,0.0,0.0
P1,24/01/2021,Famalicao,Guimaraes,0.0,1.0,A,0.0,1.0,A,3.4,3.1,2.2,3.2,3.0,2.35,2020/21,€64.93m,€54.50m,11.0,9.0,5.0,3.0,17.0,17.0,7.0,4.0,2.0,4.0,0.0,0.0
P1,25/01/2021,Belenenses,Tondela,2.0,0.0,H,2.0,0.0,H,2.2,3.0,3.6,2.3,2.9,3.5,2020/21,€19.23m,€13.60m,8.0,12.0,3.0,2.0,15.0,19.0,4.0,9.0,2.0,3.0,0.0,0.0
P1,25/01/2021,Rio Ave,Santa Clara,1.0,2.0,A,1.0,1.0,D,1.9,3.1,4.5,1.91,3.1,4.4,2020/21,€32.88m,€22.80m,11.0,12.0,5.0,5.0,13.0,16.0,6.0,2.0,6.0,1.0,0.0,0.0
P1,25/01/2021,Benfica,Nacional,1.0,1.0,D,1.0,0.0,H,1.16,7.0,15.0,1.18,6.75,14.0,2020/21,€377.35m,€12.95m,11.0,7.0,3.0,2.0,21.0,15.0,7.0,3.0,1.0,2.0,0.0,0.0
P1,25/01/2021,Farense,Porto,0.0,1.0,A,0.0,1.0,A,8.0,4.33,1.4,8.0,4.4,1.4,2020/21,€21.20m,€327.60m,5.0,18.0,1.0,8.0,12.0,18.0,7.0,4.0,1.0,1.0,0.0,0.0
P1,26/01/2021,Sp Braga,Gil Vicente,1.0,0.0,H,0.0,0.0,D,1.4,4.5,7.5,1.4,4.5,7.5,2020/21,€142.95m,€16.80m,13.0,6.0,1.0,0.0,16.0,12.0,7.0,4.0,5.0,1.0,0.0,0.0
P1,26/01/2021,Boavista,Sp Lisbon,0.0,2.0,A,0.0,1.0,A,7.0,4.0,1.5,6.5,4.1,1.53,2020/21,€35.15m,€257.28m,7.0,14.0,3.0,6.0,25.0,13.0,4.0,8.0,2.0,2.0,0.0,0.0
P1,30/01/2021,Nacional,Famalicao,2.0,1.0,H,0.0,1.0,A,2.8,3.1,2.6,2.85,2.8,2.75,2020/21,€12.95m,€64.93m,17.0,14.0,8.0,4.0,22.0,15.0,9.0,3.0,5.0,1.0,0.0,0.0
P1,30/01/2021,Tondela,Farense,2.0,0.0,H,0.0,0.0,D,2.55,3.0,2.7,2.6,3.1,2.75,2020/21,€13.60m,€21.20m,7.0,10.0,2.0,2.0,23.0,16.0,5.0,5.0,5.0,1.0,0.0,0.0
P1,30/01/2021,Portimonense,Boavista,1.0,2.0,A,1.0,1.0,D,2.15,3.0,3.4,2.25,3.1,3.3,2020/21,€24.95m,€35.15m,9.0,11.0,2.0,6.0,18.0,18.0,4.0,2.0,3.0,3.0,0.0,0.0
P1,31/01/2021,Guimaraes,Maritimo,1.0,0.0,H,0.0,0.0,D,1.72,3.6,5.0,1.75,3.6,4.6,2020/21,€54.50m,€23.45m,13.0,9.0,4.0,5.0,23.0,18.0,7.0,1.0,2.0,2.0,0.0,0.0
P1,01/02/2021,Santa Clara,Belenenses,2.0,0.0,H,1.0,0.0,H,2.1,3.1,3.75,2.2,2.9,3.7,2020/21,€22.80m,€19.23m,9.0,11.0,3.0,1.0,23.0,20.0,2.0,2.0,3.0,2.0,0.0,0.0
P1,01/02/2021,Porto,Rio Ave,2.0,0.0,H,1.0,0.0,H,1.3,5.25,9.0,1.36,5.25,8.25,2020/21,€327.60m,€32.88m,14.0,8.0,5.0,2.0,19.0,11.0,7.0,8.0,1.0,2.0,0.0,0.0
P1,01/02/2021,Moreirense,Sp Braga,0.0,4.0,A,0.0,3.0,A,5.5,4.0,1.5,5.75,4.1,1.53,2020/21,€22.08m,€142.95m,14.0,14.0,4.0,7.0,8.0,20.0,5.0,5.0,2.0,1.0,0.0,0.0
P1,01/02/2021,Sp Lisbon,Benfica,1.0,0.0,H,0.0,0.0,D,2.6,3.3,2.62,2.6,3.5,2.65,2020/21,€257.28m,€377.35m,10.0,5.0,2.0,2.0,12.0,17.0,8.0,1.0,3.0,5.0,0.0,0.0
P1,02/02/2021,Gil Vicente,Pacos Ferreira,1.0,2.0,A,0.0,2.0,A,3.0,3.0,2.5,3.0,2.95,2.5,2020/21,€16.80m,€27.40m,3.0,9.0,3.0,6.0,16.0,21.0,8.0,3.0,3.0,5.0,0.0,0.0
P1,04/02/2021,Farense,Santa Clara,1.0,1.0,D,1.0,0.0,H,2.7,2.9,2.87,2.75,2.9,2.75,2020/21,€21.20m,€22.80m,16.0,11.0,4.0,3.0,15.0,17.0,11.0,7.0,0.0,3.0,0.0,0.0
P1,04/02/2021,Belenenses,Porto,0.0,0.0,D,0.0,0.0,D,8.5,4.6,1.36,8.25,4.6,1.36,2020/21,€19.23m,€327.60m,6.0,16.0,0.0,6.0,12.0,13.0,2.0,10.0,4.0,2.0,0.0,0.0
P1,04/02/2021,Sp Braga,Portimonense,2.0,1.0,H,0.0,1.0,A,1.4,4.6,7.0,1.42,4.75,6.5,2020/21,€142.95m,€24.95m,16.0,7.0,4.0,5.0,12.0,21.0,4.0,1.0,0.0,2.0,0.0,0.0
P1,04/02/2021,Famalicao,Moreirense,0.0,2.0,A,0.0,2.0,A,2.05,3.1,4.0,2.1,3.1,3.7,2020/21,€64.93m,€22.08m,19.0,10.0,2.0,3.0,10.0,29.0,5.0,3.0,2.0,5.0,1.0,0.0
P1,05/02/2021,Rio Ave,Nacional,0.0,0.0,D,0.0,0.0,D,1.83,3.1,5.0,1.87,3.1,4.75,2020/21,€32.88m,€12.95m,15.0,18.0,4.0,7.0,14.0,25.0,5.0,3.0,2.0,2.0,0.0,0.0
P1,05/02/2021,Benfica,Guimaraes,0.0,0.0,D,0.0,0.0,D,1.44,4.5,6.5,1.44,4.5,6.5,2020/21,€377.35m,€54.50m,22.0,5.0,5.0,2.0,14.0,19.0,9.0,2.0,1.0,2.0,0.0,0.0
P1,05/02/2021,Maritimo,Sp Lisbon,0.0,2.0,A,0.0,1.0,A,7.5,4.0,1.45,7.5,4.0,1.45,2020/21,€23.45m,€257.28m,5.0,19.0,0.0,4.0,19.0,22.0,2.0,5.0,2.0,1.0,0.0,0.0
P1,05/02/2021,Boavista,Gil Vicente,1.0,2.0,A,1.0,1.0,D,2.25,2.8,3.75,2.3,2.85,3.5,2020/21,€35.15m,€16.80m,16.0,12.0,5.0,5.0,11.0,24.0,3.0,5.0,2.0,3.0,0.0,0.0
P1,05/02/2021,Pacos Ferreira,Tondela,2.0,1.0,H,1.0,0.0,H,1.7,3.6,5.0,1.7,3.6,5.0,2020/21,€27.40m,€13.60m,9.0,8.0,3.0,3.0,23.0,14.0,3.0,3.0,2.0,1.0,0.0,0.0
P1,07/02/2021,Sp Braga,Porto,2.0,2.0,D,0.0,1.0,A,3.0,3.4,2.3,2.9,3.4,2.3,2020/21,€142.95m,€327.60m,15.0,10.0,5.0,3.0,18.0,18.0,6.0,5.0,3.0,3.0,0.0,1.0
P1,08/02/2021,Farense,Moreirense,1.0,2.0,A,0.0,1.0,A,2.37,3.2,3.1,2.4,3.1,3.0,2020/21,€21.20m,€22.08m,15.0,6.0,4.0,3.0,19.0,13.0,10.0,1.0,4.0,3.0,0.0,0.0
P1,08/02/2021,Benfica,Famalicao,2.0,0.0,H,2.0,0.0,H,1.22,6.5,11.0,1.25,6.0,10.0,2020/21,€377.35m,€64.93m,13.0,10.0,5.0,5.0,22.0,12.0,4.0,1.0,3.0,2.0,0.0,0.0
P1,08/02/2021,Maritimo,Santa Clara,1.0,2.0,A,0.0,0.0,D,2.55,3.1,2.9,2.5,3.1,2.9,2020/21,€23.45m,€22.80m,16.0,8.0,5.0,3.0,20.0,22.0,3.0,5.0,1.0,3.0,0.0,0.0
P1,08/02/2021,Belenenses,Guimaraes,1.0,1.0,D,1.0,1.0,D,3.2,3.2,2.25,3.0,3.2,2.35,2020/21,€19.23m,€54.50m,10.0,9.0,4.0,4.0,12.0,13.0,4.0,7.0,3.0,2.0,0.0,0.0
P1,09/02/2021,Pacos Ferreira,Portimonense,0.0,0.0,D,0.0,0.0,D,2.05,3.2,3.8,2.0,3.2,3.9,2020/21,€27.40m,€24.95m,6.0,14.0,1.0,3.0,12.0,9.0,3.0,2.0,2.0,1.0,0.0,0.0
P1,09/02/2021,Rio Ave,Tondela,2.0,1.0,H,0.0,1.0,A,1.8,3.6,4.33,1.83,3.5,4.25,2020/21,€32.88m,€13.60m,6.0,11.0,2.0,5.0,13.0,10.0,2.0,3.0,4.0,2.0,0.0,0.0
P1,09/02/2021,Boavista,Nacional,0.0,1.0,A,0.0,1.0,A,2.25,3.2,3.25,2.25,3.2,3.2,2020/21,€35.15m,€12.95m,20.0,7.0,2.0,1.0,15.0,23.0,6.0,1.0,2.0,4.0,1.0,0.0
P1,09/02/2021,Gil Vicente,Sp Lisbon,1.0,2.0,A,1.0,0.0,H,6.5,3.8,1.55,6.75,3.8,1.57,2020/21,€16.80m,€257.28m,6.0,21.0,2.0,5.0,19.0,6.0,1.0,4.0,4.0,1.0,0.0,0.0
P1,12/02/2021,Famalicao,Belenenses,0.0,0.0,D,0.0,0.0,D,2.45,3.0,3.1,2.45,2.95,3.1,2020/21,€64.93m,€19.23m,8.0,20.0,5.0,11.0,14.0,21.0,4.0,5.0,3.0,4.0,0.0,0.0
P1,13/02/2021,Nacional,Farense,2.0,3.0,A,0.0,0.0,D,2.5,3.2,2.87,2.4,3.0,3.1,2020/21,€12.95m,€21.20m,10.0,9.0,4.0,4.0,14.0,16.0,6.0,10.0,4.0,2.0,0.0,0.0
P1,13/02/2021,Guimaraes,Rio Ave,1.0,3.0,A,0.0,2.0,A,2.15,3.4,3.25,2.15,3.4,3.25,2020/21,€54.50m,€32.88m,15.0,5.0,7.0,3.0,15.0,17.0,11.0,0.0,2.0,2.0,0.0,0.0
P1,13/02/2021,Porto,Boavista,2.0,2.0,D,0.0,2.0,A,1.22,6.0,13.0,1.22,6.25,13.5,2020/21,€327.60m,€35.15m,17.0,4.0,6.0,4.0,14.0,26.0,7.0,2.0,2.0,4.0,0.0,0.0
P1,14/02/2021,Portimonense,Gil Vicente,4.0,1.0,H,2.0,1.0,H,2.45,3.1,3.0,2.45,3.0,3.0,2020/21,€24.95m,€16.80m,11.0,9.0,4.0,3.0,22.0,13.0,6.0,4.0,2.0,0.0,0.0,0.0
P1,14/02/2021,Santa Clara,Sp Braga,0.0,1.0,A,0.0,1.0,A,4.5,3.6,1.75,4.4,3.6,1.78,2020/21,€22.80m,€142.95m,9.0,8.0,2.0,3.0,17.0,18.0,9.0,3.0,3.0,2.0,0.0,0.0
P1,14/02/2021,Moreirense,Benfica,1.0,1.0,D,1.0,1.0,D,8.0,5.0,1.33,8.5,5.0,1.36,2020/21,€22.08m,€377.35m,8.0,18.0,3.0,8.0,17.0,15.0,3.0,9.0,2.0,3.0,0.0,0.0
P1,15/02/2021,Sp Lisbon,Pacos Ferreira,2.0,0.0,H,1.0,0.0,H,1.44,4.5,6.5,1.48,4.33,6.75,2020/21,€257.28m,€27.40m,7.0,7.0,3.0,2.0,27.0,20.0,2.0,4.0,5.0,3.0,0.0,0.0
P1,16/02/2021,Tondela,Maritimo,2.0,1.0,H,1.0,1.0,D,2.5,3.1,2.9,2.5,2.9,3.1,2020/21,€13.60m,€23.45m,13.0,5.0,6.0,3.0,22.0,19.0,2.0,1.0,4.0,5.0,0.0,0.0
P1,17/02/2021,Guimaraes,Farense,2.0,2.0,D,2.0,1.0,H,1.9,3.25,4.2,1.91,3.25,4.2,2020/21,€54.50m,€21.20m,15.0,8.0,3.0,3.0,14.0,17.0,8.0,4.0,0.0,3.0,0.0,1.0
P1,19/02/2021,Boavista,Moreirense,1.0,0.0,H,0.0,0.0,D,2.2,3.0,3.6,2.25,3.0,3.4,2020/21,€35.15m,€22.08m,11.0,8.0,6.0,1.0,14.0,19.0,10.0,5.0,3.0,2.0,0.0,0.0
P1,20/02/2021,Belenenses,Nacional,2.0,1.0,H,1.0,1.0,D,2.15,3.1,3.6,2.15,2.95,3.75,2020/21,€19.23m,€12.95m,16.0,13.0,4.0,4.0,16.0,12.0,9.0,1.0,3.0,1.0,0.0,0.0
P1,20/02/2021,Gil Vicente,Santa Clara,1.0,0.0,H,0.0,0.0,D,2.45,3.2,2.9,2.5,3.0,2.95,2020/21,€16.80m,€22.80m,10.0,10.0,3.0,1.0,16.0,15.0,6.0,4.0,4.0,3.0,0.0,0.0
P1,20/02/2021,Sp Lisbon,Portimonense,2.0,0.0,H,2.0,0.0,H,1.4,4.5,7.5,1.44,4.6,7.5,2020/21,€257.28m,€24.95m,14.0,7.0,7.0,1.0,15.0,19.0,5.0,4.0,0.0,3.0,0.0,0.0
P1,21/02/2021,Pacos Ferreira,Guimaraes,2.0,1.0,H,1.0,1.0,D,2.45,3.1,3.0,2.45,3.0,3.0,2020/21,€27.40m,€54.50m,8.0,10.0,3.0,3.0,10.0,14.0,3.0,3.0,0.0,2.0,0.0,0.0
P1,21/02/2021,Rio Ave,Famalicao,0.0,1.0,A,0.0,1.0,A,1.95,3.3,4.0,1.95,3.3,3.9,2020/21,€32.88m,€64.93m,5.0,8.0,1.0,5.0,9.0,20.0,4.0,8.0,1.0,3.0,1.0,0.0
P1,21/02/2021,Sp Braga,Tondela,4.0,2.0,H,3.0,0.0,H,1.33,5.0,8.5,1.34,4.75,8.75,2020/21,€142.95m,€13.60m,19.0,8.0,7.0,3.0,15.0,12.0,8.0,2.0,0.0,2.0,0.0,0.0
P1,21/02/2021,Farense,Benfica,0.0,0.0,D,0.0,0.0,D,6.5,4.5,1.44,6.25,4.5,1.5,2020/21,€21.20m,€377.35m,8.0,15.0,3.0,2.0,18.0,19.0,4.0,7.0,2.0,2.0,0.0,0.0
P1,22/02/2021,Maritimo,Porto,1.0,2.0,A,1.0,1.0,D,9.0,5.25,1.3,8.75,5.0,1.33,2020/21,€23.45m,€327.60m,12.0,14.0,7.0,6.0,21.0,18.0,3.0,3.0,6.0,2.0,0.0,0.0
P1,26/02/2021,Guimaraes,Boavista,2.0,1.0,H,1.0,1.0,D,2.0,3.4,3.75,1.95,3.4,3.8,2020/21,€54.50m,€35.15m,18.0,7.0,9.0,2.0,26.0,13.0,10.0,1.0,2.0,4.0,0.0,0.0
P1,27/02/2021,Famalicao,Farense,0.0,0.0,D,0.0,0.0,D,2.3,3.2,3.1,2.35,3.1,3.1,2020/21,€64.93m,€21.20m,11.0,10.0,3.0,1.0,18.0,17.0,5.0,4.0,2.0,6.0,0.0,1.0
P1,27/02/2021,Santa Clara,Pacos Ferreira,3.0,0.0,H,2.0,0.0,H,2.7,3.0,2.8,2.65,2.85,2.9,2020/21,€22.80m,€27.40m,7.0,17.0,4.0,4.0,11.0,10.0,2.0,13.0,1.0,0.0,0.0,0.0
P1,27/02/2021,Porto,Sp Lisbon,0.0,0.0,D,0.0,0.0,D,2.05,3.4,3.5,2.15,3.4,3.4,2020/21,€327.60m,€257.28m,14.0,4.0,3.0,0.0,20.0,16.0,3.0,1.0,1.0,2.0,0.0,0.0
P1,28/02/2021,Portimonense,Maritimo,0.0,0.0,D,0.0,0.0,D,1.95,3.1,4.33,2.05,3.0,4.1,2020/21,€24.95m,€23.45m,7.0,11.0,1.0,4.0,22.0,11.0,6.0,4.0,1.0,2.0,0.0,0.0
P1,28/02/2021,Tondela,Gil Vicente,1.0,0.0,H,1.0,0.0,H,2.7,2.87,2.87,2.75,2.85,2.8,2020/21,€13.60m,€16.80m,16.0,13.0,6.0,2.0,13.0,10.0,6.0,8.0,1.0,0.0,0.0,1.0
P1,28/02/2021,Nacional,Sp Braga,1.0,2.0,A,0.0,2.0,A,6.0,3.75,1.57,6.0,3.8,1.55,2020/21,€12.95m,€142.95m,8.0,15.0,2.0,4.0,7.0,11.0,2.0,5.0,1.0,0.0,0.0,0.0
P1,01/03/2021,Benfica,Rio Ave,2.0,0.0,H,0.0,0.0,D,1.44,4.33,7.0,1.45,4.6,7.0,2020/21,€377.35m,€32.88m,17.0,11.0,6.0,5.0,17.0,10.0,6.0,6.0,1.0,0.0,0.0,0.0
P1,01/03/2021,Moreirense,Belenenses,2.0,2.0,D,2.0,1.0,H,2.6,3.0,2.9,2.7,2.85,2.85,2020/21,€22.08m,€19.23m,11.0,13.0,5.0,5.0,14.0,12.0,4.0,5.0,3.0,2.0,0.0,0.0
P1,05/03/2021,Pacos Ferreira,Nacional,2.0,1.0,H,2.0,0.0,H,1.7,3.5,5.25,1.75,3.4,5.0,2020/21,€27.40m,€12.95m,12.0,10.0,3.0,4.0,20.0,18.0,5.0,4.0,3.0,4.0,0.0,0.0
P1,05/03/2021,Sp Lisbon,Santa Clara,2.0,1.0,H,1.0,0.0,H,1.4,4.2,9.0,1.42,4.2,9.0,2020/21,€257.28m,€22.80m,6.0,6.0,4.0,2.0,18.0,24.0,4.0,8.0,1.0,2.0,0.0,0.0
P1,06/03/2021,Portimonense,Tondela,3.0,0.0,H,2.0,0.0,H,1.85,3.3,4.5,1.87,3.2,4.4,2020/21,€24.95m,€13.60m,10.0,12.0,5.0,3.0,9.0,7.0,3.0,3.0,1.0,1.0,0.0,0.0
P1,06/03/2021,Gil Vicente,Porto,0.0,2.0,A,0.0,1.0,A,6.5,4.0,1.5,6.75,4.0,1.53,2020/21,€16.80m,€327.60m,9.0,11.0,1.0,6.0,14.0,11.0,4.0,10.0,0.0,0.0,0.0,0.0
P1,06/03/2021,Boavista,Famalicao,3.0,0.0,H,1.0,0.0,H,2.25,3.1,3.4,2.25,3.2,3.2,2020/21,€35.15m,€64.93m,11.0,12.0,4.0,2.0,12.0,18.0,2.0,7.0,2.0,2.0,0.0,1.0
P1,07/03/2021,Maritimo,Moreirense,0.0,2.0,A,0.0,1.0,A,2.2,3.0,3.6,2.15,3.1,3.5,2020/21,€23.45m,€22.08m,15.0,16.0,6.0,5.0,19.0,13.0,5.0,2.0,3.0,2.0,0.0,0.0
P1,07/03/2021,Rio Ave,Farense,2.0,0.0,H,1.0,0.0,H,2.0,3.0,4.2,2.1,3.0,3.8,2020/21,€32.88m,€21.20m,10.0,6.0,4.0,1.0,19.0,18.0,4.0,6.0,2.0,2.0,0.0,0.0
P1,08/03/2021,Belenenses,Benfica,0.0,3.0,A,0.0,0.0,D,6.5,4.5,1.44,7.0,4.4,1.48,2020/21,€19.23m,€377.35m,10.0,11.0,3.0,6.0,9.0,12.0,4.0,5.0,1.0,0.0,0.0,0.0
P1,09/03/2021,Sp Braga,Guimaraes,3.0,0.0,H,2.0,0.0,H,1.57,4.0,5.5,1.57,4.1,5.25,2020/21,€142.95m,€54.50m,8.0,14.0,4.0,1.0,16.0,14.0,3.0,12.0,1.0,2.0,0.0,0.0
P1,12/03/2021,Nacional,Maritimo,1.0,2.0,A,1.0,0.0,H,2.7,3.0,2.7,2.85,2.9,2.65,2020/21,€12.95m,€23.45m,17.0,14.0,7.0,3.0,20.0,21.0,8.0,6.0,4.0,4.0,0.0,0.0
P1,13/03/2021,Farense,Belenenses,0.0,1.0,A,0.0,0.0,D,2.4,3.2,3.0,2.35,3.1,3.1,2020/21,€21.20m,€19.23m,13.0,8.0,4.0,4.0,18.0,13.0,6.0,2.0,1.0,4.0,0.0,0.0
P1,13/03/2021,Benfica,Boavista,2.0,0.0,H,1.0,0.0,H,1.3,5.0,9.5,1.35,5.0,9.0,2020/21,€377.35m,€35.15m,17.0,3.0,7.0,0.0,12.0,7.0,13.0,3.0,2.0,0.0,0.0,1.0
P1,13/03/2021,Santa Clara,Portimonense,2.0,0.0,H,1.0,0.0,H,2.5,3.0,3.1,2.5,3.0,3.0,2020/21,€22.80m,€24.95m,18.0,11.0,5.0,4.0,12.0,21.0,6.0,2.0,2.0,4.0,0.0,0.0
P1,13/03/2021,Tondela,Sp Lisbon,0.0,1.0,A,0.0,0.0,D,8.0,4.5,1.4,7.75,4.33,1.45,2020/21,€13.60m,€257.28m,4.0,14.0,2.0,4.0,17.0,14.0,3.0,5.0,3.0,1.0,0.0,1.0
P1,14/03/2021,Moreirense,Rio Ave,1.0,1.0,D,0.0,1.0,A,3.0,3.2,2.4,3.0,3.1,2.4,2020/21,€22.08m,€32.88m,9.0,13.0,2.0,2.0,12.0,15.0,7.0,5.0,2.0,4.0,0.0,0.0
P1,14/03/2021,Guimaraes,Gil Vicente,2.0,4.0,A,1.0,3.0,A,1.95,3.25,4.1,1.95,3.3,3.9,2020/21,€54.50m,€16.80m,20.0,11.0,8.0,8.0,20.0,13.0,8.0,6.0,3.0,3.0,1.0,0.0
P1,14/03/2021,Porto,Pacos Ferreira,2.0,0.0,H,0.0,0.0,D,1.44,4.5,6.5,1.42,4.6,8.0,2020/21,€327.60m,€27.40m,16.0,2.0,5.0,2.0,11.0,13.0,10.0,2.0,1.0,2.0,0.0,0.0
P1,15/03/2021,Famalicao,Sp Braga,2.0,2.0,D,1.0,2.0,A,5.0,3.75,1.66,5.0,4.1,1.6,2020/21,€64.93m,€142.95m,17.0,9.0,5.0,3.0,20.0,12.0,2.0,4.0,3.0,2.0,0.0,0.0
P1,19/03/2021,Gil Vicente,Nacional,2.0,0.0,H,0.0,0.0,D,2.0,3.2,4.0,2.0,3.1,4.0,2020/21,€16.80m,€12.95m,10.0,9.0,4.0,1.0,19.0,15.0,3.0,3.0,3.0,3.0,1.0,1.0
P1,20/03/2021,Pacos Ferreira,Moreirense,3.0,0.0,H,3.0,0.0,H,1.85,3.4,4.33,1.9,3.4,4.0,2020/21,€27.40m,€22.08m,14.0,9.0,8.0,0.0,15.0,6.0,5.0,10.0,4.0,1.0,0.0,0.0
P1,20/03/2021,Santa Clara,Tondela,1.0,1.0,D,0.0,1.0,A,1.75,3.4,5.0,1.8,3.2,5.0,2020/21,€22.80m,€13.60m,16.0,5.0,5.0,4.0,15.0,15.0,6.0,4.0,4.0,1.0,2.0,0.0
P1,20/03/2021,Portimonense,Porto,1.0,2.0,A,0.0,1.0,A,7.5,4.2,1.44,7.0,4.25,1.45,2020/21,€24.95m,€327.60m,8.0,12.0,3.0,3.0,14.0,10.0,2.0,4.0,4.0,2.0,1.0,0.0
P1,20/03/2021,Sp Lisbon,Guimaraes,1.0,0.0,H,1.0,0.0,H,1.5,3.8,7.0,1.53,3.9,7.25,2020/21,€257.28m,€54.50m,10.0,4.0,4.0,1.0,10.0,14.0,5.0,6.0,2.0,1.0,0.0,0.0
P1,21/03/2021,Rio Ave,Belenenses,0.0,0.0,D,0.0,0.0,D,2.0,3.1,4.0,2.0,3.2,3.9,2020/21,€32.88m,€19.23m,19.0,6.0,7.0,3.0,18.0,14.0,9.0,2.0,3.0,0.0,0.0,1.0
P1,21/03/2021,Boavista,Farense,0.0,1.0,A,0.0,1.0,A,2.1,3.2,3.5,2.1,3.2,3.5,2020/21,€35.15m,€21.20m,14.0,19.0,5.0,8.0,23.0,21.0,5.0,9.0,2.0,1.0,0.0,0.0
P1,21/03/2021,Maritimo,Famalicao,0.0,4.0,A,0.0,2.0,A,2.7,3.0,2.75,2.6,3.1,2.75,2020/21,€23.45m,€64.93m,8.0,13.0,2.0,7.0,13.0,15.0,5.0,1.0,3.0,2.0,0.0,0.0
P1,21/03/2021,Sp Braga,Benfica,0.0,2.0,A,0.0,1.0,A,3.0,3.5,2.25,3.0,3.8,2.2,2020/21,€142.95m,€377.35m,8.0,10.0,3.0,5.0,9.0,17.0,2.0,1.0,2.0,4.0,1.0,0.0
P1,02/04/2021,Nacional,Portimonense,1.0,5.0,A,0.0,2.0,A,2.9,3.2,2.5,2.85,3.2,2.45,2020/21,€12.95m,€24.95m,12.0,18.0,2.0,10.0,7.0,17.0,6.0,6.0,3.0,1.0,0.0,0.0
P1,03/04/2021,Rio Ave,Gil Vicente,0.0,2.0,A,0.0,0.0,D,2.05,3.2,3.8,2.1,3.2,3.6,2020/21,€32.88m,€16.80m,10.0,8.0,3.0,3.0,12.0,15.0,4.0,6.0,3.0,3.0,1.0,0.0
P1,03/04/2021,Porto,Santa Clara,2.0,1.0,H,0.0,0.0,D,1.25,5.5,12.0,1.28,5.5,11.0,2020/21,€327.60m,€22.80m,17.0,5.0,6.0,3.0,17.0,23.0,7.0,5.0,3.0,3.0,0.0,0.0
P1,04/04/2021,Belenenses,Boavista,0.0,2.0,A,0.0,1.0,A,2.7,3.0,2.8,2.6,2.95,2.85,2020/21,€19.23m,€35.15m,10.0,10.0,2.0,6.0,12.0,17.0,5.0,4.0,3.0,4.0,0.0,1.0
P1,04/04/2021,Guimaraes,Tondela,1.0,2.0,A,1.0,1.0,D,1.61,3.75,5.5,1.62,3.75,5.25,2020/21,€54.50m,€13.60m,16.0,10.0,6.0,3.0,12.0,10.0,11.0,5.0,2.0,0.0,0.0,0.0
P1,04/04/2021,Famalicao,Pacos Ferreira,2.0,0.0,H,1.0,0.0,H,2.7,3.2,2.62,2.65,3.1,2.7,2020/21,€64.93m,€27.40m,16.0,3.0,6.0,0.0,15.0,15.0,6.0,3.0,2.0,5.0,0.0,1.0
P1,05/04/2021,Farense,Sp Braga,1.0,2.0,A,1.0,1.0,D,5.0,3.75,1.66,5.0,3.6,1.7,2020/21,€21.20m,€142.95m,18.0,14.0,9.0,2.0,12.0,14.0,4.0,5.0,0.0,1.0,0.0,0.0
P1,05/04/2021,Benfica,Maritimo,1.0,0.0,H,1.0,0.0,H,1.16,7.0,15.0,1.17,7.25,16.5,2020/21,€377.35m,€23.45m,15.0,8.0,6.0,2.0,17.0,19.0,4.0,3.0,3.0,3.0,0.0,0.0
P1,05/04/2021,Moreirense,Sp Lisbon,1.0,1.0,D,0.0,1.0,A,7.0,4.0,1.45,7.0,4.0,1.53,2020/21,€22.08m,€257.28m,5.0,10.0,1.0,3.0,16.0,13.0,2.0,4.0,2.0,2.0,0.0,0.0
P1,09/04/2021,Portimonense,Guimaraes,3.0,0.0,H,1.0,0.0,H,2.55,3.1,2.9,2.5,3.1,2.9,2020/21,€24.95m,€54.50m,7.0,10.0,3.0,3.0,16.0,10.0,3.0,8.0,2.0,2.0,0.0,0.0
P1,10/04/2021,Maritimo,Farense,1.0,0.0,H,1.0,0.0,H,2.5,3.1,2.9,2.6,3.0,2.85,2020/21,€23.45m,€21.20m,9.0,14.0,2.0,2.0,15.0,19.0,6.0,12.0,4.0,3.0,0.0,0.0
P1,10/04/2021,Boavista,Rio Ave,3.0,3.0,D,2.0,1.0,H,2.55,3.0,2.9,2.6,2.95,2.85,2020/21,€35.15m,€32.88m,13.0,10.0,4.0,5.0,21.0,18.0,6.0,5.0,5.0,1.0,1.0,0.0
P1,10/04/2021,Tondela,Porto,0.0,2.0,A,0.0,1.0,A,9.5,4.0,1.4,8.75,4.1,1.44,2020/21,€13.60m,€327.60m,7.0,13.0,2.0,6.0,19.0,21.0,1.0,6.0,4.0,1.0,0.0,0.0
P1,10/04/2021,Pacos Ferreira,Benfica,0.0,5.0,A,0.0,3.0,A,7.5,4.0,1.45,6.5,4.33,1.5,2020/21,€27.40m,€377.35m,2.0,15.0,1.0,9.0,8.0,14.0,1.0,11.0,1.0,5.0,1.0,0.0
P1,11/04/2021,Gil Vicente,Moreirense,1.0,2.0,A,0.0,1.0,A,2.15,3.2,3.5,2.15,3.2,3.4,2020/21,€16.80m,€22.08m,18.0,10.0,6.0,4.0,18.0,11.0,7.0,2.0,2.0,1.0,0.0,0.0
P1,11/04/2021,Santa Clara,Nacional,5.0,1.0,H,2.0,0.0,H,1.8,3.5,4.5,1.83,3.4,4.4,2020/21,€22.80m,€12.95m,16.0,10.0,9.0,3.0,18.0,18.0,3.0,3.0,2.0,3.0,0.0,0.0
P1,11/04/2021,Sp Braga,Belenenses,1.0,1.0,D,1.0,0.0,H,1.44,4.33,7.0,1.42,4.33,7.5,2020/21,€142.95m,€19.23m,14.0,9.0,4.0,2.0,12.0,13.0,9.0,7.0,4.0,3.0,0.0,0.0
P1,11/04/2021,Sp Lisbon,Famalicao,1.0,1.0,D,1.0,1.0,D,1.44,4.33,7.0,1.45,4.5,7.25,2020/21,€257.28m,€64.93m,16.0,2.0,5.0,2.0,13.0,18.0,6.0,5.0,3.0,3.0,0.0,0.0
P1,16/04/2021,Boavista,Pacos Ferreira,2.0,0.0,H,2.0,0.0,H,2.45,3.1,3.0,2.5,3.1,2.9,2020/21,€35.15m,€27.40m,9.0,13.0,4.0,2.0,8.0,10.0,0.0,8.0,3.0,1.0,0.0,0.0
P1,16/04/2021,Farense,Sp Lisbon,0.0,1.0,A,0.0,1.0,A,5.5,3.8,1.6,6.0,3.8,1.6,2020/21,€21.20m,€257.28m,8.0,12.0,3.0,4.0,13.0,11.0,7.0,9.0,1.0,2.0,0.0,0.0
P1,17/04/2021,Guimaraes,Santa Clara,1.0,0.0,H,1.0,0.0,H,2.15,3.2,3.6,2.2,3.2,3.3,2020/21,€54.50m,€22.80m,5.0,9.0,2.0,1.0,17.0,19.0,4.0,5.0,1.0,1.0,0.0,0.0
P1,17/04/2021,Moreirense,Tondela,2.0,3.0,A,2.0,3.0,A,2.2,3.2,3.3,2.2,3.2,3.3,2020/21,€22.08m,€13.60m,12.0,7.0,3.0,5.0,17.0,13.0,5.0,3.0,5.0,4.0,1.0,0.0
P1,17/04/2021,Belenenses,Maritimo,2.0,0.0,H,1.0,0.0,H,2.2,3.2,3.25,2.2,3.1,3.4,2020/21,€19.23m,€23.45m,6.0,21.0,4.0,6.0,26.0,12.0,2.0,11.0,4.0,3.0,0.0,0.0
P1,17/04/2021,Benfica,Gil Vicente,1.0,2.0,A,0.0,1.0,A,1.22,5.75,13.0,1.22,6.25,14.0,2020/21,€377.35m,€16.80m,19.0,8.0,1.0,2.0,7.0,10.0,5.0,5.0,1.0,1.0,0.0,0.0
P1,17/04/2021,Rio Ave,Sp Braga,0.0,0.0,D,0.0,0.0,D,4.75,3.5,1.75,4.25,3.5,1.83,2020/21,€32.88m,€142.95m,10.0,13.0,4.0,6.0,19.0,20.0,2.0,5.0,3.0,2.0,1.0,0.0
P1,18/04/2021,Famalicao,Portimonense,0.0,1.0,A,0.0,1.0,A,2.15,3.1,3.6,2.2,3.2,3.3,2020/21,€64.93m,€24.95m,18.0,9.0,2.0,4.0,15.0,19.0,5.0,4.0,1.0,5.0,0.0,0.0
P1,18/04/2021,Nacional,Porto,0.0,1.0,A,0.0,1.0,A,11.0,5.25,1.28,10.5,5.5,1.3,2020/21,€12.95m,€327.60m,7.0,9.0,3.0,3.0,13.0,16.0,2.0,2.0,3.0,1.0,0.0,0.0
P1,20/04/2021,Pacos Ferreira,Farense,0.0,2.0,A,0.0,0.0,D,2.45,3.2,2.9,2.35,3.1,3.1,2020/21,€27.40m,€21.20m,5.0,13.0,1.0,6.0,10.0,8.0,6.0,6.0,1.0,1.0,0.0,0.0
P1,21/04/2021,Santa Clara,Moreirense,0.0,0.0,D,0.0,0.0,D,1.9,3.4,4.2,1.9,3.4,4.0,2020/21,€22.80m,€22.08m,18.0,6.0,5.0,3.0,17.0,9.0,8.0,5.0,5.0,3.0,0.0,0.0
P1,21/04/2021,Maritimo,Rio Ave,1.0,0.0,H,1.0,0.0,H,2.8,3.1,2.55,2.9,3.1,2.5,2020/21,€23.45m,€32.88m,6.0,15.0,2.0,1.0,13.0,15.0,4.0,10.0,0.0,0.0,0.0,0.0
P1,21/04/2021,Sp Braga,Boavista,2.0,1.0,H,1.0,1.0,D,1.44,4.2,7.5,1.45,4.2,7.0,2020/21,€142.95m,€35.15m,25.0,5.0,10.0,2.0,14.0,17.0,15.0,2.0,0.0,3.0,0.0,1.0
P1,21/04/2021,Sp Lisbon,Belenenses,2.0,2.0,D,0.0,1.0,A,1.44,4.0,8.5,1.48,4.0,7.75,2020/21,€257.28m,€19.23m,28.0,3.0,9.0,3.0,14.0,14.0,9.0,0.0,1.0,3.0,0.0,0.0
P1,22/04/2021,Tondela,Nacional,2.0,1.0,H,1.0,1.0,D,1.95,3.3,4.0,2.05,3.4,3.5,2020/21,€13.60m,€12.95m,6.0,11.0,5.0,5.0,14.0,20.0,6.0,7.0,2.0,4.0,0.0,1.0
P1,22/04/2021,Gil Vicente,Famalicao,0.0,3.0,A,0.0,0.0,D,2.4,3.1,3.1,2.4,3.0,3.1,2020/21,€16.80m,€64.93m,10.0,14.0,5.0,5.0,11.0,11.0,6.0,5.0,1.0,2.0,1.0,0.0
P1,22/04/2021,Portimonense,Benfica,1.0,5.0,A,1.0,1.0,D,7.5,4.0,1.45,6.75,4.1,1.53,2020/21,€24.95m,€377.35m,8.0,15.0,3.0,6.0,10.0,15.0,5.0,4.0,1.0,2.0,0.0,0.0
P1,22/04/2021,Porto,Guimaraes,1.0,0.0,H,0.0,0.0,D,1.33,5.0,9.0,1.33,5.25,9.25,2020/21,€327.60m,€54.50m,15.0,4.0,7.0,1.0,9.0,7.0,8.0,4.0,1.0,0.0,0.0,0.0
P1,25/04/2021,Boavista,Maritimo,0.0,1.0,A,0.0,0.0,D,2.2,3.3,3.25,2.05,3.4,3.5,2020/21,€35.15m,€23.45m,9.0,10.0,3.0,3.0,10.0,17.0,3.0,8.0,2.0,1.0,0.0,0.0
P1,25/04/2021,Rio Ave,Pacos Ferreira,1.0,1.0,D,0.0,1.0,A,2.1,3.25,3.6,2.15,3.2,3.4,2020/21,€32.88m,€27.40m,7.0,9.0,2.0,3.0,13.0,17.0,5.0,2.0,2.0,1.0,1.0,0.0
P1,25/04/2021,Sp Braga,Sp Lisbon,0.0,1.0,A,0.0,0.0,D,2.6,3.0,2.9,2.55,3.1,3.0,2020/21,€142.95m,€257.28m,17.0,5.0,4.0,1.0,22.0,9.0,6.0,2.0,4.0,5.0,0.0,1.0
P1,26/04/2021,Belenenses,Gil Vicente,2.0,1.0,H,0.0,1.0,A,2.4,2.9,3.25,2.4,2.85,3.3,2020/21,€19.23m,€16.80m,8.0,16.0,3.0,4.0,6.0,9.0,4.0,5.0,3.0,2.0,0.0,0.0
P1,26/04/2021,Benfica,Santa Clara,2.0,1.0,H,1.0,0.0,H,1.33,5.0,9.0,1.35,5.25,8.5,2020/21,€377.35m,€22.80m,10.0,16.0,1.0,7.0,14.0,11.0,5.0,4.0,2.0,0.0,0.0,0.0
P1,26/04/2021,Famalicao,Tondela,2.0,2.0,D,2.0,2.0,D,1.9,3.2,4.0,1.95,3.3,4.0,2020/21,€64.93m,€13.60m,11.0,11.0,4.0,2.0,15.0,14.0,8.0,9.0,3.0,1.0,0.0,0.0
P1,26/04/2021,Nacional,Guimaraes,1.0,0.0,H,1.0,0.0,H,3.5,3.3,2.1,3.4,3.3,2.1,2020/21,€12.95m,€54.50m,8.0,6.0,6.0,1.0,20.0,16.0,6.0,4.0,3.0,3.0,0.0,0.0
P1,26/04/2021,Moreirense,Porto,1.0,1.0,D,1.0,0.0,H,8.5,4.75,1.36,9.0,5.0,1.35,2020/21,€22.08m,€327.60m,10.0,20.0,4.0,7.0,19.0,12.0,6.0,11.0,2.0,4.0,0.0,0.0
P1,27/04/2021,Farense,Portimonense,1.0,1.0,D,1.0,0.0,H,2.1,3.1,3.8,2.15,3.1,3.5,2020/21,€21.20m,€24.95m,10.0,17.0,3.0,6.0,12.0,16.0,8.0,5.0,2.0,2.0,0.0,0.0
P1,29/04/2021,Maritimo,Sp Braga,1.0,0.0,H,0.0,0.0,D,5.5,4.0,1.5,6.0,4.0,1.53,2020/21,€23.45m,€142.95m,7.0,12.0,2.0,4.0,13.0,11.0,2.0,8.0,5.0,2.0,0.0,0.0
P1,30/04/2021,Pacos Ferreira,Belenenses,1.0,0.0,H,0.0,0.0,D,2.2,3.2,3.1,2.2,3.1,3.4,2020/21,€27.40m,€19.23m,13.0,7.0,6.0,1.0,17.0,20.0,3.0,5.0,3.0,2.0,1.0,0.0
P1,30/04/2021,Guimaraes,Moreirense,2.0,0.0,H,2.0,0.0,H,1.9,3.5,3.8,1.95,3.25,4.0,2020/21,€54.50m,€22.08m,15.0,14.0,7.0,2.0,13.0,11.0,4.0,10.0,3.0,1.0,0.0,0.0
P1,30/04/2021,Tondela,Benfica,0.0,2.0,A,0.0,2.0,A,9.0,5.25,1.25,10.5,5.75,1.28,2020/21,€13.60m,€377.35m,7.0,13.0,3.0,6.0,12.0,4.0,3.0,6.0,0.0,1.0,0.0,0.0
P1,30/04/2021,Porto,Famalicao,3.0,2.0,H,1.0,1.0,D,1.36,4.5,7.0,1.4,4.75,8.0,2020/21,€327.60m,€64.93m,10.0,9.0,4.0,3.0,18.0,19.0,5.0,4.0,1.0,3.0,0.0,0.0
P1,01/05/2021,Gil Vicente,Farense,0.0,0.0,D,0.0,0.0,D,2.45,3.1,2.75,2.55,2.95,2.95,2020/21,€16.80m,€21.20m,11.0,11.0,3.0,3.0,15.0,18.0,5.0,4.0,3.0,2.0,0.0,0.0
P1,01/05/2021,Portimonense,Rio Ave,0.0,0.0,D,0.0,0.0,D,2.37,3.1,2.9,2.45,3.0,3.0,2020/21,€24.95m,€32.88m,6.0,11.0,1.0,2.0,21.0,10.0,6.0,10.0,2.0,0.0,0.0,0.0
P1,01/05/2021,Santa Clara,Boavista,3.0,3.0,D,1.0,1.0,D,2.1,3.1,3.4,2.2,3.1,3.4,2020/21,€22.80m,€35.15m,15.0,10.0,6.0,5.0,18.0,15.0,5.0,4.0,3.0,2.0,0.0,0.0
P1,01/05/2021,Sp Lisbon,Nacional,2.0,0.0,H,0.0,0.0,D,1.25,5.0,10.0,1.28,5.5,11.5,2020/21,€257.28m,€12.95m,19.0,2.0,8.0,1.0,10.0,30.0,7.0,4.0,2.0,5.0,0.0,1.0
P1,05/05/2021,Maritimo,Gil Vicente,0.0,1.0,A,0.0,1.0,A,2.5,3.1,3.0,2.6,2.95,2.85,2020/21,€23.45m,€16.80m,9.0,8.0,2.0,5.0,16.0,24.0,9.0,3.0,7.0,3.0,0.0,0.0
P1,05/05/2021,Sp Braga,Pacos Ferreira,1.0,1.0,D,0.0,1.0,A,1.45,3.8,8.0,1.48,3.9,7.25,2020/21,€142.95m,€27.40m,11.0,13.0,3.0,1.0,13.0,16.0,7.0,5.0,1.0,3.0,0.0,0.0
P1,05/05/2021,Rio Ave,Sp Lisbon,0.0,2.0,A,0.0,1.0,A,5.0,3.6,1.7,5.0,3.6,1.75,2020/21,€32.88m,€257.28m,5.0,17.0,1.0,5.0,16.0,17.0,2.0,9.0,4.0,5.0,1.0,0.0
P1,06/05/2021,Moreirense,Nacional,2.0,2.0,D,0.0,1.0,A,2.25,3.2,3.2,2.35,3.1,3.1,2020/21,€22.08m,€12.95m,12.0,17.0,6.0,3.0,22.0,17.0,3.0,7.0,5.0,5.0,0.0,0.0
P1,06/05/2021,Belenenses,Portimonense,1.0,0.0,H,1.0,0.0,H,3.25,2.7,2.5,3.2,2.55,2.75,2020/21,€19.23m,€24.95m,13.0,10.0,3.0,2.0,11.0,12.0,3.0,4.0,3.0,1.0,0.0,0.0
P1,06/05/2021,Benfica,Porto,1.0,1.0,D,1.0,0.0,H,2.35,3.4,2.9,2.4,3.3,3.0,2020/21,€377.35m,€327.60m,5.0,15.0,3.0,2.0,21.0,13.0,7.0,11.0,8.0,3.0,0.0,0.0
P1,06/05/2021,Farense,Guimaraes,2.0,2.0,D,2.0,1.0,H,2.05,3.3,3.6,2.15,3.25,3.4,2020/21,€21.20m,€54.50m,13.0,13.0,8.0,3.0,30.0,11.0,3.0,6.0,3.0,4.0,0.0,1.0
P1,07/05/2021,Famalicao,Santa Clara,1.0,0.0,H,0.0,0.0,D,2.15,3.3,3.4,2.15,3.3,3.3,2020/21,€64.93m,€22.80m,14.0,6.0,4.0,3.0,14.0,14.0,5.0,2.0,4.0,6.0,0.0,2.0
P1,07/05/2021,Boavista,Tondela,1.0,1.0,D,0.0,0.0,D,1.8,3.6,4.33,1.85,3.4,4.2,2020/21,€35.15m,€13.60m,22.0,7.0,8.0,3.0,10.0,15.0,8.0,2.0,1.0,3.0,0.0,0.0
P1,09/05/2021,Pacos Ferreira,Maritimo,1.0,1.0,D,1.0,1.0,D,2.05,3.3,3.6,2.1,3.2,3.6,2020/21,€27.40m,€23.45m,17.0,7.0,5.0,1.0,16.0,13.0,7.0,4.0,3.0,1.0,0.0,0.0
P1,09/05/2021,Gil Vicente,Sp Braga,1.0,1.0,D,1.0,1.0,D,5.0,3.6,1.7,5.0,3.6,1.7,2020/21,€16.80m,€142.95m,5.0,12.0,2.0,3.0,11.0,7.0,2.0,4.0,1.0,2.0,0.0,0.0
P1,10/05/2021,Portimonense,Moreirense,1.0,2.0,A,1.0,1.0,D,1.83,3.6,4.33,1.9,3.5,3.9,2020/21,€24.95m,€22.08m,13.0,8.0,3.0,3.0,11.0,10.0,2.0,6.0,1.0,1.0,0.0,0.0
P1,10/05/2021,Porto,Farense,5.0,1.0,H,3.0,0.0,H,1.3,4.75,12.0,1.3,5.5,10.0,2020/21,€327.60m,€21.20m,13.0,6.0,7.0,1.0,18.0,12.0,3.0,1.0,4.0,4.0,0.0,1.0
P1,11/05/2021,Santa Clara,Rio Ave,1.0,0.0,H,0.0,0.0,D,2.37,3.0,3.25,2.4,3.0,3.1,2020/21,€22.80m,€32.88m,14.0,7.0,6.0,5.0,17.0,20.0,8.0,6.0,4.0,4.0,0.0,0.0
P1,11/05/2021,Tondela,Belenenses,1.0,3.0,A,1.0,2.0,A,2.45,3.0,3.1,2.5,2.95,3.0,2020/21,€13.60m,€19.23m,18.0,8.0,3.0,7.0,11.0,11.0,11.0,3.0,3.0,1.0,0.0,0.0
P1,11/05/2021,Nacional,Benfica,1.0,3.0,A,1.0,0.0,H,10.0,5.75,1.28,12.0,6.0,1.25,2020/21,€12.95m,€377.35m,15.0,14.0,4.0,3.0,15.0,17.0,5.0,6.0,1.0,3.0,0.0,0.0
P1,11/05/2021,Sp Lisbon,Boavista,1.0,0.0,H,1.0,0.0,H,1.28,5.0,12.0,1.33,5.0,10.5,2020/21,€257.28m,€35.15m,17.0,5.0,3.0,2.0,13.0,20.0,12.0,1.0,2.0,3.0,0.0,0.0
P1,12/05/2021,Guimaraes,Famalicao,1.0,2.0,A,1.0,1.0,D,2.4,3.1,3.1,2.4,3.0,3.1,2020/21,€54.50m,€64.93m,7.0,12.0,1.0,5.0,12.0,15.0,7.0,8.0,3.0,4.0,0.0,0.0
P1,14/05/2021,Pacos Ferreira,Gil Vicente,0.0,2.0,A,0.0,1.0,A,2.6,3.0,2.75,2.6,3.0,2.85,2020/21,€27.40m,€16.80m,8.0,13.0,4.0,7.0,10.0,14.0,2.0,9.0,2.0,0.0,0.0,0.0
P1,14/05/2021,Sp Braga,Moreirense,2.0,1.0,H,1.0,0.0,H,1.36,5.25,7.0,1.4,5.25,6.0,2020/21,€142.95m,€22.08m,15.0,10.0,5.0,3.0,13.0,17.0,10.0,1.0,2.0,4.0,0.0,0.0
P1,15/05/2021,Boavista,Portimonense,1.0,0.0,H,0.0,0.0,D,2.37,3.3,2.7,2.45,3.25,2.8,2020/21,€35.15m,€24.95m,10.0,8.0,2.0,0.0,18.0,27.0,2.0,5.0,4.0,4.0,0.0,0.0
P1,15/05/2021,Farense,Tondela,1.0,0.0,H,0.0,0.0,D,1.6,3.75,5.0,1.67,3.7,5.0,2020/21,€21.20m,€13.60m,15.0,12.0,5.0,4.0,18.0,15.0,5.0,3.0,4.0,2.0,0.0,1.0
P1,15/05/2021,Benfica,Sp Lisbon,4.0,3.0,H,3.0,1.0,H,1.9,3.5,3.9,1.95,3.5,4.0,2020/21,€377.35m,€257.28m,12.0,11.0,9.0,5.0,20.0,19.0,5.0,5.0,6.0,4.0,0.0,0.0
P1,15/05/2021,Rio Ave,Porto,0.0,3.0,A,0.0,0.0,D,6.5,4.2,1.44,6.25,4.25,1.53,2020/21,€32.88m,€327.60m,12.0,15.0,2.0,4.0,17.0,23.0,5.0,5.0,3.0,1.0,0.0,0.0
P1,16/05/2021,Famalicao,Nacional,3.0,0.0,H,1.0,0.0,H,1.9,3.5,4.0,1.85,3.5,4.1,2020/21,€64.93m,€12.95m,15.0,9.0,6.0,2.0,12.0,14.0,5.0,2.0,2.0,1.0,0.0,0.0
P1,16/05/2021,Belenenses,Santa Clara,0.0,2.0,A,0.0,1.0,A,3.0,3.1,2.4,2.95,2.95,2.55,2020/21,€19.23m,€22.80m,11.0,10.0,3.0,4.0,16.0,19.0,10.0,5.0,1.0,1.0,0.0,0.0
P1,16/05/2021,Maritimo,Guimaraes,0.0,0.0,D,0.0,0.0,D,2.8,3.1,2.6,2.65,3.2,2.6,2020/21,€23.45m,€54.50m,6.0,9.0,1.0,1.0,21.0,23.0,2.0,2.0,4.0,2.0,0.0,0.0
P1,18/05/2021,Tondela,Pacos Ferreira,2.0,3.0,A,2.0,2.0,D,2.9,3.3,2.37,3.2,3.2,2.25,2020/21,€13.60m,€27.40m,14.0,16.0,3.0,8.0,17.0,14.0,3.0,6.0,3.0,1.0,0.0,0.0
P1,19/05/2021,Gil Vicente,Boavista,1.0,2.0,A,1.0,0.0,H,3.5,3.6,2.0,3.25,3.5,2.1,2020/21,€16.80m,€35.15m,13.0,15.0,4.0,6.0,6.0,11.0,7.0,8.0,2.0,2.0,1.0,1.0
P1,19/05/2021,Moreirense,Famalicao,3.0,0.0,H,2.0,0.0,H,3.3,3.5,2.1,3.25,3.4,2.15,2020/21,€22.08m,€64.93m,11.0,14.0,3.0,3.0,13.0,21.0,6.0,3.0,3.0,3.0,0.0,0.0
P1,19/05/2021,Nacional,Rio Ave,1.0,2.0,A,1.0,0.0,H,5.5,3.6,1.65,5.25,3.7,1.65,2020/21,€12.95m,€32.88m,11.0,30.0,2.0,14.0,13.0,6.0,1.0,16.0,1.0,1.0,0.0,0.0
P1,19/05/2021,Portimonense,Sp Braga,0.0,0.0,D,0.0,0.0,D,3.2,3.1,2.3,3.0,3.0,2.5,2020/21,€24.95m,€142.95m,8.0,4.0,2.0,1.0,24.0,12.0,4.0,5.0,4.0,0.0,0.0,0.0
P1,19/05/2021,Santa Clara,Farense,4.0,0.0,H,2.0,0.0,H,2.15,3.4,3.25,2.15,3.3,3.3,2020/21,€22.80m,€21.20m,8.0,6.0,5.0,1.0,25.0,14.0,1.0,4.0,3.0,3.0,0.0,0.0
P1,06/08/2021,Sp Lisbon,Vizela,3.0,0.0,H,0.0,0.0,D,1.28,5.5,11.0,1.25,5.5,11.0,2021/22,€337.73m,€17.10m,15.0,6.0,5.0,1.0,9.0,16.0,3.0,5.0,1.0,3.0,0.0,0.0
P1,07/08/2021,Arouca,Estoril,0.0,2.0,A,0.0,1.0,A,2.25,3.1,3.4,2.25,3.1,3.3,2021/22,€16.80m,€36.23m,11.0,12.0,3.0,6.0,14.0,13.0,3.0,2.0,1.0,3.0,0.0,0.0
P1,07/08/2021,Moreirense,Benfica,1.0,2.0,A,1.0,2.0,A,8.0,4.5,1.4,7.75,4.4,1.4,2021/22,€19.00m,€310.18m,8.0,9.0,3.0,6.0,20.0,18.0,0.0,6.0,4.0,4.0,0.0,1.0
P1,07/08/2021,Maritimo,Sp Braga,0.0,2.0,A,0.0,0.0,D,5.0,3.4,1.75,4.5,3.4,1.8,2021/22,€16.10m,€159.03m,7.0,12.0,0.0,5.0,23.0,12.0,3.0,6.0,3.0,3.0,0.0,0.0
P1,08/08/2021,Guimaraes,Portimonense,0.0,1.0,A,0.0,0.0,D,2.0,3.2,4.0,2.0,3.3,3.7,2021/22,€68.00m,€38.48m,18.0,7.0,3.0,1.0,15.0,12.0,10.0,5.0,2.0,3.0,0.0,0.0
P1,08/08/2021,Tondela,Santa Clara,3.0,0.0,H,1.0,0.0,H,3.0,3.1,2.45,3.1,3.2,2.3,2021/22,€21.83m,€30.60m,10.0,23.0,5.0,5.0,18.0,12.0,3.0,5.0,1.0,3.0,0.0,0.0
P1,08/08/2021,Porto,Belenenses,2.0,0.0,H,1.0,0.0,H,1.22,6.0,11.0,1.22,6.25,11.5,2021/22,€403.58m,€20.00m,21.0,7.0,7.0,3.0,11.0,15.0,8.0,3.0,2.0,3.0,0.0,0.0
P1,08/08/2021,Pacos Ferreira,Famalicao,2.0,0.0,H,0.0,0.0,D,2.37,3.25,3.0,2.3,3.2,3.1,2021/22,€26.00m,€67.85m,20.0,10.0,3.0,2.0,33.0,20.0,6.0,3.0,2.0,4.0,0.0,0.0
P1,09/08/2021,Gil Vicente,Boavista,3.0,0.0,H,2.0,0.0,H,2.1,3.1,3.8,2.1,3.1,3.7,2021/22,€29.73m,€38.85m,9.0,13.0,6.0,5.0,21.0,10.0,1.0,5.0,3.0,3.0,0.0,0.0
P1,13/08/2021,Estoril,Guimaraes,0.0,0.0,D,0.0,0.0,D,2.7,3.2,2.45,3.0,3.0,2.45,2021/22,€36.23m,€68.00m,7.0,12.0,1.0,2.0,15.0,14.0,4.0,9.0,1.0,4.0,0.0,1.0
P1,14/08/2021,Vizela,Tondela,2.0,1.0,H,0.0,1.0,A,2.37,3.2,2.8,2.3,3.0,3.3,2021/22,€17.10m,€21.83m,20.0,8.0,6.0,2.0,18.0,11.0,11.0,4.0,2.0,3.0,0.0,0.0
P1,14/08/2021,Benfica,Arouca,2.0,0.0,H,2.0,0.0,H,1.18,6.5,15.0,1.19,7.0,15.5,2021/22,€310.18m,€16.80m,17.0,3.0,5.0,1.0,17.0,2.0,4.0,2.0,1.0,0.0,0.0,1.0
P1,14/08/2021,Sp Braga,Sp Lisbon,1.0,2.0,A,0.0,1.0,A,3.2,3.4,2.15,3.5,3.25,2.2,2021/22,€159.03m,€337.73m,16.0,5.0,6.0,3.0,18.0,14.0,6.0,5.0,3.0,4.0,0.0,1.0
P1,15/08/2021,Portimonense,Gil Vicente,0.0,1.0,A,0.0,0.0,D,2.3,3.2,3.0,2.4,3.0,3.1,2021/22,€38.48m,€29.73m,18.0,7.0,5.0,4.0,11.0,18.0,5.0,4.0,3.0,2.0,0.0,0.0
P1,15/08/2021,Famalicao,Porto,1.0,2.0,A,0.0,2.0,A,7.0,4.5,1.36,7.5,4.6,1.42,2021/22,€67.85m,€403.58m,7.0,12.0,1.0,4.0,16.0,14.0,3.0,2.0,3.0,1.0,0.0,0.0
P1,15/08/2021,Santa Clara,Moreirense,2.0,2.0,D,0.0,0.0,D,2.1,3.2,3.25,2.35,3.2,3.0,2021/22,€30.60m,€19.00m,17.0,10.0,4.0,4.0,13.0,21.0,5.0,4.0,5.0,4.0,0.0,1.0
P1,16/08/2021,Boavista,Pacos Ferreira,3.0,0.0,H,1.0,0.0,H,2.62,3.2,2.75,2.7,2.9,2.8,2021/22,€38.85m,€26.00m,8.0,17.0,4.0,5.0,16.0,15.0,2.0,8.0,3.0,2.0,0.0,0.0
P1,16/08/2021,Belenenses,Maritimo,1.0,2.0,A,1.0,2.0,A,2.37,3.1,3.1,2.4,2.9,3.25,2021/22,€20.00m,€16.10m,5.0,13.0,2.0,4.0,22.0,21.0,3.0,4.0,4.0,5.0,0.0,0.0
P1,20/08/2021,Arouca,Famalicao,2.0,1.0,H,0.0,1.0,A,2.9,3.1,2.5,3.0,2.95,2.5,2021/22,€16.80m,€67.85m,22.0,10.0,6.0,5.0,18.0,22.0,10.0,9.0,4.0,4.0,0.0,0.0
P1,20/08/2021,Moreirense,Sp Braga,2.0,3.0,A,0.0,2.0,A,4.75,3.8,1.66,5.25,3.6,1.67,2021/22,€19.00m,€159.03m,13.0,16.0,5.0,7.0,14.0,10.0,6.0,0.0,4.0,2.0,0.0,0.0
P1,21/08/2021,Gil Vicente,Benfica,0.0,2.0,A,0.0,0.0,D,5.5,4.0,1.55,5.25,4.4,1.57,2021/22,€29.73m,€310.18m,5.0,21.0,2.0,7.0,7.0,13.0,3.0,9.0,3.0,2.0,0.0,0.0
P1,21/08/2021,Sp Lisbon,Belenenses,2.0,0.0,H,1.0,0.0,H,1.16,6.5,15.0,1.2,6.75,15.5,2021/22,€337.73m,€20.00m,26.0,3.0,7.0,0.0,15.0,12.0,10.0,0.0,2.0,2.0,0.0,1.0
P1,22/08/2021,Tondela,Portimonense,0.0,3.0,A,0.0,2.0,A,2.75,3.0,2.5,3.0,2.9,2.55,2021/22,€21.83m,€38.48m,11.0,7.0,3.0,5.0,14.0,18.0,6.0,5.0,4.0,4.0,0.0,0.0
P1,22/08/2021,Maritimo,Porto,1.0,1.0,D,1.0,1.0,D,9.0,4.33,1.33,9.25,4.75,1.36,2021/22,€16.10m,€403.58m,5.0,16.0,1.0,5.0,21.0,18.0,3.0,4.0,4.0,1.0,0.0,0.0
P1,22/08/2021,Guimaraes,Vizela,4.0,0.0,H,0.0,0.0,D,1.65,3.6,5.5,1.72,3.5,5.0,2021/22,€68.00m,€17.10m,20.0,4.0,8.0,2.0,15.0,17.0,8.0,2.0,4.0,4.0,0.0,0.0
P1,23/08/2021,Pacos Ferreira,Estoril,1.0,3.0,A,1.0,1.0,D,2.1,3.1,3.5,2.1,3.25,3.5,2021/22,€26.00m,€36.23m,10.0,14.0,2.0,4.0,24.0,12.0,5.0,4.0,3.0,3.0,0.0,0.0
P1,23/08/2021,Boavista,Santa Clara,2.0,0.0,H,1.0,0.0,H,2.3,3.0,3.25,2.35,3.1,3.1,2021/22,€38.85m,€30.60m,9.0,11.0,4.0,2.0,16.0,12.0,5.0,5.0,3.0,3.0,0.0,0.0
P1,27/08/2021,Belenenses,Moreirense,1.0,1.0,D,1.0,0.0,H,3.5,3.0,2.2,3.4,3.0,2.25,2021/22,€20.00m,€19.00m,4.0,18.0,1.0,6.0,12.0,13.0,3.0,11.0,5.0,4.0,1.0,0.0
P1,27/08/2021,Estoril,Maritimo,2.0,1.0,H,1.0,1.0,D,2.0,3.1,4.0,2.0,3.1,4.0,2021/22,€36.23m,€16.10m,9.0,7.0,3.0,2.0,21.0,24.0,1.0,4.0,7.0,6.0,0.0,0.0
P1,28/08/2021,Vizela,Boavista,1.0,1.0,D,0.0,0.0,D,2.75,3.25,2.5,2.6,3.3,2.6,2021/22,€17.10m,€38.85m,16.0,5.0,4.0,1.0,17.0,10.0,11.0,2.0,3.0,3.0,0.0,0.0
P1,28/08/2021,Porto,Arouca,3.0,0.0,H,2.0,0.0,H,1.18,6.5,15.0,1.19,7.25,14.5,2021/22,€403.58m,€16.80m,15.0,8.0,4.0,1.0,16.0,14.0,4.0,5.0,4.0,3.0,0.0,0.0
P1,28/08/2021,Famalicao,Sp Lisbon,1.0,1.0,D,0.0,0.0,D,6.5,4.5,1.45,7.25,4.1,1.5,2021/22,€67.85m,€337.73m,14.0,15.0,5.0,5.0,12.0,17.0,2.0,9.0,4.0,5.0,0.0,0.0
P1,29/08/2021,Benfica,Tondela,2.0,1.0,H,0.0,1.0,A,1.2,6.5,15.0,1.2,6.75,14.0,2021/22,€310.18m,€21.83m,20.0,3.0,8.0,2.0,11.0,19.0,11.0,0.0,2.0,3.0,0.0,0.0
P1,29/08/2021,Sp Braga,Guimaraes,0.0,0.0,D,0.0,0.0,D,1.7,3.8,4.75,1.7,3.75,4.6,2021/22,€159.03m,€68.00m,20.0,11.0,6.0,2.0,14.0,16.0,6.0,6.0,2.0,5.0,0.0,0.0
P1,29/08/2021,Portimonense,Pacos Ferreira,0.0,1.0,A,0.0,1.0,A,2.05,3.1,3.8,2.1,3.1,3.7,2021/22,€38.48m,€26.00m,18.0,6.0,5.0,2.0,12.0,16.0,7.0,3.0,2.0,5.0,0.0,0.0
P1,29/08/2021,Santa Clara,Gil Vicente,1.0,0.0,H,1.0,0.0,H,2.6,3.0,2.9,2.55,2.95,2.95,2021/22,€30.60m,€29.73m,10.0,5.0,4.0,2.0,20.0,13.0,5.0,4.0,3.0,5.0,1.0,1.0
P1,11/09/2021,Pacos Ferreira,Sp Braga,0.0,0.0,D,0.0,0.0,D,4.33,3.4,1.83,4.4,3.4,1.8,2021/22,€26.00m,€159.03m,12.0,10.0,3.0,2.0,14.0,16.0,11.0,5.0,2.0,0.0,0.0,0.0
P1,11/09/2021,Santa Clara,Benfica,0.0,5.0,A,0.0,1.0,A,5.75,4.2,1.53,5.5,4.2,1.53,2021/22,€30.60m,€310.18m,11.0,8.0,5.0,5.0,20.0,20.0,7.0,2.0,2.0,1.0,0.0,0.0
P1,11/09/2021,Sp Lisbon,Porto,1.0,1.0,D,1.0,0.0,H,2.6,3.2,2.7,2.6,3.1,2.7,2021/22,€337.73m,€403.58m,9.0,5.0,5.0,1.0,19.0,21.0,5.0,4.0,6.0,6.0,0.0,1.0
P1,12/09/2021,Moreirense,Famalicao,2.0,2.0,D,1.0,1.0,D,2.8,3.1,2.45,2.7,3.1,2.55,2021/22,€19.00m,€67.85m,7.0,15.0,3.0,8.0,14.0,10.0,6.0,4.0,2.0,3.0,0.0,0.0
P1,12/09/2021,Boavista,Portimonense,1.0,1.0,D,0.0,1.0,A,2.4,3.1,2.87,2.4,3.2,2.9,2021/22,€38.85m,€38.48m,11.0,7.0,3.0,3.0,17.0,14.0,8.0,2.0,3.0,5.0,0.0,0.0
P1,12/09/2021,Gil Vicente,Vizela,2.0,2.0,D,0.0,1.0,A,1.95,3.3,3.6,1.98,3.3,3.7,2021/22,€29.73m,€17.10m,21.0,19.0,6.0,6.0,12.0,19.0,9.0,7.0,3.0,3.0,0.0,0.0
P1,12/09/2021,Guimaraes,Belenenses,0.0,0.0,D,0.0,0.0,D,1.5,4.0,6.0,1.51,4.1,6.25,2021/22,€68.00m,€20.00m,10.0,16.0,3.0,6.0,18.0,17.0,5.0,7.0,5.0,4.0,0.0,0.0
P1,13/09/2021,Maritimo,Arouca,2.0,2.0,D,2.0,1.0,H,2.0,3.25,3.75,2.05,3.2,3.6,2021/22,€16.10m,€16.80m,14.0,17.0,6.0,3.0,18.0,19.0,5.0,2.0,5.0,6.0,1.0,0.0
P1,13/09/2021,Tondela,Estoril,1.0,2.0,A,0.0,2.0,A,2.87,3.2,2.3,2.95,3.25,2.35,2021/22,€21.83m,€36.23m,20.0,11.0,5.0,4.0,18.0,24.0,6.0,5.0,2.0,7.0,0.0,0.0
P1,17/09/2021,Portimonense,Santa Clara,2.0,1.0,H,2.0,1.0,H,2.2,3.1,3.3,2.3,2.75,3.6,2021/22,€38.48m,€30.60m,10.0,13.0,4.0,2.0,21.0,11.0,4.0,2.0,4.0,3.0,0.0,0.0
P1,18/09/2021,Famalicao,Maritimo,0.0,0.0,D,0.0,0.0,D,2.0,3.3,3.6,2.05,3.3,3.5,2021/22,€67.85m,€16.10m,16.0,2.0,4.0,0.0,20.0,20.0,7.0,5.0,3.0,3.0,0.0,0.0
P1,18/09/2021,Belenenses,Gil Vicente,1.0,1.0,D,0.0,0.0,D,3.3,3.2,2.1,3.4,2.95,2.25,2021/22,€20.00m,€29.73m,11.0,8.0,4.0,4.0,19.0,15.0,4.0,7.0,3.0,3.0,0.0,0.0
P1,18/09/2021,Arouca,Guimaraes,2.0,2.0,D,0.0,1.0,A,3.8,3.4,1.9,3.9,3.3,1.95,2021/22,€16.80m,€68.00m,11.0,11.0,5.0,4.0,17.0,10.0,6.0,4.0,1.0,2.0,0.0,0.0
P1,19/09/2021,Vizela,Pacos Ferreira,1.0,1.0,D,1.0,0.0,H,2.3,3.1,2.9,2.37,3.25,2.9,2021/22,€17.10m,€26.00m,21.0,12.0,4.0,3.0,14.0,10.0,5.0,4.0,5.0,2.0,0.0,1.0
P1,19/09/2021,Porto,Moreirense,5.0,0.0,H,1.0,0.0,H,1.16,6.0,12.0,1.2,6.75,12.0,2021/22,€403.58m,€19.00m,18.0,5.0,7.0,0.0,11.0,11.0,6.0,5.0,2.0,3.0,0.0,0.0
P1,19/09/2021,Estoril,Sp Lisbon,0.0,1.0,A,0.0,0.0,D,5.25,3.8,1.57,5.5,3.9,1.58,2021/22,€36.23m,€337.73m,7.0,11.0,3.0,4.0,10.0,6.0,7.0,9.0,3.0,2.0,0.0,0.0
P1,20/09/2021,Benfica,Boavista,3.0,1.0,H,2.0,1.0,H,1.16,6.5,12.0,1.22,6.5,11.5,2021/22,€310.18m,€38.85m,8.0,10.0,6.0,6.0,16.0,13.0,5.0,4.0,1.0,3.0,0.0,0.0
P1,20/09/2021,Sp Braga,Tondela,3.0,1.0,H,0.0,0.0,D,1.33,4.75,8.0,1.33,5.25,8.0,2021/22,€159.03m,€21.83m,20.0,3.0,7.0,1.0,9.0,6.0,5.0,0.0,2.0,4.0,0.0,0.0
P1,24/09/2021,Sp Lisbon,Maritimo,1.0,0.0,H,0.0,0.0,D,1.22,5.5,13.0,1.27,5.25,12.0,2021/22,€337.73m,€16.10m,25.0,4.0,7.0,0.0,14.0,14.0,9.0,0.0,4.0,6.0,0.0,1.0
P1,24/09/2021,Gil Vicente,Porto,1.0,2.0,A,1.0,1.0,D,7.5,4.5,1.4,8.0,4.33,1.4,2021/22,€29.73m,€403.58m,8.0,16.0,4.0,8.0,15.0,17.0,2.0,6.0,5.0,4.0,0.0,0.0
P1,25/09/2021,Moreirense,Arouca,2.0,1.0,H,1.0,0.0,H,2.1,3.2,3.4,2.1,3.2,3.5,2021/22,€19.00m,€16.80m,8.0,17.0,3.0,5.0,20.0,8.0,5.0,9.0,5.0,2.0,0.0,0.0
P1,25/09/2021,Guimaraes,Benfica,1.0,3.0,A,0.0,2.0,A,5.0,3.8,1.61,4.6,3.6,1.72,2021/22,€68.00m,€310.18m,13.0,16.0,3.0,4.0,16.0,12.0,5.0,5.0,0.0,1.0,0.0,0.0
P1,25/09/2021,Tondela,Famalicao,3.0,2.0,H,1.0,1.0,D,3.4,3.1,2.2,3.25,3.2,2.2,2021/22,€21.83m,€67.85m,11.0,14.0,4.0,7.0,21.0,11.0,4.0,3.0,5.0,5.0,0.0,1.0
P1,26/09/2021,Santa Clara,Sp Braga,1.0,1.0,D,0.0,0.0,D,4.0,3.4,1.9,4.0,3.4,1.9,2021/22,€30.60m,€159.03m,15.0,10.0,3.0,4.0,12.0,19.0,5.0,5.0,3.0,1.0,0.0,0.0
P1,26/09/2021,Portimonense,Vizela,0.0,0.0,D,0.0,0.0,D,2.25,3.25,3.2,2.2,3.25,3.2,2021/22,€38.48m,€17.10m,14.0,14.0,4.0,2.0,17.0,14.0,7.0,5.0,4.0,2.0,0.0,0.0
P1,27/09/2021,Pacos Ferreira,Belenenses,2.0,2.0,D,2.0,0.0,H,1.7,3.5,5.25,1.71,3.5,5.0,2021/22,€26.00m,€20.00m,20.0,11.0,5.0,2.0,15.0,21.0,3.0,2.0,3.0,1.0,0.0,0.0
P1,27/09/2021,Boavista,Estoril,1.0,1.0,D,1.0,0.0,H,2.62,3.1,2.75,2.5,3.1,2.85,2021/22,€38.85m,€36.23m,9.0,9.0,3.0,1.0,15.0,12.0,2.0,13.0,3.0,2.0,0.0,0.0
P1,01/10/2021,Maritimo,Moreirense,0.0,0.0,D,0.0,0.0,D,2.1,3.2,3.6,2.15,3.25,3.4,2021/22,€16.10m,€19.00m,6.0,18.0,0.0,6.0,19.0,21.0,3.0,7.0,5.0,3.0,0.0,0.0
P1,01/10/2021,Famalicao,Guimaraes,1.0,2.0,A,1.0,1.0,D,2.5,3.2,2.87,2.55,3.4,2.55,2021/22,€67.85m,€68.00m,15.0,9.0,2.0,5.0,15.0,23.0,8.0,0.0,2.0,5.0,0.0,0.0
P1,02/10/2021,Vizela,Santa Clara,1.0,1.0,D,0.0,0.0,D,2.37,3.2,3.0,2.45,3.1,2.87,2021/22,€17.10m,€30.60m,16.0,10.0,4.0,1.0,19.0,13.0,6.0,4.0,6.0,4.0,0.0,0.0
P1,02/10/2021,Porto,Pacos Ferreira,2.0,1.0,H,1.0,1.0,D,1.25,5.5,12.0,1.25,5.5,12.0,2021/22,€403.58m,€26.00m,23.0,7.0,8.0,2.0,9.0,19.0,11.0,3.0,4.0,5.0,1.0,0.0
P1,02/10/2021,Arouca,Sp Lisbon,1.0,2.0,A,0.0,1.0,A,8.5,4.2,1.4,7.0,3.8,1.42,2021/22,€16.80m,€337.73m,10.0,10.0,5.0,8.0,21.0,14.0,4.0,5.0,3.0,5.0,0.0,0.0
P1,03/10/2021,Belenenses,Tondela,0.0,2.0,A,0.0,1.0,A,2.4,3.2,2.9,2.4,3.2,2.87,2021/22,€20.00m,€21.83m,13.0,11.0,2.0,5.0,21.0,11.0,1.0,4.0,5.0,2.0,0.0,0.0
P1,03/10/2021,Benfica,Portimonense,0.0,1.0,A,0.0,0.0,D,1.2,6.5,15.0,1.22,6.25,13.0,2021/22,€310.18m,€38.48m,24.0,5.0,7.0,3.0,14.0,22.0,13.0,4.0,2.0,5.0,0.0,0.0
P1,03/10/2021,Estoril,Gil Vicente,2.0,2.0,D,2.0,1.0,H,2.15,3.1,3.6,2.2,3.2,3.3,2021/22,€36.23m,€29.73m,14.0,23.0,4.0,9.0,10.0,18.0,1.0,5.0,2.0,4.0,0.0,0.0
P1,03/10/2021,Sp Braga,Boavista,2.0,2.0,D,1.0,1.0,D,1.44,4.5,6.0,1.46,4.4,6.5,2021/22,€159.03m,€38.85m,13.0,7.0,8.0,2.0,11.0,14.0,3.0,1.0,2.0,5.0,0.0,0.0
P1,22/10/2021,Guimaraes,Maritimo,2.0,1.0,H,0.0,0.0,D,1.53,4.0,6.5,1.51,4.2,6.0,2021/22,€68.00m,€16.10m,27.0,7.0,10.0,3.0,21.0,15.0,14.0,2.0,1.0,1.0,0.0,0.0
P1,23/10/2021,Santa Clara,Famalicao,0.0,2.0,A,0.0,1.0,A,2.45,3.1,3.0,2.4,3.0,3.1,2021/22,€30.60m,€67.85m,9.0,12.0,0.0,5.0,12.0,18.0,1.0,5.0,4.0,2.0,2.0,1.0
P1,23/10/2021,Tondela,Porto,1.0,3.0,A,1.0,2.0,A,8.5,4.75,1.36,8.0,4.6,1.37,2021/22,€21.83m,€403.58m,3.0,24.0,2.0,6.0,9.0,23.0,3.0,10.0,2.0,4.0,1.0,0.0
P1,23/10/2021,Sp Lisbon,Moreirense,1.0,0.0,H,1.0,0.0,H,1.22,5.75,13.0,1.21,6.0,14.5,2021/22,€337.73m,€19.00m,14.0,5.0,4.0,1.0,14.0,14.0,7.0,1.0,3.0,3.0,0.0,0.0
P1,24/10/2021,Pacos Ferreira,Arouca,0.0,0.0,D,0.0,0.0,D,1.9,3.6,3.8,1.95,3.4,3.7,2021/22,€26.00m,€16.80m,3.0,15.0,0.0,6.0,13.0,21.0,3.0,9.0,7.0,2.0,1.0,0.0
P1,24/10/2021,Vizela,Benfica,0.0,1.0,A,0.0,0.0,D,7.0,4.33,1.44,6.75,4.33,1.44,2021/22,€17.10m,€310.18m,15.0,14.0,4.0,7.0,12.0,9.0,7.0,12.0,3.0,3.0,0.0,0.0
P1,24/10/2021,Portimonense,Estoril,0.0,2.0,A,0.0,0.0,D,2.3,3.1,3.2,2.4,2.8,3.3,2021/22,€38.48m,€36.23m,24.0,6.0,3.0,2.0,18.0,16.0,6.0,1.0,1.0,3.0,0.0,0.0
P1,25/10/2021,Gil Vicente,Sp Braga,0.0,1.0,A,0.0,1.0,A,4.0,3.4,1.9,3.8,3.3,1.95,2021/22,€29.73m,€159.03m,21.0,13.0,7.0,4.0,10.0,12.0,11.0,2.0,1.0,4.0,0.0,0.0
P1,25/10/2021,Boavista,Belenenses,0.0,0.0,D,0.0,0.0,D,1.9,3.3,3.8,1.93,3.3,4.0,2021/22,€38.85m,€20.00m,15.0,4.0,5.0,0.0,19.0,17.0,5.0,1.0,4.0,4.0,0.0,0.0
P1,29/10/2021,Arouca,Tondela,2.0,0.0,H,1.0,0.0,H,2.3,3.25,3.1,2.25,3.2,3.1,2021/22,€16.80m,€21.83m,4.0,15.0,2.0,6.0,20.0,13.0,4.0,6.0,5.0,4.0,1.0,0.0
P1,30/10/2021,Porto,Boavista,4.0,1.0,H,2.0,1.0,H,1.18,6.5,13.0,1.19,6.75,14.0,2021/22,€403.58m,€38.85m,18.0,8.0,11.0,3.0,9.0,10.0,4.0,6.0,4.0,4.0,0.0,0.0
P1,30/10/2021,Estoril,Benfica,1.0,1.0,D,0.0,1.0,A,8.0,4.2,1.4,6.5,4.1,1.47,2021/22,€36.23m,€310.18m,8.0,15.0,2.0,7.0,14.0,13.0,4.0,10.0,3.0,2.0,0.0,0.0
P1,30/10/2021,Sp Lisbon,Guimaraes,1.0,0.0,H,1.0,0.0,H,1.53,4.2,5.5,1.49,4.2,6.0,2021/22,€337.73m,€68.00m,12.0,12.0,4.0,2.0,14.0,10.0,7.0,2.0,2.0,2.0,0.0,0.0
P1,31/10/2021,Maritimo,Gil Vicente,1.0,2.0,A,1.0,1.0,D,2.75,2.9,2.7,2.7,3.1,2.65,2021/22,€16.10m,€29.73m,19.0,14.0,7.0,5.0,14.0,21.0,4.0,5.0,1.0,4.0,0.0,0.0
P1,31/10/2021,Belenenses,Santa Clara,2.0,1.0,H,1.0,0.0,H,3.0,2.9,2.5,2.95,3.1,2.45,2021/22,€20.00m,€30.60m,10.0,12.0,4.0,4.0,15.0,10.0,8.0,7.0,0.0,0.0,0.0,0.0
P1,31/10/2021,Famalicao,Vizela,1.0,1.0,D,0.0,0.0,D,1.9,3.25,4.2,1.98,3.5,3.5,2021/22,€67.85m,€17.10m,14.0,9.0,5.0,3.0,17.0,15.0,5.0,2.0,1.0,1.0,0.0,0.0
P1,01/11/2021,Sp Braga,Portimonense,3.0,0.0,H,1.0,0.0,H,1.44,4.5,6.5,1.46,4.33,6.5,2021/22,€159.03m,€38.48m,18.0,5.0,5.0,2.0,13.0,15.0,3.0,5.0,3.0,6.0,0.0,0.0
P1,01/11/2021,Moreirense,Pacos Ferreira,1.0,1.0,D,0.0,0.0,D,2.4,3.2,3.1,2.4,3.2,2.87,2021/22,€19.00m,€26.00m,7.0,11.0,1.0,4.0,13.0,13.0,4.0,7.0,1.0,1.0,0.0,0.0
P1,05/11/2021,Gil Vicente,Arouca,1.0,1.0,D,0.0,1.0,A,1.85,3.4,4.33,1.83,3.5,4.1,2021/22,€29.73m,€16.80m,16.0,9.0,5.0,1.0,14.0,18.0,8.0,1.0,1.0,5.0,0.0,1.0
P1,05/11/2021,Boavista,Famalicao,2.0,5.0,A,1.0,3.0,A,4.0,3.3,1.95,3.9,3.4,1.88,2021/22,€38.85m,€67.85m,16.0,15.0,5.0,10.0,13.0,13.0,6.0,2.0,5.0,3.0,2.0,0.0
P1,06/11/2021,Vizela,Estoril,1.0,1.0,D,0.0,0.0,D,2.45,3.1,2.9,2.45,3.0,3.0,2021/22,€17.10m,€36.23m,12.0,8.0,3.0,6.0,13.0,16.0,3.0,1.0,2.0,3.0,1.0,0.0
P1,06/11/2021,Portimonense,Belenenses,2.0,0.0,H,1.0,0.0,H,1.9,3.25,4.33,1.95,3.2,4.0,2021/22,€38.48m,€20.00m,14.0,17.0,6.0,4.0,21.0,13.0,6.0,5.0,5.0,4.0,0.0,0.0
P1,06/11/2021,Guimaraes,Moreirense,2.0,1.0,H,1.0,0.0,H,1.45,4.0,8.0,1.49,4.2,6.0,2021/22,€68.00m,€19.00m,11.0,20.0,5.0,8.0,13.0,10.0,5.0,9.0,2.0,1.0,0.0,0.0
P1,07/11/2021,Tondela,Maritimo,4.0,2.0,H,3.0,0.0,H,2.2,3.2,3.4,2.1,3.3,3.4,2021/22,€21.83m,€16.10m,15.0,20.0,7.0,11.0,22.0,24.0,3.0,4.0,3.0,8.0,0.0,1.0
P1,07/11/2021,Santa Clara,Porto,0.0,3.0,A,0.0,1.0,A,8.0,4.5,1.4,6.75,4.33,1.44,2021/22,€30.60m,€403.58m,3.0,23.0,1.0,10.0,13.0,14.0,1.0,8.0,3.0,2.0,1.0,0.0
P1,07/11/2021,Pacos Ferreira,Sp Lisbon,0.0,2.0,A,0.0,0.0,D,7.0,3.8,1.5,6.0,4.0,1.53,2021/22,€26.00m,€337.73m,9.0,20.0,1.0,8.0,14.0,12.0,4.0,10.0,2.0,0.0,0.0,0.0
P1,07/11/2021,Benfica,Sp Braga,6.0,1.0,H,4.0,1.0,H,1.57,4.0,5.75,1.55,4.2,5.25,2021/22,€310.18m,€159.03m,12.0,8.0,9.0,4.0,13.0,12.0,2.0,6.0,3.0,2.0,0.0,0.0
P1,26/11/2021,Moreirense,Gil Vicente,2.0,2.0,D,0.0,0.0,D,2.37,3.0,3.2,2.4,3.2,2.87,2021/22,€19.00m,€29.73m,15.0,14.0,4.0,8.0,19.0,13.0,5.0,5.0,3.0,6.0,0.0,0.0
P1,27/11/2021,Famalicao,Portimonense,0.0,3.0,A,0.0,2.0,A,1.8,3.25,4.5,1.8,3.4,4.5,2021/22,€67.85m,€38.48m,20.0,6.0,2.0,2.0,17.0,10.0,8.0,3.0,1.0,3.0,0.0,0.0
P1,27/11/2021,Arouca,Boavista,2.0,1.0,H,1.0,0.0,H,2.05,3.2,3.8,2.0,3.4,3.5,2021/22,€16.80m,€38.85m,8.0,13.0,6.0,2.0,14.0,23.0,2.0,1.0,3.0,4.0,0.0,0.0
P1,27/11/2021,Belenenses,Benfica,0.0,7.0,A,0.0,7.0,A,15.0,5.75,1.2,12.0,5.75,1.24,2021/22,€20.00m,€310.18m,0.0,17.0,0.0,11.0,2.0,3.0,2.0,4.0,0.0,0.0,0.0,0.0
P1,28/11/2021,Maritimo,Pacos Ferreira,2.0,0.0,H,0.0,0.0,D,2.5,3.0,2.62,2.5,3.2,2.75,2021/22,€16.10m,€26.00m,9.0,16.0,4.0,3.0,15.0,19.0,2.0,8.0,2.0,3.0,0.0,0.0
P1,28/11/2021,Sp Lisbon,Tondela,2.0,0.0,H,1.0,0.0,H,1.2,6.0,19.0,1.21,6.0,15.5,2021/22,€337.73m,€21.83m,14.0,5.0,8.0,1.0,16.0,10.0,1.0,4.0,3.0,3.0,0.0,0.0
P1,28/11/2021,Porto,Guimaraes,2.0,1.0,H,1.0,1.0,D,1.3,4.75,8.0,1.34,5.25,8.0,2021/22,€403.58m,€68.00m,17.0,9.0,9.0,2.0,16.0,15.0,5.0,2.0,3.0,6.0,0.0,1.0
P1,29/11/2021,Estoril,Santa Clara,2.0,2.0,D,1.0,1.0,D,2.05,3.2,4.0,1.98,3.25,3.8,2021/22,€36.23m,€30.60m,11.0,10.0,7.0,5.0,11.0,15.0,4.0,3.0,2.0,2.0,0.0,0.0
P1,30/11/2021,Sp Braga,Vizela,4.0,1.0,H,2.0,0.0,H,1.4,4.33,7.0,1.44,4.5,6.5,2021/22,€159.03m,€17.10m,17.0,8.0,9.0,2.0,11.0,10.0,10.0,1.0,1.0,0.0,0.0,0.0
P1,03/12/2021,Portimonense,Porto,0.0,3.0,A,0.0,1.0,A,9.5,4.33,1.36,8.0,4.6,1.37,2021/22,€38.48m,€403.58m,7.0,23.0,4.0,6.0,11.0,14.0,3.0,6.0,3.0,1.0,0.0,0.0
P1,03/12/2021,Benfica,Sp Lisbon,1.0,3.0,A,0.0,1.0,A,2.05,3.4,3.6,1.88,3.3,4.2,2021/22,€310.18m,€337.73m,11.0,14.0,3.0,5.0,15.0,19.0,3.0,3.0,3.0,6.0,0.0,0.0
P1,04/12/2021,Boavista,Maritimo,1.0,1.0,D,1.0,0.0,H,2.3,3.0,3.4,2.3,3.1,3.1,2021/22,€38.85m,€16.10m,6.0,10.0,4.0,3.0,23.0,14.0,2.0,6.0,5.0,6.0,1.0,1.0
P1,04/12/2021,Pacos Ferreira,Guimaraes,1.0,2.0,A,1.0,0.0,H,3.1,3.0,2.45,2.95,3.0,2.45,2021/22,€26.00m,€68.00m,7.0,17.0,3.0,8.0,12.0,16.0,4.0,6.0,2.0,4.0,0.0,0.0
P1,05/12/2021,Santa Clara,Arouca,2.0,1.0,H,2.0,1.0,H,2.1,3.3,3.4,2.1,3.4,3.4,2021/22,€30.60m,€16.80m,5.0,13.0,4.0,4.0,16.0,16.0,1.0,8.0,4.0,4.0,0.0,0.0
P1,05/12/2021,Gil Vicente,Famalicao,4.0,0.0,H,3.0,0.0,H,2.87,3.0,2.62,2.85,3.1,2.5,2021/22,€29.73m,€67.85m,18.0,9.0,10.0,1.0,16.0,11.0,4.0,1.0,3.0,3.0,0.0,0.0
P1,05/12/2021,Sp Braga,Estoril,2.0,0.0,H,2.0,0.0,H,1.5,4.2,6.5,1.5,4.2,6.0,2021/22,€159.03m,€36.23m,14.0,11.0,4.0,5.0,15.0,19.0,2.0,7.0,6.0,3.0,1.0,0.0
P1,10/12/2021,Pacos Ferreira,Gil Vicente,0.0,1.0,A,0.0,0.0,D,3.0,3.1,2.4,2.65,3.1,2.65,2021/22,€26.00m,€29.73m,11.0,13.0,2.0,5.0,17.0,10.0,7.0,5.0,3.0,2.0,0.0,0.0
P1,11/12/2021,Maritimo,Santa Clara,4.0,1.0,H,2.0,1.0,H,2.55,3.1,2.87,2.37,3.25,2.87,2021/22,€16.10m,€30.60m,9.0,10.0,4.0,3.0,15.0,15.0,4.0,2.0,1.0,3.0,0.0,0.0
P1,11/12/2021,Guimaraes,Tondela,5.0,2.0,H,2.0,2.0,D,1.44,4.75,6.5,1.39,4.8,7.0,2021/22,€68.00m,€21.83m,18.0,8.0,10.0,3.0,21.0,18.0,0.0,8.0,3.0,4.0,0.0,1.0
P1,11/12/2021,Sp Lisbon,Boavista,2.0,0.0,H,0.0,0.0,D,1.18,6.5,15.0,1.16,7.0,18.5,2021/22,€337.73m,€38.85m,19.0,4.0,6.0,2.0,12.0,16.0,10.0,3.0,0.0,1.0,0.0,0.0
P1,12/12/2021,Belenenses,Estoril,0.0,1.0,A,0.0,1.0,A,4.5,3.4,1.85,4.33,3.4,1.82,2021/22,€20.00m,€36.23m,7.0,21.0,0.0,7.0,11.0,10.0,0.0,14.0,2.0,1.0,0.0,0.0
P1,12/12/2021,Moreirense,Portimonense,0.0,1.0,A,0.0,0.0,D,2.45,3.1,3.0,2.45,3.1,2.9,2021/22,€19.00m,€38.48m,11.0,7.0,4.0,4.0,14.0,16.0,6.0,1.0,2.0,2.0,0.0,0.0
P1,12/12/2021,Famalicao,Benfica,1.0,4.0,A,1.0,2.0,A,7.0,4.5,1.44,6.75,4.1,1.47,2021/22,€67.85m,€310.18m,13.0,6.0,2.0,4.0,13.0,13.0,5.0,2.0,2.0,2.0,0.0,0.0
P1,12/12/2021,Porto,Sp Braga,1.0,0.0,H,1.0,0.0,H,1.5,4.33,6.5,1.47,4.33,6.25,2021/22,€403.58m,€159.03m,20.0,7.0,4.0,1.0,12.0,14.0,6.0,3.0,3.0,5.0,0.0,0.0
P1,13/12/2021,Arouca,Vizela,1.0,4.0,A,0.0,4.0,A,2.2,3.2,3.3,2.2,3.25,3.2,2021/22,€16.80m,€17.10m,15.0,10.0,2.0,4.0,11.0,18.0,6.0,4.0,2.0,4.0,0.0,0.0
P1,17/12/2021,Santa Clara,Guimaraes,1.0,0.0,H,1.0,0.0,H,3.25,3.2,2.3,3.0,3.3,2.25,2021/22,€30.60m,€68.00m,15.0,10.0,6.0,2.0,12.0,16.0,8.0,2.0,2.0,3.0,0.0,0.0
P1,17/12/2021,Estoril,Famalicao,2.0,2.0,D,2.0,1.0,H,2.2,3.4,3.1,2.25,3.4,3.0,2021/22,€36.23m,€67.85m,11.0,7.0,4.0,3.0,11.0,18.0,7.0,2.0,3.0,5.0,0.0,0.0
P1,18/12/2021,Portimonense,Arouca,1.0,1.0,D,0.0,0.0,D,2.0,3.3,3.75,2.05,3.2,3.6,2021/22,€38.48m,€16.80m,12.0,19.0,5.0,6.0,15.0,15.0,5.0,6.0,3.0,4.0,0.0,0.0
P1,18/12/2021,Tondela,Pacos Ferreira,0.0,1.0,A,0.0,0.0,D,2.37,3.25,3.0,2.4,3.25,2.85,2021/22,€21.83m,€26.00m,12.0,9.0,9.0,5.0,9.0,18.0,7.0,6.0,2.0,4.0,0.0,0.0
P1,18/12/2021,Gil Vicente,Sp Lisbon,0.0,3.0,A,0.0,0.0,D,6.0,4.0,1.53,6.25,4.1,1.51,2021/22,€29.73m,€337.73m,7.0,17.0,4.0,9.0,9.0,10.0,1.0,5.0,1.0,5.0,1.0,1.0
P1,19/12/2021,Benfica,Maritimo,7.0,1.0,H,3.0,0.0,H,1.12,7.5,19.0,1.13,8.0,21.0,2021/22,€310.18m,€16.10m,17.0,9.0,9.0,2.0,20.0,12.0,1.0,3.0,1.0,2.0,0.0,0.0
P1,19/12/2021,Boavista,Moreirense,1.0,0.0,H,1.0,0.0,H,2.55,3.1,2.8,2.45,3.1,2.87,2021/22,€38.85m,€19.00m,14.0,9.0,5.0,3.0,14.0,13.0,5.0,7.0,2.0,2.0,1.0,0.0
P1,19/12/2021,Vizela,Porto,0.0,4.0,A,0.0,2.0,A,9.0,5.0,1.33,8.25,5.25,1.33,2021/22,€17.10m,€403.58m,9.0,15.0,4.0,7.0,12.0,8.0,3.0,11.0,1.0,1.0,1.0,0.0
P1,19/12/2021,Sp Braga,Belenenses,1.0,0.0,H,1.0,0.0,H,1.18,6.5,15.0,1.19,6.5,16.0,2021/22,€159.03m,€20.00m,18.0,6.0,5.0,2.0,22.0,14.0,6.0,3.0,4.0,4.0,0.0,0.0
P1,28/12/2021,Tondela,Gil Vicente,0.0,3.0,A,0.0,0.0,D,3.3,3.5,2.15,3.1,3.4,2.15,2021/22,€21.83m,€29.73m,7.0,12.0,2.0,6.0,21.0,10.0,6.0,2.0,5.0,2.0,0.0,0.0
P1,28/12/2021,Maritimo,Vizela,2.0,0.0,H,0.0,0.0,D,3.0,3.25,2.37,3.0,3.0,2.4,2021/22,€16.10m,€17.10m,11.0,7.0,5.0,1.0,18.0,15.0,2.0,4.0,2.0,4.0,0.0,1.0
P1,28/12/2021,Moreirense,Estoril,1.0,0.0,H,1.0,0.0,H,3.0,3.1,2.5,2.85,3.0,2.55,2021/22,€19.00m,€36.23m,5.0,13.0,3.0,4.0,13.0,11.0,7.0,11.0,2.0,4.0,0.0,0.0
P1,29/12/2021,Guimaraes,Boavista,1.0,1.0,D,0.0,0.0,D,1.66,3.8,5.0,1.63,3.9,5.0,2021/22,€68.00m,€38.85m,17.0,11.0,2.0,4.0,23.0,16.0,11.0,4.0,6.0,2.0,0.0,0.0
P1,29/12/2021,Sp Lisbon,Portimonense,3.0,2.0,H,0.0,1.0,A,1.3,5.25,11.0,1.27,5.5,11.0,2021/22,€337.73m,€38.48m,24.0,6.0,12.0,2.0,17.0,10.0,5.0,0.0,4.0,3.0,0.0,1.0
P1,30/12/2021,Pacos Ferreira,Santa Clara,2.0,1.0,H,0.0,1.0,A,2.5,3.2,2.87,2.5,3.1,2.8,2021/22,€26.00m,€30.60m,9.0,11.0,3.0,4.0,15.0,23.0,2.0,4.0,4.0,4.0,0.0,1.0
P1,30/12/2021,Arouca,Sp Braga,0.0,6.0,A,0.0,3.0,A,5.0,3.8,1.7,4.75,3.7,1.68,2021/22,€16.80m,€159.03m,6.0,11.0,0.0,8.0,14.0,16.0,1.0,1.0,1.0,2.0,0.0,0.0
P1,30/12/2021,Porto,Benfica,3.0,1.0,H,2.0,0.0,H,1.85,3.75,4.2,1.85,3.6,3.9,2021/22,€403.58m,€310.18m,15.0,13.0,6.0,5.0,13.0,13.0,5.0,7.0,3.0,5.0,0.0,1.0
P1,02/01/2022,Vizela,Belenenses,2.0,0.0,H,2.0,0.0,H,1.9,3.4,4.0,1.93,3.4,3.9,2021/22,€17.10m,€20.00m,12.0,19.0,4.0,7.0,12.0,21.0,4.0,10.0,2.0,4.0,0.0,0.0
P1,03/01/2022,Tondela,Moreirense,2.0,1.0,H,0.0,1.0,A,2.7,3.25,2.62,2.6,3.2,2.65,2021/22,€21.83m,€19.00m,10.0,9.0,5.0,5.0,12.0,21.0,1.0,3.0,2.0,2.0,0.0,0.0
P1,07/01/2022,Santa Clara,Sp Lisbon,3.0,2.0,H,1.0,1.0,D,8.5,4.5,1.4,8.0,4.33,1.41,2021/22,€30.60m,€337.73m,9.0,19.0,5.0,5.0,32.0,12.0,3.0,3.0,6.0,3.0,0.0,1.0
P1,08/01/2022,Vizela,Moreirense,0.0,1.0,A,0.0,0.0,D,2.3,3.25,3.1,2.25,3.3,3.0,2021/22,€17.10m,€19.00m,15.0,14.0,3.0,4.0,10.0,19.0,8.0,5.0,0.0,6.0,1.0,0.0
P1,08/01/2022,Estoril,Porto,2.0,3.0,A,2.0,0.0,H,26.0,8.5,1.09,29.0,8.5,1.11,2021/22,€36.23m,€403.58m,7.0,23.0,2.0,10.0,15.0,18.0,2.0,7.0,4.0,2.0,0.0,0.0
P1,08/01/2022,Boavista,Tondela,1.0,1.0,D,0.0,0.0,D,2.0,3.4,4.0,1.95,3.5,3.6,2021/22,€38.85m,€21.83m,18.0,5.0,4.0,2.0,21.0,16.0,9.0,4.0,3.0,1.0,0.0,0.0
P1,09/01/2022,Portimonense,Maritimo,1.0,2.0,A,0.0,1.0,A,2.15,3.2,3.6,2.1,3.1,3.5,2021/22,€38.48m,€16.10m,18.0,17.0,4.0,8.0,11.0,15.0,7.0,4.0,4.0,3.0,0.0,0.0
P1,09/01/2022,Benfica,Pacos Ferreira,2.0,0.0,H,1.0,0.0,H,1.2,7.0,15.0,1.17,7.25,15.5,2021/22,€310.18m,€26.00m,22.0,6.0,6.0,1.0,17.0,12.0,9.0,1.0,2.0,3.0,0.0,1.0
P1,09/01/2022,Sp Braga,Famalicao,2.0,2.0,D,1.0,1.0,D,1.4,4.75,7.5,1.42,4.5,7.0,2021/22,€159.03m,€67.85m,17.0,10.0,8.0,7.0,12.0,12.0,5.0,2.0,2.0,4.0,1.0,0.0
P1,09/01/2022,Belenenses,Arouca,2.0,1.0,H,0.0,1.0,A,2.75,3.1,2.7,2.8,3.1,2.55,2021/22,€20.00m,€16.80m,15.0,10.0,5.0,2.0,20.0,24.0,4.0,2.0,8.0,3.0,1.0,2.0
P1,10/01/2022,Gil Vicente,Guimaraes,3.0,2.0,H,1.0,0.0,H,2.6,3.1,2.87,2.45,3.1,2.95,2021/22,€29.73m,€68.00m,17.0,8.0,10.0,2.0,15.0,16.0,6.0,1.0,2.0,5.0,0.0,1.0
P1,13/01/2022,Famalicao,Belenenses,1.0,0.0,H,0.0,0.0,D,1.9,3.4,4.0,1.66,3.6,5.25,2021/22,€67.85m,€20.00m,11.0,8.0,2.0,4.0,20.0,20.0,5.0,5.0,1.0,2.0,0.0,0.0
P1,15/01/2022,Boavista,Gil Vicente,1.0,1.0,D,1.0,0.0,H,3.1,3.1,2.4,3.0,3.2,2.35,2021/22,€38.85m,€29.73m,17.0,4.0,5.0,2.0,9.0,13.0,8.0,5.0,3.0,2.0,0.0,0.0
P1,15/01/2022,Benfica,Moreirense,1.0,1.0,D,0.0,0.0,D,1.2,6.5,17.0,1.19,6.5,16.5,2021/22,€310.18m,€19.00m,16.0,9.0,5.0,2.0,13.0,11.0,9.0,1.0,3.0,5.0,0.0,0.0
P1,15/01/2022,Sp Braga,Maritimo,0.0,1.0,A,0.0,0.0,D,1.4,4.5,8.0,1.4,4.4,7.75,2021/22,€159.03m,€16.10m,16.0,8.0,4.0,3.0,19.0,8.0,7.0,4.0,2.0,1.0,0.0,0.0
P1,16/01/2022,Santa Clara,Tondela,2.0,2.0,D,2.0,0.0,H,1.83,3.5,4.5,1.87,3.4,4.1,2021/22,€30.60m,€21.83m,18.0,12.0,9.0,7.0,12.0,16.0,11.0,5.0,1.0,1.0,0.0,0.0
P1,16/01/2022,Vizela,Sp Lisbon,0.0,2.0,A,0.0,2.0,A,10.0,5.75,1.28,10.5,5.5,1.27,2021/22,€17.10m,€337.73m,8.0,14.0,1.0,6.0,15.0,13.0,2.0,4.0,3.0,3.0,0.0,0.0
P1,16/01/2022,Famalicao,Pacos Ferreira,0.0,0.0,D,0.0,0.0,D,2.0,3.2,4.0,2.0,3.25,3.75,2021/22,€67.85m,€26.00m,10.0,11.0,6.0,3.0,15.0,21.0,2.0,8.0,4.0,3.0,1.0,0.0
P1,16/01/2022,Belenenses,Porto,1.0,4.0,A,1.0,1.0,D,13.0,7.0,1.18,13.0,6.5,1.21,2021/22,€20.00m,€403.58m,4.0,24.0,2.0,9.0,13.0,16.0,3.0,8.0,5.0,3.0,2.0,0.0
P1,17/01/2022,Portimonense,Guimaraes,1.0,1.0,D,0.0,1.0,A,2.62,3.0,2.8,2.6,3.2,2.65,2021/22,€38.48m,€68.00m,15.0,12.0,4.0,6.0,14.0,18.0,6.0,4.0,4.0,5.0,0.0,0.0
P1,21/01/2022,Arouca,Benfica,0.0,2.0,A,0.0,1.0,A,10.0,5.25,1.28,10.5,5.25,1.28,2021/22,€16.80m,€310.18m,8.0,8.0,2.0,6.0,21.0,16.0,2.0,2.0,5.0,1.0,0.0,0.0
P1,21/01/2022,Pacos Ferreira,Boavista,1.0,1.0,D,1.0,0.0,H,2.45,3.0,3.1,2.55,2.87,3.0,2021/22,€26.00m,€38.85m,11.0,18.0,3.0,9.0,16.0,19.0,7.0,0.0,4.0,6.0,0.0,0.0
P1,22/01/2022,Moreirense,Santa Clara,0.0,2.0,A,0.0,1.0,A,2.37,3.1,3.1,2.35,3.1,3.0,2021/22,€19.00m,€30.60m,11.0,10.0,3.0,3.0,12.0,14.0,2.0,3.0,2.0,2.0,1.0,0.0
P1,22/01/2022,Tondela,Vizela,2.0,3.0,A,2.0,1.0,H,2.8,3.2,2.5,2.8,3.4,2.37,2021/22,€21.83m,€17.10m,12.0,21.0,3.0,8.0,16.0,18.0,6.0,10.0,4.0,6.0,0.0,0.0
P1,22/01/2022,Sp Lisbon,Sp Braga,1.0,2.0,A,1.0,0.0,H,1.6,4.0,5.5,1.53,4.1,5.75,2021/22,€337.73m,€159.03m,13.0,9.0,4.0,3.0,20.0,12.0,3.0,4.0,3.0,3.0,0.0,0.0
P1,23/01/2022,Guimaraes,Estoril,3.0,1.0,H,0.0,1.0,A,1.9,3.25,4.2,1.93,3.3,3.9,2021/22,€68.00m,€36.23m,20.0,7.0,7.0,3.0,11.0,11.0,4.0,4.0,4.0,3.0,0.0,0.0
P1,23/01/2022,Maritimo,Belenenses,1.0,1.0,D,1.0,1.0,D,1.75,3.4,5.0,1.75,3.5,4.75,2021/22,€16.10m,€20.00m,16.0,15.0,2.0,9.0,10.0,26.0,7.0,2.0,0.0,4.0,1.0,1.0
P1,23/01/2022,Gil Vicente,Portimonense,1.0,0.0,H,0.0,0.0,D,2.0,3.25,3.8,2.0,3.3,3.7,2021/22,€29.73m,€38.48m,28.0,3.0,6.0,1.0,13.0,7.0,12.0,2.0,3.0,6.0,0.0,1.0
P1,23/01/2022,Porto,Famalicao,3.0,1.0,H,2.0,0.0,H,1.2,6.5,12.0,1.23,6.0,12.0,2021/22,€403.58m,€67.85m,18.0,6.0,9.0,1.0,13.0,14.0,7.0,4.0,0.0,4.0,1.0,0.0
P1,27/01/2022,Estoril,Arouca,1.0,2.0,A,1.0,0.0,H,2.0,3.3,3.8,1.9,3.4,3.9,2021/22,€36.23m,€16.80m,11.0,21.0,4.0,5.0,15.0,18.0,4.0,9.0,3.0,2.0,0.0,0.0
P1,30/01/2022,Portimonense,Tondela,1.0,2.0,A,1.0,0.0,H,1.95,3.3,3.75,2.0,3.3,3.7,2021/22,€38.48m,€21.83m,11.0,10.0,6.0,4.0,15.0,11.0,6.0,2.0,5.0,0.0,0.0,0.0
P1,30/01/2022,Vizela,Guimaraes,3.0,2.0,H,1.0,1.0,D,2.87,3.1,2.37,2.95,3.25,2.35,2021/22,€17.10m,€68.00m,16.0,11.0,6.0,4.0,17.0,16.0,6.0,10.0,3.0,3.0,0.0,0.0
P1,30/01/2022,Sp Braga,Moreirense,2.0,0.0,H,0.0,0.0,D,1.4,4.33,6.5,1.38,4.6,7.75,2021/22,€159.03m,€19.00m,11.0,15.0,5.0,1.0,21.0,13.0,9.0,2.0,3.0,1.0,0.0,0.0
P1,30/01/2022,Porto,Maritimo,2.0,1.0,H,1.0,0.0,H,1.11,7.0,21.0,1.14,7.5,21.0,2021/22,€403.58m,€16.10m,14.0,8.0,5.0,3.0,24.0,15.0,1.0,3.0,4.0,5.0,0.0,0.0
P1,31/01/2022,Estoril,Pacos Ferreira,0.0,0.0,D,0.0,0.0,D,2.0,3.1,3.6,2.1,3.2,3.5,2021/22,€36.23m,€26.00m,12.0,11.0,6.0,4.0,20.0,13.0,3.0,1.0,6.0,2.0,1.0,0.0
P1,31/01/2022,Famalicao,Arouca,0.0,0.0,D,0.0,0.0,D,1.8,3.3,4.2,1.98,3.3,3.75,2021/22,€67.85m,€16.80m,3.0,7.0,1.0,2.0,14.0,26.0,4.0,4.0,2.0,3.0,0.0,0.0
P1,01/02/2022,Santa Clara,Boavista,2.0,1.0,H,1.0,1.0,D,2.15,3.0,3.4,2.25,3.0,3.3,2021/22,€30.60m,€38.85m,12.0,12.0,3.0,5.0,15.0,15.0,2.0,5.0,3.0,4.0,0.0,0.0
P1,02/02/2022,Benfica,Gil Vicente,1.0,2.0,A,0.0,1.0,A,1.28,5.0,9.0,1.26,5.5,11.5,2021/22,€310.18m,€29.73m,23.0,12.0,5.0,6.0,15.0,6.0,13.0,3.0,4.0,3.0,0.0,0.0
P1,02/02/2022,Belenenses,Sp Lisbon,1.0,4.0,A,1.0,3.0,A,10.0,5.5,1.25,11.0,5.5,1.26,2021/22,€20.00m,€337.73m,6.0,15.0,2.0,6.0,23.0,19.0,1.0,4.0,5.0,1.0,0.0,0.0
P1,05/02/2022,Maritimo,Estoril,0.0,0.0,D,0.0,0.0,D,2.62,3.1,2.75,2.65,3.1,2.65,2021/22,€16.10m,€36.23m,28.0,7.0,4.0,0.0,11.0,16.0,13.0,2.0,3.0,2.0,0.0,1.0
P1,05/02/2022,Pacos Ferreira,Portimonense,1.0,1.0,D,1.0,0.0,H,2.37,3.2,3.1,2.37,3.2,2.95,2021/22,€26.00m,€38.48m,14.0,19.0,3.0,8.0,24.0,23.0,8.0,7.0,5.0,5.0,0.0,0.0
P1,05/02/2022,Guimaraes,Sp Braga,2.0,1.0,H,1.0,0.0,H,3.5,3.5,2.05,3.5,3.6,1.95,2021/22,€68.00m,€159.03m,10.0,11.0,5.0,4.0,13.0,14.0,3.0,5.0,4.0,1.0,1.0,0.0
P1,06/02/2022,Boavista,Vizela,2.0,2.0,D,0.0,1.0,A,2.2,3.2,3.4,2.1,3.25,3.4,2021/22,€38.85m,€17.10m,12.0,20.0,4.0,4.0,14.0,17.0,7.0,5.0,5.0,6.0,1.0,1.0
P1,06/02/2022,Gil Vicente,Santa Clara,2.0,2.0,D,1.0,1.0,D,2.0,3.25,3.8,1.87,3.4,4.1,2021/22,€29.73m,€30.60m,8.0,11.0,3.0,4.0,20.0,18.0,1.0,9.0,3.0,5.0,0.0,2.0
P1,06/02/2022,Arouca,Porto,0.0,2.0,A,0.0,0.0,D,10.0,5.25,1.3,10.0,5.25,1.3,2021/22,€16.80m,€403.58m,6.0,15.0,1.0,4.0,14.0,18.0,3.0,3.0,5.0,4.0,0.0,0.0
P1,06/02/2022,Sp Lisbon,Famalicao,2.0,0.0,H,1.0,0.0,H,1.33,4.5,10.0,1.34,4.6,9.75,2021/22,€337.73m,€67.85m,8.0,8.0,4.0,5.0,16.0,20.0,4.0,4.0,2.0,2.0,0.0,0.0
P1,07/02/2022,Tondela,Benfica,1.0,3.0,A,0.0,2.0,A,9.0,5.0,1.33,8.0,4.6,1.38,2021/22,€21.83m,€310.18m,12.0,19.0,3.0,8.0,15.0,17.0,4.0,9.0,2.0,1.0,1.0,0.0
P1,07/02/2022,Moreirense,Belenenses,4.0,1.0,H,2.0,1.0,H,1.9,3.3,4.33,2.0,3.25,3.7,2021/22,€19.00m,€20.00m,18.0,3.0,10.0,1.0,14.0,17.0,2.0,0.0,2.0,1.0,0.0,1.0
P1,11/02/2022,Porto,Sp Lisbon,2.0,2.0,D,1.0,2.0,A,2.0,3.3,4.0,2.05,3.2,3.7,2021/22,€403.58m,€337.73m,21.0,7.0,7.0,3.0,18.0,13.0,9.0,0.0,4.0,7.0,2.0,3.0
P1,12/02/2022,Sp Braga,Pacos Ferreira,2.0,1.0,H,0.0,1.0,A,1.4,4.75,8.0,1.36,4.6,8.75,2021/22,€159.03m,€26.00m,17.0,9.0,5.0,3.0,22.0,17.0,3.0,8.0,4.0,2.0,1.0,0.0
P1,12/02/2022,Benfica,Santa Clara,2.0,1.0,H,0.0,1.0,A,1.28,5.75,9.5,1.27,5.75,9.75,2021/22,€310.18m,€30.60m,16.0,7.0,4.0,4.0,12.0,17.0,7.0,2.0,3.0,5.0,0.0,0.0
P1,12/02/2022,Portimonense,Boavista,1.0,1.0,D,1.0,1.0,D,2.25,3.0,3.6,2.1,3.2,3.6,2021/22,€38.48m,€38.85m,21.0,17.0,4.0,3.0,12.0,10.0,6.0,6.0,4.0,3.0,0.0,1.0
P1,12/02/2022,Estoril,Tondela,1.0,0.0,H,0.0,0.0,D,2.0,3.4,3.75,1.95,3.4,3.8,2021/22,€36.23m,€21.83m,15.0,8.0,8.0,3.0,21.0,14.0,1.0,2.0,2.0,2.0,0.0,0.0
P1,13/02/2022,Famalicao,Moreirense,5.0,0.0,H,4.0,0.0,H,2.05,3.3,3.6,2.0,3.3,3.5,2021/22,€67.85m,€19.00m,13.0,6.0,9.0,4.0,15.0,11.0,4.0,5.0,4.0,4.0,0.0,0.0
P1,13/02/2022,Belenenses,Guimaraes,1.0,0.0,H,0.0,0.0,D,4.5,3.6,1.8,4.33,3.5,1.8,2021/22,€20.00m,€68.00m,13.0,19.0,4.0,2.0,11.0,23.0,5.0,3.0,6.0,4.0,0.0,0.0
P1,13/02/2022,Vizela,Gil Vicente,0.0,1.0,A,0.0,1.0,A,2.8,3.3,2.6,2.75,3.2,2.5,2021/22,€17.10m,€29.73m,19.0,6.0,3.0,3.0,13.0,14.0,12.0,2.0,3.0,4.0,0.0,0.0
P1,14/02/2022,Arouca,Maritimo,0.0,3.0,A,0.0,2.0,A,2.6,3.2,2.87,2.5,3.1,2.8,2021/22,€16.80m,€16.10m,20.0,9.0,4.0,6.0,18.0,16.0,9.0,2.0,2.0,4.0,0.0,1.0
P1,18/02/2022,Boavista,Benfica,2.0,2.0,D,0.0,2.0,A,6.5,4.75,1.4,6.5,4.8,1.41,2021/22,€38.85m,€310.18m,14.0,8.0,4.0,3.0,15.0,14.0,9.0,4.0,5.0,3.0,0.0,0.0
P1,19/02/2022,Gil Vicente,Belenenses,2.0,0.0,H,0.0,0.0,D,1.55,3.75,6.5,1.55,3.8,6.0,2021/22,€29.73m,€20.00m,13.0,8.0,5.0,1.0,11.0,15.0,6.0,3.0,2.0,4.0,0.0,0.0
P1,19/02/2022,Pacos Ferreira,Vizela,2.0,1.0,H,1.0,1.0,D,2.4,3.2,3.1,2.25,3.2,3.2,2021/22,€26.00m,€17.10m,20.0,10.0,4.0,2.0,15.0,16.0,10.0,5.0,7.0,4.0,0.0,2.0
P1,19/02/2022,Guimaraes,Arouca,1.0,3.0,A,1.0,3.0,A,1.7,3.8,4.5,1.71,3.4,5.0,2021/22,€68.00m,€16.80m,11.0,14.0,5.0,7.0,19.0,15.0,4.0,9.0,3.0,4.0,0.0,0.0
P1,20/02/2022,Maritimo,Famalicao,0.0,1.0,A,0.0,1.0,A,2.4,3.3,2.87,2.45,3.1,2.87,2021/22,€16.10m,€67.85m,5.0,17.0,2.0,8.0,12.0,19.0,5.0,6.0,3.0,3.0,1.0,0.0
P1,20/02/2022,Sp Lisbon,Estoril,3.0,0.0,H,1.0,0.0,H,1.25,5.5,12.0,1.27,5.5,11.0,2021/22,€337.73m,€36.23m,22.0,5.0,7.0,0.0,16.0,15.0,7.0,1.0,3.0,3.0,0.0,1.0
P1,20/02/2022,Moreirense,Porto,0.0,1.0,A,0.0,1.0,A,11.0,5.0,1.3,9.5,5.25,1.3,2021/22,€19.00m,€403.58m,9.0,16.0,1.0,5.0,16.0,14.0,2.0,9.0,7.0,4.0,1.0,1.0
P1,20/02/2022,Tondela,Sp Braga,0.0,1.0,A,0.0,0.0,D,5.5,4.0,1.57,5.0,3.9,1.61,2021/22,€21.83m,€159.03m,7.0,8.0,2.0,2.0,11.0,13.0,3.0,4.0,2.0,1.0,0.0,0.0
P1,21/02/2022,Santa Clara,Portimonense,1.0,1.0,D,1.0,0.0,H,2.0,3.25,4.0,2.0,3.25,3.7,2021/22,€30.60m,€38.48m,13.0,13.0,4.0,7.0,11.0,8.0,3.0,2.0,1.0,1.0,0.0,0.0
P1,25/02/2022,Belenenses,Pacos Ferreira,0.0,2.0,A,0.0,1.0,A,3.25,3.0,2.37,3.1,2.95,2.45,2021/22,€20.00m,€26.00m,12.0,15.0,1.0,7.0,16.0,18.0,10.0,6.0,2.0,4.0,0.0,0.0
P1,26/02/2022,Famalicao,Tondela,2.0,1.0,H,0.0,0.0,D,1.7,3.6,5.0,1.72,3.6,4.6,2021/22,€67.85m,€21.83m,12.0,10.0,3.0,3.0,17.0,18.0,7.0,3.0,5.0,3.0,0.0,0.0
P1,26/02/2022,Maritimo,Sp Lisbon,1.0,1.0,D,1.0,1.0,D,8.0,4.5,1.4,8.0,4.4,1.39,2021/22,€16.10m,€337.73m,6.0,17.0,2.0,4.0,16.0,15.0,4.0,7.0,3.0,2.0,0.0,0.0
P1,26/02/2022,Arouca,Moreirense,1.0,1.0,D,0.0,1.0,A,2.25,3.1,3.4,2.2,3.2,3.25,2021/22,€16.80m,€19.00m,17.0,5.0,4.0,3.0,12.0,16.0,7.0,2.0,3.0,3.0,0.0,1.0
P1,27/02/2022,Vizela,Portimonense,1.0,1.0,D,1.0,1.0,D,2.1,3.3,3.5,2.1,3.1,3.6,2021/22,€17.10m,€38.48m,18.0,10.0,2.0,1.0,15.0,21.0,11.0,2.0,1.0,2.0,0.0,0.0
P1,27/02/2022,Benfica,Guimaraes,3.0,0.0,H,2.0,0.0,H,1.33,5.0,8.0,1.33,5.0,8.25,2021/22,€310.18m,€68.00m,9.0,17.0,6.0,7.0,11.0,15.0,5.0,9.0,1.0,2.0,0.0,0.0
P1,27/02/2022,Estoril,Boavista,2.0,3.0,A,1.0,1.0,D,2.25,3.25,3.2,2.2,3.2,3.2,2021/22,€36.23m,€38.85m,11.0,14.0,2.0,4.0,19.0,10.0,5.0,1.0,2.0,4.0,0.0,0.0
P1,27/02/2022,Porto,Gil Vicente,1.0,1.0,D,0.0,0.0,D,1.25,5.25,13.0,1.26,5.75,11.0,2021/22,€403.58m,€29.73m,30.0,5.0,8.0,1.0,12.0,4.0,10.0,1.0,2.0,1.0,0.0,1.0
P1,28/02/2022,Sp Braga,Santa Clara,0.0,0.0,D,0.0,0.0,D,1.5,4.2,6.0,1.44,4.4,6.75,2021/22,€159.03m,€30.60m,16.0,9.0,4.0,1.0,14.0,12.0,2.0,8.0,3.0,5.0,0.0,2.0
P1,04/03/2022,Gil Vicente,Estoril,0.0,0.0,D,0.0,0.0,D,1.9,3.5,4.2,1.9,3.3,4.0,2021/22,€29.73m,€36.23m,14.0,10.0,3.0,1.0,12.0,21.0,6.0,2.0,2.0,1.0,0.0,0.0
P1,05/03/2022,Boavista,Sp Braga,1.0,1.0,D,0.0,1.0,A,4.75,3.4,1.8,4.1,3.5,1.82,2021/22,€38.85m,€159.03m,10.0,8.0,5.0,5.0,14.0,17.0,4.0,1.0,5.0,3.0,0.0,0.0
P1,05/03/2022,Portimonense,Benfica,1.0,2.0,A,1.0,1.0,D,6.5,4.5,1.45,6.75,4.33,1.44,2021/22,€38.48m,€310.18m,6.0,16.0,1.0,4.0,18.0,15.0,2.0,8.0,5.0,3.0,1.0,0.0
P1,05/03/2022,Sp Lisbon,Arouca,2.0,0.0,H,0.0,0.0,D,1.28,6.0,9.5,1.25,5.5,12.5,2021/22,€337.73m,€16.80m,15.0,5.0,6.0,2.0,13.0,14.0,5.0,1.0,2.0,4.0,0.0,0.0
P1,06/03/2022,Moreirense,Maritimo,0.0,1.0,A,0.0,1.0,A,2.37,3.2,3.2,2.25,3.0,3.3,2021/22,€19.00m,€16.10m,18.0,12.0,5.0,2.0,14.0,15.0,8.0,4.0,2.0,4.0,0.0,0.0
P1,06/03/2022,Pacos Ferreira,Porto,2.0,4.0,A,1.0,2.0,A,7.5,4.5,1.36,8.75,5.0,1.34,2021/22,€26.00m,€403.58m,6.0,12.0,4.0,9.0,4.0,19.0,1.0,7.0,0.0,2.0,0.0,0.0
P1,06/03/2022,Guimaraes,Famalicao,2.0,1.0,H,1.0,1.0,D,2.1,3.3,3.5,2.1,3.25,3.5,2021/22,€68.00m,€67.85m,14.0,7.0,5.0,3.0,18.0,15.0,7.0,2.0,5.0,2.0,0.0,0.0
P1,06/03/2022,Santa Clara,Vizela,3.0,1.0,H,0.0,0.0,D,2.25,3.3,3.2,2.3,3.25,3.0,2021/22,€30.60m,€17.10m,14.0,6.0,4.0,2.0,16.0,15.0,6.0,1.0,0.0,2.0,0.0,0.0
P1,11/03/2022,Benfica,Vizela,1.0,1.0,D,0.0,0.0,D,1.28,6.5,8.5,1.25,6.25,9.75,2021/22,€310.18m,€17.10m,22.0,20.0,9.0,4.0,8.0,18.0,9.0,8.0,2.0,6.0,1.0,0.0
P1,12/03/2022,Estoril,Portimonense,2.0,0.0,H,1.0,0.0,H,2.15,3.2,3.5,2.2,3.0,3.4,2021/22,€36.23m,€38.48m,14.0,17.0,6.0,4.0,14.0,11.0,6.0,10.0,3.0,3.0,0.0,0.0
P1,12/03/2022,Famalicao,Santa Clara,0.0,0.0,D,0.0,0.0,D,2.05,3.2,3.75,2.05,3.2,3.6,2021/22,€67.85m,€30.60m,7.0,10.0,3.0,4.0,13.0,19.0,6.0,5.0,1.0,4.0,0.0,0.0
P1,12/03/2022,Arouca,Pacos Ferreira,0.0,1.0,A,0.0,1.0,A,2.4,3.1,3.1,2.35,3.1,3.1,2021/22,€16.80m,€26.00m,14.0,11.0,4.0,4.0,16.0,14.0,6.0,9.0,4.0,5.0,0.0,0.0
P1,12/03/2022,Belenenses,Boavista,0.0,0.0,D,0.0,0.0,D,3.5,3.25,2.1,3.2,3.2,2.25,2021/22,€20.00m,€38.85m,9.0,15.0,2.0,1.0,17.0,20.0,3.0,4.0,4.0,3.0,0.0,0.0
P1,13/03/2022,Maritimo,Guimaraes,0.0,1.0,A,0.0,0.0,D,2.87,3.2,2.55,2.65,3.25,2.55,2021/22,€16.10m,€68.00m,7.0,22.0,4.0,6.0,14.0,23.0,3.0,3.0,2.0,3.0,0.0,0.0
P1,13/03/2022,Porto,Tondela,4.0,0.0,H,1.0,0.0,H,1.12,8.5,23.0,1.13,8.25,21.0,2021/22,€403.58m,€21.83m,17.0,9.0,9.0,2.0,21.0,16.0,5.0,4.0,1.0,3.0,0.0,1.0
P1,13/03/2022,Sp Braga,Gil Vicente,0.0,1.0,A,0.0,0.0,D,1.9,3.5,4.0,1.85,3.5,4.0,2021/22,€159.03m,€29.73m,12.0,12.0,4.0,2.0,16.0,9.0,7.0,2.0,3.0,3.0,0.0,0.0
P1,14/03/2022,Moreirense,Sp Lisbon,0.0,2.0,A,0.0,2.0,A,8.0,4.75,1.4,6.5,4.4,1.46,2021/22,€19.00m,€337.73m,12.0,14.0,3.0,4.0,20.0,16.0,3.0,7.0,4.0,4.0,0.0,0.0
P1,18/03/2022,Vizela,Famalicao,1.0,1.0,D,0.0,1.0,A,2.6,3.1,2.7,2.55,3.1,2.75,2021/22,€17.10m,€67.85m,22.0,11.0,7.0,4.0,11.0,14.0,7.0,4.0,0.0,4.0,0.0,1.0
P1,19/03/2022,Tondela,Arouca,2.0,2.0,D,2.0,1.0,H,2.62,3.0,2.75,2.65,3.0,2.7,2021/22,€21.83m,€16.80m,6.0,12.0,4.0,5.0,13.0,16.0,4.0,3.0,1.0,3.0,0.0,0.0
P1,19/03/2022,Santa Clara,Belenenses,0.0,0.0,D,0.0,0.0,D,1.55,3.5,6.5,1.6,3.7,5.75,2021/22,€30.60m,€20.00m,10.0,7.0,3.0,1.0,16.0,20.0,7.0,8.0,3.0,5.0,0.0,0.0
P1,19/03/2022,Guimaraes,Sp Lisbon,1.0,3.0,A,1.0,1.0,D,5.0,3.5,1.65,5.25,3.75,1.63,2021/22,€68.00m,€337.73m,12.0,15.0,4.0,6.0,15.0,7.0,2.0,3.0,4.0,2.0,0.0,0.0
P1,20/03/2022,Gil Vicente,Maritimo,1.0,1.0,D,1.0,1.0,D,1.75,3.4,5.0,1.8,3.4,4.4,2021/22,€29.73m,€16.10m,15.0,12.0,8.0,3.0,16.0,10.0,8.0,6.0,3.0,3.0,0.0,0.0
P1,20/03/2022,Pacos Ferreira,Moreirense,2.0,1.0,H,1.0,0.0,H,2.2,3.3,3.2,2.2,3.25,3.2,2021/22,€26.00m,€19.00m,10.0,16.0,6.0,5.0,18.0,21.0,7.0,3.0,2.0,4.0,0.0,0.0
P1,20/03/2022,Benfica,Estoril,2.0,1.0,H,1.0,0.0,H,1.33,4.75,9.0,1.34,5.0,8.5,2021/22,€310.18m,€36.23m,18.0,16.0,6.0,3.0,13.0,12.0,7.0,4.0,1.0,2.0,0.0,0.0
P1,20/03/2022,Portimonense,Sp Braga,1.0,2.0,A,0.0,2.0,A,4.2,3.3,1.9,4.5,3.1,1.88,2021/22,€38.48m,€159.03m,13.0,17.0,7.0,6.0,10.0,16.0,7.0,9.0,1.0,1.0,0.0,0.0
P1,20/03/2022,Boavista,Porto,0.0,1.0,A,0.0,1.0,A,7.5,4.5,1.4,7.5,4.5,1.41,2021/22,€38.85m,€403.58m,9.0,10.0,1.0,4.0,18.0,16.0,3.0,5.0,2.0,2.0,0.0,0.0
P1,01/04/2022,Sp Braga,Benfica,3.0,2.0,H,1.0,0.0,H,3.0,3.25,2.4,2.87,3.3,2.35,2021/22,€159.03m,€310.18m,12.0,11.0,5.0,4.0,15.0,7.0,2.0,9.0,2.0,1.0,0.0,0.0
P1,02/04/2022,Belenenses,Portimonense,2.0,0.0,H,1.0,0.0,H,3.4,3.1,2.3,3.3,3.0,2.3,2021/22,€20.00m,€38.48m,10.0,19.0,6.0,4.0,25.0,15.0,1.0,8.0,5.0,3.0,0.0,1.0
P1,02/04/2022,Arouca,Gil Vicente,2.0,1.0,H,0.0,0.0,D,3.25,3.2,2.25,3.25,3.25,2.15,2021/22,€16.80m,€29.73m,6.0,13.0,2.0,5.0,14.0,12.0,2.0,12.0,2.0,5.0,1.0,1.0
P1,02/04/2022,Estoril,Vizela,1.0,2.0,A,1.0,1.0,D,2.3,3.2,3.2,2.3,3.25,3.0,2021/22,€36.23m,€17.10m,11.0,7.0,3.0,4.0,12.0,14.0,7.0,2.0,2.0,2.0,0.0,0.0
P1,02/04/2022,Famalicao,Boavista,1.0,2.0,A,0.0,2.0,A,2.05,3.3,3.75,2.05,3.1,3.6,2021/22,€67.85m,€38.85m,13.0,9.0,6.0,3.0,7.0,13.0,11.0,1.0,3.0,4.0,0.0,1.0
P1,03/04/2022,Maritimo,Tondela,1.0,3.0,A,1.0,1.0,D,2.0,3.4,3.8,2.05,3.3,3.4,2021/22,€16.10m,€21.83m,9.0,14.0,3.0,6.0,9.0,15.0,9.0,4.0,3.0,2.0,0.0,0.0
P1,03/04/2022,Moreirense,Guimaraes,0.0,1.0,A,0.0,0.0,D,2.87,3.25,2.4,2.87,3.2,2.4,2021/22,€19.00m,€68.00m,11.0,16.0,3.0,4.0,20.0,10.0,5.0,3.0,2.0,5.0,0.0,0.0
P1,03/04/2022,Sp Lisbon,Pacos Ferreira,2.0,0.0,H,1.0,0.0,H,1.22,6.0,12.0,1.22,6.0,13.0,2021/22,€337.73m,€26.00m,17.0,1.0,6.0,0.0,19.0,14.0,5.0,2.0,2.0,4.0,0.0,0.0
P1,04/04/2022,Porto,Santa Clara,3.0,0.0,H,2.0,0.0,H,1.25,5.5,12.0,1.25,5.5,12.5,2021/22,€403.58m,€30.60m,16.0,5.0,6.0,1.0,12.0,11.0,7.0,3.0,0.0,0.0,0.0,0.0
P1,08/04/2022,Gil Vicente,Moreirense,1.0,2.0,A,0.0,0.0,D,1.66,3.6,4.5,1.72,3.5,4.8,2021/22,€29.73m,€19.00m,23.0,14.0,5.0,7.0,12.0,14.0,11.0,3.0,1.0,4.0,0.0,1.0
P1,09/04/2022,Pacos Ferreira,Maritimo,2.0,0.0,H,2.0,0.0,H,2.2,3.1,3.2,2.25,3.1,3.2,2021/22,€26.00m,€16.10m,14.0,15.0,6.0,4.0,17.0,20.0,5.0,2.0,0.0,1.0,0.0,0.0
P1,09/04/2022,Benfica,Belenenses,3.0,1.0,H,1.0,1.0,D,1.14,6.0,15.0,1.17,7.0,17.0,2021/22,€310.18m,€20.00m,27.0,8.0,8.0,2.0,18.0,18.0,11.0,6.0,1.0,7.0,0.0,0.0
P1,09/04/2022,Boavista,Arouca,1.0,0.0,H,1.0,0.0,H,2.2,3.0,3.25,2.25,3.1,3.25,2021/22,€38.85m,€16.80m,14.0,16.0,5.0,1.0,17.0,12.0,3.0,3.0,4.0,3.0,0.0,0.0
P1,09/04/2022,Tondela,Sp Lisbon,1.0,3.0,A,0.0,2.0,A,9.0,4.33,1.3,9.0,4.75,1.34,2021/22,€21.83m,€337.73m,3.0,17.0,2.0,9.0,14.0,13.0,1.0,9.0,3.0,2.0,0.0,0.0
P1,10/04/2022,Portimonense,Famalicao,1.0,0.0,H,1.0,0.0,H,2.87,3.0,2.37,2.9,3.1,2.4,2021/22,€38.48m,€67.85m,15.0,7.0,6.0,2.0,15.0,15.0,7.0,2.0,7.0,4.0,1.0,0.0
P1,10/04/2022,Santa Clara,Estoril,2.0,0.0,H,1.0,0.0,H,2.15,3.0,3.3,2.2,3.1,3.3,2021/22,€30.60m,€36.23m,7.0,14.0,4.0,4.0,19.0,17.0,5.0,1.0,2.0,1.0,0.0,0.0
P1,10/04/2022,Guimaraes,Porto,0.0,1.0,A,0.0,1.0,A,7.0,3.8,1.44,6.5,4.33,1.47,2021/22,€68.00m,€403.58m,4.0,13.0,1.0,4.0,15.0,20.0,3.0,1.0,6.0,2.0,1.0,0.0
P1,10/04/2022,Vizela,Sp Braga,0.0,1.0,A,0.0,1.0,A,3.75,3.4,1.85,3.8,3.5,1.9,2021/22,€17.10m,€159.03m,14.0,10.0,2.0,4.0,12.0,11.0,2.0,8.0,3.0,4.0,0.0,1.0
P1,15/04/2022,Arouca,Santa Clara,1.0,1.0,D,0.0,0.0,D,2.4,3.0,3.1,2.4,3.1,3.0,2021/22,€16.80m,€30.60m,17.0,9.0,7.0,2.0,17.0,14.0,7.0,7.0,3.0,4.0,0.0,0.0
P1,15/04/2022,Famalicao,Gil Vicente,2.0,2.0,D,2.0,1.0,H,2.3,3.1,3.0,2.35,3.2,3.0,2021/22,€67.85m,€29.73m,10.0,16.0,3.0,5.0,16.0,14.0,3.0,7.0,6.0,4.0,0.0,0.0
P1,15/04/2022,Guimaraes,Pacos Ferreira,4.0,0.0,H,2.0,0.0,H,1.75,3.6,4.33,1.73,3.6,4.6,2021/22,€68.00m,€26.00m,18.0,7.0,8.0,0.0,14.0,15.0,2.0,4.0,0.0,5.0,0.0,1.0
P1,16/04/2022,Moreirense,Tondela,2.0,0.0,H,2.0,0.0,H,2.0,3.25,3.6,2.1,3.25,3.5,2021/22,€19.00m,€21.83m,12.0,3.0,3.0,1.0,18.0,15.0,4.0,1.0,6.0,5.0,0.0,0.0
P1,16/04/2022,Belenenses,Vizela,1.0,0.0,H,1.0,0.0,H,2.9,3.2,2.4,2.8,3.2,2.45,2021/22,€20.00m,€17.10m,6.0,15.0,3.0,3.0,15.0,14.0,2.0,7.0,2.0,2.0,0.0,0.0
P1,16/04/2022,Maritimo,Boavista,4.0,0.0,H,2.0,0.0,H,2.45,3.0,3.0,2.4,3.1,2.95,2021/22,€16.10m,€38.85m,8.0,4.0,5.0,0.0,17.0,21.0,1.0,1.0,4.0,5.0,0.0,1.0
P1,16/04/2022,Porto,Portimonense,7.0,0.0,H,4.0,0.0,H,1.14,7.5,15.0,1.14,8.0,17.5,2021/22,€403.58m,€38.48m,26.0,3.0,12.0,2.0,10.0,7.0,9.0,1.0,0.0,2.0,0.0,0.0
P1,17/04/2022,Sp Lisbon,Benfica,0.0,2.0,A,0.0,1.0,A,1.95,3.4,3.6,2.05,3.3,3.5,2021/22,€337.73m,€310.18m,16.0,10.0,4.0,4.0,7.0,9.0,7.0,5.0,2.0,3.0,0.0,0.0
P1,18/04/2022,Estoril,Sp Braga,0.0,0.0,D,0.0,0.0,D,3.75,3.3,1.95,3.75,3.3,1.98,2021/22,€36.23m,€159.03m,15.0,13.0,6.0,2.0,5.0,9.0,7.0,5.0,1.0,0.0,0.0,0.0
P1,22/04/2022,Vizela,Arouca,2.0,1.0,H,1.0,0.0,H,1.95,3.4,3.75,2.0,3.5,3.5,2021/22,€17.10m,€16.80m,16.0,14.0,6.0,5.0,19.0,9.0,6.0,2.0,4.0,1.0,0.0,0.0
P1,23/04/2022,Portimonense,Moreirense,1.0,0.0,H,1.0,0.0,H,2.4,3.2,3.0,2.3,3.2,3.0,2021/22,€38.48m,€19.00m,19.0,15.0,7.0,7.0,14.0,19.0,6.0,6.0,2.0,5.0,0.0,0.0
P1,23/04/2022,Benfica,Famalicao,0.0,0.0,D,0.0,0.0,D,1.33,5.0,8.0,1.35,4.8,8.25,2021/22,€310.18m,€67.85m,25.0,4.0,5.0,0.0,18.0,10.0,8.0,5.0,2.0,4.0,0.0,0.0
P1,23/04/2022,Santa Clara,Maritimo,2.0,2.0,D,2.0,0.0,H,2.1,3.2,3.5,2.15,3.1,3.5,2021/22,€30.60m,€16.10m,10.0,10.0,3.0,3.0,23.0,14.0,3.0,10.0,2.0,3.0,0.0,0.0
P1,23/04/2022,Gil Vicente,Pacos Ferreira,1.0,1.0,D,0.0,0.0,D,1.7,3.6,5.0,1.71,3.6,4.8,2021/22,€29.73m,€26.00m,16.0,10.0,3.0,2.0,15.0,19.0,6.0,2.0,2.0,5.0,0.0,0.0
P1,24/04/2022,Estoril,Belenenses,2.0,2.0,D,2.0,0.0,H,1.72,3.3,5.25,1.77,3.3,4.8,2021/22,€36.23m,€20.00m,6.0,23.0,2.0,4.0,18.0,10.0,2.0,8.0,7.0,3.0,3.0,2.0
P1,24/04/2022,Tondela,Guimaraes,1.0,1.0,D,0.0,0.0,D,3.5,3.5,1.95,3.4,3.5,2.05,2021/22,€21.83m,€68.00m,11.0,10.0,5.0,3.0,15.0,18.0,4.0,3.0,2.0,4.0,0.0,0.0
P1,25/04/2022,Sp Braga,Porto,1.0,0.0,H,0.0,0.0,D,4.0,3.6,1.8,4.0,3.8,1.78,2021/22,€159.03m,€403.58m,9.0,19.0,5.0,3.0,13.0,7.0,2.0,10.0,2.0,2.0,0.0,0.0
P1,25/04/2022,Boavista,Sp Lisbon,0.0,3.0,A,0.0,1.0,A,7.0,4.2,1.44,7.0,4.4,1.43,2021/22,€38.85m,€337.73m,10.0,10.0,1.0,5.0,7.0,9.0,2.0,3.0,2.0,2.0,0.0,0.0
P1,29/04/2022,Famalicao,Estoril,3.0,1.0,H,1.0,0.0,H,1.75,3.6,4.5,1.77,3.5,4.6,2021/22,€67.85m,€36.23m,25.0,9.0,7.0,3.0,18.0,9.0,7.0,3.0,3.0,1.0,0.0,1.0
P1,30/04/2022,Arouca,Portimonense,1.0,0.0,H,0.0,0.0,D,1.95,3.3,3.8,2.0,3.3,3.6,2021/22,€16.80m,€38.48m,15.0,7.0,6.0,4.0,12.0,15.0,5.0,7.0,1.0,2.0,0.0,0.0
P1,30/04/2022,Maritimo,Benfica,0.0,1.0,A,0.0,1.0,A,6.0,4.2,1.53,6.0,4.2,1.49,2021/22,€16.10m,€310.18m,14.0,15.0,5.0,4.0,8.0,24.0,5.0,6.0,2.0,4.0,1.0,0.0
P1,30/04/2022,Porto,Vizela,4.0,2.0,H,2.0,1.0,H,1.12,8.0,19.0,1.13,8.25,20.0,2021/22,€403.58m,€17.10m,17.0,3.0,8.0,2.0,12.0,7.0,8.0,2.0,1.0,1.0,0.0,0.0
P1,30/04/2022,Belenenses,Sp Braga,0.0,1.0,A,0.0,0.0,D,5.0,3.75,1.7,4.6,3.7,1.71,2021/22,€20.00m,€159.03m,9.0,25.0,1.0,9.0,7.0,16.0,2.0,6.0,3.0,3.0,2.0,0.0
P1,01/05/2022,Guimaraes,Santa Clara,1.0,1.0,D,1.0,0.0,H,1.9,3.5,4.0,2.0,3.4,3.5,2021/22,€68.00m,€30.60m,7.0,3.0,1.0,1.0,21.0,11.0,4.0,3.0,3.0,5.0,0.0,0.0
P1,01/05/2022,Moreirense,Boavista,1.0,2.0,A,0.0,1.0,A,2.2,3.3,3.3,2.15,3.2,3.4,2021/22,€19.00m,€38.85m,14.0,8.0,2.0,2.0,8.0,17.0,5.0,3.0,4.0,5.0,1.0,2.0
P1,01/05/2022,Sp Lisbon,Gil Vicente,4.0,1.0,H,2.0,1.0,H,1.33,5.5,8.5,1.32,4.8,9.5,2021/22,€337.73m,€29.73m,22.0,3.0,13.0,1.0,18.0,15.0,13.0,2.0,4.0,2.0,0.0,0.0
P1,02/05/2022,Pacos Ferreira,Tondela,1.0,1.0,D,0.0,1.0,A,2.2,3.3,3.25,2.25,3.2,3.1,2021/22,€26.00m,€21.83m,19.0,8.0,5.0,3.0,14.0,12.0,7.0,0.0,1.0,6.0,0.0,1.0
P1,06/05/2022,Boavista,Guimaraes,1.0,1.0,D,0.0,1.0,A,3.5,3.2,2.2,3.3,3.1,2.2,2021/22,€38.85m,€68.00m,16.0,13.0,6.0,5.0,9.0,16.0,5.0,7.0,2.0,4.0,0.0,1.0
P1,07/05/2022,Estoril,Moreirense,1.0,0.0,H,0.0,0.0,D,2.55,3.3,2.75,2.55,3.2,2.75,2021/22,€36.23m,€19.00m,6.0,18.0,2.0,5.0,17.0,10.0,2.0,8.0,6.0,3.0,1.0,0.0
P1,07/05/2022,Benfica,Porto,0.0,1.0,A,0.0,0.0,D,3.0,3.6,2.25,3.1,3.4,2.2,2021/22,€310.18m,€403.58m,9.0,10.0,2.0,5.0,23.0,15.0,5.0,3.0,10.0,4.0,0.0,0.0
P1,07/05/2022,Portimonense,Sp Lisbon,2.0,3.0,A,2.0,1.0,H,7.5,5.0,1.36,8.0,4.6,1.37,2021/22,€38.48m,€337.73m,5.0,28.0,3.0,8.0,7.0,13.0,1.0,8.0,2.0,2.0,0.0,0.0
P1,08/05/2022,Gil Vicente,Tondela,3.0,0.0,H,0.0,0.0,D,1.83,3.5,4.33,1.83,3.4,4.33,2021/22,€29.73m,€21.83m,8.0,5.0,4.0,3.0,13.0,3.0,8.0,0.0,1.0,2.0,0.0,1.0
P1,08/05/2022,Vizela,Maritimo,1.0,1.0,D,0.0,0.0,D,2.1,3.3,3.6,2.1,3.25,3.4,2021/22,€17.10m,€16.10m,11.0,10.0,3.0,3.0,12.0,4.0,2.0,8.0,4.0,2.0,0.0,0.0
P1,08/05/2022,Sp Braga,Arouca,1.0,0.0,H,0.0,0.0,D,1.66,3.6,5.25,1.65,3.9,4.8,2021/22,€159.03m,€16.80m,12.0,14.0,2.0,4.0,12.0,8.0,4.0,8.0,0.0,1.0,0.0,0.0
P1,08/05/2022,Santa Clara,Pacos Ferreira,2.0,0.0,H,1.0,0.0,H,2.05,3.5,3.6,2.0,3.3,3.6,2021/22,€30.60m,€26.00m,20.0,3.0,7.0,0.0,24.0,17.0,10.0,0.0,3.0,3.0,0.0,1.0
P1,09/05/2022,Belenenses,Famalicao,2.0,3.0,A,1.0,0.0,H,2.8,3.1,2.62,2.75,3.1,2.6,2021/22,€20.00m,€67.85m,14.0,14.0,5.0,4.0,17.0,21.0,7.0,5.0,3.0,1.0,0.0,0.0
P1,13/05/2022,Pacos Ferreira,Benfica,0.0,2.0,A,0.0,2.0,A,5.0,4.33,1.57,5.0,4.33,1.57,2021/22,€26.00m,€310.18m,12.0,15.0,4.0,8.0,11.0,23.0,6.0,4.0,1.0,1.0,0.0,0.0
P1,14/05/2022,Arouca,Belenenses,0.0,0.0,D,0.0,0.0,D,2.37,3.25,3.0,2.35,3.2,2.95,2021/22,€16.80m,€20.00m,22.0,10.0,7.0,3.0,13.0,12.0,8.0,4.0,2.0,2.0,0.0,0.0
P1,14/05/2022,Moreirense,Vizela,4.0,1.0,H,3.0,0.0,H,1.65,3.6,5.5,1.68,3.7,4.8,2021/22,€19.00m,€17.10m,12.0,6.0,6.0,2.0,16.0,10.0,4.0,7.0,3.0,3.0,0.0,1.0
P1,14/05/2022,Tondela,Boavista,2.0,2.0,D,1.0,0.0,H,1.72,3.6,5.0,1.77,3.6,4.33,2021/22,€21.83m,€38.85m,11.0,14.0,8.0,5.0,13.0,16.0,4.0,5.0,1.0,3.0,0.0,0.0
P1,14/05/2022,Maritimo,Portimonense,0.0,1.0,A,0.0,0.0,D,2.25,3.4,3.1,2.25,3.5,2.95,2021/22,€16.10m,€38.48m,11.0,15.0,6.0,4.0,16.0,21.0,4.0,2.0,3.0,2.0,0.0,0.0
P1,14/05/2022,Porto,Estoril,2.0,0.0,H,0.0,0.0,D,1.18,8.0,11.0,1.17,7.25,14.5,2021/22,€403.58m,€36.23m,21.0,7.0,5.0,1.0,13.0,11.0,12.0,6.0,0.0,0.0,0.0,0.0
P1,14/05/2022,Sp Lisbon,Santa Clara,4.0,0.0,H,1.0,0.0,H,1.22,7.0,9.0,1.22,7.0,9.75,2021/22,€337.73m,€30.60m,23.0,10.0,9.0,1.0,11.0,12.0,10.0,5.0,1.0,2.0,0.0,0.0
P1,15/05/2022,Famalicao,Sp Braga,3.0,2.0,H,1.0,2.0,A,3.1,3.5,2.2,2.9,3.6,2.2,2021/22,€67.85m,€159.03m,21.0,11.0,11.0,6.0,8.0,11.0,6.0,4.0,3.0,3.0,1.0,1.0
P1,15/05/2022,Guimaraes,Gil Vicente,5.0,0.0,H,1.0,0.0,H,2.15,3.5,3.2,2.15,3.5,3.1,2021/22,€68.00m,€29.73m,15.0,8.0,8.0,4.0,13.0,16.0,1.0,3.0,1.0,0.0,0.0,0.0
P1,05/08/2022,Benfica,Arouca,4.0,0.0,H,3.0,0.0,H,1.14,6.5,17.0,1.15,7.5,18.0,2022/23,€477.58m,€21.00m,20.0,3.0,6.0,2.0,7.0,6.0,6.0,1.0,3.0,1.0,0.0,1.0
P1,06/08/2022,Rio Ave,Vizela,0.0,1.0,A,0.0,0.0,D,2.2,3.2,3.1,2.3,3.2,3.1,2022/23,€17.80m,€18.48m,7.0,12.0,0.0,7.0,19.0,16.0,6.0,7.0,7.0,4.0,0.0,0.0
P1,06/08/2022,Estoril,Famalicao,2.0,0.0,H,2.0,0.0,H,2.5,3.0,2.8,2.5,3.2,2.8,2022/23,€36.15m,€51.85m,10.0,15.0,5.0,5.0,13.0,11.0,1.0,2.0,4.0,1.0,0.0,0.0
P1,06/08/2022,Porto,Maritimo,5.0,1.0,H,3.0,0.0,H,1.16,7.0,10.0,1.19,6.75,13.5,2022/23,€284.55m,€16.53m,22.0,9.0,7.0,3.0,13.0,11.0,4.0,4.0,3.0,2.0,0.0,0.0
P1,07/08/2022,Santa Clara,Casa Pia,0.0,0.0,D,0.0,0.0,D,1.95,3.0,4.0,1.95,3.3,3.5,2022/23,€23.70m,€17.30m,7.0,11.0,3.0,3.0,15.0,12.0,7.0,6.0,1.0,3.0,1.0,0.0
P1,07/08/2022,Sp Braga,Sp Lisbon,3.0,3.0,D,2.0,2.0,D,3.75,3.25,1.9,3.3,3.4,1.98,2022/23,€150.75m,€366.60m,15.0,11.0,7.0,4.0,14.0,17.0,3.0,3.0,2.0,2.0,0.0,0.0
P1,07/08/2022,Chaves,Guimaraes,0.0,1.0,A,0.0,1.0,A,2.7,3.2,2.5,2.85,3.25,2.4,2022/23,€17.75m,€72.40m,14.0,15.0,2.0,6.0,10.0,20.0,2.0,5.0,2.0,9.0,0.0,2.0
P1,07/08/2022,Portimonense,Boavista,0.0,1.0,A,0.0,1.0,A,2.0,3.3,3.5,2.1,3.1,3.6,2022/23,€31.58m,€28.85m,18.0,10.0,8.0,5.0,13.0,11.0,7.0,1.0,3.0,1.0,0.0,0.0
P1,08/08/2022,Gil Vicente,Pacos Ferreira,1.0,0.0,H,0.0,0.0,D,1.72,3.4,4.5,1.72,3.4,4.33,2022/23,€46.85m,€28.13m,16.0,12.0,7.0,5.0,17.0,19.0,8.0,6.0,1.0,6.0,0.0,0.0
P1,12/08/2022,Famalicao,Sp Braga,0.0,3.0,A,0.0,2.0,A,3.6,3.4,2.0,3.5,3.4,2.0,2022/23,€51.85m,€150.75m,11.0,24.0,5.0,9.0,11.0,14.0,7.0,7.0,3.0,1.0,0.0,0.0
P1,13/08/2022,Casa Pia,Benfica,0.0,1.0,A,0.0,0.0,D,12.0,5.5,1.25,12.0,6.0,1.24,2022/23,€17.30m,€477.58m,8.0,14.0,2.0,4.0,10.0,9.0,4.0,9.0,6.0,4.0,0.0,1.0
P1,13/08/2022,Sp Lisbon,Rio Ave,3.0,0.0,H,1.0,0.0,H,1.22,6.0,11.0,1.23,6.0,12.0,2022/23,€366.60m,€17.80m,20.0,3.0,6.0,1.0,15.0,6.0,7.0,1.0,1.0,2.0,0.0,0.0
P1,14/08/2022,Boavista,Santa Clara,2.0,1.0,H,0.0,1.0,A,2.45,3.1,2.9,2.5,3.1,2.85,2022/23,€28.85m,€23.70m,16.0,3.0,5.0,1.0,13.0,8.0,8.0,6.0,3.0,7.0,0.0,2.0
P1,14/08/2022,Vizela,Porto,0.0,1.0,A,0.0,0.0,D,10.0,5.25,1.28,10.5,5.5,1.27,2022/23,€18.48m,€284.55m,4.0,13.0,1.0,4.0,18.0,13.0,1.0,10.0,6.0,2.0,0.0,0.0
P1,14/08/2022,Guimaraes,Estoril,1.0,0.0,H,1.0,0.0,H,1.95,3.4,3.8,1.98,3.4,3.6,2022/23,€72.40m,€36.15m,8.0,7.0,3.0,4.0,13.0,8.0,5.0,7.0,3.0,5.0,0.0,1.0
P1,15/08/2022,Maritimo,Chaves,1.0,2.0,A,1.0,0.0,H,2.25,3.3,3.2,2.3,3.3,2.95,2022/23,€16.53m,€17.75m,13.0,21.0,6.0,8.0,12.0,11.0,3.0,6.0,1.0,1.0,0.0,0.0
P1,15/08/2022,Arouca,Gil Vicente,1.0,0.0,H,1.0,0.0,H,2.62,3.4,2.6,2.7,3.3,2.5,2022/23,€21.00m,€46.85m,8.0,10.0,4.0,2.0,22.0,18.0,4.0,4.0,4.0,2.0,0.0,0.0
P1,15/08/2022,Pacos Ferreira,Portimonense,0.0,3.0,A,0.0,1.0,A,2.25,3.25,3.2,2.3,3.2,3.0,2022/23,€28.13m,€31.58m,14.0,13.0,4.0,3.0,12.0,16.0,2.0,7.0,3.0,5.0,1.0,0.0
P1,19/08/2022,Estoril,Rio Ave,2.0,2.0,D,1.0,0.0,H,2.1,3.25,3.75,2.1,3.2,3.5,2022/23,€36.15m,€17.80m,9.0,17.0,4.0,7.0,22.0,13.0,1.0,5.0,4.0,3.0,0.0,1.0
P1,20/08/2022,Santa Clara,Arouca,1.0,2.0,A,0.0,0.0,D,2.05,3.25,3.75,2.05,3.2,3.6,2022/23,€23.70m,€21.00m,12.0,10.0,3.0,4.0,19.0,21.0,4.0,2.0,2.0,3.0,0.0,0.0
P1,20/08/2022,Chaves,Vizela,1.0,1.0,D,1.0,1.0,D,2.25,3.3,3.25,2.3,3.2,3.1,2022/23,€17.75m,€18.48m,18.0,17.0,3.0,4.0,8.0,19.0,5.0,4.0,5.0,5.0,1.0,1.0
P1,20/08/2022,Porto,Sp Lisbon,3.0,0.0,H,1.0,0.0,H,2.1,3.3,3.5,2.05,3.4,3.4,2022/23,€284.55m,€366.60m,11.0,8.0,5.0,4.0,23.0,11.0,3.0,4.0,1.0,4.0,0.0,1.0
P1,21/08/2022,Casa Pia,Boavista,2.0,0.0,H,0.0,0.0,D,2.45,3.1,3.0,2.45,3.0,2.95,2022/23,€17.30m,€28.85m,6.0,11.0,4.0,4.0,11.0,13.0,2.0,2.0,1.0,3.0,0.0,0.0
P1,21/08/2022,Sp Braga,Maritimo,5.0,0.0,H,2.0,0.0,H,1.36,4.5,9.0,1.37,4.8,7.5,2022/23,€150.75m,€16.53m,20.0,7.0,9.0,1.0,16.0,7.0,5.0,5.0,3.0,1.0,0.0,0.0
P1,21/08/2022,Portimonense,Guimaraes,2.0,1.0,H,0.0,0.0,D,2.62,3.3,2.55,2.7,3.2,2.55,2022/23,€31.58m,€72.40m,15.0,17.0,5.0,6.0,18.0,15.0,6.0,11.0,4.0,2.0,0.0,0.0
P1,22/08/2022,Gil Vicente,Famalicao,0.0,0.0,D,0.0,0.0,D,2.2,3.5,3.2,2.15,3.3,3.25,2022/23,€46.85m,€51.85m,15.0,10.0,5.0,2.0,12.0,13.0,8.0,4.0,1.0,5.0,0.0,0.0
P1,26/08/2022,Pacos Ferreira,Estoril,0.0,3.0,A,0.0,2.0,A,2.62,3.2,2.8,2.55,3.0,2.8,2022/23,€28.13m,€36.15m,10.0,11.0,4.0,7.0,13.0,21.0,4.0,5.0,3.0,0.0,2.0,0.0
P1,27/08/2022,Maritimo,Portimonense,0.0,1.0,A,0.0,1.0,A,2.75,3.2,2.6,2.75,3.1,2.6,2022/23,€16.53m,€31.58m,19.0,9.0,4.0,6.0,12.0,16.0,8.0,7.0,2.0,1.0,0.0,0.0
P1,27/08/2022,Boavista,Benfica,0.0,3.0,A,0.0,1.0,A,8.5,4.75,1.36,7.5,4.6,1.4,2022/23,€28.85m,€477.58m,4.0,16.0,0.0,6.0,12.0,15.0,7.0,8.0,4.0,2.0,0.0,0.0
P1,27/08/2022,Sp Lisbon,Chaves,0.0,2.0,A,0.0,0.0,D,1.18,7.0,19.0,1.19,6.75,14.0,2022/23,€366.60m,€17.75m,22.0,8.0,10.0,5.0,19.0,16.0,13.0,3.0,5.0,2.0,0.0,1.0
P1,28/08/2022,Famalicao,Santa Clara,1.0,0.0,H,1.0,0.0,H,2.15,3.4,3.3,2.15,3.3,3.3,2022/23,€51.85m,€23.70m,12.0,13.0,4.0,2.0,22.0,11.0,6.0,4.0,3.0,3.0,0.0,0.0
P1,28/08/2022,Arouca,Sp Braga,0.0,6.0,A,0.0,4.0,A,5.0,3.75,1.66,4.75,3.7,1.7,2022/23,€21.00m,€150.75m,12.0,15.0,4.0,10.0,18.0,13.0,5.0,4.0,3.0,3.0,0.0,0.0
P1,28/08/2022,Rio Ave,Porto,3.0,1.0,H,3.0,0.0,H,10.0,5.5,1.3,9.75,5.25,1.29,2022/23,€17.80m,€284.55m,6.0,27.0,4.0,10.0,11.0,8.0,2.0,7.0,1.0,2.0,0.0,0.0
P1,29/08/2022,Guimaraes,Casa Pia,0.0,1.0,A,0.0,1.0,A,1.95,3.4,4.0,1.95,3.3,3.8,2022/23,€72.40m,€17.30m,15.0,8.0,2.0,2.0,15.0,16.0,9.0,1.0,3.0,3.0,0.0,0.0
P1,29/08/2022,Vizela,Gil Vicente,2.0,2.0,D,2.0,2.0,D,2.3,3.3,3.0,2.35,3.25,2.9,2022/23,€18.48m,€46.85m,18.0,12.0,9.0,4.0,9.0,15.0,5.0,10.0,2.0,5.0,0.0,0.0
P1,30/08/2022,Benfica,Pacos Ferreira,3.0,2.0,H,2.0,1.0,H,1.06,11.0,29.0,1.08,11.0,31.0,2022/23,€477.58m,€28.13m,27.0,3.0,6.0,2.0,13.0,13.0,13.0,3.0,2.0,4.0,0.0,0.0
P1,02/09/2022,Benfica,Vizela,2.0,1.0,H,0.0,1.0,A,1.2,7.0,15.0,1.17,7.5,14.0,2022/23,€477.58m,€18.48m,28.0,7.0,6.0,2.0,9.0,10.0,15.0,4.0,7.0,4.0,2.0,0.0
P1,02/09/2022,Estoril,Sp Lisbon,0.0,2.0,A,0.0,2.0,A,6.5,4.33,1.45,6.25,4.33,1.47,2022/23,€36.15m,€366.60m,5.0,18.0,0.0,4.0,16.0,18.0,2.0,7.0,5.0,7.0,0.0,0.0
P1,03/09/2022,Sp Braga,Guimaraes,1.0,0.0,H,0.0,0.0,D,1.36,4.75,8.0,1.37,4.8,7.75,2022/23,€150.75m,€72.40m,18.0,7.0,2.0,3.0,16.0,21.0,5.0,0.0,2.0,7.0,0.0,0.0
P1,03/09/2022,Gil Vicente,Porto,0.0,2.0,A,0.0,2.0,A,7.0,4.33,1.44,6.5,4.5,1.44,2022/23,€46.85m,€284.55m,6.0,16.0,2.0,4.0,15.0,9.0,6.0,4.0,1.0,0.0,0.0,0.0
P1,04/09/2022,Casa Pia,Arouca,0.0,0.0,D,0.0,0.0,D,2.0,3.1,3.8,2.05,3.2,3.6,2022/23,€17.30m,€21.00m,6.0,8.0,1.0,1.0,13.0,10.0,9.0,2.0,2.0,0.0,0.0,0.0
P1,04/09/2022,Santa Clara,Maritimo,2.0,1.0,H,0.0,1.0,A,2.0,3.2,3.6,2.05,3.2,3.75,2022/23,€23.70m,€16.53m,9.0,17.0,4.0,5.0,22.0,16.0,2.0,3.0,3.0,4.0,0.0,1.0
P1,04/09/2022,Portimonense,Famalicao,1.0,0.0,H,0.0,0.0,D,2.2,3.2,3.2,2.2,3.2,3.25,2022/23,€31.58m,€51.85m,9.0,13.0,1.0,1.0,20.0,10.0,7.0,5.0,5.0,2.0,0.0,0.0
P1,05/09/2022,Boavista,Pacos Ferreira,1.0,0.0,H,0.0,0.0,D,2.0,3.3,3.8,2.0,3.2,3.75,2022/23,€28.85m,€28.13m,12.0,7.0,3.0,1.0,16.0,18.0,5.0,1.0,4.0,3.0,0.0,0.0
P1,05/09/2022,Chaves,Rio Ave,1.0,1.0,D,1.0,0.0,H,2.5,3.0,2.87,2.45,3.1,2.9,2022/23,€17.75m,€17.80m,21.0,13.0,6.0,3.0,14.0,13.0,8.0,11.0,5.0,3.0,0.0,0.0
P1,09/09/2022,Guimaraes,Santa Clara,1.0,0.0,H,0.0,0.0,D,1.95,3.4,4.0,1.98,3.25,3.8,2022/23,€72.40m,€23.70m,9.0,9.0,3.0,4.0,11.0,17.0,6.0,5.0,4.0,5.0,0.0,0.0
P1,10/09/2022,Famalicao,Benfica,0.0,1.0,A,0.0,0.0,D,7.0,4.5,1.4,6.5,4.6,1.43,2022/23,€51.85m,€477.58m,4.0,13.0,2.0,7.0,19.0,12.0,1.0,5.0,2.0,0.0,1.0,0.0
P1,10/09/2022,Sp Lisbon,Portimonense,4.0,0.0,H,2.0,0.0,H,1.33,5.5,8.0,1.34,5.0,8.25,2022/23,€366.60m,€31.58m,17.0,4.0,7.0,1.0,7.0,14.0,8.0,3.0,3.0,3.0,0.0,0.0
P1,10/09/2022,Porto,Chaves,3.0,0.0,H,1.0,0.0,H,1.14,7.0,19.0,1.16,7.5,17.0,2022/23,€284.55m,€17.75m,19.0,8.0,7.0,1.0,13.0,11.0,9.0,3.0,1.0,3.0,0.0,0.0
P1,11/09/2022,Pacos Ferreira,Casa Pia,2.0,3.0,A,1.0,0.0,H,2.8,3.1,2.62,2.7,3.0,2.65,2022/23,€28.13m,€17.30m,19.0,12.0,8.0,5.0,8.0,17.0,7.0,2.0,2.0,4.0,0.0,0.0
P1,11/09/2022,Arouca,Boavista,1.0,2.0,A,1.0,1.0,D,2.7,3.1,2.75,2.55,3.1,2.8,2022/23,€21.00m,€28.85m,6.0,10.0,1.0,4.0,11.0,15.0,2.0,5.0,2.0,2.0,2.0,0.0
P1,11/09/2022,Maritimo,Gil Vicente,1.0,2.0,A,1.0,0.0,H,2.75,3.2,2.62,2.8,3.2,2.45,2022/23,€16.53m,€46.85m,18.0,22.0,4.0,5.0,13.0,13.0,10.0,8.0,2.0,0.0,0.0,0.0
P1,11/09/2022,Rio Ave,Sp Braga,2.0,3.0,A,0.0,2.0,A,5.75,4.0,1.57,4.8,3.9,1.63,2022/23,€17.80m,€150.75m,17.0,24.0,5.0,11.0,12.0,10.0,7.0,8.0,1.0,1.0,0.0,0.0
P1,12/09/2022,Vizela,Estoril,0.0,1.0,A,0.0,1.0,A,2.2,3.3,3.25,2.2,3.2,3.25,2022/23,€18.48m,€36.15m,22.0,10.0,7.0,2.0,11.0,12.0,16.0,2.0,4.0,4.0,1.0,0.0
P1,16/09/2022,Portimonense,Chaves,1.0,0.0,H,1.0,0.0,H,2.1,3.25,3.5,2.2,3.2,3.3,2022/23,€31.58m,€17.75m,15.0,17.0,6.0,4.0,20.0,15.0,9.0,7.0,4.0,2.0,0.0,1.0
P1,17/09/2022,Gil Vicente,Rio Ave,2.0,2.0,D,0.0,1.0,A,1.95,3.3,3.8,1.98,3.3,3.75,2022/23,€46.85m,€17.80m,18.0,8.0,7.0,5.0,14.0,16.0,7.0,4.0,4.0,6.0,1.0,1.0
P1,17/09/2022,Santa Clara,Pacos Ferreira,1.0,1.0,D,1.0,0.0,H,2.0,3.3,3.75,2.0,3.2,3.8,2022/23,€23.70m,€28.13m,8.0,7.0,2.0,4.0,18.0,16.0,5.0,8.0,4.0,3.0,0.0,0.0
P1,17/09/2022,Estoril,Porto,1.0,1.0,D,1.0,0.0,H,9.5,5.0,1.3,9.75,5.0,1.31,2022/23,€36.15m,€284.55m,9.0,19.0,4.0,4.0,12.0,19.0,4.0,11.0,8.0,3.0,1.0,0.0
P1,17/09/2022,Boavista,Sp Lisbon,2.0,1.0,H,1.0,0.0,H,6.5,4.33,1.45,6.5,4.33,1.47,2022/23,€28.85m,€366.60m,7.0,11.0,3.0,3.0,11.0,5.0,4.0,9.0,3.0,1.0,0.0,0.0
P1,18/09/2022,Arouca,Guimaraes,2.0,2.0,D,1.0,0.0,H,3.0,3.2,2.37,2.95,3.2,2.37,2022/23,€21.00m,€72.40m,10.0,12.0,6.0,5.0,12.0,12.0,3.0,6.0,6.0,3.0,0.0,0.0
P1,18/09/2022,Benfica,Maritimo,5.0,0.0,H,1.0,0.0,H,1.11,9.0,21.0,1.12,9.0,19.0,2022/23,€477.58m,€16.53m,23.0,4.0,12.0,1.0,16.0,5.0,7.0,2.0,1.0,3.0,0.0,0.0
P1,18/09/2022,Casa Pia,Famalicao,1.0,0.0,H,0.0,0.0,D,2.37,3.0,3.2,2.35,2.95,3.2,2022/23,€17.30m,€51.85m,17.0,10.0,6.0,1.0,18.0,13.0,8.0,4.0,1.0,1.0,0.0,0.0
P1,18/09/2022,Sp Braga,Vizela,2.0,0.0,H,0.0,0.0,D,1.3,5.0,9.5,1.32,5.25,8.75,2022/23,€150.75m,€18.48m,22.0,17.0,10.0,6.0,14.0,14.0,8.0,4.0,6.0,4.0,0.0,0.0
P1,30/09/2022,Sp Lisbon,Gil Vicente,3.0,1.0,H,2.0,0.0,H,1.3,5.0,9.5,1.31,5.25,9.0,2022/23,€366.60m,€46.85m,16.0,11.0,7.0,4.0,9.0,6.0,3.0,2.0,4.0,1.0,0.0,0.0
P1,30/09/2022,Porto,Sp Braga,4.0,1.0,H,2.0,0.0,H,1.75,3.8,4.0,1.77,3.7,4.2,2022/23,€284.55m,€150.75m,16.0,9.0,7.0,0.0,14.0,17.0,6.0,5.0,2.0,4.0,0.0,1.0
P1,01/10/2022,Vizela,Portimonense,1.0,0.0,H,1.0,0.0,H,2.15,3.3,3.25,2.2,3.25,3.25,2022/23,€18.48m,€31.58m,15.0,18.0,6.0,7.0,10.0,12.0,5.0,9.0,3.0,3.0,0.0,0.0
P1,01/10/2022,Chaves,Estoril,1.0,1.0,D,1.0,0.0,H,2.25,3.1,3.2,2.3,3.2,3.1,2022/23,€17.75m,€36.15m,12.0,14.0,3.0,3.0,12.0,15.0,4.0,8.0,3.0,3.0,0.0,0.0
P1,01/10/2022,Guimaraes,Benfica,0.0,0.0,D,0.0,0.0,D,7.5,5.0,1.36,7.5,4.8,1.38,2022/23,€72.40m,€477.58m,6.0,6.0,1.0,1.0,17.0,22.0,5.0,6.0,4.0,1.0,0.0,0.0
P1,02/10/2022,Rio Ave,Santa Clara,1.0,0.0,H,1.0,0.0,H,2.45,3.2,2.8,2.45,3.1,2.9,2022/23,€17.80m,€23.70m,6.0,6.0,3.0,1.0,11.0,11.0,1.0,8.0,2.0,3.0,0.0,1.0
P1,02/10/2022,Pacos Ferreira,Arouca,1.0,1.0,D,0.0,0.0,D,2.2,3.2,3.2,2.2,3.25,3.2,2022/23,€28.13m,€21.00m,6.0,12.0,3.0,4.0,16.0,15.0,3.0,5.0,3.0,2.0,0.0,0.0
P1,02/10/2022,Famalicao,Boavista,4.0,0.0,H,2.0,0.0,H,2.2,3.2,3.3,2.2,3.1,3.3,2022/23,€51.85m,€28.85m,8.0,10.0,4.0,1.0,17.0,17.0,1.0,5.0,1.0,3.0,0.0,0.0
P1,03/10/2022,Maritimo,Casa Pia,1.0,2.0,A,1.0,1.0,D,2.75,3.2,2.5,2.8,3.1,2.5,2022/23,€16.53m,€17.30m,19.0,10.0,3.0,2.0,14.0,19.0,10.0,3.0,2.0,4.0,1.0,1.0
P1,07/10/2022,Gil Vicente,Estoril,0.0,1.0,A,0.0,0.0,D,2.1,3.4,3.25,2.15,3.3,3.25,2022/23,€46.85m,€36.15m,12.0,11.0,3.0,3.0,22.0,12.0,7.0,3.0,4.0,4.0,0.0,0.0
P1,08/10/2022,Santa Clara,Sp Lisbon,1.0,2.0,A,0.0,1.0,A,5.75,4.0,1.5,5.75,4.1,1.53,2022/23,€23.70m,€366.60m,9.0,11.0,6.0,3.0,11.0,15.0,3.0,5.0,4.0,3.0,0.0,0.0
P1,08/10/2022,Benfica,Rio Ave,4.0,2.0,H,3.0,1.0,H,1.16,7.0,13.0,1.16,7.5,16.0,2022/23,€477.58m,€17.80m,32.0,8.0,10.0,3.0,3.0,10.0,8.0,3.0,1.0,2.0,0.0,0.0
P1,08/10/2022,Portimonense,Porto,0.0,2.0,A,0.0,1.0,A,7.0,4.75,1.4,7.0,4.5,1.43,2022/23,€31.58m,€284.55m,12.0,18.0,3.0,7.0,12.0,7.0,1.0,5.0,4.0,2.0,0.0,0.0
P1,08/10/2022,Pacos Ferreira,Guimaraes,0.0,1.0,A,0.0,1.0,A,3.1,3.2,2.3,2.95,3.2,2.35,2022/23,€28.13m,€72.40m,23.0,11.0,7.0,2.0,22.0,17.0,14.0,3.0,7.0,7.0,2.0,1.0
P1,09/10/2022,Boavista,Maritimo,1.0,1.0,D,1.0,0.0,H,1.9,3.4,4.2,1.9,3.5,3.8,2022/23,€28.85m,€16.53m,20.0,14.0,5.0,3.0,20.0,17.0,8.0,8.0,2.0,5.0,0.0,0.0
P1,09/10/2022,Casa Pia,Vizela,0.0,1.0,A,0.0,0.0,D,2.37,3.1,3.0,2.35,3.2,3.0,2022/23,€17.30m,€18.48m,12.0,8.0,5.0,5.0,12.0,15.0,8.0,1.0,3.0,1.0,0.0,0.0
P1,09/10/2022,Sp Braga,Chaves,0.0,1.0,A,0.0,1.0,A,1.28,5.5,9.0,1.28,5.75,9.25,2022/23,€150.75m,€17.75m,30.0,6.0,5.0,1.0,13.0,12.0,13.0,1.0,6.0,5.0,0.0,0.0
P1,10/10/2022,Arouca,Famalicao,4.0,1.0,H,1.0,1.0,D,2.62,3.25,2.55,2.65,3.2,2.55,2022/23,€21.00m,€51.85m,14.0,11.0,7.0,5.0,17.0,15.0,3.0,5.0,0.0,4.0,0.0,0.0
P1,21/10/2022,Porto,Benfica,0.0,1.0,A,0.0,0.0,D,2.3,3.25,3.0,2.3,3.25,2.95,2022/23,€284.55m,€477.58m,11.0,13.0,4.0,4.0,14.0,19.0,4.0,4.0,5.0,7.0,1.0,0.0
P1,22/10/2022,Famalicao,Pacos Ferreira,2.0,1.0,H,1.0,1.0,D,1.66,3.5,4.75,1.71,3.5,5.0,2022/23,€51.85m,€28.13m,10.0,12.0,2.0,1.0,10.0,14.0,3.0,8.0,2.0,3.0,0.0,0.0
P1,22/10/2022,Estoril,Sp Braga,0.0,2.0,A,0.0,2.0,A,4.5,3.75,1.66,4.75,3.75,1.68,2022/23,€36.15m,€150.75m,4.0,14.0,2.0,7.0,16.0,12.0,5.0,7.0,3.0,1.0,0.0,0.0
P1,22/10/2022,Sp Lisbon,Casa Pia,3.0,1.0,H,0.0,1.0,A,1.28,5.0,9.0,1.3,5.0,10.5,2022/23,€366.60m,€17.30m,25.0,10.0,10.0,3.0,16.0,15.0,7.0,3.0,2.0,5.0,0.0,0.0
P1,23/10/2022,Maritimo,Arouca,1.0,1.0,D,1.0,1.0,D,2.55,3.1,2.7,2.6,3.2,2.65,2022/23,€16.53m,€21.00m,16.0,16.0,4.0,5.0,13.0,13.0,5.0,5.0,1.0,3.0,0.0,0.0
P1,23/10/2022,Vizela,Santa Clara,0.0,1.0,A,0.0,0.0,D,1.9,3.3,3.8,1.98,3.25,3.8,2022/23,€18.48m,€23.70m,18.0,12.0,3.0,2.0,14.0,23.0,5.0,2.0,3.0,5.0,1.0,0.0
P1,23/10/2022,Chaves,Gil Vicente,3.0,1.0,H,0.0,1.0,A,2.5,3.4,2.6,2.5,3.3,2.7,2022/23,€17.75m,€46.85m,18.0,10.0,9.0,3.0,7.0,12.0,5.0,1.0,1.0,2.0,0.0,1.0
P1,23/10/2022,Guimaraes,Boavista,3.0,2.0,H,1.0,1.0,D,2.0,3.3,3.5,2.1,3.1,3.6,2022/23,€72.40m,€28.85m,18.0,4.0,9.0,2.0,18.0,19.0,9.0,1.0,3.0,6.0,0.0,1.0
P1,24/10/2022,Rio Ave,Portimonense,1.0,0.0,H,1.0,0.0,H,2.45,3.3,2.7,2.45,3.1,2.85,2022/23,€17.80m,€31.58m,11.0,12.0,4.0,3.0,13.0,15.0,3.0,2.0,3.0,1.0,0.0,1.0
P1,28/10/2022,Pacos Ferreira,Maritimo,0.0,1.0,A,0.0,1.0,A,2.25,3.2,3.3,2.25,3.2,3.2,2022/23,€28.13m,€16.53m,10.0,16.0,4.0,7.0,26.0,12.0,6.0,10.0,2.0,4.0,0.0,0.0
P1,29/10/2022,Santa Clara,Porto,1.0,1.0,D,0.0,1.0,A,7.5,4.5,1.4,7.25,4.5,1.41,2022/23,€23.70m,€284.55m,9.0,15.0,5.0,4.0,13.0,13.0,5.0,6.0,4.0,1.0,0.0,0.0
P1,29/10/2022,Benfica,Chaves,5.0,0.0,H,3.0,0.0,H,1.18,7.0,13.0,1.17,7.5,14.0,2022/23,€477.58m,€17.75m,18.0,7.0,9.0,2.0,16.0,12.0,13.0,2.0,2.0,2.0,0.0,0.0
P1,29/10/2022,Arouca,Sp Lisbon,1.0,0.0,H,0.0,0.0,D,7.0,4.2,1.45,6.75,4.33,1.46,2022/23,€21.00m,€366.60m,10.0,21.0,5.0,7.0,12.0,6.0,4.0,11.0,5.0,3.0,0.0,0.0
P1,30/10/2022,Boavista,Vizela,2.0,2.0,D,1.0,2.0,A,2.4,3.25,2.87,2.45,3.2,2.8,2022/23,€28.85m,€18.48m,12.0,7.0,4.0,5.0,8.0,20.0,6.0,1.0,3.0,7.0,0.0,1.0
P1,30/10/2022,Portimonense,Estoril,1.0,1.0,D,0.0,1.0,A,2.37,3.3,3.0,2.35,3.1,3.0,2022/23,€31.58m,€36.15m,23.0,10.0,7.0,5.0,22.0,15.0,11.0,7.0,5.0,7.0,0.0,1.0
P1,30/10/2022,Casa Pia,Rio Ave,1.0,0.0,H,0.0,0.0,D,2.0,3.2,3.8,2.05,3.1,3.7,2022/23,€17.30m,€17.80m,11.0,9.0,2.0,0.0,18.0,21.0,3.0,4.0,2.0,3.0,0.0,0.0
P1,30/10/2022,Gil Vicente,Sp Braga,0.0,1.0,A,0.0,0.0,D,4.5,3.8,1.72,4.2,3.7,1.77,2022/23,€46.85m,€150.75m,8.0,14.0,3.0,6.0,17.0,16.0,5.0,8.0,4.0,3.0,0.0,0.0
P1,31/10/2022,Guimaraes,Famalicao,3.0,2.0,H,1.0,0.0,H,1.95,3.6,3.5,2.05,3.2,3.75,2022/23,€72.40m,€51.85m,13.0,9.0,6.0,4.0,19.0,20.0,1.0,7.0,4.0,5.0,0.0,0.0
P1,04/11/2022,Gil Vicente,Portimonense,1.0,2.0,A,1.0,1.0,D,2.2,3.25,3.2,2.2,3.4,3.1,2022/23,€46.85m,€31.58m,19.0,17.0,6.0,7.0,12.0,12.0,4.0,3.0,2.0,1.0,0.0,0.0
P1,05/11/2022,Vizela,Arouca,0.0,1.0,A,0.0,1.0,A,1.9,3.25,4.5,1.93,3.2,4.0,2022/23,€18.48m,€21.00m,25.0,7.0,6.0,2.0,5.0,14.0,11.0,2.0,1.0,4.0,0.0,0.0
P1,05/11/2022,Porto,Pacos Ferreira,4.0,0.0,H,3.0,0.0,H,1.12,8.0,21.0,1.12,8.75,21.0,2022/23,€284.55m,€28.13m,18.0,9.0,7.0,3.0,16.0,8.0,4.0,6.0,2.0,3.0,0.0,0.0
P1,05/11/2022,Sp Lisbon,Guimaraes,3.0,0.0,H,2.0,0.0,H,1.33,5.25,8.0,1.33,5.0,8.5,2022/23,€366.60m,€72.40m,17.0,3.0,6.0,0.0,17.0,10.0,11.0,3.0,1.0,5.0,0.0,1.0
P1,06/11/2022,Rio Ave,Boavista,1.0,0.0,H,0.0,0.0,D,2.45,3.1,3.0,2.35,3.1,3.1,2022/23,€17.80m,€28.85m,7.0,7.0,1.0,1.0,11.0,13.0,4.0,4.0,3.0,2.0,0.0,0.0
P1,06/11/2022,Maritimo,Famalicao,0.0,0.0,D,0.0,0.0,D,2.75,3.2,2.55,2.7,3.2,2.55,2022/23,€16.53m,€51.85m,17.0,13.0,3.0,3.0,19.0,14.0,7.0,6.0,2.0,2.0,0.0,0.0
P1,06/11/2022,Sp Braga,Casa Pia,0.0,1.0,A,0.0,1.0,A,1.4,5.0,7.0,1.41,4.6,7.0,2022/23,€150.75m,€17.30m,28.0,12.0,8.0,3.0,14.0,14.0,7.0,1.0,2.0,3.0,0.0,0.0
P1,06/11/2022,Estoril,Benfica,1.0,5.0,A,0.0,3.0,A,8.5,5.75,1.3,8.75,5.5,1.31,2022/23,€36.15m,€477.58m,8.0,18.0,3.0,7.0,13.0,9.0,2.0,11.0,0.0,0.0,0.0,0.0
P1,07/11/2022,Chaves,Santa Clara,0.0,0.0,D,0.0,0.0,D,2.3,3.25,3.1,2.3,3.2,3.1,2022/23,€17.75m,€23.70m,13.0,18.0,4.0,2.0,12.0,12.0,4.0,6.0,4.0,4.0,0.0,0.0
P1,12/11/2022,Arouca,Rio Ave,0.0,1.0,A,0.0,0.0,D,2.25,3.2,3.25,2.25,3.1,3.2,2022/23,€21.00m,€17.80m,11.0,9.0,0.0,5.0,12.0,15.0,10.0,4.0,5.0,4.0,0.0,0.0
P1,13/11/2022,Guimaraes,Maritimo,1.0,0.0,H,0.0,0.0,D,1.66,3.6,5.25,1.71,3.6,4.8,2022/23,€72.40m,€16.53m,12.0,6.0,4.0,3.0,12.0,16.0,1.0,6.0,1.0,2.0,0.0,0.0
P1,13/11/2022,Pacos Ferreira,Vizela,0.0,2.0,A,0.0,0.0,D,3.1,3.2,2.37,2.95,3.2,2.35,2022/23,€28.13m,€18.48m,14.0,21.0,5.0,9.0,12.0,17.0,9.0,7.0,1.0,4.0,0.0,0.0
P1,13/11/2022,Benfica,Gil Vicente,3.0,1.0,H,2.0,1.0,H,1.14,8.5,15.0,1.14,8.5,16.5,2022/23,€477.58m,€46.85m,17.0,4.0,6.0,2.0,13.0,12.0,6.0,0.0,1.0,1.0,0.0,0.0
P1,13/11/2022,Casa Pia,Chaves,1.0,2.0,A,1.0,0.0,H,2.0,3.4,3.75,2.05,3.3,3.5,2022/23,€17.30m,€17.75m,14.0,13.0,4.0,4.0,15.0,12.0,2.0,0.0,4.0,1.0,0.0,0.0
P1,13/11/2022,Portimonense,Sp Braga,1.0,2.0,A,1.0,0.0,H,5.0,3.75,1.66,5.0,3.7,1.68,2022/23,€31.58m,€150.75m,14.0,22.0,5.0,10.0,9.0,8.0,2.0,8.0,2.0,5.0,0.0,2.0
P1,13/11/2022,Famalicao,Sp Lisbon,1.0,2.0,A,0.0,2.0,A,5.5,3.75,1.65,5.0,3.8,1.65,2022/23,€51.85m,€366.60m,11.0,21.0,2.0,8.0,14.0,17.0,3.0,5.0,4.0,7.0,0.0,0.0
P1,14/11/2022,Santa Clara,Estoril,3.0,1.0,H,2.0,1.0,H,2.25,3.2,3.2,2.35,3.2,3.0,2022/23,€23.70m,€36.15m,15.0,16.0,9.0,1.0,19.0,15.0,6.0,7.0,3.0,1.0,0.0,0.0
P1,23/12/2022,Rio Ave,Maritimo,1.0,1.0,D,1.0,1.0,D,2.0,3.5,3.8,1.98,3.25,3.8,2022/23,€17.80m,€16.53m,19.0,8.0,5.0,1.0,18.0,19.0,5.0,5.0,1.0,1.0,0.0,0.0
P1,28/12/2022,Portimonense,Casa Pia,1.0,2.0,A,1.0,1.0,D,2.38,3.1,3.1,2.3,3.2,3.0,2022/23,€31.58m,€17.30m,6.0,20.0,2.0,7.0,22.0,10.0,1.0,11.0,4.0,3.0,0.0,0.0
P1,28/12/2022,Porto,Arouca,5.0,1.0,H,3.0,0.0,H,1.11,8.0,23.0,1.14,8.0,17.5,2022/23,€284.55m,€21.00m,16.0,8.0,11.0,2.0,13.0,14.0,5.0,3.0,1.0,3.0,0.0,0.0
P1,29/12/2022,Gil Vicente,Santa Clara,1.0,0.0,H,1.0,0.0,H,2.15,3.2,3.5,2.15,3.2,3.4,2022/23,€46.85m,€23.70m,14.0,10.0,5.0,1.0,17.0,14.0,4.0,9.0,3.0,2.0,0.0,0.0
P1,29/12/2022,Sp Lisbon,Pacos Ferreira,3.0,0.0,H,3.0,0.0,H,1.13,8.0,21.0,1.15,7.75,18.0,2022/23,€366.60m,€28.13m,15.0,6.0,5.0,1.0,18.0,14.0,4.0,3.0,1.0,4.0,1.0,0.0
P1,30/12/2022,Chaves,Famalicao,0.0,2.0,A,0.0,1.0,A,2.5,3.2,2.8,2.4,3.2,2.9,2022/23,€17.75m,€51.85m,19.0,15.0,3.0,6.0,18.0,19.0,5.0,3.0,4.0,5.0,0.0,0.0
P1,30/12/2022,Vizela,Guimaraes,3.0,0.0,H,1.0,0.0,H,2.2,3.25,3.3,2.2,3.25,3.2,2022/23,€18.48m,€72.40m,9.0,16.0,4.0,3.0,18.0,12.0,1.0,5.0,5.0,3.0,0.0,0.0
P1,30/12/2022,Sp Braga,Benfica,3.0,0.0,H,2.0,0.0,H,4.5,3.8,1.7,4.5,3.6,1.73,2022/23,€150.75m,€477.58m,15.0,10.0,6.0,3.0,11.0,13.0,4.0,8.0,1.0,3.0,0.0,0.0
P1,05/01/2023,Santa Clara,Sp Braga,0.0,4.0,A,0.0,2.0,A,5.0,3.6,1.65,4.75,3.7,1.7,2022/23,€23.70m,€150.75m,3.0,26.0,0.0,13.0,15.0,14.0,1.0,6.0,1.0,1.0,0.0,0.0
P1,06/01/2023,Benfica,Portimonense,1.0,0.0,H,1.0,0.0,H,1.14,6.0,21.0,1.16,7.5,15.5,2022/23,€477.58m,€31.58m,27.0,1.0,12.0,0.0,11.0,15.0,12.0,2.0,0.0,2.0,0.0,0.0
P1,06/01/2023,Famalicao,Vizela,2.0,1.0,H,1.0,0.0,H,2.38,3.2,3.0,2.35,3.1,3.1,2022/23,€51.85m,€18.48m,9.0,7.0,3.0,4.0,14.0,11.0,6.0,4.0,3.0,6.0,0.0,0.0
P1,07/01/2023,Arouca,Estoril,2.0,0.0,H,1.0,0.0,H,2.2,3.3,3.3,2.15,3.3,3.2,2022/23,€21.00m,€36.15m,17.0,14.0,7.0,3.0,19.0,18.0,2.0,5.0,2.0,1.0,0.0,0.0
P1,07/01/2023,Guimaraes,Rio Ave,0.0,0.0,D,0.0,0.0,D,2.0,3.4,3.75,2.0,3.25,3.6,2022/23,€72.40m,€17.80m,9.0,9.0,2.0,0.0,21.0,21.0,5.0,2.0,3.0,2.0,0.0,0.0
P1,07/01/2023,Casa Pia,Porto,0.0,0.0,D,0.0,0.0,D,9.0,4.5,1.36,8.0,4.75,1.37,2022/23,€17.30m,€284.55m,2.0,25.0,0.0,9.0,10.0,11.0,5.0,6.0,3.0,0.0,1.0,0.0
P1,08/01/2023,Pacos Ferreira,Chaves,1.0,1.0,D,0.0,0.0,D,2.75,3.3,2.5,2.75,3.2,2.5,2022/23,€28.13m,€17.75m,18.0,12.0,4.0,2.0,19.0,20.0,9.0,6.0,6.0,5.0,0.0,0.0
P1,08/01/2023,Maritimo,Sp Lisbon,1.0,0.0,H,0.0,0.0,D,9.0,4.5,1.4,7.5,4.8,1.36,2022/23,€16.53m,€366.60m,9.0,10.0,2.0,1.0,24.0,12.0,3.0,8.0,4.0,4.0,0.0,0.0
P1,08/01/2023,Boavista,Gil Vicente,1.0,0.0,H,1.0,0.0,H,2.55,3.25,2.7,2.5,3.25,2.7,2022/23,€28.85m,€46.85m,13.0,18.0,5.0,4.0,18.0,10.0,6.0,9.0,4.0,2.0,1.0,0.0
P1,13/01/2023,Portimonense,Santa Clara,0.0,0.0,D,0.0,0.0,D,1.95,3.3,3.75,1.95,3.25,3.7,2022/23,€31.58m,€23.70m,24.0,10.0,4.0,2.0,17.0,13.0,6.0,1.0,2.0,5.0,0.0,1.0
P1,14/01/2023,Vizela,Maritimo,3.0,0.0,H,2.0,0.0,H,1.75,3.5,4.33,1.82,3.4,4.33,2022/23,€18.48m,€16.53m,18.0,8.0,9.0,1.0,15.0,10.0,7.0,4.0,1.0,4.0,0.0,1.0
P1,14/01/2023,Rio Ave,Pacos Ferreira,0.0,1.0,A,0.0,1.0,A,1.85,3.3,4.0,1.93,3.25,4.0,2022/23,€17.80m,€28.13m,16.0,5.0,6.0,2.0,22.0,16.0,6.0,2.0,5.0,6.0,0.0,0.0
P1,14/01/2023,Sp Braga,Boavista,1.0,0.0,H,0.0,0.0,D,1.29,5.0,10.0,1.32,4.8,10.0,2022/23,€150.75m,€28.85m,9.0,10.0,4.0,0.0,11.0,14.0,1.0,7.0,2.0,3.0,0.0,0.0
P1,15/01/2023,Chaves,Arouca,1.0,1.0,D,1.0,0.0,H,2.15,3.2,3.4,2.15,3.25,3.3,2022/23,€17.75m,€21.00m,15.0,18.0,5.0,6.0,6.0,14.0,5.0,10.0,0.0,1.0,0.0,1.0
P1,15/01/2023,Benfica,Sp Lisbon,2.0,2.0,D,1.0,1.0,D,1.8,3.75,3.8,1.83,3.6,4.0,2022/23,€477.58m,€366.60m,14.0,8.0,8.0,3.0,14.0,16.0,5.0,2.0,2.0,5.0,0.0,0.0
P1,15/01/2023,Porto,Famalicao,4.0,1.0,H,3.0,0.0,H,1.18,6.5,15.0,1.18,7.0,15.0,2022/23,€284.55m,€51.85m,17.0,10.0,9.0,2.0,22.0,15.0,2.0,5.0,3.0,1.0,0.0,0.0
P1,16/01/2023,Estoril,Casa Pia,2.0,0.0,H,1.0,0.0,H,2.8,3.1,2.45,2.7,3.1,2.6,2022/23,€36.15m,€17.30m,11.0,6.0,3.0,0.0,13.0,21.0,4.0,4.0,2.0,5.0,0.0,1.0
P1,16/01/2023,Gil Vicente,Guimaraes,2.0,1.0,H,1.0,1.0,D,2.4,3.1,2.9,2.45,3.2,2.8,2022/23,€46.85m,€72.40m,9.0,11.0,6.0,2.0,14.0,12.0,3.0,0.0,2.0,4.0,0.0,1.0
P1,20/01/2023,Arouca,Portimonense,4.0,0.0,H,2.0,0.0,H,2.4,3.25,2.9,2.37,3.1,2.95,2022/23,€21.00m,€31.58m,17.0,3.0,12.0,0.0,9.0,11.0,3.0,7.0,0.0,5.0,0.0,1.0
P1,20/01/2023,Sp Lisbon,Vizela,2.0,1.0,H,0.0,0.0,D,1.29,5.75,8.5,1.28,5.25,10.5,2022/23,€366.60m,€18.48m,21.0,8.0,8.0,3.0,10.0,8.0,8.0,1.0,2.0,1.0,0.0,0.0
P1,21/01/2023,Pacos Ferreira,Sp Braga,1.0,2.0,A,0.0,0.0,D,6.0,4.5,1.44,6.25,4.33,1.47,2022/23,€28.13m,€150.75m,11.0,15.0,5.0,10.0,6.0,13.0,4.0,10.0,2.0,4.0,1.0,0.0
P1,21/01/2023,Santa Clara,Benfica,0.0,3.0,A,0.0,2.0,A,9.0,5.25,1.29,9.5,5.25,1.3,2022/23,€23.70m,€477.58m,8.0,12.0,1.0,5.0,14.0,13.0,8.0,9.0,1.0,2.0,0.0,0.0
P1,21/01/2023,Guimaraes,Porto,0.0,1.0,A,0.0,1.0,A,7.0,4.75,1.4,7.25,4.6,1.4,2022/23,€72.40m,€284.55m,9.0,14.0,0.0,2.0,20.0,17.0,3.0,6.0,6.0,4.0,0.0,0.0
P1,22/01/2023,Maritimo,Estoril,1.0,0.0,H,1.0,0.0,H,2.5,3.1,3.0,2.4,3.2,2.95,2022/23,€16.53m,€36.15m,11.0,11.0,2.0,2.0,21.0,14.0,4.0,5.0,8.0,2.0,1.0,0.0
P1,22/01/2023,Casa Pia,Gil Vicente,1.0,3.0,A,0.0,0.0,D,2.3,3.25,3.1,2.3,3.2,3.1,2022/23,€17.30m,€46.85m,14.0,12.0,5.0,7.0,17.0,18.0,6.0,4.0,2.0,1.0,0.0,0.0
P1,22/01/2023,Famalicao,Rio Ave,0.0,0.0,D,0.0,0.0,D,2.05,3.3,3.75,2.1,3.25,3.4,2022/23,€51.85m,€17.80m,19.0,14.0,5.0,2.0,13.0,16.0,4.0,3.0,0.0,3.0,0.0,0.0
P1,23/01/2023,Boavista,Chaves,1.0,1.0,D,1.0,0.0,H,2.2,3.4,3.1,2.2,3.25,3.1,2022/23,€28.85m,€17.75m,18.0,7.0,3.0,3.0,11.0,13.0,11.0,5.0,2.0,4.0,0.0,0.0
P1,26/01/2023,Pacos Ferreira,Benfica,0.0,2.0,A,0.0,2.0,A,13.0,6.5,1.2,12.0,6.5,1.21,2022/23,€28.13m,€477.58m,12.0,13.0,3.0,6.0,15.0,19.0,1.0,10.0,0.0,2.0,0.0,0.0
P1,29/01/2023,Casa Pia,Santa Clara,2.0,1.0,H,0.0,0.0,D,2.0,3.2,4.0,2.0,3.25,3.7,2022/23,€17.30m,€23.70m,19.0,6.0,8.0,3.0,12.0,20.0,8.0,3.0,5.0,4.0,0.0,0.0
P1,29/01/2023,Vizela,Rio Ave,3.0,1.0,H,0.0,1.0,A,1.91,3.4,4.0,1.93,3.4,3.8,2022/23,€18.48m,€17.80m,12.0,13.0,7.0,2.0,14.0,15.0,3.0,8.0,4.0,2.0,0.0,1.0
P1,29/01/2023,Boavista,Portimonense,4.0,2.0,H,0.0,0.0,D,2.1,3.3,3.5,2.1,3.25,3.4,2022/23,€28.85m,€31.58m,18.0,7.0,10.0,3.0,10.0,15.0,7.0,6.0,2.0,2.0,0.0,0.0
P1,29/01/2023,Famalicao,Estoril,1.0,0.0,H,0.0,0.0,D,2.05,3.3,3.75,2.05,3.2,3.5,2022/23,€51.85m,€36.15m,16.0,16.0,6.0,6.0,15.0,14.0,5.0,7.0,3.0,4.0,0.0,0.0
P1,30/01/2023,Guimaraes,Chaves,2.0,1.0,H,1.0,0.0,H,1.91,3.4,4.0,1.98,3.4,3.7,2022/23,€72.40m,€17.75m,18.0,16.0,6.0,4.0,19.0,10.0,7.0,6.0,3.0,3.0,0.0,0.0
P1,31/01/2023,Pacos Ferreira,Gil Vicente,2.0,1.0,H,1.0,0.0,H,3.0,3.25,2.38,3.1,3.2,2.3,2022/23,€28.13m,€46.85m,21.0,10.0,8.0,4.0,14.0,12.0,11.0,12.0,2.0,2.0,0.0,0.0
P1,31/01/2023,Arouca,Benfica,0.0,3.0,A,0.0,1.0,A,9.5,4.75,1.33,9.25,5.0,1.32,2022/23,€21.00m,€477.58m,6.0,5.0,0.0,3.0,10.0,11.0,3.0,3.0,3.0,1.0,0.0,0.0
P1,01/02/2023,Maritimo,Porto,0.0,2.0,A,0.0,0.0,D,11.0,5.5,1.25,11.0,5.75,1.26,2022/23,€16.53m,€284.55m,10.0,9.0,2.0,4.0,28.0,15.0,5.0,1.0,6.0,3.0,1.0,1.0
P1,01/02/2023,Sp Lisbon,Sp Braga,5.0,0.0,H,1.0,0.0,H,1.91,3.6,3.75,1.93,3.5,3.75,2022/23,€366.60m,€150.75m,22.0,4.0,9.0,4.0,13.0,13.0,10.0,1.0,1.0,2.0,0.0,1.0
P1,04/02/2023,Santa Clara,Boavista,2.0,2.0,D,0.0,1.0,A,2.7,3.0,2.8,2.6,3.0,2.8,2022/23,€23.70m,€28.85m,11.0,6.0,3.0,4.0,13.0,12.0,7.0,7.0,2.0,3.0,0.0,0.0
P1,04/02/2023,Benfica,Casa Pia,3.0,0.0,H,2.0,0.0,H,1.18,6.5,15.0,1.19,6.5,15.0,2022/23,€477.58m,€17.30m,16.0,7.0,5.0,0.0,16.0,7.0,4.0,4.0,0.0,1.0,0.0,0.0
P1,04/02/2023,Estoril,Guimaraes,0.0,1.0,A,0.0,1.0,A,2.75,2.88,2.9,2.6,3.0,2.75,2022/23,€36.15m,€72.40m,15.0,12.0,4.0,3.0,15.0,23.0,4.0,5.0,1.0,1.0,0.0,0.0
P1,05/02/2023,Chaves,Maritimo,2.0,1.0,H,2.0,1.0,H,2.1,3.2,3.75,2.05,3.25,3.5,2022/23,€17.75m,€16.53m,5.0,15.0,5.0,3.0,19.0,12.0,3.0,6.0,6.0,5.0,0.0,0.0
P1,05/02/2023,Sp Braga,Famalicao,4.0,1.0,H,1.0,0.0,H,1.4,4.75,8.0,1.38,4.8,7.5,2022/23,€150.75m,€51.85m,14.0,6.0,4.0,1.0,16.0,9.0,6.0,2.0,3.0,3.0,0.0,0.0
P1,05/02/2023,Porto,Vizela,2.0,0.0,H,1.0,0.0,H,1.2,6.5,15.0,1.21,6.5,13.0,2022/23,€284.55m,€18.48m,15.0,10.0,4.0,3.0,15.0,9.0,7.0,5.0,2.0,2.0,0.0,0.0
P1,05/02/2023,Gil Vicente,Arouca,1.0,1.0,D,1.0,1.0,D,2.2,3.1,3.3,2.25,3.25,3.1,2022/23,€46.85m,€21.00m,17.0,12.0,7.0,6.0,14.0,10.0,13.0,4.0,2.0,3.0,0.0,0.0
P1,06/02/2023,Portimonense,Pacos Ferreira,1.0,0.0,H,0.0,0.0,D,1.95,3.1,4.2,1.95,3.3,3.75,2022/23,€31.58m,€28.13m,15.0,8.0,3.0,4.0,15.0,16.0,10.0,2.0,1.0,3.0,0.0,1.0
P1,06/02/2023,Rio Ave,Sp Lisbon,0.0,1.0,A,0.0,0.0,D,7.0,4.33,1.5,6.25,4.2,1.49,2022/23,€17.80m,€366.60m,5.0,8.0,1.0,1.0,10.0,14.0,4.0,2.0,1.0,3.0,0.0,0.0
P1,09/02/2023,Estoril,Boavista,2.0,1.0,H,0.0,1.0,A,2.4,3.1,2.88,2.45,3.1,2.9,2022/23,€36.15m,€28.85m,27.0,5.0,13.0,4.0,13.0,15.0,11.0,0.0,2.0,2.0,0.0,1.0
P1,10/02/2023,Vizela,Chaves,0.0,0.0,D,0.0,0.0,D,1.7,3.5,5.0,1.7,3.6,4.8,2022/23,€18.48m,€17.75m,15.0,15.0,4.0,5.0,14.0,15.0,5.0,6.0,3.0,3.0,0.0,0.0
P1,11/02/2023,Arouca,Santa Clara,1.0,0.0,H,0.0,0.0,D,2.05,3.3,3.5,2.1,3.2,3.4,2022/23,€21.00m,€23.70m,9.0,4.0,4.0,0.0,18.0,11.0,3.0,3.0,2.0,4.0,0.0,0.0
P1,11/02/2023,Guimaraes,Portimonense,1.0,0.0,H,1.0,0.0,H,1.8,3.5,4.2,1.78,3.5,4.5,2022/23,€72.40m,€31.58m,9.0,8.0,4.0,3.0,19.0,13.0,5.0,2.0,2.0,2.0,0.0,0.0
P1,12/02/2023,Famalicao,Gil Vicente,0.0,1.0,A,0.0,0.0,D,2.1,3.3,3.3,2.15,3.3,3.3,2022/23,€51.85m,€46.85m,16.0,16.0,3.0,3.0,17.0,24.0,4.0,6.0,1.0,6.0,0.0,0.0
P1,12/02/2023,Sp Lisbon,Porto,1.0,2.0,A,0.0,0.0,D,2.6,3.25,2.55,2.65,3.25,2.55,2022/23,€366.60m,€284.55m,15.0,10.0,5.0,3.0,11.0,12.0,8.0,4.0,4.0,1.0,0.0,0.0
P1,12/02/2023,Maritimo,Sp Braga,1.0,2.0,A,1.0,2.0,A,5.5,4.0,1.57,5.25,3.9,1.58,2022/23,€16.53m,€150.75m,18.0,9.0,6.0,3.0,10.0,15.0,5.0,5.0,3.0,3.0,1.0,0.0
P1,13/02/2023,Rio Ave,Estoril,2.0,0.0,H,0.0,0.0,D,2.2,3.1,3.4,2.2,3.1,3.3,2022/23,€17.80m,€36.15m,10.0,16.0,3.0,3.0,26.0,15.0,2.0,9.0,4.0,2.0,0.0,0.0
P1,13/02/2023,Boavista,Casa Pia,0.0,0.0,D,0.0,0.0,D,2.38,3.1,3.1,2.4,3.1,3.0,2022/23,€28.85m,€17.30m,10.0,6.0,3.0,2.0,10.0,13.0,7.0,3.0,3.0,2.0,1.0,0.0
P1,17/02/2023,Gil Vicente,Vizela,1.0,1.0,D,0.0,0.0,D,2.38,3.4,2.8,2.4,3.3,2.8,2022/23,€46.85m,€18.48m,16.0,13.0,6.0,4.0,16.0,11.0,10.0,2.0,5.0,4.0,1.0,0.0
P1,18/02/2023,Estoril,Pacos Ferreira,1.0,3.0,A,0.0,2.0,A,2.0,3.3,3.8,2.05,3.2,3.7,2022/23,€36.15m,€28.13m,13.0,17.0,4.0,5.0,16.0,19.0,5.0,7.0,0.0,3.0,0.0,0.0
P1,18/02/2023,Portimonense,Maritimo,2.0,1.0,H,0.0,1.0,A,2.2,3.2,3.4,2.25,3.25,3.1,2022/23,€31.58m,€16.53m,11.0,8.0,3.0,2.0,19.0,20.0,8.0,1.0,3.0,3.0,0.0,0.0
P1,18/02/2023,Porto,Rio Ave,1.0,0.0,H,1.0,0.0,H,1.17,7.0,15.0,1.16,7.0,15.5,2022/23,€284.55m,€17.80m,14.0,11.0,4.0,4.0,19.0,17.0,8.0,2.0,2.0,3.0,0.0,0.0
P1,19/02/2023,Santa Clara,Famalicao,1.0,3.0,A,0.0,0.0,D,2.88,3.25,2.45,2.95,3.0,2.5,2022/23,€23.70m,€51.85m,16.0,17.0,7.0,7.0,22.0,19.0,3.0,6.0,2.0,3.0,1.0,1.0
P1,19/02/2023,Sp Braga,Arouca,2.0,0.0,H,1.0,0.0,H,1.44,4.75,7.0,1.42,4.6,6.75,2022/23,€150.75m,€21.00m,7.0,13.0,4.0,3.0,14.0,10.0,4.0,3.0,1.0,4.0,0.0,0.0
P1,19/02/2023,Casa Pia,Guimaraes,0.0,0.0,D,0.0,0.0,D,2.45,3.1,3.0,2.45,3.1,2.95,2022/23,€17.30m,€72.40m,11.0,9.0,2.0,0.0,16.0,12.0,3.0,4.0,3.0,2.0,0.0,0.0
P1,20/02/2023,Chaves,Sp Lisbon,2.0,3.0,A,1.0,1.0,D,6.5,4.75,1.44,6.25,4.6,1.44,2022/23,€17.75m,€366.60m,13.0,16.0,5.0,8.0,13.0,16.0,4.0,4.0,2.0,3.0,0.0,0.0
P1,20/02/2023,Benfica,Boavista,3.0,1.0,H,0.0,0.0,D,1.18,7.5,12.0,1.2,6.75,13.0,2022/23,€477.58m,€28.85m,18.0,5.0,10.0,2.0,11.0,13.0,8.0,5.0,1.0,5.0,0.0,0.0
P1,24/02/2023,Famalicao,Portimonense,1.0,0.0,H,0.0,0.0,D,1.8,3.25,4.5,1.83,3.4,4.2,2022/23,€51.85m,€31.58m,21.0,17.0,6.0,7.0,20.0,16.0,7.0,8.0,1.0,3.0,1.0,0.0
P1,25/02/2023,Arouca,Casa Pia,2.0,0.0,H,0.0,0.0,D,2.25,3.1,3.2,2.25,3.1,3.2,2022/23,€21.00m,€17.30m,9.0,11.0,3.0,3.0,11.0,12.0,1.0,11.0,2.0,4.0,0.0,1.0
P1,25/02/2023,Maritimo,Santa Clara,3.0,1.0,H,0.0,1.0,A,2.1,2.9,3.6,2.1,3.2,3.5,2022/23,€16.53m,€23.70m,26.0,11.0,7.0,6.0,9.0,19.0,9.0,4.0,3.0,5.0,0.0,0.0
P1,25/02/2023,Vizela,Benfica,0.0,2.0,A,0.0,1.0,A,7.5,4.75,1.36,7.25,4.8,1.38,2022/23,€18.48m,€477.58m,9.0,11.0,3.0,6.0,14.0,10.0,6.0,5.0,4.0,2.0,1.0,0.0
P1,26/02/2023,Rio Ave,Chaves,1.0,0.0,H,0.0,0.0,D,2.1,3.25,3.25,2.2,3.2,3.25,2022/23,€17.80m,€17.75m,10.0,11.0,3.0,6.0,17.0,12.0,4.0,8.0,5.0,3.0,0.0,0.0
P1,26/02/2023,Pacos Ferreira,Boavista,1.0,3.0,A,0.0,1.0,A,2.55,3.0,2.88,2.65,3.1,2.6,2022/23,€28.13m,€28.85m,15.0,12.0,6.0,4.0,17.0,19.0,9.0,10.0,4.0,7.0,0.0,0.0
P1,26/02/2023,Porto,Gil Vicente,1.0,2.0,A,1.0,2.0,A,1.18,6.5,11.0,1.2,7.0,12.0,2022/23,€284.55m,€46.85m,11.0,9.0,4.0,4.0,9.0,8.0,3.0,0.0,5.0,5.0,2.0,0.0
P1,27/02/2023,Sp Lisbon,Estoril,2.0,0.0,H,1.0,0.0,H,1.22,6.5,10.0,1.22,6.5,11.0,2022/23,€366.60m,€36.15m,17.0,3.0,8.0,0.0,9.0,6.0,14.0,5.0,0.0,0.0,0.0,0.0
P1,27/02/2023,Guimaraes,Sp Braga,2.0,1.0,H,2.0,0.0,H,3.75,3.5,1.91,3.7,3.4,1.95,2022/23,€72.40m,€150.75m,9.0,13.0,2.0,4.0,16.0,13.0,3.0,5.0,6.0,4.0,1.0,2.0
P1,03/03/2023,Boavista,Arouca,0.0,0.0,D,0.0,0.0,D,2.25,3.25,3.25,2.25,3.1,3.2,2022/23,€28.85m,€21.00m,10.0,8.0,2.0,1.0,8.0,18.0,6.0,1.0,2.0,5.0,0.0,0.0
P1,03/03/2023,Benfica,Famalicao,2.0,0.0,H,1.0,0.0,H,1.17,8.5,13.0,1.17,7.25,16.0,2022/23,€477.58m,€51.85m,19.0,7.0,7.0,0.0,13.0,13.0,7.0,2.0,1.0,3.0,0.0,0.0
P1,04/03/2023,Estoril,Vizela,0.0,3.0,A,0.0,2.0,A,2.63,3.2,2.63,2.55,3.2,2.75,2022/23,€36.15m,€18.48m,10.0,6.0,2.0,3.0,11.0,15.0,8.0,0.0,3.0,0.0,0.0,0.0
P1,04/03/2023,Portimonense,Sp Lisbon,0.0,1.0,A,0.0,0.0,D,8.0,4.5,1.36,7.75,4.75,1.37,2022/23,€31.58m,€366.60m,6.0,21.0,4.0,7.0,10.0,15.0,3.0,7.0,4.0,2.0,0.0,0.0
P1,04/03/2023,Chaves,Porto,1.0,3.0,A,0.0,2.0,A,11.0,5.0,1.29,11.5,5.0,1.29,2022/23,€17.75m,€284.55m,13.0,13.0,4.0,5.0,19.0,19.0,4.0,8.0,9.0,5.0,2.0,0.0
P1,05/03/2023,Gil Vicente,Maritimo,2.0,0.0,H,1.0,0.0,H,1.85,3.6,4.0,1.87,3.5,4.0,2022/23,€46.85m,€16.53m,11.0,19.0,5.0,6.0,16.0,11.0,12.0,8.0,3.0,3.0,0.0,0.0
P1,05/03/2023,Santa Clara,Guimaraes,1.0,3.0,A,0.0,3.0,A,3.0,3.1,2.5,2.9,3.0,2.5,2022/23,€23.70m,€72.40m,16.0,11.0,5.0,6.0,16.0,9.0,7.0,6.0,3.0,2.0,0.0,0.0
P1,05/03/2023,Sp Braga,Rio Ave,2.0,0.0,H,1.0,0.0,H,1.44,4.2,8.0,1.41,4.4,7.5,2022/23,€150.75m,€17.80m,21.0,10.0,11.0,4.0,9.0,9.0,9.0,4.0,1.0,0.0,0.0,0.0
P1,06/03/2023,Casa Pia,Pacos Ferreira,2.0,1.0,H,0.0,1.0,A,2.0,3.1,4.2,2.0,3.25,3.7,2022/23,€17.30m,€28.13m,9.0,14.0,4.0,2.0,14.0,20.0,4.0,2.0,3.0,2.0,0.0,0.0
P1,10/03/2023,Porto,Estoril,3.0,2.0,H,2.0,1.0,H,1.18,6.5,13.0,1.19,6.5,14.5,2022/23,€284.55m,€36.15m,12.0,9.0,5.0,3.0,22.0,11.0,6.0,3.0,3.0,5.0,0.0,1.0
P1,11/03/2023,Chaves,Portimonense,2.0,0.0,H,1.0,0.0,H,2.25,3.3,3.1,2.25,3.3,3.1,2022/23,€17.75m,€31.58m,13.0,19.0,8.0,2.0,11.0,11.0,3.0,7.0,5.0,1.0,1.0,0.0
P1,11/03/2023,Pacos Ferreira,Santa Clara,1.0,0.0,H,0.0,0.0,D,2.38,3.25,3.0,2.45,3.2,2.85,2022/23,€28.13m,€23.70m,15.0,11.0,4.0,4.0,15.0,13.0,9.0,2.0,5.0,6.0,0.0,0.0
P1,11/03/2023,Guimaraes,Arouca,0.0,2.0,A,0.0,0.0,D,2.0,3.4,3.75,2.05,3.2,3.7,2022/23,€72.40m,€21.00m,25.0,9.0,8.0,4.0,8.0,7.0,12.0,0.0,3.0,3.0,0.0,0.0
P1,11/03/2023,Vizela,Sp Braga,0.0,4.0,A,0.0,1.0,A,3.8,3.6,1.95,3.75,3.5,1.93,2022/23,€18.48m,€150.75m,13.0,13.0,1.0,7.0,7.0,10.0,3.0,3.0,2.0,2.0,0.0,0.0
P1,12/03/2023,Rio Ave,Gil Vicente,2.0,1.0,H,2.0,0.0,H,2.4,3.2,3.0,2.3,3.25,2.95,2022/23,€17.80m,€46.85m,14.0,17.0,5.0,6.0,10.0,13.0,3.0,11.0,5.0,3.0,1.0,0.0
P1,12/03/2023,Maritimo,Benfica,0.0,3.0,A,0.0,1.0,A,9.0,6.5,1.25,10.5,5.75,1.26,2022/23,€16.53m,€477.58m,8.0,21.0,2.0,10.0,8.0,12.0,2.0,10.0,2.0,2.0,0.0,0.0
P1,12/03/2023,Sp Lisbon,Boavista,3.0,0.0,H,2.0,0.0,H,1.25,5.75,12.0,1.24,6.0,11.0,2022/23,€366.60m,€28.85m,16.0,2.0,5.0,0.0,10.0,8.0,4.0,1.0,2.0,1.0,0.0,0.0
P1,13/03/2023,Famalicao,Casa Pia,1.0,0.0,H,1.0,0.0,H,2.1,3.3,3.5,2.1,3.2,3.6,2022/23,€51.85m,€17.30m,16.0,11.0,4.0,2.0,14.0,15.0,3.0,5.0,4.0,3.0,0.0,0.0
P1,17/03/2023,Santa Clara,Rio Ave,0.0,2.0,A,0.0,0.0,D,2.6,3.0,3.0,2.55,2.9,2.95,2022/23,€23.70m,€17.80m,9.0,17.0,1.0,8.0,13.0,21.0,2.0,7.0,4.0,2.0,0.0,0.0
P1,18/03/2023,Portimonense,Vizela,0.0,1.0,A,0.0,0.0,D,2.88,3.2,2.55,2.75,3.1,2.55,2022/23,€31.58m,€18.48m,15.0,9.0,3.0,2.0,12.0,17.0,4.0,6.0,2.0,2.0,1.0,0.0
P1,18/03/2023,Arouca,Pacos Ferreira,1.0,1.0,D,0.0,0.0,D,2.1,3.3,3.5,2.05,3.3,3.5,2022/23,€21.00m,€28.13m,17.0,14.0,5.0,4.0,16.0,14.0,6.0,7.0,3.0,3.0,0.0,0.0
P1,18/03/2023,Benfica,Guimaraes,5.0,1.0,H,3.0,0.0,H,1.18,7.0,15.0,1.18,6.75,15.5,2022/23,€477.58m,€72.40m,12.0,6.0,5.0,4.0,12.0,15.0,7.0,3.0,1.0,3.0,0.0,0.0
P1,18/03/2023,Estoril,Chaves,0.0,2.0,A,0.0,1.0,A,2.1,3.2,3.5,2.15,3.25,3.3,2022/23,€36.15m,€17.75m,9.0,15.0,3.0,5.0,18.0,18.0,3.0,7.0,3.0,2.0,1.0,0.0
P1,19/03/2023,Casa Pia,Maritimo,2.0,0.0,H,1.0,0.0,H,2.05,3.1,4.0,2.0,3.25,3.75,2022/23,€17.30m,€16.53m,16.0,17.0,5.0,3.0,13.0,15.0,5.0,10.0,2.0,0.0,0.0,1.0
P1,19/03/2023,Sp Braga,Porto,0.0,0.0,D,0.0,0.0,D,3.25,3.25,2.2,3.1,3.4,2.2,2022/23,€150.75m,€284.55m,14.0,5.0,4.0,2.0,15.0,17.0,5.0,5.0,3.0,2.0,0.0,0.0
P1,19/03/2023,Boavista,Famalicao,1.0,2.0,A,0.0,0.0,D,2.38,3.2,3.0,2.35,3.2,3.0,2022/23,€28.85m,€51.85m,16.0,7.0,6.0,3.0,29.0,15.0,9.0,1.0,1.0,1.0,0.0,0.0
P1,31/03/2023,Estoril,Gil Vicente,1.0,0.0,H,1.0,0.0,H,2.63,3.3,2.55,2.7,3.3,2.5,2022/23,€36.15m,€46.85m,7.0,14.0,2.0,4.0,22.0,17.0,5.0,5.0,5.0,2.0,0.0,0.0
P1,01/04/2023,Vizela,Casa Pia,3.0,1.0,H,1.0,1.0,D,2.2,3.0,3.4,2.2,3.1,3.3,2022/23,€18.48m,€17.30m,11.0,10.0,8.0,4.0,8.0,12.0,10.0,3.0,3.0,2.0,0.0,0.0
P1,01/04/2023,Guimaraes,Pacos Ferreira,0.0,0.0,D,0.0,0.0,D,1.95,3.3,3.8,1.95,3.4,3.7,2022/23,€72.40m,€28.13m,17.0,9.0,3.0,4.0,19.0,11.0,5.0,4.0,2.0,5.0,0.0,1.0
P1,01/04/2023,Sp Lisbon,Santa Clara,3.0,0.0,H,2.0,0.0,H,1.13,7.0,19.0,1.14,7.75,18.0,2022/23,€366.60m,€23.70m,14.0,10.0,5.0,4.0,11.0,16.0,6.0,2.0,0.0,5.0,0.0,0.0
P1,02/04/2023,Chaves,Sp Braga,1.0,2.0,A,1.0,1.0,D,4.75,3.8,1.67,4.75,3.75,1.68,2022/23,€17.75m,€150.75m,14.0,17.0,8.0,8.0,12.0,9.0,7.0,5.0,5.0,3.0,0.0,0.0
P1,02/04/2023,Maritimo,Boavista,4.0,2.0,H,2.0,0.0,H,2.45,3.1,2.9,2.5,3.1,2.8,2022/23,€16.53m,€28.85m,11.0,11.0,6.0,6.0,14.0,19.0,3.0,9.0,3.0,2.0,0.0,0.0
P1,02/04/2023,Rio Ave,Benfica,0.0,1.0,A,0.0,0.0,D,8.5,4.75,1.33,8.25,5.0,1.34,2022/23,€17.80m,€477.58m,10.0,12.0,4.0,5.0,12.0,17.0,3.0,6.0,3.0,3.0,0.0,0.0
P1,02/04/2023,Porto,Portimonense,1.0,0.0,H,1.0,0.0,H,1.13,7.0,21.0,1.16,7.5,17.0,2022/23,€284.55m,€31.58m,17.0,6.0,6.0,0.0,15.0,12.0,10.0,3.0,2.0,3.0,0.0,1.0
P1,03/04/2023,Famalicao,Arouca,0.0,1.0,A,0.0,0.0,D,1.85,3.3,3.75,1.95,3.25,3.9,2022/23,€51.85m,€21.00m,18.0,9.0,1.0,2.0,11.0,17.0,7.0,1.0,1.0,1.0,0.0,0.0
P1,05/04/2023,Gil Vicente,Sp Lisbon,0.0,0.0,D,0.0,0.0,D,6.0,4.33,1.45,6.0,4.2,1.49,2022/23,€46.85m,€366.60m,8.0,12.0,2.0,7.0,18.0,13.0,1.0,3.0,1.0,2.0,0.0,0.0
P1,07/04/2023,Santa Clara,Vizela,0.0,1.0,A,0.0,1.0,A,3.75,3.3,2.05,3.6,3.25,2.05,2022/23,€23.70m,€18.48m,10.0,5.0,2.0,3.0,11.0,20.0,2.0,4.0,3.0,2.0,1.0,0.0
P1,07/04/2023,Benfica,Porto,1.0,2.0,A,1.0,1.0,D,1.95,3.5,3.8,1.93,3.5,3.75,2022/23,€477.58m,€284.55m,7.0,7.0,1.0,3.0,13.0,15.0,4.0,5.0,3.0,5.0,0.0,0.0
P1,07/04/2023,Boavista,Guimaraes,2.0,1.0,H,1.0,0.0,H,2.5,3.1,2.88,2.5,3.1,2.85,2022/23,€28.85m,€72.40m,12.0,10.0,4.0,4.0,20.0,17.0,7.0,7.0,7.0,6.0,0.0,2.0
P1,08/04/2023,Arouca,Maritimo,1.0,0.0,H,1.0,0.0,H,2.3,3.2,3.4,2.2,3.2,3.2,2022/23,€21.00m,€16.53m,11.0,15.0,2.0,6.0,11.0,10.0,7.0,11.0,2.0,2.0,0.0,0.0
P1,08/04/2023,Pacos Ferreira,Famalicao,1.0,3.0,A,1.0,1.0,D,2.4,3.1,3.0,2.4,3.1,2.95,2022/23,€28.13m,€51.85m,13.0,9.0,2.0,5.0,16.0,17.0,10.0,4.0,2.0,0.0,0.0,0.0
P1,08/04/2023,Portimonense,Rio Ave,2.0,2.0,D,0.0,1.0,A,2.6,3.0,2.88,2.65,2.95,2.8,2022/23,€31.58m,€17.80m,17.0,18.0,6.0,8.0,21.0,14.0,8.0,4.0,5.0,1.0,0.0,0.0
P1,08/04/2023,Sp Braga,Estoril,4.0,1.0,H,1.0,0.0,H,1.3,5.0,9.0,1.31,5.25,8.75,2022/23,€150.75m,€36.15m,16.0,6.0,6.0,3.0,14.0,5.0,7.0,2.0,3.0,2.0,0.0,0.0
P1,09/04/2023,Casa Pia,Sp Lisbon,3.0,4.0,A,2.0,2.0,D,8.5,4.5,1.4,7.0,4.5,1.42,2022/23,€17.30m,€366.60m,8.0,20.0,5.0,12.0,12.0,6.0,1.0,18.0,3.0,0.0,1.0,0.0
P1,10/04/2023,Gil Vicente,Chaves,0.0,0.0,D,0.0,0.0,D,2.0,3.3,4.0,2.05,3.3,3.6,2022/23,€46.85m,€17.75m,15.0,16.0,4.0,5.0,13.0,13.0,14.0,5.0,1.0,1.0,0.0,0.0
P1,14/04/2023,Famalicao,Guimaraes,2.0,1.0,H,1.0,0.0,H,2.2,3.0,3.6,2.15,3.2,3.4,2022/23,€51.85m,€72.40m,10.0,16.0,3.0,5.0,14.0,14.0,3.0,10.0,1.0,3.0,1.0,1.0
P1,15/04/2023,Estoril,Portimonense,0.0,1.0,A,0.0,0.0,D,2.25,3.1,3.3,2.3,3.1,3.1,2022/23,€36.15m,€31.58m,13.0,15.0,3.0,5.0,14.0,14.0,10.0,5.0,0.0,4.0,0.0,0.0
P1,15/04/2023,Maritimo,Pacos Ferreira,3.0,1.0,H,2.0,0.0,H,2.15,3.3,3.3,2.15,3.2,3.3,2022/23,€16.53m,€28.13m,12.0,7.0,6.0,3.0,19.0,15.0,2.0,5.0,4.0,4.0,0.0,0.0
P1,15/04/2023,Chaves,Benfica,1.0,0.0,H,0.0,0.0,D,8.0,5.75,1.29,9.0,5.5,1.3,2022/23,€17.75m,€477.58m,9.0,19.0,2.0,4.0,13.0,7.0,3.0,19.0,4.0,0.0,0.0,0.0
P1,15/04/2023,Porto,Santa Clara,2.0,1.0,H,1.0,0.0,H,1.11,8.5,21.0,1.11,9.25,21.0,2022/23,€284.55m,€23.70m,12.0,8.0,4.0,2.0,13.0,13.0,4.0,4.0,2.0,5.0,0.0,0.0
P1,16/04/2023,Rio Ave,Casa Pia,1.0,1.0,D,0.0,1.0,A,2.25,3.0,3.4,2.3,3.0,3.25,2022/23,€17.80m,€17.30m,10.0,7.0,4.0,2.0,10.0,20.0,5.0,8.0,1.0,3.0,0.0,0.0
P1,16/04/2023,Sp Braga,Gil Vicente,1.0,0.0,H,1.0,0.0,H,1.36,5.0,8.0,1.35,5.0,7.75,2022/23,€150.75m,€46.85m,19.0,10.0,10.0,3.0,11.0,9.0,10.0,5.0,2.0,1.0,0.0,0.0
P1,16/04/2023,Sp Lisbon,Arouca,1.0,1.0,D,0.0,1.0,A,1.2,7.0,12.0,1.19,6.75,13.0,2022/23,€366.60m,€21.00m,26.0,4.0,5.0,2.0,8.0,11.0,7.0,0.0,0.0,0.0,0.0,0.0
P1,17/04/2023,Vizela,Boavista,1.0,1.0,D,0.0,0.0,D,1.85,3.4,4.33,1.85,3.5,4.0,2022/23,€18.48m,€28.85m,9.0,14.0,5.0,6.0,9.0,16.0,8.0,3.0,2.0,4.0,0.0,0.0
P1,21/04/2023,Casa Pia,Sp Braga,0.0,1.0,A,0.0,0.0,D,5.25,3.6,1.6,5.5,3.8,1.6,2022/23,€17.30m,€150.75m,6.0,15.0,1.0,6.0,13.0,8.0,3.0,6.0,3.0,2.0,0.0,0.0
P1,22/04/2023,Famalicao,Maritimo,3.0,2.0,H,0.0,2.0,A,1.83,3.4,4.0,1.85,3.4,4.2,2022/23,€51.85m,€16.53m,25.0,8.0,7.0,6.0,12.0,15.0,9.0,4.0,3.0,3.0,0.0,1.0
P1,22/04/2023,Boavista,Rio Ave,3.0,2.0,H,3.0,1.0,H,2.3,3.2,3.1,2.35,3.2,3.0,2022/23,€28.85m,€17.80m,14.0,7.0,6.0,3.0,19.0,18.0,2.0,2.0,1.0,2.0,0.0,1.0
P1,22/04/2023,Pacos Ferreira,Porto,0.0,2.0,A,0.0,0.0,D,10.0,5.0,1.29,9.25,5.25,1.3,2022/23,€28.13m,€284.55m,8.0,10.0,0.0,4.0,18.0,14.0,2.0,5.0,5.0,1.0,1.0,0.0
P1,23/04/2023,Portimonense,Gil Vicente,1.0,0.0,H,0.0,0.0,D,2.45,3.3,2.7,2.5,3.25,2.7,2022/23,€31.58m,€46.85m,10.0,20.0,4.0,4.0,12.0,8.0,1.0,12.0,1.0,2.0,0.0,0.0
P1,23/04/2023,Benfica,Estoril,1.0,0.0,H,1.0,0.0,H,1.09,9.0,21.0,1.12,9.25,21.0,2022/23,€477.58m,€36.15m,19.0,4.0,5.0,0.0,18.0,16.0,11.0,2.0,2.0,2.0,0.0,0.0
P1,23/04/2023,Santa Clara,Chaves,1.0,1.0,D,0.0,0.0,D,2.6,3.1,2.75,2.55,3.2,2.7,2022/23,€23.70m,€17.75m,19.0,13.0,6.0,5.0,12.0,8.0,2.0,12.0,3.0,3.0,0.0,1.0
P1,23/04/2023,Arouca,Vizela,1.0,0.0,H,1.0,0.0,H,2.63,3.2,2.75,2.55,3.1,2.75,2022/23,€21.00m,€18.48m,7.0,15.0,2.0,8.0,16.0,10.0,0.0,14.0,0.0,1.0,0.0,0.0
P1,24/04/2023,Guimaraes,Sp Lisbon,0.0,2.0,A,0.0,0.0,D,5.5,4.0,1.55,5.25,4.2,1.57,2022/23,€72.40m,€366.60m,7.0,13.0,0.0,5.0,13.0,15.0,5.0,5.0,1.0,0.0,0.0,0.0
P1,28/04/2023,Rio Ave,Arouca,1.0,0.0,H,0.0,0.0,D,2.45,3.0,3.1,2.35,3.0,3.2,2022/23,€17.80m,€21.00m,11.0,11.0,2.0,2.0,16.0,16.0,4.0,4.0,4.0,3.0,1.0,0.0
P1,29/04/2023,Maritimo,Guimaraes,1.0,2.0,A,0.0,1.0,A,2.55,3.25,2.88,2.45,3.25,2.75,2022/23,€16.53m,€72.40m,21.0,11.0,6.0,5.0,15.0,18.0,5.0,3.0,4.0,3.0,0.0,0.0
P1,29/04/2023,Sp Braga,Portimonense,4.0,1.0,H,3.0,1.0,H,1.25,6.0,10.0,1.25,6.0,10.5,2022/23,€150.75m,€31.58m,18.0,8.0,11.0,2.0,9.0,12.0,4.0,0.0,1.0,5.0,0.0,0.0
P1,29/04/2023,Vizela,Pacos Ferreira,1.0,2.0,A,0.0,2.0,A,1.8,3.4,4.5,1.82,3.4,4.33,2022/23,€18.48m,€28.13m,14.0,7.0,3.0,2.0,12.0,16.0,7.0,8.0,2.0,3.0,0.0,0.0
P1,29/04/2023,Gil Vicente,Benfica,0.0,2.0,A,0.0,0.0,D,8.0,5.5,1.33,8.25,5.25,1.32,2022/23,€46.85m,€477.58m,13.0,17.0,5.0,7.0,17.0,8.0,7.0,11.0,3.0,2.0,0.0,0.0
P1,30/04/2023,Estoril,Santa Clara,3.0,0.0,H,2.0,0.0,H,2.15,3.2,3.4,2.15,3.2,3.3,2022/23,€36.15m,€23.70m,7.0,10.0,3.0,3.0,16.0,14.0,3.0,4.0,4.0,3.0,0.0,0.0
P1,30/04/2023,Porto,Boavista,1.0,0.0,H,0.0,0.0,D,1.18,6.5,15.0,1.18,7.0,14.5,2022/23,€284.55m,€28.85m,10.0,7.0,1.0,2.0,13.0,25.0,6.0,4.0,2.0,5.0,1.0,0.0
P1,30/04/2023,Sp Lisbon,Famalicao,2.0,1.0,H,1.0,0.0,H,1.3,5.5,10.0,1.27,5.75,9.75,2022/23,€366.60m,€51.85m,11.0,10.0,5.0,2.0,13.0,15.0,8.0,4.0,2.0,3.0,0.0,0.0
P1,05/05/2023,Casa Pia,Portimonense,1.0,1.0,D,0.0,0.0,D,2.05,3.2,3.5,2.1,3.2,3.5,2022/23,€17.30m,€31.58m,17.0,10.0,3.0,2.0,18.0,11.0,4.0,4.0,2.0,0.0,0.0,0.0
P1,06/05/2023,Santa Clara,Gil Vicente,3.0,2.0,H,2.0,0.0,H,2.8,3.1,2.5,2.8,3.2,2.45,2022/23,€23.70m,€46.85m,14.0,15.0,8.0,3.0,12.0,9.0,4.0,5.0,0.0,3.0,0.0,0.0
P1,06/05/2023,Boavista,Estoril,1.0,0.0,H,0.0,0.0,D,2.0,3.3,3.6,2.05,3.3,3.6,2022/23,€28.85m,€36.15m,13.0,6.0,3.0,2.0,13.0,12.0,6.0,3.0,2.0,4.0,1.0,0.0
P1,06/05/2023,Benfica,Sp Braga,1.0,0.0,H,0.0,0.0,D,1.55,4.2,5.5,1.57,4.0,5.5,2022/23,€477.58m,€150.75m,20.0,5.0,4.0,0.0,8.0,10.0,7.0,1.0,3.0,4.0,0.0,0.0
P1,07/05/2023,Maritimo,Rio Ave,2.0,2.0,D,1.0,2.0,A,2.3,3.1,3.1,2.3,3.2,3.0,2022/23,€16.53m,€17.80m,28.0,7.0,6.0,3.0,21.0,10.0,13.0,1.0,3.0,0.0,0.0,0.0
P1,07/05/2023,Guimaraes,Vizela,3.0,0.0,H,2.0,0.0,H,2.2,3.2,3.2,2.3,3.25,3.0,2022/23,€72.40m,€18.48m,13.0,6.0,5.0,0.0,24.0,16.0,6.0,4.0,1.0,2.0,0.0,0.0
P1,07/05/2023,Pacos Ferreira,Sp Lisbon,0.0,4.0,A,0.0,2.0,A,7.0,5.0,1.36,8.0,5.0,1.35,2022/23,€28.13m,€366.60m,7.0,16.0,0.0,8.0,12.0,11.0,0.0,6.0,1.0,1.0,0.0,0.0
P1,08/05/2023,Famalicao,Chaves,1.0,2.0,A,0.0,0.0,D,1.95,3.3,3.75,1.98,3.3,3.75,2022/23,€51.85m,€17.75m,19.0,12.0,6.0,3.0,15.0,15.0,11.0,6.0,2.0,3.0,0.0,0.0
P1,08/05/2023,Arouca,Porto,0.0,1.0,A,0.0,1.0,A,7.5,4.75,1.36,7.25,4.8,1.38,2022/23,€21.00m,€284.55m,8.0,12.0,2.0,4.0,17.0,12.0,1.0,8.0,1.0,2.0,0.0,0.0
P1,12/05/2023,Gil Vicente,Boavista,3.0,1.0,H,1.0,0.0,H,2.3,3.3,2.8,2.3,3.4,2.9,2022/23,€46.85m,€28.85m,15.0,16.0,3.0,5.0,18.0,13.0,7.0,6.0,3.0,6.0,0.0,0.0
P1,13/05/2023,Chaves,Pacos Ferreira,2.0,0.0,H,0.0,0.0,D,2.05,3.4,3.3,2.1,3.4,3.3,2022/23,€17.75m,€28.13m,16.0,16.0,0.0,3.0,12.0,14.0,5.0,8.0,0.0,4.0,0.0,1.0
P1,13/05/2023,Vizela,Famalicao,0.0,0.0,D,0.0,0.0,D,2.3,3.3,2.75,2.35,3.25,2.9,2022/23,€18.48m,€51.85m,10.0,15.0,4.0,3.0,18.0,17.0,2.0,7.0,3.0,5.0,0.0,1.0
P1,13/05/2023,Portimonense,Benfica,1.0,5.0,A,1.0,3.0,A,10.0,5.75,1.22,11.0,6.25,1.24,2022/23,€31.58m,€477.58m,5.0,24.0,1.0,10.0,12.0,12.0,3.0,5.0,2.0,1.0,0.0,0.0
P1,13/05/2023,Sp Lisbon,Maritimo,2.0,1.0,H,0.0,1.0,A,1.2,6.5,9.5,1.21,6.75,12.0,2022/23,€366.60m,€16.53m,15.0,2.0,3.0,1.0,11.0,10.0,9.0,1.0,6.0,7.0,1.0,0.0
P1,14/05/2023,Rio Ave,Guimaraes,0.0,1.0,A,0.0,0.0,D,2.45,3.1,2.7,2.6,3.1,2.7,2022/23,€17.80m,€72.40m,12.0,9.0,3.0,3.0,15.0,14.0,9.0,8.0,0.0,0.0,0.0,0.0
P1,14/05/2023,Sp Braga,Santa Clara,5.0,3.0,H,3.0,1.0,H,1.2,5.75,12.0,1.19,6.75,14.5,2022/23,€150.75m,€23.70m,17.0,12.0,9.0,8.0,15.0,16.0,11.0,6.0,3.0,4.0,0.0,0.0
P1,14/05/2023,Porto,Casa Pia,2.0,1.0,H,0.0,1.0,A,1.17,6.0,13.0,1.2,6.5,14.0,2022/23,€284.55m,€17.30m,19.0,8.0,8.0,2.0,8.0,11.0,13.0,3.0,1.0,3.0,0.0,0.0
P1,15/05/2023,Estoril,Arouca,2.0,0.0,H,0.0,0.0,D,2.45,3.1,2.8,2.55,3.2,2.7,2022/23,€36.15m,€21.00m,10.0,16.0,4.0,4.0,16.0,23.0,4.0,2.0,1.0,2.0,0.0,0.0
P1,19/05/2023,Maritimo,Vizela,1.0,0.0,H,0.0,0.0,D,1.73,3.75,4.5,1.73,3.7,4.5,2022/23,€16.53m,€18.48m,18.0,9.0,5.0,3.0,19.0,9.0,5.0,6.0,2.0,4.0,0.0,0.0
P1,20/05/2023,Arouca,Chaves,1.0,0.0,H,0.0,0.0,D,2.15,3.25,3.2,2.2,3.4,3.0,2022/23,€21.00m,€17.75m,11.0,9.0,6.0,3.0,16.0,11.0,4.0,6.0,2.0,3.0,0.0,0.0
P1,20/05/2023,Santa Clara,Portimonense,1.0,0.0,H,1.0,0.0,H,2.2,3.2,3.0,2.25,3.4,3.0,2022/23,€23.70m,€31.58m,21.0,2.0,3.0,0.0,15.0,17.0,9.0,6.0,2.0,4.0,0.0,0.0
P1,20/05/2023,Boavista,Sp Braga,1.0,1.0,D,0.0,0.0,D,5.5,4.0,1.53,5.0,4.33,1.55,2022/23,€28.85m,€150.75m,6.0,10.0,1.0,1.0,11.0,13.0,2.0,3.0,1.0,5.0,0.0,0.0
P1,20/05/2023,Famalicao,Porto,2.0,4.0,A,2.0,2.0,D,6.0,4.33,1.4,6.25,4.5,1.46,2022/23,€51.85m,€284.55m,7.0,11.0,5.0,7.0,14.0,22.0,1.0,1.0,5.0,3.0,0.0,0.0
P1,21/05/2023,Guimaraes,Gil Vicente,1.0,0.0,H,0.0,0.0,D,1.7,3.6,4.33,1.75,3.75,4.33,2022/23,€72.40m,€46.85m,15.0,11.0,5.0,2.0,10.0,15.0,3.0,6.0,3.0,2.0,0.0,0.0
P1,21/05/2023,Casa Pia,Estoril,2.0,2.0,D,0.0,0.0,D,2.05,3.25,3.4,2.1,3.4,3.3,2022/23,€17.30m,€36.15m,25.0,12.0,10.0,3.0,11.0,18.0,3.0,3.0,5.0,6.0,0.0,0.0
P1,21/05/2023,Pacos Ferreira,Rio Ave,3.0,1.0,H,1.0,1.0,D,2.45,3.2,2.63,2.45,3.3,2.7,2022/23,€28.13m,€17.80m,9.0,14.0,5.0,7.0,16.0,13.0,5.0,6.0,3.0,3.0,0.0,0.0
P1,21/05/2023,Sp Lisbon,Benfica,2.0,2.0,D,2.0,0.0,H,2.55,3.3,2.5,2.55,3.6,2.5,2022/23,€366.60m,€477.58m,13.0,19.0,7.0,4.0,13.0,15.0,7.0,7.0,2.0,2.0,0.0,0.0
P1,26/05/2023,Rio Ave,Famalicao,2.0,2.0,D,0.0,2.0,A,2.9,3.25,2.4,2.85,3.2,2.4,2022/23,€17.80m,€51.85m,22.0,11.0,5.0,2.0,22.0,10.0,8.0,4.0,4.0,4.0,0.0,1.0
P1,26/05/2023,Vizela,Sp Lisbon,1.0,2.0,A,1.0,1.0,D,6.5,4.75,1.45,6.0,4.6,1.46,2022/23,€18.48m,€366.60m,6.0,13.0,3.0,2.0,8.0,9.0,2.0,8.0,2.0,4.0,0.0,0.0
P1,27/05/2023,Gil Vicente,Casa Pia,1.0,0.0,H,0.0,0.0,D,2.2,3.4,3.2,2.2,3.4,3.1,2022/23,€46.85m,€17.30m,11.0,13.0,5.0,6.0,11.0,12.0,4.0,1.0,1.0,1.0,0.0,1.0
P1,27/05/2023,Chaves,Boavista,1.0,4.0,A,0.0,2.0,A,2.1,3.5,3.4,2.05,3.6,3.25,2022/23,€17.75m,€28.85m,10.0,20.0,5.0,3.0,11.0,10.0,1.0,4.0,5.0,1.0,3.0,0.0
P1,27/05/2023,Estoril,Maritimo,3.0,1.0,H,1.0,0.0,H,2.25,3.3,3.2,2.2,3.4,3.0,2022/23,€36.15m,€16.53m,12.0,18.0,3.0,6.0,19.0,18.0,4.0,5.0,2.0,5.0,0.0,2.0
P1,27/05/2023,Benfica,Santa Clara,3.0,0.0,H,2.0,0.0,H,1.06,10.0,29.0,1.08,11.0,31.0,2022/23,€477.58m,€23.70m,9.0,9.0,4.0,6.0,14.0,14.0,4.0,4.0,1.0,1.0,0.0,0.0
P1,27/05/2023,Portimonense,Arouca,0.0,2.0,A,0.0,0.0,D,2.88,3.5,2.3,2.85,3.4,2.35,2022/23,€31.58m,€21.00m,10.0,16.0,3.0,6.0,13.0,9.0,3.0,7.0,1.0,0.0,0.0,0.0
P1,27/05/2023,Porto,Guimaraes,3.0,0.0,H,3.0,0.0,H,1.22,6.5,11.0,1.22,6.25,12.5,2022/23,€284.55m,€72.40m,20.0,4.0,6.0,0.0,14.0,14.0,8.0,2.0,2.0,6.0,0.0,1.0
P1,27/05/2023,Sp Braga,Pacos Ferreira,3.0,0.0,H,2.0,0.0,H,1.22,6.5,11.0,1.22,6.0,12.5,2022/23,€150.75m,€28.13m,20.0,12.0,4.0,1.0,9.0,10.0,6.0,9.0,0.0,1.0,0.0,0.0
P1,11/08/2023,Sp Braga,Famalicao,1.0,2.0,A,1.0,0.0,H,1.4,4.0,7.0,1.44,4.5,6.5,2023/24,€159.40m,€72.75m,13.0,12.0,2.0,4.0,17.0,12.0,3.0,4.0,4.0,4.0,0.0,0.0
P1,12/08/2023,Gil Vicente,Portimonense,5.0,0.0,H,2.0,0.0,H,1.91,3.2,4.0,2.0,3.3,3.6,2023/24,€32.15m,€22.28m,8.0,9.0,5.0,3.0,11.0,14.0,1.0,1.0,0.0,0.0,0.0,0.0
P1,12/08/2023,Farense,Casa Pia,0.0,3.0,A,0.0,1.0,A,2.45,3.1,2.8,2.45,3.0,2.95,2023/24,€20.05m,€23.28m,12.0,14.0,5.0,5.0,13.0,13.0,5.0,6.0,2.0,4.0,0.0,0.0
P1,12/08/2023,Sp Lisbon,Vizela,3.0,2.0,H,2.0,0.0,H,1.14,6.5,17.0,1.18,6.75,16.0,2023/24,€384.20m,€22.85m,19.0,10.0,6.0,4.0,16.0,9.0,8.0,3.0,4.0,0.0,0.0,0.0
P1,13/08/2023,Rio Ave,Chaves,2.0,0.0,H,0.0,0.0,D,2.05,3.2,3.5,2.1,3.25,3.5,2023/24,€26.20m,€18.80m,21.0,6.0,8.0,1.0,12.0,20.0,14.0,3.0,3.0,4.0,0.0,1.0
P1,13/08/2023,Estrela,Guimaraes,0.0,1.0,A,0.0,1.0,A,2.45,3.2,2.7,2.5,3.1,2.8,2023/24,€19.58m,€67.90m,5.0,11.0,0.0,3.0,13.0,18.0,3.0,10.0,3.0,3.0,1.0,0.0
P1,13/08/2023,Arouca,Estoril,4.0,3.0,H,1.0,1.0,D,2.05,3.2,3.4,2.05,3.25,3.6,2023/24,€44.10m,€56.65m,11.0,12.0,5.0,8.0,11.0,17.0,2.0,6.0,4.0,2.0,1.0,0.0
P1,14/08/2023,Moreirense,Porto,1.0,2.0,A,0.0,0.0,D,7.0,4.75,1.36,8.0,4.75,1.36,2023/24,€26.90m,€369.65m,8.0,18.0,1.0,7.0,22.0,15.0,5.0,10.0,4.0,7.0,0.0,1.0
P1,14/08/2023,Boavista,Benfica,3.0,2.0,H,0.0,1.0,A,9.0,5.5,1.3,9.0,5.25,1.31,2023/24,€30.00m,€427.60m,11.0,15.0,3.0,5.0,18.0,15.0,3.0,3.0,6.0,4.0,1.0,1.0
P1,18/08/2023,Casa Pia,Sp Lisbon,1.0,2.0,A,0.0,1.0,A,7.5,4.33,1.44,6.75,4.5,1.43,2023/24,€23.28m,€384.20m,13.0,17.0,3.0,5.0,14.0,11.0,4.0,5.0,4.0,1.0,0.0,0.0
P1,19/08/2023,Guimaraes,Gil Vicente,2.0,1.0,H,0.0,0.0,D,2.05,3.3,3.5,2.15,3.25,3.3,2023/24,€67.90m,€32.15m,15.0,11.0,3.0,3.0,14.0,14.0,6.0,4.0,3.0,3.0,0.0,0.0
P1,19/08/2023,Chaves,Sp Braga,2.0,4.0,A,1.0,1.0,D,4.5,4.0,1.7,4.75,4.0,1.63,2023/24,€18.80m,€159.40m,15.0,13.0,4.0,6.0,12.0,12.0,5.0,6.0,2.0,2.0,1.0,0.0
P1,19/08/2023,Benfica,Estrela,2.0,0.0,H,0.0,0.0,D,1.08,9.5,23.0,1.09,11.0,23.0,2023/24,€427.60m,€19.58m,27.0,6.0,10.0,1.0,8.0,14.0,9.0,4.0,3.0,3.0,0.0,0.0
P1,19/08/2023,Portimonense,Boavista,1.0,4.0,A,0.0,3.0,A,2.6,3.25,2.7,2.5,3.2,2.7,2023/24,€22.28m,€30.00m,10.0,9.0,5.0,6.0,19.0,13.0,11.0,2.0,3.0,2.0,0.0,0.0
P1,20/08/2023,Estoril,Rio Ave,2.0,0.0,H,0.0,0.0,D,2.4,3.2,3.0,2.37,3.2,2.95,2023/24,€56.65m,€26.20m,5.0,9.0,4.0,3.0,14.0,13.0,3.0,3.0,4.0,2.0,0.0,0.0
P1,20/08/2023,Porto,Farense,2.0,1.0,H,1.0,1.0,D,1.13,8.0,17.0,1.14,8.25,19.0,2023/24,€369.65m,€20.05m,26.0,7.0,8.0,1.0,9.0,11.0,17.0,3.0,2.0,3.0,0.0,0.0
P1,20/08/2023,Vizela,Arouca,2.0,2.0,D,1.0,1.0,D,2.15,3.25,3.4,2.1,3.25,3.4,2023/24,€22.85m,€44.10m,13.0,9.0,7.0,2.0,24.0,11.0,6.0,3.0,6.0,6.0,1.0,1.0
P1,21/08/2023,Famalicao,Moreirense,0.0,0.0,D,0.0,0.0,D,1.95,3.4,4.0,2.0,3.3,3.7,2023/24,€72.75m,€26.90m,4.0,12.0,2.0,3.0,15.0,10.0,3.0,6.0,4.0,3.0,1.0,0.0
P1,01/09/2023,Vizela,Gil Vicente,1.0,0.0,H,0.0,0.0,D,2.2,3.6,3.0,2.2,3.3,3.1,2023/24,€22.85m,€32.15m,13.0,5.0,5.0,1.0,20.0,16.0,4.0,3.0,0.0,3.0,0.0,0.0
P1,02/09/2023,Casa Pia,Rio Ave,1.0,1.0,D,1.0,0.0,H,2.1,3.5,3.25,2.15,3.25,3.3,2023/24,€23.28m,€26.20m,10.0,11.0,5.0,5.0,18.0,15.0,12.0,0.0,1.0,2.0,0.0,0.0
P1,02/09/2023,Famalicao,Farense,1.0,0.0,H,0.0,0.0,D,1.8,3.6,4.33,1.78,3.5,4.33,2023/24,€72.75m,€20.05m,21.0,6.0,4.0,1.0,16.0,14.0,12.0,4.0,1.0,3.0,0.0,1.0
P1,02/09/2023,Portimonense,Estrela,1.0,1.0,D,1.0,1.0,D,2.63,3.2,2.75,2.55,3.2,2.65,2023/24,€22.28m,€19.58m,15.0,10.0,4.0,1.0,12.0,16.0,3.0,7.0,3.0,6.0,0.0,0.0
P1,02/09/2023,Benfica,Guimaraes,4.0,0.0,H,3.0,0.0,H,1.2,6.0,13.0,1.2,6.75,13.0,2023/24,€427.60m,€67.90m,20.0,7.0,9.0,1.0,9.0,14.0,11.0,2.0,2.0,4.0,0.0,1.0
P1,03/09/2023,Chaves,Moreirense,1.0,2.0,A,0.0,1.0,A,2.4,3.25,2.88,2.4,3.25,2.87,2023/24,€18.80m,€26.90m,13.0,9.0,3.0,2.0,14.0,21.0,3.0,4.0,3.0,4.0,0.0,0.0
P1,03/09/2023,Estoril,Boavista,1.0,2.0,A,1.0,2.0,A,2.4,3.25,2.9,2.37,3.25,2.87,2023/24,€56.65m,€30.00m,13.0,14.0,4.0,8.0,21.0,12.0,10.0,5.0,3.0,1.0,0.0,0.0
P1,03/09/2023,Porto,Arouca,1.0,1.0,D,0.0,0.0,D,1.25,6.0,10.0,1.25,6.0,10.5,2023/24,€369.65m,€44.10m,12.0,10.0,3.0,2.0,9.0,14.0,5.0,2.0,3.0,2.0,0.0,0.0
P1,03/09/2023,Sp Braga,Sp Lisbon,1.0,1.0,D,0.0,1.0,A,2.9,3.8,2.2,3.0,3.5,2.2,2023/24,€159.40m,€384.20m,6.0,4.0,2.0,2.0,16.0,9.0,4.0,2.0,2.0,5.0,0.0,0.0
P1,09/09/2023,Moreirense,Sp Braga,2.0,3.0,A,2.0,1.0,H,4.2,3.75,1.8,3.9,3.75,1.82,2023/24,€26.90m,€159.40m,11.0,12.0,3.0,5.0,12.0,11.0,4.0,5.0,2.0,2.0,0.0,0.0
P1,15/09/2023,Estrela,Porto,0.0,1.0,A,0.0,1.0,A,8.5,5.0,1.33,8.0,5.0,1.35,2023/24,€19.58m,€369.65m,9.0,10.0,1.0,4.0,12.0,21.0,10.0,6.0,3.0,5.0,0.0,0.0
P1,16/09/2023,Rio Ave,Famalicao,1.0,1.0,D,0.0,1.0,A,2.55,3.3,2.7,2.55,3.2,2.7,2023/24,€26.20m,€72.75m,5.0,12.0,0.0,4.0,15.0,20.0,3.0,3.0,1.0,3.0,0.0,0.0
P1,16/09/2023,Farense,Sp Braga,3.0,1.0,H,2.0,0.0,H,4.75,3.8,1.7,4.4,3.9,1.7,2023/24,€20.05m,€159.40m,16.0,17.0,4.0,7.0,16.0,10.0,7.0,3.0,4.0,5.0,0.0,0.0
P1,16/09/2023,Vizela,Benfica,1.0,2.0,A,0.0,2.0,A,8.0,5.25,1.33,8.25,5.25,1.32,2023/24,€22.85m,€427.60m,12.0,17.0,2.0,7.0,15.0,6.0,2.0,3.0,2.0,1.0,0.0,0.0
P1,17/09/2023,Arouca,Casa Pia,0.0,1.0,A,0.0,0.0,D,2.3,3.25,3.1,2.3,3.2,3.0,2023/24,€44.10m,€23.28m,11.0,12.0,5.0,2.0,12.0,7.0,2.0,7.0,2.0,3.0,0.0,0.0
P1,17/09/2023,Gil Vicente,Estoril,5.0,3.0,H,3.0,0.0,H,2.15,3.5,3.2,2.15,3.5,3.2,2023/24,€32.15m,€56.65m,12.0,14.0,7.0,6.0,11.0,15.0,5.0,8.0,3.0,2.0,0.0,0.0
P1,17/09/2023,Guimaraes,Portimonense,1.0,2.0,A,1.0,0.0,H,1.5,4.0,7.0,1.55,4.0,5.75,2023/24,€67.90m,€22.28m,11.0,9.0,3.0,2.0,16.0,13.0,10.0,3.0,2.0,4.0,0.0,0.0
P1,17/09/2023,Sp Lisbon,Moreirense,3.0,0.0,H,0.0,0.0,D,1.22,6.0,13.0,1.22,6.25,12.5,2023/24,€384.20m,€26.90m,20.0,7.0,9.0,1.0,10.0,16.0,8.0,2.0,3.0,3.0,0.0,1.0
P1,18/09/2023,Boavista,Chaves,4.0,1.0,H,4.0,0.0,H,1.7,4.0,4.5,1.68,3.9,4.5,2023/24,€30.00m,€18.80m,7.0,21.0,4.0,10.0,12.0,15.0,3.0,12.0,1.0,3.0,0.0,0.0
P1,22/09/2023,Famalicao,Arouca,1.0,0.0,H,1.0,0.0,H,2.0,3.3,3.8,1.98,3.3,3.7,2023/24,€72.75m,€44.10m,7.0,13.0,4.0,6.0,15.0,23.0,6.0,8.0,5.0,2.0,1.0,1.0
P1,23/09/2023,Estoril,Vizela,2.0,2.0,D,0.0,0.0,D,2.6,3.2,2.8,2.4,3.4,2.7,2023/24,€56.65m,€22.85m,16.0,11.0,6.0,7.0,13.0,15.0,5.0,3.0,1.0,2.0,0.0,0.0
P1,23/09/2023,Moreirense,Farense,1.0,0.0,H,1.0,0.0,H,2.15,3.3,3.3,2.15,3.4,3.2,2023/24,€26.90m,€20.05m,15.0,10.0,3.0,2.0,10.0,17.0,11.0,3.0,1.0,2.0,0.0,0.0
P1,23/09/2023,Casa Pia,Guimaraes,0.0,0.0,D,0.0,0.0,D,2.38,3.1,3.1,2.35,3.2,3.0,2023/24,€23.28m,€67.90m,10.0,14.0,2.0,3.0,16.0,11.0,8.0,9.0,3.0,2.0,0.0,0.0
P1,23/09/2023,Porto,Gil Vicente,2.0,1.0,H,1.0,1.0,D,1.22,7.0,11.0,1.22,6.5,11.5,2023/24,€369.65m,€32.15m,20.0,12.0,7.0,4.0,15.0,12.0,6.0,3.0,1.0,3.0,0.0,0.0
P1,24/09/2023,Chaves,Estrela,2.0,2.0,D,0.0,1.0,A,2.7,3.25,2.63,2.45,3.4,2.65,2023/24,€18.80m,€19.58m,17.0,10.0,8.0,3.0,11.0,11.0,9.0,5.0,4.0,4.0,0.0,1.0
P1,24/09/2023,Portimonense,Benfica,1.0,3.0,A,0.0,2.0,A,13.0,5.75,1.25,10.5,6.25,1.24,2023/24,€22.28m,€427.60m,9.0,13.0,2.0,7.0,7.0,7.0,3.0,4.0,1.0,0.0,0.0,0.0
P1,24/09/2023,Sp Braga,Boavista,4.0,1.0,H,2.0,1.0,H,1.5,4.0,6.0,1.52,4.33,5.5,2023/24,€159.40m,€30.00m,24.0,6.0,9.0,2.0,8.0,9.0,6.0,2.0,2.0,3.0,0.0,1.0
P1,25/09/2023,Sp Lisbon,Rio Ave,2.0,0.0,H,2.0,0.0,H,1.2,6.0,15.0,1.21,6.5,13.0,2023/24,€384.20m,€26.20m,10.0,7.0,6.0,2.0,14.0,12.0,4.0,2.0,1.0,5.0,0.0,0.0
P1,28/09/2023,Estrela,Sp Braga,2.0,4.0,A,0.0,1.0,A,4.5,3.8,1.7,4.5,3.8,1.7,2023/24,€19.58m,€159.40m,17.0,17.0,9.0,9.0,9.0,13.0,8.0,6.0,1.0,3.0,0.0,0.0
P1,29/09/2023,Benfica,Porto,1.0,0.0,H,0.0,0.0,D,1.91,3.75,3.8,1.93,3.5,3.7,2023/24,€427.60m,€369.65m,12.0,6.0,2.0,3.0,18.0,10.0,9.0,5.0,4.0,5.0,0.0,1.0
P1,30/09/2023,Vizela,Portimonense,2.0,3.0,A,0.0,2.0,A,1.75,3.5,4.5,1.8,3.6,4.33,2023/24,€22.85m,€22.28m,14.0,9.0,4.0,7.0,11.0,16.0,13.0,2.0,3.0,3.0,0.0,0.0
P1,30/09/2023,Boavista,Famalicao,2.0,2.0,D,1.0,1.0,D,2.15,3.4,3.2,2.2,3.4,3.1,2023/24,€30.00m,€72.75m,10.0,7.0,6.0,3.0,23.0,21.0,2.0,4.0,5.0,4.0,1.0,2.0
P1,30/09/2023,Farense,Sp Lisbon,2.0,3.0,A,1.0,2.0,A,6.5,4.5,1.45,6.25,4.6,1.44,2023/24,€20.05m,€384.20m,9.0,23.0,4.0,10.0,13.0,12.0,2.0,8.0,5.0,6.0,1.0,0.0
P1,01/10/2023,Arouca,Chaves,0.0,2.0,A,0.0,0.0,D,1.8,3.6,4.2,1.78,3.7,4.2,2023/24,€44.10m,€18.80m,11.0,5.0,2.0,3.0,16.0,10.0,5.0,3.0,3.0,5.0,1.0,0.0
P1,01/10/2023,Guimaraes,Estoril,3.0,2.0,H,0.0,2.0,A,1.83,3.5,4.33,1.78,3.6,4.2,2023/24,€67.90m,€56.65m,25.0,10.0,8.0,5.0,16.0,13.0,11.0,2.0,4.0,4.0,0.0,1.0
P1,01/10/2023,Rio Ave,Moreirense,0.0,4.0,A,0.0,2.0,A,2.3,3.2,3.1,2.25,3.25,3.1,2023/24,€26.20m,€26.90m,10.0,11.0,4.0,6.0,13.0,26.0,4.0,2.0,3.0,5.0,0.0,0.0
P1,02/10/2023,Gil Vicente,Casa Pia,2.0,0.0,H,0.0,0.0,D,2.25,3.2,3.2,2.25,3.25,3.0,2023/24,€32.15m,€23.28m,16.0,8.0,9.0,1.0,10.0,15.0,5.0,5.0,3.0,3.0,0.0,1.0
P1,06/10/2023,Moreirense,Boavista,1.0,1.0,D,1.0,1.0,D,1.83,3.4,3.6,1.95,3.5,3.6,2023/24,€26.90m,€30.00m,11.0,8.0,6.0,1.0,13.0,13.0,6.0,1.0,0.0,3.0,0.0,0.0
P1,07/10/2023,Chaves,Gil Vicente,4.0,2.0,H,1.0,2.0,A,2.45,3.25,2.6,2.45,3.4,2.7,2023/24,€18.80m,€32.15m,15.0,9.0,9.0,5.0,17.0,14.0,6.0,1.0,3.0,3.0,1.0,0.0
P1,07/10/2023,Farense,Vizela,0.0,0.0,D,0.0,0.0,D,2.05,3.25,3.4,2.1,3.3,3.3,2023/24,€20.05m,€22.85m,20.0,17.0,6.0,6.0,21.0,11.0,14.0,6.0,1.0,1.0,0.0,0.0
P1,07/10/2023,Sp Braga,Rio Ave,2.0,1.0,H,0.0,1.0,A,1.29,4.75,8.0,1.29,5.25,9.0,2023/24,€159.40m,€26.20m,33.0,9.0,11.0,3.0,8.0,11.0,16.0,1.0,1.0,2.0,0.0,0.0
P1,07/10/2023,Estoril,Benfica,0.0,1.0,A,0.0,0.0,D,8.5,5.25,1.25,10.0,6.0,1.26,2023/24,€56.65m,€427.60m,16.0,21.0,4.0,5.0,15.0,8.0,4.0,7.0,3.0,2.0,0.0,0.0
P1,08/10/2023,Casa Pia,Estrela,0.0,1.0,A,0.0,0.0,D,1.95,3.2,3.6,2.1,3.2,3.6,2023/24,€23.28m,€19.58m,7.0,11.0,2.0,6.0,16.0,8.0,3.0,6.0,1.0,1.0,0.0,0.0
P1,08/10/2023,Famalicao,Guimaraes,1.0,3.0,A,0.0,2.0,A,2.4,3.1,2.7,2.5,3.2,2.75,2023/24,€72.75m,€67.90m,13.0,12.0,6.0,4.0,15.0,20.0,11.0,3.0,4.0,3.0,0.0,0.0
P1,08/10/2023,Porto,Portimonense,1.0,0.0,H,1.0,0.0,H,1.13,7.5,15.0,1.12,8.5,19.0,2023/24,€369.65m,€22.28m,18.0,4.0,7.0,2.0,12.0,19.0,10.0,5.0,4.0,6.0,1.0,0.0
P1,08/10/2023,Sp Lisbon,Arouca,2.0,1.0,H,1.0,0.0,H,1.22,5.0,11.0,1.24,5.75,11.0,2023/24,€384.20m,€44.10m,10.0,11.0,5.0,5.0,7.0,18.0,5.0,2.0,4.0,7.0,1.0,1.0
P1,27/10/2023,Arouca,Moreirense,0.0,1.0,A,0.0,1.0,A,2.5,3.2,2.88,2.5,3.2,2.8,2023/24,€44.10m,€26.90m,13.0,12.0,3.0,5.0,11.0,14.0,7.0,5.0,2.0,2.0,0.0,1.0
P1,28/10/2023,Portimonense,Estoril,1.0,0.0,H,1.0,0.0,H,2.45,3.4,2.75,2.45,3.4,2.7,2023/24,€22.28m,€56.65m,14.0,14.0,8.0,4.0,14.0,8.0,6.0,4.0,6.0,1.0,0.0,0.0
P1,28/10/2023,Benfica,Casa Pia,1.0,1.0,D,1.0,0.0,H,1.2,6.5,12.0,1.2,6.75,13.0,2023/24,€427.60m,€23.28m,13.0,6.0,7.0,3.0,12.0,20.0,10.0,2.0,1.0,2.0,0.0,0.0
P1,28/10/2023,Guimaraes,Chaves,5.0,0.0,H,3.0,0.0,H,1.6,4.0,5.5,1.62,3.9,5.0,2023/24,€67.90m,€18.80m,13.0,7.0,6.0,3.0,16.0,6.0,4.0,3.0,0.0,3.0,0.0,1.0
P1,28/10/2023,Gil Vicente,Sp Braga,3.0,3.0,D,1.0,0.0,H,4.0,3.8,1.8,3.8,3.9,1.8,2023/24,€32.15m,€159.40m,13.0,18.0,6.0,7.0,14.0,21.0,4.0,9.0,4.0,2.0,0.0,1.0
P1,29/10/2023,Rio Ave,Farense,3.0,4.0,A,2.0,2.0,D,2.38,3.3,3.0,2.35,3.3,2.87,2023/24,€26.20m,€20.05m,11.0,13.0,4.0,7.0,19.0,12.0,5.0,6.0,3.0,3.0,0.0,0.0
P1,29/10/2023,Estrela,Famalicao,1.0,0.0,H,0.0,0.0,D,2.45,3.25,2.8,2.45,3.2,2.85,2023/24,€19.58m,€72.75m,12.0,9.0,4.0,1.0,18.0,15.0,3.0,2.0,3.0,3.0,0.0,1.0
P1,29/10/2023,Vizela,Porto,0.0,2.0,A,0.0,2.0,A,6.0,4.5,1.45,6.5,4.4,1.46,2023/24,€22.85m,€369.65m,8.0,13.0,1.0,3.0,16.0,17.0,4.0,4.0,3.0,4.0,0.0,0.0
P1,30/10/2023,Boavista,Sp Lisbon,0.0,2.0,A,0.0,1.0,A,6.0,4.5,1.45,6.0,4.4,1.49,2023/24,€30.00m,€384.20m,7.0,14.0,2.0,6.0,16.0,13.0,4.0,8.0,3.0,2.0,0.0,0.0
P1,03/11/2023,Porto,Estoril,0.0,1.0,A,0.0,0.0,D,1.18,7.5,12.0,1.19,7.0,13.0,2023/24,€369.65m,€56.65m,16.0,7.0,4.0,3.0,16.0,16.0,9.0,6.0,5.0,7.0,0.0,0.0
P1,04/11/2023,Chaves,Benfica,0.0,2.0,A,0.0,0.0,D,8.5,5.75,1.29,9.0,6.0,1.27,2023/24,€18.80m,€427.60m,8.0,14.0,0.0,5.0,13.0,11.0,3.0,8.0,5.0,2.0,0.0,0.0
P1,04/11/2023,Famalicao,Gil Vicente,3.0,1.0,H,2.0,0.0,H,2.1,3.4,3.4,2.05,3.5,3.3,2023/24,€72.75m,€32.15m,12.0,9.0,5.0,4.0,11.0,10.0,7.0,2.0,3.0,3.0,0.0,0.0
P1,04/11/2023,Sp Braga,Portimonense,6.0,1.0,H,0.0,1.0,A,1.25,6.0,10.0,1.24,6.25,10.0,2023/24,€159.40m,€22.28m,19.0,8.0,10.0,3.0,10.0,10.0,5.0,5.0,1.0,2.0,0.0,0.0
P1,05/11/2023,Casa Pia,Vizela,0.0,1.0,A,0.0,0.0,D,2.05,3.4,3.5,2.1,3.3,3.4,2023/24,€23.28m,€22.85m,11.0,14.0,2.0,4.0,16.0,17.0,6.0,6.0,3.0,3.0,0.0,0.0
P1,05/11/2023,Moreirense,Guimaraes,1.0,0.0,H,0.0,0.0,D,2.55,3.3,2.63,2.6,3.25,2.65,2023/24,€26.90m,€67.90m,12.0,10.0,3.0,2.0,10.0,11.0,4.0,12.0,1.0,2.0,0.0,0.0
P1,05/11/2023,Rio Ave,Boavista,2.0,0.0,H,1.0,0.0,H,2.6,3.3,2.63,2.65,3.3,2.55,2023/24,€26.20m,€30.00m,9.0,10.0,3.0,2.0,17.0,15.0,3.0,3.0,3.0,2.0,0.0,0.0
P1,05/11/2023,Sp Lisbon,Estrela,3.0,2.0,H,1.0,0.0,H,1.25,6.0,10.0,1.23,6.25,11.0,2023/24,€384.20m,€19.58m,23.0,6.0,8.0,4.0,7.0,5.0,6.0,1.0,1.0,1.0,0.0,0.0
P1,06/11/2023,Farense,Arouca,2.0,0.0,H,2.0,0.0,H,2.2,3.3,3.2,2.15,3.3,3.25,2023/24,€20.05m,€44.10m,7.0,15.0,2.0,5.0,16.0,14.0,6.0,6.0,1.0,1.0,0.0,0.0
P1,10/11/2023,Estoril,Casa Pia,4.0,0.0,H,2.0,0.0,H,2.45,3.25,2.88,2.45,3.1,2.9,2023/24,€56.65m,€23.28m,18.0,12.0,6.0,3.0,15.0,16.0,4.0,7.0,3.0,4.0,0.0,0.0
P1,11/11/2023,Portimonense,Chaves,2.0,1.0,H,2.0,0.0,H,2.2,3.4,3.1,2.2,3.4,3.0,2023/24,€22.28m,€18.80m,12.0,19.0,7.0,8.0,15.0,12.0,3.0,8.0,4.0,2.0,0.0,0.0
P1,11/11/2023,Estrela,Moreirense,0.0,1.0,A,0.0,0.0,D,2.6,3.3,2.7,2.65,3.25,2.55,2023/24,€19.58m,€26.90m,8.0,12.0,3.0,2.0,22.0,17.0,2.0,5.0,3.0,6.0,0.0,1.0
P1,11/11/2023,Vizela,Famalicao,0.0,0.0,D,0.0,0.0,D,2.63,3.2,2.7,2.6,3.2,2.65,2023/24,€22.85m,€72.75m,9.0,13.0,4.0,2.0,17.0,17.0,5.0,7.0,1.0,3.0,0.0,0.0
P1,11/11/2023,Guimaraes,Porto,1.0,2.0,A,1.0,1.0,D,5.0,3.75,1.7,4.8,3.8,1.66,2023/24,€67.90m,€369.65m,14.0,7.0,8.0,4.0,19.0,17.0,10.0,6.0,3.0,3.0,0.0,0.0
P1,12/11/2023,Boavista,Farense,1.0,3.0,A,0.0,1.0,A,2.05,3.6,3.4,2.1,3.4,3.3,2023/24,€30.00m,€20.05m,15.0,13.0,2.0,7.0,19.0,9.0,9.0,2.0,3.0,1.0,0.0,0.0
P1,12/11/2023,Gil Vicente,Rio Ave,1.0,1.0,D,0.0,0.0,D,2.0,3.6,3.6,2.0,3.4,3.5,2023/24,€32.15m,€26.20m,8.0,16.0,2.0,5.0,10.0,18.0,4.0,7.0,1.0,1.0,0.0,0.0
P1,12/11/2023,Arouca,Sp Braga,0.0,1.0,A,0.0,1.0,A,5.0,4.2,1.6,4.8,4.33,1.6,2023/24,€44.10m,€159.40m,12.0,17.0,7.0,5.0,14.0,14.0,3.0,8.0,2.0,4.0,0.0,0.0
P1,12/11/2023,Benfica,Sp Lisbon,2.0,1.0,H,0.0,1.0,A,2.25,3.4,3.0,2.15,3.5,3.1,2023/24,€427.60m,€384.20m,11.0,8.0,4.0,3.0,10.0,12.0,6.0,4.0,2.0,5.0,0.0,1.0
P1,01/12/2023,Chaves,Vizela,2.0,1.0,H,1.0,1.0,D,2.45,3.3,2.6,2.55,3.25,2.65,2023/24,€18.80m,€22.85m,15.0,8.0,5.0,2.0,14.0,16.0,2.0,1.0,5.0,3.0,0.0,0.0
P1,02/12/2023,Farense,Guimaraes,1.0,2.0,A,0.0,1.0,A,2.9,3.6,2.1,3.0,3.4,2.2,2023/24,€20.05m,€67.90m,5.0,16.0,2.0,5.0,12.0,14.0,1.0,7.0,3.0,3.0,1.0,0.0
P1,02/12/2023,Rio Ave,Estrela,1.0,1.0,D,0.0,0.0,D,2.1,3.5,3.0,2.1,3.3,3.3,2023/24,€26.20m,€19.58m,13.0,8.0,3.0,0.0,15.0,13.0,7.0,0.0,4.0,1.0,0.0,0.0
P1,02/12/2023,Famalicao,Porto,0.0,3.0,A,0.0,2.0,A,5.0,3.8,1.57,5.25,4.0,1.6,2023/24,€72.75m,€369.65m,12.0,9.0,0.0,5.0,16.0,22.0,7.0,2.0,4.0,5.0,1.0,0.0
P1,02/12/2023,Casa Pia,Portimonense,1.0,0.0,H,0.0,0.0,D,1.85,3.3,3.6,2.0,3.4,3.6,2023/24,€23.28m,€22.28m,11.0,10.0,3.0,2.0,20.0,15.0,5.0,5.0,3.0,3.0,0.0,1.0
P1,03/12/2023,Sp Braga,Estoril,3.0,1.0,H,1.0,1.0,D,1.33,5.25,6.5,1.34,5.25,7.5,2023/24,€159.40m,€56.65m,18.0,4.0,6.0,1.0,13.0,14.0,5.0,2.0,2.0,2.0,0.0,0.0
P1,03/12/2023,Moreirense,Benfica,0.0,0.0,D,0.0,0.0,D,5.5,4.33,1.45,5.75,4.4,1.49,2023/24,€26.90m,€427.60m,11.0,12.0,4.0,3.0,13.0,13.0,2.0,7.0,4.0,1.0,0.0,0.0
P1,03/12/2023,Boavista,Arouca,0.0,4.0,A,0.0,3.0,A,2.1,3.3,3.25,2.05,3.4,3.4,2023/24,€30.00m,€44.10m,8.0,12.0,2.0,7.0,12.0,10.0,8.0,1.0,5.0,4.0,1.0,1.0
P1,04/12/2023,Sp Lisbon,Gil Vicente,3.0,1.0,H,1.0,1.0,D,1.17,7.0,11.0,1.18,7.5,13.0,2023/24,€384.20m,€32.15m,12.0,5.0,4.0,1.0,14.0,9.0,9.0,0.0,4.0,1.0,0.0,0.0
P1,08/12/2023,Vizela,Sp Braga,1.0,3.0,A,0.0,1.0,A,5.25,4.33,1.57,5.0,4.33,1.55,2023/24,€22.85m,€159.40m,11.0,13.0,5.0,4.0,19.0,9.0,7.0,6.0,3.0,1.0,0.0,0.0
P1,08/12/2023,Benfica,Farense,1.0,1.0,D,0.0,0.0,D,1.17,8.0,13.0,1.2,7.25,12.0,2023/24,€427.60m,€20.05m,37.0,8.0,13.0,5.0,10.0,11.0,15.0,3.0,2.0,3.0,0.0,0.0
P1,09/12/2023,Portimonense,Famalicao,1.0,1.0,D,0.0,1.0,A,2.9,3.25,2.45,2.75,3.4,2.4,2023/24,€22.28m,€72.75m,8.0,16.0,4.0,8.0,14.0,19.0,2.0,5.0,4.0,1.0,1.0,0.0
P1,09/12/2023,Guimaraes,Sp Lisbon,3.0,2.0,H,1.0,1.0,D,5.0,4.0,1.62,4.8,3.9,1.63,2023/24,€67.90m,€384.20m,7.0,11.0,5.0,4.0,14.0,5.0,1.0,6.0,4.0,1.0,0.0,0.0
P1,09/12/2023,Porto,Casa Pia,3.0,1.0,H,1.0,0.0,H,1.25,6.0,10.0,1.24,5.75,12.0,2023/24,€369.65m,€23.28m,16.0,7.0,6.0,3.0,11.0,9.0,4.0,1.0,3.0,1.0,0.0,0.0
P1,10/12/2023,Estrela,Boavista,3.0,1.0,H,0.0,0.0,D,2.3,3.4,3.0,2.3,3.4,2.9,2023/24,€19.58m,€30.00m,4.0,9.0,2.0,6.0,18.0,11.0,2.0,4.0,4.0,2.0,0.0,0.0
P1,10/12/2023,Arouca,Rio Ave,2.0,2.0,D,0.0,2.0,A,2.15,3.2,3.5,2.15,3.3,3.25,2023/24,€44.10m,€26.20m,16.0,12.0,5.0,9.0,11.0,14.0,5.0,3.0,1.0,5.0,0.0,0.0
P1,10/12/2023,Estoril,Chaves,4.0,0.0,H,1.0,0.0,H,1.95,3.6,3.75,1.9,3.6,3.6,2023/24,€56.65m,€18.80m,14.0,7.0,10.0,2.0,16.0,11.0,3.0,6.0,4.0,3.0,0.0,0.0
P1,11/12/2023,Gil Vicente,Moreirense,1.0,1.0,D,1.0,0.0,H,2.88,3.25,2.45,2.75,3.4,2.4,2023/24,€32.15m,€26.90m,11.0,11.0,4.0,4.0,15.0,19.0,3.0,6.0,5.0,3.0,0.0,0.0
P1,15/12/2023,Farense,Estrela,0.0,0.0,D,0.0,0.0,D,2.15,3.4,3.3,2.15,3.4,3.2,2023/24,€20.05m,€19.58m,12.0,9.0,1.0,2.0,11.0,8.0,6.0,9.0,2.0,1.0,0.0,0.0
P1,16/12/2023,Rio Ave,Vizela,1.0,1.0,D,0.0,0.0,D,2.15,3.2,3.4,2.2,3.2,3.25,2023/24,€26.20m,€22.85m,13.0,6.0,4.0,4.0,16.0,15.0,7.0,2.0,3.0,3.0,0.0,1.0
P1,16/12/2023,Arouca,Gil Vicente,3.0,0.0,H,1.0,0.0,H,1.95,3.3,4.0,1.98,3.4,3.6,2023/24,€44.10m,€32.15m,10.0,9.0,7.0,5.0,11.0,8.0,4.0,6.0,2.0,0.0,0.0,0.0
P1,16/12/2023,Boavista,Guimaraes,1.0,1.0,D,0.0,1.0,A,3.8,3.5,1.95,3.6,3.4,1.98,2023/24,€30.00m,€67.90m,10.0,14.0,4.0,3.0,17.0,9.0,7.0,8.0,6.0,2.0,0.0,0.0
P1,17/12/2023,Chaves,Casa Pia,1.0,3.0,A,1.0,2.0,A,2.7,3.1,2.63,2.7,3.2,2.6,2023/24,€18.80m,€23.28m,15.0,9.0,5.0,6.0,16.0,14.0,4.0,2.0,1.0,1.0,0.0,0.0
P1,17/12/2023,Moreirense,Portimonense,5.0,2.0,H,2.0,1.0,H,1.7,3.6,5.0,1.75,3.7,4.4,2023/24,€26.90m,€22.28m,16.0,9.0,5.0,3.0,12.0,12.0,7.0,7.0,2.0,2.0,0.0,0.0
P1,17/12/2023,Famalicao,Estoril,1.0,1.0,D,1.0,1.0,D,2.2,3.25,3.3,2.2,3.4,3.0,2023/24,€72.75m,€56.65m,10.0,12.0,3.0,5.0,9.0,19.0,1.0,7.0,3.0,1.0,0.0,0.0
P1,17/12/2023,Sp Braga,Benfica,0.0,1.0,A,0.0,1.0,A,3.0,3.3,2.3,2.85,3.6,2.25,2023/24,€159.40m,€427.60m,16.0,11.0,6.0,6.0,11.0,9.0,5.0,2.0,3.0,3.0,0.0,0.0
P1,18/12/2023,Sp Lisbon,Porto,2.0,0.0,H,1.0,0.0,H,2.15,3.3,3.3,2.15,3.4,3.2,2023/24,€384.20m,€369.65m,11.0,5.0,6.0,3.0,21.0,15.0,2.0,2.0,4.0,4.0,0.0,1.0
P1,23/12/2023,Guimaraes,Rio Ave,1.0,0.0,H,0.0,0.0,D,1.67,3.75,4.75,1.66,3.8,4.8,2023/24,€67.90m,€26.20m,5.0,9.0,3.0,4.0,13.0,18.0,4.0,8.0,4.0,3.0,0.0,0.0
P1,23/12/2023,Vizela,Moreirense,0.0,0.0,D,0.0,0.0,D,2.75,3.25,2.6,2.65,3.3,2.5,2023/24,€22.85m,€26.90m,9.0,10.0,3.0,5.0,16.0,8.0,3.0,9.0,3.0,1.0,0.0,0.0
P1,28/12/2023,Estrela,Arouca,1.0,4.0,A,1.0,0.0,H,2.55,3.3,2.7,2.55,3.3,2.65,2023/24,€19.58m,€44.10m,6.0,18.0,2.0,5.0,6.0,12.0,3.0,5.0,0.0,2.0,1.0,0.0
P1,29/12/2023,Benfica,Famalicao,3.0,0.0,H,1.0,0.0,H,1.29,5.5,10.0,1.26,5.75,10.5,2023/24,€427.60m,€72.75m,17.0,12.0,10.0,3.0,21.0,14.0,6.0,4.0,2.0,3.0,0.0,0.0
P1,29/12/2023,Porto,Chaves,1.0,0.0,H,0.0,0.0,D,1.18,6.5,15.0,1.18,7.0,14.0,2023/24,€369.65m,€18.80m,17.0,5.0,10.0,2.0,20.0,11.0,8.0,3.0,3.0,5.0,0.0,0.0
P1,30/12/2023,Estoril,Farense,4.0,0.0,H,2.0,0.0,H,1.95,3.8,3.5,2.0,3.6,3.3,2023/24,€56.65m,€20.05m,12.0,14.0,7.0,4.0,8.0,18.0,10.0,8.0,2.0,2.0,0.0,0.0
P1,30/12/2023,Gil Vicente,Boavista,1.0,0.0,H,0.0,0.0,D,2.2,3.4,3.1,2.2,3.4,3.1,2023/24,€32.15m,€30.00m,11.0,8.0,3.0,1.0,15.0,15.0,4.0,3.0,0.0,1.0,0.0,0.0
P1,30/12/2023,Casa Pia,Sp Braga,1.0,3.0,A,0.0,0.0,D,5.25,4.0,1.62,4.8,4.0,1.63,2023/24,€23.28m,€159.40m,7.0,11.0,3.0,6.0,9.0,7.0,2.0,3.0,1.0,0.0,0.0,0.0
P1,30/12/2023,Portimonense,Sp Lisbon,1.0,2.0,A,0.0,0.0,D,8.5,5.5,1.33,8.75,5.5,1.3,2023/24,€22.28m,€384.20m,7.0,14.0,3.0,6.0,11.0,12.0,0.0,12.0,4.0,3.0,0.0,0.0
P1,05/01/2024,Sp Lisbon,Estoril,5.0,1.0,H,2.0,0.0,H,1.25,5.75,11.0,1.23,6.5,10.5,2023/24,€384.20m,€56.65m,21.0,11.0,8.0,3.0,6.0,10.0,5.0,7.0,1.0,3.0,0.0,0.0
P1,05/01/2024,Boavista,Porto,1.0,1.0,D,1.0,1.0,D,6.5,5.25,1.4,7.0,4.5,1.42,2023/24,€30.00m,€369.65m,7.0,24.0,2.0,7.0,18.0,14.0,1.0,6.0,5.0,1.0,1.0,0.0
P1,06/01/2024,Estrela,Vizela,1.0,1.0,D,1.0,0.0,H,2.5,3.3,2.7,2.55,3.25,2.65,2023/24,€19.58m,€22.85m,12.0,16.0,4.0,7.0,14.0,13.0,6.0,4.0,0.0,1.0,0.0,0.0
P1,06/01/2024,Farense,Gil Vicente,1.0,0.0,H,0.0,0.0,D,2.15,3.4,3.3,2.1,3.6,3.2,2023/24,€20.05m,€32.15m,11.0,14.0,5.0,6.0,9.0,7.0,6.0,5.0,2.0,2.0,0.0,0.0
P1,06/01/2024,Arouca,Benfica,0.0,3.0,A,0.0,1.0,A,6.0,4.75,1.5,6.25,4.4,1.47,2023/24,€44.10m,€427.60m,11.0,11.0,1.0,5.0,12.0,5.0,1.0,3.0,2.0,2.0,0.0,0.0
P1,06/01/2024,Sp Braga,Guimaraes,1.0,1.0,D,0.0,0.0,D,1.6,4.2,5.0,1.55,4.33,5.0,2023/24,€159.40m,€67.90m,11.0,13.0,4.0,4.0,7.0,9.0,5.0,6.0,2.0,0.0,0.0,0.0
P1,07/01/2024,Rio Ave,Portimonense,2.0,0.0,H,0.0,0.0,D,1.8,3.6,4.33,1.8,3.5,4.2,2023/24,€26.20m,€22.28m,9.0,7.0,3.0,3.0,9.0,13.0,3.0,6.0,1.0,3.0,0.0,0.0
P1,07/01/2024,Famalicao,Chaves,2.0,2.0,D,2.0,1.0,H,1.8,3.6,4.5,1.78,3.6,4.33,2023/24,€72.75m,€18.80m,17.0,10.0,7.0,5.0,17.0,23.0,5.0,8.0,3.0,2.0,0.0,0.0
P1,08/01/2024,Moreirense,Casa Pia,1.0,4.0,A,1.0,3.0,A,1.91,3.5,4.0,1.9,3.4,4.0,2023/24,€26.90m,€23.28m,13.0,10.0,4.0,7.0,15.0,24.0,4.0,3.0,2.0,2.0,0.0,0.0
P1,12/01/2024,Portimonense,Farense,1.0,0.0,H,0.0,0.0,D,2.63,3.3,2.63,2.55,3.3,2.6,2023/24,€22.28m,€20.05m,12.0,8.0,4.0,3.0,19.0,9.0,4.0,4.0,2.0,3.0,0.0,0.0
P1,13/01/2024,Casa Pia,Famalicao,0.0,2.0,A,0.0,1.0,A,2.45,3.0,3.0,2.45,3.1,2.9,2023/24,€23.28m,€72.75m,8.0,13.0,1.0,4.0,13.0,15.0,6.0,3.0,1.0,1.0,1.0,0.0
P1,13/01/2024,Chaves,Sp Lisbon,0.0,3.0,A,0.0,1.0,A,9.0,6.0,1.25,11.0,6.0,1.24,2023/24,€18.80m,€384.20m,5.0,17.0,0.0,10.0,11.0,14.0,2.0,5.0,1.0,2.0,0.0,0.0
P1,13/01/2024,Estoril,Moreirense,1.0,3.0,A,0.0,2.0,A,2.4,3.25,2.9,2.37,3.4,2.8,2023/24,€56.65m,€26.90m,9.0,12.0,5.0,7.0,15.0,11.0,8.0,1.0,2.0,3.0,0.0,0.0
P1,14/01/2024,Gil Vicente,Estrela,1.0,1.0,D,1.0,0.0,H,2.1,3.3,3.5,2.05,3.5,3.25,2023/24,€32.15m,€19.58m,9.0,15.0,2.0,6.0,14.0,10.0,7.0,5.0,2.0,4.0,0.0,0.0
P1,14/01/2024,Benfica,Rio Ave,4.0,1.0,H,1.0,1.0,D,1.2,7.0,12.0,1.2,6.75,12.5,2023/24,€427.60m,€26.20m,15.0,9.0,12.0,5.0,12.0,11.0,5.0,3.0,1.0,3.0,0.0,1.0
P1,14/01/2024,Vizela,Boavista,1.0,4.0,A,0.0,2.0,A,2.25,3.1,3.4,2.15,3.3,3.2,2023/24,€22.85m,€30.00m,27.0,10.0,7.0,7.0,19.0,4.0,11.0,1.0,2.0,2.0,0.0,0.0
P1,14/01/2024,Porto,Sp Braga,2.0,0.0,H,1.0,0.0,H,1.73,3.75,4.5,1.8,3.8,4.0,2023/24,€369.65m,€159.40m,8.0,10.0,4.0,5.0,12.0,15.0,5.0,5.0,3.0,5.0,0.0,0.0
P1,15/01/2024,Guimaraes,Arouca,2.0,1.0,H,1.0,1.0,D,1.91,3.5,4.0,1.88,3.4,4.0,2023/24,€67.90m,€44.10m,15.0,9.0,6.0,2.0,8.0,7.0,10.0,1.0,0.0,3.0,0.0,0.0
P1,18/01/2024,Famalicao,Sp Braga,1.0,2.0,A,0.0,0.0,D,4.33,3.6,1.8,4.2,3.8,1.75,2023/24,€72.75m,€159.40m,11.0,12.0,3.0,7.0,9.0,11.0,3.0,4.0,4.0,4.0,1.0,0.0
P1,18/01/2024,Vizela,Sp Lisbon,2.0,5.0,A,1.0,1.0,D,7.5,5.0,1.36,7.75,4.8,1.36,2023/24,€22.85m,€384.20m,4.0,18.0,3.0,9.0,16.0,13.0,0.0,6.0,3.0,1.0,0.0,0.0
P1,19/01/2024,Benfica,Boavista,2.0,0.0,H,0.0,0.0,D,1.14,8.5,19.0,1.13,8.75,16.5,2023/24,€427.60m,€30.00m,20.0,5.0,7.0,1.0,15.0,11.0,12.0,4.0,3.0,3.0,0.0,0.0
P1,20/01/2024,Estoril,Arouca,1.0,2.0,A,1.0,2.0,A,2.4,3.4,2.88,2.4,3.3,2.8,2023/24,€56.65m,€44.10m,13.0,15.0,4.0,7.0,16.0,13.0,7.0,4.0,3.0,2.0,0.0,0.0
P1,20/01/2024,Casa Pia,Farense,1.0,3.0,A,0.0,2.0,A,2.25,3.25,3.3,2.2,3.3,3.1,2023/24,€23.28m,€20.05m,21.0,7.0,6.0,4.0,10.0,13.0,14.0,3.0,0.0,1.0,0.0,0.0
P1,20/01/2024,Porto,Moreirense,5.0,0.0,H,1.0,0.0,H,1.3,6.0,9.0,1.29,5.25,10.0,2023/24,€369.65m,€26.90m,16.0,5.0,8.0,1.0,13.0,16.0,5.0,1.0,0.0,3.0,0.0,0.0
P1,21/01/2024,Portimonense,Gil Vicente,0.0,2.0,A,0.0,1.0,A,2.55,3.3,2.8,2.5,3.3,2.65,2023/24,€22.28m,€32.15m,8.0,15.0,0.0,8.0,19.0,15.0,3.0,8.0,3.0,1.0,0.0,0.0
P1,21/01/2024,Chaves,Rio Ave,0.0,0.0,D,0.0,0.0,D,3.0,3.25,2.45,2.95,3.25,2.35,2023/24,€18.80m,€26.20m,19.0,6.0,6.0,1.0,15.0,13.0,11.0,0.0,2.0,3.0,0.0,0.0
P1,21/01/2024,Guimaraes,Estrela,3.0,0.0,H,1.0,0.0,H,1.6,3.8,6.0,1.63,3.75,5.25,2023/24,€67.90m,€19.58m,12.0,5.0,4.0,1.0,13.0,10.0,8.0,5.0,1.0,1.0,0.0,1.0
P1,28/01/2024,Boavista,Portimonense,1.0,4.0,A,0.0,3.0,A,1.95,3.4,4.0,1.88,3.5,3.9,2023/24,€30.00m,€22.28m,20.0,12.0,5.0,5.0,14.0,14.0,11.0,1.0,2.0,2.0,0.0,0.0
P1,28/01/2024,Moreirense,Famalicao,1.0,0.0,H,0.0,0.0,D,2.2,3.3,3.4,2.15,3.3,3.2,2023/24,€26.90m,€72.75m,7.0,8.0,2.0,1.0,14.0,13.0,3.0,4.0,3.0,2.0,0.0,0.0
P1,28/01/2024,Farense,Porto,1.0,3.0,A,0.0,2.0,A,8.0,4.75,1.4,7.0,4.6,1.41,2023/24,€20.05m,€369.65m,9.0,18.0,4.0,4.0,16.0,7.0,4.0,10.0,1.0,0.0,0.0,0.0
P1,28/01/2024,Arouca,Vizela,5.0,0.0,H,2.0,0.0,H,2.0,3.5,3.8,2.0,3.4,3.6,2023/24,€44.10m,€22.85m,13.0,9.0,7.0,3.0,15.0,11.0,1.0,2.0,1.0,2.0,0.0,0.0
P1,28/01/2024,Gil Vicente,Guimaraes,1.0,0.0,H,0.0,0.0,D,3.4,3.4,2.15,3.3,3.3,2.1,2023/24,€32.15m,€67.90m,7.0,8.0,4.0,2.0,12.0,14.0,4.0,4.0,1.0,2.0,0.0,0.0
P1,29/01/2024,Estrela,Benfica,1.0,4.0,A,1.0,2.0,A,9.5,5.5,1.29,10.0,5.25,1.29,2023/24,€19.58m,€427.60m,9.0,16.0,5.0,7.0,10.0,10.0,5.0,6.0,2.0,1.0,1.0,0.0
P1,29/01/2024,Sp Lisbon,Casa Pia,8.0,0.0,H,5.0,0.0,H,1.2,7.0,12.0,1.21,6.5,12.5,2023/24,€384.20m,€23.28m,21.0,2.0,11.0,2.0,10.0,14.0,9.0,0.0,1.0,1.0,0.0,0.0
P1,31/01/2024,Rio Ave,Estoril,1.0,1.0,D,0.0,0.0,D,2.2,3.6,3.1,2.1,3.4,3.3,2023/24,€26.20m,€56.65m,8.0,12.0,4.0,5.0,10.0,9.0,4.0,3.0,4.0,3.0,0.0,0.0
P1,31/01/2024,Sp Braga,Chaves,1.0,1.0,D,0.0,0.0,D,1.25,6.5,10.0,1.26,5.75,10.0,2023/24,€159.40m,€18.80m,27.0,7.0,10.0,2.0,11.0,10.0,9.0,1.0,1.0,5.0,0.0,1.0
P1,03/02/2024,Portimonense,Arouca,1.0,2.0,A,0.0,0.0,D,2.9,3.4,2.38,2.87,3.3,2.35,2023/24,€22.28m,€44.10m,11.0,8.0,4.0,3.0,17.0,10.0,3.0,2.0,4.0,1.0,0.0,0.0
P1,03/02/2024,Porto,Rio Ave,0.0,0.0,D,0.0,0.0,D,1.22,6.5,11.0,1.21,6.25,13.0,2023/24,€369.65m,€26.20m,17.0,3.0,5.0,0.0,15.0,24.0,23.0,0.0,4.0,5.0,0.0,1.0
P1,04/02/2024,Chaves,Farense,1.0,1.0,D,0.0,1.0,A,2.5,3.3,2.7,2.5,3.3,2.65,2023/24,€18.80m,€20.05m,2.0,15.0,2.0,7.0,19.0,15.0,3.0,6.0,2.0,4.0,1.0,0.0
P1,04/02/2024,Vizela,Guimaraes,0.0,1.0,A,0.0,0.0,D,3.4,3.4,2.15,3.2,3.3,2.15,2023/24,€22.85m,€67.90m,10.0,19.0,2.0,3.0,15.0,15.0,4.0,9.0,4.0,2.0,0.0,0.0
P1,04/02/2024,Benfica,Gil Vicente,3.0,0.0,H,2.0,0.0,H,1.17,7.0,17.0,1.17,7.25,14.0,2023/24,€427.60m,€32.15m,10.0,5.0,5.0,3.0,11.0,5.0,6.0,4.0,0.0,1.0,0.0,0.0
P1,04/02/2024,Estoril,Estrela,1.0,0.0,H,0.0,0.0,D,1.95,3.6,3.6,1.98,3.4,3.6,2023/24,€56.65m,€19.58m,10.0,11.0,5.0,6.0,15.0,10.0,6.0,1.0,3.0,2.0,0.0,0.0
P1,04/02/2024,Sp Braga,Moreirense,1.0,0.0,H,1.0,0.0,H,1.5,4.2,6.5,1.51,4.4,5.5,2023/24,€159.40m,€26.90m,13.0,8.0,5.0,1.0,13.0,16.0,6.0,1.0,1.0,2.0,0.0,0.0
P1,05/02/2024,Casa Pia,Boavista,0.0,0.0,D,0.0,0.0,D,2.3,3.25,3.1,2.3,3.25,3.0,2023/24,€23.28m,€30.00m,5.0,4.0,0.0,0.0,13.0,14.0,4.0,3.0,3.0,1.0,0.0,0.0
P1,09/02/2024,Estrela,Portimonense,3.0,0.0,H,3.0,0.0,H,1.85,3.6,4.2,1.87,3.5,3.9,2023/24,€19.58m,€22.28m,10.0,11.0,3.0,1.0,7.0,13.0,4.0,7.0,4.0,3.0,0.0,0.0
P1,10/02/2024,Farense,Famalicao,1.0,1.0,D,0.0,1.0,A,2.7,3.2,2.75,2.6,3.1,2.65,2023/24,€20.05m,€72.75m,17.0,18.0,7.0,4.0,17.0,20.0,7.0,6.0,0.0,6.0,0.0,0.0
P1,10/02/2024,Moreirense,Chaves,1.0,0.0,H,0.0,0.0,D,1.83,3.5,4.5,1.83,3.5,4.1,2023/24,€26.90m,€18.80m,15.0,10.0,5.0,4.0,12.0,10.0,11.0,4.0,3.0,2.0,0.0,0.0
P1,10/02/2024,Boavista,Estoril,2.0,1.0,H,2.0,0.0,H,2.38,3.25,3.1,2.45,3.3,2.75,2023/24,€30.00m,€56.65m,7.0,14.0,3.0,4.0,16.0,10.0,7.0,5.0,5.0,5.0,0.0,0.0
P1,11/02/2024,Rio Ave,Casa Pia,1.0,0.0,H,0.0,0.0,D,2.0,3.3,4.0,2.0,3.2,3.8,2023/24,€26.20m,€23.28m,8.0,6.0,3.0,1.0,14.0,20.0,5.0,3.0,1.0,3.0,0.0,0.0
P1,11/02/2024,Sp Lisbon,Sp Braga,5.0,0.0,H,2.0,0.0,H,1.5,4.5,6.0,1.49,4.5,5.75,2023/24,€384.20m,€159.40m,12.0,7.0,5.0,1.0,10.0,10.0,3.0,7.0,0.0,0.0,0.0,0.0
P1,11/02/2024,Guimaraes,Benfica,2.0,2.0,D,1.0,1.0,D,5.5,4.0,1.62,5.0,3.9,1.62,2023/24,€67.90m,€427.60m,8.0,6.0,6.0,3.0,15.0,9.0,6.0,11.0,4.0,3.0,1.0,0.0
P1,12/02/2024,Arouca,Porto,3.0,2.0,H,2.0,1.0,H,7.5,4.0,1.5,6.5,4.33,1.46,2023/24,€44.10m,€369.65m,10.0,14.0,6.0,6.0,20.0,9.0,3.0,7.0,3.0,4.0,0.0,1.0
P1,13/02/2024,Gil Vicente,Vizela,0.0,1.0,A,0.0,1.0,A,2.05,3.5,3.5,2.0,3.4,3.5,2023/24,€32.15m,€22.85m,16.0,8.0,4.0,2.0,13.0,15.0,8.0,3.0,3.0,5.0,0.0,1.0
P1,16/02/2024,Famalicao,Rio Ave,2.0,1.0,H,1.0,1.0,D,2.1,3.1,3.8,2.1,3.0,3.7,2023/24,€72.75m,€26.20m,15.0,9.0,6.0,4.0,18.0,20.0,4.0,7.0,4.0,6.0,0.0,0.0
P1,17/02/2024,Chaves,Boavista,2.0,1.0,H,1.0,1.0,D,2.4,3.25,3.1,2.35,3.3,2.87,2023/24,€18.80m,€30.00m,7.0,14.0,3.0,3.0,17.0,16.0,4.0,3.0,6.0,1.0,1.0,0.0
P1,17/02/2024,Portimonense,Guimaraes,1.0,1.0,D,0.0,1.0,A,4.5,3.6,1.8,4.2,3.5,1.82,2023/24,€22.28m,€67.90m,10.0,10.0,6.0,2.0,10.0,17.0,9.0,6.0,3.0,5.0,0.0,0.0
P1,17/02/2024,Porto,Estrela,2.0,0.0,H,1.0,0.0,H,1.22,6.5,13.0,1.22,6.25,12.0,2023/24,€369.65m,€19.58m,16.0,8.0,6.0,2.0,12.0,13.0,8.0,6.0,0.0,2.0,0.0,0.0
P1,18/02/2024,Casa Pia,Arouca,1.0,0.0,H,0.0,0.0,D,3.4,3.0,2.3,3.0,3.2,2.3,2023/24,€23.28m,€44.10m,10.0,14.0,2.0,4.0,5.0,12.0,2.0,6.0,0.0,2.0,0.0,0.0
P1,18/02/2024,Benfica,Vizela,6.0,1.0,H,5.0,0.0,H,1.13,8.5,21.0,1.14,8.75,16.5,2023/24,€427.60m,€22.85m,14.0,8.0,8.0,4.0,14.0,9.0,6.0,1.0,0.0,4.0,0.0,0.0
P1,18/02/2024,Estoril,Gil Vicente,1.0,3.0,A,0.0,0.0,D,2.1,3.5,3.5,2.1,3.5,3.2,2023/24,€56.65m,€32.15m,8.0,11.0,4.0,7.0,15.0,15.0,2.0,4.0,2.0,3.0,1.0,0.0
P1,18/02/2024,Sp Braga,Farense,2.0,1.0,H,0.0,0.0,D,1.3,5.5,9.5,1.34,5.25,8.0,2023/24,€159.40m,€20.05m,17.0,5.0,8.0,2.0,19.0,15.0,6.0,1.0,5.0,3.0,0.0,0.0
P1,19/02/2024,Moreirense,Sp Lisbon,0.0,2.0,A,0.0,2.0,A,7.5,5.0,1.36,7.25,4.6,1.4,2023/24,€26.90m,€384.20m,4.0,16.0,0.0,7.0,12.0,13.0,5.0,4.0,0.0,1.0,0.0,0.0
P1,23/02/2024,Arouca,Famalicao,3.0,2.0,H,2.0,1.0,H,2.2,3.25,3.25,2.25,3.2,3.1,2023/24,€44.10m,€72.75m,14.0,11.0,4.0,8.0,20.0,14.0,3.0,4.0,2.0,5.0,0.0,1.0
P1,24/02/2024,Farense,Moreirense,0.0,1.0,A,0.0,1.0,A,2.45,3.3,2.9,2.5,3.1,2.8,2023/24,€20.05m,€26.90m,6.0,11.0,1.0,2.0,14.0,14.0,5.0,5.0,1.0,0.0,1.0,0.0
P1,24/02/2024,Estrela,Chaves,1.0,1.0,D,1.0,1.0,D,2.05,3.3,3.75,2.05,3.3,3.5,2023/24,€19.58m,€18.80m,10.0,9.0,4.0,2.0,13.0,18.0,7.0,6.0,2.0,2.0,0.0,0.0
P1,24/02/2024,Guimaraes,Casa Pia,0.0,2.0,A,0.0,2.0,A,1.6,3.8,6.0,1.58,3.8,5.75,2023/24,€67.90m,€23.28m,25.0,9.0,5.0,5.0,12.0,13.0,8.0,2.0,1.0,3.0,0.0,0.0
P1,25/02/2024,Vizela,Estoril,3.0,3.0,D,2.0,0.0,H,2.5,3.25,2.88,2.4,3.4,2.7,2023/24,€22.85m,€56.65m,12.0,18.0,7.0,4.0,9.0,14.0,4.0,7.0,2.0,3.0,0.0,0.0
P1,25/02/2024,Benfica,Portimonense,4.0,0.0,H,0.0,0.0,D,1.13,9.0,19.0,1.12,9.0,19.0,2023/24,€427.60m,€22.28m,19.0,10.0,13.0,2.0,13.0,6.0,8.0,1.0,0.0,1.0,0.0,0.0
P1,25/02/2024,Gil Vicente,Porto,1.0,1.0,D,0.0,0.0,D,7.5,4.75,1.4,7.5,4.75,1.39,2023/24,€32.15m,€369.65m,7.0,14.0,1.0,5.0,16.0,14.0,2.0,4.0,3.0,3.0,0.0,0.0
P1,25/02/2024,Rio Ave,Sp Lisbon,3.0,3.0,D,2.0,2.0,D,8.0,5.0,1.36,8.25,5.0,1.35,2023/24,€26.20m,€384.20m,8.0,13.0,3.0,6.0,17.0,10.0,2.0,5.0,6.0,3.0,1.0,0.0
P1,26/02/2024,Boavista,Sp Braga,0.0,4.0,A,0.0,2.0,A,4.5,3.5,1.83,4.2,3.8,1.75,2023/24,€30.00m,€159.40m,8.0,11.0,3.0,5.0,12.0,14.0,1.0,3.0,1.0,3.0,0.0,0.0
P1,01/03/2024,Chaves,Arouca,1.0,5.0,A,1.0,2.0,A,3.2,3.4,2.3,3.1,3.3,2.2,2023/24,€18.80m,€44.10m,11.0,7.0,5.0,5.0,15.0,15.0,4.0,2.0,1.0,2.0,0.0,0.0
P1,02/03/2024,Moreirense,Rio Ave,0.0,0.0,D,0.0,0.0,D,2.2,3.2,3.5,2.15,3.1,3.4,2023/24,€26.90m,€26.20m,14.0,4.0,5.0,1.0,13.0,10.0,6.0,2.0,1.0,1.0,0.0,0.0
P1,02/03/2024,Estoril,Guimaraes,1.0,3.0,A,0.0,3.0,A,3.5,3.5,2.1,3.3,3.4,2.1,2023/24,€56.65m,€67.90m,14.0,9.0,4.0,4.0,12.0,20.0,9.0,4.0,1.0,5.0,0.0,0.0
P1,02/03/2024,Sp Braga,Estrela,3.0,0.0,H,0.0,0.0,D,1.36,5.0,8.5,1.35,5.0,7.75,2023/24,€159.40m,€19.58m,15.0,7.0,8.0,1.0,11.0,13.0,6.0,4.0,2.0,1.0,0.0,0.0
P1,03/03/2024,Casa Pia,Gil Vicente,0.0,0.0,D,0.0,0.0,D,2.5,3.1,3.1,2.37,3.2,2.95,2023/24,€23.28m,€32.15m,11.0,9.0,3.0,2.0,12.0,7.0,2.0,4.0,1.0,2.0,0.0,0.0
P1,03/03/2024,Portimonense,Vizela,0.0,0.0,D,0.0,0.0,D,2.63,3.25,2.75,2.5,3.3,2.65,2023/24,€22.28m,€22.85m,11.0,13.0,4.0,3.0,18.0,10.0,1.0,8.0,3.0,1.0,1.0,0.0
P1,03/03/2024,Sp Lisbon,Farense,3.0,2.0,H,2.0,1.0,H,1.13,8.5,21.0,1.13,8.75,17.5,2023/24,€384.20m,€20.05m,17.0,8.0,5.0,5.0,7.0,11.0,12.0,1.0,1.0,3.0,0.0,0.0
P1,03/03/2024,Porto,Benfica,5.0,0.0,H,2.0,0.0,H,2.38,3.5,2.8,2.3,3.4,2.87,2023/24,€369.65m,€427.60m,16.0,3.0,8.0,1.0,12.0,16.0,6.0,2.0,1.0,3.0,0.0,1.0
P1,04/03/2024,Famalicao,Boavista,1.0,1.0,D,1.0,0.0,H,1.95,3.3,4.2,1.95,3.4,3.7,2023/24,€72.75m,€30.00m,7.0,5.0,1.0,3.0,14.0,19.0,9.0,5.0,2.0,2.0,0.0,0.0
P1,08/03/2024,Portimonense,Porto,0.0,3.0,A,0.0,1.0,A,9.5,6.5,1.25,11.0,6.0,1.25,2023/24,€22.28m,€369.65m,7.0,16.0,2.0,6.0,16.0,11.0,1.0,13.0,2.0,0.0,0.0,0.0
P1,08/03/2024,Estrela,Casa Pia,3.0,1.0,H,0.0,0.0,D,2.2,3.0,3.6,2.2,3.0,3.4,2023/24,€19.58m,€23.28m,14.0,6.0,6.0,3.0,16.0,9.0,8.0,4.0,0.0,2.0,0.0,0.0
P1,09/03/2024,Vizela,Farense,2.0,1.0,H,0.0,1.0,A,2.38,3.2,3.1,2.3,3.3,2.95,2023/24,€22.85m,€20.05m,15.0,8.0,6.0,4.0,17.0,12.0,10.0,3.0,1.0,3.0,0.0,0.0
P1,09/03/2024,Boavista,Moreirense,1.0,0.0,H,0.0,0.0,D,2.63,3.1,2.88,2.55,3.2,2.75,2023/24,€30.00m,€26.90m,9.0,8.0,3.0,3.0,13.0,19.0,4.0,4.0,4.0,2.0,0.0,0.0
P1,09/03/2024,Rio Ave,Sp Braga,0.0,0.0,D,0.0,0.0,D,4.2,3.8,1.8,4.2,3.75,1.75,2023/24,€26.20m,€159.40m,8.0,10.0,5.0,4.0,13.0,10.0,6.0,5.0,1.0,4.0,0.0,0.0
P1,09/03/2024,Guimaraes,Famalicao,1.0,0.0,H,1.0,0.0,H,1.83,3.75,4.2,1.85,3.5,4.0,2023/24,€67.90m,€72.75m,12.0,13.0,6.0,0.0,12.0,18.0,10.0,4.0,1.0,3.0,0.0,0.0
P1,10/03/2024,Arouca,Sp Lisbon,0.0,3.0,A,0.0,1.0,A,8.0,4.75,1.4,7.0,5.0,1.38,2023/24,€44.10m,€384.20m,10.0,10.0,2.0,6.0,13.0,11.0,2.0,0.0,2.0,0.0,0.0,0.0
P1,10/03/2024,Benfica,Estoril,3.0,1.0,H,2.0,1.0,H,1.17,7.5,15.0,1.18,7.5,13.5,2023/24,€427.60m,€56.65m,13.0,10.0,6.0,5.0,10.0,7.0,6.0,4.0,0.0,0.0,0.0,0.0
P1,11/03/2024,Gil Vicente,Chaves,0.0,0.0,D,0.0,0.0,D,1.83,3.75,4.2,1.82,3.6,4.1,2023/24,€32.15m,€18.80m,20.0,5.0,6.0,0.0,13.0,8.0,12.0,1.0,4.0,2.0,1.0,0.0
P1,15/03/2024,Estoril,Portimonense,1.0,0.0,H,0.0,0.0,D,1.62,3.8,5.75,1.63,3.9,5.0,2023/24,€56.65m,€22.28m,9.0,15.0,3.0,2.0,15.0,10.0,2.0,7.0,1.0,2.0,0.0,0.0
P1,16/03/2024,Famalicao,Estrela,0.0,0.0,D,0.0,0.0,D,2.0,3.4,4.0,1.98,3.2,3.9,2023/24,€72.75m,€19.58m,12.0,9.0,3.0,2.0,15.0,19.0,4.0,7.0,1.0,4.0,0.0,0.0
P1,16/03/2024,Farense,Rio Ave,1.0,1.0,D,1.0,0.0,H,2.7,3.1,2.8,2.6,3.1,2.7,2023/24,€20.05m,€26.20m,14.0,13.0,7.0,3.0,17.0,15.0,5.0,2.0,2.0,1.0,0.0,0.0
P1,16/03/2024,Sp Braga,Gil Vicente,2.0,1.0,H,1.0,0.0,H,1.44,5.0,7.0,1.42,4.75,6.5,2023/24,€159.40m,€32.15m,19.0,10.0,5.0,4.0,12.0,9.0,8.0,2.0,0.0,3.0,0.0,0.0
P1,16/03/2024,Porto,Vizela,4.0,1.0,H,0.0,1.0,A,1.14,7.5,19.0,1.16,7.5,16.5,2023/24,€369.65m,€22.85m,36.0,3.0,9.0,0.0,19.0,12.0,12.0,3.0,0.0,3.0,0.0,1.0
P1,17/03/2024,Chaves,Guimaraes,1.0,2.0,A,1.0,1.0,D,4.5,3.5,1.83,4.1,3.5,1.83,2023/24,€18.80m,€67.90m,6.0,16.0,2.0,5.0,15.0,14.0,3.0,10.0,3.0,3.0,0.0,0.0
P1,17/03/2024,Moreirense,Arouca,1.0,0.0,H,1.0,0.0,H,2.5,3.2,3.0,2.37,3.25,2.87,2023/24,€26.90m,€44.10m,12.0,9.0,3.0,1.0,11.0,9.0,2.0,3.0,1.0,1.0,0.0,0.0
P1,17/03/2024,Casa Pia,Benfica,0.0,1.0,A,0.0,0.0,D,8.5,5.5,1.33,9.25,5.0,1.32,2023/24,€23.28m,€427.60m,6.0,19.0,3.0,6.0,8.0,5.0,4.0,13.0,0.0,2.0,0.0,0.0
P1,17/03/2024,Sp Lisbon,Boavista,6.0,1.0,H,1.0,1.0,D,1.14,8.0,17.0,1.14,8.5,16.0,2023/24,€384.20m,€30.00m,22.0,3.0,12.0,2.0,9.0,14.0,8.0,1.0,2.0,3.0,0.0,0.0
P1,29/03/2024,Gil Vicente,Famalicao,1.0,2.0,A,0.0,1.0,A,2.45,3.1,3.2,2.4,3.0,3.0,2023/24,€32.15m,€72.75m,10.0,12.0,3.0,3.0,8.0,18.0,2.0,5.0,1.0,3.0,0.0,0.0
P1,29/03/2024,Benfica,Chaves,1.0,0.0,H,0.0,0.0,D,1.1,10.0,23.0,1.12,9.25,19.0,2023/24,€427.60m,€18.80m,19.0,7.0,7.0,0.0,12.0,12.0,11.0,2.0,1.0,8.0,0.0,0.0
P1,29/03/2024,Estrela,Sp Lisbon,1.0,2.0,A,1.0,2.0,A,13.0,7.0,1.2,11.0,6.0,1.25,2023/24,€19.58m,€384.20m,6.0,21.0,3.0,6.0,20.0,8.0,3.0,7.0,3.0,1.0,0.0,0.0
P1,30/03/2024,Arouca,Farense,2.0,1.0,H,1.0,0.0,H,1.75,3.75,4.75,1.75,3.7,4.33,2023/24,€44.10m,€20.05m,28.0,10.0,17.0,4.0,15.0,13.0,13.0,4.0,4.0,3.0,0.0,1.0
P1,30/03/2024,Guimaraes,Moreirense,1.0,0.0,H,0.0,0.0,D,1.91,3.4,4.2,1.88,3.4,4.1,2023/24,€67.90m,€26.90m,12.0,9.0,4.0,2.0,16.0,13.0,7.0,2.0,5.0,2.0,1.0,0.0
P1,30/03/2024,Boavista,Rio Ave,0.0,0.0,D,0.0,0.0,D,2.75,3.0,2.88,2.6,3.1,2.7,2023/24,€30.00m,€26.20m,9.0,8.0,2.0,1.0,21.0,10.0,2.0,5.0,3.0,4.0,0.0,1.0
P1,30/03/2024,Estoril,Porto,1.0,0.0,H,0.0,0.0,D,9.0,5.0,1.36,7.5,5.0,1.36,2023/24,€56.65m,€369.65m,5.0,13.0,2.0,2.0,21.0,14.0,1.0,10.0,5.0,8.0,1.0,3.0
P1,31/03/2024,Vizela,Casa Pia,0.0,4.0,A,0.0,1.0,A,2.38,3.1,3.3,2.35,3.1,3.1,2023/24,€22.85m,€23.28m,13.0,11.0,3.0,9.0,8.0,18.0,6.0,3.0,2.0,6.0,0.0,1.0
P1,01/04/2024,Portimonense,Sp Braga,3.0,5.0,A,1.0,2.0,A,7.0,4.5,1.45,6.25,4.5,1.44,2023/24,€22.28m,€159.40m,13.0,15.0,5.0,9.0,11.0,6.0,4.0,6.0,0.0,1.0,0.0,0.0
P1,05/04/2024,Farense,Boavista,2.0,0.0,H,2.0,0.0,H,2.15,3.2,3.6,2.1,3.25,3.4,2023/24,€20.05m,€30.00m,15.0,17.0,8.0,7.0,18.0,11.0,5.0,12.0,3.0,3.0,0.0,0.0
P1,06/04/2024,Famalicao,Vizela,3.0,2.0,H,2.0,0.0,H,1.8,3.5,4.75,1.8,3.5,4.33,2023/24,€72.75m,€22.85m,17.0,8.0,9.0,4.0,16.0,19.0,1.0,5.0,6.0,1.0,0.0,0.0
P1,06/04/2024,Rio Ave,Gil Vicente,3.0,0.0,H,2.0,0.0,H,2.25,3.3,3.3,2.25,3.1,3.2,2023/24,€26.20m,€32.15m,13.0,5.0,7.0,3.0,18.0,14.0,1.0,8.0,2.0,4.0,0.0,1.0
P1,06/04/2024,Sp Braga,Arouca,0.0,3.0,A,0.0,2.0,A,1.45,4.75,7.0,1.46,4.6,6.0,2023/24,€159.40m,€44.10m,17.0,11.0,10.0,6.0,11.0,15.0,10.0,9.0,1.0,3.0,0.0,0.0
P1,06/04/2024,Sp Lisbon,Benfica,2.0,1.0,H,1.0,1.0,D,1.95,3.75,3.75,1.93,3.7,3.5,2023/24,€384.20m,€427.60m,13.0,15.0,4.0,3.0,12.0,9.0,7.0,13.0,3.0,6.0,0.0,1.0
P1,07/04/2024,Chaves,Portimonense,2.0,3.0,A,1.0,0.0,H,2.15,3.4,3.4,2.15,3.3,3.25,2023/24,€18.80m,€22.28m,9.0,11.0,3.0,4.0,15.0,15.0,4.0,4.0,3.0,2.0,0.0,0.0
P1,07/04/2024,Moreirense,Estrela,2.0,2.0,D,2.0,0.0,H,2.05,3.4,3.75,1.98,3.25,3.9,2023/24,€26.90m,€19.58m,7.0,10.0,3.0,4.0,14.0,14.0,2.0,6.0,3.0,3.0,0.0,1.0
P1,07/04/2024,Porto,Guimaraes,1.0,2.0,A,1.0,2.0,A,1.36,5.0,7.5,1.37,4.8,7.75,2023/24,€369.65m,€67.90m,12.0,4.0,6.0,2.0,6.0,23.0,6.0,1.0,2.0,6.0,1.0,0.0
P1,08/04/2024,Casa Pia,Estoril,0.0,0.0,D,0.0,0.0,D,2.55,3.1,3.0,2.5,2.9,2.95,2023/24,€23.28m,€56.65m,12.0,11.0,4.0,2.0,9.0,11.0,2.0,6.0,0.0,2.0,0.0,0.0
P1,12/04/2024,Gil Vicente,Sp Lisbon,0.0,4.0,A,0.0,4.0,A,11.0,6.0,1.25,9.75,5.5,1.28,2023/24,€32.15m,€384.20m,5.0,13.0,1.0,6.0,11.0,14.0,6.0,4.0,2.0,0.0,0.0,0.0
P1,13/04/2024,Guimaraes,Farense,1.0,1.0,D,0.0,1.0,A,1.53,4.0,6.5,1.55,4.1,5.75,2023/24,€67.90m,€20.05m,24.0,10.0,6.0,6.0,6.0,12.0,8.0,1.0,2.0,4.0,0.0,0.0
P1,13/04/2024,Porto,Famalicao,2.0,2.0,D,1.0,2.0,A,1.22,6.5,12.0,1.25,5.75,11.0,2023/24,€369.65m,€72.75m,20.0,8.0,8.0,3.0,19.0,16.0,10.0,0.0,4.0,3.0,1.0,0.0
P1,13/04/2024,Estoril,Sp Braga,0.0,1.0,A,0.0,0.0,D,4.5,4.0,1.73,3.9,3.9,1.77,2023/24,€56.65m,€159.40m,4.0,12.0,0.0,5.0,8.0,12.0,2.0,3.0,0.0,1.0,0.0,0.0
P1,14/04/2024,Estrela,Rio Ave,2.0,2.0,D,1.0,1.0,D,2.5,3.25,2.9,2.5,3.1,2.87,2023/24,€19.58m,€26.20m,15.0,6.0,5.0,4.0,12.0,12.0,10.0,1.0,2.0,1.0,0.0,0.0
P1,14/04/2024,Arouca,Boavista,2.0,1.0,H,2.0,0.0,H,1.62,4.0,5.5,1.63,3.9,5.0,2023/24,€44.10m,€30.00m,14.0,8.0,5.0,5.0,17.0,9.0,1.0,4.0,3.0,4.0,0.0,1.0
P1,14/04/2024,Portimonense,Casa Pia,2.0,2.0,D,2.0,1.0,H,2.75,3.2,2.7,2.7,3.1,2.6,2023/24,€22.28m,€23.28m,11.0,11.0,3.0,4.0,10.0,14.0,5.0,8.0,2.0,4.0,0.0,1.0
P1,14/04/2024,Benfica,Moreirense,3.0,0.0,H,2.0,0.0,H,1.25,6.0,11.0,1.27,5.5,10.0,2023/24,€427.60m,€26.90m,19.0,8.0,6.0,0.0,11.0,11.0,6.0,2.0,2.0,1.0,0.0,0.0
P1,15/04/2024,Vizela,Chaves,0.0,1.0,A,0.0,1.0,A,1.95,3.5,4.2,1.95,3.5,3.7,2023/24,€22.85m,€18.80m,12.0,7.0,4.0,2.0,17.0,13.0,10.0,5.0,3.0,2.0,0.0,0.0
P1,16/04/2024,Famalicao,Sp Lisbon,0.0,1.0,A,0.0,1.0,A,9.0,5.75,1.3,8.25,5.5,1.31,2023/24,€72.75m,€384.20m,5.0,10.0,0.0,1.0,10.0,15.0,4.0,6.0,2.0,4.0,0.0,0.0
P1,19/04/2024,Rio Ave,Arouca,1.0,1.0,D,1.0,0.0,H,2.63,3.2,2.8,2.55,3.2,2.75,2023/24,€26.20m,€44.10m,6.0,17.0,3.0,5.0,15.0,13.0,4.0,6.0,3.0,3.0,0.0,0.0
P1,20/04/2024,Moreirense,Gil Vicente,0.0,1.0,A,0.0,1.0,A,2.15,3.2,3.6,2.15,3.25,3.3,2023/24,€26.90m,€32.15m,15.0,5.0,4.0,3.0,10.0,8.0,8.0,1.0,0.0,0.0,0.0,0.0
P1,20/04/2024,Boavista,Estrela,1.0,1.0,D,0.0,0.0,D,2.63,3.2,2.75,2.55,3.2,2.7,2023/24,€30.00m,€19.58m,15.0,11.0,5.0,3.0,16.0,7.0,6.0,5.0,2.0,0.0,0.0,0.0
P1,20/04/2024,Sp Braga,Vizela,2.0,1.0,H,0.0,0.0,D,1.29,5.5,11.0,1.27,5.75,9.75,2023/24,€159.40m,€22.85m,15.0,5.0,5.0,2.0,15.0,16.0,4.0,4.0,1.0,3.0,0.0,0.0
P1,21/04/2024,Chaves,Estoril,2.0,2.0,D,1.0,0.0,H,2.88,3.3,2.5,2.7,3.3,2.5,2023/24,€18.80m,€56.65m,14.0,10.0,7.0,6.0,11.0,12.0,7.0,5.0,1.0,1.0,0.0,2.0
P1,21/04/2024,Famalicao,Portimonense,2.0,2.0,D,0.0,1.0,A,1.62,3.8,6.0,1.61,3.9,5.0,2023/24,€72.75m,€22.28m,13.0,14.0,3.0,7.0,11.0,18.0,9.0,6.0,2.0,4.0,1.0,0.0
P1,21/04/2024,Casa Pia,Porto,1.0,2.0,A,1.0,1.0,D,8.0,5.0,1.36,8.5,4.75,1.36,2023/24,€23.28m,€369.65m,11.0,16.0,4.0,5.0,18.0,15.0,8.0,4.0,3.0,1.0,0.0,0.0
P1,21/04/2024,Sp Lisbon,Guimaraes,3.0,0.0,H,2.0,0.0,H,1.3,5.5,10.0,1.29,5.5,9.0,2023/24,€384.20m,€67.90m,10.0,6.0,4.0,1.0,10.0,10.0,5.0,3.0,1.0,1.0,0.0,0.0
P1,22/04/2024,Farense,Benfica,1.0,3.0,A,1.0,2.0,A,6.5,5.5,1.4,6.75,4.8,1.4,2023/24,€20.05m,€427.60m,12.0,20.0,3.0,9.0,12.0,10.0,3.0,7.0,1.0,2.0,0.0,0.0
P1,26/04/2024,Gil Vicente,Arouca,2.0,2.0,D,0.0,0.0,D,2.5,3.5,2.6,2.5,3.4,2.6,2023/24,€32.15m,€44.10m,9.0,15.0,3.0,7.0,7.0,9.0,2.0,5.0,3.0,1.0,0.0,0.0
P1,27/04/2024,Casa Pia,Chaves,3.0,1.0,H,1.0,0.0,H,2.05,3.3,3.75,2.05,3.2,3.6,2023/24,€23.28m,€18.80m,11.0,11.0,6.0,7.0,14.0,12.0,4.0,5.0,3.0,4.0,0.0,0.0
P1,27/04/2024,Vizela,Rio Ave,1.0,1.0,D,1.0,1.0,D,2.7,3.2,2.7,2.55,3.2,2.7,2023/24,€22.85m,€26.20m,16.0,11.0,4.0,2.0,16.0,14.0,7.0,0.0,2.0,2.0,0.0,0.0
P1,27/04/2024,Benfica,Sp Braga,3.0,1.0,H,0.0,1.0,A,1.55,4.33,5.75,1.57,4.33,5.0,2023/24,€427.60m,€159.40m,21.0,11.0,6.0,7.0,13.0,12.0,6.0,3.0,2.0,3.0,0.0,1.0
P1,27/04/2024,Guimaraes,Boavista,1.0,0.0,H,1.0,0.0,H,1.6,4.0,5.5,1.6,3.9,5.25,2023/24,€67.90m,€30.00m,9.0,7.0,2.0,1.0,15.0,14.0,4.0,3.0,3.0,5.0,0.0,1.0
P1,28/04/2024,Portimonense,Moreirense,0.0,2.0,A,0.0,0.0,D,3.0,3.2,2.45,2.95,3.2,2.35,2023/24,€22.28m,€26.90m,10.0,13.0,4.0,6.0,13.0,9.0,5.0,5.0,3.0,3.0,0.0,0.0
P1,28/04/2024,Estoril,Famalicao,1.0,0.0,H,1.0,0.0,H,2.25,3.3,3.25,2.25,3.3,3.0,2023/24,€56.65m,€72.75m,8.0,13.0,3.0,3.0,13.0,12.0,3.0,6.0,0.0,2.0,0.0,0.0
P1,28/04/2024,Porto,Sp Lisbon,2.0,2.0,D,2.0,0.0,H,2.63,3.3,2.7,2.45,3.4,2.65,2023/24,€369.65m,€384.20m,11.0,9.0,5.0,5.0,9.0,11.0,2.0,6.0,2.0,2.0,0.0,1.0
P1,29/04/2024,Estrela,Farense,0.0,3.0,A,0.0,1.0,A,2.2,3.25,3.5,2.1,3.3,3.3,2023/24,€19.58m,€20.05m,20.0,11.0,7.0,5.0,8.0,9.0,11.0,4.0,2.0,2.0,0.0,0.0
P1,03/05/2024,Moreirense,Vizela,1.0,0.0,H,1.0,0.0,H,2.15,3.25,3.6,2.1,3.25,3.4,2023/24,€26.90m,€22.85m,11.0,8.0,5.0,2.0,22.0,22.0,4.0,5.0,3.0,2.0,0.0,0.0
P1,04/05/2024,Boavista,Gil Vicente,1.0,1.0,D,1.0,1.0,D,2.63,3.2,2.8,2.5,3.25,2.7,2023/24,€30.00m,€32.15m,7.0,11.0,3.0,6.0,19.0,12.0,2.0,4.0,1.0,1.0,0.0,0.0
P1,04/05/2024,Rio Ave,Guimaraes,2.0,1.0,H,1.0,0.0,H,2.7,3.3,2.63,2.7,3.2,2.55,2023/24,€26.20m,€67.90m,7.0,9.0,3.0,5.0,20.0,18.0,6.0,6.0,4.0,6.0,0.0,0.0
P1,04/05/2024,Sp Lisbon,Portimonense,3.0,0.0,H,1.0,0.0,H,1.08,13.0,19.0,1.08,12.0,23.0,2023/24,€384.20m,€22.28m,22.0,2.0,12.0,0.0,10.0,13.0,15.0,1.0,3.0,3.0,0.0,0.0
P1,04/05/2024,Chaves,Porto,0.0,3.0,A,0.0,2.0,A,10.0,5.5,1.29,9.5,5.75,1.28,2023/24,€18.80m,€369.65m,4.0,9.0,0.0,3.0,5.0,15.0,2.0,8.0,4.0,2.0,1.0,0.0
P1,05/05/2024,Farense,Estoril,3.0,2.0,H,2.0,1.0,H,2.55,3.2,2.9,2.45,3.25,2.8,2023/24,€20.05m,€56.65m,13.0,9.0,5.0,2.0,14.0,13.0,3.0,3.0,3.0,0.0,0.0,0.0
P1,05/05/2024,Arouca,Estrela,0.0,0.0,D,0.0,0.0,D,2.05,3.6,3.5,2.0,3.6,3.4,2023/24,€44.10m,€19.58m,21.0,7.0,1.0,2.0,13.0,9.0,6.0,3.0,1.0,4.0,0.0,0.0
P1,05/05/2024,Sp Braga,Casa Pia,4.0,3.0,H,1.0,1.0,D,1.33,5.25,9.0,1.33,5.25,8.0,2023/24,€159.40m,€23.28m,15.0,15.0,7.0,6.0,7.0,9.0,7.0,7.0,4.0,3.0,1.0,0.0
P1,05/05/2024,Famalicao,Benfica,2.0,0.0,H,0.0,0.0,D,8.0,5.0,1.36,7.25,5.0,1.38,2023/24,€72.75m,€427.60m,11.0,19.0,4.0,12.0,9.0,11.0,3.0,10.0,2.0,1.0,0.0,0.0
P1,10/05/2024,Chaves,Famalicao,0.0,1.0,A,0.0,1.0,A,2.63,3.3,2.63,2.6,3.25,2.6,2023/24,€18.80m,€72.75m,8.0,11.0,2.0,4.0,18.0,21.0,3.0,3.0,3.0,1.0,0.0,0.0
P1,11/05/2024,Portimonense,Rio Ave,2.0,2.0,D,0.0,1.0,A,2.15,3.3,3.3,2.15,3.4,3.25,2023/24,€22.28m,€26.20m,19.0,9.0,8.0,4.0,12.0,16.0,12.0,4.0,3.0,2.0,0.0,0.0
P1,11/05/2024,Vizela,Estrela,4.0,0.0,H,1.0,0.0,H,3.5,3.4,2.05,3.4,3.4,2.05,2023/24,€22.85m,€19.58m,15.0,10.0,7.0,3.0,16.0,11.0,4.0,7.0,3.0,2.0,0.0,0.0
P1,11/05/2024,Estoril,Sp Lisbon,0.0,1.0,A,0.0,0.0,D,6.0,5.0,1.44,6.25,4.75,1.44,2023/24,€56.65m,€384.20m,7.0,19.0,1.0,5.0,16.0,10.0,2.0,9.0,2.0,1.0,0.0,0.0
P1,11/05/2024,Guimaraes,Sp Braga,2.0,3.0,A,1.0,1.0,D,3.25,3.5,2.1,3.1,3.6,2.1,2023/24,€67.90m,€159.40m,12.0,14.0,4.0,8.0,13.0,15.0,6.0,8.0,4.0,3.0,0.0,0.0
P1,12/05/2024,Gil Vicente,Farense,2.0,0.0,H,2.0,0.0,H,2.0,3.5,3.6,2.0,3.4,3.5,2023/24,€32.15m,€20.05m,9.0,16.0,6.0,3.0,12.0,11.0,4.0,4.0,4.0,0.0,0.0,0.0
P1,12/05/2024,Benfica,Arouca,5.0,0.0,H,3.0,0.0,H,1.25,6.5,9.0,1.25,6.25,9.5,2023/24,€427.60m,€44.10m,17.0,6.0,9.0,1.0,10.0,14.0,3.0,3.0,2.0,2.0,0.0,0.0
P1,12/05/2024,Casa Pia,Moreirense,0.0,1.0,A,0.0,1.0,A,2.6,3.0,2.9,2.55,3.0,2.85,2023/24,€23.28m,€26.90m,11.0,12.0,0.0,5.0,15.0,17.0,5.0,1.0,2.0,2.0,0.0,0.0
P1,12/05/2024,Porto,Boavista,2.0,1.0,H,0.0,0.0,D,1.17,7.0,15.0,1.16,7.75,14.5,2023/24,€369.65m,€30.00m,20.0,3.0,4.0,2.0,14.0,12.0,11.0,2.0,2.0,9.0,0.0,1.0
P1,17/05/2024,Famalicao,Casa Pia,1.0,2.0,A,1.0,1.0,D,1.73,3.75,4.5,1.75,3.6,4.33,2023/24,€72.75m,€23.28m,13.0,10.0,5.0,5.0,11.0,14.0,3.0,5.0,4.0,5.0,0.0,0.0
P1,17/05/2024,Rio Ave,Benfica,1.0,1.0,D,0.0,1.0,A,6.25,5.0,1.4,6.5,5.0,1.4,2023/24,€26.20m,€427.60m,8.0,15.0,3.0,7.0,13.0,12.0,2.0,8.0,4.0,2.0,0.0,0.0
P1,18/05/2024,Arouca,Guimaraes,1.0,3.0,A,1.0,0.0,H,2.8,3.4,2.4,2.7,3.5,2.37,2023/24,€44.10m,€67.90m,5.0,9.0,2.0,4.0,13.0,19.0,3.0,7.0,3.0,5.0,0.0,0.0
P1,18/05/2024,Boavista,Vizela,2.0,2.0,D,0.0,1.0,A,1.6,3.9,5.75,1.58,4.0,5.25,2023/24,€30.00m,€22.85m,15.0,14.0,5.0,4.0,17.0,7.0,9.0,2.0,4.0,1.0,0.0,0.0
P1,18/05/2024,Estrela,Gil Vicente,1.0,0.0,H,1.0,0.0,H,1.67,3.9,4.75,1.66,3.9,4.6,2023/24,€19.58m,€32.15m,6.0,5.0,2.0,2.0,17.0,13.0,4.0,3.0,3.0,0.0,0.0,0.0
P1,18/05/2024,Farense,Portimonense,1.0,3.0,A,0.0,2.0,A,2.6,3.8,2.4,2.55,3.7,2.45,2023/24,€20.05m,€22.28m,7.0,15.0,3.0,6.0,14.0,14.0,2.0,4.0,3.0,1.0,1.0,1.0
P1,18/05/2024,Moreirense,Estoril,2.0,1.0,H,1.0,0.0,H,2.3,3.3,3.1,2.35,3.3,2.87,2023/24,€26.90m,€56.65m,13.0,9.0,3.0,2.0,8.0,8.0,2.0,6.0,0.0,0.0,0.0,0.0
P1,18/05/2024,Sp Lisbon,Chaves,3.0,0.0,H,2.0,0.0,H,1.07,11.0,23.0,1.08,12.0,26.0,2023/24,€384.20m,€18.80m,15.0,10.0,7.0,0.0,16.0,7.0,5.0,3.0,2.0,1.0,0.0,1.0
P1,18/05/2024,Sp Braga,Porto,0.0,1.0,A,0.0,0.0,D,3.2,3.6,2.1,3.1,3.7,2.05,2023/24,€159.40m,€369.65m,4.0,19.0,1.0,5.0,13.0,11.0,4.0,8.0,4.0,1.0,1.0,0.0
P1,09/08/2024,Sp Lisbon,Rio Ave,3.0,1.0,H,2.0,0.0,H,1.17,8.0,13.0,1.16,7.75,14.5,2024/25,€474.00m,€33.30m,23.0,3.0,6.0,1.0,9.0,14.0,6.0,1.0,2.0,2.0,0.0,0.0
P1,10/08/2024,AVS,Nacional,1.0,1.0,D,0.0,1.0,A,2.25,3.25,3.2,2.25,3.25,3.1,2024/25,€18.30m,€15.23m,17.0,6.0,3.0,2.0,8.0,13.0,4.0,2.0,1.0,1.0,0.0,0.0
P1,10/08/2024,Casa Pia,Boavista,0.0,1.0,A,0.0,0.0,D,1.91,3.4,4.0,1.93,3.4,3.8,2024/25,€20.40m,€15.80m,15.0,5.0,4.0,2.0,12.0,6.0,3.0,1.0,2.0,1.0,0.0,0.0
P1,10/08/2024,Porto,Gil Vicente,3.0,0.0,H,1.0,0.0,H,1.18,6.5,15.0,1.19,6.75,14.0,2024/25,€359.20m,€25.28m,16.0,3.0,7.0,2.0,18.0,10.0,6.0,2.0,0.0,3.0,0.0,1.0
P1,11/08/2024,Estoril,Santa Clara,1.0,4.0,A,1.0,1.0,D,2.15,3.1,3.6,2.1,3.2,3.5,2024/25,€23.15m,€22.05m,4.0,9.0,2.0,8.0,11.0,20.0,1.0,3.0,6.0,3.0,0.0,0.0
P1,11/08/2024,Famalicao,Benfica,2.0,0.0,H,1.0,0.0,H,7.0,4.33,1.44,6.0,4.5,1.47,2024/25,€54.55m,€354.00m,9.0,10.0,5.0,1.0,8.0,13.0,0.0,7.0,3.0,4.0,0.0,0.0
P1,11/08/2024,Farense,Moreirense,1.0,2.0,A,0.0,1.0,A,2.9,3.25,2.4,2.85,3.2,2.45,2024/25,€17.65m,€26.10m,10.0,10.0,5.0,6.0,14.0,11.0,5.0,4.0,0.0,4.0,0.0,1.0
P1,11/08/2024,Sp Braga,Estrela,1.0,1.0,D,0.0,0.0,D,1.38,4.75,7.5,1.37,5.0,7.25,2024/25,€130.80m,€16.70m,13.0,6.0,5.0,4.0,14.0,9.0,13.0,4.0,3.0,5.0,0.0,0.0
P1,12/08/2024,Arouca,Guimaraes,0.0,1.0,A,0.0,1.0,A,2.88,3.4,2.38,2.85,3.4,2.3,2024/25,€27.65m,€55.53m,8.0,11.0,0.0,4.0,13.0,11.0,6.0,5.0,7.0,2.0,1.0,0.0
P1,16/08/2024,Santa Clara,Porto,0.0,2.0,A,0.0,2.0,A,6.0,4.1,1.53,5.75,4.1,1.53,2024/25,€22.05m,€359.20m,5.0,8.0,2.0,6.0,19.0,12.0,2.0,2.0,2.0,3.0,1.0,0.0
P1,16/08/2024,Gil Vicente,AVS,4.0,2.0,H,2.0,2.0,D,2.2,3.25,3.3,2.25,3.3,3.0,2024/25,€25.28m,€18.30m,16.0,10.0,6.0,5.0,6.0,12.0,2.0,3.0,1.0,4.0,0.0,1.0
P1,17/08/2024,Rio Ave,Farense,1.0,0.0,H,1.0,0.0,H,2.0,3.3,3.9,1.98,3.4,3.6,2024/25,€33.30m,€17.65m,9.0,14.0,3.0,4.0,8.0,16.0,7.0,14.0,0.0,1.0,0.0,0.0
P1,17/08/2024,Nacional,Sp Lisbon,1.0,6.0,A,1.0,2.0,A,10.0,6.0,1.25,10.5,6.0,1.25,2024/25,€15.23m,€474.00m,12.0,20.0,6.0,10.0,9.0,10.0,4.0,3.0,1.0,1.0,0.0,0.0
P1,17/08/2024,Benfica,Casa Pia,3.0,0.0,H,0.0,0.0,D,1.18,7.5,12.0,1.19,7.0,13.0,2024/25,€354.00m,€20.40m,26.0,5.0,7.0,1.0,6.0,14.0,12.0,2.0,0.0,1.0,0.0,0.0
P1,18/08/2024,Moreirense,Arouca,3.0,1.0,H,2.0,1.0,H,2.3,3.25,3.1,2.3,3.25,3.0,2024/25,€26.10m,€27.65m,14.0,15.0,6.0,3.0,14.0,12.0,7.0,5.0,1.0,2.0,0.0,0.0
P1,18/08/2024,Guimaraes,Estoril,1.0,0.0,H,1.0,0.0,H,1.57,4.0,5.5,1.58,4.0,5.25,2024/25,€55.53m,€23.15m,14.0,3.0,5.0,1.0,15.0,17.0,9.0,3.0,2.0,1.0,0.0,0.0
P1,18/08/2024,Boavista,Sp Braga,0.0,1.0,A,0.0,1.0,A,5.5,3.9,1.6,5.0,4.0,1.6,2024/25,€15.80m,€130.80m,7.0,12.0,1.0,3.0,8.0,9.0,3.0,8.0,3.0,1.0,0.0,0.0
P1,19/08/2024,Estrela,Famalicao,0.0,3.0,A,0.0,1.0,A,2.5,3.2,2.88,2.45,3.2,2.85,2024/25,€16.70m,€54.55m,8.0,11.0,2.0,8.0,10.0,10.0,2.0,4.0,3.0,1.0,0.0,0.0
P1,23/08/2024,Farense,Sp Lisbon,0.0,5.0,A,0.0,2.0,A,10.0,8.0,1.2,11.5,7.25,1.19,2024/25,€17.65m,€474.00m,4.0,28.0,1.0,8.0,18.0,5.0,1.0,5.0,4.0,1.0,0.0,0.0
P1,24/08/2024,Casa Pia,Santa Clara,0.0,2.0,A,0.0,0.0,D,2.75,3.1,2.63,2.6,3.2,2.6,2024/25,€20.40m,€22.05m,10.0,7.0,3.0,4.0,14.0,21.0,7.0,1.0,4.0,4.0,1.0,0.0
P1,24/08/2024,Porto,Rio Ave,2.0,0.0,H,2.0,0.0,H,1.25,6.25,10.0,1.25,5.75,11.5,2024/25,€359.20m,€33.30m,23.0,0.0,12.0,0.0,14.0,15.0,9.0,3.0,0.0,2.0,0.0,1.0
P1,24/08/2024,Benfica,Estrela,1.0,0.0,H,1.0,0.0,H,1.18,7.5,13.0,1.18,7.0,14.5,2024/25,€354.00m,€16.70m,16.0,5.0,9.0,0.0,19.0,12.0,12.0,2.0,4.0,3.0,0.0,0.0
P1,24/08/2024,Famalicao,Boavista,1.0,0.0,H,1.0,0.0,H,1.55,3.8,6.5,1.6,3.8,5.5,2024/25,€54.55m,€15.80m,10.0,5.0,4.0,2.0,18.0,16.0,7.0,3.0,1.0,3.0,0.0,0.0
P1,25/08/2024,Arouca,Nacional,1.0,0.0,H,1.0,0.0,H,2.05,3.4,3.5,1.98,3.4,3.6,2024/25,€27.65m,€15.23m,10.0,11.0,4.0,1.0,17.0,11.0,9.0,2.0,2.0,6.0,0.0,0.0
P1,25/08/2024,Estoril,Gil Vicente,0.0,0.0,D,0.0,0.0,D,2.6,3.3,2.63,2.5,3.25,2.7,2024/25,€23.15m,€25.28m,12.0,10.0,2.0,4.0,19.0,6.0,8.0,1.0,4.0,1.0,0.0,0.0
P1,25/08/2024,AVS,Guimaraes,1.0,0.0,H,0.0,0.0,D,4.2,3.3,1.91,3.9,3.4,1.9,2024/25,€18.30m,€55.53m,9.0,13.0,2.0,5.0,15.0,13.0,3.0,6.0,3.0,3.0,0.0,0.0
P1,25/08/2024,Sp Braga,Moreirense,3.0,1.0,H,1.0,0.0,H,1.57,4.33,5.25,1.57,4.0,5.5,2024/25,€130.80m,€26.10m,19.0,12.0,7.0,5.0,11.0,7.0,6.0,1.0,0.0,2.0,0.0,0.0
P1,30/08/2024,Moreirense,Benfica,1.0,1.0,D,0.0,0.0,D,7.0,4.33,1.44,6.75,4.33,1.44,2024/25,€26.10m,€354.00m,8.0,12.0,6.0,4.0,17.0,7.0,0.0,8.0,3.0,5.0,0.0,0.0
P1,31/08/2024,Santa Clara,AVS,2.0,1.0,H,1.0,1.0,D,1.8,3.4,4.75,1.85,3.4,4.2,2024/25,€22.05m,€18.30m,15.0,9.0,6.0,2.0,12.0,9.0,3.0,2.0,1.0,2.0,0.0,0.0
P1,31/08/2024,Boavista,Estoril,0.0,0.0,D,0.0,0.0,D,2.25,3.1,3.3,2.3,3.1,3.2,2024/25,€15.80m,€23.15m,19.0,7.0,5.0,1.0,12.0,19.0,8.0,3.0,2.0,5.0,0.0,0.0
P1,31/08/2024,Estrela,Casa Pia,0.0,1.0,A,0.0,0.0,D,2.3,3.2,3.2,2.25,3.1,3.2,2024/25,€16.70m,€20.40m,14.0,15.0,4.0,6.0,9.0,22.0,2.0,7.0,1.0,1.0,0.0,0.0
P1,31/08/2024,Sp Lisbon,Porto,2.0,0.0,H,0.0,0.0,D,1.75,3.8,4.33,1.78,3.75,4.1,2024/25,€474.00m,€359.20m,11.0,8.0,4.0,2.0,14.0,18.0,2.0,3.0,1.0,5.0,0.0,0.0
P1,01/09/2024,Nacional,Farense,2.0,0.0,H,1.0,0.0,H,2.2,3.4,3.2,2.2,3.4,3.0,2024/25,€15.23m,€17.65m,17.0,14.0,4.0,2.0,19.0,16.0,4.0,4.0,3.0,3.0,0.0,0.0
P1,01/09/2024,Rio Ave,Arouca,1.0,0.0,H,1.0,0.0,H,2.3,3.25,3.1,2.3,3.25,3.0,2024/25,€33.30m,€27.65m,11.0,13.0,3.0,3.0,16.0,19.0,8.0,8.0,1.0,3.0,0.0,0.0
P1,01/09/2024,Gil Vicente,Sp Braga,0.0,0.0,D,0.0,0.0,D,4.5,3.8,1.73,4.2,3.7,1.77,2024/25,€25.28m,€130.80m,10.0,8.0,5.0,2.0,8.0,18.0,4.0,5.0,4.0,1.0,0.0,0.0
P1,01/09/2024,Guimaraes,Famalicao,2.0,1.0,H,1.0,1.0,D,1.95,3.4,3.9,1.93,3.3,3.9,2024/25,€55.53m,€54.55m,8.0,8.0,4.0,4.0,18.0,12.0,5.0,7.0,5.0,3.0,0.0,0.0
P1,13/09/2024,Arouca,Sp Lisbon,0.0,3.0,A,0.0,1.0,A,13.0,6.0,1.22,11.5,6.75,1.21,2024/25,€27.65m,€474.00m,6.0,21.0,2.0,6.0,14.0,11.0,2.0,8.0,3.0,0.0,0.0,0.0
P1,14/09/2024,Casa Pia,Moreirense,3.0,1.0,H,0.0,1.0,A,2.7,3.0,2.8,2.65,3.1,2.7,2024/25,€20.40m,€26.10m,16.0,12.0,4.0,2.0,23.0,10.0,4.0,5.0,5.0,2.0,0.0,0.0
P1,14/09/2024,AVS,Rio Ave,1.0,0.0,H,0.0,0.0,D,2.7,3.1,2.75,2.6,3.1,2.7,2024/25,€18.30m,€33.30m,11.0,17.0,3.0,3.0,13.0,12.0,4.0,11.0,4.0,2.0,0.0,0.0
P1,14/09/2024,Benfica,Santa Clara,4.0,1.0,H,2.0,1.0,H,1.25,6.0,10.0,1.25,6.0,10.5,2024/25,€354.00m,€22.05m,15.0,6.0,7.0,2.0,14.0,7.0,5.0,1.0,1.0,3.0,0.0,0.0
P1,14/09/2024,Famalicao,Gil Vicente,1.0,1.0,D,1.0,0.0,H,1.85,3.3,4.5,1.9,3.4,4.0,2024/25,€54.55m,€25.28m,13.0,8.0,4.0,3.0,11.0,16.0,8.0,1.0,1.0,0.0,0.0,0.0
P1,15/09/2024,Porto,Farense,2.0,1.0,H,0.0,0.0,D,1.14,7.5,21.0,1.14,8.5,17.5,2024/25,€359.20m,€17.65m,23.0,12.0,11.0,5.0,7.0,19.0,11.0,0.0,2.0,3.0,0.0,0.0
P1,15/09/2024,Estoril,Nacional,1.0,0.0,H,1.0,0.0,H,2.3,3.3,3.1,2.2,3.3,3.1,2024/25,€23.15m,€15.23m,11.0,15.0,3.0,3.0,22.0,14.0,3.0,4.0,2.0,1.0,0.0,1.0
P1,15/09/2024,Sp Braga,Guimaraes,0.0,2.0,A,0.0,0.0,D,2.0,3.6,3.5,1.98,3.3,3.75,2024/25,€130.80m,€55.53m,5.0,10.0,2.0,4.0,20.0,17.0,6.0,4.0,3.0,3.0,1.0,0.0
P1,16/09/2024,Estrela,Boavista,2.0,2.0,D,1.0,2.0,A,1.91,3.3,4.2,1.9,3.25,4.1,2024/25,€16.70m,€15.80m,20.0,12.0,3.0,4.0,8.0,17.0,9.0,2.0,3.0,4.0,0.0,0.0
P1,20/09/2024,Nacional,Sp Braga,0.0,3.0,A,0.0,0.0,D,5.25,3.8,1.65,4.75,4.0,1.65,2024/25,€15.23m,€130.80m,12.0,15.0,2.0,5.0,12.0,17.0,6.0,6.0,3.0,3.0,0.0,0.0
P1,21/09/2024,Rio Ave,Estoril,2.0,2.0,D,1.0,0.0,H,1.91,3.4,4.1,1.98,3.2,3.9,2024/25,€33.30m,€23.15m,15.0,8.0,7.0,3.0,16.0,9.0,7.0,4.0,2.0,2.0,0.0,0.0
P1,21/09/2024,Santa Clara,Estrela,1.0,0.0,H,0.0,0.0,D,1.75,3.5,5.0,1.77,3.5,4.5,2024/25,€22.05m,€16.70m,8.0,11.0,4.0,4.0,17.0,18.0,3.0,8.0,2.0,3.0,0.0,0.0
P1,21/09/2024,Guimaraes,Porto,0.0,3.0,A,0.0,0.0,D,3.5,3.1,2.2,3.4,3.2,2.15,2024/25,€55.53m,€359.20m,6.0,12.0,1.0,4.0,7.0,18.0,5.0,6.0,4.0,4.0,0.0,0.0
P1,21/09/2024,Moreirense,Famalicao,0.0,0.0,D,0.0,0.0,D,2.55,3.0,3.0,2.55,3.1,2.8,2024/25,€26.10m,€54.55m,8.0,6.0,3.0,1.0,24.0,15.0,4.0,3.0,5.0,3.0,0.0,0.0
P1,22/09/2024,Gil Vicente,Casa Pia,1.0,1.0,D,1.0,0.0,H,2.1,3.1,3.8,2.05,3.2,3.6,2024/25,€25.28m,€20.40m,15.0,8.0,4.0,4.0,7.0,24.0,9.0,2.0,2.0,5.0,0.0,0.0
P1,22/09/2024,Farense,Arouca,0.0,1.0,A,0.0,1.0,A,2.7,3.1,2.7,2.6,3.25,2.6,2024/25,€17.65m,€27.65m,16.0,11.0,2.0,2.0,22.0,16.0,10.0,6.0,1.0,4.0,0.0,0.0
P1,22/09/2024,Sp Lisbon,AVS,3.0,0.0,H,2.0,0.0,H,1.07,12.0,23.0,1.08,11.0,26.0,2024/25,€474.00m,€18.30m,22.0,3.0,9.0,0.0,11.0,12.0,9.0,1.0,0.0,3.0,0.0,0.0
P1,23/09/2024,Boavista,Benfica,0.0,3.0,A,0.0,2.0,A,11.0,6.0,1.25,11.0,5.5,1.26,2024/25,€15.80m,€354.00m,7.0,16.0,3.0,9.0,9.0,9.0,4.0,5.0,2.0,0.0,0.0,0.0
P1,27/09/2024,Estoril,Sp Lisbon,0.0,3.0,A,0.0,2.0,A,13.0,7.5,1.17,14.5,7.5,1.17,2024/25,€23.15m,€474.00m,5.0,22.0,2.0,5.0,13.0,8.0,1.0,14.0,2.0,0.0,0.0,0.0
P1,28/09/2024,Estrela,Moreirense,2.0,1.0,H,2.0,0.0,H,2.9,3.2,2.45,2.87,3.1,2.45,2024/25,€16.70m,€26.10m,4.0,13.0,2.0,2.0,27.0,18.0,2.0,7.0,3.0,3.0,0.0,1.0
P1,28/09/2024,Casa Pia,Guimaraes,1.0,1.0,D,1.0,0.0,H,3.9,3.25,2.0,3.9,3.2,1.98,2024/25,€20.40m,€55.53m,9.0,19.0,4.0,7.0,13.0,9.0,7.0,9.0,2.0,0.0,0.0,0.0
P1,28/09/2024,Benfica,Gil Vicente,5.0,1.0,H,2.0,1.0,H,1.2,7.0,11.0,1.2,7.0,12.5,2024/25,€354.00m,€25.28m,18.0,10.0,6.0,4.0,10.0,6.0,11.0,2.0,1.0,2.0,0.0,0.0
P1,29/09/2024,Famalicao,Nacional,0.0,0.0,D,0.0,0.0,D,1.6,3.75,5.75,1.6,3.8,5.5,2024/25,€54.55m,€15.23m,16.0,11.0,5.0,4.0,13.0,22.0,8.0,4.0,1.0,4.0,0.0,0.0
P1,29/09/2024,Porto,Arouca,4.0,0.0,H,0.0,0.0,D,1.2,6.25,15.0,1.2,6.75,13.0,2024/25,€359.20m,€27.65m,26.0,4.0,7.0,0.0,17.0,7.0,8.0,2.0,2.0,3.0,0.0,1.0
P1,29/09/2024,Santa Clara,Boavista,1.0,0.0,H,1.0,0.0,H,1.57,4.0,5.5,1.58,3.7,6.0,2024/25,€22.05m,€15.80m,15.0,4.0,5.0,2.0,11.0,9.0,3.0,0.0,4.0,3.0,0.0,0.0
P1,29/09/2024,Sp Braga,Rio Ave,4.0,0.0,H,2.0,0.0,H,1.36,4.75,8.0,1.4,4.75,7.0,2024/25,€130.80m,€33.30m,18.0,13.0,8.0,4.0,13.0,11.0,4.0,5.0,0.0,2.0,0.0,0.0
P1,30/09/2024,AVS,Farense,0.0,0.0,D,0.0,0.0,D,1.91,3.5,4.0,1.9,3.5,3.8,2024/25,€18.30m,€17.65m,12.0,9.0,1.0,3.0,14.0,11.0,6.0,3.0,4.0,3.0,0.0,0.0
P1,04/10/2024,Rio Ave,Famalicao,1.0,1.0,D,0.0,0.0,D,2.9,3.0,2.6,2.87,2.95,2.55,2024/25,€33.30m,€54.55m,15.0,8.0,6.0,3.0,17.0,13.0,11.0,7.0,4.0,3.0,0.0,0.0
P1,05/10/2024,Gil Vicente,Estrela,3.0,0.0,H,2.0,0.0,H,1.85,3.5,4.2,1.9,3.4,3.9,2024/25,€25.28m,€16.70m,6.0,11.0,5.0,2.0,14.0,15.0,0.0,8.0,2.0,1.0,0.0,0.0
P1,05/10/2024,Moreirense,Santa Clara,1.0,0.0,H,0.0,0.0,D,2.4,3.25,2.88,2.5,3.0,2.9,2024/25,€26.10m,€22.05m,11.0,12.0,2.0,3.0,10.0,14.0,1.0,7.0,0.0,0.0,0.0,0.0
P1,05/10/2024,Arouca,AVS,1.0,1.0,D,1.0,0.0,H,2.05,3.5,3.3,2.1,3.3,3.4,2024/25,€27.65m,€18.30m,10.0,16.0,2.0,2.0,9.0,12.0,5.0,7.0,3.0,2.0,0.0,0.0
P1,05/10/2024,Sp Lisbon,Casa Pia,2.0,0.0,H,1.0,0.0,H,1.13,10.0,13.0,1.13,9.0,17.5,2024/25,€474.00m,€20.40m,22.0,5.0,6.0,3.0,9.0,12.0,5.0,3.0,1.0,2.0,0.0,0.0
P1,06/10/2024,Farense,Estoril,1.0,0.0,H,0.0,0.0,D,2.25,3.4,3.1,2.2,3.4,3.0,2024/25,€17.65m,€23.15m,15.0,7.0,2.0,2.0,18.0,11.0,5.0,4.0,4.0,3.0,0.0,0.0
P1,06/10/2024,Guimaraes,Boavista,2.0,2.0,D,1.0,0.0,H,1.42,4.2,8.5,1.46,4.33,6.75,2024/25,€55.53m,€15.80m,12.0,8.0,4.0,5.0,18.0,16.0,6.0,5.0,4.0,5.0,0.0,0.0
P1,06/10/2024,Porto,Sp Braga,2.0,1.0,H,1.0,0.0,H,1.6,3.75,6.0,1.63,4.0,4.75,2024/25,€359.20m,€130.80m,6.0,17.0,3.0,3.0,14.0,9.0,1.0,5.0,2.0,2.0,0.0,0.0
P1,25/10/2024,Casa Pia,Nacional,1.0,0.0,H,1.0,0.0,H,2.1,3.4,3.4,2.1,3.2,3.5,2024/25,€20.40m,€15.23m,14.0,19.0,5.0,6.0,17.0,12.0,7.0,7.0,3.0,3.0,0.0,0.0
P1,25/10/2024,Santa Clara,Gil Vicente,2.0,1.0,H,2.0,1.0,H,2.1,3.1,3.9,2.1,2.95,3.8,2024/25,€22.05m,€25.28m,15.0,10.0,3.0,1.0,16.0,17.0,6.0,4.0,2.0,4.0,0.0,0.0
P1,26/10/2024,Estoril,Arouca,4.0,1.0,H,2.0,1.0,H,3.0,3.2,2.4,2.9,3.1,2.45,2024/25,€23.15m,€27.65m,12.0,13.0,5.0,4.0,19.0,14.0,6.0,9.0,4.0,2.0,0.0,0.0
P1,26/10/2024,Boavista,Moreirense,0.0,2.0,A,0.0,1.0,A,3.4,3.1,2.25,3.25,3.1,2.25,2024/25,€15.80m,€26.10m,10.0,17.0,3.0,8.0,17.0,14.0,4.0,3.0,1.0,3.0,0.0,0.0
P1,26/10/2024,Famalicao,Sp Lisbon,0.0,3.0,A,0.0,0.0,D,7.0,5.5,1.36,8.25,4.8,1.36,2024/25,€54.55m,€474.00m,6.0,33.0,1.0,13.0,7.0,10.0,4.0,8.0,1.0,1.0,0.0,0.0
P1,27/10/2024,Sp Braga,Farense,2.0,0.0,H,1.0,0.0,H,1.33,6.0,7.0,1.33,5.5,7.75,2024/25,€130.80m,€17.65m,18.0,4.0,6.0,2.0,12.0,12.0,10.0,3.0,1.0,2.0,0.0,0.0
P1,27/10/2024,Benfica,Rio Ave,5.0,0.0,H,3.0,0.0,H,1.17,7.5,13.0,1.18,7.25,13.5,2024/25,€354.00m,€33.30m,29.0,4.0,14.0,0.0,12.0,10.0,8.0,2.0,1.0,1.0,0.0,0.0
P1,27/10/2024,Estrela,Guimaraes,2.0,2.0,D,1.0,1.0,D,4.75,3.4,1.8,4.33,3.4,1.83,2024/25,€16.70m,€55.53m,7.0,10.0,2.0,3.0,17.0,17.0,3.0,4.0,2.0,3.0,0.0,0.0
P1,28/10/2024,AVS,Porto,0.0,5.0,A,0.0,4.0,A,9.0,5.5,1.3,9.25,5.25,1.31,2024/25,€18.30m,€359.20m,5.0,12.0,1.0,7.0,8.0,11.0,2.0,3.0,2.0,1.0,0.0,0.0
P1,01/11/2024,Sp Lisbon,Estrela,5.0,1.0,H,3.0,1.0,H,1.08,11.0,19.0,1.09,11.0,23.0,2024/25,€474.00m,€16.70m,20.0,9.0,8.0,5.0,13.0,15.0,12.0,2.0,0.0,0.0,0.0,0.0
P1,02/11/2024,Rio Ave,Casa Pia,2.0,2.0,D,2.0,2.0,D,2.2,3.25,3.3,2.15,3.1,3.4,2024/25,€33.30m,€20.40m,13.0,10.0,5.0,2.0,14.0,19.0,3.0,2.0,3.0,3.0,0.0,0.0
P1,02/11/2024,Farense,Benfica,1.0,2.0,A,1.0,1.0,D,11.0,6.5,1.22,11.5,6.5,1.21,2024/25,€17.65m,€354.00m,9.0,18.0,4.0,7.0,10.0,5.0,3.0,8.0,1.0,0.0,0.0,0.0
P1,02/11/2024,Gil Vicente,Boavista,1.0,2.0,A,0.0,0.0,D,1.67,3.6,5.5,1.66,3.6,5.25,2024/25,€25.28m,€15.80m,17.0,13.0,2.0,5.0,14.0,11.0,7.0,2.0,3.0,2.0,0.0,0.0
P1,03/11/2024,AVS,Famalicao,2.0,3.0,A,2.0,2.0,D,3.1,3.0,2.45,2.95,3.0,2.45,2024/25,€18.30m,€54.55m,13.0,18.0,6.0,6.0,18.0,11.0,4.0,0.0,4.0,1.0,0.0,0.0
P1,03/11/2024,Arouca,Sp Braga,1.0,2.0,A,0.0,1.0,A,4.33,3.9,1.73,4.33,3.8,1.73,2024/25,€27.65m,€130.80m,13.0,16.0,3.0,3.0,10.0,15.0,12.0,4.0,3.0,2.0,0.0,0.0
P1,03/11/2024,Guimaraes,Moreirense,1.0,0.0,H,0.0,0.0,D,1.7,3.6,5.25,1.73,3.4,5.0,2024/25,€55.53m,€26.10m,10.0,9.0,4.0,2.0,17.0,16.0,9.0,4.0,0.0,1.0,0.0,0.0
P1,03/11/2024,Porto,Estoril,4.0,0.0,H,2.0,0.0,H,1.14,8.0,15.0,1.15,8.0,17.0,2024/25,€359.20m,€23.15m,16.0,12.0,9.0,5.0,7.0,9.0,9.0,5.0,0.0,2.0,0.0,0.0
P1,04/11/2024,Nacional,Santa Clara,2.0,0.0,H,2.0,0.0,H,3.3,3.1,2.25,3.3,3.1,2.2,2024/25,€15.23m,€22.05m,8.0,22.0,4.0,6.0,15.0,14.0,2.0,6.0,4.0,7.0,0.0,0.0
P1,08/11/2024,Moreirense,Gil Vicente,3.0,2.0,H,0.0,1.0,A,2.3,3.0,3.4,2.3,3.0,3.25,2024/25,€26.10m,€25.28m,12.0,11.0,8.0,5.0,19.0,22.0,3.0,4.0,2.0,5.0,0.0,0.0
P1,09/11/2024,Casa Pia,Farense,1.0,1.0,D,1.0,1.0,D,1.95,3.3,4.0,1.98,3.25,3.8,2024/25,€20.40m,€17.65m,13.0,8.0,2.0,3.0,13.0,16.0,4.0,2.0,4.0,3.0,0.0,0.0
P1,09/11/2024,Estoril,AVS,0.0,0.0,D,0.0,0.0,D,2.25,3.0,3.5,2.3,3.1,3.2,2024/25,€23.15m,€18.30m,9.0,11.0,2.0,2.0,13.0,14.0,10.0,6.0,2.0,0.0,0.0,0.0
P1,09/11/2024,Famalicao,Arouca,0.0,0.0,D,0.0,0.0,D,1.91,3.5,4.0,1.95,3.3,3.9,2024/25,€54.55m,€27.65m,6.0,9.0,2.0,1.0,19.0,13.0,4.0,8.0,5.0,3.0,0.0,0.0
P1,09/11/2024,Boavista,Rio Ave,0.0,2.0,A,0.0,1.0,A,2.75,3.1,2.7,2.65,3.2,2.6,2024/25,€15.80m,€33.30m,24.0,5.0,4.0,1.0,10.0,17.0,7.0,2.0,5.0,3.0,1.0,1.0
P1,10/11/2024,Estrela,Nacional,2.0,0.0,H,0.0,0.0,D,2.2,3.4,3.2,2.2,3.25,3.2,2024/25,€16.70m,€15.23m,17.0,15.0,3.0,4.0,10.0,12.0,10.0,4.0,1.0,1.0,0.0,0.0
P1,10/11/2024,Santa Clara,Guimaraes,1.0,0.0,H,0.0,0.0,D,2.9,3.0,2.6,2.9,3.0,2.5,2024/25,€22.05m,€55.53m,21.0,5.0,7.0,2.0,17.0,19.0,9.0,4.0,5.0,6.0,0.0,0.0
P1,10/11/2024,Sp Braga,Sp Lisbon,2.0,4.0,A,2.0,0.0,H,5.25,4.2,1.57,4.8,4.1,1.6,2024/25,€130.80m,€474.00m,3.0,13.0,2.0,6.0,20.0,13.0,0.0,5.0,5.0,4.0,0.0,0.0
P1,10/11/2024,Benfica,Porto,4.0,1.0,H,1.0,1.0,D,2.1,3.3,3.5,2.05,3.5,3.3,2024/25,€354.00m,€359.20m,16.0,8.0,7.0,3.0,10.0,13.0,2.0,2.0,2.0,6.0,0.0,0.0
P1,29/11/2024,Farense,Estrela,1.0,0.0,H,1.0,0.0,H,2.2,3.25,3.4,2.1,3.1,3.5,2024/25,€17.65m,€16.70m,11.0,13.0,2.0,3.0,20.0,19.0,3.0,6.0,4.0,2.0,0.0,0.0
P1,30/11/2024,Rio Ave,Moreirense,3.0,2.0,H,1.0,0.0,H,2.8,3.2,2.55,2.8,3.1,2.5,2024/25,€33.30m,€26.10m,12.0,11.0,4.0,2.0,15.0,17.0,2.0,4.0,3.0,3.0,0.0,0.0
P1,30/11/2024,Nacional,Boavista,0.0,0.0,D,0.0,0.0,D,1.91,3.4,4.0,1.88,3.4,4.0,2024/25,€15.23m,€15.80m,22.0,9.0,8.0,2.0,14.0,15.0,4.0,7.0,1.0,2.0,0.0,0.0
P1,30/11/2024,Sp Lisbon,Santa Clara,0.0,1.0,A,0.0,1.0,A,1.17,6.5,17.0,1.17,7.25,15.0,2024/25,€474.00m,€22.05m,21.0,4.0,4.0,3.0,9.0,18.0,8.0,2.0,2.0,8.0,0.0,0.0
P1,01/12/2024,Estoril,Famalicao,2.0,1.0,H,2.0,1.0,H,3.2,3.4,2.2,3.2,3.2,2.2,2024/25,€23.15m,€54.55m,12.0,7.0,4.0,1.0,19.0,18.0,5.0,7.0,2.0,4.0,0.0,0.0
P1,01/12/2024,Arouca,Benfica,0.0,2.0,A,0.0,1.0,A,9.5,5.75,1.27,10.5,6.0,1.25,2024/25,€27.65m,€354.00m,12.0,14.0,5.0,8.0,15.0,10.0,5.0,6.0,2.0,3.0,0.0,0.0
P1,01/12/2024,AVS,Sp Braga,0.0,1.0,A,0.0,0.0,D,5.5,3.9,1.6,5.0,3.9,1.63,2024/25,€18.30m,€130.80m,6.0,20.0,1.0,8.0,12.0,16.0,2.0,9.0,3.0,1.0,2.0,0.0
P1,02/12/2024,Guimaraes,Gil Vicente,4.0,0.0,H,1.0,0.0,H,1.67,3.8,5.0,1.68,3.6,4.8,2024/25,€55.53m,€25.28m,19.0,3.0,5.0,0.0,19.0,10.0,9.0,2.0,1.0,2.0,0.0,0.0
P1,02/12/2024,Porto,Casa Pia,2.0,0.0,H,0.0,0.0,D,1.2,6.25,13.0,1.21,6.5,12.5,2024/25,€359.20m,€20.40m,17.0,10.0,9.0,3.0,14.0,13.0,8.0,6.0,3.0,0.0,0.0,0.0
P1,05/12/2024,Moreirense,Sp Lisbon,2.0,1.0,H,2.0,1.0,H,8.5,4.75,1.36,7.5,5.0,1.36,2024/25,€26.10m,€474.00m,8.0,16.0,4.0,2.0,17.0,15.0,4.0,6.0,3.0,1.0,0.0,0.0
P1,06/12/2024,Sp Braga,Estoril,2.0,2.0,D,1.0,0.0,H,1.22,7.0,10.0,1.22,6.25,12.5,2024/25,€130.80m,€23.15m,16.0,11.0,7.0,3.0,18.0,21.0,3.0,2.0,3.0,5.0,0.0,0.0
P1,07/12/2024,Gil Vicente,Nacional,2.0,1.0,H,1.0,0.0,H,2.0,3.3,3.8,2.0,3.4,3.6,2024/25,€25.28m,€15.23m,17.0,19.0,4.0,6.0,13.0,17.0,6.0,7.0,3.0,4.0,0.0,0.0
P1,07/12/2024,Benfica,Guimaraes,1.0,0.0,H,1.0,0.0,H,1.33,5.0,10.0,1.31,5.25,9.0,2024/25,€354.00m,€55.53m,8.0,10.0,1.0,2.0,9.0,13.0,6.0,9.0,3.0,1.0,0.0,0.0
P1,07/12/2024,Santa Clara,Rio Ave,1.0,0.0,H,1.0,0.0,H,1.83,3.3,4.75,1.8,3.4,4.5,2024/25,€22.05m,€33.30m,10.0,4.0,4.0,2.0,18.0,17.0,6.0,2.0,2.0,4.0,0.0,0.0
P1,07/12/2024,Famalicao,Porto,1.0,1.0,D,1.0,0.0,H,6.0,4.33,1.5,6.25,4.33,1.47,2024/25,€54.55m,€359.20m,4.0,16.0,2.0,4.0,13.0,19.0,3.0,5.0,2.0,3.0,0.0,0.0
P1,08/12/2024,Casa Pia,AVS,1.0,1.0,D,1.0,0.0,H,1.85,3.4,4.33,1.85,3.4,4.2,2024/25,€20.40m,€18.30m,11.0,7.0,5.0,3.0,13.0,14.0,6.0,3.0,0.0,4.0,0.0,0.0
P1,14/12/2024,Farense,Gil Vicente,0.0,1.0,A,0.0,0.0,D,2.8,3.1,2.63,2.8,2.95,2.65,2024/25,€17.65m,€25.28m,15.0,7.0,2.0,2.0,13.0,15.0,7.0,1.0,3.0,2.0,0.0,1.0
P1,14/12/2024,Nacional,Moreirense,1.0,0.0,H,0.0,0.0,D,2.8,3.1,2.6,2.7,3.1,2.6,2024/25,€15.23m,€26.10m,12.0,4.0,5.0,1.0,14.0,16.0,10.0,2.0,0.0,3.0,0.0,0.0
P1,14/12/2024,Sp Lisbon,Boavista,3.0,2.0,H,1.0,1.0,D,1.08,10.0,23.0,1.1,11.5,18.5,2024/25,€474.00m,€15.80m,20.0,8.0,7.0,2.0,16.0,11.0,10.0,1.0,3.0,3.0,0.0,0.0
P1,15/12/2024,Arouca,Santa Clara,1.0,0.0,H,0.0,0.0,D,3.1,3.2,2.3,3.2,3.1,2.3,2024/25,€27.65m,€22.05m,12.0,5.0,3.0,1.0,17.0,18.0,7.0,2.0,2.0,2.0,0.0,0.0
P1,15/12/2024,AVS,Benfica,1.0,1.0,D,0.0,1.0,A,13.0,7.0,1.18,14.5,7.25,1.17,2024/25,€18.30m,€354.00m,18.0,13.0,7.0,4.0,8.0,13.0,0.0,3.0,2.0,2.0,0.0,0.0
P1,15/12/2024,Estoril,Casa Pia,0.0,2.0,A,0.0,0.0,D,2.63,3.1,2.75,2.65,3.1,2.65,2024/25,€23.15m,€20.40m,14.0,10.0,5.0,4.0,14.0,16.0,5.0,4.0,4.0,3.0,0.0,0.0
P1,16/12/2024,Sp Braga,Famalicao,3.0,3.0,D,0.0,1.0,A,1.48,4.2,6.5,1.49,4.2,6.0,2024/25,€130.80m,€54.55m,21.0,10.0,8.0,8.0,12.0,14.0,10.0,3.0,0.0,1.0,0.0,0.0
P1,16/12/2024,Porto,Estrela,2.0,0.0,H,1.0,0.0,H,1.14,7.5,19.0,1.15,7.75,17.5,2024/25,€359.20m,€16.70m,12.0,3.0,4.0,0.0,17.0,19.0,11.0,4.0,0.0,3.0,0.0,1.0
P1,16/12/2024,Rio Ave,Guimaraes,2.0,2.0,D,2.0,0.0,H,3.7,3.3,2.05,3.6,3.25,2.05,2024/25,€33.30m,€55.53m,5.0,16.0,4.0,5.0,9.0,13.0,0.0,2.0,2.0,1.0,0.0,0.0
P1,19/12/2024,Nacional,Benfica,0.0,2.0,A,0.0,0.0,D,8.5,7.0,1.25,10.0,6.0,1.25,2024/25,€15.23m,€354.00m,5.0,16.0,1.0,7.0,12.0,9.0,4.0,11.0,2.0,4.0,0.0,0.0
