Div,Date,HomeTeam,AwayTeam,FTHG,FTAG,FTR,HTHG,HTAG,HTR,B365H,B365D,B365A,BWH,BWD,BWA,Season,HomeValue,AwayValue,Referee,HS,AS,HST,AST,HF,AF,HC,AC,HY,AY,HR,AR
I1,27/08/2005,Fiorentina,Sampdoria,2.0,1.0,H,2.0,0.0,H,2.2,2.87,3.25,2.25,2.9,3.2,2005/6,€138.68m,€61.50m,G. Paparesta,15.0,9.0,9.0,4.0,18.0,23.0,9.0,3.0,1.0,4.0,0.0,0.0
I1,27/08/2005,Livorno,Lecce,2.0,1.0,H,1.0,1.0,D,1.9,2.9,4.0,1.9,3.2,3.8,2005/6,€56.38m,€52.15m,G. Rocchi,17.0,6.0,7.0,5.0,27.0,21.0,9.0,2.0,2.0,3.0,0.0,0.0
I1,28/08/2005,Ascoli,Milan,1.0,1.0,D,0.0,0.0,D,7.5,3.75,1.4,9.0,4.5,1.3,2005/6,€24.55m,€269.75m,M. De Santis,8.0,16.0,3.0,9.0,22.0,16.0,0.0,5.0,2.0,1.0,0.0,0.0
I1,28/08/2005,Inter,Treviso,3.0,0.0,H,1.0,0.0,H,1.16,5.5,13.0,1.16,5.9,15.0,2005/6,€234.93m,€23.53m,P. Tagliavento,16.0,7.0,9.0,3.0,13.0,20.0,6.0,1.0,1.0,3.0,0.0,0.0
I1,28/08/2005,Juventus,Chievo,1.0,0.0,H,1.0,0.0,H,1.25,5.0,13.0,1.22,5.5,10.0,2005/6,€308.90m,€49.55m,M. Trefoloni,16.0,2.0,7.0,0.0,16.0,12.0,6.0,2.0,1.0,2.0,0.0,0.0
I1,28/08/2005,Lazio,Messina,1.0,0.0,H,1.0,0.0,H,1.9,3.1,3.75,1.9,3.1,4.0,2005/6,€83.05m,€39.98m,P. Dondarini,7.0,16.0,4.0,7.0,18.0,20.0,6.0,10.0,3.0,1.0,0.0,0.0
I1,28/08/2005,Parma,Palermo,1.0,1.0,D,0.0,1.0,A,2.4,2.87,2.87,2.55,2.9,2.75,2005/6,€57.05m,€94.20m,T. Pieri,8.0,14.0,3.0,9.0,18.0,9.0,3.0,8.0,3.0,0.0,0.0,0.0
I1,28/08/2005,Reggina,Roma,0.0,3.0,A,0.0,1.0,A,3.5,3.0,2.0,3.9,3.15,1.9,2005/6,€43.65m,€193.20m,R. Rosetti,5.0,13.0,3.0,9.0,19.0,18.0,2.0,4.0,0.0,0.0,1.0,0.0
I1,28/08/2005,Siena,Cagliari,2.0,1.0,H,1.0,1.0,D,2.2,3.0,3.1,2.2,2.9,3.3,2005/6,€34.98m,€35.65m,C. Brighi,10.0,9.0,6.0,6.0,21.0,19.0,4.0,4.0,2.0,2.0,1.0,0.0
I1,28/08/2005,Udinese,Empoli,1.0,0.0,H,1.0,0.0,H,1.57,3.25,6.0,1.6,3.4,5.5,2005/6,€89.60m,€37.00m,A. De Marco,12.0,8.0,8.0,4.0,20.0,12.0,6.0,5.0,2.0,1.0,0.0,0.0
I1,10/09/2005,Milan,Siena,3.0,1.0,H,2.0,1.0,H,1.2,5.0,12.0,1.16,6.4,12.5,2005/6,€269.75m,€34.98m,S. Farina,21.0,7.0,11.0,3.0,7.0,16.0,3.0,4.0,1.0,2.0,0.0,0.0
I1,10/09/2005,Palermo,Inter,3.0,2.0,H,1.0,0.0,H,3.5,3.0,2.0,3.65,3.05,2.0,2005/6,€94.20m,€234.93m,G. Paparesta,24.0,15.0,13.0,6.0,15.0,14.0,9.0,6.0,2.0,1.0,0.0,0.0
I1,11/09/2005,Cagliari,Lazio,1.0,1.0,D,1.0,1.0,D,2.25,3.0,3.0,2.15,2.9,3.45,2005/6,€35.65m,€83.05m,P. Bertini,9.0,6.0,3.0,3.0,12.0,16.0,6.0,6.0,2.0,2.0,1.0,0.0
I1,11/09/2005,Chievo,Parma,1.0,0.0,H,1.0,0.0,H,2.2,2.87,3.2,2.25,2.75,3.45,2005/6,€49.55m,€57.05m,O. Girardi,12.0,5.0,8.0,2.0,16.0,15.0,9.0,2.0,1.0,1.0,0.0,0.0
I1,11/09/2005,Empoli,Juventus,0.0,4.0,A,0.0,3.0,A,5.5,3.75,1.5,6.75,3.75,1.45,2005/6,€37.00m,€308.90m,A. Dattilo,9.0,13.0,1.0,8.0,16.0,23.0,3.0,6.0,1.0,0.0,0.0,0.0
I1,11/09/2005,Lecce,Ascoli,0.0,0.0,D,0.0,0.0,D,1.72,3.2,4.5,1.75,3.1,4.9,2005/6,€52.15m,€24.55m,A. Romeo,9.0,6.0,6.0,4.0,18.0,9.0,9.0,2.0,2.0,3.0,0.0,1.0
I1,11/09/2005,Messina,Fiorentina,2.0,2.0,D,0.0,2.0,A,2.5,2.87,2.75,2.7,2.8,2.7,2005/6,€39.98m,€138.68m,P. Rodomonti,8.0,12.0,4.0,7.0,19.0,20.0,7.0,7.0,3.0,3.0,0.0,0.0
I1,11/09/2005,Roma,Udinese,0.0,1.0,A,0.0,1.0,A,1.83,3.0,4.33,1.77,3.2,4.5,2005/6,€193.20m,€89.60m,D. Messina,13.0,10.0,4.0,5.0,15.0,20.0,7.0,4.0,0.0,4.0,0.0,0.0
I1,11/09/2005,Sampdoria,Reggina,3.0,2.0,H,1.0,1.0,D,1.53,3.5,5.5,1.5,3.6,6.5,2005/6,€61.50m,€43.65m,L. Palanca,16.0,11.0,7.0,7.0,22.0,24.0,5.0,5.0,1.0,3.0,0.0,1.0
I1,11/09/2005,Treviso,Livorno,0.0,1.0,A,0.0,0.0,D,2.5,2.87,2.75,2.5,2.8,2.9,2005/6,€23.53m,€56.38m,M. Saccani,4.0,7.0,2.0,4.0,14.0,19.0,3.0,6.0,3.0,2.0,0.0,0.0
I1,17/09/2005,Inter,Lecce,3.0,0.0,H,2.0,0.0,H,1.22,5.5,13.0,1.2,5.2,14.0,2005/6,€234.93m,€52.15m,T. Pieri,12.0,7.0,8.0,5.0,16.0,19.0,5.0,3.0,1.0,1.0,0.0,0.0
I1,17/09/2005,Parma,Empoli,1.0,0.0,H,1.0,0.0,H,1.8,3.1,5.0,1.75,3.15,4.7,2005/6,€57.05m,€37.00m,M. Bergonzi,27.0,16.0,12.0,3.0,22.0,19.0,10.0,7.0,1.0,0.0,0.0,0.0
I1,18/09/2005,Cagliari,Messina,1.0,1.0,D,1.0,1.0,D,2.1,2.9,3.8,2.25,2.85,3.25,2005/6,€35.65m,€39.98m,A. Giannoccaro,16.0,8.0,8.0,5.0,20.0,25.0,8.0,4.0,1.0,4.0,0.0,0.0
I1,18/09/2005,Fiorentina,Udinese,4.0,2.0,H,2.0,1.0,H,2.2,3.0,3.4,2.25,2.9,3.25,2005/6,€138.68m,€89.60m,P. Dondarini,11.0,14.0,6.0,9.0,24.0,21.0,4.0,3.0,0.0,3.0,0.0,0.0
I1,18/09/2005,Juventus,Ascoli,2.0,1.0,H,2.0,1.0,H,1.16,6.5,15.0,1.11,7.15,17.0,2005/6,€308.90m,€24.55m,P. Tagliavento,17.0,12.0,7.0,5.0,18.0,16.0,8.0,6.0,2.0,2.0,0.0,0.0
I1,18/09/2005,Lazio,Treviso,3.0,1.0,H,2.0,1.0,H,1.61,3.4,6.0,1.65,3.15,5.75,2005/6,€83.05m,€23.53m,P. Mazzoleni,13.0,5.0,6.0,1.0,23.0,23.0,7.0,1.0,0.0,0.0,0.0,1.0
I1,18/09/2005,Livorno,Roma,0.0,0.0,D,0.0,0.0,D,3.4,3.0,2.2,3.1,3.1,2.2,2005/6,€56.38m,€193.20m,M. Trefoloni,6.0,8.0,4.0,5.0,17.0,13.0,5.0,3.0,2.0,2.0,0.0,0.0
I1,18/09/2005,Reggina,Chievo,1.0,3.0,A,1.0,1.0,D,2.37,2.87,3.25,2.3,2.85,3.15,2005/6,€43.65m,€49.55m,S. Racalbuto,16.0,8.0,8.0,5.0,11.0,12.0,5.0,3.0,3.0,2.0,0.0,1.0
I1,18/09/2005,Sampdoria,Milan,2.0,1.0,H,1.0,1.0,D,4.5,3.2,1.83,4.2,3.15,1.83,2005/6,€61.50m,€269.75m,P. Bertini,7.0,12.0,4.0,5.0,20.0,16.0,4.0,7.0,3.0,1.0,0.0,0.0
I1,18/09/2005,Siena,Palermo,1.0,2.0,A,1.0,1.0,D,2.6,2.87,2.6,2.75,2.85,2.6,2005/6,€34.98m,€94.20m,G. Rocchi,10.0,14.0,3.0,10.0,13.0,15.0,4.0,6.0,3.0,2.0,0.0,0.0
I1,21/09/2005,Ascoli,Siena,1.0,1.0,D,0.0,1.0,A,2.3,2.9,3.25,2.45,2.9,2.9,2005/6,€24.55m,€34.98m,N. Stefanini,7.0,8.0,2.0,4.0,28.0,19.0,3.0,3.0,1.0,2.0,0.0,0.0
I1,21/09/2005,Chievo,Inter,0.0,1.0,A,0.0,0.0,D,5.5,3.1,1.72,4.9,3.25,1.7,2005/6,€49.55m,€234.93m,E. Morganti,6.0,17.0,2.0,10.0,22.0,18.0,1.0,7.0,2.0,2.0,0.0,0.0
I1,21/09/2005,Empoli,Cagliari,3.0,1.0,H,0.0,1.0,A,2.3,2.9,3.3,2.35,2.9,3.0,2005/6,€37.00m,€35.65m,N. Rizzoli,8.0,9.0,4.0,5.0,22.0,16.0,8.0,5.0,3.0,2.0,0.0,0.0
I1,21/09/2005,Lecce,Fiorentina,1.0,3.0,A,1.0,0.0,H,3.75,3.0,2.1,3.75,3.0,2.0,2005/6,€52.15m,€138.68m,M. De Santis,10.0,14.0,4.0,9.0,18.0,16.0,2.0,6.0,3.0,1.0,1.0,0.0
I1,21/09/2005,Messina,Livorno,0.0,0.0,D,0.0,0.0,D,2.2,2.87,3.6,2.2,2.8,3.45,2005/6,€39.98m,€56.38m,R. Rosetti,10.0,5.0,7.0,3.0,16.0,13.0,7.0,1.0,1.0,0.0,0.0,0.0
I1,21/09/2005,Milan,Lazio,2.0,0.0,H,2.0,0.0,H,1.4,4.0,9.0,1.3,4.65,8.5,2005/6,€269.75m,€83.05m,D. Messina,12.0,8.0,7.0,3.0,17.0,14.0,5.0,2.0,0.0,1.0,0.0,0.0
I1,21/09/2005,Palermo,Reggina,1.0,0.0,H,0.0,0.0,D,1.44,3.8,7.0,1.4,3.75,8.25,2005/6,€94.20m,€43.65m,P. Rodomonti,16.0,8.0,10.0,3.0,17.0,19.0,10.0,5.0,2.0,4.0,0.0,0.0
I1,21/09/2005,Roma,Parma,4.0,1.0,H,3.0,1.0,H,1.57,3.6,6.0,1.55,3.4,6.25,2005/6,€193.20m,€57.05m,D. Tombolini,18.0,8.0,12.0,2.0,17.0,14.0,7.0,6.0,2.0,3.0,0.0,0.0
I1,21/09/2005,Treviso,Sampdoria,0.0,2.0,A,0.0,1.0,A,3.75,3.0,2.0,3.9,3.0,1.97,2005/6,€23.53m,€61.50m,L. Banti,11.0,9.0,4.0,6.0,15.0,12.0,3.0,5.0,3.0,0.0,0.0,0.0
I1,21/09/2005,Udinese,Juventus,0.0,1.0,A,0.0,1.0,A,4.0,3.0,2.0,3.75,3.1,1.95,2005/6,€89.60m,€308.90m,N. Ayroldi,6.0,7.0,3.0,3.0,24.0,18.0,3.0,1.0,3.0,1.0,0.0,0.0
I1,24/09/2005,Parma,Juventus,1.0,2.0,A,1.0,1.0,D,6.0,3.4,1.61,6.0,3.25,1.6,2005/6,€57.05m,€308.90m,T. Pieri,5.0,8.0,3.0,6.0,27.0,27.0,2.0,5.0,3.0,3.0,0.0,0.0
I1,24/09/2005,Reggina,Udinese,2.0,0.0,H,1.0,0.0,H,3.5,3.0,2.2,3.5,3.1,2.05,2005/6,€43.65m,€89.60m,M. Gabriele,6.0,7.0,4.0,3.0,20.0,26.0,4.0,7.0,4.0,3.0,0.0,1.0
I1,25/09/2005,Cagliari,Roma,0.0,0.0,D,0.0,0.0,D,3.75,3.2,2.0,3.8,3.25,1.9,2005/6,€35.65m,€193.20m,A. Dattilo,8.0,12.0,3.0,5.0,12.0,17.0,2.0,3.0,2.0,2.0,0.0,0.0
I1,25/09/2005,Empoli,Lecce,1.0,0.0,H,0.0,0.0,D,2.0,3.2,3.75,1.95,3.05,3.85,2005/6,€37.00m,€52.15m,O. Pantana,5.0,12.0,2.0,2.0,21.0,24.0,3.0,5.0,1.0,4.0,0.0,0.0
I1,25/09/2005,Inter,Fiorentina,1.0,0.0,H,1.0,0.0,H,1.61,3.4,6.0,1.7,3.2,5.0,2005/6,€234.93m,€138.68m,S. Farina,17.0,4.0,7.0,2.0,26.0,20.0,6.0,3.0,2.0,3.0,0.0,0.0
I1,25/09/2005,Lazio,Palermo,4.0,2.0,H,0.0,1.0,A,2.6,2.9,2.9,2.7,2.8,2.7,2005/6,€83.05m,€94.20m,M. Saccani,8.0,10.0,5.0,4.0,23.0,21.0,8.0,7.0,2.0,3.0,0.0,0.0
I1,25/09/2005,Livorno,Ascoli,2.0,0.0,H,0.0,0.0,D,1.72,3.1,5.5,1.67,3.1,5.6,2005/6,€56.38m,€24.55m,C. Brighi,9.0,5.0,2.0,2.0,10.0,15.0,4.0,3.0,0.0,2.0,0.0,1.0
I1,25/09/2005,Sampdoria,Chievo,1.0,2.0,A,0.0,1.0,A,1.66,3.2,6.0,1.67,3.1,5.6,2005/6,€61.50m,€49.55m,S. Cassara',8.0,10.0,5.0,6.0,18.0,26.0,6.0,7.0,2.0,4.0,0.0,0.0
I1,25/09/2005,Siena,Messina,4.0,2.0,H,3.0,1.0,H,2.2,3.0,3.4,2.2,2.8,3.5,2005/6,€34.98m,€39.98m,A. De Marco,12.0,6.0,5.0,3.0,17.0,16.0,6.0,2.0,1.0,2.0,0.0,0.0
I1,25/09/2005,Treviso,Milan,0.0,2.0,A,0.0,1.0,A,9.0,4.33,1.36,8.75,3.95,1.37,2005/6,€23.53m,€269.75m,L. Palanca,6.0,12.0,2.0,6.0,22.0,13.0,4.0,2.0,3.0,0.0,0.0,0.0
I1,01/10/2005,Chievo,Treviso,0.0,0.0,D,0.0,0.0,D,1.53,3.5,7.0,1.57,3.15,7.0,2005/6,€49.55m,€23.53m,M. Mazzoleni,11.0,7.0,0.0,3.0,24.0,22.0,6.0,4.0,3.0,2.0,0.0,0.0
I1,01/10/2005,Udinese,Lazio,3.0,0.0,H,0.0,0.0,D,1.9,3.1,4.33,1.9,3.1,4.0,2005/6,€89.60m,€83.05m,R. Rosetti,19.0,6.0,10.0,1.0,18.0,25.0,10.0,1.0,2.0,3.0,0.0,0.0
I1,02/10/2005,Ascoli,Parma,3.0,1.0,H,2.0,1.0,H,2.5,2.87,3.0,2.5,2.8,2.9,2005/6,€24.55m,€57.05m,D. Preschern,10.0,10.0,6.0,4.0,23.0,22.0,5.0,5.0,3.0,5.0,0.0,1.0
I1,02/10/2005,Fiorentina,Livorno,3.0,2.0,H,2.0,0.0,H,1.66,3.4,5.5,1.67,3.2,5.4,2005/6,€138.68m,€56.38m,N. Ayroldi,11.0,9.0,5.0,5.0,19.0,21.0,2.0,7.0,2.0,2.0,0.0,1.0
I1,02/10/2005,Juventus,Inter,2.0,0.0,H,2.0,0.0,H,2.2,2.87,3.6,2.1,2.9,3.6,2005/6,€308.90m,€234.93m,G. Paparesta,8.0,11.0,5.0,6.0,29.0,22.0,1.0,9.0,2.0,3.0,0.0,0.0
I1,02/10/2005,Lecce,Cagliari,3.0,0.0,H,2.0,0.0,H,2.1,3.0,3.75,2.2,2.85,3.4,2005/6,€52.15m,€35.65m,O. Girardi,11.0,17.0,8.0,7.0,24.0,16.0,4.0,8.0,0.0,3.0,0.0,0.0
I1,02/10/2005,Messina,Sampdoria,1.0,4.0,A,0.0,1.0,A,2.75,2.87,2.75,2.9,2.8,2.5,2005/6,€39.98m,€61.50m,M. De Santis,18.0,12.0,10.0,7.0,15.0,18.0,5.0,0.0,4.0,3.0,0.0,0.0
I1,02/10/2005,Milan,Reggina,2.0,1.0,H,2.0,0.0,H,1.2,5.5,17.0,1.17,6.0,13.0,2005/6,€269.75m,€43.65m,N. Rizzoli,17.0,8.0,7.0,1.0,13.0,10.0,7.0,1.0,1.0,0.0,0.0,0.0
I1,02/10/2005,Palermo,Empoli,2.0,2.0,D,1.0,2.0,A,1.53,3.5,7.0,1.55,3.2,7.0,2005/6,€94.20m,€37.00m,L. Banti,21.0,5.0,10.0,4.0,13.0,11.0,11.0,0.0,0.0,2.0,0.0,0.0
I1,02/10/2005,Roma,Siena,2.0,3.0,A,0.0,1.0,A,1.53,3.5,7.0,1.45,3.7,7.15,2005/6,€193.20m,€34.98m,E. Morganti,15.0,5.0,9.0,4.0,19.0,17.0,14.0,5.0,2.0,3.0,0.0,1.0
I1,15/10/2005,Juventus,Messina,1.0,0.0,H,1.0,0.0,H,1.16,5.5,13.0,1.15,6.0,16.0,2005/6,€308.90m,€39.98m,M. Bergonzi,14.0,8.0,10.0,4.0,24.0,26.0,6.0,1.0,2.0,4.0,0.0,0.0
I1,15/10/2005,Siena,Udinese,2.0,3.0,A,0.0,2.0,A,2.75,2.75,2.6,2.7,2.9,2.6,2005/6,€34.98m,€89.60m,P. Tagliavento,11.0,13.0,6.0,8.0,16.0,19.0,3.0,6.0,2.0,4.0,0.0,1.0
I1,16/10/2005,Ascoli,Sampdoria,2.0,1.0,H,1.0,0.0,H,3.2,2.87,2.2,3.45,3.0,2.1,2005/6,€24.55m,€61.50m,M. Saccani,13.0,13.0,9.0,7.0,17.0,19.0,4.0,9.0,2.0,1.0,0.0,0.0
I1,16/10/2005,Cagliari,Milan,0.0,2.0,A,0.0,2.0,A,5.5,3.5,1.53,6.85,3.5,1.5,2005/6,€35.65m,€269.75m,D. Messina,10.0,9.0,5.0,4.0,15.0,16.0,6.0,3.0,1.0,1.0,0.0,0.0
I1,16/10/2005,Empoli,Roma,1.0,0.0,H,0.0,0.0,D,3.2,2.8,2.25,3.2,3.1,2.15,2005/6,€37.00m,€193.20m,T. Pieri,7.0,8.0,4.0,4.0,12.0,17.0,4.0,11.0,0.0,3.0,1.0,0.0
I1,16/10/2005,Inter,Livorno,5.0,0.0,H,2.0,0.0,H,1.25,5.0,9.0,1.22,5.5,10.5,2005/6,€234.93m,€56.38m,P. Rodomonti,15.0,5.0,11.0,1.0,20.0,16.0,4.0,2.0,1.0,0.0,0.0,1.0
I1,16/10/2005,Lazio,Fiorentina,1.0,0.0,H,0.0,0.0,D,2.5,2.87,2.75,2.6,2.9,2.7,2005/6,€83.05m,€138.68m,N. Rizzoli,10.0,12.0,9.0,4.0,15.0,21.0,8.0,7.0,1.0,3.0,0.0,0.0
I1,16/10/2005,Palermo,Chievo,2.0,2.0,D,1.0,2.0,A,1.72,3.2,4.5,1.72,3.0,5.5,2005/6,€94.20m,€49.55m,G. Rocchi,9.0,7.0,6.0,5.0,26.0,20.0,4.0,3.0,3.0,3.0,1.0,0.0
I1,16/10/2005,Parma,Treviso,1.0,1.0,D,1.0,0.0,H,1.66,3.2,5.0,1.7,3.0,5.65,2005/6,€57.05m,€23.53m,A. Giannoccaro,5.0,13.0,2.0,4.0,16.0,37.0,1.0,7.0,3.0,5.0,0.0,0.0
I1,16/10/2005,Reggina,Lecce,2.0,0.0,H,1.0,0.0,H,2.1,2.8,3.5,2.1,3.0,3.45,2005/6,€43.65m,€52.15m,M. Trefoloni,12.0,9.0,8.0,4.0,12.0,25.0,4.0,3.0,2.0,4.0,0.0,1.0
I1,22/10/2005,Fiorentina,Parma,4.0,1.0,H,3.0,0.0,H,1.5,3.6,7.5,1.45,3.9,6.5,2005/6,€138.68m,€57.05m,E. Morganti,11.0,9.0,6.0,4.0,12.0,17.0,6.0,5.0,1.0,2.0,0.0,0.0
I1,22/10/2005,Messina,Ascoli,1.0,1.0,D,1.0,0.0,H,1.9,3.0,4.5,1.9,3.15,3.95,2005/6,€39.98m,€24.55m,L. Banti,10.0,6.0,3.0,2.0,16.0,12.0,3.0,4.0,3.0,1.0,1.0,1.0
I1,23/10/2005,Chievo,Cagliari,2.0,1.0,H,0.0,0.0,D,1.8,3.1,5.0,1.7,3.25,4.9,2005/6,€49.55m,€35.65m,P. Mazzoleni,12.0,5.0,5.0,2.0,24.0,29.0,10.0,1.0,1.0,3.0,0.0,0.0
I1,23/10/2005,Lecce,Juventus,0.0,3.0,A,0.0,1.0,A,7.0,3.75,1.5,7.0,3.6,1.47,2005/6,€52.15m,€308.90m,S. Racalbuto,5.0,17.0,2.0,9.0,30.0,27.0,9.0,5.0,1.0,0.0,0.0,0.0
I1,23/10/2005,Livorno,Reggina,1.0,0.0,H,0.0,0.0,D,1.9,3.1,4.33,1.83,3.0,4.55,2005/6,€56.38m,€43.65m,P. Bertini,15.0,7.0,6.0,1.0,21.0,20.0,10.0,7.0,2.0,2.0,1.0,1.0
I1,23/10/2005,Milan,Palermo,2.0,1.0,H,1.0,1.0,D,1.4,4.0,9.0,1.35,4.2,8.25,2005/6,€269.75m,€94.20m,S. Farina,16.0,8.0,11.0,4.0,19.0,18.0,6.0,6.0,1.0,3.0,0.0,0.0
I1,23/10/2005,Roma,Lazio,1.0,1.0,D,1.0,0.0,H,2.4,2.87,3.2,2.45,2.9,2.9,2005/6,€193.20m,€83.05m,G. Paparesta,14.0,6.0,4.0,2.0,28.0,21.0,3.0,3.0,3.0,2.0,0.0,0.0
I1,23/10/2005,Sampdoria,Siena,3.0,3.0,D,1.0,0.0,H,1.66,3.4,5.5,1.65,3.25,5.35,2005/6,€61.50m,€34.98m,O. Girardi,11.0,15.0,8.0,8.0,20.0,23.0,5.0,2.0,2.0,5.0,1.0,0.0
I1,23/10/2005,Treviso,Empoli,1.0,2.0,A,0.0,1.0,A,2.37,2.75,3.4,2.2,2.95,3.3,2005/6,€23.53m,€37.00m,F. Squillace,17.0,10.0,6.0,4.0,19.0,17.0,10.0,3.0,1.0,2.0,0.0,0.0
I1,23/10/2005,Udinese,Inter,0.0,1.0,A,0.0,1.0,A,3.75,3.0,2.1,3.7,3.1,1.97,2005/6,€89.60m,€234.93m,D. Tombolini,9.0,17.0,4.0,10.0,20.0,20.0,1.0,8.0,2.0,3.0,0.0,0.0
I1,26/10/2005,Ascoli,Udinese,1.0,1.0,D,1.0,0.0,H,3.4,3.0,2.2,3.3,2.85,2.25,2005/6,€24.55m,€89.60m,A. De Marco,7.0,8.0,4.0,4.0,17.0,19.0,3.0,9.0,1.0,0.0,0.0,0.0
I1,26/10/2005,Cagliari,Livorno,1.0,1.0,D,0.0,0.0,D,2.37,2.75,3.4,2.3,2.9,3.15,2005/6,€35.65m,€56.38m,L. Palanca,14.0,5.0,5.0,3.0,16.0,25.0,8.0,2.0,2.0,3.0,0.0,0.0
I1,26/10/2005,Empoli,Milan,1.0,3.0,A,1.0,1.0,D,6.5,3.5,1.57,6.75,3.4,1.52,2005/6,€37.00m,€269.75m,M. Trefoloni,8.0,16.0,4.0,8.0,13.0,13.0,5.0,10.0,0.0,1.0,0.0,0.0
I1,26/10/2005,Inter,Roma,2.0,3.0,A,0.0,2.0,A,1.61,3.4,6.0,1.55,3.45,6.15,2005/6,€234.93m,€193.20m,R. Rosetti,15.0,9.0,9.0,5.0,16.0,20.0,9.0,2.0,2.0,3.0,1.0,1.0
I1,26/10/2005,Juventus,Sampdoria,2.0,0.0,H,1.0,0.0,H,1.4,4.0,9.0,1.35,4.1,9.0,2005/6,€308.90m,€61.50m,A. Dattilo,14.0,12.0,9.0,4.0,24.0,25.0,3.0,7.0,0.0,2.0,0.0,0.0
I1,26/10/2005,Palermo,Lecce,3.0,0.0,H,1.0,0.0,H,1.57,3.5,6.5,1.5,3.5,6.9,2005/6,€94.20m,€52.15m,C. Brighi,10.0,12.0,4.0,5.0,13.0,16.0,2.0,7.0,3.0,3.0,1.0,0.0
I1,26/10/2005,Parma,Messina,1.0,1.0,D,1.0,0.0,H,2.0,3.0,4.0,1.95,3.1,3.8,2005/6,€57.05m,€39.98m,D. Messina,11.0,14.0,5.0,8.0,15.0,22.0,4.0,3.0,1.0,4.0,0.0,0.0
I1,26/10/2005,Reggina,Treviso,1.0,2.0,A,0.0,1.0,A,1.72,3.3,5.0,1.75,3.1,4.9,2005/6,€43.65m,€23.53m,O. Pantana,10.0,5.0,5.0,3.0,14.0,20.0,8.0,3.0,1.0,3.0,0.0,0.0
I1,26/10/2005,Siena,Fiorentina,0.0,2.0,A,0.0,1.0,A,3.0,3.0,2.4,2.8,3.0,2.45,2005/6,€34.98m,€138.68m,M. De Santis,13.0,8.0,7.0,4.0,12.0,21.0,8.0,2.0,5.0,1.0,0.0,0.0
I1,29/10/2005,Milan,Juventus,3.0,1.0,H,3.0,0.0,H,2.37,2.75,3.0,2.45,2.9,2.9,2005/6,€269.75m,€308.90m,P. Bertini,7.0,4.0,4.0,3.0,26.0,26.0,6.0,2.0,2.0,3.0,0.0,0.0
I1,29/10/2005,Sampdoria,Inter,2.0,2.0,D,2.0,2.0,D,3.0,3.0,2.25,3.4,3.05,2.1,2005/6,€61.50m,€234.93m,S. Farina,11.0,12.0,8.0,7.0,13.0,20.0,4.0,8.0,1.0,2.0,0.0,0.0
I1,30/10/2005,Chievo,Empoli,2.0,2.0,D,1.0,1.0,D,1.83,3.0,4.33,1.85,3.0,4.45,2005/6,€49.55m,€37.00m,N. Stefanini,14.0,7.0,6.0,4.0,13.0,21.0,6.0,2.0,2.0,1.0,0.0,0.0
I1,30/10/2005,Fiorentina,Cagliari,2.0,1.0,H,0.0,1.0,A,1.36,4.0,7.5,1.36,4.0,8.75,2005/6,€138.68m,€35.65m,M. Gabriele,7.0,11.0,4.0,6.0,22.0,14.0,4.0,5.0,3.0,3.0,0.0,2.0
I1,30/10/2005,Lecce,Messina,0.0,2.0,A,0.0,0.0,D,2.0,3.0,3.5,2.15,2.9,3.45,2005/6,€52.15m,€39.98m,M. Mazzoleni,14.0,10.0,6.0,5.0,22.0,25.0,5.0,3.0,2.0,4.0,0.0,0.0
I1,30/10/2005,Livorno,Parma,2.0,0.0,H,2.0,0.0,H,1.72,3.25,4.33,1.77,3.1,4.75,2005/6,€56.38m,€57.05m,M. Saccani,7.0,8.0,3.0,5.0,15.0,13.0,3.0,5.0,1.0,1.0,0.0,0.0
I1,30/10/2005,Reggina,Lazio,1.0,0.0,H,0.0,0.0,D,2.6,2.87,2.6,2.55,2.9,2.75,2005/6,€43.65m,€83.05m,G. Rocchi,12.0,5.0,5.0,2.0,23.0,20.0,3.0,4.0,2.0,4.0,0.0,0.0
I1,30/10/2005,Roma,Ascoli,2.0,1.0,H,1.0,0.0,H,1.44,3.75,6.5,1.45,3.65,7.5,2005/6,€193.20m,€24.55m,N. Rizzoli,13.0,9.0,8.0,5.0,19.0,15.0,9.0,2.0,1.0,3.0,1.0,0.0
I1,30/10/2005,Treviso,Siena,0.0,1.0,A,0.0,1.0,A,2.4,2.9,2.8,2.37,2.9,3.0,2005/6,€23.53m,€34.98m,M. Bergonzi,7.0,10.0,3.0,4.0,23.0,18.0,3.0,7.0,2.0,1.0,0.0,0.0
I1,30/10/2005,Udinese,Palermo,0.0,0.0,D,0.0,0.0,D,2.0,3.0,3.5,2.05,3.1,3.5,2005/6,€89.60m,€94.20m,P. Rodomonti,10.0,9.0,2.0,3.0,31.0,28.0,6.0,6.0,2.0,2.0,0.0,0.0
I1,05/11/2005,Empoli,Reggina,3.0,0.0,H,1.0,0.0,H,2.0,2.75,4.0,2.0,2.85,4.05,2005/6,€37.00m,€43.65m,A. Romeo,12.0,11.0,8.0,4.0,23.0,17.0,3.0,7.0,1.0,1.0,0.0,0.0
I1,05/11/2005,Lazio,Inter,0.0,0.0,D,0.0,0.0,D,3.6,3.1,2.1,3.5,3.1,2.05,2005/6,€83.05m,€234.93m,D. Messina,7.0,9.0,3.0,3.0,16.0,18.0,3.0,8.0,2.0,3.0,0.0,0.0
I1,06/11/2005,Ascoli,Fiorentina,0.0,2.0,A,0.0,1.0,A,3.5,3.0,2.0,3.85,2.95,2.0,2005/6,€24.55m,€138.68m,A. Dattilo,5.0,11.0,3.0,5.0,17.0,13.0,6.0,3.0,2.0,1.0,0.0,0.0
I1,06/11/2005,Cagliari,Treviso,0.0,0.0,D,0.0,0.0,D,1.9,3.0,3.8,1.85,3.05,4.35,2005/6,€35.65m,€23.53m,E. Morganti,14.0,7.0,7.0,2.0,19.0,23.0,6.0,1.0,2.0,4.0,0.0,0.0
I1,06/11/2005,Juventus,Livorno,3.0,0.0,H,0.0,0.0,D,1.25,4.5,11.0,1.25,5.0,10.0,2005/6,€308.90m,€56.38m,C. Brighi,18.0,7.0,7.0,3.0,21.0,19.0,8.0,5.0,3.0,2.0,0.0,1.0
I1,06/11/2005,Messina,Roma,0.0,2.0,A,0.0,1.0,A,3.2,3.2,2.2,3.25,3.05,2.15,2005/6,€39.98m,€193.20m,P. Dondarini,11.0,9.0,7.0,5.0,24.0,11.0,7.0,3.0,4.0,2.0,0.0,0.0
I1,06/11/2005,Milan,Udinese,5.0,1.0,H,3.0,0.0,H,1.36,4.33,9.0,1.32,4.5,8.5,2005/6,€269.75m,€89.60m,P. Bertini,7.0,4.0,4.0,3.0,26.0,26.0,6.0,2.0,2.0,3.0,0.0,0.0
I1,06/11/2005,Palermo,Sampdoria,0.0,2.0,A,0.0,1.0,A,2.2,3.0,3.5,2.15,2.9,3.4,2005/6,€94.20m,€61.50m,M. Trefoloni,15.0,8.0,7.0,3.0,18.0,19.0,6.0,4.0,2.0,4.0,0.0,0.0
I1,06/11/2005,Parma,Lecce,2.0,0.0,H,1.0,0.0,H,1.8,3.25,4.0,1.8,3.05,4.6,2005/6,€57.05m,€52.15m,P. Tagliavento,5.0,10.0,3.0,4.0,20.0,20.0,6.0,3.0,1.0,3.0,0.0,0.0
I1,06/11/2005,Siena,Chievo,0.0,1.0,A,0.0,1.0,A,2.25,2.8,3.2,2.35,2.85,3.1,2005/6,€34.98m,€49.55m,D. Tombolini,13.0,8.0,5.0,5.0,28.0,18.0,10.0,1.0,3.0,3.0,0.0,1.0
I1,19/11/2005,Roma,Juventus,1.0,4.0,A,0.0,1.0,A,2.75,3.0,2.37,3.05,2.95,2.3,2005/6,€193.20m,€308.90m,G. Paparesta,9.0,9.0,3.0,6.0,31.0,21.0,3.0,6.0,3.0,3.0,0.0,1.0
I1,19/11/2005,Udinese,Messina,1.0,0.0,H,0.0,0.0,D,1.57,3.4,5.5,1.57,3.25,6.0,2005/6,€89.60m,€39.98m,M. De Santis,18.0,5.0,11.0,3.0,20.0,21.0,10.0,0.0,3.0,3.0,0.0,0.0
I1,20/11/2005,Chievo,Ascoli,1.0,1.0,D,1.0,1.0,D,1.61,3.2,5.5,1.65,3.1,5.75,2005/6,€49.55m,€24.55m,M. Bergonzi,11.0,10.0,6.0,4.0,18.0,21.0,10.0,6.0,0.0,3.0,0.0,0.0
I1,20/11/2005,Fiorentina,Milan,3.0,1.0,H,1.0,1.0,D,2.8,2.9,2.4,3.0,3.0,2.3,2005/6,€138.68m,€269.75m,P. Rodomonti,6.0,16.0,3.0,5.0,21.0,18.0,2.0,10.0,1.0,2.0,0.0,0.0
I1,20/11/2005,Inter,Parma,2.0,0.0,H,0.0,0.0,D,1.28,4.33,9.5,1.3,4.5,9.0,2005/6,€234.93m,€57.05m,G. Rocchi,15.0,6.0,9.0,3.0,16.0,18.0,8.0,3.0,2.0,3.0,0.0,0.0
I1,20/11/2005,Lecce,Siena,3.0,0.0,H,1.0,0.0,H,2.37,2.87,2.87,2.4,3.0,2.85,2005/6,€52.15m,€34.98m,L. Palanca,18.0,8.0,12.0,5.0,20.0,19.0,10.0,3.0,2.0,4.0,0.0,0.0
I1,20/11/2005,Livorno,Empoli,2.0,0.0,H,1.0,0.0,H,1.83,3.0,4.33,1.8,3.0,4.8,2005/6,€56.38m,€37.00m,R. Rosetti,14.0,5.0,5.0,2.0,16.0,29.0,4.0,3.0,3.0,1.0,0.0,0.0
I1,20/11/2005,Reggina,Cagliari,3.0,1.0,H,2.0,0.0,H,1.9,2.9,4.0,2.0,3.1,3.6,2005/6,€43.65m,€35.65m,A. De Marco,11.0,4.0,7.0,1.0,26.0,27.0,2.0,5.0,2.0,3.0,1.0,1.0
I1,20/11/2005,Sampdoria,Lazio,2.0,0.0,H,0.0,0.0,D,1.9,2.9,4.0,1.95,3.1,3.8,2005/6,€61.50m,€83.05m,S. Racalbuto,11.0,6.0,8.0,1.0,27.0,18.0,9.0,4.0,3.0,2.0,0.0,0.0
I1,20/11/2005,Treviso,Palermo,2.0,2.0,D,2.0,1.0,H,4.0,2.8,2.1,3.8,2.9,2.05,2005/6,€23.53m,€94.20m,A. Giannoccaro,8.0,11.0,4.0,6.0,20.0,18.0,4.0,3.0,1.0,0.0,0.0,0.0
I1,26/11/2005,Livorno,Chievo,0.0,0.0,D,0.0,0.0,D,2.25,2.87,3.5,2.2,2.8,3.45,2005/6,€56.38m,€49.55m,S. Farina,14.0,5.0,2.0,2.0,22.0,30.0,8.0,3.0,2.0,3.0,0.0,0.0
I1,26/11/2005,Milan,Lecce,2.0,1.0,H,1.0,0.0,H,1.2,6.0,13.0,1.16,5.9,15.0,2005/6,€269.75m,€52.15m,D. Tombolini,18.0,10.0,6.0,3.0,14.0,22.0,3.0,0.0,1.0,3.0,0.0,0.0
I1,27/11/2005,Ascoli,Palermo,1.0,1.0,D,0.0,1.0,A,2.87,3.0,2.5,2.85,2.85,2.5,2005/6,€24.55m,€94.20m,P. Mazzoleni,5.0,5.0,3.0,2.0,18.0,20.0,0.0,6.0,2.0,3.0,0.0,0.0
I1,27/11/2005,Cagliari,Sampdoria,2.0,0.0,H,1.0,0.0,H,3.1,3.0,2.37,2.85,3.0,2.4,2005/6,€35.65m,€61.50m,P. Dondarini,6.0,9.0,3.0,1.0,23.0,12.0,2.0,7.0,3.0,3.0,0.0,0.0
I1,27/11/2005,Empoli,Lazio,2.0,3.0,A,0.0,1.0,A,2.3,2.87,3.4,2.2,2.9,3.35,2005/6,€37.00m,€83.05m,P. Tagliavento,12.0,12.0,8.0,8.0,20.0,16.0,5.0,9.0,1.0,3.0,1.0,0.0
I1,27/11/2005,Juventus,Treviso,3.0,1.0,H,2.0,1.0,H,1.14,6.5,21.0,1.14,6.1,18.0,2005/6,€308.90m,€23.53m,S. Racalbuto,11.0,4.0,6.0,3.0,14.0,24.0,3.0,3.0,0.0,0.0,0.0,0.0
I1,27/11/2005,Messina,Inter,1.0,2.0,A,0.0,1.0,A,5.0,3.3,1.72,4.25,3.4,1.75,2005/6,€39.98m,€234.93m,M. Trefoloni,12.0,14.0,6.0,5.0,20.0,12.0,5.0,8.0,2.0,1.0,0.0,0.0
I1,27/11/2005,Parma,Udinese,1.0,2.0,A,0.0,1.0,A,2.62,3.0,2.75,2.65,2.95,2.6,2005/6,€57.05m,€89.60m,M. Bergonzi,7.0,9.0,2.0,5.0,24.0,23.0,3.0,2.0,2.0,1.0,0.0,0.0
I1,27/11/2005,Roma,Fiorentina,1.0,1.0,D,1.0,0.0,H,2.37,3.1,3.0,2.45,3.1,2.7,2005/6,€193.20m,€138.68m,N. Ayroldi,9.0,8.0,5.0,3.0,22.0,24.0,6.0,4.0,3.0,1.0,1.0,0.0
I1,27/11/2005,Siena,Reggina,0.0,0.0,D,0.0,0.0,D,2.0,3.1,4.0,1.95,2.95,4.0,2005/6,€34.98m,€43.65m,O. Pantana,1.0,7.0,0.0,2.0,18.0,19.0,1.0,3.0,3.0,2.0,1.0,0.0
I1,03/12/2005,Chievo,Milan,2.0,1.0,H,1.0,1.0,D,5.0,3.0,1.72,5.5,3.2,1.65,2005/6,€49.55m,€269.75m,T. Pieri,10.0,13.0,5.0,4.0,19.0,19.0,3.0,3.0,2.0,3.0,0.0,0.0
I1,03/12/2005,Inter,Ascoli,1.0,0.0,H,1.0,0.0,H,1.2,4.5,17.0,1.19,5.5,13.0,2005/6,€234.93m,€24.55m,A. De Marco,15.0,9.0,8.0,3.0,18.0,15.0,8.0,2.0,1.0,0.0,0.0,0.0
I1,11/12/2005,Ascoli,Reggina,1.0,1.0,D,0.0,0.0,D,2.3,3.0,3.25,2.2,2.85,3.4,2005/6,€24.55m,€43.65m,M. De Santis,9.0,5.0,5.0,3.0,23.0,20.0,3.0,6.0,4.0,2.0,0.0,1.0
I1,11/12/2005,Inter,Milan,3.0,2.0,H,1.0,1.0,D,2.75,2.87,2.75,2.5,2.95,2.8,2005/6,€234.93m,€269.75m,D. Messina,16.0,7.0,5.0,3.0,20.0,19.0,5.0,3.0,2.0,3.0,0.0,0.0
I1,11/12/2005,Juventus,Cagliari,4.0,0.0,H,2.0,0.0,H,1.16,6.0,19.0,1.17,5.7,15.0,2005/6,€308.90m,€35.65m,M. Mazzoleni,15.0,8.0,9.0,3.0,22.0,10.0,7.0,3.0,0.0,3.0,0.0,0.0
I1,11/12/2005,Livorno,Lazio,2.0,1.0,H,0.0,0.0,D,2.1,3.0,3.75,2.0,3.0,3.75,2005/6,€56.38m,€83.05m,D. Tombolini,9.0,13.0,5.0,7.0,23.0,15.0,2.0,7.0,1.0,0.0,0.0,0.0
I1,11/12/2005,Parma,Sampdoria,1.0,1.0,D,1.0,0.0,H,3.1,3.1,2.3,3.2,3.0,2.2,2005/6,€57.05m,€61.50m,S. Farina,9.0,7.0,4.0,4.0,27.0,25.0,3.0,7.0,4.0,4.0,0.0,0.0
I1,11/12/2005,Roma,Palermo,1.0,2.0,A,1.0,1.0,D,1.9,3.1,4.33,1.87,3.1,4.15,2005/6,€193.20m,€94.20m,P. Bertini,6.0,6.0,3.0,2.0,10.0,16.0,2.0,8.0,1.0,3.0,0.0,0.0
I1,11/12/2005,Udinese,Lecce,1.0,2.0,A,0.0,1.0,A,1.66,3.4,5.5,1.65,3.25,5.35,2005/6,€89.60m,€52.15m,M. Trefoloni,8.0,8.0,2.0,5.0,20.0,21.0,8.0,4.0,2.0,3.0,0.0,0.0
I1,18/12/2005,Cagliari,Ascoli,2.0,1.0,H,2.0,0.0,H,1.83,3.0,5.0,1.85,3.0,4.5,2005/6,€35.65m,€24.55m,P. Rodomonti,4.0,12.0,3.0,6.0,22.0,23.0,4.0,7.0,2.0,4.0,0.0,0.0
I1,18/12/2005,Chievo,Udinese,2.0,0.0,H,1.0,0.0,H,2.3,3.0,3.2,2.4,2.85,3.0,2005/6,€49.55m,€89.60m,L. Banti,10.0,9.0,4.0,3.0,25.0,16.0,7.0,3.0,2.0,3.0,0.0,1.0
I1,18/12/2005,Empoli,Fiorentina,1.0,1.0,D,0.0,0.0,D,4.0,3.1,2.0,3.6,3.1,2.0,2005/6,€37.00m,€138.68m,G. Paparesta,6.0,19.0,2.0,6.0,19.0,20.0,2.0,7.0,3.0,1.0,0.0,0.0
I1,18/12/2005,Milan,Messina,4.0,0.0,H,1.0,0.0,H,1.2,5.8,15.0,1.2,5.45,12.0,2005/6,€269.75m,€39.98m,P. Tagliavento,17.0,10.0,8.0,4.0,12.0,16.0,11.0,5.0,1.0,0.0,0.0,0.0
I1,18/12/2005,Palermo,Livorno,0.0,2.0,A,0.0,0.0,D,1.95,3.0,4.33,2.0,3.0,3.75,2005/6,€94.20m,€56.38m,L. Palanca,9.0,10.0,4.0,5.0,12.0,21.0,8.0,1.0,2.0,2.0,1.0,0.0
I1,18/12/2005,Reggina,Inter,0.0,4.0,A,0.0,3.0,A,6.0,3.4,1.61,5.8,3.3,1.6,2005/6,€43.65m,€234.93m,P. Bertini,10.0,20.0,5.0,10.0,10.0,19.0,6.0,7.0,2.0,3.0,0.0,0.0
I1,18/12/2005,Sampdoria,Roma,1.0,1.0,D,0.0,1.0,A,2.3,3.0,3.25,2.25,3.0,3.15,2005/6,€61.50m,€193.20m,G. Rocchi,9.0,11.0,4.0,6.0,20.0,21.0,3.0,4.0,3.0,2.0,0.0,0.0
I1,18/12/2005,Siena,Parma,2.0,2.0,D,0.0,0.0,D,2.0,3.1,4.0,1.95,3.1,3.8,2005/6,€34.98m,€57.05m,A. Dattilo,8.0,3.0,4.0,2.0,16.0,19.0,5.0,2.0,3.0,1.0,0.0,0.0
I1,21/12/2005,Ascoli,Treviso,1.0,0.0,H,1.0,0.0,H,2.1,2.8,4.0,2.15,2.95,3.4,2005/6,€24.55m,€23.53m,P. Dondarini,7.0,5.0,3.0,1.0,19.0,14.0,6.0,3.0,3.0,2.0,1.0,1.0
I1,21/12/2005,Fiorentina,Palermo,1.0,0.0,H,1.0,0.0,H,1.72,3.1,5.5,1.7,3.3,4.8,2005/6,€138.68m,€94.20m,R. Rosetti,10.0,10.0,3.0,6.0,20.0,24.0,1.0,7.0,2.0,1.0,0.0,0.0
I1,21/12/2005,Inter,Empoli,4.0,1.0,H,2.0,0.0,H,1.14,6.0,17.0,1.16,6.0,14.5,2005/6,€234.93m,€37.00m,O. Girardi,17.0,6.0,9.0,4.0,18.0,17.0,9.0,2.0,0.0,1.0,0.0,0.0
I1,21/12/2005,Juventus,Siena,2.0,0.0,H,1.0,0.0,H,1.16,6.0,19.0,1.16,6.0,14.5,2005/6,€308.90m,€34.98m,M. De Santis,10.0,6.0,6.0,5.0,31.0,28.0,8.0,2.0,2.0,1.0,0.0,0.0
I1,21/12/2005,Lecce,Lazio,0.0,0.0,D,0.0,0.0,D,2.6,3.1,2.7,2.75,2.85,2.6,2005/6,€52.15m,€83.05m,G. Lops,11.0,4.0,2.0,2.0,22.0,15.0,5.0,5.0,2.0,3.0,1.0,0.0
I1,21/12/2005,Livorno,Milan,0.0,3.0,A,0.0,1.0,A,4.33,3.1,1.9,4.2,3.25,1.8,2005/6,€56.38m,€269.75m,M. Trefoloni,6.0,17.0,2.0,11.0,11.0,18.0,5.0,5.0,1.0,0.0,0.0,0.0
I1,21/12/2005,Messina,Reggina,1.0,1.0,D,1.0,0.0,H,2.0,3.0,4.0,1.95,3.0,3.95,2005/6,€39.98m,€43.65m,G. Paparesta,6.0,13.0,1.0,5.0,21.0,22.0,1.0,5.0,5.0,1.0,0.0,1.0
I1,21/12/2005,Parma,Cagliari,1.0,0.0,H,1.0,0.0,H,2.0,3.0,4.0,2.0,3.0,3.8,2005/6,€57.05m,€35.65m,N. Ayroldi,5.0,7.0,4.0,1.0,21.0,19.0,3.0,8.0,3.0,3.0,0.0,0.0
I1,21/12/2005,Roma,Chievo,4.0,0.0,H,2.0,0.0,H,1.9,3.1,4.33,1.95,3.1,3.85,2005/6,€193.20m,€49.55m,D. Tombolini,12.0,7.0,6.0,3.0,21.0,11.0,1.0,8.0,1.0,2.0,0.0,1.0
I1,21/12/2005,Udinese,Sampdoria,2.0,0.0,H,0.0,0.0,D,2.4,3.0,3.0,2.3,2.9,3.15,2005/6,€89.60m,€61.50m,M. Saccani,19.0,8.0,7.0,5.0,21.0,19.0,5.0,5.0,2.0,2.0,0.0,0.0
I1,07/01/2006,Palermo,Juventus,1.0,2.0,A,1.0,2.0,A,5.5,3.4,1.66,5.1,3.2,1.7,2005/6,€94.20m,€308.90m,P. Bertini,12.0,13.0,6.0,6.0,20.0,25.0,7.0,6.0,2.0,2.0,0.0,0.0
I1,07/01/2006,Reggina,Fiorentina,1.0,1.0,D,1.0,1.0,D,3.75,3.2,2.0,3.65,3.1,2.0,2005/6,€43.65m,€138.68m,S. Farina,6.0,6.0,3.0,3.0,26.0,28.0,4.0,4.0,2.0,3.0,0.0,0.0
I1,08/01/2006,Cagliari,Udinese,2.0,1.0,H,1.0,1.0,D,2.62,3.0,2.75,2.7,2.85,2.65,2005/6,€35.65m,€89.60m,L. Palanca,5.0,6.0,4.0,2.0,16.0,18.0,3.0,1.0,3.0,3.0,0.0,2.0
I1,08/01/2006,Chievo,Lecce,3.0,1.0,H,1.0,1.0,D,1.72,3.2,5.5,1.7,3.2,5.0,2005/6,€49.55m,€52.15m,M. Ciampi,16.0,15.0,11.0,7.0,19.0,22.0,4.0,10.0,1.0,4.0,0.0,0.0
I1,08/01/2006,Empoli,Messina,1.0,3.0,A,1.0,1.0,D,2.05,3.0,4.0,2.0,3.1,3.65,2005/6,€37.00m,€39.98m,A. Giannoccaro,8.0,9.0,3.0,5.0,17.0,24.0,1.0,2.0,2.0,4.0,1.0,0.0
I1,08/01/2006,Lazio,Ascoli,4.0,1.0,H,2.0,1.0,H,1.57,3.5,6.5,1.5,3.5,6.75,2005/6,€83.05m,€24.55m,N. Stefanini,13.0,11.0,8.0,5.0,17.0,15.0,5.0,3.0,1.0,1.0,0.0,0.0
I1,08/01/2006,Milan,Parma,4.0,3.0,H,3.0,1.0,H,1.18,6.0,15.0,1.21,5.2,13.0,2005/6,€269.75m,€57.05m,P. Mazzoleni,20.0,9.0,9.0,6.0,15.0,21.0,5.0,3.0,1.0,2.0,0.0,0.0
I1,08/01/2006,Sampdoria,Livorno,0.0,2.0,A,0.0,1.0,A,2.0,3.1,4.0,2.05,2.9,3.75,2005/6,€61.50m,€56.38m,M. De Santis,9.0,6.0,6.0,3.0,19.0,20.0,4.0,7.0,1.0,1.0,1.0,0.0
I1,08/01/2006,Siena,Inter,0.0,0.0,D,0.0,0.0,D,7.0,3.5,1.53,6.3,3.4,1.55,2005/6,€34.98m,€234.93m,M. Saccani,6.0,13.0,0.0,4.0,37.0,15.0,5.0,5.0,2.0,2.0,0.0,0.0
I1,08/01/2006,Treviso,Roma,0.0,1.0,A,0.0,1.0,A,4.2,3.2,1.9,3.85,3.2,1.9,2005/6,€23.53m,€193.20m,S. Racalbuto,10.0,12.0,3.0,4.0,20.0,25.0,6.0,5.0,1.0,2.0,0.0,0.0
I1,14/01/2006,Lecce,Sampdoria,0.0,3.0,A,0.0,2.0,A,2.6,3.1,2.7,2.5,3.0,2.75,2005/6,€52.15m,€61.50m,E. Morganti,12.0,17.0,5.0,9.0,16.0,19.0,6.0,5.0,2.0,2.0,0.0,0.0
I1,14/01/2006,Messina,Palermo,0.0,0.0,D,0.0,0.0,D,2.6,3.0,2.8,2.5,2.95,2.8,2005/6,€39.98m,€94.20m,N. Ayroldi,4.0,6.0,1.0,2.0,15.0,12.0,6.0,3.0,1.0,1.0,0.0,0.0
I1,15/01/2006,Ascoli,Empoli,3.0,1.0,H,1.0,1.0,D,2.1,3.0,3.75,2.2,2.85,3.45,2005/6,€24.55m,€37.00m,C. Brighi,12.0,9.0,7.0,4.0,19.0,20.0,7.0,3.0,2.0,5.0,0.0,1.0
I1,15/01/2006,Fiorentina,Chievo,2.0,1.0,H,1.0,0.0,H,1.8,3.2,4.75,1.75,3.2,4.65,2005/6,€138.68m,€49.55m,M. Trefoloni,12.0,8.0,4.0,3.0,18.0,28.0,6.0,3.0,2.0,3.0,0.0,0.0
I1,15/01/2006,Inter,Cagliari,3.0,2.0,H,2.0,1.0,H,1.2,5.5,17.0,1.15,6.0,14.9,2005/6,€234.93m,€35.65m,A. Dattilo,11.0,7.0,5.0,4.0,14.0,23.0,5.0,2.0,2.0,4.0,0.0,0.0
I1,15/01/2006,Juventus,Reggina,1.0,0.0,H,1.0,0.0,H,1.16,6.0,19.0,1.13,6.5,17.0,2005/6,€308.90m,€43.65m,D. Tombolini,22.0,3.0,13.0,0.0,16.0,23.0,7.0,2.0,0.0,2.0,0.0,0.0
I1,15/01/2006,Livorno,Siena,2.0,2.0,D,1.0,1.0,D,1.72,3.3,5.0,1.72,3.15,5.0,2005/6,€56.38m,€34.98m,G. Paparesta,7.0,11.0,4.0,9.0,23.0,20.0,7.0,5.0,2.0,1.0,0.0,0.0
I1,15/01/2006,Parma,Lazio,1.0,1.0,D,1.0,1.0,D,2.4,3.0,3.0,2.4,3.0,2.85,2005/6,€57.05m,€83.05m,P. Dondarini,6.0,10.0,3.0,3.0,27.0,17.0,10.0,5.0,2.0,3.0,0.0,0.0
I1,15/01/2006,Roma,Milan,1.0,0.0,H,0.0,0.0,D,4.0,3.0,2.0,4.0,3.1,1.9,2005/6,€193.20m,€269.75m,R. Rosetti,12.0,9.0,6.0,3.0,17.0,14.0,5.0,10.0,1.0,2.0,0.0,0.0
I1,15/01/2006,Udinese,Treviso,2.0,2.0,D,1.0,1.0,D,1.61,3.4,6.0,1.6,3.45,5.5,2005/6,€89.60m,€23.53m,O. Pantana,6.0,13.0,4.0,7.0,16.0,15.0,2.0,3.0,3.0,2.0,0.0,0.0
I1,18/01/2006,Cagliari,Siena,1.0,0.0,H,0.0,0.0,D,2.1,2.8,3.5,2.05,2.9,3.75,2005/6,€35.65m,€34.98m,A. Romeo,13.0,11.0,5.0,4.0,20.0,22.0,9.0,4.0,1.0,3.0,0.0,0.0
I1,18/01/2006,Chievo,Juventus,1.0,1.0,D,1.0,1.0,D,5.0,3.2,1.66,5.85,3.3,1.6,2005/6,€49.55m,€308.90m,L. Palanca,3.0,10.0,1.0,4.0,22.0,23.0,2.0,10.0,4.0,2.0,0.0,0.0
I1,18/01/2006,Empoli,Udinese,1.0,1.0,D,0.0,0.0,D,2.4,2.9,2.8,2.65,2.85,2.7,2005/6,€37.00m,€89.60m,S. Farina,17.0,6.0,10.0,3.0,23.0,23.0,3.0,5.0,1.0,2.0,0.0,0.0
I1,18/01/2006,Lecce,Livorno,0.0,0.0,D,0.0,0.0,D,2.6,2.87,2.6,2.65,2.95,2.6,2005/6,€52.15m,€56.38m,P. Rodomonti,16.0,5.0,8.0,2.0,18.0,28.0,6.0,3.0,4.0,2.0,1.0,0.0
I1,18/01/2006,Messina,Lazio,1.0,1.0,D,1.0,0.0,H,2.5,2.87,2.75,2.5,2.85,2.9,2005/6,€39.98m,€83.05m,T. Pieri,17.0,6.0,9.0,5.0,23.0,23.0,2.0,4.0,2.0,4.0,0.0,0.0
I1,18/01/2006,Milan,Ascoli,1.0,0.0,H,1.0,0.0,H,1.16,5.5,13.0,1.18,5.75,13.0,2005/6,€269.75m,€24.55m,G. Rocchi,11.0,5.0,5.0,2.0,17.0,14.0,9.0,4.0,1.0,2.0,0.0,0.0
I1,18/01/2006,Palermo,Parma,4.0,2.0,H,1.0,2.0,A,1.72,3.2,4.5,1.7,3.2,5.1,2005/6,€94.20m,€57.05m,L. Banti,15.0,10.0,9.0,7.0,18.0,19.0,6.0,2.0,4.0,3.0,0.0,0.0
I1,18/01/2006,Roma,Reggina,3.0,1.0,H,1.0,0.0,H,1.44,3.6,7.0,1.5,3.5,6.9,2005/6,€193.20m,€43.65m,P. Tagliavento,13.0,10.0,7.0,4.0,29.0,13.0,8.0,4.0,2.0,4.0,0.0,0.0
I1,18/01/2006,Sampdoria,Fiorentina,3.0,1.0,H,3.0,1.0,H,2.37,2.87,2.87,2.5,2.85,2.9,2005/6,€61.50m,€138.68m,D. Messina,10.0,6.0,8.0,3.0,28.0,24.0,4.0,5.0,2.0,3.0,0.0,0.0
I1,18/01/2006,Treviso,Inter,0.0,1.0,A,0.0,1.0,A,7.0,3.2,1.4,7.5,3.7,1.44,2005/6,€23.53m,€234.93m,M. Gabriele,11.0,11.0,5.0,6.0,19.0,22.0,2.0,4.0,2.0,3.0,0.0,0.0
I1,21/01/2006,Inter,Palermo,3.0,0.0,H,1.0,0.0,H,1.36,4.33,9.0,1.35,4.25,8.15,2005/6,€234.93m,€94.20m,T. Pieri,13.0,9.0,9.0,5.0,23.0,15.0,8.0,11.0,3.0,2.0,0.0,0.0
I1,21/01/2006,Lazio,Cagliari,1.0,1.0,D,1.0,0.0,H,1.61,3.4,6.0,1.63,3.25,5.7,2005/6,€83.05m,€35.65m,M. Mazzoleni,8.0,7.0,4.0,6.0,15.0,28.0,6.0,5.0,3.0,3.0,2.0,0.0
I1,22/01/2006,Ascoli,Lecce,2.0,0.0,H,2.0,0.0,H,1.83,3.1,4.75,1.8,3.1,4.6,2005/6,€24.55m,€52.15m,D. Messina,10.0,13.0,5.0,4.0,28.0,21.0,4.0,9.0,3.0,3.0,1.0,0.0
I1,22/01/2006,Fiorentina,Messina,2.0,0.0,H,1.0,0.0,H,1.44,4.0,7.5,1.47,3.5,7.5,2005/6,€138.68m,€39.98m,G. Paparesta,22.0,5.0,11.0,3.0,24.0,22.0,9.0,2.0,1.0,2.0,0.0,0.0
I1,22/01/2006,Juventus,Empoli,2.0,1.0,H,1.0,1.0,D,1.14,6.5,21.0,1.12,6.9,17.0,2005/6,€308.90m,€37.00m,A. De Marco,14.0,0.0,6.0,0.0,24.0,17.0,14.0,0.0,1.0,2.0,0.0,0.0
I1,22/01/2006,Livorno,Treviso,1.0,1.0,D,0.0,1.0,A,1.57,3.4,7.0,1.57,3.25,6.5,2005/6,€56.38m,€23.53m,N. Rizzoli,10.0,5.0,3.0,1.0,23.0,28.0,5.0,5.0,2.0,0.0,0.0,2.0
I1,22/01/2006,Parma,Chievo,2.0,1.0,H,1.0,1.0,D,2.5,2.87,3.0,2.5,2.8,2.9,2005/6,€57.05m,€49.55m,M. De Santis,10.0,10.0,6.0,5.0,21.0,25.0,1.0,11.0,4.0,3.0,1.0,1.0
I1,22/01/2006,Reggina,Sampdoria,2.0,1.0,H,2.0,1.0,H,2.75,2.87,2.75,2.75,2.85,2.6,2005/6,€43.65m,€61.50m,R. Rosetti,8.0,7.0,5.0,2.0,21.0,20.0,8.0,5.0,1.0,2.0,0.0,0.0
I1,22/01/2006,Siena,Milan,0.0,3.0,A,0.0,1.0,A,7.0,3.4,1.57,6.05,3.25,1.6,2005/6,€34.98m,€269.75m,E. Morganti,8.0,17.0,3.0,10.0,21.0,22.0,2.0,10.0,3.0,1.0,0.0,0.0
I1,22/01/2006,Udinese,Roma,1.0,4.0,A,0.0,1.0,A,2.75,2.87,2.75,2.75,2.9,2.55,2005/6,€89.60m,€193.20m,N. Ayroldi,8.0,10.0,3.0,7.0,16.0,21.0,4.0,4.0,2.0,1.0,1.0,0.0
I1,28/01/2006,Milan,Sampdoria,1.0,1.0,D,1.0,1.0,D,1.36,3.75,9.0,1.35,4.05,8.95,2005/6,€269.75m,€61.50m,M. De Santis,20.0,14.0,8.0,8.0,27.0,14.0,5.0,4.0,3.0,3.0,0.0,0.0
I1,28/01/2006,Palermo,Siena,1.0,3.0,A,0.0,1.0,A,1.66,3.2,5.0,1.65,3.25,5.5,2005/6,€94.20m,€34.98m,P. Dondarini,12.0,7.0,5.0,4.0,14.0,21.0,11.0,1.0,1.0,4.0,0.0,0.0
I1,29/01/2006,Ascoli,Juventus,1.0,3.0,A,1.0,3.0,A,7.0,3.6,1.44,8.15,3.75,1.41,2005/6,€24.55m,€308.90m,S. Racalbuto,9.0,8.0,4.0,6.0,24.0,27.0,0.0,3.0,2.0,1.0,0.0,0.0
I1,29/01/2006,Chievo,Reggina,4.0,0.0,H,0.0,0.0,D,1.72,3.0,5.0,1.75,2.95,5.4,2005/6,€49.55m,€43.65m,N. Stefanini,13.0,8.0,7.0,5.0,19.0,20.0,4.0,5.0,0.0,4.0,0.0,0.0
I1,29/01/2006,Empoli,Parma,1.0,2.0,A,0.0,1.0,A,2.1,3.0,3.25,2.2,3.0,3.25,2005/6,€37.00m,€57.05m,P. Rodomonti,14.0,5.0,8.0,4.0,24.0,24.0,5.0,2.0,2.0,3.0,0.0,0.0
I1,29/01/2006,Lecce,Inter,0.0,2.0,A,0.0,0.0,D,7.0,3.75,1.4,8.4,4.15,1.35,2005/6,€52.15m,€234.93m,M. Trefoloni,7.0,13.0,3.0,6.0,25.0,18.0,1.0,6.0,2.0,3.0,1.0,0.0
I1,29/01/2006,Messina,Cagliari,1.0,0.0,H,0.0,0.0,D,2.0,3.0,3.5,1.95,2.95,4.1,2005/6,€39.98m,€35.65m,D. Tombolini,11.0,9.0,8.0,5.0,14.0,18.0,9.0,4.0,5.0,2.0,0.0,0.0
I1,29/01/2006,Roma,Livorno,3.0,0.0,H,2.0,0.0,H,1.61,3.4,5.0,1.65,3.3,5.35,2005/6,€193.20m,€56.38m,D. Messina,17.0,5.0,10.0,2.0,11.0,13.0,4.0,6.0,0.0,2.0,0.0,0.0
I1,29/01/2006,Treviso,Lazio,0.0,1.0,A,0.0,0.0,D,2.6,2.87,2.6,2.7,2.9,2.6,2005/6,€23.53m,€83.05m,P. Tagliavento,11.0,4.0,7.0,2.0,30.0,23.0,10.0,5.0,1.0,3.0,0.0,0.0
I1,29/01/2006,Udinese,Fiorentina,0.0,0.0,D,0.0,0.0,D,2.87,3.0,2.3,3.05,2.95,2.3,2005/6,€89.60m,€138.68m,M. Saccani,5.0,10.0,3.0,2.0,23.0,19.0,5.0,5.0,5.0,2.0,0.0,0.0
I1,04/02/2006,Parma,Roma,0.0,3.0,A,0.0,0.0,D,3.6,3.1,2.1,3.4,3.05,2.1,2005/6,€57.05m,€193.20m,M. Trefoloni,7.0,19.0,4.0,10.0,29.0,14.0,5.0,7.0,5.0,2.0,0.0,0.0
I1,04/02/2006,Siena,Ascoli,1.0,1.0,D,0.0,1.0,A,1.9,3.0,4.5,1.9,2.95,4.35,2005/6,€34.98m,€24.55m,T. Pieri,10.0,7.0,6.0,5.0,16.0,27.0,11.0,4.0,4.0,0.0,0.0,0.0
I1,05/02/2006,Cagliari,Empoli,4.0,1.0,H,3.0,0.0,H,1.8,3.2,4.75,1.78,3.15,4.6,2005/6,€35.65m,€37.00m,G. Paparesta,9.0,8.0,7.0,3.0,14.0,21.0,6.0,6.0,4.0,1.0,0.0,0.0
I1,05/02/2006,Fiorentina,Lecce,1.0,0.0,H,1.0,0.0,H,1.3,4.5,12.0,1.29,4.5,10.0,2005/6,€138.68m,€52.15m,N. Rizzoli,14.0,6.0,9.0,1.0,25.0,24.0,3.0,3.0,1.0,3.0,0.0,0.0
I1,05/02/2006,Inter,Chievo,1.0,0.0,H,1.0,0.0,H,1.33,4.33,10.0,1.34,4.2,8.75,2005/6,€234.93m,€49.55m,S. Racalbuto,21.0,0.0,11.0,0.0,16.0,24.0,6.0,5.0,2.0,1.0,0.0,0.0
I1,05/02/2006,Juventus,Udinese,1.0,0.0,H,0.0,0.0,D,1.25,5.0,13.0,1.2,5.55,11.5,2005/6,€308.90m,€89.60m,A. Dattilo,17.0,2.0,8.0,1.0,18.0,17.0,12.0,5.0,1.0,3.0,0.0,1.0
I1,05/02/2006,Lazio,Milan,0.0,0.0,D,0.0,0.0,D,3.6,3.1,2.1,3.35,3.1,2.1,2005/6,€83.05m,€269.75m,M. Saccani,8.0,13.0,2.0,7.0,18.0,27.0,4.0,9.0,1.0,1.0,0.0,0.0
I1,05/02/2006,Livorno,Messina,2.0,2.0,D,0.0,0.0,D,1.83,3.0,5.0,1.8,3.0,4.75,2005/6,€56.38m,€39.98m,R. Rosetti,8.0,7.0,5.0,3.0,17.0,18.0,4.0,3.0,5.0,1.0,0.0,1.0
I1,05/02/2006,Reggina,Palermo,2.0,2.0,D,1.0,1.0,D,2.5,2.87,3.0,2.45,2.8,3.0,2005/6,€43.65m,€94.20m,D. Messina,5.0,8.0,2.0,4.0,1.0,2.0,2.0,7.0,2.0,4.0,0.0,0.0
I1,05/02/2006,Sampdoria,Treviso,1.0,1.0,D,1.0,0.0,H,1.44,4.0,7.5,1.42,3.8,7.65,2005/6,€61.50m,€23.53m,P. Bertini,10.0,11.0,4.0,5.0,20.0,37.0,4.0,6.0,2.0,2.0,0.0,0.0
I1,08/02/2006,Ascoli,Livorno,0.0,0.0,D,0.0,0.0,D,2.4,2.87,3.2,2.37,2.8,3.15,2005/6,€24.55m,€56.38m,S. Farina,8.0,3.0,6.0,1.0,15.0,18.0,6.0,0.0,0.0,1.0,0.0,0.0
I1,08/02/2006,Chievo,Sampdoria,1.0,1.0,D,0.0,1.0,A,2.3,3.0,3.25,2.35,2.85,3.1,2005/6,€49.55m,€61.50m,E. Morganti,13.0,8.0,6.0,5.0,25.0,18.0,5.0,7.0,1.0,4.0,0.0,1.0
I1,08/02/2006,Fiorentina,Inter,2.0,1.0,H,1.0,0.0,H,3.0,3.0,2.4,3.0,2.95,2.35,2005/6,€138.68m,€234.93m,M. Trefoloni,9.0,10.0,5.0,4.0,22.0,20.0,4.0,7.0,2.0,2.0,0.0,0.0
I1,08/02/2006,Juventus,Parma,1.0,1.0,D,1.0,1.0,D,1.16,6.5,15.0,1.15,6.5,13.75,2005/6,€308.90m,€57.05m,L. Palanca,12.0,5.0,5.0,2.0,48.0,20.0,10.0,0.0,0.0,2.0,0.0,0.0
I1,08/02/2006,Lecce,Empoli,1.0,2.0,A,0.0,2.0,A,2.1,3.0,3.75,2.1,3.05,3.4,2005/6,€52.15m,€37.00m,M. Bergonzi,13.0,10.0,5.0,5.0,28.0,22.0,3.0,1.0,2.0,2.0,1.0,0.0
I1,08/02/2006,Messina,Siena,0.0,0.0,D,0.0,0.0,D,2.1,3.0,3.75,2.05,2.9,3.75,2005/6,€39.98m,€34.98m,A. Giannoccaro,10.0,5.0,6.0,2.0,15.0,20.0,0.0,7.0,0.0,0.0,0.0,0.0
I1,08/02/2006,Milan,Treviso,5.0,0.0,H,1.0,0.0,H,1.16,6.0,19.0,1.17,5.7,14.5,2005/6,€269.75m,€23.53m,N. Stefanini,15.0,3.0,11.0,2.0,13.0,15.0,6.0,2.0,0.0,2.0,0.0,0.0
I1,08/02/2006,Palermo,Lazio,3.0,1.0,H,1.0,0.0,H,2.2,2.87,3.6,2.15,2.9,3.45,2005/6,€94.20m,€83.05m,G. Rocchi,8.0,8.0,5.0,2.0,26.0,14.0,2.0,5.0,3.0,2.0,0.0,1.0
I1,08/02/2006,Roma,Cagliari,4.0,3.0,H,2.0,2.0,D,1.4,4.33,7.5,1.35,4.1,8.75,2005/6,€193.20m,€35.65m,O. Girardi,19.0,6.0,12.0,5.0,24.0,21.0,7.0,1.0,2.0,3.0,1.0,1.0
I1,08/02/2006,Udinese,Reggina,1.0,2.0,A,1.0,1.0,D,1.72,3.1,5.5,1.7,3.15,5.2,2005/6,€89.60m,€43.65m,P. Mazzoleni,14.0,7.0,3.0,4.0,18.0,21.0,5.0,4.0,0.0,3.0,0.0,0.0
I1,11/02/2006,Lazio,Udinese,1.0,1.0,D,1.0,1.0,D,1.9,3.0,4.5,1.91,3.0,4.15,2005/6,€83.05m,€89.60m,A. De Marco,9.0,8.0,3.0,4.0,20.0,28.0,4.0,4.0,1.0,2.0,0.0,0.0
I1,11/02/2006,Treviso,Chievo,1.0,2.0,A,0.0,1.0,A,3.0,2.87,2.5,3.0,2.85,2.4,2005/6,€23.53m,€49.55m,T. Pieri,14.0,14.0,9.0,7.0,20.0,17.0,5.0,4.0,0.0,2.0,0.0,0.0
I1,12/02/2006,Cagliari,Lecce,0.0,0.0,D,0.0,0.0,D,1.61,3.4,6.0,1.65,3.25,5.4,2005/6,€35.65m,€52.15m,G. Rocchi,5.0,11.0,2.0,7.0,17.0,21.0,4.0,4.0,3.0,2.0,0.0,1.0
I1,12/02/2006,Empoli,Palermo,0.0,1.0,A,0.0,0.0,D,2.87,2.87,2.6,2.75,2.8,2.65,2005/6,€37.00m,€94.20m,S. Farina,7.0,8.0,3.0,3.0,25.0,26.0,4.0,3.0,3.0,2.0,0.0,1.0
I1,12/02/2006,Inter,Juventus,1.0,2.0,A,0.0,0.0,D,2.5,2.75,3.2,2.45,2.9,2.9,2005/6,€234.93m,€308.90m,G. Paparesta,12.0,7.0,7.0,4.0,27.0,27.0,10.0,4.0,2.0,3.0,0.0,0.0
I1,12/02/2006,Livorno,Fiorentina,2.0,0.0,H,0.0,0.0,D,2.87,3.0,2.5,2.8,2.85,2.55,2005/6,€56.38m,€138.68m,M. De Santis,7.0,12.0,3.0,2.0,21.0,21.0,5.0,5.0,1.0,2.0,0.0,1.0
I1,12/02/2006,Parma,Ascoli,0.0,0.0,D,0.0,0.0,D,1.9,3.0,4.5,1.85,3.0,4.45,2005/6,€57.05m,€24.55m,M. Saccani,5.0,10.0,2.0,7.0,25.0,35.0,2.0,3.0,2.0,4.0,0.0,0.0
I1,12/02/2006,Reggina,Milan,1.0,4.0,A,1.0,2.0,A,6.0,3.2,1.66,5.7,3.15,1.65,2005/6,€43.65m,€269.75m,D. Tombolini,8.0,13.0,4.0,7.0,12.0,22.0,7.0,2.0,2.0,3.0,0.0,0.0
I1,12/02/2006,Sampdoria,Messina,4.0,2.0,H,1.0,1.0,D,1.72,3.1,5.5,1.72,3.0,5.5,2005/6,€61.50m,€39.98m,P. Tagliavento,23.0,18.0,11.0,8.0,27.0,30.0,6.0,4.0,3.0,2.0,0.0,1.0
I1,12/02/2006,Siena,Roma,0.0,2.0,A,0.0,0.0,D,3.75,3.0,2.1,3.75,2.9,2.05,2005/6,€34.98m,€193.20m,N. Ayroldi,14.0,14.0,6.0,6.0,31.0,13.0,6.0,2.0,5.0,2.0,0.0,0.0
I1,18/02/2006,Livorno,Inter,0.0,0.0,D,0.0,0.0,D,4.0,3.2,1.9,4.0,3.1,1.9,2005/6,€56.38m,€234.93m,P. Bertini,6.0,10.0,2.0,3.0,16.0,16.0,4.0,6.0,1.0,3.0,0.0,0.0
I1,18/02/2006,Messina,Juventus,2.0,2.0,D,1.0,1.0,D,7.0,3.4,1.57,7.0,3.25,1.55,2005/6,€39.98m,€308.90m,S. Farina,10.0,13.0,5.0,6.0,34.0,25.0,7.0,2.0,2.0,3.0,0.0,1.0
I1,18/02/2006,Milan,Cagliari,1.0,0.0,H,1.0,0.0,H,1.22,5.5,13.0,1.18,5.5,15.0,2005/6,€269.75m,€35.65m,E. Morganti,10.0,2.0,5.0,0.0,20.0,18.0,11.0,6.0,0.0,3.0,0.0,0.0
I1,19/02/2006,Chievo,Palermo,0.0,0.0,D,0.0,0.0,D,2.2,2.87,3.6,2.25,2.8,3.35,2005/6,€49.55m,€94.20m,C. Brighi,4.0,12.0,2.0,1.0,15.0,20.0,7.0,5.0,2.0,4.0,0.0,0.0
I1,19/02/2006,Fiorentina,Lazio,1.0,2.0,A,0.0,1.0,A,1.66,3.2,6.0,1.63,3.2,5.75,2005/6,€138.68m,€83.05m,P. Tagliavento,18.0,6.0,7.0,3.0,18.0,27.0,5.0,2.0,1.0,1.0,0.0,0.0
I1,19/02/2006,Lecce,Reggina,0.0,0.0,D,0.0,0.0,D,2.37,3.0,3.1,2.35,3.0,2.95,2005/6,€52.15m,€43.65m,A. De Marco,8.0,10.0,3.0,3.0,30.0,27.0,2.0,4.0,5.0,3.0,0.0,0.0
I1,19/02/2006,Roma,Empoli,1.0,0.0,H,1.0,0.0,H,1.33,4.5,9.5,1.33,4.25,9.0,2005/6,€193.20m,€37.00m,D. Messina,10.0,6.0,6.0,3.0,15.0,19.0,6.0,5.0,1.0,3.0,0.0,0.0
I1,19/02/2006,Sampdoria,Ascoli,1.0,2.0,A,0.0,0.0,D,1.66,3.2,6.0,1.65,3.1,6.0,2005/6,€61.50m,€24.55m,G. Rocchi,8.0,15.0,4.0,8.0,25.0,23.0,4.0,2.0,2.0,3.0,1.0,0.0
I1,19/02/2006,Treviso,Parma,0.0,1.0,A,0.0,1.0,A,2.6,2.87,2.87,2.45,3.0,2.8,2005/6,€23.53m,€57.05m,A. Romeo,13.0,6.0,5.0,3.0,18.0,26.0,10.0,1.0,3.0,2.0,0.0,0.0
I1,19/02/2006,Udinese,Siena,1.0,2.0,A,1.0,2.0,A,1.83,3.1,4.75,1.88,2.9,4.5,2005/6,€89.60m,€34.98m,P. Rodomonti,13.0,10.0,5.0,3.0,12.0,12.0,6.0,2.0,2.0,4.0,1.0,0.0
I1,25/02/2006,Parma,Fiorentina,2.0,4.0,A,2.0,2.0,D,3.0,2.87,2.5,3.05,2.9,2.35,2005/6,€57.05m,€138.68m,G. Paparesta,11.0,14.0,7.0,6.0,30.0,24.0,4.0,7.0,4.0,0.0,0.0,0.0
I1,25/02/2006,Reggina,Livorno,1.0,1.0,D,0.0,0.0,D,2.5,2.87,3.0,2.4,2.8,3.1,2005/6,€43.65m,€56.38m,N. Rizzoli,12.0,7.0,7.0,5.0,22.0,17.0,9.0,7.0,4.0,3.0,0.0,0.0
I1,26/02/2006,Ascoli,Messina,1.0,0.0,H,0.0,0.0,D,2.1,2.8,4.0,2.2,2.7,3.65,2005/6,€24.55m,€39.98m,M. De Santis,15.0,11.0,7.0,4.0,14.0,25.0,8.0,2.0,1.0,3.0,0.0,0.0
I1,26/02/2006,Cagliari,Chievo,2.0,2.0,D,1.0,0.0,H,2.4,2.87,3.2,2.3,2.9,3.15,2005/6,€35.65m,€49.55m,S. Farina,5.0,9.0,2.0,3.0,19.0,25.0,6.0,7.0,4.0,2.0,1.0,0.0
I1,26/02/2006,Empoli,Treviso,1.0,1.0,D,0.0,0.0,D,1.83,3.0,5.0,1.75,3.1,4.9,2005/6,€37.00m,€23.53m,P. Tagliavento,7.0,6.0,4.0,3.0,20.0,26.0,4.0,1.0,3.0,4.0,0.0,1.0
I1,26/02/2006,Inter,Udinese,3.0,1.0,H,1.0,0.0,H,1.36,4.33,9.0,1.35,4.25,8.2,2005/6,€234.93m,€89.60m,P. Dondarini,15.0,10.0,7.0,4.0,20.0,19.0,4.0,1.0,0.0,2.0,1.0,1.0
I1,26/02/2006,Juventus,Lecce,3.0,1.0,H,2.0,1.0,H,1.16,6.5,15.0,1.13,6.7,16.0,2005/6,€308.90m,€52.15m,P. Rodomonti,13.0,5.0,7.0,3.0,21.0,18.0,8.0,3.0,3.0,2.0,0.0,1.0
I1,26/02/2006,Lazio,Roma,0.0,2.0,A,0.0,1.0,A,2.6,2.87,2.87,2.55,2.85,2.8,2005/6,€83.05m,€193.20m,M. Trefoloni,10.0,6.0,2.0,3.0,12.0,24.0,7.0,3.0,2.0,5.0,0.0,0.0
I1,26/02/2006,Palermo,Milan,0.0,2.0,A,0.0,0.0,D,4.0,2.8,2.1,3.7,3.05,2.0,2005/6,€94.20m,€269.75m,T. Pieri,12.0,9.0,3.0,4.0,16.0,26.0,8.0,3.0,3.0,3.0,0.0,1.0
I1,26/02/2006,Siena,Sampdoria,1.0,0.0,H,0.0,0.0,D,2.6,2.87,2.87,2.45,2.8,3.0,2005/6,€34.98m,€61.50m,S. Racalbuto,12.0,14.0,5.0,6.0,12.0,16.0,5.0,8.0,1.0,3.0,0.0,1.0
I1,04/03/2006,Milan,Empoli,3.0,0.0,H,0.0,0.0,D,1.2,5.5,17.0,1.17,5.75,15.0,2005/6,€269.75m,€37.00m,P. Dondarini,17.0,4.0,8.0,0.0,8.0,13.0,6.0,3.0,1.0,0.0,0.0,0.0
I1,04/03/2006,Sampdoria,Juventus,0.0,1.0,A,0.0,0.0,D,4.1,3.0,2.0,4.35,3.0,1.87,2005/6,€61.50m,€308.90m,M. Trefoloni,4.0,11.0,2.0,4.0,26.0,18.0,10.0,5.0,2.0,0.0,0.0,0.0
I1,05/03/2006,Chievo,Lazio,2.0,2.0,D,2.0,1.0,H,2.3,2.87,3.4,2.3,2.75,3.35,2005/6,€49.55m,€83.05m,P. Mazzoleni,8.0,11.0,4.0,5.0,21.0,26.0,6.0,5.0,2.0,2.0,0.0,0.0
I1,05/03/2006,Fiorentina,Siena,2.0,1.0,H,1.0,1.0,D,1.53,3.75,6.5,1.47,3.55,7.25,2005/6,€138.68m,€34.98m,D. Messina,10.0,11.0,6.0,5.0,20.0,21.0,5.0,3.0,3.0,2.0,0.0,0.0
I1,05/03/2006,Lecce,Palermo,2.0,0.0,H,0.0,0.0,D,3.1,3.0,2.4,3.15,3.05,2.2,2005/6,€52.15m,€94.20m,L. Banti,11.0,6.0,5.0,3.0,18.0,17.0,2.0,7.0,2.0,2.0,0.0,0.0
I1,05/03/2006,Livorno,Cagliari,0.0,1.0,A,0.0,0.0,D,1.72,3.2,5.5,1.7,3.1,5.35,2005/6,€56.38m,€35.65m,M. Saccani,10.0,5.0,4.0,3.0,20.0,15.0,10.0,1.0,1.0,4.0,0.0,0.0
I1,05/03/2006,Messina,Parma,0.0,1.0,A,0.0,0.0,D,2.2,2.9,3.6,2.2,2.8,3.5,2005/6,€39.98m,€57.05m,P. Bertini,20.0,9.0,9.0,5.0,11.0,11.0,13.0,8.0,1.0,4.0,0.0,0.0
I1,05/03/2006,Roma,Inter,1.0,1.0,D,1.0,0.0,H,2.6,3.0,2.8,2.6,2.85,2.75,2005/6,€193.20m,€234.93m,T. Pieri,9.0,11.0,3.0,5.0,23.0,21.0,2.0,10.0,2.0,2.0,0.0,0.0
I1,05/03/2006,Treviso,Reggina,0.0,1.0,A,0.0,0.0,D,2.5,3.0,2.9,2.7,2.8,2.7,2005/6,€23.53m,€43.65m,G. Paparesta,12.0,6.0,5.0,3.0,27.0,23.0,4.0,3.0,5.0,2.0,0.0,0.0
I1,05/03/2006,Udinese,Ascoli,1.0,1.0,D,0.0,0.0,D,1.8,3.2,4.75,1.8,3.0,4.75,2005/6,€89.60m,€24.55m,R. Rosetti,11.0,9.0,3.0,3.0,32.0,23.0,3.0,7.0,3.0,1.0,0.0,1.0
I1,11/03/2006,Inter,Sampdoria,1.0,0.0,H,1.0,0.0,H,1.44,4.0,7.5,1.45,3.65,7.4,2005/6,€234.93m,€61.50m,N. Rizzoli,15.0,6.0,6.0,2.0,16.0,10.0,4.0,8.0,2.0,1.0,0.0,0.0
I1,11/03/2006,Siena,Treviso,1.0,0.0,H,0.0,0.0,D,1.66,3.2,6.0,1.65,3.2,5.5,2005/6,€34.98m,€23.53m,A. Dattilo,8.0,7.0,5.0,4.0,24.0,20.0,7.0,6.0,4.0,2.0,0.0,0.0
I1,12/03/2006,Ascoli,Roma,3.0,2.0,H,3.0,0.0,H,4.0,3.0,2.0,4.0,3.0,1.95,2005/6,€24.55m,€193.20m,P. Bertini,12.0,18.0,8.0,8.0,20.0,18.0,4.0,10.0,3.0,1.0,0.0,1.0
I1,12/03/2006,Empoli,Chievo,2.0,1.0,H,0.0,0.0,D,2.75,2.87,2.75,2.75,2.8,2.65,2005/6,€37.00m,€49.55m,A. De Marco,10.0,6.0,4.0,2.0,22.0,18.0,8.0,7.0,4.0,3.0,0.0,0.0
I1,12/03/2006,Juventus,Milan,0.0,0.0,D,0.0,0.0,D,2.3,2.75,3.6,2.2,2.9,3.6,2005/6,€308.90m,€269.75m,M. De Santis,8.0,6.0,3.0,2.0,24.0,15.0,3.0,3.0,1.0,3.0,0.0,1.0
I1,12/03/2006,Lazio,Reggina,3.0,1.0,H,2.0,0.0,H,1.66,3.2,6.0,1.67,3.05,5.85,2005/6,€83.05m,€43.65m,N. Stefanini,10.0,4.0,6.0,3.0,23.0,23.0,7.0,2.0,3.0,4.0,0.0,0.0
I1,12/03/2006,Messina,Lecce,2.0,1.0,H,1.0,1.0,D,1.9,3.0,4.5,1.83,3.05,4.5,2005/6,€39.98m,€52.15m,S. Racalbuto,15.0,6.0,7.0,3.0,20.0,24.0,8.0,3.0,5.0,3.0,0.0,0.0
I1,12/03/2006,Palermo,Udinese,2.0,0.0,H,0.0,0.0,D,1.9,3.0,4.5,1.9,3.0,4.2,2005/6,€94.20m,€89.60m,S. Farina,6.0,6.0,3.0,5.0,14.0,22.0,2.0,3.0,3.0,2.0,0.0,0.0
I1,12/03/2006,Parma,Livorno,2.0,1.0,H,1.0,1.0,D,2.3,2.87,3.4,2.3,2.85,3.2,2005/6,€57.05m,€56.38m,G. Paparesta,6.0,16.0,5.0,9.0,27.0,13.0,1.0,6.0,4.0,2.0,0.0,0.0
I1,18/03/2006,Livorno,Juventus,1.0,3.0,A,0.0,1.0,A,5.0,3.0,1.83,5.3,2.95,1.75,2005/6,€56.38m,€308.90m,P. Dondarini,5.0,7.0,3.0,3.0,26.0,25.0,2.0,4.0,2.0,1.0,0.0,0.0
I1,18/03/2006,Treviso,Cagliari,1.0,2.0,A,1.0,1.0,D,3.25,3.0,2.3,2.95,3.05,2.3,2005/6,€23.53m,€35.65m,A. Giannoccaro,8.0,7.0,3.0,4.0,27.0,21.0,0.0,5.0,3.0,3.0,0.0,1.0
I1,19/03/2006,Chievo,Siena,4.0,1.0,H,1.0,1.0,D,2.0,2.87,4.33,1.95,2.9,4.15,2005/6,€49.55m,€34.98m,L. Palanca,13.0,7.0,8.0,4.0,14.0,20.0,6.0,5.0,2.0,3.0,0.0,2.0
I1,19/03/2006,Fiorentina,Ascoli,3.0,1.0,H,0.0,1.0,A,1.44,3.75,8.5,1.45,3.55,7.9,2005/6,€138.68m,€24.55m,M. Saccani,16.0,7.0,9.0,3.0,16.0,21.0,6.0,2.0,1.0,3.0,0.0,1.0
I1,19/03/2006,Inter,Lazio,3.0,1.0,H,1.0,0.0,H,1.5,3.6,7.5,1.5,3.5,6.85,2005/6,€234.93m,€83.05m,T. Pieri,21.0,8.0,10.0,6.0,18.0,8.0,14.0,6.0,2.0,1.0,0.0,0.0
I1,19/03/2006,Lecce,Parma,1.0,2.0,A,0.0,0.0,D,2.4,3.0,3.0,2.25,3.1,3.0,2005/6,€52.15m,€57.05m,N. Rizzoli,16.0,11.0,10.0,5.0,15.0,22.0,8.0,3.0,2.0,4.0,0.0,0.0
I1,19/03/2006,Reggina,Empoli,0.0,2.0,A,0.0,0.0,D,2.0,3.0,4.0,1.83,3.0,4.6,2005/6,€43.65m,€37.00m,S. Farina,8.0,10.0,3.0,5.0,24.0,19.0,6.0,3.0,4.0,2.0,1.0,0.0
I1,19/03/2006,Roma,Messina,2.0,1.0,H,1.0,0.0,H,1.5,3.6,7.5,1.45,3.65,7.5,2005/6,€193.20m,€39.98m,M. Bergonzi,17.0,7.0,7.0,6.0,14.0,29.0,11.0,4.0,1.0,3.0,0.0,1.0
I1,19/03/2006,Sampdoria,Palermo,0.0,2.0,A,0.0,0.0,D,2.0,3.0,4.0,2.05,2.9,3.75,2005/6,€61.50m,€94.20m,N. Ayroldi,15.0,14.0,7.0,7.0,18.0,19.0,7.0,2.0,4.0,3.0,0.0,0.0
I1,19/03/2006,Udinese,Milan,0.0,4.0,A,0.0,1.0,A,5.5,3.4,1.66,5.5,3.2,1.65,2005/6,€89.60m,€269.75m,M. Trefoloni,6.0,6.0,4.0,4.0,14.0,11.0,4.0,3.0,1.0,0.0,0.0,0.0
I1,22/03/2006,Cagliari,Fiorentina,0.0,0.0,D,0.0,0.0,D,2.87,2.3,3.0,3.55,2.15,2.85,2005/6,€35.65m,€138.68m,M. De Santis,12.0,13.0,4.0,6.0,17.0,29.0,6.0,4.0,2.0,5.0,0.0,0.0
I1,26/03/2006,Ascoli,Chievo,2.0,2.0,D,1.0,1.0,D,2.37,2.75,3.4,2.4,2.7,3.2,2005/6,€24.55m,€49.55m,A. Dattilo,9.0,4.0,4.0,3.0,16.0,22.0,5.0,7.0,1.0,2.0,0.0,0.0
I1,26/03/2006,Cagliari,Reggina,0.0,2.0,A,0.0,2.0,A,1.9,3.0,4.5,1.9,2.9,4.4,2005/6,€35.65m,€43.65m,D. Messina,14.0,6.0,6.0,2.0,23.0,27.0,6.0,3.0,4.0,5.0,0.0,0.0
I1,26/03/2006,Empoli,Livorno,2.0,1.0,H,1.0,0.0,H,2.4,2.87,3.2,2.55,2.75,2.9,2005/6,€37.00m,€56.38m,E. Morganti,16.0,8.0,6.0,3.0,18.0,24.0,0.0,4.0,1.0,2.0,0.0,0.0
I1,25/03/2006,Juventus,Roma,1.0,1.0,D,1.0,0.0,H,1.72,3.1,5.5,1.65,3.25,5.4,2005/6,€308.90m,€193.20m,M. Trefoloni,5.0,9.0,3.0,4.0,19.0,20.0,2.0,6.0,1.0,3.0,1.0,0.0
I1,26/03/2006,Lazio,Sampdoria,2.0,0.0,H,0.0,0.0,D,1.9,3.0,4.5,1.95,3.05,3.9,2005/6,€83.05m,€61.50m,R. Rosetti,11.0,4.0,3.0,1.0,21.0,31.0,6.0,3.0,2.0,6.0,0.0,0.0
I1,26/03/2006,Messina,Udinese,1.0,1.0,D,1.0,1.0,D,2.3,2.87,3.4,2.3,2.9,3.15,2005/6,€39.98m,€89.60m,P. Bertini,6.0,12.0,4.0,7.0,16.0,23.0,7.0,4.0,1.0,3.0,0.0,0.0
I1,25/03/2006,Milan,Fiorentina,3.0,1.0,H,1.0,1.0,D,1.61,3.4,6.0,1.55,3.55,5.85,2005/6,€269.75m,€138.68m,G. Paparesta,11.0,6.0,6.0,3.0,16.0,18.0,10.0,2.0,2.0,1.0,0.0,0.0
I1,26/03/2006,Palermo,Treviso,1.0,0.0,H,0.0,0.0,D,1.33,4.5,9.5,1.3,4.5,9.5,2005/6,€94.20m,€23.53m,M. De Santis,8.0,8.0,5.0,3.0,16.0,19.0,4.0,6.0,1.0,1.0,0.0,0.0
I1,25/03/2006,Parma,Inter,1.0,0.0,H,1.0,0.0,H,4.75,3.1,1.83,4.55,3.05,1.8,2005/6,€57.05m,€234.93m,P. Tagliavento,11.0,18.0,9.0,9.0,25.0,18.0,2.0,14.0,4.0,4.0,0.0,0.0
I1,26/03/2006,Siena,Lecce,1.0,2.0,A,0.0,1.0,A,1.57,3.4,5.5,1.6,3.4,5.5,2005/6,€34.98m,€52.15m,O. Pantana,11.0,12.0,7.0,4.0,20.0,19.0,6.0,3.0,2.0,5.0,1.0,0.0
I1,01/04/2006,Inter,Messina,3.0,0.0,H,3.0,0.0,H,1.33,4.5,9.5,1.26,4.6,11.75,2005/6,€234.93m,€39.98m,P. Rodomonti,13.0,4.0,7.0,0.0,12.0,15.0,6.0,1.0,0.0,1.0,0.0,0.0
I1,01/04/2006,Lecce,Milan,1.0,0.0,H,0.0,0.0,D,6.5,3.6,1.53,5.9,3.8,1.5,2005/6,€52.15m,€269.75m,P. Dondarini,12.0,8.0,6.0,5.0,17.0,18.0,6.0,3.0,2.0,1.0,0.0,0.0
I1,01/04/2006,Treviso,Juventus,0.0,0.0,D,0.0,0.0,D,7.5,4.33,1.4,8.0,4.3,1.35,2005/6,€23.53m,€308.90m,S. Racalbuto,5.0,15.0,1.0,6.0,26.0,17.0,3.0,14.0,3.0,4.0,0.0,0.0
I1,02/04/2006,Chievo,Livorno,2.0,1.0,H,1.0,1.0,D,2.0,2.87,4.33,2.05,2.7,4.2,2005/6,€49.55m,€56.38m,N. Rizzoli,6.0,6.0,4.0,4.0,20.0,26.0,5.0,1.0,1.0,2.0,1.0,0.0
I1,02/04/2006,Fiorentina,Roma,1.0,1.0,D,1.0,0.0,H,2.3,3.0,3.25,2.3,2.9,3.15,2005/6,€138.68m,€193.20m,D. Messina,8.0,17.0,5.0,7.0,16.0,24.0,4.0,7.0,3.0,4.0,0.0,0.0
I1,02/04/2006,Lazio,Empoli,3.0,3.0,D,2.0,1.0,H,1.61,3.4,6.0,1.6,3.35,5.75,2005/6,€83.05m,€37.00m,N. Ayroldi,13.0,4.0,8.0,3.0,20.0,24.0,8.0,4.0,1.0,1.0,0.0,0.0
I1,02/04/2006,Palermo,Ascoli,1.0,1.0,D,1.0,0.0,H,1.66,3.4,5.5,1.65,3.15,5.75,2005/6,€94.20m,€24.55m,F. Squillace,5.0,4.0,4.0,2.0,15.0,11.0,1.0,6.0,1.0,2.0,1.0,0.0
I1,02/04/2006,Reggina,Siena,1.0,1.0,D,0.0,1.0,A,2.3,2.25,4.33,2.3,2.2,4.75,2005/6,€43.65m,€34.98m,R. Rosetti,11.0,5.0,4.0,2.0,8.0,18.0,5.0,7.0,0.0,3.0,0.0,0.0
I1,02/04/2006,Sampdoria,Cagliari,1.0,1.0,D,1.0,0.0,H,2.1,2.8,4.0,2.0,2.85,3.95,2005/6,€61.50m,€35.65m,M. Saccani,7.0,5.0,5.0,3.0,25.0,15.0,5.0,1.0,3.0,3.0,0.0,0.0
I1,02/04/2006,Udinese,Parma,2.0,0.0,H,1.0,0.0,H,1.83,3.1,4.75,1.75,3.15,4.65,2005/6,€89.60m,€57.05m,S. Farina,11.0,2.0,4.0,1.0,15.0,26.0,4.0,4.0,4.0,2.0,0.0,0.0
I1,08/04/2006,Ascoli,Inter,1.0,2.0,A,1.0,0.0,H,4.75,3.2,1.8,5.35,3.1,1.7,2005/6,€24.55m,€234.93m,S. Farina,8.0,14.0,3.0,8.0,18.0,18.0,1.0,3.0,3.0,1.0,0.0,1.0
I1,08/04/2006,Livorno,Udinese,0.0,2.0,A,0.0,1.0,A,2.62,2.62,3.2,2.6,2.65,2.95,2005/6,€56.38m,€89.60m,M. De Santis,12.0,6.0,6.0,4.0,16.0,18.0,3.0,1.0,1.0,0.0,0.0,1.0
I1,09/04/2006,Cagliari,Palermo,1.0,1.0,D,1.0,0.0,H,2.25,2.8,3.6,2.2,2.75,3.55,2005/6,€35.65m,€94.20m,E. Morganti,11.0,7.0,5.0,3.0,15.0,12.0,2.0,7.0,1.0,2.0,0.0,0.0
I1,09/04/2006,Empoli,Sampdoria,2.0,1.0,H,1.0,0.0,H,2.4,2.7,3.4,2.4,2.55,3.45,2005/6,€37.00m,€61.50m,G. Paparesta,5.0,12.0,4.0,4.0,22.0,22.0,2.0,5.0,0.0,1.0,0.0,0.0
I1,09/04/2006,Juventus,Fiorentina,1.0,1.0,D,0.0,0.0,D,1.72,3.3,5.0,1.75,3.25,4.45,2005/6,€308.90m,€138.68m,T. Pieri,15.0,11.0,4.0,5.0,17.0,20.0,10.0,0.0,3.0,3.0,0.0,0.0
I1,09/04/2006,Messina,Treviso,3.0,1.0,H,1.0,1.0,D,1.25,4.75,9.0,1.28,4.5,10.0,2005/6,€39.98m,€23.53m,M. Trefoloni,12.0,2.0,7.0,2.0,18.0,13.0,6.0,2.0,5.0,3.0,0.0,0.0
I1,09/04/2006,Milan,Chievo,4.0,1.0,H,1.0,1.0,D,1.33,4.5,9.5,1.35,4.15,8.5,2005/6,€269.75m,€49.55m,P. Bertini,18.0,9.0,9.0,4.0,12.0,14.0,9.0,3.0,0.0,2.0,0.0,0.0
I1,09/04/2006,Roma,Lecce,3.0,1.0,H,2.0,0.0,H,1.33,4.5,9.5,1.3,4.6,8.85,2005/6,€193.20m,€52.15m,M. Saccani,6.0,12.0,5.0,2.0,24.0,18.0,8.0,4.0,3.0,1.0,0.0,0.0
I1,09/04/2006,Siena,Lazio,2.0,3.0,A,2.0,2.0,D,2.8,2.2,3.2,2.9,2.1,3.5,2005/6,€34.98m,€83.05m,N. Rizzoli,16.0,12.0,9.0,10.0,22.0,19.0,5.0,4.0,1.0,3.0,0.0,0.0
I1,14/04/2006,Milan,Inter,1.0,0.0,H,0.0,0.0,D,2.4,3.0,3.1,2.35,2.9,3.05,2005/6,€269.75m,€234.93m,M. De Santis,8.0,11.0,4.0,5.0,24.0,18.0,3.0,4.0,4.0,4.0,0.0,0.0
I1,15/04/2006,Cagliari,Juventus,1.0,1.0,D,1.0,0.0,H,4.33,2.87,2.0,4.15,2.8,2.0,2005/6,€35.65m,€308.90m,N. Ayroldi,2.0,16.0,1.0,5.0,31.0,30.0,1.0,9.0,4.0,2.0,2.0,0.0
I1,15/04/2006,Chievo,Messina,2.0,0.0,H,1.0,0.0,H,1.9,3.25,4.0,1.9,3.25,3.7,2005/6,€49.55m,€39.98m,G. Paparesta,9.0,10.0,3.0,2.0,19.0,25.0,3.0,8.0,3.0,4.0,1.0,0.0
I1,15/04/2006,Lazio,Livorno,3.0,1.0,H,1.0,0.0,H,1.57,3.5,6.5,1.5,3.45,7.0,2005/6,€83.05m,€56.38m,M. Trefoloni,4.0,5.0,4.0,3.0,23.0,24.0,2.0,2.0,2.0,3.0,0.0,1.0
I1,15/04/2006,Lecce,Udinese,1.0,2.0,A,1.0,1.0,D,3.2,3.1,2.25,2.95,3.2,2.25,2005/6,€52.15m,€89.60m,P. Tagliavento,15.0,10.0,6.0,4.0,19.0,18.0,4.0,6.0,1.0,4.0,0.0,0.0
I1,15/04/2006,Palermo,Roma,3.0,3.0,D,0.0,3.0,A,3.1,3.1,2.3,3.0,3.0,2.3,2005/6,€94.20m,€193.20m,R. Rosetti,15.0,10.0,7.0,6.0,21.0,19.0,4.0,1.0,3.0,3.0,0.0,0.0
I1,15/04/2006,Reggina,Ascoli,2.0,0.0,H,2.0,0.0,H,1.9,2.8,5.0,1.83,2.85,5.0,2005/6,€43.65m,€24.55m,C. Brighi,5.0,7.0,4.0,0.0,19.0,14.0,7.0,9.0,3.0,1.0,1.0,0.0
I1,15/04/2006,Sampdoria,Parma,1.0,2.0,A,1.0,0.0,H,1.9,2.5,5.5,2.0,2.4,5.0,2005/6,€61.50m,€57.05m,O. Girardi,10.0,12.0,3.0,5.0,18.0,22.0,3.0,2.0,0.0,1.0,0.0,0.0
I1,15/04/2006,Treviso,Fiorentina,1.0,3.0,A,1.0,1.0,D,10.0,5.0,1.28,10.0,4.6,1.27,2005/6,€23.53m,€138.68m,P. Rodomonti,5.0,8.0,1.0,5.0,16.0,16.0,6.0,5.0,1.0,2.0,0.0,0.0
I1,22/04/2006,Ascoli,Cagliari,2.0,2.0,D,1.0,0.0,H,2.5,2.1,4.0,2.75,2.0,4.15,2005/6,€24.55m,€35.65m,M. De Santis,23.0,5.0,7.0,3.0,18.0,14.0,8.0,2.0,4.0,2.0,1.0,2.0
I1,22/04/2006,Fiorentina,Empoli,2.0,1.0,H,1.0,0.0,H,1.25,5.0,8.0,1.25,5.0,10.0,2005/6,€138.68m,€37.00m,S. Farina,19.0,7.0,11.0,5.0,24.0,23.0,7.0,4.0,1.0,3.0,0.0,0.0
I1,22/04/2006,Inter,Reggina,4.0,0.0,H,3.0,0.0,H,1.25,5.0,8.0,1.25,5.0,10.0,2005/6,€234.93m,€43.65m,N. Rizzoli,16.0,4.0,13.0,2.0,16.0,13.0,5.0,1.0,0.0,0.0,0.0,0.0
I1,22/04/2006,Juventus,Lazio,1.0,1.0,D,0.0,1.0,A,1.61,3.4,5.0,1.55,3.25,6.75,2005/6,€308.90m,€83.05m,G. Paparesta,24.0,4.0,9.0,3.0,20.0,13.0,15.0,3.0,2.0,3.0,0.0,1.0
I1,22/04/2006,Lecce,Treviso,1.0,1.0,D,1.0,0.0,H,1.61,3.4,5.0,1.67,3.4,4.85,2005/6,€52.15m,€23.53m,G. Lops,17.0,18.0,8.0,11.0,18.0,22.0,8.0,4.0,0.0,2.0,1.0,0.0
I1,22/04/2006,Livorno,Palermo,3.0,1.0,H,2.0,0.0,H,3.0,3.0,2.25,2.8,3.1,2.4,2005/6,€56.38m,€94.20m,P. Bertini,13.0,13.0,8.0,6.0,23.0,13.0,3.0,4.0,3.0,2.0,0.0,0.0
I1,22/04/2006,Messina,Milan,1.0,3.0,A,1.0,2.0,A,3.5,3.25,1.9,4.1,3.2,1.85,2005/6,€39.98m,€269.75m,T. Pieri,6.0,11.0,3.0,6.0,23.0,14.0,3.0,5.0,5.0,4.0,3.0,1.0
I1,22/04/2006,Parma,Siena,1.0,1.0,D,0.0,1.0,A,2.4,2.1,4.33,2.25,2.25,4.25,2005/6,€57.05m,€34.98m,M. Bergonzi,8.0,7.0,3.0,1.0,16.0,20.0,4.0,3.0,1.0,1.0,0.0,0.0
I1,22/04/2006,Roma,Sampdoria,0.0,0.0,D,0.0,0.0,D,1.33,4.5,6.5,1.35,4.0,9.0,2005/6,€193.20m,€61.50m,E. Morganti,11.0,5.0,4.0,3.0,15.0,20.0,3.0,5.0,2.0,6.0,1.0,0.0
I1,22/04/2006,Udinese,Chievo,1.0,1.0,D,0.0,0.0,D,2.4,2.0,4.75,2.55,2.1,4.3,2005/6,€89.60m,€49.55m,D. Messina,12.0,5.0,7.0,1.0,21.0,16.0,4.0,1.0,2.0,1.0,0.0,0.0
I1,30/04/2006,Cagliari,Parma,3.0,1.0,H,2.0,0.0,H,1.44,4.0,7.5,1.48,3.65,6.8,2005/6,€35.65m,€57.05m,R. Rosetti,10.0,8.0,5.0,3.0,6.0,21.0,1.0,5.0,0.0,1.0,0.0,0.0
I1,30/04/2006,Chievo,Roma,4.0,4.0,D,2.0,3.0,A,3.25,3.2,2.2,3.15,3.15,2.15,2005/6,€49.55m,€193.20m,T. Pieri,8.0,15.0,7.0,10.0,25.0,17.0,3.0,9.0,1.0,3.0,0.0,0.0
I1,30/04/2006,Empoli,Inter,1.0,0.0,H,0.0,0.0,D,5.0,3.3,1.72,5.0,3.05,1.75,2005/6,€37.00m,€234.93m,P. Bertini,8.0,12.0,1.0,3.0,16.0,17.0,2.0,7.0,1.0,1.0,0.0,0.0
I1,30/04/2006,Lazio,Lecce,1.0,0.0,H,0.0,0.0,D,1.2,5.5,17.0,1.18,5.7,13.5,2005/6,€83.05m,€52.15m,G. Gava,8.0,3.0,2.0,2.0,15.0,22.0,7.0,3.0,0.0,4.0,0.0,1.0
I1,30/04/2006,Milan,Livorno,2.0,0.0,H,1.0,0.0,H,1.2,5.5,17.0,1.22,5.5,10.5,2005/6,€269.75m,€56.38m,S. Racalbuto,17.0,4.0,9.0,2.0,15.0,24.0,6.0,2.0,0.0,0.0,0.0,0.0
I1,30/04/2006,Palermo,Fiorentina,1.0,0.0,H,0.0,0.0,D,3.75,3.2,2.0,3.75,3.0,2.0,2005/6,€94.20m,€138.68m,M. Trefoloni,7.0,10.0,4.0,2.0,23.0,20.0,2.0,7.0,2.0,4.0,0.0,0.0
I1,30/04/2006,Reggina,Messina,3.0,0.0,H,0.0,0.0,D,1.9,3.25,4.0,2.0,3.3,3.35,2005/6,€43.65m,€39.98m,D. Messina,12.0,9.0,8.0,5.0,12.0,23.0,2.0,3.0,3.0,3.0,0.0,1.0
I1,30/04/2006,Sampdoria,Udinese,1.0,1.0,D,0.0,0.0,D,3.1,1.66,5.0,3.0,1.65,5.9,2005/6,€61.50m,€89.60m,L. Palanca,9.0,9.0,6.0,3.0,8.0,9.0,4.0,3.0,0.0,0.0,0.0,0.0
I1,30/04/2006,Siena,Juventus,0.0,3.0,A,0.0,3.0,A,9.0,4.0,1.4,8.65,4.0,1.36,2005/6,€34.98m,€308.90m,D. Tombolini,12.0,6.0,5.0,5.0,12.0,14.0,4.0,5.0,1.0,0.0,0.0,0.0
I1,30/04/2006,Treviso,Ascoli,2.0,2.0,D,2.0,1.0,H,3.75,2.2,2.5,4.0,2.1,2.65,2005/6,€23.53m,€24.55m,A. Dattilo,7.0,14.0,4.0,9.0,18.0,20.0,2.0,8.0,0.0,1.0,0.0,0.0
I1,07/05/2006,Ascoli,Lazio,1.0,4.0,A,1.0,3.0,A,2.87,2.5,3.0,3.15,2.37,2.8,2005/6,€24.55m,€83.05m,L. Marelli,9.0,8.0,5.0,6.0,26.0,16.0,2.0,3.0,3.0,1.0,0.0,0.0
I1,07/05/2006,Fiorentina,Reggina,5.0,2.0,H,3.0,0.0,H,1.12,7.0,21.0,1.1,7.55,17.5,2005/6,€138.68m,€43.65m,T. Pieri,16.0,9.0,9.0,5.0,8.0,18.0,4.0,2.0,1.0,2.0,0.0,0.0
I1,07/05/2006,Inter,Siena,1.0,1.0,D,0.0,0.0,D,1.4,4.0,9.0,1.36,4.0,9.0,2005/6,€234.93m,€34.98m,A. De Marco,11.0,9.0,7.0,5.0,9.0,11.0,2.0,3.0,1.0,2.0,1.0,0.0
I1,07/05/2006,Juventus,Palermo,2.0,1.0,H,1.0,0.0,H,1.14,6.5,21.0,1.15,6.5,13.5,2005/6,€308.90m,€94.20m,M. De Santis,10.0,6.0,6.0,4.0,30.0,4.0,5.0,3.0,3.0,1.0,0.0,0.0
I1,07/05/2006,Lecce,Chievo,0.0,0.0,D,0.0,0.0,D,5.5,3.1,1.72,5.0,3.05,1.75,2005/6,€52.15m,€49.55m,O. Pantana,17.0,11.0,4.0,5.0,20.0,14.0,8.0,7.0,2.0,0.0,1.0,0.0
I1,07/05/2006,Livorno,Sampdoria,0.0,0.0,D,0.0,0.0,D,2.4,2.4,4.0,2.35,2.3,4.2,2005/6,€56.38m,€61.50m,N. Stefanini,8.0,3.0,3.0,1.0,16.0,23.0,4.0,4.0,1.0,0.0,0.0,0.0
I1,07/05/2006,Messina,Empoli,1.0,2.0,A,0.0,1.0,A,2.37,2.75,3.4,2.35,2.65,3.4,2005/6,€39.98m,€37.00m,D. Preschern,12.0,4.0,4.0,3.0,10.0,5.0,4.0,4.0,4.0,0.0,1.0,0.0
I1,07/05/2006,Parma,Milan,2.0,3.0,A,0.0,2.0,A,9.0,5.0,1.3,10.0,4.1,1.33,2005/6,€57.05m,€269.75m,G. Paparesta,9.0,8.0,7.0,6.0,19.0,20.0,5.0,6.0,2.0,2.0,0.0,0.0
I1,07/05/2006,Roma,Treviso,1.0,0.0,H,1.0,0.0,H,1.1,8.0,26.0,1.11,7.5,16.0,2005/6,€193.20m,€23.53m,R. Rosetti,15.0,9.0,5.0,3.0,19.0,17.0,8.0,4.0,0.0,3.0,0.0,0.0
I1,07/05/2006,Udinese,Cagliari,2.0,0.0,H,1.0,0.0,H,1.72,3.0,6.0,1.75,2.75,6.25,2005/6,€89.60m,€35.65m,L. Banti,13.0,13.0,8.0,5.0,13.0,17.0,4.0,6.0,0.0,2.0,0.0,0.0
I1,14/05/2006,Cagliari,Inter,2.0,2.0,D,2.0,2.0,D,2.62,2.87,2.6,3.05,2.65,2.55,2005/6,€35.65m,€234.93m,M. Mazzoleni,8.0,12.0,2.0,3.0,12.0,14.0,2.0,3.0,0.0,3.0,0.0,0.0
I1,14/05/2006,Chievo,Fiorentina,0.0,2.0,A,0.0,1.0,A,8.5,3.25,1.44,7.2,3.4,1.5,2005/6,€49.55m,€138.68m,M. Bergonzi,8.0,13.0,3.0,6.0,20.0,16.0,6.0,2.0,0.0,0.0,0.0,0.0
I1,14/05/2006,Empoli,Ascoli,1.0,2.0,A,1.0,0.0,H,1.8,2.7,5.0,1.8,2.55,6.75,2005/6,€37.00m,€24.55m,R. Herberg,11.0,8.0,6.0,4.0,21.0,17.0,5.0,2.0,1.0,1.0,1.0,0.0
I1,14/05/2006,Lazio,Parma,1.0,0.0,H,0.0,0.0,D,1.8,2.7,5.0,1.9,2.65,5.15,2005/6,€83.05m,€57.05m,A. Giannoccaro,8.0,8.0,4.0,2.0,15.0,20.0,4.0,5.0,0.0,0.0,0.0,0.0
I1,14/05/2006,Milan,Roma,2.0,1.0,H,1.0,1.0,D,1.61,3.6,4.5,1.7,3.8,4.05,2005/6,€269.75m,€193.20m,A. De Marco,12.0,8.0,5.0,4.0,16.0,19.0,6.0,5.0,1.0,2.0,0.0,1.0
I1,14/05/2006,Palermo,Messina,1.0,0.0,H,1.0,0.0,H,1.36,3.8,8.0,1.37,3.9,9.0,2005/6,€94.20m,€39.98m,O. Pantana,9.0,9.0,3.0,3.0,15.0,17.0,3.0,4.0,0.0,0.0,0.0,0.0
I1,14/05/2006,Reggina,Juventus,0.0,2.0,A,0.0,1.0,A,15.0,5.0,1.18,15.0,4.3,1.25,2005/6,€43.65m,€308.90m,L. Banti,4.0,14.0,1.0,6.0,15.0,16.0,1.0,10.0,3.0,2.0,0.0,0.0
I1,14/05/2006,Sampdoria,Lecce,1.0,3.0,A,0.0,1.0,A,1.57,2.87,7.0,1.6,2.8,8.75,2005/6,€61.50m,€52.15m,F. Squillace,16.0,15.0,6.0,8.0,27.0,13.0,7.0,5.0,2.0,0.0,0.0,0.0
I1,14/05/2006,Siena,Livorno,0.0,0.0,D,0.0,0.0,D,2.3,2.25,4.2,2.35,2.25,4.4,2005/6,€34.98m,€56.38m,O. Girardi,10.0,8.0,5.0,1.0,18.0,17.0,2.0,5.0,0.0,0.0,0.0,0.0
I1,14/05/2006,Treviso,Udinese,2.0,1.0,H,1.0,1.0,D,3.8,2.3,2.4,4.05,2.25,2.45,2005/6,€23.53m,€89.60m,M. Ciampi,15.0,6.0,10.0,2.0,12.0,16.0,8.0,1.0,3.0,1.0,0.0,1.0
I1,09/09/2006,Fiorentina,Inter,2.0,3.0,A,0.0,2.0,A,3.25,3.0,2.3,3.05,2.85,2.4,2006/7,€159.60m,€267.23m,R. Rosetti,10.0,9.0,8.0,5.0,26.0,24.0,6.0,2.0,3.0,1.0,0.0,0.0
I1,09/09/2006,Roma,Livorno,2.0,0.0,H,1.0,0.0,H,1.44,3.75,8.5,1.44,3.7,7.5,2006/7,€220.65m,€68.33m,D. Messina,11.0,6.0,7.0,3.0,19.0,17.0,8.0,6.0,2.0,2.0,0.0,0.0
I1,10/09/2006,Atalanta,Ascoli,3.0,1.0,H,3.0,0.0,H,1.83,3.0,5.0,1.8,3.0,4.75,2006/7,€53.48m,€25.80m,M. Bergonzi,11.0,7.0,6.0,2.0,24.0,10.0,4.0,4.0,1.0,2.0,0.0,0.0
I1,10/09/2006,Cagliari,Catania,0.0,1.0,A,0.0,0.0,D,1.72,3.1,5.5,1.75,3.1,4.9,2006/7,€45.15m,€38.60m,G. Rocchi,16.0,9.0,7.0,5.0,16.0,17.0,3.0,5.0,0.0,5.0,1.0,0.0
I1,10/09/2006,Chievo,Siena,1.0,2.0,A,1.0,0.0,H,1.72,3.1,5.5,1.7,3.2,5.05,2006/7,€83.50m,€46.08m,C. Brighi,3.0,7.0,2.0,6.0,14.0,26.0,6.0,7.0,4.0,1.0,1.0,0.0
I1,10/09/2006,Messina,Udinese,1.0,0.0,H,0.0,0.0,D,2.8,3.0,2.6,2.95,2.85,2.45,2006/7,€40.58m,€104.58m,P. Mazzoleni,9.0,12.0,5.0,4.0,16.0,18.0,4.0,4.0,3.0,1.0,0.0,0.0
I1,10/09/2006,Milan,Lazio,2.0,1.0,H,1.0,0.0,H,1.44,3.75,8.5,1.4,3.8,8.25,2006/7,€274.35m,€105.35m,P. Bertini,8.0,10.0,6.0,6.0,14.0,14.0,4.0,3.0,3.0,3.0,0.0,0.0
I1,10/09/2006,Palermo,Reggina,4.0,3.0,H,3.0,1.0,H,1.44,3.75,8.5,1.4,3.7,8.75,2006/7,€127.28m,€50.10m,N. Ayroldi,13.0,13.0,6.0,8.0,31.0,23.0,4.0,3.0,4.0,4.0,0.0,1.0
I1,10/09/2006,Sampdoria,Empoli,1.0,2.0,A,1.0,1.0,D,1.57,3.4,7.0,1.55,3.3,6.7,2006/7,€69.45m,€44.30m,G. Gava,13.0,13.0,4.0,7.0,36.0,28.0,7.0,6.0,3.0,1.0,2.0,0.0
I1,10/09/2006,Torino,Parma,1.0,1.0,D,0.0,0.0,D,2.0,3.2,3.75,1.85,3.1,4.3,2006/7,€55.55m,€46.90m,N. Stefanini,16.0,10.0,9.0,4.0,18.0,21.0,6.0,1.0,2.0,2.0,0.0,0.0
I1,16/09/2006,Inter,Sampdoria,1.0,1.0,D,0.0,0.0,D,1.28,4.75,11.0,1.25,5.0,10.0,2006/7,€267.23m,€69.45m,P. Tagliavento,11.0,3.0,5.0,1.0,18.0,12.0,8.0,4.0,3.0,2.0,0.0,0.0
I1,16/09/2006,Reggina,Cagliari,2.0,1.0,H,0.0,0.0,D,2.25,3.1,3.2,2.3,3.15,2.9,2006/7,€50.10m,€45.15m,O. Girardi,14.0,9.0,8.0,1.0,20.0,18.0,9.0,2.0,3.0,3.0,0.0,0.0
I1,17/09/2006,Ascoli,Messina,1.0,1.0,D,0.0,0.0,D,2.25,3.0,3.3,2.25,2.85,3.3,2006/7,€25.80m,€40.58m,L. Banti,13.0,4.0,4.0,2.0,12.0,14.0,8.0,2.0,3.0,4.0,0.0,1.0
I1,17/09/2006,Catania,Atalanta,0.0,0.0,D,0.0,0.0,D,2.25,3.0,3.3,2.33,2.85,3.15,2006/7,€38.60m,€53.48m,L. Palanca,10.0,6.0,5.0,2.0,29.0,24.0,8.0,1.0,3.0,6.0,0.0,0.0
I1,17/09/2006,Empoli,Chievo,1.0,1.0,D,0.0,1.0,A,2.2,3.0,3.4,2.15,2.95,3.35,2006/7,€44.30m,€83.50m,F. Squillace,11.0,4.0,2.0,1.0,24.0,19.0,6.0,6.0,1.0,1.0,0.0,1.0
I1,17/09/2006,Lazio,Palermo,1.0,2.0,A,0.0,2.0,A,2.0,3.1,3.8,2.15,3.0,3.35,2006/7,€105.35m,€127.28m,N. Rizzoli,16.0,8.0,12.0,5.0,23.0,29.0,14.0,3.0,4.0,4.0,0.0,0.0
I1,17/09/2006,Livorno,Fiorentina,1.0,0.0,H,0.0,0.0,D,3.25,3.0,2.3,3.25,2.9,2.25,2006/7,€68.33m,€159.60m,S. Farina,10.0,16.0,4.0,5.0,24.0,23.0,3.0,5.0,1.0,2.0,0.0,1.0
I1,17/09/2006,Parma,Milan,0.0,2.0,A,0.0,1.0,A,6.0,3.8,1.53,6.5,3.35,1.55,2006/7,€46.90m,€274.35m,M. Trefoloni,12.0,11.0,6.0,7.0,16.0,12.0,3.0,4.0,2.0,3.0,0.0,0.0
I1,17/09/2006,Siena,Roma,1.0,3.0,A,0.0,0.0,D,4.0,3.25,1.9,4.2,3.2,1.83,2006/7,€46.08m,€220.65m,A. De Marco,5.0,19.0,2.0,12.0,12.0,12.0,4.0,7.0,1.0,0.0,1.0,0.0
I1,17/09/2006,Udinese,Torino,2.0,0.0,H,1.0,0.0,H,2.0,3.1,4.0,2.0,3.1,3.65,2006/7,€104.58m,€55.55m,O. Pantana,14.0,11.0,6.0,4.0,16.0,26.0,3.0,6.0,4.0,1.0,0.0,0.0
I1,20/09/2006,Atalanta,Empoli,0.0,0.0,D,0.0,0.0,D,2.0,3.0,4.0,1.9,2.95,4.3,2006/7,€53.48m,€44.30m,G. Lops,6.0,7.0,3.0,4.0,15.0,14.0,6.0,7.0,3.0,1.0,0.0,0.0
I1,20/09/2006,Cagliari,Livorno,2.0,2.0,D,1.0,1.0,D,2.25,2.87,3.5,2.2,2.8,3.5,2006/7,€45.15m,€68.33m,L. Marelli,16.0,5.0,9.0,2.0,17.0,29.0,8.0,3.0,1.0,2.0,0.0,0.0
I1,20/09/2006,Chievo,Lazio,0.0,1.0,A,0.0,0.0,D,2.5,2.87,3.0,2.45,2.9,2.9,2006/7,€83.50m,€105.35m,L. Banti,5.0,7.0,2.0,6.0,16.0,12.0,5.0,6.0,4.0,1.0,0.0,0.0
I1,20/09/2006,Fiorentina,Parma,1.0,0.0,H,1.0,0.0,H,1.5,3.75,7.0,1.46,3.6,7.5,2006/7,€159.60m,€46.90m,T. Pieri,11.0,10.0,6.0,5.0,23.0,28.0,8.0,4.0,2.0,6.0,1.0,0.0
I1,20/09/2006,Messina,Reggina,2.0,0.0,H,1.0,0.0,H,2.1,3.0,3.75,1.95,2.9,4.2,2006/7,€40.58m,€50.10m,M. Saccani,8.0,13.0,2.0,3.0,16.0,18.0,1.0,5.0,6.0,3.0,0.0,0.0
I1,20/09/2006,Milan,Ascoli,1.0,0.0,H,0.0,0.0,D,1.16,6.0,19.0,1.13,6.15,19.0,2006/7,€274.35m,€25.80m,P. Dondarini,16.0,12.0,5.0,6.0,9.0,11.0,5.0,1.0,0.0,2.0,0.0,0.0
I1,20/09/2006,Palermo,Catania,5.0,3.0,H,1.0,1.0,D,1.57,3.4,7.0,1.55,3.35,6.5,2006/7,€127.28m,€38.60m,M. Trefoloni,16.0,9.0,9.0,5.0,29.0,20.0,8.0,8.0,1.0,2.0,1.0,0.0
I1,20/09/2006,Roma,Inter,0.0,1.0,A,0.0,1.0,A,2.6,2.87,2.87,2.5,2.9,2.85,2006/7,€220.65m,€267.23m,N. Rizzoli,10.0,9.0,6.0,7.0,18.0,21.0,7.0,8.0,3.0,1.0,0.0,1.0
I1,20/09/2006,Sampdoria,Udinese,3.0,3.0,D,1.0,3.0,A,2.1,3.0,3.75,2.15,2.95,3.4,2006/7,€69.45m,€104.58m,P. Bertini,14.0,9.0,8.0,7.0,21.0,20.0,8.0,2.0,4.0,2.0,0.0,0.0
I1,20/09/2006,Torino,Siena,1.0,2.0,A,1.0,2.0,A,2.0,3.0,4.0,1.85,3.0,4.5,2006/7,€55.55m,€46.08m,A. Giannoccaro,11.0,8.0,4.0,5.0,13.0,18.0,6.0,4.0,1.0,3.0,0.0,0.0
I1,23/09/2006,Catania,Messina,2.0,2.0,D,0.0,1.0,A,2.3,2.87,3.4,2.25,2.8,3.4,2006/7,€38.60m,€40.58m,S. Farina,14.0,11.0,7.0,5.0,17.0,22.0,8.0,3.0,3.0,3.0,1.0,1.0
I1,23/09/2006,Livorno,Milan,0.0,0.0,D,0.0,0.0,D,6.0,3.4,1.61,5.85,3.3,1.6,2006/7,€68.33m,€274.35m,N. Ayroldi,8.0,16.0,2.0,5.0,18.0,17.0,4.0,5.0,2.0,3.0,0.0,0.0
I1,24/09/2006,Ascoli,Sampdoria,1.0,1.0,D,1.0,0.0,H,2.37,2.87,2.87,2.7,2.8,2.7,2006/7,€25.80m,€69.45m,P. Mazzoleni,12.0,9.0,5.0,6.0,23.0,17.0,11.0,7.0,4.0,2.0,0.0,1.0
I1,24/09/2006,Empoli,Palermo,2.0,0.0,H,1.0,0.0,H,3.1,3.0,2.4,2.95,2.85,2.45,2006/7,€44.30m,€127.28m,P. Tagliavento,11.0,14.0,6.0,4.0,21.0,22.0,4.0,3.0,2.0,3.0,0.0,1.0
I1,24/09/2006,Inter,Chievo,4.0,3.0,H,1.0,0.0,H,1.22,5.5,13.0,1.22,5.0,12.5,2006/7,€267.23m,€83.50m,A. Giannoccaro,13.0,6.0,9.0,4.0,18.0,13.0,8.0,3.0,2.0,0.0,0.0,0.0
I1,24/09/2006,Lazio,Atalanta,1.0,0.0,H,0.0,0.0,D,1.7,3.25,4.5,1.66,3.3,5.2,2006/7,€105.35m,€53.48m,O. Girardi,15.0,7.0,9.0,4.0,20.0,23.0,6.0,2.0,2.0,4.0,0.0,0.0
I1,24/09/2006,Parma,Roma,0.0,4.0,A,0.0,2.0,A,4.0,3.1,2.0,3.95,3.15,1.9,2006/7,€46.90m,€220.65m,G. Rocchi,13.0,15.0,4.0,8.0,23.0,16.0,3.0,4.0,3.0,3.0,0.0,0.0
I1,24/09/2006,Reggina,Torino,1.0,1.0,D,0.0,0.0,D,2.2,3.1,3.4,2.2,2.8,3.5,2006/7,€50.10m,€55.55m,C. Brighi,11.0,11.0,3.0,3.0,21.0,26.0,7.0,2.0,3.0,5.0,0.0,0.0
I1,24/09/2006,Siena,Cagliari,0.0,0.0,D,0.0,0.0,D,2.05,3.1,3.75,1.9,3.0,4.2,2006/7,€46.08m,€45.15m,A. Romeo,4.0,9.0,1.0,3.0,31.0,18.0,4.0,3.0,2.0,2.0,1.0,0.0
I1,24/09/2006,Udinese,Fiorentina,1.0,0.0,H,1.0,0.0,H,2.37,2.9,3.2,2.35,2.9,3.05,2006/7,€104.58m,€159.60m,M. Bergonzi,12.0,10.0,5.0,7.0,19.0,20.0,4.0,7.0,2.0,2.0,0.0,0.0
I1,30/09/2006,Atalanta,Reggina,1.0,1.0,D,1.0,1.0,D,1.9,3.1,4.33,1.85,3.1,4.3,2006/7,€53.48m,€50.10m,O. Pantana,11.0,14.0,3.0,2.0,17.0,19.0,5.0,3.0,3.0,3.0,0.0,0.0
I1,30/09/2006,Torino,Lazio,0.0,4.0,A,0.0,0.0,D,2.5,2.87,3.0,2.5,2.85,2.9,2006/7,€55.55m,€105.35m,T. Pieri,14.0,12.0,1.0,6.0,14.0,14.0,5.0,4.0,1.0,1.0,0.0,0.0
I1,01/10/2006,Cagliari,Inter,1.0,1.0,D,1.0,1.0,D,6.0,3.4,1.61,6.0,3.25,1.6,2006/7,€45.15m,€267.23m,D. Messina,7.0,15.0,2.0,5.0,11.0,26.0,3.0,6.0,2.0,4.0,0.0,0.0
I1,01/10/2006,Chievo,Palermo,0.0,1.0,A,0.0,1.0,A,2.75,2.87,2.75,2.85,2.8,2.55,2006/7,€83.50m,€127.28m,S. Farina,6.0,7.0,3.0,3.0,19.0,15.0,5.0,4.0,1.0,2.0,0.0,0.0
I1,01/10/2006,Fiorentina,Catania,3.0,0.0,H,0.0,0.0,D,1.4,4.0,9.0,1.4,3.8,8.0,2006/7,€159.60m,€38.60m,S. Farina,19.0,3.0,14.0,1.0,27.0,20.0,8.0,2.0,3.0,3.0,0.0,2.0
I1,01/10/2006,Messina,Livorno,0.0,1.0,A,0.0,0.0,D,2.3,2.87,3.4,2.15,2.8,3.6,2006/7,€40.58m,€68.33m,P. Dondarini,13.0,12.0,5.0,7.0,10.0,10.0,6.0,1.0,2.0,3.0,0.0,0.0
I1,01/10/2006,Milan,Siena,0.0,0.0,D,0.0,0.0,D,1.22,5.5,13.0,1.2,5.6,12.0,2006/7,€274.35m,€46.08m,N. Stefanini,18.0,12.0,8.0,6.0,12.0,14.0,9.0,2.0,0.0,4.0,0.0,0.0
I1,01/10/2006,Roma,Empoli,1.0,0.0,H,1.0,0.0,H,1.36,4.33,9.0,1.33,4.5,8.0,2006/7,€220.65m,€44.30m,R. Rosetti,14.0,10.0,7.0,2.0,15.0,17.0,3.0,7.0,1.0,0.0,0.0,0.0
I1,01/10/2006,Sampdoria,Parma,3.0,2.0,H,1.0,1.0,D,1.8,3.2,4.75,1.8,3.15,4.45,2006/7,€69.45m,€46.90m,N. Rizzoli,16.0,12.0,8.0,5.0,26.0,20.0,6.0,6.0,4.0,3.0,0.0,1.0
I1,01/10/2006,Udinese,Ascoli,0.0,0.0,D,0.0,0.0,D,1.57,3.4,7.0,1.55,3.45,6.2,2006/7,€104.58m,€25.80m,R. Herberg,13.0,11.0,7.0,4.0,21.0,23.0,5.0,2.0,3.0,2.0,0.0,0.0
I1,14/10/2006,Sampdoria,Milan,1.0,1.0,D,0.0,0.0,D,4.75,3.2,1.8,4.9,3.25,1.7,2006/7,€69.45m,€274.35m,R. Rosetti,11.0,11.0,5.0,5.0,10.0,17.0,1.0,5.0,3.0,3.0,0.0,0.0
I1,14/10/2006,Siena,Messina,3.0,1.0,H,1.0,1.0,D,2.0,2.87,4.33,1.95,2.8,4.4,2006/7,€46.08m,€40.58m,N. Ayroldi,20.0,4.0,9.0,3.0,24.0,17.0,5.0,2.0,1.0,1.0,1.0,2.0
I1,15/10/2006,Ascoli,Livorno,0.0,2.0,A,0.0,1.0,A,2.5,2.8,3.1,2.3,2.8,3.25,2006/7,€25.80m,€68.33m,C. Brighi,9.0,4.0,4.0,4.0,18.0,18.0,3.0,5.0,5.0,2.0,0.0,1.0
I1,15/10/2006,Empoli,Fiorentina,1.0,2.0,A,1.0,0.0,H,3.2,2.87,2.4,2.95,2.9,2.4,2006/7,€44.30m,€159.60m,M. Saccani,6.0,20.0,1.0,8.0,18.0,23.0,3.0,6.0,3.0,6.0,0.0,1.0
I1,15/10/2006,Inter,Catania,2.0,1.0,H,1.0,1.0,D,1.2,5.5,17.0,1.15,6.4,14.0,2006/7,€267.23m,€38.60m,P. Mazzoleni,8.0,5.0,4.0,3.0,22.0,14.0,10.0,3.0,1.0,2.0,0.0,0.0
I1,15/10/2006,Lazio,Cagliari,0.0,0.0,D,0.0,0.0,D,1.61,3.4,6.0,1.6,3.3,5.85,2006/7,€105.35m,€45.15m,A. De Marco,10.0,3.0,4.0,0.0,21.0,15.0,7.0,5.0,4.0,1.0,1.0,2.0
I1,15/10/2006,Palermo,Atalanta,2.0,3.0,A,2.0,2.0,D,1.57,3.6,6.0,1.5,3.45,7.0,2006/7,€127.28m,€53.48m,L. Banti,12.0,12.0,4.0,9.0,15.0,21.0,2.0,7.0,2.0,2.0,0.0,0.0
I1,15/10/2006,Parma,Udinese,0.0,3.0,A,0.0,2.0,A,2.87,2.87,2.6,2.75,2.9,2.55,2006/7,€46.90m,€104.58m,L. Palanca,14.0,9.0,7.0,5.0,21.0,18.0,7.0,4.0,2.0,3.0,0.0,1.0
I1,15/10/2006,Reggina,Roma,1.0,0.0,H,0.0,0.0,D,5.0,3.4,1.72,4.8,3.3,1.7,2006/7,€50.10m,€220.65m,M. Trefoloni,8.0,13.0,3.0,5.0,20.0,28.0,7.0,6.0,6.0,5.0,0.0,0.0
I1,15/10/2006,Torino,Chievo,1.0,0.0,H,0.0,0.0,D,2.3,2.87,3.4,2.2,2.85,3.4,2006/7,€55.55m,€83.50m,P. Bertini,9.0,5.0,3.0,1.0,25.0,16.0,6.0,6.0,5.0,1.0,0.0,0.0
I1,21/10/2006,Cagliari,Torino,0.0,0.0,D,0.0,0.0,D,2.1,3.0,3.75,2.2,2.85,3.4,2006/7,€45.15m,€55.55m,P. Tagliavento,14.0,3.0,8.0,0.0,20.0,20.0,8.0,3.0,0.0,4.0,0.0,0.0
I1,21/10/2006,Messina,Empoli,2.0,2.0,D,1.0,1.0,D,2.37,2.75,3.4,2.3,2.95,3.1,2006/7,€40.58m,€44.30m,G. Gava,7.0,8.0,3.0,3.0,23.0,14.0,3.0,8.0,3.0,1.0,0.0,0.0
I1,22/10/2006,Atalanta,Sampdoria,3.0,2.0,H,1.0,2.0,A,2.37,2.87,3.25,2.35,2.75,3.25,2006/7,€53.48m,€69.45m,A. Romeo,7.0,4.0,4.0,3.0,23.0,28.0,6.0,2.0,1.0,5.0,0.0,0.0
I1,22/10/2006,Catania,Lazio,3.0,1.0,H,2.0,0.0,H,3.4,2.87,2.3,3.2,2.95,2.25,2006/7,€38.60m,€105.35m,D. Messina,12.0,9.0,8.0,2.0,20.0,30.0,3.0,2.0,2.0,3.0,0.0,0.0
I1,22/10/2006,Fiorentina,Reggina,3.0,0.0,H,2.0,0.0,H,1.4,4.0,9.0,1.45,3.65,7.5,2006/7,€159.60m,€50.10m,L. Marelli,13.0,3.0,5.0,1.0,12.0,15.0,6.0,4.0,2.0,1.0,0.0,0.0
I1,22/10/2006,Livorno,Siena,0.0,0.0,D,0.0,0.0,D,1.9,3.1,4.33,2.0,2.75,4.25,2006/7,€68.33m,€46.08m,M. Girard,5.0,9.0,1.0,2.0,20.0,14.0,5.0,1.0,3.0,2.0,0.0,0.0
I1,22/10/2006,Milan,Palermo,0.0,2.0,A,0.0,0.0,D,1.5,3.6,7.5,1.45,3.65,7.4,2006/7,€274.35m,€127.28m,G. Rocchi,11.0,8.0,5.0,4.0,10.0,16.0,9.0,1.0,1.0,3.0,0.0,0.0
I1,22/10/2006,Parma,Ascoli,1.0,0.0,H,1.0,0.0,H,2.0,3.0,4.0,2.05,2.9,3.75,2006/7,€46.90m,€25.80m,G. Lops,6.0,9.0,4.0,6.0,22.0,30.0,2.0,4.0,3.0,2.0,0.0,0.0
I1,22/10/2006,Roma,Chievo,1.0,1.0,D,0.0,1.0,A,1.36,4.33,9.0,1.4,3.75,8.5,2006/7,€220.65m,€83.50m,P. Dondarini,25.0,8.0,11.0,5.0,10.0,17.0,12.0,5.0,0.0,2.0,0.0,0.0
I1,22/10/2006,Udinese,Inter,0.0,0.0,D,0.0,0.0,D,3.75,3.0,2.1,3.7,3.05,2.0,2006/7,€104.58m,€267.23m,T. Pieri,11.0,7.0,3.0,4.0,13.0,24.0,5.0,7.0,2.0,3.0,0.0,0.0
I1,25/10/2006,Atalanta,Cagliari,3.0,3.0,D,1.0,2.0,A,2.0,2.87,4.33,2.0,2.87,4.33,2006/7,€53.48m,€45.15m,N. Stefanini,12.0,8.0,4.0,5.0,19.0,22.0,5.0,2.0,3.0,1.0,0.0,0.0
I1,25/10/2006,Chievo,Milan,0.0,1.0,A,0.0,1.0,A,6.5,3.5,1.57,6.5,3.5,1.57,2006/7,€83.50m,€274.35m,N. Rizzoli,7.0,12.0,2.0,6.0,11.0,15.0,6.0,5.0,2.0,2.0,0.0,0.0
I1,25/10/2006,Empoli,Udinese,1.0,1.0,D,0.0,0.0,D,2.87,2.87,2.6,2.87,2.87,2.6,2006/7,€44.30m,€104.58m,A. Giannoccaro,12.0,8.0,5.0,4.0,10.0,12.0,3.0,3.0,1.0,4.0,0.0,0.0
I1,25/10/2006,Inter,Livorno,4.0,1.0,H,2.0,0.0,H,1.28,4.5,13.0,1.28,4.5,13.0,2006/7,€267.23m,€68.33m,M. Saccani,16.0,10.0,11.0,4.0,11.0,12.0,8.0,4.0,0.0,2.0,0.0,0.0
I1,25/10/2006,Palermo,Messina,2.0,1.0,H,2.0,1.0,H,1.5,3.75,7.0,1.5,3.75,7.0,2006/7,€127.28m,€40.58m,T. Pieri,12.0,17.0,7.0,9.0,21.0,17.0,4.0,6.0,2.0,3.0,0.0,0.0
I1,25/10/2006,Reggina,Parma,3.0,2.0,H,1.0,1.0,D,2.1,3.0,3.75,2.1,3.0,3.75,2006/7,€50.10m,€46.90m,R. Rosetti,11.0,10.0,8.0,5.0,22.0,24.0,1.0,2.0,2.0,4.0,1.0,1.0
I1,25/10/2006,Roma,Ascoli,2.0,2.0,D,0.0,1.0,A,1.25,5.0,13.0,1.25,5.0,13.0,2006/7,€220.65m,€25.80m,G. Rocchi,17.0,4.0,10.0,3.0,7.0,21.0,8.0,3.0,3.0,5.0,0.0,0.0
I1,25/10/2006,Sampdoria,Lazio,2.0,0.0,H,0.0,0.0,D,2.2,3.0,3.4,2.2,3.0,3.4,2006/7,€69.45m,€105.35m,M. Trefoloni,12.0,12.0,6.0,7.0,16.0,22.0,7.0,2.0,2.0,1.0,0.0,2.0
I1,25/10/2006,Siena,Catania,1.0,1.0,D,0.0,0.0,D,1.9,3.0,4.5,1.9,3.0,4.5,2006/7,€46.08m,€38.60m,C. Brighi,17.0,8.0,9.0,4.0,21.0,22.0,3.0,5.0,1.0,1.0,0.0,0.0
I1,25/10/2006,Torino,Fiorentina,0.0,1.0,A,0.0,1.0,A,3.4,2.87,2.3,3.4,2.87,2.3,2006/7,€55.55m,€159.60m,N. Ayroldi,13.0,10.0,6.0,4.0,19.0,20.0,7.0,6.0,2.0,1.0,0.0,0.0
I1,28/10/2006,Milan,Inter,3.0,4.0,A,0.0,2.0,A,2.6,2.8,3.0,2.5,2.85,2.9,2006/7,€274.35m,€267.23m,S. Farina,17.0,9.0,15.0,8.0,25.0,20.0,9.0,1.0,3.0,4.0,0.0,1.0
I1,28/10/2006,Udinese,Roma,0.0,1.0,A,0.0,0.0,D,2.6,2.8,3.0,2.65,2.9,2.65,2006/7,€104.58m,€220.65m,P. Bertini,11.0,16.0,2.0,10.0,20.0,15.0,7.0,4.0,4.0,3.0,1.0,0.0
I1,29/10/2006,Ascoli,Siena,0.0,1.0,A,0.0,0.0,D,2.37,2.87,3.25,2.4,2.85,3.05,2006/7,€25.80m,€46.08m,L. Palanca,9.0,11.0,5.0,4.0,20.0,19.0,4.0,4.0,5.0,2.0,1.0,1.0
I1,29/10/2006,Cagliari,Sampdoria,1.0,0.0,H,1.0,0.0,H,2.4,2.87,3.2,2.4,2.85,3.0,2006/7,€45.15m,€69.45m,O. Pantana,6.0,5.0,2.0,0.0,10.0,20.0,2.0,2.0,2.0,2.0,0.0,0.0
I1,29/10/2006,Catania,Torino,1.0,1.0,D,1.0,0.0,H,2.5,2.87,3.0,2.3,2.85,3.2,2006/7,€38.60m,€55.55m,M. Ciampi,8.0,9.0,4.0,4.0,30.0,24.0,1.0,6.0,2.0,3.0,1.0,0.0
I1,29/10/2006,Fiorentina,Palermo,2.0,3.0,A,1.0,1.0,D,2.0,3.0,4.0,1.95,2.95,4.0,2006/7,€159.60m,€127.28m,D. Messina,18.0,9.0,6.0,5.0,18.0,26.0,3.0,2.0,0.0,4.0,0.0,0.0
I1,29/10/2006,Lazio,Reggina,0.0,0.0,D,0.0,0.0,D,1.72,3.3,5.0,1.65,3.2,5.5,2006/7,€105.35m,€50.10m,G. Gava,14.0,7.0,5.0,3.0,21.0,23.0,10.0,2.0,5.0,2.0,1.0,0.0
I1,29/10/2006,Livorno,Empoli,0.0,0.0,D,0.0,0.0,D,2.0,3.0,4.0,2.0,2.8,4.15,2006/7,€68.33m,€44.30m,M. Bergonzi,11.0,6.0,2.0,4.0,18.0,17.0,4.0,3.0,1.0,0.0,0.0,0.0
I1,29/10/2006,Messina,Chievo,2.0,1.0,H,1.0,1.0,D,2.2,2.8,3.75,2.2,2.85,3.35,2006/7,€40.58m,€83.50m,O. Girardi,19.0,11.0,8.0,4.0,14.0,17.0,10.0,7.0,3.0,4.0,1.0,0.0
I1,29/10/2006,Parma,Atalanta,3.0,1.0,H,1.0,0.0,H,2.25,2.87,3.5,2.3,2.9,3.15,2006/7,€46.90m,€53.48m,R. Herberg,8.0,6.0,6.0,4.0,22.0,20.0,3.0,8.0,4.0,3.0,0.0,1.0
I1,04/11/2006,Reggina,Catania,0.0,1.0,A,0.0,0.0,D,2.0,2.87,4.33,1.9,3.15,3.9,2006/7,€50.10m,€38.60m,P. Tagliavento,14.0,14.0,7.0,5.0,20.0,16.0,9.0,6.0,2.0,2.0,0.0,0.0
I1,04/11/2006,Siena,Parma,2.0,2.0,D,0.0,1.0,A,1.9,3.0,4.5,1.85,3.0,4.4,2006/7,€46.08m,€46.90m,F. Squillace,8.0,9.0,4.0,4.0,12.0,12.0,9.0,6.0,2.0,2.0,0.0,0.0
I1,05/11/2006,Atalanta,Milan,2.0,0.0,H,0.0,0.0,D,6.0,3.2,1.66,5.25,3.25,1.65,2006/7,€53.48m,€274.35m,T. Pieri,6.0,13.0,5.0,3.0,22.0,17.0,3.0,11.0,1.0,2.0,0.0,0.0
I1,05/11/2006,Chievo,Cagliari,0.0,0.0,D,0.0,0.0,D,2.2,2.8,3.75,2.1,3.0,3.4,2006/7,€83.50m,€45.15m,P. Mazzoleni,8.0,9.0,3.0,1.0,23.0,17.0,6.0,5.0,4.0,2.0,0.0,0.0
I1,05/11/2006,Empoli,Lazio,1.0,1.0,D,0.0,1.0,A,2.37,2.87,3.25,2.55,2.8,2.85,2006/7,€44.30m,€105.35m,C. Brighi,10.0,9.0,3.0,4.0,28.0,22.0,5.0,4.0,2.0,2.0,2.0,1.0
I1,05/11/2006,Inter,Ascoli,2.0,0.0,H,1.0,0.0,H,1.14,6.5,21.0,1.15,6.0,15.0,2006/7,€267.23m,€25.80m,L. Banti,13.0,7.0,6.0,4.0,9.0,8.0,6.0,7.0,4.0,1.0,0.0,0.0
I1,05/11/2006,Livorno,Udinese,1.0,0.0,H,0.0,0.0,D,2.6,2.75,3.0,2.4,2.8,3.05,2006/7,€68.33m,€104.58m,G. Rocchi,4.0,5.0,3.0,1.0,23.0,23.0,8.0,1.0,1.0,2.0,0.0,1.0
I1,05/11/2006,Palermo,Sampdoria,2.0,0.0,H,1.0,0.0,H,1.66,3.25,6.0,1.7,3.2,5.0,2006/7,€127.28m,€69.45m,M. Saccani,10.0,9.0,6.0,4.0,15.0,21.0,2.0,4.0,1.0,0.0,0.0,1.0
I1,05/11/2006,Roma,Fiorentina,3.0,1.0,H,1.0,1.0,D,2.0,3.0,4.0,1.95,3.0,3.9,2006/7,€220.65m,€159.60m,R. Rosetti,17.0,5.0,6.0,3.0,20.0,24.0,4.0,3.0,2.0,1.0,0.0,0.0
I1,05/11/2006,Torino,Messina,1.0,1.0,D,0.0,1.0,A,2.1,2.8,4.0,2.0,3.0,3.7,2006/7,€55.55m,€40.58m,A. Romeo,15.0,11.0,6.0,2.0,26.0,15.0,10.0,2.0,4.0,4.0,0.0,1.0
I1,11/11/2006,Fiorentina,Atalanta,3.0,1.0,H,1.0,1.0,D,1.66,3.4,5.5,1.65,3.2,5.5,2006/7,€159.60m,€53.48m,A. De Marco,21.0,10.0,10.0,4.0,20.0,20.0,3.0,3.0,1.0,3.0,0.0,0.0
I1,11/11/2006,Milan,Roma,1.0,2.0,A,0.0,1.0,A,2.0,3.0,4.0,1.9,3.1,3.95,2006/7,€274.35m,€220.65m,D. Messina,24.0,12.0,11.0,6.0,20.0,15.0,7.0,6.0,2.0,3.0,0.0,0.0
I1,12/11/2006,Ascoli,Empoli,0.0,1.0,A,0.0,1.0,A,2.4,2.8,3.3,2.5,2.85,2.85,2006/7,€25.80m,€44.30m,P. Dondarini,11.0,8.0,7.0,3.0,28.0,21.0,9.0,3.0,1.0,3.0,0.0,0.0
I1,12/11/2006,Catania,Livorno,3.0,2.0,H,1.0,1.0,D,2.4,2.8,3.3,2.3,2.8,3.2,2006/7,€38.60m,€68.33m,N. Ayroldi,14.0,8.0,8.0,3.0,18.0,21.0,9.0,4.0,2.0,1.0,0.0,0.0
I1,12/11/2006,Lazio,Udinese,5.0,0.0,H,2.0,0.0,H,2.3,2.87,3.4,2.35,2.9,3.0,2006/7,€105.35m,€104.58m,M. Bergonzi,14.0,6.0,11.0,0.0,15.0,17.0,4.0,1.0,2.0,3.0,0.0,1.0
I1,12/11/2006,Messina,Cagliari,2.0,2.0,D,1.0,0.0,H,2.25,2.8,3.6,2.0,2.9,3.85,2006/7,€40.58m,€45.15m,A. Giannoccaro,13.0,9.0,9.0,4.0,20.0,8.0,7.0,7.0,3.0,3.0,0.0,0.0
I1,12/11/2006,Palermo,Torino,3.0,0.0,H,1.0,0.0,H,1.44,4.0,7.5,1.45,3.55,7.5,2006/7,€127.28m,€55.55m,L. Palanca,14.0,12.0,11.0,4.0,18.0,11.0,4.0,0.0,3.0,1.0,0.0,0.0
I1,12/11/2006,Parma,Inter,1.0,2.0,A,1.0,1.0,D,6.5,3.5,1.57,5.75,3.5,1.55,2006/7,€46.90m,€267.23m,M. Saccani,9.0,14.0,3.0,8.0,21.0,17.0,3.0,9.0,3.0,2.0,0.0,1.0
I1,12/11/2006,Sampdoria,Chievo,3.0,0.0,H,3.0,0.0,H,1.83,3.25,4.5,1.75,3.0,5.0,2006/7,€69.45m,€83.50m,L. Marelli,17.0,10.0,8.0,8.0,22.0,19.0,7.0,10.0,2.0,3.0,0.0,1.0
I1,12/11/2006,Siena,Reggina,0.0,1.0,A,0.0,0.0,D,2.1,2.8,4.0,1.95,2.8,4.3,2006/7,€46.08m,€50.10m,N. Rizzoli,13.0,11.0,4.0,7.0,22.0,15.0,10.0,3.0,4.0,5.0,0.0,0.0
I1,18/11/2006,Cagliari,Palermo,1.0,0.0,H,0.0,0.0,D,3.5,2.87,2.25,3.35,2.8,2.25,2006/7,€45.15m,€127.28m,P. Bertini,9.0,8.0,3.0,4.0,11.0,26.0,3.0,2.0,2.0,3.0,0.0,1.0
I1,18/11/2006,Empoli,Milan,0.0,0.0,D,0.0,0.0,D,5.5,3.4,1.66,6.0,3.2,1.6,2006/7,€44.30m,€274.35m,P. Tagliavento,8.0,15.0,5.0,8.0,22.0,24.0,2.0,6.0,2.0,3.0,0.0,0.0
I1,19/11/2006,Ascoli,Fiorentina,1.0,1.0,D,0.0,1.0,A,5.0,3.3,1.72,5.75,3.1,1.65,2006/7,€25.80m,€159.60m,P. Mazzoleni,11.0,7.0,3.0,5.0,19.0,16.0,5.0,5.0,1.0,3.0,0.0,0.0
I1,19/11/2006,Chievo,Atalanta,2.0,2.0,D,1.0,0.0,H,2.37,2.87,3.25,2.35,2.8,3.15,2006/7,€83.50m,€53.48m,N. Stefanini,13.0,14.0,5.0,7.0,16.0,24.0,6.0,8.0,1.0,5.0,0.0,0.0
I1,19/11/2006,Inter,Reggina,1.0,0.0,H,1.0,0.0,H,1.2,5.5,17.0,1.17,5.65,14.0,2006/7,€267.23m,€50.10m,G. Rocchi,11.0,6.0,4.0,2.0,30.0,14.0,3.0,8.0,2.0,3.0,0.0,0.0
I1,19/11/2006,Livorno,Parma,3.0,0.0,H,1.0,0.0,H,1.9,3.1,4.33,1.85,3.0,4.35,2006/7,€68.33m,€46.90m,A. Romeo,16.0,10.0,9.0,5.0,16.0,17.0,3.0,0.0,0.0,3.0,0.0,1.0
I1,19/11/2006,Messina,Lazio,1.0,4.0,A,0.0,1.0,A,2.7,2.8,2.87,2.55,2.8,2.85,2006/7,€40.58m,€105.35m,N. Ayroldi,4.0,13.0,1.0,6.0,19.0,20.0,5.0,10.0,1.0,3.0,0.0,0.0
I1,19/11/2006,Roma,Catania,7.0,0.0,H,4.0,0.0,H,1.3,4.5,12.0,1.2,5.25,12.5,2006/7,€220.65m,€38.60m,O. Girardi,25.0,5.0,16.0,2.0,15.0,14.0,12.0,3.0,1.0,1.0,0.0,2.0
I1,19/11/2006,Torino,Sampdoria,1.0,0.0,H,0.0,0.0,D,2.5,2.87,3.0,2.45,2.75,3.05,2006/7,€55.55m,€69.45m,L. Banti,11.0,3.0,3.0,1.0,23.0,21.0,10.0,3.0,5.0,3.0,0.0,0.0
I1,19/11/2006,Udinese,Siena,3.0,0.0,H,2.0,0.0,H,2.1,3.0,3.75,2.0,3.0,3.7,2006/7,€104.58m,€46.08m,S. Farina,9.0,7.0,4.0,5.0,14.0,21.0,5.0,1.0,1.0,3.0,0.0,0.0
I1,25/11/2006,Chievo,Udinese,2.0,0.0,H,1.0,0.0,H,3.0,2.87,2.5,2.95,2.75,2.5,2006/7,€83.50m,€104.58m,O. Pantana,11.0,7.0,8.0,3.0,18.0,19.0,5.0,4.0,2.0,2.0,0.0,0.0
I1,25/11/2006,Milan,Messina,1.0,0.0,H,1.0,0.0,H,1.25,5.0,13.0,1.25,4.75,11.0,2006/7,€274.35m,€40.58m,G. Gava,28.0,10.0,12.0,3.0,8.0,20.0,10.0,2.0,0.0,5.0,0.0,0.0
I1,26/11/2006,Atalanta,Torino,1.0,2.0,A,0.0,0.0,D,2.0,2.8,4.0,2.1,2.8,3.7,2006/7,€53.48m,€55.55m,P. Dondarini,9.0,5.0,6.0,2.0,17.0,17.0,8.0,4.0,1.0,1.0,0.0,0.0
I1,26/11/2006,Catania,Parma,2.0,0.0,H,0.0,0.0,D,2.1,2.8,4.0,2.1,2.8,3.75,2006/7,€38.60m,€46.90m,M. Bergonzi,9.0,6.0,5.0,3.0,23.0,17.0,8.0,3.0,1.0,2.0,0.0,1.0
I1,26/11/2006,Empoli,Cagliari,1.0,0.0,H,1.0,0.0,H,2.37,2.87,3.25,2.3,2.7,3.4,2006/7,€44.30m,€45.15m,L. Marelli,11.0,11.0,4.0,5.0,28.0,17.0,6.0,7.0,1.0,0.0,0.0,0.0
I1,26/11/2006,Lazio,Ascoli,3.0,1.0,H,2.0,1.0,H,1.44,3.75,8.5,1.4,3.8,8.0,2006/7,€105.35m,€25.80m,G. Paparesta,9.0,10.0,9.0,4.0,23.0,16.0,3.0,9.0,2.0,2.0,0.0,0.0
I1,26/11/2006,Palermo,Inter,1.0,2.0,A,1.0,1.0,D,3.2,2.75,2.5,2.8,2.95,2.45,2006/7,€127.28m,€267.23m,R. Rosetti,10.0,15.0,3.0,8.0,21.0,16.0,6.0,4.0,1.0,1.0,0.0,0.0
I1,26/11/2006,Reggina,Livorno,2.0,2.0,D,0.0,2.0,A,2.3,2.8,3.5,2.25,2.75,3.4,2006/7,€50.10m,€68.33m,A. Giannoccaro,9.0,7.0,6.0,4.0,22.0,16.0,10.0,3.0,2.0,1.0,0.0,1.0
I1,26/11/2006,Sampdoria,Roma,2.0,4.0,A,1.0,3.0,A,3.6,2.87,2.2,3.55,2.8,2.15,2006/7,€69.45m,€220.65m,N. Ayroldi,11.0,14.0,4.0,9.0,23.0,17.0,7.0,6.0,3.0,2.0,0.0,0.0
I1,26/11/2006,Siena,Fiorentina,1.0,1.0,D,1.0,1.0,D,3.5,2.8,2.3,3.25,2.85,2.25,2006/7,€46.08m,€159.60m,M. Saccani,13.0,10.0,6.0,5.0,23.0,28.0,6.0,4.0,4.0,3.0,0.0,0.0
I1,02/12/2006,Inter,Siena,2.0,0.0,H,1.0,0.0,H,1.22,5.5,13.0,1.22,5.0,12.0,2006/7,€267.23m,€46.08m,A. De Marco,5.0,6.0,4.0,3.0,20.0,16.0,4.0,7.0,2.0,4.0,0.0,0.0
I1,02/12/2006,Roma,Atalanta,2.0,1.0,H,0.0,1.0,A,1.33,4.5,9.5,1.35,4.0,9.0,2006/7,€220.65m,€53.48m,O. Pantana,10.0,11.0,5.0,4.0,21.0,16.0,5.0,2.0,2.0,2.0,0.0,1.0
I1,03/12/2006,Ascoli,Catania,2.0,2.0,D,2.0,0.0,H,2.4,2.87,3.2,2.55,2.7,2.9,2006/7,€25.80m,€38.60m,T. Pieri,11.0,7.0,4.0,4.0,31.0,15.0,5.0,4.0,4.0,3.0,0.0,0.0
I1,03/12/2006,Cagliari,Milan,2.0,2.0,D,0.0,0.0,D,5.0,3.0,1.83,5.35,2.9,1.75,2006/7,€45.15m,€274.35m,C. Brighi,11.0,11.0,5.0,5.0,12.0,22.0,5.0,5.0,2.0,0.0,0.0,1.0
I1,03/12/2006,Fiorentina,Lazio,1.0,0.0,H,1.0,0.0,H,1.9,3.25,4.0,1.95,2.9,4.05,2006/7,€159.60m,€105.35m,N. Rizzoli,9.0,9.0,5.0,5.0,24.0,16.0,6.0,2.0,2.0,2.0,0.0,0.0
I1,03/12/2006,Livorno,Chievo,0.0,2.0,A,0.0,0.0,D,1.9,3.1,4.33,1.8,2.9,5.0,2006/7,€68.33m,€83.50m,P. Tagliavento,7.0,13.0,2.0,8.0,13.0,24.0,3.0,7.0,1.0,1.0,0.0,0.0
I1,03/12/2006,Messina,Sampdoria,0.0,2.0,A,0.0,1.0,A,2.37,2.9,3.2,2.3,2.7,3.35,2006/7,€40.58m,€69.45m,E. Morganti,10.0,9.0,5.0,4.0,18.0,17.0,5.0,5.0,2.0,4.0,1.0,0.0
I1,03/12/2006,Parma,Palermo,0.0,0.0,D,0.0,0.0,D,4.33,2.87,2.0,4.15,2.85,1.95,2006/7,€46.90m,€127.28m,D. Messina,12.0,7.0,5.0,3.0,20.0,8.0,3.0,6.0,1.0,0.0,0.0,0.0
I1,03/12/2006,Torino,Empoli,1.0,0.0,H,0.0,0.0,D,2.1,2.8,4.0,2.1,2.75,3.8,2006/7,€55.55m,€44.30m,D. Celi,12.0,5.0,7.0,3.0,15.0,22.0,4.0,3.0,2.0,1.0,0.0,0.0
I1,03/12/2006,Udinese,Reggina,1.0,1.0,D,0.0,1.0,A,1.83,3.0,5.0,1.8,3.0,4.7,2006/7,€104.58m,€50.10m,P. Bertini,21.0,3.0,9.0,1.0,21.0,29.0,12.0,1.0,1.0,3.0,0.0,1.0
I1,09/12/2006,Palermo,Livorno,3.0,0.0,H,2.0,0.0,H,1.57,3.5,6.5,1.6,3.15,6.3,2006/7,€127.28m,€68.33m,G. Rocchi,15.0,9.0,9.0,3.0,17.0,14.0,4.0,7.0,1.0,4.0,0.0,0.0
I1,09/12/2006,Reggina,Ascoli,2.0,1.0,H,1.0,0.0,H,1.72,3.1,5.5,1.7,3.1,5.2,2006/7,€50.10m,€25.80m,D. Messina,11.0,7.0,5.0,4.0,28.0,29.0,8.0,3.0,2.0,2.0,0.0,0.0
I1,10/12/2006,Atalanta,Messina,3.0,2.0,H,1.0,0.0,H,1.72,3.3,5.0,1.65,3.05,6.0,2006/7,€53.48m,€40.58m,S. Farina,14.0,13.0,9.0,5.0,15.0,32.0,5.0,3.0,2.0,3.0,0.0,0.0
I1,10/12/2006,Cagliari,Parma,0.0,0.0,D,0.0,0.0,D,1.9,3.0,4.5,1.85,2.85,4.75,2006/7,€45.15m,€46.90m,M. Ciampi,9.0,11.0,4.0,3.0,7.0,21.0,5.0,2.0,1.0,5.0,0.0,0.0
I1,10/12/2006,Catania,Udinese,1.0,0.0,H,0.0,0.0,D,2.5,2.87,3.0,2.4,2.75,3.1,2006/7,€38.60m,€104.58m,A. De Marco,8.0,14.0,3.0,7.0,18.0,21.0,4.0,8.0,1.0,2.0,0.0,0.0
I1,10/12/2006,Chievo,Fiorentina,0.0,1.0,A,0.0,0.0,D,3.25,3.0,2.3,3.35,2.8,2.25,2006/7,€83.50m,€159.60m,G. Paparesta,6.0,12.0,4.0,5.0,20.0,18.0,2.0,3.0,3.0,1.0,0.0,0.0
I1,10/12/2006,Empoli,Inter,0.0,3.0,A,0.0,0.0,D,7.0,3.4,1.57,6.65,3.25,1.55,2006/7,€44.30m,€267.23m,N. Ayroldi,7.0,12.0,2.0,6.0,17.0,15.0,2.0,2.0,2.0,3.0,0.0,0.0
I1,10/12/2006,Lazio,Roma,3.0,0.0,H,1.0,0.0,H,3.2,2.87,2.4,3.3,2.9,2.2,2006/7,€105.35m,€220.65m,R. Rosetti,13.0,13.0,6.0,5.0,24.0,21.0,3.0,5.0,5.0,2.0,0.0,0.0
I1,10/12/2006,Milan,Torino,0.0,0.0,D,0.0,0.0,D,1.36,4.0,11.0,1.3,4.8,8.0,2006/7,€274.35m,€55.55m,O. Girardi,14.0,9.0,4.0,3.0,21.0,19.0,7.0,3.0,1.0,2.0,0.0,0.0
I1,10/12/2006,Sampdoria,Siena,0.0,0.0,D,0.0,0.0,D,1.9,3.1,4.33,1.9,2.75,4.75,2006/7,€69.45m,€46.08m,F. Squillace,15.0,6.0,4.0,0.0,22.0,38.0,9.0,0.0,2.0,4.0,0.0,1.0
I1,16/12/2006,Fiorentina,Milan,2.0,2.0,D,1.0,1.0,D,2.5,2.87,3.0,2.4,2.85,3.0,2006/7,€159.60m,€274.35m,M. Saccani,12.0,8.0,6.0,3.0,25.0,23.0,5.0,5.0,2.0,4.0,0.0,0.0
I1,16/12/2006,Udinese,Cagliari,3.0,1.0,H,2.0,0.0,H,2.0,2.8,4.5,2.0,2.7,4.3,2006/7,€104.58m,€45.15m,R. Herberg,10.0,12.0,6.0,5.0,17.0,16.0,4.0,11.0,4.0,1.0,1.0,0.0
I1,17/12/2006,Ascoli,Torino,0.0,2.0,A,0.0,0.0,D,3.0,2.75,2.6,2.8,2.7,2.65,2006/7,€25.80m,€55.55m,M. Trefoloni,7.0,9.0,1.0,5.0,26.0,20.0,4.0,2.0,1.0,2.0,1.0,1.0
I1,17/12/2006,Inter,Messina,2.0,0.0,H,0.0,0.0,D,1.14,6.5,21.0,1.15,6.5,13.0,2006/7,€267.23m,€40.58m,N. Stefanini,22.0,12.0,11.0,5.0,12.0,13.0,11.0,2.0,2.0,2.0,0.0,0.0
I1,17/12/2006,Livorno,Lazio,1.0,1.0,D,0.0,1.0,A,2.6,3.1,2.7,2.45,2.9,2.85,2006/7,€68.33m,€105.35m,O. Pantana,8.0,5.0,4.0,2.0,30.0,17.0,2.0,3.0,4.0,4.0,0.0,1.0
I1,17/12/2006,Parma,Chievo,2.0,2.0,D,1.0,1.0,D,2.2,3.0,3.4,2.15,2.9,3.4,2006/7,€46.90m,€83.50m,E. Morganti,12.0,11.0,8.0,7.0,18.0,19.0,2.0,6.0,4.0,4.0,0.0,0.0
I1,17/12/2006,Reggina,Sampdoria,0.0,1.0,A,0.0,0.0,D,2.3,2.87,3.4,2.3,2.8,3.25,2006/7,€50.10m,€69.45m,C. Brighi,11.0,8.0,4.0,3.0,20.0,26.0,9.0,6.0,4.0,2.0,0.0,0.0
I1,17/12/2006,Roma,Palermo,4.0,0.0,H,1.0,0.0,H,1.9,3.25,4.0,1.85,3.0,4.4,2006/7,€220.65m,€127.28m,N. Rizzoli,24.0,11.0,12.0,3.0,18.0,17.0,6.0,4.0,2.0,2.0,0.0,1.0
I1,17/12/2006,Siena,Atalanta,1.0,1.0,D,0.0,1.0,A,2.3,2.87,3.4,2.3,2.9,3.1,2006/7,€46.08m,€53.48m,D. Orsato,13.0,12.0,9.0,4.0,17.0,14.0,6.0,3.0,1.0,3.0,1.0,0.0
I1,20/12/2006,Atalanta,Udinese,1.0,2.0,A,0.0,0.0,D,2.25,2.87,3.5,2.15,2.9,3.4,2006/7,€53.48m,€104.58m,N. Pierpaoli,13.0,10.0,7.0,4.0,27.0,17.0,2.0,2.0,4.0,1.0,0.0,1.0
I1,20/12/2006,Cagliari,Fiorentina,0.0,2.0,A,0.0,1.0,A,3.2,2.9,2.37,3.2,2.8,2.3,2006/7,€45.15m,€159.60m,O. Girardi,5.0,10.0,1.0,7.0,22.0,18.0,3.0,3.0,1.0,3.0,0.0,0.0
I1,20/12/2006,Chievo,Reggina,3.0,2.0,H,2.0,1.0,H,2.05,2.9,4.0,2.1,2.7,3.9,2006/7,€83.50m,€50.10m,S. Farina,11.0,6.0,5.0,3.0,25.0,23.0,4.0,1.0,1.0,4.0,0.0,0.0
I1,20/12/2006,Empoli,Siena,1.0,0.0,H,0.0,0.0,D,2.1,2.9,3.8,2.2,2.7,3.6,2006/7,€44.30m,€46.08m,A. Romeo,12.0,12.0,7.0,6.0,17.0,18.0,6.0,4.0,2.0,3.0,0.0,0.0
I1,20/12/2006,Lazio,Inter,0.0,2.0,A,0.0,1.0,A,4.0,3.0,2.0,4.0,3.0,1.9,2006/7,€105.35m,€267.23m,G. Rocchi,13.0,9.0,4.0,4.0,18.0,19.0,3.0,4.0,4.0,2.0,0.0,1.0
I1,20/12/2006,Messina,Parma,1.0,1.0,D,0.0,0.0,D,2.2,2.87,3.6,2.05,2.85,3.8,2006/7,€40.58m,€46.90m,A. Giannoccaro,10.0,14.0,3.0,9.0,14.0,22.0,9.0,4.0,2.0,2.0,0.0,0.0
I1,20/12/2006,Milan,Catania,3.0,0.0,H,1.0,0.0,H,1.33,4.33,10.0,1.3,4.25,10.0,2006/7,€274.35m,€38.60m,P. Dondarini,18.0,9.0,6.0,6.0,17.0,10.0,7.0,2.0,2.0,0.0,0.0,0.0
I1,20/12/2006,Palermo,Ascoli,4.0,0.0,H,1.0,0.0,H,1.25,5.0,13.0,1.2,5.5,11.5,2006/7,€127.28m,€25.80m,G. Gava,13.0,12.0,6.0,4.0,19.0,18.0,6.0,4.0,1.0,1.0,0.0,0.0
I1,20/12/2006,Sampdoria,Livorno,4.0,1.0,H,2.0,1.0,H,2.0,3.0,4.0,2.0,2.75,4.2,2006/7,€69.45m,€68.33m,L. Palanca,15.0,1.0,8.0,1.0,13.0,12.0,2.0,3.0,1.0,3.0,0.0,0.0
I1,20/12/2006,Torino,Roma,1.0,2.0,A,0.0,1.0,A,4.5,3.25,1.83,5.0,2.9,1.8,2006/7,€55.55m,€220.65m,G. Paparesta,8.0,12.0,6.0,8.0,18.0,14.0,2.0,6.0,2.0,2.0,1.0,0.0
I1,23/12/2006,Ascoli,Chievo,3.0,0.0,H,3.0,0.0,H,3.0,2.87,2.5,3.0,2.85,2.4,2006/7,€25.80m,€83.50m,A. De Marco,10.0,4.0,7.0,2.0,17.0,27.0,2.0,1.0,2.0,2.0,0.0,1.0
I1,23/12/2006,Catania,Sampdoria,4.0,2.0,H,3.0,2.0,H,2.37,2.87,3.25,2.2,2.8,3.45,2006/7,€38.60m,€69.45m,P. Mazzoleni,7.0,9.0,6.0,4.0,18.0,24.0,2.0,5.0,2.0,2.0,0.0,0.0
I1,23/12/2006,Fiorentina,Messina,4.0,0.0,H,3.0,0.0,H,1.28,4.5,13.0,1.25,4.75,11.0,2006/7,€159.60m,€40.58m,M. Bergonzi,16.0,4.0,7.0,3.0,8.0,15.0,5.0,3.0,2.0,1.0,0.0,1.0
I1,23/12/2006,Inter,Atalanta,2.0,1.0,H,0.0,1.0,A,1.25,5.0,13.0,1.25,4.8,10.75,2006/7,€267.23m,€53.48m,P. Bertini,9.0,10.0,5.0,6.0,17.0,19.0,6.0,5.0,2.0,3.0,0.0,0.0
I1,23/12/2006,Livorno,Torino,1.0,1.0,D,0.0,1.0,A,2.25,2.87,3.5,2.2,2.75,3.5,2006/7,€68.33m,€55.55m,A. Giannoccaro,9.0,12.0,4.0,4.0,18.0,19.0,7.0,4.0,3.0,4.0,0.0,1.0
I1,23/12/2006,Parma,Lazio,1.0,3.0,A,1.0,3.0,A,3.0,2.87,2.37,2.95,2.9,2.4,2006/7,€46.90m,€105.35m,M. Saccani,9.0,12.0,5.0,7.0,35.0,18.0,9.0,6.0,2.0,1.0,0.0,1.0
I1,23/12/2006,Reggina,Empoli,4.0,1.0,H,4.0,0.0,H,2.2,2.87,3.6,2.15,2.8,3.55,2006/7,€50.10m,€44.30m,M. Trefoloni,11.0,9.0,6.0,5.0,15.0,11.0,6.0,10.0,3.0,2.0,0.0,0.0
I1,23/12/2006,Roma,Cagliari,2.0,0.0,H,1.0,0.0,H,1.25,5.0,13.0,1.2,5.25,12.5,2006/7,€220.65m,€45.15m,P. Tagliavento,13.0,7.0,5.0,0.0,17.0,15.0,9.0,3.0,1.0,2.0,0.0,0.0
I1,23/12/2006,Siena,Palermo,1.0,1.0,D,1.0,1.0,D,3.4,3.0,2.2,3.1,3.0,2.25,2006/7,€46.08m,€127.28m,S. Farina,10.0,9.0,3.0,4.0,22.0,16.0,2.0,2.0,2.0,1.0,0.0,0.0
I1,23/12/2006,Udinese,Milan,0.0,3.0,A,0.0,2.0,A,3.4,3.0,2.2,3.7,2.9,2.05,2006/7,€104.58m,€274.35m,N. Rizzoli,13.0,7.0,6.0,3.0,9.0,18.0,5.0,3.0,2.0,2.0,0.0,0.0
I1,13/01/2007,Empoli,Parma,2.0,0.0,H,1.0,0.0,H,2.1,2.87,4.0,2.15,2.65,3.85,2006/7,€44.30m,€46.90m,L. Palanca,8.0,5.0,4.0,2.0,20.0,24.0,5.0,5.0,1.0,2.0,0.0,1.0
I1,13/01/2007,Torino,Inter,1.0,3.0,A,0.0,1.0,A,7.0,3.4,1.57,8.0,3.2,1.5,2006/7,€55.55m,€267.23m,M. Saccani,5.0,11.0,4.0,8.0,17.0,11.0,1.0,3.0,3.0,2.0,1.0,0.0
I1,14/01/2007,Atalanta,Livorno,5.0,1.0,H,2.0,0.0,H,2.0,3.0,4.0,1.85,3.0,4.4,2006/7,€53.48m,€68.33m,L. Marelli,13.0,8.0,9.0,3.0,15.0,19.0,2.0,2.0,0.0,2.0,0.0,1.0
I1,14/01/2007,Cagliari,Ascoli,1.0,0.0,H,1.0,0.0,H,1.72,3.1,5.75,1.65,3.4,5.0,2006/7,€45.15m,€25.80m,N. Rizzoli,14.0,7.0,8.0,4.0,17.0,23.0,3.0,7.0,0.0,2.0,0.0,0.0
I1,14/01/2007,Chievo,Catania,2.0,1.0,H,0.0,1.0,A,2.25,3.1,3.2,2.3,2.8,3.2,2006/7,€83.50m,€38.60m,D. Messina,13.0,7.0,8.0,4.0,31.0,23.0,5.0,3.0,1.0,5.0,0.0,0.0
I1,14/01/2007,Lazio,Siena,1.0,1.0,D,0.0,0.0,D,1.66,3.2,6.0,1.6,3.2,6.15,2006/7,€105.35m,€46.08m,G. Gava,11.0,16.0,5.0,6.0,14.0,25.0,6.0,8.0,0.0,2.0,0.0,0.0
I1,14/01/2007,Messina,Roma,1.0,1.0,D,0.0,1.0,A,7.0,3.4,1.57,6.75,3.25,1.55,2006/7,€40.58m,€220.65m,G. Rocchi,8.0,11.0,3.0,6.0,14.0,23.0,5.0,4.0,2.0,3.0,1.0,0.0
I1,14/01/2007,Milan,Reggina,3.0,1.0,H,2.0,0.0,H,1.28,5.0,10.0,1.2,5.25,12.5,2006/7,€274.35m,€50.10m,N. Ayroldi,9.0,10.0,6.0,6.0,18.0,10.0,5.0,4.0,0.0,0.0,0.0,0.0
I1,14/01/2007,Palermo,Udinese,2.0,0.0,H,1.0,0.0,H,1.8,3.2,4.75,1.7,3.2,5.0,2006/7,€127.28m,€104.58m,E. Morganti,12.0,17.0,5.0,8.0,17.0,13.0,2.0,9.0,0.0,1.0,0.0,0.0
I1,14/01/2007,Sampdoria,Fiorentina,0.0,0.0,D,0.0,0.0,D,2.8,2.87,2.7,2.75,2.75,2.65,2006/7,€69.45m,€159.60m,G. Paparesta,13.0,3.0,5.0,2.0,24.0,22.0,6.0,3.0,1.0,3.0,0.0,0.0
I1,20/01/2007,Ascoli,Atalanta,1.0,3.0,A,0.0,0.0,D,3.25,3.0,2.3,3.2,2.8,2.3,2006/7,€25.80m,€53.48m,S. Farina,8.0,9.0,3.0,5.0,17.0,19.0,6.0,6.0,3.0,1.0,0.0,0.0
I1,20/01/2007,Reggina,Palermo,0.0,0.0,D,0.0,0.0,D,3.1,3.1,2.3,3.1,2.9,2.3,2006/7,€50.10m,€127.28m,P. Bertini,5.0,7.0,1.0,3.0,19.0,23.0,2.0,4.0,4.0,2.0,0.0,0.0
I1,21/01/2007,Catania,Cagliari,0.0,1.0,A,0.0,1.0,A,2.1,2.8,4.0,2.0,2.7,4.3,2006/7,€38.60m,€45.15m,R. Rosetti,9.0,6.0,5.0,4.0,17.0,23.0,12.0,1.0,4.0,3.0,0.0,0.0
I1,21/01/2007,Empoli,Sampdoria,2.0,0.0,H,0.0,0.0,D,2.5,2.8,3.1,2.45,2.7,3.1,2006/7,€44.30m,€69.45m,L. Marelli,16.0,10.0,6.0,5.0,22.0,29.0,9.0,10.0,2.0,3.0,0.0,0.0
I1,21/01/2007,Inter,Fiorentina,3.0,1.0,H,2.0,1.0,H,1.53,3.5,7.0,1.5,3.35,7.25,2006/7,€267.23m,€159.60m,E. Morganti,9.0,8.0,5.0,4.0,19.0,16.0,7.0,3.0,2.0,2.0,0.0,0.0
I1,21/01/2007,Lazio,Milan,0.0,0.0,D,0.0,0.0,D,3.4,3.0,2.2,3.3,3.0,2.15,2006/7,€105.35m,€274.35m,M. Saccani,9.0,9.0,5.0,5.0,17.0,16.0,3.0,3.0,1.0,1.0,0.0,0.0
I1,21/01/2007,Livorno,Roma,1.0,1.0,D,1.0,0.0,H,4.5,3.0,1.9,4.45,3.1,1.8,2006/7,€68.33m,€220.65m,N. Ayroldi,3.0,15.0,1.0,7.0,24.0,13.0,1.0,10.0,4.0,2.0,0.0,1.0
I1,21/01/2007,Parma,Torino,1.0,0.0,H,0.0,0.0,D,2.5,2.8,3.1,2.55,2.8,2.85,2006/7,€46.90m,€55.55m,P. Mazzoleni,13.0,5.0,2.0,3.0,24.0,24.0,7.0,3.0,3.0,3.0,0.0,0.0
I1,21/01/2007,Siena,Chievo,2.0,1.0,H,0.0,1.0,A,2.2,2.8,3.75,2.1,2.65,4.0,2006/7,€46.08m,€83.50m,A. Giannoccaro,11.0,11.0,7.0,6.0,16.0,15.0,9.0,4.0,1.0,2.0,0.0,0.0
I1,21/01/2007,Udinese,Messina,1.0,0.0,H,0.0,0.0,D,1.57,3.4,7.0,1.55,3.4,6.1,2006/7,€104.58m,€40.58m,M. Ciampi,17.0,6.0,9.0,0.0,16.0,18.0,10.0,0.0,2.0,2.0,0.0,0.0
I1,24/01/2007,Catania,Empoli,2.0,1.0,H,0.0,0.0,D,2.25,2.87,3.5,2.1,2.8,3.75,2006/7,€38.60m,€44.30m,M. Bergonzi,12.0,9.0,5.0,3.0,18.0,29.0,5.0,5.0,2.0,3.0,0.0,0.0
I1,27/01/2007,Palermo,Lazio,0.0,3.0,A,0.0,1.0,A,1.9,3.1,4.33,1.8,3.1,4.5,2006/7,€127.28m,€105.35m,P. Dondarini,11.0,15.0,3.0,8.0,15.0,21.0,5.0,6.0,2.0,2.0,0.0,0.0
I1,27/01/2007,Torino,Udinese,2.0,3.0,A,0.0,2.0,A,2.5,2.87,3.0,2.35,2.85,3.05,2006/7,€55.55m,€104.58m,C. Brighi,14.0,13.0,5.0,6.0,18.0,12.0,4.0,2.0,1.0,0.0,1.0,0.0
I1,28/01/2007,Atalanta,Catania,1.0,1.0,D,1.0,0.0,H,1.75,3.25,5.0,1.75,3.1,4.8,2006/7,€53.48m,€38.60m,A. Romeo,15.0,6.0,11.0,1.0,18.0,19.0,10.0,2.0,2.0,3.0,0.0,0.0
I1,28/01/2007,Cagliari,Reggina,0.0,2.0,A,0.0,0.0,D,2.1,2.8,4.0,2.12,2.7,3.8,2006/7,€45.15m,€50.10m,A. De Marco,6.0,9.0,3.0,5.0,26.0,19.0,2.0,5.0,2.0,3.0,0.0,0.0
I1,28/01/2007,Chievo,Empoli,0.0,0.0,D,0.0,0.0,D,2.25,2.8,3.6,2.4,2.7,3.15,2006/7,€83.50m,€44.30m,A. Damato,8.0,5.0,3.0,2.0,28.0,18.0,8.0,2.0,3.0,2.0,0.0,0.0
I1,28/01/2007,Fiorentina,Livorno,2.0,1.0,H,0.0,1.0,A,1.53,3.6,6.5,1.5,3.3,7.5,2006/7,€159.60m,€68.33m,P. Bertini,23.0,10.0,10.0,6.0,21.0,25.0,4.0,1.0,2.0,2.0,0.0,0.0
I1,28/01/2007,Messina,Ascoli,1.0,2.0,A,0.0,0.0,D,1.75,3.25,5.0,1.75,3.0,5.0,2006/7,€40.58m,€25.80m,P. Tagliavento,8.0,10.0,3.0,7.0,21.0,21.0,3.0,8.0,1.0,6.0,0.0,1.0
I1,28/01/2007,Milan,Parma,1.0,0.0,H,0.0,0.0,D,1.28,4.75,12.0,1.2,5.25,13.0,2006/7,€274.35m,€46.90m,G. Gava,9.0,3.0,5.0,2.0,11.0,21.0,6.0,0.0,0.0,2.0,0.0,0.0
I1,28/01/2007,Roma,Siena,1.0,0.0,H,0.0,0.0,D,1.44,3.75,8.5,1.35,4.1,8.5,2006/7,€220.65m,€46.08m,A. Giannoccaro,16.0,5.0,6.0,4.0,20.0,26.0,5.0,8.0,2.0,2.0,0.0,1.0
I1,28/01/2007,Sampdoria,Inter,0.0,2.0,A,0.0,1.0,A,5.0,3.3,1.72,6.0,3.05,1.65,2006/7,€69.45m,€267.23m,N. Rizzoli,6.0,13.0,1.0,5.0,11.0,16.0,6.0,5.0,3.0,3.0,1.0,0.0
I1,02/02/2007,Catania,Palermo,1.0,2.0,A,0.0,0.0,D,2.87,2.87,2.6,2.6,2.9,2.7,2006/7,€38.60m,€127.28m,S. Farina,11.0,13.0,7.0,6.0,18.0,31.0,10.0,4.0,3.0,2.0,0.0,0.0
I1,11/02/2007,Atalanta,Lazio,0.0,0.0,D,0.0,0.0,D,2.5,2.87,2.75,2.5,2.9,2.8,2006/7,€53.48m,€105.35m,E. Morganti,8.0,8.0,3.0,5.0,17.0,15.0,3.0,3.0,1.0,1.0,0.0,0.0
I1,11/02/2007,Cagliari,Siena,2.0,2.0,D,1.0,1.0,D,2.2,2.87,3.2,2.3,2.7,3.35,2006/7,€45.15m,€46.08m,M. Bergonzi,8.0,8.0,3.0,5.0,20.0,26.0,3.0,3.0,0.0,2.0,0.0,0.0
I1,11/02/2007,Chievo,Inter,0.0,2.0,A,0.0,1.0,A,6.5,4.0,1.4,8.0,4.3,1.35,2006/7,€83.50m,€267.23m,D. Messina,14.0,9.0,4.0,4.0,17.0,14.0,7.0,2.0,2.0,1.0,0.0,0.0
I1,11/02/2007,Fiorentina,Udinese,2.0,0.0,H,2.0,0.0,H,1.66,3.2,5.0,1.75,3.1,4.75,2006/7,€159.60m,€104.58m,N. Ayroldi,16.0,14.0,7.0,7.0,22.0,13.0,5.0,7.0,3.0,1.0,0.0,0.0
I1,11/02/2007,Messina,Catania,1.0,1.0,D,1.0,0.0,H,2.5,2.87,2.75,2.6,2.7,2.9,2006/7,€40.58m,€38.60m,G. Paparesta,4.0,7.0,2.0,2.0,24.0,15.0,5.0,7.0,2.0,1.0,0.0,0.0
I1,11/02/2007,Milan,Livorno,2.0,1.0,H,1.0,1.0,D,1.28,4.5,9.0,1.25,5.0,10.0,2006/7,€274.35m,€68.33m,R. Rosetti,23.0,10.0,13.0,5.0,13.0,15.0,15.0,6.0,0.0,0.0,0.0,0.0
I1,11/02/2007,Palermo,Empoli,0.0,1.0,A,0.0,0.0,D,1.61,3.4,5.0,1.5,3.4,7.0,2006/7,€127.28m,€44.30m,O. Girardi,11.0,12.0,5.0,4.0,21.0,17.0,9.0,3.0,2.0,2.0,0.0,0.0
I1,11/02/2007,Roma,Parma,3.0,0.0,H,0.0,0.0,D,1.28,4.5,9.0,1.2,5.5,11.5,2006/7,€220.65m,€46.90m,M. Trefoloni,20.0,7.0,10.0,2.0,13.0,21.0,6.0,2.0,1.0,3.0,0.0,1.0
I1,11/02/2007,Sampdoria,Ascoli,2.0,0.0,H,0.0,0.0,D,1.53,3.4,6.0,1.45,3.75,7.0,2006/7,€69.45m,€25.80m,P. Bertini,17.0,9.0,7.0,2.0,15.0,13.0,9.0,8.0,2.0,4.0,0.0,1.0
I1,11/02/2007,Torino,Reggina,1.0,2.0,A,0.0,0.0,D,2.1,2.8,3.5,2.25,2.75,3.4,2006/7,€55.55m,€50.10m,G. Rocchi,17.0,4.0,9.0,3.0,22.0,24.0,4.0,9.0,1.0,3.0,0.0,0.0
I1,17/02/2007,Empoli,Roma,1.0,0.0,H,1.0,0.0,H,4.0,3.0,2.0,4.4,3.0,1.85,2006/7,€44.30m,€220.65m,P. Dondarini,10.0,9.0,4.0,5.0,18.0,19.0,4.0,9.0,2.0,1.0,1.0,0.0
I1,17/02/2007,Inter,Cagliari,1.0,0.0,H,1.0,0.0,H,1.2,5.5,17.0,1.2,5.5,11.5,2006/7,€267.23m,€45.15m,M. Trefoloni,11.0,3.0,5.0,1.0,18.0,10.0,8.0,2.0,2.0,2.0,0.0,0.0
I1,17/02/2007,Siena,Milan,3.0,4.0,A,2.0,2.0,D,5.0,3.0,1.83,5.5,3.0,1.7,2006/7,€46.08m,€274.35m,D. Messina,10.0,12.0,4.0,4.0,18.0,18.0,4.0,5.0,4.0,2.0,0.0,1.0
I1,18/02/2007,Ascoli,Udinese,2.0,2.0,D,0.0,2.0,A,3.75,3.0,2.1,3.9,2.9,2.0,2006/7,€25.80m,€104.58m,A. De Marco,13.0,6.0,7.0,4.0,29.0,14.0,4.0,1.0,3.0,2.0,0.0,0.0
I1,18/02/2007,Catania,Fiorentina,0.0,1.0,A,0.0,0.0,D,4.0,3.0,2.0,3.65,2.95,2.05,2006/7,€38.60m,€159.60m,A. Giannoccaro,3.0,17.0,1.0,8.0,17.0,21.0,2.0,4.0,1.0,1.0,1.0,0.0
I1,18/02/2007,Lazio,Torino,2.0,0.0,H,1.0,0.0,H,1.57,3.4,7.0,1.6,3.25,6.0,2006/7,€105.35m,€55.55m,N. Rizzoli,16.0,10.0,10.0,5.0,21.0,14.0,6.0,5.0,1.0,0.0,0.0,0.0
I1,18/02/2007,Livorno,Messina,2.0,1.0,H,1.0,0.0,H,1.66,3.2,6.0,1.7,2.9,5.85,2006/7,€68.33m,€40.58m,S. Farina,14.0,9.0,7.0,4.0,20.0,18.0,6.0,9.0,1.0,3.0,0.0,0.0
I1,18/02/2007,Palermo,Chievo,1.0,1.0,D,1.0,1.0,D,1.57,3.4,7.0,1.45,3.7,7.0,2006/7,€127.28m,€83.50m,N. Stefanini,5.0,8.0,3.0,2.0,22.0,16.0,2.0,1.0,6.0,2.0,0.0,0.0
I1,18/02/2007,Parma,Sampdoria,0.0,1.0,A,0.0,0.0,D,2.75,2.87,2.75,2.65,2.85,2.7,2006/7,€46.90m,€69.45m,C. Brighi,11.0,11.0,4.0,4.0,27.0,12.0,6.0,4.0,2.0,2.0,0.0,0.0
I1,18/02/2007,Reggina,Atalanta,1.0,1.0,D,0.0,0.0,D,2.2,2.87,3.6,2.1,2.9,3.6,2006/7,€50.10m,€53.48m,M. Bergonzi,6.0,10.0,3.0,6.0,24.0,19.0,5.0,7.0,4.0,4.0,0.0,1.0
I1,24/02/2007,Atalanta,Palermo,1.0,1.0,D,1.0,0.0,H,2.3,3.0,2.87,2.25,3.0,3.1,2006/7,€53.48m,€127.28m,R. Rosetti,7.0,8.0,2.0,2.0,13.0,13.0,5.0,10.0,2.0,1.0,0.0,0.0
I1,24/02/2007,Chievo,Torino,3.0,0.0,H,2.0,0.0,H,2.1,2.8,3.5,2.15,2.7,3.75,2006/7,€83.50m,€55.55m,M. Saccani,10.0,5.0,5.0,4.0,15.0,23.0,2.0,3.0,4.0,3.0,0.0,0.0
I1,25/02/2007,Cagliari,Lazio,0.0,2.0,A,0.0,2.0,A,3.1,2.87,2.25,3.0,2.85,2.4,2006/7,€45.15m,€105.35m,D. Messina,7.0,8.0,2.0,4.0,19.0,18.0,5.0,3.0,1.0,2.0,1.0,0.0
I1,25/02/2007,Catania,Inter,2.0,5.0,A,0.0,1.0,A,7.5,4.33,1.33,8.5,4.1,1.35,2006/7,€38.60m,€267.23m,P. Bertini,5.0,20.0,4.0,10.0,13.0,22.0,2.0,6.0,1.0,1.0,1.0,0.0
I1,25/02/2007,Fiorentina,Empoli,2.0,0.0,H,1.0,0.0,H,1.57,3.2,6.0,1.55,3.2,7.0,2006/7,€159.60m,€44.30m,G. Paparesta,17.0,5.0,7.0,3.0,23.0,17.0,5.0,6.0,2.0,2.0,0.0,0.0
I1,25/02/2007,Livorno,Ascoli,0.0,0.0,D,0.0,0.0,D,1.61,3.3,5.25,1.5,3.3,7.5,2006/7,€68.33m,€25.80m,O. Girardi,13.0,7.0,6.0,3.0,16.0,18.0,3.0,7.0,2.0,4.0,0.0,0.0
I1,25/02/2007,Messina,Siena,1.0,0.0,H,0.0,0.0,D,2.4,2.75,3.0,2.5,2.7,3.0,2006/7,€40.58m,€46.08m,O. Pantana,9.0,15.0,2.0,5.0,19.0,22.0,4.0,4.0,4.0,1.0,0.0,0.0
I1,25/02/2007,Milan,Sampdoria,1.0,0.0,H,0.0,0.0,D,1.4,3.75,7.5,1.35,4.0,8.85,2006/7,€274.35m,€69.45m,N. Ayroldi,14.0,9.0,4.0,4.0,15.0,15.0,7.0,7.0,1.0,2.0,1.0,1.0
I1,25/02/2007,Roma,Reggina,3.0,0.0,H,0.0,0.0,D,1.3,4.5,8.0,1.3,4.5,9.0,2006/7,€220.65m,€50.10m,P. Tagliavento,17.0,5.0,9.0,3.0,21.0,24.0,7.0,6.0,3.0,3.0,0.0,0.0
I1,25/02/2007,Udinese,Parma,3.0,3.0,D,1.0,1.0,D,1.61,3.4,5.0,1.5,3.3,7.5,2006/7,€104.58m,€46.90m,T. Pieri,9.0,8.0,5.0,4.0,17.0,23.0,8.0,2.0,1.0,1.0,0.0,0.0
I1,28/02/2007,Ascoli,Parma,0.0,0.0,D,0.0,0.0,D,2.87,2.87,2.62,2.45,2.75,3.05,2006/7,€25.80m,€46.90m,G. Paparesta,8.0,10.0,1.0,6.0,19.0,23.0,7.0,6.0,2.0,1.0,1.0,0.0
I1,28/02/2007,Chievo,Roma,2.0,2.0,D,2.0,1.0,H,4.0,3.0,2.0,4.35,3.0,1.85,2006/7,€83.50m,€220.65m,P. Bertini,8.0,11.0,5.0,4.0,17.0,20.0,8.0,2.0,3.0,4.0,0.0,0.0
I1,28/02/2007,Empoli,Messina,3.0,1.0,H,2.0,0.0,H,1.72,3.1,5.5,1.65,3.0,6.1,2006/7,€44.30m,€40.58m,A. De Marco,12.0,4.0,6.0,3.0,11.0,13.0,5.0,5.0,1.0,2.0,0.0,1.0
I1,28/02/2007,Inter,Udinese,1.0,1.0,D,0.0,0.0,D,1.33,4.5,9.5,1.3,4.5,9.0,2006/7,€267.23m,€104.58m,M. Bergonzi,14.0,5.0,7.0,1.0,15.0,13.0,9.0,2.0,2.0,2.0,0.0,0.0
I1,28/02/2007,Lazio,Catania,3.0,1.0,H,0.0,1.0,A,1.53,3.5,7.0,1.55,3.35,6.5,2006/7,€105.35m,€38.60m,G. Rocchi,16.0,7.0,6.0,3.0,20.0,22.0,10.0,6.0,2.0,4.0,0.0,0.0
I1,28/02/2007,Palermo,Milan,0.0,0.0,D,0.0,0.0,D,3.0,3.0,2.4,3.1,3.0,2.25,2006/7,€127.28m,€274.35m,M. Trefoloni,11.0,11.0,3.0,6.0,22.0,16.0,2.0,1.0,3.0,2.0,0.0,0.0
I1,28/02/2007,Reggina,Fiorentina,1.0,1.0,D,0.0,0.0,D,3.4,2.87,2.3,3.25,2.8,2.3,2006/7,€50.10m,€159.60m,N. Rizzoli,9.0,12.0,5.0,7.0,25.0,26.0,4.0,3.0,4.0,3.0,0.0,0.0
I1,28/02/2007,Sampdoria,Atalanta,2.0,1.0,H,0.0,1.0,A,2.15,2.87,3.75,2.1,2.9,3.55,2006/7,€69.45m,€53.48m,D. Orsato,15.0,10.0,5.0,6.0,19.0,25.0,9.0,2.0,2.0,2.0,0.0,0.0
I1,28/02/2007,Siena,Livorno,0.0,0.0,D,0.0,0.0,D,2.1,2.8,3.5,2.1,2.7,3.9,2006/7,€46.08m,€68.33m,P. Dondarini,18.0,10.0,6.0,2.0,15.0,8.0,10.0,1.0,1.0,2.0,0.0,0.0
I1,28/02/2007,Torino,Cagliari,1.0,0.0,H,1.0,0.0,H,2.15,2.87,3.75,2.25,2.7,3.45,2006/7,€55.55m,€45.15m,S. Farina,9.0,6.0,4.0,5.0,35.0,21.0,4.0,10.0,2.0,3.0,1.0,0.0
I1,03/03/2007,Ascoli,Roma,1.0,1.0,D,1.0,0.0,H,5.5,3.4,1.66,5.4,3.2,1.65,2006/7,€25.80m,€220.65m,M. Saccani,5.0,19.0,1.0,9.0,23.0,15.0,9.0,15.0,5.0,1.0,0.0,0.0
I1,03/03/2007,Livorno,Inter,1.0,2.0,A,1.0,1.0,D,5.0,3.1,1.8,4.6,3.2,1.75,2006/7,€68.33m,€267.23m,E. Morganti,7.0,14.0,3.0,8.0,12.0,20.0,6.0,5.0,1.0,3.0,0.0,1.0
I1,03/03/2007,Milan,Chievo,3.0,1.0,H,1.0,1.0,D,1.4,4.33,7.5,1.35,4.0,9.0,2006/7,€274.35m,€83.50m,P. Tagliavento,12.0,8.0,6.0,2.0,18.0,16.0,7.0,4.0,2.0,0.0,0.0,0.0
I1,04/03/2007,Cagliari,Atalanta,2.0,0.0,H,1.0,0.0,H,2.5,2.87,3.0,2.4,2.8,3.05,2006/7,€45.15m,€53.48m,L. Palanca,11.0,11.0,5.0,3.0,16.0,23.0,3.0,4.0,2.0,3.0,0.0,1.0
I1,04/03/2007,Catania,Siena,1.0,1.0,D,0.0,0.0,D,2.4,2.87,3.2,2.5,2.7,3.0,2006/7,€38.60m,€46.08m,G. Gava,4.0,10.0,1.0,5.0,14.0,15.0,8.0,3.0,3.0,1.0,0.0,0.0
I1,04/03/2007,Fiorentina,Torino,5.0,1.0,H,2.0,1.0,H,1.4,4.0,9.0,1.35,4.0,9.0,2006/7,€159.60m,€55.55m,M. Bergonzi,19.0,6.0,11.0,3.0,18.0,17.0,5.0,5.0,2.0,4.0,0.0,0.0
I1,04/03/2007,Lazio,Sampdoria,1.0,0.0,H,1.0,0.0,H,1.72,3.3,5.0,1.8,3.0,4.65,2006/7,€105.35m,€69.45m,O. Girardi,10.0,14.0,4.0,4.0,13.0,20.0,5.0,8.0,2.0,0.0,0.0,0.0
I1,04/03/2007,Messina,Palermo,2.0,0.0,H,1.0,0.0,H,3.3,3.0,2.25,3.15,2.8,2.35,2006/7,€40.58m,€127.28m,N. Ayroldi,13.0,13.0,5.0,5.0,24.0,10.0,5.0,6.0,0.0,2.0,0.0,1.0
I1,04/03/2007,Parma,Reggina,2.0,2.0,D,1.0,2.0,A,2.3,2.87,3.25,2.35,2.8,3.15,2006/7,€46.90m,€50.10m,S. Farina,20.0,10.0,11.0,7.0,16.0,16.0,5.0,4.0,3.0,3.0,0.0,0.0
I1,04/03/2007,Udinese,Empoli,0.0,1.0,A,0.0,1.0,A,2.0,3.0,4.0,2.0,2.9,3.9,2006/7,€104.58m,€44.30m,C. Brighi,21.0,4.0,8.0,3.0,18.0,25.0,12.0,1.0,3.0,1.0,0.0,0.0
I1,10/03/2007,Sampdoria,Cagliari,1.0,1.0,D,1.0,0.0,H,1.83,3.0,5.0,1.85,2.85,4.75,2006/7,€69.45m,€45.15m,L. Banti,12.0,15.0,5.0,7.0,15.0,16.0,0.0,8.0,4.0,1.0,0.0,0.0
I1,11/03/2007,Atalanta,Parma,1.0,1.0,D,0.0,0.0,D,1.9,3.0,4.5,1.75,3.0,5.0,2006/7,€53.48m,€46.90m,A. Giannoccaro,13.0,14.0,6.0,11.0,21.0,23.0,4.0,6.0,2.0,3.0,0.0,0.0
I1,11/03/2007,Chievo,Messina,1.0,1.0,D,0.0,0.0,D,1.8,3.1,5.0,1.85,2.85,4.75,2006/7,€83.50m,€40.58m,T. Pieri,15.0,2.0,6.0,1.0,16.0,17.0,7.0,3.0,4.0,3.0,0.0,1.0
I1,11/03/2007,Empoli,Livorno,2.0,2.0,D,2.0,0.0,H,2.0,2.87,4.33,1.95,2.75,4.4,2006/7,€44.30m,€68.33m,M. Trefoloni,13.0,7.0,3.0,4.0,27.0,18.0,5.0,3.0,3.0,2.0,0.0,1.0
I1,11/03/2007,Inter,Milan,2.0,1.0,H,0.0,1.0,A,2.3,3.0,3.25,2.35,2.8,3.15,2006/7,€267.23m,€274.35m,N. Rizzoli,12.0,8.0,5.0,3.0,17.0,15.0,6.0,7.0,3.0,1.0,0.0,0.0
I1,11/03/2007,Palermo,Fiorentina,1.0,1.0,D,0.0,1.0,A,2.75,2.87,2.75,2.65,2.9,2.65,2006/7,€127.28m,€159.60m,D. Messina,8.0,8.0,2.0,4.0,19.0,15.0,6.0,4.0,1.0,2.0,1.0,0.0
I1,11/03/2007,Reggina,Lazio,2.0,3.0,A,1.0,2.0,A,2.6,2.87,2.87,2.4,2.85,3.0,2006/7,€50.10m,€105.35m,M. Saccani,12.0,20.0,6.0,9.0,20.0,25.0,4.0,7.0,4.0,3.0,0.0,0.0
I1,11/03/2007,Roma,Udinese,3.0,1.0,H,2.0,0.0,H,1.53,3.6,6.5,1.45,3.6,7.35,2006/7,€220.65m,€104.58m,P. Mazzoleni,14.0,15.0,7.0,5.0,11.0,17.0,8.0,8.0,0.0,2.0,0.0,0.0
I1,11/03/2007,Siena,Ascoli,0.0,1.0,A,0.0,1.0,A,1.66,3.2,6.0,1.65,3.0,6.15,2006/7,€46.08m,€25.80m,G. Rocchi,17.0,13.0,12.0,5.0,18.0,22.0,11.0,3.0,3.0,2.0,0.0,0.0
I1,11/03/2007,Torino,Catania,1.0,0.0,H,0.0,0.0,D,2.05,3.0,3.8,2.1,2.75,3.8,2006/7,€55.55m,€38.60m,G. Paparesta,7.0,8.0,4.0,3.0,26.0,17.0,7.0,9.0,2.0,1.0,0.0,0.0
I1,17/03/2007,Sampdoria,Palermo,1.0,1.0,D,0.0,0.0,D,2.37,2.87,3.25,2.45,2.8,2.95,2006/7,€69.45m,€127.28m,E. Morganti,8.0,6.0,2.0,2.0,20.0,23.0,7.0,2.0,1.0,2.0,1.0,0.0
I1,18/03/2007,Ascoli,Inter,1.0,2.0,A,0.0,0.0,D,9.0,4.0,1.4,9.0,4.0,1.35,2006/7,€25.80m,€267.23m,R. Rosetti,11.0,13.0,6.0,3.0,18.0,20.0,3.0,7.0,4.0,5.0,0.0,0.0
I1,18/03/2007,Cagliari,Chievo,0.0,2.0,A,0.0,0.0,D,2.05,2.87,4.2,2.05,2.75,4.0,2006/7,€45.15m,€83.50m,G. Rocchi,10.0,13.0,5.0,6.0,16.0,20.0,5.0,1.0,0.0,2.0,0.0,0.0
I1,18/03/2007,Catania,Reggina,1.0,4.0,A,0.0,0.0,D,2.5,2.87,3.0,2.55,2.75,2.9,2006/7,€38.60m,€50.10m,O. Girardi,14.0,14.0,8.0,7.0,14.0,19.0,6.0,6.0,3.0,2.0,0.0,0.0
I1,18/03/2007,Fiorentina,Roma,0.0,0.0,D,0.0,0.0,D,2.4,3.0,3.0,2.4,3.0,2.85,2006/7,€159.60m,€220.65m,G. Paparesta,8.0,21.0,5.0,11.0,31.0,22.0,3.0,7.0,1.0,2.0,1.0,0.0
I1,18/03/2007,Lazio,Empoli,3.0,1.0,H,2.0,0.0,H,1.61,3.4,6.0,1.65,3.2,5.5,2006/7,€105.35m,€44.30m,A. Giannoccaro,6.0,10.0,4.0,3.0,25.0,22.0,0.0,4.0,1.0,2.0,0.0,0.0
I1,18/03/2007,Messina,Torino,0.0,3.0,A,0.0,1.0,A,2.2,2.87,3.6,2.2,2.7,3.6,2006/7,€40.58m,€55.55m,P. Bertini,6.0,17.0,3.0,7.0,20.0,18.0,8.0,4.0,1.0,1.0,0.0,0.0
I1,18/03/2007,Milan,Atalanta,1.0,0.0,H,1.0,0.0,H,1.4,4.0,9.0,1.35,4.0,9.0,2006/7,€274.35m,€53.48m,M. Saccani,10.0,7.0,5.0,2.0,12.0,14.0,6.0,1.0,2.0,3.0,0.0,0.0
I1,18/03/2007,Parma,Siena,1.0,0.0,H,1.0,0.0,H,2.25,2.87,3.5,2.3,2.8,3.2,2006/7,€46.90m,€46.08m,P. Tagliavento,10.0,11.0,7.0,4.0,24.0,21.0,2.0,5.0,3.0,1.0,0.0,1.0
I1,18/03/2007,Udinese,Livorno,4.0,0.0,H,2.0,0.0,H,2.0,2.87,4.33,1.9,2.85,4.4,2006/7,€104.58m,€68.33m,D. Celi,14.0,5.0,7.0,2.0,12.0,17.0,4.0,5.0,3.0,2.0,0.0,0.0
I1,31/03/2007,Reggina,Siena,0.0,1.0,A,0.0,1.0,A,1.9,3.2,4.33,2.0,2.7,4.3,2006/7,€50.10m,€46.08m,E. Morganti,9.0,9.0,3.0,4.0,15.0,18.0,10.0,1.0,0.0,5.0,1.0,1.0
I1,31/03/2007,Roma,Milan,1.0,1.0,D,1.0,0.0,H,2.37,2.87,3.25,2.35,2.9,3.0,2006/7,€220.65m,€274.35m,D. Messina,14.0,8.0,7.0,2.0,16.0,20.0,9.0,4.0,3.0,2.0,0.0,0.0
I1,01/04/2007,Atalanta,Fiorentina,2.0,2.0,D,1.0,2.0,A,3.25,2.87,2.37,3.05,2.8,2.4,2006/7,€53.48m,€159.60m,R. Rosetti,15.0,11.0,8.0,6.0,15.0,17.0,9.0,6.0,3.0,2.0,0.0,0.0
I1,01/04/2007,Cagliari,Messina,2.0,0.0,H,2.0,0.0,H,1.83,3.0,5.0,1.8,2.85,5.1,2006/7,€45.15m,€40.58m,M. Bergonzi,10.0,5.0,6.0,1.0,21.0,23.0,1.0,2.0,1.0,3.0,0.0,1.0
I1,01/04/2007,Chievo,Sampdoria,1.0,1.0,D,1.0,1.0,D,2.3,2.9,3.4,2.35,2.8,3.15,2006/7,€83.50m,€69.45m,N. Ayroldi,6.0,5.0,2.0,2.0,24.0,24.0,3.0,3.0,0.0,1.0,0.0,0.0
I1,01/04/2007,Empoli,Ascoli,4.0,1.0,H,1.0,0.0,H,1.61,3.4,6.0,1.6,3.2,6.0,2006/7,€44.30m,€25.80m,P. Tagliavento,15.0,8.0,6.0,4.0,22.0,34.0,8.0,5.0,1.0,4.0,0.0,1.0
I1,01/04/2007,Inter,Parma,2.0,0.0,H,0.0,0.0,D,1.25,5.5,11.0,1.17,5.9,12.75,2006/7,€267.23m,€46.90m,S. Farina,18.0,12.0,9.0,7.0,11.0,12.0,5.0,3.0,2.0,3.0,0.0,0.0
I1,01/04/2007,Livorno,Catania,4.0,1.0,H,2.0,1.0,H,2.0,3.0,4.2,1.95,2.7,4.55,2006/7,€68.33m,€38.60m,A. Romeo,15.0,8.0,6.0,5.0,14.0,21.0,7.0,2.0,1.0,4.0,0.0,1.0
I1,01/04/2007,Torino,Palermo,0.0,0.0,D,0.0,0.0,D,2.75,2.87,2.75,2.5,2.7,3.0,2006/7,€55.55m,€127.28m,N. Rizzoli,12.0,8.0,6.0,5.0,12.0,21.0,4.0,2.0,1.0,3.0,0.0,0.0
I1,01/04/2007,Udinese,Lazio,2.0,4.0,A,0.0,1.0,A,3.0,2.9,2.5,2.8,2.8,2.6,2006/7,€104.58m,€105.35m,G. Paparesta,11.0,10.0,5.0,7.0,13.0,13.0,14.0,2.0,4.0,2.0,1.0,0.0
I1,07/04/2007,Atalanta,Chievo,1.0,0.0,H,0.0,0.0,D,2.05,2.8,4.2,1.95,2.9,4.1,2006/7,€53.48m,€83.50m,L. Banti,7.0,11.0,3.0,5.0,12.0,19.0,6.0,5.0,2.0,1.0,1.0,2.0
I1,07/04/2007,Catania,Roma,0.0,2.0,A,0.0,1.0,A,5.0,3.2,1.75,5.0,3.0,1.75,2006/7,€38.60m,€220.65m,T. Pieri,10.0,10.0,3.0,7.0,18.0,17.0,5.0,3.0,4.0,3.0,0.0,0.0
I1,07/04/2007,Fiorentina,Ascoli,4.0,0.0,H,2.0,0.0,H,1.2,5.5,17.0,1.2,5.2,13.0,2006/7,€159.60m,€25.80m,A. De Marco,18.0,10.0,10.0,4.0,18.0,17.0,8.0,3.0,1.0,2.0,0.0,0.0
I1,07/04/2007,Lazio,Messina,1.0,0.0,H,1.0,0.0,H,1.28,4.5,13.0,1.3,4.0,12.0,2006/7,€105.35m,€40.58m,O. Girardi,13.0,2.0,5.0,0.0,22.0,21.0,7.0,1.0,2.0,1.0,0.0,1.0
I1,07/04/2007,Milan,Empoli,3.0,1.0,H,2.0,1.0,H,1.44,3.75,8.5,1.4,3.8,8.0,2006/7,€274.35m,€44.30m,M. Trefoloni,11.0,4.0,6.0,2.0,18.0,14.0,6.0,3.0,2.0,2.0,0.0,0.0
I1,07/04/2007,Palermo,Cagliari,1.0,3.0,A,1.0,1.0,D,1.72,3.3,5.0,1.65,3.0,6.25,2006/7,€127.28m,€45.15m,M. Saccani,7.0,13.0,3.0,10.0,21.0,22.0,4.0,5.0,4.0,2.0,1.0,0.0
I1,07/04/2007,Parma,Livorno,1.0,0.0,H,0.0,0.0,D,2.1,2.8,4.0,2.1,2.8,3.7,2006/7,€46.90m,€68.33m,P. Dondarini,8.0,6.0,3.0,2.0,16.0,22.0,6.0,5.0,2.0,0.0,0.0,1.0
I1,07/04/2007,Reggina,Inter,0.0,0.0,D,0.0,0.0,D,6.0,3.2,1.66,5.75,3.1,1.65,2006/7,€50.10m,€267.23m,P. Bertini,8.0,11.0,4.0,6.0,22.0,17.0,5.0,7.0,1.0,2.0,0.0,0.0
I1,07/04/2007,Sampdoria,Torino,1.0,0.0,H,1.0,0.0,H,1.95,2.87,4.5,1.9,2.65,5.0,2006/7,€69.45m,€55.55m,O. Pantana,11.0,4.0,4.0,0.0,31.0,26.0,5.0,2.0,1.0,2.0,0.0,1.0
I1,07/04/2007,Siena,Udinese,2.0,2.0,D,0.0,1.0,A,2.5,2.8,3.1,2.4,2.6,3.35,2006/7,€46.08m,€104.58m,M. Ciampi,6.0,3.0,4.0,2.0,11.0,10.0,4.0,6.0,0.0,2.0,0.0,0.0
I1,14/04/2007,Cagliari,Empoli,0.0,0.0,D,0.0,0.0,D,2.37,2.7,3.5,2.4,2.8,3.05,2006/7,€45.15m,€44.30m,A. Giannoccaro,7.0,7.0,3.0,1.0,13.0,25.0,6.0,2.0,1.0,2.0,0.0,0.0
I1,14/04/2007,Udinese,Chievo,2.0,1.0,H,1.0,1.0,D,2.0,2.87,4.33,1.9,2.65,5.0,2006/7,€104.58m,€83.50m,N. Stefanini,10.0,7.0,5.0,3.0,23.0,17.0,3.0,7.0,2.0,0.0,1.0,1.0
I1,15/04/2007,Ascoli,Lazio,2.0,2.0,D,0.0,0.0,D,9.0,4.0,1.4,8.75,3.65,1.4,2006/7,€25.80m,€105.35m,C. Brighi,16.0,14.0,10.0,8.0,29.0,15.0,1.0,6.0,3.0,3.0,0.0,1.0
I1,15/04/2007,Fiorentina,Siena,1.0,0.0,H,1.0,0.0,H,1.3,4.5,12.0,1.35,4.25,8.0,2006/7,€159.60m,€46.08m,S. Farina,13.0,9.0,7.0,3.0,20.0,28.0,9.0,5.0,1.0,3.0,1.0,0.0
I1,15/04/2007,Inter,Palermo,2.0,2.0,D,0.0,2.0,A,1.4,4.0,9.0,1.4,4.0,7.15,2006/7,€267.23m,€127.28m,N. Rizzoli,20.0,10.0,10.0,7.0,16.0,19.0,10.0,4.0,1.0,3.0,0.0,0.0
I1,15/04/2007,Livorno,Reggina,1.0,1.0,D,1.0,1.0,D,2.6,2.5,3.4,2.55,2.45,3.3,2006/7,€68.33m,€50.10m,M. Saccani,10.0,6.0,6.0,1.0,16.0,13.0,5.0,1.0,2.0,1.0,0.0,0.0
I1,15/04/2007,Messina,Milan,1.0,3.0,A,0.0,2.0,A,7.5,3.6,1.5,7.0,3.7,1.45,2006/7,€40.58m,€274.35m,R. Rosetti,16.0,10.0,11.0,4.0,15.0,17.0,5.0,5.0,5.0,3.0,0.0,0.0
I1,15/04/2007,Parma,Catania,1.0,1.0,D,1.0,1.0,D,1.72,3.3,5.0,1.7,3.1,5.2,2006/7,€46.90m,€38.60m,N. Ayroldi,10.0,6.0,5.0,4.0,16.0,17.0,3.0,1.0,1.0,2.0,0.0,0.0
I1,15/04/2007,Roma,Sampdoria,4.0,0.0,H,1.0,0.0,H,1.57,3.4,7.0,1.45,3.55,7.75,2006/7,€220.65m,€69.45m,E. Morganti,21.0,8.0,13.0,2.0,14.0,16.0,9.0,6.0,1.0,2.0,0.0,0.0
I1,15/04/2007,Torino,Atalanta,1.0,2.0,A,0.0,2.0,A,2.3,2.75,3.6,2.4,2.55,3.4,2006/7,€55.55m,€53.48m,G. Gava,12.0,5.0,6.0,4.0,21.0,19.0,6.0,1.0,3.0,2.0,0.0,1.0
I1,18/04/2007,Ascoli,Milan,2.0,5.0,A,2.0,4.0,A,9.5,4.5,1.33,9.0,4.5,1.3,2006/7,€25.80m,€274.35m,N. Ayroldi,5.0,8.0,3.0,5.0,20.0,17.0,8.0,7.0,5.0,2.0,0.0,0.0
I1,18/04/2007,Empoli,Atalanta,2.0,0.0,H,1.0,0.0,H,2.05,2.87,4.2,1.85,2.8,4.85,2006/7,€44.30m,€53.48m,R. Herberg,20.0,6.0,10.0,3.0,10.0,11.0,4.0,4.0,1.0,0.0,0.0,1.0
I1,18/04/2007,Inter,Roma,1.0,3.0,A,0.0,1.0,A,1.95,3.0,4.33,1.8,3.0,4.65,2006/7,€267.23m,€220.65m,M. Trefoloni,17.0,16.0,6.0,8.0,18.0,12.0,2.0,1.0,4.0,4.0,0.0,0.0
I1,18/04/2007,Lazio,Chievo,0.0,0.0,D,0.0,0.0,D,1.44,4.0,7.5,1.4,4.0,7.3,2006/7,€105.35m,€83.50m,M. Bergonzi,6.0,1.0,3.0,0.0,16.0,18.0,5.0,1.0,1.0,4.0,2.0,1.0
I1,18/04/2007,Livorno,Cagliari,2.0,1.0,H,1.0,0.0,H,2.88,1.91,4.75,2.9,1.8,4.95,2006/7,€68.33m,€45.15m,G. Gava,9.0,8.0,6.0,3.0,17.0,18.0,5.0,4.0,4.0,3.0,0.0,0.0
I1,18/04/2007,Parma,Fiorentina,2.0,0.0,H,1.0,0.0,H,3.75,3.0,2.1,3.4,3.0,2.1,2006/7,€46.90m,€159.60m,A. Giannoccaro,8.0,8.0,5.0,6.0,17.0,22.0,0.0,7.0,3.0,3.0,0.0,0.0
I1,18/04/2007,Reggina,Messina,3.0,1.0,H,1.0,1.0,D,1.72,3.1,5.5,1.65,3.2,5.5,2006/7,€50.10m,€40.58m,N. Rizzoli,11.0,6.0,8.0,2.0,16.0,22.0,2.0,2.0,1.0,5.0,0.0,1.0
I1,18/04/2007,Siena,Torino,1.0,0.0,H,0.0,0.0,D,2.37,2.25,4.0,2.5,2.1,4.45,2006/7,€46.08m,€55.55m,A. Romeo,11.0,7.0,5.0,3.0,11.0,10.0,10.0,1.0,4.0,2.0,0.0,0.0
I1,18/04/2007,Udinese,Sampdoria,1.0,0.0,H,0.0,0.0,D,2.25,2.87,3.5,2.2,2.75,3.5,2006/7,€104.58m,€69.45m,A. Damato,12.0,9.0,5.0,4.0,12.0,14.0,6.0,10.0,4.0,4.0,0.0,0.0
I1,21/04/2007,Milan,Cagliari,3.0,1.0,H,1.0,0.0,H,1.25,5.0,13.0,1.25,4.9,10.0,2006/7,€274.35m,€45.15m,M. Bergonzi,14.0,5.0,8.0,3.0,24.0,13.0,7.0,4.0,0.0,3.0,1.0,0.0
I1,21/04/2007,Sampdoria,Messina,3.0,1.0,H,1.0,0.0,H,1.53,3.6,6.5,1.55,3.35,6.25,2006/7,€69.45m,€40.58m,L. Banti,15.0,10.0,9.0,4.0,16.0,18.0,11.0,2.0,4.0,4.0,0.0,0.0
I1,22/04/2007,Atalanta,Roma,2.0,1.0,H,2.0,0.0,H,4.33,3.0,1.95,4.3,2.9,1.9,2006/7,€53.48m,€220.65m,R. Rosetti,13.0,17.0,8.0,10.0,23.0,22.0,1.0,0.0,3.0,4.0,0.0,1.0
I1,22/04/2007,Chievo,Livorno,2.0,1.0,H,0.0,1.0,A,1.66,3.2,6.0,1.75,3.0,5.1,2006/7,€83.50m,€68.33m,A. De Marco,12.0,13.0,6.0,9.0,16.0,24.0,10.0,6.0,3.0,5.0,0.0,0.0
I1,22/04/2007,Empoli,Torino,0.0,0.0,D,0.0,0.0,D,1.9,2.87,4.75,1.8,2.8,5.25,2006/7,€44.30m,€55.55m,P. Dondarini,11.0,9.0,3.0,6.0,14.0,18.0,9.0,1.0,2.0,2.0,0.0,0.0
I1,22/04/2007,Lazio,Fiorentina,0.0,1.0,A,0.0,0.0,D,2.25,2.87,3.5,2.3,3.0,3.0,2006/7,€105.35m,€159.60m,M. Saccani,15.0,8.0,7.0,2.0,19.0,28.0,10.0,2.0,2.0,5.0,0.0,0.0
I1,22/04/2007,Palermo,Parma,3.0,4.0,A,2.0,1.0,H,1.72,3.1,5.5,1.7,3.25,4.9,2006/7,€127.28m,€46.90m,G. Rocchi,14.0,13.0,5.0,7.0,14.0,17.0,6.0,4.0,4.0,2.0,1.0,0.0
I1,22/04/2007,Reggina,Udinese,1.0,1.0,D,0.0,1.0,A,2.05,2.87,4.2,2.05,2.75,4.0,2006/7,€50.10m,€104.58m,P. Tagliavento,4.0,12.0,1.0,4.0,10.0,28.0,4.0,5.0,2.0,3.0,0.0,0.0
I1,22/04/2007,Siena,Inter,1.0,2.0,A,1.0,1.0,D,6.0,3.2,1.66,6.6,2.9,1.65,2006/7,€46.08m,€267.23m,N. Ayroldi,7.0,10.0,4.0,7.0,18.0,16.0,6.0,7.0,2.0,2.0,0.0,0.0
I1,28/04/2007,Fiorentina,Chievo,1.0,0.0,H,0.0,0.0,D,1.5,3.6,7.5,1.4,3.8,8.0,2006/7,€159.60m,€83.50m,L. Banti,10.0,2.0,2.0,1.0,16.0,18.0,5.0,1.0,0.0,1.0,0.0,0.0
I1,28/04/2007,Torino,Milan,0.0,1.0,A,0.0,1.0,A,4.5,2.2,2.5,4.9,2.2,2.25,2006/7,€55.55m,€274.35m,D. Messina,7.0,13.0,3.0,4.0,18.0,13.0,4.0,4.0,0.0,2.0,1.0,0.0
I1,29/04/2007,Ascoli,Reggina,2.0,3.0,A,1.0,2.0,A,5.5,3.6,1.61,5.2,3.5,1.6,2006/7,€25.80m,€50.10m,G. Rocchi,10.0,9.0,4.0,8.0,35.0,16.0,5.0,2.0,5.0,2.0,1.0,0.0
I1,29/04/2007,Inter,Empoli,3.0,1.0,H,1.0,0.0,H,1.57,3.5,6.5,1.5,3.4,7.0,2006/7,€267.23m,€44.30m,A. Damato,12.0,12.0,8.0,6.0,13.0,13.0,6.0,4.0,1.0,0.0,0.0,0.0
I1,29/04/2007,Livorno,Palermo,1.0,2.0,A,0.0,0.0,D,3.3,2.25,3.0,3.2,2.2,3.0,2006/7,€68.33m,€127.28m,A. Giannoccaro,8.0,7.0,5.0,3.0,20.0,19.0,4.0,0.0,1.0,2.0,0.0,0.0
I1,29/04/2007,Messina,Atalanta,0.0,0.0,D,0.0,0.0,D,1.95,3.3,3.8,1.9,3.1,3.95,2006/7,€40.58m,€53.48m,N. Stefanini,3.0,18.0,0.0,3.0,18.0,17.0,5.0,8.0,3.0,1.0,0.0,0.0
I1,29/04/2007,Parma,Cagliari,2.0,1.0,H,1.0,0.0,H,1.83,3.0,5.0,1.85,2.85,4.75,2006/7,€46.90m,€45.15m,S. Farina,6.0,5.0,5.0,3.0,21.0,16.0,2.0,9.0,2.0,3.0,0.0,1.0
I1,29/04/2007,Roma,Lazio,0.0,0.0,D,0.0,0.0,D,2.1,3.0,3.75,2.15,3.0,3.3,2006/7,€220.65m,€105.35m,N. Rizzoli,14.0,5.0,7.0,0.0,19.0,19.0,5.0,2.0,3.0,4.0,0.0,0.0
I1,29/04/2007,Siena,Sampdoria,0.0,2.0,A,0.0,1.0,A,1.83,3.1,4.75,1.75,3.05,4.9,2006/7,€46.08m,€69.45m,C. Brighi,13.0,10.0,6.0,7.0,16.0,21.0,7.0,5.0,4.0,2.0,0.0,0.0
I1,29/04/2007,Udinese,Catania,0.0,1.0,A,0.0,0.0,D,2.1,2.6,4.5,1.9,2.7,4.9,2006/7,€104.58m,€38.60m,L. Marelli,8.0,11.0,3.0,2.0,17.0,12.0,3.0,3.0,2.0,3.0,3.0,0.0
I1,02/05/2007,Catania,Ascoli,3.0,3.0,D,1.0,1.0,D,1.33,4.5,10.0,1.3,4.35,9.75,2006/7,€38.60m,€25.80m,D. Messina,20.0,11.0,11.0,6.0,16.0,22.0,6.0,5.0,3.0,1.0,0.0,0.0
I1,06/05/2007,Atalanta,Siena,3.0,1.0,H,1.0,0.0,H,2.9,2.3,3.4,2.7,2.45,3.1,2006/7,€53.48m,€46.08m,G. Rocchi,10.0,14.0,6.0,5.0,14.0,21.0,2.0,7.0,3.0,3.0,0.0,2.0
I1,06/05/2007,Cagliari,Udinese,2.0,1.0,H,0.0,1.0,A,1.53,3.6,6.5,1.5,3.6,6.4,2006/7,€45.15m,€104.58m,M. Trefoloni,11.0,3.0,5.0,1.0,19.0,26.0,6.0,0.0,2.0,4.0,0.0,1.0
I1,06/05/2007,Chievo,Parma,1.0,0.0,H,1.0,0.0,H,2.1,3.0,3.75,2.25,2.85,3.25,2006/7,€83.50m,€46.90m,N. Rizzoli,12.0,8.0,5.0,3.0,25.0,22.0,4.0,3.0,2.0,2.0,0.0,0.0
I1,06/05/2007,Empoli,Catania,2.0,1.0,H,2.0,1.0,H,1.9,2.8,5.0,1.85,2.7,5.25,2006/7,€44.30m,€38.60m,O. Girardi,9.0,5.0,4.0,3.0,19.0,17.0,4.0,8.0,3.0,2.0,0.0,0.0
I1,06/05/2007,Lazio,Livorno,1.0,0.0,H,1.0,0.0,H,1.53,3.25,7.0,1.45,3.3,9.0,2006/7,€105.35m,€68.33m,P. Dondarini,11.0,4.0,5.0,2.0,16.0,21.0,11.0,7.0,1.0,2.0,0.0,0.0
I1,06/05/2007,Messina,Inter,0.0,1.0,A,0.0,0.0,D,7.5,3.4,1.53,8.0,3.2,1.5,2006/7,€40.58m,€267.23m,D. Celi,10.0,9.0,4.0,3.0,9.0,10.0,7.0,5.0,1.0,4.0,0.0,0.0
I1,06/05/2007,Milan,Fiorentina,0.0,0.0,D,0.0,0.0,D,1.8,3.1,4.75,1.75,3.1,4.75,2006/7,€274.35m,€159.60m,R. Rosetti,12.0,13.0,5.0,1.0,14.0,21.0,0.0,4.0,0.0,4.0,0.0,0.0
I1,06/05/2007,Palermo,Roma,1.0,2.0,A,0.0,2.0,A,2.1,3.2,3.5,2.1,3.0,3.4,2006/7,€127.28m,€220.65m,P. Tagliavento,16.0,14.0,9.0,7.0,18.0,17.0,7.0,5.0,2.0,2.0,0.0,0.0
I1,06/05/2007,Sampdoria,Reggina,0.0,0.0,D,0.0,0.0,D,2.5,2.62,3.4,2.25,2.65,3.55,2006/7,€69.45m,€50.10m,N. Ayroldi,17.0,7.0,6.0,4.0,29.0,22.0,5.0,3.0,0.0,2.0,0.0,0.0
I1,06/05/2007,Torino,Ascoli,1.0,0.0,H,1.0,0.0,H,1.22,5.5,13.0,1.2,5.35,12.0,2006/7,€55.55m,€25.80m,S. Farina,15.0,4.0,4.0,1.0,24.0,30.0,4.0,3.0,2.0,3.0,0.0,0.0
I1,13/05/2007,Ascoli,Palermo,3.0,2.0,H,1.0,2.0,A,9.5,4.5,1.33,9.0,4.0,1.35,2006/7,€25.80m,€127.28m,P. Mazzoleni,13.0,6.0,7.0,4.0,18.0,22.0,3.0,6.0,2.0,1.0,0.0,1.0
I1,13/05/2007,Catania,Milan,1.0,1.0,D,0.0,1.0,A,6.0,2.8,1.8,7.0,3.0,1.6,2006/7,€38.60m,€274.35m,M. Saccani,11.0,18.0,4.0,9.0,19.0,15.0,8.0,2.0,2.0,3.0,0.0,0.0
I1,13/05/2007,Fiorentina,Cagliari,1.0,0.0,H,1.0,0.0,H,1.4,4.0,9.0,1.4,3.65,8.65,2006/7,€159.60m,€45.15m,A. Giannoccaro,8.0,12.0,5.0,4.0,17.0,16.0,10.0,7.0,2.0,3.0,0.0,0.0
I1,13/05/2007,Inter,Lazio,4.0,3.0,H,2.0,3.0,A,2.05,3.0,4.0,1.8,3.0,4.65,2006/7,€267.23m,€105.35m,L. Banti,10.0,13.0,6.0,7.0,13.0,11.0,9.0,2.0,2.0,2.0,0.0,1.0
I1,13/05/2007,Livorno,Sampdoria,1.0,0.0,H,0.0,0.0,D,1.53,3.6,6.5,1.5,3.4,7.0,2006/7,€68.33m,€69.45m,N. Rizzoli,13.0,3.0,5.0,2.0,18.0,16.0,9.0,2.0,3.0,1.0,0.0,0.0
I1,13/05/2007,Parma,Messina,4.0,1.0,H,4.0,0.0,H,1.14,6.5,19.0,1.18,5.65,13.0,2006/7,€46.90m,€40.58m,G. Gava,12.0,5.0,7.0,4.0,7.0,12.0,4.0,4.0,1.0,3.0,0.0,0.0
I1,13/05/2007,Reggina,Chievo,1.0,1.0,D,0.0,0.0,D,2.1,2.8,4.0,1.95,2.75,4.4,2006/7,€50.10m,€83.50m,D. Messina,4.0,13.0,2.0,5.0,13.0,23.0,4.0,6.0,3.0,2.0,0.0,0.0
I1,13/05/2007,Roma,Torino,0.0,1.0,A,0.0,1.0,A,1.75,3.0,6.0,1.7,2.9,6.0,2006/7,€220.65m,€55.55m,G. Rocchi,18.0,7.0,7.0,2.0,11.0,21.0,15.0,4.0,1.0,5.0,0.0,0.0
I1,13/05/2007,Siena,Empoli,2.0,0.0,H,1.0,0.0,H,1.66,3.5,5.25,1.7,3.2,5.0,2006/7,€46.08m,€44.30m,E. Morganti,13.0,2.0,6.0,2.0,19.0,18.0,5.0,2.0,3.0,1.0,0.0,1.0
I1,13/05/2007,Udinese,Atalanta,2.0,3.0,A,1.0,1.0,D,2.8,2.62,3.0,2.55,2.45,3.3,2006/7,€104.58m,€53.48m,N. Pierpaoli,11.0,12.0,6.0,7.0,21.0,16.0,8.0,4.0,2.0,3.0,0.0,0.0
I1,19/05/2007,Milan,Udinese,2.0,3.0,A,1.0,1.0,D,2.15,2.7,4.2,2.1,2.7,3.9,2006/7,€274.35m,€104.58m,A. Giannoccaro,20.0,17.0,7.0,9.0,12.0,10.0,3.0,3.0,2.0,1.0,0.0,0.0
I1,20/05/2007,Atalanta,Inter,1.0,1.0,D,1.0,0.0,H,2.6,3.1,2.75,2.45,3.15,2.65,2006/7,€53.48m,€267.23m,A. Romeo,12.0,8.0,6.0,4.0,16.0,11.0,11.0,6.0,4.0,0.0,0.0,0.0
I1,20/05/2007,Cagliari,Roma,3.0,2.0,H,2.0,1.0,H,1.53,3.8,6.0,1.5,4.5,4.5,2006/7,€45.15m,€220.65m,C. Brighi,11.0,14.0,6.0,7.0,14.0,15.0,3.0,4.0,1.0,2.0,0.0,0.0
I1,20/05/2007,Chievo,Ascoli,1.0,0.0,H,1.0,0.0,H,1.1,8.0,21.0,1.1,8.0,14.5,2006/7,€83.50m,€25.80m,L. Palanca,15.0,4.0,7.0,2.0,14.0,16.0,3.0,2.0,1.0,1.0,0.0,0.0
I1,20/05/2007,Empoli,Reggina,3.0,3.0,D,3.0,0.0,H,3.4,2.5,2.62,3.4,2.45,2.5,2006/7,€44.30m,€50.10m,S. Farina,14.0,9.0,7.0,6.0,33.0,24.0,0.0,4.0,4.0,4.0,0.0,0.0
I1,20/05/2007,Lazio,Parma,0.0,0.0,D,0.0,0.0,D,3.6,2.4,2.62,3.35,2.35,2.65,2006/7,€105.35m,€46.90m,A. De Marco,4.0,8.0,3.0,2.0,15.0,19.0,4.0,2.0,2.0,0.0,0.0,0.0
I1,20/05/2007,Messina,Fiorentina,2.0,2.0,D,0.0,1.0,A,9.0,4.0,1.4,7.8,3.85,1.4,2006/7,€40.58m,€159.60m,M. Velotto,4.0,17.0,3.0,11.0,20.0,10.0,2.0,6.0,3.0,1.0,0.0,0.0
I1,20/05/2007,Palermo,Siena,2.0,1.0,H,2.0,0.0,H,2.5,2.6,3.4,2.35,2.7,3.25,2006/7,€127.28m,€46.08m,P. Dondarini,10.0,11.0,5.0,5.0,23.0,19.0,3.0,4.0,2.0,1.0,0.0,0.0
I1,20/05/2007,Sampdoria,Catania,1.0,0.0,H,0.0,0.0,D,2.8,3.1,2.5,2.8,3.0,2.45,2006/7,€69.45m,€38.60m,N. Stefanini,15.0,10.0,8.0,6.0,25.0,24.0,3.0,6.0,2.0,3.0,0.0,1.0
I1,20/05/2007,Torino,Livorno,0.0,0.0,D,0.0,0.0,D,3.25,1.4,11.0,3.25,1.45,9.75,2006/7,€55.55m,€68.33m,M. Saccani,10.0,6.0,4.0,4.0,17.0,10.0,2.0,5.0,0.0,0.0,0.0,0.0
I1,27/05/2007,Ascoli,Cagliari,2.0,1.0,H,1.0,1.0,D,2.25,2.87,3.5,2.25,2.9,3.2,2006/7,€25.80m,€45.15m,R. Herberg,9.0,10.0,5.0,3.0,28.0,16.0,4.0,8.0,1.0,1.0,1.0,1.0
I1,27/05/2007,Catania,Chievo,2.0,0.0,H,0.0,0.0,D,2.75,2.87,2.7,2.45,2.9,2.85,2006/7,€38.60m,€83.50m,N. Rizzoli,7.0,12.0,5.0,2.0,20.0,15.0,4.0,5.0,3.0,2.0,0.0,0.0
I1,27/05/2007,Fiorentina,Sampdoria,5.0,1.0,H,2.0,1.0,H,1.61,3.25,6.5,1.6,3.1,6.0,2006/7,€159.60m,€69.45m,G. Lops,14.0,6.0,9.0,3.0,16.0,18.0,4.0,3.0,2.0,3.0,0.0,0.0
I1,27/05/2007,Inter,Torino,3.0,0.0,H,1.0,0.0,H,1.4,4.33,7.5,1.4,3.45,10.0,2006/7,€267.23m,€55.55m,D. Orsato,10.0,9.0,7.0,3.0,9.0,12.0,7.0,1.0,1.0,2.0,0.0,0.0
I1,27/05/2007,Livorno,Atalanta,4.0,2.0,H,1.0,0.0,H,2.4,2.4,4.0,2.3,2.5,3.75,2006/7,€68.33m,€53.48m,D. Celi,17.0,18.0,10.0,8.0,19.0,13.0,3.0,3.0,2.0,0.0,0.0,0.0
I1,27/05/2007,Parma,Empoli,3.0,1.0,H,2.0,1.0,H,1.83,2.1,17.0,1.9,2.1,9.8,2006/7,€46.90m,€44.30m,P. Tagliavento,18.0,10.0,12.0,5.0,16.0,14.0,3.0,2.0,3.0,4.0,0.0,0.0
I1,27/05/2007,Reggina,Milan,2.0,0.0,H,1.0,0.0,H,1.28,7.0,6.5,1.4,6.75,4.0,2006/7,€50.10m,€274.35m,G. Rocchi,12.0,15.0,3.0,5.0,11.0,15.0,3.0,5.0,1.0,1.0,0.0,0.0
I1,27/05/2007,Roma,Messina,4.0,3.0,H,2.0,1.0,H,1.16,6.5,15.0,1.15,5.75,14.0,2006/7,€220.65m,€40.58m,N. Pierpaoli,19.0,14.0,7.0,8.0,14.0,7.0,7.0,6.0,0.0,2.0,0.0,0.0
I1,27/05/2007,Siena,Lazio,2.0,1.0,H,1.0,0.0,H,1.2,7.5,9.0,1.3,7.0,5.0,2006/7,€46.08m,€105.35m,D. Messina,8.0,8.0,4.0,3.0,25.0,14.0,2.0,4.0,0.0,2.0,0.0,0.0
I1,27/05/2007,Udinese,Palermo,1.0,2.0,A,1.0,1.0,D,2.37,2.62,3.6,2.3,2.6,3.4,2006/7,€104.58m,€127.28m,D. Salati,18.0,18.0,9.0,9.0,17.0,16.0,5.0,6.0,1.0,4.0,0.0,0.0
