Div,Date,HomeTeam,AwayTeam,FTR,B365H,B365D,B365A,BWH,BWD,BWA,IWH,IWD,IWA,WHH,WHD,WHA,Season,HomeValue,AwayValue,PSH,PSD,PSA,B365CH,B365CD,B365CA,H_Mean,H_Std,H_Shannon,H_CV,H_Gini,H_HHI,D_Mean,D_Std,D_Shannon,D_CV,D_Gini,D_HHI,A_Mean,A_Std,A_Shannon,A_CV,A_Gini,A_HHI
G1,24/08/2019,Lamia,Panathinaikos,D,3.75,3.5,1.95,3.6,3.3,2.0,4.0,3.2,2.0,4.0,3.1,2.0,2019/20,€7.88m,€20.25m,4.21,3.19,2.05,3.75,3.4,2.0,3.8375,0.17093492913971675,1.9985622816144286,0.044543304010349644,0.023615635179153216,0.25050928021729285,3.2750000000000004,0.14790199457749034,1.9985375270802292,0.0451609143748062,0.024809160305343525,0.2504923988296515,1.9875,0.021650635094610984,1.999914037535229,0.010893401305464645,0.004716981132075526,0.25003042719785795
G1,24/08/2019,Aris,OFI Crete,D,1.45,4.0,8.0,1.45,3.7,8.0,1.5,3.85,7.5,1.47,3.75,8.5,2019/20,€11.73m,€9.78m,1.47,3.93,8.99,1.4,4.2,9.5,1.4675,0.020463381929681144,1.9998601779999015,0.013944382916307422,0.007240204429301622,0.250047700879784,3.8249999999999997,0.11456439237389596,1.9993559405088945,0.029951475130430318,0.016339869281045916,0.2502180163339861,8.0,0.3535533905932738,1.9985901994471325,0.04419417382415922,0.0234375,0.25049115161170493
G1,24/08/2019,Olympiakos,Asteras Tripolis,H,1.18,6.5,15.0,1.25,5.25,11.5,1.25,5.5,12.0,1.2,5.8,15.0,2019/20,€82.58m,€11.20m,1.23,6.17,13.45,1.22,5.5,15.0,1.22,0.03082207001484491,1.9995389308759164,0.025263991815446647,0.013319672131147486,0.25016087037582735,5.7625,0.468208020008201,1.9953063266090496,0.08125084945912381,0.04392624728850336,0.2515157466984239,13.375,1.6345871038277526,1.9891823065588088,0.12221211991235534,0.06308411214953269,0.2537750411537871
G1,25/08/2019,Atromitos,Larisa,D,1.66,3.5,5.5,1.65,3.4,5.5,1.67,3.45,5.8,1.65,3.4,6.0,2019/20,€12.75m,€13.43m,1.66,3.51,6.38,1.66,3.5,5.5,1.6574999999999998,0.008291561975888507,1.9999819633586282,0.005002450664186128,0.002639517345399689,0.2500062255393626,3.4375,0.04145780987944255,1.9998952807251584,0.012060453783110561,0.006363636363636349,0.2500359406803998,5.7,0.21213203435596423,1.9990044793330626,0.037216146378239334,0.019736842105263275,0.2503387183703929
G1,25/08/2019,Panionios,Volos NFC,A,2.3,3.1,3.2,2.45,2.95,3.0,2.45,2.95,3.1,2.35,3.0,3.2,2019/20,€7.13m,€8.40m,2.41,3.14,3.26,1.9,3.3,4.0,2.3875,0.06495190528383303,1.999465002220241,0.0272049865063175,0.014397905759162333,0.25018729992703004,3.0,0.061237243569579415,1.999701067253541,0.02041241452319314,0.01041666666666674,0.25010082090233343,3.125,0.08291561975888508,1.9994898567400976,0.026532998322843223,0.014000000000000012,0.2501808504430148
G1,25/08/2019,PAOK,Panetolikos,H,1.14,7.5,19.0,1.19,5.75,15.0,1.2,6.1,14.0,1.17,6.5,17.0,2019/20,€53.55m,€8.85m,1.18,6.81,19.06,1.14,7.0,19.0,1.175,0.02291287847477922,1.9997247782400926,0.01950032210619508,0.010638297872340496,0.25009699950475783,6.4625,0.655147884068933,1.9927207985366824,0.10137684859867434,0.054642166344293974,0.2523088834946505,16.25,1.920286436967152,1.9900013684189448,0.11817147304413243,0.06538461538461537,0.2533389139842082
G1,25/08/2019,AEK,Xanthi,A,1.4,4.5,8.0,1.34,4.25,10.0,1.35,4.35,10.5,1.32,4.33,12.0,2019/20,€30.53m,€9.38m,1.34,4.53,12.58,1.28,5.0,13.0,1.3525,0.029474565306378927,1.9996590846571023,0.02179265457033562,0.011552680221811551,0.25011532465523256,4.3575,0.0903811374126261,1.999690808124429,0.020741511741279656,0.011044176706827447,0.25010523250632777,10.125,1.4306903927824497,1.9853274375338965,0.14130275484271107,0.07716049382716039,0.2556625856022833
G1,31/08/2019,Panetolikos,Xanthi,A,2.15,3.1,3.6,2.15,3.0,3.6,2.15,3.05,3.65,2.1,3.0,3.8,2019/20,€8.85m,€9.38m,2.18,3.0,4.02,2.15,3.1,3.6,2.1375,0.02165063509461089,1.999925701357953,0.01012895209104603,0.004385964912280826,0.25002625958474844,3.0374999999999996,0.04145780987944252,1.9998659179747336,0.013648661688705358,0.007201646090534863,0.25004596030748916,3.6625,0.0819679815537749,1.9996412092766958,0.022380336260416352,0.011092150170648463,0.2501200620694697
G1,31/08/2019,Panathinaikos,OFI Crete,A,1.53,3.6,7.5,1.53,3.7,6.5,1.57,3.8,6.1,1.52,3.9,6.5,2019/20,€20.25m,€9.78m,1.54,4.05,6.59,1.5,3.75,7.5,1.5375,0.019202864369671536,1.9998879343999976,0.012489667882713194,0.0060975609756097615,0.25003805280874014,3.75,0.11180339887498938,1.9993586463180253,0.02981423969999717,0.01666666666666683,0.2502226020440471,6.65,0.5172040216394301,1.9957177923725198,0.0777750408480346,0.03947368421052633,0.25135358690100523
G1,31/08/2019,Volos NFC,Aris,H,3.5,3.1,2.25,3.2,2.9,2.35,3.55,3.0,2.25,3.6,3.0,2.2,2019/20,€8.40m,€11.73m,3.65,3.13,2.24,4.0,3.2,2.0,3.4625000000000004,0.1556237449748591,1.9985203004360959,0.0449454859133167,0.022563176895306736,0.25055342130611563,3.0,0.07071067811865482,1.99959917713182,0.023570226039551608,0.012499999999999956,0.250139120584872,2.2625,0.0544862367942584,1.9995837549364608,0.02408231460519708,0.012430939226519389,0.2501407061241508
G1,01/09/2019,PAOK,Panionios,H,1.16,7.0,15.0,1.18,6.25,14.0,1.18,6.5,16.0,1.14,7.0,19.0,2019/20,€53.55m,€7.13m,1.15,7.59,21.11,1.14,7.0,21.0,1.1649999999999998,0.016583123951777013,1.9998534907938221,0.01423444116032362,0.00751072961373378,0.25005138606024047,6.6875,0.3247595264191645,1.9982920980715924,0.04856217217482834,0.025700934579439227,0.2506030649891212,16.0,1.8708286933869707,1.9903601469005883,0.11692679333668567,0.0625,0.25299207288773384
G1,01/09/2019,Larisa,Olympiakos,A,9.0,4.5,1.36,8.75,4.4,1.36,9.0,4.55,1.36,10.0,4.33,1.35,2019/20,€13.43m,€82.58m,10.0,4.45,1.38,9.0,4.5,1.36,9.1875,0.480071609241788,1.9980626203981686,0.05225269216237148,0.025510204081632626,0.25061818181818185,4.445,0.08558621384311833,1.9997323498650088,0.019254491303288712,0.010686164229471329,0.25009313986870696,1.3575000000000002,0.004330127018922197,1.9999926514655022,0.0031897804927603656,0.0013812154696131174,0.25000256251686986
G1,01/09/2019,Lamia,Atromitos,D,3.6,3.1,2.15,3.5,3.0,2.15,3.75,3.0,2.15,3.7,3.0,2.15,2019/20,€7.88m,€12.75m,3.85,2.94,2.27,3.3,3.2,2.2,3.6375,0.09601432184835762,1.9994960915896325,0.026395689855218587,0.014604810996563522,0.25017695347417035,3.025,0.04330127018922197,1.999852995731125,0.01431446948404032,0.006198347107437829,0.25004957366646835,2.15,0.0,2.0,0.0,0.0,0.25
G1,01/09/2019,Asteras Tripolis,AEK,A,3.0,3.1,2.45,3.0,3.1,2.35,3.1,3.05,2.45,3.0,3.0,2.45,2019/20,€11.20m,€30.53m,3.18,2.98,2.56,3.2,3.1,2.3,3.025,0.043301270189221974,1.999852995731125,0.014314469484040323,0.006198347107437829,0.25004957366646835,3.0625,0.04145780987944255,1.999867507101266,0.013537244042266956,0.0071428571428571175,0.25004644235873763,2.4250000000000003,0.04330127018922197,1.999768393147001,0.017856193892462666,0.0077319587628865705,0.25008310249307475
G1,14/09/2019,Atromitos,PAOK,A,6.0,3.6,1.6,5.5,3.6,1.7,5.6,3.65,1.65,5.8,3.5,1.63,2019/20,€12.75m,€53.55m,5.92,3.68,1.66,6.0,3.6,1.6,5.725,0.19202864369671524,1.9991907167738332,0.033542121169731924,0.018558951965065518,0.25027655205365484,3.5875,0.0544862367942584,1.999833044473312,0.015187801197005827,0.007839721254355503,0.25005885396010846,1.645,0.03640054944640256,1.9996477117054352,0.022127993584439246,0.012158054711246313,0.2501205484942214
G1,14/09/2019,OFI Crete,Panetolikos,H,1.95,3.2,4.2,2.0,3.4,3.9,2.0,3.35,3.8,2.05,3.4,3.5,2019/20,€9.78m,€8.85m,2.05,3.28,4.05,1.61,3.5,6.5,2.0,0.03535533905932733,1.9997745554126243,0.017677669529663664,0.009374999999999911,0.25007819828035127,3.3375,0.0819679815537749,1.999561391722322,0.024559694847573005,0.01217228464419473,0.2501582124357931,3.8499999999999996,0.25000000000000006,1.9969542718879814,0.06493506493506496,0.03571428571428559,0.25106651666194146
G1,14/09/2019,Olympiakos,Volos NFC,H,1.16,7.5,13.0,1.14,8.5,17.0,1.13,7.5,21.0,1.1,8.5,21.0,2019/20,€82.58m,€8.40m,1.11,9.53,23.91,1.14,8.0,15.0,1.1324999999999998,0.021650635094610904,1.999735786866969,0.019117558582437886,0.010485651214128033,0.2500925934853835,8.0,0.5,1.9971803988942645,0.0625,0.03125,0.2509765625,18.0,3.3166247903554,1.9745094959728975,0.1842569327975222,0.09722222222222232,0.2607589385163733
G1,15/09/2019,Xanthi,Asteras Tripolis,H,2.3,3.0,3.4,2.4,3.1,3.25,2.4,2.95,3.2,2.35,3.0,3.2,2019/20,€9.38m,€11.20m,2.45,3.01,3.34,2.4,3.0,3.2,2.3625,0.04145780987944252,1.9997772068840223,0.017548279314049745,0.0092592592592593,0.25007836440182324,3.0125,0.0544862367942584,1.9997649269795168,0.01808671760805258,0.009336099585062207,0.25007993983764715,3.2625,0.0819679815537749,1.9995482147619437,0.025124285533724106,0.012452107279693703,0.25015054539626547
G1,15/09/2019,AEK,Lamia,H,1.2,6.0,15.0,1.25,5.75,12.5,1.25,5.4,12.5,1.2,5.8,15.0,2019/20,€30.53m,€7.88m,1.22,6.2,15.0,1.25,5.5,12.0,1.225,0.025000000000000022,1.999699542856517,0.020408163265306138,0.010204081632653184,0.25010412328196585,5.737500000000001,0.21614520582238214,1.9989693564855329,0.037672367027866166,0.020152505446622948,0.25036972366670557,13.75,1.25,1.9940302114769564,0.09090909090909091,0.045454545454545414,0.2520661157024793
G1,15/09/2019,Panionios,Larisa,H,2.2,3.1,3.5,2.25,3.1,3.5,2.25,3.05,3.4,2.3,3.0,3.3,2019/20,€7.13m,€13.43m,2.39,3.07,3.38,2.37,3.1,3.3,2.25,0.03535533905932725,1.999821874838928,0.015713484026367668,0.008333333333333304,0.25006177413862213,3.0625,0.04145780987944255,1.999867507101266,0.013537244042266956,0.0071428571428571175,0.25004644235873763,3.4250000000000003,0.08291561975888508,1.9995754864095185,0.024208940075586882,0.012773722627737127,0.25015018575738046
G1,15/09/2019,Aris,Panathinaikos,H,1.95,3.1,4.33,1.95,3.3,4.2,1.93,3.25,4.25,1.91,3.25,4.2,2019/20,€11.73m,€20.25m,1.96,3.29,4.45,1.85,3.1,5.0,1.9349999999999998,0.016583123951777013,1.9999469438576978,0.008570089897559181,0.004521963824289266,0.2500185194600221,3.225,0.07499999999999993,1.999607104976187,0.023255813953488347,0.011627906976744207,0.25014106658201696,4.245,0.0531507290636732,1.9998872482633643,0.012520784231725136,0.0064782096584214965,0.2500385027358081
G1,21/09/2019,Volos NFC,OFI Crete,H,2.2,3.1,3.1,2.35,3.2,3.25,2.35,3.15,3.1,2.35,3.25,3.0,2019/20,€8.40m,€9.78m,2.37,3.39,3.09,2.75,3.1,2.45,2.3125,0.06495190528383286,1.9994245993996207,0.028087310393008807,0.012162162162162149,0.2502106675821604,3.1750000000000003,0.05590169943749474,1.9997763628692897,0.01760683446850228,0.009842519685039353,0.25007754630702816,3.1125,0.08926785535678562,1.9994088153157386,0.02868043545599538,0.015060240963855387,0.2502013006482564
G1,21/09/2019,Asteras Tripolis,Atromitos,H,2.15,3.1,3.6,2.15,3.1,3.8,2.2,3.05,3.6,2.15,3.1,3.5,2019/20,€11.20m,€12.75m,2.19,3.11,3.82,2.05,3.1,3.8,2.1624999999999996,0.02165063509461108,1.9999279699684487,0.010011854379010907,0.004335260115606809,0.2500244897959183,3.0875000000000004,0.02165063509461108,1.9999644327049415,0.0070123514476473124,0.0030364372469635637,0.2500124947938359,3.625,0.10897247358851675,1.999352185133717,0.030061372024418415,0.015517241379310542,0.250217716703935
G1,21/09/2019,Panetolikos,AEK,A,6.5,3.8,1.53,6.25,3.7,1.62,6.3,3.65,1.57,6.0,3.6,1.6,2019/20,€8.85m,€30.53m,6.33,3.62,1.64,6.0,3.75,1.57,6.2625,0.17809758560968758,1.9994153099407745,0.028438736225099813,0.015469061876247636,0.2502050343058129,3.6875,0.07395099728874512,1.9997106934683815,0.020054507739320708,0.011016949152542477,0.25009889375249333,1.58,0.033911649915626375,1.9996668349536086,0.021463069566852136,0.011867088607594889,0.2501169903775224
G1,22/09/2019,Larisa,Xanthi,H,2.25,3.1,3.4,2.3,3.1,3.4,2.3,2.95,3.4,2.3,3.0,3.3,2019/20,€13.43m,€9.38m,2.37,2.99,3.53,1.95,3.2,4.2,2.2874999999999996,0.02165063509461089,1.9999351428157195,0.009464758511305309,0.004098360655737654,0.250022893074082,3.0374999999999996,0.06495190528383288,1.9996696306147015,0.02138334330331947,0.011316872427983515,0.2501154024093447,3.375,0.043301270189221974,1.999880665596286,0.012830005981991697,0.005555555555555536,0.25004239923116056
G1,22/09/2019,PAOK,Aris,D,1.36,4.2,8.5,1.48,4.33,7.0,1.45,4.0,8.0,1.42,4.0,8.5,2019/20,€53.55m,€11.73m,1.43,4.17,9.44,1.6,3.8,6.0,1.4275,0.044370598373247076,1.999299731256081,0.031082730909455045,0.017075306479859886,0.25024867027797054,4.1325,0.14024532077755755,1.9991718434022818,0.0339371617126576,0.017997580157289805,0.25028235893220757,8.0,0.6123724356957945,1.9956764763856565,0.07654655446197431,0.0390625,0.25167690168714396
G1,22/09/2019,Lamia,Panionios,D,2.05,3.2,3.75,2.1,3.2,3.9,2.05,3.05,4.05,2.05,3.1,3.8,2019/20,€7.88m,€7.13m,2.12,3.06,4.14,2.15,3.0,3.75,2.0625,0.02165063509461108,1.99992083045956,0.010497277621629615,0.00454545454545463,0.2500268923231382,3.1375,0.06495190528383303,1.999690371339926,0.020701802480902958,0.010956175298804771,0.2501081293894304,3.875,0.11456439237389596,1.999372417810323,0.029565004483586052,0.016129032258064502,0.2502124997233317
G1,22/09/2019,Panathinaikos,Olympiakos,D,7.5,4.2,1.44,7.25,4.25,1.48,7.4,4.1,1.46,8.0,4.0,1.44,2019/20,€20.25m,€82.58m,8.26,4.15,1.46,7.0,3.8,1.53,7.5375,0.2814582562299425,1.9990038852307481,0.0373410621863937,0.019485903814262073,0.2503289647928323,4.137499999999999,0.09601432184835766,1.9996106543758212,0.02320587839235231,0.01283987915407847,0.25013649275151295,1.4549999999999998,0.016583123951777013,1.9999064698413542,0.011397336049331281,0.006013745704467333,0.2500321174139201
G1,28/09/2019,Atromitos,Panetolikos,H,1.85,3.5,4.2,1.8,3.6,4.6,1.77,3.45,4.7,1.75,3.5,4.6,2019/20,€12.75m,€8.85m,1.79,3.69,4.68,1.53,3.75,6.0,1.7925,0.03766629793329844,1.9996825102776268,0.021013276392356173,0.011506276150627714,0.2501082812829497,3.5125,0.0544862367942584,1.9998269963994477,0.015512095884486377,0.008007117437722311,0.2500589862838879,4.525,0.1920286436967151,1.9986817559075036,0.0424372693252409,0.02071823204419898,0.250491373905499
G1,28/09/2019,Olympiakos,Lamia,H,1.16,7.0,15.0,1.16,6.75,14.0,1.17,6.7,16.0,1.14,7.0,19.0,2019/20,€82.58m,€7.88m,1.15,7.87,18.07,1.16,7.0,15.0,1.1575,0.010897247358851694,1.99993593255692,0.009414468560563018,0.004859611231101457,0.2500224366154282,6.8625,0.13863170633011768,1.9997055050019306,0.020201341541729353,0.01047358834244072,0.2501022312305368,16.0,1.8708286933869707,1.9903601469005883,0.11692679333668567,0.0625,0.25299207288773384
G1,29/09/2019,OFI Crete,Asteras Tripolis,H,2.15,3.3,3.4,2.15,3.25,3.6,2.1,3.25,3.6,2.05,3.2,3.7,2019/20,€9.78m,€11.20m,2.14,3.21,3.81,1.83,3.5,4.33,2.1125,0.04145780987944252,1.9997212537352627,0.01962499875949942,0.010355029585798814,0.2500982215729445,3.25,0.03535533905932725,1.9999146300616968,0.010878565864408385,0.005769230769230749,0.2500295963047226,3.5749999999999997,0.10897247358851693,1.9993251043683955,0.030481810793990753,0.01573426573426584,0.2502422528834002
G1,29/09/2019,Xanthi,Volos NFC,H,1.85,3.5,4.2,1.91,3.4,4.33,1.85,3.3,4.5,1.83,3.25,4.6,2019/20,€9.38m,€8.40m,1.89,3.33,4.75,2.05,3.1,3.8,1.8599999999999999,0.029999999999999933,1.9998132238071666,0.01612903225806448,0.008064516129032251,0.2500632304706003,3.3625,0.09601432184835762,1.9994132766247352,0.02855444515936286,0.01579925650557601,0.25020088178268146,4.407500000000001,0.15384651442265418,1.9991198059007134,0.03490561870054547,0.01942711287578014,0.2503073061824193
G1,29/09/2019,Panionios,Panathinaikos,A,3.0,3.1,2.45,3.0,3.1,2.55,3.2,3.05,2.35,3.1,3.1,2.35,2019/20,€7.13m,€20.25m,3.31,3.26,2.32,3.1,3.1,2.37,3.075,0.08291561975888508,1.9994777463270106,0.026964429189881324,0.014227642276422703,0.25017717363869474,3.0875000000000004,0.02165063509461108,1.9999644327049415,0.0070123514476473124,0.0030364372469635637,0.2500124947938359,2.425,0.08291561975888491,1.9991611573423371,0.03419200814799378,0.018041237113401998,0.25028302667980734
G1,29/09/2019,AEK,PAOK,D,2.3,3.4,3.0,2.55,3.2,2.9,2.4,3.1,3.05,2.4,3.1,3.0,2019/20,€30.53m,€53.55m,2.46,3.21,3.1,2.1,3.4,3.5,2.4125,0.08926785535678562,1.9990169207478743,0.03700221983700958,0.01943005181347157,0.2503332833476973,3.1999999999999997,0.12247448713915883,1.998953844949236,0.03827327723098714,0.01953125,0.25034484724058254,2.9875,0.0544862367942584,1.9997590808604244,0.01823807089347562,0.009414225941422494,0.25008522738968414
G1,05/10/2019,Panathinaikos,Xanthi,A,1.65,3.5,5.25,1.7,3.5,5.75,1.7,3.35,5.5,1.67,3.5,5.5,2019/20,€20.25m,€9.38m,1.7,3.3,6.56,1.53,3.6,7.5,1.68,0.021213203435596444,1.9998848327779495,0.012626906806902646,0.006696428571428825,0.25004018394486555,3.4625,0.06495190528383286,1.9997442984711604,0.018758673006161117,0.008122743682310585,0.250091910513201,5.5,0.1767766952966369,1.999254549458816,0.03214121732666125,0.017045454545454586,0.2502590662493088
G1,05/10/2019,Larisa,AEK,D,4.75,3.25,1.85,4.5,3.3,1.9,4.25,3.2,1.93,4.2,3.25,1.91,2019/20,€13.43m,€30.53m,4.29,3.39,1.96,4.5,3.25,1.9,4.425,0.219374109684803,1.998238446845056,0.049576069985266216,0.026836158192090398,0.25059097261117413,3.25,0.03535533905932725,1.9999146300616968,0.010878565864408385,0.005769230769230749,0.2500295963047226,1.8975,0.029474565306378927,1.9998253110861315,0.015533367750397327,0.008234519104084237,0.2500616654440959
G1,06/10/2019,Volos NFC,Atromitos,A,3.0,3.1,2.3,3.0,3.0,2.3,3.2,3.05,2.35,3.0,3.0,2.45,2019/20,€8.40m,€12.75m,3.39,2.92,2.48,2.6,3.0,2.9,3.05,0.08660254037844395,1.999424603097586,0.02839427553391605,0.012295081967212962,0.25018896447467875,3.0374999999999996,0.04145780987944252,1.9998659179747336,0.013648661688705358,0.007201646090534863,0.25004596030748916,2.35,0.061237243569579596,1.9995135413173217,0.02605840151897004,0.013297872340425565,0.2501628694428619
G1,06/10/2019,Asteras Tripolis,PAOK,A,5.5,3.4,1.61,5.75,3.8,1.62,5.1,3.65,1.67,5.5,3.7,1.62,2019/20,€11.20m,€53.55m,5.8,3.9,1.62,6.5,4.0,1.53,5.4625,0.2328492001274646,1.9986796806788116,0.04262685585857475,0.02231121281464521,0.2504751847092371,3.6374999999999997,0.14737282653189496,1.9988041879889744,0.04051486640052095,0.021477663230240696,0.25043563069792507,1.6300000000000001,0.023452078799117076,1.9998514131969694,0.014387778404366303,0.006901840490797673,0.250050233215551
G1,06/10/2019,OFI Crete,Panionios,H,1.5,3.75,6.5,1.57,3.9,6.5,1.57,3.75,6.3,1.53,3.6,7.0,2019/20,€9.78m,€7.13m,1.56,3.8,7.15,1.45,4.0,9.0,1.5425000000000002,0.029474565306379014,1.9997359844033422,0.019108308140278127,0.01012965964343615,0.2500925943334037,3.75,0.10606601717798207,1.9994227679976009,0.028284271247461888,0.015000000000000124,0.25020048064071754,6.575,0.25860201081971507,1.9988951791769356,0.039331104307180995,0.019961977186311763,0.25036445636764504
G1,06/10/2019,Aris,Olympiakos,A,5.5,4.0,1.53,5.75,4.2,1.57,6.0,3.95,1.55,5.8,4.33,1.5,2019/20,€11.73m,€82.58m,6.03,4.54,1.52,4.75,3.6,1.66,5.7625,0.17809758560968758,1.9993092934572418,0.03090630552879611,0.016811279826464354,0.2502425046410666,4.12,0.15313392831113554,1.99900584373856,0.037168429201731926,0.02032766990291268,0.2503402948595399,1.5374999999999999,0.025860201081971523,1.9997956345357892,0.01681964298014408,0.009349593495935116,0.2500713506211947
G1,07/10/2019,Lamia,Panetolikos,D,2.15,3.1,3.3,2.2,3.25,3.5,2.15,3.15,3.55,2.2,3.1,3.4,2019/20,€7.88m,€8.85m,2.18,3.18,3.74,2.25,3.1,3.1,2.175,0.025000000000000133,1.9999046950184836,0.01149425287356328,0.005747126436781658,0.25003302946228034,3.15,0.061237243569579415,1.999728790502628,0.019440394783993467,0.009920634920634885,0.25009158698146805,3.4375,0.09601432184835762,1.9994356565805271,0.02793143908315858,0.015454545454545388,0.2501983390429841
G1,19/10/2019,Olympiakos,OFI Crete,H,1.18,6.5,15.0,1.19,7.0,15.5,1.2,6.6,13.0,1.17,6.5,17.0,2019/20,€82.58m,€9.78m,1.16,6.82,17.55,1.2,6.0,11.0,1.185,0.011180339887498959,1.9999357861923035,0.00943488598101178,0.0052742616033756295,0.2500222580724719,6.65,0.20615528128088303,1.9993138687436531,0.031000794177576396,0.015037593984962516,0.2502257665048163,15.125,1.4306903927824497,1.9934750326098953,0.09459110034925287,0.051652892561983466,0.25240439534945447
G1,19/10/2019,Panetolikos,Larisa,D,2.2,3.2,3.4,2.15,3.1,3.8,2.2,3.0,3.6,2.15,3.1,3.6,2019/20,€8.85m,€13.43m,2.15,3.08,3.99,2.5,3.2,2.9,2.175,0.025000000000000133,1.9999046950184836,0.01149425287356328,0.005747126436781658,0.25003302946228034,3.1,0.07071067811865482,1.9996246239978286,0.022809896167308007,0.012096774193548487,0.25013027604430177,3.5999999999999996,0.14142135623730948,1.998886236044991,0.039283710065919304,0.02083333333333326,0.2503875931955596
G1,20/10/2019,Xanthi,Aris,A,3.1,3.2,2.3,3.4,2.8,2.5,3.3,3.0,2.35,3.3,2.88,2.38,2019/20,€9.38m,€11.73m,3.52,2.79,2.51,3.6,3.25,2.1,3.2750000000000004,0.10897247358851676,1.999195260299568,0.03327403773695168,0.01717557251908408,0.2502898467155783,2.9699999999999998,0.15066519173319376,1.998157300369203,0.05072902078558713,0.02777777777777768,0.2506158489808191,2.3825,0.07361215932167732,1.9993157271074307,0.030897023849602235,0.016526757607555176,0.25022984866462433
G1,20/10/2019,Panionios,Asteras Tripolis,A,2.5,3.2,2.87,2.7,3.2,2.7,2.7,3.05,2.7,2.62,3.1,2.7,2019/20,€7.13m,€11.20m,2.72,3.18,2.8,2.45,3.2,3.0,2.63,0.08185352771872458,1.9992960615586688,0.03112301434172037,0.016159695817490327,0.25025318188763823,3.1375,0.06495190528383303,1.999690371339926,0.020701802480902958,0.010956175298804771,0.2501081293894304,2.7424999999999997,0.07361215932167725,1.9994855300320942,0.026841261375269737,0.011622607110300942,0.2501694470047164
G1,20/10/2019,PAOK,Lamia,H,1.14,8.5,13.0,1.18,7.0,17.5,1.2,6.3,14.0,1.15,6.5,19.0,2019/20,€53.55m,€7.88m,1.15,7.2,19.36,1.14,8.5,13.0,1.1675,0.023848480035423662,1.9996993633261433,0.020426963627771876,0.01124197002141325,0.2501035707140101,7.075,0.8613216588476109,1.9896385121421418,0.12174157722227716,0.0627208480565371,0.25306794101906904,15.875,2.45903944661325,1.9826727057232574,0.1549001226213071,0.08464566929133865,0.25596317650305606
G1,20/10/2019,AEK,Volos NFC,H,1.2,7.0,11.0,1.25,6.25,11.5,1.25,5.8,11.5,1.2,5.5,17.0,2019/20,€30.53m,€8.40m,1.21,6.14,17.59,1.25,5.75,11.0,1.225,0.025000000000000022,1.999699542856517,0.020408163265306138,0.010204081632653184,0.25010412328196585,6.1375,0.5649944689994761,1.9939620618145564,0.09205612529523033,0.05040733197556002,0.2519709823543781,12.75,2.462214450449026,1.9747284577444888,0.19311485885874713,0.08823529411764697,0.2563096594662439
G1,20/10/2019,Atromitos,Panathinaikos,A,2.4,3.3,2.9,2.55,3.0,3.1,2.45,3.05,3.05,2.45,3.0,3.0,2019/20,€12.75m,€20.25m,2.53,3.05,3.15,2.4,3.3,2.87,2.4625,0.054486236794258354,1.9996484834236241,0.022126390576348572,0.011421319796954377,0.25011905550217356,3.0875000000000004,0.12437342963832743,1.9988455273659886,0.04028289219055139,0.019230769230769384,0.2503731745812119,3.0125,0.07395099728874524,1.9995636835775443,0.02454804889252954,0.013485477178423189,0.2501541022828865
G1,26/10/2019,OFI Crete,Xanthi,H,1.65,3.6,5.75,1.7,3.6,5.5,1.67,3.7,5.0,1.65,3.75,5.0,2019/20,€9.78m,€9.38m,1.64,3.71,6.0,1.5,4.0,7.0,1.6675,0.020463381929681144,1.9998916667952369,0.012271893211203085,0.0063718140929538425,0.25003702726643623,3.6624999999999996,0.06495190528383288,1.9997734037347858,0.01773430860992024,0.009385665529010323,0.2500780503638674,5.3125,0.3247595264191645,1.9973139432573919,0.0611312049730192,0.032352941176470695,0.25091253654522855
G1,26/10/2019,Volos NFC,PAOK,A,12.0,5.25,1.22,11.0,6.25,1.25,11.0,5.8,1.25,11.0,6.5,1.22,2019/20,€8.40m,€53.55m,11.93,6.79,1.22,9.5,6.5,1.18,11.25,0.4330127018922193,1.9989465758033484,0.03849001794597505,0.016666666666666607,0.2503395201448619,5.95,0.4756574397610112,1.9953378766142436,0.07994242685059012,0.04411764705882337,0.2517105514355172,1.2349999999999999,0.015000000000000013,1.9998935847610622,0.012145748987854263,0.006072874493927127,0.2500368798046191
G1,27/10/2019,Panathinaikos,Larisa,A,1.75,3.4,5.0,1.72,3.6,5.25,1.75,3.35,5.2,1.7,3.4,5.5,2019/20,€20.25m,€13.43m,1.72,3.49,5.69,1.75,3.4,5.25,1.73,0.021213203435596444,1.9998913980218618,0.012261967303812973,0.006502890173410325,0.25003788568922514,3.4375,0.09601432184835765,1.9994422728681553,0.02793143908315859,0.013636363636363669,0.250184764672021,5.2375,0.17809758560968758,1.999167537501735,0.03400431228824584,0.018496420047732887,0.25028599886002006
G1,27/10/2019,Atromitos,Panionios,H,1.55,3.75,6.25,1.57,3.8,5.5,1.6,3.65,6.2,1.55,3.5,7.0,2019/20,€12.75m,€7.13m,1.57,3.7,7.2,1.53,3.75,6.5,1.5675,0.020463381929681144,1.9998774248387583,0.013054789109844431,0.006778309409888328,0.2500418584707883,3.6750000000000003,0.11456439237389596,1.9992951448591791,0.03117398431942747,0.017006802721088343,0.2502510700138809,6.2375,0.5307718436390536,1.9947746247145328,0.08509368234694246,0.04559118236472948,0.2518277742184495
G1,27/10/2019,Aris,Panetolikos,H,1.5,4.1,6.5,1.48,4.4,7.0,1.47,4.15,6.9,1.47,4.2,6.5,2019/20,€11.73m,€8.85m,1.48,4.38,7.02,1.33,4.75,10.0,1.48,0.012247448713915901,1.999950711795575,0.008275303185078312,0.004222972972973027,0.25001689228261376,4.2125,0.11388041973930392,1.9994766413184293,0.027033927534552856,0.01409495548961437,0.2501749023365532,6.725,0.22776083947860754,1.9991730897033142,0.03386778282209778,0.017657992565055736,0.25028545890268045
G1,27/10/2019,Olympiakos,AEK,H,1.53,3.8,7.0,1.55,4.2,6.0,1.57,3.9,5.7,1.53,4.0,6.0,2019/20,€82.58m,€30.53m,1.55,4.1,6.3,1.55,3.8,7.0,1.5450000000000002,0.016583123951777013,1.9999170404327828,0.01073341356102072,0.005663430420712157,0.25002850265438603,3.975,0.14790199457749054,1.99900630372029,0.037208048950312086,0.020440251572327206,0.2503360921063647,6.175,0.49180788932264996,1.9955275009508306,0.07964500231945748,0.03947368421052633,0.25138313609467455
G1,28/10/2019,Asteras Tripolis,Lamia,H,1.85,3.4,4.33,1.87,3.4,4.6,1.87,3.25,4.55,1.83,3.25,4.6,2019/20,€11.20m,€7.88m,1.83,3.4,4.94,1.5,4.0,7.5,1.8550000000000002,0.016583123951777013,1.999942265300758,0.008939689461874399,0.004716981132075526,0.25002015880525297,3.325,0.07499999999999996,1.9996329539081623,0.022556390977443594,0.011278195488721776,0.2501271976934818,4.52,0.1115795680221068,1.9995565380182554,0.024685745137634253,0.011891592920354022,0.2501605655968496
G1,02/11/2019,Panionios,Aris,D,4.33,3.5,1.85,4.33,3.5,1.87,4.3,3.35,1.87,4.2,3.4,1.85,2019/20,€7.13m,€11.73m,4.32,3.52,1.91,3.8,3.6,1.95,4.29,0.0533853912601565,1.9998878312661055,0.012444147146889626,0.006118881118881259,0.25003968569809765,3.4375,0.06495190528383288,1.999742094455698,0.0188950997189332,0.010000000000000009,0.25009000491670463,1.86,0.010000000000000009,1.9999791492948436,0.00537634408602151,0.0026881720430107503,0.2500072262689329
G1,02/11/2019,Xanthi,Olympiakos,D,11.0,4.2,1.36,9.5,4.1,1.42,8.6,4.35,1.4,9.5,4.2,1.38,2019/20,€9.38m,€82.58m,10.3,3.98,1.43,10.0,4.0,1.4,9.65,0.8616843969807044,1.9943199829287719,0.08929371989437351,0.04663212435233155,0.25186034913850724,4.2125,0.08926785535678558,1.9996769605754672,0.021191182280542568,0.011127596439169274,0.25011046171039863,1.3900000000000001,0.022360679774997845,1.999813312314526,0.016086819982012838,0.008992805755395628,0.2500647286037908
G1,03/11/2019,Larisa,OFI Crete,H,2.5,3.2,2.8,2.6,3.1,2.9,2.65,3.15,2.7,2.6,3.1,2.75,2019/20,€13.43m,€9.78m,2.75,2.98,2.94,2.2,3.3,3.3,2.5875,0.0544862367942584,1.9996786277058018,0.021057482819037063,0.010869565217391353,0.25011406395133884,3.1375,0.04145780987944252,1.9998743202118585,0.013213644583089247,0.006972111553784854,0.25004309505835304,2.7874999999999996,0.0739509972887451,1.9994941478426873,0.026529505753809905,0.014573991031390232,0.25017220276817687
G1,03/11/2019,Panetolikos,Asteras Tripolis,D,2.55,3.0,2.9,2.7,2.95,2.9,2.6,3.05,2.85,2.55,3.0,2.9,2019/20,€8.85m,€11.20m,2.63,3.05,3.02,2.4,3.1,3.1,2.6,0.061237243569579596,1.999602336692743,0.023552785988299844,0.012019230769230838,0.25013357261327296,3.0,0.03535533905932725,1.9998998082055732,0.01178511301977575,0.006249999999999867,0.2500347366931645,2.8874999999999997,0.021650635094610887,1.9999593273052878,0.007498055444021087,0.0032467532467532756,0.25001430178676987
G1,03/11/2019,AEK,Atromitos,H,1.4,3.6,13.0,1.45,4.1,8.5,1.45,4.2,7.6,1.4,4.2,8.5,2019/20,€30.53m,€12.75m,1.41,4.42,8.9,1.4,4.0,11.0,1.425,0.025000000000000022,1.9997779672118907,0.017543859649122823,0.008771929824561653,0.250076946752847,4.0249999999999995,0.248746859276655,1.9971802585203278,0.061800461932088206,0.029503105590062084,0.25109575986324995,9.4,2.110687091920543,1.9659006446063052,0.22454117999154713,0.10771276595744683,0.2584947628704422
G1,03/11/2019,PAOK,Panathinaikos,D,1.3,4.75,11.0,1.34,4.75,10.5,1.32,4.8,10.0,1.3,4.8,11.0,2019/20,€53.55m,€20.25m,1.29,5.26,11.6,1.36,4.75,8.5,1.3150000000000002,0.016583123951777013,1.9998855165469493,0.012610740647739172,0.0066539923954371805,0.25003927466446885,4.775,0.02499999999999991,1.9999802266709787,0.005235602094240819,0.002617801047120283,0.2500068528823223,10.625,0.414578098794425,1.9988942420654394,0.039019115180651764,0.020588235294117574,0.2503964325682371
G1,04/11/2019,Lamia,Volos NFC,H,2.3,3.1,3.25,2.35,3.2,3.25,2.4,3.1,3.1,2.35,3.1,3.1,2019/20,€7.88m,€8.40m,2.36,3.25,3.23,2.2,3.1,3.5,2.35,0.03535533905932741,1.9998367130024457,0.015044825131628685,0.007978723404255206,0.2500566251299533,3.125,0.04330127018922197,1.9998622297342519,0.01385640646055103,0.006000000000000005,0.2500465000930002,3.175,0.07499999999999996,1.9995974498364508,0.023622047244094474,0.011811023622047223,0.25013950027900056
G1,09/11/2019,Volos NFC,Panetolikos,H,2.05,3.1,4.0,2.1,3.25,3.75,2.05,3.25,3.7,2.0,3.5,3.5,2019/20,€8.40m,€8.85m,2.05,3.69,3.58,2.25,3.1,3.3,2.05,0.03535533905932741,1.9997854196736613,0.017246506858208496,0.009146341463414753,0.2500744268864173,3.275,0.14361406616345068,1.9986222453396143,0.04385162325601548,0.022900763358778553,0.25046222385733025,3.7375,0.17809758560968758,1.998366190516266,0.04765152792232444,0.02591973244147172,0.2505602578168302
G1,09/11/2019,OFI Crete,PAOK,A,4.75,3.6,1.72,5.0,3.8,1.7,4.45,3.85,1.73,4.5,3.7,1.73,2019/20,€9.78m,€53.55m,5.07,3.63,1.75,5.0,3.8,1.65,4.675,0.219374109684803,1.9984213160518276,0.04692494324808621,0.025401069518716568,0.25053047488473557,3.7375000000000003,0.09601432184835755,1.9995227316709854,0.025689450661767903,0.014214046822742521,0.2501675354594634,1.7200000000000002,0.012247448713915901,1.999963353954312,0.007120609717392965,0.003633720930232842,0.25001282511160094
G1,10/11/2019,Aris,Asteras Tripolis,H,1.5,3.8,8.0,1.55,3.8,7.0,1.5,3.95,6.7,1.5,3.8,7.5,2019/20,€11.73m,€11.20m,1.5,3.98,7.8,1.44,4.0,8.0,1.5125,0.021650635094610984,1.999852995731125,0.01431446948404032,0.006198347107437829,0.25004957366646835,3.8374999999999995,0.06495190528383306,1.9997946754316498,0.01692557792412588,0.007328990228013144,0.2500688993457114,7.3,0.4949747468305832,1.9966963522875565,0.06780475983980591,0.03767123287671237,0.25112350995264354
G1,10/11/2019,Xanthi,Panionios,A,1.9,3.2,4.5,1.9,3.3,4.5,1.9,3.25,4.25,1.91,3.2,4.2,2019/20,€9.38m,€7.13m,1.88,3.31,4.81,1.9,3.25,4.75,1.9024999999999999,0.004330127018922197,1.9999962664950457,0.0022760194580405766,0.000985545335085547,0.250001288285704,3.2375,0.04145780987944235,1.9998819567038997,0.012805501121063274,0.006756756756756577,0.2500404896430746,4.3625,0.13863170633011768,1.9992710473429993,0.03177804156564302,0.016475644699140535,0.2502532886124129
G1,10/11/2019,Olympiakos,Atromitos,H,1.14,7.0,23.0,1.15,7.25,23.0,1.17,6.5,18.0,1.14,7.0,23.0,2019/20,€82.58m,€12.75m,1.12,7.68,26.91,1.14,7.0,23.0,1.15,0.012247448713915901,1.999918417728239,0.010649955403405133,0.005434782608695565,0.25002787175173014,6.9375,0.2724311839712921,1.9988775135069186,0.03926935985171778,0.020270270270270174,0.2504073063701682,21.75,2.165063509461097,1.9925478062637225,0.09954314986028032,0.0431034482758621,0.2531624219935908
G1,10/11/2019,Panathinaikos,AEK,H,3.25,3.1,2.3,3.3,3.2,2.3,3.25,3.1,2.3,3.1,3.1,2.35,2019/20,€20.25m,€30.53m,3.21,3.17,2.42,2.75,3.1,2.62,3.225,0.07499999999999993,1.9996071049761874,0.023255813953488347,0.011627906976744207,0.25014106658201696,3.125,0.04330127018922197,1.9998622297342519,0.01385640646055103,0.006000000000000005,0.2500465000930002,2.3125,0.02165063509461108,1.9999369958421673,0.009362436797669656,0.004054054054054124,0.25002144756784583
G1,11/11/2019,Larisa,Lamia,A,1.6,3.6,6.0,1.65,3.7,5.75,1.65,3.55,5.7,1.62,3.4,6.5,2019/20,€13.43m,€7.88m,1.63,3.55,6.66,1.8,3.25,5.0,1.63,0.02121320343559634,1.9998776536936445,0.013014235236562173,0.006901840490797451,0.25004269786468203,3.5625,0.10825317547305494,1.9993315551915976,0.030386856273138228,0.016666666666666607,0.2502359788775189,5.9875,0.3169680583276491,1.9980039654854393,0.05293829784177856,0.027661795407098122,0.25064910601030943
G1,23/11/2019,Lamia,Xanthi,H,2.37,3.0,3.25,2.45,3.0,3.25,2.35,3.0,3.25,2.35,3.0,3.2,2019/20,€7.88m,€9.38m,2.38,2.91,3.5,1.95,2.87,4.75,2.38,0.041231056256176644,1.9997847696839237,0.017323973216880943,0.008403361344537785,0.2500724398358479,3.0,0.0,2.0,0.0,0.0,0.25,3.2375,0.02165063509461089,1.999967656255864,0.006687454855478268,0.0028957528957529455,0.25001135520598344
G1,24/11/2019,Atromitos,OFI Crete,H,1.9,3.2,4.0,1.95,3.3,4.2,1.97,3.3,3.95,1.91,3.3,4.2,2019/20,€12.75m,€9.78m,1.93,3.4,4.2,1.9,3.2,4.0,1.9324999999999999,0.02861380785564902,1.9998419501709173,0.014806627609650205,0.008085381630012822,0.2500546048394996,3.2750000000000004,0.04330127018922178,1.9998732472131229,0.01322176188983871,0.005725190839694694,0.25004506940688664,4.0874999999999995,0.11388041973930377,1.999439627565936,0.027860653147230283,0.014525993883792054,0.2501948706064619
G1,24/11/2019,Asteras Tripolis,Volos NFC,D,1.57,3.6,6.5,1.67,3.7,5.5,1.73,3.55,5.0,1.7,3.5,5.0,2019/20,€11.20m,€8.40m,1.71,3.58,5.25,1.55,3.75,6.5,1.6675,0.06015604707757979,1.9990523710590757,0.03607559045132221,0.019115442278860417,0.25034422449372096,3.5875000000000004,0.0739509972887453,1.9996943628033224,0.020613518408012624,0.011324041811846763,0.2501044381759534,5.5,0.6123724356957945,1.9912946632147581,0.11134044285378081,0.05681818181818188,0.2526348508725007
G1,24/11/2019,PAOK,Larisa,H,1.22,5.75,13.0,1.22,6.5,13.5,1.25,5.7,12.5,1.2,5.8,15.0,2019/20,€53.55m,€13.43m,1.19,6.19,13.45,1.18,6.0,17.0,1.2225,0.01785357107135714,1.9998464475470654,0.014604148115629564,0.0076687116564417845,0.2500527139406048,5.9375,0.3266783586342995,1.9978585903722448,0.05501951303314518,0.025789473684210584,0.25067224922371156,13.5,0.9354143466934853,1.9965864110273048,0.06928995160692485,0.03703703703703698,0.25110193499668154
G1,24/11/2019,AEK,Aris,D,1.5,3.6,8.5,1.53,3.9,7.0,1.57,3.85,6.0,1.52,3.75,7.0,2019/20,€30.53m,€11.73m,1.53,3.81,7.04,1.55,3.5,7.5,1.5300000000000002,0.025495097567963948,1.9998002885655792,0.01666346246272153,0.008986928104575131,0.2500682182400019,3.775,0.11456439237389596,1.9993320949681246,0.030348183410303566,0.01655629139072845,0.25023772652029447,7.125,0.8926785535678563,1.9888135908748723,0.1252882180446114,0.06578947368421062,0.2536990866229195
G1,24/11/2019,Panetolikos,Panathinaikos,D,3.5,3.1,2.2,3.5,3.2,2.2,3.4,3.1,2.25,3.5,3.1,2.15,2019/20,€8.85m,€20.25m,3.65,3.2,2.2,4.2,3.1,2.0,3.475,0.043301270189221974,1.9998874512721907,0.012460797176754525,0.0053956834532373765,0.25003995950769886,3.125,0.04330127018922197,1.9998622297342519,0.01385640646055103,0.006000000000000005,0.2500465000930002,2.2,0.03535533905932741,1.9998136855287305,0.01607060866333064,0.008522727272727293,0.2500646161626428
G1,30/11/2019,Larisa,Volos NFC,H,1.83,3.25,4.75,1.85,3.4,4.6,1.9,3.3,4.2,1.91,3.2,4.2,2019/20,€13.43m,€8.40m,1.93,3.31,4.32,1.66,3.4,5.75,1.8725,0.03344772040064905,1.9997696890472616,0.01786260101503287,0.00967957276368514,0.25008006301540947,3.2875000000000005,0.0739509972887451,1.999636126442376,0.02249459993573995,0.012357414448669335,0.2501241872774089,4.4375,0.24334902917414716,1.9978349051652362,0.05483921784206133,0.02887323943661957,0.25074152520367854
G1,30/11/2019,OFI Crete,AEK,H,3.1,3.4,2.25,3.3,3.1,2.35,3.15,3.15,2.3,3.1,3.2,2.3,2019/20,€9.78m,€30.53m,3.45,2.95,2.37,3.1,3.1,2.4,3.1625,0.0819679815537749,1.9995193077135782,0.02591872934506716,0.012845849802371578,0.2501599832597521,3.2125,0.11388041973930368,1.9991020603631229,0.03544915789550309,0.018482490272373475,0.250296844931985,2.3,0.03535533905932741,1.9998295358345703,0.015371886547533659,0.008152173913043459,0.25005911561696337
G1,01/12/2019,Panathinaikos,Asteras Tripolis,H,1.6,3.6,6.0,1.62,3.75,6.0,1.63,3.55,5.8,1.57,3.6,6.5,2019/20,€20.25m,€11.20m,1.57,3.73,6.58,1.57,3.6,6.5,1.605,0.022912878474779158,1.9998526298560444,0.01427593674441069,0.007788161993769416,0.25005170032854196,3.625,0.07500000000000004,1.9996930642228088,0.020689655172413803,0.010344827586206806,0.25010323777953686,6.075,0.25860201081971507,1.9987068367857357,0.042568232233697954,0.021604938271604812,0.2504249653199549
G1,01/12/2019,Aris,Lamia,D,1.33,4.5,11.0,1.35,4.75,10.5,1.37,4.45,9.1,1.33,4.5,10.0,2019/20,€11.73m,€7.88m,1.3,4.67,12.16,1.4,4.2,11.0,1.345,0.016583123951777013,1.9998905617931098,0.012329460187194805,0.006505576208178487,0.2500375522329317,4.55,0.1172603939955857,1.999525092158062,0.02577151516386499,0.012362637362637319,0.250157488447351,10.15,0.7017834423809101,1.9965174958102765,0.06914122585033597,0.03817733990147776,0.2512700959377765
G1,01/12/2019,Xanthi,Atromitos,H,2.75,3.1,2.62,2.8,3.0,2.75,2.8,3.0,2.7,2.88,2.9,2.62,2019/20,€9.38m,€12.75m,2.95,2.92,2.72,3.1,2.9,2.5,2.8075,0.046569840025492866,1.999802018974178,0.016587654505963622,0.008682101513802332,0.2500677724583783,3.0,0.07071067811865482,1.99959917713182,0.023570226039551608,0.012499999999999956,0.25013912058487187,2.6725000000000003,0.055396299515400815,1.9996906547245559,0.02072826922933613,0.010991580916744681,0.25010617665797774
G1,01/12/2019,Olympiakos,PAOK,D,1.83,3.5,4.33,1.83,3.5,4.6,1.87,3.35,4.35,1.8,3.4,4.5,2019/20,€82.58m,€53.55m,1.82,3.49,4.63,1.7,3.6,5.25,1.8325,0.024874685927665518,1.9998672569601568,0.013574180588084867,0.007162346521146112,0.25004571713457646,3.4375,0.06495190528383288,1.999742094455698,0.0188950997189332,0.010000000000000009,0.25009000491670463,4.445,0.11101801655587253,1.9995509961025761,0.024975931733604614,0.013498312710911176,0.2501539067215691
G1,07/12/2019,PAOK,Xanthi,H,1.16,6.5,19.0,1.17,7.0,20.0,1.15,6.9,19.5,1.12,7.0,26.0,2019/20,€53.55m,€9.38m,1.13,7.53,23.86,1.14,7.5,17.0,1.15,0.018708286933869635,1.9998083666941329,0.016268075594669248,0.008695652173912993,0.25006769558365993,6.85,0.20615528128088303,1.9993396824611158,0.03009566150085884,0.014598540145985606,0.25024122237153745,21.125,2.836701429477554,1.9875544588542837,0.13428172447231027,0.06360946745562135,0.2534362769818315
G1,07/12/2019,AEK,Panionios,H,1.28,5.5,10.0,1.26,5.75,12.5,1.26,5.3,11.5,1.22,5.8,13.0,2019/20,€30.53m,€7.13m,1.21,6.1,13.75,1.28,5.0,13.0,1.255,0.021794494717703387,1.9997816099176025,0.01736613124916605,0.008964143426294813,0.25007717930141704,5.5875,0.20116846174288855,1.9990610257363082,0.03600330411505835,0.01957494407158822,0.25033223634145707,11.75,1.14564392373896,1.9930109335596051,0.09750161053097532,0.05319148936170204,0.25266632869062106
G1,07/12/2019,Panetolikos,Olympiakos,A,10.0,4.75,1.33,12.0,5.0,1.3,10.5,5.2,1.3,12.0,5.0,1.27,2019/20,€8.85m,€82.58m,11.89,5.19,1.27,11.0,4.75,1.33,11.125,0.8926785535678563,1.995335365677446,0.08024076886003202,0.042134831460674205,0.25164473684210525,4.9875,0.15958931668504636,1.9992593436582893,0.03199785798196418,0.016917293233082553,0.2502605988522207,1.3,0.021213203435596444,1.9998079081647593,0.01631784879661265,0.008653846153846123,0.2500666212466039
G1,08/12/2019,Lamia,OFI Crete,H,2.5,3.0,3.0,2.6,2.9,3.1,2.6,2.95,2.9,2.6,2.9,2.9,2019/20,€7.88m,€9.78m,2.71,2.81,3.07,2.8,3.1,2.62,2.5749999999999997,0.043301270189221974,1.999794675150468,0.016816027257950283,0.007281553398058138,0.25007352220370554,2.9375,0.04145780987944255,1.999856644081348,0.014113296980235761,0.007446808510638281,0.2500491211282316,2.975,0.08291561975888508,1.999442122907541,0.027870796557608428,0.014705882352941346,0.25018912816226346
G1,08/12/2019,Asteras Tripolis,Larisa,D,2.1,3.1,3.75,2.05,3.2,4.0,2.05,3.05,4.0,2.0,3.1,4.0,2019/20,€11.20m,€13.43m,2.07,3.1,4.09,1.83,3.2,5.0,2.05,0.03535533905932741,1.9997854196736613,0.017246506858208496,0.009146341463414753,0.2500744268864173,3.1125,0.054486236794258534,1.9997797630748737,0.017505618247151338,0.009036144578313143,0.25007493863988317,3.9375,0.10825317547305482,1.9994488293074122,0.02749286996141075,0.011904761904761862,0.25020155872077404
G1,08/12/2019,Atromitos,Aris,D,2.5,3.0,3.0,2.6,3.0,3.0,2.55,3.05,2.9,2.55,3.1,2.8,2019/20,€12.75m,€11.73m,2.62,3.07,2.92,2.62,3.1,2.75,2.55,0.03535533905932741,1.9998613237697038,0.013864838846795064,0.007352941176470562,0.25004808616330676,3.0374999999999996,0.04145780987944252,1.9998659179747336,0.013648661688705358,0.007201646090534863,0.25004596030748916,2.9250000000000003,0.08291561975888508,1.9994175194738009,0.028347220430388058,0.014957264957264904,0.2502068272608226
G1,08/12/2019,Volos NFC,Panathinaikos,D,4.5,3.4,1.83,4.4,3.1,2.0,4.3,3.2,1.93,4.2,3.2,1.91,2019/20,€8.40m,€20.25m,4.04,3.13,2.06,4.0,3.4,1.95,4.3500000000000005,0.11180339887498948,1.9995233995051964,0.02570193077585965,0.014367816091953811,0.2501653570037413,3.2249999999999996,0.10897247358851676,1.9991821218999624,0.033789914291012954,0.017441860465116532,0.25027389849928255,1.9175,0.060570207197928556,1.9992790873093322,0.03158811327140994,0.01727509778357228,0.25025206250780324
G1,14/12/2019,OFI Crete,Aris,H,2.45,3.1,3.0,2.55,3.2,2.9,2.5,3.15,2.9,2.45,3.0,3.0,2019/20,€9.78m,€11.73m,2.42,3.09,3.11,2.87,3.1,2.55,2.4875,0.04145780987944235,1.9998001650030814,0.016666456232941648,0.008793969849246075,0.2500683361648333,3.1125000000000003,0.07395099728874524,1.999591320979759,0.023759356558633007,0.013052208835341306,0.2501442483178986,2.95,0.050000000000000044,1.9997927658541268,0.016949152542372895,0.008474576271186418,0.2500718184429762
G1,14/12/2019,Panathinaikos,Lamia,H,1.53,3.6,7.5,1.62,3.6,6.5,1.57,3.7,6.6,1.52,3.6,7.5,2019/20,€20.25m,€7.88m,1.52,3.66,7.61,1.53,3.75,7.0,1.56,0.03937003937005909,1.9995424752425441,0.02523720472439685,0.013621794871794712,0.250155286744718,3.625,0.043301270189221974,1.9998975404698252,0.011945177983233649,0.005172413793103292,0.2500347077606553,7.025,0.47631397208144133,1.9966799739615329,0.06780270065216246,0.0346975088967969,0.2511522527961933
G1,14/12/2019,Xanthi,AEK,A,4.75,3.4,1.8,5.0,3.4,1.8,5.1,3.3,1.77,5.25,3.3,1.73,2019/20,€9.38m,€30.53m,5.34,3.28,1.76,5.5,3.6,1.65,5.025,0.1820027472320129,1.999049039425327,0.036219452185475204,0.01990049751243772,0.2503380165109431,3.3499999999999996,0.050000000000000044,1.9998393017810492,0.014925373134328374,0.007462686567164312,0.2500556916907997,1.775,0.02872281323269017,1.9998104532307388,0.016181866609966292,0.00845070422535188,0.25006684607512886
G1,15/12/2019,Larisa,Atromitos,A,2.45,3.1,3.0,2.5,3.1,3.1,2.45,3.05,3.05,2.4,3.1,3.0,2019/20,€13.43m,€12.75m,2.47,3.04,3.09,2.3,3.1,3.2,2.45,0.03535533905932741,1.9998497714282586,0.014430750636460167,0.007653061224489832,0.25005209417724844,3.0875000000000004,0.02165063509461108,1.9999644327049415,0.0070123514476473124,0.0030364372469635637,0.2500124947938359,3.0374999999999996,0.04145780987944252,1.9998659179747336,0.013648661688705358,0.007201646090534863,0.25004596030748916
G1,15/12/2019,Volos NFC,Panionios,H,1.9,3.5,4.0,1.9,3.5,4.2,1.97,3.2,4.1,1.91,3.3,4.0,2019/20,€8.40m,€7.13m,1.95,3.31,4.15,2.25,3.3,3.2,1.92,0.02915475947422653,1.9998345765629608,0.015184770559492983,0.007161458333333259,0.25005578673023166,3.375,0.12990381056766576,1.998928062791745,0.038490017945975036,0.020370370370370372,0.2503769529811981,4.074999999999999,0.08291561975888503,1.9997023165805357,0.02034739135187363,0.010736196319018232,0.25010150443384654
G1,15/12/2019,Asteras Tripolis,Olympiakos,A,6.0,4.0,1.53,6.25,4.2,1.53,7.0,3.95,1.5,7.5,4.0,1.47,2019/20,€11.20m,€82.58m,7.66,4.05,1.46,8.5,4.2,1.4,6.6875,0.596212000885591,1.9942879167979288,0.08915319639410707,0.0490654205607477,0.25193853587196063,4.0375,0.09601432184835763,1.9995951912221448,0.023780636990305297,0.011609907120742946,0.2501349893381302,1.5075,0.024874685927665518,1.9998030507238345,0.016500620847539314,0.008706467661691697,0.25006921165872376
G1,15/12/2019,Panetolikos,PAOK,A,7.5,5.0,1.36,10.5,5.25,1.3,8.9,4.8,1.35,10.0,5.0,1.3,2019/20,€8.85m,€53.55m,10.29,5.14,1.29,8.0,4.75,1.36,9.225,1.1519006033508272,1.988498481736234,0.12486727407597044,0.06842818428184283,0.2544630619385102,5.0125,0.15958931668504636,1.9992703531902851,0.03183826766783967,0.016832917705735584,0.2502504214409616,1.3275000000000001,0.027726341266023566,1.9996854078676067,0.020886132780432064,0.010828625235405065,0.2501088461458593
G1,18/12/2019,Xanthi,Panetolikos,D,2.0,3.2,4.0,2.0,3.1,4.4,2.1,3.1,3.8,2.05,3.1,3.8,2019/20,€9.38m,€8.85m,2.06,3.05,4.08,2.1,3.0,4.0,2.0375,0.04145780987944252,1.9997023165805357,0.020347391351873627,0.010736196319018232,0.25010150443384654,3.125,0.04330127018922197,1.9998622297342519,0.01385640646055103,0.006000000000000005,0.2500465000930002,4.0,0.24494897427831802,1.9973368071545623,0.061237243569579505,0.03125,0.25085343383703573
G1,18/12/2019,OFI Crete,Panathinaikos,D,2.7,3.0,2.8,2.65,3.1,2.85,2.6,3.15,2.75,2.5,3.2,2.8,2019/20,€9.78m,€20.25m,2.62,2.98,2.93,2.6,2.8,3.1,2.6125,0.07395099728874524,1.9994194955222706,0.028306601833012535,0.015550239234449759,0.25020566345414536,3.1125000000000003,0.07395099728874524,1.999591320979759,0.023759356558633007,0.013052208835341306,0.25014424831789855,2.8,0.03535533905932741,1.9998849831214511,0.012626906806902647,0.006696428571428603,0.25003987876448736
G1,18/12/2019,Olympiakos,Larisa,H,1.18,7.0,13.0,1.17,7.25,17.5,1.18,6.6,15.5,1.15,6.5,19.0,2019/20,€82.58m,€13.43m,1.16,6.86,19.13,1.12,7.5,21.0,1.17,0.012247448713915901,1.9999207287730285,0.010467904883688805,0.005341880341880323,0.25002787168029733,6.8375,0.302851035989643,1.9985884672651788,0.044292656086236636,0.024223034734917492,0.2504826065317024,16.25,2.25,1.9859242022777497,0.13846153846153847,0.07692307692307687,0.25535280523321735
G1,18/12/2019,AEK,Asteras Tripolis,H,1.33,5.0,9.0,1.35,4.6,11.0,1.36,4.6,9.1,1.32,4.6,11.0,2019/20,€30.53m,€11.20m,1.32,4.45,11.85,1.28,5.0,11.0,1.34,0.01581138830084191,1.999899564172544,0.011799543508090976,0.006529850746268551,0.2500348125418545,4.699999999999999,0.17320508075688787,1.9990337483552754,0.03685214484189104,0.015957446808510634,0.25031236984589744,10.025,0.9756408150543929,1.9931561124819097,0.09732077955654792,0.04925187032418932,0.2523700532155736
G1,18/12/2019,Atromitos,Lamia,D,1.72,3.25,5.5,1.7,3.5,5.75,1.75,3.4,5.1,1.7,3.4,5.25,2019/20,€12.75m,€7.88m,1.75,3.29,5.48,1.72,3.25,5.5,1.7175,0.020463381929681144,1.9998978744567657,0.011914632855709545,0.006186317321688506,0.25003491947466716,3.3875,0.08926785535678562,1.9994971393500218,0.02635213442266734,0.013837638376383854,0.2501777600084272,5.4,0.24748737341529176,1.9984891489635817,0.04583099507690588,0.02546296296296302,0.25051626978699887
G1,19/12/2019,Aris,Volos NFC,H,1.33,5.0,9.0,1.36,4.75,9.75,1.33,4.85,9.6,1.3,4.8,11.0,2019/20,€11.73m,€8.40m,1.3,4.99,10.5,1.28,5.25,11.0,1.33,0.021213203435596444,1.9998164769540812,0.015949777019245447,0.008458646616541277,0.25006364740508763,4.85,0.09354143466934856,1.9997328227791513,0.019286893746257437,0.010309278350515427,0.2500906321881331,9.8375,0.7274742263475731,1.9961093990342937,0.07394909543558557,0.03907242693773805,0.25126224331802793
G1,19/12/2019,Panionios,PAOK,A,9.0,5.0,1.33,9.5,4.75,1.36,8.8,4.85,1.35,10.0,5.0,1.3,2019/20,€7.13m,€53.55m,9.82,4.75,1.33,11.0,5.0,1.3,9.325,0.46569840025492876,1.9982096677655183,0.0499408472123248,0.027479892761393954,0.25060542444760253,4.9,0.10606601717798217,1.9996612052413911,0.02164612595469024,0.011479591836734748,0.2501188015482019,1.335,0.02291287847477922,1.9997868836964197,0.017163204850021888,0.009363295880149725,0.25007495539452074
G1,21/12/2019,Asteras Tripolis,Xanthi,H,1.7,3.5,4.5,1.75,3.6,5.0,1.73,3.45,5.1,1.7,3.5,5.0,2019/20,€11.20m,€9.38m,1.69,3.69,5.07,1.7,3.5,4.5,1.7200000000000002,0.021213203435596444,1.9998904142389737,0.012333257811393281,0.006540697674418672,0.25003773947873825,3.5125,0.0544862367942584,1.9998269963994477,0.015512095884486377,0.008007117437722311,0.2500589862838879,4.9,0.2345207879911714,1.9983185137435038,0.04786138530432069,0.022959183673469497,0.25063540507711624
G1,21/12/2019,Lamia,AEK,D,6.5,3.6,1.53,6.5,3.8,1.57,6.3,3.7,1.57,6.5,3.6,1.57,2019/20,€7.88m,€30.53m,6.21,3.59,1.61,4.75,3.3,1.75,6.45,0.08660254037844395,1.9998692758843268,0.01342675044627038,0.005813953488372103,0.2500465000930002,3.675,0.08291561975888491,1.999634112571236,0.022562073403778207,0.01190476190476164,0.2501245468390907,1.56,0.01732050807568879,1.9999106921636396,0.011102889792108198,0.004807692307692291,0.2500316242199359
G1,22/12/2019,Larisa,Panionios,H,1.83,3.2,4.2,1.85,3.4,4.6,1.9,3.35,4.25,1.83,3.3,4.5,2019/20,€13.43m,€7.13m,1.85,3.34,4.59,1.61,3.6,5.0,1.8525,0.028613807855648928,1.999828684275662,0.015446050124506843,0.00775978407557365,0.2500580315916493,3.3124999999999996,0.07395099728874512,1.9996392632492341,0.022324829370187208,0.01226415094339628,0.25012717851952215,4.3875,0.16723860200324547,1.9989529419226908,0.03811706028563999,0.02065527065527073,0.25036084808998654
G1,22/12/2019,Panetolikos,OFI Crete,H,2.9,3.0,2.4,3.0,3.2,2.5,2.9,3.15,2.45,2.8,3.2,2.5,2019/20,€8.85m,€9.78m,2.87,3.16,2.54,2.45,3.0,2.8,2.9,0.07071067811865482,1.9995710519959546,0.024382992454708558,0.012931034482758452,0.2501488979428904,3.1375,0.08196798155377508,1.99950343077545,0.026125253084868547,0.01294820717131473,0.2501795868414243,2.4625000000000004,0.04145780987944252,1.9997949596912334,0.016835658834291375,0.008883248730964466,0.2500720757902076
G1,22/12/2019,Volos NFC,Olympiakos,D,10.0,5.0,1.25,10.5,5.25,1.3,10.0,5.2,1.3,11.0,5.25,1.27,2019/20,€8.40m,€82.58m,9.71,5.47,1.28,12.0,6.5,1.16,10.375,0.414578098794425,1.9988552713003105,0.03995933482355903,0.02108433734939763,0.2503845844477066,5.175,0.10307764064044152,1.9997118164992485,0.019918384664819617,0.009661835748792313,0.2501033924620781,1.28,0.021213203435596444,1.9998015191597187,0.01657281518405972,0.0087890625,0.2500694033922682
G1,22/12/2019,Panathinaikos,Aris,D,2.1,3.1,3.5,2.1,3.1,4.0,2.1,3.15,3.65,2.1,3.2,3.5,2019/20,€20.25m,€11.73m,2.08,3.09,3.95,2.0,3.1,3.75,2.1,0.0,2.0,0.0,0.0,0.25,3.1375,0.04145780987944252,1.9998743202118585,0.013213644583089247,0.006972111553784854,0.250043095058353,3.6625,0.2042516829796024,1.9977907699119217,0.055768377605352186,0.028156996587030747,0.2507086902550328
G1,23/12/2019,PAOK,Atromitos,H,1.25,5.25,9.5,1.26,5.25,10.0,1.28,5.4,10.0,1.24,5.5,12.0,2019/20,€53.55m,€12.75m,1.23,5.91,12.38,1.18,6.5,15.0,1.2575,0.014790199457749054,1.9999003782116447,0.011761590026042984,0.00646123260437359,0.25003424216358533,5.35,0.10606601717798217,1.9997170391318646,0.019825423771585454,0.010514018691588856,0.25009708336348885,10.375,0.960143218483576,1.9939930871513782,0.09254392467311576,0.04518072289156616,0.2518076525230702
G1,04/01/2020,OFI Crete,Volos NFC,A,1.36,4.33,10.0,1.4,4.4,9.0,1.37,4.55,8.7,1.35,4.5,9.0,2019/20,€9.78m,€8.40m,1.34,4.66,9.6,1.36,4.5,9.0,1.3699999999999999,0.018708286933869635,1.999865897285717,0.013655683893335501,0.007299270072992803,0.2500457700544879,4.445,0.08558621384311833,1.9997323498650088,0.019254491303288712,0.010686164229471329,0.2500931398687069,9.175,0.49180788932265024,1.9979597938359834,0.053603039708190754,0.026566757493188042,0.25065347754518275
G1,04/01/2020,Aris,PAOK,H,3.8,3.2,2.05,3.9,3.2,2.1,3.65,3.15,2.1,3.7,3.2,2.05,2019/20,€11.73m,€53.55m,3.84,3.08,2.12,3.5,3.1,2.2,3.7624999999999997,0.09601432184835755,1.9995312849067073,0.025518756637437225,0.014119601328903775,0.25016067014224214,3.1875000000000004,0.02165063509461108,1.9999666322294667,0.006792356108113279,0.002941176470588225,0.2500117171022825,2.075,0.025000000000000133,1.9998952874186189,0.0120481927710844,0.0060240963855420215,0.2500362897372623
G1,04/01/2020,Atromitos,Asteras Tripolis,H,1.8,3.6,4.33,1.87,3.4,4.5,1.85,3.35,4.45,1.8,3.4,4.6,2019/20,€12.75m,€11.20m,1.79,3.45,4.76,1.95,3.4,3.9,1.83,0.03082207001484491,1.9997955365447135,0.016842661210297764,0.008879781420765065,0.2500705636038755,3.4375,0.09601432184835765,1.9994422728681553,0.02793143908315859,0.013636363636363669,0.250184764672021,4.47,0.09721111047611775,1.9996584314385337,0.021747452008080034,0.012024608501118639,0.25011912517609414
G1,05/01/2020,AEK,Panetolikos,H,1.25,5.75,11.0,1.26,5.75,12.0,1.3,5.1,10.5,1.24,5.25,15.0,2019/20,€30.53m,€8.85m,1.21,5.62,16.09,1.28,5.5,12.0,1.2625,0.022776083947860768,1.999766381351193,0.018040462532959024,0.009405940594059192,0.2500790038444294,5.4625,0.29235038908816263,1.9979291126281917,0.053519522029869586,0.02803203661327225,0.25072437700937,12.125,1.7455300054711176,1.9855625393630265,0.14396123756462825,0.07474226804123707,0.25420296549187765
G1,05/01/2020,Panionios,Lamia,A,2.3,3.25,3.1,2.4,3.0,3.3,2.4,2.95,3.25,2.4,2.9,3.2,2019/20,€7.13m,€7.88m,2.42,2.88,3.36,2.5,2.9,3.1,2.375,0.04330127018922197,1.9997585026337423,0.018232113763882934,0.007894736842105399,0.25008671522719383,3.0250000000000004,0.1346291201783626,1.9985897611873695,0.04450549427383887,0.022727272727272485,0.2504577560454091,3.2125000000000004,0.0739509972887451,1.9996164131297003,0.023019765692994583,0.012645914396887115,0.25013531045298465
G1,05/01/2020,Xanthi,Larisa,H,2.3,3.2,3.2,2.4,3.0,3.3,2.4,3.0,3.2,2.35,3.0,3.2,2019/20,€9.38m,€13.43m,2.46,2.86,3.31,2.8,3.1,2.6,2.3625,0.04145780987944252,1.9997772068840223,0.017548279314049745,0.0092592592592593,0.25007836440182324,3.05,0.08660254037844393,1.9994246030975857,0.028394275533916047,0.012295081967212962,0.25018896447467887,3.2249999999999996,0.04330127018922178,1.9998706202385337,0.01342675044627032,0.005813953488371881,0.25004370374686796
G1,05/01/2020,Olympiakos,Panathinaikos,H,1.33,5.0,9.0,1.33,5.0,10.5,1.35,4.7,9.2,1.3,4.75,11.0,2019/20,€82.58m,€20.25m,1.3,4.94,10.6,1.36,4.5,9.0,1.3275000000000001,0.01785357107135714,1.9998692765313144,0.013449017756201234,0.0070621468926554964,0.25004574567126514,4.8625,0.13863170633011768,1.9994133043587297,0.028510376623160447,0.014781491002570757,0.25020380410651216,9.925,0.8466847110938052,1.9947588584286726,0.08530828323363275,0.04596977329974816,0.25179327450116123
G1,11/01/2020,Volos NFC,Xanthi,A,1.95,3.1,4.33,2.0,3.3,4.0,2.0,3.25,3.85,1.95,3.4,3.75,2019/20,€8.40m,€9.38m,1.98,3.57,3.68,2.0,3.1,4.2,1.975,0.025000000000000022,1.999884414871759,0.012658227848101276,0.006329113924050889,0.25004005768306364,3.2625,0.10825317547305476,1.999202685560242,0.033181049953426744,0.01819923371647514,0.25028200993120986,3.9825,0.21947380253688595,1.9978329325018014,0.055109554937071176,0.029661016949152685,0.25071164699312193
G1,11/01/2020,Larisa,Aris,D,3.0,3.25,2.37,3.0,3.2,2.45,3.1,3.1,2.4,3.1,3.1,2.35,2019/20,€13.43m,€11.73m,3.18,3.16,2.34,2.87,3.2,2.5,3.05,0.050000000000000044,1.9998061328047114,0.016393442622950834,0.008196721311475308,0.250067186240258,3.1625,0.06495190528383288,1.9996961425408635,0.020538151868405654,0.010869565217391353,0.2501045639955163,2.3925,0.03766629793329843,1.9998216448587147,0.015743489209320137,0.008620689655172376,0.25006106596437266
G1,11/01/2020,Panetolikos,Atromitos,A,3.25,3.2,2.3,3.3,3.2,2.3,3.1,3.1,2.35,3.1,3.1,2.35,2019/20,€8.85m,€12.75m,3.15,3.08,2.41,3.1,3.2,2.45,3.1875,0.08926785535678552,1.9994347615157992,0.028005601680560165,0.014705882352941124,0.25019487963448284,3.15,0.050000000000000044,1.999818246960343,0.015873015873015886,0.007936507936507908,0.2500629881582263,2.3249999999999997,0.025000000000000133,1.9999165959739287,0.010752688172043069,0.005376344086021501,0.25002890507573133
G1,12/01/2020,Asteras Tripolis,OFI Crete,H,2.25,3.2,3.3,2.35,2.9,3.6,2.35,3.05,3.25,2.3,3.0,3.3,2019/20,€11.20m,€9.78m,2.38,2.83,3.52,2.05,3.3,3.8,2.3125,0.04145780987944255,1.999767453104659,0.017927701569488672,0.009459459459459474,0.25008182196711515,3.0374999999999996,0.10825317547305492,1.9990869437488001,0.03563890550553249,0.019547325102880597,0.25031131053113886,3.3625,0.1386317063301178,1.9987912409729367,0.04122876024687518,0.019516728624535462,0.2503898106934479
G1,12/01/2020,Lamia,Olympiakos,A,10.0,4.75,1.33,9.5,4.4,1.4,8.5,4.3,1.4,9.0,4.2,1.38,2019/20,€7.88m,€82.58m,8.94,4.33,1.38,10.0,4.5,1.33,9.25,0.5590169943749475,1.9973627848128312,0.06043426966215648,0.03378378378378377,0.2509195172780146,4.4125000000000005,0.20728904939721246,1.9984260796470488,0.04697768824866004,0.024787535410764727,0.2505154610725774,1.3775,0.028613807855648928,1.9996867595663737,0.020772274305371274,0.010435571687840373,0.25011206383741474
G1,12/01/2020,Panathinaikos,Panionios,H,1.4,4.0,10.0,1.42,4.4,8.5,1.4,4.3,8.7,1.38,4.33,9.0,2019/20,€20.25m,€7.13m,1.36,4.51,9.04,1.28,4.75,15.0,1.4,0.014142135623730963,1.9999263906063187,0.010101525445522118,0.005357142857142838,0.25002551801465606,4.2575,0.153031859428029,1.9990568904590005,0.035944065631950434,0.01805637110980629,0.2503468115212295,9.05,0.5766281297335399,1.9971201651006443,0.06371581544017016,0.03314917127071837,0.2509179488476033
G1,12/01/2020,PAOK,AEK,H,1.5,4.6,5.5,1.55,4.25,5.75,1.53,4.05,6.2,1.5,4.0,6.5,2019/20,€53.55m,€30.53m,1.51,4.22,6.06,1.44,4.33,7.0,1.52,0.021213203435596444,1.999859701110943,0.013956054891839766,0.0074013157894736725,0.2500482771103052,4.225,0.23584952830141498,1.9977787636384168,0.05582237356246509,0.029585798816567976,0.25072532227631356,5.9875,0.3879030162295725,1.9969735314815098,0.06478547243917704,0.03601252609603334,0.251046378715747
G1,18/01/2020,Panionios,OFI Crete,A,3.1,3.1,2.4,3.1,3.1,2.5,3.0,3.05,2.45,3.0,3.1,2.4,2019/20,€7.13m,€9.78m,3.04,3.06,2.49,3.1,3.1,2.45,3.05,0.050000000000000044,1.9998061328047112,0.016393442622950834,0.008196721311475308,0.250067186240258,3.0875000000000004,0.02165063509461108,1.9999644327049415,0.0070123514476473124,0.0030364372469635637,0.2500124947938359,2.4375,0.04145780987944255,1.9997918936490342,0.017008332258232842,0.008974358974358942,0.25007114557165405
G1,18/01/2020,Panetolikos,Lamia,D,2.37,3.0,3.25,2.3,3.2,3.3,2.25,3.1,3.35,2.25,3.1,3.25,2019/20,€8.85m,€7.88m,2.2,3.24,3.39,2.0,3.1,4.2,2.2925,0.04918078893226504,1.999669529098042,0.021452906840682677,0.011177753544165725,0.25011194244388046,3.1,0.07071067811865482,1.9996246239978286,0.022809896167308007,0.012096774193548487,0.25013027604430177,3.2875,0.04145780987944252,1.9998855165469496,0.012610740647739168,0.0066539923954371805,0.2500392746644689
G1,19/01/2020,Xanthi,Panathinaikos,A,4.33,3.0,2.0,3.7,3.1,2.2,3.75,3.05,2.1,3.75,3.0,2.1,2019/20,€9.38m,€20.25m,3.79,2.97,2.19,4.33,3.0,2.0,3.8825000000000003,0.25916934618121795,1.9968615082024077,0.06675321215227764,0.03042498390212489,0.2509633110250798,3.0374999999999996,0.04145780987944252,1.9998659179747336,0.013648661688705358,0.007201646090534863,0.25004596030748916,2.1,0.07071067811865482,1.9991818362969065,0.033671751485073724,0.017857142857142794,0.2502844126411916
G1,19/01/2020,AEK,Larisa,H,1.4,4.33,8.0,1.42,4.4,8.5,1.43,4.2,8.0,1.42,4.2,8.0,2019/20,€30.53m,€13.43m,1.38,4.15,9.9,1.44,4.2,7.5,1.4175,0.010897247358851694,1.9999572962456953,0.007687652457743699,0.003968253968253954,0.2500149260176315,4.2825,0.08613216588476112,1.9997086417074286,0.020112589815472533,0.010653823701109122,0.2501002010015861,8.125,0.21650635094610965,1.9994929160860586,0.02664693550105965,0.011538461538461497,0.2501670750723992
G1,19/01/2020,Atromitos,Volos NFC,D,1.5,3.6,7.5,1.53,4.1,6.75,1.53,4.1,6.2,1.5,4.0,6.5,2019/20,€12.75m,€8.40m,1.51,4.21,6.21,1.44,4.33,7.0,1.5150000000000001,0.015000000000000015,1.999929285432166,0.00990099009900991,0.004950495049504955,0.25002450740123516,3.9499999999999997,0.20615528128088284,1.9979979113030486,0.052191210450856416,0.025316455696202667,0.25076134812579076,6.7375,0.4813717378492426,1.9963658275801197,0.07144664012604714,0.03849721706864573,0.2511816500459349
G1,19/01/2020,PAOK,Asteras Tripolis,H,1.2,6.0,17.0,1.19,7.25,14.5,1.2,6.4,14.0,1.17,7.0,15.0,2019/20,€53.55m,€11.20m,1.15,7.49,16.49,1.18,6.5,19.0,1.19,0.012247448713915901,1.9999233747135148,0.010291973709173027,0.005252100840336116,0.25002693478515925,6.6625,0.49164901098242836,1.996053051281722,0.07379347256771908,0.040806754221388575,0.25139957688903075,15.125,1.1388041973930374,1.9959885170507965,0.07529283949706032,0.03925619834710736,0.2512634969071123
G1,19/01/2020,Olympiakos,Aris,H,1.22,5.5,16.0,1.2,6.25,17.5,1.2,6.1,16.5,1.17,6.5,17.0,2019/20,€82.58m,€11.73m,1.14,7.19,19.79,1.25,5.25,15.0,1.1975,0.01785357107135714,1.9998393189721406,0.014909036385266923,0.007828810020876764,0.25005629115239386,6.0875,0.3680607966083864,1.9973254467910802,0.06046173250240434,0.03234086242299794,0.25099605626343857,16.75,0.5590169943749475,1.9991962939322923,0.03337414891790731,0.018656716417910557,0.2502790550615752
G1,22/01/2020,Larisa,Panetolikos,D,1.75,3.5,4.75,1.78,3.4,5.25,1.77,3.4,4.8,1.75,3.4,4.8,2019/20,€13.43m,€8.85m,1.77,3.37,5.04,1.75,3.5,4.75,1.7625000000000002,0.012990381056766592,1.9999608342109436,0.0073704289683782075,0.0039007092198581894,0.25001353861110165,3.4250000000000003,0.043301270189221974,1.9998852552188593,0.012642706624590357,0.005474452554744769,0.25003881786657,4.9,0.20310096011589907,1.9987790729803998,0.04144917553385695,0.01913265306122458,0.2503923900118906
G1,22/01/2020,OFI Crete,Olympiakos,A,6.5,3.5,1.6,6.5,3.6,1.62,5.6,3.7,1.63,5.8,3.8,1.57,2019/20,€9.78m,€82.58m,6.15,3.42,1.65,8.0,4.5,1.4,6.1,0.4062019202317982,1.9967923004877874,0.0665904787265243,0.0348360655737705,0.2511237074951418,3.6499999999999995,0.11180339887498944,1.999323013098343,0.03063106818492862,0.017123287671233056,0.2502349888075789,1.605,0.022912878474779158,1.9998526298560444,0.01427593674441069,0.007788161993769416,0.25005170032854196
G1,22/01/2020,Volos NFC,AEK,A,5.25,3.6,1.7,4.75,3.9,1.72,4.75,3.55,1.75,4.8,3.6,1.7,2019/20,€8.40m,€30.53m,4.59,3.69,1.75,5.75,3.8,1.6,4.8875,0.21028254801575902,1.9986852960105392,0.04302456225386374,0.01982097186700771,0.25042121200130424,3.6624999999999996,0.13863170633011768,1.9989799985731667,0.03785166043143145,0.017918088737201243,0.25033083557146485,1.7175,0.020463381929681144,1.9998978744567657,0.011914632855709545,0.006186317321688506,0.25003491947466716
G1,22/01/2020,Panathinaikos,Atromitos,H,1.7,3.5,5.25,1.83,3.4,4.75,1.8,3.3,4.85,1.78,3.4,4.75,2019/20,€20.25m,€12.75m,1.82,3.24,4.99,1.5,4.0,7.0,1.7775,0.0481534007106456,1.99946715946365,0.027090520793612148,0.014416315049226469,0.25019079530732635,3.4000000000000004,0.07071067811865482,1.9996879534788257,0.020797258270192593,0.011029411764705843,0.2501082718981202,4.9,0.20615528128088303,1.9987407353652735,0.04207250638385368,0.020408163265306145,0.2504069665205021
G1,23/01/2020,Asteras Tripolis,Panionios,H,1.57,3.5,7.0,1.6,3.75,6.25,1.6,3.75,5.9,1.57,3.7,6.0,2019/20,€11.20m,€7.13m,1.55,3.8,6.46,1.55,3.75,6.5,1.585,0.015000000000000013,1.9999353936789548,0.00946372239747635,0.004731861198738141,0.2500223905104042,3.675,0.10307764064044152,1.9994268896762555,0.028048337589235788,0.013605442176870985,0.25020860059819683,6.2875,0.4306608294238053,1.9966781897006052,0.06849476412307043,0.03528827037773352,0.25104855765212253
G1,23/01/2020,Lamia,PAOK,A,8.0,4.5,1.4,8.25,4.4,1.42,8.0,4.25,1.42,8.5,4.4,1.38,2019/20,€7.88m,€53.55m,8.77,4.2,1.4,12.0,4.75,1.33,8.1875,0.2072890493972125,1.9995394706875227,0.025317746491262595,0.013358778625954137,0.2501564306067181,4.3875,0.08926785535678565,1.99970051625459,0.020345949938868523,0.010683760683760646,0.25010535920805527,1.4049999999999998,0.016583123951777013,1.9998993107066696,0.011802935196994317,0.006227758007117279,0.2500352422390242
G1,23/01/2020,Aris,Xanthi,H,1.44,3.8,9.0,1.48,4.1,7.75,1.45,4.1,7.6,1.42,4.0,8.5,2019/20,€11.73m,€9.38m,1.42,4.16,8.47,1.33,4.5,12.0,1.4475,0.021650635094610987,1.999838869003731,0.014957260859834879,0.008203799654576738,0.25005542333303027,3.9999999999999996,0.12247448713915883,1.9993178843559023,0.03061862178478971,0.015624999999999778,0.25024678353904706,8.2125,0.5683033960834654,1.9965619174856744,0.06919980469813886,0.03767123287671237,0.25116190627729335
G1,25/01/2020,Larisa,Panathinaikos,A,3.4,3.1,2.25,3.5,3.0,2.3,3.4,3.05,2.25,3.4,3.1,2.2,2019/20,€13.43m,€20.25m,3.47,3.0,2.29,3.5,3.1,2.2,3.4250000000000003,0.043301270189221974,1.9998852552188593,0.012642706624590357,0.005474452554744769,0.25003881786657,3.0625,0.04145780987944255,1.999867507101266,0.013537244042266956,0.0071428571428571175,0.25004644235873763,2.25,0.03535533905932725,1.999821874838928,0.015713484026367668,0.008333333333333304,0.2500617741386221
G1,26/01/2020,Panionios,Atromitos,H,2.9,3.3,2.4,3.0,3.5,2.3,2.85,3.25,2.45,2.9,3.25,2.38,2019/20,€7.13m,€12.75m,2.83,3.38,2.44,2.75,3.0,2.75,2.9125,0.0544862367942584,1.999748539595483,0.018707720787728206,0.00965665236051505,0.2500854590483924,3.325,0.10307764064044153,1.9993138687436531,0.0310007941775764,0.015037593984962516,0.2502257665048163,2.3825,0.05402545696243589,1.9996279155718826,0.022675952555062284,0.01232948583420801,0.25013104369546263
G1,26/01/2020,Xanthi,OFI Crete,D,2.62,3.2,2.5,2.75,3.3,2.6,2.75,3.15,2.6,2.75,3.1,2.6,2019/20,€9.38m,€9.78m,2.86,2.98,2.68,3.2,3.0,2.4,2.7175000000000002,0.05629165124598847,1.9996879560827554,0.020714499078560614,0.00896964121435162,0.25011259450609885,3.1875,0.07395099728874512,1.9996129729289014,0.023200312874900427,0.012745098039215863,0.25013202978308513,2.5749999999999997,0.043301270189221974,1.999794675150468,0.016816027257950283,0.007281553398058138,0.25007352220370554
G1,26/01/2020,Panetolikos,Aris,H,3.75,3.1,2.1,3.5,3.6,2.05,3.65,3.4,2.0,3.6,3.4,2.0,2019/20,€8.85m,€11.73m,3.64,3.55,2.0,3.8,3.1,2.1,3.625,0.09013878188659971,1.99955389734105,0.024865870865268886,0.01379310344827589,0.25015482245137083,3.375,0.17853571071357124,1.997964790540168,0.052899469841058144,0.02777777777777768,0.2507364270578807,2.0375,0.04145780987944252,1.9997023165805357,0.020347391351873627,0.010736196319018232,0.25010150443384654
G1,26/01/2020,AEK,Olympiakos,D,3.25,3.2,2.2,3.5,3.3,2.15,3.55,3.2,2.1,3.6,3.25,2.05,2019/20,€30.53m,€82.58m,3.57,3.27,2.12,3.2,3.2,2.25,3.4749999999999996,0.1346291201783626,1.9989037899117226,0.03874219285708277,0.01978417266187038,0.250404123460805,3.2375,0.04145780987944235,1.9998819567038997,0.012805501121063274,0.006756756756756577,0.25004048964307457,2.125,0.05590169943749484,1.9995007030889922,0.026306682088232863,0.014705882352941124,0.25017324052833184
G1,27/01/2020,PAOK,Volos NFC,H,1.1,8.5,15.0,1.09,11.5,21.0,1.08,9.6,27.0,1.06,10.0,36.0,2019/20,€53.55m,€8.40m,1.07,11.48,31.41,1.08,11.0,21.0,1.0825,0.014790199457749054,1.9998650662145978,0.013663001808544161,0.007505773672055183,0.25004724609699036,9.9,1.074709263010234,1.9915495380669552,0.10855649121315494,0.059343434343434254,0.25287075151002436,24.75,7.75806032459145,1.9289395754046736,0.31345698281177575,0.1742424242424243,0.2760658828047101
G1,27/01/2020,Lamia,Asteras Tripolis,D,2.25,3.0,3.2,2.35,3.25,3.2,2.35,3.05,3.2,2.35,3.1,3.1,2019/20,€7.88m,€11.20m,2.37,3.16,3.13,2.55,2.9,3.1,2.3249999999999997,0.043301270189221974,1.999747964756514,0.01862420223192343,0.008064516129032251,0.2500905687718875,3.0999999999999996,0.09354143466934856,1.9993475506341214,0.030174656344951152,0.016129032258064502,0.25021878660397995,3.175,0.043301270189221974,1.9998651149454483,0.013638195335188024,0.0059055118110236116,0.25004800000000005
G1,01/02/2020,OFI Crete,Larisa,D,1.9,3.3,4.2,1.91,3.3,4.4,1.87,3.3,4.45,1.83,3.4,4.33,2019/20,€9.78m,€13.43m,1.83,3.22,4.98,1.7,3.5,5.25,1.8775,0.031124748994971762,1.999801179880882,0.01657776244738842,0.00898801597869503,0.2500699160037956,3.325,0.043301270189221974,1.9998782669372914,0.013022938402773526,0.005639097744360999,0.25004115226337453,4.345000000000001,0.09394147114027972,1.999661490892526,0.021620591746899818,0.01179516685845794,0.2501196365553037
G1,01/02/2020,Volos NFC,Lamia,H,2.2,3.2,3.4,2.2,3.2,3.5,2.2,3.05,3.55,2.15,3.1,3.5,2019/20,€8.40m,€7.88m,2.23,3.04,3.54,2.3,2.87,3.5,2.1875,0.02165063509461108,1.9999290654762518,0.009897433186107923,0.004285714285714226,0.25002505930702656,3.1375,0.06495190528383303,1.999690371339926,0.020701802480902958,0.010956175298804771,0.2501081293894304,3.4875,0.0544862367942584,1.9998233151906544,0.015623293704446855,0.008064516129032029,0.2500623149039274
G1,01/02/2020,Olympiakos,Xanthi,H,1.12,8.0,21.0,1.12,9.0,23.0,1.11,8.4,22.0,1.1,8.5,26.0,2019/20,€82.58m,€9.38m,1.1,9.02,23.37,1.12,8.0,21.0,1.1125,0.008291561975888507,1.9999598804751586,0.007453089416528994,0.00393258426966292,0.2500139907364616,8.475,0.35619517121937516,1.9987287217033642,0.042028928757448396,0.02286135693215341,0.2504362271680361,23.0,1.8708286933869707,1.9953063131292499,0.08134037797334655,0.04347826086956519,0.2514990889937502
G1,02/02/2020,Aris,Panionios,H,1.4,4.2,9.0,1.4,4.75,8.0,1.37,4.7,8.2,1.33,4.75,9.0,2019/20,€11.73m,€7.13m,1.37,5.01,7.47,1.33,4.33,12.0,1.375,0.028722813232690072,1.9996838010814018,0.020889318714683688,0.01090909090909098,0.25011209271779067,4.6,0.23184046238739256,1.9981310290081167,0.05040010051899839,0.02309782608695654,0.25071415386454365,8.55,0.45552167895721507,1.9979488034560346,0.053277389351721056,0.0277777777777779,0.25071563554848886
G1,02/02/2020,Asteras Tripolis,Panetolikos,H,1.72,3.4,5.25,1.72,3.5,5.5,1.7,3.45,5.2,1.7,3.4,5.25,2019/20,€11.20m,€8.85m,1.7,3.45,5.43,1.75,3.4,5.0,1.71,0.010000000000000009,1.999975330815225,0.005847953216374275,0.0029239766081872176,0.2500085496392052,3.4375,0.04145780987944255,1.9998952807251584,0.012060453783110561,0.006363636363636349,0.2500359406803998,5.3,0.1172603939955857,1.999649563326709,0.022124602640676547,0.010613207547169878,0.2501169271463285
G1,02/02/2020,Atromitos,AEK,A,4.2,3.1,2.0,4.0,3.2,2.05,3.9,3.15,2.05,3.9,3.2,2.0,2019/20,€12.75m,€30.53m,3.92,3.19,2.04,5.25,3.2,1.75,4.0,0.12247448713915901,1.9993291659907513,0.030618621784789753,0.015625,0.25022328734213983,3.1625,0.04145780987944255,1.9998757627398396,0.01310918889468539,0.006916996047430901,0.2500435326316191,2.025,0.02499999999999991,1.9998900524545515,0.012345679012345635,0.006172839506172867,0.250038103947569
G1,02/02/2020,Panathinaikos,PAOK,H,3.75,3.1,2.1,3.8,3.2,2.1,3.85,3.1,2.05,3.8,3.1,2.05,2019/20,€20.25m,€53.55m,3.98,3.1,2.07,3.0,3.0,2.55,3.8,0.03535533905932741,1.9999375546800215,0.009304036594559846,0.00493421052631593,0.2500216468951862,3.125,0.04330127018922197,1.9998622297342519,0.01385640646055103,0.006000000000000005,0.2500465000930002,2.075,0.025000000000000133,1.999895287418619,0.0120481927710844,0.0060240963855420215,0.25003628973726233
G1,08/02/2020,Panionios,Xanthi,D,2.1,3.25,3.5,2.15,3.3,3.6,2.2,3.15,3.45,2.2,3.2,3.3,2019/20,€7.13m,€9.38m,2.2,3.17,3.48,2.1,3.2,3.6,2.1625,0.04145780987944255,1.9997340157929084,0.019171241562748,0.01011560693641611,0.25009368772652296,3.225,0.05590169943749469,1.999783244163556,0.01733386029069603,0.00968992248061995,0.2500751590332176,3.4624999999999995,0.10825317547305492,1.9992923079793483,0.031264455010268574,0.017148014440433235,0.25024998274885446
G1,08/02/2020,Lamia,Larisa,D,2.45,3.1,3.0,2.55,3.1,3.0,2.45,2.95,3.15,2.45,3.0,3.0,2019/20,€7.88m,€13.43m,2.34,3.09,3.25,2.45,3.1,3.0,2.475,0.04330127018922177,1.9997806628802062,0.017495462702715868,0.007575757575757569,0.25007352220370554,3.0374999999999996,0.06495190528383288,1.9996696306147015,0.02138334330331947,0.011316872427983515,0.2501154024093447,3.0375,0.06495190528383286,1.9996728229883816,0.021383343303319462,0.0092592592592593,0.2501088692117869
G1,09/02/2020,Asteras Tripolis,Aris,D,2.5,3.0,3.0,2.5,3.2,3.0,2.4,3.1,3.05,2.38,3.2,3.0,2019/20,€11.20m,€11.73m,2.33,3.29,3.07,2.55,3.0,3.0,2.445,0.05545268253204713,1.9996287807759776,0.022680033755438502,0.011758691206543936,0.25012889135047245,3.125,0.08291561975888508,1.9994898567400976,0.026532998322843223,0.014000000000000012,0.2501808504430148,3.0125,0.021650635094610887,1.9999628432802965,0.00718693281148909,0.003112033195020736,0.2500127013158564
G1,09/02/2020,Atromitos,Olympiakos,A,9.5,4.5,1.36,8.25,4.5,1.42,8.7,4.45,1.38,9.5,4.4,1.35,2019/20,€12.75m,€82.58m,8.66,4.68,1.36,15.0,5.5,1.25,8.9875,0.5366271983416421,1.9974133779719843,0.05970817227723416,0.031641168289290755,0.25092147750983657,4.4625,0.04145780987944235,1.9999376446021166,0.009290265519202767,0.004901960784313708,0.2500217786188794,1.3775000000000002,0.02680951323690895,1.9997278951102493,0.019462441551295062,0.01043557168784015,0.25009237020970065
G1,09/02/2020,PAOK,OFI Crete,H,1.16,7.5,13.0,1.17,7.25,17.5,1.18,6.7,15.5,1.15,7.0,17.0,2019/20,€53.55m,€9.78m,1.14,7.71,18.83,1.16,7.5,13.0,1.165,0.011180339887498959,1.9999335624453596,0.009596858272531294,0.005364806866952732,0.2500230289943301,7.1125,0.29659526294261673,1.99874319815863,0.041700564209858244,0.02328646748681895,0.2504400613604923,15.75,1.75,1.9908500783471632,0.1111111111111111,0.059523809523809534,0.2536311985018761
G1,09/02/2020,AEK,Panathinaikos,H,1.75,3.4,5.0,1.87,3.4,4.6,1.9,3.3,4.3,1.91,3.25,4.2,2019/20,€30.53m,€20.25m,1.93,3.3,4.27,1.8,3.4,4.5,1.8575,0.06378675411086535,1.9991394230051456,0.034340109884718896,0.017160161507402405,0.2503159804907552,3.3375000000000004,0.06495190528383288,1.999726395603083,0.01946124502886378,0.010299625468164653,0.2500955039932231,4.525,0.3112474899497183,1.9966228170486364,0.06878397567949575,0.037292817679558166,0.2511105055008722
G1,10/02/2020,Panetolikos,Volos NFC,D,1.85,3.5,4.2,1.85,3.4,4.6,1.87,3.4,4.3,1.88,3.3,4.2,2019/20,€8.85m,€8.40m,1.85,3.49,4.3,1.75,3.5,4.75,1.8625,0.012990381056766517,1.9999649260805048,0.006974701238532358,0.003691275167785335,0.2500121258300916,3.4,0.07071067811865482,1.9996879534788257,0.020797258270192596,0.011029411764705843,0.2501082718981202,4.325,0.1639359631075498,1.998975638363727,0.037904268926601106,0.01878612716762995,0.2503347937745352
G1,15/02/2020,Larisa,PAOK,A,9.5,4.2,1.4,8.0,4.2,1.45,7.6,4.25,1.43,8.0,4.2,1.42,2019/20,€13.43m,€53.55m,7.69,4.42,1.41,9.0,4.0,1.36,8.275,0.7258615570478989,1.9945929385439833,0.08771740870669473,0.043051359516616206,0.25164353542731926,4.2125,0.021650635094610887,1.9999809826300716,0.00513961663967024,0.002225519287833766,0.2500065262223614,1.4249999999999998,0.018027756377319962,1.9998845431688843,0.012651057106891203,0.007017543859649367,0.25004002868568354
G1,15/02/2020,Olympiakos,Panionios,H,1.1,9.0,21.0,1.05,11.0,29.0,1.06,11.0,37.0,1.04,12.0,36.0,2019/20,€82.58m,€7.13m,1.05,13.81,37.17,1.1,9.0,21.0,1.0625,0.022776083947860768,1.9996704505238216,0.02143631430386896,0.011176470588235343,0.25011094450530225,10.75,1.0897247358851685,1.992395670245,0.10136974287303893,0.05232558139534893,0.25300662132336377,30.75,6.417748826496718,1.9670089011339724,0.20870727891046237,0.11178861788617889,0.2645568112624953
G1,16/02/2020,Panathinaikos,Panetolikos,H,1.36,4.5,9.0,1.36,4.75,9.5,1.36,4.45,9.4,1.33,4.33,11.0,2019/20,€20.25m,€8.85m,1.34,4.56,10.23,1.3,4.5,12.0,1.3525000000000003,0.012990381056766592,1.999933206836433,0.009604717971731305,0.004158964879852345,0.25002358284566334,4.5075,0.15303185942802888,1.9991737945449546,0.03395049571337302,0.018164170826400428,0.25027758459228877,9.725,0.7595228765481655,1.9956983706763687,0.07810003871960572,0.03920308483290502,0.25133153738371955
G1,16/02/2020,Volos NFC,Asteras Tripolis,A,2.75,3.1,2.62,2.75,3.1,2.75,2.75,3.1,2.65,2.7,3.1,2.62,2019/20,€8.40m,€11.20m,2.73,3.12,2.69,3.0,3.1,2.4,2.7375,0.02165063509461089,1.9999547406587257,0.007908907797118133,0.003424657534246478,0.25001592728662736,3.1,0.0,2.0,0.0,0.0,0.25,2.66,0.05338539126015652,1.999711321099565,0.020069695962464856,0.009868421052631637,0.2500968523768132
G1,16/02/2020,Xanthi,Lamia,D,2.1,3.1,3.8,2.1,3.1,4.0,2.1,3.0,3.85,2.1,3.0,3.8,2019/20,€9.38m,€7.88m,2.09,3.1,3.89,2.05,3.1,4.0,2.1,0.0,2.0,0.0,0.0,0.25,3.05,0.050000000000000044,1.9998061328047112,0.016393442622950834,0.008196721311475308,0.250067186240258,3.8625,0.08196798155377508,1.9996772891732373,0.021221483897417497,0.010517799352750767,0.25010818153845554
G1,16/02/2020,Aris,AEK,A,2.9,3.1,2.5,2.8,3.3,2.55,2.75,3.2,2.55,2.75,3.2,2.55,2019/20,€11.73m,€30.53m,2.74,3.28,2.57,2.4,3.1,3.1,2.8,0.061237243569579415,1.9996569674132398,0.02187044413199265,0.011160714285714413,0.2501154747051673,3.2,0.07071067811865465,1.9996477221810776,0.022097086912079577,0.01171875,0.25012224927205307,2.5374999999999996,0.02165063509461089,1.9999473122079592,0.008532269988023998,0.003694581280788034,0.2500185638969333
G1,17/02/2020,OFI Crete,Atromitos,H,1.85,3.3,4.5,1.87,3.5,4.33,1.8,3.5,4.45,1.8,3.6,4.2,2019/20,€9.78m,€12.75m,1.79,3.71,4.31,1.65,3.5,6.0,1.83,0.03082207001484491,1.9997955365447135,0.016842661210297764,0.008879781420765065,0.2500705636038755,3.475,0.10897247358851693,1.9992855534652352,0.031358985205328614,0.01618705035971235,0.2502567235294417,4.37,0.11597413504743198,1.9994902221041264,0.02653870367218123,0.014588100686498962,0.2501797060688415
G1,22/02/2020,Asteras Tripolis,Panathinaikos,D,2.87,3.1,2.55,2.9,3.1,2.6,2.8,3.0,2.7,2.8,3.0,2.62,2019/20,€11.20m,€20.25m,2.78,3.07,2.69,2.62,3.1,2.8,2.8425000000000002,0.04380353866983815,1.9998288400800803,0.015410215890884134,0.008135444151275317,0.2500590657071153,3.05,0.050000000000000044,1.9998061328047112,0.016393442622950834,0.008196721311475308,0.250067186240258,2.6175,0.05402545696243589,1.9996934868229352,0.020640098170940167,0.011222540592168206,0.25010490078006953
G1,22/02/2020,Lamia,Aris,D,4.0,3.2,2.0,4.4,3.0,2.05,4.2,3.05,2.0,4.2,3.0,2.0,2019/20,€7.88m,€11.73m,4.26,3.07,2.01,5.25,3.4,1.7,4.2,0.14142135623730964,1.9991818362969065,0.033671751485073724,0.017857142857142794,0.2502844126411916,3.0625,0.08196798155377509,1.999487534658251,0.026765055201232683,0.013265306122449028,0.25017033743643036,2.0125,0.02165063509461089,1.9999168559045242,0.01075807955011721,0.004658385093167849,0.25002822838646543
G1,23/02/2020,Atromitos,Xanthi,H,1.8,3.2,5.0,1.83,3.25,5.0,1.8,3.25,5.0,1.8,3.2,5.0,2019/20,€12.75m,€9.38m,1.83,3.35,4.68,2.0,3.1,4.2,1.8074999999999999,0.012990381056766592,1.9999628432802958,0.007186932811489124,0.003112033195020736,0.2500127013158564,3.225,0.02499999999999991,1.9999566519593044,0.007751937984496096,0.003875968992248069,0.25001502313562884,5.0,0.0,2.0,0.0,0.0,0.25
G1,23/02/2020,Volos NFC,Larisa,D,2.75,3.0,2.75,2.75,3.1,2.75,2.7,3.2,2.65,2.62,3.25,2.6,2019/20,€8.40m,€13.43m,2.66,3.33,2.62,2.75,3.0,2.75,2.705,0.0531507290636732,1.9997201514486744,0.01964906804572022,0.010166358595194103,0.25009935239591713,3.1375,0.09601432184835762,1.9993223793398283,0.03060217429429725,0.01693227091633487,0.2502384950108043,2.6875,0.06495190528383288,1.9995778825062096,0.024168150803286652,0.012790697674418539,0.2501476082100895
G1,23/02/2020,AEK,OFI Crete,H,1.44,4.0,9.5,1.48,3.75,9.25,1.42,4.2,8.2,1.4,4.2,8.5,2019/20,€30.53m,€9.78m,1.35,4.43,9.91,1.44,3.8,9.0,1.435,0.02958039891549811,1.9996943628033224,0.020613518408012618,0.011324041811846763,0.2501044381759534,4.0375,0.18498310733685935,1.9984709230994613,0.045816249495197366,0.02399380804953566,0.2505563894208374,8.8625,0.5307718436390538,1.9974089206539412,0.059889629747707056,0.03279266572637529,0.25090297564564773
G1,23/02/2020,PAOK,Olympiakos,A,2.15,3.2,3.5,2.15,3.1,3.4,2.2,3.25,3.35,2.15,3.3,3.3,2019/20,€53.55m,€82.58m,2.19,3.24,3.43,2.15,3.2,3.5,2.1624999999999996,0.02165063509461108,1.9999279699684487,0.010011854379010907,0.004335260115606809,0.2500244897959183,3.2125000000000004,0.0739509972887451,1.9996164131297003,0.023019765692994583,0.012645914396887115,0.25013531045298476,3.3874999999999997,0.07395099728874524,1.9996572626472318,0.02183055270516465,0.011992619926199488,0.25011702354386633
G1,06/06/2020,Panionios,Volos NFC,H,2.05,3.4,3.6,2.05,3.4,3.4,2.05,3.35,3.6,2.05,3.4,3.5,2019/20,€7.13m,€8.40m,2.02,3.51,3.62,1.8,3.6,4.2,2.05,0.0,2.0,0.0,0.0,0.25,3.3874999999999997,0.021650635094610887,1.9999704606315836,0.006391331393243067,0.002767527675276993,0.25001036469921645,3.525,0.08291561975888508,1.9995992793531778,0.023522161633726262,0.012411347517730542,0.25014168271727844
G1,06/06/2020,Aris,OFI Crete,H,1.72,3.4,5.0,1.72,3.6,4.6,1.75,3.65,4.65,1.73,3.6,4.6,2019/20,€11.73m,€9.78m,1.7,3.81,4.75,1.61,3.8,5.25,1.73,0.012247448713915901,1.9999639161203484,0.00707945012365081,0.0036127167630057855,0.25001238666676545,3.5625,0.09601432184835765,1.9994712100662893,0.02695138858901267,0.013157894736842035,0.25019182235202625,4.7125,0.16723860200324572,1.999102972353519,0.03548829750732004,0.01657824933687002,0.25029162054276743
G1,07/06/2020,Larisa,Asteras Tripolis,A,2.5,3.0,3.0,2.5,3.1,2.8,2.55,3.1,2.85,2.6,3.0,2.88,2019/20,€13.43m,€11.20m,2.62,3.04,2.87,2.75,3.0,2.75,2.5374999999999996,0.04145780987944252,1.9998079528435235,0.016338053154460106,0.008620689655172376,0.25006568995461415,3.05,0.050000000000000044,1.9998061328047112,0.016393442622950834,0.008196721311475308,0.250067186240258,2.8825,0.07361215932167732,1.9995320332210775,0.02553760947846568,0.013660017346053932,0.250158004168187
G1,07/06/2020,PAOK,Olympiakos,A,2.5,3.1,2.9,2.4,3.1,2.9,2.5,3.15,2.9,2.55,3.1,2.8,2019/20,€53.55m,€82.58m,2.57,3.21,2.8,2.75,3.1,2.6,2.4875,0.0544862367942584,1.9996522011836777,0.02190401479166167,0.011306532663316604,0.25012356654452983,3.1125000000000003,0.021650635094610887,1.999965189447786,0.006956027339634019,0.003012048192771122,0.25001190457294326,2.875,0.043301270189221974,1.9998354040425346,0.015061311370164166,0.006521739130434634,0.250058736001253
G1,07/06/2020,AEK,Panathinaikos,D,1.61,3.6,6.0,1.6,3.6,5.5,1.63,3.7,5.5,1.65,3.5,5.5,2019/20,€30.53m,€20.25m,1.63,3.9,5.28,1.85,3.3,4.5,1.6224999999999998,0.019202864369671436,1.9998990639180034,0.01183535554371121,0.006548536209553202,0.2500347967984456,3.5999999999999996,0.07071067811865482,1.9997216665451496,0.019641855032959673,0.01041666666666674,0.25009656232176186,5.625,0.21650635094610965,1.9989465758033484,0.03849001794597505,0.016666666666666607,0.2503395201448619
G1,08/06/2020,Lamia,Panetolikos,H,2.37,3.0,3.25,2.35,3.0,3.1,2.4,3.1,3.1,2.35,3.2,3.0,2019/20,€7.88m,€8.85m,2.34,3.27,3.09,2.7,2.8,3.0,2.3675,0.020463381929681054,1.999946214390791,0.008643455936507309,0.004487856388595501,0.2500184583389743,3.0749999999999997,0.08291561975888508,1.9994777463270101,0.026964429189881328,0.014227642276422703,0.25017717363869474,3.1125,0.08926785535678562,1.9994088153157386,0.02868043545599538,0.015060240963855387,0.2502013006482564
G1,13/06/2020,Volos NFC,Xanthi,H,4.33,3.4,1.85,4.1,3.4,1.83,4.25,3.45,1.87,4.0,3.5,1.88,2019/20,€8.40m,€9.38m,4.19,3.63,1.84,4.2,3.1,2.0,4.17,0.12825755338380668,1.9993169086548275,0.03075720704647642,0.017086330935251803,0.25023791517968913,3.4375,0.04145780987944255,1.9998952807251584,0.012060453783110561,0.006363636363636349,0.2500359406803998,1.8575000000000002,0.01920286436967147,1.9999228302615017,0.01033801581139783,0.005720053835800876,0.25002687719346783
G1,13/06/2020,Atromitos,Lamia,D,1.72,3.4,5.25,1.72,3.3,5.0,1.77,3.4,4.9,1.78,3.25,5.0,2019/20,€12.75m,€7.88m,1.78,3.37,4.97,1.85,3.3,4.5,1.7475,0.027726341266023566,1.9998184469573663,0.01586628970874024,0.008226037195994351,0.2500628411539144,3.3375,0.06495190528383288,1.9997263956030835,0.019461245028863785,0.010299625468164653,0.2500955039932231,5.0375,0.1293010054098574,1.999527884525044,0.02566769338160941,0.013027295285359619,0.25015833176956276
G1,13/06/2020,Panathinaikos,PAOK,D,3.4,3.75,2.0,3.6,3.4,1.95,3.6,3.35,2.05,3.5,3.4,2.05,2019/20,€20.25m,€53.55m,3.53,3.49,2.05,3.1,3.4,2.25,3.525,0.08291561975888508,1.9995992793531778,0.023522161633726262,0.012411347517730542,0.25014168271727844,3.475,0.16007810593582122,1.998493864241824,0.046065641995919775,0.021582733812949728,0.25048097935830455,2.0125,0.041457809879442434,1.9996928115940888,0.020600153977362697,0.01086956521739113,0.25010833550688544
G1,14/06/2020,OFI Crete,AEK,A,5.25,3.1,1.8,4.75,3.2,1.78,4.75,3.3,1.8,4.33,3.25,1.88,2019/20,€9.78m,€30.53m,4.98,3.33,1.79,4.75,3.5,1.72,4.77,0.32588341473600646,1.9966419357619865,0.06831937415849193,0.03616352201257844,0.25115386415406393,3.2125000000000004,0.0739509972887451,1.9996164131297003,0.023019765692994583,0.012645914396887115,0.25013531045298476,1.815,0.038405728739342976,1.9996792235245422,0.021160181123604946,0.010330578512396604,0.25010741466005904
G1,14/06/2020,Olympiakos,Aris,H,1.2,5.5,13.0,1.22,5.75,12.0,1.23,5.9,12.0,1.2,6.0,15.0,2019/20,€82.58m,€11.73m,1.19,6.62,13.75,1.28,5.0,7.5,1.2125,0.012990381056766592,1.9999172622591435,0.010713716335477602,0.005670103092783485,0.2500285671729994,5.7875,0.1883314896664921,1.9992319347849983,0.032541078128119585,0.0178185745140389,0.2502736754245069,13.0,1.224744871391589,1.9937440395397512,0.09421114395319916,0.04807692307692313,0.2519295130114064
G1,15/06/2020,Asteras Tripolis,Panionios,D,1.9,3.4,4.0,1.87,3.4,4.0,1.87,3.4,4.3,1.85,3.3,4.33,2019/20,€11.20m,€7.13m,1.85,3.43,4.42,1.55,4.0,5.75,1.8725,0.017853571071357054,1.9999345068881584,0.009534617394583207,0.005006675567423402,0.2500225551334236,3.375,0.043301270189221974,1.999880665596286,0.012830005981991697,0.005555555555555536,0.25004239923116056,4.1575,0.1578567388488689,1.998959988392549,0.03796914945252409,0.019392663860493098,0.2503600709229028
G1,15/06/2020,Panetolikos,Larisa,H,2.0,3.2,4.0,2.0,3.1,3.9,2.0,3.35,3.8,2.0,3.3,3.7,2019/20,€8.85m,€13.43m,1.98,3.48,3.79,1.75,3.3,5.0,2.0,0.0,2.0,0.0,0.0,0.25,3.2375000000000003,0.09601432184835755,1.999363658797307,0.029656933389454066,0.01640926640926632,0.2502238512417124,3.8500000000000005,0.11180339887498944,1.9993915382906837,0.029039843863633615,0.016233766233766156,0.2502111699777606
G1,20/06/2020,PAOK,OFI Crete,H,1.14,7.5,12.0,1.11,9.5,14.0,1.17,7.5,15.0,1.12,8.0,17.0,2019/20,€53.55m,€9.78m,1.13,8.67,15.82,1.14,7.5,12.0,1.135,0.022912878474779123,1.999706975746086,0.020187558127558698,0.011013215859030812,0.2500999253290252,8.125,0.81967981553775,1.9928702649717822,0.10088366960464616,0.050000000000000044,0.2521303836053749,14.5,1.8027756377319946,1.988795716630264,0.12432935432634445,0.06896551724137923,0.2540211653293793
G1,20/06/2020,AEK,Aris,D,1.36,4.5,9.0,1.36,4.4,8.25,1.4,4.5,8.3,1.36,4.6,8.5,2019/20,€30.53m,€11.73m,1.34,4.86,8.96,1.4,4.5,8.0,1.37,0.017320508075688693,1.9998852552188593,0.012642706624590286,0.005474452554744547,0.25003881786657006,4.5,0.0707106781186545,1.999821874838928,0.015713484026367668,0.008333333333333304,0.25006177413862213,8.5125,0.2965952629426167,1.9991325336260217,0.034842321637899173,0.01798825256975012,0.25028672791418977
G1,21/06/2020,Asteras Tripolis,Atromitos,D,2.05,3.3,3.25,2.1,3.1,3.5,2.15,3.15,3.6,2.1,3.2,3.5,2019/20,€11.20m,€12.75m,2.22,2.95,3.72,2.0,3.3,3.3,2.1,0.03535533905932741,1.9997955170945492,0.016835875742536862,0.008928571428571397,0.25007092196301056,3.1875000000000004,0.07395099728874512,1.9996129729289014,0.023200312874900424,0.012745098039215863,0.250132029783085,3.4625,0.12930100540985753,1.9989835728253929,0.037343250659886654,0.018953068592057587,0.25037113358999175
G1,21/06/2020,Xanthi,Panetolikos,D,2.1,3.1,3.4,2.15,3.1,3.4,2.15,3.2,3.45,2.2,3.2,3.25,2019/20,€9.38m,€8.85m,2.14,3.34,3.43,2.45,3.1,2.8,2.15,0.03535533905932741,1.9998049181839037,0.016444343748524378,0.008720930232558155,0.25006765897884586,3.1500000000000004,0.050000000000000044,1.999818246960343,0.015873015873015886,0.007936507936507908,0.2500629881582263,3.375,0.07500000000000002,1.9996413682560554,0.02222222222222223,0.011111111111111072,0.2501285575117427
G1,21/06/2020,Olympiakos,Panathinaikos,H,1.5,3.8,5.75,1.53,3.9,6.0,1.55,3.95,6.1,1.52,3.8,6.5,2019/20,€82.58m,€20.25m,1.54,4.01,6.09,1.33,4.5,8.5,1.5250000000000001,0.018027756377319962,1.9998991892251838,0.011821479591685221,0.006557377049180246,0.2500349493281235,3.8625,0.06495190528383303,1.999796250491198,0.0168160272579503,0.008899676375404564,0.2500702026884733,6.0875,0.27012728481217885,1.9985870006696183,0.044374091960932865,0.024127310061601737,0.25047778819908073
G1,22/06/2020,Larisa,Volos NFC,H,1.9,3.3,3.75,1.95,3.3,3.8,2.0,3.3,3.85,2.0,3.3,3.7,2019/20,€13.43m,€8.40m,1.99,3.45,3.77,1.85,3.25,3.8,1.9625,0.04145780987944254,1.9996769295446657,0.021124998664684095,0.011146496815286566,0.25011398870230717,3.3,0.0,2.0,0.0,0.0,0.25,3.775,0.05590169943749469,1.9998418072093402,0.01480839720198535,0.008278145695364225,0.25005484524736266
G1,22/06/2020,Lamia,Panionios,A,2.4,3.0,2.9,2.55,3.0,2.85,2.55,3.25,2.75,2.5,3.25,2.75,2019/20,€7.88m,€7.13m,2.57,3.34,2.7,2.9,3.1,2.5,2.5,0.061237243569579415,1.9995642177525037,0.024494897427831765,0.012499999999999956,0.2501562799411555,3.125,0.125,1.9988455359952022,0.04,0.020000000000000018,0.25040000000000007,2.8125,0.06495190528383288,1.9996158711614727,0.023094010767585025,0.012222222222222134,0.25013207434063245
G1,24/06/2020,Xanthi,Atromitos,H,2.45,3.1,3.0,2.6,3.0,3.0,2.5,3.0,3.05,1.88,3.3,4.2,2019/20,€9.38m,€12.75m,1.88,3.4,4.29,2.05,3.2,3.75,2.3575,0.2809248120049207,1.9892786460155576,0.11916216840081473,0.05858960763520682,0.2546452948257215,3.0999999999999996,0.12247448713915883,1.9988856063761233,0.039507899077148016,0.020161290322580516,0.25036677110965133,3.3125,0.5128047874191505,1.9835975585910364,0.15480899242842278,0.06886792452830193,0.2543207816653104
G1,27/06/2020,Panionios,Xanthi,H,2.37,3.2,3.0,2.3,3.2,3.0,2.4,3.1,3.05,2.45,3.1,3.0,2019/20,€7.13m,€9.38m,2.4,3.22,3.02,2.5,3.2,3.1,2.38,0.05431390245600119,1.9996235409258347,0.022820967418487898,0.012605042016806678,0.25013188070972725,3.15,0.050000000000000044,1.999818246960343,0.015873015873015886,0.007936507936507908,0.2500629881582263,3.0125,0.021650635094610887,1.9999628432802965,0.00718693281148909,0.003112033195020736,0.2500127013158564
G1,27/06/2020,OFI Crete,Panathinaikos,D,2.45,3.25,2.87,2.4,3.3,2.75,2.45,3.3,2.8,2.45,3.3,2.8,2019/20,€9.78m,€20.25m,2.48,3.45,2.74,2.1,3.3,3.5,2.4375,0.02165063509461108,1.9999428926237075,0.008882311833686598,0.0038461538461538325,0.25002013476871865,3.2874999999999996,0.02165063509461089,1.9999686338557123,0.006585744515470994,0.002851711026615966,0.2500110098207602,2.8049999999999997,0.042720018726587705,1.999832963497911,0.015229953200209522,0.008021390374331583,0.2500574172453146
G1,28/06/2020,Aris,PAOK,A,3.3,3.3,2.2,3.1,3.4,2.15,3.2,3.35,2.2,3.1,3.4,2.2,2019/20,€11.73m,€53.55m,3.16,3.54,2.17,4.0,3.3,1.95,3.175,0.08291561975888491,1.999510063285432,0.026115155829570053,0.013779527559054872,0.2501663180216636,3.3625,0.04145780987944252,1.9998901170236323,0.012329460187194802,0.006505576208178487,0.2500384773394222,2.1875,0.02165063509461108,1.9999290654762518,0.009897433186107923,0.004285714285714226,0.25002505930702656
G1,28/06/2020,Panetolikos,Asteras Tripolis,D,1.65,3.6,5.75,1.65,3.6,5.0,1.65,3.65,5.5,1.73,3.7,4.5,2019/20,€8.85m,€11.20m,1.63,3.74,5.51,1.55,3.75,6.0,1.67,0.03464101615137758,1.9996920478141238,0.020743123443938673,0.008982035928143839,0.25010259567046267,3.6375,0.04145780987944252,1.9999064698413542,0.011397336049331276,0.006013745704467333,0.2500321174139202,5.1875,0.480071609241788,1.9937547021536632,0.09254392467311576,0.051204819277108404,0.25228584916571556
G1,28/06/2020,AEK,Olympiakos,A,3.75,3.3,2.0,3.5,3.4,2.0,3.8,3.4,1.97,3.75,3.3,2.0,2019/20,€30.53m,€82.58m,3.9,3.44,1.96,4.75,3.6,1.72,3.7,0.1172603939955857,1.9992671974456988,0.031691998377185324,0.015202702702702853,0.25026875659287656,3.35,0.050000000000000044,1.9998393017810485,0.014925373134328372,0.007462686567164312,0.2500556916907997,1.9925,0.012990381056766592,1.99996926117022,0.006519639175290636,0.0028230865746550204,0.250010788245128
G1,29/06/2020,Volos NFC,Lamia,D,2.6,3.0,2.87,2.85,2.6,2.9,2.7,2.85,2.9,2.55,2.9,3.0,2019/20,€8.40m,€7.88m,2.87,2.65,3.02,4.2,1.53,5.0,2.675,0.11456439237389607,1.998685613933387,0.04282781023323218,0.02336448598130847,0.25044079707492045,2.8375,0.1473728265318949,1.9980289736140986,0.051937560011240495,0.02753303964757703,0.25072903805450064,2.9175,0.049180788932265,1.9997960716599201,0.016857168442935732,0.00835475578406153,0.25006887934297606
G1,29/06/2020,Atromitos,Larisa,H,1.8,3.5,4.5,1.78,3.4,4.4,1.8,3.5,4.5,1.8,3.5,4.4,2019/20,€12.75m,€13.43m,1.8,3.56,4.49,2.0,3.3,3.75,1.795,0.008660254037844393,1.9999831776530748,0.004824654060080443,0.002089136490250443,0.2500058847068239,3.475,0.04330127018922197,1.9998874512721907,0.012460797176754523,0.0053956834532373765,0.25003995950769886,4.45,0.04999999999999982,1.9999089303498088,0.011235955056179735,0.005617977528090012,0.25003156167150614
G1,01/07/2020,Panathinaikos,Aris,H,1.57,3.75,5.25,1.6,3.75,5.25,1.65,3.8,5.3,1.62,3.7,5.5,2019/20,€20.25m,€11.73m,1.63,3.74,5.53,1.66,3.5,4.75,1.6099999999999999,0.029154759474226452,1.9997634331210887,0.018108546257283514,0.010093167701863193,0.25008204268474554,3.75,0.03535533905932725,1.9999358783204244,0.0094280904158206,0.004999999999999893,0.2500222281490262,5.325,0.10307764064044152,1.9997314620537785,0.019357303406655684,0.009389671361502261,0.25009007561436675
G1,01/07/2020,PAOK,AEK,A,2.0,3.3,3.4,2.0,3.3,3.6,2.0,3.35,3.75,2.0,3.3,3.75,2019/20,€53.55m,€30.53m,2.03,3.42,3.68,2.1,3.2,3.5,2.0,0.0,2.0,0.0,0.0,0.25,3.3124999999999996,0.02165063509461108,1.9999692611726578,0.006536040783278818,0.002830188679245227,0.2500105205571687,3.625,0.14361406616345074,1.9988577904175149,0.0396176734244002,0.020689655172413834,0.25041362401079087
G1,01/07/2020,Olympiakos,OFI Crete,H,1.16,6.0,15.0,1.16,6.5,15.0,1.18,6.8,15.0,1.15,7.0,17.0,2019/20,€82.58m,€9.78m,1.15,7.64,16.49,1.12,7.0,17.0,1.1624999999999999,0.010897247358851694,1.9999367413655074,0.009373976222668124,0.004838709677419395,0.25002170561069287,6.575,0.37666297933298404,1.9976086167655671,0.05728714514570099,0.03136882129277585,0.2508723332704951,15.5,0.8660254037844386,1.9977939700055993,0.05587260669577023,0.024193548387096753,0.25068870523415987
G1,04/07/2020,Asteras Tripolis,Volos NFC,H,1.7,3.5,4.75,1.7,3.6,4.75,1.77,3.5,4.7,1.78,3.5,4.5,2019/20,€11.20m,€8.40m,1.75,3.74,4.8,1.57,3.75,5.75,1.7374999999999998,0.03766629793329844,1.9996610361525564,0.021678444853696945,0.011151079136690667,0.2501173603310485,3.525,0.04330127018922197,1.9998916585608881,0.012284048280630346,0.005319148936170137,0.25003667661010315,4.675,0.10307764064044152,1.9996466087907148,0.02204869318512118,0.010695187165775444,0.2501272647376961
G1,04/07/2020,OFI Crete,PAOK,D,6.0,4.33,1.44,6.5,4.5,1.42,6.1,4.45,1.48,6.5,4.4,1.44,2019/20,€9.78m,€53.55m,6.04,4.68,1.49,8.0,5.0,1.3,6.275,0.22776083947860754,1.9990486176099507,0.03629654812408088,0.018924302788844605,0.2503311967676886,4.42,0.06284902544988265,1.9998540068008703,0.01421923652712277,0.007918552036199067,0.2500508556259155,1.4449999999999998,0.021794494717703387,1.9998364273135931,0.015082695306369128,0.007785467128027745,0.25005579525160804
G1,05/07/2020,Aris,AEK,A,6.5,4.0,1.5,4.75,4.1,1.6,5.6,4.15,1.55,5.8,3.8,1.57,2019/20,€11.73m,€30.53m,5.37,4.64,1.54,9.0,4.75,1.33,5.6625,0.623873985673389,1.99115168774957,0.11017642131097378,0.060154525386313384,0.2532635600652548,4.012499999999999,0.1340475661845452,1.999188752564113,0.03340749313010473,0.01791277258566959,0.25029213968051967,1.555,0.03640054944640263,1.9996035046163705,0.023408713470355388,0.012861736334405238,0.2501395906506862
G1,05/07/2020,Panathinaikos,Olympiakos,D,5.25,4.0,1.57,4.4,4.2,1.62,4.95,4.15,1.6,4.6,4.2,1.62,2019/20,€20.25m,€82.58m,4.69,4.6,1.62,5.25,3.8,1.57,4.8,0.32596012026013244,1.9966818571270115,0.0679083583875276,0.03776041666666674,0.2511355255929565,4.137499999999999,0.08196798155377509,1.9997150581074732,0.019810992520549874,0.00981873111782483,0.25010197820451896,1.6025,0.020463381929681144,1.9998820229173653,0.012769661110565456,0.006630265210608277,0.2500415011001774
G1,06/07/2020,Lamia,Xanthi,D,3.5,3.2,2.0,3.7,3.1,2.05,3.75,3.15,2.1,3.75,3.2,2.05,2019/20,€7.88m,€9.38m,3.84,3.17,2.07,3.4,2.8,2.15,3.675,0.10307764064044153,1.9994268896762555,0.02804833758923579,0.013605442176870985,0.25020860059819683,3.1625,0.04145780987944255,1.9998757627398396,0.01310918889468539,0.006916996047430901,0.2500435326316191,2.05,0.03535533905932741,1.9997854196736613,0.017246506858208496,0.009146341463414753,0.2500744268864173
G1,08/07/2020,Aris,Olympiakos,A,15.0,6.0,1.2,10.0,5.5,1.25,9.0,5.6,1.3,9.5,5.25,1.29,2019/20,€11.73m,€82.58m,9.41,5.56,1.28,11.0,5.25,1.28,10.875,2.407670035532278,1.9669141562235266,0.22139494579607155,0.10632183908045967,0.2581131635685566,5.5875,0.27012728481217885,1.9983234807221786,0.04834492793059129,0.026286353467561474,0.25056589522919037,1.26,0.03937003937005909,1.9992917514779285,0.03124606299211039,0.016865079365079305,0.2502524747363719
G1,08/07/2020,PAOK,Panathinaikos,D,1.33,4.75,10.0,1.4,4.33,7.5,1.37,4.65,8.5,1.33,4.6,9.5,2019/20,€53.55m,€20.25m,1.33,4.89,9.2,1.44,4.2,7.5,1.3575000000000002,0.029474565306378937,1.9996607900489216,0.021712386966024996,0.011510128913443829,0.25011607756829624,4.5825,0.15546301811041752,1.9991625131325537,0.03392537220085489,0.01786688488816135,0.25030325854472435,8.875,0.960143218483576,1.991445543609486,0.1081851513784311,0.059859154929577496,0.2531677660050342
G1,08/07/2020,AEK,OFI Crete,H,1.18,5.75,13.0,1.18,6.25,14.0,1.21,6.1,13.0,1.18,6.5,15.0,2019/20,€30.53m,€9.78m,1.17,6.91,15.41,1.12,8.0,17.0,1.1875,0.012990381056766592,1.9999140375671152,0.010939268258329762,0.00473684210526315,0.25002917518510037,6.15,0.2715695122800054,1.9985873461568509,0.04415764427317161,0.024390243902439046,0.250500906073638,13.75,0.82915619758885,1.9974004314409755,0.06030226891555272,0.031818181818181746,0.25086074032326366
G1,11/07/2020,Lamia,Larisa,D,2.25,3.6,2.9,2.3,3.1,3.1,2.35,3.1,3.15,2.35,3.1,3.1,2019/20,€7.88m,€13.43m,2.36,3.18,3.12,2.75,2.5,3.2,2.3125,0.04145780987944255,1.9997674531046585,0.017927701569488672,0.009459459459459474,0.25008182196711515,3.225,0.21650635094610965,1.9968275893930012,0.06713375223135183,0.029069767441860517,0.25097044666425133,3.0625,0.09601432184835765,1.9992833455908707,0.031351615297422905,0.015306122448979664,0.2502619678201628
G1,11/07/2020,Panionios,Panetolikos,A,1.85,3.3,4.75,1.91,3.0,4.4,1.93,3.15,4.45,1.95,3.1,4.2,2019/20,€7.13m,€8.85m,1.93,3.25,4.33,2.37,2.9,3.3,1.91,0.03741657386773936,1.9997218964594932,0.01958982925012532,0.010471204188481797,0.2500986368199753,3.1375,0.10825317547305476,1.9991441354700945,0.034503004134838165,0.018924302788844605,0.25029193705058594,4.45,0.1968501968502952,1.9985952171996917,0.044235999292201164,0.023876404494381998,0.250476045868751
G1,11/07/2020,Volos NFC,Atromitos,A,3.6,3.6,1.95,3.6,3.4,1.95,3.7,3.4,2.0,3.5,3.4,2.05,2019/20,€8.40m,€12.75m,3.64,3.53,2.0,3.75,3.4,2.0,3.5999999999999996,0.07071067811865482,1.9997216665451496,0.019641855032959673,0.01041666666666674,0.25009656232176186,3.45,0.08660254037844395,1.9995497476516628,0.025102185616940272,0.010869565217391353,0.25014878000396745,1.9874999999999998,0.041457809879442455,1.9996871750573666,0.02085927541104023,0.011006289308176154,0.2501066250150353
G1,11/07/2020,Xanthi,Asteras Tripolis,A,1.61,3.6,6.0,1.6,3.75,5.25,1.67,3.55,5.4,1.65,3.5,5.5,2019/20,€9.38m,€11.20m,1.68,3.54,5.49,1.7,3.5,5.5,1.6324999999999998,0.02861380785564891,1.9997785463976445,0.017527600524134098,0.009571209800918856,0.25007646848103,3.5999999999999996,0.09354143466934856,1.9995157703241955,0.025983731852596822,0.01388888888888884,0.25016309187051455,5.5375,0.2814582562299425,1.9981604742224401,0.05082767606861265,0.026523702031602703,0.25059769222140327
G1,11/07/2020,OFI Crete,Aris,A,1.61,4.0,5.25,1.6,3.75,5.25,1.6,4.0,5.2,1.6,3.8,5.5,2019/20,€9.78m,€11.73m,1.58,4.02,5.51,1.65,4.1,4.75,1.6025,0.004330127018922197,1.9999947386274974,0.0027021073441012146,0.001170046801872049,0.2500018140084993,3.8875,0.11388041973930377,1.9993804550473824,0.02929399864676624,0.015273311897106012,0.25021548659339643,5.3,0.1172603939955857,1.999649563326709,0.022124602640676547,0.010613207547169878,0.2501169271463285
G1,12/07/2020,Panathinaikos,AEK,A,3.5,3.5,2.0,3.5,3.4,2.0,3.7,3.4,2.0,3.6,3.4,2.0,2019/20,€20.25m,€30.53m,3.71,3.55,1.98,7.0,4.2,1.45,3.575,0.08291561975888508,1.9996133943564174,0.023193180352135686,0.012237762237762073,0.25013153517621967,3.4250000000000003,0.043301270189221974,1.9998852552188593,0.012642706624590357,0.005474452554744769,0.25003881786657,2.0,0.0,2.0,0.0,0.0,0.25
G1,12/07/2020,Olympiakos,PAOK,A,1.55,4.33,5.25,1.53,4.1,5.5,1.57,4.15,5.5,1.55,4.0,5.8,2019/20,€82.58m,€53.55m,1.56,4.12,5.53,1.65,3.8,5.0,1.55,0.014142135623730963,1.9999399485920202,0.009123958466923201,0.004838709677419395,0.2500208168527473,4.145,0.11968709203585831,1.9994010948304766,0.028875052360882586,0.01568154402895039,0.25020333376006976,5.5125,0.19485571585149863,1.9991003517589576,0.035347975664670954,0.018707482993197466,0.250309306239203
G1,11/09/2020,Aris,Lamia,H,1.5,4.0,7.0,1.45,4.1,6.75,1.55,3.6,7.0,1.5,3.8,7.5,2020/21,€18.33m,€9.35m,1.5,3.84,7.46,1.6,3.6,5.75,1.5,0.03535533905932741,1.99959917713182,0.023570226039551608,0.012499999999999956,0.250139120584872,3.8749999999999996,0.19202864369671507,1.9982192339992995,0.04955577901850712,0.02741935483870983,0.25063357761362526,7.0625,0.2724311839712921,1.9989351034603646,0.03857432693398827,0.019911504424778848,0.2503550345288483
G1,11/09/2020,PAOK,Larisa,H,1.2,6.0,15.0,1.2,6.0,13.0,1.27,5.25,13.0,1.22,5.5,15.0,2020/21,€93.65m,€11.75m,1.21,5.82,14.78,1.28,5.25,11.0,1.2225000000000001,0.02861380785564902,1.9996075192696536,0.023405977796031915,0.011758691206544158,0.25013142439357583,5.6875,0.3247595264191645,1.9976368212647402,0.057100576073699255,0.030219780219780112,0.25083744213180775,14.0,1.0,1.996316519558962,0.07142857142857142,0.03571428571428581,0.2512755102040817
G1,18/09/2020,PAOK,Atromitos,D,1.4,4.0,7.0,1.45,4.1,6.75,1.5,4.3,7.0,1.44,4.0,8.0,2020/21,€93.65m,€12.15m,1.44,4.32,8.12,1.36,4.2,7.5,1.4474999999999998,0.035619517121937554,1.9995638485133544,0.024607611137780698,0.013385146804835824,0.2501501183442223,4.1,0.12247448713915883,1.9993613690539331,0.029871826131502157,0.015243902439024293,0.250212771808657,7.1875,0.480071609241788,1.9968479796953367,0.06679257172059659,0.032608695652173836,0.25098420923637127
G1,18/09/2020,Olympiakos,Asteras Tripolis,H,1.2,6.0,13.0,1.19,6.5,12.0,1.25,6.25,12.0,1.2,5.8,15.0,2020/21,€113.70m,€10.45m,1.21,6.53,14.94,1.3,5.0,9.5,1.21,0.02345207879911717,1.9997308150381263,0.01938188330505551,0.009297520661156966,0.2500902342687383,6.1375,0.26309456474811493,1.998675918623694,0.04286673152718777,0.02393075356415486,0.2504565709160487,13.0,1.224744871391589,1.9937440395397512,0.09421114395319916,0.04807692307692313,0.2519295130114064
G1,19/09/2020,Panetolikos,AEK,A,7.0,3.75,1.53,6.25,3.7,1.53,6.25,3.55,1.6,6.5,3.6,1.57,2020/21,€9.78m,€40.15m,6.37,3.67,1.58,6.0,3.6,1.6,6.5,0.30618621784789724,1.9984187568140004,0.04710557197659958,0.024038461538461453,0.2505155178623955,3.6500000000000004,0.07905694150420955,1.9996615573991534,0.021659436028550562,0.011986301369862895,0.2501173422614555,1.5575,0.029474565306379014,1.9997422332456474,0.018924279490452015,0.010032102728732006,0.250088347665394
G1,20/09/2020,Lamia,OFI Crete,A,2.75,3.1,2.62,2.75,3.0,2.6,2.85,2.8,2.65,2.88,2.9,2.62,2020/21,€9.35m,€14.20m,2.95,2.97,2.72,2.5,3.1,2.9,2.8074999999999997,0.058470077817632485,1.999687309353542,0.02082638568749154,0.010908281389136132,0.2501080137223351,2.95,0.11180339887498958,1.998963471679119,0.037899457245759174,0.021186440677966045,0.25036008490505907,2.6225,0.017853571071357054,1.9999665986140447,0.006807844069154263,0.0035748331744518413,0.25001152337637605
G1,20/09/2020,Volos NFC,Aris,A,3.75,3.1,2.1,3.7,3.1,2.05,3.6,2.9,2.25,3.5,3.1,2.15,2020/21,€10.85m,€18.33m,3.74,3.0,2.25,3.6,3.1,2.15,3.6374999999999997,0.09601432184835762,1.9994960915896325,0.02639568985521859,0.014604810996563522,0.2501769534741703,3.0500000000000003,0.08660254037844395,1.9994118808032226,0.028394275533916047,0.012295081967212962,0.25021545532892847,2.1375,0.07395099728874523,1.9991405983182085,0.034596957795904194,0.01900584795321647,0.25029111964878237
G1,26/09/2020,Volos NFC,PAOK,D,11.0,5.75,1.25,11.0,5.25,1.25,11.0,5.25,1.3,13.0,5.25,1.25,2020/21,€10.85m,€93.65m,12.83,5.42,1.27,6.0,4.33,1.5,11.5,0.8660254037844386,1.9960193527773387,0.07530655685082074,0.032608695652173836,0.2511999999999999,5.375,0.21650635094610965,1.9988470497675257,0.0402802513388111,0.01744186046511631,0.2503703703703703,1.2625,0.021650635094610987,1.9997892361698864,0.017149017896721575,0.00742574257425721,0.250070694693185
G1,26/09/2020,Olympiakos,Panetolikos,H,1.25,5.75,11.0,1.25,5.75,9.75,1.27,5.75,11.0,1.24,5.5,12.0,2020/21,€113.70m,€9.78m,1.21,7.2,12.05,1.25,5.75,11.0,1.2525,0.010897247358851694,1.9999454980384037,0.008700397092895565,0.004491017964071808,0.25001871418972466,5.6875,0.10825317547305482,1.9997367217596365,0.01903352535789975,0.008241758241758212,0.25009468501451826,10.9375,0.7979465834252315,1.9961318603447555,0.0729551161988783,0.03857142857142848,0.2513983037012666
G1,27/09/2020,Aris,Giannina,D,1.53,3.8,6.5,1.5,3.8,6.5,1.6,3.55,6.5,1.55,3.5,7.0,2020/21,€18.33m,€8.35m,1.53,3.85,7.23,1.8,3.4,4.75,1.545,0.03640054944640263,1.9996006953706487,0.023560226178901376,0.012944983818770295,0.25013653392743496,3.6624999999999996,0.13863170633011768,1.9989655960113093,0.03785166043143145,0.019624573378839605,0.25035960315741285,6.625,0.21650635094610965,1.9992389844441605,0.03268020391639391,0.014150943396226356,0.25024793388429745
G1,27/09/2020,OFI Crete,Atromitos,D,2.25,3.0,3.5,2.25,3.0,3.3,2.4,2.95,3.5,2.3,3.1,3.25,2020/21,€14.20m,€12.15m,2.39,3.07,3.34,2.37,3.0,3.3,2.3,0.061237243569579415,1.9994922349542477,0.02662488850851279,0.013586956521739024,0.25016987875159946,3.0125,0.0544862367942584,1.999764926979517,0.01808671760805258,0.009336099585062207,0.25007993983764715,3.3875,0.11388041973930377,1.9991839413656693,0.03361783608540332,0.017527675276752586,0.250283991271573
G1,27/09/2020,AEK,Lamia,H,1.28,5.5,9.0,1.25,5.5,10.5,1.3,5.25,11.0,1.25,5.25,13.0,2020/21,€40.15m,€9.35m,1.24,5.81,14.11,1.4,4.5,8.0,1.27,0.021213203435596444,1.9997990827185814,0.016703309791808223,0.008858267716535417,0.25006904110630274,5.375,0.125,1.9996098363678072,0.023255813953488372,0.011627906976744207,0.2501352082206598,10.875,1.4306903927824497,1.987584367273964,0.1315577372673517,0.07183908045977017,0.2542472962671031
G1,28/09/2020,Larisa,Panathinaikos,D,3.4,3.2,2.2,3.3,3.1,2.2,3.8,3.2,2.35,3.25,3.1,2.25,2020/21,€11.75m,€28.60m,3.3,3.24,2.31,3.8,3.2,2.05,3.4375,0.21614520582238222,1.9972009576802294,0.06287860533014755,0.031818181818181746,0.25088275193778936,3.1500000000000004,0.050000000000000044,1.999818246960343,0.015873015873015886,0.007936507936507908,0.2500629881582263,2.25,0.061237243569579415,1.999469497419861,0.02721655269759085,0.01388888888888884,0.2501773505966061
G1,03/10/2020,Panetolikos,Asteras Tripolis,D,2.45,3.25,2.87,2.45,3.1,2.85,2.6,3.2,3.3,2.5,3.1,2.88,2020/21,€9.78m,€10.45m,2.53,3.25,2.93,2.6,3.25,2.75,2.5,0.061237243569579415,1.9995699919979073,0.024494897427831765,0.012499999999999956,0.250144260719534,3.1624999999999996,0.06495190528383288,1.9996961425408633,0.020538151868405654,0.010869565217391353,0.2501045639955163,2.9750000000000005,0.18794946129212492,1.9971860429412915,0.06317628950995795,0.028571428571428692,0.25086810409961735
G1,04/10/2020,Panathinaikos,Aris,A,1.95,3.3,4.0,1.95,3.25,3.9,2.05,3.35,3.8,2.0,3.2,3.9,2020/21,€28.60m,€18.33m,1.98,3.29,4.23,1.75,3.5,4.75,1.9875,0.041457809879442455,1.9996871750573666,0.02085927541104023,0.011006289308176154,0.2501066250150353,3.275,0.05590169943749469,1.9997898126627245,0.017069221202288456,0.009541984732824416,0.2500728803449477,3.9000000000000004,0.07071067811865482,1.9997628446468245,0.018130943107347388,0.009615384615384581,0.2500822638670171
G1,04/10/2020,Apollon,Larisa,H,2.62,3.1,2.8,2.6,2.95,2.8,2.55,2.95,2.85,2.55,3.0,2.9,2020/21,€7.40m,€11.75m,2.56,3.17,2.96,2.4,3.1,3.1,2.58,0.030822070014845018,1.9998971095044291,0.011946538765443805,0.006298449612403223,0.2500355519714854,3.0,0.061237243569579415,1.999701067253541,0.02041241452319314,0.01041666666666674,0.25010082090233343,2.8375,0.04145780987944255,1.9998463736554917,0.014610681895838785,0.007709251101321701,0.25005261962123454
G1,04/10/2020,PAOK,OFI Crete,H,1.25,5.5,12.0,1.22,5.75,11.0,1.3,5.25,11.0,1.22,5.8,13.0,2020/21,€93.65m,€14.20m,1.22,6.4,13.71,1.3,5.0,9.5,1.2474999999999998,0.032691742076555085,1.999507705453886,0.026205805271787647,0.013527054108216419,0.2501653575433797,5.575,0.219374109684803,1.9988763592565,0.03934961608696018,0.02130044843049328,0.25040119299805896,11.75,0.82915619758885,1.996444980305114,0.07056648490117871,0.037234042553191404,0.2511688515217561
G1,04/10/2020,Giannina,Olympiakos,D,8.0,4.75,1.36,7.25,4.75,1.36,8.0,4.6,1.4,9.0,4.5,1.35,2020/21,€8.35m,€113.70m,8.47,4.92,1.37,9.5,5.0,1.33,8.0625,0.6218671481916375,1.9957330778215268,0.07713080907803255,0.04069767441860472,0.2514450654101628,4.65,0.10606601717798217,1.9996237460279347,0.02280989616730799,0.012096774193548487,0.2501320230663999,1.3675000000000002,0.019202864369671443,1.9998584107372552,0.014042313981478202,0.006855575868373043,0.2500479572204617
G1,04/10/2020,Atromitos,AEK,H,3.75,3.4,2.0,3.7,3.2,2.0,3.9,3.05,2.2,3.6,3.1,2.15,2020/21,€12.15m,€40.15m,3.7,3.14,2.2,5.75,3.6,1.65,3.7375000000000003,0.10825317547305476,1.9993965771451445,0.02896406032723873,0.015886287625417994,0.2502062806461463,3.1875,0.1340475661845451,1.9987353112104447,0.04205413841083768,0.022549019607843057,0.25041971796314055,2.0875000000000004,0.08926785535678566,1.9986825962871047,0.042763044482292525,0.022455089820359486,0.2504530215994877
G1,17/10/2020,Volos NFC,Giannina,H,2.2,3.1,3.25,2.25,3.3,3.0,2.3,3.15,3.1,2.25,3.25,3.1,2020/21,€10.85m,€8.35m,2.34,3.46,3.01,2.45,3.1,2.9,2.25,0.03535533905932725,1.999821874838928,0.015713484026367668,0.008333333333333304,0.2500617741386221,3.2,0.07905694150420942,1.999559663480514,0.02470529422006544,0.013671875,0.25015268857586875,3.1125,0.08926785535678562,1.9994088153157386,0.02868043545599538,0.015060240963855387,0.2502013006482564
G1,17/10/2020,Aris,Apollon,H,1.55,3.6,5.75,1.55,3.7,6.0,1.6,3.7,6.0,1.57,3.7,6.0,2020/21,€18.33m,€7.40m,1.57,3.96,5.65,1.72,3.25,4.75,1.5675,0.020463381929681144,1.9998774248387583,0.013054789109844431,0.006778309409888328,0.2500418584707883,3.675,0.043301270189221974,1.999899394926591,0.011782658554890333,0.005102040816326703,0.2500356718192628,5.9375,0.10825317547305482,1.9997585026337423,0.018232113763882916,0.007894736842105177,0.25008671522719395
G1,17/10/2020,Olympiakos,Atromitos,H,1.28,4.75,10.0,1.26,5.0,12.0,1.33,5.0,10.0,1.27,5.25,11.0,2020/21,€113.70m,€12.15m,1.25,5.77,11.79,1.3,4.75,10.0,1.2850000000000001,0.026925824035672546,1.999685270005721,0.020953948665893028,0.010700389105058328,0.2501056883350073,5.0,0.1767766952966369,1.999097939521405,0.035355339059327376,0.018750000000000044,0.25031367432068563,10.75,0.82915619758885,1.9957563893204375,0.07713080907803255,0.04069767441860472,0.2513891393073153
G1,18/10/2020,OFI Crete,Panathinaikos,D,3.0,3.25,2.2,3.0,3.25,2.3,3.35,3.1,2.25,3.25,3.1,2.25,2020/21,€14.20m,€28.60m,3.38,3.33,2.2,3.75,3.25,2.05,3.15,0.15411035007422444,1.9982769271485572,0.04892392065848395,0.025793650793650702,0.25059020404119364,3.175,0.07499999999999996,1.9995974498364508,0.023622047244094474,0.011811023622047223,0.25013950027900056,2.25,0.03535533905932725,1.999821874838928,0.015713484026367668,0.008333333333333304,0.2500617741386221
G1,18/10/2020,Larisa,Asteras Tripolis,A,2.37,3.2,2.8,2.45,2.85,3.1,2.55,2.7,3.15,2.45,3.0,3.1,2020/21,€11.75m,€10.45m,2.59,2.81,3.25,3.0,3.2,2.4,2.455,0.06383572667401842,1.9995131588165709,0.02600233265744131,0.013747454175152773,0.25016732116980994,2.9375,0.18498310733685927,1.9971463437533883,0.06297297271042018,0.03510638297872348,0.25097855553200543,3.0375,0.1386317063301178,1.9984715435082783,0.04564006792761079,0.021604938271604812,0.25057645576836785
G1,18/10/2020,AEK,PAOK,D,2.87,3.0,2.45,2.8,2.95,2.6,2.8,2.95,2.6,2.8,3.2,2.5,2020/21,€40.15m,€93.65m,2.86,3.05,2.69,2.37,3.0,3.0,2.8175,0.030310889132455478,1.9999168559045242,0.010758079550117296,0.004658385093167849,0.25002822838646543,3.0250000000000004,0.10307764064044153,1.999171850658031,0.03407525310427819,0.016528925619834878,0.25027113125072,2.5375,0.06495190528383288,1.9995264465592897,0.02559680996407207,0.013546798029556717,0.25016568560083574
G1,19/10/2020,Lamia,Panetolikos,D,2.3,3.1,3.3,2.25,2.9,3.4,2.4,2.8,3.4,2.38,3.1,3.1,2020/21,€9.35m,€9.78m,2.42,2.8,3.58,2.2,2.8,3.75,2.3325,0.06057020719792856,1.999512638103233,0.025967934490001527,0.01420150053590552,0.2501704940971992,2.9749999999999996,0.1299038105676659,1.9986197975911468,0.043665146409299464,0.02310924369747913,0.25048637341320434,3.3,0.12247448713915883,1.9989959014353837,0.037113480951260255,0.018939393939394034,0.2503667262748801
G1,21/10/2020,Apollon,Giannina,A,2.4,2.9,3.25,2.45,2.8,3.2,2.5,2.7,3.25,2.55,2.9,3.0,2020/21,€7.40m,€8.35m,2.6,2.74,3.33,2.87,2.9,2.7,2.4749999999999996,0.05590169943749469,1.9996319517687853,0.022586545227270587,0.012626262626262541,0.2501276630350602,2.825,0.08291561975888491,1.9993754394645173,0.029350661861552177,0.015486725663716783,0.25022196729894153,3.175,0.10307764064044153,1.999230940983937,0.03246539862691072,0.015748031496062964,0.25028214198644105
G1,24/10/2020,Panathinaikos,Volos NFC,D,1.5,4.0,7.0,1.5,3.8,6.75,1.55,3.8,6.25,1.5,4.0,6.5,2020/21,€28.60m,€10.85m,1.5,4.17,6.7,1.57,4.0,5.5,1.5125,0.021650635094610987,1.999852995731125,0.014314469484040323,0.006198347107437829,0.25004957366646835,3.9000000000000004,0.10000000000000009,1.9995256892936493,0.02564102564102566,0.012820512820512775,0.25016436554898097,6.625,0.2795084971874737,1.9987153810531701,0.04218996183961868,0.02358490566037741,0.250446523562857
G1,25/10/2020,Asteras Tripolis,OFI Crete,H,2.05,3.5,3.5,2.0,3.4,3.5,2.05,3.45,3.45,2.1,3.4,3.4,2020/21,€10.45m,€14.20m,2.05,3.67,3.43,1.8,3.75,4.33,2.05,0.03535533905932741,1.9997854196736613,0.017246506858208496,0.009146341463414753,0.2500744268864173,3.4375,0.04145780987944255,1.9998952807251584,0.012060453783110561,0.006363636363636349,0.2500359406803998,3.4625000000000004,0.04145780987944252,1.9998963787025743,0.011973374694423831,0.006317689530685788,0.25003627372276194
G1,25/10/2020,Giannina,AEK,A,5.5,3.5,1.66,5.0,3.5,1.67,4.9,3.5,1.73,4.8,3.5,1.73,2020/21,€8.35m,€40.15m,4.81,3.69,1.74,3.75,3.25,2.05,5.050000000000001,0.2692582403567252,1.9979809078564819,0.05331846343697528,0.027227722772277252,0.2506473754944743,3.5,0.0,2.0,0.0,0.0,0.25,1.6975000000000002,0.032691742076555085,1.9997323751297644,0.0192587582188837,0.00994108983799702,0.2500928544348619
G1,26/10/2020,Atromitos,Panetolikos,H,1.85,3.5,4.2,1.83,3.4,4.1,1.83,3.45,4.9,1.8,3.4,4.5,2020/21,€12.15m,€9.78m,1.78,3.65,4.57,1.8,3.3,4.75,1.8275000000000001,0.01785357107135714,1.9999310592262833,0.009769395935079146,0.005129958960328196,0.25002405941957795,3.4375,0.04145780987944255,1.9998952807251584,0.012060453783110561,0.006363636363636349,0.2500359406803998,4.425000000000001,0.3112474899497185,1.9964691905206817,0.07033841580784599,0.038135593220339103,0.25115980509925717
G1,31/10/2020,Olympiakos,Apollon,H,1.12,8.5,17.0,1.15,7.0,14.5,1.2,7.0,17.0,1.15,7.0,17.0,2020/21,€113.70m,€7.40m,1.15,7.91,17.63,1.12,8.5,17.0,1.155,0.028722813232690103,1.999555676782551,0.024868236565099656,0.012987012987013102,0.2501510105576319,7.375,0.649519052838329,1.994579065841924,0.08807038004587511,0.03813559322033888,0.2515976331360947,16.375,1.0825317547305484,1.9967614850013116,0.0661088094491938,0.028625954198473247,0.25128065022880947
G1,31/10/2020,Atromitos,Giannina,A,1.85,3.0,5.25,1.83,2.95,5.25,1.9,2.95,4.9,1.91,3.2,4.2,2020/21,€12.15m,€8.35m,1.89,2.99,5.25,1.9,3.0,4.75,1.8725,0.03344772040064905,1.9997696890472616,0.01786260101503287,0.00967957276368514,0.25008006301540947,3.0250000000000004,0.10307764064044153,1.999171850658031,0.03407525310427819,0.016528925619834878,0.25027113125072,4.9,0.4286607049870561,1.994332836598392,0.08748177652797062,0.044642857142857206,0.25223686906632053
G1,31/10/2020,Volos NFC,Larisa,D,2.3,2.9,3.6,2.3,2.9,3.3,2.3,2.8,3.6,2.35,2.9,3.3,2020/21,€10.85m,€11.75m,2.27,2.89,3.79,2.25,2.9,3.6,2.3125,0.02165063509461108,1.9999369958421673,0.009362436797669656,0.004054054054054124,0.25002144756784583,2.875,0.043301270189221974,1.9998354040425343,0.015061311370164166,0.006521739130434634,0.250058736001253,3.4499999999999997,0.15000000000000013,1.998635964158572,0.04347826086956526,0.021739130434782483,0.25047258979206044
G1,31/10/2020,Lamia,Panathinaikos,A,5.0,2.9,1.9,5.0,2.85,1.9,5.25,2.8,2.0,4.75,2.9,1.95,2020/21,€9.35m,€28.60m,5.2,2.81,1.98,5.25,3.0,1.85,5.0,0.1767766952966369,1.999097939521405,0.035355339059327376,0.018750000000000044,0.2503136743206856,2.8625,0.04145780987944252,1.9998483213833438,0.014483077687141492,0.007641921397379958,0.2500532104778056,1.9375,0.04145780987944254,1.9996708481591752,0.021397579292615505,0.011290322580645107,0.25011214314705843
G1,01/11/2020,AEK,OFI Crete,H,1.33,5.0,9.0,1.33,5.0,8.0,1.5,4.4,7.75,1.4,4.4,8.0,2020/21,€40.15m,€14.20m,1.38,4.81,8.1,1.36,4.75,8.0,1.3900000000000001,0.06964194138592056,1.9982080623098497,0.05010211610497881,0.02607913669064743,0.25058933379428305,4.7,0.2999999999999998,1.997059056903411,0.0638297872340425,0.03191489361702149,0.25101856043458576,8.1875,0.480071609241788,1.9975650956296918,0.05863470036540922,0.028625954198473247,0.2507695289914407
G1,03/11/2020,Panathinaikos,Apollon,H,1.4,4.33,9.0,1.4,4.2,8.0,1.5,3.9,7.25,1.44,3.9,8.0,2020/21,€28.60m,€7.40m,1.46,4.08,8.18,1.4,4.33,9.0,1.435,0.04092676385936229,1.9994169466640752,0.02852039293335351,0.014808362369338024,0.2501957673777694,4.0825000000000005,0.18819869818890894,1.998470487612436,0.046098885043211,0.024341702388242403,0.25052350416879676,8.0625,0.6218671481916375,1.9957330778215268,0.07713080907803255,0.04069767441860472,0.2514450654101628
G1,04/11/2020,Giannina,Larisa,A,1.8,3.6,4.33,1.83,3.4,4.2,1.83,3.35,4.4,1.83,3.4,4.4,2020/21,€8.35m,€11.75m,1.83,3.64,4.32,1.7,3.5,5.5,1.8225,0.012990381056766592,1.999963250476072,0.007127781101106498,0.0030864197530864335,0.25001291300080924,3.4375,0.09601432184835765,1.9994422728681553,0.02793143908315859,0.013636363636363669,0.250184764672021,4.3325000000000005,0.08166241485530544,1.9997424265818988,0.018848797427652726,0.009665320253894771,0.2500915434268342
G1,07/11/2020,Giannina,Panetolikos,D,1.9,3.1,4.5,1.91,3.25,4.0,1.95,3.1,4.3,1.95,3.1,4.33,2020/21,€8.35m,€9.78m,1.95,3.3,4.24,1.72,3.25,5.5,1.9275,0.022776083947860768,1.999899249525856,0.011816385965167714,0.006160830090791158,0.25003496706201905,3.1374999999999997,0.06495190528383286,1.9996932687762368,0.020701802480902906,0.008964143426294813,0.25010219685385104,4.2825,0.1800520758003084,1.9987148130497339,0.042043683782909146,0.02232924693520144,0.25046380159534276
G1,07/11/2020,Panathinaikos,Atromitos,A,1.75,3.6,4.75,1.75,3.5,4.5,1.85,3.3,5.0,1.8,3.25,4.8,2020/21,€28.60m,€12.15m,1.79,3.42,4.91,1.72,3.5,5.0,1.7875,0.04145780987944254,1.9996133943564174,0.023193180352135686,0.012237762237762073,0.25013153517621967,3.4124999999999996,0.14306903927824502,1.9987339503905428,0.04192499319509012,0.022893772893773034,0.2504351980205365,4.7625,0.17809758560968758,1.9989881835358045,0.0373958185007218,0.020341207349081403,0.25035642948883996
G1,08/11/2020,OFI Crete,Olympiakos,A,8.0,5.25,1.33,7.75,5.0,1.33,9.0,4.8,1.35,9.5,4.6,1.33,2020/21,€14.20m,€113.70m,8.8,4.97,1.35,8.0,5.25,1.33,8.5625,0.7153451963912248,1.9949763808818946,0.08354396454204085,0.04562043795620441,0.251716178224496,4.9125,0.24076700355322792,1.99826973035303,0.04901109487088609,0.027353689567430006,0.25059591385410296,1.335,0.008660254037844395,1.9999697193901067,0.006487081676287937,0.002808988764044784,0.25001036469921645
G1,08/11/2020,Apollon,PAOK,A,7.0,4.75,1.4,8.5,4.6,1.34,9.0,4.2,1.4,11.0,4.2,1.35,2020/21,€7.40m,€93.65m,10.18,4.47,1.36,7.0,4.75,1.4,8.875,1.4306903927824497,1.9813529949125075,0.16120455129943095,0.0880281690140845,0.2564363908837385,4.4375,0.24334902917414716,1.9978349051652362,0.05483921784206133,0.02887323943661957,0.25074152520367854,1.3725,0.02772634126602346,1.9997055050019306,0.020201341541729294,0.01047358834244072,0.2501022312305368
G1,21/11/2020,Lamia,Asteras Tripolis,D,3.4,3.0,2.25,3.4,3.1,2.15,3.35,2.8,2.35,3.25,2.9,2.38,2020/21,€9.35m,€10.45m,3.29,3.06,2.39,3.1,3.0,2.45,3.35,0.061237243569579415,1.9997577351683458,0.018279774199874452,0.009328358208955168,0.25008611721667984,2.95,0.11180339887498958,1.998963471679119,0.037899457245759174,0.021186440677966045,0.25036008490505907,2.2825,0.09038113741262611,1.9988627906242737,0.03959743150607935,0.021631982475355915,0.2504049401541444
G1,21/11/2020,Atromitos,Apollon,D,1.8,3.25,5.0,1.8,3.0,5.25,1.85,2.95,5.0,1.78,3.2,5.0,2020/21,€12.15m,€7.40m,1.85,3.01,5.47,1.85,3.25,4.75,1.8075,0.025860201081971523,1.9998528942315887,0.014307165190578989,0.007261410788381939,0.25005004229253425,3.0999999999999996,0.1274754878398196,1.9987798446783698,0.04112112510961923,0.022177419354838523,0.2504230548589221,5.0625,0.10825317547305482,1.9996728229883816,0.021383343303319473,0.0092592592592593,0.2501088692117869
G1,21/11/2020,Olympiakos,Panathinaikos,H,1.5,4.2,6.5,1.44,4.1,7.0,1.5,3.85,7.5,1.47,4.0,7.5,2020/21,€113.70m,€28.60m,1.46,4.25,7.21,1.6,3.6,6.0,1.4775,0.02487468592766552,1.9997949596912334,0.016835658834291386,0.008883248730964466,0.25007207579020774,4.0375000000000005,0.1293010054098575,1.9992580354475005,0.03202501681977894,0.017801857585139302,0.2502610059219447,7.125,0.414578098794425,1.9975320648156858,0.05818639983079649,0.030701754385964897,0.2509008879516911
G1,22/11/2020,AEK,Larisa,H,1.25,5.5,11.0,1.22,5.75,11.0,1.33,4.6,11.0,1.27,4.8,13.0,2020/21,€40.15m,€11.75m,1.24,5.86,12.71,1.36,4.33,9.5,1.2675,0.04023369234857774,1.9992768287052018,0.03174255806593904,0.01725838264299817,0.2502445208880849,5.1625,0.4761499238685229,1.9938598978775766,0.09223243077356376,0.05024213075060535,0.25212394834116336,11.5,0.8660254037844386,1.9960193527773387,0.07530655685082074,0.032608695652173836,0.2511999999999999
G1,22/11/2020,Panetolikos,Aris,A,3.25,3.1,2.3,3.1,3.1,2.3,3.15,2.9,2.4,3.2,3.0,2.38,2020/21,€9.78m,€18.33m,3.21,3.09,2.41,3.6,3.1,2.1,3.1750000000000003,0.05590169943749474,1.9997763628692897,0.01760683446850228,0.009842519685039353,0.25007754630702816,3.025,0.08291561975888508,1.9994554854486322,0.027410122234342176,0.01446280991735538,0.25019318544287333,2.3449999999999998,0.045552167895721536,1.9997279141702302,0.019425231512034773,0.010127931769722709,0.2500940830296596
G1,22/11/2020,PAOK,Giannina,H,1.25,5.5,12.0,1.25,5.5,10.5,1.3,5.0,10.0,1.24,5.5,12.0,2020/21,€93.65m,€8.35m,1.24,6.12,11.13,1.36,4.75,9.0,1.26,0.02345207879911717,1.9997516906681836,0.018612760951680293,0.008928571428571175,0.2500833451351168,5.375,0.21650635094610965,1.9988106997275765,0.0402802513388111,0.01744186046511631,0.2504461629982154,11.125,0.8926785535678563,1.9953353656774464,0.08024076886003202,0.042134831460674205,0.25164473684210537
G1,23/11/2020,Volos NFC,OFI Crete,A,2.5,3.3,2.75,2.65,2.9,2.8,2.7,3.1,3.25,2.55,3.1,2.8,2020/21,€10.85m,€14.20m,2.63,2.84,3.16,2.7,3.0,2.8,2.6,0.07905694150420955,1.9993329338239798,0.03040651596315752,0.016826923076922906,0.25023137020648845,3.0999999999999996,0.14142135623730948,1.998497713277885,0.045619792334615966,0.024193548387096753,0.2505235511008709,2.9,0.20310096011589907,1.9965480496053414,0.07003481383306864,0.032327586206896575,0.2510553502005698
G1,25/11/2020,Asteras Tripolis,Apollon,D,1.55,4.0,6.0,1.5,4.0,6.0,1.57,3.6,6.25,1.52,3.8,6.5,2020/21,€10.45m,€7.40m,1.52,4.1,6.51,1.8,3.75,4.5,1.5350000000000001,0.026925824035672542,1.9997780277622,0.01754125344343488,0.009771986970684043,0.250076957683272,3.85,0.16583123951776998,1.9986515202158857,0.0430730492253948,0.02272727272727293,0.2504852606994067,6.1875,0.2072890493972125,1.999194625628579,0.033501260508640406,0.017676767676767735,0.25027187494506
G1,28/11/2020,Larisa,Atromitos,D,2.87,3.1,2.45,2.8,3.1,2.5,2.85,2.95,2.55,2.88,3.0,2.55,2020/21,€11.75m,€12.15m,2.88,3.21,2.56,2.62,2.9,2.87,2.85,0.030822070014844945,1.999915394845307,0.010814761408717524,0.0057017543859647635,0.25002973615914037,3.0374999999999996,0.06495190528383288,1.9996696306147015,0.02138334330331947,0.011316872427983515,0.2501154024093447,2.5125,0.04145780987944235,1.9998030507238345,0.016500620847539244,0.008706467661691475,0.2500692116587238
G1,28/11/2020,Aris,Olympiakos,A,5.25,4.2,1.57,5.5,3.8,1.57,6.25,3.65,1.65,5.5,3.9,1.57,2020/21,€18.33m,€113.70m,5.8,3.82,1.61,6.5,4.0,1.5,5.625,0.375,1.9968524091878614,0.06666666666666667,0.03333333333333344,0.250995568040596,3.8875,0.20116846174288863,1.9980835662572105,0.05174751427469804,0.02813504823151125,0.2506393300752854,1.5899999999999999,0.03464101615137748,1.9996604111357457,0.021786802610929232,0.00943396226415083,0.25011291354586174
G1,29/11/2020,Panathinaikos,Panetolikos,H,1.36,4.5,9.5,1.36,4.4,8.25,1.43,4.0,8.5,1.36,4.2,10.0,2020/21,€28.60m,€9.78m,1.38,4.57,8.72,1.36,4.5,9.5,1.3775,0.030310889132455283,1.9996536258316873,0.022004275232272438,0.009528130671506263,0.25011512256245594,4.275,0.19202864369671524,1.998537683850349,0.04491898098168777,0.024853801169590684,0.2505188531830915,9.0625,0.7153451963912248,1.995515215203271,0.07893464236041102,0.0431034482758621,0.2515330120474506
G1,29/11/2020,OFI Crete,Giannina,H,2.1,3.4,3.3,2.25,3.2,3.1,2.2,3.15,3.35,2.15,3.2,3.4,2020/21,€14.20m,€8.35m,2.19,3.34,3.39,2.15,3.4,3.3,2.175,0.05590169943749474,1.9995233995051962,0.025701930775859652,0.014367816091953811,0.25016535700374126,3.2375000000000003,0.09601432184835755,1.999371575773358,0.029656933389454066,0.014478764478764505,0.2502076206176126,3.2875,0.11388041973930368,1.9991257113936787,0.034640431859864235,0.018060836501901267,0.25031854986376384
G1,29/11/2020,Lamia,PAOK,A,9.0,4.5,1.36,8.5,4.4,1.36,8.25,3.95,1.43,9.5,4.0,1.4,2020/21,€9.35m,€93.65m,9.23,4.26,1.4,9.0,4.2,1.4,8.8125,0.480071609241788,1.9978684580433326,0.054476210977791546,0.03014184397163122,0.25072306857736887,4.2125,0.2407670035532278,1.9976442832390306,0.05715537176337752,0.030415430267062282,0.250813023483271,1.3875,0.029474565306378913,1.9996752831263023,0.02124292995054336,0.011261261261261257,0.25011114760160713
G1,29/11/2020,Asteras Tripolis,AEK,A,4.0,3.3,1.95,3.8,3.3,1.95,3.9,3.15,2.0,3.7,3.2,2.05,2020/21,€10.45m,€40.15m,4.03,3.26,2.01,4.6,3.5,1.8,3.85,0.11180339887498944,1.9993915382906833,0.02903984386363362,0.016233766233766156,0.2502111699777606,3.2375000000000003,0.06495190528383282,1.9997092184363199,0.020062364566434846,0.010617760617760874,0.25010152293047283,1.9874999999999998,0.041457809879442455,1.9996871750573666,0.02085927541104023,0.011006289308176154,0.2501066250150353
G1,30/11/2020,Apollon,Volos NFC,D,2.3,3.25,3.1,2.3,2.8,3.5,2.35,2.7,3.45,2.3,2.8,3.6,2020/21,€7.40m,€10.85m,2.36,2.79,3.6,2.0,3.25,3.8,2.3125,0.02165063509461108,1.9999369958421673,0.009362436797669656,0.004054054054054124,0.25002144756784583,2.8875,0.21323402636539976,1.9961577676752418,0.0738472818581471,0.03571428571428581,0.25118242886735387,3.4124999999999996,0.18833148966649205,1.9977653092287389,0.055188714920583755,0.028388278388278287,0.2508431015123187
G1,05/12/2020,Atromitos,Aris,D,2.5,3.0,3.0,2.45,2.9,3.1,2.55,2.8,3.0,2.55,2.9,3.0,2020/21,€12.15m,€18.33m,2.61,2.95,3.06,2.75,3.0,2.7,2.5125,0.04145780987944235,1.9998030507238345,0.016500620847539244,0.008706467661691475,0.2500692116587238,2.9000000000000004,0.07071067811865482,1.9995710519959546,0.024382992454708555,0.012931034482758452,0.2501488979428904,3.025,0.04330127018922197,1.999852995731125,0.01431446948404032,0.006198347107437829,0.25004957366646835
G1,05/12/2020,Olympiakos,Volos NFC,H,1.16,7.5,13.0,1.15,7.5,13.0,1.2,6.75,14.0,1.17,6.5,17.0,2020/21,€113.70m,€10.85m,1.16,7.6,15.08,1.16,7.5,13.0,1.17,0.018708286933869722,1.999816226084084,0.015989988832367286,0.008547008547008517,0.25006256319696063,7.0625,0.44633927678392815,1.9971096618258677,0.0631984816685208,0.0331858407079646,0.25101505616443304,14.25,1.6393596310755,1.9907624723799942,0.11504278112810527,0.05701754385964919,0.2527085671094338
G1,06/12/2020,OFI Crete,Apollon,A,1.75,3.6,4.5,1.8,3.6,4.0,1.85,3.3,4.3,1.83,3.4,4.33,2020/21,€14.20m,€7.40m,1.85,3.5,4.43,2.1,3.3,3.5,1.8075,0.03766629793329844,1.9996856647360466,0.020838892355905084,0.011410788381742698,0.2501108469690504,3.4749999999999996,0.1299038105676659,1.9989889673624501,0.03738239153026357,0.019784172661870603,0.2503553778297375,4.2825,0.1800520758003084,1.9987148130497339,0.042043683782909146,0.02232924693520144,0.25046380159534276
G1,06/12/2020,Giannina,Lamia,H,1.8,3.4,4.75,1.72,3.5,4.75,1.83,3.1,4.9,1.8,3.2,5.0,2020/21,€8.35m,€9.35m,1.81,3.29,5.06,1.9,3.25,4.2,1.7875,0.040850336595920515,1.9996207982483765,0.02285333515855693,0.011538461538461497,0.25013577885949445,3.3000000000000003,0.1581138830084189,1.998343151043465,0.04791329788133905,0.02651515151515138,0.25057534943510096,4.85,0.10606601717798217,1.9996557564045432,0.02186928189236746,0.011597938144329856,0.25011799070322055
G1,06/12/2020,PAOK,Asteras Tripolis,H,1.28,5.5,10.0,1.28,5.5,8.5,1.35,4.8,9.0,1.3,4.8,11.0,2020/21,€93.65m,€10.45m,1.28,5.44,11.16,1.28,5.5,10.0,1.3025000000000002,0.02861380785564902,1.9996541087361641,0.021968374553281392,0.011036468330134497,0.2501160637718052,5.15,0.3500000000000001,1.996665728363104,0.0679611650485437,0.03398058252427183,0.2511546799886888,9.625,0.960143218483576,1.9928699714093796,0.09975513958270919,0.05519480519480524,0.25238938427757107
G1,06/12/2020,AEK,Panathinaikos,A,1.85,3.4,4.2,1.83,3.5,4.1,1.95,3.3,4.4,1.91,3.3,4.2,2020/21,€40.15m,€28.60m,1.89,3.57,4.11,1.95,3.3,3.75,1.885,0.04769696007084722,1.9995388061897523,0.02530342709328765,0.01392572944297088,0.2501586733515637,3.375,0.08291561975888508,1.9995663076193992,0.024567591039669653,0.012962962962963065,0.2501473995636872,4.225,0.10897247358851707,1.9995227089283478,0.02579230144106913,0.013313609467455523,0.2501610715569173
G1,07/12/2020,Panetolikos,Larisa,H,2.45,3.0,3.1,2.5,2.65,3.3,2.55,2.6,3.6,2.5,2.8,3.2,2020/21,€9.78m,€11.75m,2.54,2.72,3.47,2.45,3.0,3.2,2.5,0.03535533905932725,1.9998557208764052,0.0141421356237309,0.00749999999999984,0.2500500300100029,2.7624999999999997,0.15562374497485915,1.9977307910343125,0.056334387321215984,0.030542986425339258,0.250752630485792,3.3000000000000003,0.18708286933869706,1.9977093344134131,0.05669177858748395,0.030303030303030276,0.25074813545517366
G1,09/12/2020,Asteras Tripolis,Volos NFC,D,1.7,3.3,5.5,1.67,3.25,5.75,1.75,3.15,5.5,1.73,3.4,5.0,2020/21,€10.45m,€10.85m,1.74,3.29,5.73,1.8,3.4,4.75,1.7125,0.03031088913245538,1.9997737487407548,0.0176997892744265,0.009854014598539962,0.2500788776427215,3.275,0.09013878188659971,1.9994534285984225,0.027523292179114416,0.015267175572518887,0.2501897500899515,5.4375,0.2724311839712921,1.9981678854222962,0.050102286707364066,0.02586206896551735,0.25067404642677854
G1,12/12/2020,Larisa,OFI Crete,A,2.62,3.2,2.8,2.6,2.85,2.9,2.7,2.7,2.9,2.7,3.0,2.75,2020/21,€11.75m,€14.20m,2.85,2.79,2.94,2.4,3.2,3.0,2.6550000000000002,0.045552167895721536,1.9997875609758498,0.017157125384452555,0.008945386064030059,0.2500737783684225,2.9375,0.18498310733685927,1.9971463437533883,0.06297297271042018,0.03510638297872348,0.25097855553200543,2.8375,0.06495190528383288,1.9996213713707367,0.022890539307077667,0.012114537444933848,0.25013233603682866
G1,12/12/2020,Panathinaikos,Giannina,H,1.55,4.0,6.0,1.55,3.9,5.5,1.57,3.65,6.25,1.57,3.8,5.8,2020/21,€28.60m,€8.35m,1.54,4.16,5.95,1.7,3.75,4.75,1.56,0.010000000000000009,1.9999703586266966,0.006410256410256416,0.0032051282051281937,0.2500102728468113,3.8375,0.12930100540985756,1.999178544125234,0.033694073070972656,0.018729641693811194,0.2502892236133452,5.8875,0.2747157621979489,1.998425561760779,0.046660851328738664,0.026008492569002062,0.25055304646798404
G1,13/12/2020,Lamia,Olympiakos,A,17.0,5.5,1.2,13.5,5.5,1.22,14.0,5.25,1.25,15.0,5.0,1.24,2020/21,€9.35m,€113.70m,14.63,5.48,1.23,15.0,5.25,1.25,14.875,1.340475661845451,1.994243352830686,0.09011601088036646,0.04831932773109249,0.2518298821599774,5.3125,0.2072890493972125,1.9988942420654394,0.039019115180651764,0.020588235294117574,0.2503964325682371,1.2275,0.01920286436967154,1.999823196541928,0.015643881360221212,0.00865580448065173,0.25006174109748647
G1,13/12/2020,Apollon,AEK,A,7.0,3.75,1.53,5.75,3.6,1.6,7.0,3.55,1.55,7.0,3.6,1.53,2020/21,€7.40m,€40.15m,6.91,3.7,1.56,8.5,4.33,1.4,6.6875,0.5412658773652742,1.9951142906801187,0.0809369536247139,0.035046728971962704,0.25199277287703264,3.625,0.07500000000000004,1.9996930642228088,0.020689655172413803,0.010344827586206806,0.25010323777953686,1.5525,0.02861380785564902,1.9997562893582652,0.018430794109918852,0.009259259259259522,0.2500821967891157
G1,13/12/2020,Volos NFC,Panetolikos,D,2.15,3.0,3.75,2.3,2.75,3.5,2.25,2.85,3.6,2.2,3.1,3.4,2020/21,€10.85m,€9.78m,2.25,2.94,3.76,2.05,3.0,4.0,2.2249999999999996,0.05590169943749469,1.9995445827321883,0.025124359297750427,0.014044943820224587,0.25015799981763215,2.925,0.13462912017836262,1.998471035687063,0.04602704963362825,0.02564102564102555,0.25053122894410934,3.5625,0.12930100540985756,1.9990521922724256,0.03629501906241616,0.020175438596491402,0.25032445100561346
G1,13/12/2020,Aris,PAOK,H,3.2,3.25,2.25,3.1,3.2,2.25,3.2,2.95,2.35,3.2,3.1,2.3,2020/21,€18.33m,€93.65m,3.24,3.15,2.36,4.0,3.2,2.0,3.175,0.043301270189221974,1.9998651149454483,0.013638195335188024,0.0059055118110236116,0.25004800000000005,3.125,0.11456439237389596,1.9990242086493493,0.0366606055596467,0.020000000000000018,0.2503493669073463,2.2875,0.04145780987944252,1.9997637471521175,0.01812363273418252,0.0095628415300546,0.25008069753274725
G1,14/12/2020,Asteras Tripolis,Atromitos,H,2.2,3.0,3.6,2.2,2.9,3.6,2.25,2.85,3.5,2.2,3.0,3.5,2020/21,€10.45m,€12.15m,2.31,2.93,3.62,2.3,3.0,3.5,2.2125000000000004,0.021650635094610887,1.9999311828798416,0.009785597782874975,0.004237288135593209,0.25002340750912894,2.9375,0.06495190528383288,1.999646733808354,0.022111286905134597,0.011702127659574346,0.25012343478384325,3.55,0.050000000000000044,1.999856899152611,0.014084507042253534,0.007042253521126751,0.2500495933346558
G1,16/12/2020,AEK,Olympiakos,D,4.0,3.1,2.05,3.9,3.0,2.05,3.85,3.0,2.1,4.0,2.9,2.1,2020/21,€40.15m,€113.70m,3.95,3.04,2.13,3.5,3.2,2.15,3.9375,0.06495190528383288,1.9998034727150857,0.016495721976846445,0.0087301587301587,0.25006852301641735,3.0,0.07071067811865482,1.99959917713182,0.023570226039551608,0.012499999999999956,0.25013912058487187,2.0749999999999997,0.025000000000000133,1.9998952874186193,0.012048192771084404,0.0060240963855420215,0.2500362897372623
G1,19/12/2020,Panetolikos,Apollon,A,2.3,3.1,3.2,2.3,2.85,3.4,2.45,2.85,3.3,2.45,2.9,3.2,2020/21,€9.78m,€7.40m,2.48,2.83,3.42,3.25,3.1,2.3,2.375,0.07500000000000018,1.999280531064971,0.03157894736842113,0.015789473684210575,0.25024930747922436,2.925,0.10307764064044153,1.9991145889160287,0.035240219022373176,0.017094017094017033,0.2502893289032139,3.2750000000000004,0.08291561975888487,1.9995394706875227,0.025317746491262554,0.013358778625954137,0.2501564306067181
G1,19/12/2020,OFI Crete,Aris,A,2.9,3.1,2.5,2.75,3.1,2.55,2.85,3.1,2.5,2.9,3.1,2.5,2020/21,€14.20m,€18.33m,2.96,3.22,2.49,3.1,3.1,2.37,2.85,0.061237243569579415,1.9996649681733165,0.021486752129676986,0.010964912280701844,0.25011963496076556,3.1,0.0,2.0,0.0,0.0,0.25,2.5125,0.02165063509461089,1.9999466120408445,0.008617168196860056,0.003731343283582156,0.2500181999077871
G1,20/12/2020,Olympiakos,Larisa,H,1.16,7.5,13.0,1.17,7.25,11.5,1.17,7.0,16.0,1.14,7.0,19.0,2020/21,€113.70m,€11.75m,1.13,8.4,19.35,1.08,11.0,19.0,1.16,0.012247448713915901,1.999919354110125,0.01055814544303095,0.0053879310344828735,0.25002835856694705,7.1875,0.2072890493972125,1.9994027260558451,0.028840215568307823,0.01521739130434785,0.2502023351281594,14.875,2.8804296554507283,1.973182442536213,0.19364232977820023,0.1071428571428572,0.2589035944711375
G1,20/12/2020,PAOK,Panathinaikos,H,1.6,3.75,6.0,1.62,3.7,5.25,1.67,3.65,6.0,1.6,3.7,5.8,2020/21,€93.65m,€28.60m,1.62,3.92,5.45,1.66,3.4,5.75,1.6225,0.028613807855648928,1.9997768133389968,0.017635628878674224,0.008859784283513195,0.25007536163125915,3.7,0.03535533905932741,1.9999341335393659,0.009555497043061462,0.0050675675675675436,0.25002283313468454,5.7625,0.3069507289452169,1.9979172620436854,0.053266937777911826,0.026572668112798237,0.2507870906016376
G1,21/12/2020,Giannina,Asteras Tripolis,D,2.5,2.9,3.1,2.55,2.75,3.1,2.5,2.8,3.2,2.55,2.88,3.0,2020/21,€8.35m,€10.45m,2.58,2.74,3.37,2.4,2.75,3.5,2.525,0.02499999999999991,1.999929285432166,0.009900990099009866,0.004950495049504955,0.25002450740123516,2.8325000000000005,0.06057020719792856,1.9996696316302123,0.021384009602093045,0.011694616063548047,0.2501153731618253,3.0999999999999996,0.07071067811865482,1.9996246239978281,0.02280989616730801,0.012096774193548487,0.2501302760443017
G1,21/12/2020,AEK,Volos NFC,D,1.33,5.0,8.5,1.3,5.25,8.25,1.35,4.8,8.75,1.32,4.8,9.5,2020/21,€40.15m,€10.85m,1.29,5.46,10.16,1.3,5.5,9.0,1.3250000000000002,0.018027756377319962,1.9998664570495515,0.013605853869675442,0.007547169811320753,0.2500463017214448,4.9625,0.18498310733685935,1.9990047727830653,0.03727619291422858,0.01952141057934509,0.2503328373404339,8.75,0.46770717334674267,1.9979623480501765,0.05345224838248488,0.02857142857142847,0.250667561948296
G1,03/01/2021,Panathinaikos,Asteras Tripolis,D,1.83,3.6,4.33,1.83,3.4,4.25,1.85,3.4,4.3,1.85,3.3,4.4,2020/21,€28.60m,€10.45m,1.85,3.51,4.4,2.25,3.1,3.4,1.8399999999999999,0.010000000000000009,1.9999786935529436,0.005434782608695657,0.0027173913043476716,0.250007384215501,3.4250000000000003,0.10897247358851693,1.9992745705826054,0.03181678060978596,0.01642335766423364,0.2502433928724234,4.32,0.05431390245600123,1.9998860904524487,0.012572662605555838,0.00694444444444442,0.2500392830144816
G1,03/01/2021,Panetolikos,OFI Crete,H,2.9,2.9,2.7,3.0,2.7,2.65,2.95,2.9,2.55,2.88,3.0,2.55,2020/21,€9.78m,€14.20m,2.98,2.97,2.65,3.3,3.0,2.4,2.9325,0.04656984002549296,1.999818388205835,0.015880593359076885,0.008738277919863702,0.2500624115542869,2.875,0.10897247358851675,1.9989545888220415,0.03790346907426669,0.019565217391304346,0.2503786920903551,2.6125,0.06495190528383303,1.9995548541394026,0.02486197331438585,0.013157894736842035,0.25015296393679465
G1,03/01/2021,Giannina,Apollon,A,1.9,3.25,4.2,1.9,3.1,4.33,2.0,3.1,4.1,2.0,3.1,4.0,2020/21,€8.35m,€7.40m,2.0,3.13,4.33,1.95,3.2,4.0,1.95,0.050000000000000044,1.999525689293649,0.025641025641025664,0.012820512820512775,0.25016436554898097,3.1374999999999997,0.06495190528383286,1.9996932687762368,0.020701802480902906,0.008964143426294813,0.25010219685385104,4.157500000000001,0.12214233500306117,1.999378174211162,0.02937879374697803,0.016386049308478867,0.25021423118208036
G1,03/01/2021,Larisa,PAOK,D,9.0,4.2,1.4,7.5,4.0,1.44,8.0,4.3,1.43,8.5,4.2,1.4,2020/21,€11.75m,€93.65m,9.27,4.16,1.41,11.0,4.33,1.36,8.25,0.5590169943749475,1.9966838578229202,0.06775963568181181,0.037878787878787845,0.2511580387067327,4.175,0.1089724735885168,1.9995056591740485,0.02610119127868666,0.013473053892215647,0.25017650807776176,1.4175,0.01785357107135714,1.999885619630777,0.012595111866918618,0.006613756613756738,0.25003954683167695
G1,03/01/2021,Olympiakos,AEK,H,1.55,4.0,6.0,1.5,4.2,5.75,1.6,3.75,6.0,1.53,3.8,6.5,2020/21,€113.70m,€40.15m,1.55,4.06,6.06,1.75,3.5,4.75,1.545,0.03640054944640263,1.9996006953706487,0.023560226178901376,0.012944983818770295,0.25013653392743496,3.9375,0.1780975856096877,1.9985324504085222,0.045231132853254016,0.024603174603174516,0.25049447109427025,6.0625,0.2724311839712921,1.9985565772840843,0.0449371025107286,0.02319587628865971,0.25047846005533936
G1,04/01/2021,Volos NFC,Atromitos,H,2.75,3.2,2.6,2.75,2.7,2.85,2.75,2.9,2.75,2.8,2.8,2.8,2020/21,€10.85m,€12.15m,2.77,2.98,2.84,2.45,3.0,3.0,2.7625,0.02165063509461089,1.9999558247000528,0.00783733397089987,0.0033936651583710287,0.2500150817430473,2.9,0.1870828693386971,1.9970383293109677,0.06451133425472315,0.034482758620689724,0.2509602363734808,2.75,0.0935414346693485,1.9991585497527997,0.034015067152490364,0.0181818181818183,0.25030382795640643
G1,04/01/2021,Lamia,Aris,H,5.25,3.75,1.65,4.75,3.5,1.72,5.25,3.65,1.67,5.25,3.5,1.7,2020/21,€9.35m,€18.33m,5.47,3.76,1.65,5.25,3.6,1.7,5.125,0.21650635094610965,1.9986907803438154,0.04224514164802139,0.018292682926829285,0.2504930966469428,3.6,0.10606601717798211,1.9993756370057583,0.029462782549439476,0.015625000000000222,0.2502132163999471,1.685,0.026925824035672542,1.9998157913511518,0.015979717528589045,0.008902077151335508,0.25006386111254425
G1,06/01/2021,Apollon,Panathinaikos,A,3.4,3.5,2.1,3.3,3.4,2.05,3.35,3.3,2.15,3.4,3.25,2.15,2020/21,€7.40m,€28.60m,3.32,3.47,2.17,3.1,3.3,2.25,3.3625,0.04145780987944252,1.9998901170236323,0.012329460187194802,0.006505576208178487,0.2500384773394222,3.3625,0.09601432184835762,1.9994132766247352,0.02855444515936286,0.01579925650557601,0.25020088178268146,2.1125000000000003,0.04145780987944252,1.9997212537352627,0.019624998759499412,0.010355029585798814,0.2500982215729445
G1,06/01/2021,AEK,Panetolikos,H,1.18,6.5,17.0,1.2,5.75,14.0,1.2,6.25,16.0,1.17,6.0,19.0,2020/21,€40.15m,€9.78m,1.17,6.9,16.21,1.25,5.25,15.0,1.1875,0.01299038105676659,1.999913608561468,0.01093926825832976,0.0057894736842105665,0.25003005991040694,6.125,0.2795084971874737,1.998496962251376,0.04563404035713857,0.025510204081632626,0.2505227052540175,16.5,1.8027756377319946,1.9913568471540546,0.10925912955951482,0.06060606060606055,0.2530773004533984
G1,06/01/2021,Larisa,Giannina,D,2.5,3.2,2.87,2.5,3.2,2.75,2.5,3.2,2.75,2.5,3.25,2.75,2020/21,€11.75m,€8.35m,2.56,3.49,2.69,2.62,3.2,2.7,2.5,0.0,2.0,0.0,0.0,0.25,3.2125000000000004,0.02165063509461089,1.9999673202178099,0.006739497305715452,0.0029182879377431803,0.250011180513111,2.7800000000000002,0.05196152422706637,1.9997497688603416,0.018691195765131785,0.008093525179856176,0.25008368875223164
G1,06/01/2021,Asteras Tripolis,Olympiakos,A,7.5,4.2,1.4,7.5,4.33,1.4,6.75,4.2,1.47,7.5,4.2,1.44,2020/21,€10.45m,€113.70m,7.04,4.33,1.46,6.5,3.6,1.5,7.3125,0.3247595264191645,1.9985517609237435,0.04441155916843275,0.019230769230769162,0.25054784514243966,4.2325,0.05629165124598847,1.9998730480693059,0.013299858534196922,0.005759007678676875,0.2500428939671285,1.4275,0.029474565306379014,1.9996932056899368,0.02064768147557199,0.010945709281961591,0.25010504835291336
G1,07/01/2021,Aris,Volos NFC,H,1.45,4.2,6.5,1.48,4.25,6.0,1.5,4.2,6.25,1.47,4.0,7.0,2020/21,€18.33m,€10.85m,1.47,4.34,6.83,1.53,4.0,6.5,1.4749999999999999,0.018027756377319962,1.9998922384346651,0.012222207713437263,0.006779661016949268,0.25003735985442965,4.1625,0.09601432184835763,1.9996131893249396,0.02306650374735319,0.011261261261261257,0.2501393803819261,6.4375,0.369754986443726,1.9976376606690711,0.057437667797083654,0.031553398058252524,0.25079017010339666
G1,07/01/2021,OFI Crete,Lamia,H,1.57,3.75,5.75,1.6,3.7,5.5,1.6,3.95,5.25,1.6,3.8,5.5,2020/21,€14.20m,€9.35m,1.6,4.04,5.47,1.8,3.4,5.0,1.5924999999999998,0.01299038105676659,1.999951849349049,0.008157225153385616,0.003532182103610504,0.25001695294114695,3.8,0.09354143466934856,1.999565273405964,0.024616167018249622,0.013157894736842257,0.250146630771932,5.5,0.1767766952966369,1.999254549458816,0.03214121732666125,0.017045454545454586,0.2502590662493088
G1,07/01/2021,Atromitos,PAOK,H,5.25,3.6,1.65,5.0,3.4,1.7,4.9,3.65,1.7,5.0,3.5,1.7,2020/21,€12.15m,€93.65m,5.14,3.67,1.7,8.0,4.33,1.44,5.0375,0.1293010054098574,1.999527884525044,0.02566769338160941,0.013027295285359619,0.25015833176956276,3.5375,0.09601432184835762,1.9994671569899796,0.027141857766320176,0.015017667844522853,0.25018718885776375,1.6875,0.021650635094610984,1.999880665596286,0.012830005981991695,0.005555555555555536,0.25004239923116056
G1,09/01/2021,Panetolikos,Olympiakos,A,9.0,5.5,1.3,9.0,5.25,1.28,9.5,5.25,1.33,11.0,4.8,1.3,2020/21,€9.78m,€113.70m,10.26,5.3,1.3,13.0,5.75,1.22,9.625,0.81967981553775,1.9948979898199415,0.08516153927664935,0.04220779220779214,0.2515576336561888,5.2,0.252487623459052,1.9982822006727525,0.048555312203663846,0.02524038461538458,0.25062677746999074,1.3025,0.01785357107135714,1.9998647152361737,0.013707156292788592,0.007197696737044179,0.25004646842799433
G1,10/01/2021,PAOK,Volos NFC,H,1.14,7.5,17.0,1.13,7.25,17.0,1.17,7.0,16.0,1.14,7.0,19.0,2020/21,€93.65m,€10.85m,1.13,8.14,19.26,1.18,7.0,17.0,1.1449999999999998,0.015000000000000012,1.9998766741804908,0.01310043668122272,0.0065502183406114245,0.2500419318417822,7.1875,0.2072890493972125,1.9994027260558451,0.028840215568307823,0.01521739130434785,0.2502023351281594,17.25,1.0897247358851685,1.9971569298515073,0.06317244845711122,0.032608695652173836,0.25092782037701533
G1,10/01/2021,Apollon,Asteras Tripolis,A,2.7,2.8,2.9,2.7,2.75,2.9,2.75,2.8,2.8,2.62,2.9,2.88,2020/21,€7.40m,€10.45m,2.9,2.83,2.85,3.2,2.8,2.5,2.6925,0.046569840025492866,1.9997835966393174,0.01729613371420348,0.009052924791086214,0.2500760780738062,2.8125,0.0544862367942584,1.9997303768538945,0.019372884193514097,0.010000000000000009,0.2500915703827746,2.87,0.041231056256176644,1.9998503784451664,0.01436622169204761,0.006968641114982521,0.25005315969739167
G1,10/01/2021,Atromitos,OFI Crete,D,2.0,3.1,4.33,2.05,2.9,4.0,2.1,2.95,4.0,2.05,3.0,4.0,2020/21,€12.15m,€14.20m,2.09,3.01,4.16,2.45,2.9,3.25,2.05,0.03535533905932741,1.9997854196736613,0.017246506858208496,0.009146341463414753,0.2500744268864173,2.9875,0.07395099728874524,1.9995595083562916,0.024753471895814307,0.013598326359832491,0.25015012036084916,4.0825,0.1428941916244324,1.9991277652699977,0.03500163909967726,0.015156154317207626,0.25028294523559025
G1,10/01/2021,Panathinaikos,Larisa,H,1.5,4.0,6.5,1.57,3.9,5.5,1.6,3.65,6.25,1.55,3.7,6.5,2020/21,€28.60m,€11.75m,1.52,4.01,6.18,1.57,3.75,5.5,1.5550000000000002,0.03640054944640263,1.9996035046163705,0.023408713470355384,0.012861736334405238,0.2501395906506861,3.8125000000000004,0.14306903927824494,1.998985555345239,0.037526305384457684,0.020491803278688492,0.25034897709765963,6.1875,0.409839907768875,1.996763027173292,0.06623675277072727,0.03282828282828287,0.2512543390896054
G1,11/01/2021,Giannina,Aris,D,3.2,3.1,2.3,3.3,3.1,2.2,3.35,3.05,2.25,3.4,3.0,2.25,2020/21,€8.35m,€18.33m,3.41,3.13,2.23,3.0,3.0,2.55,3.3125,0.07395099728874512,1.9996392632492341,0.022324829370187205,0.01226415094339628,0.25012717851952215,3.0625,0.04145780987944255,1.999867507101266,0.013537244042266956,0.0071428571428571175,0.25004644235873763,2.25,0.03535533905932725,1.999821874838928,0.015713484026367668,0.008333333333333304,0.2500617741386221
G1,11/01/2021,Lamia,AEK,A,8.5,4.75,1.36,6.75,4.5,1.4,7.5,4.7,1.4,8.5,4.4,1.38,2020/21,€9.35m,€40.15m,8.78,4.55,1.38,6.5,4.2,1.5,7.8125,0.7368641326594747,1.9934950556085487,0.09431860898041276,0.050000000000000044,0.25240794087285895,4.5875,0.14306903927824488,1.9992972992767528,0.031186711559290436,0.017029972752043765,0.25024536266451636,1.3849999999999998,0.01658312395177693,1.9998963787025743,0.011973374694423777,0.006317689530685788,0.25003627372276194
G1,13/01/2021,PAOK,Olympiakos,D,3.2,3.1,2.3,3.3,2.8,2.4,3.2,2.95,2.4,3.3,2.88,2.38,2020/21,€93.65m,€113.70m,3.26,2.99,2.44,3.0,3.1,2.4,3.25,0.04999999999999982,1.9998292601233938,0.01538461538461533,0.007692307692307887,0.2500591715976332,2.9325,0.11031205736455114,1.998984145131232,0.03761706986003449,0.02067348678601877,0.25034394459677134,2.3699999999999997,0.041231056256176644,1.9997803530368816,0.017397070150285507,0.008438818565400963,0.25007845474480866
G1,14/01/2021,Aris,AEK,A,2.87,3.1,2.5,2.9,2.85,2.6,2.95,2.95,2.55,2.9,2.88,2.62,2020/21,€18.33m,€40.15m,3.0,3.01,2.61,3.2,2.9,2.4,2.9050000000000002,0.02872281323269019,1.9999295963321544,0.009887371164437242,0.005163511187607606,0.2500242028026569,2.9450000000000003,0.09656603957913985,1.9992302629783687,0.03278982668222066,0.017402376910016892,0.25025689280245417,2.5675,0.04656984002549296,1.9997621845706381,0.01813820448899434,0.009980525803310547,0.2500832846335599
G1,14/01/2021,Atromitos,Lamia,H,1.57,3.6,6.5,1.62,3.6,5.5,1.6,3.9,5.5,1.62,3.7,5.5,2020/21,€12.15m,€9.35m,1.59,4.06,5.5,2.0,3.1,4.2,1.6025,0.020463381929681144,1.9998820229173653,0.012769661110565456,0.006630265210608277,0.2500415011001774,3.7,0.12247448713915883,1.9992164658468867,0.0331012127403132,0.016891891891891886,0.25025997501050723,5.75,0.4330127018922193,1.9960193527773387,0.07530655685082074,0.032608695652173836,0.2511999999999999
G1,16/01/2021,Asteras Tripolis,Panetolikos,H,1.72,3.5,5.0,1.7,3.4,5.0,1.7,3.5,5.25,1.73,3.4,5.0,2020/21,€10.45m,€9.78m,1.69,3.59,5.36,1.75,3.4,5.0,1.7125000000000001,0.012990381056766592,1.9999585143782062,0.007585623974754214,0.004014598540145853,0.2500143394425529,3.45,0.050000000000000044,1.9998484829291057,0.014492753623188418,0.007246376811594457,0.25005250997689565,5.0625,0.10825317547305482,1.9996728229883816,0.021383343303319473,0.0092592592592593,0.2501088692117869
G1,16/01/2021,Larisa,Apollon,A,2.45,2.75,3.4,2.65,2.7,3.0,2.5,2.75,3.2,2.55,2.75,3.2,2020/21,€11.75m,€7.40m,2.62,2.73,3.32,2.55,2.75,3.2,2.5374999999999996,0.0739509972887451,1.9993897675163228,0.02914325016305226,0.016009852216748666,0.2502073990172128,2.7375,0.02165063509461089,1.9999547406587257,0.007908907797118133,0.003424657534246478,0.25001592728662736,3.2,0.14142135623730948,1.9985901994471325,0.04419417382415921,0.0234375,0.25049115161170493
G1,17/01/2021,Olympiakos,Giannina,H,1.2,6.0,15.0,1.18,6.25,14.5,1.22,6.0,13.0,1.18,6.5,15.0,2020/21,€113.70m,€8.35m,1.16,7.24,16.03,1.2,6.0,15.0,1.1949999999999998,0.016583123951777013,1.9998613973006465,0.013877091173035159,0.007322175732217495,0.25004750130416625,6.1875,0.2072890493972125,1.999194625628579,0.033501260508640406,0.017676767676767735,0.25027187494506,14.375,0.81967981553775,1.9976090312323829,0.05702120455914783,0.02826086956521734,0.2509115645057979
G1,17/01/2021,OFI Crete,PAOK,A,6.0,4.0,1.53,6.0,3.9,1.53,6.0,3.75,1.57,6.5,3.6,1.57,2020/21,€14.20m,€93.65m,6.27,3.82,1.57,5.75,4.0,1.6,6.125,0.21650635094610965,1.9991105306091712,0.03534797566467096,0.015306122448979664,0.2502883506343713,3.8125,0.15155444566227672,1.9988568339148982,0.03975198574748242,0.022131147540983553,0.25040199739328073,1.55,0.020000000000000018,1.9998798971840406,0.012903225806451623,0.006451612903225934,0.25004162330905305
G1,17/01/2021,Volos NFC,Lamia,D,1.95,3.4,3.75,2.0,3.4,3.5,2.1,3.3,3.45,2.1,3.25,3.5,2020/21,€10.85m,€9.35m,2.14,3.52,3.33,2.1,3.1,3.75,2.0375,0.06495190528383295,1.9992651245099853,0.0318782357221266,0.016871165644171793,0.25025774561398173,3.3375000000000004,0.06495190528383288,1.999726395603083,0.01946124502886378,0.010299625468164653,0.2500955039932231,3.55,0.1172603939955857,1.9992217262751748,0.03303109690016499,0.015845070422535246,0.2502549804748566
G1,17/01/2021,Aris,Panathinaikos,A,2.2,3.1,3.5,2.2,3.0,3.4,2.25,3.0,3.4,2.25,3.0,3.4,2020/21,€18.33m,€28.60m,2.29,3.12,3.42,2.1,3.1,3.8,2.225,0.02499999999999991,1.9999089303498085,0.011235955056179735,0.005617977528090012,0.25003156167150614,3.025,0.04330127018922197,1.999852995731125,0.01431446948404032,0.006198347107437829,0.25004957366646835,3.4250000000000003,0.043301270189221974,1.9998852552188593,0.012642706624590357,0.005474452554744769,0.25003881786657
G1,17/01/2021,AEK,Atromitos,H,1.5,3.6,6.5,1.5,3.8,6.5,1.53,3.95,6.5,1.52,3.9,6.5,2020/21,€40.15m,€12.15m,1.48,4.23,6.91,1.4,4.0,8.5,1.5125,0.012990381056766592,1.999946821212924,0.008588681690424193,0.004545454545454408,0.2500183747552554,3.8125,0.1340475661845451,1.9991010281787556,0.03516001735988068,0.01885245901639343,0.2503244134074706,6.5,0.0,2.0,0.0,0.0,0.25
G1,23/01/2021,Asteras Tripolis,Larisa,H,1.66,3.6,4.5,1.75,3.25,5.0,1.8,3.35,4.7,1.73,3.4,5.0,2020/21,€10.45m,€11.75m,1.81,3.37,4.88,1.61,3.6,5.0,1.735,0.050249378105604495,1.9993931048913127,0.028962177582480975,0.015850144092218965,0.25021365427304487,3.4,0.12747548783981966,1.9989924114106707,0.03749279054112343,0.020220588235293935,0.2503385478618789,4.8,0.21213203435596423,1.9985839364442974,0.044194173824159216,0.0234375,0.2505030852044854
G1,23/01/2021,Apollon,Aris,A,3.4,3.1,2.1,3.4,3.1,2.15,3.7,3.0,2.15,3.6,3.1,2.15,2020/21,€7.40m,€18.33m,3.9,3.04,2.15,3.5,3.2,2.05,3.5250000000000004,0.1299038105676659,1.9990226447022157,0.03685214484189103,0.019503546099290725,0.2503345377548457,3.075,0.043301270189221974,1.999856174166598,0.014081713882673812,0.0060975609756099836,0.2500512260091524,2.1375,0.02165063509461089,1.999925701357953,0.01012895209104603,0.004385964912280826,0.25002625958474844
G1,23/01/2021,Panathinaikos,OFI Crete,H,1.4,4.33,8.0,1.48,4.0,6.5,1.5,4.0,7.0,1.47,4.0,7.5,2020/21,€28.60m,€14.20m,1.46,4.43,6.74,1.7,3.6,5.0,1.4625,0.03766629793329844,1.9995178422473352,0.025754733629605772,0.0132478632478632,0.2501736381595744,4.0825,0.1428941916244324,1.9991277652699977,0.03500163909967726,0.015156154317207626,0.25028294523559025,7.25,0.5590169943749475,1.9957043713557026,0.07710579232757896,0.0431034482758621,0.25150346171237525
G1,24/01/2021,Atromitos,Olympiakos,A,6.5,4.33,1.4,7.5,3.9,1.45,6.75,4.4,1.45,7.0,4.2,1.44,2020/21,€12.15m,€113.70m,8.16,4.0,1.46,7.5,4.5,1.36,6.9375,0.369754986443726,1.9979649571973985,0.05329801606396051,0.029279279279279313,0.2506821599652061,4.2075,0.1914908614007469,1.9984885844971256,0.04551179118258988,0.024212715389186013,0.25055485763164326,1.4349999999999998,0.020615528128088322,1.9998503784451669,0.014366221692047614,0.006968641114982521,0.2500531596973917
G1,24/01/2021,Giannina,Volos NFC,A,1.9,3.3,3.6,2.05,2.95,3.9,2.05,3.0,4.0,2.05,3.1,3.8,2020/21,€8.35m,€10.85m,2.03,3.08,4.27,1.8,3.4,4.0,2.0125,0.06495190528383286,1.9992389770035577,0.03227423865035173,0.013975155279503326,0.2502809573361082,3.0875,0.134047566184545,1.9986524187486292,0.04341621576827368,0.023279352226720507,0.2504466402528801,3.825,0.14790199457749034,1.998914928353425,0.03866718812483407,0.0212418300653594,0.2503878241251504
G1,24/01/2021,Panetolikos,Lamia,D,2.1,3.0,3.5,2.1,3.1,3.6,2.2,3.0,3.5,2.2,3.0,3.6,2020/21,€9.78m,€9.35m,2.26,3.09,3.53,2.4,3.0,2.9,2.1500000000000004,0.050000000000000044,1.9996098363678072,0.02325581395348839,0.011627906976744207,0.25013520822065977,3.025,0.04330127018922197,1.999852995731125,0.01431446948404032,0.006198347107437829,0.25004957366646835,3.55,0.050000000000000044,1.999856899152611,0.014084507042253534,0.007042253521126751,0.2500495933346558
G1,24/01/2021,PAOK,AEK,D,2.0,3.2,3.6,2.05,3.25,3.5,2.05,3.35,3.6,2.05,3.25,3.6,2020/21,€93.65m,€40.15m,2.02,3.47,3.72,1.8,3.3,4.2,2.0374999999999996,0.02165063509461089,1.9999182133505942,0.010626078574042156,0.004601226993864893,0.25002893406890164,3.2624999999999997,0.0544862367942584,1.999799515901801,0.01670076223578802,0.008620689655172376,0.2500682731744912,3.5749999999999997,0.043301270189221974,1.9998936741990645,0.01211224340957258,0.005244755244755428,0.2500377244605402
G1,26/01/2021,OFI Crete,Asteras Tripolis,A,2.1,3.1,3.8,2.15,3.0,3.5,2.3,3.15,4.0,2.15,3.0,3.7,2020/21,€14.20m,€10.45m,2.12,3.16,3.9,2.0,3.1,4.0,2.175,0.07499999999999991,1.9991506760802742,0.03448275862068962,0.01724137931034475,0.2502802439120463,3.0625,0.06495190528383288,1.9996759884005166,0.02120878539880257,0.011224489795918391,0.2501114744351962,3.75,0.18027756377319945,1.9983316943112428,0.04807401700618652,0.026666666666666616,0.25058120430143216
G1,26/01/2021,Aris,Larisa,H,1.4,4.33,9.0,1.4,4.25,7.5,1.43,4.2,8.0,1.4,4.2,9.0,2020/21,€18.33m,€11.75m,1.4,4.37,9.14,1.4,4.33,8.5,1.4074999999999998,0.012990381056766592,1.9999387705594558,0.009229400395571293,0.00399644760213147,0.2500208487124761,4.245,0.0531507290636732,1.999887248263364,0.012520784231725136,0.0064782096584214965,0.2500385027358081,8.375,0.649519052838329,1.995631593651041,0.07755451377174077,0.04104477611940305,0.2515620301379933
G1,27/01/2021,Volos NFC,Panathinaikos,A,4.2,2.87,2.1,3.9,2.8,2.15,3.75,2.9,2.2,3.9,3.0,2.1,2020/21,€10.85m,€28.60m,4.05,2.91,2.17,4.5,2.9,2.0,3.9375,0.16345871038277535,1.9987673471392864,0.04151332327181596,0.021428571428571352,0.2504098592199018,2.8925,0.07189401922274208,1.9995553652236455,0.024855322116764764,0.013612791702679372,0.2501524395070605,2.1375,0.04145780987944252,1.9997294787125228,0.019395466610265505,0.010233918128654818,0.2500923110115052
G1,27/01/2021,AEK,Giannina,A,1.28,5.25,9.0,1.28,5.0,10.0,1.27,5.0,10.0,1.32,4.8,10.0,2020/21,€40.15m,€8.35m,1.28,5.39,11.12,1.4,4.5,8.0,1.2875,0.019202864369671536,1.9998403133805207,0.01491484611236624,0.00728155339805836,0.25005401079352213,5.0125,0.15958931668504636,1.9992703531902851,0.03183826766783967,0.016832917705735584,0.2502504214409616,9.75,0.4330127018922193,1.998551760923744,0.04441155916843275,0.019230769230769162,0.2505478451424397
G1,27/01/2021,Lamia,Apollon,H,2.2,3.3,3.1,2.25,3.2,3.1,2.3,3.15,3.1,2.3,3.1,3.2,2020/21,€9.35m,€7.40m,2.34,3.3,3.14,2.5,3.1,3.0,2.2625,0.04145780987944235,1.9997570444747985,0.018323893869366784,0.00966850828729271,0.2500855135459191,3.1875,0.07395099728874512,1.9996129729289014,0.023200312874900427,0.012745098039215863,0.25013202978308513,3.125,0.043301270189221974,1.9998622297342519,0.013856406460551031,0.006000000000000005,0.25004650009300017
G1,27/01/2021,Olympiakos,PAOK,H,1.83,3.4,4.5,1.83,3.5,4.0,1.9,3.7,4.9,1.88,3.5,4.0,2020/21,€113.70m,€93.65m,1.83,3.81,4.09,1.95,3.5,4.0,1.8599999999999999,0.030822070014844802,1.999802076551263,0.016571005384325165,0.008736559139784994,0.2500683110819281,3.5250000000000004,0.10897247358851693,1.9993150239099258,0.030914176904543806,0.015957446808510634,0.2502300179836059,4.35,0.3774917217635376,1.9946192470701678,0.0867797061525374,0.04597701149425282,0.2517741865409018
G1,28/01/2021,Panetolikos,Atromitos,D,3.25,2.8,2.4,2.95,2.85,2.55,3.05,2.85,2.55,3.0,3.0,2.5,2020/21,€9.78m,€12.15m,3.17,2.85,2.61,3.0,3.0,2.6,3.0625,0.1138804197393037,1.9990123835452427,0.0371854431801808,0.019387755102040938,0.250325769383254,2.875,0.07500000000000004,1.9995127770899512,0.026086956521739143,0.01304347826086949,0.2501626400263789,2.5,0.061237243569579415,1.9995642177525037,0.024494897427831765,0.012499999999999956,0.2501562799411555
G1,30/01/2021,Larisa,Volos NFC,D,2.45,3.0,3.1,2.5,2.7,3.25,2.5,2.85,3.1,2.4,3.0,3.1,2020/21,€11.75m,€10.85m,2.58,2.8,3.28,2.55,3.0,3.0,2.4625,0.04145780987944252,1.9997949596912334,0.01683565883429138,0.008883248730964466,0.2500720757902077,2.8874999999999997,0.12437342963832743,1.9986515202158857,0.04307304922539478,0.022727272727272707,0.25048526069940663,3.1374999999999997,0.06495190528383286,1.9996932687762368,0.020701802480902906,0.008964143426294813,0.25010219685385104
G1,30/01/2021,Asteras Tripolis,Aris,H,2.75,3.1,2.62,2.7,3.2,2.5,2.75,3.15,2.55,2.8,3.1,2.55,2020/21,€10.45m,€18.33m,2.83,3.31,2.54,3.2,3.1,2.3,2.75,0.03535533905932725,1.9998807624348158,0.012856486930664456,0.006818181818181834,0.2500413428100992,3.1375,0.04145780987944252,1.9998743202118585,0.013213644583089247,0.006972111553784854,0.25004309505835304,2.5549999999999997,0.042720018726587705,1.9997987075850272,0.01672016388516153,0.008806262230919737,0.25006914118942514
G1,30/01/2021,Panathinaikos,Lamia,D,1.36,4.33,9.5,1.4,4.0,8.5,1.43,4.1,8.5,1.38,4.0,10.0,2020/21,€28.60m,€9.35m,1.35,4.49,10.68,1.57,3.6,7.0,1.3924999999999998,0.025860201081971453,1.9997515694458872,0.018571060022959753,0.01032315978456011,0.2500855055949086,4.1075,0.13479150566708575,1.9992303105412585,0.03281594781913226,0.016585514303103954,0.25025471371119884,9.125,0.649519052838329,1.99635988414458,0.07118017017406346,0.03767123287671237,0.25123300619429123
G1,31/01/2021,OFI Crete,AEK,A,4.75,3.5,1.75,4.25,3.6,1.75,4.3,3.6,1.8,4.6,3.5,1.75,2020/21,€14.20m,€40.15m,4.32,3.7,1.81,4.2,3.4,1.85,4.475,0.20766559657295183,1.9984499079213227,0.04640571990457024,0.025139664804469053,0.25053090563430214,3.55,0.050000000000000044,1.999856899152611,0.014084507042253534,0.007042253521126751,0.2500495933346558,1.7625,0.021650635094610987,1.9998916585608877,0.012284048280630348,0.005319148936170137,0.2500366766101031
G1,31/01/2021,Giannina,Atromitos,A,2.5,3.0,3.0,2.6,2.7,3.1,2.5,2.75,3.2,2.55,2.9,3.0,2020/21,€8.35m,€12.15m,2.58,2.69,3.45,2.4,3.0,3.2,2.5374999999999996,0.04145780987944252,1.9998079528435235,0.016338053154460106,0.008620689655172376,0.25006568995461415,2.8375,0.11924240017711814,1.9987289154204573,0.042023753366385246,0.02312775330396466,0.25043546960360286,3.075,0.08291561975888508,1.9994777463270106,0.026964429189881324,0.014227642276422703,0.2501771736386948
G1,31/01/2021,Apollon,Olympiakos,A,15.0,6.5,1.16,14.0,6.25,1.18,15.0,6.25,1.2,17.0,6.5,1.17,2020/21,€7.40m,€113.70m,17.07,6.13,1.19,8.0,4.5,1.33,15.25,1.0897247358851685,1.9963675821806277,0.07145735973017499,0.03688524590163933,0.25117760855399496,6.375,0.125,1.9997226475394072,0.0196078431372549,0.009803921568627416,0.2500961168781238,1.1775,0.014790199457749054,1.99988639414829,0.012560678945009812,0.006900212314224996,0.25003902760034985
G1,06/02/2021,Atromitos,Panathinaikos,A,3.5,3.3,2.1,3.4,3.0,2.2,3.4,3.1,2.2,3.3,3.1,2.25,2020/21,€12.15m,€28.60m,3.52,3.22,2.2,3.4,3.3,2.15,3.4,0.07071067811865482,1.9996879534788257,0.020797258270192596,0.011029411764705843,0.2501082718981202,3.125,0.10897247358851675,1.9991291242535205,0.03487119154832536,0.018000000000000016,0.25029135037042083,2.1875,0.0544862367942584,1.999549948794469,0.024907993963089556,0.012857142857142678,0.2501604653245629
G1,07/02/2021,PAOK,Apollon,D,1.25,5.5,8.0,1.34,5.0,7.5,1.33,5.5,8.25,1.32,5.25,8.5,2020/21,€93.65m,€7.40m,1.28,5.96,9.22,1.22,5.5,10.0,1.31,0.03535533905932741,1.9994696145506632,0.026988808442234665,0.013358778625954137,0.2501926172685995,5.3125,0.2072890493972125,1.9988942420654394,0.039019115180651764,0.020588235294117574,0.2503964325682371,8.0625,0.369754986443726,1.9984717483721222,0.045861083589919506,0.025193798449612448,0.25054970672119037
G1,07/02/2021,Olympiakos,OFI Crete,H,1.22,6.5,11.0,1.25,6.25,8.5,1.25,6.25,10.0,1.24,5.8,11.0,2020/21,€113.70m,€14.20m,1.22,6.57,10.74,1.2,6.5,13.0,1.24,0.012247448713915901,1.9999294377333143,0.009876974769287018,0.00504032258064524,0.25002478926454336,6.2,0.252487623459052,1.998793725116675,0.04072381023533097,0.021169354838709742,0.25043618941861917,10.125,1.0231690964840563,1.992437392772969,0.10105373792435124,0.05246913580246915,0.2529869589917009
G1,07/02/2021,Volos NFC,Asteras Tripolis,A,2.7,3.25,2.55,2.7,2.95,2.7,2.85,2.95,2.6,2.88,3.0,2.6,2020/21,€10.85m,€10.45m,2.94,3.0,2.67,2.9,3.25,2.37,2.7825,0.08317902379807053,1.9993555917151093,0.029893629397329927,0.01549865229110492,0.2502227980277625,3.0374999999999996,0.12437342963832743,1.9988074690047195,0.04094598506611603,0.01954732510288082,0.2503850465057579,2.6125,0.054486236794258534,1.9996876093820926,0.02085597580641475,0.010765550239234534,0.2501059377828
G1,07/02/2021,AEK,Aris,A,2.0,3.3,3.75,1.95,3.4,3.6,2.0,3.3,3.8,2.0,3.25,3.8,2020/21,€40.15m,€18.33m,1.97,3.43,3.97,2.05,3.3,3.6,1.9875,0.021650635094610984,1.999914037535229,0.010893401305464645,0.004716981132075526,0.25003042719785795,3.3125,0.0544862367942584,1.9998055124423033,0.016448675258644047,0.008490566037735903,0.25006624807513955,3.7375,0.0819679815537749,1.9996505573604377,0.021931232522749138,0.010869565217391353,0.25012550107216547
G1,08/02/2021,Panetolikos,Giannina,A,2.8,3.25,2.5,2.65,3.2,2.55,2.7,3.3,2.5,2.75,3.25,2.5,2020/21,€9.78m,€8.35m,2.75,3.52,2.48,3.2,2.9,2.45,2.7249999999999996,0.05590169943749469,1.9996963931817016,0.020514385114676955,0.011467889908256756,0.2501052950698455,3.25,0.03535533905932725,1.9999146300616968,0.010878565864408385,0.005769230769230749,0.2500295963047226,2.5125,0.02165063509461089,1.9999466120408445,0.008617168196860056,0.003731343283582156,0.2500181999077871
G1,13/02/2021,Asteras Tripolis,Lamia,D,1.9,3.1,4.5,1.91,3.0,4.5,1.95,3.05,4.7,1.95,2.9,4.8,2020/21,€10.45m,€9.35m,1.95,2.98,4.86,1.8,2.9,5.25,1.9275,0.022776083947860768,1.999899249525856,0.011816385965167714,0.006160830090791158,0.25003496706201905,3.0125,0.07395099728874524,1.9995636835775439,0.02454804889252954,0.013485477178423189,0.2501541022828865,4.625,0.12990381056766576,1.999431975472338,0.028087310393008814,0.014864864864864824,0.2501949810007902
G1,13/02/2021,Apollon,Atromitos,H,2.62,3.1,2.75,2.8,2.8,2.7,2.75,3.0,2.75,2.75,2.8,2.88,2020/21,€7.40m,€12.15m,2.82,2.94,2.82,2.4,3.1,3.1,2.73,0.06670832032063158,1.9995663297714874,0.024435282168729516,0.01236263736263754,0.2501555611758184,2.925,0.12990381056766592,1.9985811373143916,0.0444115591684328,0.02350427350427342,0.250484500995395,2.77,0.06670832032063158,1.999584308426695,0.024082426108531254,0.012184115523465433,0.2501395572131117
G1,14/02/2021,Aris,Panetolikos,D,1.3,4.5,10.0,1.28,5.0,10.0,1.3,5.25,11.0,1.32,4.6,11.0,2020/21,€18.33m,€9.78m,1.29,5.22,11.37,1.3,4.5,10.0,1.3,0.014142135623730963,1.9999146300616968,0.010878565864408432,0.005769230769230749,0.2500295963047225,4.8375,0.302851035989643,1.9971823221409704,0.06260486532085643,0.03423772609819142,0.2509587705176116,10.5,0.5,1.9983636725938128,0.047619047619047616,0.023809523809523725,0.25056689342403626
G1,14/02/2021,OFI Crete,Volos NFC,A,1.95,3.4,3.5,1.95,3.1,4.1,2.05,3.15,3.95,2.05,3.0,4.0,2020/21,€14.20m,€10.85m,2.06,3.04,4.2,2.05,3.4,3.4,1.9999999999999998,0.04999999999999993,1.999549110825248,0.02499999999999997,0.012499999999999956,0.25015624999999997,3.1625,0.1473728265318949,1.9984492451843687,0.046600103251192064,0.024703557312252933,0.250511455021987,3.8875,0.23014940799402453,1.997420280542787,0.05920242006277158,0.02974276527331199,0.25098820085320217
G1,14/02/2021,Panathinaikos,Olympiakos,H,4.0,3.5,1.83,4.1,3.5,1.83,4.2,3.4,1.9,4.4,3.1,1.91,2020/21,€28.60m,€113.70m,4.33,3.36,1.91,5.25,3.6,1.65,4.175,0.1479019945774906,1.9990990292310284,0.03542562744371032,0.019461077844311614,0.25030505067456826,3.375,0.16393596310755,1.9982701643793321,0.04857361869853333,0.024074074074073915,0.2506498855923387,1.8675000000000002,0.037666297933298336,1.9997065846638458,0.02016936970993217,0.010374832663989197,0.25010159714268726
G1,15/02/2021,Giannina,PAOK,A,7.0,3.8,1.55,7.5,3.9,1.45,7.25,3.95,1.5,7.0,3.75,1.52,2020/21,€8.35m,€93.65m,7.23,4.11,1.48,12.0,4.33,1.3,7.1875,0.2072890493972125,1.9994027260558451,0.028840215568307823,0.01521739130434785,0.2502023351281595,3.8499999999999996,0.07905694150420955,1.9996958102203881,0.02053427052057391,0.011363636363636243,0.25010546210459017,1.505,0.03640054944640263,1.9995766759499356,0.024186411592294108,0.013289036544850585,0.25014911967882764
G1,15/02/2021,Larisa,AEK,A,6.5,3.75,1.5,6.0,3.7,1.55,6.75,3.9,1.53,7.0,3.7,1.52,2020/21,€11.75m,€40.15m,6.84,3.94,1.52,7.5,3.6,1.55,6.5625,0.369754986443726,1.9976890122851447,0.05634361698190111,0.030952380952380842,0.2508392833906884,3.7625,0.0819679815537749,1.9996599658908283,0.02178551004751492,0.01079734219269124,0.2501138897701889,1.5250000000000001,0.018027756377319962,1.9998991892251838,0.011821479591685221,0.006557377049180246,0.2500349493281235
G1,18/02/2021,Apollon,Lamia,A,2.55,3.0,3.0,2.4,2.85,3.2,2.65,2.95,2.95,2.55,2.88,3.0,2020/21,€7.40m,€9.35m,2.69,2.89,3.02,2.4,2.8,3.5,2.5374999999999996,0.08926785535678562,1.9991025723203604,0.035179450386910595,0.018472906403940836,0.2503195886121291,2.92,0.058736700622353664,1.9997084148752957,0.0201153084323129,0.011130136986301498,0.2501005464664178,3.0374999999999996,0.09601432184835763,1.999286530826477,0.03160965328340992,0.015432098765431945,0.2502349969204084
G1,20/02/2021,Atromitos,Larisa,D,1.9,3.0,4.75,1.95,2.8,4.75,2.0,2.95,4.7,1.95,2.9,4.6,2020/21,€12.15m,€11.75m,2.0,2.82,5.07,1.9,3.0,4.5,1.95,0.03535533905932741,1.9997628446468245,0.01813094310734739,0.009615384615384581,0.25008226386701704,2.9124999999999996,0.0739509972887453,1.9995331446479079,0.025390900356650748,0.013948497854077146,0.25016500201332414,4.7,0.061237243569579596,1.9998771027472568,0.01302920075948502,0.0066489361702128935,0.25004336502745744
G1,20/02/2021,AEK,Asteras Tripolis,D,1.36,4.75,8.0,1.4,4.5,6.75,1.4,4.8,7.75,1.38,4.4,8.5,2020/21,€40.15m,€10.45m,1.38,4.65,8.67,1.65,3.75,5.25,1.3849999999999998,0.01658312395177693,1.9998963787025743,0.011973374694423777,0.006317689530685788,0.25003627372276194,4.6125,0.16723860200324547,1.999050328633773,0.03625769149121853,0.019647696476964516,0.2503312674265296,7.75,0.6373774391990981,1.995036755685921,0.08224225021923846,0.04435483870967749,0.2518794996816868
G1,21/02/2021,PAOK,Lamia,H,1.18,6.0,15.0,1.19,6.0,13.5,1.22,6.0,15.0,1.18,6.0,17.0,2020/21,€93.65m,€9.35m,1.16,7.27,17.65,1.08,11.0,19.0,1.1925,0.016393596310755015,1.9998642638342077,0.013747250575056618,0.006813417190775661,0.2500460330003941,6.0,0.0,2.0,0.0,0.0,0.25,15.125,1.243734296383275,1.9951513786180965,0.08223036670302644,0.04338842975206614,0.2516413488659893
G1,21/02/2021,Volos NFC,Apollon,H,2.37,2.87,3.4,2.35,2.85,3.3,2.4,2.9,3.35,2.4,2.88,3.25,2020/21,€10.85m,€7.40m,2.39,2.87,3.52,2.45,2.87,3.3,2.3800000000000003,0.02121320343559634,1.999942639018289,0.008913110687225351,0.004726890756302726,0.250019974103292,2.8750000000000004,0.018027756377319872,1.9999716366530516,0.0062705239573286504,0.003478260869565375,0.25000983085572914,3.3249999999999997,0.05590169943749474,1.999796087041786,0.016812541184208947,0.009398496240601517,0.25007070375416446
G1,21/02/2021,Giannina,OFI Crete,H,2.37,2.75,3.5,2.25,2.8,3.6,2.4,2.9,3.45,2.45,3.0,3.0,2020/21,€8.35m,€14.20m,2.41,2.81,3.59,2.05,3.1,4.0,2.3675,0.07361215932167732,1.9992977474489606,0.031092781128480386,0.016631467793030597,0.2502521045312167,2.8625000000000003,0.09601432184835762,1.9991907167738332,0.03354212116973192,0.018558951965065518,0.25027655205365484,3.3875,0.23014940799402464,1.9965917183125472,0.06794078464768255,0.03413284132841343,0.2513262129038133
G1,21/02/2021,Olympiakos,Aris,D,1.5,4.0,7.5,1.48,4.0,6.5,1.57,4.0,6.0,1.5,3.9,7.0,2020/21,€113.70m,€18.33m,1.52,3.92,6.99,1.61,3.5,6.0,1.5125000000000002,0.03418698582794339,1.9996340382151234,0.022602965836656785,0.011157024793388315,0.250122467205096,3.975,0.043301270189221974,1.999914037535229,0.010893401305464647,0.004716981132075526,0.25003042719785795,6.75,0.5590169943749475,1.9950431653593519,0.08281733249999222,0.04629629629629628,0.2517375183756959
G1,22/02/2021,Panetolikos,Panathinaikos,H,5.5,3.2,1.72,5.0,3.25,1.75,5.75,3.2,1.75,5.5,3.2,1.73,2020/21,€9.78m,€28.60m,5.75,3.17,1.77,4.0,3.3,1.9,5.4375,0.2724311839712921,1.9981678854222962,0.050102286707364066,0.02586206896551735,0.2506740464267785,3.2125000000000004,0.02165063509461089,1.9999673202178099,0.006739497305715452,0.0029182879377431803,0.250011180513111,1.7374999999999998,0.012990381056766592,1.999959656342914,0.007476478306052715,0.003956834532374165,0.2500140197768981
G1,24/02/2021,Larisa,Lamia,A,2.4,3.2,3.0,2.5,2.9,3.0,2.6,3.0,2.95,2.55,2.88,3.0,2020/21,€11.75m,€9.35m,2.62,2.97,3.02,2.45,3.2,3.0,2.5125,0.07395099728874523,1.9993722518394523,0.029433232751739393,0.016169154228855787,0.25022260985343203,2.995,0.12678722333105977,1.9987205116264841,0.042332962714878054,0.02212020033388984,0.2504211735231713,2.9875,0.021650635094610887,1.9999620083076024,0.0072470745086563645,0.003138075313807498,0.2500133525610212
G1,27/02/2021,Apollon,OFI Crete,H,2.4,3.0,3.1,2.4,2.95,3.1,2.55,2.95,3.1,2.5,2.88,3.1,2020/21,€7.40m,€14.20m,2.6,2.87,3.17,2.5,3.0,3.0,2.4625,0.06495190528383288,1.9994990174334653,0.026376408237089494,0.013959390862944066,0.250172064821511,2.9450000000000003,0.042720018726587705,1.9998479471995776,0.014505948633815859,0.007640067911714787,0.25005316858493437,3.1,0.0,2.0,0.0,0.0,0.25
G1,27/02/2021,Asteras Tripolis,PAOK,H,5.75,4.5,1.5,6.0,4.0,1.5,6.0,4.0,1.53,6.5,3.9,1.53,2020/21,€10.45m,€93.65m,6.28,4.05,1.54,5.0,3.8,1.65,6.0625,0.2724311839712921,1.9985565772840843,0.0449371025107286,0.02319587628865971,0.25047846005533936,4.1,0.2345207879911715,1.9976841786336206,0.05720019219296866,0.027439024390243816,0.25072939112526454,1.5150000000000001,0.015000000000000015,1.9999292854321657,0.00990099009900991,0.004950495049504955,0.25002450740123516
G1,28/02/2021,Lamia,Giannina,D,2.45,3.0,3.2,2.5,2.9,2.95,2.45,3.15,3.05,2.4,3.0,3.1,2020/21,€9.35m,€8.35m,2.41,3.22,3.08,2.9,3.0,2.62,2.45,0.03535533905932741,1.9998497714282586,0.014430750636460167,0.007653061224489832,0.25005209417724844,3.0125,0.08926785535678562,1.9993689861431725,0.029632483105986925,0.01556016597510368,0.2502147515667026,3.075,0.09013878188659974,1.9993799982348865,0.02931342500377227,0.016260162601626105,0.25021529174721957
G1,28/02/2021,Larisa,Panetolikos,H,2.45,3.1,3.1,2.35,3.1,3.0,2.45,3.15,3.0,2.45,3.0,3.0,2020/21,€11.75m,€9.78m,2.41,3.28,3.04,2.3,3.1,3.4,2.4250000000000003,0.04330127018922197,1.999768393147001,0.017856193892462666,0.0077319587628865705,0.25008310249307475,3.0875,0.0544862367942584,1.999774464762903,0.01764736414388936,0.009109311740890691,0.25007973042608284,3.025,0.04330127018922197,1.999852995731125,0.01431446948404032,0.006198347107437829,0.25004957366646835
G1,28/02/2021,Panathinaikos,AEK,D,2.7,3.2,2.55,2.7,3.2,2.55,2.75,3.2,2.65,2.75,3.1,2.6,2020/21,€28.60m,€40.15m,2.7,3.29,2.67,3.3,3.25,2.25,2.725,0.02499999999999991,1.999939284770655,0.009174311926605472,0.004587155963302836,0.25002104199983166,3.175,0.043301270189221974,1.9998651149454483,0.013638195335188024,0.0059055118110236116,0.25004800000000005,2.5875,0.04145780987944255,1.999815294135659,0.016022341982393256,0.008454106280193496,0.2500631945403033
G1,01/03/2021,Volos NFC,Olympiakos,A,8.0,5.0,1.28,8.75,4.75,1.33,8.25,4.9,1.37,9.0,4.75,1.33,2020/21,€10.85m,€113.70m,8.86,4.82,1.36,9.0,4.5,1.28,8.5,0.39528470752104744,1.9984392266633833,0.046504083237770284,0.025735294117646967,0.25054192478602916,4.85,0.10606601717798217,1.9996557564045432,0.02186928189236746,0.011597938144329856,0.25011799070322055,1.3275000000000001,0.03191786333700929,1.9995821313900135,0.02404358820113694,0.012711864406779627,0.25014640299453306
G1,06/03/2021,OFI Crete,Larisa,A,1.7,3.4,4.75,1.75,3.6,4.4,1.8,3.6,4.5,1.75,3.4,4.8,2020/21,€14.20m,€11.75m,1.79,3.64,4.54,1.75,3.3,4.5,1.75,0.03535533905932741,1.9997055323693778,0.020203050891044235,0.010714285714285676,0.2501021658493121,3.5,0.10000000000000009,1.9994110647387553,0.0285714285714286,0.014285714285714235,0.2502040816326531,4.6125,0.16723860200324547,1.9990503286337729,0.03625769149121853,0.019647696476964516,0.2503312674265296
G1,06/03/2021,Atromitos,Asteras Tripolis,D,3.4,2.75,2.5,3.0,2.75,2.6,3.1,2.95,2.55,3.1,2.8,2.6,2020/21,€12.15m,€10.45m,3.14,2.93,2.57,3.6,2.75,2.4,3.15,0.14999999999999997,1.9983860686209216,0.04761904761904761,0.023809523809523725,0.2505232027319187,2.8125,0.08196798155377509,1.9993928177268727,0.02914417121912003,0.014444444444444482,0.250201089617888,2.5625,0.04145780987944255,1.9998106721105382,0.0161786575139288,0.008536585365853666,0.2500665149339838
G1,06/03/2021,Giannina,Panathinaikos,H,3.5,3.0,2.25,3.0,2.95,2.45,3.25,3.0,2.4,3.2,2.9,2.4,2020/21,€8.35m,€28.60m,3.38,2.98,2.39,3.0,3.0,2.55,3.2375,0.17809758560968758,1.9978231341363286,0.055010837253957556,0.02992277992277992,0.2507460179356926,2.9625,0.04145780987944252,1.9998584003633644,0.013994197427659921,0.007383966244725482,0.2500496538961119,2.375,0.07500000000000004,1.999273651669308,0.03157894736842107,0.015789473684210353,0.25026422675064636
G1,07/03/2021,Olympiakos,Lamia,H,1.16,7.0,15.0,1.17,6.5,13.5,1.2,6.5,14.0,1.18,6.5,15.0,2020/21,€113.70m,€9.35m,1.16,7.31,15.81,1.16,7.0,15.0,1.1775,0.014790199457749054,1.99988639414829,0.012560678945009812,0.006900212314224996,0.25003902760034985,6.625,0.21650635094610965,1.9992389844441605,0.03268020391639391,0.014150943396226356,0.25024793388429745,14.375,0.649519052838329,1.998521910835352,0.04518393411049245,0.023913043478260843,0.2505211915212312
G1,07/03/2021,Panetolikos,Volos NFC,H,2.0,3.2,4.0,1.91,3.25,4.0,2.05,3.25,3.8,2.05,3.2,3.7,2020/21,€9.78m,€10.85m,2.03,3.31,3.9,2.1,3.1,3.6,2.0025,0.057172983130146314,1.9994075149218116,0.0285508030612466,0.01466916354556802,0.25021326528771126,3.225,0.02499999999999991,1.9999566519593044,0.007751937984496096,0.003875968992248069,0.25001502313562884,3.875,0.12990381056766576,1.9991871947573578,0.03352356401746213,0.01774193548387082,0.25028526308859056
G1,07/03/2021,PAOK,Aris,D,1.7,3.8,5.0,1.78,3.6,4.1,1.75,3.6,4.8,1.78,3.4,4.75,2020/21,€93.65m,€18.33m,1.76,3.61,4.77,1.75,3.6,4.75,1.7525,0.03269174207655508,1.9997478021445683,0.01865434640602287,0.009629101283880281,0.2500894763383574,3.6,0.14142135623730948,1.998886236044991,0.0392837100659193,0.02083333333333326,0.2503875931955596,4.6625,0.3379626458648945,1.996121455062674,0.07248528597638489,0.03686327077747986,0.25150855013175344
G1,08/03/2021,AEK,Apollon,H,1.33,5.0,9.0,1.34,4.75,8.0,1.37,4.7,8.25,1.33,4.75,9.0,2020/21,€40.15m,€7.40m,1.33,5.15,8.88,1.3,5.0,8.5,1.3425,0.016393596310755015,1.9998928501823399,0.012211244924212302,0.006052141527001842,0.2500364256534819,4.8,0.1172603939955857,1.999573082444983,0.024429248749080354,0.01171875,0.25014189369116163,8.5625,0.44633927678392815,1.9980349585614363,0.05212721480688212,0.027372262773722733,0.25068838500156204
G1,10/03/2021,Lamia,Larisa,H,2.0,3.1,3.6,2.0,3.0,4.0,2.15,3.15,3.75,2.05,3.1,3.9,2020/21,€9.35m,€11.75m,2.12,3.02,4.01,2.25,3.0,3.6,2.05,0.061237243569579415,1.9993613690539336,0.029871826131502157,0.015243902439024293,0.250212771808657,3.0875,0.0544862367942584,1.999774464762903,0.01764736414388936,0.009109311740890691,0.25007973042608284,3.8125,0.15155444566227672,1.9988568339148982,0.03975198574748242,0.022131147540983553,0.25040199739328073
G1,14/03/2021,Apollon,Panetolikos,H,2.05,3.1,3.5,2.05,2.95,4.0,2.1,2.95,4.1,2.1,2.88,4.0,2020/21,€7.40m,€9.78m,2.13,2.89,4.24,2.1,2.9,3.6,2.0749999999999997,0.025000000000000133,1.9998952874186193,0.012048192771084404,0.0060240963855420215,0.2500362897372623,2.9699999999999998,0.0803118920210451,1.9994757359881146,0.027041041084526974,0.01388888888888884,0.25017630970234467,3.9,0.2345207879911714,1.9973330818532467,0.060133535382351645,0.028846153846153744,0.2510314045138441
G1,14/03/2021,Aris,OFI Crete,H,1.36,4.33,7.5,1.34,4.5,9.0,1.4,4.6,8.5,1.36,4.4,9.0,2020/21,€18.33m,€14.20m,1.34,4.9,9.31,1.45,4.0,11.0,1.3650000000000002,0.021794494717703297,1.9998167256932426,0.01596666279685223,0.008241758241758212,0.2500624591577987,4.4575,0.1020722783129678,1.9996221792068227,0.022898996817267037,0.012759394279304503,0.2501302128846118,8.5,0.6123724356957945,1.9961756752605337,0.07204381596421111,0.03676470588235303,0.2514727877659412
G1,14/03/2021,Asteras Tripolis,Giannina,A,2.0,3.2,3.5,2.15,2.75,4.0,2.15,2.9,4.2,2.1,2.8,4.2,2020/21,€10.45m,€8.35m,2.14,2.81,4.39,2.3,3.1,3.0,2.1,0.061237243569579415,1.9993815629181482,0.029160592175990197,0.014880952380952328,0.25022327437191505,2.9125,0.17455300054711187,1.9974498459569356,0.05993236070287103,0.0311158798283262,0.25081621965268847,3.9749999999999996,0.28613807855649,1.9961741948945178,0.07198442227836227,0.036163522012578664,0.2514878892733564
G1,14/03/2021,Lamia,Atromitos,D,2.6,2.8,2.8,2.6,2.55,3.25,2.6,2.7,3.35,2.55,2.7,3.3,2020/21,€9.35m,€12.15m,2.68,2.55,3.51,2.37,2.8,3.1,2.5875,0.02165063509461108,1.9999493320376989,0.008367395205646794,0.0036231884057971175,0.25001784651992864,2.6875,0.08926785535678565,1.9992002062898016,0.03321594617926908,0.01744186046511631,0.2502843430659423,3.175,0.21937410968480311,1.9964651154319923,0.06909420777474114,0.0334645669291338,0.2513933691403452
G1,14/03/2021,Larisa,Olympiakos,A,5.75,3.8,1.5,6.25,3.9,1.5,6.0,4.0,1.55,6.5,3.9,1.53,2020/21,€11.75m,€113.70m,5.86,4.08,1.56,10.0,4.5,1.33,6.125,0.2795084971874737,1.998496962251376,0.04563404035713857,0.025510204081632626,0.25052270525401754,3.9,0.07071067811865482,1.9997628446468245,0.01813094310734739,0.009615384615384581,0.25008226386701704,1.52,0.021213203435596444,1.9998597011109425,0.013956054891839766,0.0074013157894736725,0.2500482771103052
G1,14/03/2021,Panathinaikos,PAOK,H,3.4,3.1,2.1,3.5,3.1,2.1,3.65,3.1,2.15,3.7,3.0,2.15,2020/21,€28.60m,€93.65m,3.8,3.1,2.15,5.0,3.4,1.7,3.5625000000000004,0.11924240017711828,1.9991899467855982,0.03347155092691039,0.018421052631578894,0.2502839688364763,3.0749999999999997,0.043301270189221974,1.999856174166598,0.014081713882673813,0.0060975609756099836,0.25005122600915236,2.125,0.02499999999999991,1.9999001572094883,0.0117647058823529,0.00588235294117645,0.25003460207612455
G1,14/03/2021,Volos NFC,AEK,H,5.25,3.4,1.65,4.4,3.3,1.83,4.7,3.35,1.83,4.75,3.3,1.8,2020/21,€10.85m,€40.15m,4.93,3.37,1.81,5.0,3.3,1.72,4.775,0.30516389039334246,1.9970796221609766,0.0639086681452026,0.03403141361256545,0.2509714886240064,3.3375,0.04145780987944255,1.9998889177511878,0.012421815694214997,0.0065543071161049404,0.25003811356669203,1.7775,0.07462405778299656,1.998708754539443,0.04198259228297978,0.02004219409282726,0.2504831936541443
G1,20/03/2021,Apollon,Larisa,A,2.0,3.3,3.6,2.05,3.4,3.4,2.1,3.35,3.6,2.05,3.2,3.7,2020/21,€7.40m,€11.75m,2.11,3.34,3.59,2.37,3.25,2.9,2.05,0.03535533905932741,1.9997854196736613,0.017246506858208496,0.009146341463414753,0.2500744268864173,3.3124999999999996,0.07395099728874513,1.9996392632492341,0.02232482937018721,0.01226415094339628,0.25012717851952215,3.5749999999999997,0.10897247358851693,1.9993251043683955,0.030481810793990753,0.01573426573426584,0.2502422528834002
G1,20/03/2021,Volos NFC,OFI Crete,D,2.25,3.1,3.1,2.45,3.1,2.9,2.35,3.15,3.15,2.4,3.1,3.0,2020/21,€10.85m,€14.20m,2.37,3.13,3.24,2.1,3.1,3.4,2.3625,0.07395099728874524,1.99928979057057,0.03130200943438952,0.01719576719576721,0.2502522468180365,3.1125000000000003,0.021650635094610887,1.999965189447786,0.006956027339634019,0.003012048192771122,0.25001190457294326,3.0375,0.09601432184835762,1.9992769485506727,0.031609653283409915,0.017489711934156382,0.25025462492567246
G1,20/03/2021,Giannina,Atromitos,H,2.15,3.1,3.3,2.1,3.2,3.4,2.15,3.15,3.7,2.1,3.1,3.7,2020/21,€8.35m,€12.15m,2.12,3.14,3.84,2.0,3.1,3.8,2.125,0.02499999999999991,1.9999001572094883,0.0117647058823529,0.00588235294117645,0.25003460207612455,3.1375,0.04145780987944252,1.9998743202118585,0.013213644583089247,0.006972111553784854,0.25004309505835304,3.5249999999999995,0.1785357107135714,1.998145029009554,0.05064842857122594,0.026595744680850908,0.25064961339692615
G1,20/03/2021,Panetolikos,Lamia,A,2.5,2.87,3.1,2.45,2.95,3.0,2.5,3.15,2.95,2.5,3.0,3.0,2020/21,€9.78m,€9.35m,2.49,3.2,2.97,2.55,2.87,2.9,2.4875,0.02165063509461089,1.9999451691473982,0.008703772902356138,0.0037688442211054607,0.2500193254142081,2.9925,0.10207227831296793,1.9991649069099229,0.03410936618645545,0.018588137009189598,0.2502824995325641,3.0125,0.0544862367942584,1.9997649269795168,0.01808671760805258,0.009336099585062207,0.25007993983764715
G1,21/03/2021,Asteras Tripolis,Panathinaikos,D,2.8,3.2,2.37,2.85,3.1,2.45,3.0,3.05,2.55,2.9,3.0,2.55,2020/21,€10.45m,€28.60m,3.02,3.06,2.55,2.7,3.2,2.55,2.8875,0.07395099728874523,1.999528522383476,0.025610734991773236,0.01406926406926412,0.25016059354178555,3.0875000000000004,0.0739509972887453,1.9995875369618703,0.023951740012549082,0.013157894736842035,0.25014063963811844,2.48,0.07549834435270736,1.999328671432707,0.030442880787382,0.016129032258064502,0.25023753712137703
G1,21/03/2021,Olympiakos,Aris,H,1.6,3.8,4.75,1.62,3.7,5.25,1.67,3.65,5.5,1.67,3.6,5.25,2020/21,€113.70m,€18.33m,1.68,3.6,5.54,1.65,3.75,4.5,1.6400000000000001,0.030822070014844802,1.999744947704028,0.018793945131002927,0.009908536585365724,0.25008883260179493,3.6875,0.07395099728874512,1.9997106934683815,0.020054507739320708,0.011016949152542477,0.25009889375249333,5.1875,0.2724311839712921,1.9979858154173276,0.0525168547414539,0.027108433734939652,0.250743365271794
G1,21/03/2021,PAOK,AEK,H,1.75,3.3,4.5,1.75,3.5,4.5,1.77,3.6,4.7,1.8,3.4,4.5,2020/21,€93.65m,€40.15m,1.77,3.66,4.67,1.66,3.4,5.0,1.7675,0.020463381929681144,1.999903563443986,0.011577585250173206,0.006011315417255858,0.25003298667990875,3.4499999999999997,0.11180339887498958,1.999242223543839,0.03240678228260568,0.018115942028985366,0.2502630802136236,4.55,0.08660254037844395,1.9997405521033391,0.019033525357899768,0.008241758241758212,0.2500867152271939
G1,03/04/2021,Atromitos,Apollon,D,1.8,3.1,5.25,1.83,3.1,4.75,1.9,3.1,5.0,1.83,3.0,5.25,2020/21,€12.15m,€7.40m,1.88,2.98,5.36,2.25,2.87,3.8,1.8399999999999999,0.036742346141747616,1.9997137716355713,0.019968666381384576,0.010190217391304213,0.25009680889416624,3.0749999999999997,0.043301270189221974,1.999856174166598,0.014081713882673813,0.0060975609756099836,0.25005122600915236,5.0625,0.2072890493972125,1.998781899058905,0.04094598506611605,0.021604938271605034,0.2504374827784398
G1,03/04/2021,OFI Crete,Giannina,H,2.2,3.25,3.25,2.15,3.2,3.3,2.25,3.25,3.25,2.25,3.1,3.3,2020/21,€14.20m,€8.35m,2.24,3.3,3.32,2.4,3.2,3.0,2.2125,0.04145780987944252,1.9997459210327035,0.018737993165849724,0.009887005649717562,0.25008946074558985,3.2,0.061237243569579415,1.9997344260246668,0.019136638615493567,0.009765625,0.2500945172111308,3.275,0.02499999999999991,1.9999579654725077,0.007633587786259515,0.003816793893129722,0.2500145679156227
G1,03/04/2021,Lamia,Volos NFC,D,1.85,3.25,4.5,1.9,3.1,4.33,1.9,3.3,4.3,1.91,3.2,4.2,2020/21,€9.35m,€10.85m,1.91,3.36,4.33,2.05,3.1,3.8,1.8900000000000001,0.023452078799117076,1.9998884460251654,0.012408507301120145,0.005952380952380931,0.25003951547601627,3.2125000000000004,0.0739509972887451,1.9996164131297003,0.023019765692994583,0.012645914396887115,0.25013531045298476,4.3325000000000005,0.10802198850234146,1.9995532093462183,0.024932945990153825,0.01341604154645104,0.2501521059652003
G1,03/04/2021,Larisa,Panetolikos,D,1.95,3.25,4.0,1.95,3.3,3.8,2.0,3.3,3.85,1.95,3.25,4.0,2020/21,€11.75m,€9.78m,2.01,3.35,3.92,2.0,3.25,4.0,1.9625,0.021650635094610987,1.9999125743541903,0.011032170748846363,0.004777070063694433,0.25002966654800046,3.2750000000000004,0.02499999999999991,1.999957965472508,0.007633587786259514,0.003816793893129722,0.2500145679156227,3.9125,0.08926785535678566,1.9996241190182482,0.022816065266910074,0.01198083067092659,0.250130859967388
G1,04/04/2021,Panathinaikos,PAOK,H,3.8,3.1,2.1,3.6,2.95,2.15,3.65,3.2,2.15,3.6,3.1,2.15,2020/21,€28.60m,€93.65m,3.68,3.2,2.14,4.2,3.1,2.0,3.6625,0.0819679815537749,1.9996412092766958,0.022380336260416352,0.011092150170648463,0.2501200620694697,3.0875000000000004,0.08926785535678562,1.9993944283445115,0.028912665702602626,0.01518218623481804,0.2502145185516811,2.1375,0.02165063509461089,1.999925701357953,0.01012895209104603,0.004385964912280826,0.25002625958474844
G1,04/04/2021,Aris,Asteras Tripolis,H,1.57,3.6,6.5,1.55,3.75,6.0,1.57,3.75,6.5,1.53,3.75,6.5,2020/21,€18.33m,€10.45m,1.5,4.13,6.7,1.55,3.75,6.5,1.5550000000000002,0.016583123951777013,1.9999178153051147,0.010664388393425732,0.00562700964630225,0.2500287376798741,3.7125,0.06495190528383286,1.999777688257265,0.017495462702715923,0.007575757575757569,0.2500797109150813,6.375,0.21650635094610965,1.9991567338115652,0.03396178054056622,0.014705882352941124,0.2503123698458976
G1,04/04/2021,AEK,Olympiakos,A,3.2,3.2,2.3,3.0,3.25,2.3,3.1,3.25,2.35,3.1,3.1,2.35,2020/21,€40.15m,€113.70m,3.1,3.34,2.34,3.5,3.2,2.1,3.1,0.07071067811865482,1.9996246239978286,0.022809896167308007,0.012096774193548487,0.25013027604430177,3.2,0.061237243569579415,1.9997344260246668,0.019136638615493567,0.009765625,0.2500945172111308,2.3249999999999997,0.025000000000000133,1.9999165959739287,0.010752688172043069,0.005376344086021501,0.25002890507573133
G1,10/04/2021,Volos NFC,Panetolikos,H,2.2,3.2,3.3,2.15,3.3,3.2,2.2,3.25,3.35,2.2,3.1,3.4,2020/21,€10.85m,€9.78m,2.25,3.32,3.28,2.4,3.1,3.1,2.1875,0.02165063509461108,1.9999290654762518,0.009897433186107923,0.004285714285714226,0.25002505930702656,3.2125,0.07395099728874512,1.9996164131297,0.02301976569299459,0.012645914396887115,0.25013531045298476,3.3125,0.07395099728874512,1.9996392632492341,0.022324829370187205,0.01226415094339628,0.25012717851952215
G1,10/04/2021,Apollon,OFI Crete,D,2.4,3.2,3.0,2.4,3.0,3.0,2.45,3.1,3.15,2.4,3.0,3.1,2020/21,€7.40m,€14.20m,2.47,3.06,3.14,2.8,3.1,2.6,2.4124999999999996,0.02165063509461108,1.9999421022137194,0.008974356515900967,0.0038860103626943143,0.2500197238658777,3.0749999999999997,0.08291561975888508,1.9994777463270101,0.026964429189881328,0.014227642276422703,0.25017717363869485,3.0625,0.06495190528383288,1.9996759884005166,0.02120878539880257,0.011224489795918391,0.2501114744351962
G1,10/04/2021,Atromitos,Larisa,A,2.4,3.2,3.0,2.25,3.2,3.1,2.4,3.1,3.1,2.38,3.0,3.2,2020/21,€12.15m,€11.75m,2.43,3.16,3.12,2.3,3.1,3.2,2.3575,0.06259992012774453,1.9994863025804912,0.02655351861198071,0.012460233297985068,0.25018704968313243,3.125,0.08291561975888508,1.9994898567400974,0.026532998322843223,0.014000000000000012,0.2501808504430148,3.1,0.07071067811865482,1.9996246239978281,0.022809896167308007,0.012096774193548487,0.2501302760443017
G1,11/04/2021,Aris,AEK,A,2.1,3.2,3.6,2.1,2.9,3.8,2.15,3.0,3.8,2.1,3.1,3.7,2020/21,€18.33m,€40.15m,2.15,2.96,4.04,2.3,3.2,3.2,2.1125000000000003,0.021650635094610887,1.9999245266826928,0.010248821346561365,0.004437869822485174,0.25002564891761575,3.05,0.11180339887498959,1.9990303510960972,0.03665685209016052,0.020491803278688492,0.2503367998321764,3.7250000000000005,0.08291561975888487,1.9996412345433234,0.022259226780908685,0.011744966442952975,0.25012670836488926
G1,11/04/2021,Asteras Tripolis,PAOK,D,4.75,3.6,1.72,4.4,3.75,1.72,4.5,3.7,1.77,4.5,3.5,1.78,2020/21,€10.45m,€93.65m,4.43,3.7,1.79,5.25,3.75,1.66,4.5375,0.1293010054098574,1.9994185132826279,0.028496089346525047,0.014462809917355157,0.2501943351893709,3.6375,0.09601432184835762,1.999496091589633,0.026395689855218587,0.014604810996563522,0.25017695347417024,1.7475,0.027726341266023566,1.9998184469573663,0.01586628970874024,0.008226037195994351,0.2500628411539144
G1,11/04/2021,Olympiakos,Panathinaikos,H,1.5,4.2,6.0,1.48,4.2,6.0,1.53,4.1,6.5,1.5,4.0,6.5,2020/21,€113.70m,€28.60m,1.46,4.5,6.66,1.5,4.0,6.0,1.5025000000000002,0.01785357107135714,1.999898310172376,0.011882576420204419,0.006239600665557399,0.25003496880871173,4.125,0.0829156197588851,1.9997075506200475,0.020100756305184268,0.01060606060606073,0.2501030927280903,6.25,0.25,1.9988455359952022,0.04,0.020000000000000018,0.25040000000000007
G1,17/04/2021,OFI Crete,Atromitos,D,1.9,3.4,4.0,1.91,3.6,3.6,1.97,3.55,3.7,1.95,3.4,3.75,2020/21,€14.20m,€12.15m,2.0,3.62,3.64,2.0,3.4,3.75,1.9324999999999999,0.02861380785564902,1.9998419501709173,0.014806627609650205,0.008085381630012822,0.2500546048394996,3.4875,0.08926785535678566,1.9995277921204953,0.02559651766502815,0.013440860215053752,0.2501628758533968,3.7625,0.1473728265318949,1.9989027380933604,0.039168857550005286,0.020764119601329067,0.2503645568505534
G1,17/04/2021,Panetolikos,Apollon,H,1.9,3.2,4.33,1.8,3.5,4.2,1.9,3.3,4.4,1.91,3.2,4.33,2020/21,€9.78m,€7.40m,1.9,3.38,4.32,2.05,3.1,4.2,1.8775,0.044930501889028515,1.9995830859830739,0.02393102630574089,0.010985352862849629,0.25015122176058585,3.3,0.12247448713915883,1.9990160016925234,0.037113480951260255,0.01893939393939381,0.2503248328529497,4.315,0.07228416147400483,1.99979687935047,0.016751833481808767,0.008690614136732222,0.2500716211479265
G1,17/04/2021,Volos NFC,Giannina,D,2.8,2.87,2.8,2.8,2.75,2.8,2.75,3.0,2.8,2.75,2.9,2.75,2020/21,€10.85m,€8.35m,2.77,3.04,2.79,2.5,2.9,3.1,2.775,0.02499999999999991,1.9999414530250421,0.009009009009008978,0.0045045045045044585,0.2500202905608312,2.88,0.08916277250063503,1.99930722494724,0.030959296007164943,0.01692708333333326,0.25024269929170445,2.7874999999999996,0.02165063509461089,1.9999563521645476,0.007767043980129468,0.0033632286995515237,0.2500153559509428
G1,18/04/2021,Panathinaikos,Aris,A,2.5,3.1,2.9,2.5,3.1,2.8,2.6,3.05,2.9,2.6,2.9,2.9,2020/21,€28.60m,€18.33m,2.6,3.09,2.93,2.7,3.1,2.75,2.55,0.050000000000000044,1.9997226475394074,0.01960784313725492,0.009803921568627416,0.25009611687812383,3.0374999999999996,0.08196798155377508,1.9994700435370247,0.026985343721407436,0.01337448559670773,0.250191936442697,2.875,0.04330127018922197,1.9998354040425346,0.015061311370164162,0.006521739130434634,0.250058736001253
G1,18/04/2021,AEK,Asteras Tripolis,H,1.57,3.75,6.0,1.5,4.2,5.75,1.55,3.95,6.25,1.55,3.9,5.8,2020/21,€40.15m,€10.45m,1.52,4.2,5.81,1.5,3.8,7.0,1.5425,0.025860201081971523,1.9997963277954776,0.016765122257355932,0.008508914100486376,0.2500722142501287,3.95,0.16201851746019658,1.9987930346395921,0.041017346192454826,0.022151898734177333,0.25040745469500975,5.95,0.1968501968502953,1.999214699549152,0.03308406669752862,0.017857142857142794,0.25026489578883526
G1,18/04/2021,PAOK,Olympiakos,H,2.37,3.2,3.1,2.5,3.0,2.9,2.45,3.15,3.0,2.4,3.2,2.9,2020/21,€93.65m,€113.70m,2.39,3.22,3.12,2.05,3.3,3.6,2.4299999999999997,0.049497474683058325,1.9997011258731852,0.020369331145291495,0.011316872427983515,0.25010286049405595,3.1375,0.08196798155377508,1.99950343077545,0.026125253084868547,0.01294820717131473,0.2501795868414243,2.975,0.08291561975888508,1.9994421229075414,0.027870796557608428,0.014705882352941346,0.2501891281622635
G1,19/04/2021,Lamia,Larisa,D,2.45,2.75,3.4,2.3,2.9,3.3,2.35,2.95,3.4,2.38,2.88,3.3,2020/21,€9.35m,€11.75m,2.34,2.98,3.37,2.6,2.75,3.1,2.37,0.05431390245600119,1.9996218175871818,0.022917258420253668,0.012658227848101333,0.25012995728687426,2.87,0.07382411530116703,1.999519582262327,0.025722688258246352,0.013501742160278996,0.2501720676643527,3.35,0.050000000000000044,1.9998393017810485,0.014925373134328372,0.007462686567164312,0.2500556916907997
G1,21/04/2021,Olympiakos,Asteras Tripolis,H,1.22,6.0,13.0,1.2,6.25,11.5,1.25,6.0,13.0,1.2,6.0,13.0,2020/21,€113.70m,€10.45m,1.18,6.72,14.02,1.33,5.0,10.0,1.2175,0.020463381929681144,1.9997969893688365,0.0168077058970687,0.008726899383983522,0.25006903855530965,6.0625,0.10825317547305482,1.9997715556274227,0.017856193892462652,0.0077319587628865705,0.25007652280379555,12.625,0.649519052838329,1.9980508589466812,0.051447053690164675,0.022277227722772297,0.25074792243767313
G1,21/04/2021,Aris,PAOK,A,2.8,3.2,2.5,3.0,3.1,2.35,3.05,3.3,2.35,3.0,3.2,2.35,2020/21,€18.33m,€93.65m,3.1,3.35,2.34,3.5,3.25,2.1,2.9625000000000004,0.09601432184835763,1.9992338619801828,0.032409897670331686,0.015822784810126667,0.2502805742551785,3.2,0.07071067811865465,1.9996477221810776,0.022097086912079577,0.01171875,0.25012224927205307,2.3874999999999997,0.06495190528383286,1.9994715632436906,0.027204986506317433,0.011780104712041828,0.25017392872787236
G1,21/04/2021,AEK,Panathinaikos,D,1.85,3.4,4.33,1.85,3.4,4.1,1.9,3.5,4.1,1.88,3.3,4.2,2020/21,€40.15m,€28.60m,1.92,3.52,4.04,1.9,3.25,4.2,1.87,0.02121320343559634,1.9999072806238516,0.01134395905646863,0.006016042780748743,0.2500319469484364,3.4,0.07071067811865482,1.9996879534788257,0.020797258270192596,0.011029411764705843,0.25010827189812,4.182499999999999,0.0944391338376207,1.9996338932237028,0.022579589680244046,0.01180514046622827,0.25012403363992786
G1,24/04/2021,Giannina,Panetolikos,A,2.7,3.1,2.5,2.7,3.1,2.6,2.7,3.15,2.7,2.8,2.88,2.75,2020/21,€8.35m,€9.78m,2.73,3.31,2.62,2.9,3.1,2.45,2.7249999999999996,0.04330127018922178,1.9998189532828545,0.015890374381365792,0.006880733944954143,0.25006087168249325,3.0575,0.10449282272003187,1.9991473169187146,0.03417590277024754,0.01655764513491431,0.2503136668117382,2.6375,0.09601432184835762,1.9990404958505186,0.036403534350088196,0.020142180094786744,0.25033879153858346
G1,24/04/2021,Larisa,OFI Crete,A,2.15,3.1,3.3,2.3,3.1,3.1,2.25,3.2,3.3,2.25,3.1,3.25,2020/21,€11.75m,€14.20m,2.24,3.25,3.38,2.5,3.0,2.8,2.2375,0.0544862367942584,1.9995698940213318,0.024351390746037278,0.012569832402234526,0.25015325228640606,3.125,0.043301270189221974,1.999862229734252,0.013856406460551031,0.006000000000000005,0.25004650009300017,3.2375,0.0819679815537749,1.9995337593230342,0.025318295460625452,0.01254826254826269,0.25016839205111097
G1,24/04/2021,Atromitos,Lamia,D,2.3,2.62,3.3,2.3,2.75,3.5,2.45,2.8,3.45,2.45,2.88,3.2,2020/21,€12.15m,€9.35m,2.46,2.72,3.62,2.4,2.62,3.1,2.375,0.07500000000000018,1.999280531064971,0.03157894736842113,0.015789473684210575,0.25024930747922436,2.7625,0.09443913383762043,1.999153171133007,0.03418611179642368,0.01877828054298636,0.25030035780243304,3.3625,0.11924240017711821,1.9990905760082998,0.035462423844496126,0.019516728624535462,0.25031904140753897
G1,25/04/2021,PAOK,Panathinaikos,D,1.45,3.8,7.0,1.45,4.0,7.0,1.53,3.9,7.0,1.5,3.8,7.0,2020/21,€93.65m,€28.60m,1.46,4.25,7.33,1.4,4.0,10.0,1.4825000000000002,0.03418698582794339,1.9996171653542856,0.023060361435374967,0.01222596964586864,0.2501313352879567,3.875,0.08291561975888508,1.9996708481591756,0.021397579292615505,0.011290322580645107,0.25011214314705854,7.0,0.0,2.0,0.0,0.0,0.25
G1,25/04/2021,Olympiakos,AEK,H,1.53,4.0,6.0,1.48,4.1,6.25,1.55,4.2,6.0,1.55,3.9,5.8,2020/21,€113.70m,€40.15m,1.48,4.19,6.98,2.0,3.5,3.6,1.5274999999999999,0.02861380785564902,1.9997454214061698,0.018732443768019,0.009410801963993354,0.25009078882895386,4.05,0.11180339887498954,1.9994501616675164,0.027605777499997416,0.015432098765431945,0.25019079885917106,6.0125,0.15958931668504636,1.9994927220993484,0.026542921693978604,0.014033264033264103,0.25017432122035355
G1,26/04/2021,Apollon,Volos NFC,D,2.3,3.0,3.0,2.55,2.75,3.1,2.65,2.85,3.1,2.45,2.9,3.1,2020/21,€7.40m,€10.85m,2.6,2.75,3.32,1.9,3.1,4.0,2.4875,0.1293010054098575,1.9980411588719722,0.05198030368235478,0.028894472361809198,0.25069683816346655,2.875,0.09013878188659971,1.9992907096176062,0.03135261978664338,0.017391304347825987,0.2502463651984172,3.0749999999999997,0.043301270189221974,1.999856174166598,0.014081713882673813,0.0060975609756099836,0.25005122600915236
G1,15/05/2021,Apollon,Lamia,A,2.15,3.3,3.1,2.15,3.0,3.5,2.25,3.1,3.4,2.2,3.1,3.4,2020/21,€7.40m,€9.35m,2.29,2.97,3.44,2.4,3.2,2.87,2.1875,0.04145780987944255,1.999741686350861,0.01895214165917374,0.010000000000000009,0.25008817582438314,3.125,0.10897247358851675,1.9991291242535205,0.03487119154832536,0.018000000000000016,0.25029135037042083,3.35,0.14999999999999997,1.9985334858302348,0.044776119402985065,0.022388059701492713,0.25054492553556873
G1,15/05/2021,Atromitos,Volos NFC,H,1.95,3.4,3.4,1.91,3.4,3.8,1.95,3.4,3.9,1.95,3.1,4.2,2020/21,€12.15m,€10.85m,1.93,3.38,3.99,1.72,3.5,5.5,1.94,0.01732050807568879,1.999942301338738,0.008928096946231336,0.0038659793814435073,0.25002034505208337,3.325,0.12990381056766573,1.9988817179859435,0.03906881520832052,0.016917293233082775,0.2504185008370016,3.8249999999999997,0.28613807855649,1.9959303237011263,0.07480734079908236,0.040849673202614456,0.25147525658937153
G1,15/05/2021,OFI Crete,Panetolikos,D,1.5,3.8,6.0,1.53,3.75,6.25,1.55,3.85,6.5,1.53,3.6,7.0,2020/21,€14.20m,€9.78m,1.53,3.7,7.18,1.66,3.5,4.5,1.5275,0.01785357107135714,1.999901292804261,0.011688098901052138,0.006137479541735047,0.25003449637151054,3.75,0.0935414346693485,1.999548502008356,0.02494438257849293,0.01333333333333342,0.25016118846786817,6.4375,0.369754986443726,1.9976376606690711,0.057437667797083654,0.031553398058252524,0.2507901701033965
G1,16/05/2021,AEK,Aris,D,2.15,3.2,3.2,2.25,2.9,3.4,2.3,2.95,3.5,2.3,3.2,3.1,2020/21,€40.15m,€18.33m,2.32,2.82,3.58,2.2,3.2,3.25,2.25,0.061237243569579415,1.9994615755281704,0.02721655269759085,0.01388888888888884,0.25019384406254025,3.0625,0.1386317063301178,1.9985202343913548,0.04526749594452826,0.02346938775510199,0.25051474584333916,3.3,0.15811388300841892,1.998343151043465,0.047913297881339065,0.02651515151515138,0.2505753494351009
G1,16/05/2021,Panathinaikos,Olympiakos,A,4.75,3.6,1.65,4.5,3.4,1.78,5.25,3.3,1.8,5.0,3.25,1.78,2020/21,€28.60m,€113.70m,5.03,3.21,1.81,5.75,3.8,1.57,4.875,0.2795084971874737,1.997626570689287,0.057335076346148456,0.03205128205128216,0.25082704337395384,3.3875,0.13404756618454516,1.9988796943672404,0.03957123725005023,0.02121771217712176,0.25037269829359876,1.7525,0.05973901572674266,1.999151056102009,0.034087883438940175,0.01604850213980047,0.25031342633893683
G1,16/05/2021,PAOK,Asteras Tripolis,A,1.33,4.5,8.0,1.33,5.0,7.75,1.37,5.0,8.0,1.33,5.0,8.5,2020/21,€93.65m,€10.45m,1.31,5.55,8.7,1.4,4.2,7.0,1.34,0.01732050807568879,1.9998800726768642,0.012925752295290142,0.005597014925373234,0.2500405493079585,4.875,0.21650635094610965,1.998551760923744,0.04441155916843275,0.019230769230769162,0.2505478451424397,8.0625,0.2724311839712921,1.9991821218999624,0.033789914291012975,0.01744186046511631,0.2502738984992825
G1,19/05/2021,Giannina,Apollon,A,2.15,2.9,4.0,2.1,3.1,3.5,2.3,3.05,3.35,2.2,2.88,3.6,2020/21,€8.35m,€7.40m,2.19,3.07,3.62,2.15,2.9,4.0,2.1875,0.07395099728874512,1.99917935521769,0.03380617018914062,0.01857142857142846,0.25027812229497015,2.9825,0.09443913383762056,1.9992772723288774,0.031664420398196336,0.016974015088013328,0.2502494008099789,3.6125,0.24076700355322775,1.9968404415260976,0.06664830548186236,0.035467128027681705,0.2510222981874146
G1,11/09/2021,Panetolikos,Asteras Tripolis,D,3.2,2.87,2.5,2.7,3.1,2.6,2.85,3.1,2.6,2.8,3.0,2.55,2021/22,€10.25m,€9.93m,2.91,3.12,2.6,3.4,2.87,2.37,2.8874999999999997,0.18833148966649207,1.9969848355310214,0.06522302672432627,0.033549783549783774,0.25095744266448655,3.0175,0.09443913383762051,1.999288646442914,0.03129714460235974,0.016362883181441523,0.25025497923912254,2.5625,0.04145780987944255,1.9998106721105386,0.0161786575139288,0.008536585365853666,0.2500665149339838
G1,11/09/2021,Panathinaikos,Apollon,H,1.4,3.75,8.0,1.36,4.6,7.75,1.47,4.3,7.0,1.4,4.2,8.0,2021/22,€34.75m,€6.80m,1.4,4.5,8.26,1.45,3.5,7.0,1.4075,0.039607448794387115,1.9994315635090356,0.028140283335266157,0.014653641207815316,0.2501923564910465,4.2125,0.3049077729412616,1.9961818311455604,0.07238166716706505,0.03931750741839779,0.2513980448302598,7.6875,0.409839907768875,1.9979126887570768,0.05331250832765854,0.026422764227642226,0.2507906573298442
G1,12/09/2021,Volos NFC,Lamia,H,1.9,3.0,4.0,1.95,3.2,4.0,1.97,3.25,4.1,2.05,3.0,3.9,2021/22,€10.30m,€7.85m,1.97,3.28,4.17,2.05,2.9,3.5,1.9674999999999998,0.05402545696243574,1.9994579378383928,0.02745893619437649,0.0149301143583227,0.2501848243389268,3.1125,0.11388041973930377,1.9990349468477124,0.03658808666323013,0.01907630522088355,0.25033304435887227,4.0,0.07071067811865465,1.9997745554126243,0.017677669529663664,0.009374999999999911,0.25007819828035127
G1,12/09/2021,PAOK,Giannina,A,1.18,5.25,13.0,1.2,5.75,13.5,1.2,7.0,13.0,1.18,5.8,17.0,2021/22,€76.15m,€10.45m,1.17,6.55,19.54,1.2,4.75,17.0,1.19,0.010000000000000009,1.9999490603763492,0.008403361344537823,0.004201680672268893,0.2500176541204717,5.95,0.6432340165134304,1.99176618133181,0.10810655739721518,0.05567226890756327,0.25254821781653847,14.125,1.6723860200324565,1.9902801614925152,0.11839901026778453,0.055309734513274256,0.2527486566279114
G1,12/09/2021,AEK,Ionikos,H,1.16,6.5,17.0,1.19,5.5,18.0,1.2,5.75,17.0,1.18,5.8,17.0,2021/22,€48.83m,€9.90m,1.16,6.47,23.15,1.16,6.0,21.0,1.1824999999999999,0.014790199457749054,1.9998869429669575,0.012507568251796242,0.006871035940803516,0.2500395507558047,5.8875,0.3714414489525906,1.9971744694114812,0.06308984270956954,0.03237791932059464,0.2509046494581983,17.25,0.4330127018922193,1.9995497476516628,0.025102185616940248,0.010869565217391353,0.25014878000396745
G1,12/09/2021,Olympiakos,Atromitos,D,1.14,7.5,17.0,1.17,6.0,17.5,1.17,6.75,17.0,1.14,6.5,19.0,2021/22,€118.68m,€14.05m,1.14,7.55,21.98,1.18,6.5,19.0,1.1549999999999998,0.015000000000000013,1.9998783322990061,0.012987012987013,0.006493506493506551,0.2500421656265812,6.6875,0.5412658773652742,1.995306116161471,0.0809369536247139,0.04439252336448596,0.2515805408969647,17.625,0.81967981553775,1.998461818292743,0.046506656200723404,0.023049645390070816,0.250496328237601
G1,13/09/2021,Aris,OFI Crete,D,1.4,4.2,9.0,1.45,4.0,7.0,1.5,4.1,7.0,1.4,4.2,8.0,2021/22,€25.68m,€15.25m,1.37,4.5,7.63,1.4,4.0,9.5,1.4375,0.04145780987944254,1.999402726055845,0.02884021556830785,0.01521739130434785,0.2502023351281594,4.125,0.0829156197588851,1.9997075506200475,0.020100756305184268,0.01060606060606073,0.2501030927280903,7.75,0.82915619758885,1.9918642483937374,0.10698789646307741,0.056451612903225756,0.2526131648570892
G1,17/09/2021,Ionikos,Aris,H,4.75,3.4,1.7,4.6,3.4,1.75,5.0,3.45,1.77,4.6,3.25,1.8,2021/22,€9.90m,€25.68m,5.1,3.45,1.78,4.75,3.4,1.7,4.7375,0.1634587103827754,1.999148228980055,0.03450315786443808,0.01781002638522411,0.2502833873041901,3.375,0.07500000000000002,1.9996413682560554,0.02222222222222223,0.011111111111111072,0.2501285575117427,1.755,0.03640054944640263,1.9996888393670982,0.020741053815614034,0.01139601139601143,0.2501093389447641
G1,18/09/2021,Giannina,Panathinaikos,H,3.3,3.1,2.15,3.3,3.2,2.15,3.3,3.3,2.25,3.2,3.1,2.25,2021/22,€10.45m,€34.75m,3.32,3.37,2.18,2.9,3.1,2.37,3.2750000000000004,0.04330127018922178,1.9998732472131229,0.01322176188983871,0.005725190839694694,0.2500450694068866,3.175,0.08291561975888491,1.999510063285432,0.026115155829570053,0.013779527559054872,0.2501663180216637,2.2,0.050000000000000044,1.9996273710574612,0.022727272727272745,0.011363636363636465,0.2501291322314049
G1,19/09/2021,Apollon,Volos NFC,A,2.3,2.87,3.2,2.3,3.0,3.2,2.25,3.25,3.3,2.25,3.1,3.2,2021/22,€6.80m,€10.30m,2.19,3.33,3.34,2.25,2.9,3.4,2.275,0.02499999999999991,1.999912889501356,0.01098901098901095,0.005494505494505475,0.25003018959062917,3.055,0.13901438774457842,1.9985075953405456,0.04550389124208786,0.02536824877250421,0.25051566268659636,3.2250000000000005,0.04330127018922177,1.9998706202385335,0.013426750446270315,0.005813953488371881,0.25004370374686796
G1,19/09/2021,Atromitos,Panetolikos,A,1.7,3.2,5.5,1.72,3.6,4.5,1.73,3.7,4.7,1.73,3.4,4.75,2021/22,€14.05m,€10.25m,1.74,3.73,4.64,1.72,3.1,5.25,1.7200000000000002,0.012247448713915901,1.999963353954312,0.007120609717392965,0.003633720930232842,0.25001282511160094,3.4750000000000005,0.1920286436967152,1.9977841577400117,0.05526004135157271,0.030575539568345356,0.2507910999422019,4.8625,0.37976143827408276,1.9956983706763687,0.07810003871960572,0.03920308483290502,0.25133153738371955
G1,19/09/2021,OFI Crete,AEK,D,5.25,3.3,1.66,4.75,3.5,1.72,4.8,3.8,1.7,4.75,3.5,1.7,2021/22,€15.25m,€48.83m,4.81,3.82,1.69,5.5,3.3,1.65,4.8875,0.21028254801575902,1.9986852960105392,0.04302456225386374,0.01982097186700771,0.2504212120013042,3.5250000000000004,0.17853571071357124,1.9981608372510429,0.05064842857122588,0.02659574468085113,0.25061952345139793,1.695,0.021794494717703387,1.9998803986832925,0.012858108977996099,0.006637168141592875,0.2500420485927875
G1,19/09/2021,Asteras Tripolis,PAOK,A,3.6,3.0,2.05,3.6,3.3,2.0,3.25,3.4,2.2,3.3,3.2,2.15,2021/22,€9.93m,€76.15m,3.24,3.43,2.2,3.8,3.1,2.0,3.4375,0.16345871038277535,1.9983673722949296,0.04755162483862556,0.024545454545454426,0.2505673543864384,3.225,0.14790199457749034,1.998471748372122,0.045861083589919485,0.025193798449612448,0.2505497067211904,2.0999999999999996,0.07905694150420955,1.9989773533914554,0.03764616262105217,0.02083333333333326,0.2503548519822928
G1,19/09/2021,Lamia,Olympiakos,A,11.0,5.5,1.22,11.5,5.75,1.22,13.0,6.0,1.25,13.0,5.5,1.22,2021/22,€7.85m,€118.68m,12.35,5.55,1.24,7.0,4.2,1.44,12.125,0.8926785535678563,1.9960748427781725,0.07362297349013248,0.038659793814433074,0.2513818165626436,5.6875,0.2072890493972125,1.9990472091364968,0.03644642626764175,0.019230769230769162,0.25032093324850957,1.2275,0.012990381056766592,1.999919537877265,0.01058279515826199,0.0045824847250508505,0.2500273269395042
G1,22/09/2021,OFI Crete,Asteras Tripolis,D,2.5,3.1,2.9,2.5,3.0,2.9,2.55,3.2,2.85,2.45,3.1,2.88,2021/22,€15.25m,€9.93m,2.54,3.24,2.83,2.45,3.1,3.0,2.5,0.03535533905932725,1.9998557208764052,0.0141421356237309,0.00749999999999984,0.25005003001000276,3.0999999999999996,0.07071067811865482,1.9996246239978281,0.02280989616730801,0.012096774193548487,0.2501302760443017,2.8825,0.020463381929681054,1.9999635854194235,0.007099178466498198,0.0036860364267130574,0.250012724538199
G1,22/09/2021,Olympiakos,Apollon,H,1.12,8.0,19.0,1.11,7.75,20.0,1.15,7.75,16.0,1.12,7.0,19.0,2021/22,€118.68m,€6.80m,1.13,8.31,17.46,1.12,8.0,19.0,1.125,0.01499999999999992,1.9998722588517743,0.013333333333333261,0.006666666666666599,0.2500434185503486,7.625,0.375,1.9982282468940404,0.04918032786885246,0.024590163934426146,0.250663112471793,18.5,1.5,1.9951316438910645,0.08108108108108109,0.04054054054054057,0.2519235859475544
G1,22/09/2021,Panetolikos,PAOK,A,8.0,4.0,1.44,7.5,4.0,1.44,8.0,3.75,1.5,8.0,4.0,1.42,2021/22,€10.25m,€76.15m,7.97,4.11,1.44,6.5,3.6,1.57,7.875,0.21650635094610965,1.9994488293074122,0.02749286996141075,0.011904761904761862,0.25020155872077404,3.9375,0.10825317547305482,1.9994488293074122,0.02749286996141075,0.011904761904761862,0.25020155872077404,1.45,0.030000000000000027,1.9996930642228088,0.020689655172413814,0.010344827586207028,0.2501032377795369
G1,22/09/2021,AEK,Lamia,H,1.25,5.25,13.0,1.22,5.75,12.0,1.27,5.5,12.0,1.22,5.5,12.0,2021/22,€48.83m,€7.85m,1.21,6.27,13.49,1.28,4.75,12.0,1.2399999999999998,0.021213203435596444,1.9997892515800806,0.017107422125481008,0.009072580645161477,0.25007240481305687,5.5,0.1767766952966369,1.999254549458816,0.03214121732666125,0.017045454545454586,0.2502590662493088,12.25,0.4330127018922193,1.9991105306091712,0.03534797566467096,0.015306122448979664,0.2502883506343715
G1,22/09/2021,Aris,Panathinaikos,H,2.05,3.2,3.8,2.05,3.25,3.5,2.15,3.4,3.4,2.15,3.2,3.3,2021/22,€25.68m,€34.75m,2.1,3.47,3.42,1.9,3.25,4.33,2.1,0.050000000000000044,1.9995910341890981,0.02380952380952383,0.011904761904762085,0.2501417233560091,3.2625,0.0819679815537749,1.9995482147619434,0.025124285533724106,0.012452107279693703,0.25015054539626547,3.5,0.18708286933869706,1.9979623480501765,0.05345224838248487,0.02857142857142847,0.250667561948296
G1,23/09/2021,Ionikos,Giannina,D,2.6,2.9,2.87,2.75,2.85,2.75,2.65,3.05,2.9,2.6,2.87,2.87,2021/22,€9.90m,€10.45m,2.59,3.07,2.91,2.4,3.0,3.3,2.65,0.061237243569579415,1.9996171572878247,0.02310839379984129,0.011792452830188704,0.25012866866757877,2.9175000000000004,0.07854139036202494,1.9994816974319165,0.026920785042682065,0.013496143958869,0.2501720405630308,2.8475,0.05760859310901456,1.9997027258876714,0.02023128818578211,0.00987708516242325,0.2501065973521657
G1,23/09/2021,Volos NFC,Atromitos,H,2.62,3.0,2.87,2.6,2.9,2.85,2.6,3.3,2.7,2.55,3.1,2.75,2021/22,€10.30m,€14.05m,2.61,3.33,2.7,1.95,3.4,4.0,2.5925000000000002,0.025860201081971616,1.999928032644839,0.009975005238947584,0.005062680810029141,0.2500252792655951,3.075,0.14790199457749037,1.9983416737312951,0.048098209618696056,0.026422764227642226,0.25055743615895376,2.7925000000000004,0.07013380069552767,1.999544350024226,0.02511505844065449,0.013652641002685817,0.25015899653629514
G1,26/09/2021,Asteras Tripolis,Olympiakos,A,5.5,4.0,1.61,5.5,3.7,1.6,5.5,3.85,1.63,5.5,3.6,1.62,2021/22,€9.93m,€118.68m,5.43,3.86,1.62,5.5,3.6,1.61,5.5,0.0,2.0,0.0,0.0,0.25,3.7875,0.15155444566227672,1.998847381542637,0.040014375092350285,0.022277227722772297,0.2503954624694659,1.615,0.011180339887498883,1.9999654287412836,0.006922811075850702,0.0038699690402475007,0.2500119824308672
G1,26/09/2021,Panathinaikos,Volos NFC,H,1.57,4.0,6.0,1.55,4.0,5.5,1.57,3.95,6.0,1.55,3.75,5.8,2021/22,€34.75m,€10.30m,1.55,4.13,5.69,1.66,3.8,5.5,1.56,0.010000000000000009,1.9999703586266966,0.006410256410256416,0.0032051282051281937,0.2500102728468113,3.925,0.10307764064044152,1.9994978951490787,0.02626181927145007,0.012738853503184933,0.25018217566270085,5.825,0.20463381929681126,1.9991022243354921,0.0351302694071779,0.018240343347639465,0.2503245073493408
G1,26/09/2021,Lamia,Panetolikos,D,2.45,3.2,3.0,2.35,3.0,3.1,2.45,2.95,3.2,2.38,3.0,3.1,2021/22,€7.85m,€10.25m,2.5,2.89,3.25,2.1,3.1,3.75,2.4075,0.04380353866983815,1.9997609388078152,0.018194616269922387,0.009605399792315783,0.2500832938739897,3.0374999999999996,0.09601432184835763,1.999286530826477,0.03160965328340992,0.015432098765431945,0.2502349969204084,3.0999999999999996,0.07071067811865482,1.9996246239978281,0.02280989616730801,0.012096774193548487,0.2501302760443017
G1,26/09/2021,PAOK,AEK,H,2.25,3.25,3.3,2.1,3.2,3.4,2.25,3.25,3.25,2.25,3.1,3.2,2021/22,€76.15m,€48.83m,2.28,3.29,3.19,2.3,3.1,3.4,2.2125,0.06495190528383286,1.9993710881552347,0.029356793348625024,0.012711864406779627,0.25023084025854103,3.2,0.061237243569579415,1.9997344260246668,0.019136638615493567,0.009765625,0.2500945172111308,3.2874999999999996,0.0739509972887451,1.9996361264423765,0.02249459993573996,0.012357414448669335,0.2501241872774089
G1,27/09/2021,Giannina,OFI Crete,D,2.45,3.2,3.0,2.4,3.1,2.95,2.5,3.05,3.0,2.45,2.9,3.1,2021/22,€10.45m,€15.25m,2.51,3.05,3.04,2.25,3.2,3.3,2.45,0.03535533905932741,1.9998497714282586,0.014430750636460167,0.007653061224489832,0.2500520941772485,3.0625,0.10825317547305494,1.9990948918486051,0.035347975664671,0.019387755102040938,0.2503206175129068,3.0125,0.0544862367942584,1.999764926979517,0.01808671760805258,0.009336099585062207,0.25007993983764726
G1,27/09/2021,Apollon,Ionikos,D,2.45,3.2,3.0,2.4,3.1,2.95,2.45,3.1,3.1,2.38,3.0,3.1,2021/22,€6.80m,€9.90m,2.41,3.1,3.16,2.25,3.25,3.3,2.42,0.030822070014845018,1.9998829059475343,0.012736392568117776,0.0067148760330577595,0.25004071674284367,3.1,0.07071067811865482,1.9996246239978286,0.022809896167308007,0.012096774193548487,0.2501302760443018,3.0375,0.06495190528383288,1.9996696306147017,0.021383343303319466,0.011316872427983515,0.2501154024093448
G1,27/09/2021,Atromitos,Aris,A,3.0,3.3,2.37,3.1,3.1,2.3,3.1,3.2,2.35,3.1,3.0,2.35,2021/22,€14.05m,€25.68m,3.13,3.26,2.33,3.75,3.0,2.15,3.0749999999999997,0.043301270189221974,1.999856174166598,0.014081713882673813,0.0060975609756099836,0.25005122600915236,3.1500000000000004,0.11180339887498944,1.9990909597770783,0.03549314249999665,0.019841269841269993,0.25031570415490595,2.3425,0.025860201081971613,1.9999118261419582,0.011039573567543913,0.005602988260405617,0.2500310170685337
G1,02/10/2021,Volos NFC,Asteras Tripolis,H,2.8,3.1,2.7,2.7,2.7,2.95,2.7,2.95,2.9,2.6,2.9,2.87,2021/22,€10.30m,€9.93m,2.72,2.84,2.98,2.8,3.1,2.7,2.7,0.07071067811865465,1.9995051354402409,0.026189140043946166,0.01388888888888884,0.25017182098208596,2.9125000000000005,0.14306903927824494,1.9982508056389954,0.04912241691956907,0.02682403433476388,0.2506224805435552,2.855,0.09394147114027963,1.9992115388501521,0.03290419304388078,0.017075306479859886,0.2502865977424251
G1,02/10/2021,Aris,Apollon,D,1.36,4.75,9.0,1.39,4.6,7.5,1.43,4.5,7.75,1.36,4.4,8.5,2021/22,€25.68m,€6.80m,1.33,5.0,8.83,1.4,4.33,9.0,1.385,0.028722813232690072,1.9996910774427452,0.020738493308801495,0.010830324909747224,0.25010480518800465,4.5625,0.12930100540985737,1.9994218486757682,0.028339946391201614,0.015753424657534376,0.250198366644502,8.1875,0.596212000885591,1.9961875805856681,0.07281978636770577,0.040076335877862634,0.25129755521325803
G1,03/10/2021,Atromitos,Giannina,D,2.37,3.1,3.25,2.4,3.1,2.95,2.45,3.15,3.05,2.45,2.9,3.1,2021/22,€14.05m,€10.45m,2.47,3.09,3.06,2.3,3.1,3.3,2.4175,0.03418698582794342,1.9998555509906042,0.014141462596874217,0.007497414684591419,0.25005039434199217,3.0625,0.09601432184835763,1.999283345590871,0.0313516152974229,0.015306122448979664,0.25026196782016286,3.0875000000000004,0.1082531754730548,1.9991162332262953,0.03506175723823637,0.019230769230769162,0.2503013901870998
G1,03/10/2021,Panetolikos,AEK,A,6.0,4.0,1.57,5.5,3.9,1.58,5.75,3.85,1.6,5.5,3.6,1.6,2021/22,€10.25m,€48.83m,5.84,3.74,1.61,5.25,3.5,1.72,5.6875,0.2072890493972125,1.9990472091364975,0.03644642626764175,0.019230769230769162,0.25032093324850957,3.8375,0.1473728265318949,1.9989261665441262,0.03840334241873483,0.02035830618892498,0.2503901179893223,1.5875,0.012990381056766592,1.999951669609255,0.008182917201112814,0.004330708661417271,0.2500167995678618
G1,03/10/2021,OFI Crete,PAOK,A,5.5,3.4,1.72,5.0,3.3,1.73,5.5,3.45,1.73,5.25,3.3,1.7,2021/22,€15.25m,€76.15m,5.54,3.4,1.71,8.5,3.8,1.45,5.3125,0.2072890493972125,1.9988942420654394,0.039019115180651764,0.020588235294117574,0.2503964325682371,3.3625,0.06495190528383303,1.999731193493306,0.019316551757273766,0.010223048327137718,0.25009254015542937,1.7200000000000002,0.012247448713915901,1.9999633539543118,0.007120609717392965,0.003633720930232842,0.25001282511160094
G1,03/10/2021,Ionikos,Lamia,A,2.5,2.9,3.25,2.45,2.95,3.0,2.55,2.95,3.1,2.5,2.9,3.0,2021/22,€9.90m,€7.85m,2.56,2.93,3.11,2.62,2.8,3.1,2.5,0.03535533905932725,1.9998557208764052,0.0141421356237309,0.00749999999999984,0.2500500300100029,2.925,0.025000000000000133,1.9999473039445346,0.008547008547008593,0.004273504273504258,0.2500182628387756,3.0875,0.10231690964840563,1.9992135855771553,0.0331390800480666,0.01720647773279338,0.2502627485943357
G1,03/10/2021,Olympiakos,Panathinaikos,D,1.44,4.2,8.5,1.46,4.33,6.5,1.5,4.1,7.0,1.44,4.0,7.5,2021/22,€118.68m,€34.75m,1.41,4.51,7.45,1.33,5.0,10.0,1.46,0.024494897427831803,1.9997978643830125,0.01677732700536425,0.008561643835616417,0.25006849974794104,4.157500000000001,0.12214233500306117,1.999378174211162,0.02937879374697803,0.016386049308478867,0.25021423118208036,7.375,0.739509972887452,1.9928309734292278,0.10027253869660366,0.05508474576271194,0.2523538500168906
G1,16/10/2021,Apollon,Asteras Tripolis,A,3.0,3.1,2.5,2.8,3.1,2.5,2.95,3.1,2.55,2.88,3.0,2.5,2021/22,€6.80m,€9.93m,2.9,3.17,2.53,3.4,3.1,2.3,2.9074999999999998,0.07529110173187809,1.999515226819516,0.025895477809760307,0.01440240756663802,0.2501698712854501,3.0749999999999997,0.043301270189221974,1.999856174166598,0.014081713882673813,0.0060975609756099836,0.25005122600915236,2.5125,0.021650635094610887,1.9999466120408445,0.008617168196860054,0.003731343283582156,0.2500181999077871
G1,16/10/2021,Panathinaikos,Ionikos,H,1.5,4.1,7.0,1.5,3.9,6.5,1.45,4.4,7.25,1.44,4.0,7.5,2021/22,€34.75m,€9.90m,1.44,4.44,6.98,1.44,4.2,8.5,1.4725,0.027726341266023566,1.9997441542063132,0.018829433796959977,0.009762308998302105,0.2500888046061356,4.1,0.18708286933869722,1.9985127744930555,0.04562996813138957,0.024390243902438824,0.25049095989622827,7.0625,0.369754986443726,1.998006066696281,0.052354688346014304,0.028761061946902755,0.25072145868126333
G1,17/10/2021,Panetolikos,OFI Crete,A,2.4,3.2,3.1,2.45,3.1,2.87,2.45,3.15,3.0,2.5,3.0,2.9,2021/22,€10.25m,€15.25m,2.55,3.05,2.99,2.25,3.2,3.4,2.45,0.03535533905932741,1.9998497714282586,0.014430750636460167,0.007653061224489832,0.2500520941772485,3.1125000000000003,0.07395099728874524,1.999591320979759,0.023759356558633007,0.013052208835341306,0.2501442483178986,2.9675000000000002,0.0903811374126261,1.9993332871701028,0.03045699660071646,0.016638584667228118,0.25022687899025275
G1,17/10/2021,PAOK,Volos NFC,D,1.36,4.75,9.5,1.36,4.75,8.25,1.37,4.8,8.75,1.32,4.8,8.5,2021/22,€76.15m,€10.30m,1.31,5.39,8.65,1.25,5.5,13.0,1.3525,0.019202864369671536,1.9998538929931733,0.01419805128996047,0.006931608133087019,0.2500518555822096,4.775,0.02499999999999991,1.9999802266709787,0.005235602094240819,0.002617801047120283,0.2500068528823223,8.75,0.46770717334674267,1.997962348050177,0.05345224838248488,0.02857142857142847,0.250667561948296
G1,17/10/2021,AEK,Atromitos,H,1.36,4.75,9.5,1.33,4.8,9.25,1.35,4.9,8.75,1.32,4.75,9.0,2021/22,€48.83m,€14.05m,1.31,5.33,9.06,1.25,5.5,12.0,1.3400000000000003,0.01581138830084191,1.999899564172544,0.011799543508090975,0.006529850746268551,0.25003481254185467,4.800000000000001,0.0612372435695796,1.999882994535215,0.012757759076995749,0.006510416666666741,0.250039861900425,9.125,0.2795084971874737,1.999323013098343,0.03063106818492863,0.017123287671232834,0.25023498880757883
G1,17/10/2021,Giannina,Olympiakos,A,8.0,4.2,1.44,7.25,4.1,1.46,7.5,4.2,1.45,7.5,4.0,1.44,2021/22,€10.45m,€118.68m,7.53,4.21,1.44,8.0,4.2,1.44,7.5625,0.2724311839712921,1.9990708026034316,0.03602395821107995,0.018595041322314154,0.2503105266396381,4.125,0.0829156197588851,1.9997075506200475,0.020100756305184268,0.01060606060606073,0.25010309272809017,1.4475,0.008291561975888507,1.999976353077261,0.005728194801995514,0.003022452504317652,0.2500081571903074
G1,18/10/2021,Lamia,Aris,A,4.0,3.2,2.05,3.75,3.3,1.98,3.9,3.15,2.05,3.8,3.0,2.05,2021/22,€7.85m,€25.68m,3.95,3.12,2.07,3.6,2.9,2.3,3.8625000000000003,0.09601432184835762,1.9995552173181357,0.024858076853943718,0.013754045307443175,0.2501525065257979,3.1625,0.1082531754730548,1.9991513502094733,0.03423025311400942,0.018774703557312478,0.25030038471124894,2.0324999999999998,0.030310889132455287,1.9998386368208925,0.014913106584233846,0.0064575645756457245,0.2500575656993019
G1,23/10/2021,Atromitos,Ionikos,A,1.8,3.5,4.75,1.83,3.5,4.1,1.8,3.5,4.7,1.78,3.3,4.6,2021/22,€14.05m,€9.90m,1.78,3.52,4.71,1.7,3.5,5.5,1.8025,0.01785357107135714,1.999929324696188,0.00990489379825639,0.005201109570041718,0.25002433406884605,3.45,0.08660254037844395,1.9995409588212818,0.025102185616940272,0.010869565217391353,0.2501670750723992,4.5375,0.258299728997148,1.9976147209570014,0.056925560109564295,0.028236914600551,0.2509136907175499
G1,23/10/2021,Apollon,Giannina,H,3.0,2.9,2.7,2.95,2.9,2.55,2.95,2.9,2.7,2.9,2.8,2.62,2021/22,€6.80m,€10.45m,2.96,2.9,2.69,2.3,2.9,3.6,2.95,0.03535533905932741,1.9998963829270635,0.011984860698077087,0.006355932203389925,0.25003592469885944,2.875,0.043301270189221974,1.9998354040425346,0.015061311370164166,0.006521739130434634,0.250058736001253,2.6425,0.06259992012774471,1.9995937434931188,0.023689657569629027,0.012535477767265935,0.2501432977520203
G1,23/10/2021,Asteras Tripolis,Panathinaikos,H,2.75,3.3,2.6,2.7,3.25,2.5,2.75,3.25,2.6,2.7,3.1,2.6,2021/22,€9.93m,€34.75m,2.76,3.2,2.63,2.6,3.0,3.0,2.725,0.02499999999999991,1.999939284770655,0.009174311926605472,0.004587155963302836,0.25002104199983166,3.225,0.07499999999999993,1.9996071049761874,0.023255813953488347,0.011627906976744207,0.25014106658201696,2.5749999999999997,0.043301270189221974,1.999794675150468,0.016816027257950283,0.007281553398058138,0.25007352220370554
G1,24/10/2021,Aris,Panetolikos,H,1.45,4.2,8.0,1.46,4.0,7.75,1.47,4.2,7.5,1.44,4.0,7.5,2021/22,€25.68m,€10.25m,1.44,4.31,7.42,1.44,4.2,8.5,1.4549999999999998,0.011180339887498959,1.9999574072600255,0.007684082396906502,0.004295532646047873,0.250014762954172,4.1,0.10000000000000009,1.9995708393473226,0.02439024390243905,0.012195121951219523,0.2501487209994051,7.6875,0.2072890493972125,1.9994777463270101,0.0269644291898813,0.014227642276422703,0.2501771736386948
G1,24/10/2021,Volos NFC,AEK,A,4.75,4.0,1.7,4.6,4.0,1.65,4.5,3.9,1.73,4.2,3.7,1.75,2021/22,€10.30m,€48.83m,4.35,4.07,1.71,4.33,4.0,1.75,4.5125,0.2011684617428884,1.9985546808157808,0.04458026853027998,0.02423822714681445,0.2505221772304045,3.9,0.12247448713915883,1.9992822915873267,0.03140371465106637,0.01602564102564097,0.2502599560401209,1.7075,0.03766629793329844,1.9996476944309691,0.02205932529036512,0.012079062957540243,0.2501243686570356
G1,24/10/2021,OFI Crete,Lamia,D,2.4,3.2,3.1,2.5,2.87,3.0,2.45,3.15,3.05,2.45,3.0,3.0,2021/22,€15.25m,€7.85m,2.41,3.01,3.25,2.15,3.25,3.6,2.45,0.03535533905932741,1.9998497714282586,0.014430750636460167,0.007653061224489832,0.2500520941772485,3.055,0.12971121771072847,1.998693536053889,0.04245866373509933,0.02332242225859238,0.2504633373083597,3.0374999999999996,0.04145780987944252,1.9998659179747336,0.013648661688705358,0.007201646090534863,0.25004596030748916
G1,24/10/2021,Olympiakos,PAOK,H,1.9,3.6,4.0,1.8,3.5,4.2,1.95,3.6,3.85,1.88,3.6,3.7,2021/22,€118.68m,€76.15m,1.93,3.93,3.48,1.7,3.75,5.0,1.8825,0.054025456962435735,1.9994034806761896,0.028698781918956563,0.015604249667994674,0.2502110687367459,3.5749999999999997,0.043301270189221974,1.9998936741990645,0.01211224340957258,0.005244755244755428,0.2500377244605402,3.9374999999999996,0.18498310733685927,1.9984111174525023,0.046979836783964266,0.02619047619047632,0.2505455896683674
G1,30/10/2021,Panetolikos,Olympiakos,A,8.5,4.33,1.4,6.5,4.33,1.46,7.75,4.4,1.43,7.5,4.2,1.42,2021/22,€10.25m,€118.68m,7.46,4.38,1.43,9.0,4.75,1.36,7.5625,0.7153451963912248,1.993475032609895,0.09459110034925287,0.051652892561983466,0.25240439534945447,4.3149999999999995,0.07228416147400483,1.99979687935047,0.01675183348180877,0.008690614136732222,0.2500716211479265,1.4274999999999998,0.021650635094610984,1.9998343257345552,0.015166819680988432,0.008318739054290702,0.25005698043030494
G1,30/10/2021,PAOK,Apollon,H,1.2,7.0,13.0,1.2,6.5,14.5,1.22,6.5,13.0,1.18,6.5,13.0,2021/22,€76.15m,€6.80m,1.17,7.2,13.8,1.18,6.5,17.0,1.2,0.014142135623730963,1.9998998082055732,0.011785113019775802,0.006250000000000089,0.25003473669316445,6.625,0.21650635094610965,1.9992389844441605,0.03268020391639391,0.014150943396226356,0.25024793388429745,13.375,0.649519052838329,1.9983291651515698,0.04856217217482834,0.02102803738317749,0.25052862401127735
G1,31/10/2021,Lamia,Atromitos,D,2.37,3.1,3.25,2.3,3.1,3.2,2.4,3.05,3.2,2.4,2.9,3.1,2021/22,€7.85m,€14.05m,2.45,2.98,3.21,2.37,2.9,3.5,2.3675,0.040850336595920515,1.9997841343720992,0.017254630029955868,0.008711721224921032,0.250076753275684,3.0374999999999996,0.08196798155377508,1.9994700435370247,0.026985343721407436,0.01337448559670773,0.250191936442697,3.1875,0.0544862367942584,1.9997884208163648,0.017093721347218323,0.008823529411764675,0.2500747487103138
G1,31/10/2021,Panathinaikos,OFI Crete,D,1.61,3.6,6.5,1.68,3.5,5.25,1.63,3.65,6.0,1.6,3.7,5.5,2021/22,€34.75m,€15.25m,1.61,3.98,5.33,1.5,4.0,7.5,1.6300000000000001,0.03082207001484482,1.9997432942235183,0.018909245407880255,0.00996932515337412,0.2500868856627064,3.6125000000000003,0.07395099728874524,1.9996967788855313,0.020470864301382764,0.011245674740484546,0.25010674193930976,5.8125,0.480071609241788,1.995108336082756,0.08259296503084525,0.045698924731182755,0.25164588656723114
G1,31/10/2021,AEK,Aris,H,1.85,3.5,4.5,1.88,3.3,4.1,1.9,3.45,4.3,1.85,3.3,4.2,2021/22,€48.83m,€25.68m,1.88,3.53,4.13,1.9,3.4,4.2,1.87,0.02121320343559634,1.9999072806238516,0.01134395905646863,0.006016042780748743,0.2500319469484364,3.3875,0.08926785535678575,1.999499511984288,0.026352134422667376,0.013837638376383854,0.2501726067789733,4.275,0.14790199457749048,1.9991405983182087,0.0345969577959042,0.01900584795321647,0.2502911196487824
G1,31/10/2021,Giannina,Asteras Tripolis,D,2.7,3.1,2.8,2.6,3.1,2.75,2.65,3.1,2.8,2.7,2.9,2.75,2021/22,€10.45m,€9.93m,2.73,2.91,2.9,2.5,3.1,3.0,2.6625,0.04145780987944255,1.9998246452547541,0.015571008405424433,0.008215962441314506,0.2500615737130997,3.05,0.08660254037844395,1.9994118808032226,0.02839427553391605,0.012295081967212962,0.2502154553289284,2.7750000000000004,0.02499999999999991,1.999941453025042,0.009009009009008976,0.0045045045045044585,0.25002029056083114
G1,01/11/2021,Ionikos,Volos NFC,D,2.6,3.2,2.8,2.45,3.1,2.9,2.6,3.2,2.8,2.55,3.1,2.75,2021/22,€9.90m,€10.30m,2.64,3.21,2.75,2.7,3.2,2.7,2.5500000000000003,0.061237243569579415,1.9995811974182358,0.02401460532140369,0.01225490196078427,0.2501500876872096,3.1500000000000004,0.050000000000000044,1.999818246960343,0.015873015873015886,0.007936507936507908,0.2500629881582263,2.8125,0.0544862367942584,1.9997303768538945,0.019372884193514097,0.010000000000000009,0.2500915703827746
G1,06/11/2021,Giannina,Panetolikos,H,1.83,3.4,4.75,1.83,3.6,4.0,1.85,3.4,4.5,1.85,3.2,4.33,2021/22,€10.45m,€10.25m,1.83,3.5,4.4,1.8,3.3,5.0,1.8399999999999999,0.010000000000000009,1.9999786935529436,0.005434782608695657,0.0027173913043476716,0.250007384215501,3.4,0.14142135623730948,1.9987512731845578,0.041594516540385144,0.022058823529411686,0.25043477738496794,4.395,0.2726261176043117,1.9972097288846296,0.06203097101349528,0.03441410693970415,0.25099501525318624
G1,06/11/2021,OFI Crete,Atromitos,H,2.1,3.25,3.75,2.05,3.4,3.4,2.1,3.25,3.6,2.15,3.1,3.4,2021/22,€15.25m,€14.05m,2.17,3.21,3.54,2.15,3.3,3.5,2.1,0.03535533905932741,1.9997955170945492,0.016835875742536862,0.008928571428571397,0.25007092196301056,3.25,0.10606601717798207,1.9992314278641914,0.03263569759322525,0.017307692307692468,0.2502671245124647,3.5375,0.147372826531895,1.9987538318739893,0.04166016297721414,0.022084805653710182,0.25042178758021627
G1,06/11/2021,Apollon,AEK,D,8.0,4.2,1.44,7.25,4.2,1.44,7.5,4.3,1.45,7.5,4.0,1.44,2021/22,€6.80m,€48.83m,8.87,4.13,1.41,6.5,4.0,1.53,7.5625,0.2724311839712921,1.9990708026034316,0.03602395821107995,0.018595041322314154,0.2503105266396381,4.175,0.1089724735885168,1.9995056591740485,0.02610119127868666,0.013473053892215647,0.2501765080777618,1.4425000000000001,0.004330127018922197,1.9999935074752149,0.0030018211569651275,0.0012998266897747968,0.25000223719652437
G1,07/11/2021,Asteras Tripolis,Lamia,A,1.8,3.4,5.0,1.77,3.5,4.4,1.8,3.35,4.8,1.78,3.2,4.8,2021/22,€9.93m,€7.85m,1.8,3.47,4.64,1.8,3.4,5.0,1.7875,0.01299038105676659,1.999961882357511,0.007267346045743547,0.0038461538461538325,0.25001324520765766,3.3625000000000003,0.10825317547305476,1.9992494995386263,0.03219425292878952,0.017657992565055736,0.25026527227593964,4.75,0.2179449471770335,1.998465077920378,0.045883146774112316,0.023684210526315752,0.25056164564591665
G1,07/11/2021,Volos NFC,Aris,A,3.4,3.2,2.25,3.1,3.25,2.25,3.3,3.25,2.25,3.1,3.2,2.25,2021/22,€10.30m,€25.68m,3.19,3.2,2.33,3.4,3.4,2.15,3.2249999999999996,0.1299038105676657,1.9988325749168454,0.04028025133881107,0.021317829457364157,0.25039916092519965,3.225,0.02499999999999991,1.9999566519593044,0.007751937984496096,0.003875968992248069,0.25001502313562884,2.25,0.0,2.0,0.0,0.0,0.25
G1,07/11/2021,Olympiakos,Ionikos,H,1.16,8.0,15.0,1.13,8.75,17.0,1.15,7.5,17.0,1.14,7.0,17.0,2021/22,€118.68m,€9.90m,1.11,8.75,20.52,1.12,9.0,19.0,1.145,0.011180339887498959,1.9999312211513147,0.009764488984715249,0.005458515283842669,0.2500238406755202,7.8125,0.6465050270492876,1.9950837944305486,0.08275264346230882,0.04600000000000004,0.25166809786174127,16.5,0.8660254037844386,1.9979704248448915,0.05248638810814779,0.022727272727272707,0.250780437044745
G1,07/11/2021,Panathinaikos,PAOK,A,2.9,3.25,2.5,2.75,3.3,2.45,2.9,3.25,2.5,2.88,3.2,2.4,2021/22,€34.75m,€76.15m,2.95,3.39,2.37,2.62,3.1,2.87,2.8575000000000004,0.06259992012774453,1.9996509656096193,0.02190723364050552,0.010279965004374558,0.2501259831335208,3.25,0.03535533905932725,1.9999146300616968,0.010878565864408385,0.005769230769230749,0.2500295963047226,2.4625,0.04145780987944252,1.9997949596912334,0.01683565883429138,0.008883248730964466,0.2500720757902077
G1,20/11/2021,Volos NFC,OFI Crete,A,2.25,3.1,3.5,2.2,3.1,3.3,2.3,3.15,3.35,2.25,3.1,3.2,2021/22,€10.30m,€15.25m,2.23,3.24,3.36,2.3,3.25,3.25,2.25,0.03535533905932725,1.999821874838928,0.015713484026367668,0.008333333333333304,0.2500617741386221,3.1125000000000003,0.021650635094610887,1.999965189447786,0.006956027339634019,0.003012048192771122,0.25001190457294326,3.3375,0.1082531754730548,1.9992435016333354,0.03243540838143964,0.017790262172284743,0.25025825022909703
G1,20/11/2021,Aris,Giannina,A,1.57,3.6,7.5,1.57,3.75,6.0,1.57,3.6,7.0,1.55,3.5,6.5,2021/22,€25.68m,€10.45m,1.56,3.69,6.75,1.53,3.75,7.5,1.5650000000000002,0.008660254037844393,1.9999778636331567,0.005533708650379804,0.0023961661341853624,0.2500077542622595,3.6125,0.08926785535678562,1.9995609310092197,0.024710825012258998,0.012975778546712835,0.25014983456621864,6.75,0.5590169943749475,1.9950431653593519,0.08281733249999222,0.04629629629629628,0.25173751837569586
G1,20/11/2021,Ionikos,Asteras Tripolis,D,3.25,3.1,2.4,3.25,3.0,2.3,3.2,3.05,2.4,3.2,2.9,2.35,2021/22,€9.90m,€9.93m,3.18,3.18,2.35,3.3,3.1,2.37,3.2249999999999996,0.02499999999999991,1.9999566519593044,0.007751937984496097,0.003875968992248069,0.25001502313562884,3.0125,0.07395099728874524,1.9995636835775439,0.02454804889252954,0.013485477178423189,0.2501541022828865,2.3625,0.04145780987944252,1.9997772068840223,0.017548279314049745,0.0092592592592593,0.25007836440182324
G1,21/11/2021,Panetolikos,Apollon,H,2.37,3.1,3.3,2.55,2.7,3.2,2.35,3.05,3.25,2.45,2.88,3.1,2021/22,€10.25m,€6.80m,2.54,2.77,3.34,2.15,3.1,3.8,2.43,0.07874007874011801,1.9992466045458008,0.032403324584410705,0.017489711934156382,0.25025426825944386,2.9325,0.15706288549495065,1.997913867379361,0.05355938124294992,0.029198635976129372,0.250752829425019,3.2125,0.07395099728874512,1.9996164131297,0.02301976569299459,0.012645914396887115,0.25013531045298476
G1,21/11/2021,AEK,Olympiakos,A,3.25,3.25,2.3,3.1,3.4,2.15,3.15,3.25,2.3,3.0,3.2,2.3,2021/22,€48.83m,€118.68m,2.99,3.42,2.34,3.3,3.2,2.3,3.125,0.09013878188659973,1.9993996846307205,0.028844410203711913,0.016000000000000014,0.2502084429821323,3.2750000000000004,0.07499999999999991,1.9996241889469077,0.022900763358778598,0.011450381679389166,0.2501260106493258,2.2624999999999997,0.06495190528383286,1.9993987357679681,0.028708024434843257,0.012430939226519166,0.2502204081632652
G1,21/11/2021,Atromitos,PAOK,H,6.5,3.9,1.55,6.25,3.8,1.55,6.25,3.95,1.55,6.5,3.8,1.5,2021/22,€14.05m,€76.15m,7.16,3.93,1.5,5.5,3.75,1.61,6.375,0.125,1.9997226475394072,0.0196078431372549,0.009803921568627416,0.2500961168781238,3.8625,0.06495190528383303,1.999796250491198,0.0168160272579503,0.008899676375404564,0.2500702026884733,1.5374999999999999,0.021650635094610987,1.999856174166598,0.014081713882673813,0.0060975609756099836,0.25005122600915236
G1,22/11/2021,Lamia,Panathinaikos,A,3.9,3.4,2.0,3.9,3.1,2.0,3.8,3.35,2.05,3.9,3.1,2.0,2021/22,€7.85m,€34.75m,3.93,3.19,2.05,5.5,3.6,1.66,3.875,0.043301270189221974,1.9999095335468873,0.011174521339154057,0.004838709677419395,0.2500320389593746,3.2375,0.13863170633011768,1.9986778187534793,0.04282060427185102,0.022200772200772212,0.2504566548394864,2.0125,0.021650635094610887,1.9999168559045248,0.010758079550117209,0.004658385093167849,0.25002822838646543
G1,27/11/2021,Asteras Tripolis,Atromitos,H,1.83,3.3,5.0,1.75,3.4,4.8,1.83,3.3,4.8,1.83,3.25,4.4,2021/22,€9.93m,€14.05m,1.82,3.19,5.08,1.9,3.2,4.75,1.81,0.03464101615137758,1.9997337934525465,0.019138682956562198,0.008287292817679592,0.2500957579239682,3.3125,0.0544862367942584,1.9998055124423033,0.016448675258644047,0.008490566037735903,0.25006624807513955,4.75,0.2179449471770335,1.998465077920378,0.045883146774112316,0.023684210526315752,0.25056164564591665
G1,27/11/2021,Apollon,Lamia,D,2.55,3.1,2.9,2.6,3.0,2.8,2.55,3.1,2.9,2.55,3.0,2.8,2021/22,€6.80m,€7.85m,2.66,2.99,2.9,2.37,2.8,3.6,2.5625,0.02165063509461108,1.9999486718714188,0.008449028329604324,0.003658536585366079,0.2500175033256319,3.05,0.050000000000000044,1.9998061328047112,0.016393442622950834,0.008196721311475308,0.250067186240258,2.85,0.050000000000000044,1.9997779672118907,0.017543859649122823,0.008771929824561653,0.250076946752847
G1,27/11/2021,Giannina,AEK,A,4.33,3.6,1.85,4.6,3.25,1.83,4.3,3.55,1.85,4.33,3.25,1.85,2021/22,€10.45m,€48.83m,4.24,3.47,1.87,3.75,3.4,2.0,4.39,0.12186057606953926,1.9994497646656406,0.02775867336435974,0.012813211845102312,0.25018122759842376,3.4124999999999996,0.16345871038277524,1.998345194830556,0.04789998839055685,0.024725274725274637,0.25057185745479416,1.8450000000000002,0.008660254037844393,1.9999840778862323,0.004693904627557937,0.00203252032520318,0.2500055683834612
G1,28/11/2021,OFI Crete,Ionikos,H,1.75,3.6,5.0,1.78,3.5,4.5,1.77,3.5,4.8,1.78,3.3,4.6,2021/22,€15.25m,€9.90m,1.74,3.63,4.78,1.7,3.6,5.25,1.77,0.012247448713915901,1.9999653970330178,0.0069194625502349725,0.0035310734463278592,0.25001210672853513,3.4749999999999996,0.10897247358851693,1.9992855534652352,0.031358985205328614,0.01618705035971235,0.25025672352944184,4.725,0.19202864369671524,1.9988125361956248,0.04064098279295561,0.022486772486772333,0.2504047261637473
G1,28/11/2021,Olympiakos,Volos NFC,H,1.2,6.5,15.0,1.2,6.5,13.5,1.2,6.5,14.0,1.17,6.5,15.0,2021/22,€118.68m,€10.30m,1.15,7.68,15.53,1.2,6.5,15.0,1.1925,0.012990381056766592,1.999914037535229,0.010893401305464649,0.004716981132075526,0.25003042719785795,6.5,0.0,2.0,0.0,0.0,0.25,14.375,0.649519052838329,1.998521910835352,0.04518393411049245,0.023913043478260843,0.2505211915212312
G1,28/11/2021,Panathinaikos,Panetolikos,H,1.44,4.33,8.0,1.46,4.1,7.0,1.45,4.3,7.75,1.42,4.2,7.5,2021/22,€34.75m,€10.25m,1.4,4.59,7.73,1.45,4.33,8.0,1.4425000000000001,0.014790199457749053,1.9999240514080376,0.010253171201212514,0.0056325823223570826,0.2500265232098723,4.2325,0.0903811374126262,1.9996701353220185,0.021354078538127867,0.011665682220909579,0.25011594776255325,7.5625,0.369754986443726,1.9982620694410274,0.04889322134793071,0.026859504132231482,0.2506268410711502
G1,28/11/2021,PAOK,Aris,A,1.83,3.6,4.33,1.85,3.7,3.8,1.85,3.55,4.2,1.8,3.6,4.0,2021/22,€76.15m,€25.68m,1.86,3.64,4.07,1.61,3.8,5.75,1.8325,0.020463381929681144,1.9999098135958082,0.01116692056189967,0.005798090040927573,0.25003166509747027,3.6125,0.054486236794258534,1.9998364273135936,0.015082695306369145,0.007785467128027745,0.25005579525160804,4.0825,0.20104414938017978,1.998243933815159,0.04924535196085237,0.027403551745253996,0.25062056029078594
G1,04/12/2021,Atromitos,Apollon,H,1.95,3.2,4.5,2.05,3.0,3.8,1.9,3.1,5.0,2.0,3.1,3.9,2021/22,€14.05m,€6.80m,1.95,3.34,4.05,1.95,3.2,4.5,1.975,0.05590169943749472,1.9994219631687495,0.0283046579430353,0.015822784810126445,0.2502005969138052,3.1,0.07071067811865482,1.9996246239978286,0.022809896167308007,0.012096774193548487,0.25013027604430177,4.300000000000001,0.48476798574163293,1.9909267845273564,0.11273674087014718,0.06104651162790686,0.2529750036831867
G1,04/12/2021,Volos NFC,Panetolikos,A,1.9,3.4,4.33,1.85,3.5,4.0,1.95,3.4,4.1,1.95,3.3,3.8,2021/22,€10.30m,€10.25m,1.93,3.31,4.17,1.7,3.6,5.5,1.9125,0.041457809879442455,1.9996597831476666,0.021677286211473176,0.011437908496731986,0.2501200963055244,3.4,0.07071067811865482,1.9996879534788257,0.020797258270192596,0.011029411764705843,0.2501082718981202,4.057499999999999,0.19083697230882707,1.998405941449047,0.04703314166576145,0.026032039433148357,0.2505504998999912
G1,04/12/2021,OFI Crete,Olympiakos,A,7.5,4.33,1.45,6.5,4.2,1.49,7.0,4.3,1.47,7.0,4.0,1.47,2021/22,€15.25m,€118.68m,6.67,4.26,1.48,6.0,4.0,1.57,7.0,0.3535533905932738,1.9981582597794811,0.05050762722761054,0.02678571428571419,0.25064265670685043,4.2075000000000005,0.12910751333675355,1.9993154977947136,0.030685089325431618,0.016191325014854208,0.25024662486991506,1.47,0.014142135623730963,1.9999332343211969,0.009620500424306778,0.005102040816326481,0.2500231449327809
G1,05/12/2021,Ionikos,PAOK,H,7.5,4.0,1.5,6.5,4.0,1.5,7.0,4.0,1.5,6.5,3.8,1.5,2021/22,€9.90m,€76.15m,6.27,4.04,1.53,6.5,4.0,1.53,6.875,0.414578098794425,1.9974004314409752,0.06030226891555272,0.031818181818181746,0.2508607403232638,3.95,0.08660254037844395,1.9996502614850793,0.021924693766694668,0.009493670886076,0.2501264968797437,1.5,0.0,2.0,0.0,0.0,0.25
G1,05/12/2021,AEK,Panathinaikos,H,1.85,3.2,5.0,1.88,3.3,4.1,1.9,3.25,4.6,1.83,3.4,4.2,2021/22,€48.83m,€34.75m,1.86,3.59,4.12,1.85,3.2,5.0,1.8650000000000002,0.02692582403567244,1.9998496348668018,0.014437439161218465,0.008042895442359255,0.25005212541613564,3.2875,0.07395099728874512,1.999636126442376,0.02249459993573996,0.012357414448669335,0.25012418727740887,4.475,0.3561951712193752,1.9954715123848807,0.07959668630600564,0.04329608938547458,0.2514978187250063
G1,05/12/2021,Aris,Asteras Tripolis,H,1.7,3.4,5.75,1.7,3.6,4.8,1.73,3.4,5.5,1.73,3.4,4.75,2021/22,€25.68m,€9.93m,1.74,3.58,4.91,1.72,3.4,5.75,1.7149999999999999,0.015000000000000013,1.9999448171216094,0.008746355685131204,0.004373177842565523,0.25001912468444276,3.45,0.08660254037844395,1.9995497476516628,0.025102185616940272,0.010869565217391353,0.25014878000396745,5.2,0.4344536799245692,1.9949743162012201,0.08354878460087868,0.044471153846153744,0.2517166084604414
G1,06/12/2021,Lamia,Giannina,A,2.6,3.1,2.87,2.5,3.0,2.87,2.6,3.1,2.85,2.7,2.9,2.75,2021/22,€7.85m,€10.45m,2.76,3.0,2.79,3.5,2.9,2.37,2.6,0.07071067811865482,1.9994663273130293,0.027196414661021084,0.014423076923076872,0.2501853220549408,3.025,0.08291561975888508,1.9994554854486324,0.027410122234342176,0.01446280991735538,0.2501931854428734,2.835,0.049749371855331036,1.9997764555374664,0.017548279314049748,0.00837742504409178,0.25007995732521626
G1,11/12/2021,Giannina,Volos NFC,H,2.2,3.3,3.4,2.25,3.2,3.1,2.25,3.2,3.35,2.25,3.0,3.1,2021/22,€10.45m,€10.30m,2.28,2.95,3.6,1.7,3.6,5.25,2.2375,0.02165063509461089,1.9999322061774008,0.009676261494798164,0.0041899441340780275,0.250023939480992,3.175,0.1089724735885168,1.999143554432918,0.03432203892551711,0.017716535433070835,0.25030886742598457,3.2375,0.13863170633011768,1.9986778187534793,0.04282060427185102,0.022200772200772212,0.2504566548394864
G1,11/12/2021,Panathinaikos,Atromitos,H,1.44,4.5,7.5,1.43,4.6,6.75,1.45,4.4,7.25,1.42,3.8,7.5,2021/22,€34.75m,€14.05m,1.42,4.4,7.47,1.53,4.0,6.5,1.435,0.011180339887498959,1.999956211712564,0.0077911776219504935,0.004355400696864242,0.25001517738106105,4.324999999999999,0.31124748994971835,1.996168828536405,0.07196473756062853,0.03612716763005763,0.25150423433664976,7.25,0.30618621784789724,1.9986978300101208,0.04223258177212376,0.02155172413793105,0.2504791906546718
G1,11/12/2021,Asteras Tripolis,AEK,D,3.9,3.4,2.0,3.4,3.3,2.1,3.7,3.4,2.05,3.3,3.2,2.05,2021/22,€9.93m,€48.83m,3.55,3.38,2.09,2.9,3.3,2.45,3.575,0.23848480035423647,1.9967999828955971,0.06670903506412208,0.036713286713286664,0.2510904137525587,3.3249999999999997,0.08291561975888491,1.999549509607565,0.02493702849891276,0.013157894736842035,0.25015947807254124,2.05,0.03535533905932741,1.9997854196736613,0.017246506858208496,0.009146341463414753,0.2500744268864173
G1,11/12/2021,Panetolikos,Ionikos,D,2.3,3.4,3.1,2.2,3.1,3.4,2.3,3.3,3.15,2.2,3.0,3.2,2021/22,€10.25m,€9.90m,2.28,3.2,3.3,2.25,3.4,3.2,2.25,0.04999999999999982,1.9996437496778563,0.022222222222222143,0.011111111111111072,0.25012345679012343,3.2,0.1581138830084189,1.9982379216282096,0.0494105884401309,0.02734375,0.25061196745872344,3.2125,0.11388041973930368,1.9991020603631229,0.03544915789550309,0.018482490272373475,0.250296844931985
G1,12/12/2021,PAOK,Lamia,H,1.2,6.5,17.0,1.21,6.25,13.5,1.2,6.5,15.0,1.17,5.8,15.0,2021/22,€76.15m,€7.85m,1.17,7.33,13.31,1.44,4.5,7.5,1.195,0.015000000000000013,1.9998859149942871,0.012552301255230136,0.006276150627614996,0.25004029150740054,6.2625,0.28586491565073185,1.9984782454807228,0.04564709231947814,0.023453093812375148,0.250560944585431,15.125,1.243734296383275,1.9951513786180963,0.08223036670302644,0.04338842975206614,0.2516413488659893
G1,12/12/2021,Olympiakos,Aris,H,1.45,4.5,7.0,1.44,4.33,7.0,1.45,4.5,7.0,1.42,4.2,6.5,2021/22,€118.68m,€25.68m,1.4,4.92,6.95,1.55,4.0,6.0,1.44,0.012247448713915901,1.9999476971338246,0.008505172717997155,0.004340277777777679,0.2500183396378455,4.3825,0.12616952880945534,1.9993998748885875,0.028789396191547138,0.015259555048488194,0.2502118872047798,6.875,0.21650635094610965,1.9992756578473223,0.03149183286488868,0.013636363636363669,0.2502669989320043
G1,14/12/2021,Asteras Tripolis,Panetolikos,H,1.57,3.8,6.0,1.6,3.5,6.25,1.6,3.7,6.25,1.55,3.5,5.8,2021/22,€9.93m,€10.25m,1.56,3.76,6.97,1.65,3.5,6.0,1.58,0.021213203435596444,1.9998697817887354,0.013426078123795218,0.007120253164556889,0.2500454553025636,3.625,0.12990381056766576,1.9990757712199343,0.0358355339497009,0.01896551724137918,0.25031645613511516,6.075,0.1887458608817688,1.9993006968705085,0.031069277511402274,0.016460905349794164,0.2502475458621366
G1,15/12/2021,Giannina,PAOK,A,3.8,3.6,1.95,4.33,3.4,1.85,3.85,3.55,1.95,3.9,3.2,1.88,2021/22,€10.45m,€76.15m,4.11,3.51,1.88,3.1,3.5,2.25,3.9699999999999998,0.21083168642308023,1.9980016579717037,0.05310621824258948,0.02581863979848875,0.25063277758986074,3.4375,0.1556237449748591,1.9985091946167421,0.04527236217450446,0.024545454545454648,0.2505386136993511,1.9075,0.04380353866983804,1.9996190677083685,0.022963847271212603,0.012123197903014304,0.250132916160832
G1,15/12/2021,Lamia,Volos NFC,D,2.45,3.5,2.8,2.4,3.1,2.9,2.45,3.35,2.85,2.4,2.9,2.9,2021/22,€7.85m,€10.30m,2.55,3.06,2.98,2.55,3.2,2.8,2.425,0.025000000000000133,1.999923332947327,0.01030927835051552,0.005154639175257714,0.2500265703050271,3.2125,0.23014940799402464,1.9962826974109837,0.07164183906428782,0.03988326848249013,0.25131451746173283,2.8625,0.04145780987944252,1.9998483213833436,0.014483077687141492,0.007641921397379958,0.2500532104778056
G1,15/12/2021,Atromitos,Olympiakos,A,7.0,4.5,1.4,7.5,4.6,1.4,7.5,4.6,1.43,7.5,4.2,1.38,2021/22,€14.05m,€118.68m,7.18,4.42,1.43,7.5,4.0,1.5,7.375,0.21650635094610965,1.9993710881552347,0.029356793348625038,0.012711864406779627,0.2502308402585411,4.475,0.1639359631075498,1.999020128947002,0.03663373477263683,0.018156424581005748,0.2503606864545368,1.4024999999999999,0.01785357107135714,1.9998833047455353,0.012729818945709194,0.006684491978609541,0.25004010755073464
G1,16/12/2021,OFI Crete,Aris,D,2.87,3.5,2.4,2.9,3.3,2.35,2.9,3.4,2.4,2.9,3.0,2.35,2021/22,€15.25m,€25.68m,2.96,3.29,2.42,3.8,3.4,2.0,2.8925,0.012990381056766495,1.9999854254524205,0.004491056545122383,0.0019446845289541326,0.2500050951048497,3.3000000000000003,0.18708286933869706,1.9976489223685303,0.05669177858748395,0.030303030303030054,0.2508744342875741,2.375,0.02499999999999991,1.9999200708207956,0.010526315789473648,0.0052631578947368585,0.25002770083102493
G1,16/12/2021,Ionikos,AEK,A,6.0,4.33,1.53,6.25,3.8,1.55,6.0,4.2,1.53,6.0,3.7,1.5,2021/22,€9.90m,€48.83m,6.58,4.03,1.51,8.0,4.75,1.4,6.0625,0.10825317547305482,1.9997715556274227,0.017856193892462652,0.0077319587628865705,0.25007652280379555,4.007499999999999,0.26394838510587637,1.9968705997657523,0.06586360202267659,0.03571428571428581,0.25108188141308474,1.5275,0.01785357107135714,1.999901292804261,0.011688098901052138,0.006137479541735047,0.25003449637151054
G1,18/12/2021,Panetolikos,Atromitos,H,2.5,3.25,2.9,2.55,3.0,2.8,2.55,3.15,2.9,2.5,3.0,2.75,2021/22,€10.25m,€14.05m,2.69,3.02,2.85,2.1,3.25,3.8,2.525,0.02499999999999991,1.999929285432166,0.009900990099009866,0.004950495049504955,0.25002450740123516,3.1,0.10606601717798211,1.9991583486918487,0.034214844250961975,0.01814516129032273,0.2502867699872428,2.8375,0.06495190528383288,1.9996213713707367,0.022890539307077667,0.012114537444933848,0.25013233603682866
G1,19/12/2021,Olympiakos,Lamia,H,1.15,7.5,15.0,1.16,7.25,17.0,1.2,7.0,15.0,1.14,6.0,17.0,2021/22,€118.68m,€7.85m,1.13,7.99,19.31,1.18,7.0,12.0,1.1624999999999999,0.022776083947860768,1.999724573992804,0.019592330277729695,0.010215053763440896,0.25009295013808563,6.9375,0.5694020986965187,1.9950176270539275,0.08207597819048919,0.04279279279279269,0.2519565170299932,16.0,1.0,1.9971803988942645,0.0625,0.03125,0.2509765625
G1,19/12/2021,Panathinaikos,Giannina,H,1.66,3.75,5.5,1.65,3.6,5.25,1.7,3.65,5.25,1.62,3.4,5.25,2021/22,€34.75m,€10.45m,1.63,3.75,5.58,1.6,3.75,6.5,1.6575,0.028613807855648946,1.999785315670857,0.017263232492095895,0.009426847662141746,0.25007391944107127,3.6,0.12747548783981966,1.999089349031542,0.035409857733283236,0.0190972222222221,0.25032674307171987,5.3125,0.10825317547305482,1.9997027803132028,0.02037706832433973,0.008823529411764675,0.25009908838684103
G1,19/12/2021,PAOK,Asteras Tripolis,H,1.5,4.2,6.5,1.51,4.1,6.0,1.5,4.2,6.75,1.47,3.7,6.5,2021/22,€76.15m,€9.93m,1.48,4.4,6.31,1.61,3.8,5.5,1.4949999999999999,0.015000000000000013,1.999927163365669,0.01003344481605352,0.0050167224080266415,0.25002562555318986,4.05,0.20615528128088298,1.998096482940005,0.050902538587872345,0.024691358024691246,0.25072214506192214,6.4375,0.2724311839712921,1.9986954017554692,0.0423194072188415,0.02184466019417486,0.25047520801805534
G1,20/12/2021,AEK,OFI Crete,A,1.36,4.75,8.0,1.35,4.8,8.25,1.37,4.9,8.25,1.35,4.2,8.0,2021/22,€48.83m,€15.25m,1.35,5.25,7.58,1.33,5.0,9.0,1.3575000000000002,0.008291561975888507,1.999973115282515,0.006107964623122288,0.0032228360957642366,0.250009271244258,4.6625,0.27243118397129207,1.9974851417099908,0.05843028074451305,0.028820375335120607,0.2509668276863931,8.125,0.125,1.9998292601233938,0.015384615384615385,0.007692307692307665,0.25005917159763313
G1,20/12/2021,Aris,Ionikos,H,1.44,4.2,7.5,1.47,4.0,7.25,1.45,4.2,7.75,1.4,3.8,8.0,2021/22,€25.68m,€9.90m,1.37,4.64,8.57,1.4,4.2,9.5,1.4400000000000002,0.025495097567963948,1.9997731345619316,0.017704928866641628,0.009548611111110938,0.2500799481652274,4.05,0.16583123951777015,1.998781899058905,0.04094598506611609,0.021604938271605034,0.25043748277843975,7.625,0.2795084971874737,1.9990303510960972,0.03665685209016049,0.020491803278688492,0.2503367998321764
G1,04/01/2022,Asteras Tripolis,OFI Crete,H,1.85,3.3,4.75,1.83,3.1,4.75,1.9,3.25,4.6,1.88,3.0,4.2,2021/22,€9.93m,€15.25m,1.92,3.11,4.94,1.8,3.4,5.0,1.8650000000000002,0.02692582403567244,1.9998496348668013,0.014437439161218465,0.008042895442359255,0.25005212541613564,3.1625,0.11924240017711814,1.9989717300104966,0.03770510677537332,0.02075098814229248,0.25036104069360776,4.574999999999999,0.22499999999999992,1.998227354531198,0.04918032786885245,0.024590163934426146,0.25066476126703424
G1,05/01/2022,Lamia,AEK,A,7.0,3.8,1.55,5.75,3.8,1.58,6.25,3.8,1.57,6.0,3.5,1.53,2021/22,€7.85m,€48.83m,5.87,3.91,1.57,4.8,3.4,1.8,6.25,0.46770717334674267,1.9960225140887242,0.07483314773547883,0.040000000000000036,0.2512776032650074,3.7249999999999996,0.12990381056766573,1.999110519618923,0.03487350619266194,0.015100671140939603,0.25033008949092866,1.5575,0.01920286436967154,1.9998902173298603,0.012329286914716879,0.006821829855537587,0.2500382734157572
G1,05/01/2022,Apollon,Olympiakos,D,11.0,5.0,1.33,9.25,5.0,1.32,11.0,5.25,1.3,12.0,4.6,1.25,2021/22,€6.80m,€118.68m,11.76,5.18,1.27,13.0,5.75,1.25,10.8125,0.9901862198596787,1.9938307883132056,0.09157791628760034,0.047687861271676235,0.2523689348842682,4.9625,0.2328492001274646,1.9983989319864517,0.04692175317430017,0.024559193954660108,0.2505786962540205,1.3,0.03082207001484491,1.9995919688872354,0.023709284626803776,0.012499999999999956,0.25014589810612453
G1,05/01/2022,Panathinaikos,Aris,H,2.05,3.25,3.8,2.15,3.1,3.4,2.1,3.2,3.7,2.1,2.88,3.6,2021/22,€34.75m,€25.68m,2.15,3.06,3.79,2.3,2.9,3.6,2.0999999999999996,0.03535533905932741,1.999795517094549,0.016835875742536865,0.008928571428571397,0.25007092196301056,3.1075,0.1420167243672379,1.9984761269197446,0.045701278959690395,0.02433628318584069,0.2505591427686273,3.625,0.1479019945774904,1.9987914576455403,0.04080055022827321,0.022413793103448265,0.250432760672083
G1,08/01/2022,OFI Crete,Giannina,D,2.4,3.1,3.2,2.45,3.25,2.8,2.3,3.1,3.35,2.4,2.87,3.0,2021/22,€15.25m,€10.45m,2.44,3.11,3.09,2.15,3.1,3.6,2.3875,0.054486236794258534,1.9996223756299958,0.02282146043738577,0.01178010471204205,0.25013430846173473,3.0799999999999996,0.1358307770720612,1.9985871987317603,0.044100901646773126,0.02313311688311681,0.2505078180215099,3.0875,0.20728904939721263,1.996734490157926,0.06713815365091907,0.037449392712550544,0.2511572162304906
G1,09/01/2022,Volos NFC,Panathinaikos,H,3.6,3.3,2.1,3.8,3.3,1.95,3.55,3.3,2.1,3.6,3.1,2.0,2021/22,€10.30m,€34.75m,3.79,3.29,2.05,5.0,3.5,1.75,3.6375,0.09601432184835755,1.9995016772236176,0.02639568985521857,0.012886597938144284,0.25016548583222775,3.25,0.08660254037844375,1.9994824019632236,0.026646935501059617,0.011538461538461497,0.25018896447467875,2.0375,0.06495190528383295,1.9992651245099853,0.0318782357221266,0.016871165644171793,0.25025774561398173
G1,12/01/2022,Apollon,OFI Crete,A,2.5,3.2,2.8,2.65,3.1,2.65,2.55,3.2,2.85,2.62,2.9,2.62,2021/22,€6.80m,€15.25m,2.78,3.17,2.64,3.0,3.0,2.55,2.58,0.058736700622353664,1.9996256182413346,0.022766163031920025,0.012596899224806224,0.2501306244578452,3.1000000000000005,0.12247448713915901,1.998861354897418,0.03950789907714806,0.020161290322580516,0.25041733207827466,2.73,0.09721111047611788,1.9990858059091832,0.03560846537586736,0.019230769230769162,0.25031579336146254
G1,12/01/2022,PAOK,Panetolikos,H,1.28,5.75,10.0,1.25,6.0,10.5,1.27,5.75,11.0,1.25,4.75,11.0,2021/22,€76.15m,€10.25m,1.24,6.0,10.84,1.4,5.0,7.0,1.2625000000000002,0.012990381056766592,1.9999236838063121,0.010289410738032943,0.00544554455445545,0.2500263538425457,5.5625,0.480071609241788,1.9944573326365271,0.08630500840301807,0.042134831460674205,0.25223995455200776,10.625,0.414578098794425,1.9988942420654399,0.039019115180651764,0.020588235294117574,0.2503964325682371
G1,15/01/2022,Asteras Tripolis,Volos NFC,H,1.8,3.5,4.75,1.85,3.4,4.1,1.8,3.45,4.6,1.8,3.25,4.2,2021/22,€9.93m,€10.30m,1.81,3.34,4.8,1.5,4.2,6.5,1.8125,0.021650635094610984,1.9998975404698254,0.011945177983233647,0.005172413793103292,0.2500347077606553,3.4000000000000004,0.09354143466934856,1.9994504156778616,0.027512186667455453,0.014705882352941346,0.2501968306527252,4.4125,0.27012728481217885,1.9972979975182512,0.06121864811607453,0.033286118980169865,0.25093193168099814
G1,15/01/2022,Lamia,Ionikos,H,2.2,3.2,3.5,2.1,3.3,3.4,2.2,3.15,3.5,2.15,2.9,3.4,2021/22,€7.85m,€9.90m,2.17,3.35,3.37,2.1,3.1,4.0,2.1625000000000005,0.04145780987944255,1.9997340157929084,0.019171241562747996,0.01011560693641611,0.250093687726523,3.1375,0.14737282653189496,1.9983899891079357,0.0469714188149466,0.02490039840637448,0.25059154711300186,3.45,0.050000000000000044,1.9998484829291057,0.014492753623188418,0.007246376811594457,0.25005250997689565
G1,15/01/2022,Apollon,Aris,D,4.2,3.5,1.85,4.1,3.3,1.9,4.2,3.45,1.9,4.33,3.0,1.85,2021/22,€6.80m,€25.68m,4.5,3.29,1.88,5.25,3.5,1.7,4.2075000000000005,0.08166241485530551,1.9997287140848823,0.019408773584148664,0.01024955436720143,0.2500932836640105,3.3125,0.19485571585149872,1.9974657331561827,0.058824367049509045,0.031132075471698162,0.2509475172899188,1.875,0.02499999999999991,1.999871756640849,0.013333333333333286,0.006666666666666821,0.2500444444444444
G1,15/01/2022,PAOK,OFI Crete,H,1.4,5.0,8.0,1.38,4.5,8.25,1.4,4.7,8.25,1.35,4.2,8.5,2021/22,€76.15m,€15.25m,1.35,4.94,8.45,1.53,4.5,5.5,1.3824999999999998,0.020463381929681054,1.999841410954707,0.014801722914778341,0.00768535262206127,0.2500559219090033,4.6,0.291547594742265,1.9970988766595756,0.0633799119004924,0.03532608695652173,0.25101373894973256,8.25,0.1767766952966369,1.9996687520844423,0.02142747821777417,0.011363636363636465,0.25011494243172394
G1,16/01/2022,AEK,Panetolikos,A,1.33,5.25,9.0,1.3,5.75,8.25,1.33,5.25,9.5,1.27,4.5,11.0,2021/22,€48.83m,€10.25m,1.27,5.87,9.78,1.36,5.0,9.0,1.3075,0.02487468592766552,1.9997380755259462,0.01902461638827191,0.01003824091778216,0.25009224603884106,5.1875,0.44633927678392815,1.99458272325077,0.08604130636798615,0.04518072289156616,0.2520278008259483,9.4375,1.0058423087144426,1.9919243239499165,0.10657931747967604,0.057947019867549576,0.2526183893749731
G1,16/01/2022,Giannina,Atromitos,D,1.95,3.3,4.2,1.98,3.2,3.9,1.95,3.3,4.1,1.9,3.1,4.0,2021/22,€10.45m,€14.05m,1.95,3.41,3.98,1.85,3.5,4.33,1.945,0.02872281323269017,1.9998422849335045,0.014767513230174894,0.007712082262210762,0.25005537352426205,3.2249999999999996,0.08291561975888487,1.9995210732554167,0.025710269692677482,0.013565891472868241,0.25016966048337025,4.05,0.11180339887498954,1.9994501616675164,0.027605777499997416,0.015432098765431945,0.25019079885917106
G1,16/01/2022,Panathinaikos,Olympiakos,D,4.33,3.3,1.95,4.1,3.3,1.9,4.2,3.3,1.95,3.9,3.1,1.9,2021/22,€34.75m,€118.68m,4.15,3.31,1.94,3.1,3.2,2.4,4.1325,0.15706288549495082,1.9989536272257538,0.03800674785116777,0.02102238354506958,0.25037060067138267,3.25,0.08660254037844375,1.9994824019632236,0.026646935501059617,0.011538461538461497,0.25018896447467875,1.925,0.025000000000000022,1.9998783322990061,0.012987012987012998,0.006493506493506551,0.2500421656265812
G1,22/01/2022,OFI Crete,Panetolikos,A,1.95,3.5,3.8,1.87,3.6,3.75,1.97,3.45,3.8,1.95,3.1,3.75,2021/22,€15.25m,€10.25m,1.93,3.48,3.94,1.85,3.6,4.0,1.935,0.038405728739342976,1.999713923076914,0.019847921829117817,0.00968992248061995,0.2501025149240128,3.4124999999999996,0.18833148966649205,1.9977653092287389,0.055188714920583755,0.028388278388278287,0.2508431015123188,3.7750000000000004,0.02499999999999991,1.999968363107175,0.0066225165562913664,0.0033112582781456013,0.2500109644313846
G1,22/01/2022,Ionikos,Panathinaikos,A,4.0,3.5,1.9,4.33,3.4,1.83,4.0,3.45,1.95,4.2,3.2,1.83,2021/22,€9.90m,€34.75m,4.55,3.55,1.79,5.0,3.6,1.7,4.1325,0.14024532077755755,1.9991718434022818,0.0339371617126576,0.017997580157289805,0.25028235893220757,3.3875,0.11388041973930368,1.9991768202879516,0.0336178360854033,0.017527675276752586,0.2502994688861502,1.8775000000000002,0.05068283733178317,1.9994758650561975,0.026994853439032313,0.014314247669773517,0.2501789860382652
G1,23/01/2022,Aris,Lamia,D,1.61,3.6,6.0,1.55,3.9,6.0,1.63,3.6,6.0,1.7,3.3,4.8,2021/22,€25.68m,€7.85m,1.62,3.39,6.69,1.55,3.75,6.5,1.6225,0.05356071321407133,1.999214809020656,0.0330112254015848,0.018104776579352944,0.2502708379804209,3.6,0.21213203435596428,1.997492414092985,0.05892556509887897,0.03125,0.25087715038424657,5.7,0.5196152422706632,1.9937737543219838,0.0911605688194146,0.03947368421052633,0.2525951557093426
G1,23/01/2022,Atromitos,AEK,A,5.5,3.6,1.66,4.5,3.75,1.71,5.5,3.6,1.67,5.0,3.4,1.65,2021/22,€14.05m,€48.83m,4.9,3.73,1.7,4.75,3.5,1.75,5.125,0.414578098794425,1.9952080638406455,0.0808932875696439,0.04268292682926833,0.25178924273564146,3.5875,0.12437342963832752,1.9991296611707854,0.03466855181556168,0.018292682926829285,0.2503078226722025,1.6724999999999999,0.022776083947860768,1.9998667237463872,0.013617987412771761,0.007100149476831241,0.25004533816655156
G1,23/01/2022,Volos NFC,PAOK,A,4.5,3.6,1.8,4.6,3.6,1.73,4.3,3.6,1.83,4.2,3.5,1.75,2021/22,€10.30m,€76.15m,4.79,3.61,1.74,4.75,3.75,1.8,4.4,0.15811388300841883,1.999068234987547,0.035934973411004274,0.019886363636363757,0.2503232817778469,3.5749999999999997,0.043301270189221974,1.9998936741990638,0.01211224340957258,0.005244755244755428,0.2500377244605402,1.7775,0.039607448794387184,1.9996420988498904,0.02228267161428252,0.012306610407876173,0.25012357156118803
G1,23/01/2022,Olympiakos,Giannina,H,1.33,5.0,9.5,1.29,5.0,10.5,1.33,4.9,10.0,1.28,4.33,11.0,2021/22,€118.68m,€10.45m,1.27,5.48,11.1,1.33,5.25,8.5,1.3075,0.022776083947860768,1.9997810104478664,0.017419567072933663,0.009082217973231499,0.2500760557589792,4.8075,0.278691137282835,1.9975218685827374,0.05797007535784399,0.027431097243889813,0.25095747346274994,10.25,0.5590169943749475,1.997852661428451,0.05453824335365341,0.030487804878048808,0.2507478727808443
G1,24/01/2022,Asteras Tripolis,Apollon,H,1.55,3.9,6.5,1.55,4.0,5.75,1.55,3.85,6.5,1.5,3.4,7.0,2021/22,€9.93m,€6.80m,1.5,4.13,6.58,1.45,4.33,7.5,1.5374999999999999,0.021650635094610987,1.999856174166598,0.014081713882673813,0.0060975609756099836,0.25005122600915236,3.7875,0.23014940799402464,1.9972807243944861,0.06076552026244875,0.03052805280528048,0.2510445657154736,6.4375,0.44633927678392815,1.9964934577632087,0.06933425658779467,0.03640776699029136,0.25128947829034287
G1,29/01/2022,Lamia,OFI Crete,H,2.8,3.0,2.7,2.7,3.0,2.7,2.8,3.0,2.75,2.75,2.87,2.55,2021/22,€7.85m,€15.25m,2.97,3.07,2.62,2.6,2.87,3.1,2.7625,0.04145780987944235,1.9998371266713626,0.015007351992558315,0.007918552036199289,0.2500571633667805,2.9675000000000002,0.05629165124598847,1.9997384998422307,0.01896938542409047,0.008213984835720334,0.25009403370078814,2.675,0.07500000000000011,1.9994280755691043,0.028037383177570135,0.014018691588784993,0.2502068900191434
G1,29/01/2022,Panathinaikos,Asteras Tripolis,A,1.83,3.4,4.75,1.78,3.4,4.6,1.83,3.4,4.6,1.8,3.1,4.5,2021/22,€34.75m,€9.93m,1.76,3.57,5.06,1.66,3.25,7.0,1.81,0.021213203435596444,1.999900791968123,0.011720001898119583,0.006215469613259916,0.2500345984323938,3.325,0.12990381056766573,1.9988817179859435,0.03906881520832052,0.016917293233082775,0.2504185008370016,4.6125,0.08926785535678565,1.999730498267439,0.01935346457599689,0.010162601626016121,0.2500922542189555
G1,29/01/2022,Ionikos,Atromitos,H,2.62,3.1,2.87,2.55,3.0,2.87,2.6,3.05,2.9,2.55,2.87,2.8,2021/22,€9.90m,€14.05m,2.67,2.97,2.92,2.55,3.1,3.0,2.58,0.030822070014845018,1.9998971095044287,0.011946538765443805,0.006298449612403223,0.25003555197148536,3.005,0.0855862138431184,1.999411349066405,0.028481269165763195,0.015391014975041584,0.25021024356376,2.86,0.036742346141747734,1.9998805528966006,0.01284697417543627,0.006555944055944174,0.2500420861661861
G1,30/01/2022,Giannina,Apollon,H,1.8,3.5,4.75,1.7,3.5,4.8,1.83,3.4,4.6,1.78,3.2,4.4,2021/22,€10.45m,€6.80m,1.83,3.29,4.81,1.57,3.75,7.0,1.7775,0.0481534007106456,1.99946715946365,0.027090520793612148,0.014416315049226469,0.25019079530732635,3.4,0.12247448713915883,1.9990544016278453,0.03602190798210554,0.018382352941176405,0.25034480880627474,4.6375,0.155623744974859,1.9991827478930448,0.03355768085711245,0.01819407008086249,0.2502919407589981
G1,30/01/2022,Panetolikos,Aris,A,3.4,3.1,2.3,3.5,3.0,2.15,3.4,3.1,2.3,3.4,2.9,2.15,2021/22,€10.25m,€25.68m,3.44,3.11,2.26,4.33,2.9,2.1,3.4250000000000003,0.043301270189221974,1.9998852552188593,0.012642706624590357,0.005474452554744769,0.25003881786657,3.025,0.08291561975888508,1.9994554854486324,0.027410122234342176,0.01446280991735538,0.2501931854428734,2.2249999999999996,0.07499999999999996,1.9991802351145684,0.03370786516853931,0.016853932584269815,0.2502840550435551
G1,30/01/2022,AEK,Volos NFC,A,1.33,5.5,8.5,1.35,5.0,8.25,1.33,5.25,8.5,1.32,4.4,8.5,2021/22,€48.83m,€10.30m,1.33,5.29,8.2,1.3,5.75,9.5,1.3325,0.010897247358851694,1.999951840581888,0.008178046798387762,0.004221388367729784,0.25001654544837193,5.0375,0.4083120742765267,1.9951795787507716,0.08105450605985642,0.04404466501240689,0.2518223408568131,8.4375,0.10825317547305482,1.999880665596286,0.012830005981991683,0.005555555555555536,0.2500423992311607
G1,30/01/2022,PAOK,Olympiakos,D,2.6,3.2,2.8,2.6,3.25,2.6,2.55,3.2,2.85,2.55,3.0,2.7,2021/22,€76.15m,€118.68m,2.67,3.25,2.69,2.55,3.0,3.1,2.575,0.025000000000000133,1.9999320050095961,0.009708737864077721,0.004854368932038833,0.2500235648977284,3.1624999999999996,0.09601432184835763,1.9993281850367581,0.030360259872998466,0.014822134387351804,0.25024515302034933,2.7375000000000003,0.09601432184835755,1.9991094481729534,0.03507372487611234,0.019406392694063967,0.25031421147953253
G1,02/02/2022,Asteras Tripolis,Giannina,H,1.85,3.2,5.0,1.77,3.5,4.5,1.9,3.2,4.8,1.78,3.2,4.5,2021/22,€9.93m,€10.45m,1.76,3.62,4.67,1.8,3.1,5.75,1.8250000000000002,0.05315072906367322,1.9993898197192874,0.029123687158177106,0.015753424657534154,0.2502085634257275,3.2750000000000004,0.12990381056766573,1.9988817374681844,0.03966528566951625,0.01717557251908386,0.25035963556928986,4.7,0.21213203435596423,1.998536786821135,0.045134475394886006,0.02393617021276606,0.25049602648303965
G1,02/02/2022,OFI Crete,Panathinaikos,H,3.6,3.0,2.25,3.6,2.9,2.2,3.5,3.0,2.3,3.3,3.0,2.15,2021/22,€15.25m,€34.75m,3.9,2.97,2.16,3.8,3.2,2.1,3.5,0.12247448713915901,1.9991079338324718,0.03499271061118829,0.017857142857142794,0.2503247997532,2.975,0.04330127018922197,1.999846314035118,0.01455504880309982,0.006302521008403339,0.250054788516327,2.2249999999999996,0.05590169943749469,1.9995445827321883,0.025124359297750427,0.014044943820224587,0.2501579998176322
G1,02/02/2022,Olympiakos,Panetolikos,H,1.25,6.0,13.0,1.24,5.75,12.5,1.25,5.75,12.0,1.2,5.25,13.0,2021/22,€118.68m,€10.25m,1.21,6.48,11.87,1.36,5.25,7.5,1.235,0.020615528128088322,1.9997978284945632,0.016692735326387303,0.008097165991902688,0.25007212357469877,5.6875,0.2724311839712921,1.9983263338878798,0.047899988390556855,0.024725274725274637,0.25061400160858716,12.625,0.414578098794425,1.9992177193358276,0.0328378692114396,0.017326732673267342,0.25027889076304644
G1,02/02/2022,Aris,AEK,H,2.8,3.0,2.75,2.8,3.0,2.55,2.8,3.0,2.75,2.7,2.88,2.6,2021/22,€25.68m,€48.83m,2.88,2.94,2.72,2.4,2.9,3.3,2.7750000000000004,0.04330127018922178,1.9998232896721564,0.015604061329449288,0.006756756756756799,0.25006312599949493,2.9699999999999998,0.05196152422706637,1.999777688257265,0.01749546270271595,0.007575757575757569,0.2500797109150813,2.6625,0.08926785535678566,1.9991879006408826,0.03352783299785377,0.01760563380281699,0.25028335309511185
G1,02/02/2022,Volos NFC,Ionikos,D,1.8,3.4,5.0,1.78,3.5,4.5,1.83,3.4,4.7,1.78,3.25,4.33,2021/22,€10.30m,€9.90m,1.84,3.44,4.46,2.15,3.4,3.4,1.7975,0.020463381929681144,1.9999067515806626,0.011384357123605643,0.005910987482614871,0.25003190305245265,3.3875,0.08926785535678562,1.9994971393500218,0.02635213442266734,0.013837638376383854,0.2501777600084272,4.6325,0.24933661985356262,1.9979206170575237,0.0538233394179304,0.0298165137614681,0.2507036778079776
G1,02/02/2022,Apollon,PAOK,A,7.5,4.0,1.5,7.0,4.1,1.46,7.25,4.0,1.5,7.5,3.8,1.42,2021/22,€6.80m,€76.15m,7.78,4.29,1.43,7.5,3.8,1.53,7.3125,0.2072890493972125,1.9994175194738009,0.028347220430388034,0.014957264957264904,0.25020682726082266,3.9749999999999996,0.1089724735885168,1.999454494333496,0.027414458764406745,0.014150943396226578,0.2501950839256939,1.47,0.033166247903554026,1.999631386137535,0.02256207340377825,0.011904761904762085,0.2501302211112013
G1,05/02/2022,Aris,Volos NFC,A,1.53,4.2,6.5,1.52,4.2,5.75,1.53,4.1,6.5,1.5,3.6,6.5,2021/22,€25.68m,€10.30m,1.5,4.27,6.24,1.45,4.5,7.5,1.52,0.012247448713915901,1.9999530636380616,0.008057532048628883,0.004111842105263053,0.25001644771960935,4.025,0.248746859276655,1.9971802585203278,0.06180046193208819,0.029503105590062084,0.2510957598632499,6.3125,0.3247595264191645,1.9980508589466812,0.051447053690164675,0.022277227722772297,0.25074792243767313
G1,05/02/2022,Panetolikos,Giannina,A,2.8,3.0,2.8,2.65,3.1,2.65,2.75,3.05,2.75,2.6,3.0,2.62,2021/22,€10.25m,€10.45m,2.65,3.12,2.8,2.3,3.1,3.4,2.6999999999999997,0.07905694150420942,1.9993814405233368,0.02928034870526275,0.016203703703703942,0.25021453344705274,3.0374999999999996,0.04145780987944252,1.9998659179747336,0.013648661688705358,0.007201646090534863,0.25004596030748916,2.705,0.07297259759663205,1.9994754639884535,0.02697693071964216,0.014787430683918634,0.25018099302667607
G1,06/02/2022,AEK,Apollon,H,1.28,5.5,11.0,1.24,6.0,11.5,1.27,5.5,12.0,1.24,4.8,12.0,2021/22,€48.83m,€6.80m,1.22,6.11,12.51,1.28,5.0,12.0,1.2574999999999998,0.01785357107135714,1.999854668938708,0.014197670832093156,0.00745526838966204,0.25005023300485596,5.45,0.4272001872658766,1.995518250195095,0.07838535546162874,0.041284403669724634,0.25165023011176846,11.625,0.414578098794425,1.9990768688075227,0.035662632154359136,0.018817204301075252,0.25032994673325315
G1,06/02/2022,Ionikos,Olympiakos,A,9.0,4.75,1.36,9.0,4.6,1.36,9.0,4.7,1.37,10.0,4.0,1.33,2021/22,€9.90m,€118.68m,9.26,4.2,1.39,7.5,4.5,1.4,9.25,0.4330127018922193,1.9984464470393264,0.046812183988348036,0.020270270270270174,0.25049309664694286,4.5125,0.30078023538789916,1.996714909442927,0.06665489980895271,0.032548476454293596,0.25128618490080157,1.3550000000000002,0.015000000000000012,1.9999113068384793,0.011070110701107017,0.005535055350553542,0.2500312533263488
G1,06/02/2022,PAOK,Panathinaikos,H,1.95,3.4,4.2,1.87,3.5,4.0,1.95,3.35,4.1,1.88,3.2,3.9,2021/22,€76.15m,€34.75m,1.88,3.41,4.29,1.85,3.1,5.0,1.9125,0.03766629793329838,1.9997201330352665,0.019694796304992615,0.010130718954248552,0.25009707582185736,3.3625000000000003,0.10825317547305476,1.9992494995386263,0.03219425292878952,0.017657992565055736,0.25026527227593964,4.05,0.11180339887498954,1.9994501616675167,0.027605777499997416,0.015432098765431945,0.25019079885917106
G1,10/02/2022,Atromitos,Lamia,H,2.05,3.1,4.0,2.2,2.87,3.6,2.05,3.1,4.0,2.05,2.9,3.7,2021/22,€14.05m,€7.85m,2.17,2.93,3.94,2.25,3.1,3.6,2.0875,0.06495190528383306,1.9993097548209664,0.031114685165908054,0.013473053892215647,0.25022553376323975,2.9925,0.10802198850234154,1.9990595210451887,0.036097573434366426,0.018588137009189598,0.2503264868589607,3.825,0.1785357107135712,1.9984249526849174,0.04667600280093364,0.024509803921568762,0.25055110384972207
G1,12/02/2022,Apollon,Panetolikos,D,2.8,3.1,2.7,2.6,3.1,2.7,2.8,3.05,2.7,2.7,2.88,2.6,2021/22,€6.80m,€10.25m,2.98,3.01,2.58,3.0,2.87,2.7,2.7250000000000005,0.08291561975888487,1.9993286287649277,0.030427750370232973,0.016055045871559814,0.2502388333422856,3.0324999999999998,0.09038113741262617,1.9993527151017638,0.029804167324856117,0.014633140972794889,0.2502359201464757,2.675,0.043301270189221974,1.9998097868973217,0.016187390724942796,0.007009345794392274,0.25006802721088434
G1,12/02/2022,Asteras Tripolis,Ionikos,A,1.61,3.6,6.5,1.68,3.4,5.5,1.63,3.55,6.25,1.6,3.3,5.8,2021/22,€9.93m,€9.90m,1.61,3.71,5.88,1.61,3.6,6.5,1.6300000000000001,0.03082207001484482,1.9997432942235183,0.018909245407880255,0.00996932515337412,0.2500868856627064,3.4625000000000004,0.11924240017711828,1.9991424163330875,0.034438238318301305,0.018953068592057587,0.2503007393874224,6.0125,0.3879030162295725,1.9969903494686467,0.06451609417539668,0.035862785862785795,0.2510550747507937
G1,13/02/2022,OFI Crete,Volos NFC,H,1.9,3.5,4.2,1.9,3.4,4.0,1.9,3.45,4.1,1.83,3.3,3.9,2021/22,€15.25m,€10.30m,1.81,3.58,4.38,1.75,3.75,4.75,1.8824999999999998,0.030310889132455283,1.999811808782659,0.01610140192959112,0.006972111553784854,0.250067292779439,3.4124999999999996,0.0739509972887453,1.9996601307128108,0.02167062191611584,0.011904761904761862,0.2501197584297588,4.05,0.11180339887498954,1.9994501616675167,0.027605777499997416,0.015432098765431945,0.25019079885917106
G1,13/02/2022,Panathinaikos,Lamia,H,1.4,4.2,10.0,1.4,4.75,7.0,1.4,4.3,9.5,1.35,4.0,9.0,2021/22,€34.75m,€7.85m,1.37,4.61,8.67,1.45,3.8,9.5,1.3875000000000002,0.02165063509461089,1.9998232896721564,0.015604061329449288,0.006756756756756799,0.25006312599949493,4.3125,0.27471576219794885,1.9971077319547337,0.0637022057270606,0.034057971014492594,0.2509457491514393,8.875,1.1388041973930374,1.9876231253082952,0.12831596590344083,0.06690140845070425,0.25526712455226797
G1,13/02/2022,PAOK,Atromitos,H,1.33,5.0,10.0,1.32,5.25,8.25,1.33,5.0,10.0,1.3,4.33,10.0,2021/22,€76.15m,€14.05m,1.29,5.54,9.36,1.33,5.0,11.0,1.32,0.012247448713915901,1.9999377419108562,0.009278370237815076,0.004734848484848619,0.250021853764286,4.895,0.341796723214252,1.9964081123057693,0.06982568400699735,0.03524004085801824,0.25138376438133214,9.5625,0.7577722283113838,1.9953200170370144,0.07924415459465452,0.03431372549019618,0.2519020754619326
G1,13/02/2022,Olympiakos,AEK,H,1.83,3.5,4.5,1.8,3.5,4.4,1.83,3.5,4.4,1.78,3.3,4.2,2021/22,€118.68m,€48.83m,1.75,3.84,4.39,1.9,3.2,4.5,1.81,0.021213203435596444,1.999900791968123,0.011720001898119583,0.006215469613259916,0.2500345984323938,3.45,0.08660254037844395,1.9995409588212818,0.025102185616940272,0.010869565217391353,0.2501670750723992,4.375,0.1089724735885168,1.999549948794469,0.024907993963089556,0.012857142857142678,0.2501604653245629
G1,14/02/2022,Giannina,Aris,H,2.9,3.1,2.6,2.85,3.0,2.55,2.9,3.05,2.6,3.0,2.75,2.5,2021/22,€10.45m,€25.68m,3.07,2.89,2.61,3.5,2.7,2.55,2.9125,0.0544862367942584,1.999748539595483,0.018707720787728206,0.00965665236051505,0.2500854590483924,2.9749999999999996,0.1346291201783626,1.9985010876117681,0.04525348577423953,0.02310924369747891,0.25055859549974313,2.5625,0.04145780987944255,1.9998106721105382,0.0161786575139288,0.008536585365853666,0.2500665149339838
G1,16/02/2022,Panetolikos,Lamia,H,2.15,3.1,3.6,2.2,3.0,3.6,2.2,3.1,3.55,2.15,2.9,3.4,2021/22,€10.25m,€7.85m,2.22,3.12,3.51,1.95,3.2,4.5,2.175,0.025000000000000133,1.9999046950184836,0.01149425287356328,0.005747126436781658,0.25003302946228034,3.025,0.08291561975888508,1.9994554854486324,0.027410122234342176,0.01446280991735538,0.2501931854428734,3.5374999999999996,0.08196798155377508,1.9996097661620997,0.023171160863257975,0.01148409893992941,0.25014043911678774
G1,16/02/2022,Atromitos,OFI Crete,D,2.6,3.25,2.7,2.55,3.1,2.8,2.6,3.25,2.75,2.4,3.1,2.8,2021/22,€14.05m,€15.25m,2.66,3.16,2.75,2.25,3.4,3.2,2.5375,0.08196798155377508,1.9992392513633273,0.03230265282907392,0.016009852216748666,0.250277988320922,3.175,0.07499999999999996,1.9995974498364508,0.023622047244094474,0.011811023622047223,0.25013950027900056,2.7625,0.04145780987944235,1.9998371266713626,0.015007351992558315,0.007918552036199289,0.2500571633667805
G1,16/02/2022,Apollon,Panathinaikos,A,6.0,4.0,1.53,6.25,3.75,1.55,6.0,3.95,1.57,5.8,3.4,1.57,2021/22,€6.80m,€34.75m,6.37,3.67,1.58,6.0,4.0,1.53,6.0125,0.15958931668504636,1.9994927220993484,0.026542921693978604,0.014033264033264103,0.25017432122035355,3.7750000000000004,0.23584952830141515,1.9971404953211247,0.06247669623878546,0.03311258278145712,0.2510705019152168,1.5550000000000002,0.016583123951777013,1.9999178153051147,0.010664388393425732,0.00562700964630225,0.25002873767987416
G1,19/02/2022,Ionikos,OFI Crete,D,2.8,3.0,2.8,2.75,3.0,2.6,2.75,3.0,2.75,2.62,2.9,2.62,2021/22,€9.90m,€15.25m,2.89,2.89,2.76,2.62,2.9,3.1,2.73,0.06670832032063158,1.9995663297714874,0.024435282168729516,0.01236263736263754,0.25015556117581855,2.975,0.043301270189221974,1.999846314035118,0.014555048803099822,0.006302521008403339,0.25005478851632695,2.6925,0.08466847110938039,1.999287353626745,0.031446043123261054,0.016945218198699985,0.2502456868628568
G1,19/02/2022,Atromitos,Asteras Tripolis,H,3.2,3.1,2.45,3.0,3.0,2.4,3.1,3.05,2.45,3.0,2.9,2.35,2021/22,€14.05m,€9.93m,2.96,3.08,2.54,2.2,3.1,3.6,3.0749999999999997,0.08291561975888508,1.9994777463270101,0.026964429189881328,0.014227642276422703,0.25017717363869485,3.0125,0.07395099728874524,1.9995636835775439,0.02454804889252954,0.013485477178423189,0.2501541022828865,2.4124999999999996,0.04145780987944255,1.9997863596165009,0.017184584405986553,0.009067357512953178,0.2500751214786691
G1,19/02/2022,Panetolikos,Panathinaikos,H,4.5,3.25,1.9,3.9,3.25,1.95,4.4,3.25,1.9,4.0,3.2,1.85,2021/22,€10.25m,€34.75m,4.18,3.37,1.92,3.2,3.0,2.45,4.2,0.2549509756796393,1.9973400960763876,0.060702613257056975,0.03273809523809512,0.25092271752663836,3.2375,0.02165063509461089,1.999967656255864,0.006687454855478268,0.0028957528957529455,0.25001135520598344,1.9,0.03535533905932733,1.9997501970908795,0.018608073189119646,0.009868421052631637,0.25008665507106437
G1,20/02/2022,Lamia,Apollon,A,2.0,3.2,4.2,2.0,3.0,4.1,2.0,3.15,4.2,1.95,2.9,4.2,2021/22,€7.85m,€6.80m,2.0,3.2,4.09,1.95,3.2,4.5,1.9875,0.021650635094610987,1.999914037535229,0.010893401305464647,0.004716981132075526,0.25003042719785795,3.0625,0.11924240017711826,1.9989033731478563,0.03893629393538556,0.021428571428571352,0.2503852226875336,4.175,0.04330127018922216,1.9999220921179726,0.01037156172196938,0.0044910179640720305,0.25002754820936635
G1,20/02/2022,Volos NFC,Olympiakos,A,7.0,4.0,1.53,6.0,4.0,1.53,6.5,4.1,1.53,6.0,3.9,1.47,2021/22,€10.30m,€118.68m,5.86,4.17,1.53,6.0,3.75,1.65,6.375,0.414578098794425,1.99697857212937,0.0650318586344196,0.03431372549019618,0.2509971606273661,4.0,0.07071067811865465,1.9997745554126243,0.017677669529663664,0.009374999999999911,0.25007819828035127,1.5150000000000001,0.025980762113533184,1.9997864348147452,0.01714901789672157,0.007425742574257432,0.25007652280379555
G1,20/02/2022,AEK,Giannina,H,1.65,3.8,5.5,1.62,3.7,5.5,1.63,3.75,5.5,1.57,3.5,5.5,2021/22,€48.83m,€10.45m,1.53,4.28,5.72,1.33,5.0,9.5,1.6175,0.02947456530637893,1.9997594405805759,0.018222296943665492,0.009659969088098741,0.2500851964039017,3.6875,0.1138804197393037,1.999305879667531,0.030882825692014563,0.016101694915254372,0.25025148901073074,5.5,0.0,2.0,0.0,0.0,0.25
G1,20/02/2022,Aris,PAOK,D,2.87,3.2,2.55,2.9,2.95,2.55,2.9,3.15,2.5,2.88,2.9,2.45,2021/22,€25.68m,€76.15m,3.13,2.88,2.58,2.7,2.87,3.0,2.8874999999999997,0.012990381056766516,1.999985395541541,0.004498833266412646,0.0023809523809523725,0.25000506969690106,3.0500000000000003,0.12747548783981966,1.9987394981766466,0.04179524191469496,0.02254098360655732,0.25043705009906264,2.5125,0.04145780987944235,1.9998030507238345,0.016500620847539244,0.008706467661691475,0.25006921165872364
G1,23/02/2022,Lamia,Asteras Tripolis,A,2.75,3.1,2.75,2.8,2.95,2.6,2.75,3.05,2.75,2.75,2.8,2.62,2021/22,€7.85m,€9.93m,3.04,2.85,2.66,3.2,3.0,2.45,2.7625,0.02165063509461089,1.9999558247000528,0.00783733397089987,0.0033936651583710287,0.2500150817430473,2.9750000000000005,0.11456439237389605,1.9989229549764445,0.03850903945341043,0.021008403361344685,0.25038629507648125,2.6799999999999997,0.07035623639735139,1.999502667680886,0.02625232701393709,0.013526119402984982,0.2501725837147182
G1,23/02/2022,Aris,Atromitos,H,1.5,4.2,6.5,1.46,4.33,6.5,1.53,4.1,6.5,1.5,3.6,6.5,2021/22,€25.68m,€14.05m,1.49,4.25,6.38,1.5,4.0,7.0,1.4975,0.024874685927665518,1.999800619037162,0.01661080863283173,0.008764607679465852,0.25006972247613546,4.0575,0.27643941470058137,1.9965805409420818,0.06813047805313158,0.03527418361059764,0.25131632257594005,6.5,0.0,2.0,0.0,0.0,0.25
G1,23/02/2022,Ionikos,Apollon,H,1.95,3.25,4.2,1.98,3.1,4.1,1.97,3.25,4.2,1.95,3.0,3.9,2021/22,€9.90m,€6.80m,1.98,3.2,4.17,1.53,3.8,7.0,1.9625,0.012990381056766592,1.9999684086566745,0.006619302449307818,0.00350318471337574,0.2500109231819417,3.15,0.10606601717798211,1.999179039872153,0.03367175148507369,0.017857142857143016,0.2502898573423542,4.1000000000000005,0.12247448713915901,1.9993508934084194,0.029871826131502195,0.015243902439024293,0.25023458773246365
G1,26/02/2022,Asteras Tripolis,Aris,A,2.55,3.0,3.1,2.45,2.95,3.0,2.55,2.95,3.1,2.45,2.8,3.0,2021/22,€9.93m,€25.68m,2.57,2.98,3.03,2.8,2.87,2.87,2.5,0.04999999999999982,1.99971144175281,0.019999999999999928,0.010000000000000009,0.25010000000000004,2.925,0.07500000000000011,1.9995220221627457,0.02564102564102568,0.012820512820512775,0.250172255891682,3.05,0.050000000000000044,1.9998061328047112,0.016393442622950834,0.008196721311475308,0.250067186240258
G1,26/02/2022,Panetolikos,Volos NFC,D,2.3,3.2,3.3,2.25,3.1,3.25,2.3,3.15,3.25,2.2,3.1,3.1,2021/22,€10.25m,€10.30m,2.3,3.05,3.42,2.05,3.2,4.0,2.2625,0.04145780987944235,1.9997570444747985,0.018323893869366784,0.00966850828729271,0.2500855135459191,3.1375,0.04145780987944252,1.9998743202118585,0.013213644583089247,0.006972111553784854,0.25004309505835304,3.225,0.07499999999999993,1.9996071049761874,0.023255813953488347,0.011627906976744207,0.25014106658201696
G1,27/02/2022,PAOK,Ionikos,D,1.3,4.75,12.0,1.27,5.25,11.0,1.3,5.0,12.0,1.27,4.6,11.0,2021/22,€76.15m,€9.90m,1.24,5.96,11.42,1.5,4.0,7.0,1.2850000000000001,0.015000000000000015,1.9999017051714494,0.011673151750972773,0.005836575875486361,0.25003406561795033,4.9,0.24748737341529173,1.9981655046226046,0.050507627227610555,0.028061224489795977,0.25062615771858987,11.5,0.5,1.998635964158572,0.043478260869565216,0.021739130434782705,0.25047258979206055
G1,27/02/2022,Olympiakos,OFI Crete,H,1.33,4.75,12.0,1.33,4.8,9.0,1.33,4.8,11.0,1.29,4.5,10.0,2021/22,€118.68m,€15.25m,1.29,5.16,10.45,1.28,5.25,13.0,1.32,0.01732050807568879,1.9998751653535778,0.013121597027036962,0.005681818181818121,0.2500443786982248,4.7125,0.12437342963832743,1.9994926984156864,0.02639223971105091,0.012599469496021198,0.2501844111138431,10.5,1.118033988749895,1.9917959043140325,0.10647942749999,0.059523809523809534,0.25289735454824974
G1,27/02/2022,Panathinaikos,AEK,H,2.6,3.2,2.8,2.5,3.1,2.85,2.6,3.2,2.8,2.5,3.0,2.75,2021/22,€34.75m,€48.83m,2.65,3.22,2.73,2.3,3.1,3.25,2.55,0.050000000000000044,1.9997226475394072,0.01960784313725492,0.009803921568627416,0.25009611687812383,3.125,0.08291561975888508,1.9994898567400974,0.026532998322843223,0.014000000000000012,0.2501808504430148,2.8,0.03535533905932741,1.9998849831214516,0.012626906806902647,0.006696428571428603,0.25003987876448736
G1,28/02/2022,Apollon,Atromitos,A,2.6,3.0,3.1,2.5,3.1,2.8,2.55,2.95,3.05,2.4,2.9,2.9,2021/22,€6.80m,€14.05m,2.59,3.16,2.85,3.25,3.0,2.4,2.5125,0.07395099728874524,1.9993722518394523,0.029433232751739397,0.016169154228855787,0.25022260985343203,2.9875,0.07395099728874524,1.9995595083562916,0.024753471895814307,0.013598326359832491,0.2501501203608491,2.9625000000000004,0.11924240017711828,1.9988279654048107,0.040250599215904896,0.02215189873417711,0.2504119196980168
G1,28/02/2022,Giannina,Lamia,H,1.83,3.25,5.0,1.83,3.3,4.4,1.83,3.25,4.9,1.8,3.1,4.5,2021/22,€10.45m,€7.85m,1.79,3.55,4.57,1.85,3.2,4.75,1.8225,0.012990381056766592,1.999963250476072,0.007127781101106498,0.0030864197530864335,0.25001291300080924,3.225,0.07499999999999993,1.9996071049761874,0.023255813953488347,0.011627906976744207,0.25014106658201696,4.7,0.2549509756796392,1.9978762325007338,0.05424488844247642,0.029255319148935977,0.2507365923271221
G1,02/03/2022,Olympiakos,Asteras Tripolis,H,1.36,4.5,10.0,1.36,4.8,8.0,1.35,4.7,9.5,1.3,4.4,9.5,2021/22,€118.68m,€9.93m,1.32,5.21,8.88,1.4,4.33,10.0,1.3425000000000002,0.02487468592766552,1.999750691177864,0.01852863011371733,0.008845437616387342,0.25008933194406785,4.6000000000000005,0.1581138830084188,1.9991475179138563,0.034372583262699735,0.01902173913043481,0.25029574625153245,9.25,0.75,1.9951316438910645,0.08108108108108109,0.04054054054054057,0.2519235859475544
G1,02/03/2022,AEK,PAOK,D,2.37,3.3,3.1,2.3,3.25,2.95,2.35,3.25,3.05,2.3,2.9,3.1,2021/22,€48.83m,€76.15m,2.36,3.24,3.1,1.95,3.3,4.0,2.33,0.030822070014845018,1.9998738529524833,0.013228356229547218,0.006974248927038795,0.25004357403966815,3.175,0.16007810593582122,1.9981306502022596,0.05041830108214842,0.023622047244094446,0.250712587988851,3.05,0.061237243569579415,1.9997075834987175,0.020077784776911283,0.010245901639344357,0.2501042091342964
G1,03/03/2022,Atromitos,Volos NFC,H,1.75,3.6,4.75,2.15,3.3,3.25,1.75,3.6,4.7,2.2,3.2,3.0,2021/22,€14.05m,€10.30m,1.78,3.69,4.41,2.1,3.3,3.6,1.9625,0.2132340263653998,1.9914730618955832,0.1086542809505222,0.055732484076433275,0.25294075353872414,3.4250000000000003,0.17853571071357127,1.9980349585614363,0.05212721480688212,0.02737226277372251,0.25068838500156204,3.925,0.8050621094052309,1.9693501169409946,0.20511136545356204,0.1066878980891719,0.26075519809915276
G1,06/03/2022,AEK,Asteras Tripolis,H,1.72,3.6,5.0,1.75,3.4,4.75,1.73,3.65,4.8,1.7,3.4,4.6,2021/22,€48.83m,€9.93m,1.69,3.73,4.95,1.65,3.75,6.0,1.725,0.018027756377319962,1.9999212112249791,0.01045087326221447,0.005797101449275255,0.25002731281275026,3.5125,0.11388041973930377,1.999242194554969,0.03242147181190143,0.01690391459074725,0.2502616462407121,4.7875,0.14306903927824507,1.9993572352007045,0.02988387243409819,0.01631853785900783,0.25022046171424495
G1,06/03/2022,Aris,Olympiakos,H,3.5,2.75,2.5,3.3,2.6,2.6,3.4,2.8,2.5,3.0,2.8,2.45,2021/22,€25.68m,€118.68m,3.09,2.91,2.59,3.2,2.75,2.7,3.3000000000000003,0.18708286933869706,1.9976489223685303,0.05669177858748395,0.030303030303030054,0.2508744342875741,2.7375,0.0819679815537749,1.9993468730365853,0.029942641663479416,0.014840182648401923,0.25023771798202393,2.5125,0.0544862367942584,1.999662304699056,0.021686064395724736,0.011194029850746245,0.25011442441633447
G1,06/03/2022,Atromitos,Panathinaikos,A,4.0,3.1,2.05,3.9,3.1,2.0,3.95,3.1,2.05,3.6,3.0,2.05,2021/22,€14.05m,€34.75m,4.15,3.01,2.07,4.0,3.2,2.05,3.8625,0.15562374497485915,1.9988128665060512,0.040290937210319525,0.020226537216828433,0.2504403926720933,3.0749999999999997,0.043301270189221974,1.999856174166598,0.014081713882673813,0.0060975609756099836,0.25005122600915236,2.0374999999999996,0.02165063509461089,1.9999182133505942,0.010626078574042156,0.004601226993864893,0.25002893406890164
G1,06/03/2022,Ionikos,Panetolikos,A,2.3,2.9,3.6,2.35,2.85,3.4,2.3,2.9,3.6,2.25,2.9,3.2,2021/22,€9.90m,€10.25m,2.29,3.04,3.28,2.25,3.0,3.75,2.3,0.03535533905932741,1.9998295358345703,0.015371886547533659,0.008152173913043459,0.25005911561696337,2.8875,0.02165063509461089,1.9999593273052878,0.007498055444021087,0.0032467532467532756,0.25001430178676987,3.4499999999999997,0.16583123951776998,1.9983191183262994,0.04806702594717971,0.025362318840579823,0.2506077013599538
G1,06/03/2022,Lamia,PAOK,A,5.75,3.6,1.65,5.5,3.7,1.62,5.75,3.6,1.65,5.25,3.4,1.62,2021/22,€7.85m,€76.15m,5.28,3.62,1.68,5.0,3.6,1.72,5.5625,0.2072890493972125,1.9989917290900256,0.03726544708264494,0.0196629213483146,0.25036090315553555,3.575,0.10897247358851693,1.9993251043683955,0.03048181079399075,0.01573426573426584,0.2502422528834002,1.6350000000000002,0.014999999999999902,1.999939284770655,0.009174311926605444,0.004587155963303058,0.25002104199983166
G1,06/03/2022,OFI Crete,Apollon,H,1.5,3.8,8.5,1.46,4.0,7.5,1.5,3.8,7.75,1.42,3.75,7.5,2021/22,€15.25m,€6.80m,1.43,4.22,7.74,1.5,4.0,7.5,1.47,0.033166247903554026,1.999631386137535,0.02256207340377825,0.011904761904762085,0.2501302211112013,3.8375000000000004,0.09601432184835763,1.9995520720099025,0.025020018722699055,0.012214983713354943,0.2501490746759793,7.8125,0.409839907768875,1.998046220973961,0.052459508194416006,0.026000000000000023,0.250624933049394
G1,06/03/2022,Volos NFC,Giannina,D,3.4,3.4,2.15,3.3,3.4,2.05,3.4,3.35,2.15,3.4,3.1,2.05,2021/22,€10.30m,€10.45m,3.5,3.33,2.13,2.62,3.1,2.87,3.375,0.04330127018922197,1.999880665596286,0.012830005981991695,0.005555555555555536,0.25004239923116056,3.3125,0.12437342963832743,1.998968951659229,0.03754669573987243,0.017924528301886955,0.25038263249400805,2.0999999999999996,0.050000000000000044,1.9995910341890974,0.023809523809523836,0.011904761904762085,0.2501417233560091
G1,13/03/2022,Panathinaikos,AEK,D,2.1,3.3,3.6,2.05,3.3,3.5,2.1,3.35,3.55,2.15,3.0,3.3,2021/22,€34.75m,€48.83m,2.24,3.15,3.43,2.3,3.2,3.2,2.1,0.03535533905932741,1.9997955170945492,0.016835875742536862,0.008928571428571397,0.25007092196301056,3.2375,0.13863170633011768,1.9986560280244003,0.04282060427185102,0.020270270270270174,0.2505041602986129,3.4875,0.1138804197393038,1.9992235747235083,0.03265388379621614,0.017025089605734678,0.2502820529738353
G1,13/03/2022,PAOK,Giannina,H,1.36,4.2,10.0,1.38,4.6,7.75,1.4,4.5,8.5,1.35,4.2,8.0,2021/22,€76.15m,€10.45m,1.36,4.8,8.48,1.4,4.2,10.0,1.3725,0.019202864369671436,1.9998589702992042,0.01399115801068957,0.007741347905282359,0.25004857367586,4.375,0.17853571071357105,1.998800238535907,0.04080816244881624,0.021428571428571352,0.2504127082920436,8.5625,0.8727650027355588,1.9926967105517739,0.10192875944356891,0.05291970802919699,0.25222404940383863
G1,19/03/2022,OFI Crete,Ionikos,A,2.05,3.25,4.0,2.0,3.2,3.75,2.05,3.2,3.85,2.0,3.0,3.7,2021/22,€15.25m,€9.90m,2.01,3.26,3.96,2.2,3.2,3.6,2.025,0.02499999999999991,1.9998900524545515,0.012345679012345635,0.006172839506172867,0.250038103947569,3.1624999999999996,0.09601432184835763,1.9993281850367581,0.030360259872998466,0.014822134387351804,0.25024515302034933,3.8249999999999997,0.11456439237389596,1.9993559405088945,0.029951475130430318,0.016339869281045916,0.2502180163339861
G1,19/03/2022,Atromitos,Apollon,H,1.65,3.75,5.75,1.65,3.6,5.25,1.65,3.65,5.75,1.6,3.4,5.5,2021/22,€14.05m,€6.80m,1.64,3.6,5.8,1.65,3.75,6.0,1.6375000000000002,0.02165063509461089,1.9998732472131229,0.01322176188983871,0.005725190839694694,0.2500450694068866,3.6,0.12747548783981966,1.999089349031542,0.035409857733283236,0.0190972222222221,0.25032674307171987,5.5625,0.2072890493972125,1.9989917290900256,0.03726544708264494,0.0196629213483146,0.25036090315553555
G1,19/03/2022,Volos NFC,Asteras Tripolis,A,2.8,3.2,2.62,2.7,3.1,2.6,2.8,3.15,2.65,2.7,3.0,2.5,2021/22,€10.30m,€9.93m,2.81,3.11,2.65,2.2,3.3,3.4,2.75,0.04999999999999982,1.9997615248696314,0.01818181818181812,0.009090909090909038,0.2500826446280992,3.1125000000000003,0.07395099728874524,1.999591320979759,0.023759356558633007,0.013052208835341306,0.2501442483178986,2.5925000000000002,0.05629165124598851,1.999657850404228,0.021713269525935778,0.011330761812921919,0.2501222185966826
G1,19/03/2022,Panetolikos,Lamia,A,2.0,3.3,4.2,1.98,3.1,4.0,2.0,3.2,4.1,2.0,3.0,3.8,2021/22,€10.25m,€7.85m,2.04,2.94,4.39,2.05,3.25,3.8,1.995,0.008660254037844393,1.9999863840411463,0.004340979467591174,0.001879699248120259,0.25000475861150057,3.1500000000000004,0.11180339887498944,1.9990909597770783,0.03549314249999665,0.019841269841269993,0.25031570415490595,4.025,0.14790199457749048,1.9990203982860448,0.03674583716210943,0.02018633540372683,0.2503495451683636
G1,20/03/2022,Giannina,Olympiakos,D,5.75,3.4,1.72,4.8,3.5,1.7,5.5,3.4,1.73,4.8,3.25,1.7,2021/22,€10.45m,€118.68m,5.46,3.4,1.71,6.5,3.5,1.66,5.2125,0.42186342576715524,1.9952855291166594,0.08093303132223602,0.04256594724220619,0.25160833056769155,3.3875,0.08926785535678562,1.9994971393500218,0.02635213442266734,0.013837638376383854,0.2501777600084272,1.7125,0.012990381056766592,1.9999585143782062,0.0075856239747542145,0.004014598540145853,0.250014339442553
G1,20/03/2022,Aris,Panathinaikos,D,2.15,3.1,3.8,2.15,3.0,3.7,2.15,3.05,3.75,2.1,2.88,3.7,2021/22,€25.68m,€34.75m,2.21,2.85,3.97,1.83,3.4,5.0,2.1375,0.02165063509461089,1.999925701357953,0.01012895209104603,0.004385964912280826,0.25002625958474844,3.0075000000000003,0.08166241485530541,1.9994653743111641,0.027152922645155578,0.014754779717373268,0.2501902414354054,3.7375,0.04145780987944235,1.9999114035560046,0.011092390603195279,0.005852842809364489,0.25003043061611907
G1,20/03/2022,AEK,PAOK,A,2.0,3.3,4.0,2.1,3.25,3.4,2.05,3.3,3.8,2.05,3.1,3.4,2021/22,€48.83m,€76.15m,2.02,3.31,3.85,1.83,3.4,4.75,2.05,0.03535533905932741,1.9997854196736613,0.017246506858208496,0.009146341463414753,0.2500744268864173,3.2375,0.0819679815537749,1.9995337593230342,0.025318295460625452,0.01254826254826269,0.2501683920511111,3.6500000000000004,0.2598076211353316,1.99635988414458,0.07118017017406345,0.03767123287671237,0.25123300619429123
G1,02/04/2022,Lamia,OFI Crete,A,2.15,3.25,3.5,2.15,3.2,3.4,2.2,3.25,3.5,2.2,2.9,3.3,2021/22,€7.85m,€15.25m,2.21,3.18,3.6,1.75,3.4,5.0,2.175,0.025000000000000133,1.9999046950184836,0.01149425287356328,0.005747126436781658,0.25003302946228034,3.15,0.14577379737113255,1.9984278861542886,0.04627739599083573,0.021825396825396748,0.25059411148597327,3.425,0.08291561975888508,1.999575486409518,0.024208940075586886,0.012773722627737127,0.2501501857573805
G1,02/04/2022,Asteras Tripolis,Atromitos,D,2.0,3.5,4.0,1.98,3.25,3.8,1.97,3.4,3.9,1.95,3.1,3.8,2021/22,€9.93m,€14.05m,2.0,3.27,3.97,2.0,3.2,4.2,1.9749999999999999,0.018027756377319962,1.9999398957925816,0.00912797791256707,0.005063291139240533,0.2500208344322569,3.3125,0.15155444566227672,1.998484913669405,0.04575228548295146,0.025471698113207486,0.2505341698472395,3.875,0.08291561975888508,1.9996708481591756,0.021397579292615505,0.011290322580645107,0.25011214314705854
G1,02/04/2022,Ionikos,Volos NFC,D,2.2,3.2,3.5,2.2,3.1,3.3,2.25,3.15,3.45,2.2,3.0,3.2,2021/22,€9.90m,€10.30m,2.25,3.14,3.41,2.1,3.3,3.6,2.2125000000000004,0.021650635094610887,1.9999311828798416,0.009785597782874975,0.004237288135593209,0.25002340750912894,3.1125000000000003,0.07395099728874524,1.999591320979759,0.023759356558633007,0.013052208835341306,0.2501442483178986,3.3625,0.11924240017711821,1.9990905760082998,0.035462423844496126,0.019516728624535462,0.25031904140753897
G1,02/04/2022,Apollon,Panetolikos,H,2.87,3.1,2.6,2.85,3.0,2.55,2.85,3.1,2.6,2.8,2.88,2.55,2021/22,€6.80m,€10.25m,2.8,3.04,2.72,2.75,3.2,2.62,2.8425,0.025860201081971613,1.9999401493933806,0.009097696071054219,0.004617414248021312,0.2500209980036597,3.02,0.09055385138137424,1.9993475051908258,0.029984719000455046,0.01572847682119205,0.2502330772443629,2.575,0.025000000000000133,1.9999320050095961,0.009708737864077721,0.004854368932038833,0.25002356489772837
G1,03/04/2022,Aris,Giannina,D,1.57,3.8,6.5,1.55,3.75,6.25,1.55,3.8,6.5,1.53,3.4,6.5,2021/22,€25.68m,€10.45m,1.52,3.86,6.85,1.57,3.6,7.0,1.55,0.014142135623730963,1.9999399485920202,0.009123958466923201,0.004838709677419395,0.2500208168527473,3.6875,0.16723860200324564,1.9984902729419523,0.04535284122121916,0.021186440677966045,0.2505701519493201,6.4375,0.10825317547305482,1.999794675150468,0.016816027257950263,0.00728155339805836,0.2500735222037055
G1,03/04/2022,Panathinaikos,PAOK,H,2.55,3.1,3.0,2.4,3.1,3.0,2.5,3.1,3.0,2.35,2.9,3.0,2021/22,€34.75m,€76.15m,2.37,3.03,3.3,2.25,2.87,4.0,2.4499999999999997,0.07905694150420942,1.9992487319073156,0.03226813938947323,0.017857142857143016,0.2502606014384091,3.05,0.08660254037844395,1.9994118808032226,0.02839427553391605,0.012295081967212962,0.2502154553289284,3.0,0.0,2.0,0.0,0.0,0.25
G1,03/04/2022,Olympiakos,AEK,D,1.66,4.0,5.0,1.66,3.6,5.25,1.67,3.9,4.9,1.6,3.5,5.25,2021/22,€118.68m,€48.83m,1.63,3.87,5.25,1.85,3.75,4.2,1.6475,0.027726341266023472,1.9997944376600645,0.016829342194854914,0.007966616084977396,0.25007345405454773,3.75,0.20615528128088298,1.9978185839884193,0.05497474167490213,0.030000000000000027,0.25075708026642196,5.1,0.1541103500742243,1.9993401890042195,0.030217715700828297,0.01593137254901955,0.2502305296324442
G1,09/04/2022,Volos NFC,Lamia,H,3.3,3.4,2.2,3.1,3.1,2.3,3.4,3.35,2.15,3.1,3.0,2.25,2021/22,€10.30m,€7.85m,3.28,3.32,2.23,3.75,3.4,2.0,3.225,0.1299038105676657,1.998832574916845,0.040280251338811066,0.021317829457364157,0.2503991609251996,3.2125,0.16723860200324564,1.9980406739168695,0.052058708794784636,0.02821011673151763,0.2506856437235699,2.225,0.05590169943749469,1.9995445827321883,0.025124359297750424,0.014044943820224587,0.2501579998176322
G1,09/04/2022,OFI Crete,Apollon,A,1.83,3.5,4.5,1.77,3.5,4.5,1.85,3.5,4.3,1.83,3.2,4.2,2021/22,€15.25m,€6.80m,1.77,3.52,4.77,1.85,3.5,4.33,1.8199999999999998,0.030000000000000027,1.9998030284237405,0.0164835164835165,0.008241758241758212,0.25006998420232707,3.425,0.12990381056766573,1.9989465590246038,0.03792811987377102,0.01642335766423364,0.25039333372181105,4.375,0.12990381056766576,1.9993625696690782,0.0296922995583236,0.01571428571428557,0.2502233769716445
G1,09/04/2022,Asteras Tripolis,Ionikos,A,1.9,3.4,4.33,1.93,3.25,4.0,1.85,3.45,4.3,1.88,3.1,4.0,2021/22,€9.93m,€9.90m,1.91,3.47,4.06,1.95,3.4,4.2,1.8900000000000001,0.029154759474226452,1.999828339450526,0.015425798663611878,0.008597883597883493,0.2500595218917866,3.3,0.13693063937629152,1.9987511655192396,0.041494133144330765,0.022727272727272707,0.25044482316987277,4.1575,0.1578567388488689,1.998959988392549,0.03796914945252409,0.019392663860493098,0.2503600709229028
G1,09/04/2022,Panetolikos,Atromitos,A,2.45,3.0,3.2,2.35,3.0,3.1,2.45,3.0,3.2,2.3,2.9,3.1,2021/22,€10.25m,€14.05m,2.33,3.12,3.27,2.2,3.0,3.8,2.3875,0.06495190528383303,1.999465002220241,0.0272049865063175,0.014397905759162333,0.25018729992703004,2.975,0.043301270189221974,1.999846314035118,0.014555048803099822,0.006302521008403339,0.25005478851632695,3.1500000000000004,0.050000000000000044,1.999818246960343,0.015873015873015886,0.007936507936507908,0.2500629881582263
G1,10/04/2022,Giannina,Panathinaikos,D,4.0,3.2,2.05,3.9,3.1,2.0,3.95,3.1,2.05,3.9,3.0,1.95,2021/22,€10.45m,€34.75m,4.0,3.13,2.05,4.2,3.1,2.05,3.9375,0.04145780987944255,1.9999201681031809,0.010528967588429854,0.005555555555555536,0.25002743254920906,3.1,0.07071067811865482,1.9996246239978286,0.022809896167308007,0.012096774193548487,0.2501302760443018,2.0125,0.041457809879442434,1.9996928115940888,0.020600153977362697,0.01086956521739113,0.25010833550688544
G1,10/04/2022,AEK,Aris,A,1.9,3.4,4.33,1.9,3.2,4.2,1.9,3.3,4.3,1.88,3.0,4.2,2021/22,€48.83m,€25.68m,1.96,3.07,4.5,1.72,3.6,5.0,1.895,0.008660254037844393,1.9999849077436034,0.004570054901237147,0.0019788918205803085,0.2500052768963406,3.2249999999999996,0.14790199457749034,1.9984717483721222,0.04586108358991949,0.025193798449612448,0.2505497067211904,4.2575,0.0584700778176324,1.9998640043880653,0.01373342990431765,0.00719318849089845,0.2500470294046222
G1,16/04/2022,Apollon,Volos NFC,D,2.1,3.25,3.6,2.1,3.1,3.6,2.15,3.25,3.6,2.05,3.1,3.4,2021/22,€6.80m,€10.30m,2.15,3.08,3.76,1.95,3.4,4.2,2.1,0.03535533905932741,1.9997955170945487,0.016835875742536862,0.008928571428571397,0.2500709219630106,3.175,0.07499999999999996,1.9995974498364508,0.023622047244094474,0.011811023622047223,0.25013950027900056,3.55,0.08660254037844395,1.9995665789534056,0.024395081796744777,0.010563380281690016,0.25015752993068685
G1,16/04/2022,Panetolikos,Asteras Tripolis,D,2.4,3.1,3.2,2.45,3.0,3.0,2.4,3.1,3.1,2.4,3.0,2.9,2021/22,€10.25m,€9.93m,2.52,3.07,3.01,2.8,3.1,2.7,2.4125,0.02165063509461108,1.9999421022137194,0.008974356515900965,0.0038860103626943143,0.2500197238658777,3.05,0.050000000000000044,1.9998061328047112,0.016393442622950834,0.008196721311475308,0.250067186240258,3.05,0.11180339887498958,1.9990303510960972,0.03665685209016052,0.020491803278688492,0.2503367998321764
G1,17/04/2022,Atromitos,OFI Crete,D,2.0,3.25,4.0,2.0,3.4,3.6,2.0,3.3,3.9,1.88,3.25,3.6,2021/22,€14.05m,€15.25m,2.04,3.39,3.69,2.0,3.25,4.0,1.97,0.05196152422706637,1.9994929133900938,0.026376408237089526,0.011421319796954377,0.25018502782270224,3.3,0.061237243569579415,1.999752828538832,0.018556740475630128,0.009469696969697017,0.25008356602170967,3.775,0.1785357107135712,1.9983887761795913,0.04729422800359502,0.024834437086092676,0.25055362355217825
G1,17/04/2022,Lamia,Ionikos,A,1.85,3.4,4.5,1.85,3.4,4.1,1.9,3.35,4.4,1.88,3.0,4.2,2021/22,€7.85m,€9.90m,1.89,3.42,4.2,2.05,3.25,3.75,1.87,0.02121320343559634,1.9999072806238516,0.01134395905646863,0.006016042780748743,0.2500319469484364,3.2875,0.16723860200324564,1.9980963356526522,0.05087105764357282,0.0237642585551332,0.2507267170490066,4.300000000000001,0.1581138830084191,1.9990243796967155,0.036770670467074204,0.02034883720930236,0.25033851526015766
G1,17/04/2022,Aris,PAOK,H,2.37,3.0,3.4,2.3,2.9,3.3,2.35,3.0,3.3,2.35,2.75,3.2,2021/22,€25.68m,€76.15m,2.47,2.98,3.19,2.62,2.87,3.1,2.3425,0.025860201081971613,1.9999118261419582,0.011039573567543913,0.005602988260405617,0.2500310170685337,2.9125,0.10231690964840563,1.9991022243354917,0.0351302694071779,0.018240343347639465,0.2503245073493408,3.3,0.07071067811865465,1.9996687520844425,0.02142747821777414,0.011363636363636465,0.250114942431724
G1,17/04/2022,Panathinaikos,Olympiakos,H,3.0,3.1,2.5,2.95,3.1,2.4,3.0,3.1,2.5,3.0,2.9,2.38,2021/22,€34.75m,€118.68m,3.13,3.13,2.4,2.75,2.8,3.0,2.9875,0.02165063509461089,1.9999620083076024,0.007247074508656365,0.003138075313807498,0.25001335256102125,3.05,0.08660254037844395,1.9994118808032226,0.02839427553391605,0.012295081967212962,0.2502154553289284,2.4450000000000003,0.05545268253204714,1.9996287807759776,0.0226800337554385,0.011758691206543936,0.2501288913504725
G1,18/04/2022,Giannina,AEK,A,5.25,3.4,1.75,5.0,3.5,1.71,5.25,3.4,1.75,4.8,3.25,1.7,2021/22,€10.45m,€48.83m,5.15,3.37,1.76,5.25,3.3,1.72,5.075,0.1887458608817688,1.9989970557157448,0.03719130263680173,0.019704433497536922,0.2503565993052285,3.3875,0.08926785535678562,1.9994971393500218,0.02635213442266734,0.013837638376383854,0.2501777600084272,1.7275,0.022776083947860768,1.9998745656122634,0.013184419072567738,0.006874095513748291,0.25004354124321176
G1,30/04/2022,OFI Crete,Panetolikos,A,2.15,3.3,3.5,2.1,3.25,3.4,2.15,3.3,3.45,2.1,3.1,3.3,2021/22,€15.25m,€10.25m,2.13,3.43,3.4,2.0,3.5,3.6,2.125,0.02499999999999991,1.9999001572094883,0.0117647058823529,0.00588235294117645,0.25003460207612455,3.2375,0.0819679815537749,1.9995337593230342,0.025318295460625452,0.01254826254826269,0.2501683920511111,3.4124999999999996,0.0739509972887453,1.9996601307128108,0.02167062191611584,0.011904761904761862,0.2501197584297588
G1,30/04/2022,Volos NFC,Atromitos,D,2.37,3.25,3.1,2.35,3.25,2.95,2.4,3.25,3.05,2.35,3.1,2.88,2021/22,€10.30m,€14.05m,2.4,3.34,2.94,1.75,3.6,4.75,2.3675,0.020463381929681054,1.999946214390791,0.008643455936507309,0.004487856388595501,0.2500184583389743,3.2125,0.06495190528383286,1.9997027796042477,0.020218491917146416,0.008754863813229541,0.2501071411564896,2.995,0.08558621384311846,1.9994101806842444,0.028576365223077948,0.015859766277128484,0.25020571697757443
G1,01/05/2022,Olympiakos,Giannina,H,1.33,5.0,10.0,1.31,4.8,10.5,1.33,4.9,10.0,1.27,4.4,12.0,2021/22,€118.68m,€10.45m,1.29,4.7,10.99,1.2,6.0,15.0,1.31,0.024494897427831803,1.9997464819481612,0.01869839498307771,0.009541984732824416,0.2500901706610185,4.775,0.22776083947860737,1.9983357227737695,0.047698605126409915,0.02486910994764413,0.25061855449737064,10.625,0.81967981553775,1.9958039985946876,0.07714633558002354,0.038235294117647145,0.25129543926268744
G1,01/05/2022,Panathinaikos,Aris,H,2.05,2.9,4.33,2.1,2.95,3.9,2.1,2.95,4.3,2.05,2.88,3.8,2021/22,€34.75m,€25.68m,2.09,2.85,4.37,2.05,2.9,4.2,2.075,0.025000000000000133,1.9998952874186189,0.0120481927710844,0.0060240963855420215,0.2500362897372623,2.92,0.030822070014845018,1.999919583172186,0.010555503429741445,0.005565068493150749,0.25002794694514774,4.0825000000000005,0.23541187310753894,1.9975971767078997,0.057663655384577815,0.030465401102265588,0.25083795992120506
G1,01/05/2022,PAOK,AEK,D,2.25,3.1,3.5,2.3,3.2,3.0,2.25,3.15,3.45,2.15,3.1,3.2,2021/22,€76.15m,€48.83m,2.27,3.1,3.42,2.2,3.1,3.6,2.2375,0.0544862367942584,1.9995698940213318,0.024351390746037278,0.012569832402234526,0.25015325228640606,3.1375,0.04145780987944252,1.9998743202118585,0.013213644583089247,0.006972111553784854,0.25004309505835304,3.2874999999999996,0.20116846174288855,1.9972785541578826,0.06119192752635394,0.033269961977186346,0.25097856246724204
G1,02/05/2022,Asteras Tripolis,Lamia,A,1.9,3.1,4.75,1.9,3.2,4.2,1.95,3.1,4.6,1.95,2.9,4.2,2021/22,€9.93m,€7.85m,1.93,3.3,4.24,2.05,3.2,4.2,1.925,0.025000000000000022,1.9998783322990061,0.012987012987012998,0.006493506493506551,0.2500421656265812,3.075,0.10897247358851693,1.9990866996263466,0.035438202793013636,0.018292682926829285,0.2503298252871491,4.4375,0.24334902917414716,1.9978349051652364,0.05483921784206133,0.02887323943661957,0.2507415252036786
G1,02/05/2022,Ionikos,Apollon,H,2.75,3.1,2.7,2.7,3.3,2.5,2.7,3.15,2.7,2.55,3.2,2.55,2021/22,€9.90m,€6.80m,2.58,3.56,2.58,3.75,3.5,1.9,2.675,0.07500000000000011,1.9994280755691043,0.028037383177570135,0.014018691588784993,0.2502068900191435,3.1875000000000004,0.07395099728874512,1.9996129729289014,0.023200312874900424,0.012745098039215863,0.250132029783085,2.6125,0.08926785535678575,1.9991564901529542,0.03416951401216679,0.01794258373205726,0.2502943523456561
G1,04/05/2022,PAOK,Olympiakos,A,2.6,3.2,2.8,2.65,3.1,2.65,2.6,3.2,2.8,2.6,2.9,2.7,2021/22,€76.15m,€118.68m,2.71,3.17,2.7,2.25,3.1,3.4,2.6125,0.02165063509461089,1.9999506147514097,0.00828732443812857,0.003588516746411363,0.2500168459827946,3.1000000000000005,0.12247448713915901,1.998861354897418,0.03950789907714806,0.020161290322580516,0.25041733207827466,2.7375,0.06495190528383282,1.9995931761348331,0.023726723391354457,0.01255707762557079,0.25014223617768006
G1,07/05/2022,Apollon,Lamia,D,2.75,2.8,3.0,2.7,2.8,2.9,2.75,2.85,2.95,2.62,2.8,2.75,2021/22,€6.80m,€7.85m,2.63,2.93,3.0,2.1,3.0,4.2,2.705,0.0531507290636732,1.9997201514486742,0.01964906804572022,0.010166358595194103,0.25009935239591713,2.8124999999999996,0.02165063509461108,1.9999573791589584,0.007698003589195052,0.0033333333333331883,0.2500145549108269,2.9000000000000004,0.09354143466934856,1.999243677842593,0.03225566712736157,0.017241379310344973,0.2502724844110765
G1,07/05/2022,Atromitos,Ionikos,A,2.1,3.2,3.8,2.05,3.1,3.75,2.1,3.2,3.7,2.05,3.1,3.5,2021/22,€14.05m,€9.90m,2.16,3.05,3.76,2.2,3.25,3.5,2.075,0.025000000000000133,1.9998952874186189,0.0120481927710844,0.0060240963855420215,0.2500362897372623,3.1500000000000004,0.050000000000000044,1.999818246960343,0.015873015873015886,0.007936507936507908,0.2500629881582263,3.6875,0.1138804197393037,1.9993058796675307,0.030882825692014563,0.016101694915254372,0.25025148901073074
G1,07/05/2022,Panetolikos,Volos NFC,D,1.95,3.4,4.2,2.0,3.4,3.5,1.95,3.4,4.1,1.91,3.25,3.7,2021/22,€10.25m,€10.30m,1.97,3.67,3.62,2.05,3.4,3.75,1.9525000000000001,0.03191786333700929,1.9998074622493789,0.01634717712522883,0.008642765685019427,0.25006635132352306,3.3625000000000003,0.06495190528383286,1.9997288032186362,0.019316551757273714,0.00836431226765777,0.25009758706935187,3.875,0.28613807855648987,1.9960492822587905,0.07384208478877158,0.040322580645161255,0.2513965335259041
G1,08/05/2022,OFI Crete,Asteras Tripolis,H,2.4,3.1,2.62,2.55,3.25,2.65,2.55,3.3,2.8,2.5,3.1,2.62,2021/22,€15.25m,€9.93m,2.64,3.25,2.72,2.3,3.2,3.2,2.5,0.061237243569579415,1.9995642177525037,0.024494897427831765,0.012499999999999956,0.2501562799411555,3.1875,0.08926785535678552,1.9994347615157992,0.028005601680560165,0.014705882352941124,0.2501948796344828,2.6725,0.07462405778299638,1.9994429916450809,0.027922940236855525,0.013330215154349956,0.2501838681194803
G1,08/05/2022,Giannina,PAOK,H,4.0,3.0,1.9,4.33,3.1,1.9,4.2,3.15,2.0,3.9,3.1,1.91,2021/22,€10.45m,€76.15m,4.4,3.23,1.92,5.5,3.25,1.8,4.1075,0.16783548492497058,1.9987965776897694,0.040860738874003794,0.022671941570298282,0.2504153300474499,3.0875,0.0544862367942584,1.999774464762903,0.01764736414388936,0.009109311740890691,0.25007973042608284,1.9275,0.04205650960315184,1.9996593258222546,0.021819200831725987,0.010051880674448732,0.25011340207906235
G1,08/05/2022,AEK,Panathinaikos,D,1.95,3.0,3.6,2.0,3.0,4.1,2.05,3.2,3.85,2.0,3.0,3.7,2021/22,€48.83m,€34.75m,2.14,2.98,3.96,2.25,3.0,3.6,2.0,0.03535533905932733,1.9997745554126243,0.017677669529663664,0.009374999999999911,0.25007819828035127,3.05,0.08660254037844395,1.999424603097586,0.02839427553391605,0.012295081967212962,0.25018896447467875,3.8124999999999996,0.18833148966649188,1.9982523925401534,0.049398423519079845,0.02704918032786896,0.2505845634238849
G1,08/05/2022,Aris,Olympiakos,A,1.66,3.4,5.0,1.75,3.3,5.0,1.73,3.5,5.25,1.7,3.1,5.25,2021/22,€25.68m,€118.68m,1.71,3.45,5.35,1.57,4.0,6.0,1.71,0.033911649915626375,1.9997156249753574,0.019831374219664546,0.010964912280701844,0.25009975318438193,3.3249999999999997,0.14790199457749037,1.9985626328214345,0.044481802880448236,0.02443609022556381,0.2505163784979668,5.125,0.125,1.9995708393473224,0.024390243902439025,0.012195121951219523,0.2501487209994051
G1,11/05/2022,PAOK,Aris,A,1.95,3.25,4.33,1.95,3.1,4.1,1.95,3.2,4.2,2.0,3.0,3.75,2021/22,€76.15m,€25.68m,2.03,2.98,4.36,2.2,3.1,3.6,1.9625000000000001,0.021650635094610987,1.9999125743541906,0.011032170748846363,0.004777070063694433,0.25002966654800046,3.1375,0.09601432184835762,1.9993223793398283,0.03060217429429725,0.01693227091633487,0.25023849501080436,4.095,0.21523243250030888,1.9979817572012089,0.05255981257638801,0.028083028083028205,0.2507458823427865
G1,11/05/2022,AEK,Giannina,H,1.36,5.0,8.5,1.36,4.5,9.0,1.37,4.6,9.0,1.32,4.2,10.0,2021/22,€48.83m,€10.45m,1.33,4.7,9.95,1.22,7.0,12.0,1.3525,0.019202864369671536,1.9998538929931733,0.01419805128996047,0.006931608133087019,0.2500518555822096,4.574999999999999,0.28613807855648987,1.9971895620058884,0.06254384230742949,0.03415300546448097,0.2509578075519722,9.125,0.5448623679425842,1.9974583910591097,0.059710944432064025,0.03082191780821919,0.25083180807587946
G1,11/05/2022,Olympiakos,Panathinaikos,A,1.95,3.2,4.33,1.93,3.1,4.33,1.97,3.2,4.3,1.95,3.0,4.0,2021/22,€118.68m,€34.75m,1.99,2.96,4.59,2.05,3.25,3.75,1.95,0.014142135623730963,1.9999620586367983,0.007252377242938955,0.0038461538461538325,0.25001315131893176,3.125,0.08291561975888508,1.9994898567400974,0.026532998322843223,0.014000000000000012,0.2501808504430148,4.24,0.13910427743243556,1.9992136708446253,0.032807612601989514,0.015035377358490587,0.2502902089959074
G1,14/05/2022,Volos NFC,OFI Crete,H,2.3,3.5,3.0,2.2,3.4,3.0,2.3,3.45,3.05,2.2,3.2,3.0,2021/22,€10.30m,€15.25m,2.21,3.5,3.15,1.9,3.8,3.75,2.25,0.04999999999999982,1.9996437496778563,0.022222222222222143,0.011111111111111072,0.25012345679012343,3.3875,0.11388041973930368,1.9991768202879516,0.0336178360854033,0.017527675276752586,0.2502994688861502,3.0125,0.021650635094610887,1.9999628432802965,0.00718693281148909,0.003112033195020736,0.2500127013158564
G1,14/05/2022,Aris,AEK,H,2.45,3.1,3.25,2.45,2.95,3.1,2.45,3.05,3.15,2.38,2.88,3.0,2021/22,€25.68m,€48.83m,2.45,3.1,3.08,2.6,3.25,2.87,2.4325,0.030310889132455474,1.9998874512721907,0.012460797176754562,0.005395683453237599,0.25003995950769886,2.995,0.08558621384311846,1.9994101806842444,0.028576365223077948,0.015859766277128484,0.25020571697757443,3.125,0.09013878188659973,1.9993996846307205,0.028844410203711913,0.016000000000000014,0.2502084429821323
G1,14/05/2022,Olympiakos,PAOK,D,2.0,3.3,4.0,1.98,3.3,3.8,2.0,3.3,3.9,1.95,3.1,3.75,2021/22,€118.68m,€76.15m,2.01,3.35,3.83,2.25,3.4,3.2,1.9825,0.020463381929681144,1.9999229600333268,0.010322008539561738,0.005359394703656983,0.2500270223825394,3.25,0.08660254037844375,1.9994824019632236,0.026646935501059617,0.011538461538461497,0.25018896447467875,3.8625000000000003,0.09601432184835762,1.9995552173181352,0.024858076853943718,0.013754045307443175,0.2501525065257979
G1,14/05/2022,Panathinaikos,Giannina,H,1.33,4.5,13.0,1.34,4.6,10.0,1.33,4.7,11.0,1.32,4.2,10.0,2021/22,€34.75m,€10.45m,1.33,4.44,11.6,1.14,7.0,26.0,1.33,0.007071067811865481,1.9999796100877048,0.005316592339748482,0.0028195488721804995,0.25000706713778664,4.5,0.187082869338697,1.9987406124462588,0.04157397096415489,0.022222222222222365,0.25045915230088855,11.0,1.224744871391589,1.9912946632147583,0.11134044285378081,0.05681818181818188,0.2526348508725007
G1,15/05/2022,Asteras Tripolis,Apollon,D,1.45,4.0,7.5,1.49,4.1,6.5,1.5,4.1,7.0,1.47,3.7,6.5,2021/22,€9.93m,€6.80m,1.51,3.97,6.74,1.44,4.0,7.5,1.4775,0.01920286436967154,1.999877998914664,0.01299686251754419,0.007191201353637933,0.25004254721620905,3.975,0.16393596310754982,1.998756145834994,0.041241751725169765,0.020440251572326984,0.25046145955192484,6.875,0.414578098794425,1.9974004314409752,0.06030226891555272,0.031818181818181746,0.2508607403232638
G1,15/05/2022,Ionikos,Panetolikos,H,2.1,3.25,3.8,2.05,3.3,3.5,2.1,3.25,3.65,2.05,3.1,3.5,2021/22,€9.90m,€10.25m,2.11,3.35,3.51,2.15,3.2,3.75,2.075,0.025000000000000133,1.9998952874186189,0.0120481927710844,0.0060240963855420215,0.2500362897372623,3.225,0.07499999999999993,1.9996071049761874,0.023255813953488347,0.011627906976744207,0.25014106658201696,3.6125000000000003,0.12437342963832743,1.9991495365067378,0.034428631041751534,0.018166089965398147,0.2502868968207942
G1,15/05/2022,Lamia,Atromitos,D,2.62,3.2,2.87,2.55,3.1,2.75,2.6,3.15,2.85,2.5,3.0,2.7,2021/22,€7.85m,€14.05m,2.54,3.12,2.93,2.75,3.2,2.75,2.5675,0.046569840025492956,1.9997621845706381,0.018138204488994336,0.009980525803310547,0.25008328463355983,3.1125000000000003,0.07395099728874524,1.999591320979759,0.023759356558633007,0.013052208835341306,0.2501442483178986,2.7925,0.07013380069552767,1.999544350024226,0.025115058440654495,0.013652641002685817,0.2501589965362953
G1,17/05/2022,AEK,Olympiakos,A,2.25,3.3,3.3,2.25,3.25,3.1,2.25,3.3,3.25,2.1,3.2,3.25,2021/22,€48.83m,€118.68m,2.26,3.34,3.3,2.3,3.4,3.0,2.2125,0.06495190528383286,1.9993710881552347,0.029356793348625024,0.012711864406779627,0.25023084025854103,3.2625,0.04145780987944235,1.9998832701248064,0.01270737467569114,0.006704980842911823,0.25004088804644686,3.225,0.07499999999999993,1.999607104976187,0.023255813953488347,0.011627906976744207,0.25014106658201696
G1,17/05/2022,Giannina,Aris,A,4.33,3.3,1.95,4.2,3.1,1.93,4.3,3.25,1.95,3.9,3.0,1.95,2021/22,€10.45m,€25.68m,4.36,3.21,1.98,3.8,3.2,2.1,4.1825,0.1700551381170237,1.9987922518062788,0.04065872997418379,0.02077106993424982,0.25044593856962694,3.1625,0.11924240017711814,1.9989717300104966,0.03770510677537332,0.02075098814229248,0.25036104069360776,1.945,0.008660254037844393,1.9999856743740303,0.004452572770099945,0.001928020565552524,0.25000500771187634
G1,17/05/2022,PAOK,Panathinaikos,H,2.2,3.25,3.4,2.2,3.0,3.5,2.2,3.15,3.5,2.2,3.0,3.25,2021/22,€76.15m,€34.75m,2.3,2.95,3.69,1.9,3.4,4.33,2.2,0.0,2.0,0.0,0.0,0.25,3.1,0.10606601717798211,1.9991583486918487,0.034214844250961975,0.01814516129032273,0.2502867699872428,3.4125,0.10231690964840563,1.9993468719668563,0.02998297718634597,0.015567765567765512,0.25023457717672604
G1,19/08/2022,Volos NFC,Asteras Tripolis,D,2.45,3.3,2.75,2.55,3.1,2.75,2.5,3.3,2.8,2.55,3.0,2.7,2022/23,€16.65m,€10.68m,2.67,3.12,2.87,2.45,3.4,2.8,2.5125,0.04145780987944235,1.9998030507238345,0.016500620847539244,0.008706467661691475,0.25006921165872387,3.175,0.1299038105676657,1.9987885027729018,0.040914586005564,0.021653543307086576,0.2504264463325615,2.75,0.03535533905932725,1.9998807624348158,0.012856486930664456,0.006818181818181834,0.25004134281009927
G1,20/08/2022,Atromitos,OFI Crete,H,2.2,3.0,3.8,2.1,3.2,3.4,2.2,3.05,3.65,2.1,3.1,3.3,2022/23,€14.08m,€15.73m,2.1,3.25,3.66,2.2,3.2,3.5,2.1500000000000004,0.050000000000000044,1.9996098363678072,0.02325581395348839,0.011627906976744207,0.2501352082206598,3.0875000000000004,0.0739509972887453,1.9995875369618703,0.023951740012549082,0.013157894736842035,0.25014063963811844,3.5375,0.19803724397193573,1.9977424516564948,0.0559822597800525,0.030918727915194122,0.2507762552118347
G1,20/08/2022,Lamia,AEK,A,8.5,4.0,1.45,6.5,3.9,1.51,7.75,3.95,1.5,6.5,3.6,1.5,2022/23,€10.93m,€57.15m,7.49,4.1,1.49,15.0,4.75,1.3,7.3125,0.854674645698584,1.9902220907984347,0.11687858402715678,0.06196581196581197,0.2532390734737193,3.8625,0.15562374497485915,1.9988128665060512,0.040290937210319525,0.020226537216828433,0.2504403926720933,1.49,0.02345207879911717,1.9998202975779054,0.01573965020074978,0.00755033557046958,0.25006403426942064
G1,20/08/2022,PAOK,Panetolikos,H,1.3,5.0,13.0,1.31,5.0,9.5,1.3,5.0,11.0,1.27,4.5,11.0,2022/23,€61.33m,€13.38m,1.28,5.41,12.16,1.5,4.2,7.0,1.2950000000000002,0.015000000000000013,1.9999028826501266,0.011583011583011591,0.005791505791505669,0.25003424847944783,4.875,0.21650635094610965,1.998551760923744,0.04441155916843275,0.019230769230769162,0.2505478451424398,11.125,1.243734296383275,1.9910475135828292,0.11179634124793482,0.0589887640449438,0.2530310667085156
G1,21/08/2022,Panathinaikos,Ionikos,H,1.36,4.5,10.0,1.36,4.6,8.5,1.35,4.6,9.5,1.3,4.33,10.0,2022/23,€49.98m,€9.60m,1.29,5.29,10.3,1.36,4.5,11.0,1.3425000000000002,0.02487468592766552,1.999750691177864,0.01852863011371733,0.008845437616387342,0.25008933194406785,4.5075,0.11031205736455087,1.9995652483246524,0.024473002188474955,0.01261785912368274,0.25015546245250786,9.5,0.6123724356957945,1.9969457390728174,0.064460256389031,0.03289473684210531,0.25116240683060054
G1,21/08/2022,Aris,Levadeiakos,H,1.44,4.33,8.5,1.41,4.5,7.5,1.43,4.4,8.0,1.36,4.0,8.5,2022/23,€33.65m,€11.68m,1.38,4.65,8.16,1.4,4.33,10.0,1.41,0.03082207001484482,1.9996533232050369,0.02185962412400342,0.01152482269503552,0.25012365056457525,4.3075,0.18753333037089703,1.9986159021361036,0.0435364667140794,0.022780034822982964,0.25051006034977147,8.125,0.414578098794425,1.998104804772465,0.05102499677469846,0.026923076923076827,0.2506870969746038
G1,21/08/2022,Olympiakos,Giannina,H,1.28,6.0,8.5,1.26,5.75,11.0,1.27,5.75,10.0,1.24,4.8,12.0,2022/23,€136.73m,€10.90m,1.24,6.14,10.99,1.28,5.75,9.0,1.2625000000000002,0.014790199457749053,1.9999008289876188,0.011715009471484397,0.006435643564356441,0.2500346718519358,5.575,0.45893899376714553,1.9949672020291398,0.08232089574298575,0.04035874439461873,0.2520147486510763,10.375,1.2930100540985752,1.9886294816320897,0.12462747509383858,0.06927710843373491,0.25426752966815463
G1,26/08/2022,Ionikos,Levadeiakos,D,2.1,3.2,3.75,2.1,3.1,3.5,2.1,3.2,3.7,2.05,3.1,3.5,2022/23,€9.60m,€11.68m,2.09,3.29,3.79,2.05,3.25,3.8,2.0875,0.02165063509461108,1.9999220921179732,0.01037156172196938,0.0044910179640720305,0.25002754820936646,3.1500000000000004,0.050000000000000044,1.999818246960343,0.015873015873015886,0.007936507936507908,0.2500629881582263,3.6125,0.11388041973930377,1.9992835606459085,0.03152399162333668,0.016435986159169635,0.2502473891732099
G1,27/08/2022,Giannina,Lamia,D,1.9,3.25,4.5,1.98,3.1,4.0,1.95,3.2,4.4,1.91,3.0,4.2,2022/23,€10.90m,€10.93m,1.92,3.2,4.7,2.0,3.2,4.33,1.935,0.03201562118716427,1.9998028133864714,0.016545540665201173,0.009043927648578753,0.25006784178474606,3.1375,0.09601432184835762,1.9993223793398283,0.03060217429429725,0.01693227091633487,0.25023849501080436,4.275,0.19202864369671524,1.998537683850349,0.04491898098168777,0.024853801169590684,0.2505188531830915
G1,27/08/2022,AEK,Volos NFC,A,1.25,6.0,11.0,1.25,6.0,11.0,1.25,6.0,11.0,1.22,5.0,12.0,2022/23,€57.15m,€16.65m,1.23,6.37,11.64,1.28,6.0,9.0,1.2425,0.012990381056766592,1.9999208304336045,0.01045503505574776,0.00452716297786715,0.2500279988883405,5.75,0.4330127018922193,1.9957808479084205,0.07530655685082074,0.032608695652173836,0.2517006802721089,11.25,0.4330127018922193,1.9989465758033484,0.03849001794597505,0.016666666666666607,0.2503395201448619
G1,28/08/2022,Panetolikos,Aris,H,4.33,3.0,2.05,3.9,3.1,2.0,4.2,3.05,2.05,3.9,3.0,1.95,2022/23,€13.38m,€33.65m,4.3,3.25,1.93,5.25,3.2,1.83,4.0825000000000005,0.18819869818890894,1.998470487612436,0.046098885043211,0.024341702388242403,0.2505235041687968,3.0374999999999996,0.04145780987944252,1.9998659179747336,0.013648661688705358,0.007201646090534863,0.25004596030748916,2.0125,0.041457809879442434,1.9996928115940888,0.020600153977362697,0.01086956521739113,0.25010833550688544
G1,28/08/2022,OFI Crete,Panathinaikos,A,4.5,3.3,1.9,3.8,3.25,1.98,4.3,3.3,1.95,3.9,3.1,1.91,2022/23,€15.73m,€49.98m,4.29,3.41,1.88,4.0,3.3,2.0,4.125,0.28613807855649,1.996536118285152,0.06936680692278545,0.037878787878787845,0.25118558946778274,3.2375,0.0819679815537749,1.9995337593230342,0.025318295460625452,0.01254826254826269,0.2501683920511111,1.935,0.03201562118716427,1.9998028133864714,0.016545540665201173,0.009043927648578753,0.25006784178474606
G1,28/08/2022,PAOK,Atromitos,H,1.53,3.8,7.0,1.49,4.1,6.5,1.53,4.0,6.75,1.44,3.8,7.0,2022/23,€61.33m,€14.08m,1.45,4.31,7.04,1.45,4.0,8.0,1.4975,0.036996621467371885,1.9995574521869386,0.024705590295406935,0.012938230383973348,0.2501573471990852,3.925,0.12990381056766576,1.9992115322894077,0.03309651224653905,0.01751592356687892,0.2502702096696421,6.8125,0.2072890493972125,1.9993286287649275,0.030427750370233025,0.016055045871559592,0.2502388333422855
G1,29/08/2022,Asteras Tripolis,Olympiakos,D,5.0,3.4,1.8,4.4,3.5,1.77,4.8,3.4,1.8,4.33,3.3,1.78,2022/23,€10.68m,€136.73m,4.26,3.56,1.84,5.75,3.4,1.7,4.6325,0.2777926384913753,1.997412652184495,0.0599660309749326,0.032514840798704814,0.2508837657365427,3.4,0.07071067811865482,1.9996879534788257,0.020797258270192596,0.011029411764705843,0.2501082718981202,1.7875,0.01299038105676659,1.999961882357511,0.007267346045743547,0.0038461538461538325,0.25001324520765766
G1,03/09/2022,Lamia,Asteras Tripolis,D,3.2,3.1,2.4,3.0,3.1,2.35,3.15,3.1,2.4,3.1,2.88,2.35,2022/23,€10.93m,€10.68m,3.14,3.07,2.5,2.8,3.1,2.7,3.1125000000000003,0.07395099728874524,1.999591320979759,0.023759356558633007,0.013052208835341306,0.2501442483178986,3.045,0.09526279441628833,1.9992852017155058,0.031284989956088124,0.013546798029556717,0.2502633725030401,2.375,0.02499999999999991,1.9999200708207956,0.010526315789473648,0.0052631578947368585,0.25002770083102493
G1,03/09/2022,Olympiakos,Ionikos,H,1.2,6.5,15.0,1.22,6.25,12.5,1.2,6.5,14.0,1.18,5.25,15.0,2022/23,€136.73m,€9.60m,1.2,6.78,14.19,1.36,5.0,8.5,1.2,0.014142135623730963,1.9998998082055732,0.011785113019775802,0.006250000000000089,0.25003473669316445,6.125,0.5153882032022076,1.9947309056860363,0.08414501276770736,0.04081632653061229,0.2521284499841015,14.125,1.0231690964840563,1.9961455261453458,0.07243675019356151,0.03761061946902644,0.2514625116050156
G1,03/09/2022,Panathinaikos,Levadeiakos,H,1.14,7.0,23.0,1.19,6.25,17.0,1.17,6.75,21.0,1.15,5.5,19.0,2022/23,€49.98m,€11.68m,1.13,7.9,27.21,1.16,6.5,19.0,1.1625,0.01920286436967154,1.9998034576119803,0.016518593006169067,0.009139784946236684,0.250067620969522,6.375,0.57282196186948,1.9940743544184052,0.08985442539129097,0.0490196078431373,0.2522411450139454,20.0,2.23606797749979,1.9909520708329975,0.1118033988749895,0.0625,0.25320159029001765
G1,04/09/2022,Atromitos,Panetolikos,D,1.9,3.3,4.5,1.95,3.25,3.9,1.9,3.3,4.4,1.91,3.1,3.9,2022/23,€14.08m,€13.38m,1.98,3.19,4.17,2.1,3.1,4.0,1.915,0.020615528128088322,1.9999167065962857,0.010765288839732805,0.005221932114882533,0.2500283441590091,3.2375,0.0819679815537749,1.9995337593230342,0.025318295460625452,0.01254826254826269,0.2501683920511111,4.175000000000001,0.2772634126602355,1.996819540221766,0.06641039824197256,0.034431137724550975,0.25109636023234505
G1,04/09/2022,Volos NFC,OFI Crete,A,1.9,3.4,4.2,1.9,3.4,3.9,1.95,3.4,4.1,1.85,3.3,3.9,2022/23,€16.65m,€15.73m,1.81,3.69,4.27,1.9,3.4,4.33,1.9000000000000001,0.03535533905932733,1.9997501970908795,0.018608073189119646,0.009868421052631637,0.25008665507106437,3.375,0.043301270189221974,1.999880665596286,0.012830005981991697,0.005555555555555536,0.25004239923116056,4.025,0.12990381056766584,1.9992501885661405,0.032274238650351755,0.017080745341614856,0.25025703045591635
G1,04/09/2022,AEK,Giannina,H,1.25,5.5,13.0,1.27,5.25,11.5,1.25,5.75,13.0,1.22,5.0,12.0,2022/23,€57.15m,€10.90m,1.24,5.67,11.92,1.25,5.5,13.0,1.2475,0.01785357107135714,1.9998519540982647,0.01431147981671915,0.007515030060120331,0.2500518412301568,5.375,0.2795084971874737,1.9980479131272952,0.052001580872088136,0.029069767441860517,0.2506795669852538,12.375,0.649519052838329,1.998004192302278,0.0524863881081478,0.02777777777777768,0.25070587896070373
G1,04/09/2022,Aris,PAOK,D,2.5,3.25,2.9,2.6,3.1,2.75,2.5,3.2,2.9,2.38,3.0,2.9,2022/23,€33.65m,€61.33m,2.54,2.99,3.06,2.4,3.2,3.0,2.495,0.07794228634059955,1.9992944007423386,0.03123939332288559,0.016533066132264462,0.25024762534949685,3.1375,0.09601432184835762,1.9993223793398283,0.03060217429429725,0.01693227091633487,0.25023849501080436,2.8625000000000003,0.06495190528383286,1.9996252841840452,0.02269062193321672,0.009825327510916804,0.2501357356874258
G1,10/09/2022,OFI Crete,Panetolikos,A,2.05,3.3,3.8,2.05,3.3,3.6,2.05,3.3,3.7,2.0,3.0,3.7,2022/23,€15.73m,€13.38m,2.15,3.29,3.64,2.25,3.2,3.3,2.0374999999999996,0.02165063509461089,1.9999182133505942,0.010626078574042156,0.004601226993864893,0.2500289340689017,3.2249999999999996,0.12990381056766573,1.9988106997275763,0.040280251338811086,0.01744186046511631,0.2504461629982153,3.7,0.07071067811865465,1.999736510092992,0.01911099408612288,0.010135135135135087,0.25009140762943677
G1,10/09/2022,Giannina,Levadeiakos,H,2.0,3.3,4.0,2.05,3.2,3.7,2.05,3.25,3.9,2.05,3.0,3.6,2022/23,€10.90m,€11.68m,2.07,3.27,3.9,2.0,3.3,4.0,2.0374999999999996,0.02165063509461089,1.9999182133505942,0.010626078574042156,0.004601226993864893,0.25002893406890164,3.1875,0.1138804197393037,1.9990696899529028,0.035727190506448216,0.018627450980392313,0.25033951522789333,3.8000000000000003,0.1581138830084189,1.998750639027029,0.041608916581162864,0.023026315789473673,0.25043363712540345
G1,10/09/2022,Ionikos,Atromitos,A,2.25,3.2,3.4,2.3,3.2,3.0,2.3,3.2,3.3,2.3,2.9,3.1,2022/23,€9.60m,€14.08m,2.35,3.19,3.16,2.15,3.1,3.8,2.2874999999999996,0.02165063509461089,1.9999351428157195,0.009464758511305309,0.004098360655737654,0.250022893074082,3.125,0.1299038105676659,1.99873269379249,0.04156921938165309,0.018000000000000016,0.2504766612527364,3.2,0.1581138830084189,1.9982379216282096,0.0494105884401309,0.02734375,0.2506119674587234
G1,11/09/2022,Olympiakos,Volos NFC,D,1.25,6.0,11.0,1.25,5.5,11.5,1.25,5.75,12.0,1.24,4.75,12.0,2022/23,€136.73m,€16.65m,1.27,5.38,11.05,1.25,6.0,9.5,1.2475,0.004330127018922197,1.999991297448974,0.003471043702542843,0.0015030060120240218,0.2500030363266115,5.5,0.46770717334674267,1.9946686257728916,0.08503766788122594,0.045454545454545414,0.252063062876394,11.625,0.414578098794425,1.9990768688075227,0.035662632154359136,0.018817204301075252,0.25032994673325315
G1,11/09/2022,Asteras Tripolis,Aris,A,2.9,3.1,2.6,2.85,3.1,2.5,2.9,3.1,2.6,2.88,2.9,2.45,2022/23,€10.68m,€33.65m,3.03,2.95,2.6,3.5,3.2,2.2,2.8825,0.020463381929681054,1.9999635854194235,0.007099178466498198,0.0036860364267130574,0.250012724538199,3.05,0.08660254037844395,1.9994118808032226,0.02839427553391605,0.012295081967212962,0.2502154553289284,2.5375,0.06495190528383288,1.999526446559289,0.02559680996407207,0.013546798029556717,0.25016568560083574
G1,11/09/2022,Panathinaikos,AEK,H,2.25,3.2,3.4,2.25,3.1,3.2,2.3,3.15,3.3,2.25,2.88,3.25,2022/23,€49.98m,€57.15m,2.25,3.07,3.51,2.25,3.2,3.4,2.2625,0.021650635094610887,1.9999341855189585,0.009569341478281054,0.004143646408839796,0.2500223954134193,3.0825,0.12214233500306115,1.9988536925079905,0.03962443957925747,0.0204785077047851,0.2504219070908262,3.2874999999999996,0.0739509972887451,1.9996361264423765,0.02249459993573996,0.012357414448669335,0.2501241872774089
G1,12/09/2022,PAOK,Lamia,H,1.22,6.5,13.0,1.24,5.5,13.5,1.25,6.0,13.0,1.2,5.0,15.0,2022/23,€61.33m,€10.93m,1.18,6.66,14.27,1.4,4.75,8.0,1.2275,0.01920286436967154,1.999823196541928,0.015643881360221212,0.00865580448065173,0.25006174109748647,5.75,0.5590169943749475,1.9931642365271873,0.09722034684781695,0.05434782608695654,0.2524065150142061,13.625,0.81967981553775,1.997436198446596,0.060159986461486244,0.029816513761467878,0.25081092001541405
G1,17/09/2022,Atromitos,Lamia,D,1.9,3.4,4.5,1.83,3.3,4.4,1.9,3.35,4.3,1.85,3.1,4.2,2022/23,€14.08m,€10.93m,1.85,3.44,4.65,1.95,3.25,4.5,1.87,0.0308220700148448,1.9998038559207147,0.016482390382269944,0.008689839572192604,0.25006827282473815,3.2874999999999996,0.11388041973930368,1.9991257113936785,0.03464043185986424,0.018060836501901267,0.25031854986376384,4.3500000000000005,0.11180339887498948,1.9995233995051964,0.02570193077585965,0.014367816091953811,0.2501653570037413
G1,17/09/2022,Panetolikos,AEK,A,6.0,3.6,1.65,5.0,3.6,1.68,5.75,3.55,1.67,5.25,3.5,1.6,2022/23,€13.38m,€57.15m,5.42,3.87,1.62,5.0,3.6,1.72,5.5,0.39528470752104744,1.9962696551972943,0.07186994682200863,0.03977272727272729,0.2512985884379972,3.5625,0.04145780987944255,1.9999021200041283,0.011637279966159313,0.0061403508771928905,0.250034254137121,1.65,0.03082207001484482,1.9997470560601553,0.018680042433239286,0.009848484848484995,0.25008983409592345
G1,17/09/2022,Panathinaikos,Giannina,H,1.28,5.25,13.0,1.27,5.25,12.5,1.27,5.25,13.0,1.22,4.8,13.0,2022/23,€49.98m,€10.90m,1.26,5.43,13.43,1.36,4.75,10.0,1.2599999999999998,0.02345207879911717,1.9997484440895947,0.018612760951680296,0.008928571428571175,0.2500901001052775,5.1375,0.19485571585149877,1.9989465590246038,0.03792811987377105,0.01642335766423364,0.25039333372181105,12.875,0.21650635094610965,1.999794675150468,0.016816027257950263,0.00728155339805836,0.2500735222037055
G1,18/09/2022,Levadeiakos,Asteras Tripolis,D,2.8,3.1,2.62,2.87,3.1,2.45,2.85,3.1,2.6,2.8,3.0,2.45,2022/23,€11.68m,€10.68m,2.85,3.11,2.61,3.0,3.1,2.6,2.8299999999999996,0.030822070014845018,1.999914480884044,0.010891190817966438,0.005742049469964705,0.2500295573411249,3.0749999999999997,0.043301270189221974,1.999856174166598,0.014081713882673813,0.0060975609756099836,0.25005122600915236,2.5300000000000002,0.08031189202104501,1.9992731716296166,0.03174383083835771,0.016304347826086918,0.2502515697171013
G1,18/09/2022,OFI Crete,PAOK,D,4.75,3.25,1.85,4.4,3.3,1.85,4.6,3.3,1.85,4.33,3.2,1.8,2022/23,€15.73m,€61.33m,4.26,3.51,1.85,5.0,3.6,1.75,4.52,0.1656804152578088,1.9990331613141745,0.03665495912783381,0.02018805309734506,0.25033093913842963,3.2625,0.04145780987944235,1.9998832701248064,0.01270737467569114,0.006704980842911823,0.25004088804644686,1.8375,0.021650635094610987,1.999899394926591,0.011782658554890333,0.005102040816326703,0.2500356718192628
G1,18/09/2022,Aris,Olympiakos,H,3.5,3.3,2.15,3.5,3.25,2.1,3.5,3.3,2.15,3.6,3.1,2.0,2022/23,€33.65m,€136.73m,3.79,3.28,2.05,4.0,3.3,2.0,3.525,0.043301270189221974,1.9998916585608881,0.012284048280630348,0.005319148936170137,0.25003667661010315,3.2375,0.0819679815537749,1.9995337593230342,0.025318295460625452,0.01254826254826269,0.2501683920511111,2.1,0.061237243569579415,1.9993815629181482,0.029160592175990197,0.014880952380952328,0.25022327437191505
G1,18/09/2022,Volos NFC,Ionikos,H,2.0,3.3,4.0,2.0,3.3,3.6,2.05,3.25,3.9,1.95,3.2,3.6,2022/23,€16.65m,€9.60m,1.99,3.35,3.89,2.0,3.25,4.2,2.0,0.03535533905932733,1.9997745554126243,0.017677669529663664,0.009374999999999911,0.25007819828035127,3.2625,0.04145780987944235,1.9998832701248068,0.01270737467569114,0.006704980842911823,0.25004088804644675,3.775,0.1785357107135712,1.9983887761795913,0.04729422800359502,0.024834437086092676,0.25055362355217825
G1,01/10/2022,Lamia,Levadeiakos,H,2.15,3.2,3.6,2.2,3.0,3.5,2.2,3.05,3.7,2.2,2.88,3.4,2022/23,€10.93m,€11.68m,2.19,3.14,3.7,2.05,3.25,3.8,2.1875,0.02165063509461108,1.9999290654762518,0.009897433186107923,0.004285714285714226,0.25002505930702656,3.0324999999999998,0.11475517417528511,1.99896898365684,0.037841772193004164,0.020816158285243302,0.25035435555636204,3.55,0.11180339887498958,1.99928432530905,0.031493915176053405,0.017605633802816767,0.25024843967878063
G1,02/10/2022,Asteras Tripolis,OFI Crete,H,1.85,3.4,4.5,1.9,3.3,4.0,1.9,3.35,4.3,1.88,3.1,4.0,2022/23,€10.68m,€15.73m,1.86,3.44,4.34,2.0,3.3,4.0,1.8824999999999998,0.020463381929681054,1.9999145467347788,0.010870322406205076,0.00564409030544466,0.25002999277166466,3.2874999999999996,0.11388041973930368,1.9991257113936785,0.03464043185986424,0.018060836501901267,0.25031854986376384,4.2,0.21213203435596423,1.998168486004864,0.05050762722761053,0.02678571428571419,0.2506193682352446
G1,02/10/2022,Olympiakos,Atromitos,H,1.33,4.5,10.0,1.32,5.0,9.75,1.33,4.9,10.0,1.27,4.5,11.0,2022/23,€136.73m,€14.08m,1.33,4.97,10.19,1.33,4.5,9.5,1.3125,0.024874685927665518,1.9997391233750137,0.018952141659173728,0.009047619047619193,0.25009354903941733,4.725,0.22776083947860754,1.9983251198821723,0.04820335227060477,0.025132275132275117,0.25057725142338216,10.1875,0.480071609241788,1.9984218637607847,0.047123593545206184,0.02300613496932513,0.2505074852316885
G1,02/10/2022,Volos NFC,Aris,H,3.6,3.4,2.1,3.3,3.25,2.15,3.5,3.35,2.15,3.4,3.0,2.1,2022/23,€16.65m,€33.65m,3.6,3.23,2.14,4.2,3.6,1.9,3.45,0.11180339887498959,1.9992422235438387,0.03240678228260568,0.018115942028985366,0.2502630802136236,3.25,0.1541103500742244,1.9983570724551682,0.04741856925360751,0.02499999999999991,0.2506071507539027,2.125,0.02499999999999991,1.9999001572094883,0.0117647058823529,0.00588235294117645,0.25003460207612455
G1,02/10/2022,PAOK,Panathinaikos,A,2.5,3.2,2.9,2.5,3.0,2.9,2.5,3.1,3.0,2.45,2.88,2.9,2022/23,€61.33m,€49.98m,2.6,2.91,3.07,2.3,3.0,3.6,2.4875,0.02165063509461089,1.9999451691473982,0.008703772902356138,0.0037688442211054607,0.250019325414208,3.045,0.11863810517704683,1.998903045522819,0.03896161089558188,0.021756978653530323,0.2503837614662754,2.925,0.043301270189221974,1.99984280125559,0.014803853056144265,0.0064102564102563875,0.25005296236141517
G1,03/10/2022,Giannina,Panetolikos,A,2.3,3.1,3.4,2.3,3.1,3.2,2.3,3.1,3.4,2.3,2.9,3.1,2022/23,€10.90m,€13.38m,2.32,3.08,3.35,2.15,3.1,3.8,2.3,0.0,2.0,0.0,0.0,0.25,3.05,0.08660254037844395,1.9994118808032226,0.02839427553391605,0.012295081967212962,0.2502154553289284,3.275,0.1299038105676657,1.998861483773968,0.03966528566951624,0.020992366412213803,0.25040055507923104
G1,03/10/2022,AEK,Ionikos,H,1.2,6.0,15.0,1.21,6.0,15.0,1.2,6.25,14.0,1.18,5.5,15.0,2022/23,€57.15m,€9.60m,1.18,6.62,14.3,1.22,6.0,15.0,1.1975,0.010897247358851694,1.9999401453583774,0.009099997794448178,0.0046972860125260585,0.2500209538597449,5.9375,0.2724311839712921,1.998465077920378,0.04588314677411236,0.023684210526315752,0.25056164564591665,14.75,0.4330127018922193,1.9993710881552347,0.029356793348625038,0.012711864406779627,0.250230840258541
G1,08/10/2022,Panetolikos,Volos NFC,A,2.15,3.25,3.5,2.15,3.2,3.4,2.15,3.25,3.5,2.1,3.0,3.5,2022/23,€13.38m,€16.65m,2.19,3.11,3.75,2.25,3.4,3.2,2.1375,0.02165063509461089,1.999925701357953,0.01012895209104603,0.004385964912280826,0.25002625958474844,3.175,0.10307764064044153,1.999230940983937,0.03246539862691072,0.015748031496062964,0.25028214198644105,3.475,0.04330127018922197,1.9998874512721907,0.012460797176754523,0.0053956834532373765,0.25003995950769886
G1,08/10/2022,Ionikos,Lamia,D,2.25,3.1,3.4,2.25,3.1,3.25,2.25,3.15,3.35,2.2,3.0,3.2,2022/23,€9.60m,€10.93m,2.34,3.13,3.35,2.37,3.1,3.3,2.2375,0.02165063509461089,1.9999322061774008,0.009676261494798164,0.0041899441340780275,0.250023939480992,3.0875,0.0544862367942584,1.999774464762903,0.01764736414388936,0.009109311740890691,0.25007973042608284,3.3000000000000003,0.0790569415042094,1.999585949613971,0.023956648940669515,0.01325757575757569,0.2501435692762972
G1,09/10/2022,OFI Crete,Olympiakos,A,8.0,4.2,1.44,6.0,4.1,1.52,7.5,4.3,1.45,6.5,3.75,1.47,2022/23,€15.73m,€136.73m,7.04,4.14,1.5,7.0,3.8,1.57,7.0,0.7905694150420949,1.9907723277966067,0.11293848786315641,0.0625,0.2532336532954628,4.0875,0.20728904939721246,1.9981190010831889,0.050712917283721695,0.026758409785932802,0.250698746157735,1.47,0.03082207001484491,1.999684530220329,0.020967394567921706,0.011054421768707412,0.2501065072292726
G1,09/10/2022,Levadeiakos,PAOK,D,5.5,3.8,1.66,5.5,3.7,1.63,5.5,3.7,1.65,5.25,3.25,1.65,2022/23,€11.68m,€61.33m,5.55,3.51,1.71,5.25,3.75,1.72,5.4375,0.10825317547305482,1.9997118555221125,0.01990862997205606,0.008620689655172376,0.25010380622837375,3.6125,0.21323402636539976,1.9974326133600333,0.059026720101148726,0.028546712802768104,0.2509887762037556,1.6475,0.010897247358851694,1.999968394849669,0.006614414178362182,0.003414264036418757,0.25001103354716003
G1,09/10/2022,Panathinaikos,Asteras Tripolis,H,1.44,4.0,9.0,1.41,4.33,7.75,1.43,4.1,8.5,1.36,3.9,9.0,2022/23,€49.98m,€10.68m,1.41,4.2,8.73,1.45,4.0,9.0,1.41,0.03082207001484482,1.9996533232050369,0.02185962412400342,0.01152482269503552,0.25012365056457525,4.0825,0.1594325876350253,1.9989068765132303,0.039052685274960273,0.02127985303123081,0.25036712323075677,8.5625,0.5115845482420281,1.997386664505409,0.059747100524616424,0.031021897810219023,0.25097489454479577
G1,09/10/2022,Aris,AEK,A,2.87,3.1,2.62,2.75,3.1,2.6,2.85,3.1,2.6,2.7,3.0,2.55,2022/23,€33.65m,€57.15m,2.89,3.14,2.56,2.75,3.2,2.7,2.7925,0.07013380069552767,1.999544350024226,0.025115058440654495,0.013652641002685817,0.2501589965362953,3.0749999999999997,0.043301270189221974,1.999856174166598,0.014081713882673813,0.0060975609756099836,0.25005122600915236,2.5925000000000002,0.025860201081971616,1.999928032644839,0.009975005238947584,0.005062680810029141,0.2500252792655951
G1,10/10/2022,Atromitos,Giannina,H,1.8,3.25,5.5,1.8,3.3,4.6,1.8,3.25,5.25,1.75,3.2,4.6,2022/23,€14.08m,€10.90m,1.79,3.47,4.7,1.95,3.1,4.75,1.7874999999999999,0.021650635094610987,1.9998936741990638,0.01211224340957258,0.005244755244755428,0.2500377244605402,3.25,0.03535533905932725,1.9999146300616968,0.010878565864408385,0.005769230769230749,0.2500295963047226,4.9875,0.3974528273896163,1.9954310320690984,0.07968978995280528,0.04197994987468667,0.2515562129302183
G1,15/10/2022,Volos NFC,Levadeiakos,H,1.75,3.4,5.25,1.75,3.4,4.75,1.77,3.4,5.0,1.75,3.25,4.5,2022/23,€16.65m,€11.68m,1.79,3.35,5.27,1.61,3.6,6.0,1.755,0.008660254037844395,1.9999824680586018,0.004934617685381422,0.002136752136752129,0.2500060188268905,3.3625000000000003,0.06495190528383286,1.9997288032186362,0.019316551757273714,0.00836431226765777,0.25009758706935187,4.875,0.2795084971874737,1.997626570689287,0.057335076346148456,0.03205128205128216,0.25082704337395384
G1,15/10/2022,Aris,Ionikos,H,1.4,4.75,8.0,1.4,4.4,7.75,1.4,4.6,8.0,1.36,4.0,8.5,2022/23,€33.65m,€9.60m,1.4,4.5,8.83,1.4,5.0,7.5,1.3900000000000001,0.017320508075688693,1.9998874512721907,0.012460797176754454,0.0053956834532373765,0.25003995950769886,4.4375,0.28145825622994247,1.9970605305054068,0.06342721267153634,0.03450704225352119,0.2510871896941916,8.0625,0.2724311839712921,1.9991821218999624,0.033789914291012975,0.01744186046511631,0.2502738984992825
G1,16/10/2022,AEK,Atromitos,H,1.3,5.5,10.0,1.28,5.25,11.0,1.3,5.5,11.0,1.24,4.75,12.0,2022/23,€57.15m,€14.08m,1.26,5.72,10.29,1.3,6.0,8.0,1.28,0.024494897427831803,1.9997344260246668,0.019136638615493595,0.009765625,0.2500945172111308,5.25,0.30618621784789724,1.9975045673761036,0.05832118435198043,0.029761904761904656,0.25094080159563353,11.0,0.7071067811865476,1.9970151057384784,0.0642824346533225,0.03409090909090917,0.25104595306554645
G1,16/10/2022,Giannina,OFI Crete,D,2.25,3.2,3.4,2.2,3.25,3.2,2.25,3.2,3.4,2.2,3.0,3.2,2022/23,€10.90m,€15.73m,2.24,3.19,3.38,2.1,3.25,3.75,2.225,0.02499999999999991,1.9999089303498088,0.011235955056179735,0.005617977528090012,0.25003156167150614,3.1624999999999996,0.09601432184835763,1.9993281850367581,0.030360259872998466,0.014822134387351804,0.25024515302034933,3.3000000000000003,0.09999999999999987,1.9993375041688848,0.03030303030303026,0.015151515151515138,0.25022956841138655
G1,16/10/2022,Lamia,Panathinaikos,A,6.0,3.5,1.66,6.25,3.4,1.62,6.0,3.55,1.65,6.0,3.2,1.6,2022/23,€10.93m,€49.98m,6.13,3.42,1.65,4.75,3.1,1.95,6.0625,0.10825317547305482,1.9997715556274227,0.017856193892462652,0.0077319587628865705,0.25007652280379555,3.4125000000000005,0.134047566184545,1.9988768117037234,0.03928133807605714,0.021062271062270987,0.25040735699760475,1.6325000000000003,0.023848480035423558,1.9998459095656709,0.01460856357453204,0.008039816232771724,0.2500536571171801
G1,16/10/2022,Asteras Tripolis,Panetolikos,D,1.85,3.5,4.5,1.9,3.3,4.0,1.9,3.4,4.4,1.85,3.1,4.2,2022/23,€10.68m,€13.38m,1.81,3.38,4.78,1.95,3.4,4.2,1.875,0.02499999999999991,1.999871756640849,0.013333333333333286,0.006666666666666821,0.2500444444444444,3.325,0.14790199457749037,1.9985626328214345,0.04448180288044823,0.02443609022556381,0.25051637849796676,4.275,0.19202864369671524,1.998537683850349,0.04491898098168777,0.024853801169590684,0.2505188531830915
G1,17/10/2022,Olympiakos,PAOK,A,1.75,3.4,5.5,1.78,3.4,4.5,1.75,3.5,5.0,1.73,3.2,4.8,2022/23,€136.73m,€61.33m,1.71,3.72,4.83,1.8,3.3,5.25,1.7525,0.01785357107135714,1.9999252370997995,0.010187487059262278,0.005349500713266675,0.2500257368259158,3.375,0.10897247358851676,1.9992424207686315,0.03228814032252349,0.01666666666666683,0.25027253143738065,4.95,0.3640054944640259,1.996128422594542,0.07353646352808604,0.04040404040404022,0.2512964184577019
G1,22/10/2022,Atromitos,Volos NFC,A,2.25,3.4,3.2,2.25,3.25,3.1,2.25,3.35,3.2,2.25,3.0,3.1,2022/23,€14.08m,€16.65m,2.34,3.28,3.21,2.37,3.3,3.1,2.25,0.0,2.0,0.0,0.0,0.25,3.25,0.1541103500742244,1.9983570724551682,0.04741856925360751,0.02499999999999991,0.2506071507539027,3.1500000000000004,0.050000000000000044,1.999818246960343,0.015873015873015886,0.007936507936507908,0.2500629881582263
G1,22/10/2022,Panetolikos,Olympiakos,A,5.5,4.33,1.55,5.75,4.0,1.55,5.75,4.2,1.55,6.0,3.5,1.53,2022/23,€13.38m,€136.73m,6.14,3.92,1.58,6.5,4.2,1.5,5.75,0.1767766952966369,1.999317982079286,0.030743773095067286,0.016304347826086918,0.25023696597625056,4.0075,0.31570357932719106,1.995429493406171,0.07877818573354736,0.04195258889582032,0.25175783726400247,1.545,0.008660254037844393,1.999977286181889,0.005605342419316759,0.0024271844660193054,0.25000795764411293
G1,23/10/2022,Ionikos,Giannina,D,2.15,3.2,3.6,2.15,3.2,3.4,2.15,3.2,3.55,2.1,3.0,3.4,2022/23,€9.60m,€10.90m,2.18,3.25,3.47,1.83,3.5,4.75,2.1375,0.02165063509461089,1.999925701357953,0.01012895209104603,0.004385964912280826,0.25002625958474844,3.1500000000000004,0.08660254037844395,1.9994488293074122,0.027492869961410774,0.011904761904761862,0.25020155872077404,3.4875,0.08926785535678566,1.9995277921204953,0.02559651766502815,0.013440860215053752,0.2501628758533968
G1,23/10/2022,Panathinaikos,Aris,H,1.85,3.25,5.0,1.85,3.3,4.4,1.85,3.25,4.8,1.78,3.2,4.5,2022/23,€49.98m,€33.65m,1.81,3.39,4.76,1.75,3.3,5.5,1.8325,0.03031088913245538,1.9998013645341228,0.01654073076805205,0.007162346521146112,0.250071088534725,3.25,0.03535533905932725,1.9999146300616968,0.010878565864408385,0.005769230769230749,0.2500295963047226,4.675,0.23848480035423628,1.9981276680254538,0.051012791519622736,0.028074866310160207,0.25064012134206626
G1,23/10/2022,PAOK,Asteras Tripolis,D,1.5,4.0,7.5,1.5,3.9,6.75,1.5,3.95,7.25,1.44,3.7,7.5,2022/23,€61.33m,€10.68m,1.46,4.03,7.61,1.36,4.33,11.0,1.4849999999999999,0.025980762113533184,1.999777688257265,0.01749546270271595,0.007575757575757569,0.2500797109150813,3.8875,0.11388041973930368,1.999375757832282,0.02929399864676622,0.015273311897106012,0.2502256380548315,7.25,0.30618621784789724,1.9986978300101208,0.04223258177212376,0.02155172413793105,0.2504791906546718
G1,24/10/2022,Levadeiakos,AEK,A,8.0,4.2,1.44,6.5,4.2,1.47,8.0,4.3,1.43,8.5,3.9,1.38,2022/23,€11.68m,€57.15m,8.14,4.34,1.41,11.0,5.5,1.3,7.75,0.75,1.9930255904338112,0.0967741935483871,0.048387096774193505,0.25283383759722566,4.15,0.15000000000000002,1.9990470548334685,0.03614457831325302,0.01807228915662651,0.25034918893906544,1.43,0.03240370349203933,1.9996283103914394,0.022659932511915618,0.012237762237762073,0.25013113436939555
G1,24/10/2022,OFI Crete,Lamia,D,2.15,3.2,3.4,2.2,3.2,3.3,2.2,3.2,3.45,2.15,3.0,3.3,2022/23,€15.73m,€10.93m,2.18,3.14,3.59,2.37,3.3,3.1,2.175,0.025000000000000133,1.9999046950184836,0.01149425287356328,0.005747126436781658,0.25003302946228034,3.1500000000000004,0.08660254037844395,1.9994488293074122,0.027492869961410774,0.011904761904761862,0.25020155872077404,3.3625,0.06495190528383303,1.999731193493306,0.019316551757273766,0.010223048327137718,0.25009254015542937
G1,29/10/2022,Ionikos,Panetolikos,D,2.05,3.3,3.8,2.05,3.25,3.5,2.1,3.3,3.65,2.05,3.1,3.4,2022/23,€9.60m,€13.38m,2.14,3.27,3.69,2.05,3.3,3.8,2.0625,0.02165063509461108,1.99992083045956,0.010497277621629615,0.00454545454545463,0.25002689232313824,3.2375,0.0819679815537749,1.9995337593230342,0.025318295460625452,0.01254826254826269,0.2501683920511111,3.5875,0.15155444566227672,1.998715399807658,0.042245141648021386,0.023519163763066286,0.2504405563527998
G1,29/10/2022,Volos NFC,Panathinaikos,A,4.33,3.6,1.83,4.33,3.3,1.85,4.3,3.5,1.85,4.2,3.1,1.85,2022/23,€16.65m,€49.98m,4.68,3.46,1.83,4.75,3.3,1.83,4.29,0.0533853912601565,1.9998878312661055,0.012444147146889626,0.006118881118881259,0.25003968569809765,3.375,0.1920286436967152,1.9976504325632813,0.05689737591013784,0.031481481481481444,0.2508396885074254,1.8450000000000002,0.008660254037844393,1.9999840778862323,0.004693904627557937,0.00203252032520318,0.2500055683834612
G1,30/10/2022,Olympiakos,Lamia,H,1.22,6.5,13.0,1.23,5.75,12.5,1.25,6.0,13.0,1.2,5.25,13.0,2022/23,€136.73m,€10.93m,1.19,6.51,13.85,1.22,6.0,13.0,1.225,0.018027756377319962,1.9998437626858732,0.014716535818220376,0.008163265306122547,0.2500541740924609,5.875,0.45069390943299864,1.9957471117133672,0.07671385692476572,0.042553191489361764,0.2514936054420334,12.875,0.21650635094610965,1.999794675150468,0.016816027257950263,0.00728155339805836,0.2500735222037055
G1,30/10/2022,Levadeiakos,Atromitos,H,2.7,3.2,2.75,2.7,3.0,2.7,2.7,3.2,2.7,2.7,2.88,2.62,2022/23,€11.68m,€14.08m,2.91,2.96,2.68,2.9,3.2,2.55,2.7,0.0,2.0,0.0,0.0,0.25,3.0700000000000003,0.13674794331177356,1.9985622816144286,0.04454330401034969,0.023615635179153216,0.25050928021729296,2.6925,0.046569840025492866,1.9997835966393174,0.01729613371420348,0.009052924791086214,0.2500760780738062
G1,30/10/2022,AEK,PAOK,H,1.61,3.75,6.0,1.66,3.6,5.25,1.63,3.75,6.0,1.62,3.3,5.5,2022/23,€57.15m,€61.33m,1.64,3.65,5.62,1.66,3.5,5.5,1.6300000000000001,0.018708286933869635,1.9999052208154067,0.011477476646545788,0.006134969325153339,0.2500324264125259,3.5999999999999996,0.18371173070873845,1.998093697428817,0.051031036307982905,0.02604166666666674,0.2507107871140194,5.6875,0.3247595264191645,1.9976368212647402,0.057100576073699255,0.030219780219780112,0.2508374421318078
G1,30/10/2022,Aris,OFI Crete,D,1.4,4.5,9.0,1.4,4.33,8.0,1.4,4.4,8.5,1.36,4.0,8.5,2022/23,€33.65m,€15.73m,1.41,4.25,8.46,1.4,4.5,9.5,1.3900000000000001,0.017320508075688693,1.9998874512721907,0.012460797176754454,0.0053956834532373765,0.25003995950769886,4.3075,0.18753333037089703,1.9986159021361036,0.0435364667140794,0.022780034822982964,0.25051006034977147,8.5,0.3535533905932738,1.9987512731845576,0.04159451654038515,0.022058823529411686,0.25043477738496794
G1,31/10/2022,Giannina,Asteras Tripolis,H,2.55,3.2,2.87,2.45,3.1,2.87,2.5,3.2,2.9,2.45,2.9,2.88,2022/23,€10.90m,€10.68m,2.49,3.14,2.98,2.75,2.9,2.87,2.4875,0.04145780987944235,1.9998001650030814,0.016666456232941648,0.008793969849246075,0.2500683361648333,3.1000000000000005,0.12247448713915901,1.998861354897418,0.03950789907714806,0.020161290322580516,0.25041733207827466,2.8800000000000003,0.01224744871391581,1.9999869698176929,0.0042525863589985445,0.0021701388888890616,0.25000448996978136
G1,05/11/2022,Lamia,Volos NFC,D,2.5,3.3,2.87,2.65,2.95,2.75,2.55,3.2,2.8,2.62,2.8,2.75,2022/23,€10.93m,€16.65m,2.74,3.1,2.8,2.7,3.3,2.62,2.58,0.058736700622353664,1.9996256182413346,0.022766163031920025,0.012596899224806224,0.2501306244578452,3.0625,0.19803724397193576,1.9969733372669283,0.0646652225214484,0.03571428571428581,0.25106579572601345,2.7925000000000004,0.04918078893226504,1.9997770986595684,0.017611741784159366,0.009176365264100372,0.2500758080118772
G1,05/11/2022,OFI Crete,Ionikos,A,2.1,3.4,3.5,2.05,3.3,3.5,2.1,3.35,3.5,2.05,3.0,3.6,2022/23,€15.73m,€9.60m,2.17,3.23,3.64,1.9,3.4,4.2,2.075,0.025000000000000133,1.9998952874186189,0.0120481927710844,0.0060240963855420215,0.2500362897372623,3.2624999999999997,0.15562374497485915,1.9983316801719426,0.04770076474325185,0.023946360153256796,0.25062700501724544,3.525,0.043301270189221974,1.9998916585608881,0.012284048280630348,0.005319148936170137,0.25003667661010315
G1,05/11/2022,Atromitos,Aris,D,3.6,3.4,2.1,3.4,3.1,2.15,3.5,3.3,2.15,3.4,2.9,2.15,2022/23,€14.08m,€33.65m,3.44,3.33,2.2,3.4,3.3,2.15,3.475,0.08291561975888508,1.9995908651694057,0.023860610002556855,0.0125899280575541,0.25013912875740074,3.175,0.19202864369671518,1.9973439228191483,0.06048146258164258,0.0334645669291338,0.25095135105378935,2.1375,0.02165063509461089,1.999925701357953,0.01012895209104603,0.004385964912280826,0.25002625958474844
G1,05/11/2022,PAOK,Giannina,H,1.33,5.0,9.5,1.34,4.75,9.0,1.35,4.8,9.0,1.32,4.2,10.0,2022/23,€61.33m,€10.90m,1.3,5.16,11.07,1.36,5.0,8.0,1.335,0.011180339887498959,1.9999494058445246,0.00837478643258349,0.004681647940074862,0.2500175366234425,4.6875,0.29659526294261673,1.997058877779085,0.06327365609442491,0.03266666666666662,0.25111732269005044,9.375,0.414578098794425,1.9985988944278994,0.04422166387140533,0.023333333333333428,0.250469252059937
G1,06/11/2022,Panetolikos,Levadeiakos,D,1.9,3.3,4.5,1.88,3.5,4.0,1.9,3.35,4.4,1.88,3.1,4.0,2022/23,€13.38m,€11.68m,1.95,3.32,4.31,1.85,3.3,4.75,1.8900000000000001,0.010000000000000009,1.9999798059716654,0.005291005291005295,0.002645502645502784,0.25000699868424736,3.3125,0.14306903927824494,1.9986486623997592,0.04319065336701734,0.02358490566037741,0.25047906634812384,4.225,0.22776083947860754,1.99790530524156,0.05390789100085386,0.028106508875739733,0.2507214803078316
G1,06/11/2022,Panathinaikos,Olympiakos,D,2.2,3.3,3.4,2.15,3.2,3.4,2.45,3.15,3.0,2.15,2.9,3.4,2022/23,€49.98m,€136.73m,2.23,3.18,3.41,2.2,3.1,3.5,2.2375,0.12437342963832758,1.997812746615839,0.055585890341151994,0.026536312849162025,0.2506891975487689,3.1375,0.14737282653189496,1.9983899891079357,0.0469714188149466,0.02490039840637448,0.25059154711300186,3.3,0.1732050807568877,1.9979704248448915,0.05248638810814779,0.022727272727272707,0.2507804370447452
G1,06/11/2022,Asteras Tripolis,AEK,D,6.0,3.6,1.65,4.8,3.6,1.7,5.75,3.6,1.65,5.25,3.4,1.62,2022/23,€10.68m,€57.15m,5.71,3.84,1.6,6.5,3.75,1.6,5.45,0.4623310502226733,1.9947659606581207,0.0848313853619584,0.04701834862385312,0.2518902108913636,3.55,0.08660254037844395,1.9995665789534056,0.024395081796744777,0.010563380281690016,0.25015752993068685,1.6549999999999998,0.028722813232690103,1.9997833428920548,0.017355174158725138,0.009063444108761365,0.25007404786967335
G1,08/11/2022,Aris,Lamia,H,1.53,4.0,7.0,1.55,3.8,6.25,1.53,3.9,6.75,1.5,3.6,6.5,2022/23,€33.65m,€10.93m,1.53,3.93,7.0,1.4,4.33,9.0,1.5275,0.01785357107135714,1.999901292804261,0.011688098901052138,0.006137479541735047,0.25003449637151054,3.825,0.14790199457749037,1.998914928353425,0.03866718812483408,0.0212418300653594,0.2503878241251504,6.625,0.2795084971874737,1.9987153810531701,0.04218996183961868,0.02358490566037741,0.25044652356285707
G1,09/11/2022,Panetolikos,Panathinaikos,A,5.5,3.75,1.65,5.0,3.6,1.68,5.5,3.7,1.67,5.25,3.4,1.62,2022/23,€13.38m,€49.98m,5.86,3.82,1.62,5.75,3.3,1.72,5.3125,0.2072890493972125,1.9988942420654394,0.039019115180651764,0.020588235294117574,0.2503964325682371,3.6125,0.13404756618454516,1.99899826328752,0.03710659271544503,0.019896193771626436,0.2503623499606374,1.655,0.022912878474779134,1.9998614102998653,0.013844639561800081,0.007552870090634434,0.25004860165140824
G1,09/11/2022,Atromitos,Asteras Tripolis,H,2.5,3.2,3.0,2.4,3.1,2.95,2.5,3.15,2.95,2.45,2.88,2.9,2022/23,€14.08m,€10.68m,2.58,2.99,3.11,2.3,3.25,3.3,2.4625000000000004,0.04145780987944252,1.9997949596912334,0.016835658834291375,0.008883248730964466,0.2500720757902077,3.0825,0.12214233500306115,1.9988536925079905,0.03962443957925747,0.0204785077047851,0.2504219070908262,2.95,0.03535533905932741,1.9998963829270635,0.011984860698077087,0.006355932203389925,0.25003592469885944
G1,09/11/2022,AEK,OFI Crete,H,1.25,6.0,12.0,1.24,6.0,11.5,1.25,6.0,12.0,1.2,5.25,13.0,2022/23,€57.15m,€15.73m,1.22,6.26,13.08,1.2,7.0,13.0,1.235,0.020615528128088322,1.9997978284945632,0.016692735326387303,0.008097165991902688,0.25007212357469877,5.8125,0.3247595264191645,1.997696811857739,0.05587260669577024,0.024193548387096753,0.2508917954815697,12.125,0.5448623679425842,1.9985565772840843,0.0449371025107286,0.02319587628865971,0.25047846005533936
G1,09/11/2022,Levadeiakos,Olympiakos,A,9.0,4.75,1.36,8.75,4.75,1.36,8.5,4.8,1.37,9.5,4.33,1.32,2022/23,€11.68m,€136.73m,9.98,4.96,1.34,9.0,4.5,1.4,8.9375,0.369754986443726,1.998772121684929,0.04137118729440291,0.022727272727272707,0.25041429838403134,4.6575,0.19018083499658944,1.9987782198508404,0.040833244229004716,0.018921095008051392,0.25045766014214227,1.3525,0.019202864369671536,1.9998538929931733,0.01419805128996047,0.006931608133087019,0.2500518555822096
G1,10/11/2022,Volos NFC,Giannina,H,1.75,3.6,4.75,1.78,3.4,4.6,1.77,3.55,4.6,1.78,3.2,4.5,2022/23,€16.65m,€10.90m,1.72,3.74,4.72,1.83,3.5,4.5,1.77,0.012247448713915901,1.9999653970330178,0.0069194625502349725,0.0035310734463278592,0.25001210672853513,3.4375,0.1556237449748591,1.9985091946167421,0.04527236217450446,0.024545454545454648,0.2505386136993511,4.6125,0.08926785535678565,1.999730498267439,0.01935346457599689,0.010162601626016121,0.2500922542189555
G1,10/11/2022,Ionikos,PAOK,A,5.25,3.6,1.7,4.6,3.7,1.72,5.25,3.6,1.7,4.8,3.4,1.67,2022/23,€9.60m,€61.33m,4.68,3.58,1.76,4.75,3.6,1.8,4.975,0.2839454172900138,1.9976405533668598,0.0570744557366862,0.03015075376884413,0.25083316273297757,3.575,0.10897247358851693,1.9993251043683955,0.03048181079399075,0.01573426573426584,0.2502422528834002,1.6975,0.01785357107135714,1.9999200868680804,0.010517567641447506,0.005522827687776344,0.2500279039873496
G1,13/11/2022,Giannina,Aris,A,4.33,3.4,1.9,3.8,3.3,1.95,4.2,3.35,1.95,4.0,3.1,1.88,2022/23,€10.90m,€33.65m,4.11,3.45,1.91,4.33,3.4,1.85,4.0825,0.20104414938017978,1.998243933815159,0.04924535196085237,0.027403551745253996,0.25062056029078594,3.2874999999999996,0.11388041973930368,1.9991257113936785,0.03464043185986424,0.018060836501901267,0.25031854986376384,1.92,0.03082207001484491,1.999813943350552,0.016053161466065058,0.008463541666666519,0.2500647541848271
G1,13/11/2022,Panathinaikos,Atromitos,H,1.4,4.5,9.0,1.39,4.4,8.25,1.4,4.5,8.75,1.33,4.0,10.0,2022/23,€49.98m,€14.08m,1.34,4.71,9.5,1.33,4.75,12.0,1.38,0.02915475947422643,1.9996755115339364,0.02112663730016408,0.009963768115942129,0.25011691762245797,4.35,0.20615528128088306,1.9983521528303014,0.04739201868526048,0.022988505747126187,0.2506211296678551,9.0,0.6373774391990981,1.9964226724192535,0.07081971546656646,0.03819444444444442,0.2511751456959346
G1,13/11/2022,Lamia,Panetolikos,A,2.2,3.25,3.5,2.2,3.2,3.25,2.2,3.2,3.45,2.15,3.0,3.3,2022/23,€10.93m,€13.38m,2.25,3.06,3.52,2.1,3.2,3.8,2.1875,0.02165063509461108,1.9999290654762518,0.009897433186107923,0.004285714285714226,0.25002505930702656,3.1624999999999996,0.09601432184835763,1.9993281850367581,0.030360259872998466,0.014822134387351804,0.25024515302034933,3.375,0.10307764064044157,1.9993270102791687,0.03054152315272343,0.01666666666666683,0.2502333408968306
G1,13/11/2022,Olympiakos,AEK,D,2.3,3.2,3.1,2.25,3.2,3.1,2.35,3.25,3.15,2.25,3.0,3.1,2022/23,€136.73m,€57.15m,2.31,3.22,3.21,2.25,3.3,3.25,2.2875,0.04145780987944252,1.9997637471521175,0.01812363273418252,0.0095628415300546,0.2500806975327472,3.1625,0.09601432184835763,1.9993281850367581,0.03036025987299846,0.014822134387351804,0.25024515302034933,3.1125000000000003,0.021650635094610887,1.999965189447786,0.006956027339634019,0.003012048192771122,0.25001190457294326
G1,13/11/2022,PAOK,Volos NFC,H,1.5,4.33,6.5,1.46,4.33,6.75,1.5,4.3,6.5,1.42,3.9,7.0,2022/23,€61.33m,€16.65m,1.47,4.2,6.86,1.4,4.5,8.0,1.47,0.033166247903554026,1.999631386137535,0.02256207340377825,0.011904761904762085,0.2501302211112013,4.215,0.18227726133558186,1.998627817597385,0.04324490185897553,0.019572953736654908,0.250517310652667,6.6875,0.2072890493972125,1.9993102974351342,0.030996493367807475,0.016355140186915973,0.2502332657528904
G1,14/11/2022,Asteras Tripolis,Ionikos,H,1.75,3.3,5.25,1.77,3.3,4.8,1.77,3.35,5.25,1.75,3.1,4.8,2022/23,€10.68m,€9.60m,1.76,3.6,4.68,1.65,3.8,5.5,1.7599999999999998,0.010000000000000009,1.9999767125709678,0.005681818181818187,0.0028409090909089496,0.25000807076446285,3.2624999999999997,0.09601432184835755,1.9993689438496822,0.02942967719489887,0.014367816091953811,0.25022990696392183,5.025,0.2250000000000001,1.9985532860835362,0.044776119402985086,0.02238805970149249,0.25050122521719753
G1,14/11/2022,OFI Crete,Levadeiakos,H,1.9,3.25,4.5,1.9,3.3,4.1,1.9,3.25,4.5,1.83,3.1,4.33,2022/23,€15.73m,€11.68m,1.81,3.34,4.79,1.7,3.8,5.5,1.8824999999999998,0.030310889132455283,1.999811808782659,0.01610140192959112,0.006972111553784854,0.250067292779439,3.225,0.07499999999999993,1.9996071049761874,0.023255813953488347,0.011627906976744207,0.25014106658201696,4.3575,0.1640693450952982,1.9989686929844126,0.03765217328635644,0.01965002868617316,0.25037278070793284
G1,21/12/2022,Levadeiakos,Aris,D,5.0,3.75,1.73,4.75,3.6,1.72,4.8,3.65,1.73,4.6,3.3,1.73,2022/23,€11.68m,€33.65m,5.35,3.67,1.7,5.0,3.6,1.73,4.7875,0.14306903927824507,1.9993572352007045,0.02988387243409819,0.01631853785900783,0.25022046171424495,3.5749999999999997,0.1677050983124843,1.9983915935373522,0.046910517010485125,0.02447552447552459,0.2505954917482682,1.7275,0.004330127018922197,1.9999954634096466,0.0025065858286090863,0.0010853835021709113,0.2500015798753374
G1,21/12/2022,AEK,Lamia,H,1.14,7.5,21.0,1.17,7.0,16.0,1.15,7.25,19.0,1.14,6.0,17.0,2022/23,€57.15m,€10.93m,1.14,8.23,20.54,1.22,6.5,15.0,1.15,0.012247448713915901,1.9999184177282394,0.010649955403405133,0.005434782608695565,0.25002787175173025,6.9375,0.5694020986965187,1.9950176270539275,0.08207597819048919,0.04279279279279269,0.2519565170299932,18.25,1.920286436967152,1.9920689844274437,0.10522117462833709,0.05821917808219168,0.252654801481599
G1,21/12/2022,Asteras Tripolis,Volos NFC,D,2.15,3.4,3.4,2.1,3.4,3.3,2.15,3.4,3.35,2.1,3.2,3.25,2022/23,€10.68m,€16.65m,2.14,3.4,3.53,2.1,3.3,3.75,2.125,0.02499999999999991,1.9999001572094883,0.0117647058823529,0.00588235294117645,0.25003460207612455,3.35,0.08660254037844375,1.9995129978642308,0.025851504590580224,0.011194029850746245,0.2501775147928994,3.3249999999999997,0.05590169943749474,1.999796087041786,0.016812541184208947,0.009398496240601517,0.25007070375416446
G1,21/12/2022,Giannina,Olympiakos,D,9.0,4.5,1.4,7.5,4.33,1.42,8.5,4.5,1.4,8.0,4.2,1.36,2022/23,€10.90m,€136.73m,9.24,4.61,1.38,9.5,4.5,1.4,8.25,0.5590169943749475,1.9966838578229202,0.06775963568181181,0.037878787878787845,0.2511580387067327,4.3825,0.12616952880945534,1.9993998748885875,0.028789396191547138,0.015259555048488194,0.2502118872047798,1.395,0.021794494717703297,1.9998233151906544,0.015623293704446808,0.008064516129032251,0.2500623149039273
G1,21/12/2022,Ionikos,Panathinaikos,D,8.0,3.8,1.5,7.0,4.1,1.47,7.75,3.9,1.5,8.0,3.7,1.42,2022/23,€9.60m,€49.98m,7.94,4.1,1.47,9.5,4.5,1.4,7.6875,0.409839907768875,1.997912688757077,0.05331250832765854,0.026422764227642226,0.2507906573298442,3.875,0.14790199457749023,1.9989544777639376,0.038168256665158766,0.020967741935483897,0.2503534223700971,1.4725,0.032691742076555085,1.9996424438485003,0.022201522632635032,0.011460101867572181,0.2501274362198864
G1,22/12/2022,OFI Crete,Atromitos,A,2.25,3.3,3.2,2.25,3.3,3.1,2.3,3.3,3.2,2.2,3.1,3.1,2022/23,€15.73m,€14.08m,2.22,3.34,3.27,2.1,3.25,3.6,2.25,0.03535533905932725,1.999821874838928,0.015713484026367668,0.008333333333333304,0.2500617741386221,3.25,0.08660254037844375,1.9994824019632236,0.026646935501059617,0.011538461538461497,0.25018896447467875,3.1500000000000004,0.050000000000000044,1.999818246960343,0.015873015873015886,0.007936507936507908,0.2500629881582263
G1,22/12/2022,Panetolikos,PAOK,A,4.75,3.5,1.8,4.5,3.5,1.77,4.6,3.5,1.8,4.75,3.3,1.7,2022/23,€13.38m,€61.33m,5.45,3.39,1.72,6.0,3.75,1.65,4.65,0.10606601717798217,1.9996237460279345,0.02280989616730799,0.012096774193548487,0.2501320230663999,3.45,0.08660254037844395,1.9995409588212818,0.025102185616940272,0.010869565217391353,0.2501670750723992,1.7675,0.040850336595920515,1.9996120113344584,0.023111930181567476,0.011669024045261711,0.2501391835585801
G1,28/12/2022,Levadeiakos,Ionikos,H,2.3,3.1,3.3,2.3,3.2,3.1,2.3,3.1,3.35,2.25,2.9,3.2,2022/23,€11.68m,€9.60m,2.42,2.91,3.49,2.3,3.0,3.5,2.2874999999999996,0.02165063509461089,1.9999351428157195,0.009464758511305309,0.004098360655737654,0.250022893074082,3.075,0.10897247358851693,1.9990866996263466,0.035438202793013636,0.018292682926829285,0.2503298252871491,3.2375000000000003,0.09601432184835755,1.999363658797307,0.029656933389454066,0.01640926640926632,0.2502238512417124
G1,28/12/2022,Olympiakos,Asteras Tripolis,H,1.3,4.5,15.0,1.34,4.5,10.0,1.33,4.6,13.0,1.29,4.33,11.0,2022/23,€136.73m,€10.68m,1.3,4.84,12.93,1.36,5.0,8.0,1.315,0.020615528128088322,1.9998227020559933,0.015677207701968305,0.008555133079847899,0.2500614537471534,4.4825,0.09705024471890823,1.9996605271871601,0.0216509190672411,0.011293920803123081,0.2501200249083402,12.25,1.920286436967152,1.982422006893864,0.15675807648711446,0.08673469387755106,0.25584236788112036
G1,28/12/2022,Volos NFC,AEK,A,8.0,3.8,1.5,6.0,4.0,1.53,7.25,3.9,1.5,6.0,3.7,1.5,2022/23,€16.65m,€57.15m,6.28,4.24,1.53,7.5,5.25,1.36,6.8125,0.854674645698584,1.9887380046547696,0.12545682872639766,0.0665137614678899,0.2537204238641312,3.85,0.11180339887498944,1.9993915382906833,0.02903984386363362,0.016233766233766156,0.2502111699777606,1.5075,0.012990381056766592,1.9999466120408445,0.008617168196860094,0.003731343283582156,0.2500181999077871
G1,28/12/2022,Atromitos,PAOK,D,5.0,3.6,1.73,4.5,3.5,1.77,4.9,3.6,1.75,4.8,3.25,1.7,2022/23,€14.08m,€61.33m,4.97,3.57,1.76,5.5,4.5,1.53,4.800000000000001,0.1870828693386971,1.9988938485345298,0.03897559777889523,0.02083333333333348,0.2504019378361335,3.4875,0.143069039278245,1.9987703468087927,0.04102338043820645,0.020609318996415826,0.2504542728754203,1.7375,0.025860201081971523,1.9998400029203507,0.014883568968041164,0.008273381294964022,0.25005580994721216
G1,28/12/2022,Panathinaikos,OFI Crete,D,1.33,4.75,11.0,1.3,5.0,10.5,1.33,4.8,11.0,1.27,4.4,11.0,2022/23,€49.98m,€15.73m,1.29,5.47,10.89,1.3,5.25,12.0,1.3075,0.02487468592766552,1.9997380755259462,0.01902461638827191,0.01003824091778216,0.25009224603884106,4.7375,0.21614520582238214,1.9984860057747178,0.04562431785169016,0.02440633245382573,0.2505475324529238,10.875,0.21650635094610965,1.9997118555221125,0.01990862997205606,0.008620689655172376,0.25010380622837375
G1,29/12/2022,Aris,Panetolikos,H,1.45,4.0,8.5,1.44,4.2,7.25,1.45,4.2,8.0,1.4,3.8,8.0,2022/23,€33.65m,€13.38m,1.4,4.32,8.34,1.29,5.5,12.0,1.4349999999999998,0.020615528128088322,1.9998503784451662,0.014366221692047614,0.006968641114982521,0.2500531596973917,4.05,0.16583123951777015,1.998781899058905,0.04094598506611609,0.021604938271605034,0.25043748277843975,7.9375,0.44633927678392815,1.9976989744791651,0.056231719909786225,0.029527559055118058,0.2508352540067545
G1,29/12/2022,Lamia,Giannina,D,2.1,3.2,3.8,2.1,3.2,3.5,2.15,3.15,3.7,2.1,3.0,3.4,2022/23,€10.93m,€10.90m,2.13,3.19,3.67,2.0,3.2,4.2,2.1125000000000003,0.021650635094610887,1.9999245266826928,0.010248821346561365,0.004437869822485174,0.25002564891761575,3.1375,0.08196798155377508,1.99950343077545,0.026125253084868547,0.01294820717131473,0.2501795868414242,3.5999999999999996,0.15811388300841897,1.9986079025901402,0.043920523057894165,0.02430555555555558,0.2504832610192064
G1,03/01/2023,OFI Crete,Volos NFC,D,2.25,3.3,3.2,2.25,3.1,3.2,2.3,3.25,3.2,2.25,3.0,3.1,2022/23,€15.73m,€16.65m,2.35,3.3,3.18,2.1,3.5,3.5,2.2625,0.021650635094610887,1.9999341855189585,0.009569341478281054,0.004143646408839796,0.2500223954134193,3.1625,0.11924240017711814,1.9989717300104966,0.03770510677537332,0.02075098814229248,0.25036104069360776,3.175,0.043301270189221974,1.9998651149454483,0.013638195335188024,0.0059055118110236116,0.25004800000000005
G1,03/01/2023,Levadeiakos,Panathinaikos,A,12.0,4.5,1.33,10.5,4.75,1.32,12.0,4.6,1.33,12.0,4.2,1.29,2022/23,€11.68m,€49.98m,14.86,4.83,1.29,11.0,4.75,1.3,11.625,0.649519052838329,1.997696811857739,0.05587260669577024,0.024193548387096753,0.25089179548156965,4.512499999999999,0.2011684617428884,1.9985546808157808,0.044580268530279986,0.02423822714681445,0.2505221772304045,1.3175000000000001,0.016393596310755015,1.999887865966945,0.012442957351616709,0.006166982922201081,0.2500396502002328
G1,03/01/2023,Giannina,AEK,H,11.0,4.5,1.33,8.75,4.8,1.34,11.0,4.7,1.33,10.0,4.33,1.3,2022/23,€10.90m,€57.15m,10.58,4.83,1.33,11.0,4.75,1.33,10.1875,0.9249155366842964,1.9939305356503998,0.09078925513465486,0.04754601226993871,0.25233001881214717,4.5825000000000005,0.18143525015828646,1.9988657902332971,0.03959307150208106,0.021958537915984788,0.25039903717663986,1.325,0.015000000000000013,1.9999072380196992,0.011320754716981142,0.005660377358490676,0.25003269952356294
G1,03/01/2023,Ionikos,Olympiakos,A,13.0,5.25,1.25,11.0,5.5,1.26,13.0,5.5,1.27,13.0,4.8,1.22,2022/23,€9.60m,€136.73m,13.07,5.35,1.25,10.0,4.5,1.36,12.5,0.8660254037844386,1.9964382535244674,0.06928203230275509,0.030000000000000027,0.25141776937618154,5.2625,0.28586491565073185,1.9978395670103415,0.05432112411415332,0.027909738717339705,0.25080630903131595,1.25,0.018708286933869722,1.999837851969112,0.014966629547095777,0.00800000000000023,0.2500571903366843
G1,04/01/2023,Asteras Tripolis,Lamia,H,1.75,3.25,5.5,1.77,3.2,5.0,1.77,3.25,5.5,1.73,3.1,5.0,2022/23,€10.68m,€10.93m,1.76,3.39,5.12,1.85,3.1,5.0,1.755,0.016583123951777013,1.9999354928384752,0.00944907347679602,0.00498575498575482,0.2500225331764181,3.2,0.061237243569579415,1.9997344260246668,0.019136638615493567,0.009765625,0.2500945172111308,5.25,0.25,1.9983636725938128,0.047619047619047616,0.023809523809523725,0.25056689342403626
G1,04/01/2023,Panetolikos,Atromitos,H,2.25,3.2,3.4,2.25,3.1,3.2,2.25,3.2,3.35,2.25,2.9,3.2,2022/23,€13.38m,€14.08m,2.23,3.22,3.37,2.2,3.25,3.4,2.25,0.0,2.0,0.0,0.0,0.25,3.1000000000000005,0.12247448713915901,1.998861354897418,0.03950789907714806,0.020161290322580516,0.25041733207827466,3.2875,0.08926785535678552,1.9994686129968886,0.02715372026061917,0.014258555133079831,0.25018323662596026
G1,04/01/2023,PAOK,Aris,H,1.91,3.25,4.5,1.93,3.25,4.1,1.95,3.25,4.4,1.85,3.1,4.2,2022/23,€61.33m,€33.65m,1.85,3.41,4.41,2.0,3.1,4.33,1.91,0.03741657386773936,1.9997218964594932,0.01958982925012532,0.010471204188481797,0.2500986368199754,3.2125,0.06495190528383286,1.9997027796042477,0.020218491917146416,0.008754863813229541,0.2501071411564896,4.300000000000001,0.1581138830084191,1.9990243796967155,0.036770670467074204,0.02034883720930236,0.25033851526015766
G1,07/01/2023,Levadeiakos,Giannina,A,2.4,3.0,3.25,2.45,3.1,2.95,2.45,3.05,3.15,2.38,2.88,3.0,2022/23,€11.68m,€10.90m,2.46,3.1,3.18,2.55,2.9,3.1,2.42,0.030822070014845018,1.9998829059475343,0.012736392568117776,0.0067148760330577595,0.25004071674284367,3.0075000000000003,0.08166241485530541,1.9994653743111641,0.027152922645155578,0.014754779717373268,0.2501902414354054,3.0875,0.11924240017711814,1.9989262652842563,0.03862102030028118,0.021255060728744946,0.2503681609796607
G1,07/01/2023,Lamia,PAOK,A,7.0,3.8,1.53,6.75,4.0,1.49,7.0,3.9,1.53,7.0,3.6,1.47,2022/23,€10.93m,€61.33m,7.45,4.03,1.5,7.5,3.4,1.6,6.9375,0.10825317547305482,1.9998232896721564,0.015604061329449343,0.006756756756756799,0.25006312599949493,3.825,0.14790199457749037,1.998914928353425,0.03866718812483408,0.0212418300653594,0.2503878241251504,1.5050000000000001,0.02598076211353318,1.9997847529993051,0.017262964859490484,0.009136212624584639,0.2500750716119752
G1,08/01/2023,Volos NFC,Olympiakos,A,10.0,4.75,1.33,8.0,4.75,1.37,9.5,4.7,1.35,9.0,4.2,1.33,2022/23,€16.65m,€136.73m,8.61,4.73,1.36,10.0,4.75,1.33,9.125,0.739509972887452,1.995196686563072,0.08104218880958378,0.044520547945205546,0.2517873715996108,4.6,0.23184046238739256,1.9981310290081167,0.05040010051899839,0.02309782608695654,0.25071415386454365,1.3450000000000002,0.016583123951777013,1.9998905617931098,0.012329460187194803,0.006505576208178487,0.25003755223293184
G1,08/01/2023,Atromitos,Ionikos,H,1.75,3.5,5.0,1.77,3.5,4.6,1.75,3.5,4.9,1.73,3.25,4.6,2022/23,€14.08m,€9.60m,1.79,3.42,4.77,2.1,3.25,3.75,1.75,0.014142135623730963,1.9999528905649588,0.008081220356417692,0.004285714285714226,0.2500163297296276,3.4375,0.10825317547305482,1.9992756578473223,0.03149183286488868,0.013636363636363669,0.2502669989320043,4.775,0.1785357107135715,1.9989927452733058,0.037389677636350045,0.019633507853403342,0.2503466956049957
G1,08/01/2023,Aris,Asteras Tripolis,H,1.6,3.8,5.75,1.55,3.8,6.0,1.6,3.85,6.0,1.53,3.5,6.0,2022/23,€33.65m,€10.68m,1.58,3.96,5.61,1.5,4.0,7.0,1.5700000000000003,0.03082207001484491,1.9997216834243683,0.019631891729200577,0.010350318471337605,0.2500969573457497,3.7375,0.13863170633011768,1.998993791712887,0.03709209533916192,0.01755852842809369,0.25037337958142447,5.9375,0.10825317547305482,1.9997585026337423,0.018232113763882916,0.007894736842105177,0.25008671522719395
G1,08/01/2023,AEK,Panathinaikos,H,1.91,3.3,4.5,1.95,3.2,4.0,1.95,3.25,4.4,1.88,3.0,4.2,2022/23,€57.15m,€49.98m,1.9,3.06,4.86,2.0,3.0,4.5,1.9225,0.029474565306379014,1.9998301226398865,0.015331373371328484,0.00812743823146933,0.25005943564583716,3.1875,0.1138804197393037,1.9990696899529028,0.035727190506448216,0.018627450980392313,0.25033951522789333,4.275,0.19202864369671524,1.998537683850349,0.04491898098168777,0.024853801169590684,0.2505188531830915
G1,09/01/2023,Panetolikos,OFI Crete,A,2.4,3.0,3.25,2.3,3.2,3.0,2.4,3.0,3.25,2.3,3.0,3.0,2022/23,€13.38m,€15.73m,2.44,3.01,3.2,2.45,3.0,3.2,2.3499999999999996,0.050000000000000044,1.9996734260048918,0.021276595744680875,0.010638297872340718,0.2501131733816206,3.05,0.08660254037844393,1.9994246030975857,0.028394275533916047,0.012295081967212962,0.25018896447467887,3.125,0.125,1.9988455359952022,0.04,0.020000000000000018,0.25040000000000007
G1,14/01/2023,Lamia,Atromitos,D,2.7,3.0,2.9,2.45,3.0,2.95,2.6,3.0,2.95,2.5,2.8,2.9,2022/23,€10.93m,€14.08m,2.52,3.1,2.99,2.3,3.0,3.5,2.5625,0.09601432184835762,1.998990429697907,0.03746900364813956,0.020731707317072967,0.2503444911016543,2.95,0.08660254037844395,1.9993710881552347,0.029356793348625065,0.01271186440677985,0.25023084025854114,2.925,0.025000000000000133,1.9999473039445346,0.008547008547008593,0.004273504273504258,0.2500182628387756
G1,14/01/2023,PAOK,OFI Crete,D,1.4,4.33,9.5,1.34,4.8,8.5,1.37,4.5,9.0,1.32,4.2,9.5,2022/23,€61.33m,€15.73m,1.35,4.65,9.19,1.36,4.5,10.0,1.3575000000000002,0.0303108891324553,1.9996408131919405,0.022328463449322503,0.012430939226519166,0.25012371763032326,4.4575,0.22454119889231894,1.998182523611423,0.050373796722898254,0.027621985417835226,0.25060832650786885,9.125,0.414578098794425,1.9984990268516114,0.04543321630623835,0.023972602739726012,0.25054132231658355
G1,15/01/2023,AEK,Panetolikos,H,1.14,8.0,19.0,1.15,8.0,16.5,1.15,7.5,19.0,1.12,6.0,21.0,2022/23,€57.15m,€13.38m,1.13,8.02,19.0,1.17,7.5,15.0,1.1400000000000001,0.01224744871391581,1.9999164952997452,0.010743376064838429,0.005482456140351033,0.25002937141050335,7.375,0.81967981553775,1.9907293384672369,0.11114302583562713,0.05508474576271194,0.2539026629935721,18.875,1.595893166850463,1.994796602124752,0.08455063135631592,0.04470198675496695,0.25189841554770154
G1,15/01/2023,Asteras Tripolis,Levadeiakos,D,1.65,3.6,6.0,1.68,3.5,5.25,1.67,3.55,5.75,1.65,3.2,5.5,2022/23,€10.68m,€11.68m,1.64,3.55,5.93,1.67,3.6,5.75,1.6625,0.012990381056766592,1.9999559821613075,0.007813763041664114,0.004135338345864881,0.2500152134907593,3.4625000000000004,0.1556237449748591,1.9985203004360963,0.0449454859133167,0.022563176895306736,0.25055342130611563,5.625,0.2795084971874737,1.9982176908297462,0.049690399499995326,0.02777777777777768,0.2506202224182815
G1,15/01/2023,Olympiakos,Aris,H,1.4,4.33,9.5,1.42,4.2,8.0,1.43,4.2,8.5,1.38,4.0,8.0,2022/23,€136.73m,€33.65m,1.36,4.74,8.55,1.44,4.0,9.5,1.4074999999999998,0.01920286436967154,1.9998655534005545,0.013643242891418503,0.007548845470692678,0.25004690263238744,4.1825,0.11797775213996921,1.9994235455039209,0.028207472119538363,0.014793783622235379,0.2502043052748545,8.5,0.6123724356957945,1.9963232668873412,0.07204381596421111,0.03676470588235303,0.25116320807026654
G1,15/01/2023,Giannina,Panathinaikos,A,8.0,3.5,1.57,6.5,3.5,1.57,7.25,3.5,1.57,6.5,3.4,1.53,2022/23,€10.90m,€49.98m,7.83,3.62,1.52,5.0,2.9,2.0,7.0625,0.6218671481916375,1.9944770668219451,0.08805198558465663,0.04646017699115035,0.25179508285556174,3.475,0.043301270189221974,1.9998874512721907,0.012460797176754525,0.0053956834532373765,0.25003995950769886,1.56,0.01732050807568879,1.999910692163639,0.011102889792108198,0.004807692307692291,0.2500316242199359
G1,16/01/2023,Ionikos,Volos NFC,A,2.8,3.3,2.55,2.8,3.25,2.4,2.8,3.25,2.55,2.62,3.1,2.5,2022/23,€9.60m,€16.65m,2.68,3.19,2.71,2.55,3.3,2.8,2.755,0.07794228634059935,1.9994161667956734,0.028291211012921726,0.012250453720508148,0.2502138414370144,3.225,0.07499999999999993,1.9996071049761874,0.023255813953488347,0.011627906976744207,0.25014106658201696,2.5,0.061237243569579415,1.9995642177525037,0.024494897427831765,0.012499999999999956,0.2501562799411555
G1,20/01/2023,Panetolikos,Giannina,D,2.45,3.0,3.2,2.45,2.95,3.1,2.45,3.0,3.15,2.38,2.8,3.1,2022/23,€13.38m,€10.90m,2.48,2.97,3.29,2.55,3.0,3.1,2.4325,0.030310889132455474,1.9998874512721907,0.012460797176754562,0.005395683453237599,0.25003995950769886,2.9375,0.08196798155377509,1.999433172009269,0.027903993720434072,0.01382978723404249,0.2502056053557444,3.1375,0.04145780987944252,1.9998743202118585,0.013213644583089247,0.006972111553784854,0.25004309505835304
G1,21/01/2023,OFI Crete,Asteras Tripolis,H,2.25,3.2,3.4,2.2,3.2,3.3,2.25,3.2,3.4,2.15,2.9,3.4,2022/23,€15.73m,€10.68m,2.23,3.15,3.59,2.1,3.4,3.75,2.2125,0.04145780987944252,1.9997459210327035,0.018737993165849724,0.009887005649717562,0.2500894607455898,3.125,0.1299038105676659,1.99873269379249,0.04156921938165309,0.018000000000000016,0.2504766612527364,3.375,0.04330127018922197,1.999880665596286,0.012830005981991695,0.005555555555555536,0.25004239923116056
G1,21/01/2023,Aris,Volos NFC,H,1.45,4.5,7.5,1.44,4.1,7.25,1.45,4.4,7.25,1.4,3.9,7.5,2022/23,€33.65m,€16.65m,1.41,4.55,8.19,1.45,4.5,7.0,1.4349999999999998,0.020615528128088322,1.9998503784451662,0.014366221692047614,0.006968641114982521,0.2500531596973917,4.225,0.23848480035423655,1.997691866578956,0.05644610659271872,0.03106508875739622,0.25081649390771277,7.375,0.125,1.9997927658541268,0.01694915254237288,0.008474576271186418,0.2500718184429761
G1,22/01/2023,Ionikos,AEK,A,13.0,6.5,1.22,12.0,6.25,1.22,13.0,6.25,1.22,15.0,5.0,1.2,2022/23,€9.60m,€57.15m,12.87,5.74,1.23,12.0,5.5,1.29,13.25,1.0897247358851685,1.9951970278754625,0.08224337629322026,0.04245283018867929,0.2515444462247859,6.0,0.5863019699779287,1.9928499584487405,0.09771699499632146,0.046875,0.2529763766393528,1.2149999999999999,0.008660254037844393,1.999963250476072,0.007127781101106498,0.0030864197530864335,0.2500129130008092
G1,22/01/2023,Levadeiakos,Lamia,D,2.25,3.0,3.6,2.2,3.1,3.4,2.25,3.05,3.55,2.25,2.88,3.3,2022/23,€11.68m,€10.93m,2.28,3.03,3.5,2.4,2.9,3.4,2.2375,0.02165063509461089,1.9999322061774008,0.009676261494798164,0.0041899441340780275,0.250023939480992,3.0075000000000003,0.08166241485530541,1.9994653743111641,0.027152922645155578,0.014754779717373268,0.2501902414354054,3.4625000000000004,0.11924240017711828,1.9991424163330875,0.034438238318301305,0.018953068592057587,0.2503007393874224
G1,22/01/2023,Panathinaikos,PAOK,A,2.15,3.1,3.75,2.15,3.0,3.5,2.2,3.1,3.65,2.15,2.8,3.6,2022/23,€49.98m,€61.33m,2.2,2.99,3.75,2.4,2.9,3.3,2.1624999999999996,0.02165063509461108,1.9999279699684487,0.010011854379010907,0.004335260115606809,0.2500244897959183,2.9999999999999996,0.12247448713915901,1.9987837045263954,0.040824829046386346,0.02083333333333326,0.2504466587150449,3.625,0.09013878188659971,1.99955389734105,0.024865870865268886,0.01379310344827589,0.25015482245137083
G1,22/01/2023,Atromitos,Olympiakos,D,8.0,4.75,1.4,7.0,4.8,1.39,7.75,4.7,1.4,8.5,4.2,1.35,2022/23,€14.08m,€136.73m,8.4,4.99,1.34,7.5,4.75,1.4,7.8125,0.5412658773652742,1.9965062043251462,0.06928203230275509,0.038000000000000034,0.25127054983921826,4.6125,0.2407670035532277,1.9979954384945835,0.05219880835842335,0.02506775067750655,0.25076573846096295,1.3850000000000002,0.02061552812808823,1.9998393511484296,0.014884857854215325,0.0072202166064982976,0.25005712941699904
G1,28/01/2023,Volos NFC,Panetolikos,A,2.0,3.3,4.0,1.98,3.4,3.7,2.0,3.3,3.85,2.0,3.1,3.6,2022/23,€16.65m,€13.38m,2.08,3.47,3.61,1.75,3.5,5.0,1.995,0.008660254037844393,1.9999863840411463,0.004340979467591174,0.001879699248120259,0.25000475861150057,3.2749999999999995,0.10897247358851675,1.999195260299568,0.03327403773695169,0.01717557251908408,0.2502898467155783,3.7875,0.15155444566227672,1.998847381542637,0.040014375092350285,0.022277227722772297,0.2503954624694659
G1,28/01/2023,Giannina,Atromitos,D,2.2,3.2,3.5,2.15,3.2,3.4,2.2,3.2,3.5,2.1,3.0,3.5,2022/23,€10.90m,€14.08m,2.24,3.18,3.52,2.45,3.2,3.0,2.1624999999999996,0.04145780987944255,1.999734015792908,0.019171241562748003,0.01011560693641611,0.25009368772652296,3.1500000000000004,0.08660254037844395,1.9994488293074122,0.027492869961410774,0.011904761904761862,0.25020155872077404,3.475,0.04330127018922197,1.9998874512721907,0.012460797176754523,0.0053956834532373765,0.25003995950769886
G1,29/01/2023,Olympiakos,OFI Crete,H,1.22,6.0,15.0,1.23,5.75,13.0,1.22,6.0,14.0,1.2,5.0,15.0,2022/23,€136.73m,€15.73m,1.2,6.1,14.39,1.3,5.25,10.0,1.2175,0.010897247358851694,1.9999420976160325,0.008950511177701596,0.00462012320328542,0.25002026700700636,5.6875,0.409839907768875,1.996160717982498,0.07205976400331869,0.03571428571428581,0.2515032921257727,14.25,0.82915619758885,1.9975320648156853,0.05818639983079649,0.030701754385964897,0.2509008879516911
G1,29/01/2023,AEK,Aris,H,1.53,4.2,6.0,1.47,4.1,6.75,1.53,4.1,6.25,1.47,3.6,7.0,2022/23,€57.15m,€33.65m,1.49,3.96,7.21,1.4,4.5,7.5,1.5,0.030000000000000027,1.99971144175281,0.020000000000000018,0.010000000000000009,0.2501,4.0,0.2345207879911714,1.9974662437166497,0.05863019699779285,0.028125000000000178,0.25097710646299076,6.5,0.39528470752104744,1.9973300533554916,0.060813031926314993,0.033653846153846256,0.25092827184659
G1,30/01/2023,PAOK,Levadeiakos,H,1.25,5.75,13.0,1.24,5.75,12.5,1.25,5.75,13.0,1.22,4.8,13.0,2022/23,€61.33m,€11.68m,1.19,6.41,14.66,1.18,6.5,19.0,1.24,0.012247448713915901,1.9999294377333137,0.009876974769287018,0.00504032258064524,0.25002478926454336,5.5125,0.41136206679760845,1.995858274933846,0.07462350418097205,0.03231292517006801,0.25166708741510635,12.875,0.21650635094610965,1.999794675150468,0.016816027257950263,0.00728155339805836,0.2500735222037055
G1,30/01/2023,Lamia,Ionikos,A,2.05,3.0,4.33,2.05,3.2,3.6,2.05,3.05,4.1,2.05,2.88,3.75,2022/23,€10.93m,€9.60m,2.05,3.17,3.93,2.15,3.0,4.2,2.05,0.0,2.0,0.0,0.0,0.25,3.0324999999999998,0.11475517417528511,1.99896898365684,0.037841772193004164,0.020816158285243302,0.25035435555636204,3.945,0.2869233347080714,1.9961915964955221,0.07273088332270505,0.040240811153358536,0.2513056539239314
G1,30/01/2023,Asteras Tripolis,Panathinaikos,H,5.25,3.4,1.8,4.5,3.4,1.8,4.9,3.35,1.8,4.75,3.0,1.8,2022/23,€10.68m,€49.98m,5.45,3.24,1.76,5.0,3.0,1.91,4.85,0.2715695122800054,1.9977468485290246,0.05599371387216607,0.030927835051546282,0.25076790811673466,3.2875,0.16723860200324564,1.9980963356526522,0.05087105764357282,0.0237642585551332,0.2507267170490066,1.8,0.0,2.0,0.0,0.0,0.25
G1,04/02/2023,OFI Crete,Giannina,D,2.0,3.3,4.0,1.95,3.4,3.7,2.0,3.3,3.85,1.95,3.1,3.75,2022/23,€15.73m,€10.90m,1.93,3.43,4.22,1.91,3.4,4.2,1.975,0.025000000000000022,1.999884414871759,0.012658227848101276,0.006329113924050889,0.25004005768306364,3.2749999999999995,0.10897247358851675,1.999195260299568,0.03327403773695169,0.01717557251908408,0.2502898467155783,3.8249999999999997,0.11456439237389596,1.9993559405088945,0.029951475130430318,0.016339869281045916,0.2502180163339861
G1,04/02/2023,Ionikos,Aris,H,5.0,3.3,1.8,4.6,3.4,1.78,4.9,3.35,1.8,4.6,3.1,1.78,2022/23,€9.60m,€33.65m,5.05,3.36,1.81,6.5,3.5,1.65,4.775,0.1785357107135715,1.9989927452733058,0.037389677636350045,0.019633507853403342,0.2503466956049957,3.2874999999999996,0.11388041973930368,1.9991257113936785,0.03464043185986424,0.018060836501901267,0.25031854986376384,1.79,0.010000000000000009,1.9999774866179987,0.005586592178770954,0.0027932960893854997,0.250007802503043
G1,05/02/2023,Panathinaikos,Lamia,H,1.29,4.75,15.0,1.32,4.75,10.5,1.3,4.8,14.0,1.3,4.0,12.0,2022/23,€49.98m,€10.93m,1.27,5.04,15.06,1.33,4.75,13.0,1.3025,0.010897247358851694,1.9999495985696527,0.008366408720807442,0.00431861804222633,0.25001731227490875,4.575,0.33260336739125174,1.9960735725925123,0.07270018959371623,0.032786885245901676,0.25157181858321775,12.875,1.7455300054711176,1.9865935215372945,0.13557514605600912,0.07524271844660202,0.254904177737577
G1,05/02/2023,Panetolikos,Asteras Tripolis,D,2.75,2.9,2.9,2.6,3.0,2.85,2.7,2.95,2.9,2.6,2.8,2.8,2022/23,€13.38m,€10.68m,2.8,2.81,2.93,3.2,2.8,2.63,2.6624999999999996,0.06495190528383288,1.9995714040410628,0.024395081796744746,0.012910798122065748,0.25014729973055017,2.9124999999999996,0.0739509972887453,1.9995331446479079,0.025390900356650748,0.013948497854077146,0.25016500201332414,2.8625000000000003,0.04145780987944252,1.9998483213833438,0.01448307768714149,0.007641921397379958,0.2500532104778056
G1,05/02/2023,PAOK,Olympiakos,D,2.45,3.2,3.1,2.4,3.1,2.9,2.45,3.15,3.0,2.45,2.88,2.88,2022/23,€61.33m,€136.73m,2.6,2.99,2.98,2.4,3.1,3.2,2.4375,0.02165063509461108,1.9999428926237075,0.008882311833686598,0.0038461538461538325,0.25002013476871865,3.0825,0.12214233500306115,1.9988536925079905,0.03962443957925747,0.0204785077047851,0.2504219070908262,2.9699999999999998,0.0877496438739213,1.9993728166732452,0.02954533463768394,0.015993265993266004,0.25021305750478273
G1,06/02/2023,Levadeiakos,Volos NFC,A,2.38,3.3,2.9,2.37,3.1,2.95,2.4,3.3,2.95,2.3,2.9,3.1,2022/23,€11.68m,€16.65m,2.46,3.13,3.03,2.4,2.8,3.4,2.3625,0.037666297933298454,1.9998157759132724,0.015943406532613103,0.008201058201058098,0.25006536481063574,3.1500000000000004,0.16583123951776993,1.9979819365288793,0.05264483794214918,0.02777777777777768,0.2507327675957404,2.9749999999999996,0.07500000000000002,1.9995448692487723,0.025210084033613456,0.012605042016806678,0.2501521135177663
G1,11/02/2023,Giannina,Ionikos,D,1.91,3.4,4.33,1.9,3.3,4.1,1.95,3.3,4.2,1.88,3.1,4.0,2022/23,€10.90m,€9.60m,1.97,3.19,4.44,2.0,3.3,4.0,1.91,0.025495097567963948,1.999871776943762,0.013348218621970654,0.007198952879581277,0.2500439214242704,3.2749999999999995,0.10897247358851675,1.999195260299568,0.03327403773695169,0.01717557251908408,0.2502898467155783,4.1575,0.12214233500306115,1.999378174211162,0.029378793746978032,0.016386049308478867,0.2502142311820803
G1,12/02/2023,Volos NFC,Atromitos,H,2.25,3.3,3.3,2.2,3.3,3.1,2.2,3.3,3.3,2.15,3.1,3.2,2022/23,€16.65m,€14.08m,2.23,3.01,3.63,2.3,3.3,3.2,2.2,0.03535533905932741,1.9998136855287307,0.01607060866333064,0.008522727272727293,0.2500646161626428,3.25,0.08660254037844375,1.9994824019632236,0.026646935501059617,0.011538461538461497,0.25018896447467875,3.2250000000000005,0.08291561975888487,1.9995210732554167,0.025710269692677475,0.013565891472868241,0.25016966048337014
G1,12/02/2023,Aris,Panathinaikos,A,2.9,3.0,2.63,2.8,2.85,2.7,2.9,2.95,2.65,2.88,2.7,2.62,2022/23,€33.65m,€49.98m,3.01,2.69,2.85,2.63,2.75,3.2,2.8699999999999997,0.041231056256176644,1.9998503784451669,0.014366221692047614,0.006968641114982521,0.2500531596973917,2.875,0.11456439237389596,1.9988464354092568,0.03984848430396381,0.021739130434782705,0.25041426788240534,2.65,0.030822070014844945,1.9999027028516836,0.011630969816922621,0.006132075471698251,0.25003322884980517
G1,13/02/2023,Lamia,OFI Crete,A,2.7,3.1,2.75,2.65,3.1,2.7,2.7,3.1,2.75,2.55,2.88,2.75,2022/23,€10.93m,€15.73m,2.61,2.99,2.97,2.8,3.1,2.7,2.65,0.061237243569579596,1.9996123094403198,0.023108393799841358,0.011792452830188704,0.25013875846071004,3.045,0.09526279441628833,1.9992852017155058,0.031284989956088124,0.013546798029556717,0.2502633725030401,2.7375,0.02165063509461089,1.9999547406587257,0.007908907797118133,0.003424657534246478,0.25001592728662736
G1,13/02/2023,Asteras Tripolis,PAOK,D,4.33,3.5,1.85,4.4,3.4,1.82,4.3,3.5,1.85,4.4,3.1,1.83,2022/23,€10.68m,€61.33m,4.71,3.38,1.81,5.75,3.4,1.7,4.3575,0.0438035386698383,1.9999270634189494,0.010052447199044934,0.005306942053930008,0.2500253513448256,3.375,0.16393596310755,1.9982701643793321,0.04857361869853333,0.024074074074073915,0.2506498855923388,1.8375,0.012990381056766592,1.9999639290935527,0.0070695951329342,0.0037414965986393156,0.2500125331003261
G1,13/02/2023,AEK,Levadeiakos,H,1.11,9.0,23.0,1.13,8.5,20.0,1.12,8.25,22.0,1.1,6.5,26.0,2022/23,€57.15m,€11.68m,1.12,8.12,22.63,1.11,9.0,21.0,1.1150000000000002,0.011180339887498884,1.9999274701536178,0.010027210661433975,0.005605381165919132,0.2500251410916835,8.0625,0.9416574483324602,1.989773958795873,0.11679472227379352,0.06007751937984507,0.25429330632924263,22.75,2.165063509461097,1.9935153526300429,0.09516762678949876,0.052197802197802234,0.2521791908895378
G1,13/02/2023,Olympiakos,Panetolikos,H,1.17,7.5,19.0,1.15,7.75,16.5,1.15,7.25,18.0,1.12,6.0,21.0,2022/23,€136.73m,€13.38m,1.11,8.43,22.37,1.18,7.0,13.0,1.1475,0.017853571071357054,1.999824994440134,0.015558667600311158,0.008169934640522847,0.2500613397506063,7.125,0.673145600891813,1.9933518355133728,0.09447657556376322,0.04824561403508776,0.2527003041353079,18.625,1.6345871038277526,1.9944646059768167,0.087763065977329,0.04865771812080544,0.2518919149257691
G1,18/02/2023,Panathinaikos,Volos NFC,H,1.33,5.25,8.5,1.34,4.75,9.25,1.35,4.9,9.0,1.33,4.2,9.5,2022/23,€49.98m,€16.65m,1.35,4.68,10.44,1.33,4.75,11.0,1.3375,0.008291561975888507,1.9999723056501544,0.006199298673561501,0.0032710280373831058,0.2500095497423509,4.775,0.3783186487605389,1.9954175966664054,0.07922903638964164,0.043193717277487,0.25169251851551333,9.0625,0.369754986443726,1.9987914576455406,0.04080055022827322,0.022413793103448265,0.250432760672083
G1,18/02/2023,Asteras Tripolis,Giannina,D,2.0,3.0,4.5,2.0,3.25,3.75,2.0,3.05,4.3,1.95,3.0,3.9,2022/23,€10.68m,€10.90m,2.01,3.17,4.29,2.0,2.9,4.5,1.9875,0.021650635094610987,1.999914037535229,0.010893401305464647,0.004716981132075526,0.25003042719785795,3.075,0.10307764064044152,1.99919842033433,0.03352118394811106,0.016260162601626105,0.25026266972465205,4.1125,0.3007802353878991,1.9961434015999908,0.07313805115815177,0.04027355623100304,0.25133038188951085
G1,19/02/2023,Lamia,Olympiakos,A,12.0,4.75,1.3,10.0,5.0,1.3,11.0,5.0,1.3,12.0,4.5,1.27,2022/23,€10.93m,€136.73m,11.93,4.83,1.29,11.0,4.5,1.33,11.25,0.82915619758885,1.996028012525416,0.07370277311900889,0.03888888888888897,0.25147227808101125,4.8125,0.2072890493972125,1.9986515202158857,0.0430730492253948,0.022727272727272707,0.2504852606994067,1.2925,0.012990381056766592,1.9999268488426671,0.010050584956879376,0.004352030947775587,0.25002585008482653
G1,19/02/2023,Panetolikos,Ionikos,H,2.1,3.1,3.6,2.15,3.1,3.5,2.15,3.15,3.6,2.1,2.9,3.6,2022/23,€13.38m,€9.60m,2.16,2.97,3.9,2.1,3.0,3.8,2.125,0.02499999999999991,1.9999001572094883,0.0117647058823529,0.00588235294117645,0.25003460207612455,3.0625,0.09601432184835763,1.999283345590871,0.0313516152974229,0.015306122448979664,0.25026196782016286,3.5749999999999997,0.043301270189221974,1.9998936741990645,0.01211224340957258,0.005244755244755428,0.2500377244605402
G1,19/02/2023,PAOK,AEK,H,2.9,3.0,2.7,2.8,3.0,2.6,2.8,3.0,2.7,2.7,2.88,2.62,2022/23,€61.33m,€57.15m,2.89,3.0,2.67,2.63,3.0,3.0,2.8,0.07071067811865465,1.9995398590902913,0.025253813613805236,0.013392857142857206,0.25015974414872144,2.9699999999999998,0.05196152422706637,1.999777688257265,0.01749546270271595,0.007575757575757569,0.2500797109150813,2.6550000000000002,0.045552167895721536,1.9997875609758498,0.017157125384452555,0.008945386064030059,0.2500737783684225
G1,20/02/2023,Atromitos,Levadeiakos,H,1.8,3.3,5.25,1.72,3.4,5.0,1.77,3.3,5.25,1.73,3.1,5.0,2022/23,€14.08m,€11.68m,1.79,3.31,5.04,1.85,3.2,5.0,1.755,0.03201562118716427,1.9997603244442386,0.018242519194965397,0.009971509971510084,0.250082400531972,3.2749999999999995,0.10897247358851675,1.999195260299568,0.03327403773695169,0.01717557251908408,0.2502898467155783,5.125,0.125,1.9995708393473224,0.024390243902439025,0.012195121951219523,0.2501487209994051
G1,20/02/2023,OFI Crete,Aris,A,2.88,3.2,2.6,2.85,3.1,2.45,2.85,3.15,2.55,2.9,2.9,2.45,2022/23,€15.73m,€33.65m,3.12,3.01,2.49,3.2,3.1,2.4,2.87,0.02121320343559634,1.9999606212058127,0.007391360082089317,0.003919860627177529,0.2500135955017584,3.0875000000000004,0.1138804197393038,1.999008105504191,0.03688434647426843,0.019230769230769384,0.2503626216542504,2.5125,0.06495190528383281,1.9995187433820456,0.02585150459058022,0.013681592039801016,0.2501653184694379
G1,24/02/2023,Volos NFC,Lamia,D,1.91,3.5,3.8,1.9,3.3,4.0,1.95,3.5,3.9,1.85,3.1,4.2,2022/23,€16.65m,€10.93m,1.94,3.52,4.06,2.05,3.4,3.4,1.9025,0.03561951712193747,1.9997467918420473,0.018722479433344267,0.01018396846254932,0.2500883968806433,3.35,0.16583123951776998,1.998216781898297,0.0495018625426179,0.02611940298507487,0.2506455705877191,3.975,0.14790199457749054,1.9990063037202903,0.037208048950312086,0.020440251572327206,0.25033609210636476
G1,25/02/2023,AEK,Asteras Tripolis,H,1.17,7.0,23.0,1.16,7.25,17.5,1.17,6.75,20.0,1.12,6.0,21.0,2022/23,€57.15m,€10.68m,1.16,7.05,22.28,1.18,6.5,19.0,1.155,0.020615528128088225,1.999768757676303,0.017848942102240885,0.008658008658008587,0.2500826620089261,6.75,0.46770717334674267,1.9964759350150065,0.06928995160692485,0.03703703703703698,0.2513335122930575,20.375,1.9803724397193574,1.9931256319985695,0.09719619336045926,0.05368098159509205,0.2525050958149555
G1,25/02/2023,Giannina,PAOK,D,9.0,4.0,1.44,6.5,4.2,1.49,8.0,4.0,1.47,6.5,3.7,1.47,2022/23,€10.90m,€61.33m,7.35,3.97,1.51,8.0,3.8,1.5,7.5,1.0606601717798212,1.9857225506480183,0.1414213562373095,0.07499999999999996,0.2546578097197401,3.9749999999999996,0.17853571071357124,1.9985348176996507,0.04491464420467201,0.023584905660377187,0.2505262699201666,1.4674999999999998,0.01785357107135714,1.999893048921899,0.012165976879970796,0.006388415672913039,0.2500373907611925
G1,25/02/2023,Olympiakos,Panathinaikos,D,2.0,3.3,4.0,1.98,3.2,4.0,2.0,3.25,3.95,2.0,2.9,4.0,2022/23,€136.73m,€49.98m,2.02,3.13,4.3,2.1,3.0,4.2,1.995,0.008660254037844393,1.9999863840411463,0.004340979467591174,0.001879699248120259,0.25000475861150057,3.1625,0.15562374497485917,1.9982235452796593,0.04920908932011357,0.024703557312252933,0.25066942916268375,3.9875,0.021650635094610887,1.999978689379421,0.005429626356015269,0.0023510971786833146,0.25000746350346803
G1,26/02/2023,Ionikos,OFI Crete,A,2.88,3.0,2.63,2.7,3.2,2.55,2.85,3.05,2.65,2.8,2.8,2.6,2022/23,€9.60m,€15.73m,2.92,2.87,2.75,2.8,3.0,2.8,2.8074999999999997,0.06832825184358217,1.9995705138756228,0.02433775666734895,0.013134461264470376,0.2501527555673489,3.0125,0.14306903927824507,1.998365315636298,0.04749179727078674,0.025933609958506354,0.25058111097929675,2.6075,0.03766629793329843,1.9998491207798987,0.014445368334917904,0.007909875359539686,0.2500529153680941
G1,26/02/2023,Levadeiakos,Panetolikos,D,2.25,3.2,3.4,2.25,3.2,3.1,2.25,3.2,3.3,2.25,2.9,3.25,2022/23,€11.68m,€13.38m,2.23,3.08,3.54,2.5,3.0,3.1,2.25,0.0,2.0,0.0,0.0,0.25,3.125,0.1299038105676659,1.99873269379249,0.04156921938165309,0.018000000000000016,0.2504766612527364,3.2625,0.10825317547305476,1.9992026855602418,0.033181049953426744,0.01819923371647514,0.25028200993120986
G1,26/02/2023,Aris,Atromitos,H,1.5,3.75,8.0,1.52,3.9,6.5,1.53,3.8,7.5,1.5,3.5,7.0,2022/23,€33.65m,€14.08m,1.49,4.0,7.17,1.45,4.0,7.5,1.5125,0.012990381056766592,1.999946821212924,0.008588681690424193,0.004545454545454408,0.25001837475525546,3.7375,0.1473728265318949,1.9988676371870462,0.039430856597162514,0.020903010033444858,0.2504119324131074,7.25,0.5590169943749475,1.9957043713557026,0.07710579232757896,0.0431034482758621,0.25150346171237525
G1,04/03/2023,Asteras Tripolis,Atromitos,D,2.25,3.0,3.6,2.15,3.1,3.5,2.25,3.05,3.55,2.15,2.9,3.4,2022/23,€10.68m,€14.08m,2.25,3.13,3.57,2.45,3.1,3.2,2.2,0.050000000000000044,1.9996273710574612,0.022727272727272745,0.011363636363636465,0.250129132231405,3.0125,0.07395099728874524,1.9995636835775439,0.02454804889252954,0.013485477178423189,0.2501541022828865,3.5125,0.07395099728874524,1.9996792384421018,0.02105366470853957,0.011565836298932375,0.25011296943946554
G1,05/03/2023,Olympiakos,Levadeiakos,H,1.14,8.0,21.0,1.14,7.75,20.0,1.15,7.75,20.0,1.11,6.5,21.0,2022/23,€136.73m,€11.68m,1.09,9.96,28.24,1.18,6.5,17.0,1.1349999999999998,0.014999999999999921,1.9998735087600203,0.013215859030836937,0.0066079295154184425,0.2500447182331257,7.5,0.5863019699779287,1.9954605629780633,0.07817359599705716,0.03750000000000009,0.251817788310554,20.5,0.5,1.9995708393473224,0.024390243902439025,0.012195121951219523,0.2501487209994052
G1,05/03/2023,Giannina,Volos NFC,A,2.25,3.25,3.2,2.25,3.2,3.1,2.3,3.25,3.2,2.25,3.0,3.1,2022/23,€10.90m,€16.65m,2.35,2.96,3.42,1.95,3.4,4.2,2.2625,0.021650635094610887,1.9999341855189585,0.009569341478281054,0.004143646408839796,0.2500223954134193,3.175,0.10307764064044153,1.999230940983937,0.03246539862691072,0.015748031496062964,0.25028214198644105,3.1500000000000004,0.050000000000000044,1.999818246960343,0.015873015873015886,0.007936507936507908,0.2500629881582263
G1,05/03/2023,OFI Crete,AEK,A,10.0,4.2,1.4,7.5,4.6,1.4,9.0,4.3,1.4,8.5,4.2,1.35,2022/23,€15.73m,€57.15m,9.76,4.45,1.36,7.0,4.0,1.45,8.75,0.9013878188659973,1.9923196003865036,0.10301575072754254,0.05714285714285716,0.2527263233496516,4.325,0.1639359631075498,1.998975638363727,0.037904268926601106,0.01878612716762995,0.2503347937745352,1.3875000000000002,0.02165063509461089,1.9998232896721564,0.015604061329449288,0.006756756756756799,0.25006312599949493
G1,05/03/2023,PAOK,Ionikos,H,1.22,5.25,17.0,1.2,6.25,15.5,1.22,5.75,16.0,1.17,5.5,17.0,2022/23,€61.33m,€9.60m,1.19,6.06,16.52,1.17,6.0,21.0,1.2025,0.020463381929681144,1.9997902687396367,0.01701736543008827,0.008835758835758822,0.25007415134405964,5.6875,0.369754986443726,1.9969760553409608,0.06501186574834743,0.03571428571428581,0.25100765873523173,16.375,0.649519052838329,1.998861483773968,0.03966528566951628,0.020992366412213803,0.25040055507923104
G1,06/03/2023,Panathinaikos,Panetolikos,H,1.22,5.75,13.0,1.22,6.0,13.0,1.25,5.75,14.0,1.18,5.8,13.0,2022/23,€49.98m,€13.38m,1.19,6.34,15.5,1.22,6.0,12.0,1.2175,0.024874685927665518,1.9996982377028716,0.020430953534016853,0.010780287474332573,0.2501057634738347,5.825,0.10307764064044152,1.9997754609095877,0.017695732298788243,0.008583690987124637,0.25007552599238775,13.25,0.4330127018922193,1.9992389844441605,0.03268020391639391,0.014150943396226356,0.25024793388429745
G1,08/03/2023,Atromitos,AEK,A,8.5,4.5,1.36,7.5,4.5,1.41,8.25,4.6,1.4,8.0,4.2,1.36,2022/23,€14.08m,€57.15m,8.25,4.76,1.39,10.0,5.25,1.3,8.0625,0.369754986443726,1.9984717483721222,0.045861083589919506,0.025193798449612448,0.25054970672119037,4.449999999999999,0.14999999999999983,1.999171855657402,0.03370786516853929,0.016853932584269815,0.2503022789717339,1.3824999999999998,0.02277608394786066,1.9998042852787987,0.01647456343425726,0.008589511754068635,0.25006769826862063
G1,12/03/2023,AEK,Olympiakos,A,2.05,3.3,3.75,1.98,3.4,3.7,2.05,3.3,3.7,1.95,3.1,3.75,2022/23,€57.15m,€136.73m,1.96,3.35,4.0,1.85,3.4,4.33,2.0075,0.04380353866983801,1.9996560993676635,0.021819944542883194,0.011519302615192961,0.2501199532458213,3.2749999999999995,0.10897247358851675,1.999195260299568,0.03327403773695169,0.01717557251908408,0.2502898467155783,3.7249999999999996,0.02499999999999991,1.9999675080881123,0.006711409395973131,0.003355704697986628,0.2500112607540201
G1,12/03/2023,Aris,Giannina,H,1.45,4.2,7.5,1.43,4.2,7.5,1.45,4.2,7.5,1.4,3.8,8.0,2022/23,€33.65m,€10.90m,1.39,4.34,8.67,1.44,4.0,9.0,1.4324999999999999,0.020463381929681144,1.9998523067046605,0.014285083371505162,0.00741710296684106,0.2500520478700822,4.1,0.1732050807568879,1.9986907803438154,0.04224514164802144,0.018292682926829285,0.25049309664694275,7.625,0.21650635094610965,1.999424603097586,0.02839427553391602,0.012295081967213184,0.25018896447467875
G1,12/03/2023,Atromitos,Panathinaikos,A,8.0,3.75,1.5,7.25,4.0,1.46,7.75,3.85,1.5,7.5,3.6,1.44,2022/23,€14.08m,€49.98m,7.6,4.03,1.46,7.0,3.6,1.57,7.625,0.2795084971874737,1.9990303510960972,0.03665685209016049,0.020491803278688492,0.2503367998321763,3.8,0.1457737973711325,1.998937996616171,0.038361525623982234,0.021381578947368585,0.2503691693007652,1.475,0.02598076211353318,1.9997759019560855,0.017614076009175035,0.009322033898305104,0.25007816890114
G1,12/03/2023,Ionikos,Asteras Tripolis,H,2.15,3.1,3.6,2.15,3.1,3.5,2.2,3.1,3.6,2.15,2.9,3.4,2022/23,€9.60m,€10.68m,2.26,3.0,3.56,2.6,3.0,2.9,2.1624999999999996,0.02165063509461108,1.9999279699684487,0.010011854379010907,0.004335260115606809,0.2500244897959183,3.05,0.08660254037844395,1.9994118808032226,0.02839427553391605,0.012295081967212962,0.2502154553289284,3.525,0.08291561975888508,1.9995992793531778,0.023522161633726262,0.012411347517730542,0.25014168271727844
G1,12/03/2023,Levadeiakos,OFI Crete,H,2.7,3.25,2.63,2.7,3.1,2.65,2.7,3.25,2.65,2.8,2.8,2.6,2022/23,€11.68m,€15.73m,2.92,3.03,2.62,2.9,3.3,2.45,2.7249999999999996,0.04330127018922178,1.9998189532828545,0.015890374381365792,0.006880733944954143,0.25006087168249325,3.0999999999999996,0.18371173070873845,1.9974226709799752,0.05926184861572208,0.030241935483870996,0.2509730766351498,2.6325,0.020463381929681054,1.9999563337701889,0.007773364455719299,0.004036087369420738,0.25001527054877204
G1,12/03/2023,Panetolikos,Lamia,D,2.2,3.1,3.6,2.2,3.1,3.4,2.25,3.1,3.5,2.15,2.9,3.4,2022/23,€13.38m,€10.93m,2.24,2.99,3.63,2.25,3.1,3.5,2.2,0.03535533905932741,1.9998136855287305,0.01607060866333064,0.008522727272727293,0.2500646161626428,3.05,0.08660254037844395,1.9994118808032226,0.02839427553391605,0.012295081967212962,0.2502154553289284,3.475,0.08291561975888508,1.9995908651694057,0.023860610002556855,0.0125899280575541,0.25013912875740074
G1,12/03/2023,Volos NFC,PAOK,A,10.0,4.75,1.33,7.75,4.75,1.37,9.0,4.7,1.35,8.5,4.2,1.35,2022/23,€16.65m,€61.33m,9.59,4.78,1.33,11.0,4.75,1.29,8.8125,0.8172935519138763,1.9938191107539536,0.09274253071363135,0.05141843971631199,0.2521129441479415,4.6,0.23184046238739256,1.9981310290081167,0.05040010051899839,0.02309782608695654,0.25071415386454365,1.35,0.014142135623730963,1.9999208368823593,0.01047565601757849,0.005555555555555758,0.2500274438759486
G1,18/03/2023,Asteras Tripolis,Panetolikos,H,1.83,3.4,4.5,1.87,3.3,4.2,1.85,3.4,4.5,1.91,3.0,4.2,2022/23,€10.68m,€13.38m,1.96,3.24,4.4,1.8,3.4,4.5,1.8650000000000002,0.029580398915498022,1.9998189372052195,0.015860803708041833,0.00871313672922236,0.2500620637168444,3.275,0.16393596310755,1.9981619556434993,0.05005678262825954,0.024809160305343525,0.2506923124188241,4.35,0.1499999999999999,1.9991421039919088,0.03448275862068964,0.01724137931034475,0.2502972651605232
G1,18/03/2023,OFI Crete,Levadeiakos,D,1.73,3.6,4.75,1.73,3.5,4.8,1.73,3.65,4.8,1.7,3.2,5.0,2022/23,€15.73m,€11.68m,1.72,3.55,5.35,1.75,3.5,4.75,1.7225000000000001,0.012990381056766592,1.9999588529845973,0.007541585519167832,0.0032656023222061847,0.25001446979457187,3.4875000000000003,0.17455300054711168,1.9981657416204586,0.050051039583401194,0.025985663082437105,0.2506848818169068,4.8375,0.09601432184835763,1.9997176581925382,0.019847921829117855,0.009689922480620172,0.2500947428672959
G1,18/03/2023,Atromitos,Ionikos,H,1.95,3.2,4.2,1.95,3.1,4.1,1.95,3.2,4.2,1.95,3.2,4.2,2022/23,€14.08m,€9.60m,1.76,3.26,4.96,2.15,3.0,4.0,1.95,0.0,2.0,0.0,0.0,0.25,3.175,0.043301270189221974,1.9998651149454483,0.013638195335188024,0.0059055118110236116,0.25004800000000005,4.175,0.04330127018922216,1.9999220921179726,0.01037156172196938,0.0044910179640720305,0.25002754820936635
G1,18/03/2023,Lamia,Giannina,H,2.3,3.1,3.3,2.3,3.0,3.3,2.3,3.1,3.35,2.25,2.8,3.3,2022/23,€10.93m,€10.90m,2.37,2.94,3.54,2.25,3.1,3.5,2.2874999999999996,0.02165063509461089,1.9999351428157195,0.009464758511305309,0.004098360655737654,0.250022893074082,2.9999999999999996,0.12247448713915901,1.9987837045263954,0.040824829046386346,0.02083333333333326,0.2504466587150449,3.3124999999999996,0.02165063509461108,1.9999692611726578,0.006536040783278818,0.002830188679245227,0.2500105205571687
G1,19/03/2023,Aris,PAOK,A,3.2,3.0,2.38,3.2,3.1,2.3,3.2,3.05,2.4,3.25,2.9,2.25,2022/23,€33.65m,€61.33m,3.4,3.0,2.34,3.0,3.0,2.5,3.2125000000000004,0.02165063509461089,1.9999673202178099,0.006739497305715452,0.0029182879377431803,0.250011180513111,3.0125,0.07395099728874524,1.9995636835775439,0.02454804889252954,0.013485477178423189,0.2501541022828865,2.3325,0.06057020719792856,1.999512638103233,0.025967934490001527,0.01420150053590552,0.2501704940971992
G1,19/03/2023,AEK,Panathinaikos,D,1.85,3.2,4.75,1.83,3.2,4.6,1.85,3.25,4.8,1.8,3.1,4.5,2022/23,€57.15m,€49.98m,1.85,3.25,4.74,1.83,3.3,4.5,1.8325,0.020463381929681144,1.9999098135958082,0.01116692056189967,0.005798090040927573,0.25003166509747027,3.1875,0.0544862367942584,1.9997884208163648,0.017093721347218323,0.008823529411764675,0.2500747487103138,4.6625,0.11924240017711821,1.9995273658649244,0.025574777517880582,0.014075067024128751,0.250165207951285
G1,01/04/2023,Levadeiakos,Atromitos,D,2.5,3.2,3.0,2.55,2.95,2.95,2.55,3.1,2.95,2.45,2.8,3.0,2022/23,€11.68m,€14.08m,2.48,3.02,3.16,2.4,3.2,3.1,2.5125,0.04145780987944235,1.9998030507238345,0.016500620847539244,0.008706467661691475,0.2500692116587237,3.0124999999999997,0.15155444566227685,1.998167399335519,0.050308529680423854,0.028008298755186845,0.2506474369197551,2.9749999999999996,0.02499999999999991,1.9999490603763488,0.008403361344537787,0.004201680672269115,0.2500176541204718
G1,01/04/2023,Panetolikos,Lamia,A,2.25,3.3,3.25,2.2,3.1,3.4,2.25,3.3,3.25,2.15,2.9,3.4,2022/23,€13.38m,€10.93m,2.32,3.0,3.57,2.4,3.3,3.0,2.2125,0.04145780987944252,1.9997459210327035,0.018737993165849724,0.009887005649717562,0.2500894607455898,3.1500000000000004,0.16583123951776993,1.9979819365288793,0.05264483794214918,0.02777777777777768,0.2507327675957404,3.325,0.07499999999999996,1.9996329539081623,0.022556390977443594,0.011278195488721776,0.2501271976934818
G1,01/04/2023,Giannina,OFI Crete,A,2.45,3.0,3.2,2.45,3.0,3.0,2.45,3.0,3.2,2.45,2.9,2.88,2022/23,€10.90m,€15.73m,2.66,3.02,2.91,2.4,3.0,3.25,2.45,0.0,2.0,0.0,0.0,0.25,2.975,0.043301270189221974,1.999846314035118,0.014555048803099822,0.006302521008403339,0.25005478851632695,3.0700000000000003,0.13674794331177356,1.9985622816144286,0.04454330401034969,0.023615635179153216,0.25050928021729296
G1,01/04/2023,Ionikos,Asteras Tripolis,H,2.1,3.2,3.75,2.2,2.95,3.5,2.65,3.05,2.85,2.2,2.8,3.5,2022/23,€9.60m,€10.68m,2.16,3.15,3.76,2.1,3.0,4.2,2.2875,0.21323402636539968,1.9939124159417494,0.09321706070618564,0.04508196721311464,0.25182017726570355,3.0,0.1457737973711326,1.9982956241963916,0.048591265790377536,0.027083333333333348,0.2505935458384313,3.4,0.3335416016031583,1.9928460950485871,0.09810047105975245,0.049632352941176405,0.2528842681196306
G1,02/04/2023,Panathinaikos,Volos NFC,D,1.18,7.0,15.0,1.17,7.0,17.0,1.17,6.75,18.0,1.17,5.5,17.0,2022/23,€49.98m,€16.65m,1.16,7.27,15.92,1.2,6.5,15.0,1.1724999999999999,0.004330127018922197,1.9999901756316403,0.003693072084368612,0.0015991471215350828,0.250003380799762,6.5625,0.6218671481916375,1.9932804338217418,0.09476070829586856,0.0452380952380953,0.25278686523437505,16.75,1.0897247358851685,1.9968989581801464,0.06505819318717423,0.033582089552238736,0.25116379214338214
G1,02/04/2023,PAOK,AEK,A,2.6,3.1,2.88,2.5,3.0,2.9,2.6,3.1,2.85,2.55,2.88,2.75,2022/23,€61.33m,€57.15m,2.73,2.99,2.83,2.38,3.1,3.25,2.5625,0.04145780987944255,1.9998106721105386,0.0161786575139288,0.008536585365853666,0.2500665149339838,3.02,0.09055385138137424,1.9993475051908258,0.029984719000455046,0.01572847682119205,0.2502330772443629,2.8449999999999998,0.05766281297335395,1.999701938165218,0.020268124067962724,0.010544815465729496,0.2501063577507433
G1,02/04/2023,Olympiakos,Aris,D,1.3,4.75,11.0,1.29,5.0,11.0,1.27,5.25,13.0,1.27,4.5,11.0,2022/23,€136.73m,€33.65m,1.29,5.02,10.99,1.25,5.5,9.0,1.2825,0.01299038105676659,1.9999260446841909,0.010128952091046075,0.005360623781676344,0.25002553999032273,4.875,0.2795084971874737,1.997626570689287,0.057335076346148456,0.03205128205128216,0.25082704337395384,11.5,0.8660254037844386,1.9960193527773387,0.07530655685082074,0.032608695652173836,0.25120000000000003
G1,05/04/2023,Volos NFC,AEK,A,9.5,7.0,1.22,12.0,6.0,1.23,12.0,6.25,1.25,13.0,5.25,1.2,2022/23,€16.65m,€57.15m,13.52,6.25,1.22,12.0,6.5,1.22,11.625,1.2930100540985752,1.9907689674337086,0.11122667132030754,0.056451612903225756,0.2537945818945037,6.125,0.625,1.9924638394453842,0.10204081632653061,0.05612244897959173,0.2526793392594258,1.225,0.018027756377319962,1.9998437626858732,0.014716535818220376,0.008163265306122547,0.2500541740924609
G1,05/04/2023,Aris,Panathinaikos,A,3.25,3.0,2.4,3.2,2.95,2.37,3.25,2.95,2.4,3.1,2.8,2.38,2022/23,€33.65m,€49.98m,3.33,3.0,2.43,2.63,2.9,2.9,3.2,0.061237243569579415,1.9997344260246668,0.019136638615493567,0.009765625,0.2500945172111308,2.925,0.07500000000000011,1.9995220221627457,0.02564102564102568,0.012820512820512775,0.250172255891682,2.3874999999999997,0.012990381056766516,1.9999786364851355,0.0054409973012634625,0.002879581151832511,0.2500074185201212
G1,05/04/2023,Olympiakos,PAOK,H,1.85,3.3,4.5,1.9,3.2,4.33,1.9,3.25,4.5,1.85,3.1,4.2,2022/23,€136.73m,€61.33m,1.88,3.29,4.73,2.05,3.5,3.6,1.875,0.02499999999999991,1.999871756640849,0.013333333333333286,0.006666666666666821,0.2500444444444444,3.2125,0.07395099728874512,1.9996164131297,0.02301976569299459,0.012645914396887115,0.25013531045298476,4.3825,0.12616952880945534,1.9993998748885875,0.028789396191547138,0.015259555048488194,0.2502118872047798
G1,08/04/2023,Atromitos,Giannina,D,2.05,3.2,4.0,2.05,3.2,3.75,2.05,3.2,3.9,2.05,2.9,3.7,2022/23,€14.08m,€10.90m,2.09,3.23,3.88,2.55,3.2,2.9,2.05,0.0,2.0,0.0,0.0,0.25,3.125,0.1299038105676659,1.99873269379249,0.04156921938165309,0.018000000000000016,0.2504766612527364,3.8375,0.11924240017711814,1.9993047101715549,0.031072938156903752,0.017100977198696965,0.2502388522788048
G1,08/04/2023,OFI Crete,Lamia,H,1.91,3.3,4.33,1.93,3.3,4.0,1.95,3.3,4.2,1.95,3.0,3.9,2022/23,€15.73m,€10.93m,1.92,3.34,4.42,2.05,3.3,3.6,1.935,0.016583123951777013,1.9999469438576978,0.00857008989755918,0.004521963824289266,0.2500185194600223,3.2249999999999996,0.12990381056766573,1.9988106997275763,0.040280251338811086,0.01744186046511631,0.2504461629982153,4.1075,0.16783548492497058,1.9987965776897694,0.040860738874003794,0.022671941570298282,0.2504153300474499
G1,08/04/2023,Asteras Tripolis,Levadeiakos,A,1.91,3.2,4.33,1.95,3.1,4.2,1.95,3.2,4.4,1.95,2.9,4.2,2022/23,€10.68m,€11.68m,1.97,3.2,4.44,2.25,2.88,3.8,1.94,0.01732050807568879,1.999942301338738,0.008928096946231336,0.0038659793814435073,0.25002034505208337,3.1000000000000005,0.12247448713915901,1.998861354897418,0.03950789907714806,0.020161290322580516,0.25041733207827466,4.282500000000001,0.08613216588476112,1.9997086417074286,0.02011258981547253,0.010653823701109122,0.2501002010015861
G1,08/04/2023,Panetolikos,Ionikos,A,2.4,3.1,3.2,2.37,3.1,3.0,2.4,3.1,3.15,2.38,2.88,3.0,2022/23,€13.38m,€9.60m,2.39,3.12,3.21,2.63,2.9,3.0,2.3874999999999997,0.012990381056766516,1.9999786364851355,0.0054409973012634625,0.002879581151832511,0.2500074185201212,3.045,0.09526279441628833,1.9992852017155058,0.031284989956088124,0.013546798029556717,0.2502633725030401,3.0875,0.08926785535678566,1.9993975690198316,0.028912665702602643,0.01518218623481804,0.25020766878833245
G1,09/04/2023,AEK,Aris,H,1.4,4.33,9.5,1.39,4.4,8.5,1.4,4.4,8.5,1.33,4.2,9.0,2022/23,€57.15m,€33.65m,1.35,4.58,9.45,1.4,4.5,8.0,1.38,0.02915475947422643,1.9996755115339364,0.02112663730016408,0.009963768115942129,0.25011691762245797,4.3325,0.08166241485530545,1.9997424265818988,0.018848797427652733,0.009665320253894771,0.25009154342683426,8.875,0.414578098794425,1.9984371281821285,0.046713025216273234,0.02464788732394374,0.25052248619319717
G1,09/04/2023,PAOK,Volos NFC,H,1.18,6.5,19.0,1.18,6.75,15.5,1.2,6.5,17.0,1.14,5.8,19.0,2022/23,€61.33m,€16.65m,1.17,6.75,15.26,1.17,6.5,19.0,1.175,0.021794494717703387,1.9997507918050053,0.018548506142726285,0.009574468085106425,0.25008819159039875,6.3875,0.3542156828826189,1.9977439967418118,0.05545451004033172,0.02788649706457913,0.25085081007261706,17.625,1.4737282653189494,1.9948966485249129,0.0836157881032028,0.04432624113475181,0.2518732151278714
G1,09/04/2023,Panathinaikos,Olympiakos,H,2.55,3.2,2.88,2.5,3.0,2.9,2.55,3.2,2.85,2.5,2.88,2.88,2022/23,€49.98m,€136.73m,2.71,2.94,2.89,2.63,3.2,2.75,2.525,0.02499999999999991,1.999929285432166,0.009900990099009866,0.004950495049504955,0.25002450740123516,3.0700000000000003,0.13674794331177356,1.9985622816144286,0.04454330401034969,0.023615635179153216,0.25050928021729296,2.8775,0.017853571071357054,1.999972206737832,0.006204542509594111,0.0032580364900087755,0.2500096744311443
G1,22/04/2023,Giannina,Panetolikos,H,1.95,3.0,5.0,1.87,3.3,4.2,1.95,3.1,4.7,1.85,3.1,4.2,2022/23,€10.90m,€13.38m,2.0,3.11,4.46,1.8,3.1,5.75,1.905,0.045552167895721425,1.999587270752044,0.023911899157859014,0.01246719160104992,0.25014345689429923,3.125,0.10897247358851675,1.9991291242535205,0.03487119154832536,0.018000000000000016,0.25029135037042083,4.5249999999999995,0.3418698582794335,1.9959058371881722,0.07555134989600741,0.0400552486187844,0.2513757179565025
G1,22/04/2023,Lamia,Atromitos,H,2.15,3.3,3.5,2.05,3.3,3.5,2.15,3.25,3.55,2.05,3.0,3.6,2022/23,€10.93m,€14.08m,2.17,3.26,3.61,1.8,3.5,4.75,2.0999999999999996,0.050000000000000044,1.9995910341890974,0.023809523809523836,0.011904761904762085,0.2501417233560091,3.2125,0.12437342963832743,1.9989032755025298,0.038715464478856786,0.018482490272373697,0.25040789588610357,3.5374999999999996,0.04145780987944252,1.9999011122277333,0.011719522227404246,0.006183745583038691,0.25003394845885824
G1,22/04/2023,Levadeiakos,Ionikos,D,2.38,3.25,3.1,2.37,3.1,3.0,2.4,3.15,3.1,2.38,2.88,3.0,2022/23,€11.68m,€9.60m,2.41,3.14,3.23,2.25,3.1,3.5,2.3825,0.01089724735885163,1.999984924088837,0.004573870874649163,0.0023609653725076285,0.2500051992370313,3.095,0.13536986370680887,1.998606857764319,0.043738243524009325,0.023424878836833418,0.2505067188091569,3.05,0.050000000000000044,1.9998061328047112,0.016393442622950834,0.008196721311475308,0.250067186240258
G1,22/04/2023,OFI Crete,Asteras Tripolis,D,1.95,3.3,4.2,1.95,3.2,4.0,1.97,3.25,4.0,1.95,3.0,4.0,2022/23,€15.73m,€10.68m,1.94,3.31,4.34,1.91,3.5,4.2,1.9549999999999998,0.008660254037844395,1.9999858689487486,0.00442979746181299,0.0019181585677747748,0.2500048559718743,3.1875,0.1138804197393037,1.9990696899529028,0.035727190506448216,0.018627450980392313,0.25033951522789333,4.05,0.08660254037844393,1.9996728229883816,0.02138334330331949,0.009259259259259078,0.2501088692117869
G1,23/04/2023,Volos NFC,Aris,A,4.2,3.4,1.95,3.7,3.5,1.95,3.95,3.35,1.95,3.6,3.2,1.95,2022/23,€16.65m,€33.65m,3.98,3.46,1.93,5.25,3.75,1.73,3.8625,0.2328492001274645,1.9973934752189513,0.06028458255727236,0.03317152103559873,0.25087760076633925,3.3625000000000003,0.10825317547305476,1.9992494995386263,0.03219425292878952,0.017657992565055736,0.25026527227593964,1.95,0.0,2.0,0.0,0.0,0.25
G1,23/04/2023,PAOK,Panathinaikos,A,2.25,3.1,3.5,2.2,3.1,3.4,2.25,3.1,3.45,2.25,2.8,3.3,2022/23,€61.33m,€49.98m,2.27,3.07,3.46,2.2,3.1,3.6,2.2375,0.02165063509461089,1.9999322061774008,0.009676261494798164,0.0041899441340780275,0.250023939480992,3.025,0.1299038105676659,1.9986467522862288,0.04294340845212096,0.018595041322314154,0.2505103969754254,3.4124999999999996,0.0739509972887453,1.9996601307128108,0.02167062191611584,0.011904761904761862,0.2501197584297588
G1,23/04/2023,Olympiakos,AEK,A,2.1,3.4,3.5,2.15,3.4,3.2,2.2,3.3,3.35,2.2,3.1,3.1,2022/23,€136.73m,€57.15m,2.3,3.27,3.17,2.4,3.25,3.0,2.1625,0.04145780987944255,1.9997340157929084,0.019171241562748,0.01011560693641611,0.25009368772652296,3.3,0.12247448713915883,1.9989959014353842,0.037113480951260255,0.018939393939394034,0.2503667262748801,3.2875,0.15155444566227672,1.998470479061106,0.046100211608297095,0.025665399239543696,0.2505241811487599
G1,26/04/2023,Volos NFC,Panathinaikos,A,15.0,5.5,1.25,13.0,5.75,1.24,12.0,5.75,1.25,15.0,5.0,1.2,2022/23,€16.65m,€49.98m,14.61,5.64,1.24,13.0,5.0,1.29,13.75,1.299038105676658,1.993505455111139,0.09447549859466604,0.050000000000000044,0.25234072576800604,5.5,0.30618621784789724,1.9977281244737706,0.055670221426890404,0.02840909090909083,0.250853064046417,1.235,0.020615528128088322,1.9997978284945632,0.016692735326387303,0.008097165991902688,0.25007212357469877
G1,26/04/2023,Aris,Olympiakos,H,4.5,3.4,1.91,4.2,3.4,1.83,4.4,3.35,1.9,4.2,3.2,1.83,2022/23,€33.65m,€136.73m,4.45,3.47,1.87,3.2,3.2,2.38,4.324999999999999,0.12990381056766576,1.9993505162593124,0.03003556313703255,0.01589595375722541,0.25022280083276177,3.3375,0.0819679815537749,1.999561391722322,0.024559694847573005,0.01217228464419473,0.2501582124357931,1.8675000000000002,0.037666297933298336,1.9997065846638458,0.02016936970993217,0.010374832663989197,0.25010159714268715
G1,26/04/2023,AEK,PAOK,H,1.75,3.5,5.25,1.68,3.6,4.8,1.73,3.5,5.25,1.73,3.25,4.6,2022/23,€57.15m,€61.33m,1.69,3.84,5.1,1.53,3.8,7.0,1.7225000000000001,0.025860201081971523,1.9998367498308574,0.015013179147733828,0.007619738751814209,0.25005774170321327,3.4625,0.12930100540985753,1.9989835728253933,0.037343250659886654,0.018953068592057587,0.25037113358999175,4.975,0.2839454172900138,1.9976405533668604,0.0570744557366862,0.03015075376884413,0.25083316273297757
G1,29/04/2023,Asteras Tripolis,Lamia,D,2.4,2.9,3.4,2.3,3.1,3.2,2.4,2.95,3.35,2.3,2.8,3.2,2022/23,€10.68m,€10.93m,2.41,3.02,3.36,2.3,2.9,3.6,2.3499999999999996,0.050000000000000044,1.9996734260048918,0.021276595744680875,0.010638297872340718,0.2501131733816206,2.9375,0.10825317547305494,1.9990238209949573,0.03685214484189104,0.0202127659574467,0.2503326808733526,3.2875,0.08926785535678552,1.9994686129968886,0.02715372026061917,0.014258555133079831,0.25018323662596026
G1,29/04/2023,Atromitos,OFI Crete,A,2.6,3.1,2.88,2.5,3.1,2.75,2.6,3.1,2.85,2.45,3.0,2.8,2022/23,€14.08m,€15.73m,2.63,3.12,2.92,2.2,3.4,3.25,2.5375,0.06495190528383288,1.999526446559289,0.02559680996407207,0.013546798029556717,0.25016568560083574,3.0749999999999997,0.043301270189221974,1.999856174166598,0.014081713882673813,0.0060975609756099836,0.25005122600915236,2.82,0.049497474683058325,1.999777457404882,0.017552295986900116,0.009751773049645251,0.25007766457688363
G1,29/04/2023,Ionikos,Giannina,A,2.2,3.2,3.5,2.2,3.1,3.3,2.2,3.15,3.5,2.2,2.88,3.4,2022/23,€9.60m,€10.90m,2.21,3.2,3.59,2.1,3.25,3.75,2.2,0.0,2.0,0.0,0.0,0.25,3.0825,0.12214233500306115,1.9988536925079905,0.03962443957925747,0.0204785077047851,0.2504219070908262,3.425,0.08291561975888508,1.999575486409518,0.024208940075586886,0.012773722627737127,0.25015018575738035
G1,29/04/2023,Panetolikos,Levadeiakos,D,2.45,3.0,3.2,2.37,3.1,3.0,2.45,3.0,3.15,2.4,2.88,3.0,2022/23,€13.38m,€11.68m,2.55,3.03,3.1,2.88,2.8,2.88,2.4175000000000004,0.03418698582794342,1.9998555509906042,0.014141462596874214,0.007497414684591419,0.25005039434199217,2.995,0.07794228634059955,1.9995105397437705,0.026024135672988162,0.013772954924874847,0.2501713531668841,3.0875,0.08926785535678566,1.9993975690198316,0.028912665702602643,0.01518218623481804,0.25020766878833245
G1,30/04/2023,Olympiakos,Volos NFC,H,1.13,8.0,23.0,1.12,9.0,19.5,1.12,8.0,23.0,1.1,7.0,23.0,2022/23,€136.73m,€16.65m,1.11,8.76,22.52,1.08,10.0,29.0,1.1175000000000002,0.01089724735885163,1.9999312588085258,0.009751451775258728,0.005033557046979942,0.2500240825222566,8.0,0.7071067811865476,1.994349704144249,0.08838834764831845,0.046875,0.251999503999008,22.125,1.5155444566227676,1.996519468323136,0.06849918448012508,0.029661016949152463,0.2513831909368061
G1,30/04/2023,Panathinaikos,AEK,D,2.5,3.1,3.0,2.5,3.1,2.85,2.5,3.1,3.0,2.45,2.9,2.9,2022/23,€49.98m,€57.15m,2.56,3.01,3.01,2.7,3.1,2.8,2.4875,0.02165063509461089,1.9999451691473982,0.008703772902356138,0.0037688442211054607,0.250019325414208,3.05,0.08660254037844395,1.9994118808032226,0.02839427553391605,0.012295081967212962,0.2502154553289284,2.9375,0.06495190528383288,1.9996467338083541,0.022111286905134597,0.011702127659574346,0.25012343478384325
G1,30/04/2023,PAOK,Aris,H,1.67,3.5,6.0,1.66,3.6,5.25,1.67,3.5,5.75,1.63,3.4,5.25,2022/23,€61.33m,€33.65m,1.69,3.62,5.21,1.65,3.6,5.75,1.6575,0.016393596310755015,1.9999292102942041,0.009890555843592769,0.00490196078431393,0.250024927367009,3.5,0.07071067811865482,1.9997055323693778,0.020203050891044235,0.010714285714285676,0.2501021658493121,5.5625,0.3247595264191645,1.9975496471087917,0.05838373508659137,0.030898876404494402,0.2508331463599892
G1,03/05/2023,AEK,Olympiakos,D,1.73,3.6,5.25,1.72,3.7,4.6,1.73,3.6,5.0,1.7,3.4,4.6,2022/23,€57.15m,€136.73m,1.72,3.75,5.0,1.62,4.0,5.5,1.7200000000000002,0.012247448713915901,1.9999633539543118,0.007120609717392965,0.003633720930232842,0.25001282511160094,3.575,0.10897247358851693,1.9993251043683955,0.03048181079399075,0.01573426573426584,0.2502422528834002,4.8625,0.2769814975770044,1.9976705654311644,0.056962775851311966,0.03020565552699228,0.250787188174164
G1,03/05/2023,Aris,Volos NFC,H,1.29,5.25,12.0,1.31,5.25,9.0,1.3,5.25,10.0,1.29,4.5,10.0,2022/23,€33.65m,€16.65m,1.31,5.41,9.66,1.18,7.0,17.0,1.2975,0.008291561975888507,1.9999705726848471,0.00639041385424933,0.00337186897880537,0.2500101457475253,5.0625,0.3247595264191645,1.9969531181806308,0.06415002990995843,0.02777777777777768,0.2512,10.25,1.0897247358851685,1.9920047626819388,0.10631460837904083,0.054878048780487854,0.252529260067447
G1,03/05/2023,Panathinaikos,PAOK,D,1.75,3.5,5.25,1.68,3.4,5.5,1.7,3.55,5.5,1.67,3.2,5.25,2022/23,€49.98m,€61.33m,1.68,3.5,5.89,1.8,3.4,5.0,1.7,0.03082207001484491,1.9997639543964296,0.018130629420497008,0.00955882352941173,0.2500799691747023,3.4125000000000005,0.134047566184545,1.9988768117037234,0.03928133807605714,0.021062271062270987,0.25040735699760475,5.375,0.125,1.9996098363678072,0.023255813953488372,0.011627906976744207,0.2501352082206597
G1,06/05/2023,Atromitos,Panetolikos,H,1.95,3.3,4.33,2.0,3.4,3.6,1.97,3.25,4.1,2.0,3.1,3.7,2022/23,€14.08m,€13.38m,2.02,3.37,3.93,1.95,3.3,4.33,1.98,0.021213203435596444,1.9999171055291423,0.010713739108887094,0.005681818181818121,0.25002889337664036,3.2624999999999997,0.10825317547305476,1.9992026855602418,0.033181049953426744,0.01819923371647514,0.25028200993120986,3.9324999999999997,0.29608909132218963,1.9959235861571851,0.07529283949706031,0.041163382072473054,0.2513873569371511
G1,06/05/2023,Giannina,Asteras Tripolis,H,2.6,2.25,4.0,2.6,2.35,3.8,2.65,2.35,3.9,2.7,2.62,2.9,2022/23,€10.90m,€10.68m,2.85,2.16,4.13,3.0,2.05,4.2,2.6375,0.04145780987944252,1.99982222237851,0.0157186009021583,0.0082938388625593,0.2500608386771751,2.3925,0.13754544703478921,1.9976514370438152,0.0574902599936423,0.02899686520376199,0.25075551308506244,3.65,0.4387482193696061,1.9890676773685239,0.12020499160811127,0.0582191780821919,0.2547789695747513
G1,06/05/2023,Lamia,Levadeiakos,D,2.0,3.3,4.0,1.98,3.2,3.9,2.0,3.25,3.95,1.95,3.0,3.9,2022/23,€10.93m,€11.68m,2.04,3.24,4.05,2.1,3.1,3.8,1.9825,0.020463381929681144,1.9999229600333268,0.010322008539561738,0.005359394703656983,0.2500270223825394,3.1875,0.1138804197393037,1.9990696899529028,0.035727190506448216,0.018627450980392313,0.25033951522789333,3.9375,0.04145780987944255,1.9999201681031809,0.010528967588429854,0.005555555555555536,0.25002743254920906
G1,06/05/2023,OFI Crete,Ionikos,D,2.6,3.3,2.75,2.35,3.3,2.9,2.55,3.25,2.8,2.38,3.0,2.88,2022/23,€15.73m,€9.60m,2.56,3.12,3.01,2.45,3.1,3.0,2.4699999999999998,0.10700467279516347,1.9986467175194222,0.043321729876584406,0.02327935222672073,0.25046747188459595,3.2125,0.12437342963832743,1.9989032755025298,0.038715464478856786,0.018482490272373697,0.25040789588610357,2.8325000000000005,0.06057020719792856,1.9996696316302123,0.021384009602093045,0.011694616063548047,0.2501153731618253
G1,08/05/2023,Aris,AEK,A,6.5,4.33,1.5,6.25,4.2,1.49,6.5,4.2,1.5,7.0,3.75,1.44,2022/23,€33.65m,€57.15m,6.57,4.03,1.48,11.0,5.0,1.33,6.5625,0.2724311839712921,1.9987673471392864,0.04151332327181594,0.021428571428571352,0.2504098592199016,4.12,0.22011360703055144,1.9979040882663914,0.053425632774405686,0.026395631067961167,0.25079372883284934,1.4825,0.024874685927665518,1.9997956859366959,0.016778877522877246,0.008010118043844994,0.2500729768702387
G1,08/05/2023,Olympiakos,Panathinaikos,H,4.0,3.4,1.95,3.6,3.2,2.05,3.95,3.4,1.95,3.75,3.0,2.0,2022/23,€136.73m,€49.98m,3.78,3.22,2.08,3.2,3.25,2.38,3.825,0.16007810593582122,1.998731213320045,0.041850485211979406,0.022875816993464193,0.25044897475024497,3.25,0.16583123951776993,1.9981048047724652,0.05102499677469844,0.02692307692307705,0.2506870969746038,1.9875,0.041457809879442455,1.9996871750573662,0.02085927541104023,0.011006289308176154,0.2501066250150353
G1,08/05/2023,Volos NFC,PAOK,A,12.0,5.0,1.33,9.75,5.25,1.29,10.0,5.25,1.3,10.0,4.6,1.27,2022/23,€16.65m,€61.33m,10.35,5.02,1.3,17.0,6.0,1.2,10.4375,0.9078649403958718,1.9947034891133808,0.08698107213373622,0.04041916167664672,0.2515755896734032,5.025,0.26575364531836637,1.9979549806202141,0.0528862975757943,0.027363184079602032,0.250758100755841,1.2975,0.021650635094610987,1.999799493704659,0.0166864239650181,0.009152215799614671,0.25006891128303976
G1,13/05/2023,Panetolikos,OFI Crete,A,2.75,3.2,2.63,2.75,3.3,2.45,2.75,3.25,2.6,2.62,3.2,2.45,2022/23,€13.38m,€15.73m,2.65,3.45,2.61,2.25,3.2,3.3,2.7175000000000002,0.05629165124598847,1.9996879560827554,0.020714499078560614,0.00896964121435162,0.25011259450609885,3.2375,0.04145780987944235,1.9998819567038997,0.012805501121063274,0.006756756756756577,0.2500404896430746,2.5325,0.08317902379807053,1.9992220958371374,0.032844629337836335,0.017028627838104438,0.25026888899192457
G1,13/05/2023,Asteras Tripolis,Atromitos,D,2.1,3.4,3.4,2.1,3.25,3.4,2.15,3.35,3.45,2.1,3.0,3.5,2022/23,€10.68m,€14.08m,2.22,3.29,3.45,2.7,3.3,2.6,2.1125000000000003,0.021650635094610887,1.9999245266826928,0.010248821346561365,0.004437869822485174,0.25002564891761575,3.25,0.1541103500742244,1.9983570724551682,0.04741856925360751,0.02499999999999991,0.2506071507539027,3.4375,0.04145780987944255,1.9998952807251584,0.012060453783110561,0.006363636363636349,0.2500359406803998
G1,13/05/2023,Ionikos,Lamia,D,2.0,3.2,4.2,2.05,3.25,3.6,2.0,3.25,4.1,2.0,3.0,3.75,2022/23,€9.60m,€10.93m,2.04,3.28,3.98,2.0,3.1,4.2,2.0125,0.02165063509461089,1.9999168559045242,0.01075807955011721,0.004658385093167849,0.25002822838646543,3.175,0.10307764064044153,1.999230940983937,0.03246539862691072,0.015748031496062964,0.25028214198644105,3.9125,0.24590394466132498,1.9971436719066242,0.06285084847573802,0.034345047923322714,0.25099991120284276
G1,13/05/2023,Levadeiakos,Giannina,D,2.5,3.2,3.0,2.4,3.0,3.0,2.5,3.1,3.0,2.4,2.75,3.1,2022/23,€11.68m,€10.90m,2.54,3.02,3.13,2.15,3.3,3.6,2.45,0.050000000000000044,1.999699542856517,0.020408163265306138,0.010204081632653184,0.25010412328196585,3.0124999999999997,0.16723860200324572,1.9977507834318136,0.05551488863178282,0.030082987551867113,0.25082706540358907,3.025,0.043301270189221974,1.9998529957311255,0.014314469484040323,0.006198347107437829,0.25004957366646835
G1,14/05/2023,AEK,Volos NFC,H,1.05,13.0,41.0,1.05,15.5,41.0,1.05,13.0,40.0,1.03,10.0,34.0,2022/23,€57.15m,€16.65m,1.03,21.57,33.23,1.03,17.0,41.0,1.045,0.008660254037844393,1.9999502986725093,0.008287324438128607,0.003588516746411363,0.2500175033256319,12.875,1.948557158514987,1.9831848683183917,0.15134424532155238,0.08009708737864085,0.2564922066789827,39.0,2.9154759474226504,1.9958501369603965,0.0747557935236577,0.03525641025641035,0.2516583950787768
G1,14/05/2023,Panathinaikos,Aris,D,1.36,4.33,11.0,1.4,4.4,8.0,1.37,4.5,9.5,1.35,4.0,9.0,2022/23,€49.98m,€33.65m,1.36,4.68,8.63,1.4,4.33,9.5,1.3699999999999999,0.018708286933869635,1.999865897285717,0.013655683893335501,0.007299270072992803,0.2500457700544879,4.3075,0.18753333037089703,1.998615902136104,0.0435364667140794,0.022780034822982964,0.25051006034977147,9.375,1.0825317547305484,1.9904617786104106,0.11547005383792516,0.06333333333333324,0.25320143376968346
G1,14/05/2023,PAOK,Olympiakos,A,2.25,3.25,3.4,2.25,3.3,3.0,2.25,3.25,3.25,2.2,3.1,3.1,2022/23,€61.33m,€136.73m,2.25,3.27,3.29,1.85,3.5,4.5,2.2375,0.02165063509461089,1.9999322061774008,0.009676261494798164,0.0041899441340780275,0.250023939480992,3.225,0.07499999999999993,1.9996071049761874,0.023255813953488347,0.011627906976744207,0.25014106658201696,3.1875,0.15155444566227672,1.9983730916338776,0.047546492756792694,0.026470588235294246,0.2505574146335989
G1,18/08/2023,Volos NFC,Lamia,D,2.45,3.1,3.2,2.4,3.1,3.0,2.4,3.1,3.15,2.3,2.9,2.88,2023/24,€13.90m,€9.03m,2.5,3.01,3.2,2.5,3.1,3.1,2.3874999999999997,0.054486236794258534,1.9996223756299958,0.022821460437385775,0.01178010471204205,0.2501343084617347,3.05,0.08660254037844395,1.9994118808032226,0.02839427553391605,0.012295081967212962,0.2502154553289284,3.0575,0.12616952880945548,1.9987667230980333,0.041265585873902035,0.02269010629599344,0.2504359496424439
G1,20/08/2023,Giannina,Kifisia,H,2.25,3.1,3.5,2.15,3.1,3.4,2.25,3.1,3.45,2.0,3.0,3.4,2023/24,€9.53m,€10.00m,2.26,2.88,3.93,2.1,3.1,4.0,2.1625,0.10231690964840563,1.998366453547965,0.04731417787209509,0.024566473988439252,0.2505996187886219,3.0749999999999997,0.043301270189221974,1.999856174166598,0.014081713882673813,0.0060975609756099836,0.25005122600915236,3.4375,0.04145780987944255,1.9998952807251584,0.012060453783110561,0.006363636363636349,0.2500359406803998
G1,20/08/2023,OFI Crete,Aris,H,2.4,3.4,3.0,2.37,3.3,2.85,2.4,3.35,2.95,2.3,3.1,2.75,2023/24,€16.65m,€32.15m,2.45,3.17,3.02,2.88,3.4,2.45,2.3674999999999997,0.04085033659592052,1.9997841343720992,0.01725463002995587,0.008711721224921032,0.2500767532756839,3.2874999999999996,0.11388041973930368,1.9991257113936785,0.03464043185986424,0.018060836501901267,0.25031854986376384,2.8875,0.09601432184835762,1.999199731025987,0.0332517131942364,0.018398268398268414,0.2502820719483357
G1,20/08/2023,PAOK,Asteras Tripolis,H,1.3,5.0,12.0,1.28,5.25,11.0,1.3,5.25,12.0,1.25,4.4,10.0,2023/24,€91.80m,€13.33m,1.27,5.32,11.14,1.33,4.5,11.0,1.2825,0.020463381929681144,1.9998156647880305,0.015955853356476524,0.008284600389863561,0.2500650899404878,4.975,0.34731109973624497,1.9964056252485725,0.06981127632889346,0.035175879396984744,0.25139047115218827,11.25,0.82915619758885,1.996028012525416,0.07370277311900889,0.03888888888888897,0.25147227808101114
G1,20/08/2023,Olympiakos,Panserraikos,H,1.18,6.5,19.0,1.18,7.0,14.0,1.2,6.5,17.0,1.12,6.0,15.0,2023/24,€133.70m,€12.15m,1.17,7.06,14.52,1.17,7.0,21.0,1.17,0.029999999999999933,1.9995220221627457,0.025641025641025585,0.012820512820512997,0.2501722558916819,6.5,0.3535533905932738,1.9978637260424625,0.05439282932204212,0.028846153846153744,0.2507462423724784,16.25,1.920286436967152,1.9900013684189448,0.11817147304413243,0.06538461538461537,0.2533389139842082
G1,25/08/2023,Panetolikos,Giannina,D,2.45,3.1,3.1,2.4,3.0,3.0,2.45,3.1,3.1,2.3,2.88,2.9,2023/24,€13.63m,€9.53m,2.54,2.92,3.26,2.45,3.1,3.1,2.4,0.061237243569579596,1.999527007301737,0.025515518153991498,0.01302083333333326,0.25016987220234227,3.02,0.09055385138137424,1.9993475051908258,0.029984719000455046,0.01572847682119205,0.2502330772443629,3.025,0.08291561975888508,1.9994554854486324,0.027410122234342176,0.01446280991735538,0.2501931854428734
G1,26/08/2023,Asteras Tripolis,OFI Crete,H,2.3,3.2,3.3,2.25,3.25,3.1,2.3,3.2,3.25,2.15,3.0,3.1,2023/24,€13.33m,€16.65m,2.28,3.29,3.3,2.25,3.1,3.6,2.25,0.061237243569579415,1.9994615755281704,0.02721655269759085,0.01388888888888884,0.25019384406254025,3.1624999999999996,0.09601432184835763,1.9993281850367581,0.030360259872998466,0.014822134387351804,0.25024515302034933,3.1875,0.08926785535678552,1.9994347615157992,0.028005601680560165,0.014705882352941124,0.2501948796344827
G1,26/08/2023,Panathinaikos,Volos NFC,H,1.29,5.0,13.0,1.25,5.75,11.0,1.3,5.0,12.0,1.18,5.0,13.0,2023/24,€73.18m,€13.90m,1.29,5.92,9.42,1.25,5.5,13.0,1.255,0.04716990566028306,1.998971747076754,0.03758558219942874,0.019920318725099806,0.2503727721975599,5.1875,0.3247595264191645,1.9972368930029125,0.0626042460567064,0.027108433734939652,0.2508521651306653,12.25,0.82915619758885,1.996654119924748,0.06768622021133469,0.03571428571428581,0.25123277039710507
G1,26/08/2023,AEK,Panserraikos,D,1.17,7.5,15.0,1.16,7.5,15.5,1.2,6.75,14.0,1.17,5.5,12.0,2023/24,€70.60m,€12.15m,1.14,7.98,20.36,1.17,7.5,15.0,1.175,0.015000000000000013,1.9998828799898147,0.012765957446808522,0.006382978723404209,0.25003984098074883,6.8125,0.8172935519138763,1.9892586926214653,0.11996969569378,0.06192660550458706,0.2544063918797039,14.125,1.340475661845451,1.9933485082101492,0.09490093181206732,0.05088495575221241,0.2525948671242329
G1,27/08/2023,Lamia,Aris,H,3.6,3.25,2.1,3.4,3.3,2.1,3.6,3.3,2.1,3.0,3.2,2.1,2023/24,€9.03m,€32.15m,3.4,3.3,2.18,3.5,3.1,2.25,3.4,0.24494897427831783,1.9961756752605333,0.07204381596421112,0.03676470588235281,0.25147278776594134,3.2625,0.04145780987944235,1.9998832701248064,0.01270737467569114,0.006704980842911823,0.25004088804644686,2.1,0.0,2.0,0.0,0.0,0.25
G1,27/08/2023,PAOK,Kifisia,H,1.2,6.0,17.0,1.2,6.5,14.0,1.2,6.25,16.0,1.15,5.5,13.0,2023/24,€91.80m,€10.00m,1.17,6.66,16.16,1.4,4.5,9.0,1.1875,0.021650635094610987,1.9997585026337423,0.018232113763882937,0.007894736842105399,0.25008671522719383,6.0625,0.369754986443726,1.9972898211215113,0.0609905132278311,0.03350515463917536,0.250988594371146,15.0,1.5811388300841898,1.9919647031769117,0.10540925533894599,0.05833333333333335,0.2528117381363184
G1,27/08/2023,Olympiakos,Atromitos,H,1.29,5.5,10.0,1.28,5.5,9.5,1.3,5.5,10.0,1.25,4.75,8.5,2023/24,€133.70m,€14.83m,1.28,5.51,10.05,1.33,5.25,9.5,1.28,0.018708286933869722,1.999845376511602,0.01461584916708572,0.0078125,0.25005451349696384,5.3125,0.3247595264191645,1.9972367057201756,0.0611312049730192,0.026470588235294024,0.25108155744271754,9.5,0.6123724356957945,1.9969457390728174,0.064460256389031,0.03289473684210531,0.25116240683060054
G1,01/09/2023,Kifisia,Atromitos,H,2.63,3.3,2.7,2.6,3.1,2.7,2.6,3.25,2.7,2.3,3.0,2.8,2023/24,€10.00m,€14.83m,2.64,3.18,2.86,2.63,3.3,2.7,2.5325,0.13479150566708578,1.9979133564557505,0.0532246814085235,0.024432379072063082,0.25080166936762394,3.1625,0.11924240017711814,1.9989717300104966,0.03770510677537332,0.02075098814229248,0.25036104069360776,2.7249999999999996,0.04330127018922178,1.9998189532828545,0.015890374381365792,0.006880733944954143,0.25006087168249325
G1,02/09/2023,Panserraikos,Panetolikos,D,2.3,3.4,3.1,2.35,3.2,3.0,2.3,3.35,3.1,2.25,2.88,3.0,2023/24,€12.15m,€13.63m,2.31,3.22,3.25,2.25,3.3,3.2,2.3,0.03535533905932741,1.9998295358345703,0.015371886547533659,0.008152173913043459,0.25005911561696337,3.2075,0.20290083784942836,1.9970637562145614,0.06325825030379684,0.03332034294621988,0.2511081268892215,3.05,0.050000000000000044,1.9998061328047112,0.016393442622950834,0.008196721311475308,0.250067186240258
G1,03/09/2023,Aris,Asteras Tripolis,H,1.53,3.8,7.0,1.57,3.8,5.75,1.55,3.8,6.75,1.5,3.6,5.5,2023/24,€32.15m,€13.33m,1.52,3.88,6.81,1.6,3.75,6.5,1.5374999999999999,0.025860201081971523,1.9997956345357892,0.01681964298014408,0.009349593495935116,0.2500713506211947,3.75,0.08660254037844375,1.999611779932601,0.023094010767585,0.010000000000000009,0.2501407393507225,6.25,0.6373774391990981,1.9924829800211408,0.1019803902718557,0.05499999999999994,0.2526122110694963
G1,03/09/2023,OFI Crete,PAOK,H,5.5,3.75,1.67,5.0,3.8,1.65,5.25,3.8,1.65,4.6,3.5,1.62,2023/24,€16.65m,€91.80m,5.24,3.85,1.64,4.5,3.8,1.75,5.0875,0.33236839500770843,1.996898088007345,0.06533039705311222,0.036240786240786305,0.2511179261284954,3.7125000000000004,0.12437342963832743,1.9991804170406187,0.03350126050864038,0.015993265993266004,0.25030187186467856,1.6475,0.017853571071357054,1.9999151587840835,0.010836765445436755,0.0056904400606980765,0.2500296317552269
G1,03/09/2023,Olympiakos,Lamia,H,1.3,5.5,10.0,1.27,5.5,10.5,1.3,5.5,11.0,1.22,4.75,9.5,2023/24,€133.70m,€9.03m,1.25,5.66,11.44,1.22,6.0,15.0,1.2725,0.032691742076555085,1.9995207816549971,0.02569095644522993,0.013261296660117772,0.25017157211779834,5.3125,0.3247595264191645,1.9972367057201756,0.0611312049730192,0.026470588235294024,0.25108155744271754,10.25,0.5590169943749475,1.997852661428451,0.05453824335365341,0.030487804878048808,0.2507478727808443
G1,03/09/2023,Giannina,Panathinaikos,A,6.0,3.75,1.62,5.5,3.6,1.62,6.0,3.75,1.6,5.5,3.25,1.57,2023/24,€9.53m,€73.18m,6.17,3.66,1.6,5.5,3.5,1.7,5.75,0.25,1.998635964158572,0.043478260869565216,0.021739130434782705,0.25047258979206055,3.5875,0.2042516829796024,1.9976201269367397,0.05693426703264178,0.02874564459930329,0.25090036014405764,1.6025,0.020463381929681144,1.9998820229173653,0.012769661110565456,0.006630265210608277,0.2500415011001774
G1,16/09/2023,Lamia,OFI Crete,D,2.75,3.25,2.7,2.65,3.1,2.65,2.7,3.2,2.65,2.6,3.0,2.5,2023/24,€9.03m,€16.65m,2.72,3.17,2.73,2.45,3.4,2.9,2.675,0.05590169943749474,1.9996849359531568,0.020897831565418596,0.011682242990654013,0.2501092714551346,3.1375,0.09601432184835762,1.9993223793398283,0.03060217429429725,0.01693227091633487,0.25023849501080436,2.625,0.07500000000000004,1.999405980574396,0.028571428571428588,0.014285714285714235,0.25021506361744394
G1,16/09/2023,Panetolikos,Panathinaikos,A,8.0,4.0,1.5,7.0,4.0,1.49,7.5,3.95,1.5,7.0,3.7,1.4,2023/24,€13.63m,€73.18m,7.6,4.07,1.49,7.5,3.8,1.5,7.375,0.414578098794425,1.9977397145865754,0.05621397949754915,0.029661016949152463,0.2507505422578035,3.9124999999999996,0.12437342963832743,1.9992625423175658,0.03178873600979615,0.015175718849840258,0.2502707613071288,1.4725000000000001,0.04205650960315184,1.9994050817762643,0.02856129684424573,0.013157894736842035,0.25021770011099637
G1,17/09/2023,Asteras Tripolis,Giannina,D,2.1,3.2,3.8,2.1,3.1,3.6,2.1,3.15,3.75,1.95,3.0,3.6,2023/24,€13.33m,€9.53m,2.13,3.07,3.82,2.25,3.1,3.6,2.0625,0.06495190528383295,1.9992756578473223,0.0314918328648887,0.013636363636363669,0.2502669989320042,3.1125000000000003,0.07395099728874524,1.999591320979759,0.023759356558633007,0.013052208835341306,0.2501442483178986,3.6875,0.08926785535678552,1.9995776085997239,0.024208231961162178,0.012711864406779627,0.2501457296001783
G1,17/09/2023,Kifisia,Panserraikos,D,2.05,3.4,3.6,2.05,3.3,3.5,2.05,3.4,3.6,2.0,3.1,3.3,2023/24,€10.00m,€12.15m,2.04,3.41,3.66,2.15,3.3,3.5,2.0374999999999996,0.02165063509461089,1.9999182133505942,0.010626078574042156,0.004601226993864893,0.2500289340689017,3.3,0.12247448713915883,1.9989959014353837,0.037113480951260255,0.018939393939394034,0.2503667262748801,3.4999999999999996,0.12247448713915901,1.9991079338324718,0.03499271061118829,0.017857142857142794,0.2503247997532
G1,17/09/2023,PAOK,Aris,D,1.53,3.8,7.0,1.57,3.9,5.75,1.55,3.85,6.75,1.44,3.75,5.8,2023/24,€91.80m,€32.15m,1.55,4.01,5.99,1.57,3.75,6.5,1.5225,0.04968651728587952,1.9992240656351323,0.0326348225194611,0.016830870279146204,0.2502826081301705,3.8249999999999997,0.05590169943749474,1.9998459161774025,0.014614823382351568,0.008169934640522847,0.25005342017198057,6.325,0.5573374202401988,1.994402904205063,0.08811658818026859,0.046442687747035416,0.2519208628750203
G1,17/09/2023,AEK,Olympiakos,D,2.2,3.4,3.3,2.1,3.4,3.3,2.2,3.4,3.3,1.95,3.2,3.3,2023/24,€70.60m,€133.70m,2.19,3.35,3.32,2.2,3.3,3.4,2.1125000000000003,0.10231690964840572,1.9982877159720198,0.04843404007025122,0.025147928994082802,0.2506294244382887,3.35,0.08660254037844375,1.9995129978642308,0.025851504590580224,0.011194029850746245,0.2501775147928994,3.3,0.0,2.0,0.0,0.0,0.25
G1,18/09/2023,Atromitos,Volos NFC,D,1.8,3.6,4.5,1.8,3.6,4.2,1.8,3.6,4.5,1.73,3.4,4.0,2023/24,€14.83m,€13.90m,1.79,3.83,4.16,1.8,3.75,4.5,1.7825,0.03031088913245538,1.9997900260523345,0.017004706385669217,0.0073632538569425865,0.25007521474577415,3.55,0.08660254037844395,1.9995665789534056,0.024395081796744777,0.010563380281690016,0.25015752993068685,4.3,0.21213203435596423,1.9982343231795798,0.049333031245573075,0.026162790697674465,0.25062924400181086
G1,23/09/2023,OFI Crete,Atromitos,D,2.1,3.2,3.8,2.05,3.4,3.4,2.1,3.15,3.75,1.95,3.2,3.4,2023/24,€16.65m,€14.83m,2.08,3.41,3.59,1.95,3.3,4.2,2.0500000000000003,0.061237243569579505,1.9993508934084194,0.029871826131502195,0.015243902439024293,0.25023458773246365,3.2375000000000003,0.09601432184835755,1.999371575773358,0.029656933389454066,0.014478764478764505,0.2502076206176126,3.5875,0.18833148966649202,1.9980120165051314,0.05249658248543332,0.027003484320557547,0.2506872555304445
G1,23/09/2023,Panserraikos,Lamia,H,2.3,3.2,3.3,2.25,3.25,3.1,2.3,3.2,3.2,2.1,3.0,3.2,2023/24,€12.15m,€9.03m,2.3,3.22,3.33,2.5,3.2,3.0,2.2375,0.0819679815537749,1.999020128947002,0.03663373477263683,0.018156424581005748,0.2503606864545368,3.1624999999999996,0.09601432184835763,1.9993281850367581,0.030360259872998466,0.014822134387351804,0.25024515302034933,3.2,0.07071067811865465,1.9996477221810776,0.022097086912079577,0.01171875,0.25012224927205307
G1,24/09/2023,Olympiakos,Kifisia,H,1.17,8.0,15.0,1.16,8.0,14.0,1.17,7.5,15.0,1.11,6.5,13.0,2023/24,€133.70m,€10.00m,1.15,7.58,16.14,1.17,8.0,15.0,1.1525,0.024874685927665424,1.999661333092729,0.02158324158582683,0.010303687635574654,0.2501220288630546,7.5,0.6123724356957945,1.995072674442486,0.0816496580927726,0.04166666666666674,0.2519266807548374,14.25,0.82915619758885,1.9975320648156853,0.05818639983079649,0.030701754385964897,0.2509008879516911
G1,24/09/2023,Aris,Panetolikos,H,1.5,4.0,7.0,1.49,4.2,6.25,1.5,4.1,7.0,1.4,3.8,6.5,2023/24,€32.15m,€13.63m,1.5,4.06,6.79,1.44,4.2,8.5,1.4725000000000001,0.04205650960315184,1.9994050817762643,0.02856129684424573,0.013157894736842035,0.25021770011099637,4.025,0.14790199457749048,1.9990203982860448,0.03674583716210943,0.02018633540372683,0.2503495451683636,6.6875,0.3247595264191645,1.9982920980715924,0.04856217217482834,0.025700934579439227,0.2506030649891212
G1,24/09/2023,Volos NFC,Asteras Tripolis,A,2.7,3.2,2.7,2.6,3.1,2.7,2.65,3.2,2.75,2.5,2.9,2.62,2023/24,€13.90m,€13.33m,2.63,3.14,2.81,2.9,3.1,2.55,2.6125000000000003,0.07395099728874524,1.9994194955222706,0.028306601833012528,0.015550239234449759,0.25020566345414536,3.1000000000000005,0.12247448713915901,1.998861354897418,0.03950789907714806,0.020161290322580516,0.25041733207827466,2.6925,0.046569840025492866,1.9997835966393174,0.01729613371420348,0.009052924791086214,0.2500760780738062
G1,24/09/2023,Giannina,PAOK,A,5.75,3.6,1.67,5.0,3.7,1.66,5.5,3.6,1.67,4.6,3.4,1.62,2023/24,€9.53m,€91.80m,5.4,3.87,1.62,6.0,3.6,1.65,5.2125,0.44493679326394225,1.9947087454325931,0.08535957664536062,0.04736211031175075,0.25189548387636396,3.575,0.10897247358851693,1.9993251043683955,0.03048181079399075,0.01573426573426584,0.2502422528834002,1.655,0.020615528128088225,1.9998875884428189,0.012456512464101647,0.0060422960725072805,0.2500398062884174
G1,25/09/2023,Panathinaikos,AEK,A,2.3,3.2,3.3,2.37,3.2,2.95,2.3,3.2,3.2,2.2,2.9,3.1,2023/24,€73.18m,€70.60m,2.37,3.09,3.23,2.45,3.0,3.2,2.2925,0.060570207197928536,1.9994947061482442,0.026421028221560977,0.01390403489640124,0.25017827397862985,3.125,0.1299038105676659,1.99873269379249,0.04156921938165309,0.018000000000000016,0.2504766612527364,3.1375,0.1293010054098574,1.998770155408968,0.04121147582784299,0.02290836653386452,0.2504347877353612
G1,27/09/2023,Panetolikos,OFI Crete,D,3.1,3.1,2.45,2.87,3.25,2.4,3.05,3.15,2.45,2.88,3.0,2.25,2023/24,€13.63m,€16.65m,2.88,3.37,2.38,3.4,3.2,2.25,2.9750000000000005,0.10161200716450787,1.999159126343501,0.03415529652588499,0.01806722689075624,0.25029005728479736,3.125,0.09013878188659973,1.9993996846307205,0.028844410203711913,0.016000000000000014,0.2502084429821323,2.3875,0.08196798155377508,1.9991400631522867,0.03433213887069113,0.017015706806282838,0.25031530956872455
G1,27/09/2023,Kifisia,Lamia,D,2.3,3.1,3.3,2.37,3.2,2.9,2.3,3.15,3.25,2.3,3.0,2.8,2023/24,€10.00m,€9.03m,2.3,3.33,3.24,2.0,3.2,4.2,2.3175,0.030310889132455478,1.9998772167155994,0.01307913231173915,0.005663430420711935,0.25004150286680343,3.1125000000000003,0.07395099728874524,1.999591320979759,0.023759356558633007,0.013052208835341306,0.2501442483178986,3.0625,0.2161452058223823,1.9963983754224377,0.07057802639098198,0.037755102040816446,0.25125829173701114
G1,27/09/2023,Olympiakos,Aris,H,1.4,4.2,9.5,1.4,4.6,7.5,1.4,4.4,9.0,1.35,4.2,7.0,2023/24,€133.70m,€32.15m,1.36,4.85,9.26,1.45,4.0,8.0,1.3875000000000002,0.02165063509461089,1.9998232896721564,0.015604061329449288,0.006756756756756799,0.25006312599949493,4.35,0.16583123951776982,1.9989578365839034,0.038122124027073524,0.02011494252873569,0.25035060129002473,8.25,1.0307764064044151,1.98870320080809,0.12494259471568668,0.06818181818181812,0.25394421441577114
G1,27/09/2023,PAOK,Volos NFC,H,1.2,7.5,12.0,1.2,6.75,13.0,1.2,7.0,13.0,1.14,5.8,13.0,2023/24,€91.80m,€13.90m,1.18,7.46,14.45,1.2,7.5,11.0,1.185,0.025980762113533184,1.9996502614850793,0.021924693766694668,0.009493670886076,0.2501264968797436,6.7625,0.6178339178128699,1.9938686526191667,0.09136176233831718,0.049445471349353065,0.25233624697328483,12.75,0.4330127018922193,1.9991567338115652,0.03396178054056622,0.014705882352941124,0.2503123698458976
G1,28/09/2023,Panserraikos,Giannina,H,2.2,3.2,3.5,2.2,3.2,3.3,2.2,3.2,3.45,2.15,2.9,3.1,2023/24,€12.15m,€9.53m,2.28,3.07,3.45,2.3,3.2,3.3,2.1875,0.02165063509461108,1.9999290654762518,0.009897433186107923,0.004285714285714226,0.25002505930702656,3.125,0.1299038105676659,1.99873269379249,0.04156921938165309,0.018000000000000016,0.2504766612527364,3.3375000000000004,0.15562374497485917,1.9984180971351735,0.04662883744565068,0.02528089887640461,0.25057229113359847
G1,28/09/2023,Asteras Tripolis,Panathinaikos,A,6.0,3.4,1.67,4.8,3.6,1.7,5.75,3.45,1.7,4.6,3.25,1.67,2023/24,€13.33m,€73.18m,5.4,3.6,1.67,5.25,3.1,1.91,5.2875,0.5983048971887162,1.9907494858431138,0.11315459048486358,0.06087470449172572,0.25320099033694926,3.425,0.12500000000000003,1.9990387666342029,0.036496350364963515,0.02007299270072993,0.25033422493837043,1.685,0.015000000000000015,1.9999428346341552,0.00890207715133532,0.004451038575667754,0.25001981174440213
G1,28/09/2023,AEK,Atromitos,H,1.17,7.0,17.0,1.19,7.0,13.0,1.17,7.0,16.0,1.15,5.8,12.0,2023/24,€70.60m,€14.83m,1.17,7.15,14.76,1.2,6.5,15.0,1.17,0.014142135623730963,1.999894604039035,0.01208729540489826,0.0064102564102563875,0.2500365416909519,6.7,0.5196152422706632,1.9955207901747796,0.07755451377174079,0.033582089552238736,0.25181402848696594,14.5,2.0615528128088303,1.9853579839940576,0.1421760560557814,0.07758620689655182,0.255123726080508
G1,01/10/2023,Aris,Kifisia,D,1.44,4.2,8.0,1.44,4.2,7.25,1.45,4.2,7.75,1.44,4.2,6.0,2023/24,€32.15m,€10.00m,1.41,4.43,7.69,1.4,4.5,8.5,1.4425000000000001,0.004330127018922197,1.9999935074752149,0.0030018211569651275,0.0012998266897747968,0.25000223719652437,4.2,0.0,2.0,0.0,0.0,0.25,7.25,0.770551750371122,1.9915962149723958,0.10628300005118924,0.056034482758620774,0.25339738701704295
G1,01/10/2023,Panathinaikos,PAOK,D,1.91,3.3,4.33,1.9,3.25,4.2,1.9,3.3,4.3,1.83,3.25,4.0,2023/24,€73.18m,€91.80m,1.9,3.33,4.33,2.05,3.2,3.8,1.8849999999999998,0.032015621187164174,1.9997905969204308,0.016984414422898768,0.007957559681697646,0.2500748879301295,3.2750000000000004,0.02499999999999991,1.999957965472508,0.007633587786259514,0.003816793893129722,0.2500145679156227,4.2075000000000005,0.12910751333675355,1.9993154977947136,0.030685089325431618,0.016191325014854208,0.25024662486991506
G1,01/10/2023,Giannina,Olympiakos,A,8.0,4.33,1.44,7.25,4.33,1.43,7.75,4.3,1.43,8.5,4.33,1.33,2023/24,€9.53m,€133.70m,7.93,4.46,1.4,9.0,5.0,1.36,7.875,0.45069390943299864,1.9976349149030572,0.057230972626412524,0.031746031746031855,0.2508257395091681,4.3225,0.012990381056766687,1.999993477382314,0.0030052934775631436,0.0013013302486986067,0.25000227370029393,1.4075,0.044930501889028515,1.9992558253165165,0.03192220382879468,0.014653641207815093,0.2502741386996228
G1,02/10/2023,Atromitos,Asteras Tripolis,D,2.25,3.1,3.5,2.2,3.1,3.3,2.25,3.1,3.5,2.1,3.1,3.3,2023/24,€14.83m,€13.33m,2.16,3.17,3.69,2.0,3.1,4.33,2.2,0.061237243569579415,1.9994367229190033,0.027835110713445188,0.014204545454545636,0.2502029719750887,3.1,0.0,2.0,0.0,0.0,0.25,3.4,0.10000000000000009,1.9993759069576515,0.02941176470588238,0.014705882352941124,0.2502162629757785
G1,02/10/2023,OFI Crete,AEK,H,7.0,3.8,1.53,6.25,4.0,1.5,6.75,3.85,1.53,6.5,4.0,1.44,2023/24,€16.65m,€70.60m,6.48,4.38,1.47,4.75,4.0,1.65,6.625,0.2795084971874737,1.9987153810531701,0.04218996183961868,0.02358490566037741,0.25044652356285707,3.9125,0.08926785535678566,1.9996241190182482,0.022816065266910074,0.01198083067092659,0.250130859967388,1.5000000000000002,0.036742346141747706,1.999564217752503,0.0244948974278318,0.012499999999999956,0.2501562799411555
G1,08/10/2023,AEK,Panetolikos,H,1.08,12.0,21.0,1.08,12.0,26.0,1.08,11.0,25.0,1.03,10.0,34.0,2023/24,€70.60m,€13.63m,1.06,13.71,32.27,1.1,11.0,19.0,1.0675000000000001,0.021650635094610987,1.9997009130143186,0.020281625381368604,0.008782201405152179,0.2501078274071391,11.25,0.82915619758885,1.996028012525416,0.07370277311900889,0.03888888888888897,0.25147227808101125,26.5,4.716990566028302,1.9777295121395952,0.177999644001068,0.09433962264150941,0.25692566151717167
G1,08/10/2023,Panathinaikos,Atromitos,H,1.25,5.5,15.0,1.24,5.75,11.5,1.25,5.5,14.0,1.18,5.5,13.0,2023/24,€73.18m,€14.83m,1.22,5.9,13.39,1.36,4.5,10.0,1.23,0.02915475947422653,1.9995911446112085,0.023703056483111,0.011178861788617933,0.25014802693541766,5.5625,0.10825317547305482,1.9997288037824326,0.01946124502886379,0.008426966292134797,0.25009056877188746,13.375,1.2930100540985752,1.9931864878324725,0.09667364890456637,0.053738317757009435,0.2524990040805045
G1,20/10/2023,Lamia,Giannina,H,2.2,3.0,3.75,2.2,3.0,3.5,2.2,3.0,3.7,2.1,3.0,3.5,2023/24,€9.03m,€9.53m,2.18,2.96,4.04,2.1,3.1,4.0,2.175,0.043301270189221974,1.9997118555221125,0.019908629972056082,0.008620689655172376,0.2501038062283737,3.0,0.0,2.0,0.0,0.0,0.25,3.6125,0.11388041973930377,1.9992835606459085,0.03152399162333668,0.016435986159169635,0.2502473891732099
G1,21/10/2023,Panetolikos,Volos NFC,H,2.15,3.25,3.6,2.15,3.3,3.25,2.15,3.3,3.55,2.05,3.25,3.25,2023/24,€13.63m,€13.90m,2.1,3.23,3.83,2.15,3.25,3.5,2.125,0.043301270189221974,1.9996980799852782,0.02037706832433975,0.008823529411764897,0.2501088692117869,3.2750000000000004,0.02499999999999991,1.999957965472508,0.007633587786259514,0.003816793893129722,0.2500145679156227,3.4124999999999996,0.16345871038277524,1.998345194830556,0.04789998839055685,0.024725274725274637,0.25057185745479416
G1,21/10/2023,Aris,Panserraikos,H,1.44,4.2,7.5,1.66,3.8,4.8,1.55,4.2,5.75,1.44,4.0,6.0,2023/24,€32.15m,€12.15m,1.46,4.33,7.33,1.45,4.2,8.0,1.5224999999999997,0.09120718173477349,1.9974343311469198,0.05990619489968703,0.031609195402298784,0.2508497498180039,4.05,0.16583123951777015,1.998781899058905,0.04094598506611609,0.021604938271605034,0.25043748277843975,6.0125,0.9684878677608718,1.9815408364202736,0.16107906324505145,0.0867983367983367,0.2560994492184735
G1,22/10/2023,Asteras Tripolis,AEK,A,9.0,4.0,1.44,6.75,4.33,1.46,8.25,4.1,1.45,7.0,4.2,1.4,2023/24,€13.33m,€70.60m,7.11,4.48,1.44,7.5,4.0,1.5,7.75,0.9185586535436918,1.9899204525902723,0.11852369723144411,0.06451612903225801,0.25338079855103807,4.157500000000001,0.12214233500306117,1.999378174211162,0.02937879374697803,0.016386049308478867,0.2502142311820804,1.4375,0.022776083947860768,1.9998181002167181,0.015844232311555316,0.008260869565217321,0.2500644698982445
G1,22/10/2023,Kifisia,OFI Crete,D,3.1,3.25,2.4,2.95,3.4,2.3,3.05,3.25,2.4,2.8,3.25,2.3,2023/24,€10.00m,€16.65m,2.9,3.36,2.45,3.1,3.4,2.4,2.9750000000000005,0.11456439237389605,1.9989229549764445,0.03850903945341043,0.021008403361344685,0.25038629507648125,3.2875,0.06495190528383286,1.999720522579102,0.01975723354641304,0.008555133079847899,0.2500932822929478,2.3499999999999996,0.050000000000000044,1.9996734260048918,0.021276595744680875,0.010638297872340718,0.2501131733816206
G1,22/10/2023,Olympiakos,Panathinaikos,A,1.91,3.2,4.5,1.9,3.3,4.0,1.95,3.25,4.4,1.83,3.25,4.0,2023/24,€133.70m,€73.18m,1.88,3.33,4.45,1.91,3.1,4.75,1.8975,0.04322904116447641,1.9996241211007602,0.022782103380488226,0.01218708827404491,0.2501329122045722,3.25,0.03535533905932725,1.999914630061697,0.010878565864408385,0.005769230769230749,0.2500295963047226,4.225,0.22776083947860754,1.99790530524156,0.05390789100085386,0.028106508875739733,0.2507214803078316
G1,22/10/2023,PAOK,Atromitos,H,1.29,5.0,13.0,1.3,5.25,9.5,1.3,5.25,12.0,1.25,5.0,10.0,2023/24,€91.80m,€14.83m,1.28,5.46,10.2,1.33,5.0,11.0,1.285,0.020615528128088322,1.9998132983772272,0.0160432125510415,0.0077821011673151474,0.25006652898993836,5.125,0.125,1.9995708393473224,0.024390243902439025,0.012195121951219523,0.2501487209994051,11.125,1.4306903927824497,1.9880961574590776,0.12860138362089435,0.0702247191011236,0.25404775079404096
G1,28/10/2023,Volos NFC,Kifisia,H,2.3,3.3,3.25,2.25,3.3,3.0,2.3,3.25,3.2,2.2,3.2,3.0,2023/24,€13.90m,€10.00m,2.27,3.46,3.18,2.7,3.1,2.8,2.2625,0.04145780987944235,1.9997570444747985,0.018323893869366784,0.00966850828729271,0.2500855135459191,3.2625,0.04145780987944235,1.9998832701248068,0.01270737467569114,0.006704980842911823,0.25004088804644675,3.1125,0.11388041973930377,1.9990349468477124,0.03658808666323013,0.01907630522088355,0.2503330443588722
G1,28/10/2023,Atromitos,Panetolikos,H,1.8,3.5,4.75,1.85,3.5,4.1,1.8,3.5,4.6,1.75,3.4,4.33,2023/24,€14.83m,€13.63m,1.81,3.59,4.59,1.73,3.75,5.0,1.8,0.03535533905932741,1.9997216665451496,0.019641855032959673,0.01041666666666674,0.25009656232176186,3.475,0.043301270189221974,1.9998874512721907,0.012460797176754525,0.0053956834532373765,0.25003995950769886,4.445,0.24964975465639863,1.997715550766207,0.0561641742759052,0.03121484814398201,0.2508075373878986
G1,29/10/2023,Asteras Tripolis,Lamia,A,1.95,3.2,4.5,1.95,3.25,3.9,1.95,3.2,4.4,1.91,3.25,3.75,2023/24,€13.33m,€9.03m,1.88,3.33,4.41,1.85,3.3,4.75,1.94,0.01732050807568879,1.999942301338738,0.008928096946231336,0.0038659793814435073,0.25002034505208337,3.2249999999999996,0.02499999999999991,1.9999566519593044,0.007751937984496097,0.003875968992248069,0.25001502313562884,4.1375,0.3189337705543269,1.9957039144561626,0.07708369076841738,0.041540785498489496,0.2515000881855721
G1,29/10/2023,Panathinaikos,Panserraikos,H,1.22,5.75,15.0,1.22,6.25,12.0,1.22,6.0,14.0,1.17,6.0,13.0,2023/24,€73.18m,€12.15m,1.21,6.39,12.19,1.22,6.5,17.0,1.2075,0.021650635094610987,1.9997664642617052,0.01793013258352877,0.007763975155279379,0.25008380674834285,6.0,0.1767766952966369,1.9993736489680842,0.029462782549439483,0.015625,0.2502175798478413,13.5,1.118033988749895,1.9950431653593519,0.08281733249999222,0.04629629629629628,0.25173751837569586
G1,29/10/2023,Aris,Giannina,H,1.44,4.2,8.5,1.46,4.2,7.0,1.45,4.2,7.75,1.4,4.2,7.0,2023/24,€32.15m,€9.53m,1.4,4.43,7.97,1.5,4.0,8.0,1.4375,0.022776083947860768,1.9998181002167181,0.015844232311555316,0.008260869565217321,0.2500644698982445,4.2,0.0,2.0,0.0,0.0,0.25,7.5625,0.6218671481916375,1.9951797838883918,0.08223036670302644,0.04338842975206614,0.25157260422845423
G1,30/10/2023,AEK,PAOK,H,1.73,3.5,5.25,1.77,3.6,4.4,1.73,3.5,5.25,1.73,3.5,4.2,2023/24,€70.60m,€91.80m,1.72,3.74,4.75,1.6,4.0,6.5,1.7400000000000002,0.017320508075688787,1.9999287939692016,0.009954314986028038,0.004310344827586299,0.2500242122933885,3.525,0.04330127018922197,1.9998916585608881,0.012284048280630346,0.005319148936170137,0.25003667661010315,4.775,0.4802343178074635,1.9926743655661578,0.10057263200156304,0.05235602094240854,0.25256899156860557
G1,30/10/2023,OFI Crete,Olympiakos,A,6.5,4.0,1.55,5.25,4.1,1.57,6.0,3.95,1.55,5.5,4.0,1.5,2023/24,€16.65m,€133.70m,5.97,4.26,1.51,5.25,3.75,1.7,5.8125,0.480071609241788,1.995108336082756,0.08259296503084525,0.045698924731182755,0.25164588656723114,4.0125,0.05448623679425822,1.999867372895973,0.013579124434706099,0.007009345794392274,0.25004530943823466,1.5425,0.025860201081971523,1.9997963277954776,0.016765122257355932,0.008508914100486376,0.2500722142501287
G1,04/11/2023,Lamia,Panathinaikos,A,8.0,4.2,1.45,7.0,4.2,1.46,7.75,4.3,1.45,7.0,4.2,1.36,2023/24,€9.03m,€73.18m,7.97,4.51,1.42,8.0,4.0,1.45,7.4375,0.44633927678392815,1.9974063241716495,0.060012003601200424,0.03151260504201692,0.2508892682999058,4.2250000000000005,0.04330127018922177,1.9999245266826928,0.010248821346561365,0.004437869822485174,0.25002564891761575,1.4300000000000002,0.04062019202317974,1.9994116023188446,0.028405728687538278,0.013111888111888126,0.2502152130753904
G1,04/11/2023,Kifisia,AEK,D,13.0,8.0,1.18,14.0,7.75,1.17,14.0,7.5,1.17,15.0,7.0,1.11,2023/24,€10.00m,€70.60m,14.16,8.09,1.16,8.5,6.0,1.3,14.0,0.7071067811865476,1.9981582597794811,0.05050762722761054,0.02678571428571419,0.25064265670685043,7.5625,0.369754986443726,1.9982620694410274,0.04889322134793071,0.026859504132231482,0.2506268410711502,1.1575,0.027726341266023472,1.999582453730915,0.023953642562439287,0.011339092872570067,0.25015117800115944
G1,05/11/2023,Panetolikos,Asteras Tripolis,A,3.0,3.1,2.55,2.8,3.1,2.5,2.9,3.1,2.6,2.75,3.0,2.4,2023/24,€13.63m,€13.33m,3.04,3.06,2.51,2.88,3.1,2.63,2.8625000000000003,0.09601432184835762,1.9991907167738328,0.03354212116973192,0.018558951965065518,0.2502765520536549,3.0749999999999997,0.043301270189221974,1.999856174166598,0.014081713882673813,0.0060975609756099836,0.25005122600915236,2.5124999999999997,0.07395099728874523,1.9993722518394523,0.029433232751739397,0.016169154228855787,0.25022260985343203
G1,05/11/2023,Giannina,Volos NFC,D,1.95,3.25,4.33,1.95,3.3,3.8,1.95,3.3,4.3,1.85,3.25,3.7,2023/24,€9.53m,€13.90m,1.93,3.38,4.09,2.0,3.2,4.2,1.925,0.04330127018922188,1.9996317735835105,0.022494166332063314,0.009740259740259605,0.2501333333333333,3.2750000000000004,0.02499999999999991,1.999957965472508,0.007633587786259514,0.003816793893129722,0.2500145679156227,4.0325,0.28490129869833863,1.9963925651538228,0.07065128300020797,0.03704277743335416,0.25125659819382706
G1,05/11/2023,Olympiakos,PAOK,A,1.53,3.8,7.0,1.53,4.0,6.0,1.55,3.85,6.75,1.44,3.9,5.8,2023/24,€133.70m,€91.80m,1.48,3.9,5.84,1.53,3.8,7.0,1.5125,0.042646805273079985,1.9994208149898063,0.028196234891292554,0.013636363636363447,0.25021085028889367,3.8874999999999997,0.07395099728874524,1.9997396597850585,0.019022764575883023,0.010450160771704242,0.2500890520607951,6.3875,0.5004685304791902,1.9955700976069402,0.0783512376484055,0.042563600782778765,0.251532254969323
G1,05/11/2023,Aris,Atromitos,A,1.53,3.8,7.0,1.51,4.1,6.0,1.53,3.9,6.75,1.44,4.0,6.0,2023/24,€32.15m,€14.83m,1.54,4.08,5.96,1.5,4.2,6.5,1.5025000000000002,0.036996621467371885,1.999558958232431,0.024623375352660154,0.012063227953410971,0.2501593668184665,3.9499999999999997,0.11180339887498944,1.9994219631687495,0.028304657943035303,0.015822784810126445,0.2502005969138052,6.4375,0.44633927678392815,1.9965383872740723,0.06933425658779467,0.03640776699029136,0.2511850043091066
G1,06/11/2023,Panserraikos,OFI Crete,H,2.7,3.3,2.63,2.65,3.3,2.5,2.7,3.3,2.6,2.45,3.3,2.45,2023/24,€12.15m,€16.65m,2.66,3.14,2.78,2.45,3.2,3.0,2.625,0.10307764064044149,1.9988721048701734,0.03926767262493009,0.01904761904761898,0.25041889308848136,3.3,0.0,2.0,0.0,0.0,0.25,2.545,0.07297259759663205,1.9994062352776352,0.028672926364099037,0.015717092337917293,0.25020696077748295
G1,11/11/2023,OFI Crete,Giannina,D,1.7,3.6,5.5,1.72,3.6,4.6,1.7,3.6,5.25,1.62,3.6,4.5,2023/24,€16.65m,€9.53m,1.69,3.76,5.02,1.62,3.75,6.0,1.685,0.038405728739342976,1.999622353047009,0.0227927173527258,0.011127596439169052,0.2501360143143134,3.6,0.0,2.0,0.0,0.0,0.25,4.9625,0.4233423555469026,1.9947588584286726,0.08530828323363275,0.04596977329974816,0.25179327450116123
G1,11/11/2023,Atromitos,Panserraikos,D,1.95,3.5,4.0,1.93,3.4,3.8,1.95,3.45,3.9,1.85,3.4,3.6,2023/24,€14.83m,€12.15m,1.94,3.36,4.27,1.83,3.6,4.33,1.9200000000000002,0.04123105625617655,1.9996648434938056,0.021474508466758618,0.010416666666666519,0.25012057561153067,3.4375,0.04145780987944255,1.9998952807251584,0.012060453783110561,0.006363636363636349,0.2500359406803998,3.825,0.14790199457749037,1.998914928353425,0.03866718812483408,0.0212418300653594,0.2503878241251504
G1,11/11/2023,Volos NFC,Aris,A,4.75,3.6,1.8,4.2,3.7,1.78,4.6,3.6,1.8,4.0,3.6,1.7,2023/24,€13.90m,€32.15m,4.44,3.8,1.79,3.5,3.25,2.2,4.387499999999999,0.300780235387899,1.9966010269909138,0.06855389980350976,0.03774928774928754,0.2511914986249498,3.625,0.04330127018922197,1.9998975404698254,0.011945177983233647,0.005172413793103292,0.2500347077606553,1.77,0.041231056256176644,1.9996053741873605,0.023294382065636523,0.011299435028248705,0.25014242781380763
G1,12/11/2023,PAOK,Panetolikos,H,1.2,6.5,17.0,1.19,7.0,13.0,1.2,6.5,15.0,1.14,6.0,13.0,2023/24,€91.80m,€13.63m,1.17,7.07,13.77,1.2,6.5,17.0,1.1824999999999999,0.024874685927665518,1.9996783640487605,0.021035675203099805,0.01004228329809731,0.2501157763185868,6.5,0.3535533905932738,1.9978637260424625,0.05439282932204212,0.028846153846153744,0.2507462423724784,14.5,1.6583123951777,1.9907109967301249,0.11436637208122068,0.06034482758620685,0.25297034552570563
G1,12/11/2023,AEK,Lamia,H,1.2,6.5,15.0,1.21,6.5,12.5,1.22,6.5,13.0,1.15,5.8,13.0,2023/24,€70.60m,€9.03m,1.2,6.85,11.31,1.13,8.0,21.0,1.195,0.026925824035672542,1.9996311715277706,0.022532070322738528,0.011506276150627714,0.2501324292622886,6.325,0.3031088913245536,1.998311277232066,0.047922354359613215,0.02075098814229248,0.2506433710894417,13.375,0.960143218483576,1.9963642952239464,0.07178640885858512,0.035046728971962704,0.251126978765041
G1,12/11/2023,Asteras Tripolis,Olympiakos,A,7.0,4.33,1.45,6.5,4.4,1.46,7.0,4.4,1.45,6.5,4.2,1.4,2023/24,€13.33m,€133.70m,7.05,4.47,1.43,7.0,4.75,1.44,6.75,0.25,1.9990102708804813,0.037037037037037035,0.0185185185185186,0.2503429355281207,4.3325,0.08166241485530545,1.9997424265818988,0.018848797427652733,0.009665320253894771,0.25009154342683426,1.4400000000000002,0.02345207879911717,1.9998075638153874,0.016286165832720256,0.0078125,0.2500686387164534
G1,12/11/2023,Kifisia,Panathinaikos,A,12.0,6.0,1.25,10.0,6.0,1.25,11.0,6.0,1.25,10.0,5.5,1.2,2023/24,€10.00m,€73.18m,10.43,5.94,1.24,10.0,5.25,1.3,10.75,0.82915619758885,1.995756389320438,0.07713080907803255,0.04069767441860472,0.2513891393073153,5.875,0.21650635094610965,1.999005919103767,0.036852144841891005,0.015957446808510634,0.2503703703703704,1.2375,0.021650635094610987,1.999777688257265,0.017495462702715948,0.007575757575757569,0.2500797109150813
G1,24/11/2023,OFI Crete,Volos NFC,D,1.73,3.8,4.5,1.75,3.7,4.33,1.73,3.8,4.5,1.65,3.6,4.33,2023/24,€16.65m,€13.90m,1.75,3.77,4.77,1.73,3.8,4.5,1.7149999999999999,0.03840572873934307,1.9996354998702994,0.022394010926730656,0.010932944606413919,0.2501311893502456,3.7249999999999996,0.08291561975888487,1.9996412345433234,0.022259226780908692,0.011744966442952975,0.25012670836488926,4.415,0.08499999999999996,1.9997326083683542,0.01925254813137032,0.00962627406568517,0.2500926651523877
G1,25/11/2023,Olympiakos,Panetolikos,H,1.13,8.0,19.0,1.14,8.25,17.0,1.15,8.25,19.0,1.08,7.5,17.0,2023/24,€133.70m,€13.63m,1.13,9.49,17.72,1.14,7.5,17.0,1.125,0.026925824035672452,1.9995836568615826,0.023934065809486624,0.012222222222222134,0.2501498264852945,8.0,0.30618621784789724,1.998931798860051,0.038273277230987154,0.01953125,0.25039080291402793,18.0,1.0,1.9977724720899819,0.05555555555555555,0.02777777777777768,0.2507716049382716
G1,25/11/2023,PAOK,Panserraikos,H,1.22,6.0,13.0,1.24,6.0,11.0,1.25,6.25,13.0,1.29,4.8,7.5,2023/24,€91.80m,€12.15m,1.24,6.37,11.0,1.29,5.25,11.0,1.25,0.025495097567963948,1.9997009862560764,0.02039607805437116,0.010999999999999899,0.250101823333002,5.7625,0.5649944689994763,1.9928025963988905,0.09804676251617808,0.04718004338394799,0.2529945102995357,11.125,2.2465250944514286,1.968612982792408,0.2019348399506902,0.10393258426966301,0.26496189113621127
G1,26/11/2023,Kifisia,Asteras Tripolis,A,2.45,3.2,2.9,2.4,3.25,2.8,2.5,3.25,2.9,2.25,3.2,2.8,2023/24,€10.00m,€13.33m,2.45,3.16,3.03,2.8,3.1,2.55,2.4,0.09354143466934856,1.9988938485345298,0.038975597778895234,0.02083333333333348,0.2504019378361335,3.225,0.02499999999999991,1.9999566519593044,0.007751937984496096,0.003875968992248069,0.25001502313562884,2.85,0.050000000000000044,1.9997779672118907,0.017543859649122823,0.008771929824561653,0.250076946752847
G1,26/11/2023,Giannina,AEK,A,9.0,5.0,1.33,8.25,5.25,1.33,8.75,5.25,1.33,8.5,5.0,1.25,2023/24,€9.53m,€70.60m,8.9,5.28,1.31,9.0,5.0,1.33,8.625,0.2795084971874737,1.9992422235438387,0.03240678228260565,0.018115942028985588,0.25026308021362376,5.125,0.125,1.9995708393473224,0.024390243902439025,0.012195121951219523,0.2501487209994051,1.31,0.03464101615137758,1.9994903157593291,0.02644352377967754,0.011450381679389388,0.25018600037200067
G1,26/11/2023,Lamia,Atromitos,D,2.3,3.3,3.1,2.3,3.2,3.0,2.3,3.25,3.15,2.2,3.2,2.88,2023/24,€9.03m,€14.83m,2.41,3.25,3.02,2.3,3.2,3.2,2.275,0.04330127018922177,1.9997367217596365,0.01903352535789968,0.008241758241758212,0.25009468501451837,3.2375,0.04145780987944235,1.9998819567038997,0.012805501121063274,0.006756756756756577,0.2500404896430746,3.0325,0.10328964130056802,1.999159301739507,0.03406088748576027,0.018755152514426943,0.25029812210982305
G1,26/11/2023,Aris,Panathinaikos,H,3.5,3.3,2.1,3.3,3.3,2.1,3.5,3.35,2.15,3.2,3.25,2.05,2023/24,€32.15m,€73.18m,3.41,3.42,2.13,3.5,3.1,2.2,3.375,0.12990381056766576,1.9989280627917447,0.038490017945975036,0.020370370370370372,0.2503769529811981,3.3,0.03535533905932741,1.9999171975295287,0.010713739108887095,0.005681818181818343,0.25002870593487436,2.1,0.03535533905932741,1.9997955170945487,0.016835875742536862,0.008928571428571397,0.2500709219630106
G1,29/11/2023,Volos NFC,Panserraikos,H,2.4,3.4,2.9,2.45,3.25,2.8,2.4,3.4,2.9,2.38,3.2,2.62,2023/24,€13.90m,€12.15m,2.43,3.27,3.06,2.2,3.5,3.2,2.4074999999999998,0.025860201081971616,1.9999170048579875,0.010741516544951866,0.005451713395638658,0.2500283625373833,3.3125000000000004,0.08926785535678552,1.9994755145188798,0.026948786522803175,0.014150943396226356,0.2501827502095048,2.805,0.11434596626029264,1.9987880271363647,0.04076505036017563,0.020944741532976874,0.2504436901827195
G1,02/12/2023,Panetolikos,Kifisia,H,2.2,3.25,3.5,2.15,3.3,3.25,2.15,3.2,3.55,2.05,3.2,3.2,2023/24,€13.63m,€10.00m,2.2,3.26,3.53,1.95,3.3,4.2,2.1374999999999997,0.054486236794258534,1.9995285832264653,0.025490637096729142,0.013157894736842257,0.2501682000639645,3.2375,0.04145780987944235,1.9998819567038997,0.012805501121063274,0.006756756756756577,0.25004048964307457,3.375,0.1520690632574554,1.998534987725536,0.04505750022443123,0.024074074074073915,0.2505078708386398
G1,02/12/2023,Asteras Tripolis,Panserraikos,H,1.95,3.25,4.2,1.98,3.3,3.75,1.95,3.3,4.2,1.85,3.4,3.6,2023/24,€13.33m,€12.15m,2.0,3.36,4.05,2.05,3.1,4.0,1.9324999999999999,0.049180788932264956,1.9995289980598687,0.025449308632478632,0.012613195342820127,0.25016999341346524,3.3125,0.0544862367942584,1.9998055124423033,0.016448675258644047,0.008490566037735903,0.25006624807513955,3.9375,0.26780356607035694,1.9966514186480115,0.0680136040813605,0.03571428571428581,0.2511772915160032
G1,03/12/2023,Atromitos,Giannina,D,2.2,3.25,3.4,2.2,3.3,3.1,2.2,3.25,3.4,2.1,3.25,3.0,2023/24,€14.83m,€9.53m,2.2,3.28,3.38,1.91,3.4,4.33,2.175,0.043301270189221974,1.9997118555221125,0.019908629972056082,0.008620689655172376,0.2501038062283737,3.2625,0.02165063509461089,1.9999683129752235,0.00663620999068533,0.00287356321839094,0.2500108430077058,3.225,0.1785357107135712,1.9977832500335506,0.05535991029878176,0.029069767441860517,0.2507771209191621
G1,03/12/2023,Panathinaikos,OFI Crete,H,1.25,6.0,11.0,1.25,6.25,9.75,1.25,6.0,11.0,1.17,5.8,12.0,2023/24,€73.18m,€16.65m,1.22,6.0,11.75,1.29,5.75,10.0,1.23,0.03464101615137758,1.9994214587141568,0.028163427765347627,0.012195121951219523,0.25021184944566066,6.0125,0.15958931668504636,1.9994927220993484,0.026542921693978604,0.014033264033264103,0.25017432122035355,10.9375,0.7979465834252315,1.9961318603447555,0.0729551161988783,0.03857142857142848,0.2513983037012666
G1,04/12/2023,PAOK,Lamia,H,1.22,5.5,17.0,1.21,6.25,13.0,1.22,5.75,16.0,1.15,5.8,13.0,2023/24,€91.80m,€9.03m,1.2,6.39,12.52,1.25,5.75,11.0,1.2,0.02915475947422653,1.999570349912324,0.024295632895188775,0.011458333333333126,0.25015572834557676,5.825,0.2704163456597992,1.9984570558906,0.04642340698022304,0.024678111587983054,0.25051573374461855,14.75,1.7853571071357126,1.9894515074478722,0.12104115980581102,0.06355932203389836,0.25358154234210634
G1,04/12/2023,AEK,Aris,H,1.4,4.5,8.5,1.39,4.75,7.25,1.4,4.5,8.25,1.33,4.5,7.0,2023/24,€70.60m,€32.15m,1.39,4.8,7.45,1.3,5.0,11.0,1.38,0.02915475947422643,1.9996755115339364,0.02112663730016408,0.009963768115942129,0.25011691762245797,4.5625,0.10825317547305482,1.9995975337661407,0.02372672339135448,0.010273972602739656,0.2501333333333334,7.75,0.6373774391990981,1.9951146231477381,0.08224225021923846,0.04435483870967749,0.2516960803780933
G1,16/12/2023,Kifisia,Giannina,H,2.38,3.1,3.25,2.37,3.0,3.1,2.35,3.1,3.2,2.3,3.0,2.9,2023/24,€10.00m,€9.53m,2.39,3.05,3.36,2.3,3.2,3.4,2.35,0.030822070014844945,1.9998754871861073,0.013115774474402103,0.006914893617021356,0.25004389534443416,3.05,0.050000000000000044,1.9998061328047112,0.016393442622950834,0.008196721311475308,0.250067186240258,3.1125,0.13404756618454516,1.9986486115530808,0.04306749114362897,0.02309236947791149,0.2504923991487981
G1,17/12/2023,Aris,OFI Crete,H,1.62,4.0,5.5,1.8,3.6,4.2,1.63,3.95,5.5,1.57,3.6,5.0,2023/24,€32.15m,€16.65m,1.64,3.94,5.45,1.8,3.8,4.2,1.655,0.08674675786448736,1.998047822936671,0.052414959434735564,0.026435045317220407,0.2506276083048979,3.7874999999999996,0.18833148966649202,1.9982164689360757,0.04972448572052595,0.025577557755775526,0.2506166639514297,5.05,0.5315072906367324,1.9917772761520092,0.10524896844291731,0.054455445544554504,0.25328522314327157
G1,17/12/2023,Asteras Tripolis,PAOK,A,5.5,4.0,1.62,5.25,3.75,1.62,5.5,3.95,1.63,5.5,3.6,1.53,2023/24,€13.33m,€91.80m,6.02,3.86,1.57,4.75,3.8,1.73,5.4375,0.10825317547305482,1.9997118555221125,0.01990862997205606,0.008620689655172376,0.25010380622837375,3.825,0.16007810593582122,1.998731213320045,0.041850485211979406,0.022875816993464193,0.25044897475024513,1.6,0.0406201920231798,1.9995305480025818,0.025387620014487373,0.01171875,0.2501707121158898
G1,17/12/2023,Lamia,Volos NFC,A,1.85,3.6,4.2,1.88,3.5,3.9,1.9,3.6,4.1,1.8,3.4,3.8,2023/24,€9.03m,€13.90m,1.89,3.44,4.17,2.15,3.4,3.3,1.8575,0.03766629793329835,1.999702388111766,0.02027795312694393,0.011103633916554445,0.25010489866475216,3.525,0.08291561975888508,1.9995992793531778,0.023522161633726262,0.012411347517730542,0.25014168271727844,3.9999999999999996,0.15811388300841905,1.9988724949340293,0.03952847075210477,0.02187500000000009,0.250391285900064
G1,17/12/2023,Atromitos,Panathinaikos,H,6.5,4.0,1.53,6.25,4.1,1.5,6.75,4.1,1.5,6.5,4.0,1.4,2023/24,€14.83m,€73.18m,6.79,4.21,1.47,7.0,4.2,1.5,6.5,0.1767766952966369,1.999466327313029,0.02719641466102106,0.014423076923076872,0.2501853220549408,4.05,0.04999999999999982,1.9998900524545515,0.012345679012345635,0.006172839506172867,0.250038103947569,1.4825,0.04918078893226505,1.999197620932116,0.03317422524941994,0.016441821247892285,0.2502932988778592
G1,18/12/2023,Panetolikos,AEK,D,9.0,5.5,1.3,9.25,5.5,1.3,9.5,5.75,1.3,10.0,5.0,1.22,2023/24,€13.63m,€70.60m,9.34,5.39,1.3,9.0,5.5,1.3,9.4375,0.369754986443726,1.9988984884208068,0.03917933631191799,0.021523178807947074,0.25037212994201236,5.4375,0.2724311839712921,1.9981678854222962,0.050102286707364066,0.02586206896551735,0.2506740464267785,1.28,0.03464101615137758,1.9994660112035756,0.027063293868263734,0.01171875,0.25019510926118627
G1,18/12/2023,Panserraikos,Olympiakos,A,8.5,5.0,1.36,8.0,4.75,1.37,8.25,4.9,1.37,8.0,4.6,1.3,2023/24,€12.15m,€133.70m,8.79,4.98,1.34,7.5,5.0,1.36,8.1875,0.2072890493972125,1.9995394706875227,0.025317746491262595,0.013358778625954137,0.2501564306067181,4.8125,0.15155444566227694,1.999283034414866,0.031491832864888714,0.01753246753246751,0.25025126661855346,1.35,0.02915475947422653,1.9996608695787392,0.021596118129056686,0.010185185185185297,0.25012230039238487
G1,20/12/2023,Aris,Lamia,D,1.53,3.8,7.0,1.51,4.1,6.25,1.53,3.9,6.75,1.44,4.0,6.0,2023/24,€32.15m,€9.03m,1.52,4.23,6.44,1.6,3.8,6.0,1.5025000000000002,0.036996621467371885,1.999558958232431,0.024623375352660154,0.012063227953410971,0.2501593668184665,3.9499999999999997,0.11180339887498944,1.9994219631687495,0.028304657943035303,0.015822784810126445,0.2502005969138052,6.5,0.39528470752104744,1.9973300533554916,0.060813031926314993,0.033653846153846256,0.25092827184659
G1,20/12/2023,Volos NFC,Panathinaikos,A,8.0,5.0,1.36,8.0,5.0,1.36,8.0,5.0,1.37,7.5,4.6,1.3,2023/24,€13.90m,€73.18m,8.4,5.02,1.36,8.0,5.0,1.36,7.875,0.21650635094610965,1.9994488293074122,0.02749286996141075,0.011904761904761862,0.25020155872077404,4.9,0.1732050807568879,1.9990859744987222,0.035347975664670996,0.015306122448979664,0.250339520144862,1.3475000000000001,0.027726341266023566,1.9996922904345398,0.02057613452024012,0.009740259740259827,0.25011071597586515
G1,21/12/2023,Giannina,Panetolikos,D,2.1,3.2,4.0,2.15,3.25,3.4,2.1,3.15,3.9,1.95,3.2,3.4,2023/24,€9.53m,€13.63m,2.06,3.27,3.81,2.4,3.2,3.2,2.075,0.07500000000000001,1.9990470548334685,0.03614457831325302,0.01807228915662651,0.25034918893906544,3.2,0.03535533905932741,1.9999119412994364,0.011048543456039814,0.005859375,0.25003052875627,3.6750000000000003,0.2772634126602354,1.9958949058149684,0.07544582657421371,0.03911564625850361,0.25141404671352724
G1,21/12/2023,Panserraikos,AEK,D,10.0,5.75,1.29,10.5,5.25,1.29,10.0,5.75,1.3,10.0,5.0,1.22,2023/24,€12.15m,€70.60m,10.99,5.6,1.26,10.0,5.75,1.29,10.125,0.21650635094610965,1.9996728229883816,0.021383343303319473,0.0092592592592593,0.2501088692117869,5.4375,0.3247595264191645,1.9974138664840868,0.05972588991616819,0.031609195402298784,0.2509174798189041,1.275,0.03201562118716427,1.9995408823969547,0.025110291127187667,0.0117647058823529,0.25016671725027795
G1,21/12/2023,OFI Crete,Asteras Tripolis,A,2.05,3.2,4.0,2.0,3.3,3.6,2.05,3.2,3.95,1.91,3.25,3.5,2023/24,€16.65m,€13.33m,2.02,3.29,3.87,1.85,3.6,4.33,2.0025,0.05717298313014632,1.9994075149218116,0.028550803061246605,0.01466916354556802,0.2502132652877112,3.2375,0.04145780987944235,1.9998819567038997,0.012805501121063274,0.006756756756756577,0.25004048964307457,3.7625,0.2161452058223823,1.9976152316202527,0.05744723078335742,0.030730897009966673,0.2508317714982567
G1,21/12/2023,Kifisia,PAOK,A,8.0,4.75,1.4,7.25,4.8,1.39,7.75,4.7,1.4,8.0,4.5,1.3,2023/24,€10.00m,€91.80m,7.7,4.82,1.38,7.5,5.25,1.36,7.75,0.30618621784789724,1.998861354897418,0.03950789907714803,0.02016129032258074,0.2504173320782747,4.6875,0.1138804197393037,1.999571282481804,0.02429448954438479,0.012666666666666604,0.2501538255148084,1.3725,0.04205650960315175,1.999314671342435,0.03064226564892659,0.014116575591985425,0.2502517975044249
G1,21/12/2023,Atromitos,Olympiakos,D,8.5,4.5,1.44,7.25,4.6,1.4,7.75,4.4,1.43,7.0,4.33,1.35,2023/24,€14.83m,€133.70m,7.93,4.69,1.38,9.0,4.5,1.4,7.625,0.57282196186948,1.995973330179139,0.07512419172058754,0.040983606557376984,0.25132195979934874,4.4575,0.1020722783129678,1.9996221792068227,0.022898996817267037,0.012759394279304503,0.2501302128846118,1.4049999999999998,0.03499999999999994,1.9995499334928835,0.024911032028469712,0.013345195729537407,0.2501602582289021
G1,03/01/2024,Asteras Tripolis,Aris,H,3.25,3.1,2.4,2.95,3.3,2.3,3.2,3.1,2.4,2.9,3.2,2.2,2023/24,€13.33m,€32.15m,3.13,3.22,2.42,3.5,3.2,2.25,3.075,0.1520690632574555,1.99823505218234,0.04945335390486358,0.026422764227642226,0.2506118823322946,3.1750000000000003,0.08291561975888491,1.999510063285432,0.02611515582957005,0.013779527559054872,0.2501663180216636,2.3249999999999997,0.08291561975888491,1.9990768688075227,0.0356626321543591,0.018817204301075252,0.25032994673325315
G1,03/01/2024,Lamia,Olympiakos,H,9.5,4.75,1.36,8.25,5.0,1.34,8.75,4.8,1.37,9.0,4.75,1.25,2023/24,€9.03m,€133.70m,8.2,4.98,1.37,11.0,5.0,1.3,8.875,0.45069390943299864,1.9981382667252294,0.05078241233047872,0.028169014084507005,0.25064898169763383,4.825,0.10307764064044152,1.9996731392639777,0.021363241583511196,0.010362694300518172,0.2501092737705757,1.33,0.047434164902525736,1.9990712909903987,0.035664785640996795,0.017857142857143016,0.25034183294679224
G1,03/01/2024,AEK,Volos NFC,H,1.13,7.5,26.0,1.12,8.75,19.5,1.12,7.75,24.0,1.07,7.5,21.0,2023/24,€70.60m,€13.90m,1.12,9.25,19.94,1.22,6.0,12.0,1.11,0.023452078799117124,1.9996755671637496,0.021127998918123534,0.010135135135135087,0.25011672866153306,7.875,0.5153882032022076,1.9969749476937413,0.06544612104155016,0.031746031746031855,0.2509420815793294,22.625,2.5341418665891617,1.9909559220539905,0.11200627034648229,0.06215469613259672,0.2531184385240808
G1,03/01/2024,Panathinaikos,Giannina,H,1.18,7.0,17.0,1.18,6.75,15.0,1.2,6.75,16.0,1.11,6.5,17.0,2023/24,€73.18m,€9.53m,1.17,7.38,16.57,1.18,7.0,19.0,1.1675,0.03418698582794329,1.9993755442336905,0.02928221484192145,0.014453961456102782,0.25022698942176685,6.75,0.1767766952966369,1.9995051354402409,0.026189140043946207,0.01388888888888884,0.2501718209820858,16.25,0.82915619758885,1.998104804772465,0.05102499677469846,0.026923076923076827,0.2506870969746038
G1,03/01/2024,PAOK,OFI Crete,H,1.22,6.5,10.0,1.25,5.75,10.5,1.25,6.25,11.0,1.18,5.5,11.0,2023/24,€91.80m,€16.65m,1.22,6.6,11.67,1.36,6.0,6.5,1.2249999999999999,0.02872281323269017,1.9996013957925887,0.023447194475665446,0.012244897959183598,0.2501417086950086,6.0,0.39528470752104744,1.996866063061069,0.06588078458684124,0.03645833333333326,0.2510901927252786,10.625,0.414578098794425,1.9988942420654399,0.039019115180651764,0.020588235294117574,0.2503964325682371
G1,04/01/2024,Panetolikos,Panserraikos,H,2.25,3.2,3.5,2.2,3.3,3.2,2.25,3.2,3.4,2.1,3.2,3.1,2023/24,€13.63m,€12.15m,2.26,3.16,3.38,2.25,3.2,3.3,2.2,0.061237243569579415,1.9994367229190033,0.027835110713445188,0.014204545454545636,0.2502029719750887,3.2249999999999996,0.04330127018922178,1.9998706202385337,0.01342675044627032,0.005813953488371881,0.25004370374686796,3.3000000000000003,0.1581138830084189,1.998343151043465,0.04791329788133905,0.02651515151515138,0.25057534943510085
G1,04/01/2024,Atromitos,Kifisia,H,1.83,3.4,4.5,1.82,3.6,4.0,1.83,3.45,4.4,1.7,3.6,4.0,2023/24,€14.83m,€10.00m,1.82,3.67,4.24,2.2,3.25,3.5,1.7950000000000002,0.05500000000000005,1.9993146515507236,0.030640668523676903,0.013927576601671321,0.2502519661918335,3.5125,0.08926785535678566,1.999533576696336,0.025414336044636488,0.013345195729537185,0.25016246789510016,4.225,0.22776083947860754,1.99790530524156,0.05390789100085386,0.028106508875739733,0.2507214803078316
G1,07/01/2024,Panserraikos,Kifisia,D,2.05,3.3,3.8,2.1,3.4,3.3,1.82,3.7,4.4,2.0,3.3,3.2,2023/24,€12.15m,€10.00m,2.05,3.38,3.66,1.8,3.6,4.5,1.9925000000000002,0.10568230693924123,1.9979405042293554,0.05304005367088643,0.02791718946047661,0.2507685743805368,3.425,0.16393596310755015,1.9983713310740994,0.047864514775927056,0.023722627737226443,0.25052447320679005,3.6750000000000003,0.4763139720814414,1.9880992654504714,0.12960924410379357,0.0697278911564625,0.25376175806429013
G1,07/01/2024,Volos NFC,Atromitos,A,2.55,3.2,2.9,2.45,3.25,2.8,2.26,3.09,3.6,2.3,3.2,2.7,2023/24,€13.90m,€14.83m,2.54,3.23,2.85,2.25,3.2,3.5,2.3899999999999997,0.11640446726822821,1.9982940269371532,0.04870479802017918,0.026673640167363954,0.2505819135156884,3.185,0.0585234995535982,1.999755349993346,0.018374725134567723,0.009419152276295195,0.25008673377927654,2.9999999999999996,0.3535533905932738,1.9903351848864401,0.11785113019775795,0.05833333333333335,0.2527905861943024
G1,07/01/2024,Panathinaikos,Panetolikos,H,1.18,6.5,19.0,1.18,7.0,15.0,1.21,6.47,13.57,1.12,6.5,15.0,2023/24,€73.18m,€13.63m,1.17,7.2,14.39,1.25,5.25,13.0,1.1724999999999999,0.032691742076554994,1.9994356634107453,0.027882082794503195,0.014392324093816411,0.2502019318322748,6.6175,0.2211758350272471,1.9992041231817061,0.03342286891231539,0.015017000377786305,0.25025909644781863,15.6425,2.0244551736207943,1.9882971683672457,0.12942018050956014,0.06508710244526128,0.2534714977348991
G1,07/01/2024,Giannina,Asteras Tripolis,H,2.5,3.25,2.9,2.55,3.2,2.7,2.4,3.12,3.26,2.38,3.1,2.7,2023/24,€9.53m,€13.33m,2.46,3.06,3.1,2.38,3.25,3.1,2.4575,0.07013380069552767,1.9994132541759158,0.028538677800825096,0.015513733468972557,0.25020195681168644,3.1675000000000004,0.06057020719792856,1.999736548401558,0.019122401641019277,0.010457774269928999,0.25009073969729223,2.89,0.22869193252058526,1.995566308113905,0.07913215658151738,0.040657439446366794,0.25139929360625946
G1,07/01/2024,Aris,PAOK,H,4.0,3.5,1.95,3.6,3.5,1.95,4.37,3.47,1.88,3.6,3.4,1.85,2023/24,€32.15m,€91.80m,4.03,3.36,1.95,4.5,3.4,1.91,3.8925,0.32041964671349354,1.9951649160160845,0.08231718605356289,0.04351316634553637,0.25158474344500104,3.4675000000000002,0.040850336595920515,1.9998995348945434,0.01178091898945076,0.005948089401585976,0.2500354293493604,1.9075,0.04380353866983805,1.9996190677083685,0.022963847271212607,0.012123197903014304,0.250132916160832
G1,07/01/2024,Olympiakos,AEK,A,2.63,3.3,2.7,2.5,3.3,2.7,2.59,3.24,2.86,2.45,3.1,2.6,2023/24,€133.70m,€70.60m,2.68,3.2,2.71,2.5,3.4,2.8,2.5425,0.0711951543294906,1.999433947224418,0.028002027268236224,0.015486725663716783,0.25019689097198305,3.235,0.08170067319184085,1.999536408969424,0.025255231280321748,0.012751159196290773,0.250166849593485,2.715,0.0931396800509857,1.99915529746047,0.03430559117900026,0.017955801104972302,0.25028578123687195
G1,08/01/2024,OFI Crete,Lamia,D,1.85,3.3,4.75,1.83,3.2,4.6,1.99,3.54,3.83,1.75,3.4,4.0,2023/24,€16.65m,€9.03m,1.86,3.4,4.39,1.95,3.5,3.8,1.855,0.0864580823289529,1.9984439956769475,0.04660813063555412,0.024932614555255972,0.25052139537825063,3.3600000000000003,0.12569805089976532,1.9989925685516212,0.037410134196358726,0.02083333333333326,0.2503457050696099,4.295,0.3883619445826276,1.9940900014351701,0.09042187301108909,0.04889406286379527,0.25205820467844503
G1,13/01/2024,Atromitos,OFI Crete,D,2.2,3.4,3.25,2.15,3.4,3.2,2.42,3.32,3.04,2.05,3.3,3.1,2023/24,€14.83m,€16.65m,2.26,3.36,3.29,2.4,3.4,2.9,2.205,0.13536986370680887,1.9973118030901424,0.06139222843846207,0.03287981859410438,0.2508820425751884,3.355,0.045552167895721536,1.999866975215135,0.013577397286355153,0.007078986587183422,0.2500461782571139,3.1475,0.08227241335952168,1.999506816997444,0.02613897167895844,0.014495631453534497,0.25017146531468853
G1,13/01/2024,Lamia,Panserraikos,A,2.1,3.1,4.0,2.1,3.25,3.5,2.21,3.01,3.84,2.0,3.2,3.3,2023/24,€9.03m,€12.15m,2.08,3.19,4.0,2.2,3.0,3.75,2.1025,0.07428828979051812,1.999100134131217,0.035333312623314204,0.018727705112960624,0.25031105318421115,3.14,0.09246621004453474,1.999372939356372,0.029447837593800874,0.01632165605095537,0.2502199829511652,3.66,0.2753179979587241,1.9959059202312774,0.0752234967100339,0.04166666666666652,0.2514385495857988
G1,14/01/2024,Panetolikos,Aris,A,2.63,3.2,2.75,2.65,3.1,2.6,2.77,2.95,2.91,2.4,3.2,2.6,2023/24,€13.63m,€32.15m,2.71,3.09,2.86,2.75,3.0,2.88,2.6125,0.13386093530227558,1.9980854253127964,0.05123863552240214,0.02703349282296652,0.25070164999688205,3.1125,0.10231690964840563,1.9992143370627198,0.032872902698282934,0.017068273092369468,0.2502831877448154,2.715,0.12816005617976298,1.998404948693484,0.04720444058186482,0.024861878453038555,0.25053180649574813
G1,14/01/2024,Kifisia,Olympiakos,A,11.0,5.0,1.33,9.25,5.5,1.29,10.08,5.76,1.29,9.5,5.0,1.25,2023/24,€10.00m,€133.70m,8.7,5.18,1.32,12.0,5.0,1.33,9.9575,0.672992384800898,1.9967422978949583,0.06758648102444369,0.03659302033642975,0.2510668050013389,5.3149999999999995,0.32813869019059605,1.9972610743253327,0.06173822957490049,0.032690498588899164,0.2509292792892582,1.29,0.028284271247461926,1.9996531635557762,0.021925791664699167,0.011627906976744207,0.2501203585574611
G1,14/01/2024,Asteras Tripolis,Volos NFC,H,1.95,3.25,4.33,1.95,3.3,3.75,2.25,3.04,3.67,1.85,3.2,3.75,2023/24,€13.33m,€13.90m,2.04,3.14,4.04,2.3,2.9,3.6,2.0,0.15,1.9960247390476007,0.075,0.03750000000000009,0.2512443568879758,3.1975,0.09756408150543923,1.9993232578538298,0.030512613449707345,0.016223612197028725,0.25024371488223657,3.875,0.264716829838981,1.9967123415760752,0.068314020603608,0.031935483870967785,0.2510104351724605
G1,14/01/2024,AEK,Panathinaikos,D,1.91,3.5,4.0,1.95,3.3,3.9,2.17,3.19,3.69,1.83,3.25,3.8,2023/24,€70.60m,€73.18m,1.88,3.37,4.36,2.1,3.25,3.5,1.9649999999999999,0.12599603168354148,1.9970776076244665,0.06412011790511017,0.03371501272264621,0.2509420935280104,3.31,0.11640446726822817,1.9991156441893414,0.035167512769857454,0.01850453172205424,0.25029343020195016,3.8474999999999997,0.11519006033508276,1.9993529258965763,0.02993893705915082,0.016731643924626338,0.25022519346283034
G1,14/01/2024,PAOK,Giannina,H,1.18,7.5,13.0,1.18,7.25,13.5,1.21,6.24,14.19,1.11,7.0,15.0,2023/24,€91.80m,€9.53m,1.17,6.89,14.82,1.25,6.0,9.0,1.17,0.036742346141747616,1.9992827270097244,0.03140371465106634,0.01602564102564097,0.25025911319520666,6.9975000000000005,0.4717189311443838,1.996665471128374,0.06741249462584976,0.0359949982136476,0.2512595233152877,13.9225,0.7520098071169019,1.9979029212054498,0.05401399225116911,0.03003232178128923,0.2507144170251774
G1,20/01/2024,Lamia,Kifisia,H,1.95,3.2,4.33,1.95,3.1,4.2,2.11,3.18,3.89,1.85,3.1,3.9,2023/24,€9.03m,€10.00m,1.93,2.86,4.62,2.05,3.2,4.0,1.9649999999999999,0.09313968005098572,1.9983901824429804,0.047399328270221745,0.024809160305343525,0.25054045546727105,3.145,0.045552167895721536,1.999848717678647,0.01448399615126281,0.007551669316375298,0.2500523411049649,4.08,0.19065675964937626,1.9984282586636402,0.046729597953278496,0.02481617647058809,0.2505380857626546
G1,20/01/2024,Giannina,Panserraikos,A,2.15,3.0,3.75,2.15,3.2,3.4,2.42,2.95,3.44,2.05,3.2,3.2,2023/24,€9.53m,€12.15m,2.28,2.98,3.7,2.3,3.0,3.5,2.1925,0.13754544703478921,1.997206978690416,0.06273452544346145,0.031641961231471116,0.2508929269151374,3.0875000000000004,0.11388041973930377,1.9990175326014399,0.03688434647426842,0.019230769230769384,0.2503420436802448,3.4475000000000002,0.19689781613821922,1.9976627032347838,0.057113217153943206,0.03063814358230621,0.2507854514951173
G1,20/01/2024,OFI Crete,Panetolikos,H,1.91,3.2,4.75,1.98,3.2,3.9,1.78,3.73,4.59,1.91,3.2,3.7,2023/24,€16.65m,€13.63m,1.95,3.22,4.47,1.75,3.6,4.75,1.895,0.07228416147400478,1.9989419355359497,0.03814467623958036,0.019788918205804862,0.25038207073159435,3.3325000000000005,0.22949673200287615,1.9966637357213275,0.06886623615990281,0.029819954988747233,0.25101739925368993,4.235,0.44432533126077783,1.9920351431521401,0.10491743359168307,0.05667060212514752,0.25278259053600644
G1,21/01/2024,Volos NFC,PAOK,A,7.0,4.33,1.45,6.25,4.33,1.47,9.11,4.85,1.36,6.0,4.33,1.4,2023/24,€13.90m,€91.80m,6.79,4.51,1.47,8.0,4.75,1.36,7.09,1.2229268171072214,1.9794161018297018,0.17248615191921318,0.08885754583921024,0.2557813234155405,4.46,0.22516660498395386,1.9981954097795296,0.050485785870841675,0.021860986547085126,0.25056893672795166,1.4200000000000002,0.0430116263352131,1.999336518227477,0.03028987770085429,0.016725352112676006,0.25023281987944446
G1,21/01/2024,Atromitos,AEK,A,9.0,4.33,1.4,6.75,4.5,1.43,7.16,4.71,1.43,7.0,4.5,1.33,2023/24,€14.83m,€70.60m,7.42,4.75,1.39,8.5,4.5,1.4,7.4775,0.8910772974327199,1.9901383940637014,0.11916780975362352,0.05775660314276165,0.25281492020170804,4.51,0.13472193585307476,1.9993575508387371,0.029871826131502167,0.015798226164079665,0.25022072761495734,1.3975,0.040850336595920425,1.9993781962554031,0.029231010086526243,0.01475849731663681,0.2502251618008191
G1,21/01/2024,Panathinaikos,Asteras Tripolis,H,1.3,4.75,12.0,1.27,5.5,10.5,1.3,5.37,10.39,1.2,5.0,11.0,2023/24,€73.18m,€13.33m,1.33,5.22,8.43,1.3,4.75,12.0,1.2675,0.040850336595920515,1.9992434003554402,0.03222906240309311,0.016272189349112454,0.2502752451232966,5.155,0.2971952220342716,1.9975921327587391,0.05765183744602747,0.03176527643064997,0.2508519244127691,10.9725,0.6362143899661495,1.9976078677894866,0.05798262838606968,0.030359990886306587,0.2507739945942553
G1,21/01/2024,Aris,Olympiakos,A,4.75,3.3,1.85,3.8,3.4,1.93,3.56,3.14,2.25,3.9,3.4,1.8,2023/24,€32.15m,€133.70m,4.31,3.5,1.85,3.6,3.1,2.25,4.0025,0.4489083982284136,1.991189626257142,0.11215700143120888,0.057307932542161044,0.25263858780375625,3.31,0.10630145812734641,1.9992500333731336,0.032115244147234566,0.016616314199395577,0.2502705057142876,1.9575,0.17512495538900213,1.9943702804948313,0.08946357874278525,0.04565772669220958,0.25171880586144085
G1,27/01/2024,Panetolikos,Lamia,A,2.2,3.3,3.4,2.1,3.3,3.4,2.4,3.08,3.31,1.95,3.25,3.4,2023/24,€13.63m,€9.03m,2.12,3.14,3.91,2.25,3.3,3.3,2.1625,0.16345871038277524,1.9958929123361917,0.07558784295157236,0.041907514450867156,0.2514037054248203,3.2325,0.090381137412626,1.999430700561292,0.027960135317131016,0.013727764887857763,0.25020683667606325,3.3775,0.03897114317029968,1.9999035311142526,0.011538458377586876,0.004996299037749674,0.25003418896734697
G1,27/01/2024,Panserraikos,Volos NFC,D,2.2,3.2,3.5,2.1,3.25,3.4,2.33,3.07,3.45,2.05,3.1,3.25,2023/24,€12.15m,€13.90m,2.24,3.18,3.52,2.3,3.0,3.5,2.17,0.10700467279516356,1.9982568916744623,0.04931090912219519,0.027073732718893906,0.250585710137607,3.1550000000000002,0.07297259759663217,1.9996143854736306,0.023129190997347754,0.01267828843106189,0.25013313364338713,3.4000000000000004,0.09354143466934856,1.9994504156778616,0.027512186667455453,0.014705882352941346,0.2501968306527252
G1,27/01/2024,Kifisia,Aris,A,6.5,3.8,1.57,5.25,3.9,1.58,4.4,3.64,1.83,3.75,3.6,1.75,2023/24,€10.00m,€32.15m,6.09,4.04,1.56,4.5,3.5,1.83,4.975,1.0286520305720492,1.9695518082926058,0.20676422725066318,0.11432160804020075,0.26002320960366093,3.735,0.12114041439585707,1.9992426675689448,0.03243384588911836,0.017737617135207495,0.25025980301479966,1.6825,0.1112148820976761,1.996858191245377,0.0661009700431953,0.0352897473997027,0.2510689607585477
G1,28/01/2024,AEK,OFI Crete,H,1.29,5.5,11.0,1.27,5.75,9.5,1.21,6.73,12.04,1.22,5.5,9.5,2023/24,€70.60m,€16.65m,1.29,5.91,8.11,1.22,6.5,12.0,1.2475,0.03344772040064916,1.9994818208431466,0.026811799920360046,0.014529058116232507,0.25017885701580284,5.87,0.5069023574614742,1.9947654935447983,0.08635474573449305,0.04195059625212938,0.2515796777072962,10.51,1.0748488265798124,1.9925222831280456,0.10226915571644267,0.05423406279733589,0.2524690110752252
G1,28/01/2024,Asteras Tripolis,Atromitos,H,2.15,3.3,3.5,2.15,3.25,3.3,2.1,3.2,3.89,2.0,3.2,3.3,2023/24,€13.33m,€14.83m,2.08,3.3,3.67,2.1,3.4,3.6,2.1,0.061237243569579415,1.9993815629181482,0.029160592175990197,0.014880952380952328,0.25022327437191505,3.2375,0.04145780987944235,1.9998819567038997,0.012805501121063274,0.006756756756756577,0.25004048964307457,3.4975,0.24087081599895008,1.99663685992874,0.06886942558940674,0.035203716940671814,0.251069260610153
G1,28/01/2024,Olympiakos,Giannina,H,1.22,6.0,15.0,1.21,6.5,12.5,1.16,7.36,17.63,1.17,5.8,12.0,2023/24,€133.70m,€9.53m,1.21,6.51,11.78,1.2,6.5,13.0,1.19,0.025495097567963948,1.9996688672597192,0.02142445173778483,0.011554621848739455,0.2501147751760576,6.415,0.6022250409938134,1.9937495601912285,0.09387763694369655,0.05046765393608732,0.25199125848106096,14.282499999999999,2.242079113233964,1.9825337724365275,0.1569808586195669,0.08485034132679847,0.25552143546624834
G1,28/01/2024,PAOK,Panathinaikos,H,2.25,3.3,3.25,2.3,3.4,2.87,2.05,3.47,3.71,2.2,3.2,2.88,2023/24,€91.80m,€73.18m,2.35,3.34,3.02,2.05,3.5,3.6,2.2,0.09354143466934856,1.9986823986211586,0.042518833940612975,0.022727272727272707,0.2504809638099901,3.3425,0.10207227831296802,1.9993259997593584,0.0305377048056748,0.017015706806282838,0.25023589845863653,3.1775,0.3434657916008521,1.9917246933131676,0.10809308941018161,0.05684500393391034,0.25261336973617543
G1,03/02/2024,Volos NFC,Panetolikos,D,2.3,3.3,3.25,2.25,3.3,3.0,2.35,2.96,3.56,2.15,3.2,3.0,2023/24,€13.90m,€13.63m,2.32,3.21,3.31,2.3,3.1,3.4,2.2624999999999997,0.07395099728874523,1.99922544622963,0.032685523663533805,0.017955801104972524,0.2502754217249074,3.1900000000000004,0.138924439894498,1.998613359852359,0.043549981158149835,0.021943573667711602,0.2505138437052834,3.2025,0.2302580074611956,1.9963190181135386,0.07189945588171603,0.03766588602654175,0.2511949751596773
G1,03/02/2024,Panserraikos,Aris,D,3.6,3.3,2.15,3.4,3.3,2.05,4.02,3.22,2.05,3.2,3.25,2.05,2023/24,€12.15m,€32.15m,3.52,3.29,2.19,4.0,3.4,2.0,3.5549999999999997,0.303438626413975,1.9948029344412246,0.08535545046806611,0.04676511954992968,0.25170823433328454,3.2675,0.03418698582794321,1.999920957373256,0.010462734759890806,0.005547054322876832,0.2500275276718935,2.0749999999999997,0.04330127018922197,1.9996883408637047,0.020868082018902157,0.009036144578313143,0.2501038062283737
G1,04/02/2024,OFI Crete,Kifisia,A,1.75,3.75,4.75,1.75,3.75,4.2,2.0,3.45,3.89,1.7,3.6,4.0,2023/24,€16.65m,€10.00m,1.76,3.84,4.35,1.95,3.5,4.0,1.8,0.11726039399558574,1.9970036709968004,0.06514466333088097,0.03125,0.25093186646380167,3.6375,0.12437342963832743,1.9991516618226404,0.034192008147993794,0.018041237113401998,0.25030281057891457,4.21,0.33098338326870724,1.9956256507635535,0.07861838082392096,0.041270783847980885,0.25137850280563234
G1,04/02/2024,AEK,Asteras Tripolis,H,1.22,6.0,15.0,1.21,6.5,12.5,1.24,6.06,11.05,1.15,6.0,13.0,2023/24,€70.60m,€13.33m,1.23,6.13,10.76,1.29,5.75,10.0,1.2049999999999998,0.033541019662496875,1.9994368357331282,0.02783487108920903,0.014522821576763434,0.2502027880393994,6.14,0.20928449536456353,1.999172124390967,0.03408542269781165,0.015879478827361515,0.25026974461650964,12.8875,1.4143792808154392,1.991367147603617,0.10974814982079063,0.0598933074684771,0.25292656350152437
G1,04/02/2024,Giannina,Lamia,A,2.38,3.1,3.25,2.37,3.2,2.95,2.69,2.86,3.11,2.25,3.0,3.0,2023/24,€9.53m,€9.03m,2.44,2.79,3.49,2.55,2.88,3.1,2.4225,0.1626921940352394,1.9967997891532203,0.06715880042734342,0.034313725490195957,0.25102253900780147,3.04,0.12569805089976546,1.9987627392113871,0.04134804305913337,0.023026315789473673,0.2504360848874656,3.0774999999999997,0.11519006033508268,1.9989944337423475,0.037429751530489906,0.020511779041429756,0.25033994053543496
G1,04/02/2024,Atromitos,PAOK,A,6.5,4.5,1.45,6.25,4.4,1.46,9.08,5.36,1.33,6.0,4.2,1.4,2023/24,€14.83m,€91.80m,6.91,4.53,1.43,8.0,5.5,1.33,6.9575,1.238110960293947,1.9783900448869913,0.1779534258417459,0.08524973050664753,0.2556186664350131,4.615,0.4434805519974918,1.993520134772722,0.09609546088786387,0.04848320693391117,0.25195575050453994,1.4100000000000001,0.051478150704934965,1.999031157465103,0.03650932674108862,0.019503546099290725,0.25034876344328894
G1,04/02/2024,Panathinaikos,Olympiakos,H,2.4,3.25,3.0,2.35,3.2,2.95,2.38,2.94,3.51,2.25,3.1,2.9,2023/24,€73.18m,€133.70m,2.54,2.85,3.23,2.3,3.1,3.4,2.3449999999999998,0.05766281297335395,1.9995607211721536,0.024589685702922793,0.01279317697228155,0.25015775194843515,3.1225,0.11840080236214622,1.9989553633265313,0.03791859162919014,0.020616493194555607,0.25037532706751675,3.09,0.2450510150968568,1.9955831046571975,0.07930453563005076,0.03802588996763756,0.25133605853063484
G1,10/02/2024,Olympiakos,OFI Crete,H,1.25,6.0,11.0,1.25,6.0,10.5,1.19,6.94,14.33,1.18,5.5,11.0,2023/24,€133.70m,€16.65m,1.26,6.08,9.93,1.18,7.5,13.0,1.2174999999999998,0.032691742076555085,1.9994796770230727,0.026851533533104797,0.013860369609856482,0.2501806076239356,6.11,0.5208646657242169,1.9948353337667728,0.08524789946386528,0.04418985270049114,0.25166911015998084,11.7075,1.5277986614734285,1.9882276410494255,0.13049742997851194,0.061338885329916604,0.25327930580561436
G1,10/02/2024,Giannina,Aris,D,4.5,3.6,1.8,4.33,3.5,1.8,3.92,3.33,2.04,3.9,3.3,1.8,2023/24,€9.53m,€32.15m,4.58,3.57,1.82,3.75,3.4,2.0,4.1625,0.25965120835459254,1.9971999939226794,0.06237866867377599,0.03318318318318325,0.25095625170426916,3.4324999999999997,0.12316147936753609,1.9990734259840655,0.03588098452076798,0.01948288419519284,0.25031730131481655,1.86,0.10392304845413264,1.9977939700055993,0.05587260669577023,0.024193548387096753,0.25068870523415987
G1,10/02/2024,Panetolikos,Atromitos,H,2.38,3.25,3.1,2.25,3.3,3.0,2.31,3.35,3.18,2.2,3.2,2.88,2023/24,€13.63m,€14.83m,2.41,3.21,3.15,2.25,3.5,3.1,2.285,0.06726812023536846,1.9993757804041767,0.029439002291189696,0.01641137855579866,0.2502147648416669,3.275,0.05590169943749469,1.9997898126627245,0.017069221202288456,0.009541984732824416,0.2500728803449477,3.04,0.11224972160321835,1.999013571848529,0.036924250527374455,0.020559210526315708,0.25034713285809695
G1,11/02/2024,Kifisia,Volos NFC,D,2.2,3.3,3.4,2.15,3.3,3.2,2.48,3.01,3.26,2.05,3.4,3.0,2023/24,€10.00m,€13.90m,2.21,3.28,3.36,2.5,3.0,3.1,2.2199999999999998,0.15953056133543822,1.9963362435891596,0.07186061321416137,0.037725225225225145,0.25117050169367167,3.2525,0.14583809516035243,1.9985296876142387,0.04483876868880936,0.022482705611068576,0.2505457984064853,3.215,0.143788038445484,1.9985498152915007,0.0447241177124367,0.024494556765163322,0.25051619140781295
G1,11/02/2024,Panserraikos,Panathinaikos,A,7.5,4.5,1.44,7.25,4.4,1.41,6.49,3.82,1.58,7.5,4.4,1.33,2023/24,€12.15m,€73.18m,7.56,4.38,1.42,5.75,4.0,1.6,7.1850000000000005,0.41403502267320325,1.9975574304307289,0.05762491616885222,0.028531663187195466,0.2509325487153874,4.28,0.26870057685088816,1.9970885423246152,0.06278050861002059,0.029789719626168276,0.25113448938832594,1.44,0.09027735042633894,1.9971891281270984,0.06269260446273538,0.03385416666666674,0.25093562477213555
G1,11/02/2024,Lamia,Asteras Tripolis,H,2.45,3.3,2.9,2.45,3.2,2.85,2.33,2.97,3.6,2.38,3.1,2.7,2023/24,€9.03m,€13.33m,2.53,2.95,3.12,2.25,3.25,3.3,2.4025,0.050682837331783304,1.9996781676176656,0.02109587401947276,0.011186264308012506,0.25011293225061654,3.1425,0.12214233500306097,1.9989076252893097,0.0388678870335914,0.021678599840891044,0.25038338200892996,3.0124999999999997,0.34708608442287053,1.990747619443807,0.11521529773373297,0.05705394190871371,0.2526968777478125
G1,11/02/2024,PAOK,AEK,D,2.3,3.25,3.3,2.35,3.4,2.8,2.44,3.33,2.99,2.15,3.5,2.75,2023/24,€91.80m,€70.60m,2.28,3.4,3.1,2.38,3.4,3.1,2.31,0.10511898020814323,1.9984962630750842,0.04550605203815724,0.024891774891774743,0.2505394299605705,3.37,0.09192388155425116,1.9994638511110094,0.02727711618820509,0.01520771513353103,0.2501849032649945,2.96,0.21575449010391412,1.9962217580746855,0.07289003044051152,0.038851351351351315,0.25121926484185275
G1,17/02/2024,Atromitos,Aris,A,3.2,3.25,2.38,3.1,3.3,2.25,3.4,3.25,2.26,2.88,3.2,2.2,2023/24,€14.83m,€32.15m,3.19,3.27,2.35,3.5,3.2,2.25,3.145,0.18728320800328044,1.9974353843823305,0.059549509698976294,0.032988871224165495,0.2509026562723843,3.25,0.03535533905932725,1.9999146300616968,0.010878565864408385,0.005769230769230749,0.2500295963047226,2.2725,0.06609652033201134,1.9993939339494635,0.029085377483833375,0.01512651265126519,0.25020303786737463
G1,17/02/2024,Panathinaikos,Lamia,D,1.36,5.25,8.0,1.36,4.8,8.0,1.3,4.75,8.52,1.25,5.0,8.5,2023/24,€73.18m,€9.03m,1.35,5.36,8.12,1.3,5.75,7.5,1.3175000000000001,0.046029881598804966,1.999115045192144,0.034937291536094844,0.018500948766603464,0.25031448084935043,4.95,0.1968501968502953,1.998866516056664,0.039767716535413195,0.02146464646464641,0.25038038461256995,8.254999999999999,0.2550980203764818,1.9993110565052394,0.030902243534401193,0.015596608116293043,0.2502387051835716
G1,18/02/2024,Volos NFC,Giannina,A,2.05,3.1,4.2,2.0,3.25,3.7,2.12,3.02,4.13,1.91,3.2,3.6,2023/24,€13.90m,€9.53m,2.05,3.07,4.1,2.05,3.0,4.2,2.02,0.07648529270389182,1.99896309057879,0.037864006289055355,0.02103960396039617,0.25036441780513274,3.1425,0.08898735865278844,1.999420519664912,0.028317377455143497,0.015712012728719138,0.25020265169825784,3.9074999999999998,0.26109145907133763,1.9967747855295936,0.06681803175210177,0.03566858605246326,0.25112194141909966
G1,18/02/2024,AEK,Kifisia,H,1.13,9.5,19.0,1.14,8.5,15.5,1.12,9.38,19.23,1.08,7.5,17.0,2023/24,€70.60m,€10.00m,1.13,8.81,16.43,1.13,9.5,19.0,1.1175,0.02277608394786068,1.9996986143112754,0.020381283174819402,0.010626398210290766,0.2501075221594054,8.72,0.8032434251209282,1.9937673634794624,0.09211507168817983,0.04931192660550465,0.252363237625983,17.6825,1.5296792964539987,1.994540188812339,0.08650808971887451,0.04662095291955315,0.2519987669510033
G1,18/02/2024,PAOK,Olympiakos,A,1.95,3.5,4.0,2.1,3.4,3.4,2.31,3.24,3.3,2.0,3.3,3.2,2023/24,€91.80m,€133.70m,2.18,3.11,3.63,2.25,3.4,3.2,2.09,0.13802173741842266,1.9968971268020377,0.06603910881264242,0.03528708133971303,0.25100417215143983,3.36,0.09899494936611661,1.999375057403856,0.02946278254943947,0.016369047619047672,0.2502144885362433,3.4750000000000005,0.3112474899497183,1.9943664947606659,0.08956762300711317,0.04496402877697836,0.2517050797056919
G1,19/02/2024,OFI Crete,Panserraikos,H,2.0,3.5,3.8,1.95,3.5,3.6,2.23,3.17,3.56,1.91,3.4,3.5,2023/24,€16.65m,€12.15m,1.99,3.31,3.94,2.2,3.4,3.3,2.0225,0.1239707626821744,1.997338002475497,0.06129580355113691,0.031211372064277043,0.25084305339529456,3.3925,0.13479150566708575,1.9988474747455742,0.03973220506030531,0.020081061164332947,0.2504240710962178,3.615,0.11258330249197694,1.9993060303053394,0.03114337551645282,0.01625172890733073,0.2502309498316704
G1,19/02/2024,Asteras Tripolis,Panetolikos,D,2.0,3.2,4.2,1.9,3.4,3.9,1.78,3.4,5.18,1.8,3.4,3.8,2023/24,€13.33m,€13.63m,1.93,3.43,4.04,1.8,3.5,4.75,1.87,0.08774964387392119,1.9984213160518276,0.046924943248086194,0.025401069518716568,0.2505304748847356,3.35,0.08660254037844375,1.9995129978642308,0.025851504590580224,0.011194029850746245,0.2501775147928993,4.27,0.5456189146281495,1.9886228427765122,0.12777960529933244,0.06498829039812648,0.2533101917358765
G1,24/02/2024,Lamia,AEK,A,7.0,4.5,1.44,6.5,4.4,1.44,10.7,5.45,1.29,6.5,4.33,1.36,2023/24,€9.03m,€70.60m,7.29,4.55,1.44,9.5,5.0,1.3,7.675,1.7583728273605683,1.9647183162992692,0.22910395144763107,0.10667752442996736,0.258426651537167,4.67,0.45436769251345327,1.9933913035789201,0.09729500910352319,0.04630620985010703,0.2519378321664965,1.3825,0.06259992012774453,1.9985106019254268,0.045280231557138895,0.023960216998191397,0.2505344238528674
G1,24/02/2024,Panserraikos,Atromitos,D,2.38,3.2,3.1,2.3,3.25,3.0,2.05,3.21,4.06,2.2,3.2,2.88,2023/24,€12.15m,€14.83m,2.44,3.04,3.27,2.0,3.4,3.8,2.2325,0.123161479367536,1.997788597194528,0.05516751595410348,0.030515117581186857,0.2507954583971175,3.215,0.02061552812808824,1.9999704046476894,0.006412294907647975,0.0031104199066873672,0.2500101454953083,3.26,0.4684015371452146,1.9857611637584205,0.14368145311202904,0.0697852760736195,0.2539221750318691
G1,25/02/2024,Giannina,OFI Crete,D,2.38,3.3,3.0,2.37,3.3,2.8,2.51,3.19,3.01,2.38,3.1,2.7,2023/24,€9.53m,€16.65m,2.37,3.23,3.09,2.4,3.3,2.9,2.41,0.05787918451395105,1.9995876377184343,0.024016259134419522,0.010892116182572575,0.25013663661802865,3.2224999999999997,0.0837779804005801,1.999510674949513,0.02599782169141353,0.013770364623739262,0.2501726718571936,2.8775,0.13235841491949038,1.9984683077049936,0.0459977115271904,0.024543874891398643,0.25053985529223427
G1,25/02/2024,Panetolikos,PAOK,A,8.0,5.0,1.36,7.75,4.8,1.37,6.52,4.54,1.48,8.0,4.75,1.29,2023/24,€13.63m,€91.80m,7.76,4.91,1.37,6.5,4.75,1.45,7.5675,0.6133259736877285,1.9951128845637334,0.08104737016025483,0.038734720845721826,0.2519714160870012,4.7725,0.16361158271956175,1.9991514657266694,0.034282154577173755,0.018727082242011583,0.2502957116173282,1.375,0.0680073525436772,1.9982464341605264,0.049459892759037956,0.026363636363636367,0.25059008337683036
G1,25/02/2024,Olympiakos,Asteras Tripolis,H,1.3,5.75,9.0,1.27,5.75,10.0,1.19,6.86,14.46,1.2,5.5,10.0,2023/24,€133.70m,€13.33m,1.3,5.48,8.93,1.2,7.0,13.0,1.2400000000000002,0.04636809247747856,1.9989927696198762,0.037393622965708515,0.02016129032258074,0.25034634238674136,5.965,0.5267114959823833,1.9945293788571479,0.08830033461565522,0.042749371332774455,0.25164846339610847,10.865,2.1153427618237197,1.9741366566845449,0.19469330527599812,0.0942245743212149,0.25675950834508515
G1,25/02/2024,Aris,Volos NFC,H,1.55,4.0,6.5,1.51,4.1,6.25,1.56,3.75,7.09,1.44,4.0,5.8,2023/24,€32.15m,€13.90m,1.54,3.93,6.29,1.57,3.6,7.5,1.5150000000000001,0.04716990566028306,1.9992955266977077,0.03113525126091291,0.01650165016501659,0.25025335264568227,3.9625,0.12930100540985742,1.9992249564868776,0.03263116855769273,0.016561514195583493,0.2502810590473183,6.41,0.4658862522118462,1.9962024272758532,0.07268116259155166,0.04017160686427457,0.2512986034383757
G1,25/02/2024,Panathinaikos,Kifisia,D,1.18,7.5,13.0,1.19,7.0,14.0,1.21,6.61,12.86,1.12,6.5,15.0,2023/24,€73.18m,€10.00m,1.16,7.35,14.79,1.25,6.0,10.0,1.175,0.033541019662496785,1.9994075920138932,0.028545548648933432,0.014893617021276562,0.25021353440398253,6.9025,0.39181468834131267,1.9976962959050093,0.056764170712251025,0.03069540021731254,0.2507635560488241,13.715,0.8623659316090823,1.997172087403431,0.06287757430616714,0.03381334305504913,0.25093889715768636
G1,28/02/2024,Asteras Tripolis,Kifisia,D,1.75,3.4,5.25,1.78,3.6,4.33,1.74,3.86,4.68,1.7,3.5,4.2,2023/24,€13.33m,€10.00m,1.74,3.82,4.75,1.8,3.5,4.75,1.7425000000000002,0.02861380785564902,1.999805200669335,0.016421123590042476,0.00896700143472029,0.25006802402025674,3.59,0.1711724276862369,1.9983746170456864,0.04768034197388214,0.025766016713091977,0.25053915940041543,4.615,0.40647878173405305,1.9944904103694707,0.08807774252092157,0.04739978331527617,0.2517670905326803
G1,28/02/2024,Volos NFC,OFI Crete,H,2.5,3.2,2.9,2.5,3.25,2.75,2.65,3.08,2.93,2.4,3.2,2.6,2023/24,€13.90m,€16.65m,2.58,3.12,2.97,2.7,3.2,2.8,2.5125,0.08926785535678562,1.9990934667812295,0.03552949466936741,0.018656716417910557,0.2503075626973141,3.1825,0.06259992012774457,1.9997194491216388,0.019670045601805047,0.010015710919088816,0.2500998005015763,2.795,0.13162446581088183,1.998388575570602,0.04709283213269475,0.02549194991055459,0.2505789930535208
G1,28/02/2024,Atromitos,Lamia,H,2.25,3.25,3.3,2.2,3.25,3.1,2.19,3.27,3.53,2.1,3.2,3.1,2023/24,€14.83m,€9.03m,2.27,3.29,3.32,2.2,3.3,3.3,2.185,0.054083269131959814,1.9995560258372105,0.024752068252613186,0.013157894736842035,0.25015749448493546,3.2424999999999997,0.025860201081971432,1.999954019111291,0.00797538969374601,0.004047802621433894,0.25001610734970325,3.2575,0.17725334975678161,1.9978841730686157,0.054413921644445626,0.028587874136607905,0.2506993537148246
G1,28/02/2024,Panetolikos,Olympiakos,A,7.5,4.75,1.4,7.5,4.8,1.37,8.47,5.29,1.34,7.5,4.75,1.3,2023/24,€13.63m,€133.70m,7.09,5.14,1.4,8.5,5.0,1.36,7.7425,0.42002232083545304,1.9979191329421253,0.054248927456952284,0.023490474652889892,0.2506515518276274,4.8975,0.22752747086890412,1.9984690362962736,0.04645788072871958,0.02131189382337917,0.250487330210132,1.3525,0.03699662146737182,1.9994593033223274,0.02735424877439691,0.015249537892791265,0.2501890893321729
G1,28/02/2024,AEK,Giannina,H,1.13,8.0,23.0,1.13,9.0,18.0,1.09,10.91,27.79,1.06,8.0,19.0,2023/24,€70.60m,€9.53m,1.12,9.32,18.85,1.1,10.0,21.0,1.1025,0.029474565306378913,1.9994826798200682,0.026734299597622597,0.014172335600907138,0.2501823296185688,8.9775,1.1880735457032954,1.9877447128765913,0.13233901929304323,0.06773879142300188,0.25364318916551354,21.947499999999998,3.85723589504194,1.9781881028990218,0.17574830368114547,0.09502790750654966,0.25677695975153914
G1,28/02/2024,Panserraikos,PAOK,A,13.0,6.5,1.22,12.5,6.0,1.23,9.95,5.01,1.33,13.0,5.8,1.15,2023/24,€12.15m,€91.80m,15.32,6.43,1.2,9.5,5.0,1.36,12.1125,1.2650963402049669,1.9918021501225072,0.10444551828317579,0.04979360165118685,0.2534691854216051,5.827500000000001,0.5364408168661293,1.9937976863651292,0.09205333622756401,0.05008580008579999,0.252324584969606,1.2325,0.06417748826496723,1.9980540612873234,0.052070984393482546,0.027890466531440117,0.25065903157647806
G1,28/02/2024,Panathinaikos,Aris,H,1.57,4.0,6.0,1.55,4.0,5.75,1.52,4.11,6.76,1.44,3.9,6.0,2023/24,€73.18m,€32.15m,1.56,3.95,6.4,1.53,4.2,6.5,1.52,0.049497474683058366,1.9992286275149505,0.03256412808095945,0.01726973684210531,0.2502788009682492,4.0025,0.07428828979051827,1.999751628696582,0.018560472152534233,0.009837601499062876,0.2500858893503682,6.1274999999999995,0.3791684981640747,1.997285180382522,0.0618798038619461,0.030905752753978,0.2508633518132727
G1,03/03/2024,Aris,AEK,D,7.5,4.33,1.45,6.75,4.2,1.46,7.94,4.43,1.43,7.0,4.2,1.4,2023/24,€32.15m,€70.60m,7.62,4.43,1.41,6.5,4.2,1.5,7.2975,0.45882322303911355,1.997158445516022,0.06287402850827181,0.034857828023295845,0.25096743558864915,4.29,0.0966953980290684,1.9996345097337598,0.022539719820295664,0.011946386946386944,0.25012496273733836,1.435,0.02291287847477922,1.9998155901247243,0.01596716270019458,0.00871080139372804,0.25006479065446685
G1,03/03/2024,Giannina,Atromitos,D,2.25,3.2,3.4,2.25,3.2,3.1,2.04,3.24,4.04,2.15,3.2,3.1,2023/24,€9.53m,€14.83m,2.24,3.25,3.32,2.0,3.3,4.0,2.1725000000000003,0.08671072598012312,1.9988420923937036,0.039912877321115356,0.02100115074798614,0.2504167847267173,3.2100000000000004,0.017320508075688787,1.9999790416188095,0.005395796908314263,0.002336448598130758,0.2500071887969788,3.41,0.38379682124790976,1.9911151074782996,0.11255038746273013,0.057184750733138,0.2526726880276553
G1,03/03/2024,Kifisia,Panetolikos,D,2.3,3.25,3.2,2.25,3.4,3.0,2.1,3.21,3.88,2.3,3.25,2.8,2023/24,€10.00m,€13.63m,2.41,3.22,3.03,2.05,3.3,3.8,2.2375,0.0819679815537749,1.9990201289470024,0.03663373477263683,0.018156424581005748,0.2503606864545368,3.2775,0.07258615570478985,1.9996486721299476,0.022146805707029704,0.010869565217391353,0.25011754758333704,3.2199999999999998,0.40644802865803153,1.9888143742125084,0.12622609585653155,0.06677018633540355,0.25339620958422265
G1,03/03/2024,Lamia,PAOK,A,9.0,4.5,1.4,7.0,5.0,1.38,9.37,5.25,1.33,7.0,4.6,1.35,2023/24,€9.03m,€91.80m,7.87,4.92,1.36,9.5,5.0,1.33,8.0925,1.1003039352833377,1.986646828971221,0.1359658863495011,0.07035835650293465,0.25458087868822765,4.8375,0.302851035989643,1.9971823221409704,0.06260486532085643,0.03423772609819142,0.2509587705176116,1.365,0.02692582403567244,1.9997192893975024,0.019725878414412045,0.010989010989011172,0.2500973316144136
G1,03/03/2024,OFI Crete,Panathinaikos,D,6.0,4.75,1.5,6.25,4.2,1.47,6.23,4.26,1.53,6.5,4.4,1.4,2023/24,€16.65m,€73.18m,6.94,4.22,1.47,5.5,4.75,1.55,6.245,0.17698870020427857,1.9994209178949194,0.028340864724464142,0.01521216973578876,0.25020032051405683,4.4025,0.21335123622796281,1.9983262985356232,0.04846138244814601,0.02541169789892095,0.25054598080039603,1.4749999999999999,0.04821825380496482,1.9992243636227653,0.03269034156268802,0.017796610169491522,0.2502773162221166
G1,03/03/2024,Olympiakos,Volos NFC,H,1.13,8.5,19.0,1.12,9.0,19.0,1.1,9.98,27.07,1.07,8.0,23.0,2023/24,€133.70m,€13.90m,1.11,9.09,22.33,1.11,9.0,21.0,1.105,0.022912878474779158,1.9996887357353157,0.020735636628759418,0.011312217194570096,0.25010982341881066,8.870000000000001,0.7319152956456096,1.9951354426626753,0.08251581687098192,0.04537767756482536,0.25161120147778376,22.0175,3.3430403452546007,1.9836956605736327,0.15183560101076876,0.08007834676961512,0.2550950578117058
G1,03/03/2024,Panserraikos,Asteras Tripolis,H,2.25,3.3,3.3,2.15,3.3,3.2,2.29,3.18,3.4,2.15,3.25,3.1,2023/24,€12.15m,€13.33m,2.2,3.3,3.36,2.25,3.3,3.3,2.21,0.06164414002968982,1.9994394815390546,0.027893276031533857,0.014705882352941124,0.2501929295638755,3.2575,0.049180788932264866,1.9998350207129512,0.015097709572452761,0.00786646201074448,0.25005814750618605,3.25,0.1118033988749894,1.9991460579258886,0.034401045807689046,0.019230769230769384,0.25029653156166315
G1,10/03/2024,Lamia,AEK,A,9.5,5.75,1.29,10.0,5.75,1.26,18.08,7.08,1.17,11.0,5.8,1.2,2023/24,€9.03m,€70.60m,11.09,5.92,1.24,15.0,6.5,1.2,12.145,3.468872295141462,1.945718829798614,0.28562143228830483,0.13760806916426516,0.2622961867457208,6.095000000000001,0.5690562362368065,1.9939176569803754,0.09336443580587471,0.041427399507793394,0.2517773521045456,1.23,0.047434164902525736,1.9989268427886915,0.03856436170937052,0.021341463414634054,0.25037240116609427
G1,10/03/2024,Olympiakos,Panathinaikos,A,2.1,3.1,4.0,2.1,3.2,3.6,2.05,3.37,3.54,2.0,3.3,3.4,2023/24,€133.70m,€73.18m,2.04,3.14,3.7,2.15,3.25,3.6,2.0625,0.04145780987944255,1.9997075506200475,0.020100756305184268,0.01060606060606073,0.2501030927280903,3.2425000000000006,0.10207227831296796,1.9992837372984418,0.03147949986521756,0.0175404780262145,0.2502507771963851,3.635,0.22287889088022672,1.9973281470387332,0.06131468800006237,0.031980742778541904,0.2508604377750899
G1,10/03/2024,PAOK,Aris,A,1.5,4.2,6.5,1.49,4.33,6.0,1.45,4.42,7.37,1.44,4.2,6.0,2023/24,€91.80m,€32.15m,1.52,4.21,5.92,1.5,4.2,7.5,1.47,0.025495097567963948,1.999783005749455,0.017343603787730578,0.009353741496598733,0.2500752101916933,4.2875,0.09310612224768026,1.9996606056273891,0.021715713643773824,0.011516034985422419,0.2501162759942965,6.4675,0.5596148228916029,1.9947050015979981,0.08652722425846199,0.04454967143409361,0.25166141443505813
G1,16/03/2024,Asteras Tripolis,Volos NFC,A,1.95,3.4,4.2,1.95,3.4,3.75,2.57,3.25,2.88,1.85,3.3,3.8,2023/24,€13.33m,€13.90m,2.04,3.34,3.9,2.55,3.25,2.88,2.08,0.285832118559129,1.9869662785969906,0.13741928776881202,0.06490384615384626,0.2536017808100326,3.3375,0.06495190528383288,1.9997263956030835,0.019461245028863785,0.010299625468164653,0.2500955039932231,3.6574999999999998,0.48157943270035947,1.9870334707347728,0.13166901782648244,0.06852358168147665,0.2554122594965559
G1,16/03/2024,Kifisia,OFI Crete,D,2.88,3.2,2.6,2.7,3.3,2.5,2.25,3.16,3.52,2.6,3.25,2.45,2023/24,€10.00m,€16.65m,2.78,3.21,2.69,2.2,3.3,3.4,2.6075,0.22949673200287624,1.9943134607073574,0.08801408705767066,0.047698945349952115,0.25215870574200594,3.2275,0.05261891294962284,1.9998083685281978,0.016303303779898633,0.009101471727343213,0.250066242913079,2.7675,0.43779989721332735,1.9828478831420957,0.15819327812586353,0.07475158084914169,0.2545608944966529
G1,16/03/2024,Atromitos,Giannina,H,2.05,3.4,3.75,2.05,3.4,3.5,2.31,3.06,3.5,1.95,3.3,3.5,2023/24,€14.83m,€9.53m,1.99,3.38,4.03,2.3,3.3,3.25,2.09,0.1334166406412634,1.9971076003278732,0.06383571322548488,0.03229665071770338,0.25092562211447156,3.29,0.138924439894498,1.9986969294049166,0.04222627352416352,0.02127659574468077,0.2504818560380726,3.5625,0.10825317547305482,1.9993414938042655,0.030386856273138196,0.013157894736842035,0.25021545532892847
G1,16/03/2024,Panetolikos,Panserraikos,H,2.15,3.25,3.6,2.15,3.2,3.3,2.29,3.07,3.54,2.05,3.2,3.4,2023/24,€13.63m,€12.15m,2.18,3.29,3.54,2.25,3.2,3.4,2.16,0.08544003745317538,1.998875912815917,0.0395555728949886,0.02083333333333348,0.25038228972624005,3.18,0.06670832032063177,1.9996807003085715,0.020977459220324457,0.010613207547169878,0.2501139641449495,3.46,0.11747340124470741,1.999166718680076,0.03395185007072469,0.01878612716762995,0.25029181335662587
G1,30/03/2024,Panserraikos,Asteras Tripolis,H,2.2,3.1,3.6,2.2,3.25,3.25,2.07,3.12,4.03,2.1,3.2,3.2,2023/24,€12.15m,€13.33m,2.2,3.11,3.65,2.1,3.1,3.8,2.1425,0.058470077817632624,1.9994622075744644,0.027290584745686172,0.014294049008167997,0.25018723605973686,3.1675000000000004,0.06057020719792856,1.999736548401558,0.019122401641019277,0.010457774269928999,0.25009073969729223,3.5200000000000005,0.33234018715767744,1.9936655713276024,0.09441482589706744,0.050426136363636465,0.25203473428402723
G1,30/03/2024,Volos NFC,Kifisia,H,2.25,3.3,3.3,2.15,3.3,3.3,2.29,3.13,3.4,2.15,3.2,3.1,2023/24,€13.90m,€10.00m,2.33,3.19,3.26,2.25,3.3,3.3,2.21,0.06164414002968982,1.9994394815390546,0.027893276031533857,0.014705882352941124,0.2501929295638755,3.2325,0.07189401922274197,1.9996422513368561,0.02224099589257292,0.011794276875483511,0.25012558328062257,3.275,0.10897247358851676,1.999195260299568,0.03327403773695169,0.01717557251908408,0.2502898467155782
G1,30/03/2024,Giannina,Panetolikos,D,2.05,3.25,4.0,2.0,3.4,3.5,2.18,3.01,3.36,1.95,3.3,3.5,2023/24,€9.53m,€13.63m,2.09,3.31,3.7,2.2,3.1,3.6,2.045,0.08558621384311853,1.9987464555137473,0.0418514493120384,0.02261613691931541,0.25041786729800003,3.2399999999999998,0.14335271186831455,1.9985730416460068,0.04424466415688721,0.023533950617283805,0.2505214491246536,3.59,0.24351591323771843,1.9967474793340652,0.06783173070688536,0.03342618384401108,0.25101856043458576
G1,30/03/2024,OFI Crete,Atromitos,D,2.0,3.5,3.75,2.05,3.4,3.4,1.93,3.27,4.35,2.0,3.3,3.4,2023/24,€16.65m,€14.83m,2.04,3.44,3.71,1.91,3.5,4.2,1.9949999999999999,0.04272001872658762,1.9996683641656465,0.02141354322134718,0.011278195488721776,0.25011649931324853,3.3674999999999997,0.0903811374126261,1.9994820567190772,0.026839239023793943,0.014662212323682366,0.2501766171187867,3.725,0.3881043674065005,1.9923482777236496,0.10418909192120819,0.05369127516778538,0.25236063925675345
G1,31/03/2024,Panathinaikos,PAOK,A,2.1,3.3,3.6,2.05,3.4,3.4,2.37,3.33,3.06,2.0,3.4,3.25,2023/24,€73.18m,€91.80m,2.13,3.35,3.42,2.38,3.4,3.0,2.13,0.14300349646075097,1.9968124757982157,0.06713779176561079,0.034037558685446,0.2509998438265365,3.3575,0.043803538669838084,1.9998771236720538,0.013046474659668827,0.006887565152643216,0.2500427470739096,3.3275,0.19816344264268324,1.9974406989606572,0.059553250982023506,0.0332456799398948,0.25089016035804157
G1,31/03/2024,AEK,Olympiakos,H,1.8,3.4,5.0,1.85,3.5,4.0,2.08,3.52,3.49,1.75,3.6,4.0,2023/24,€70.60m,€133.70m,1.76,3.74,4.36,2.1,3.3,3.75,1.87,0.12629330940315092,1.9967707520281932,0.06753652909259407,0.03475935828877019,0.25101925861988983,3.505,0.0712390342438751,1.9997015527929731,0.020324974106669072,0.011055634807418224,0.25010426364309285,4.1225000000000005,0.5477396735676537,1.987552069066338,0.13286590019833927,0.06867798665858116,0.25389347735145434
G1,31/03/2024,Aris,Lamia,H,1.5,4.0,7.5,1.47,4.33,6.25,1.34,4.93,9.38,1.44,4.2,6.0,2023/24,€32.15m,€9.03m,1.48,4.12,6.63,1.33,4.75,10.0,1.4375,0.06015604707757979,1.998722858885021,0.041847684923533766,0.022173913043478155,0.25046761461317224,4.365,0.346734768951716,1.9955308237894378,0.07943522770944238,0.04180985108820168,0.25141577924816255,7.282500000000001,1.3376915750650449,1.976377140931701,0.18368576382630206,0.09775145897699988,0.2570380360808273
G1,03/04/2024,Olympiakos,Aris,H,1.36,4.75,9.0,1.36,4.8,8.0,1.31,5.08,10.21,1.3,4.75,8.0,2023/24,€133.70m,€32.15m,1.34,5.01,8.76,1.33,5.0,11.0,1.3325,0.027726341266023566,1.99968755443798,0.020807760800017686,0.010787992495309817,0.25010846795616654,4.845000000000001,0.13720422734012247,1.9994272492077831,0.028318725973193487,0.013415892672858698,0.2501887956715821,8.8025,0.9094057125397885,1.992433744529667,0.1033122081840146,0.05417495029821073,0.25240038194982306
G1,03/04/2024,PAOK,Lamia,H,1.14,8.0,19.0,1.15,8.25,16.0,1.11,9.16,22.2,1.1,7.5,19.0,2023/24,€91.80m,€9.03m,1.14,8.21,17.78,1.11,9.0,21.0,1.125,0.020615528128088215,1.999757753159353,0.01832491389163397,0.010000000000000009,0.2500839693566232,8.2275,0.602302872315914,1.996172293564676,0.07320606166100443,0.03972956548161655,0.2512666816956963,19.05,2.1926011949280695,1.9904267824047899,0.11509717558677529,0.06102362204724421,0.25339254873890565
G1,03/04/2024,Panathinaikos,AEK,H,2.9,3.25,2.5,2.5,3.2,2.75,2.78,3.11,2.71,2.7,3.25,2.38,2023/24,€73.18m,€70.60m,2.82,3.22,2.6,2.7,3.25,2.7,2.72,0.14560219778561032,1.9979173112037292,0.05353021977412144,0.02941176470588225,0.2507507489351283,3.2024999999999997,0.057172983130146404,1.9997690148148284,0.01785260987670458,0.0091725214676035,0.25008194970407144,2.585,0.15173990905493523,1.9975028336098888,0.05870015824175444,0.03191489361702127,0.25088464511429154
G1,06/04/2024,Atromitos,Panserraikos,D,2.25,3.2,3.4,2.2,3.2,3.2,2.84,3.06,2.7,2.15,3.1,3.2,2023/24,€14.83m,€12.15m,2.31,3.02,3.5,2.75,3.2,2.63,2.36,0.2793743008939798,1.990281238344551,0.1183789410567711,0.056144067796610075,0.2527524667754461,3.14,0.06164414002968982,1.9997216834243683,0.01963189172920058,0.010350318471337605,0.25009695734574977,3.125,0.25860201081971496,1.9949386913746856,0.08275264346230879,0.04200000000000004,0.25198286368669354
G1,06/04/2024,Asteras Tripolis,Kifisia,A,2.05,3.3,3.75,2.05,3.4,3.4,2.12,3.58,3.34,2.0,3.3,3.4,2023/24,€13.33m,€10.00m,2.1,3.33,3.65,2.1,3.5,3.4,2.0549999999999997,0.042720018726587705,1.9996889691809825,0.02078833028057796,0.010948905109489093,0.2501066252081107,3.395,0.11434596626029281,1.9991885094953499,0.033680696983885955,0.017304860088365404,0.2502697241388121,3.4725,0.16207637088730736,1.9984535515273343,0.04667426087467454,0.022138228941684712,0.2504943077855478
G1,06/04/2024,Panetolikos,Volos NFC,A,2.25,3.1,3.5,2.2,3.25,3.2,2.1,3.02,4.09,2.1,3.2,3.2,2023/24,€13.63m,€13.90m,2.26,3.19,3.41,2.1,3.1,3.8,2.1625,0.06495190528383288,1.9993505162593124,0.030035563137032543,0.01589595375722541,0.25022280083276177,3.1425,0.08898735865278844,1.999420519664912,0.028317377455143497,0.015712012728719138,0.25020265169825784,3.4975,0.3633438454136796,1.9924073405583185,0.1038867320696725,0.053073624017154986,0.2523195653489697
G1,06/04/2024,OFI Crete,Giannina,H,2.0,3.25,4.0,2.05,3.3,3.6,1.95,3.33,4.18,2.0,3.4,3.3,2023/24,€16.65m,€9.53m,2.06,3.27,3.84,1.95,3.25,4.33,2.0,0.03535533905932733,1.9997745554126243,0.017677669529663664,0.009374999999999911,0.25007819828035127,3.32,0.05431390245600107,1.9998071909137107,0.0163596091734943,0.009036144578313143,0.25006640227364335,3.7699999999999996,0.34307433596816883,1.9939830219559977,0.09100115012418272,0.05039787798408479,0.2521600396774993
G1,07/04/2024,Lamia,Olympiakos,A,12.0,6.0,1.25,10.5,6.0,1.25,12.26,6.53,1.21,11.0,5.8,1.2,2023/24,€9.03m,€133.70m,10.64,5.92,1.23,11.0,6.5,1.22,11.44,0.7181921748390189,1.9971470027936127,0.062779036262152,0.03430944055944063,0.251004585832693,6.0825000000000005,0.2709589452297157,1.99858513993492,0.04454729884582255,0.022503082614056646,0.25046272801651903,1.2275,0.022776083947860768,1.9997515272499888,0.018554854540008773,0.009674134419551894,0.25008630738166066
G1,07/04/2024,Aris,Panathinaikos,A,4.0,3.5,1.91,3.8,3.5,1.9,4.33,3.36,1.91,4.0,3.4,1.8,2023/24,€32.15m,€73.18m,4.43,3.47,1.82,4.0,3.6,1.91,4.032500000000001,0.19018083499658958,1.998406894908766,0.04716201735811272,0.024643521388716838,0.25053373753172986,3.44,0.06164414002968982,1.9997681336097197,0.017919808148165645,0.009447674418604501,0.2500807380856501,1.88,0.046368092477478466,1.999557022911843,0.024663878977382165,0.011303191489361764,0.25016092038201215
G1,07/04/2024,AEK,PAOK,D,1.85,3.5,4.33,1.9,3.6,3.75,1.77,3.89,4.34,1.8,3.5,3.8,2023/24,€70.60m,€91.80m,1.88,3.6,3.94,1.7,3.75,4.75,1.83,0.04949747468305829,1.9994732324337283,0.027047800373255895,0.015027322404371768,0.2501809219266823,3.6225,0.15974589196595954,1.9986158332070736,0.04409824484912617,0.021911663216011013,0.2504485594437395,4.055,0.280579756931964,1.9965426525883876,0.06919352821996647,0.03545006165228104,0.25119913536026334
G1,13/04/2024,Panserraikos,OFI Crete,D,2.38,3.1,3.25,2.3,3.2,3.1,2.65,2.96,2.99,2.2,3.25,3.0,2023/24,€12.15m,€16.65m,2.41,2.99,3.33,2.63,3.1,2.9,2.3825,0.16708904811506942,1.996502034587465,0.07013181452888538,0.037513116474291675,0.2511310906237658,3.1275000000000004,0.11076438958437865,1.9990899572211522,0.03541627164968142,0.019384492406075093,0.25032469262294715,3.085,0.10452272480183432,1.9991778595046434,0.0338809480719074,0.017828200972447306,0.2502748904463432
G1,13/04/2024,Volos NFC,Atromitos,D,2.05,3.25,4.0,2.05,3.25,3.6,1.88,3.22,4.74,1.91,3.3,3.6,2023/24,€13.90m,€14.83m,2.04,3.09,4.22,1.85,3.5,4.2,1.9725,0.07822243923581003,1.9988644417657313,0.039656496444010154,0.020595690747782003,0.25039500558288363,3.2550000000000003,0.028722813232690013,1.99994391319689,0.008824212974712753,0.004608294930875223,0.2500192974791172,3.985,0.4654836194754871,1.9904177174753965,0.11680893838782613,0.05991217063989973,0.25290154286714545
G1,13/04/2024,Giannina,Asteras Tripolis,A,2.45,3.25,3.0,2.37,3.1,3.0,2.21,3.27,3.43,2.25,3.1,3.0,2023/24,€9.53m,€13.33m,2.49,3.06,3.11,2.2,3.4,3.3,2.3200000000000003,0.09539392014169465,1.9987830655005712,0.04111806902659251,0.022629310344827624,0.25041700849226356,3.1799999999999997,0.08031189202104501,1.9995399416990247,0.025255311956303463,0.01297169811320753,0.25015928021195794,3.1075,0.18619546181365437,1.9974665454583038,0.05991808907921299,0.025945293644408673,0.2507851420049699
G1,13/04/2024,Kifisia,Panetolikos,A,2.2,3.2,3.5,2.25,3.2,3.1,2.37,3.26,3.11,2.15,3.2,3.1,2023/24,€10.00m,€13.63m,2.21,3.25,3.44,2.38,3.3,3.1,2.2424999999999997,0.08166241485530541,1.9990494395236318,0.036415792577616686,0.01978818283166084,0.25031933522084315,3.2150000000000003,0.02598076211353299,1.9999530382368127,0.008081107966884288,0.003499222395023427,0.2500160256029781,3.2024999999999997,0.17181021506301652,1.9979644169209132,0.05364877909852195,0.023614363778298175,0.25063818912558344
G1,14/04/2024,Panathinaikos,Lamia,H,1.14,7.5,21.0,1.14,8.25,17.0,1.08,11.06,32.19,1.08,7.5,21.0,2023/24,€73.18m,€9.03m,1.13,8.63,19.81,1.08,10.0,29.0,1.1099999999999999,0.029999999999999916,1.9994730201859836,0.027027027027026956,0.013513513513513375,0.2501826150474799,8.5775,1.4656120735037634,1.979959101496354,0.17086704441897563,0.08328475663071999,0.25538330406271176,22.7975,5.66330457860073,1.9577921590020144,0.2484177904858309,0.12493146178309034,0.2614497243003465
G1,14/04/2024,AEK,Aris,H,1.25,5.75,15.0,1.23,6.0,12.0,1.17,6.93,17.56,1.18,5.8,12.0,2023/24,€70.60m,€32.15m,1.2,6.33,12.06,1.2,6.0,17.0,1.2075,0.03344772040064916,1.9994469321371338,0.027699975487080048,0.015010351966873836,0.2501908754573137,6.12,0.4769171835864167,1.9957272956908019,0.07792764437686547,0.03819444444444442,0.251305073592579,14.14,2.3235317944887255,1.9808442558120387,0.16432332351405413,0.08698727015558694,0.256059682269212
G1,20/04/2024,OFI Crete,Volos NFC,H,2.1,3.2,3.6,2.1,3.3,3.3,2.05,3.09,4.18,2.0,3.2,3.5,2023/24,€16.65m,€13.90m,2.15,2.94,4.07,2.05,3.25,3.8,2.0625,0.04145780987944255,1.9997075506200475,0.020100756305184268,0.01060606060606073,0.2501030927280903,3.1975,0.07428828979051813,1.9996102540798524,0.023233241529481825,0.01231430805316669,0.2501357983422082,3.645,0.32722316543912344,1.9943062445663566,0.08977315924255787,0.046982167352537685,0.2517822053871668
G1,20/04/2024,Asteras Tripolis,Panetolikos,A,2.7,3.1,2.75,2.45,3.25,2.75,2.87,3.13,2.62,2.5,3.25,2.5,2023/24,€13.33m,€13.63m,2.68,3.26,2.71,3.0,3.1,2.5,2.63,0.1671825349730049,1.9971025773333684,0.06356750379201707,0.03469581749049433,0.25097370071355507,3.1825,0.06832825184358224,1.9996672892350544,0.021469992723827883,0.011194029850746245,0.2501156090564127,2.6550000000000002,0.10404326023342406,1.998885195630005,0.039187668637824496,0.020715630885122627,0.25039871274868275
G1,20/04/2024,Atromitos,Kifisia,A,2.7,3.5,2.55,2.6,3.5,2.5,2.73,3.36,2.6,2.5,3.5,2.4,2023/24,€14.83m,€10.00m,2.67,3.5,2.57,2.7,3.5,2.5,2.6325000000000003,0.09038113741262611,1.9991457388531013,0.03433281573129197,0.01875593542260212,0.2503030266192483,3.465,0.06062177826491076,1.999777688257265,0.017495462702715948,0.007575757575757569,0.2500797109150813,2.5124999999999997,0.07395099728874523,1.9993722518394523,0.029433232751739397,0.016169154228855787,0.25022260985343203
G1,21/04/2024,Panserraikos,Giannina,H,2.0,3.3,4.0,2.05,3.4,3.5,1.99,3.35,4.01,1.91,3.3,3.6,2023/24,€12.15m,€9.53m,2.0,3.25,4.11,1.95,3.3,4.0,1.9875,0.05018714974971181,1.9995382652703653,0.02525139610048393,0.013522012578616405,0.2501632195735166,3.3375,0.04145780987944255,1.9998889177511878,0.012421815694214997,0.0065543071161049404,0.25003811356669203,3.7775,0.23025800746119549,1.9973142133724326,0.06095513102877445,0.03193249503639972,0.2509377689317093
G1,21/04/2024,Lamia,Panathinaikos,A,9.5,7.0,1.25,11.5,6.0,1.24,16.15,7.58,1.16,12.0,5.5,1.2,2023/24,€9.03m,€73.18m,13.76,5.88,1.2,10.0,8.5,1.2,12.2875,2.4182573787750545,1.9728684559720469,0.19680629735707464,0.10401831129196326,0.2583267424475592,6.52,0.8162107570964745,1.9886759118459327,0.1251856989411771,0.06940184049079745,0.25394505563696423,1.2125000000000001,0.03561951712193755,1.9993748649537604,0.029376921337680446,0.015979381443298912,0.2502212147439937
G1,21/04/2024,Aris,AEK,A,6.5,4.5,1.45,6.25,4.33,1.47,9.79,5.32,1.3,6.5,4.33,1.4,2023/24,€32.15m,€70.60m,6.83,4.73,1.4,10.0,5.5,1.29,7.26,1.4642574910172046,1.972513237626954,0.20168835964424306,0.09142561983471076,0.2567512703491541,4.62,0.41006097107625356,1.9944800502430904,0.08875778594724103,0.04247835497835517,0.25164999134602667,1.405,0.0657647321898295,1.9984012476068596,0.04680763856927367,0.02491103202846978,0.2505869619554398
G1,21/04/2024,Olympiakos,PAOK,H,2.1,3.5,3.4,2.05,3.6,3.3,2.36,3.41,3.01,2.0,3.5,3.2,2023/24,€133.70m,€91.80m,2.09,3.53,3.33,2.3,3.4,3.0,2.1275,0.13881192311901738,1.9969871469352676,0.06524649735323966,0.033196239717978804,0.25094890985720086,3.5025,0.06722164829874375,1.9997344475981587,0.019192476316557815,0.010171306209850073,0.2500917956706833,3.2274999999999996,0.1441136704133234,1.99855232321845,0.04465179563542166,0.024593338497288952,0.2505188450938862
G1,24/04/2024,Lamia,PAOK,D,15.0,6.5,1.2,13.5,6.75,1.2,13.16,7.36,1.18,12.0,6.5,1.17,2023/24,€9.03m,€91.80m,15.85,7.11,1.17,13.0,7.5,1.18,13.415,1.0708291180202376,1.995422506420033,0.07982326634515376,0.04351472232575482,0.2515629225895656,6.7775,0.35145234385333113,1.9980884564851467,0.05185574973859552,0.026097381040206535,0.25061551166028007,1.1875,0.012990381056766592,1.9999136085614684,0.010939268258329762,0.0057894736842105665,0.25003005991040694
G1,24/04/2024,Aris,Olympiakos,D,8.0,4.2,1.45,6.5,4.4,1.44,6.99,4.8,1.42,6.5,4.33,1.4,2023/24,€32.15m,€133.70m,7.05,4.44,1.45,7.5,4.5,1.4,6.9975000000000005,0.6123877448153253,1.9945955446248007,0.0875152189803966,0.04456948910325109,0.2516765361171971,4.4325,0.223983816379666,1.9981812601319753,0.05053216387584117,0.026367738296672272,0.250591885686729,1.4274999999999998,0.01920286436967154,1.9998692968307612,0.013452094129367105,0.00744308231173374,0.2500455923607841
G1,24/04/2024,AEK,Panathinaikos,H,1.91,3.3,4.33,1.88,3.5,3.9,1.74,3.65,4.88,1.83,3.5,3.7,2023/24,€70.60m,€73.18m,1.89,3.51,4.18,1.75,3.8,4.5,1.84,0.06442049363362559,1.9991097156305426,0.03501113784436173,0.01902173913043481,0.2503193489390414,3.4875000000000003,0.12437342963832754,1.999078920975444,0.03566263215435915,0.018817204301075252,0.250325987527646,4.2025,0.4525690555042401,1.9917367067610072,0.107690435575072,0.059042236763831024,0.252694750380806
G1,27/04/2024,Asteras Tripolis,OFI Crete,D,2.8,2.63,3.2,2.6,2.9,2.87,2.68,2.59,3.32,2.6,2.75,2.88,2023/24,€13.33m,€16.65m,2.82,2.56,3.3,2.55,2.75,3.3,2.67,0.0818535277187244,1.999326633408462,0.030656751954578426,0.015917602996254665,0.2502255741869702,2.7175,0.12070107704573313,1.998586248843013,0.04441621970404163,0.02414903403863833,0.2504741139444387,3.0675,0.19715159142142372,1.9970264856250541,0.0642710974478969,0.0340260798696006,0.25101693259574376
G1,27/04/2024,Kifisia,Giannina,A,1.4,4.75,7.5,1.41,4.5,7.25,1.39,4.52,7.86,1.36,4.4,7.0,2023/24,€10.00m,€9.53m,1.35,4.33,7.7,1.4,4.75,7.5,1.39,0.018708286933869635,1.9998689170056319,0.013459199232999739,0.007194244604316502,0.2500461503316354,4.5425,0.12813567028739492,1.999429682748767,0.028208182782035202,0.014722069345074473,0.2501914959084718,7.4025,0.31783446949630884,1.9986736278795152,0.042936098547289275,0.023893954745018542,0.2504540985775426
G1,27/04/2024,Panetolikos,Atromitos,H,1.75,3.6,5.0,1.73,3.7,4.5,1.61,4.0,5.42,1.67,3.7,4.4,2023/24,€13.63m,€14.83m,1.76,3.64,4.71,1.62,3.8,6.0,1.6900000000000002,0.05477225575051658,1.9992391076262215,0.03240961878728791,0.017751479289940697,0.2502693038920143,3.75,0.14999999999999994,1.9988588711361472,0.03999999999999999,0.020000000000000018,0.2503737168068609,4.83,0.40951190458886527,1.9948562252419022,0.08478507341384374,0.046066252587991574,0.25170925885318646
G1,27/04/2024,Volos NFC,Panserraikos,H,1.25,5.5,13.0,1.23,6.25,11.5,1.51,4.09,6.19,1.2,5.8,11.0,2023/24,€13.90m,€12.15m,1.22,5.49,9.54,1.53,3.75,7.5,1.2974999999999999,0.1239707626821744,1.9936209656399686,0.09554586719242729,0.045761078998073135,0.25187989902537516,5.41,0.8074961300216863,1.983162126466901,0.14925991312785328,0.07832717190388161,0.25737560313529884,10.4225,2.552061666574693,1.9525157328064908,0.24486079794432172,0.12550971455984627,0.276001632676876
G1,28/04/2024,Olympiakos,Lamia,H,1.09,11.0,21.0,1.09,11.0,26.0,1.08,12.2,22.42,1.04,10.0,26.0,2023/24,€133.70m,€9.03m,1.07,11.9,21.29,1.09,11.0,19.0,1.0750000000000002,0.020615528128088322,1.9997329339576044,0.019177235467989134,0.009302325581395321,0.2500956911173705,11.05,0.7794228634059945,1.9964213124783783,0.07053600573809905,0.03733031674208154,0.2512286268933307,23.855,2.202969586716984,1.9938086780337358,0.09234833731783625,0.04867952211276472,0.2522042245640566
G1,28/04/2024,PAOK,AEK,H,3.1,3.2,2.45,2.75,3.25,2.45,2.79,3.33,2.56,2.75,3.3,2.3,2023/24,€91.80m,€70.60m,2.94,3.3,2.4,2.75,3.3,2.55,2.8475,0.14669270602180604,1.9981203317415017,0.051516314669642155,0.023924495171202764,0.2505937466608108,3.27,0.04949747468305826,1.9998345262836743,0.01513684241072118,0.008409785932721903,0.25005769017968377,2.44,0.09246621004453474,1.9989593643779826,0.03789598772316998,0.01997950819672134,0.2503693715088634
G1,28/04/2024,Panathinaikos,Aris,A,1.3,5.0,11.0,1.3,5.5,8.75,1.35,4.95,8.8,1.25,5.0,9.5,2023/24,€73.18m,€32.15m,1.27,5.59,9.47,1.36,5.0,8.5,1.3,0.03535533905932741,1.999466327313029,0.027196414661021084,0.014423076923076872,0.2501853220549409,5.1125,0.2246525094451428,1.9986291311555904,0.04394181113841424,0.02017114914425422,0.25043841003294726,9.5125,0.9085531079689286,1.9935744411262435,0.09551149623852076,0.04894875164257528,0.25197515436757056
G1,11/05/2024,Atromitos,Asteras Tripolis,A,2.3,3.4,3.0,2.2,3.4,3.0,2.15,3.19,3.54,2.2,3.3,2.9,2023/24,€14.83m,€13.33m,2.26,3.31,3.11,2.15,3.4,3.3,2.2125,0.054486236794258354,1.999564776801105,0.024626547703619595,0.012711864406779627,0.25014704272423827,3.3225,0.08671072598012312,1.9995062838843387,0.026098036412377165,0.01373212942061719,0.25017531757600997,3.1100000000000003,0.25159491250818256,1.9954032338514702,0.08089868569394937,0.03858520900321549,0.25139180278684237
G1,11/05/2024,Giannina,Volos NFC,D,2.5,3.4,2.8,2.4,3.3,2.75,2.26,3.36,3.12,2.38,3.3,2.7,2023/24,€9.53m,€13.90m,2.38,3.37,2.87,2.2,3.4,3.1,2.385,0.08529361054615997,1.9990751339041606,0.035762520145140454,0.019392033542976916,0.25032491015254404,3.34,0.04242640687119289,1.999883758235489,0.01270251702730326,0.006736526946107713,0.2500400242398237,2.8425000000000002,0.16406934509529805,1.9976400256586135,0.05772008622525877,0.028803869832893625,0.25074639727841597
G1,11/05/2024,OFI Crete,Panetolikos,A,2.1,3.4,3.6,2.0,3.4,3.5,2.04,3.56,3.44,2.0,3.4,3.3,2023/24,€16.65m,€13.63m,2.06,3.28,3.59,2.05,3.5,3.4,2.035,0.04092676385936229,1.9997095489075731,0.0201114318719225,0.010442260442260487,0.2500984164089577,3.44,0.06928203230275516,1.9997096265883672,0.02014012566940557,0.008720930232558155,0.25009684917355374,3.4599999999999995,0.10862780491200226,1.9992868908313501,0.03139531933872898,0.01734104046242746,0.25025097375406447
G1,11/05/2024,Panserraikos,Kifisia,H,2.0,3.75,3.4,1.98,3.5,3.5,2.01,3.5,3.6,1.95,3.5,3.3,2023/24,€12.15m,€10.00m,1.92,3.55,3.78,2.0,3.6,3.5,1.9849999999999999,0.022912878474779158,1.9999036986053678,0.011543011826085218,0.006297229219143441,0.2500337041296662,3.5625,0.10825317547305482,1.9993414938042655,0.030386856273138196,0.013157894736842035,0.25021545532892847,3.4499999999999997,0.11180339887498958,1.999242223543839,0.03240678228260568,0.018115942028985366,0.2502630802136238
G1,12/05/2024,PAOK,Olympiakos,H,2.15,3.6,3.1,2.1,3.5,3.2,2.03,3.63,3.53,2.0,3.5,3.2,2023/24,€91.80m,€133.70m,2.11,3.31,3.5,2.0,3.6,3.5,2.07,0.058736700622353664,1.9994199882781232,0.028375217691958294,0.01570048309178751,0.2501996359778458,3.5575,0.058470077817632485,1.9998052340501855,0.016435721101231898,0.00860857343640209,0.2500673245912656,3.2575,0.16253845698787706,1.9982302326297983,0.0498966867192255,0.02475057559478122,0.25056998763564575
G1,15/05/2024,Lamia,Aris,A,3.8,3.6,1.91,3.6,3.5,1.95,3.39,3.85,2.01,3.5,3.6,1.85,2023/24,€9.03m,€32.15m,3.81,3.63,1.94,3.2,3.8,2.05,3.5725000000000002,0.1508931741332257,1.9987194586262724,0.04223741753204358,0.023268019594121503,0.2504333137558436,3.6374999999999997,0.12930100540985753,1.9990967345668815,0.035546668153912726,0.01804123711340222,0.25029931171189124,1.93,0.058309518948452904,1.9993413928918053,0.030212185983654355,0.01683937823834203,0.2502286812772134
G1,15/05/2024,Olympiakos,AEK,H,2.63,3.4,2.55,2.6,3.5,2.5,2.99,3.69,2.25,2.6,3.4,2.38,2023/24,€133.70m,€70.60m,2.69,3.61,2.49,2.9,3.6,2.25,2.705,0.16500000000000006,1.9973743794424297,0.06099815157116453,0.02772643253234741,0.25081379057366787,3.4975,0.11840080236214619,1.9991804323318452,0.033852981375881684,0.017333809864188643,0.2502719976579784,2.42,0.11597413504743198,1.9983326657294973,0.047923196300591726,0.026342975206611552,0.25059670407136947
G1,15/05/2024,PAOK,Panathinaikos,H,1.67,3.8,5.0,1.72,3.8,4.33,1.71,3.97,4.57,1.65,3.8,4.4,2023/24,€91.80m,€73.18m,1.68,3.8,5.04,1.7,3.9,4.5,1.6874999999999998,0.02861380785564902,1.9997924326078593,0.016956330581125348,0.009259259259259078,0.25007221906048555,3.8425,0.07361215932167745,1.999737177235967,0.019157360916506817,0.008295380611581082,0.2500878226901416,4.575,0.26043233286210826,1.99769564873419,0.056925100079149346,0.029781420765027544,0.250743542492781
G1,19/05/2024,AEK,Lamia,H,1.06,12.0,29.0,1.07,12.5,26.0,1.03,22.45,30.56,1.03,11.0,34.0,2023/24,€70.60m,€9.03m,1.05,14.42,23.61,1.04,15.0,34.0,1.0475,0.01785357107135714,1.9997905761137555,0.017043981929696552,0.008949880668257748,0.2500723482686259,14.4875,4.6287653591427596,1.9328101356606853,0.31950062875877544,0.15034512510785158,0.26427954630626355,29.89,2.8837995769470526,1.993288901253182,0.09648041408320684,0.05344596855135486,0.2523352780981122
G1,19/05/2024,Aris,PAOK,A,4.33,3.9,1.75,4.5,3.8,1.71,5.37,4.22,1.55,4.33,3.6,1.7,2023/24,€32.15m,€91.80m,4.55,3.6,1.76,5.25,4.1,1.57,4.6325,0.4314148235747121,1.99393277030186,0.09312786261731508,0.0443874797625472,0.2517985366043993,3.88,0.2240535650240807,1.9976094105884012,0.0577457641814641,0.031572164948453496,0.25080514731945064,1.6775,0.07595228765481653,1.9984991103327288,0.045277071627312385,0.022727272727272707,0.25056013404340294
G1,17/08/2024,PAOK,Panserraikos,H,1.17,8.0,15.0,1.16,7.5,15.0,1.18,7.26,13.75,1.1,7.5,17.0,2024/25,€90.78m,€13.53m,1.13,8.19,15.33,1.2,6.25,13.0,1.1525,0.031124748994971765,1.9994691097602135,0.02700628980040934,0.013557483731019504,0.2501924795494131,7.5649999999999995,0.26958301133417145,1.9990909795268628,0.03563555999129828,0.018341044282881747,0.2503033467490903,15.1875,1.1642460006373223,1.995803742610301,0.07665817288146978,0.04012345679012341,0.25138891656356593
G1,17/08/2024,Volos NFC,Olympiakos,A,10.0,5.0,1.3,9.25,5.25,1.3,9.56,5.62,1.3,9.0,5.5,1.25,2024/25,€9.35m,€112.80m,8.11,6.08,1.28,10.0,4.75,1.33,9.4525,0.3731872854211408,1.998879728820502,0.03948027351717967,0.021885744512033956,0.2503814205287405,5.3425,0.2385765076448224,1.9985545452511093,0.04465634209542768,0.02468413664014979,0.2505131935461337,1.2875,0.021650635094610987,1.999794675150468,0.01681602725795028,0.007281553398058138,0.25007352220370554
G1,18/08/2024,Levadeiakos,Athens Kallithea,D,2.45,2.88,3.2,2.3,3.1,3.1,2.32,2.97,3.57,2.38,3.0,2.88,2024/25,€7.55m,€7.45m,2.59,3.08,2.85,2.25,2.88,3.6,2.3625,0.05847007781763264,1.9995596986748656,0.02474923928788683,0.013492063492063444,0.2501499500221743,2.9875000000000003,0.07854139036202509,1.999501721213725,0.026290005142100448,0.014435146443514624,0.2501722882628192,3.1875,0.2493366198535626,1.9956262292577938,0.07822325328739219,0.042549019607843075,0.25145429613111425
G1,18/08/2024,Panathinaikos,Asteras Tripolis,A,1.33,4.75,10.0,1.33,5.25,8.5,1.4,4.67,8.11,1.25,5.0,9.5,2024/25,€101.15m,€11.35m,1.3,5.23,9.01,1.4,4.2,8.5,1.3275000000000001,0.053091901453988226,1.9988434071160694,0.03999389940036777,0.021186440677966045,0.25040633815527064,4.9175,0.22730761095924618,1.9984666925099832,0.046224221852414066,0.025292323335028177,0.25051768301636324,9.0275,0.7564844677850302,1.994935515358223,0.08379778097867961,0.04617834394904463,0.2517491579366068
G1,18/08/2024,Atromitos,Aris,D,2.88,3.2,2.5,2.85,3.25,2.4,2.88,3.11,2.64,2.7,3.25,2.38,2024/25,€8.73m,€33.10m,2.84,3.24,2.49,2.8,3.1,2.55,2.8274999999999997,0.07462405778299638,1.9994926984156862,0.02639223971105089,0.012599469496021198,0.25018441111384315,3.2024999999999997,0.057172983130146404,1.9997690148148284,0.01785260987670458,0.0091725214676035,0.25008194970407144,2.48,0.1029563014098701,1.9987663816676327,0.0415146376652702,0.022177419354838745,0.250411252514168
G1,18/08/2024,AEK,OFI Crete,H,1.22,6.0,13.0,1.2,6.75,12.0,1.2,6.84,12.79,1.17,6.5,12.0,2024/25,€78.90m,€13.68m,1.18,6.93,12.26,1.25,5.75,12.0,1.1975,0.01785357107135714,1.9998393189721406,0.014909036385266923,0.007828810020876764,0.25005629115239386,6.5225,0.32637210358730107,1.9981709694525442,0.05003788479682653,0.02654273668072049,0.25067515878525826,12.4475,0.45361740486890473,1.9990427022551858,0.03644245068237837,0.019029925687889193,0.2503302268505799
G1,19/08/2024,Panetolikos,Lamia,A,2.15,3.25,3.4,2.15,3.3,3.3,2.0,3.21,4.2,2.0,3.4,3.3,2024/25,€11.03m,€6.88m,2.13,3.24,3.51,1.95,3.3,4.0,2.075,0.07499999999999996,1.9990574042663867,0.03614457831325299,0.01807228915662651,0.25032660763536074,3.29,0.07106335201775944,1.9996646822254867,0.021599803044911686,0.011778115501519748,0.2501141217565847,3.55,0.3774917217635377,1.9921338783999116,0.10633569627141908,0.04929577464788748,0.25226341155803794
G1,24/08/2024,OFI Crete,Atromitos,D,2.2,3.4,3.25,2.15,3.4,3.2,2.48,3.09,3.11,2.05,3.3,3.2,2024/25,€13.68m,€8.73m,2.19,3.3,3.3,2.4,3.25,3.1,2.2199999999999998,0.15953056133543822,1.9963362435891596,0.07186061321416137,0.037725225225225145,0.25117050169367167,3.2975,0.12656520058847143,1.99892540505351,0.03838216848778512,0.019522365428354727,0.2503936960738955,3.19,0.05049752469181046,1.999818679351727,0.015829945044454688,0.008228840125392045,0.2500638302433989
G1,24/08/2024,Panserraikos,Aris,A,2.7,3.2,2.63,2.7,3.25,2.5,4.4,3.11,1.99,2.62,3.1,2.5,2024/25,€13.53m,€33.10m,2.75,3.18,2.61,3.9,3.25,2.0,3.105,0.7483815871599194,1.9611905832115357,0.24102466575198694,0.10748792270531382,0.2589273917790059,3.165,0.06264982043070837,1.999717743470816,0.0197945720160216,0.010663507109004877,0.2500971394428518,2.405,0.2454078238361605,1.9922047927065232,0.10204067519175074,0.0498960498960499,0.25324487692109565
G1,24/08/2024,AEK,Lamia,D,1.13,8.5,17.0,1.12,10.0,17.0,1.1,11.1,21.36,1.07,8.5,21.0,2024/25,€78.90m,€6.88m,1.1,10.02,17.71,1.09,9.0,23.0,1.105,0.022912878474779158,1.9996887357353157,0.020735636628759418,0.011312217194570096,0.25010982341881066,9.525,1.096300597464035,1.9905441972420266,0.11509717558677532,0.06102362204724421,0.2530944948800787,19.09,2.0938720113703226,1.9913075422059083,0.10968423317812062,0.0559193294918805,0.2530017517140619
G1,25/08/2024,Asteras Tripolis,Volos NFC,A,2.1,3.2,3.6,2.15,3.3,3.3,1.93,3.22,4.54,2.0,3.3,3.3,2024/25,€11.35m,€9.35m,2.04,3.25,3.76,1.9,3.3,4.33,2.045,0.08558621384311846,1.9987339675147267,0.041851449312038366,0.023227383863080542,0.25044313744245894,3.2550000000000003,0.04555216789572132,1.9998586743952047,0.013994521626949714,0.007296466973886417,0.25004906229704105,3.6849999999999996,0.5086010224134435,1.9867875734702416,0.13801927338220993,0.06818181818181812,0.2537495802904657
G1,25/08/2024,PAOK,Panetolikos,H,1.22,6.5,11.0,1.22,6.5,12.0,1.26,5.99,10.69,1.15,6.5,13.0,2024/25,€90.78m,€11.03m,1.2,6.43,11.63,1.27,6.0,9.5,1.2125,0.039607448794387184,1.9992253977241046,0.03266593715001005,0.017010309278350455,0.2502772523590055,6.3725000000000005,0.22083647796503175,1.9991217294555774,0.034654606193021846,0.015005884660651336,0.250325786944774,11.6725,0.9065146165396343,1.9956849755420292,0.07766242163543666,0.04246091240094252,0.2514340942214412
G1,25/08/2024,Panathinaikos,Levadeiakos,H,1.2,6.0,15.0,1.2,6.5,13.5,1.2,6.45,15.14,1.15,6.0,15.0,2024/25,€101.15m,€7.55m,1.19,6.25,13.49,1.2,6.0,12.0,1.1875,0.021650635094610987,1.9997585026337423,0.018232113763882937,0.007894736842105399,0.25008671522719383,6.2375,0.23815698604072066,1.998948360869639,0.03818148072797125,0.019539078156312506,0.25036403090189147,14.66,0.6721606950722425,1.9984561091255089,0.045849979200016544,0.020975443383356218,0.250584662390553
G1,26/08/2024,Olympiakos,Athens Kallithea,H,1.11,8.0,21.0,1.12,9.25,21.0,1.13,8.93,17.6,1.06,8.0,26.0,2024/25,€112.80m,€7.45m,1.1,9.78,20.11,1.14,7.0,21.0,1.105,0.026925824035672494,1.9995683888667062,0.02436726157074434,0.012443438914027105,0.25015542913082045,8.545,0.5566192594583841,1.996944769317681,0.06513976120051305,0.03423054417788185,0.2510460132195199,21.4,2.996664812754339,1.9860245638692149,0.1400310660165579,0.07359813084112132,0.2546418005426435
G1,31/08/2024,Lamia,Olympiakos,A,13.0,5.75,1.22,10.5,6.25,1.23,11.24,5.99,1.26,12.0,6.0,1.18,2024/25,€6.88m,€112.80m,11.12,6.37,1.21,12.0,5.25,1.27,11.685,0.9261074451703755,1.995481688017935,0.07925609286866712,0.04418057338468118,0.2515473461920698,5.9975000000000005,0.17682972035266017,1.999373011760018,0.02948390501920136,0.015735723218007536,0.25021734781197524,1.2225,0.02861380785564902,1.999603968806865,0.02340597779603192,0.012781186094069419,0.25013879392512167
G1,31/08/2024,Aris,Asteras Tripolis,D,1.65,3.6,5.5,1.7,3.6,4.8,1.87,3.44,4.43,1.62,3.7,4.8,2024/25,€33.10m,€11.35m,1.65,3.69,5.33,1.85,3.25,4.5,1.71,0.09669539802906862,1.9977288468153331,0.056547016391268204,0.029239766081871288,0.25072845073152256,3.585,0.09313968005098587,1.9995110064941481,0.025980384951460496,0.013598326359832491,0.2501732381081046,4.8825,0.3871934271136328,1.9955272190170203,0.07930228921938204,0.04109062980030731,0.2514500239251514
G1,31/08/2024,Panetolikos,Panserraikos,H,1.95,3.2,4.2,2.0,3.25,3.7,2.04,2.94,4.55,1.91,3.25,3.7,2024/25,€11.03m,€13.53m,1.93,3.35,4.02,2.0,3.1,4.1,1.975,0.04924428900898057,1.9995514695794876,0.024933817219736996,0.013924050632911467,0.25015558368803786,3.1599999999999997,0.1286468033026861,1.9987862862379193,0.040711013703381684,0.01938291139240511,0.25045326442439775,4.0375000000000005,0.35947009611371,1.9943282064444463,0.08903284114271454,0.04721362229102155,0.2518820565598954
G1,01/09/2024,Levadeiakos,AEK,A,11.0,5.5,1.27,10.5,5.75,1.26,7.63,5.19,1.37,10.0,5.5,1.22,2024/25,€7.55m,€78.90m,8.73,5.85,1.27,8.0,4.75,1.38,9.7825,1.2920598863829804,1.9868271913661106,0.13207870037137545,0.06778686429849201,0.2557226794230008,5.485,0.19855729651664766,1.999051725114126,0.0362000540595529,0.019143117593436676,0.2503342800115392,1.28,0.05522680508593636,1.9986707497474243,0.04314594147338778,0.0224609375,0.25043811403709826
G1,01/09/2024,Volos NFC,OFI Crete,A,2.5,3.1,2.9,2.45,3.25,2.8,2.5,2.86,3.34,2.38,3.25,2.7,2024/25,€9.35m,€13.68m,2.45,3.22,2.93,2.45,3.1,3.1,2.4575,0.04918078893226504,1.9997097985542491,0.020012528558398794,0.010427263479145576,0.25010285783460146,3.1149999999999998,0.1594521871910198,1.998085055994376,0.05118850311108181,0.026484751203852408,0.2507082598145977,2.9349999999999996,0.24428467000612208,1.9951124974209726,0.0832315741077077,0.043015332197614775,0.2515163802714386
G1,01/09/2024,Atromitos,PAOK,A,6.25,4.75,1.44,6.25,4.5,1.46,6.83,4.46,1.47,6.0,4.5,1.4,2024/25,€8.73m,€90.78m,6.05,4.63,1.45,6.5,4.33,1.48,6.3325,0.30482576990799193,1.9983473836325674,0.04813671850106466,0.024575602052901546,0.25054163316394934,4.5525,0.11519006033508275,1.999542287433463,0.025302594252626633,0.011943986820428298,0.25015166202026035,1.4425,0.026809513236909045,1.9997497913709308,0.018585451117441282,0.009965337954939368,0.25008854565043287
G1,01/09/2024,Athens Kallithea,Panathinaikos,D,8.0,4.33,1.4,8.0,5.0,1.36,7.78,4.64,1.41,7.5,4.6,1.33,2024/25,€7.45m,€101.15m,6.38,5.05,1.4,8.5,4.1,1.42,7.82,0.20542638584174136,1.999499449137196,0.026269358803291735,0.013746803069053737,0.25017833746041485,4.6425,0.23836683913665507,1.9981057577268473,0.051344499544783,0.027598276790522513,0.2506453270330422,1.375,0.03201562118716417,1.9996080386079684,0.023284088136119395,0.012727272727272698,0.25013736733452313
G1,14/09/2024,Lamia,Athens Kallithea,D,2.25,3.2,3.3,2.3,3.2,3.1,3.46,3.06,2.36,2.25,3.1,3.0,2024/25,€6.88m,€7.45m,2.25,3.32,3.19,3.2,3.2,2.3,2.565,0.5171315113198963,1.972556132052298,0.20161072566077828,0.08966861598440534,0.25670469809424007,3.14,0.06164414002968982,1.9997216834243683,0.01963189172920058,0.010350318471337605,0.25009695734574977,2.94,0.35185224171518364,1.989269059858225,0.11967763323645703,0.062074829931972664,0.25449665327197346
G1,14/09/2024,Asteras Tripolis,Atromitos,A,1.91,3.4,4.0,1.95,3.3,3.9,2.56,3.01,3.16,1.91,3.2,3.8,2024/25,€11.35m,€8.73m,1.94,3.37,4.04,2.55,3.0,3.0,2.0825,0.2761679742475583,1.9878782994221742,0.1326136731080712,0.05972388955582253,0.25331864972159207,3.2274999999999996,0.1441136704133234,1.99855232321845,0.04465179563542166,0.024593338497288952,0.2505188450938862,3.715,0.328138690190596,1.9941893656382177,0.08832804581173513,0.044078061911170696,0.25235750625652975
G1,15/09/2024,Panserraikos,Levadeiakos,D,2.15,3.0,3.8,2.1,3.1,3.5,2.38,2.87,3.7,2.05,3.1,3.4,2024/25,€13.53m,€7.55m,2.16,3.19,3.54,2.35,2.9,3.4,2.17,0.1262933094031509,1.9975960833229047,0.0581996817526041,0.02995391705069128,0.2507680117363919,3.0175,0.09443913383762051,1.999288646442914,0.03129714460235974,0.016362883181441523,0.2502549792391225,3.5999999999999996,0.15811388300841897,1.9986079025901402,0.043920523057894165,0.02430555555555558,0.2504832610192064
G1,15/09/2024,Olympiakos,Panetolikos,D,1.14,8.0,17.0,1.15,7.75,16.0,1.14,8.88,16.63,1.11,7.0,17.0,2024/25,€112.80m,€11.03m,1.13,8.88,16.25,1.17,7.5,15.0,1.135,0.014999999999999921,1.9998735087600208,0.013215859030836935,0.0066079295154184425,0.2500447182331257,7.907500000000001,0.6713186650168461,1.9948095170755524,0.0848964483106982,0.04655390452102459,0.2517951686312726,16.6575,0.40855691158025953,1.9995633223561593,0.024526904492286332,0.01264445444994755,0.2501561667648795
G1,15/09/2024,OFI Crete,Aris,H,3.1,3.3,2.3,2.9,3.3,2.3,3.71,3.23,2.17,2.9,3.3,2.2,2024/25,€13.68m,€33.10m,3.02,3.52,2.25,3.4,3.4,2.1,3.1525,0.3320673877392961,1.9922375701854813,0.10533461942562923,0.05214115781126072,0.2523036070116874,3.2824999999999998,0.030310889132455283,1.9999382712131497,0.009234086559773126,0.003998476770753934,0.2500217790554823,2.2424999999999997,0.0584700778176324,1.9995091271485927,0.02607361329660308,0.0136566332218504,0.2501708648681069
G1,15/09/2024,PAOK,Panathinaikos,D,1.83,3.4,4.5,1.83,3.6,4.0,2.05,3.28,4.05,1.8,3.4,4.0,2024/25,€90.78m,€101.15m,1.88,3.41,4.26,2.0,3.3,3.9,1.8775,0.10034316120194729,1.9979778610962728,0.05344509251768165,0.024966711051930712,0.25063733225437446,3.42,0.11489125293076068,1.9991902277754803,0.03359393360548558,0.01754385964912286,0.25027352208867537,4.1375,0.21028254801575902,1.998170415612948,0.05082357655970006,0.023413897280966767,0.2505781167593006
G1,16/09/2024,AEK,Volos NFC,H,1.11,10.0,16.0,1.1,10.0,23.0,1.14,8.51,18.3,1.05,9.0,26.0,2024/25,€78.90m,€9.35m,1.09,10.69,22.76,1.14,8.0,13.0,1.0999999999999999,0.03240370349203926,1.9993711439285282,0.029457912265490244,0.015909090909090873,0.25022315570798603,9.3775,0.6461569081887154,1.9965552340986168,0.06890502886576544,0.036456944814716064,0.25122603088309203,20.825,3.910482706776748,1.9744897217490265,0.187778281237779,0.10414165666266517,0.258913505247899
G1,21/09/2024,Volos NFC,PAOK,A,8.0,5.25,1.33,8.0,5.25,1.34,9.61,4.51,1.39,8.0,5.0,1.29,2024/25,€9.35m,€90.78m,8.34,5.18,1.33,8.5,4.33,1.38,8.4025,0.6971504500464728,1.9951805803508718,0.08296940791984204,0.035926807497768554,0.2514332091684397,5.0024999999999995,0.3021071829665757,1.997323018322343,0.060391240972828726,0.030859570214892384,0.2510116100565014,1.3375,0.03561951712193747,1.9994892111928704,0.026631414670607458,0.014485981308411278,0.2501757316042936
G1,21/09/2024,Aris,Olympiakos,H,6.0,3.9,1.6,5.0,4.0,1.6,5.49,3.75,1.68,5.0,3.9,1.55,2024/25,€33.10m,€112.80m,5.58,3.95,1.59,5.25,3.7,1.67,5.3725000000000005,0.413846287889598,1.9957693937314271,0.07703048634520204,0.04060027919962783,0.2513817932807312,3.8875,0.08926785535678562,1.999618372957963,0.02296279237473585,0.01205787781350498,0.2501345359633629,1.6075,0.04656984002549285,1.9993971665063384,0.028970351493308153,0.01516329704510122,0.2502046416348979
G1,21/09/2024,Panetolikos,Asteras Tripolis,D,2.3,3.1,3.3,2.25,3.25,3.1,3.12,2.94,2.65,2.2,3.2,3.0,2024/25,€11.03m,€11.35m,2.3,3.29,3.16,3.0,3.0,2.55,2.4675000000000002,0.3783764659700707,1.9838788083961278,0.15334405915707017,0.07117527862208717,0.2542905705628943,3.1225,0.11840080236214622,1.9989553633265313,0.03791859162919014,0.020616493194555607,0.25037532706751675,3.0125,0.23551804601770965,1.9955308177652114,0.07818026423824387,0.04253112033195028,0.2516631548111542
G1,22/09/2024,Levadeiakos,OFI Crete,D,2.45,3.0,3.1,2.45,3.2,2.85,2.5,2.94,3.36,2.38,3.0,2.88,2024/25,€7.55m,€13.68m,2.45,3.1,3.09,2.45,3.0,3.1,2.4450000000000003,0.042720018726587705,1.9997793165636122,0.017472400297172883,0.009202453987730008,0.2500773173863211,3.0349999999999997,0.09836157786453009,1.9992496798608093,0.032409086611047806,0.016062602965403627,0.25024767336590364,3.0475,0.20461854754640396,1.996782836228159,0.06714308369037046,0.03589007383100884,0.25105604380528745
G1,22/09/2024,Panathinaikos,Panserraikos,H,1.2,6.5,13.0,1.2,6.75,13.5,1.17,7.34,17.35,1.15,6.5,13.0,2024/25,€101.15m,€13.53m,1.18,6.77,14.02,1.18,6.5,15.0,1.18,0.021213203435596444,1.9997664158959387,0.01797729104711563,0.009533898305084776,0.25008174141489964,6.7725,0.34317451828479334,1.9981738100086737,0.050671763497200935,0.02556293835363599,0.2505895672060963,14.2125,1.8229011904104957,1.988631097535012,0.12826041797083523,0.05958663148636778,0.25315885673886723
G1,22/09/2024,Atromitos,Lamia,H,1.85,3.4,4.33,1.82,3.6,4.1,1.68,3.49,6.21,1.83,3.5,3.7,2024/25,€8.73m,€6.88m,1.89,3.43,4.2,1.67,3.7,5.25,1.795,0.06726812023536861,1.9989729138446501,0.037475275897141294,0.018105849582172873,0.2503810996143861,3.4975,0.07084313657652383,1.9997042156751286,0.020255364282065428,0.010900643316654746,0.2501022577002743,4.585,0.9648963674923852,1.9697715186223939,0.21044631788274487,0.10577971646673934,0.2579462045958637
G1,22/09/2024,Athens Kallithea,AEK,D,8.5,5.0,1.33,7.75,4.8,1.36,6.18,4.35,1.53,8.0,4.8,1.3,2024/25,€7.45m,€78.90m,7.99,5.04,1.35,5.75,4.2,1.53,7.6075,0.8672766283026426,1.9902858590465615,0.1140028430236796,0.059234308248439005,0.2540231712273481,4.737500000000001,0.23815698604072075,1.9981529741743271,0.050270603913608596,0.025725593667546454,0.25068407160525574,1.3800000000000001,0.08916277250063503,1.9970468010582791,0.0646107047106051,0.032608695652173836,0.25092801943936827
G1,28/09/2024,Volos NFC,Athens Kallithea,D,2.3,3.3,3.0,2.3,3.2,3.1,2.66,2.88,3.17,2.2,3.2,3.0,2024/25,€9.35m,€7.45m,2.37,3.2,3.12,2.6,2.9,3.0,2.365,0.17514279888137,1.9961301066870127,0.07405615174687949,0.03646934460887952,0.2512010464207972,3.1449999999999996,0.1583508762211312,1.9981413961921533,0.050350040133905,0.025039745627980947,0.2506984609352025,3.0675,0.07189401922274201,1.9996047394601875,0.023437333079948497,0.012428687856560705,0.2501352732684675
G1,28/09/2024,Asteras Tripolis,Levadeiakos,D,1.8,3.4,4.75,1.78,3.5,4.4,2.01,3.06,4.64,1.75,3.4,4.2,2024/25,€11.35m,€7.55m,1.82,3.44,4.59,1.95,3.2,4.2,1.835,0.10259142264341585,1.997786876073482,0.05590813223074433,0.027247956403269713,0.25069817978889664,3.3400000000000003,0.16673332000533062,1.9981725517712803,0.049920155690218744,0.02470059880239539,0.2506875092212099,4.4975000000000005,0.21335123622796268,1.9983703372111752,0.04743774012850754,0.026264591439688845,0.25057590228718574
G1,29/09/2024,OFI Crete,Panetolikos,A,1.91,3.5,4.0,1.95,3.4,3.7,2.22,3.11,3.73,1.85,3.3,3.9,2024/25,€13.68m,€11.03m,1.89,3.34,4.35,2.15,3.25,3.3,1.9825,0.14166421566507195,1.9963924278839997,0.07145735973017502,0.036254728877679554,0.2511266602603647,3.3274999999999997,0.14411367041332343,1.9986383212463241,0.04330989343751268,0.0238542449286252,0.2504874782144125,3.8325,0.12316147936753596,1.9992565885612712,0.03213606767580847,0.01744944553163741,0.25025487693600956
G1,29/09/2024,Olympiakos,Atromitos,H,1.25,5.5,12.0,1.24,6.0,11.5,1.5,4.29,6.9,1.2,5.5,12.0,2024/25,€112.80m,€8.73m,1.22,6.21,11.94,1.48,4.0,7.0,1.2975,0.11840080236214619,1.994170587475149,0.09125302686870611,0.043834296724470034,0.2517349859896355,5.3225,0.6300942389833445,1.9895245745941172,0.11838313555347009,0.060239549084077026,0.25434648330516874,10.6,2.145926373387493,1.9676061000293754,0.202445884281839,0.09316037735849059,0.2672727272727273
G1,29/09/2024,PAOK,Aris,A,1.7,3.7,5.0,1.66,3.8,4.6,1.52,4.07,7.09,1.62,3.75,4.5,2024/25,€90.78m,€33.10m,1.69,3.73,4.94,1.5,4.1,6.5,1.625,0.06689544080129824,1.9987671582885356,0.04116642510849122,0.02230769230769214,0.25044595975709205,3.83,0.143003496460751,1.9990057355333941,0.03733772753544413,0.01892950391644921,0.2503254883030575,5.297499999999999,1.051674260405759,1.9731909255878661,0.19852274854285212,0.09638980651250573,0.25685660512415437
G1,29/09/2024,AEK,Panathinaikos,H,1.85,3.5,4.33,1.78,3.7,4.1,2.01,3.25,4.25,1.75,3.6,4.0,2024/25,€78.90m,€101.15m,1.83,3.54,4.32,1.95,3.4,4.0,1.8475,0.10059199769365346,1.9978886659118358,0.05444763068668658,0.028755074424898552,0.2506865220698356,3.5125,0.16723860200324572,1.9983484974686625,0.047612413381706964,0.025800711743772187,0.25060176238907717,4.17,0.12825755338380668,1.9993169086548275,0.03075720704647642,0.017086330935251803,0.25023791517968913
G1,30/09/2024,Lamia,Panserraikos,A,2.55,3.3,2.75,2.4,3.3,2.8,2.63,3.02,3.05,2.4,3.2,2.7,2024/25,€6.88m,€13.53m,2.48,3.49,2.74,2.6,3.2,2.8,2.495,0.09912113800799503,1.9988646361238607,0.03972791102524851,0.02104208416833675,0.25038777874302437,3.205,0.11434596626029263,1.999072993543571,0.03567736856795402,0.01833073322932921,0.25033696724665444,2.825,0.13462912017836248,1.9983844376928626,0.04765632572685397,0.024336283185840912,0.25052208891347844
G1,05/10/2024,Atromitos,Volos NFC,A,1.85,3.2,4.75,1.83,3.4,4.33,1.85,3.2,5.31,1.75,3.4,4.2,2024/25,€8.73m,€9.35m,1.86,3.25,4.69,1.8,3.25,4.75,1.8199999999999998,0.041231056256176644,1.9996268443639809,0.022654426514382774,0.01098901098901095,0.25013452638652023,3.3,0.09999999999999987,1.999337504168885,0.030303030303030266,0.015151515151515138,0.25022956841138655,4.6475,0.4331498008772483,1.9938211875702907,0.09320060266320566,0.0504303388918772,0.25199638060714574
G1,05/10/2024,Panetolikos,AEK,H,10.0,4.75,1.33,9.0,5.0,1.32,9.33,5.19,1.34,9.0,5.0,1.29,2024/25,€11.03m,€78.90m,9.5,5.25,1.3,9.0,4.5,1.36,9.3325,0.40825084200770484,1.9986353115035935,0.043745067453276706,0.022301098312349277,0.2504465760424354,4.985,0.15628499608087795,1.9992886453969303,0.031351052373295475,0.016549648946840634,0.25025086806288604,1.32,0.018708286933869722,1.99985462097225,0.014172944646871001,0.007575757575757569,0.2500512271626998
G1,05/10/2024,Aris,Lamia,H,1.48,4.1,7.0,1.49,4.33,6.0,1.37,5.01,8.51,1.44,4.2,6.0,2024/25,€33.10m,€6.88m,1.5,4.22,6.3,1.38,4.5,8.0,1.445,0.04716990566028297,1.9992253308826313,0.03264353332891555,0.01730103806228378,0.25027911724389695,4.41,0.35587919298548487,1.995415642845233,0.080698229701924,0.04053287981859399,0.25140491290721645,6.8774999999999995,1.027141056525344,1.984364108201183,0.14934802712109693,0.07751726644856416,0.25468773790308613
G1,06/10/2024,Panserraikos,OFI Crete,A,2.63,3.2,2.7,2.65,3.25,2.6,2.58,3.06,3.09,2.5,3.25,2.6,2024/25,€13.53m,€13.68m,2.68,3.1,2.78,2.4,3.2,3.0,2.59,0.05787918451395109,1.9996381497975617,0.022347175488012006,0.012065637065637125,0.25012824216852114,3.19,0.07778174593052022,1.9995677780492047,0.02438299245470853,0.01214733542319757,0.2501557353385382,2.7475,0.2019127286725628,1.996194461121231,0.07348961917108746,0.03571428571428559,0.2511712543908863
G1,06/10/2024,Athens Kallithea,Asteras Tripolis,A,2.38,3.1,3.1,2.45,3.2,2.8,2.65,3.0,3.05,2.3,3.1,2.9,2024/25,€7.45m,€11.35m,2.44,3.08,3.12,2.5,3.25,2.8,2.445,0.1297112177107285,1.9979897346613078,0.05305162278557403,0.02862985685071573,0.2506637881026733,3.1,0.07071067811865482,1.9996246239978286,0.022809896167308007,0.012096774193548487,0.25013027604430177,2.9625000000000004,0.11924240017711828,1.9988279654048107,0.040250599215904896,0.02215189873417711,0.2504119196980168
G1,06/10/2024,Levadeiakos,PAOK,A,6.0,4.33,1.5,6.75,4.33,1.44,6.63,4.09,1.54,7.0,4.2,1.4,2024/25,€7.55m,€90.78m,7.16,4.51,1.43,6.25,3.9,1.55,6.595,0.3685444342274076,1.997715384697684,0.05588240094426196,0.029567854435178065,0.2508503072547321,4.2375,0.10034316120194746,1.9995941315657177,0.023679802053556923,0.012536873156341999,0.2501430712771139,1.47,0.053851648071345085,1.999031607725165,0.036633774198193934,0.020408163265305923,0.25033615226134276
G1,06/10/2024,Panathinaikos,Olympiakos,D,2.7,3.2,2.63,2.6,3.3,2.6,2.92,3.05,2.72,2.5,3.3,2.5,2024/25,€101.15m,€112.80m,2.84,2.97,2.74,2.75,3.25,2.55,2.68,0.15556349186104043,1.9975904171838832,0.05804607905262702,0.03171641791044766,0.2508008267061548,3.2125000000000004,0.10231690964840562,1.9992626762497072,0.03184962168043754,0.01653696498054469,0.2502654276305437,2.6125000000000003,0.0785413903620251,1.999347236961654,0.03006369009072731,0.016507177033492804,0.25022777904696375
G1,19/10/2024,Volos NFC,Panserraikos,A,2.15,3.0,3.7,2.1,3.25,3.4,2.37,3.02,3.49,2.05,3.1,3.4,2024/25,€9.35m,€13.53m,2.17,3.14,3.61,2.3,3.0,3.3,2.1675,0.12214233500306115,1.9977444787707124,0.05635171165077792,0.02912341407151109,0.2507236094530387,3.0925,0.09832980219648568,1.9992760467931912,0.03179621736345536,0.016774454324979704,0.25024186272653887,3.4975,0.12255100978776155,1.9991230470848096,0.035039602512583715,0.01769120800571833,0.25028924366911853
G1,19/10/2024,Atromitos,Panetolikos,A,1.75,3.4,4.75,1.8,3.5,4.33,1.98,3.09,4.73,1.75,3.3,4.4,2024/25,€8.73m,€11.03m,1.79,3.38,4.93,1.9,3.2,4.5,1.8199999999999998,0.09460443964212249,1.9980830230882303,0.05198046134182555,0.025412087912087822,0.25061102726774853,3.3225,0.15171931320698764,1.9984841449182327,0.04566420262061329,0.02501881113619242,0.25054648425902326,4.5525,0.1892584212129014,1.9987521265014108,0.04157241542293276,0.021828665568369043,0.2504339146163919
G1,19/10/2024,Lamia,Asteras Tripolis,D,3.4,3.25,2.15,3.2,3.3,2.15,3.39,3.03,2.42,3.25,3.3,2.05,2024/25,€6.88m,€11.35m,3.45,3.19,2.21,3.2,3.1,2.35,3.31,0.08689073598491379,1.9995023352614205,0.026250977638946762,0.013972809667673669,0.25017339445979486,3.2199999999999998,0.111579568022107,1.9991229740251892,0.034652039758418324,0.016692546583850998,0.2503233455869077,2.1925,0.13754544703478921,1.997206978690416,0.06273452544346145,0.031641961231471116,0.2508929269151374
G1,20/10/2024,Olympiakos,Levadeiakos,D,1.22,6.0,12.0,1.25,6.0,11.0,1.18,6.9,17.86,1.18,5.8,12.0,2024/25,€112.80m,€7.55m,1.24,5.91,10.52,1.18,7.0,13.0,1.2074999999999998,0.029474565306379014,1.9995714069624242,0.02440957789348159,0.012939958592132594,0.2501464415234585,6.175000000000001,0.4264680527307997,1.9966346133331996,0.06906365226409711,0.0334008097165992,0.25104323727409794,13.215,2.712687781518544,1.9714272865333895,0.20527338490492197,0.09733257661748018,0.25719369706973083
G1,20/10/2024,OFI Crete,Panathinaikos,A,5.5,3.8,1.62,5.25,4.0,1.6,4.78,4.01,1.71,4.8,3.8,1.6,2024/25,€13.68m,€101.15m,4.84,4.05,1.65,5.0,3.75,1.7,5.0825000000000005,0.3056448101964108,1.9974017495623526,0.06013670638394703,0.03209542547958688,0.25088102511738386,3.9025,0.10256095748383011,1.9995017359754532,0.02628083471718901,0.013292761050608615,0.2501726398731137,1.6325,0.04548351349665058,1.9994453517198558,0.027861264010199435,0.013399693721286354,0.2501832547558738
G1,20/10/2024,Aris,Athens Kallithea,H,1.55,3.9,6.0,1.58,3.9,5.5,1.54,3.96,7.08,1.5,3.8,6.0,2024/25,€33.10m,€7.45m,1.52,4.11,6.26,1.53,3.9,6.5,1.5425,0.02861380785564902,1.999751360071807,0.018550280619545556,0.01012965964343615,0.2500869185163792,3.8899999999999997,0.05744562646538034,1.9998422849335045,0.014767513230174896,0.007712082262210762,0.25005537352426194,6.145,0.5771265025971343,1.993759252170696,0.09391806388887458,0.04820992676973135,0.25197179425011207
G1,20/10/2024,AEK,PAOK,D,2.05,3.4,3.7,2.0,3.4,3.5,2.0,3.59,3.84,2.0,3.3,3.4,2024/25,€78.90m,€90.78m,2.11,3.32,3.54,1.95,3.5,3.9,2.0125,0.02165063509461089,1.9999168559045242,0.01075807955011721,0.004658385093167849,0.25002822838646543,3.4225,0.10497023387608509,1.9993254752920622,0.030670630789214053,0.01588750913075243,0.25022702124547086,3.61,0.1711724276862369,1.9983802705879374,0.04741618495463626,0.026315789473684292,0.2505576010074665
G1,26/10/2024,Panetolikos,Volos NFC,A,1.9,3.3,4.2,1.95,3.25,3.9,2.7,2.87,3.14,1.91,3.2,3.9,2024/25,€11.03m,€9.35m,1.93,3.31,4.24,2.55,3.0,2.9,2.115,0.33826764551165706,1.9825149238970103,0.15993742104570072,0.07210401891252971,0.254575048161313,3.1550000000000002,0.16830032679706827,1.9979084144012196,0.053344002154379795,0.02654516640253557,0.2507956626696078,3.785,0.3920140303611594,1.9920149607278463,0.1035704175326709,0.05250990752972262,0.2532429386910798
G1,26/10/2024,Levadeiakos,Lamia,D,1.95,3.2,4.0,2.0,3.2,3.8,2.07,2.95,4.57,1.95,3.25,3.6,2024/25,€7.55m,€6.88m,1.99,3.11,4.27,2.0,3.1,4.0,1.9925000000000002,0.04918078893226496,1.9995628142167539,0.02468295554944289,0.012860727728983834,0.2501475965637626,3.1500000000000004,0.1172603939955857,1.9989868768364318,0.03722552190336054,0.017857142857142794,0.25037535634360475,3.9925,0.36217226564164196,1.9941669230118149,0.09071315357336053,0.04868503443957439,0.2518568429694996
G1,26/10/2024,Panserraikos,AEK,H,7.5,4.75,1.36,7.25,5.0,1.37,8.41,5.48,1.34,7.5,4.75,1.33,2024/25,€13.53m,€78.90m,7.5,5.18,1.36,8.0,5.0,1.33,7.665,0.4420689991392747,1.9976422520652988,0.05767371156415848,0.02837573385518599,0.2507484955798314,4.995,0.2980352328165247,1.997469875875098,0.059666713276581525,0.030530530530530564,0.25081368923864555,1.35,0.01581138830084191,1.999901046645946,0.011712139482105118,0.0064814814814815325,0.2500342986345002
G1,27/10/2024,Asteras Tripolis,Olympiakos,H,8.0,4.1,1.42,7.5,4.33,1.43,5.2,3.92,1.68,7.5,4.33,1.36,2024/25,€11.35m,€112.80m,7.45,4.49,1.41,5.5,3.75,1.65,7.05,1.087428158546577,1.9817502300274894,0.1542451288718549,0.07446808510638303,0.2585221966910104,4.17,0.17219175357722574,1.9987630436822306,0.041292986469358695,0.021882494004796138,0.25044081623211234,1.4725,0.12275483697190914,1.9951119977424263,0.08336491475172099,0.04117147707979596,0.251491890921866
G1,27/10/2024,Panathinaikos,Aris,D,1.73,3.5,4.75,1.68,3.7,4.8,2.0,3.28,4.24,1.67,3.6,4.4,2024/25,€101.15m,€33.10m,1.74,3.5,4.99,1.95,3.25,4.0,1.77,0.13472193585307482,1.9959249495094145,0.07611408805258464,0.03672316384180796,0.2512427334741309,3.52,0.1555634918610406,1.9985799128661577,0.04419417382415926,0.024147727272727293,0.2505123866834255,4.5475,0.2350930666778583,1.9980660059876971,0.05169721092421292,0.027899945024738804,0.25067999921957795
G1,27/10/2024,PAOK,OFI Crete,A,1.27,5.0,11.0,1.27,5.75,9.75,1.26,6.22,10.48,1.25,5.5,9.0,2024/25,€90.78m,€13.68m,1.31,5.55,8.2,1.25,5.5,11.0,1.2625,0.008291561975888507,1.9999688521265226,0.006567573842287926,0.0034653465346534684,0.250010854023558,5.6175,0.44036206694037566,1.9955533055607977,0.07839111115983546,0.043502447708055225,0.25157199811682823,10.057500000000001,0.7549296324823924,1.9959118726428178,0.07506136042579094,0.04182202336564744,0.2514603061493309
G1,27/10/2024,Athens Kallithea,Atromitos,A,2.7,3.1,2.63,2.65,3.2,2.6,3.15,3.17,2.47,2.6,3.25,2.45,2024/25,€7.45m,€8.73m,2.76,3.15,2.67,2.8,3.2,2.5,2.775,0.219374109684803,1.9956086153027708,0.07905373321974883,0.03828828828828823,0.25133228357029885,3.18,0.05431390245600107,1.9997892456728756,0.017079843539622976,0.009433962264151052,0.25007361610771417,2.5375,0.07854139036202494,1.9993090102712394,0.030952272063852194,0.01650246305418701,0.25023913576959345
G1,02/11/2024,Olympiakos,Panserraikos,H,1.17,7.0,19.0,1.16,7.5,15.5,1.11,9.57,29.12,1.11,7.0,17.0,2024/25,€112.80m,€13.53m,1.15,7.17,17.44,1.1,9.5,29.0,1.1375000000000002,0.02772634126602346,1.9995715483700585,0.024374805508592046,0.012637362637362592,0.25014819892457685,7.7675,1.0605040075360395,1.9871035553571743,0.13653093112790982,0.06606050852912793,0.2536089145811411,20.155,5.3227882730764335,1.9529440529209778,0.26409269526551393,0.13290746712974455,0.2616237013837021
G1,02/11/2024,Athens Kallithea,Panetolikos,D,2.4,3.25,3.0,2.45,3.1,2.9,2.99,2.77,2.91,2.3,3.2,2.88,2024/25,€7.45m,€11.03m,2.44,3.11,3.1,2.75,3.1,2.7,2.535,0.2681883666380779,1.9921838992280805,0.10579422747064215,0.05226824457593704,0.25229925364566874,3.08,0.1869491909583992,1.9972911623935745,0.060697789272207536,0.03125,0.2510323604522734,2.9225000000000003,0.04602988159880495,1.9998219446815355,0.015750173344330178,0.007912745936698107,0.25006019165167104
G1,03/11/2024,Aris,Levadeiakos,H,1.55,4.0,6.25,1.53,4.0,6.0,1.4,4.46,9.47,1.5,3.8,6.0,2024/25,€33.10m,€7.55m,1.56,3.84,6.26,1.4,4.5,8.5,1.495,0.05766281297335403,1.9989146362446606,0.038570443460437476,0.020066889632106788,0.25039806045512625,4.065,0.24222923027578652,1.9974735111094706,0.05958898653770885,0.03044280442804448,0.25081866819897747,6.93,1.4700170067043443,1.9696839127497594,0.2121236661911031,0.09613997113997108,0.2573231230221241
G1,03/11/2024,Volos NFC,Panathinaikos,A,6.5,4.2,1.5,6.25,4.1,1.51,6.41,3.99,1.57,6.5,4.0,1.44,2024/25,€9.35m,€101.15m,6.72,4.2,1.48,5.5,3.9,1.57,6.415,0.10210288928331068,1.9998165042355982,0.015916272686408522,0.008183943881527656,0.2500649239974003,4.0725,0.08525696452489966,1.9996848457510483,0.020934797918944054,0.011203192142418716,0.2501075210188186,1.505,0.04609772228646448,1.999323037231218,0.030629715804959788,0.01661129568106312,0.2502351905762974
G1,03/11/2024,Atromitos,AEK,A,5.75,3.9,1.57,5.5,4.0,1.55,5.09,4.12,1.66,5.5,3.9,1.5,2024/25,€8.73m,€78.90m,5.09,4.0,1.63,5.25,3.7,1.65,5.46,0.23674881203503437,1.9986332202426536,0.04336058828480483,0.022664835164835084,0.250493012783521,3.9800000000000004,0.09055385138137424,1.9996281771805384,0.022752223965169405,0.011934673366834181,0.2501261326198246,1.57,0.0578791845139511,1.9990250648606336,0.03686572262035102,0.01990445859872625,0.2503289050931769
G1,03/11/2024,Lamia,PAOK,A,8.0,5.0,1.36,8.25,4.8,1.36,8.55,4.9,1.38,8.5,4.8,1.29,2024/25,€6.88m,€90.78m,8.68,4.95,1.34,7.5,4.5,1.4,8.325,0.21937410968480325,1.9994971362582963,0.026351244406582975,0.014264264264264304,0.25017771597803495,4.875,0.0829156197588851,1.9997918936490342,0.017008332258232842,0.008974358974358942,0.25007114557165405,1.3475,0.034186985827943335,1.9995318453033786,0.02537067593910452,0.012523191094619746,0.25016906787269394
G1,04/11/2024,Asteras Tripolis,OFI Crete,H,2.05,3.4,3.5,2.05,3.4,3.4,2.37,3.22,3.27,2.0,3.4,3.3,2024/25,€11.35m,€13.68m,2.1,3.35,3.55,2.3,3.25,3.1,2.1174999999999997,0.14720309100015538,1.9965956932860767,0.06951739834718083,0.032762691853601034,0.2510461011954831,3.355,0.07794228634059935,1.9996071159517763,0.02323167998229489,0.010059612518628969,0.2501424688503292,3.3674999999999997,0.0903811374126261,1.9994820567190772,0.026839239023793943,0.014662212323682366,0.2501766171187867
G1,09/11/2024,Panetolikos,Aris,H,3.5,3.4,2.1,3.5,3.2,2.1,3.42,3.17,2.32,3.4,3.1,2.05,2024/25,€11.03m,€33.10m,3.67,3.19,2.12,3.2,3.2,2.3,3.455,0.045552167895721536,1.999874565612263,0.013184419072567738,0.006874095513748291,0.2500435412432117,3.2175,0.11143944544011328,1.9991421448718438,0.034635414278201486,0.018065268065268203,0.2502847569007547,2.1425,0.10449282272003178,1.9983111039281534,0.04877144584365544,0.02362893815635947,0.2505405446671914
G1,09/11/2024,Panserraikos,Atromitos,A,3.25,3.1,2.3,3.1,3.1,2.3,3.56,2.95,2.39,3.1,3.25,2.15,2024/25,€13.53m,€8.73m,3.38,2.89,2.42,3.3,3.0,2.3,3.2525,0.1877997603832337,1.997630917150766,0.05774012617470675,0.029400461183704873,0.2507614176584128,3.0999999999999996,0.10606601717798206,1.9991552206805414,0.03421484425096196,0.01814516129032273,0.25029369372629695,2.285,0.08616843969807049,1.9989671458638185,0.03771047689193457,0.01969365426695857,0.2503707588910181
G1,09/11/2024,AEK,Asteras Tripolis,H,1.27,5.25,12.0,1.27,5.5,10.5,1.28,5.81,11.08,1.22,5.0,11.0,2024/25,€78.90m,€11.35m,1.29,5.4,9.52,1.3,5.0,10.0,1.26,0.02345207879911717,1.9997484440895947,0.018612760951680293,0.008928571428571175,0.2500901001052775,5.39,0.30008332176247304,1.9977672962978363,0.055674085670217636,0.031076066790352463,0.2507691408975143,11.145,0.5413640180137576,1.9983119844782493,0.04857460906359422,0.02568416330192913,0.2505622110273462
G1,10/11/2024,OFI Crete,Athens Kallithea,D,1.9,3.5,4.0,1.9,3.4,3.9,1.84,3.5,4.73,1.85,3.4,3.75,2024/25,€13.68m,€7.45m,1.92,3.51,3.99,1.8,3.7,4.2,1.8725,0.02772634126602346,1.999841799946377,0.014807124841668068,0.007676902536715602,0.25005489363558553,3.45,0.050000000000000044,1.9998484829291057,0.014492753623188418,0.007246376811594457,0.25005250997689565,4.095000000000001,0.37725985739275275,1.9940409313965102,0.09212694930225951,0.046398046398046455,0.25180292367880613
G1,10/11/2024,Levadeiakos,Volos NFC,H,2.25,3.1,3.4,2.2,3.1,3.3,2.54,2.9,3.34,2.15,3.1,3.2,2024/25,€7.55m,€9.35m,2.27,3.17,3.35,2.6,2.9,3.0,2.285,0.1514100392972672,1.9968957838314587,0.06626259925482153,0.03336980306345727,0.2509723873953251,3.0500000000000003,0.08660254037844395,1.9994118808032226,0.028394275533916047,0.012295081967212962,0.25021545532892847,3.3099999999999996,0.07280109889280509,1.999650040464146,0.02199428969571151,0.012084592145015005,0.250123082246474
G1,10/11/2024,Panathinaikos,Lamia,H,1.3,5.0,11.0,1.29,5.5,9.5,1.18,7.46,15.5,1.25,5.0,10.0,2024/25,€101.15m,€6.88m,1.31,5.68,8.09,1.2,6.25,13.0,1.255,0.04716990566028306,1.998971747076754,0.03758558219942874,0.019920318725099806,0.2503727721975598,5.74,1.013804714922948,1.978628913958307,0.17662103047438119,0.08580139372822293,0.25567960392323774,11.5,2.3717082451262845,1.9709884138266973,0.20623549957619866,0.1032608695652173,0.25755671848779244
G1,10/11/2024,PAOK,Olympiakos,A,2.63,3.2,2.8,2.5,3.3,2.7,2.21,3.14,3.73,2.4,3.3,2.62,2024/25,€90.78m,€112.80m,2.64,3.09,2.85,2.15,3.25,3.5,2.4349999999999996,0.15337861650177964,1.9971188512805476,0.06298916488779452,0.03490759753593409,0.2510344126675279,3.2350000000000003,0.06837397165588657,1.999677105301499,0.021135694484045307,0.011205564142194868,0.2501130304167063,2.9625000000000004,0.4476815274277016,1.984302439729646,0.1511161274017558,0.07236286919831225,0.2542430721413741
G1,22/11/2024,Athens Kallithea,Panserraikos,A,2.05,3.3,3.7,2.1,3.2,3.4,2.22,3.13,3.7,2.0,3.25,3.4,2024/25,€7.45m,€13.53m,2.09,3.25,3.93,2.2,3.1,3.5,2.0925000000000002,0.08166241485530548,1.9989087356170452,0.03902624365844945,0.02120669056152935,0.2503658539188831,3.2199999999999998,0.06284902544988265,1.999724804956523,0.019518330885056723,0.010869565217391353,0.2500960621502678,3.55,0.15000000000000013,1.9987117514654893,0.042253521126760604,0.021126760563380254,0.25044634001190247
G1,23/11/2024,Lamia,OFI Crete,D,2.8,3.2,2.55,2.75,3.1,2.55,3.66,3.05,2.28,2.62,3.2,2.45,2024/25,€6.88m,€13.68m,2.86,2.98,2.7,3.4,3.1,2.25,2.9575,0.4108755894428386,1.9866736150830953,0.13892665746165295,0.06699070160608622,0.2536920784442056,3.1375,0.06495190528383303,1.999690371339926,0.020701802480902958,0.010956175298804771,0.2501081293894304,2.4575,0.11031205736455103,1.9985293244654958,0.044887917544069594,0.02314343845371325,0.2505405077950329
G1,23/11/2024,Aris,Volos NFC,A,1.53,3.9,6.5,1.49,4.2,6.25,1.52,4.28,6.6,1.44,4.0,6.5,2024/25,€33.10m,€9.35m,1.56,4.23,5.45,1.48,4.1,7.5,1.495,0.03500000000000003,1.9996026244791152,0.023411371237458213,0.012541806020067048,0.2501412586316456,4.095,0.15190457530963325,1.9990064024030965,0.037095134385746825,0.0204517704517706,0.25034590423241543,6.4625,0.1293010054098574,1.9997096565325847,0.020007892519900563,0.010154738878143332,0.25010341161159066
G1,24/11/2024,Panetolikos,Panathinaikos,A,5.5,3.5,1.67,5.25,3.6,1.65,5.59,3.77,1.67,5.5,3.5,1.6,2024/25,€11.03m,€101.15m,5.51,3.72,1.64,5.25,3.7,1.67,5.46,0.12668859459319923,1.9996090016510124,0.02320303930278374,0.011675824175824134,0.25014018393182696,3.5925,0.11031205736455106,1.9993248601221942,0.030706209426458197,0.015831593597773086,0.2502254966080437,1.6475,0.028613807855648928,1.9997812495165936,0.017368016907829395,0.008725341426403688,0.2500778468748162
G1,24/11/2024,Asteras Tripolis,PAOK,A,6.25,3.6,1.6,5.25,3.8,1.63,6.19,4.19,1.56,5.5,3.6,1.55,2024/25,€11.35m,€90.78m,5.64,3.99,1.58,6.5,3.8,1.53,5.7975,0.4321675022488388,1.9959756969921754,0.0745437692537885,0.039780077619663734,0.25141748723478907,3.7975000000000003,0.24087081599895008,1.9971436421629434,0.0634287863065043,0.032422646477946016,0.2509139413848155,1.585,0.032015621187164195,1.999706201619437,0.020199130086538925,0.011041009463722551,0.2501009245666462
G1,24/11/2024,Olympiakos,AEK,H,2.2,3.25,3.3,2.1,3.4,3.25,2.28,3.19,3.49,2.1,3.25,3.2,2024/25,€112.80m,€78.90m,2.16,3.33,3.42,2.2,3.2,3.3,2.17,0.0754983443527074,1.999130520895219,0.03479186375700802,0.018433179723502224,0.25029492455418384,3.2725,0.07758060324591448,1.9995970655028477,0.023706830632823372,0.012032085561497485,0.2501354588681196,3.31,0.1097724920005008,1.999213436199299,0.033163894864199635,0.017371601208459264,0.2502611347883148
G1,25/11/2024,Atromitos,Levadeiakos,H,1.73,3.5,5.0,1.75,3.5,4.6,1.97,3.19,4.56,1.67,3.5,4.6,2024/25,€8.73m,€7.55m,1.72,3.53,5.12,1.9,3.2,4.5,1.78,0.11357816691600547,1.9971162213766736,0.0638079589415761,0.032303370786516794,0.25091230527609887,3.4225,0.13423393758658803,1.9988729173682438,0.03922101901726458,0.016983199415631978,0.2504219232676267,4.6899999999999995,0.17972200755611445,1.9989553941470446,0.03832025747465127,0.01759061833688702,0.2503374475720648
G1,30/11/2024,Volos NFC,Lamia,D,1.95,3.25,4.1,1.95,3.3,3.8,1.93,3.12,4.9,1.91,3.2,3.9,2024/25,€9.35m,€6.88m,1.99,3.29,4.0,1.91,3.1,4.75,1.9349999999999998,0.016583123951777013,1.9999469438576978,0.008570089897559181,0.004521963824289266,0.2500185194600221,3.2175000000000002,0.06647367900154155,1.999691455996353,0.020660040093719207,0.01146076146076136,0.25010807780075867,4.175,0.4322904116447648,1.9924926362017734,0.10354261356760834,0.05239520958083821,0.252239670321628
G1,30/11/2024,Levadeiakos,Panetolikos,D,2.38,3.2,3.0,2.45,3.0,3.0,2.24,2.93,3.98,2.38,2.88,3.1,2024/25,€7.55m,€11.03m,2.47,2.91,3.26,2.15,3.0,3.7,2.3625,0.07628073151196174,1.999242420768632,0.032288140322523494,0.016666666666666607,0.2502725314373807,3.0025,0.12173228823939858,1.9988258010063629,0.040543643043929586,0.02144046627810159,0.2503875818743573,3.27,0.4119465984809196,1.98902879880931,0.125977553052269,0.05810397553516822,0.25305288049116775
G1,30/11/2024,AEK,Aris,H,1.45,4.1,7.5,1.44,4.2,7.0,1.42,4.52,8.32,1.4,4.2,7.0,2024/25,€78.90m,€33.10m,1.45,4.28,7.23,1.4,4.5,8.0,1.4274999999999998,0.01920286436967154,1.9998692968307612,0.013452094129367105,0.00744308231173374,0.2500455923607841,4.255,0.15835087622113103,1.9990118160170784,0.037215247055494956,0.018507638072855492,0.2503242703433314,7.455,0.5395136698916907,1.9962826874557826,0.07236937221887199,0.03739101274312562,0.2511877393464748
G1,01/12/2024,Panserraikos,Asteras Tripolis,H,2.8,3.25,2.5,2.75,3.25,2.5,2.5,2.9,3.4,2.62,3.2,2.45,2024/25,€13.53m,€11.35m,2.85,3.17,2.58,2.4,2.9,3.3,2.6675,0.11691342951089916,1.9986075445861586,0.043828839554226486,0.024133083411433942,0.2504944280121428,3.15,0.14577379737113255,1.9984278861542886,0.04627739599083573,0.021825396825396748,0.25059411148597327,2.7125,0.39745282738961607,1.9852660962963655,0.14652638797773865,0.06566820276497687,0.2539393245714711
G1,01/12/2024,OFI Crete,Olympiakos,A,8.5,4.2,1.42,7.25,4.6,1.4,9.47,5.14,1.34,8.0,4.4,1.33,2024/25,€13.68m,€112.80m,7.85,4.81,1.37,9.5,4.5,1.36,8.305,0.8064273060853039,1.9932198588372076,0.09710142156355255,0.05388320288982529,0.2523268330800728,4.585,0.3502499107780041,1.9958499884311027,0.07639038403009904,0.04116684841875662,0.25134199672523644,1.3725,0.03832427429188966,1.9994378785590057,0.027922968518680986,0.015027322404371546,0.2501941801820338
G1,01/12/2024,PAOK,Athens Kallithea,D,1.25,6.0,11.0,1.23,6.0,12.0,1.24,6.54,11.06,1.22,5.5,10.0,2024/25,€90.78m,€7.45m,1.29,5.72,8.15,1.22,6.25,11.0,1.235,0.011180339887498959,1.9999408805520218,0.009052906791497131,0.005060728744939347,0.25002049200477244,6.01,0.3678314831549904,1.9972990729335587,0.06120324178951588,0.032445923460898474,0.2509376284222333,11.015,0.7075839172847275,1.997015161046785,0.06423821309893123,0.034384929641398054,0.2510529656497628
G1,01/12/2024,Panathinaikos,Atromitos,D,1.48,4.1,7.0,1.49,4.1,6.5,1.49,4.41,6.77,1.44,4.2,6.0,2024/25,€101.15m,€8.73m,1.45,4.52,6.47,1.48,4.1,7.0,1.475,0.020615528128088322,1.9998584028619129,0.013976629239381913,0.006779661016949268,0.25005027443122385,4.2025,0.1265652005884716,1.9993510253544873,0.030116644994282356,0.015318262938727178,0.25021593736110265,6.5675,0.37238253181372505,1.9976586226723787,0.056700804235055205,0.031119147316330587,0.25085196142976657
G1,07/12/2024,Olympiakos,Volos NFC,H,1.13,8.5,19.0,1.13,8.75,16.5,1.16,7.9,17.57,1.08,7.5,21.0,2024/25,€112.80m,€9.35m,1.11,9.55,17.57,1.17,7.5,15.0,1.125,0.028722813232690082,1.9995276552741807,0.025531389540168963,0.01333333333333342,0.2501675218044494,8.1625,0.49164901098242836,1.9973732313160615,0.06023265065634651,0.033307810107197744,0.2509267621227778,18.5175,1.685502521505085,1.9940699692524129,0.09102214237910544,0.050391521533684314,0.2519808845313708
G1,07/12/2024,Aris,Atromitos,H,1.83,3.25,4.75,1.85,3.4,4.2,2.11,3.04,4.24,1.8,3.4,4.0,2024/25,€33.10m,€8.73m,1.83,3.49,4.45,2.05,3.1,4.0,1.8975,0.1239707626821743,1.9969888464852228,0.06533373527387315,0.0312911725955205,0.2509320422765646,3.2725,0.14754236679679494,1.9985183118664573,0.045085520793520226,0.023491214667685334,0.25054097496507777,4.297499999999999,0.2766202270261522,1.997056490854934,0.06436770844122215,0.033304246655031955,0.25094661663016515
G1,08/12/2024,Panserraikos,PAOK,A,9.5,4.75,1.33,8.0,5.25,1.34,8.49,5.04,1.37,9.0,4.8,1.29,2024/25,€13.53m,€90.78m,8.46,5.1,1.33,8.0,4.5,1.38,8.7475,0.5601506493792541,1.997039451883737,0.06403551293275268,0.0357959416976279,0.2510317084870183,4.96,0.20012496096189505,1.9988309006311675,0.040347774387478844,0.021925403225806273,0.25039613339244504,1.3325,0.02861380785564902,1.999666719460505,0.02147377700236324,0.011726078799249695,0.2501166829859254
G1,08/12/2024,OFI Crete,AEK,A,7.5,4.33,1.42,6.25,4.5,1.44,9.24,5.54,1.32,7.0,4.4,1.36,2024/25,€13.68m,€78.90m,7.03,4.69,1.41,8.5,5.0,1.33,7.4975000000000005,1.1000085226942562,1.9848292550825097,0.14671670859543262,0.07894298099366459,0.25472870494467426,4.6925,0.4930200300190652,1.9923143615935597,0.10506553649846888,0.04968034096963225,0.25222162498179396,1.385,0.04769696007084722,1.9991424163330875,0.03443823831830124,0.018953068592057587,0.2503007393874223
G1,08/12/2024,Asteras Tripolis,Panathinaikos,A,5.75,3.4,1.67,5.0,3.6,1.68,6.12,4.05,1.58,5.0,3.6,1.6,2024/25,€11.35m,€101.15m,5.24,3.79,1.65,6.0,3.6,1.6,5.4675,0.4854572586747468,1.9943392068115875,0.08878962207128428,0.046982167352537685,0.2519088958776391,3.6624999999999996,0.23815698604072055,1.996993975083099,0.06502579823637422,0.03327645051194539,0.25097035217753605,1.6324999999999998,0.04322904116447639,1.9994938564867697,0.026480270238576655,0.01416539050535981,0.2501758995748132
G1,08/12/2024,Lamia,Panetolikos,A,2.75,3.2,2.6,2.75,3.1,2.6,2.59,2.76,3.46,2.75,3.0,2.5,2024/25,€6.88m,€11.03m,2.94,2.85,2.76,2.5,2.7,3.5,2.71,0.06928203230275516,1.9995237752554071,0.025565325572972385,0.011070110701107083,0.2501734881232922,3.015,0.16332482971061088,1.9978600350024824,0.054170756122922346,0.029436152570480933,0.2507838705543506,2.79,0.3889730067755345,1.986613515500671,0.1394168483066432,0.06451612903225801,0.25365256020724036
G1,09/12/2024,Athens Kallithea,Levadeiakos,A,2.45,3.0,3.2,2.37,3.1,3.0,2.46,2.93,3.44,2.25,3.1,3.0,2024/25,€7.45m,€7.55m,2.49,2.83,3.32,2.35,3.0,3.25,2.3825000000000003,0.08407585860400121,1.9990944381368005,0.0352889228138515,0.01862539349422887,0.25032671258436123,3.0324999999999998,0.07189401922274201,1.9995934338307246,0.023707838160838258,0.01257213520197853,0.2501428449795298,3.1599999999999997,0.18110770276274832,1.9976547352981424,0.05731256416542669,0.030063291139240444,0.2507719107883512
G1,14/12/2024,Lamia,AEK,A,13.0,5.75,1.22,10.5,5.75,1.25,12.94,5.65,1.27,11.0,5.0,1.25,2024/25,€6.88m,€78.90m,12.29,5.81,1.23,10.0,5.5,1.29,11.86,1.1241885962773326,1.9934932051903438,0.0947882458918493,0.04974704890387849,0.25228374041440665,5.5375,0.3129996006387229,1.9976447092150746,0.05652362991218472,0.026523702031602703,0.2509086222512361,1.2475,0.01785357107135714,1.9998519540982647,0.01431147981671915,0.007515030060120331,0.25005184123015667
G1,14/12/2024,Atromitos,OFI Crete,D,1.9,3.3,4.33,1.95,3.4,3.7,1.79,3.4,5.31,1.95,3.3,3.8,2024/25,€8.73m,€13.68m,1.88,3.48,4.17,1.75,3.5,4.75,1.8975,0.06533567172685986,1.999136033155216,0.0344325015688326,0.017457180500658698,0.25031498844246064,3.35,0.050000000000000044,1.9998393017810485,0.014925373134328372,0.007462686567164312,0.2500556916907997,4.285,0.638376847951114,1.9844696213525972,0.1489794277598866,0.07817969661610258,0.2546181847213646
G1,14/12/2024,Volos NFC,Asteras Tripolis,H,2.5,3.1,2.9,2.5,3.0,2.95,2.13,3.07,4.09,2.5,2.8,2.9,2024/25,€9.35m,€11.35m,2.61,2.84,3.13,2.0,3.1,4.0,2.4074999999999998,0.1602146997001212,1.9967176756890783,0.06654816186920923,0.028816199376946905,0.25129915565953576,2.9924999999999997,0.11691342951089928,1.9988861879401492,0.03906881520832056,0.020258980785296643,0.2504088676864602,3.21,0.5084781214565677,1.9828452299296615,0.15840439920765348,0.07048286604361365,0.2544925247292365
G1,15/12/2024,Aris,Panserraikos,H,1.5,4.33,6.0,1.53,4.1,5.75,1.69,3.67,5.6,1.5,3.9,5.8,2024/25,€33.10m,€13.53m,1.48,4.26,6.49,1.65,4.0,4.75,1.5550000000000002,0.07889866919029748,1.9981749955125492,0.05073869401305303,0.02411575562700974,0.25057922270628946,4.0,0.2438237068047322,1.9973169273186546,0.06095592670118305,0.03406250000000011,0.25093611481844363,5.7875,0.14306903927824507,1.9995600160099656,0.024720352359092024,0.013498920086393085,0.2501511344931759
G1,15/12/2024,Levadeiakos,Panathinaikos,A,8.0,4.2,1.42,7.0,4.2,1.44,7.83,4.32,1.46,7.0,4.0,1.44,2024/25,€7.55m,€101.15m,7.5,4.31,1.43,7.5,3.75,1.5,7.4575,0.461431197471519,1.9972393311371146,0.06187478343567134,0.03209855849815613,0.25095182479483147,4.18,0.11489125293076068,1.9994523667196085,0.027485945677215476,0.014354066985646119,0.25019459112969683,1.44,0.014142135623730963,1.9999304233493729,0.009820927516479836,0.005208333333333481,0.25002411963248383
G1,15/12/2024,Panetolikos,PAOK,A,7.0,4.1,1.48,6.0,4.33,1.49,6.05,4.06,1.58,6.0,4.0,1.44,2024/25,€11.03m,€90.78m,6.76,4.26,1.47,6.25,3.9,1.55,6.2625,0.4262848226244983,1.9967390146950774,0.06806943275441091,0.03043912175648722,0.25099683842071585,4.1225,0.12497499749949997,1.999342723424747,0.030315342025348694,0.015615524560339766,0.25021824849711244,1.4975,0.05117372372614685,1.9991638353904186,0.0341727704348226,0.017946577629382343,0.25027941060388037
G1,16/12/2024,Athens Kallithea,Olympiakos,D,10.0,4.75,1.33,8.5,5.0,1.33,10.55,5.44,1.31,8.0,4.5,1.36,2024/25,€7.45m,€112.80m,8.59,5.05,1.34,11.0,5.0,1.29,9.2625,1.0460491145256998,1.9907816606492237,0.11293377754663426,0.061740890688259054,0.25320501762755326,4.9225,0.3471581051912804,1.996436464947977,0.07052475473667452,0.038979177247333796,0.251196254294213,1.3325,0.01785357107135714,1.9998707331629872,0.013398552398767085,0.007035647279549639,0.2500444098503159
G1,21/12/2024,Olympiakos,Lamia,H,1.14,7.5,19.0,1.15,8.0,15.5,1.12,9.36,23.69,1.17,6.5,17.0,2024/25,€112.80m,€6.88m,1.13,8.38,17.61,1.13,8.5,17.0,1.145,0.018027756377319886,1.9998211659679186,0.0157447653950392,0.008733624454148492,0.2500620136974597,7.84,1.0304368005850721,1.9876056481545705,0.131433265380749,0.07238520408163263,0.2542356909045209,18.7975,3.08553378688356,1.981092902673957,0.16414596552113633,0.08834286474265185,0.2557452386444737
G1,22/12/2024,Panserraikos,Panetolikos,D,2.38,3.2,3.1,2.37,3.2,2.95,2.54,2.86,3.39,2.38,3.0,3.0,2024/25,€13.53m,€11.03m,2.35,3.1,3.25,2.5,2.88,3.3,2.4175,0.07084313657652379,1.9993872648298932,0.02930429641221253,0.013185108583247063,0.2502010042181303,3.065,0.14378803844548418,1.9984033043145208,0.04691289998221344,0.024877650897226822,0.250569112259313,3.1100000000000003,0.17044060549059312,1.9978643261269744,0.05480405321240936,0.02853697749196127,0.250688856289027
G1,22/12/2024,Panathinaikos,Athens Kallithea,H,1.22,6.0,13.0,1.22,6.25,12.5,1.2,6.63,16.34,1.2,6.0,13.0,2024/25,€101.15m,€7.45m,1.19,6.42,14.21,1.18,6.5,17.0,1.21,0.010000000000000009,1.9999507304328825,0.008264462809917363,0.004132231404958775,0.25001707533638406,6.22,0.2577789750930048,1.99877229719326,0.04144356512749273,0.021503215434083733,0.25040644674712736,13.71,1.5320900756809306,1.9913192012992877,0.1117498231714756,0.052516411378555894,0.25248947458465715
G1,22/12/2024,PAOK,Atromitos,H,1.5,4.0,7.0,1.49,4.2,6.25,1.33,5.32,9.49,1.44,4.0,6.5,2024/25,€90.78m,€8.73m,1.53,4.35,5.54,1.3,5.0,11.0,1.44,0.06745368781616018,1.9983960478787788,0.04684283876122235,0.02430555555555558,0.25059387719713117,4.38,0.5488169093604899,1.9891259152369132,0.12530066423755476,0.05936073059360725,0.2530583881594005,7.3100000000000005,1.2872645415764392,1.9787340410484187,0.17609638051661275,0.0873803009575922,0.2556903405735328
G1,22/12/2024,AEK,Levadeiakos,D,1.18,6.5,17.0,1.17,7.25,14.5,1.19,7.13,15.36,1.18,6.0,15.0,2024/25,€78.90m,€7.55m,1.16,7.48,15.27,1.2,6.0,17.0,1.1799999999999997,0.007071067811865481,1.9999740966620574,0.0059924303490385454,0.0031779661016948513,0.2500089782725341,6.72,0.5039345195558644,1.9959047897908637,0.07499025588628935,0.040736607142857206,0.2514865093328167,15.465,0.9373766585530066,1.9973891054747317,0.06061278102508934,0.03176527643064975,0.2508403324810926
G1,23/12/2024,Asteras Tripolis,Aris,H,3.3,3.1,2.3,3.0,3.2,2.35,2.96,2.96,2.76,3.1,3.1,2.2,2024/25,€11.35m,€33.10m,3.4,3.1,2.28,2.9,3.0,2.7,3.09,0.13152946437965898,1.9987051802416997,0.042566169702155016,0.02265372168284774,0.2504282635066609,3.09,0.08544003745317538,1.9994465895061933,0.027650497557661937,0.014563106796116498,0.2501952563077662,2.4025,0.21335123622796273,1.9944528900701282,0.08880384442370978,0.04500520291363164,0.25169490334598654
G1,23/12/2024,OFI Crete,Volos NFC,H,2.15,3.2,3.6,2.05,3.3,3.5,2.22,3.1,3.76,2.15,3.2,3.3,2024/25,€13.68m,€9.35m,2.22,3.19,3.42,2.15,3.2,3.6,2.1425,0.06057020719792871,1.9994213263741007,0.02827080849378236,0.014877479579930242,0.2502044449576999,3.1999999999999997,0.07071067811865465,1.9996477221810776,0.02209708691207958,0.01171875,0.25012224927205307,3.5399999999999996,0.16673332000533067,1.9983945735632882,0.04709980791111036,0.026129943502825048,0.25056626673996774
G1,04/01/2025,Athens Kallithea,Lamia,H,2.25,3.2,3.25,2.37,3.1,3.0,2.09,3.03,4.31,2.3,3.0,3.1,2024/25,€7.45m,€6.88m,2.31,3.09,3.34,2.05,3.1,4.0,2.2525,0.1030473192276248,1.99847576159064,0.04574797745954486,0.024694783573806944,0.25055462557786723,3.0825,0.07693341276714569,1.9995524776388183,0.024958122552196493,0.013584752635847464,0.2501520054949589,3.415,0.5243329095145562,1.98378288664747,0.1535381872663415,0.07467057101024888,0.25440488004903217
G1,05/01/2025,Levadeiakos,Panserraikos,H,2.0,3.2,4.0,2.05,3.25,3.5,2.01,3.11,4.54,2.05,3.1,3.6,2024/25,€7.55m,€13.53m,2.08,3.05,4.02,1.95,3.0,4.33,2.0275,0.022776083947860702,1.999908944316974,0.011233580245553985,0.005856966707768141,0.25003160009650427,3.165,0.06264982043070837,1.999717743470816,0.0197945720160216,0.010663507109004877,0.2500971394428518,3.91,0.4090232267243512,1.9922354795580155,0.10460952090136859,0.056265984654731316,0.25247643951033905
G1,05/01/2025,Aris,OFI Crete,A,1.6,3.9,5.5,1.63,3.8,5.25,1.73,3.62,5.3,1.62,3.7,5.0,2024/25,€33.10m,€13.68m,1.6,3.91,5.51,1.7,3.7,4.75,1.645,0.05024937810560442,1.9993334877624358,0.030546734410701774,0.015197568389057725,0.2502198891542222,3.755,0.10523782589924584,1.999433874449515,0.028026052170238572,0.01564580559254325,0.25019543152297774,5.2625,0.17809758560968758,1.9991715893280897,0.033842771612292176,0.018408551068883616,0.2502912828447561
G1,05/01/2025,Volos NFC,AEK,A,10.0,5.25,1.3,8.75,5.25,1.32,12.25,5.6,1.28,9.5,4.8,1.3,2024/25,€9.35m,€78.90m,9.62,5.42,1.29,12.0,5.5,1.27,10.125,1.3050383136138188,1.988343476581725,0.12889267294951298,0.06790123456790131,0.2535340469418952,5.225,0.28394541729001366,1.9978574333977048,0.05434362053397391,0.028708133971291794,0.25076617991707223,1.3,0.014142135623730963,1.9999146300616968,0.010878565864408432,0.005769230769230749,0.25002959630472255
G1,05/01/2025,Atromitos,Asteras Tripolis,A,1.95,3.4,3.8,2.0,3.25,3.75,2.11,2.82,4.73,2.0,3.1,3.8,2024/25,€8.73m,€11.35m,1.98,3.14,4.27,2.15,2.88,4.1,2.015,0.05852349955359809,1.999395562140523,0.029043920373994087,0.014888337468982549,0.2502026648596293,3.1425,0.21428660714099704,1.9966113088270854,0.06818985111885346,0.0375894988066825,0.2512382810999245,4.02,0.4104266073246229,1.9927465348109121,0.10209617097627435,0.04570895522388052,0.2520894643719656
G1,05/01/2025,Panathinaikos,PAOK,H,2.15,3.3,3.4,2.15,3.4,3.25,2.25,3.18,3.56,2.1,3.2,3.3,2024/25,€101.15m,€90.78m,2.2,3.14,3.54,2.2,3.2,3.3,2.1625,0.0544862367942584,1.9995444704348537,0.025195947650524117,0.013005780346820872,0.2501538174165388,3.2699999999999996,0.08774964387392109,1.9994824377822424,0.026834753478263335,0.014525993883792054,0.2501761278160922,3.3775,0.11840080236214622,1.9991187539336668,0.035055751994713905,0.01905995558845297,0.25029656685144264
G1,06/01/2025,Panetolikos,Olympiakos,A,8.5,4.5,1.38,7.5,4.4,1.41,9.83,4.63,1.38,8.0,4.2,1.36,2024/25,€11.03m,€112.80m,9.07,4.75,1.35,8.0,4.5,1.4,8.4575,0.8677089085632348,1.9925426748411927,0.10259638292204964,0.05535028081584392,0.2523698594655316,4.4325,0.1570628854949506,1.9990907583675115,0.0354343791302765,0.019599548787365917,0.25032149968994805,1.3825,0.01785357107135707,1.9998799068187025,0.012913975458486127,0.006781193490054349,0.25004127066083015
